time,symbol,execcomm,lastqty
2018-03-05 12:00:00,XBTUSD,-608514,40000
2018-03-05 20:00:00,XBTUSD,52189,5000
2018-03-06 20:00:00,XBTUSD,79993,20000
2018-03-08 04:00:00,XBTUSD,77143,10000
2018-03-09 12:00:00,XBTUSD,10518,6000
2018-03-10 04:00:00,XBTUSD,593189,30000
2018-03-12 12:00:00,XBTUSD,-49884,45000
2018-03-13 04:00:00,XBTUSD,12385,10000
2018-03-13 12:00:00,XBTUSD,-1355036,70000
2018-03-13 20:00:00,XBTUSD,-546861,130000
2018-03-14 04:00:00,XBTUSD,-66923,100000
2018-03-14 12:00:00,XBTUSD,21716,30000
2018-03-17 04:00:00,XBTUSD,-154359,70000
2018-03-19 12:00:00,XBTUSD,541168,210000
2018-03-20 20:00:00,XBTUSD,-782530,700000
2018-03-21 04:00:00,XBTUSD,-221580,200000
2018-03-21 12:00:00,XBTUSD,83760,400000
2018-03-21 20:00:00,XBTUSD,1339107,500000
2018-03-22 04:00:00,XBTUSD,-554300,500000
2018-03-29 12:00:00,XBTUSD,334625,250000
2018-03-29 20:00:00,XBTUSD,136200,100000
2018-03-30 04:00:00,XBTUSD,-291640,200000
2018-03-30 12:00:00,XBTUSD,-2600260,50000
2018-03-30 20:00:00,XBTUSD,2748563,50000
2018-03-31 04:00:00,XBTUSD,-1429112,70000
2018-04-01 04:00:00,XBTUSD,-2124379,90000
2018-04-02 04:00:00,XBTUSD,3233834,400000
2018-04-02 12:00:00,XBTUSD,284160,200000
2018-04-02 20:00:00,XBTUSD,11464,100000
2018-04-03 04:00:00,XBTUSD,-97426,70000
2018-04-03 12:00:00,XBTUSD,205395,150000
2018-04-03 20:00:00,XBTUSD,1143093,150000
2018-04-04 04:00:00,XBTUSD,-68585,50000
2018-04-04 12:00:00,XBTUSD,-70705,50000
2018-04-06 04:00:00,XBTUSD,329379,30000
2018-04-06 12:00:00,XBTUSD,56500,20000
2018-04-06 20:00:00,XBTUSD,408795,20000
2018-04-08 04:00:00,XBTUSD,10342,20000
2018-04-08 12:00:00,XBTUSD,28170,20000
2018-04-08 20:00:00,XBTUSD,42921,30000
2018-04-09 04:00:00,XBTUSD,-42114,30000
2018-04-09 20:00:00,XBTUSD,-196629,40000
2018-04-12 12:00:00,XBTUSD,-94491,58400
2018-04-13 04:00:00,XBTUSD,755239,100000
2018-04-13 12:00:00,XBTUSD,-19149,50000
2018-04-13 20:00:00,XBTUSD,20005,60000
2018-04-14 04:00:00,XBTUSD,-366921,50000
2018-04-14 12:00:00,XBTUSD,62665,50000
2018-04-14 20:00:00,XBTUSD,62310,50000
2018-04-16 12:00:00,XBTUSD,-494680,400000
2018-04-19 20:00:00,XBTUSD,15639,5000
2018-04-20 04:00:00,XBTUSD,758526,200000
2018-04-21 04:00:00,XBTUSD,-225680,200000
2018-04-21 12:00:00,XBTUSD,344220,300000
2018-04-24 20:00:00,XBTUSD,296184,400000
2018-05-06 12:00:00,XBTUSD,6662654,200000
2018-05-16 04:00:00,XBTUSD,244860,200000
2018-05-22 20:00:00,XBTUSD,244280,200000
2018-05-24 20:00:00,XBTUSD,-1032151,300000
2018-05-25 12:00:00,XBTUSD,-938845,200001
2018-05-25 20:00:00,XBTUSD,-265539,100001
2018-05-26 04:00:00,XBTUSD,1,1
2018-05-26 12:00:00,XBTUSD,415886,313238
2018-05-26 20:00:00,XBTUSD,1,1
2018-05-30 20:00:00,XBTUSD,696455,314308
2018-05-31 04:00:00,XBTUSD,1,1
2018-05-31 12:00:00,XBTUSD,0,1
2018-05-31 20:00:00,XBTUSD,1,1
2018-06-01 04:00:00,XBTUSD,-102131,76520
2018-06-01 12:00:00,XBTUSD,-1,1
2018-06-01 20:00:00,XBTUSD,-1,1
2018-06-02 04:00:00,XBTUSD,-1,1
2018-06-02 12:00:00,XBTUSD,-1,1
2018-06-02 20:00:00,XBTUSD,-429162,328759
2018-06-03 04:00:00,XBTUSD,0,1
2018-06-03 12:00:00,XBTUSD,-45373,34978
2018-06-03 20:00:00,XBTUSD,6,1
2018-06-04 04:00:00,XBTUSD,3,1
2018-06-04 12:00:00,XBTUSD,489,367
2018-06-04 20:00:00,XBTUSD,-1,1
2018-06-05 04:00:00,XBTUSD,269981,200001
2018-06-05 12:00:00,XBTUSD,404401,300001
2018-06-05 20:00:00,XBTUSD,-576443,439094
2018-06-06 04:00:00,XBTUSD,-1,1
2018-06-06 12:00:00,XBTUSD,-6,1
2018-06-06 20:00:00,XBTUSD,-3,1
2018-06-07 04:00:00,XBTUSD,-1,1
2018-06-07 12:00:00,XBTUSD,-1,1
2018-06-07 20:00:00,XBTUSD,-5,1
2018-06-08 04:00:00,XBTUSD,-1,1
2018-06-08 12:00:00,XBTUSD,-3,1
2018-06-08 20:00:00,XBTUSD,-3,1
2018-06-09 04:00:00,XBTUSD,-1,1
2018-06-09 12:00:00,XBTUSD,-4,1
2018-06-09 20:00:00,XBTUSD,-5,1
2018-06-10 04:00:00,XBTUSD,-11,1
2018-06-10 12:00:00,XBTUSD,1,1
2018-06-11 04:00:00,XBTUSD,-13,1
2018-06-11 12:00:00,XBTUSD,-21,1
2018-06-11 20:00:00,XBTUSD,-17,1
2018-06-12 04:00:00,XBTUSD,-37685,48499
2018-06-12 12:00:00,XBTUSD,-560115,48499
2018-06-12 20:00:00,XBTUSD,-1591251,248499
2018-06-13 04:00:00,XBTUSD,357097,300011
2018-06-13 12:00:00,XBTUSD,13937,300001
2018-06-13 20:00:00,XBTUSD,636242,400001
2018-06-14 04:00:00,XBTUSD,175445,199999
2018-06-14 12:00:00,XBTUSD,-10,1
2018-06-14 20:00:00,XBTUSD,-8,1
2018-06-15 04:00:00,XBTUSD,-8,1
2018-06-15 12:00:00,XBTUSD,-14,1
2018-06-15 20:00:00,XBTUSD,-5,1
2018-06-16 04:00:00,XBTUSD,-12,1
2018-06-16 12:00:00,XBTUSD,-6,1
2018-06-16 20:00:00,XBTUSD,-12,1
2018-06-17 04:00:00,XBTUSD,-9,1
2018-06-17 12:00:00,XBTUSD,-14,1
2018-06-17 20:00:00,XBTUSD,-17,1
2018-06-18 04:00:00,XBTUSD,-3,1
2018-06-18 12:00:00,XBTUSD,0,1
2018-06-18 20:00:00,XBTUSD,-1,1
2018-06-19 04:00:00,XBTUSD,-6,1
2018-06-19 12:00:00,XBTUSD,1,1
2018-06-19 20:00:00,XBTUSD,-1,1
2018-06-20 04:00:00,XBTUSD,6,1
2018-06-20 12:00:00,XBTUSD,8,1
2018-06-20 20:00:00,XBTUSD,8,1
2018-06-21 04:00:00,XBTUSD,3,1
2018-06-21 12:00:00,XBTUSD,10,1
2018-06-21 20:00:00,XBTUSD,2,1
2018-06-22 04:00:00,XBTUSD,-1,1
2018-06-22 12:00:00,XBTUSD,2,1
2018-06-22 20:00:00,XBTUSD,-5,1
2018-06-23 04:00:00,XBTUSD,-19,1
2018-06-23 12:00:00,XBTUSD,-37,1
2018-06-23 20:00:00,XBTUSD,-41,1
2018-06-24 04:00:00,XBTUSD,-4463001,445280
2018-06-24 12:00:00,XBTUSD,3842524,306862
2018-06-24 20:00:00,XBTUSD,6490606,199999
2018-06-25 04:00:00,XBTUSD,325942,200001
2018-06-25 12:00:00,XBTUSD,-320878,199999
2018-06-25 20:00:00,XBTUSD,0,1
2018-06-26 04:00:00,XBTUSD,-6,1
2018-06-26 12:00:00,XBTUSD,2,1
2018-06-26 20:00:00,XBTUSD,2,1
2018-06-27 04:00:00,XBTUSD,2,1
2018-06-27 12:00:00,XBTUSD,2,1
2018-06-27 20:00:00,XBTUSD,2,1
2018-06-28 04:00:00,XBTUSD,328142,200001
2018-06-28 12:00:00,XBTUSD,219372,200001
2018-06-28 20:00:00,XBTUSD,328562,200001
2018-06-29 04:00:00,XBTUSD,340422,200001
2018-06-29 12:00:00,XBTUSD,-2,1
2018-06-29 20:00:00,XBTUSD,-1,1
2018-06-30 04:00:00,XBTUSD,-157048,99999
2018-06-30 12:00:00,XBTUSD,-156358,99999
2018-06-30 20:00:00,XBTUSD,2,1
2018-07-01 04:00:00,XBTUSD,2,1
2018-07-01 12:00:00,XBTUSD,2,1
2018-07-01 20:00:00,XBTUSD,2,1
2018-07-02 04:00:00,XBTUSD,2,1
2018-07-02 12:00:00,XBTUSD,2,1
2018-07-02 20:00:00,XBTUSD,2,1
2018-07-03 04:00:00,XBTUSD,2,1
2018-07-03 12:00:00,XBTUSD,-1,1
2018-07-03 20:00:00,XBTUSD,-2,1
2018-07-04 04:00:00,XBTUSD,309302,200001
2018-07-04 12:00:00,XBTUSD,-306938,199999
2018-07-04 20:00:00,XBTUSD,-224459,199999
2018-07-05 04:00:00,XBTUSD,2,1
2018-07-05 12:00:00,XBTUSD,2,1
2018-07-05 20:00:00,XBTUSD,2,1
2018-07-06 04:00:00,XBTUSD,2,1
2018-07-06 12:00:00,XBTUSD,2,1
2018-07-06 20:00:00,XBTUSD,2,1
2018-07-07 04:00:00,XBTUSD,2,1
2018-07-07 12:00:00,XBTUSD,2,1
2018-07-07 20:00:00,XBTUSD,2,1
2018-07-08 04:00:00,XBTUSD,595161,400001
2018-07-08 12:00:00,XBTUSD,297061,200001
2018-07-08 20:00:00,XBTUSD,1,1
2018-07-09 04:00:00,XBTUSD,-1,1
2018-07-09 12:00:00,XBTUSD,1,1
2018-07-09 20:00:00,XBTUSD,1,1
2018-07-10 04:00:00,XBTUSD,2,1
2018-07-10 12:00:00,XBTUSD,628602,400001
2018-07-10 20:00:00,XBTUSD,2,1
2018-07-11 04:00:00,XBTUSD,2,1
2018-07-11 12:00:00,XBTUSD,2,1
2018-07-11 20:00:00,XBTUSD,2,1
2018-07-12 04:00:00,XBTUSD,2,1
2018-07-12 12:00:00,XBTUSD,-1051320,200001
2018-07-12 20:00:00,XBTUSD,323862,200001
2018-07-13 04:00:00,XBTUSD,-48416,45857
2018-07-13 12:00:00,XBTUSD,0,1
2018-07-13 20:00:00,XBTUSD,-741368,200001
2018-07-14 04:00:00,XBTUSD,-2,1
2018-07-14 12:00:00,XBTUSD,2,1
2018-07-14 20:00:00,XBTUSD,-319158,199999
2018-07-15 04:00:00,XBTUSD,-7,1
2018-07-15 12:00:00,XBTUSD,2,1
2018-07-15 20:00:00,XBTUSD,1759959,199999
2018-07-16 04:00:00,XBTUSD,2400996,199999
2018-07-16 12:00:00,XBTUSD,-3,1
2018-07-16 20:00:00,XBTUSD,350577,199999
2018-07-17 04:00:00,XBTUSD,-890459,599999
2018-07-17 12:00:00,XBTUSD,0,1
2018-07-18 04:00:00,XBTUSD,11937,8905
2018-07-18 12:00:00,XBTUSD,-437023,251095
2018-07-18 20:00:00,XBTUSD,690700,264427
2018-07-19 04:00:00,XBTUSD,-4040,2957
2018-07-19 12:00:00,XBTUSD,-1352488,1002957
2018-07-19 20:00:00,XBTUSD,-341804,254546
2018-07-20 04:00:00,XBTUSD,-339329,253155
2018-07-20 12:00:00,XBTUSD,-306519,229637
2018-07-20 20:00:00,XBTUSD,278131,204193
2018-07-21 04:00:00,XBTUSD,343376,250001
2018-07-21 12:00:00,XBTUSD,-3121,2283
2018-07-21 20:00:00,XBTUSD,-3074,2283
2018-07-22 04:00:00,XBTUSD,-1,1
2018-07-22 12:00:00,XBTUSD,-1,1
2018-07-22 20:00:00,XBTUSD,-1,1
2018-07-23 04:00:00,XBTUSD,-327799,249999
2018-07-23 12:00:00,XBTUSD,195922,150570
2018-07-23 20:00:00,XBTUSD,194401,150570
2018-07-24 04:00:00,XBTUSD,-7701,5970
2018-07-24 12:00:00,XBTUSD,2684711,1325428
2018-07-24 20:00:00,XBTUSD,-568490,469594
2018-07-25 04:00:00,XBTUSD,-321775,269110
2018-07-25 12:00:00,XBTUSD,29201,23888
2018-07-25 20:00:00,XBTUSD,1663020,269850
2018-07-26 04:00:00,XBTUSD,-2234380,253650
2018-07-26 12:00:00,XBTUSD,-2113145,267667
2018-07-26 20:00:00,XBTUSD,-109887,17667
2018-07-27 04:00:00,XBTUSD,12052266,1262959
2018-07-27 12:00:00,XBTUSD,-79094,8925
2018-07-27 20:00:00,XBTUSD,-13370413,2716051
2018-07-28 04:00:00,XBTUSD,2716833,283949
2018-07-28 12:00:00,XBTUSD,8,1
2018-07-28 20:00:00,XBTUSD,5,1
2018-07-29 04:00:00,XBTUSD,9,1
2018-07-29 12:00:00,XBTUSD,1717649,250001
2018-07-29 20:00:00,XBTUSD,2280340,250001
2018-07-30 04:00:00,XBTUSD,1093247,250001
2018-07-30 12:00:00,XBTUSD,1268605,250001
2018-07-30 20:00:00,XBTUSD,9610542,500001
2018-07-31 04:00:00,XBTUSD,2914401,250001
2018-07-31 12:00:00,XBTUSD,8201825,750001
2018-07-31 20:00:00,XBTUSD,8798798,819741
2018-08-01 04:00:00,XBTUSD,2080466,1568033
2018-08-01 12:00:00,XBTUSD,924877,699287
2018-08-01 20:00:00,XBTUSD,-943,713
2018-08-02 04:00:00,XBTUSD,-4747,3630
2018-08-02 12:00:00,XBTUSD,325824,246370
2018-08-02 20:00:00,XBTUSD,326785,246370
2018-08-03 04:00:00,XBTUSD,336098,246370
2018-08-03 12:00:00,XBTUSD,334669,246370
2018-08-03 20:00:00,XBTUSD,339616,250436
2018-08-04 04:00:00,XBTUSD,335910,250436
2018-08-04 12:00:00,XBTUSD,338189,250436
2018-08-04 20:00:00,XBTUSD,2421875,1693974
2018-08-05 04:00:00,XBTUSD,-8576437,1243982
2018-08-05 12:00:00,XBTUSD,-3587354,1029550
2018-08-05 20:00:00,XBTUSD,6706,20450
2018-08-06 04:00:00,XBTUSD,553113,250001
2018-08-06 12:00:00,XBTUSD,-2805471,495774
2018-08-06 20:00:00,XBTUSD,721082,500647
2018-08-07 04:00:00,XBTUSD,1083709,750647
2018-08-07 12:00:00,XBTUSD,-368,261
2018-08-07 20:00:00,XBTUSD,357149,249999
2018-08-08 04:00:00,XBTUSD,-5479736,1249491
2018-08-08 12:00:00,XBTUSD,-8640753,1008612
2018-08-08 20:00:00,XBTUSD,2125191,240232
2018-08-09 04:00:00,XBTUSD,-9414608,612959
2018-08-09 12:00:00,XBTUSD,-4402824,250001
2018-08-09 20:00:00,XBTUSD,3924538,249999
2018-08-10 04:00:00,XBTUSD,2238695,249999
2018-08-10 12:00:00,XBTUSD,-8360287,750001
2018-08-10 20:00:00,XBTUSD,-1,1
2018-08-11 04:00:00,XBTUSD,-4075,9581
2018-08-11 12:00:00,XBTUSD,-4094101,259581
2018-08-11 20:00:00,XBTUSD,-12,1
2018-08-12 04:00:00,XBTUSD,-1,1
2018-08-12 12:00:00,XBTUSD,2,1
2018-08-12 20:00:00,XBTUSD,2,1
2018-08-13 04:00:00,XBTUSD,2,1
2018-08-13 12:00:00,XBTUSD,-387973,249999
2018-08-13 20:00:00,XBTUSD,-4,1
2018-08-14 04:00:00,XBTUSD,125100,500001
2018-08-14 12:00:00,XBTUSD,-19,1
2018-08-14 20:00:00,XBTUSD,-22,1
2018-08-15 04:00:00,XBTUSD,2731183,499999
2018-08-15 12:00:00,XBTUSD,5,1
2018-08-15 20:00:00,XBTUSD,-2867233,249999
2018-08-16 04:00:00,XBTUSD,7,1
2018-08-16 12:00:00,XBTUSD,5,1
2018-08-16 20:00:00,XBTUSD,1547202,249999
2018-08-17 04:00:00,XBTUSD,1464711,500001
2018-08-17 12:00:00,XBTUSD,4377170,500001
2018-08-17 20:00:00,XBTUSD,1984282,500001
2018-08-18 04:00:00,XBTUSD,3,1
2018-08-18 04:00:00,ETHUSD,-1155035,56354
2018-08-18 12:00:00,XBTUSD,8,1
2018-08-18 20:00:00,XBTUSD,-11,1
2018-08-19 04:00:00,XBTUSD,-12,1
2018-08-19 12:00:00,XBTUSD,-10,1
2018-08-19 20:00:00,XBTUSD,-10,1
2018-08-20 04:00:00,XBTUSD,-9,1
2018-08-20 12:00:00,XBTUSD,2,1
2018-08-20 20:00:00,XBTUSD,2,1
2018-08-21 04:00:00,XBTUSD,1,1
2018-08-21 12:00:00,XBTUSD,-10,1
2018-08-21 20:00:00,XBTUSD,-9,1
2018-08-22 04:00:00,XBTUSD,1,1
2018-08-22 12:00:00,XBTUSD,0,1
2018-08-22 20:00:00,XBTUSD,-2,1
2018-08-23 04:00:00,XBTUSD,-2,1
2018-08-23 12:00:00,XBTUSD,2962009,250001
2018-08-23 20:00:00,XBTUSD,7,1
2018-08-24 04:00:00,XBTUSD,527384,250001
2018-08-24 12:00:00,XBTUSD,615868,250001
2018-08-24 20:00:00,XBTUSD,3488569,500001
2018-08-25 04:00:00,XBTUSD,3566407,500001
2018-08-25 12:00:00,XBTUSD,1,1
2018-08-25 20:00:00,XBTUSD,-1,1
2018-08-26 04:00:00,XBTUSD,298323,249999
2018-08-26 12:00:00,XBTUSD,-168053,250001
2018-08-26 20:00:00,XBTUSD,0,1
2018-08-27 04:00:00,XBTUSD,2024329,500001
2018-08-27 12:00:00,XBTUSD,1133010,500001
2018-08-27 20:00:00,XBTUSD,233715,750001
2018-08-28 04:00:00,XBTUSD,-1,1
2018-08-28 12:00:00,XBTUSD,-1,1
2018-08-28 20:00:00,XBTUSD,-704801,500001
2018-08-29 04:00:00,XBTUSD,710151,500001
2018-08-29 12:00:00,XBTUSD,1,1
2018-08-29 20:00:00,XBTUSD,1,1
2018-08-30 04:00:00,XBTUSD,356126,250001
2018-08-30 12:00:00,XBTUSD,2183851,1500001
2018-08-30 20:00:00,XBTUSD,2552582,1500001
2018-08-31 04:00:00,XBTUSD,1,1
2018-08-31 12:00:00,XBTUSD,1,1
2018-08-31 20:00:00,XBTUSD,1,1
2018-09-01 04:00:00,XBTUSD,2,1
2018-09-01 12:00:00,XBTUSD,1,1
2018-09-01 20:00:00,XBTUSD,1,1
2018-09-02 04:00:00,XBTUSD,-1,1
2018-09-02 12:00:00,XBTUSD,-4,1
2018-09-02 20:00:00,XBTUSD,342274,249999
2018-09-03 04:00:00,XBTUSD,-689151,500001
2018-09-03 12:00:00,XBTUSD,-692001,500001
2018-09-03 20:00:00,XBTUSD,-684001,500001
2018-09-04 04:00:00,XBTUSD,-688101,500001
2018-09-04 12:00:00,XBTUSD,-1023001,750001
2018-09-04 20:00:00,XBTUSD,-1020526,750001
2018-09-05 04:00:00,XBTUSD,-1357101,1000001
2018-09-05 12:00:00,XBTUSD,357549,249999
2018-09-05 20:00:00,XBTUSD,2173349,1499999
2018-09-06 04:00:00,XBTUSD,-389827,250001
2018-09-06 12:00:00,XBTUSD,3549376,1000001
2018-09-06 20:00:00,XBTUSD,-6581537,499999
2018-09-07 04:00:00,XBTUSD,1124494,500001
2018-09-07 12:00:00,XBTUSD,6,1
2018-09-07 20:00:00,XBTUSD,10,1
2018-09-08 04:00:00,XBTUSD,2,1
2018-09-08 12:00:00,XBTUSD,1,1
2018-09-08 20:00:00,XBTUSD,-1412136,249999
2018-09-09 04:00:00,XBTUSD,-214530,249999
2018-09-09 12:00:00,XBTUSD,-3306672,750001
2018-09-09 20:00:00,XBTUSD,9,1
2018-09-10 04:00:00,XBTUSD,13,1
2018-09-10 12:00:00,XBTUSD,6,1
2018-09-10 20:00:00,XBTUSD,9,1
2018-09-10 20:00:00,ETHUSD,8,1
2018-09-11 04:00:00,XBTUSD,6,1
2018-09-11 12:00:00,XBTUSD,1,1
2018-09-11 20:00:00,XBTUSD,3,1
2018-09-12 04:00:00,XBTUSD,7,1
2018-09-12 12:00:00,XBTUSD,-2,1
2018-09-12 12:00:00,ETHUSD,2300040,200000
2018-09-12 20:00:00,XBTUSD,-2,1
2018-09-13 04:00:00,XBTUSD,18449,107036
2018-09-13 12:00:00,ETHUSD,-585720,300000
2018-09-13 12:00:00,XBTUSD,4068343,999999
2018-09-13 20:00:00,ETHUSD,-608250,300000
2018-09-13 20:00:00,XBTUSD,10854889,999999
2018-09-14 04:00:00,ETHUSD,2471773,224941
2018-09-14 04:00:00,XBTUSD,11082405,750001
2018-09-14 12:00:00,XBTUSD,6,1
2018-09-14 20:00:00,ETHUSD,6,1
2018-09-14 20:00:00,XBTUSD,2607462,500001
2018-09-15 04:00:00,XBTUSD,6,1
2018-09-15 04:00:00,ETHUSD,11,1
2018-09-15 12:00:00,XBTUSD,8,1
2018-09-15 12:00:00,ETHUSD,9,1
2018-09-15 20:00:00,XBTUSD,9,1
2018-09-15 20:00:00,ETHUSD,9,1
2018-09-16 04:00:00,ETHUSD,2,1
2018-09-16 04:00:00,XBTUSD,7,1
2018-09-16 12:00:00,XBTUSD,1,1
2018-09-16 12:00:00,ETHUSD,-878848,400989
2018-09-16 20:00:00,XBTUSD,0,1
2018-09-16 20:00:00,ETHUSD,207,93
2018-09-17 04:00:00,XBTUSD,0,1
2018-09-17 04:00:00,ETHUSD,-480144,215514
2018-09-17 12:00:00,XBTUSD,3,1
2018-09-17 12:00:00,ETHUSD,-1126,514
2018-09-17 20:00:00,XBTUSD,-1,1
2018-09-17 20:00:00,ETHUSD,787116,399612
2018-09-18 04:00:00,XBTUSD,0,1
2018-09-18 04:00:00,ETHUSD,4624610,399612
2018-09-18 12:00:00,XBTUSD,1,1
2018-09-18 12:00:00,ETHUSD,-801064,400953
2018-09-18 20:00:00,XBTUSD,3,1
2018-09-18 20:00:00,ETHUSD,413641,200039
2018-09-19 04:00:00,XBTUSD,1,1
2018-09-19 04:00:00,ETHUSD,437084,205609
2018-09-19 12:00:00,XBTUSD,0,1
2018-09-19 12:00:00,ETHUSD,596530,290579
2018-09-19 20:00:00,XBTUSD,-1,1
2018-09-19 20:00:00,ETHUSD,42,20
2018-09-20 04:00:00,XBTUSD,-1,1
2018-09-20 04:00:00,ETHUSD,117,17
2018-09-20 12:00:00,XBTUSD,3,1
2018-09-20 12:00:00,ETHUSD,36,17
2018-09-20 20:00:00,XBTUSD,0,1
2018-09-20 20:00:00,ETHUSD,36,17
2018-09-21 04:00:00,XBTUSD,2,1
2018-09-21 04:00:00,ETHUSD,516,27
2018-09-21 12:00:00,XBTUSD,8,1
2018-09-21 12:00:00,ETHUSD,-5181024,299604
2018-09-21 20:00:00,ETHUSD,-1464906,78835
2018-09-24 04:00:00,XBTUSD,298280,200000
2018-09-24 12:00:00,XBTUSD,-2,1
2018-09-24 20:00:00,XBTUSD,-2,1
2018-09-25 04:00:00,XBTUSD,-2,1
2018-09-25 04:00:00,ETHUSD,-2809927,100000
2018-09-25 12:00:00,XBTUSD,2,1
2018-09-25 12:00:00,ETHUSD,416701,50655
2018-09-25 20:00:00,XBTUSD,2,1
2018-09-25 20:00:00,ETHUSD,2,1
2018-09-26 04:00:00,XBTUSD,2,1
2018-09-26 04:00:00,ETHUSD,2,1
2018-09-26 12:00:00,XBTUSD,1,1
2018-09-26 12:00:00,ETHUSD,-325412,150001
2018-09-26 20:00:00,XBTUSD,-3,1
2018-09-26 20:00:00,ETHUSD,-132451,100001
2018-09-27 04:00:00,XBTUSD,-1,1
2018-09-27 04:00:00,ETHUSD,-2,1
2018-09-27 12:00:00,ETHUSD,-3,1
2018-09-27 12:00:00,XBTUSD,2,1
2018-09-27 20:00:00,XBTUSD,2,1
2018-09-27 20:00:00,ETHUSD,-2,1
2018-09-28 04:00:00,XBTUSD,1,1
2018-09-28 04:00:00,ETHUSD,-16,1
2018-09-28 12:00:00,ETHUSD,30,1
2018-09-28 12:00:00,XBTUSD,2,1
2018-09-28 20:00:00,XBTUSD,1,1
2018-09-28 20:00:00,ETHUSD,-37510,2089
2018-09-29 04:00:00,ETHUSD,-12,1
2018-09-29 04:00:00,XBTUSD,2,1
2018-09-29 12:00:00,XBTUSD,2,1
2018-09-29 20:00:00,XBTUSD,2,1
2018-09-30 04:00:00,XBTUSD,2,1
2018-09-30 12:00:00,XBTUSD,2,1
2018-09-30 20:00:00,XBTUSD,2,1
2018-10-01 04:00:00,XBTUSD,5,1
2018-10-01 12:00:00,XBTUSD,2,1
2018-10-01 20:00:00,XBTUSD,2,1
2018-10-02 04:00:00,XBTUSD,2,1
2018-10-02 12:00:00,XBTUSD,2,1
2018-10-02 20:00:00,XBTUSD,2,1
2018-10-02 20:00:00,ETHUSD,3682056,100000
2018-10-03 04:00:00,XBTUSD,2,1
2018-10-03 04:00:00,ETHUSD,-15,1
2018-10-03 12:00:00,ETHUSD,-22,1
2018-10-03 12:00:00,XBTUSD,2,1
2018-10-03 20:00:00,ETHUSD,-6,1
2018-10-03 20:00:00,XBTUSD,2,1
2018-10-04 04:00:00,XBTUSD,2,1
2018-10-04 04:00:00,ETHUSD,-15,1
2018-10-04 12:00:00,XBTUSD,2,1
2018-10-04 12:00:00,ETHUSD,-2,1
2018-10-04 20:00:00,ETHUSD,-4,1
2018-10-04 20:00:00,XBTUSD,5,1
2018-10-05 04:00:00,ETHUSD,-18,1
2018-10-05 04:00:00,XBTUSD,4,1
2018-10-05 12:00:00,XBTUSD,2,1
2018-10-05 12:00:00,ETHUSD,-2,1
2018-10-05 20:00:00,ETHUSD,-12,1
2018-10-05 20:00:00,XBTUSD,5,1
2018-10-06 04:00:00,ETHUSD,-2,1
2018-10-06 04:00:00,XBTUSD,8,1
2018-10-06 12:00:00,ETHUSD,-2,1
2018-10-06 12:00:00,XBTUSD,2,1
2018-10-06 20:00:00,ETHUSD,-2,1
2018-10-06 20:00:00,XBTUSD,2,1
2018-10-07 04:00:00,ETHUSD,-15,1
2018-10-07 04:00:00,XBTUSD,2,1
2018-10-07 12:00:00,ETHUSD,-12,1
2018-10-07 12:00:00,XBTUSD,2,1
2018-10-07 20:00:00,ETHUSD,-18,1
2018-10-07 20:00:00,XBTUSD,2,1
2018-10-08 04:00:00,XBTUSD,2,1
2018-10-08 04:00:00,ETHUSD,-21,1
2018-10-08 12:00:00,ETHUSD,-16,1
2018-10-08 12:00:00,XBTUSD,2,1
2018-10-08 20:00:00,ETHUSD,-19,1
2018-10-08 20:00:00,XBTUSD,5,1
2018-10-09 04:00:00,XBTUSD,2,1
2018-10-09 04:00:00,ETHUSD,-10,1
2018-10-09 12:00:00,XBTUSD,2,1
2018-10-09 12:00:00,ETHUSD,-18,1
2018-10-09 20:00:00,ETHUSD,-20,1
2018-10-09 20:00:00,XBTUSD,7,1
2018-10-10 04:00:00,XBTUSD,7,1
2018-10-10 04:00:00,ETHUSD,-16,1
2018-10-10 12:00:00,XBTUSD,4,1
2018-10-10 12:00:00,ETHUSD,-7,1
2018-10-10 20:00:00,ETHUSD,-29,1
2018-10-10 20:00:00,XBTUSD,-5,1
2018-10-11 04:00:00,ETHUSD,-19,1
2018-10-11 04:00:00,XBTUSD,-1205477,750001
2018-10-11 12:00:00,ETHUSD,-3,1
2018-10-11 12:00:00,XBTUSD,-1213877,750001
2018-10-11 20:00:00,ETHUSD,7,1
2018-10-11 20:00:00,XBTUSD,1613702,1000001
2018-10-12 04:00:00,XBTUSD,-2,1
2018-10-12 04:00:00,ETHUSD,-2,1
2018-10-12 12:00:00,ETHUSD,2,1
2018-10-12 12:00:00,XBTUSD,805598,499999
2018-10-12 20:00:00,XBTUSD,-2,1
2018-10-12 20:00:00,ETHUSD,-2,1
2018-10-13 04:00:00,ETHUSD,7,1
2018-10-13 04:00:00,XBTUSD,-2,1
2018-10-13 12:00:00,XBTUSD,0,1
2018-10-13 12:00:00,ETHUSD,-2,1
2018-10-13 20:00:00,ETHUSD,12,1
2018-10-13 20:00:00,XBTUSD,10,1
2018-10-14 04:00:00,XBTUSD,4,1
2018-10-14 04:00:00,ETHUSD,-2,1
2018-10-14 12:00:00,XBTUSD,-2,1
2018-10-14 12:00:00,ETHUSD,-15,1
2018-10-14 20:00:00,ETHUSD,2,1
2018-10-14 20:00:00,XBTUSD,2,1
2018-10-15 04:00:00,ETHUSD,-2,1
2018-10-15 04:00:00,XBTUSD,3,1
2018-10-15 12:00:00,XBTUSD,-3,1
2018-10-15 12:00:00,ETHUSD,-9,1
2018-10-15 20:00:00,ETHUSD,-28,1
2018-10-15 20:00:00,XBTUSD,-391252,250001
2018-10-16 04:00:00,ETHUSD,-2,1
2018-10-16 04:00:00,XBTUSD,-389152,250001
2018-10-16 12:00:00,ETHUSD,-2,1
2018-10-16 12:00:00,XBTUSD,-81380,249999
2018-10-16 20:00:00,XBTUSD,-2,1
2018-10-16 20:00:00,ETHUSD,-2,1
2018-10-17 04:00:00,ETHUSD,-2,1
2018-10-17 04:00:00,XBTUSD,-2,1
2018-10-17 12:00:00,ETHUSD,-3,1
2018-10-17 12:00:00,XBTUSD,1,1
2018-10-17 20:00:00,ETHUSD,-16,1
2018-10-17 20:00:00,XBTUSD,-2,1
2018-10-18 04:00:00,ETHUSD,-14,1
2018-10-18 04:00:00,XBTUSD,-2,1
2018-10-18 12:00:00,ETHUSD,-2,1
2018-10-18 12:00:00,XBTUSD,-2,1
2018-10-18 20:00:00,ETHUSD,-2,1
2018-10-18 20:00:00,XBTUSD,-2,1
2018-10-19 04:00:00,ETHUSD,-5,1
2018-10-19 04:00:00,XBTUSD,-2,1
2018-10-19 12:00:00,ETHUSD,-2,1
2018-10-19 12:00:00,XBTUSD,-2,1
2018-10-19 20:00:00,XBTUSD,-2,1
2018-10-19 20:00:00,ETHUSD,-2,1
2018-10-20 04:00:00,ETHUSD,-2,1
2018-10-20 04:00:00,XBTUSD,-2,1
2018-10-20 12:00:00,XBTUSD,-2,1
2018-10-20 12:00:00,ETHUSD,-2,1
2018-10-20 20:00:00,XBTUSD,-2,1
2018-10-20 20:00:00,ETHUSD,-3,1
2018-10-21 04:00:00,XBTUSD,-2,1
2018-10-21 04:00:00,ETHUSD,-18,1
2018-10-21 12:00:00,ETHUSD,-2,1
2018-10-21 12:00:00,XBTUSD,-2,1
2018-10-21 20:00:00,XBTUSD,-2,1
2018-10-21 20:00:00,ETHUSD,4,1
2018-10-22 04:00:00,XBTUSD,-2,1
2018-10-22 04:00:00,ETHUSD,-2,1
2018-10-22 12:00:00,XBTUSD,-2,1
2018-10-22 12:00:00,ETHUSD,-17,1
2018-10-22 20:00:00,ETHUSD,-5,1
2018-10-22 20:00:00,XBTUSD,-2,1
2018-10-23 04:00:00,ETHUSD,-2,1
2018-10-23 04:00:00,XBTUSD,-2,1
2018-10-23 12:00:00,ETHUSD,-2,1
2018-10-23 12:00:00,XBTUSD,-2,1
2018-10-23 20:00:00,XBTUSD,-2,1
2018-10-23 20:00:00,ETHUSD,-3,1
2018-10-24 04:00:00,XBTUSD,-2,1
2018-10-24 04:00:00,ETHUSD,-2,1
2018-10-24 12:00:00,XBTUSD,-2,1
2018-10-24 12:00:00,ETHUSD,-2,1
2018-10-24 20:00:00,ETHUSD,-2,1
2018-10-24 20:00:00,XBTUSD,-2,1
2018-10-25 04:00:00,XBTUSD,-2,1
2018-10-25 04:00:00,ETHUSD,-2,1
2018-10-25 12:00:00,ETHUSD,0,1
2018-10-25 12:00:00,XBTUSD,-2,1
2018-10-25 20:00:00,ETHUSD,-10,1
2018-10-25 20:00:00,XBTUSD,-2,1
2018-10-26 04:00:00,XBTUSD,-2,1
2018-10-26 04:00:00,ETHUSD,-17,1
2018-10-26 12:00:00,ETHUSD,-6,1
2018-10-26 12:00:00,XBTUSD,-2,1
2018-10-26 20:00:00,ETHUSD,-6,1
2018-10-26 20:00:00,XBTUSD,-2,1
2018-10-27 04:00:00,XBTUSD,-3,1
2018-10-27 04:00:00,ETHUSD,-4,1
2018-10-27 12:00:00,ETHUSD,-1,1
2018-10-27 12:00:00,XBTUSD,-2,1
2018-10-27 20:00:00,XBTUSD,-2,1
2018-10-27 20:00:00,ETHUSD,-2,1
2018-10-28 04:00:00,ETHUSD,-2,1
2018-10-28 04:00:00,XBTUSD,-2,1
2018-10-28 12:00:00,ETHUSD,-15,1
2018-10-28 12:00:00,XBTUSD,-2,1
2018-10-28 20:00:00,ETHUSD,-2,1
2018-10-28 20:00:00,XBTUSD,-2,1
2018-10-29 04:00:00,ETHUSD,1,1
2018-10-29 04:00:00,XBTUSD,-2,1
2018-10-29 12:00:00,XBTUSD,-2,1
2018-10-29 12:00:00,ETHUSD,-2,1
2018-10-29 20:00:00,XBTUSD,-12,1
2018-10-29 20:00:00,ETHUSD,-10,1
2018-10-30 04:00:00,XBTUSD,-7,1
2018-10-30 04:00:00,ETHUSD,-14,1
2018-10-30 12:00:00,ETHUSD,-5,1
2018-10-30 12:00:00,XBTUSD,-2,1
2018-10-30 20:00:00,ETHUSD,-2,1
2018-10-30 20:00:00,XBTUSD,-6,1
2018-10-31 04:00:00,ETHUSD,-15,1
2018-10-31 04:00:00,XBTUSD,-8,1
2018-10-31 12:00:00,ETHUSD,-2,1
2018-10-31 12:00:00,XBTUSD,-2,1
2018-10-31 20:00:00,XBTUSD,-2,1
2018-10-31 20:00:00,ETHUSD,-6,1
2018-11-01 04:00:00,XBTUSD,-2,1
2018-11-01 04:00:00,ETHUSD,-5,1
2018-11-01 12:00:00,XBTUSD,-2,1
2018-11-01 12:00:00,ETHUSD,-2,1
2018-11-01 20:00:00,XBTUSD,-2,1
2018-11-01 20:00:00,ETHUSD,-2,1
2018-11-02 04:00:00,ETHUSD,-4,1
2018-11-02 04:00:00,XBTUSD,-2,1
2018-11-02 12:00:00,XBTUSD,-2,1
2018-11-02 12:00:00,ETHUSD,-1,1
2018-11-02 20:00:00,ETHUSD,-2,1
2018-11-02 20:00:00,XBTUSD,-2,1
2018-11-03 04:00:00,ETHUSD,-2,1
2018-11-03 04:00:00,XBTUSD,-2,1
2018-11-03 12:00:00,XBTUSD,-2,1
2018-11-03 12:00:00,ETHUSD,-2,1
2018-11-03 20:00:00,XBTUSD,-2,1
2018-11-03 20:00:00,ETHUSD,-6,1
2018-11-04 04:00:00,XBTUSD,-2,1
2018-11-04 04:00:00,ETHUSD,-11,1
2018-11-04 12:00:00,ETHUSD,-23,1
2018-11-04 12:00:00,XBTUSD,-2,1
2018-11-04 20:00:00,XBTUSD,-2,1
2018-11-04 20:00:00,ETHUSD,-2,1
2018-11-05 04:00:00,XBTUSD,-2,1
2018-11-05 04:00:00,ETHUSD,4635770,199999
2018-11-05 12:00:00,XBTUSD,-2,1
2018-11-05 12:00:00,ETHUSD,-34,1
2018-11-05 20:00:00,XBTUSD,-10,1
2018-11-05 20:00:00,ETHUSD,-13,1
2018-11-06 04:00:00,ETHUSD,-16,1
2018-11-06 04:00:00,XBTUSD,-8,1
2018-11-06 12:00:00,ETHUSD,-17,1
2018-11-06 12:00:00,XBTUSD,-2,1
2018-11-06 20:00:00,XBTUSD,-8,1
2018-11-07 04:00:00,XBTUSD,-3,1
2018-11-07 12:00:00,XBTUSD,-3,1
2018-11-07 20:00:00,XBTUSD,-2,1
2018-11-08 04:00:00,XBTUSD,-2,1
2018-11-08 12:00:00,XBTUSD,-10,1
2018-11-08 20:00:00,XBTUSD,-16,1
2018-11-08 20:00:00,ETHUSD,6117454,300000
2018-11-09 04:00:00,XBTUSD,-2,1
2018-11-09 04:00:00,ETHUSD,1344059,400000
2018-11-09 12:00:00,XBTUSD,10,1
2018-11-09 12:00:00,ETHUSD,14302363,524411
2018-11-09 20:00:00,XBTUSD,17,1
2018-11-09 20:00:00,ETHUSD,18166015,600001
2018-11-10 04:00:00,XBTUSD,6,1
2018-11-10 12:00:00,XBTUSD,6,1
2018-11-10 20:00:00,XBTUSD,2,1
2018-11-10 20:00:00,ETHUSD,-45313,6400
2018-11-11 04:00:00,XBTUSD,2,1
2018-11-11 12:00:00,XBTUSD,2,1
2018-11-11 20:00:00,XBTUSD,2,1
2018-11-12 04:00:00,XBTUSD,2,1
2018-11-12 12:00:00,XBTUSD,2,1
2018-11-12 20:00:00,XBTUSD,2,1
2018-11-13 04:00:00,XBTUSD,8,1
2018-11-13 12:00:00,XBTUSD,16,1
2018-11-13 20:00:00,XBTUSD,6,1
2018-11-14 04:00:00,XBTUSD,10,1
2018-11-14 12:00:00,XBTUSD,2,1
2018-11-14 20:00:00,XBTUSD,2,1
2018-11-14 20:00:00,ETHUSD,7262557,359146
2018-11-15 04:00:00,XBTUSD,-40,1
2018-11-15 04:00:00,ETHUSD,39,1
2018-11-15 12:00:00,XBTUSD,-50,1
2018-11-15 12:00:00,ETHUSD,5060560,200001
2018-11-15 20:00:00,ETHUSD,-2,1
2018-11-15 20:00:00,XBTUSD,-7,1
2018-11-16 04:00:00,XBTUSD,-16,1
2018-11-16 04:00:00,ETHUSD,-535183,100001
2018-11-16 12:00:00,ETHUSD,2,1
2018-11-16 12:00:00,XBTUSD,-8,1
2018-11-16 20:00:00,XBTUSD,-16,1
2018-11-16 20:00:00,ETHUSD,-7,1
2018-11-17 04:00:00,XBTUSD,-5,1
2018-11-17 04:00:00,ETHUSD,341942,200001
2018-11-17 12:00:00,XBTUSD,2,1
2018-11-17 12:00:00,ETHUSD,345042,200001
2018-11-17 20:00:00,ETHUSD,-9,1
2018-11-17 20:00:00,XBTUSD,-356757,199999
2018-11-18 04:00:00,XBTUSD,-2,1
2018-11-18 04:00:00,ETHUSD,2984820,200001
2018-11-18 12:00:00,ETHUSD,-2,1
2018-11-18 12:00:00,XBTUSD,2,1
2018-11-18 20:00:00,XBTUSD,1,1
2018-11-18 20:00:00,ETHUSD,-3012512,600001
2018-11-19 04:00:00,ETHUSD,2,1
2018-11-19 04:00:00,XBTUSD,30755,7607
2018-11-19 12:00:00,XBTUSD,1,1
2018-11-19 12:00:00,ETHUSD,2,1
2018-11-19 20:00:00,ETHUSD,-256366,202541
2018-11-19 20:00:00,XBTUSD,807598,399999
2018-11-20 04:00:00,XBTUSD,-2,1
2018-11-20 04:00:00,ETHUSD,18,1
2018-11-20 12:00:00,XBTUSD,1387802,600001
2018-11-20 20:00:00,ETHUSD,-1,1
2018-11-20 20:00:00,XBTUSD,28,1
2018-11-21 04:00:00,ETHUSD,13,1
2018-11-21 04:00:00,XBTUSD,-14,1
2018-11-21 12:00:00,ETHUSD,10,1
2018-11-21 12:00:00,XBTUSD,15,1
2018-11-21 20:00:00,ETHUSD,1,1
2018-11-21 20:00:00,XBTUSD,15,1
2018-11-22 04:00:00,XBTUSD,-4,1
2018-11-22 04:00:00,ETHUSD,3,1
2018-11-22 12:00:00,ETHUSD,1,1
2018-11-22 12:00:00,XBTUSD,-18,1
2018-11-22 20:00:00,XBTUSD,15,1
2018-11-22 20:00:00,ETHUSD,1,1
2018-11-23 04:00:00,ETHUSD,-1328281,200001
2018-11-23 04:00:00,XBTUSD,-4392955,400001
2018-11-23 12:00:00,XBTUSD,-16,1
2018-11-23 12:00:00,ETHUSD,1,1
2018-11-23 20:00:00,XBTUSD,-11,1
2018-11-23 20:00:00,ETHUSD,1,1
2018-11-24 04:00:00,ETHUSD,1,1
2018-11-24 04:00:00,XBTUSD,-2,1
2018-11-24 12:00:00,ETHUSD,7,1
2018-11-24 12:00:00,XBTUSD,-586327,250001
2018-11-24 20:00:00,ETHUSD,1,1
2018-11-24 20:00:00,XBTUSD,-604677,250001
2018-11-25 04:00:00,XBTUSD,1,1
2018-11-25 04:00:00,ETHUSD,517601,500001
2018-11-25 12:00:00,ETHUSD,-43,1
2018-11-25 12:00:00,XBTUSD,24452073,381035
2018-11-25 20:00:00,ETHUSD,-1,1
2018-11-25 20:00:00,XBTUSD,23576865,600001
2018-11-26 04:00:00,ETHUSD,-38,1
2018-11-26 04:00:00,XBTUSD,941516,300001
2018-11-26 12:00:00,ETHUSD,-4,1
2018-11-26 12:00:00,XBTUSD,3762441,300001
2018-11-26 20:00:00,ETHUSD,1,1
2018-11-26 20:00:00,XBTUSD,8330815,329999
2018-11-27 04:00:00,ETHUSD,9,1
2018-11-27 04:00:00,XBTUSD,17227110,659999
2018-11-27 12:00:00,ETHUSD,5,1
2018-11-27 12:00:00,XBTUSD,19220460,330001
2018-11-27 20:00:00,XBTUSD,38,1
2018-11-27 20:00:00,ETHUSD,1,1
2018-11-28 04:00:00,XBTUSD,-30,1
2018-11-28 04:00:00,ETHUSD,1,1
2018-11-28 12:00:00,XBTUSD,-25,1
2018-11-28 12:00:00,ETHUSD,6,1
2018-11-28 20:00:00,ETHUSD,10,1
2018-11-28 20:00:00,XBTUSD,16862509,1319999
2018-11-29 04:00:00,XBTUSD,65,1
2018-11-29 04:00:00,ETHUSD,1,1
2018-11-29 12:00:00,ETHUSD,6,1
2018-11-29 12:00:00,XBTUSD,12342374,355740
2018-11-29 20:00:00,ETHUSD,1,1
2018-11-29 20:00:00,XBTUSD,3970989,618409
2018-11-30 04:00:00,ETHUSD,1,1
2018-11-30 04:00:00,XBTUSD,21054664,704882
2018-11-30 12:00:00,ETHUSD,-2,1
2018-11-30 12:00:00,XBTUSD,15,1
2018-11-30 20:00:00,ETHUSD,3,1
2018-11-30 20:00:00,XBTUSD,20,1
2018-12-01 04:00:00,ETHUSD,1,1
2018-12-01 04:00:00,XBTUSD,44,1
2018-12-01 12:00:00,ETHUSD,-1,1
2018-12-01 12:00:00,XBTUSD,18731796,700001
2018-12-01 20:00:00,ETHUSD,10,1
2018-12-01 20:00:00,XBTUSD,3896076,350001
2018-12-02 04:00:00,ETHUSD,3,1
2018-12-02 04:00:00,XBTUSD,-2,1
2018-12-02 12:00:00,ETHUSD,1,1
2018-12-02 12:00:00,XBTUSD,323823,600001
2018-12-02 20:00:00,ETHUSD,1,1
2018-12-02 20:00:00,XBTUSD,5038884,300001
2018-12-03 04:00:00,ETHUSD,1,1
2018-12-03 04:00:00,XBTUSD,6315041,349999
2018-12-03 12:00:00,XBTUSD,23,1
2018-12-03 12:00:00,ETHUSD,4,1
2018-12-03 20:00:00,ETHUSD,5,1
2018-12-03 20:00:00,XBTUSD,7423889,349999
2018-12-04 04:00:00,XBTUSD,-26,1
2018-12-04 04:00:00,ETHUSD,0,1
2018-12-04 12:00:00,ETHUSD,0,1
2018-12-04 12:00:00,XBTUSD,9184924,349999
2018-12-04 20:00:00,XBTUSD,-15,1
2018-12-04 20:00:00,ETHUSD,1,1
2018-12-05 04:00:00,ETHUSD,1,1
2018-12-05 04:00:00,XBTUSD,-6428092,700001
2018-12-05 12:00:00,XBTUSD,1,1
2018-12-05 12:00:00,ETHUSD,1,1
2018-12-05 20:00:00,XBTUSD,4,1
2018-12-05 20:00:00,ETHUSD,1,1
2018-12-06 04:00:00,ETHUSD,7,1
2018-12-06 04:00:00,XBTUSD,53861,4098
2018-12-06 12:00:00,ETHUSD,3,1
2018-12-06 12:00:00,XBTUSD,6646,404
2018-12-06 20:00:00,ETHUSD,1,1
2018-12-06 20:00:00,XBTUSD,1697,617
2018-12-07 04:00:00,ETHUSD,1,1
2018-12-07 04:00:00,XBTUSD,4654919,701398
2018-12-07 12:00:00,ETHUSD,-4,1
2018-12-07 12:00:00,XBTUSD,27305675,700176
2018-12-07 20:00:00,ETHUSD,-8,1
2018-12-07 20:00:00,XBTUSD,34793,765
2018-12-08 04:00:00,ETHUSD,1,1
2018-12-08 04:00:00,XBTUSD,38356,984
2018-12-08 12:00:00,ETHUSD,18,1
2018-12-08 12:00:00,XBTUSD,-17875745,350475
2018-12-08 20:00:00,ETHUSD,5,1
2018-12-08 20:00:00,XBTUSD,-488,27
2018-12-09 04:00:00,ETHUSD,3,1
2018-12-09 04:00:00,XBTUSD,-586316,350027
2018-12-09 12:00:00,ETHUSD,13,1
2018-12-09 12:00:00,XBTUSD,-9085850,1050027
2018-12-09 20:00:00,ETHUSD,-12,1
2018-12-09 20:00:00,XBTUSD,-159,107
2018-12-10 04:00:00,ETHUSD,-5,1
2018-12-10 04:00:00,XBTUSD,-703,48
2018-12-10 12:00:00,ETHUSD,2,1
2018-12-10 12:00:00,XBTUSD,-554,32
2018-12-10 20:00:00,ETHUSD,1,1
2018-12-10 20:00:00,XBTUSD,-91,77
2018-12-11 04:00:00,ETHUSD,1,1
2018-12-11 04:00:00,XBTUSD,-775281,349923
2018-12-11 12:00:00,ETHUSD,9,1
2018-12-11 12:00:00,XBTUSD,-106752,356993
2018-12-11 20:00:00,ETHUSD,4,1
2018-12-11 20:00:00,XBTUSD,1296493,375695
2018-12-12 04:00:00,ETHUSD,-2,1
2018-12-12 04:00:00,XBTUSD,5293504,350930
2018-12-12 12:00:00,ETHUSD,1,1
2018-12-12 12:00:00,XBTUSD,4985359,350930
2018-12-12 20:00:00,ETHUSD,1,1
2018-12-12 20:00:00,XBTUSD,2394770,352771
2018-12-13 04:00:00,ETHUSD,1,1
2018-12-13 04:00:00,XBTUSD,20627,2771
2018-12-13 12:00:00,ETHUSD,3,1
2018-12-13 12:00:00,XBTUSD,-1049070,352771
2018-12-13 20:00:00,ETHUSD,1,1
2018-12-13 20:00:00,XBTUSD,-679456,351668
2018-12-14 04:00:00,ETHUSD,1,1
2018-12-14 04:00:00,XBTUSD,1704618,701386
2018-12-14 12:00:00,ETHUSD,1,1
2018-12-14 12:00:00,XBTUSD,30058211,1051386
2018-12-14 20:00:00,ETHUSD,1,1
2018-12-14 20:00:00,XBTUSD,1140,57
2018-12-15 04:00:00,ETHUSD,1,1
2018-12-15 04:00:00,XBTUSD,3226480,349772
2018-12-15 12:00:00,ETHUSD,1,1
2018-12-15 12:00:00,XBTUSD,-1525928,699772
2018-12-15 20:00:00,ETHUSD,5,1
2018-12-15 20:00:00,XBTUSD,-3458,228
2018-12-16 04:00:00,ETHUSD,1,1
2018-12-16 04:00:00,XBTUSD,3848005,349772
2018-12-16 12:00:00,ETHUSD,1,1
2018-12-16 12:00:00,XBTUSD,-798856,349545
2018-12-16 20:00:00,ETHUSD,1,1
2018-12-16 20:00:00,XBTUSD,-2165929,700087
2018-12-17 04:00:00,ETHUSD,1,1
2018-12-17 04:00:00,XBTUSD,951019,349968
2018-12-17 12:00:00,ETHUSD,1,1
2018-12-17 12:00:00,XBTUSD,3177056,349968
2018-12-17 20:00:00,XBTUSD,-17617994,1318390
2018-12-18 04:00:00,XBTUSD,-24336,1237
2018-12-18 12:00:00,XBTUSD,-5555,1306
2018-12-18 20:00:00,XBTUSD,2988970,1055390
2018-12-19 04:00:00,XBTUSD,34794810,1747951
2018-12-19 12:00:00,XBTUSD,43448131,1402073
2018-12-19 20:00:00,XBTUSD,-2916,175
2018-12-20 04:00:00,XBTUSD,28512000,704764
2018-12-20 12:00:00,XBTUSD,-4339,181
2018-12-20 20:00:00,XBTUSD,2813581,449819
2018-12-21 04:00:00,XBTUSD,2749335,897073
2018-12-21 12:00:00,XBTUSD,10139752,898329
2018-12-21 20:00:00,XBTUSD,10685251,443078
2018-12-22 04:00:00,XBTUSD,-1226,95
2018-12-22 12:00:00,XBTUSD,-65,25
2018-12-22 20:00:00,XBTUSD,-2310340,898825
2018-12-23 04:00:00,XBTUSD,3134383,450473
2018-12-23 12:00:00,XBTUSD,471442,450705
2018-12-23 20:00:00,XBTUSD,3127022,450051
2018-12-24 04:00:00,XBTUSD,-5183998,449814
2018-12-24 12:00:00,XBTUSD,499,186
2018-12-24 20:00:00,XBTUSD,-1166830,470022
2018-12-25 04:00:00,XBTUSD,7777,542
2018-12-25 12:00:00,XBTUSD,-5283125,894791
2018-12-25 20:00:00,XBTUSD,1206356,451143
2018-12-26 04:00:00,XBTUSD,-1536774,906718
2018-12-26 12:00:00,XBTUSD,3236894,453411
2018-12-26 20:00:00,XBTUSD,1424,917
2018-12-27 04:00:00,XBTUSD,-784,293
2018-12-27 12:00:00,XBTUSD,-782,293
2018-12-27 20:00:00,XBTUSD,-848,306
2018-12-28 04:00:00,XBTUSD,-6560,363
2018-12-28 12:00:00,XBTUSD,-3641,363
2018-12-28 20:00:00,XBTUSD,8871583,500137
2018-12-29 04:00:00,XBTUSD,5829895,500137
2018-12-29 12:00:00,XBTUSD,-1293504,500137
2018-12-29 20:00:00,XBTUSD,-633,243
2018-12-30 04:00:00,XBTUSD,-1740917,650664
2018-12-30 12:00:00,XBTUSD,8540052,454933
2018-12-30 20:00:00,XBTUSD,8132310,454933
2018-12-31 04:00:00,XBTUSD,360580,454933
2018-12-31 12:00:00,XBTUSD,-1216218,454933
2018-12-31 20:00:00,XBTUSD,-1232232,454933
2019-01-01 04:00:00,XBTUSD,-1111,409
2019-01-01 12:00:00,XBTUSD,-1216915,450409
2019-01-01 20:00:00,XBTUSD,-503,186
2019-01-02 04:00:00,XBTUSD,624,423
2019-01-02 12:00:00,XBTUSD,-1110,423
2019-01-02 20:00:00,XBTUSD,-1099,423
2019-01-03 04:00:00,XBTUSD,2764,423
2019-01-03 12:00:00,XBTUSD,5147,423
2019-01-03 20:00:00,XBTUSD,2753,423
2019-01-04 04:00:00,XBTUSD,134,423
2019-01-04 12:00:00,XBTUSD,11,423
2019-01-04 20:00:00,XBTUSD,-386,403
2019-01-05 04:00:00,XBTUSD,914190,450403
2019-01-05 12:00:00,XBTUSD,2720,403
2019-01-05 20:00:00,XBTUSD,-639,403
2019-01-06 04:00:00,XBTUSD,1751,403
2019-01-06 12:00:00,XBTUSD,4736,403
2019-01-06 20:00:00,XBTUSD,3391,403
2019-01-07 04:00:00,XBTUSD,-439,403
2019-01-07 12:00:00,XBTUSD,1124082,451965
2019-01-07 20:00:00,XBTUSD,611,246
2019-01-08 04:00:00,XBTUSD,-80,246
2019-01-08 12:00:00,XBTUSD,152,246
2019-01-08 20:00:00,XBTUSD,613,246
2019-01-09 04:00:00,XBTUSD,-2485,246
2019-01-09 12:00:00,XBTUSD,-324,246
2019-01-09 20:00:00,XBTUSD,613,246
2019-01-10 04:00:00,XBTUSD,613,246
2019-01-10 12:00:00,XBTUSD,1748,960
2019-01-10 20:00:00,XBTUSD,-5364352,449513
2019-01-11 04:00:00,XBTUSD,73985,2484
2019-01-11 12:00:00,XBTUSD,33310265,902039
2019-01-11 20:00:00,XBTUSD,21137905,992241
2019-01-12 04:00:00,XBTUSD,3180907,92241
2019-01-12 12:00:00,XBTUSD,-76063,2759
2019-01-12 20:00:00,XBTUSD,-17788,2759
2019-01-13 04:00:00,XBTUSD,-18961,2759
2019-01-13 12:00:00,XBTUSD,4908144,447241
2019-01-13 20:00:00,XBTUSD,-2958434,450708
2019-01-14 04:00:00,XBTUSD,1280236,450708
2019-01-14 12:00:00,XBTUSD,2554498,900708
2019-01-14 20:00:00,XBTUSD,7131075,1041820
2019-01-15 04:00:00,XBTUSD,6387064,1501934
2019-01-15 12:00:00,XBTUSD,4209798,501934
2019-01-15 20:00:00,XBTUSD,-759810,501934
2019-01-16 04:00:00,XBTUSD,390818,501934
2019-01-16 12:00:00,XBTUSD,3206971,501934
2019-01-16 20:00:00,XBTUSD,3513284,501172
2019-01-17 04:00:00,XBTUSD,-2615,1172
2019-01-17 12:00:00,XBTUSD,1894286,501172
2019-01-17 20:00:00,XBTUSD,3827951,501172
2019-01-18 04:00:00,XBTUSD,5713173,501172
2019-01-18 12:00:00,XBTUSD,2414415,501172
2019-01-18 20:00:00,XBTUSD,-1392306,501172
2019-01-19 04:00:00,XBTUSD,4443401,501172
2019-01-19 12:00:00,XBTUSD,1765423,501172
2019-01-19 20:00:00,XBTUSD,-2700021,1000749
2019-01-20 04:00:00,XBTUSD,-2707727,1000749
2019-01-20 12:00:00,XBTUSD,-2787386,1000749
2019-01-20 20:00:00,XBTUSD,-1423029,500749
2019-01-21 04:00:00,XBTUSD,33126621,1000749
2019-01-21 12:00:00,XBTUSD,16834268,1000749
2019-01-21 20:00:00,XBTUSD,835007,500749
2019-01-22 04:00:00,XBTUSD,6313,749
2019-01-22 12:00:00,XBTUSD,8412,749
2019-01-22 20:00:00,XBTUSD,-21,749
2019-01-23 04:00:00,XBTUSD,14450,749
2019-01-23 12:00:00,XBTUSD,-599767,499251
2019-01-23 20:00:00,XBTUSD,-1719,811
2019-01-24 04:00:00,XBTUSD,11497,811
2019-01-24 12:00:00,XBTUSD,3850,811
2019-01-24 20:00:00,XBTUSD,-1813,811
2019-01-25 04:00:00,XBTUSD,3340,811
2019-01-25 12:00:00,XBTUSD,1170,811
2019-01-25 20:00:00,XBTUSD,1143,811
2019-01-26 04:00:00,XBTUSD,13472,811
2019-01-26 12:00:00,XBTUSD,5767,811
2019-01-26 20:00:00,XBTUSD,-2811779,1000811
2019-01-27 04:00:00,XBTUSD,6125999,1000816
2019-01-27 12:00:00,XBTUSD,10668715,1008377
2019-01-27 20:00:00,XBTUSD,-1491586,608377
2019-01-28 04:00:00,XBTUSD,475,916
2019-01-28 12:00:00,XBTUSD,913274,598928
2019-01-28 20:00:00,XBTUSD,-1463625,500128
2019-01-29 04:00:00,XBTUSD,-2934776,1000128
2019-01-29 12:00:00,XBTUSD,-4374,1477
2019-01-29 20:00:00,XBTUSD,-1468600,500477
2019-01-30 04:00:00,XBTUSD,112,477
2019-01-30 12:00:00,XBTUSD,410255,500477
2019-01-30 20:00:00,XBTUSD,-1455950,500361
2019-01-31 04:00:00,XBTUSD,5094053,500361
2019-01-31 12:00:00,XBTUSD,1658398,500361
2019-01-31 20:00:00,XBTUSD,-1058,361
2019-02-01 04:00:00,XBTUSD,1471687,499639
2019-02-01 12:00:00,XBTUSD,1460994,499639
2019-02-01 20:00:00,XBTUSD,2905104,1000139
2019-02-02 04:00:00,XBTUSD,1454154,500139
2019-02-02 12:00:00,XBTUSD,1453504,500139
2019-02-02 20:00:00,XBTUSD,2910805,1000139
2019-02-03 04:00:00,XBTUSD,58090,1000139
2019-02-03 12:00:00,XBTUSD,-544,139
2019-02-03 20:00:00,XBTUSD,-572,139
2019-02-04 04:00:00,XBTUSD,269,139
2019-02-04 12:00:00,XBTUSD,-237,139
2019-02-04 20:00:00,XBTUSD,-126,139
2019-02-05 04:00:00,XBTUSD,-501,139
2019-02-05 12:00:00,XBTUSD,-479,139
2019-02-05 20:00:00,XBTUSD,8,139
2019-02-06 04:00:00,XBTUSD,-519,139
2019-02-06 12:00:00,XBTUSD,-203,139
2019-02-06 20:00:00,XBTUSD,306,139
2019-02-07 04:00:00,XBTUSD,379,139
2019-02-07 12:00:00,XBTUSD,413,139
2019-02-07 20:00:00,XBTUSD,219,139
2019-02-08 04:00:00,XBTUSD,1824637,613241
2019-02-08 12:00:00,XBTUSD,604,241
2019-02-08 20:00:00,XBTUSD,663,241
2019-02-09 04:00:00,XBTUSD,2772907,1000652
2019-02-09 12:00:00,XBTUSD,2761399,1000652
2019-02-09 20:00:00,XBTUSD,2769905,1000652
2019-02-10 04:00:00,XBTUSD,2767003,1000652
2019-02-10 12:00:00,XBTUSD,-2772491,999348
2019-02-10 20:00:00,XBTUSD,-2770293,999348
2019-02-11 04:00:00,XBTUSD,-120,43
2019-02-11 12:00:00,XBTUSD,-120,43
2019-02-11 20:00:00,XBTUSD,-119,43
2019-02-12 04:00:00,XBTUSD,1398880,499957
2019-02-12 12:00:00,XBTUSD,1400930,499957
2019-02-12 20:00:00,XBTUSD,158,57
2019-02-13 04:00:00,XBTUSD,158,57
2019-02-13 12:00:00,XBTUSD,-120,43
2019-02-13 20:00:00,XBTUSD,-120,43
2019-02-14 04:00:00,XBTUSD,-120,43
2019-02-14 12:00:00,XBTUSD,-121,43
2019-02-14 20:00:00,XBTUSD,-1636971,500043
2019-02-15 04:00:00,XBTUSD,-1398970,500043
2019-02-15 12:00:00,XBTUSD,-2797520,1000043
2019-02-15 20:00:00,XBTUSD,-2805521,1000043
2019-02-16 04:00:00,XBTUSD,-2787220,1000043
2019-02-16 12:00:00,XBTUSD,-2786320,1000043
2019-02-16 20:00:00,XBTUSD,-4171647,1500053
2019-02-17 04:00:00,XBTUSD,-4179598,1500053
2019-02-17 12:00:00,XBTUSD,-2540127,1000053
2019-02-17 20:00:00,XBTUSD,-1401617,500506
2019-02-18 04:00:00,XBTUSD,-1373,506
2019-02-18 12:00:00,XBTUSD,-3899487,500094
2019-02-18 20:00:00,XBTUSD,29435748,2000403
2019-02-19 04:00:00,XBTUSD,-1117,432
2019-02-19 12:00:00,XBTUSD,-872,338
2019-02-19 20:00:00,XBTUSD,-2532656,1000338
2019-02-20 04:00:00,XBTUSD,-1285168,500338
2019-02-20 12:00:00,XBTUSD,-1274261,500338
2019-02-20 20:00:00,XBTUSD,1274358,500062
2019-02-21 04:00:00,XBTUSD,-2702240,500062
2019-02-21 12:00:00,XBTUSD,159,62
2019-02-21 20:00:00,XBTUSD,-226,88
2019-02-22 04:00:00,XBTUSD,-2556094,1000076
2019-02-22 12:00:00,XBTUSD,828045,500124
2019-02-22 20:00:00,XBTUSD,-193,76
2019-02-23 04:00:00,XBTUSD,-193,76
2019-02-23 12:00:00,XBTUSD,-249,124
2019-02-23 20:00:00,XBTUSD,291,124
2019-02-24 04:00:00,XBTUSD,-96111,500076
2019-02-24 12:00:00,XBTUSD,-1210284,500076
2019-02-24 20:00:00,ETHUSD,-16220101,1025589
2019-02-24 20:00:00,XBTUSD,-3181747,1200342
2019-02-25 04:00:00,ETHUSD,-1379101,1000001
2019-02-25 04:00:00,XBTUSD,2033399,1200342
2019-02-25 12:00:00,XBTUSD,2255933,600342
2019-02-25 20:00:00,XBTUSD,6273711,1200342
2019-02-25 20:00:00,ETHUSD,-4558921,1292829
2019-02-26 04:00:00,XBTUSD,9917389,1200342
2019-02-26 04:00:00,ETHUSD,-1777640,1292829
2019-02-26 12:00:00,XBTUSD,5544110,1200342
2019-02-26 20:00:00,XBTUSD,4819305,600342
2019-02-27 04:00:00,XBTUSD,3491093,600342
2019-02-27 12:00:00,XBTUSD,-251875,600342
2019-02-27 20:00:00,XBTUSD,1783953,600342
2019-02-28 04:00:00,XBTUSD,-1122,158
2019-02-28 12:00:00,XBTUSD,-661,158
2019-02-28 20:00:00,XBTUSD,-416,82
2019-03-01 04:00:00,XBTUSD,-478,82
2019-03-01 12:00:00,XBTUSD,-394,82
2019-03-01 20:00:00,XBTUSD,-137,82
2019-03-02 04:00:00,XBTUSD,7233,748
2019-03-02 12:00:00,XBTUSD,9247,748
2019-03-02 20:00:00,XBTUSD,3202,748
2019-03-03 04:00:00,XBTUSD,432,748
2019-03-03 12:00:00,XBTUSD,5383,748
2019-03-03 20:00:00,XBTUSD,5861,748
2019-03-03 20:00:00,ETHUSD,2664648,500000
2019-03-04 04:00:00,XBTUSD,1721,748
2019-03-04 04:00:00,ETHUSD,640200,500000
2019-03-04 12:00:00,XBTUSD,419682,598081
2019-03-04 12:00:00,ETHUSD,1243300,1000000
2019-03-04 20:00:00,XBTUSD,1029,381
2019-03-04 20:00:00,ETHUSD,1251800,1000000
2019-03-05 04:00:00,XBTUSD,330,381
2019-03-05 04:00:00,ETHUSD,1251900,1000000
2019-03-05 12:00:00,ETHUSD,1391603,500000
2019-03-05 12:00:00,XBTUSD,1612203,600381
2019-03-05 20:00:00,XBTUSD,2573388,600273
2019-03-06 04:00:00,XBTUSD,-715,273
2019-03-06 12:00:00,XBTUSD,-3115828,1200427
2019-03-06 20:00:00,XBTUSD,-179,69
2019-03-07 04:00:00,XBTUSD,307426,700193
2019-03-07 12:00:00,XBTUSD,181791,700193
2019-03-07 20:00:00,ETHUSD,-8918056,1000000
2019-03-07 20:00:00,XBTUSD,-1691761,2108528
2019-03-08 04:00:00,XBTUSD,2953315,2108529
2019-03-08 12:00:00,XBTUSD,3437315,708529
2019-03-08 20:00:00,XBTUSD,3488956,708529
2019-03-09 04:00:00,XBTUSD,9711722,708529
2019-03-09 12:00:00,XBTUSD,8713381,708529
2019-03-09 20:00:00,XBTUSD,580042,708529
2019-03-10 04:00:00,XBTUSD,8264874,708529
2019-03-10 12:00:00,XBTUSD,8847603,708529
2019-03-10 20:00:00,XBTUSD,814,129
2019-03-11 04:00:00,XBTUSD,5570881,700129
2019-03-11 12:00:00,XBTUSD,1126134,700129
2019-03-11 20:00:00,XBTUSD,-747400,700129
2019-03-12 04:00:00,XBTUSD,-1838868,700121
2019-03-12 12:00:00,XBTUSD,-776,132
2019-03-12 20:00:00,XBTUSD,-176,68
2019-03-13 04:00:00,XBTUSD,939,68
2019-03-13 12:00:00,XBTUSD,804,68
2019-03-13 20:00:00,XBTUSD,-630,132
2019-03-14 04:00:00,XBTUSD,-936,132
2019-03-14 12:00:00,XBTUSD,-1048,132
2019-03-14 20:00:00,XBTUSD,-4676,2144
2019-03-15 04:00:00,XBTUSD,19278,2144
2019-03-15 12:00:00,XBTUSD,11534,2144
2019-03-15 20:00:00,XBTUSD,6093,2144
2019-03-16 04:00:00,XBTUSD,29869,2144
2019-03-16 12:00:00,XBTUSD,2029,144
2019-03-16 20:00:00,XBTUSD,-1760792,700144
2019-03-17 04:00:00,XBTUSD,-1770874,700144
2019-03-17 12:00:00,XBTUSD,1013,144
2019-03-17 20:00:00,XBTUSD,-1762391,700195
2019-03-18 04:00:00,XBTUSD,-263466,700195
2019-03-18 12:00:00,XBTUSD,2672629,700195
2019-03-18 20:00:00,XBTUSD,2846017,700195
2019-03-19 04:00:00,XBTUSD,1867244,700195
2019-03-19 12:00:00,XBTUSD,-492,195
2019-03-19 20:00:00,XBTUSD,-420,195
2019-03-20 04:00:00,XBTUSD,1039,195
2019-03-20 12:00:00,XBTUSD,1488,195
2019-03-20 20:00:00,XBTUSD,-486,195
2019-03-21 04:00:00,XBTUSD,2956,195
2019-03-21 12:00:00,XBTUSD,2895,195
2019-03-21 20:00:00,XBTUSD,11560365,700195
2019-03-22 04:00:00,XBTUSD,4845227,700195
2019-03-22 12:00:00,XBTUSD,2986,195
2019-03-22 20:00:00,XBTUSD,6420623,700195
2019-03-23 04:00:00,XBTUSD,18847689,1400195
2019-03-23 12:00:00,XBTUSD,3023786,1400195
2019-03-23 20:00:00,XBTUSD,-529032,700195
2019-03-24 04:00:00,XBTUSD,2433742,700195
2019-03-24 12:00:00,XBTUSD,5270595,700195
2019-03-24 20:00:00,XBTUSD,2651043,700195
2019-03-25 04:00:00,XBTUSD,4438402,700195
2019-03-25 12:00:00,XBTUSD,8359707,700195
2019-03-25 20:00:00,XBTUSD,5891570,700195
2019-03-26 04:00:00,XBTUSD,19700114,1400195
2019-03-26 12:00:00,XBTUSD,2787,187
2019-03-26 20:00:00,XBTUSD,2212,187
2019-03-27 04:00:00,XBTUSD,2877,187
2019-03-27 12:00:00,XBTUSD,14303477,1400187
2019-03-27 20:00:00,XBTUSD,668,187
2019-03-28 04:00:00,XBTUSD,-318,187
2019-03-28 12:00:00,XBTUSD,2134584,1400063
2019-03-28 20:00:00,XBTUSD,3491197,1400063
2019-03-29 04:00:00,XBTUSD,-427,63
2019-03-29 12:00:00,XBTUSD,-120,63
2019-03-29 20:00:00,XBTUSD,-187,63
2019-03-30 04:00:00,XBTUSD,10121087,699937
2019-03-30 12:00:00,XBTUSD,5467231,700137
2019-03-30 20:00:00,XBTUSD,2112016,700137
2019-03-31 04:00:00,XBTUSD,4538032,700137
2019-03-31 12:00:00,XBTUSD,19541432,1400137
2019-03-31 20:00:00,XBTUSD,10017654,1400137
2019-04-01 04:00:00,XBTUSD,19156730,1400137
2019-04-01 12:00:00,XBTUSD,9635734,1400137
2019-04-01 20:00:00,XBTUSD,14666625,1400137
2019-04-02 04:00:00,XBTUSD,-1849,78
2019-04-02 12:00:00,XBTUSD,6597456,541840
2019-04-02 20:00:00,XBTUSD,14948074,1201389
2019-04-03 04:00:00,XBTUSD,9760,4110
2019-04-03 12:00:00,XBTUSD,2416361,1200378
2019-04-03 20:00:00,XBTUSD,-7614,3917
2019-04-04 04:00:00,XBTUSD,211672,700287
2019-04-04 12:00:00,XBTUSD,1455617,726646
2019-04-04 20:00:00,XBTUSD,2904070,1401646
2019-04-05 04:00:00,XBTUSD,5500463,1401646
2019-04-05 12:00:00,XBTUSD,583,122
2019-04-05 20:00:00,XBTUSD,1398604,701582
2019-04-06 04:00:00,XBTUSD,4197576,2100153
2019-04-06 12:00:00,XBTUSD,4199678,2100154
2019-04-06 20:00:00,XBTUSD,4068628,2100154
2019-04-07 04:00:00,XBTUSD,4096350,2100154
2019-04-07 12:00:00,XBTUSD,-1377814,704692
2019-04-07 20:00:00,XBTUSD,-1373374,704692
2019-04-08 04:00:00,XBTUSD,-3244541,1701474
2019-04-08 12:00:00,XBTUSD,-3312430,1701474
2019-04-08 20:00:00,XBTUSD,50,26
2019-04-09 04:00:00,XBTUSD,1147,442
2019-04-09 12:00:00,XBTUSD,-848,442
2019-04-09 20:00:00,XBTUSD,1304,680
2019-04-10 04:00:00,XBTUSD,1303,680
2019-04-10 12:00:00,XBTUSD,-97,51
2019-04-10 20:00:00,XBTUSD,261,141
2019-04-11 04:00:00,XBTUSD,1539803,800064
2019-04-11 12:00:00,XBTUSD,828,159
2019-04-11 20:00:00,XBTUSD,3077892,1561827
2019-04-12 04:00:00,XBTUSD,104,52
2019-04-12 12:00:00,XBTUSD,1562702,793733
2019-04-12 20:00:00,XBTUSD,1568416,793733
2019-04-13 04:00:00,XBTUSD,-1325542,806267
2019-04-13 12:00:00,XBTUSD,923018,806267
2019-04-13 20:00:00,XBTUSD,3286207,806267
2019-04-14 04:00:00,XBTUSD,861669,806267
2019-04-14 12:00:00,XBTUSD,-915996,1600267
2019-04-14 20:00:00,XBTUSD,-3144685,1600267
2019-04-15 04:00:00,XBTUSD,-823053,581410
2019-04-15 12:00:00,XBTUSD,-806,414
2019-04-15 20:00:00,XBTUSD,-826,414
2019-04-16 04:00:00,XBTUSD,-820,414
2019-04-16 12:00:00,XBTUSD,2335,414
2019-04-16 20:00:00,XBTUSD,-2773371,3200086
2019-04-17 04:00:00,XBTUSD,4588484,2400086
2019-04-17 12:00:00,XBTUSD,-1523497,800114
2019-04-17 20:00:00,XBTUSD,164,86
2019-04-18 04:00:00,XBTUSD,163,86
2019-04-18 12:00:00,XBTUSD,-1527738,800114
2019-04-18 20:00:00,XBTUSD,-4534535,2400114
2019-04-19 04:00:00,XBTUSD,-1529258,800114
2019-04-19 12:00:00,XBTUSD,-1095823,800114
2019-04-19 20:00:00,XBTUSD,1117974,800114
2019-04-20 04:00:00,XBTUSD,1010450,800114
2019-04-20 12:00:00,XBTUSD,-215,114
2019-04-20 20:00:00,XBTUSD,-214,114
2019-04-21 04:00:00,XBTUSD,3418703,2400114
2019-04-21 12:00:00,XBTUSD,-853828,449194
2019-04-21 20:00:00,XBTUSD,3042244,1600086
2019-04-22 04:00:00,XBTUSD,3042724,1600086
2019-04-22 12:00:00,XBTUSD,1325985,1600086
2019-04-22 20:00:00,XBTUSD,-100,54
2019-04-23 04:00:00,XBTUSD,1565119,850146
2019-04-23 12:00:00,XBTUSD,9555517,3000054
2019-04-23 20:00:00,XBTUSD,36219969,4000054
2019-04-24 04:00:00,XBTUSD,11076416,1000393
2019-04-24 12:00:00,XBTUSD,1375,153
2019-04-24 20:00:00,XBTUSD,-2989151,2004187
2019-04-25 04:00:00,XBTUSD,-2371841,1000074
2019-04-25 12:00:00,XBTUSD,-9109255,2000074
2019-04-25 20:00:00,XBTUSD,5484965,1000026
2019-04-26 04:00:00,XBTUSD,1556667,1000058
2019-04-26 12:00:00,XBTUSD,18888903,1000058
2019-04-26 20:00:00,XBTUSD,-3992169,870309
2019-04-27 04:00:00,XBTUSD,412,58
2019-04-27 12:00:00,XBTUSD,-587,42
2019-04-27 20:00:00,XBTUSD,23921892,3000058
2019-04-28 04:00:00,XBTUSD,8967060,2000058
2019-04-28 12:00:00,XBTUSD,32984839,2000058
2019-04-28 20:00:00,XBTUSD,707,58
2019-04-29 04:00:00,XBTUSD,691,58
2019-04-29 12:00:00,XBTUSD,-5223269,906254
2019-04-29 20:00:00,XBTUSD,887,58
2019-04-30 04:00:00,XBTUSD,22896272,2000058
2019-04-30 12:00:00,XBTUSD,24858001,2000058
2019-04-30 20:00:00,XBTUSD,-15037,2088
2019-05-01 04:00:00,XBTUSD,856,67
2019-05-01 12:00:00,XBTUSD,12951780,1000067
2019-05-01 20:00:00,XBTUSD,5978704,1000067
2019-05-02 04:00:00,XBTUSD,50213305,4000067
2019-05-02 12:00:00,XBTUSD,13866393,2000067
2019-05-02 20:00:00,XBTUSD,12889512,3000067
2019-05-03 04:00:00,XBTUSD,19548914,1000067
2019-05-03 12:00:00,XBTUSD,37200263,4000067
2019-05-03 20:00:00,XBTUSD,-47,29
2019-05-04 04:00:00,XBTUSD,-51,29
2019-05-04 12:00:00,XBTUSD,2514745,1000029
2019-05-04 20:00:00,XBTUSD,85,29
2019-05-05 04:00:00,XBTUSD,578,29
2019-05-05 12:00:00,XBTUSD,18,29
2019-05-05 20:00:00,XBTUSD,-32,18
2019-05-06 04:00:00,XBTUSD,5247312,1000478
2019-05-06 12:00:00,XBTUSD,12770091,2000478
2019-05-06 20:00:00,XBTUSD,9099546,3000186
2019-05-07 04:00:00,XBTUSD,11028561,1000186
2019-05-07 12:00:00,XBTUSD,-16984,1000186
2019-05-07 20:00:00,XBTUSD,-318,186
2019-05-08 04:00:00,XBTUSD,-821,314
2019-05-08 12:00:00,XBTUSD,12971034,1000186
2019-05-08 20:00:00,XBTUSD,3742,269
2019-05-09 04:00:00,XBTUSD,17460277,1000269
2019-05-09 12:00:00,XBTUSD,3161,269
2019-05-09 20:00:00,XBTUSD,8181240,1000269
2019-05-10 04:00:00,XBTUSD,4555,269
2019-05-10 12:00:00,XBTUSD,6258,269
2019-05-10 20:00:00,XBTUSD,4466,269
2019-05-11 04:00:00,XBTUSD,3970,276
2019-05-11 12:00:00,XBTUSD,-20399778,2000234
2019-05-11 20:00:00,XBTUSD,-297,234
2019-05-12 04:00:00,XBTUSD,-1676856,1200412
2019-05-12 12:00:00,XBTUSD,-3338733,2400412
2019-05-12 20:00:00,XBTUSD,-1851646,1300313
2019-05-13 04:00:00,XBTUSD,-446,313
2019-05-13 12:00:00,XBTUSD,1789539,1299687
2019-05-13 20:00:00,XBTUSD,-396,313
2019-05-14 04:00:00,XBTUSD,-1508049,1200580
2019-05-14 12:00:00,XBTUSD,-3493998,1200580
2019-05-14 20:00:00,XBTUSD,12778193,3600420
2019-05-15 04:00:00,XBTUSD,-3294615,2656733
2019-05-15 12:00:00,XBTUSD,-727,580
2019-05-15 20:00:00,XBTUSD,-5291168,1250580
2019-05-16 04:00:00,XBTUSD,-703,580
2019-05-16 12:00:00,XBTUSD,-1461,580
2019-05-16 20:00:00,XBTUSD,3757,420
2019-05-17 04:00:00,XBTUSD,2755,645
2019-05-17 12:00:00,XBTUSD,5927,645
2019-05-17 20:00:00,XBTUSD,903,645
2019-05-18 04:00:00,XBTUSD,-591,436
2019-05-18 12:00:00,XBTUSD,834,436
2019-05-18 20:00:00,XBTUSD,710,436
2019-05-19 04:00:00,XBTUSD,305151,89530
2019-05-19 12:00:00,XBTUSD,-625,564
2019-05-19 20:00:00,XBTUSD,-6304722,1300436
2019-05-20 04:00:00,XBTUSD,-926,399
2019-05-20 12:00:00,XBTUSD,-1345,399
2019-05-20 20:00:00,XBTUSD,-1679,399
2019-05-21 04:00:00,XBTUSD,-513,407
2019-05-21 12:00:00,XBTUSD,-3145496,1400407
2019-05-21 20:00:00,XBTUSD,-5270042,1400407
2019-05-22 04:00:00,XBTUSD,-1766494,1400534
2019-05-22 12:00:00,XBTUSD,-7290522,1400534
2019-05-22 20:00:00,XBTUSD,-6620149,1400534
2019-05-23 04:00:00,XBTUSD,604,463
2019-05-23 12:00:00,XBTUSD,-1025,779
2019-05-23 20:00:00,XBTUSD,-1798040,1400779
2019-05-24 04:00:00,XBTUSD,-225,177
2019-05-24 12:00:00,XBTUSD,-220,177
2019-05-24 20:00:00,XBTUSD,-349,177
2019-05-25 04:00:00,XBTUSD,6059,823
2019-05-25 12:00:00,XBTUSD,4956,823
2019-05-25 20:00:00,XBTUSD,7290,823
2019-05-26 04:00:00,XBTUSD,4215,823
2019-05-26 12:00:00,XBTUSD,7092,823
2019-05-26 20:00:00,XBTUSD,3990,823
2019-05-27 04:00:00,XBTUSD,-1227,177
2019-05-27 12:00:00,XBTUSD,-6054,177
2019-05-27 20:00:00,XBTUSD,-3484,177
2019-05-28 04:00:00,XBTUSD,-2551,177
2019-05-28 12:00:00,XBTUSD,-2882,177
2019-05-28 20:00:00,XBTUSD,-160048,9018
2019-05-29 04:00:00,XBTUSD,-7837,553
2019-05-29 12:00:00,XBTUSD,-11786763,1400553
2019-05-29 20:00:00,XBTUSD,-12127034,1400553
2019-05-30 04:00:00,XBTUSD,-15790631,1673637
2019-05-30 12:00:00,XBTUSD,-3764,637
2019-05-30 20:00:00,XBTUSD,-8358,637
2019-05-31 04:00:00,XBTUSD,-5742424,1400637
2019-05-31 12:00:00,XBTUSD,-1820723,1500637
2019-05-31 20:00:00,XBTUSD,-3317915,2800637
2019-06-01 04:00:00,XBTUSD,-3801999,2800637
2019-06-01 12:00:00,XBTUSD,-4608759,2800637
2019-06-01 20:00:00,XBTUSD,-3280946,2800637
2019-06-02 04:00:00,XBTUSD,-2768,637
2019-06-02 12:00:00,XBTUSD,-729,637
2019-06-02 20:00:00,XBTUSD,-4410,637
2019-06-03 04:00:00,XBTUSD,-3216,637
2019-06-03 12:00:00,XBTUSD,-2902927,1400637
2019-06-03 20:00:00,XBTUSD,-1636084,1400637
2019-06-04 04:00:00,XBTUSD,-1018,803
2019-06-04 12:00:00,XBTUSD,-1771839,1400663
2019-06-04 20:00:00,XBTUSD,331739,1400663
2019-06-05 04:00:00,XBTUSD,503017,1400663
2019-06-05 12:00:00,XBTUSD,-971391,1400663
2019-06-05 20:00:00,XBTUSD,-1797471,1400663
2019-06-06 04:00:00,XBTUSD,1051004,1400663
2019-06-06 12:00:00,XBTUSD,2889666,1400663
2019-06-06 20:00:00,XBTUSD,1050585,1400663
2019-06-07 04:00:00,XBTUSD,2242461,1400663
2019-06-07 12:00:00,XBTUSD,-1768617,1400663
2019-06-07 20:00:00,XBTUSD,-1757132,1400663
2019-06-08 04:00:00,XBTUSD,-915092,1400663
2019-06-08 12:00:00,XBTUSD,4143489,1400663
2019-06-08 20:00:00,XBTUSD,1018890,1400663
2019-06-09 04:00:00,XBTUSD,-1774640,1400663
2019-06-09 12:00:00,XBTUSD,-177842,1400663
2019-06-09 20:00:00,XBTUSD,1590772,1400663
2019-06-10 04:00:00,XBTUSD,4638,663
2019-06-10 12:00:00,XBTUSD,3798,663
2019-06-10 20:00:00,XBTUSD,1228325,1400663
2019-06-11 04:00:00,XBTUSD,-1757552,1400663
2019-06-11 12:00:00,XBTUSD,-1797331,1400663
2019-06-11 20:00:00,XBTUSD,-1773519,1400663
2019-06-12 04:00:00,XBTUSD,-17515,1400162
2019-06-12 12:00:00,XBTUSD,-203,162
2019-06-12 20:00:00,XBTUSD,-198,162
2019-06-13 04:00:00,XBTUSD,-199,162
2019-06-13 12:00:00,XBTUSD,-1724159,1400162
2019-06-13 20:00:00,XBTUSD,-1698537,1400162
2019-06-14 04:00:00,XBTUSD,-197,162
2019-06-14 12:00:00,XBTUSD,-196,162
2019-06-14 20:00:00,XBTUSD,-193,162
2019-06-15 04:00:00,XBTUSD,217,162
2019-06-15 12:00:00,XBTUSD,1615010,1400338
2019-06-15 20:00:00,XBTUSD,5460602,2293480
2019-06-16 04:00:00,XBTUSD,2216,338
2019-06-16 12:00:00,XBTUSD,-4606,662
2019-06-16 20:00:00,XBTUSD,32470448,1600338
2019-06-17 04:00:00,XBTUSD,3993,338
2019-06-17 12:00:00,XBTUSD,-790,662
2019-06-17 20:00:00,XBTUSD,-2753,662
2019-06-18 04:00:00,XBTUSD,-3759,662
2019-06-18 12:00:00,XBTUSD,-5843,662
2019-06-18 20:00:00,XBTUSD,1859,338
2019-06-19 04:00:00,XBTUSD,3493,373
2019-06-19 12:00:00,XBTUSD,-8620068,1600627
2019-06-19 20:00:00,XBTUSD,-4439,627
2019-06-20 04:00:00,XBTUSD,-6545460,1600627
2019-06-20 12:00:00,XBTUSD,-9372811,1600627
2019-06-20 20:00:00,XBTUSD,-21082172,3200627
2019-06-21 04:00:00,XBTUSD,-2405382,1532903
2019-06-21 12:00:00,XBTUSD,-6625951,1600627
2019-06-21 20:00:00,XBTUSD,-4715,627
2019-06-22 04:00:00,XBTUSD,-3651906,1600627
2019-06-22 12:00:00,XBTUSD,-28752258,1600627
2019-06-22 20:00:00,XBTUSD,-30792062,1600627
2019-06-23 04:00:00,XBTUSD,-31833744,1600627
2019-06-23 12:00:00,XBTUSD,-42881950,1600627
2019-06-23 20:00:00,XBTUSD,-43282235,1600627
2019-06-24 04:00:00,XBTUSD,-9206,627
2019-06-24 12:00:00,XBTUSD,-7531,627
2019-06-24 20:00:00,XBTUSD,-5499,627
2019-06-25 04:00:00,XBTUSD,2872,373
2019-06-25 12:00:00,XBTUSD,2886,373
2019-06-25 20:00:00,XBTUSD,3150,373
2019-06-26 04:00:00,XBTUSD,1470185,1800373
2019-06-26 12:00:00,XBTUSD,1425175,1800373
2019-06-26 20:00:00,XBTUSD,4362,373
2019-06-27 04:00:00,XBTUSD,-6845,627
2019-06-27 12:00:00,XBTUSD,23214024,1800373
2019-06-27 20:00:00,XBTUSD,-11180,627
2019-06-28 04:00:00,XBTUSD,-17838,627
2019-06-28 12:00:00,XBTUSD,2174,373
2019-06-28 20:00:00,XBTUSD,-10303510,1800309
2019-06-29 04:00:00,XBTUSD,-7111509,1800309
2019-06-29 12:00:00,XBTUSD,-1250,309
2019-06-29 20:00:00,XBTUSD,-261,309
2019-06-30 04:00:00,XBTUSD,-1070,309
2019-06-30 12:00:00,XBTUSD,-2326,309
2019-06-30 20:00:00,XBTUSD,-1511,309
2019-07-01 04:00:00,XBTUSD,-279,309
2019-07-01 12:00:00,XBTUSD,1642410,1800691
2019-07-01 20:00:00,XBTUSD,2485242,174062
2019-07-02 04:00:00,XBTUSD,-1558,446
2019-07-02 12:00:00,XBTUSD,-448,446
2019-07-02 20:00:00,XBTUSD,-1556,446
2019-07-03 04:00:00,XBTUSD,-1059,446
2019-07-03 12:00:00,XBTUSD,-398,446
2019-07-03 20:00:00,XBTUSD,-395,446
2019-07-04 04:00:00,XBTUSD,-375,446
2019-07-04 12:00:00,XBTUSD,-1447250,1700446
2019-07-04 20:00:00,XBTUSD,-1433646,1700446
2019-07-05 04:00:00,XBTUSD,-2214644,1700446
2019-07-05 12:00:00,XBTUSD,-1517478,1700446
2019-07-05 20:00:00,XBTUSD,961796,1700446
2019-07-06 04:00:00,XBTUSD,-1474627,1700446
2019-07-06 12:00:00,XBTUSD,-1489591,1700446
2019-07-06 20:00:00,XBTUSD,-1476497,1700446
2019-07-07 04:00:00,XBTUSD,-4055489,1700446
2019-07-07 12:00:00,XBTUSD,-1499623,1700446
2019-07-07 20:00:00,XBTUSD,-386,446
2019-07-08 04:00:00,XBTUSD,-1013,446
2019-07-08 12:00:00,XBTUSD,-373,446
2019-07-08 20:00:00,XBTUSD,-3637,446
2019-07-09 04:00:00,XBTUSD,-18072129,2000446
2019-07-09 12:00:00,XBTUSD,-3283126,2000874
2019-07-09 20:00:00,XBTUSD,-15296946,2000874
2019-07-10 04:00:00,XBTUSD,-4997,874
2019-07-10 12:00:00,XBTUSD,-5869,874
2019-07-10 20:00:00,XBTUSD,-9085,874
2019-07-11 04:00:00,XBTUSD,-3644,874
2019-07-11 12:00:00,XBTUSD,-1723753,2000874
2019-07-11 20:00:00,XBTUSD,-3451154,4000874
2019-07-12 04:00:00,XBTUSD,-3576381,4000874
2019-07-12 12:00:00,XBTUSD,-1710147,2000874
2019-07-12 20:00:00,XBTUSD,-1719551,2000874
2019-07-13 04:00:00,XBTUSD,-1720351,2000874
2019-07-13 12:00:00,XBTUSD,-1770373,2000874
2019-07-13 20:00:00,XBTUSD,-1786981,2000874
2019-07-14 04:00:00,XBTUSD,2906037,2000874
2019-07-14 12:00:00,XBTUSD,37496,2000874
2019-07-14 20:00:00,XBTUSD,-1907033,2000874
2019-07-15 04:00:00,XBTUSD,-3897651,4000874
2019-07-15 12:00:00,XBTUSD,4347499,2000874
2019-07-15 20:00:00,XBTUSD,3778571,2000874
2019-07-16 04:00:00,XBTUSD,5669645,2000874
2019-07-16 12:00:00,XBTUSD,-1586012,2000104
2019-07-16 20:00:00,XBTUSD,-2063819,2000406
2019-07-17 04:00:00,XBTUSD,1759,350
2019-07-17 12:00:00,XBTUSD,-1603,650
2019-07-17 20:00:00,XBTUSD,194891,190138
2019-07-18 04:00:00,XBTUSD,7317105,2000162
2019-07-18 12:00:00,XBTUSD,-1416,1384
2019-07-18 20:00:00,XBTUSD,-1315,1384
2019-07-19 04:00:00,XBTUSD,3772581,4000616
2019-07-19 12:00:00,XBTUSD,-1960480,2018408
2019-07-19 20:00:00,XBTUSD,-1938681,2018408
2019-07-20 04:00:00,XBTUSD,-1916680,2018408
2019-07-20 12:00:00,XBTUSD,-1904973,2018408
2019-07-20 20:00:00,XBTUSD,-1846238,2018408
2019-07-21 04:00:00,XBTUSD,-1904973,2018408
2019-07-21 12:00:00,XBTUSD,-1906992,2018408
2019-07-21 20:00:00,XBTUSD,-2285238,2000592
2019-07-22 04:00:00,XBTUSD,-468,592
2019-07-22 12:00:00,XBTUSD,-185,592
2019-07-22 20:00:00,XBTUSD,584,592
2019-07-23 04:00:00,XBTUSD,578,592
2019-07-23 12:00:00,XBTUSD,592,592
2019-07-23 20:00:00,XBTUSD,584,592
2019-07-24 04:00:00,XBTUSD,614,592
2019-07-24 12:00:00,XBTUSD,-2059820,2000408
2019-07-24 20:00:00,XBTUSD,968,408
2019-07-25 04:00:00,XBTUSD,387,408
2019-07-25 12:00:00,XBTUSD,-1981404,2000408
2019-07-25 20:00:00,XBTUSD,-2027414,2000408
2019-07-26 04:00:00,XBTUSD,-420,408
2019-07-26 12:00:00,XBTUSD,-4080816,4000408
2019-07-26 20:00:00,XBTUSD,405521,4000408
2019-07-27 04:00:00,XBTUSD,-403,408
2019-07-27 12:00:00,XBTUSD,-429,408
2019-07-27 20:00:00,XBTUSD,-434,408
2019-07-28 04:00:00,XBTUSD,1513,408
2019-07-28 12:00:00,XBTUSD,5402214,2000408
2019-07-28 20:00:00,XBTUSD,-838971,2000408
2019-07-29 04:00:00,XBTUSD,-5049883,6000408
2019-07-29 12:00:00,XBTUSD,-432,408
2019-07-29 20:00:00,XBTUSD,-431,408
2019-07-30 04:00:00,XBTUSD,-433,408
2019-07-30 12:00:00,XBTUSD,-428,408
2019-07-30 20:00:00,XBTUSD,-425,408
2019-07-31 04:00:00,XBTUSD,-2065821,2000408
2019-07-31 12:00:00,XBTUSD,-2048618,2000408
2019-07-31 20:00:00,XBTUSD,-2000808,2000408
2019-08-01 04:00:00,XBTUSD,1999392,2000592
2019-08-01 12:00:00,XBTUSD,593,592
2019-08-01 20:00:00,XBTUSD,575,592
2019-08-02 04:00:00,XBTUSD,572,592
2019-08-02 12:00:00,XBTUSD,-389,408
2019-08-02 20:00:00,XBTUSD,955665,1000592
2019-08-03 04:00:00,XBTUSD,549,592
2019-08-03 12:00:00,XBTUSD,550,592
2019-08-03 20:00:00,XBTUSD,545,592
2019-08-04 04:00:00,XBTUSD,549,592
2019-08-04 12:00:00,XBTUSD,554,592
2019-08-04 20:00:00,XBTUSD,540,592
2019-08-05 04:00:00,XBTUSD,511,592
2019-08-05 12:00:00,XBTUSD,501,592
2019-08-05 20:00:00,XBTUSD,-3188329,643165
2019-08-06 04:00:00,XBTUSD,2483,576
2019-08-06 12:00:00,XBTUSD,-17654274,2000424
2019-08-06 20:00:00,XBTUSD,-4190,424
2019-08-07 04:00:00,XBTUSD,-2590,424
2019-08-07 12:00:00,XBTUSD,6638251,2000576
2019-08-07 20:00:00,XBTUSD,11336928,2000576
2019-08-08 04:00:00,XBTUSD,-10449223,2000424
2019-08-08 12:00:00,XBTUSD,31870613,4000576
2019-08-08 20:00:00,XBTUSD,4538,576
2019-08-09 04:00:00,XBTUSD,4961797,2000576
2019-08-09 12:00:00,XBTUSD,38729032,4000576
2019-08-09 20:00:00,XBTUSD,19579029,2000576
2019-08-10 04:00:00,XBTUSD,2341,576
2019-08-10 12:00:00,XBTUSD,2922,576
2019-08-10 20:00:00,XBTUSD,3155,576
2019-08-11 04:00:00,XBTUSD,507,576
2019-08-11 12:00:00,XBTUSD,503,576
2019-08-11 20:00:00,XBTUSD,507,576
2019-08-12 04:00:00,XBTUSD,504,576
2019-08-12 12:00:00,XBTUSD,509,576
2019-08-12 20:00:00,XBTUSD,615,576
2019-08-13 04:00:00,XBTUSD,551,576
2019-08-13 12:00:00,XBTUSD,1383,576
2019-08-13 20:00:00,XBTUSD,1560,576
2019-08-14 04:00:00,XBTUSD,1293,576
2019-08-14 12:00:00,XBTUSD,547,576
2019-08-14 20:00:00,XBTUSD,-419,424
2019-08-15 04:00:00,XBTUSD,587,576
2019-08-15 12:00:00,XBTUSD,-5909218,6000424
2019-08-15 20:00:00,XBTUSD,1684207,2000424
2019-08-16 04:00:00,XBTUSD,-755717,6000424
2019-08-16 12:00:00,XBTUSD,1695412,4000424
2019-08-16 20:00:00,XBTUSD,10544863,8000424
2019-08-17 04:00:00,XBTUSD,7612259,8000424
2019-08-17 12:00:00,XBTUSD,-5805410,6000424
2019-08-17 20:00:00,XBTUSD,-3933617,4000424
2019-08-18 04:00:00,XBTUSD,-2491788,4000424
2019-08-18 12:00:00,XBTUSD,2981592,2000424
2019-08-18 20:00:00,XBTUSD,-409,424
2019-08-19 04:00:00,XBTUSD,-1922207,2000424
2019-08-19 12:00:00,XBTUSD,-397,424
2019-08-19 20:00:00,XBTUSD,-396,424
2019-08-20 04:00:00,XBTUSD,-393,424
2019-08-20 12:00:00,XBTUSD,-1868596,2000424
2019-08-20 20:00:00,XBTUSD,-5590595,6000424
2019-08-21 04:00:00,XBTUSD,-412,424
2019-08-21 12:00:00,XBTUSD,-417,424
2019-08-21 20:00:00,XBTUSD,-420,424
2019-08-22 04:00:00,XBTUSD,803,424
2019-08-22 12:00:00,XBTUSD,-251,424
2019-08-22 20:00:00,XBTUSD,-1966817,2000424
2019-08-23 04:00:00,XBTUSD,1970567,2000576
2019-08-23 12:00:00,XBTUSD,-1973418,2000424
2019-08-23 20:00:00,XBTUSD,-1920607,2000424
2019-08-24 04:00:00,XBTUSD,-1929609,2000424
2019-08-24 12:00:00,XBTUSD,-423,424
2019-08-24 20:00:00,XBTUSD,-411,424
2019-08-25 04:00:00,XBTUSD,-4400165,2000576
2019-08-25 12:00:00,XBTUSD,-1125960,2000576
2019-08-25 20:00:00,XBTUSD,1987972,2000576
2019-08-26 04:00:00,XBTUSD,560,576
2019-08-26 12:00:00,XBTUSD,555,576
2019-08-26 20:00:00,XBTUSD,877,576
2019-08-27 04:00:00,XBTUSD,4637791,2000576
2019-08-27 12:00:00,XBTUSD,3958170,4000576
2019-08-27 20:00:00,XBTUSD,1970367,2000576
2019-08-28 04:00:00,XBTUSD,3968971,4000576
2019-08-28 12:00:00,XBTUSD,568,576
2019-08-28 20:00:00,XBTUSD,-439,424
2019-08-29 04:00:00,XBTUSD,-442,424
2019-08-29 12:00:00,XBTUSD,7684887,2000424
2019-08-29 20:00:00,XBTUSD,-210505,2000424
2019-08-30 04:00:00,XBTUSD,6003897,2000424
2019-08-30 12:00:00,XBTUSD,-1379296,2000424
2019-08-30 20:00:00,XBTUSD,5249523,2000424
2019-08-31 04:00:00,XBTUSD,5844915,2000424
2019-08-31 12:00:00,XBTUSD,-1400463,2000424
2019-08-31 20:00:00,XBTUSD,-2088643,2000424
2019-09-01 04:00:00,XBTUSD,-2076640,2000424
2019-09-01 12:00:00,XBTUSD,-442,424
2019-09-01 20:00:00,XBTUSD,-440,424
2019-09-02 04:00:00,XBTUSD,-434,424
2019-09-02 12:00:00,XBTUSD,-138,424
2019-09-02 20:00:00,XBTUSD,12,424
2019-09-03 04:00:00,XBTUSD,-407,424
2019-09-03 12:00:00,XBTUSD,-1089,424
2019-09-03 20:00:00,XBTUSD,-6115752,2000424
2019-09-04 04:00:00,XBTUSD,-399,424
2019-09-04 12:00:00,XBTUSD,-664,424
2019-09-04 20:00:00,XBTUSD,1489,576
2019-09-05 04:00:00,XBTUSD,855,576
2019-09-05 12:00:00,XBTUSD,-401,424
2019-09-05 12:00:00,ETHUSD,5546556,1000000
2019-09-05 20:00:00,ETHUSD,1717000,1000000
2019-09-05 20:00:00,XBTUSD,2828834,2000576
2019-09-06 04:00:00,XBTUSD,1054,576
2019-09-06 04:00:00,ETHUSD,5016186,1000000
2019-09-06 12:00:00,XBTUSD,-581,424
2019-09-06 20:00:00,XBTUSD,-7419753,2000424
2019-09-07 04:00:00,XBTUSD,-2747714,2000424
2019-09-07 12:00:00,XBTUSD,-1918807,2000424
2019-09-07 20:00:00,XBTUSD,-1905404,2000424
2019-09-08 04:00:00,XBTUSD,-402,424
2019-09-08 12:00:00,XBTUSD,-493,424
2019-09-08 20:00:00,XBTUSD,4019139,4000576
2019-09-09 04:00:00,XBTUSD,6752172,4000576
2019-09-09 12:00:00,XBTUSD,-903,424
2019-09-09 20:00:00,XBTUSD,-12029275,4000424
2019-09-10 04:00:00,XBTUSD,-7225006,4000424
2019-09-10 12:00:00,XBTUSD,-413,424
2019-09-10 20:00:00,XBTUSD,-652,424
2019-09-11 04:00:00,XBTUSD,-420,424
2019-09-11 12:00:00,XBTUSD,-422,424
2019-09-11 20:00:00,XBTUSD,-1985621,2000424
2019-09-12 04:00:00,XBTUSD,-420,424
2019-09-12 12:00:00,XBTUSD,-417,424
2019-09-12 20:00:00,XBTUSD,-699,424
2019-09-13 04:00:00,XBTUSD,-408,424
2019-09-13 12:00:00,XBTUSD,-419,424
2019-09-13 20:00:00,XBTUSD,-893,424
2019-09-14 04:00:00,XBTUSD,-794,424
2019-09-14 12:00:00,XBTUSD,-527,424
2019-09-14 20:00:00,XBTUSD,-1201,424
2019-09-15 04:00:00,XBTUSD,-678,424
2019-09-15 12:00:00,XBTUSD,-703,424
2019-09-15 20:00:00,XBTUSD,-679,424
2019-09-16 04:00:00,XBTUSD,-764,424
2019-09-16 12:00:00,XBTUSD,-627,424
2019-09-16 20:00:00,XBTUSD,-1671,424
2019-09-17 04:00:00,XBTUSD,-414,424
2019-09-17 12:00:00,XBTUSD,-417,424
2019-09-17 20:00:00,XBTUSD,-1451,424
2019-09-18 04:00:00,XBTUSD,-415,424
2019-09-18 12:00:00,XBTUSD,-417,424
2019-09-18 20:00:00,XBTUSD,-1621,424
2019-09-19 04:00:00,XBTUSD,-661,424
2019-09-19 12:00:00,XBTUSD,-430,424
2019-09-19 20:00:00,XBTUSD,-419,424
2019-09-20 04:00:00,XBTUSD,563,576
2019-09-20 12:00:00,XBTUSD,1968767,2000576
2019-09-20 20:00:00,XBTUSD,2770,576
2019-09-21 04:00:00,XBTUSD,569,576
2019-09-21 12:00:00,XBTUSD,573,576
2019-09-21 20:00:00,XBTUSD,575,576
2019-09-22 04:00:00,XBTUSD,584,576
2019-09-22 12:00:00,XBTUSD,576,576
2019-09-22 20:00:00,XBTUSD,577,576
2019-09-23 04:00:00,XBTUSD,578,576
2019-09-23 12:00:00,XBTUSD,-2019028,2000424
2019-09-23 20:00:00,XBTUSD,-433,424
2019-09-24 04:00:00,XBTUSD,593,576
2019-09-24 12:00:00,XBTUSD,593,576
2019-09-25 04:00:00,XBTUSD,6756223,2000457
2019-09-25 12:00:00,XBTUSD,3815,457
2019-09-25 20:00:00,XBTUSD,-2398539,2003457
2019-09-26 04:00:00,XBTUSD,-4786533,4003457
2019-09-26 12:00:00,XBTUSD,-4773722,4003457
2019-09-26 20:00:00,XBTUSD,-2461173,2000303
2019-09-27 04:00:00,XBTUSD,-2494978,2000303
2019-09-27 12:00:00,XBTUSD,-2507380,2000303
2019-09-27 20:00:00,XBTUSD,-2499379,2000303
2019-09-28 04:00:00,XBTUSD,2909039,2000303
2019-09-28 12:00:00,XBTUSD,2748896,2000303
2019-09-28 20:00:00,XBTUSD,-371,303
2019-09-29 04:00:00,XBTUSD,316,303
2019-09-29 12:00:00,XBTUSD,-2002137,2000303
2019-09-29 20:00:00,XBTUSD,-2512981,2000303
2019-09-30 04:00:00,XBTUSD,3709738,2000303
2019-09-30 12:00:00,XBTUSD,472222,2000303
2019-09-30 20:00:00,XBTUSD,4828607,4000503
2019-10-01 04:00:00,XBTUSD,4110129,2000503
2019-10-01 12:00:00,XBTUSD,-576,503
2019-10-01 20:00:00,XBTUSD,-151,503
2019-10-02 04:00:00,XBTUSD,2292,503
2019-10-02 12:00:00,XBTUSD,825,503
2019-10-02 20:00:00,XBTUSD,-609,503
2019-10-03 04:00:00,XBTUSD,-549,503
2019-10-03 12:00:00,XBTUSD,-611,503
2019-10-03 20:00:00,XBTUSD,820,503
2019-10-04 04:00:00,XBTUSD,1134,503
2019-10-04 12:00:00,XBTUSD,203,503
2019-10-04 20:00:00,XBTUSD,-613,503
2019-10-05 04:00:00,XBTUSD,1487,503
2019-10-05 12:00:00,XBTUSD,-124,503
2019-10-05 20:00:00,XBTUSD,-199,503
2019-10-06 04:00:00,XBTUSD,-624,503
2019-10-06 12:00:00,XBTUSD,-632,503
2019-10-06 20:00:00,XBTUSD,-115,503
2019-10-07 04:00:00,XBTUSD,-639,503
2019-10-07 12:00:00,XBTUSD,-630,503
2019-10-07 20:00:00,XBTUSD,-1240020,2000503
2019-10-08 04:00:00,XBTUSD,-1401864,2000503
2019-10-08 12:00:00,XBTUSD,-2443814,2000503
2019-10-08 20:00:00,XBTUSD,-2448816,2000503
2019-10-09 04:00:00,XBTUSD,-2462219,2000503
2019-10-09 12:00:00,XBTUSD,-2441214,2000503
2019-10-09 20:00:00,XBTUSD,-585,503
2019-10-10 04:00:00,XBTUSD,-587,503
2019-10-10 12:00:00,XBTUSD,1185188,1014021
2019-10-10 20:00:00,XBTUSD,579,497
2019-10-11 04:00:00,XBTUSD,579,497
2019-10-11 12:00:00,XBTUSD,598,497
2019-10-11 20:00:00,XBTUSD,595,497
2019-10-12 04:00:00,XBTUSD,598,497
2019-10-12 12:00:00,XBTUSD,597,497
2019-10-12 20:00:00,XBTUSD,514,497
2019-10-13 04:00:00,XBTUSD,-2398203,2000503
2019-10-13 12:00:00,XBTUSD,-2199353,2000503
2019-10-13 20:00:00,XBTUSD,-2368596,2000503
2019-10-14 04:00:00,XBTUSD,1206699,1000497
2019-10-14 12:00:00,XBTUSD,2412399,2000497
2019-10-14 20:00:00,XBTUSD,2375798,2000497
2019-10-15 04:00:00,XBTUSD,2405398,2000497
2019-10-15 12:00:00,XBTUSD,2411599,2000497
2019-10-15 20:00:00,XBTUSD,2447208,2000497
2019-10-16 04:00:00,XBTUSD,609,497
2019-10-16 12:00:00,XBTUSD,617,497
2019-10-16 20:00:00,XBTUSD,625,497
2019-10-17 04:00:00,XBTUSD,624,497
2019-10-17 12:00:00,XBTUSD,616,497
2019-10-17 20:00:00,XBTUSD,-2480783,1999503
2019-10-18 04:00:00,XBTUSD,-718383,1999503
2019-10-18 12:00:00,XBTUSD,-635,503
2019-10-18 20:00:00,XBTUSD,1436,503
2019-10-19 04:00:00,XBTUSD,-525,503
2019-10-19 12:00:00,XBTUSD,-633,503
2019-10-19 20:00:00,XBTUSD,-630,503
2019-10-20 04:00:00,XBTUSD,-636,503
2019-10-20 12:00:00,XBTUSD,209,503
2019-10-20 20:00:00,XBTUSD,-610,503
2019-10-21 04:00:00,XBTUSD,-611,503
2019-10-21 12:00:00,XBTUSD,-611,503
2019-10-21 20:00:00,XBTUSD,-613,503
2019-10-22 04:00:00,XBTUSD,-612,503
2019-10-22 12:00:00,XBTUSD,-2413807,2000503
2019-10-22 20:00:00,XBTUSD,-2448416,2000503
2019-10-23 04:00:00,XBTUSD,-2514032,2000503
2019-10-23 12:00:00,XBTUSD,-2510831,2000503
2019-10-23 20:00:00,XBTUSD,678,503
2019-10-24 04:00:00,XBTUSD,4422,503
2019-10-24 12:00:00,XBTUSD,9411766,2000503
2019-10-24 20:00:00,XBTUSD,5477747,2000503
2019-10-25 04:00:00,XBTUSD,7112798,2000503
2019-10-25 12:00:00,XBTUSD,1292847,2000503
2019-10-25 20:00:00,XBTUSD,-35,497
2019-10-26 04:00:00,XBTUSD,518,497
2019-10-26 12:00:00,XBTUSD,5199212,2000497
2019-10-26 20:00:00,XBTUSD,3747323,2000497
2019-10-27 04:00:00,XBTUSD,2182942,2000497
2019-10-27 12:00:00,XBTUSD,535,497
2019-10-27 20:00:00,XBTUSD,-516,503
2019-10-28 04:00:00,XBTUSD,-521,503
2019-10-28 12:00:00,XBTUSD,4903962,2000497
2019-10-28 20:00:00,XBTUSD,4713787,2000497
2019-10-29 04:00:00,XBTUSD,4712299,2000497
2019-10-29 12:00:00,XBTUSD,3516090,2000497
2019-10-29 20:00:00,XBTUSD,10602314,2000497
2019-10-30 04:00:00,XBTUSD,2152935,2000497
2019-10-30 12:00:00,XBTUSD,2196746,2000497
2019-10-30 20:00:00,XBTUSD,540,497
2019-10-31 04:00:00,XBTUSD,545,497
2019-10-31 12:00:00,XBTUSD,544,497
2019-10-31 20:00:00,XBTUSD,538,497
2019-11-01 04:00:00,XBTUSD,547,497
2019-11-01 12:00:00,XBTUSD,541,497
2019-11-01 20:00:00,XBTUSD,541,497
2019-11-02 04:00:00,XBTUSD,537,497
2019-11-02 12:00:00,XBTUSD,536,497
2019-11-02 20:00:00,XBTUSD,-539,503
2019-11-03 04:00:00,XBTUSD,-538,503
2019-11-03 12:00:00,XBTUSD,-549,503
2019-11-03 20:00:00,XBTUSD,-550,503
2019-11-04 04:00:00,XBTUSD,-550,503
2019-11-04 12:00:00,XBTUSD,-542,503
2019-11-04 20:00:00,XBTUSD,-1047,503
2019-11-05 04:00:00,XBTUSD,-635,503
2019-11-05 12:00:00,XBTUSD,-1739,503
2019-11-05 20:00:00,XBTUSD,-1375,503
2019-11-06 04:00:00,XBTUSD,-540,503
2019-11-06 12:00:00,XBTUSD,-1061,503
2019-11-06 20:00:00,XBTUSD,-2023,503
2019-11-07 04:00:00,XBTUSD,-1164,503
2019-11-07 12:00:00,XBTUSD,-6782330,3500503
2019-11-07 20:00:00,XBTUSD,-5673171,3500503
2019-11-08 04:00:00,XBTUSD,-3793145,3500503
2019-11-08 12:00:00,XBTUSD,-5084643,2000512
2019-11-08 20:00:00,XBTUSD,-3185815,2000512
2019-11-09 04:00:00,XBTUSD,-580,512
2019-11-09 12:00:00,XBTUSD,-581,512
2019-11-09 20:00:00,XBTUSD,-584,512
2019-11-10 04:00:00,XBTUSD,-584,512
2019-11-10 12:00:00,XBTUSD,-579,512
2019-11-10 20:00:00,XBTUSD,-566,512
2019-11-11 04:00:00,XBTUSD,-568,512
2019-11-11 12:00:00,XBTUSD,-2292387,2000512
2019-11-11 20:00:00,XBTUSD,-585,512
2019-11-12 04:00:00,XBTUSD,-586,512
2019-11-12 12:00:00,XBTUSD,-586,512
2019-11-12 20:00:00,XBTUSD,-584,512
2019-11-13 04:00:00,XBTUSD,-587,512
2019-11-13 12:00:00,XBTUSD,557,488
2019-11-13 20:00:00,XBTUSD,624,488
2019-11-14 04:00:00,XBTUSD,558,488
2019-11-14 12:00:00,XBTUSD,-594,512
2019-11-14 20:00:00,XBTUSD,-593,512
2019-11-15 04:00:00,XBTUSD,2264562,1933540
2019-11-15 12:00:00,XBTUSD,2322767,2000488
2019-11-15 20:00:00,XBTUSD,576,488
2019-11-16 04:00:00,XBTUSD,578,488
2019-11-16 12:00:00,XBTUSD,-604,512
2019-11-16 20:00:00,XBTUSD,-605,512
2019-11-17 04:00:00,XBTUSD,-604,512
2019-11-17 12:00:00,XBTUSD,-601,512
2019-11-17 20:00:00,XBTUSD,-599,512
2019-11-18 04:00:00,XBTUSD,576,488
2019-11-18 12:00:00,XBTUSD,579,488
2019-11-18 20:00:00,XBTUSD,1167,488
2019-11-19 04:00:00,XBTUSD,-2458829,2000512
2019-11-19 12:00:00,XBTUSD,-4963672,4000703
2019-11-19 20:00:00,XBTUSD,-4944469,4000703
2019-11-20 04:00:00,XBTUSD,-4927666,4000703
2019-11-20 12:00:00,XBTUSD,-870,703
2019-11-20 20:00:00,XBTUSD,-871,703
2019-11-21 04:00:00,XBTUSD,-868,703
2019-11-21 12:00:00,XBTUSD,378,297
2019-11-21 20:00:00,XBTUSD,-923,703
2019-11-22 04:00:00,XBTUSD,-2635726,2000703
2019-11-22 12:00:00,XBTUSD,-121,297
2019-11-22 20:00:00,XBTUSD,-5473362,4000703
2019-11-23 04:00:00,XBTUSD,11589196,2000703
2019-11-23 12:00:00,XBTUSD,1156638,446698
2019-11-23 20:00:00,XBTUSD,438829,4000703
2019-11-24 04:00:00,XBTUSD,55395,2000703
2019-11-24 12:00:00,XBTUSD,-582703,2000703
2019-11-24 20:00:00,XBTUSD,2415189,2000703
2019-11-25 04:00:00,XBTUSD,444,297
2019-11-25 12:00:00,XBTUSD,259,297
2019-11-25 20:00:00,XBTUSD,1373,436
2019-11-26 04:00:00,XBTUSD,-5165651,2000565
2019-11-26 12:00:00,XBTUSD,355,565
2019-11-26 20:00:00,XBTUSD,-1213,565
2019-11-27 04:00:00,XBTUSD,-1963,565
2019-11-27 12:00:00,XBTUSD,-225,435
2019-11-27 20:00:00,XBTUSD,-2641374,2000435
2019-11-28 04:00:00,XBTUSD,-1439629,2000435
2019-11-28 12:00:00,XBTUSD,-2324275,2000435
2019-11-28 20:00:00,XBTUSD,708153,6000435
2019-11-29 04:00:00,XBTUSD,7415622,4000435
2019-11-29 12:00:00,XBTUSD,6484761,4000435
2019-11-29 20:00:00,XBTUSD,-51,435
2019-11-30 04:00:00,XBTUSD,-2581961,2000435
2019-11-30 12:00:00,XBTUSD,260977,2000435
2019-11-30 20:00:00,XBTUSD,197,435
2019-12-01 04:00:00,XBTUSD,-268,435
2019-12-01 12:00:00,XBTUSD,321,435
2019-12-01 20:00:00,XBTUSD,-246,565
2019-12-02 04:00:00,XBTUSD,529,565
2019-12-02 12:00:00,XBTUSD,2604306,2000565
2019-12-02 20:00:00,XBTUSD,2473539,2000565
2019-12-03 04:00:00,XBTUSD,-269,565
2019-12-03 12:00:00,XBTUSD,598,565
2019-12-03 20:00:00,XBTUSD,771,565
2019-12-04 04:00:00,XBTUSD,190,565
2019-12-04 12:00:00,XBTUSD,368,565
2019-12-04 20:00:00,XBTUSD,3372017,2500847
2019-12-05 04:00:00,XBTUSD,-352,847
2019-12-05 12:00:00,XBTUSD,2116,400
2019-12-05 20:00:00,XBTUSD,-466,334
2019-12-06 04:00:00,XBTUSD,453,334
2019-12-06 12:00:00,XBTUSD,-3945395,5000666
2019-12-06 20:00:00,XBTUSD,-894,666
2019-12-07 04:00:00,XBTUSD,-839,666
2019-12-07 12:00:00,XBTUSD,-884,666
2019-12-07 20:00:00,XBTUSD,-884,666
2019-12-08 04:00:00,XBTUSD,-494,666
2019-12-08 12:00:00,XBTUSD,-885,666
2019-12-08 20:00:00,XBTUSD,-257,666
2019-12-09 04:00:00,XBTUSD,-859,666
2019-12-09 12:00:00,XBTUSD,-3344256,2500939
2019-12-09 20:00:00,XBTUSD,-6785774,5000939
2019-12-10 04:00:00,XBTUSD,-10175024,7500939
2019-12-10 12:00:00,XBTUSD,-10222280,7500939
2019-12-10 20:00:00,XBTUSD,-1299,939
2019-12-11 04:00:00,XBTUSD,-6936802,5000939
2019-12-11 12:00:00,XBTUSD,242379,2500939
2019-12-11 20:00:00,XBTUSD,-1305,939
2019-12-12 04:00:00,XBTUSD,696,939
2019-12-12 12:00:00,XBTUSD,-78,939
2019-12-12 20:00:00,XBTUSD,-1304,939
2019-12-13 04:00:00,XBTUSD,-1210,939
2019-12-13 12:00:00,XBTUSD,-1301,939
2019-12-13 20:00:00,XBTUSD,-1295,939
2019-12-14 04:00:00,XBTUSD,-596,939
2019-12-14 12:00:00,XBTUSD,1176,939
2019-12-14 20:00:00,XBTUSD,784,939
2019-12-15 04:00:00,XBTUSD,3770,939
2019-12-15 12:00:00,XBTUSD,727,939
2019-12-15 20:00:00,XBTUSD,-952,939
2019-12-16 04:00:00,XBTUSD,-3541580,2500939
2019-12-16 12:00:00,XBTUSD,-1194,939
2019-12-16 20:00:00,XBTUSD,-1362,939
2019-12-17 04:00:00,XBTUSD,-1367,939
2019-12-17 12:00:00,XBTUSD,1301,939
2019-12-17 20:00:00,XBTUSD,-209,554
2019-12-18 04:00:00,XBTUSD,7412782,2500554
2019-12-18 12:00:00,XBTUSD,18584004,3500554
2019-12-18 20:00:00,XBTUSD,-1003,969
2019-12-19 04:00:00,XBTUSD,-143,31
2019-12-19 12:00:00,XBTUSD,3498743,2500531
2019-12-19 20:00:00,XBTUSD,2062182,4000478
2019-12-20 04:00:00,XBTUSD,-8927327,4000478
2019-12-20 12:00:00,XBTUSD,7001169,5000478
2019-12-20 20:00:00,XBTUSD,6955665,5000478
2019-12-21 04:00:00,XBTUSD,-1674880,5000478
2019-12-21 12:00:00,XBTUSD,1083580,2500478
2019-12-21 20:00:00,XBTUSD,-699634,2500478
2019-12-22 04:00:00,XBTUSD,3328011,2500478
2019-12-22 12:00:00,XBTUSD,667,478
2019-12-22 20:00:00,XBTUSD,645,478
2019-12-23 04:00:00,XBTUSD,629,478
2019-12-23 12:00:00,XBTUSD,633,478
2019-12-23 20:00:00,XBTUSD,3363643,2500478
2019-12-24 04:00:00,XBTUSD,3421654,2500478
2019-12-24 12:00:00,XBTUSD,649,478
2019-12-24 20:00:00,XBTUSD,1845455,1335254
2019-12-25 04:00:00,XBTUSD,1847457,1335254
2019-12-25 12:00:00,XBTUSD,3476040,2505254
2019-12-25 20:00:00,XBTUSD,351,254
2019-12-26 04:00:00,XBTUSD,-3483789,2500746
2019-12-26 12:00:00,XBTUSD,-1039,746
2019-12-26 20:00:00,XBTUSD,-1023,746
2019-12-27 04:00:00,XBTUSD,-1035,746
2019-12-27 12:00:00,XBTUSD,-1050,746
2019-12-27 20:00:00,XBTUSD,353,254
2019-12-28 04:00:00,XBTUSD,349,254
2019-12-28 12:00:00,XBTUSD,348,254
2019-12-28 20:00:00,XBTUSD,347,254
2019-12-29 04:00:00,XBTUSD,348,254
2019-12-29 12:00:00,XBTUSD,347,254
2019-12-29 20:00:00,XBTUSD,340,254
2019-12-30 04:00:00,XBTUSD,3407596,2500254
2019-12-30 12:00:00,XBTUSD,3425848,2500254
2019-12-30 20:00:00,XBTUSD,3465852,2500254
2019-12-31 04:00:00,XBTUSD,352,254
2019-12-31 12:00:00,XBTUSD,3461602,2500254
2019-12-31 20:00:00,XBTUSD,355,254
2020-01-01 04:00:00,XBTUSD,3472603,2500254
2020-01-01 12:00:00,XBTUSD,354,254
2020-01-01 20:00:00,XBTUSD,352,254
2020-01-02 04:00:00,XBTUSD,-1051,746
2020-01-02 12:00:00,XBTUSD,-5643556,4018196
2020-01-02 20:00:00,XBTUSD,-281,196
2020-01-03 04:00:00,XBTUSD,12,804
2020-01-03 12:00:00,XBTUSD,-11,804
2020-01-03 20:00:00,XBTUSD,4805949,3522132
2020-01-04 04:00:00,XBTUSD,6826097,5000804
2020-01-04 12:00:00,XBTUSD,3414348,2500804
2020-01-04 20:00:00,XBTUSD,3415848,2500804
2020-01-05 04:00:00,XBTUSD,3347076,2500804
2020-01-05 12:00:00,XBTUSD,1083,804
2020-01-05 20:00:00,XBTUSD,-2016864,1500196
2020-01-06 04:00:00,XBTUSD,-260,196
2020-01-06 12:00:00,XBTUSD,-1990760,1500196
2020-01-06 20:00:00,XBTUSD,-1990760,1500196
2020-01-07 04:00:00,XBTUSD,-248,196
2020-01-07 12:00:00,XBTUSD,-248,196
2020-01-07 20:00:00,XBTUSD,-5569443,4500196
2020-01-08 04:00:00,XBTUSD,-3613736,3000196
2020-01-08 12:00:00,XBTUSD,-7196035,6000196
2020-01-08 20:00:00,XBTUSD,1883912,1500408
2020-01-09 04:00:00,XBTUSD,-3775945,3000592
2020-01-09 12:00:00,XBTUSD,-820,645
2020-01-09 20:00:00,XBTUSD,3790949,3000355
2020-01-10 04:00:00,XBTUSD,455,355
2020-01-10 12:00:00,XBTUSD,453,355
2020-01-10 20:00:00,XBTUSD,1859240,1500355
2020-01-11 04:00:00,XBTUSD,435,355
2020-01-11 12:00:00,XBTUSD,1867042,1500355
2020-01-11 20:00:00,XBTUSD,1840485,1500355
2020-01-12 04:00:00,XBTUSD,1855189,1500355
2020-01-12 12:00:00,XBTUSD,438,355
2020-01-12 20:00:00,XBTUSD,437,355
2020-01-13 04:00:00,XBTUSD,438,355
2020-01-13 12:00:00,XBTUSD,440,355
2020-01-13 20:00:00,XBTUSD,438,355
2020-01-14 04:00:00,XBTUSD,419,355
2020-01-14 12:00:00,XBTUSD,-757,645
2020-01-14 20:00:00,XBTUSD,1144,355
2020-01-15 04:00:00,XBTUSD,407,355
2020-01-15 04:00:00,ETHUSD,10161250,1000000
2020-01-15 12:00:00,XBTUSD,1454,355
2020-01-15 12:00:00,ETHUSD,15026980,1000000
2020-01-15 20:00:00,XBTUSD,1261,355
2020-01-15 20:00:00,ETHUSD,9965670,1000000
2020-01-16 04:00:00,XBTUSD,-747,645
2020-01-16 04:00:00,ETHUSD,2747184,1000000
2020-01-16 12:00:00,XBTUSD,-741,645
2020-01-16 12:00:00,ETHUSD,9273910,1000000
2020-01-16 20:00:00,XBTUSD,-2390,645
2020-01-16 20:00:00,ETHUSD,8212481,1000000
2020-01-17 04:00:00,XBTUSD,64973,20355
2020-01-17 12:00:00,XBTUSD,-1345511,500645
2020-01-17 20:00:00,XBTUSD,-17263641,3000645
2020-01-18 04:00:00,XBTUSD,-3364623,3000645
2020-01-18 12:00:00,XBTUSD,-1693178,1500645
2020-01-18 20:00:00,XBTUSD,-5380653,1500645
2020-01-19 04:00:00,XBTUSD,-2132908,1500273
2020-01-19 12:00:00,XBTUSD,-378,273
2020-01-19 20:00:00,XBTUSD,-5032973,3000273
2020-01-20 04:00:00,XBTUSD,-1733415,1500273
2020-01-20 12:00:00,XBTUSD,-317,273
2020-01-20 20:00:00,XBTUSD,-1733115,1500273
2020-01-21 04:00:00,XBTUSD,-1733565,1500273
2020-01-21 12:00:00,XBTUSD,-1736566,1500273
2020-01-21 20:00:00,XBTUSD,-11092404,4391605
2020-01-22 04:00:00,XBTUSD,-46394,40357
2020-01-22 12:00:00,XBTUSD,-16773193,4500273
2020-01-22 20:00:00,XBTUSD,-6942316,6000273
2020-01-23 04:00:00,XBTUSD,-7007719,6000273
2020-01-23 12:00:00,XBTUSD,-325,273
2020-01-23 20:00:00,XBTUSD,-327,273
2020-01-24 04:00:00,XBTUSD,-1120,273
2020-01-24 12:00:00,XBTUSD,867,727
2020-01-24 20:00:00,XBTUSD,-322,273
2020-01-25 04:00:00,XBTUSD,-330,273
2020-01-25 12:00:00,XBTUSD,-329,273
2020-01-25 20:00:00,XBTUSD,-327,273
2020-01-26 04:00:00,XBTUSD,-327,273
2020-01-26 12:00:00,XBTUSD,-323,273
2020-01-26 20:00:00,XBTUSD,-319,273
2020-01-27 04:00:00,XBTUSD,-3470116,3000273
2020-01-27 12:00:00,XBTUSD,-3444613,3000273
2020-01-27 20:00:00,XBTUSD,-306,273
2020-01-28 04:00:00,XBTUSD,-300,273
2020-01-28 12:00:00,XBTUSD,6954159,1500727
2020-01-28 20:00:00,XBTUSD,20486161,3000727
2020-01-29 04:00:00,XBTUSD,1853,727
2020-01-29 12:00:00,XBTUSD,4677,727
2020-01-29 20:00:00,XBTUSD,-1968,273
2020-01-30 04:00:00,XBTUSD,-932,273
2020-01-30 12:00:00,XBTUSD,-2541605,541049
2020-01-30 20:00:00,XBTUSD,-2105,273
2020-01-31 04:00:00,XBTUSD,-918,273
2020-01-31 12:00:00,XBTUSD,-6960801,3000273
2020-01-31 20:00:00,XBTUSD,-8432879,1500273
2020-02-01 04:00:00,XBTUSD,-4779290,4500273
2020-02-01 12:00:00,XBTUSD,-1606192,1500273
2020-02-01 20:00:00,XBTUSD,-13628550,4500273
2020-02-02 04:00:00,XBTUSD,-3436303,3000273
2020-02-02 12:00:00,XBTUSD,-7962045,7500749
2020-02-02 20:00:00,XBTUSD,-28461157,7500749
2020-02-03 04:00:00,XBTUSD,-42585532,7500749
2020-02-03 12:00:00,XBTUSD,-3957037,3000749
2020-02-03 20:00:00,XBTUSD,-4836955,4500749
2020-02-04 04:00:00,XBTUSD,-3237208,3000749
2020-02-04 12:00:00,XBTUSD,-1637017,1500749
2020-02-04 20:00:00,XBTUSD,-1835980,1500749
2020-02-05 04:00:00,XBTUSD,-813,749
2020-02-05 12:00:00,XBTUSD,-797,749
2020-02-05 20:00:00,XBTUSD,-3824,749
2020-02-06 04:00:00,XBTUSD,-5511,749
2020-02-06 12:00:00,XBTUSD,37204087,3000251
2020-02-06 20:00:00,XBTUSD,-4110,749
2020-02-07 04:00:00,XBTUSD,-4580013,1500749
2020-02-07 12:00:00,XBTUSD,-3609,749
2020-02-07 20:00:00,XBTUSD,-11960717,1500749
2020-02-08 04:00:00,XBTUSD,-4235414,1500749
2020-02-08 12:00:00,XBTUSD,-19027990,7500749
2020-02-08 20:00:00,XBTUSD,-9154190,3000749
2020-02-09 04:00:00,XBTUSD,-24894039,4500749
2020-02-09 12:00:00,XBTUSD,-1683,749
2020-02-09 20:00:00,XBTUSD,-26087241,4500749
2020-02-10 04:00:00,XBTUSD,-31240599,4500749
2020-02-10 12:00:00,XBTUSD,1285,251
2020-02-10 20:00:00,XBTUSD,1778,251
2020-02-11 04:00:00,XBTUSD,8513852,6000251
2020-02-11 12:00:00,XBTUSD,14812567,3000439
2020-02-11 20:00:00,XBTUSD,18587488,4500439
2020-02-12 04:00:00,XBTUSD,12349111,3000439
2020-02-12 12:00:00,XBTUSD,3562,439
2020-02-12 20:00:00,XBTUSD,-5462,561
2020-02-13 04:00:00,XBTUSD,-2512,561
2020-02-13 12:00:00,XBTUSD,-24571578,4500561
2020-02-13 20:00:00,XBTUSD,-24565479,3000561
2020-02-14 04:00:00,XBTUSD,-13604341,4500561
2020-02-14 12:00:00,XBTUSD,-13830741,3000561
2020-02-14 20:00:00,XBTUSD,-24561824,3000561
2020-02-15 04:00:00,XBTUSD,-12024820,3000561
2020-02-15 12:00:00,XBTUSD,-2932148,3000561
2020-02-15 20:00:00,XBTUSD,-3033867,3000561
2020-02-16 04:00:00,XBTUSD,-7495311,7500561
2020-02-16 12:00:00,XBTUSD,-7558315,7500561
2020-02-16 20:00:00,XBTUSD,-953293,930405
2020-02-17 04:00:00,XBTUSD,-604,182
2020-02-17 12:00:00,XBTUSD,-8132108,3000241
2020-02-17 20:00:00,XBTUSD,-33333667,6000241
2020-02-18 04:00:00,XBTUSD,-44450670,10500241
2020-02-18 12:00:00,XBTUSD,-248,241
2020-02-18 20:00:00,XBTUSD,-239,241
2020-02-19 04:00:00,XBTUSD,-398,241
2020-02-19 12:00:00,XBTUSD,-8208959,1500241
2020-02-19 20:00:00,XBTUSD,-9623110,1500241
2020-02-20 04:00:00,XBTUSD,-10629236,4500241
2020-02-20 12:00:00,XBTUSD,-6268452,6000241
2020-02-20 20:00:00,XBTUSD,-9416952,9000241
2020-02-21 04:00:00,XBTUSD,-10806848,10500241
2020-02-21 12:00:00,XBTUSD,-9268448,9000241
2020-02-21 20:00:00,XBTUSD,-9285549,9000241
2020-02-22 04:00:00,XBTUSD,-9300849,9000241
2020-02-22 12:00:00,XBTUSD,-9324250,9000241
2020-02-22 20:00:00,XBTUSD,-9287349,9000241
2020-02-23 04:00:00,XBTUSD,-9178446,9000241
2020-02-23 12:00:00,XBTUSD,-9127144,9000241
2020-02-23 20:00:00,XBTUSD,-9084843,9000241
2020-02-24 04:00:00,XBTUSD,-7672747,7500241
2020-02-24 12:00:00,XBTUSD,-3564645,3500241
2020-02-24 20:00:00,XBTUSD,-6252251,6000241
2020-02-25 04:00:00,XBTUSD,-6261251,6000241
2020-02-25 12:00:00,XBTUSD,-250,241
2020-02-25 20:00:00,XBTUSD,-441,241
2020-02-26 04:00:00,XBTUSD,-1064,241
2020-02-26 12:00:00,XBTUSD,-12054056,3045130
2020-02-26 20:00:00,XBTUSD,-50593665,6000374
2020-02-27 04:00:00,XBTUSD,-8245234,6000374
2020-02-27 12:00:00,XBTUSD,-8520243,7500874
2020-02-27 20:00:00,XBTUSD,-13472181,12000874
2020-02-28 04:00:00,XBTUSD,-11877539,10500874
2020-02-28 12:00:00,XBTUSD,-8749019,7500874
2020-02-28 20:00:00,XBTUSD,-1020,874
2020-02-29 04:00:00,XBTUSD,-3437501,3000874
2020-02-29 12:00:00,XBTUSD,-6959513,3000874
2020-02-29 20:00:00,XBTUSD,-7055282,4500874
2020-03-01 04:00:00,XBTUSD,-5224615,4500874
2020-03-01 12:00:00,XBTUSD,-3470211,3000874
2020-03-01 20:00:00,XBTUSD,-3516124,3000874
2020-03-02 04:00:00,XBTUSD,-6974216,6000874
2020-03-02 12:00:00,XBTUSD,-21028115,4500874
2020-03-02 20:00:00,XBTUSD,-5061683,4500874
2020-03-03 04:00:00,XBTUSD,-5066184,4500874
2020-03-03 12:00:00,XBTUSD,-5070685,4500874
2020-03-03 20:00:00,XBTUSD,-5165653,4500874
2020-03-04 04:00:00,XBTUSD,-5121995,4500874
2020-03-04 12:00:00,XBTUSD,-6880002,6000874
2020-03-04 20:00:00,XBTUSD,-5146749,4500874
2020-03-05 04:00:00,XBTUSD,-6755184,6000874
2020-03-05 12:00:00,XBTUSD,-959,874
2020-03-05 20:00:00,XBTUSD,-6546353,6000874
2020-03-06 04:00:00,XBTUSD,-6630366,6000874
2020-03-06 12:00:00,XBTUSD,-6562556,6000874
2020-03-06 20:00:00,XBTUSD,-3296160,3000874
2020-03-07 04:00:00,XBTUSD,-3292559,3000874
2020-03-07 12:00:00,XBTUSD,-3291959,3000874
2020-03-07 20:00:00,XBTUSD,-3370582,3000874
2020-03-08 04:00:00,XBTUSD,-3427898,3000874
2020-03-08 12:00:00,XBTUSD,-3429399,3000874
2020-03-08 20:00:00,XBTUSD,-5427154,4500874
2020-03-09 04:00:00,XBTUSD,-1082,874
2020-03-09 12:00:00,XBTUSD,-1120,874
2020-03-09 20:00:00,XBTUSD,161,126
2020-03-10 04:00:00,XBTUSD,-1106,874
2020-03-10 12:00:00,XBTUSD,-1083,874
2020-03-10 20:00:00,XBTUSD,1653782,3000874
2020-03-11 04:00:00,XBTUSD,-3786503,3000874
2020-03-11 12:00:00,XBTUSD,-2030703,3000874
2020-03-11 20:00:00,XBTUSD,1915211,1500126
2020-03-12 04:00:00,XBTUSD,164,126
2020-03-12 20:00:00,XBTUSD,84177145,3000573
2020-03-13 04:00:00,XBTUSD,-1788871,25741
2020-03-13 12:00:00,XBTUSD,275509438,4009670
2020-03-13 20:00:00,XBTUSD,206661604,3000477
2020-03-14 04:00:00,XBTUSD,200979451,3000477
2020-03-14 12:00:00,XBTUSD,204399994,3000477
2020-03-14 20:00:00,XBTUSD,208315617,3000477
2020-03-15 04:00:00,XBTUSD,87030336,3000477
2020-03-15 12:00:00,XBTUSD,75728256,3000477
2020-03-15 20:00:00,XBTUSD,54649023,3000477
2020-03-16 04:00:00,XBTUSD,3137625,3000933
2020-03-16 12:00:00,XBTUSD,8848,625
2020-03-16 20:00:00,XBTUSD,17982,395
2020-03-17 04:00:00,XBTUSD,82685943,2000395
2020-03-17 12:00:00,XBTUSD,55892814,2000727
2020-03-17 20:00:00,XBTUSD,27948872,2000727
2020-03-18 04:00:00,XBTUSD,28016764,2000727
2020-03-18 12:00:00,XBTUSD,41793372,3000727
2020-03-18 20:00:00,XBTUSD,40728754,3050758
2020-03-19 04:00:00,XBTUSD,17006399,1807529
2020-03-19 12:00:00,XBTUSD,6847332,1807529
2020-03-19 20:00:00,XBTUSD,22514301,3000529
2020-03-20 04:00:00,XBTUSD,69421855,6094634
2020-03-20 12:00:00,XBTUSD,8324509,3024393
2020-03-20 20:00:00,XBTUSD,-13666274,2005607
2020-03-21 04:00:00,XBTUSD,23925,16462
2020-03-21 12:00:00,XBTUSD,-484,538
2020-03-21 20:00:00,XBTUSD,68315,9245
2020-03-22 04:00:00,XBTUSD,38643694,6009245
2020-03-22 12:00:00,XBTUSD,50045245,6009245
2020-03-22 20:00:00,XBTUSD,39496,9245
2020-03-23 04:00:00,XBTUSD,-35143331,2278785
2020-03-23 12:00:00,XBTUSD,-15464029,3000785
2020-03-23 20:00:00,XBTUSD,25802004,4000235
2020-03-24 04:00:00,XBTUSD,305196,2000235
2020-03-24 12:00:00,XBTUSD,5682902,4006016
2020-03-24 20:00:00,XBTUSD,119267,4006016
2020-03-25 04:00:00,XBTUSD,18844690,3006016
2020-03-25 12:00:00,XBTUSD,12564048,4006016
2020-03-25 20:00:00,XBTUSD,13599623,4006016
2020-03-26 04:00:00,XBTUSD,40496347,5006016
2020-03-26 12:00:00,XBTUSD,6126508,5006016
2020-03-26 20:00:00,XBTUSD,-7554968,6006016
2020-03-27 04:00:00,XBTUSD,16978985,3006016
2020-03-27 12:00:00,XBTUSD,-9055120,6006315
2020-03-27 20:00:00,XBTUSD,46258351,5006315
2020-03-28 04:00:00,XBTUSD,6215958,4006315
2020-03-28 12:00:00,XBTUSD,40725740,7006315
2020-03-28 20:00:00,XBTUSD,113091067,7006315
2020-03-29 04:00:00,XBTUSD,37671488,6006315
2020-03-29 12:00:00,XBTUSD,5382679,6006315
2020-03-29 20:00:00,XBTUSD,23004189,4006315
2020-03-30 04:00:00,XBTUSD,1965,315
2020-03-30 12:00:00,XBTUSD,2706,315
2020-03-30 20:00:00,XBTUSD,-3716,685
2020-03-31 04:00:00,XBTUSD,-931047,2000315
2020-03-31 12:00:00,XBTUSD,-4688592,3000315
2020-03-31 20:00:00,XBTUSD,974,315
2020-04-01 04:00:00,XBTUSD,1818,315
2020-04-01 12:00:00,XBTUSD,11770539,3000315
2020-04-01 20:00:00,XBTUSD,28437550,3000315
2020-04-02 04:00:00,XBTUSD,32139587,4000315
2020-04-02 12:00:00,XBTUSD,-5974870,4000315
2020-04-02 20:00:00,XBTUSD,-8810078,6000189
2020-04-03 04:00:00,XBTUSD,-8844279,6000189
2020-04-03 12:00:00,XBTUSD,27706761,6000189
2020-04-03 20:00:00,XBTUSD,24072758,6000189
2020-04-04 04:00:00,XBTUSD,38752989,6000189
2020-04-04 12:00:00,XBTUSD,40076654,6000189
2020-04-04 20:00:00,XBTUSD,10742960,6000189
2020-04-05 04:00:00,XBTUSD,13314995,6000189
2020-04-05 12:00:00,XBTUSD,-8844279,6000189
2020-04-05 20:00:00,XBTUSD,-8816678,6000189
2020-04-06 04:00:00,XBTUSD,-613177,6000189
2020-04-06 12:00:00,XBTUSD,-266,189
2020-04-06 20:00:00,XBTUSD,-4121060,3000189
2020-04-07 04:00:00,XBTUSD,-4091958,3000189
2020-04-07 12:00:00,XBTUSD,-4057756,3000189
2020-04-07 20:00:00,XBTUSD,2386212,3000189
2020-04-08 04:00:00,XBTUSD,7278135,3520511
2020-04-08 12:00:00,XBTUSD,-4685840,9000189
2020-04-08 20:00:00,XBTUSD,-9565934,7000830
2020-04-09 04:00:00,XBTUSD,1398919,6000830
2020-04-09 12:00:00,XBTUSD,22934872,6000830
2020-04-09 20:00:00,XBTUSD,14576210,10000830
2020-04-10 04:00:00,XBTUSD,36762411,10000830
2020-04-10 12:00:00,XBTUSD,15917607,7000831
2020-04-10 20:00:00,XBTUSD,89711525,8361343
2020-04-11 04:00:00,XBTUSD,89532754,8218695
2020-04-11 12:00:00,XBTUSD,30060107,8218695
2020-04-11 20:00:00,XBTUSD,7599942,8218695
2020-04-12 04:00:00,XBTUSD,36394239,8218695
2020-04-12 12:00:00,XBTUSD,14724762,8218695
2020-04-12 20:00:00,XBTUSD,9969818,3000695
2020-04-13 04:00:00,XBTUSD,16746284,10000695
2020-04-13 12:00:00,XBTUSD,105202031,10000695
2020-04-13 20:00:00,XBTUSD,36757121,3000695
2020-04-14 04:00:00,XBTUSD,22623660,4229493
2020-04-14 12:00:00,XBTUSD,3945614,3000695
2020-04-14 20:00:00,XBTUSD,-129918,3000695
2020-04-15 04:00:00,XBTUSD,2051,695
2020-04-15 12:00:00,XBTUSD,3034,695
2020-04-15 20:00:00,XBTUSD,9224608,3000695
2020-04-16 04:00:00,XBTUSD,15997875,3000695
2020-04-16 12:00:00,XBTUSD,-24079939,3000768
2020-04-16 20:00:00,XBTUSD,1085,768
2020-04-17 04:00:00,XBTUSD,1083,768
2020-04-17 12:00:00,XBTUSD,1084,768
2020-04-17 20:00:00,XBTUSD,901,768
2020-04-18 04:00:00,XBTUSD,-1179,768
2020-04-18 12:00:00,XBTUSD,-1090,768
2020-04-18 20:00:00,XBTUSD,1063,768
2020-04-19 04:00:00,XBTUSD,1061,768
2020-04-19 12:00:00,XBTUSD,-193,768
2020-04-19 20:00:00,XBTUSD,-1462,768
2020-04-20 04:00:00,XBTUSD,-321,768
2020-04-20 12:00:00,XBTUSD,-333,232
2020-04-20 20:00:00,XBTUSD,-4119230,2790428
2020-04-21 04:00:00,XBTUSD,19745515,2790428
2020-04-21 12:00:00,XBTUSD,27110063,2790428
2020-04-21 20:00:00,XBTUSD,-2527,572
2020-04-22 04:00:00,XBTUSD,-1923,572
2020-04-22 12:00:00,XBTUSD,-2053,572
2020-04-22 20:00:00,XBTUSD,338,428
2020-04-23 04:00:00,XBTUSD,-601,428
2020-04-23 12:00:00,XBTUSD,-144,428
2020-04-23 20:00:00,XBTUSD,227,428
2020-04-24 04:00:00,XBTUSD,-568,428
2020-04-24 12:00:00,XBTUSD,-571,428
2020-04-24 20:00:00,XBTUSD,-569,428
2020-04-25 04:00:00,XBTUSD,-568,428
2020-04-25 12:00:00,XBTUSD,-403,428
2020-04-25 20:00:00,XBTUSD,-567,428
2020-04-26 04:00:00,XBTUSD,-1140,572
2020-04-26 12:00:00,XBTUSD,-6260277,6000572
2020-04-26 20:00:00,XBTUSD,417961,1000174
2020-04-27 04:00:00,XBTUSD,-671,426
2020-04-27 12:00:00,XBTUSD,5903794,6000425
2020-04-27 20:00:00,XBTUSD,-430,474
2020-04-28 04:00:00,XBTUSD,-1014,474
2020-04-28 12:00:00,XBTUSD,-679,526
2020-04-28 20:00:00,XBTUSD,-681,526
2020-04-29 04:00:00,XBTUSD,1947,683
2020-04-29 12:00:00,XBTUSD,88,652
2020-04-29 20:00:00,XBTUSD,-4579598,4000348
2020-04-30 04:00:00,XBTUSD,-6456374,6000348
2020-04-30 12:00:00,XBTUSD,-4512544,3993755
2020-04-30 20:00:00,XBTUSD,-6772112,5994080
2020-05-01 04:00:00,XBTUSD,9227878,8000588
2020-05-01 12:00:00,XBTUSD,653,588
2020-05-01 20:00:00,XBTUSD,6871337,6000644
2020-05-02 04:00:00,XBTUSD,6787328,6000644
2020-05-02 12:00:00,XBTUSD,6777727,6000644
2020-05-02 20:00:00,XBTUSD,725,644
2020-05-03 04:00:00,XBTUSD,704,644
2020-05-03 12:00:00,XBTUSD,712,644
2020-05-03 20:00:00,XBTUSD,725,644
2020-05-04 04:00:00,XBTUSD,-2336965,4002695
2020-05-04 12:00:00,XBTUSD,3799051,6002751
2020-05-04 20:00:00,XBTUSD,-461196,995018
2020-05-05 04:00:00,XBTUSD,1122181,995018
2020-05-05 12:00:00,XBTUSD,1732761,1534775
2020-05-05 20:00:00,XBTUSD,1721097,1534775
2020-05-06 04:00:00,XBTUSD,666200,1534775
2020-05-06 12:00:00,XBTUSD,830,775
2020-05-06 20:00:00,XBTUSD,-65405,60571
2020-05-07 04:00:00,XBTUSD,-3272,3045
2020-05-07 12:00:00,XBTUSD,-3277,3045
2020-05-07 20:00:00,XBTUSD,967,955
2020-05-08 04:00:00,XBTUSD,961,955
2020-05-08 12:00:00,XBTUSD,963,955
2020-05-08 20:00:00,XBTUSD,958,955
2020-05-09 04:00:00,XBTUSD,968,955
2020-05-09 12:00:00,XBTUSD,-2076447,2000045
2020-05-09 20:00:00,XBTUSD,-2052540,2000721
2020-05-10 04:00:00,XBTUSD,-73410,85645
2020-05-10 12:00:00,XBTUSD,-3856,931
2020-05-10 20:00:00,XBTUSD,-2698,931
2020-05-11 04:00:00,XBTUSD,1701460,2000931
2020-05-11 12:00:00,XBTUSD,4483443,4000931
2020-05-11 20:00:00,XBTUSD,-5287080,4629667
2020-05-12 04:00:00,XBTUSD,-1160738,204422
2020-05-12 12:00:00,XBTUSD,-290,501
2020-05-12 20:00:00,XBTUSD,570,501
2020-05-13 04:00:00,XBTUSD,-382,501
2020-05-13 12:00:00,XBTUSD,554,501
2020-05-13 20:00:00,XBTUSD,547,501
2020-05-14 04:00:00,XBTUSD,-5451333,6000499
2020-05-14 12:00:00,XBTUSD,-8266116,8000499
2020-05-14 20:00:00,XBTUSD,-4140917,4000499
2020-05-15 04:00:00,XBTUSD,-526,499
2020-05-15 12:00:00,XBTUSD,-520,499
2020-05-15 20:00:00,XBTUSD,-534,499
2020-05-16 04:00:00,XBTUSD,-530,499
2020-05-16 12:00:00,XBTUSD,-530,499
2020-05-16 20:00:00,XBTUSD,-535,499
2020-05-17 04:00:00,XBTUSD,-523,499
2020-05-17 12:00:00,XBTUSD,-524,499
2020-05-17 20:00:00,XBTUSD,-511,499
2020-05-18 04:00:00,XBTUSD,-1543,499
2020-05-18 12:00:00,XBTUSD,-518,499
2020-05-18 20:00:00,XBTUSD,-514,499
2020-05-19 04:00:00,XBTUSD,-524,499
2020-05-19 12:00:00,XBTUSD,515,501
2020-05-19 20:00:00,XBTUSD,-518,499
2020-05-20 04:00:00,XBTUSD,-513,499
2020-05-20 12:00:00,XBTUSD,-513,499
2020-05-20 20:00:00,XBTUSD,-8664223,8261082
2020-05-21 04:00:00,XBTUSD,-8726181,8261082
2020-05-21 12:00:00,XBTUSD,-1459940,5261082
2020-05-21 20:00:00,XBTUSD,-3320378,3007589
2020-05-22 04:00:00,XBTUSD,-3349251,3007589
2020-05-22 12:00:00,XBTUSD,-2162516,6007589
2020-05-22 20:00:00,XBTUSD,-8184774,7507589
2020-05-23 04:00:00,XBTUSD,7755760,7507589
2020-05-23 12:00:00,XBTUSD,3106505,7507589
2020-05-23 20:00:00,XBTUSD,-7274426,7507589
2020-05-24 04:00:00,XBTUSD,-1566600,9007589
2020-05-24 12:00:00,XBTUSD,-9882226,9007589
2020-05-24 20:00:00,XBTUSD,-6655294,6000085
2020-05-25 04:00:00,XBTUSD,-1178266,4500085
2020-05-25 12:00:00,XBTUSD,14741039,6000085
2020-05-25 20:00:00,XBTUSD,7402325,4500085
2020-05-26 04:00:00,XBTUSD,3790872,4500085
2020-05-26 12:00:00,XBTUSD,-6766896,6000085
2020-05-26 20:00:00,XBTUSD,-4861622,4500085
2020-05-27 04:00:00,XBTUSD,5556489,4500085
2020-05-27 12:00:00,XBTUSD,-45,85
2020-05-27 20:00:00,XBTUSD,-93,85
2020-05-28 04:00:00,XBTUSD,-93,85
2020-05-28 12:00:00,XBTUSD,-4865147,4506852
2020-05-28 20:00:00,XBTUSD,-4766897,4506852
2020-05-29 04:00:00,XBTUSD,-50,48
2020-05-29 12:00:00,XBTUSD,-51,48
2020-05-29 20:00:00,XBTUSD,-51,48
2020-05-30 04:00:00,XBTUSD,-51,48
2020-05-30 12:00:00,XBTUSD,-50,48
2020-05-30 20:00:00,XBTUSD,-50,48
2020-05-31 04:00:00,XBTUSD,-50,48
2020-05-31 12:00:00,XBTUSD,-50,48
2020-05-31 20:00:00,XBTUSD,-50,48
2020-06-01 04:00:00,XBTUSD,-50,48
2020-06-01 12:00:00,XBTUSD,-50,48
2020-06-01 20:00:00,XBTUSD,-50,48
2020-06-02 04:00:00,XBTUSD,2972752,3000052
2020-06-02 12:00:00,XBTUSD,97634718,6000052
2020-06-02 20:00:00,XBTUSD,-62840372,6885092
2020-06-03 04:00:00,XBTUSD,-9,9
2020-06-03 12:00:00,XBTUSD,-9,9
2020-06-03 20:00:00,XBTUSD,-9,9
2020-06-04 04:00:00,XBTUSD,-9,9
2020-06-04 12:00:00,XBTUSD,-9,9
2020-06-04 20:00:00,XBTUSD,-9,9
2020-06-05 04:00:00,XBTUSD,-9,9
2020-06-05 12:00:00,XBTUSD,-4645809,4500009
2020-06-05 20:00:00,XBTUSD,-4626009,4500009
2020-06-06 04:00:00,XBTUSD,-4673709,4500009
2020-06-06 12:00:00,XBTUSD,-9,9
2020-06-06 20:00:00,XBTUSD,-4657059,4500009
2020-06-07 04:00:00,XBTUSD,-4646709,4500009
2020-06-07 12:00:00,XBTUSD,-10968309,10500009
2020-06-07 20:00:00,XBTUSD,-10722609,10500009
2020-06-08 04:00:00,XBTUSD,10689200,4500009
2020-06-08 12:00:00,XBTUSD,-4617009,4500009
2020-06-08 20:00:00,XBTUSD,-6172941,4500009
2020-06-09 04:00:00,XBTUSD,-4646709,4500009
2020-06-09 12:00:00,XBTUSD,-4626909,4500009
2020-06-09 20:00:00,XBTUSD,-4623759,4500009
2020-06-10 04:00:00,XBTUSD,-4610709,4500009
2020-06-10 12:00:00,XBTUSD,-4624209,4500009
2020-06-10 20:00:00,XBTUSD,-4567059,4500009
2020-06-11 04:00:00,XBTUSD,-9,9
2020-06-11 12:00:00,XBTUSD,-4541281,4441351
2020-06-11 20:00:00,XBTUSD,-4894768,4540180
2020-06-12 04:00:00,XBTUSD,-9669377,9040180
2020-06-12 12:00:00,XBTUSD,29396637,11928091
2020-06-12 20:00:00,XBTUSD,-336655,4533711
2020-06-13 04:00:00,XBTUSD,-8008335,7533711
2020-06-13 12:00:00,XBTUSD,-11201548,10533711
2020-06-13 20:00:00,XBTUSD,-11199442,10533711
2020-06-14 04:00:00,XBTUSD,11614554,10533711
2020-06-14 12:00:00,XBTUSD,-11175214,10533711
2020-06-14 20:00:00,XBTUSD,-11213135,10533711
2020-06-15 04:00:00,XBTUSD,-6594243,6033711
2020-06-15 12:00:00,XBTUSD,-812,740
2020-06-15 20:00:00,XBTUSD,-828198,3000260
2020-06-16 04:00:00,XBTUSD,2037927,3000260
2020-06-16 12:00:00,XBTUSD,224,213
2020-06-16 20:00:00,XBTUSD,224,213
2020-06-17 04:00:00,XBTUSD,225,213
2020-06-17 12:00:00,XBTUSD,220,213
2020-06-17 20:00:00,XBTUSD,3221929,3000213
2020-06-18 04:00:00,XBTUSD,3185626,3000213
2020-06-18 12:00:00,XBTUSD,3182926,3000213
2020-06-18 20:00:00,XBTUSD,227,213
2020-06-19 04:00:00,XBTUSD,6474830,6000213
2020-06-19 12:00:00,XBTUSD,6400427,6000213
2020-06-19 20:00:00,XBTUSD,6451429,6000213
2020-06-20 04:00:00,XBTUSD,6435828,6000213
2020-06-20 12:00:00,XBTUSD,6436428,6000213
2020-06-20 20:00:00,XBTUSD,6459229,6000213
2020-06-21 04:00:00,XBTUSD,6404027,6000213
2020-06-21 12:00:00,XBTUSD,6416028,6000213
2020-06-21 20:00:00,XBTUSD,228,213
2020-06-22 04:00:00,XBTUSD,227,213
2020-06-22 12:00:00,XBTUSD,225,213
2020-06-22 20:00:00,XBTUSD,-823,787
2020-06-23 04:00:00,XBTUSD,-4662815,4500787
2020-06-23 12:00:00,XBTUSD,-4671367,4500787
2020-06-23 20:00:00,XBTUSD,-7931377,4500787
2020-06-24 04:00:00,XBTUSD,-7777566,7500787
2020-06-24 12:00:00,XBTUSD,-7223303,6726234
2020-06-24 20:00:00,XBTUSD,-11301187,10500034
2020-06-25 04:00:00,XBTUSD,-8258287,7500034
2020-06-25 12:00:00,XBTUSD,-6242803,7500034
2020-06-25 20:00:00,XBTUSD,-8080537,7500034
2020-06-26 04:00:00,XBTUSD,-10214961,9434710
2020-06-26 12:00:00,XBTUSD,-8179750,7500917
2020-06-26 20:00:00,XBTUSD,-9820901,9000917
2020-06-27 04:00:00,XBTUSD,-8195502,7500917
2020-06-27 12:00:00,XBTUSD,-6556602,6000917
2020-06-27 20:00:00,XBTUSD,-1026,917
2020-06-28 04:00:00,XBTUSD,93,83
2020-06-28 12:00:00,XBTUSD,-108,83
2020-06-28 20:00:00,XBTUSD,26,83
2020-06-29 04:00:00,XBTUSD,91,83
2020-06-29 12:00:00,XBTUSD,102974,93553
2020-06-29 20:00:00,XBTUSD,215,203
2020-06-30 04:00:00,XBTUSD,222,203
2020-06-30 12:00:00,XBTUSD,222,203
2020-06-30 20:00:00,XBTUSD,222,203
2020-07-01 04:00:00,XBTUSD,-1379440,4500797
2020-07-01 12:00:00,XBTUSD,1621313,4500797
2020-07-01 20:00:00,XBTUSD,-241,223
2020-07-02 04:00:00,XBTUSD,-9739141,9000223
2020-07-02 12:00:00,XBTUSD,-9785042,9000223
2020-07-02 20:00:00,XBTUSD,-11600706,10500277
2020-07-03 04:00:00,XBTUSD,8118250,9000277
2020-07-03 12:00:00,XBTUSD,-7024104,9000277
2020-07-03 20:00:00,XBTUSD,-9900305,9000277
2020-07-04 04:00:00,XBTUSD,-10833106,12000277
2020-07-04 12:00:00,XBTUSD,5958498,12000277
2020-07-04 20:00:00,XBTUSD,-13143903,12000277
2020-07-05 04:00:00,XBTUSD,-13145103,12000277
2020-07-05 12:00:00,XBTUSD,-13279507,12000277
2020-07-05 20:00:00,XBTUSD,16832713,20000277
2020-07-06 04:00:00,XBTUSD,-5501152,10000277
2020-07-06 12:00:00,XBTUSD,622,574
2020-07-06 20:00:00,XBTUSD,995826,925661
2020-07-07 04:00:00,XBTUSD,3227417,3000574
2020-07-07 12:00:00,XBTUSD,3236119,3000574
2020-07-07 20:00:00,XBTUSD,3249922,3000574
2020-07-08 04:00:00,ETHUSD,1903580,787645
2020-07-08 04:00:00,XBTUSD,3224117,3000574
2020-07-08 12:00:00,ETHUSD,5574975,787645
2020-07-08 12:00:00,XBTUSD,3222316,3000574
2020-07-08 20:00:00,ETHUSD,12283122,787645
2020-07-08 20:00:00,XBTUSD,3179108,3000574
2020-07-09 04:00:00,XBTUSD,611,574
2020-07-09 04:00:00,ETHUSD,13000542,787645
2020-07-09 12:00:00,ETHUSD,17527883,787645
2020-07-09 12:00:00,XBTUSD,3192611,3000574
2020-07-09 20:00:00,ETHUSD,10585067,787645
2020-07-09 20:00:00,XBTUSD,6508223,6000574
2020-07-10 04:00:00,XBTUSD,623,574
2020-07-10 04:00:00,ETHUSD,5944102,787645
2020-07-10 12:00:00,XBTUSD,627,574
2020-07-10 12:00:00,ETHUSD,4234627,787645
2020-07-10 20:00:00,XBTUSD,622,574
2020-07-10 20:00:00,ETHUSD,16862391,787645
2020-07-11 04:00:00,XBTUSD,619,574
2020-07-11 04:00:00,ETHUSD,8276654,787645
2020-07-11 12:00:00,XBTUSD,624,574
2020-07-11 12:00:00,ETHUSD,6615764,787645
2020-07-11 20:00:00,XBTUSD,623,574
2020-07-11 20:00:00,ETHUSD,1930671,787645
2020-07-12 04:00:00,XBTUSD,619,574
2020-07-12 04:00:00,ETHUSD,1897988,787645
2020-07-12 12:00:00,XBTUSD,621,574
2020-07-12 12:00:00,ETHUSD,1886804,787645
2020-07-12 20:00:00,XBTUSD,622,574
2020-07-12 20:00:00,ETHUSD,3194712,787645
2020-07-13 04:00:00,XBTUSD,619,574
2020-07-13 04:00:00,ETHUSD,1903108,787645
2020-07-13 12:00:00,XBTUSD,617,574
2020-07-13 12:00:00,ETHUSD,7418241,787645
2020-07-13 20:00:00,XBTUSD,622,574
2020-07-13 20:00:00,ETHUSD,11037440,787645
2020-07-14 04:00:00,XBTUSD,623,574
2020-07-14 12:00:00,XBTUSD,-462,426
2020-07-14 20:00:00,XBTUSD,-460,426
2020-07-15 04:00:00,XBTUSD,-461,426
2020-07-15 12:00:00,XBTUSD,-462,426
2020-07-15 20:00:00,XBTUSD,-464,426
2020-07-16 04:00:00,XBTUSD,-463,426
2020-07-16 12:00:00,XBTUSD,-470,426
2020-07-16 20:00:00,XBTUSD,-467,426
2020-07-17 04:00:00,XBTUSD,-467,426
2020-07-17 12:00:00,XBTUSD,-467,426
2020-07-17 20:00:00,XBTUSD,-465,426
2020-07-18 04:00:00,XBTUSD,-466,426
2020-07-18 12:00:00,XBTUSD,-98,426
2020-07-18 20:00:00,XBTUSD,-465,426
2020-07-19 04:00:00,XBTUSD,-465,426
2020-07-19 12:00:00,XBTUSD,-467,426
2020-07-19 20:00:00,XBTUSD,-465,426
2020-07-20 04:00:00,XBTUSD,-464,426
2020-07-20 12:00:00,XBTUSD,-465,426
2020-07-20 20:00:00,XBTUSD,-465,426
2020-07-21 04:00:00,XBTUSD,-464,426
2020-07-21 12:00:00,XBTUSD,3208082,3000451
2020-07-21 20:00:00,XBTUSD,3205382,3000451
2020-07-22 04:00:00,XBTUSD,3203882,3000451
2020-07-22 12:00:00,XBTUSD,482,451
2020-07-22 20:00:00,XBTUSD,481,451
2020-07-23 04:00:00,XBTUSD,474,451
2020-07-23 12:00:00,XBTUSD,474,451
2020-07-23 20:00:00,XBTUSD,470,451
2020-07-24 04:00:00,XBTUSD,471,451
2020-07-24 12:00:00,XBTUSD,3146573,3000451
2020-07-24 20:00:00,XBTUSD,3127370,3000451
2020-07-25 04:00:00,XBTUSD,3128870,3000451
2020-07-25 12:00:00,XBTUSD,470,451
2020-07-25 20:00:00,XBTUSD,466,451
2020-07-26 04:00:00,XBTUSD,466,451
2020-07-26 12:00:00,XBTUSD,452,451
2020-07-26 20:00:00,XBTUSD,2489,451
2020-07-27 04:00:00,XBTUSD,1639,451
2020-07-27 12:00:00,XBTUSD,1195,451
2020-07-27 20:00:00,XBTUSD,-49980658,7500549
2020-07-28 04:00:00,XBTUSD,-14583183,4500549
2020-07-28 12:00:00,XBTUSD,-135725359,19500854
2020-07-28 20:00:00,XBTUSD,-63248954,9020004
2020-07-29 04:00:00,XBTUSD,-25312082,6020004
2020-07-29 12:00:00,XBTUSD,-40377858,9020004
2020-07-29 20:00:00,XBTUSD,-84264243,12020004
2020-07-30 04:00:00,XBTUSD,-25528653,12000529
2020-07-30 12:00:00,XBTUSD,-484,529
2020-07-30 20:00:00,XBTUSD,-2707,529
2020-07-31 04:00:00,XBTUSD,23260817,9000471
2020-07-31 12:00:00,XBTUSD,21890559,9000471
2020-07-31 20:00:00,XBTUSD,14452426,2934890
2020-08-01 04:00:00,XBTUSD,2581529,2934890
2020-08-01 12:00:00,XBTUSD,-370,110
2020-08-01 20:00:00,XBTUSD,-12669597,2380474
2020-08-02 04:00:00,XBTUSD,-513,474
2020-08-02 12:00:00,XBTUSD,-2284,352
2020-08-02 20:00:00,XBTUSD,-703,788
2020-08-03 04:00:00,XBTUSD,-708,788
2020-08-03 12:00:00,XBTUSD,-702,788
2020-08-03 20:00:00,XBTUSD,12261,5715
2020-08-04 04:00:00,XBTUSD,7989935,9000715
2020-08-04 12:00:00,XBTUSD,15936990,9000715
2020-08-04 20:00:00,XBTUSD,14634116,12000715
2020-08-05 04:00:00,XBTUSD,10674636,12000715
2020-08-05 12:00:00,XBTUSD,5243425,6000715
2020-08-05 20:00:00,XBTUSD,-5144644,6000285
2020-08-06 04:00:00,XBTUSD,-5144644,6000285
2020-08-06 12:00:00,XBTUSD,-2564044,3000285
2020-08-06 20:00:00,XBTUSD,-12628740,15000285
2020-08-07 04:00:00,XBTUSD,-10139041,12000285
2020-08-07 12:00:00,XBTUSD,-11413941,13425007
2020-08-07 20:00:00,XBTUSD,621,715
2020-08-08 04:00:00,XBTUSD,619,715
2020-08-08 12:00:00,XBTUSD,-188,715
2020-08-08 20:00:00,XBTUSD,10237810,12000715
2020-08-09 04:00:00,XBTUSD,10213809,12000715
2020-08-09 12:00:00,XBTUSD,10263011,12000715
2020-08-09 20:00:00,XBTUSD,10314615,12000715
2020-08-10 04:00:00,XBTUSD,9980995,12000715
2020-08-10 12:00:00,XBTUSD,21561265,12000715
2020-08-10 20:00:00,XBTUSD,34970228,12000715
2020-08-11 04:00:00,XBTUSD,10138204,12000715
2020-08-11 12:00:00,XBTUSD,10216209,12000715
2020-08-11 20:00:00,XBTUSD,-250,285
2020-08-12 04:00:00,XBTUSD,5276414,6000016
2020-08-12 12:00:00,XBTUSD,-11775257,13500639
2020-08-12 20:00:00,XBTUSD,-15444325,17881585
2020-08-13 04:00:00,XBTUSD,-17843431,20656901
2020-08-13 12:00:00,XBTUSD,-780,901
2020-08-13 20:00:00,XBTUSD,-782,901
2020-08-14 04:00:00,XBTUSD,-767,901
2020-08-14 12:00:00,XBTUSD,-765,901
2020-08-14 20:00:00,XBTUSD,-2882,901
2020-08-15 04:00:00,XBTUSD,-878,901
2020-08-15 12:00:00,XBTUSD,-874,901
2020-08-15 20:00:00,XBTUSD,-3332,901
2020-08-16 04:00:00,XBTUSD,-1148,901
2020-08-16 12:00:00,XBTUSD,-766,901
2020-08-16 20:00:00,XBTUSD,-3558,901
2020-08-17 04:00:00,XBTUSD,-760,901
2020-08-17 12:00:00,XBTUSD,-1588,901
2020-08-17 20:00:00,XBTUSD,-3460,901
2020-08-18 04:00:00,XBTUSD,52637735,7500099
2020-08-18 12:00:00,XBTUSD,13946990,4140846
2020-08-18 20:00:00,XBTUSD,-34090070,9001230
2020-08-19 04:00:00,XBTUSD,-6334789,7501230
2020-08-19 12:00:00,XBTUSD,-5063547,6000174
2020-08-19 20:00:00,XBTUSD,-149,174
2020-08-20 04:00:00,XBTUSD,5128591,6000457
2020-08-20 12:00:00,XBTUSD,7648860,9038001
2020-08-20 20:00:00,XBTUSD,7622650,9038001
2020-08-21 04:00:00,XBTUSD,3823266,4538001
2020-08-21 12:00:00,XBTUSD,6399125,7500147
2020-08-21 20:00:00,XBTUSD,8995476,10500147
2020-08-22 04:00:00,XBTUSD,9516913,10500147
2020-08-22 12:00:00,XBTUSD,9087877,10500147
2020-08-22 20:00:00,XBTUSD,3881377,4500147
2020-08-23 04:00:00,XBTUSD,3876427,4500147
2020-08-23 12:00:00,XBTUSD,7267100,8382858
2020-08-23 20:00:00,XBTUSD,8987296,10502858
2020-08-24 04:00:00,XBTUSD,8990446,10502858
2020-08-24 12:00:00,XBTUSD,5092224,6002858
2020-08-24 20:00:00,XBTUSD,730,858
2020-08-25 04:00:00,XBTUSD,735,858
2020-08-25 12:00:00,XBTUSD,-6456122,7500142
2020-08-25 20:00:00,XBTUSD,-302,341
2020-08-26 04:00:00,XBTUSD,-12049837,13699223
2020-08-26 12:00:00,XBTUSD,1780842,22521210
2020-08-26 20:00:00,XBTUSD,-6538979,7500549
2020-08-27 04:00:00,XBTUSD,-6584732,7500549
2020-08-27 12:00:00,XBTUSD,-6629735,7500549
2020-08-27 20:00:00,XBTUSD,-2666591,2999877
2020-08-28 04:00:00,XBTUSD,-771,877
2020-08-28 12:00:00,XBTUSD,-764,877
2020-08-28 20:00:00,XBTUSD,-762,877
2020-08-29 04:00:00,XBTUSD,-762,877
2020-08-29 12:00:00,XBTUSD,-766,877
2020-08-29 20:00:00,XBTUSD,726376,837418
2020-08-30 04:00:00,XBTUSD,360,418
2020-08-30 12:00:00,XBTUSD,-2586202,3000582
2020-08-30 20:00:00,XBTUSD,-7732400,9000582
2020-08-31 04:00:00,XBTUSD,-7703598,9000582
2020-08-31 12:00:00,XBTUSD,-15410298,18000582
2020-08-31 20:00:00,XBTUSD,-17898796,21000582
2020-09-01 04:00:00,XBTUSD,-17953398,21000582
2020-09-01 12:00:00,XBTUSD,-20203690,24000582
2020-09-01 20:00:00,XBTUSD,-50719982,24000268
2020-09-02 04:00:00,XBTUSD,-20275426,24000268
2020-09-02 12:00:00,XBTUSD,-42988188,15000268
2020-09-02 20:00:00,XBTUSD,-10523035,12000268
2020-09-03 04:00:00,XBTUSD,-15834836,18000268
2020-09-03 12:00:00,XBTUSD,-13365249,15000279
2020-09-03 20:00:00,XBTUSD,5612007,6000863
2020-09-04 04:00:00,XBTUSD,4147706,6000863
2020-09-04 12:00:00,XBTUSD,38329791,7724787
2020-09-04 20:00:00,XBTUSD,-3096798,2687516
2020-09-05 04:00:00,XBTUSD,-5685169,21915259
2020-09-05 12:00:00,XBTUSD,2469475,12035005
2020-09-05 20:00:00,XBTUSD,-880,876
2020-09-06 04:00:00,XBTUSD,-8849661,9000876
2020-09-06 12:00:00,XBTUSD,9821661,12000876
2020-09-06 20:00:00,XBTUSD,-9470887,12000876
2020-09-07 04:00:00,XBTUSD,12961972,21000876
2020-09-07 12:00:00,XBTUSD,-1674526,21000876
2020-09-07 20:00:00,XBTUSD,-100,405
2020-09-08 04:00:00,XBTUSD,-393,405
2020-09-08 12:00:00,XBTUSD,-30054821,30000820
2020-09-08 20:00:00,XBTUSD,-30039821,30000820
2020-09-09 04:00:00,XBTUSD,12655621,9000820
2020-09-09 12:00:00,XBTUSD,-8805502,9000820
2020-09-09 20:00:00,XBTUSD,-8751497,9000820
2020-09-10 04:00:00,XBTUSD,-8670490,9000820
2020-09-10 12:00:00,XBTUSD,-796,820
2020-09-10 20:00:00,XBTUSD,-798,820
2020-09-11 04:00:00,XBTUSD,-233,820
2020-09-11 12:00:00,XBTUSD,192,820
2020-09-11 20:00:00,XBTUSD,-199,820
2020-09-12 04:00:00,XBTUSD,-792,820
2020-09-12 12:00:00,XBTUSD,-793,820
2020-09-12 20:00:00,XBTUSD,-689,820
2020-09-13 04:00:00,XBTUSD,-78,820
2020-09-13 12:00:00,XBTUSD,-8377630,8656365
2020-09-13 20:00:00,XBTUSD,-8727363,9000065
2020-09-14 04:00:00,XBTUSD,57009230,18000065
2020-09-14 12:00:00,XBTUSD,59808834,24000065
2020-09-14 20:00:00,XBTUSD,-18211441,24000065
2020-09-15 04:00:00,XBTUSD,-22308060,24000065
2020-09-15 12:00:00,XBTUSD,-1550644,24000065
2020-09-15 20:00:00,XBTUSD,13575709,24000065
2020-09-16 04:00:00,XBTUSD,-11797832,24000065
2020-09-16 12:00:00,XBTUSD,9901467,24000065
2020-09-16 20:00:00,XBTUSD,2840463,12000065
2020-09-17 04:00:00,XBTUSD,-11037660,12000065
2020-09-17 12:00:00,XBTUSD,-11025660,12000065
2020-09-17 20:00:00,XBTUSD,-4559239,6000065
2020-09-18 04:00:00,XBTUSD,1043339,6000065
2020-09-18 12:00:00,XBTUSD,-8199959,9000065
2020-09-18 20:00:00,XBTUSD,-8280060,9000065
2020-09-19 04:00:00,XBTUSD,-2787680,9000065
2020-09-19 12:00:00,XBTUSD,14622010,9000065
2020-09-19 20:00:00,XBTUSD,-8138759,9000065
2020-09-20 04:00:00,XBTUSD,-8220659,9000065
2020-09-20 12:00:00,XBTUSD,-10848875,12000065
2020-09-20 20:00:00,XBTUSD,24945111,12000065
2020-09-21 04:00:00,XBTUSD,10505145,12000065
2020-09-21 12:00:00,XBTUSD,1835348,15000065
2020-09-21 20:00:00,XBTUSD,-8575262,9000065
2020-09-22 04:00:00,XBTUSD,15363127,15000065
2020-09-22 12:00:00,XBTUSD,23255201,15000065
2020-09-22 20:00:00,XBTUSD,-14292062,15000065
2020-09-23 04:00:00,XBTUSD,8161022,9000995
2020-09-23 12:00:00,XBTUSD,14319950,15000995
2020-09-23 20:00:00,XBTUSD,-8,5
2020-09-24 04:00:00,XBTUSD,-1223595,9000995
2020-09-24 12:00:00,XBTUSD,4928423,9000995
2020-09-24 20:00:00,XBTUSD,-615619,3280155
2020-09-25 04:00:00,XBTUSD,-792,845
2020-09-25 12:00:00,XBTUSD,2880561,3062146
2020-09-25 20:00:00,XBTUSD,-8395398,9001177
2020-09-26 04:00:00,XBTUSD,-8401699,9001177
2020-09-26 12:00:00,XBTUSD,-1260660,9001177
2020-09-26 20:00:00,XBTUSD,-8394498,9001177
2020-09-27 04:00:00,XBTUSD,-8344991,9001177
2020-09-27 12:00:00,XBTUSD,-5252025,9001177
2020-09-27 20:00:00,XBTUSD,-4275226,9001177
2020-09-28 04:00:00,XBTUSD,-8267581,9001177
2020-09-28 12:00:00,XBTUSD,-8272982,9001177
2020-09-28 20:00:00,XBTUSD,-8286484,9001177
2020-09-29 04:00:00,XBTUSD,-8421501,9001177
2020-09-29 12:00:00,XBTUSD,-5019956,9001177
2020-09-29 20:00:00,XBTUSD,-8380096,9001177
2020-09-30 04:00:00,XBTUSD,-8375595,9001177
2020-09-30 12:00:00,XBTUSD,-8427802,9001177
2020-09-30 20:00:00,XBTUSD,-8399898,9001177
2020-10-01 04:00:00,XBTUSD,10667763,9001177
2020-10-01 12:00:00,XBTUSD,-8253179,9001177
2020-10-01 20:00:00,XBTUSD,-404,429
2020-10-02 04:00:00,XBTUSD,-403,429
2020-10-02 12:00:00,XBTUSD,863,429
2020-10-02 20:00:00,XBTUSD,567,429
2020-10-03 04:00:00,XBTUSD,1370,429
2020-10-03 12:00:00,XBTUSD,370,429
2020-10-03 20:00:00,XBTUSD,1094,429
2020-10-04 04:00:00,XBTUSD,1167,429
2020-10-04 12:00:00,XBTUSD,712,429
2020-10-04 20:00:00,XBTUSD,-402,429
2020-10-05 04:00:00,XBTUSD,631,429
2020-10-05 12:00:00,XBTUSD,-402,429
2020-10-05 20:00:00,XBTUSD,4275330,9000429
2020-10-06 04:00:00,XBTUSD,6602661,9000429
2020-10-06 12:00:00,XBTUSD,3870670,9000429
2020-10-06 20:00:00,XBTUSD,-5674606,6000429
2020-10-07 04:00:00,XBTUSD,-5445317,6000429
2020-10-07 12:00:00,XBTUSD,16037792,9000429
2020-10-07 20:00:00,XBTUSD,52567726,9000429
2020-10-08 04:00:00,XBTUSD,32798427,9000429
2020-10-08 12:00:00,XBTUSD,692,429
2020-10-08 12:00:00,BCHUSD,562227,250001
2020-10-08 20:00:00,XBTUSD,409,571
2020-10-08 20:00:00,BCHUSD,586852,250001
2020-10-09 04:00:00,XBTUSD,524,571
2020-10-09 04:00:00,BCHUSD,1033379,250001
2020-10-09 12:00:00,XBTUSD,517,571
2020-10-09 12:00:00,BCHUSD,597402,250001
2020-10-09 20:00:00,XBTUSD,517,571
2020-10-09 20:00:00,BCHUSD,1051361,250001
2020-10-10 04:00:00,XBTUSD,500,571
2020-10-10 04:00:00,BCHUSD,608502,250001
2020-10-10 12:00:00,XBTUSD,504,571
2020-10-10 12:00:00,BCHUSD,1005929,250001
2020-10-10 20:00:00,XBTUSD,503,571
2020-10-10 20:00:00,BCHUSD,1829092,250001
2020-10-11 04:00:00,XBTUSD,504,571
2020-10-11 04:00:00,BCHUSD,3864201,250001
2020-10-11 12:00:00,XBTUSD,502,571
2020-10-11 12:00:00,BCHUSD,677211,250001
2020-10-11 20:00:00,XBTUSD,504,571
2020-10-11 20:00:00,BCHUSD,596652,250001
2020-10-12 04:00:00,XBTUSD,501,571
2020-10-12 04:00:00,BCHUSD,599302,250001
2020-10-12 12:00:00,XBTUSD,-17670,20081
2020-10-12 12:00:00,BCHUSD,586502,250001
2020-10-12 20:00:00,BCHUSD,603977,250001
2020-10-12 20:00:00,XBTUSD,5705392,6591257
2020-10-13 04:00:00,BCHUSD,596652,250001
2020-10-13 04:00:00,XBTUSD,5751531,6591257
2020-10-13 12:00:00,BCHUSD,613127,250001
2020-10-13 12:00:00,XBTUSD,7825582,8994922
2020-10-13 20:00:00,BCHUSD,516850,205548
2020-10-13 20:00:00,XBTUSD,5267026,6000257
2020-10-14 04:00:00,XBTUSD,5264625,6000257
2020-10-14 12:00:00,XBTUSD,5275426,6000257
2020-10-14 20:00:00,XBTUSD,10574626,12000257
2020-10-15 04:00:00,XBTUSD,10539826,12000257
2020-10-15 12:00:00,XBTUSD,-289,743
2020-10-15 20:00:00,XBTUSD,10408257,12000757
2020-10-16 04:00:00,XBTUSD,10420257,12000757
2020-10-16 12:00:00,XBTUSD,-13188271,15000308
2020-10-16 20:00:00,XBTUSD,-8870312,15000308
2020-10-17 04:00:00,XBTUSD,23084724,15000308
2020-10-17 12:00:00,XBTUSD,5022943,15000308
2020-10-17 20:00:00,XBTUSD,-13219771,15000308
2020-10-18 04:00:00,XBTUSD,9755990,15000308
2020-10-18 12:00:00,XBTUSD,16931598,15000308
2020-10-18 20:00:00,XBTUSD,-1048582,15000308
2020-10-19 04:00:00,XBTUSD,4726177,15000308
2020-10-19 12:00:00,XBTUSD,-10839193,15000308
2020-10-19 20:00:00,XBTUSD,-22829013,26697477
2020-10-20 04:00:00,XBTUSD,-25539779,30000915
2020-10-20 12:00:00,XBTUSD,6112986,30000915
2020-10-20 20:00:00,XBTUSD,-11311952,23265378
2020-10-21 04:00:00,XBTUSD,1916849,7087158
2020-10-21 12:00:00,XBTUSD,5752186,8352601
2020-10-21 20:00:00,XBTUSD,-7539658,9575385
2020-10-22 04:00:00,XBTUSD,-11775674,15000858
2020-10-22 12:00:00,XBTUSD,-7704661,10000858
2020-10-22 20:00:00,XBTUSD,-6730748,8812187
2020-10-23 04:00:00,XBTUSD,-462314,10000297
2020-10-23 12:00:00,XBTUSD,7707229,10000297
2020-10-23 20:00:00,XBTUSD,7734230,10000297
2020-10-24 04:00:00,XBTUSD,7702229,10000297
2020-10-24 12:00:00,XBTUSD,7688228,10000297
2020-10-24 20:00:00,XBTUSD,7614226,10000297
2020-10-25 04:00:00,XBTUSD,7514223,10000297
2020-10-25 12:00:00,XBTUSD,7711229,10000297
2020-10-25 20:00:00,XBTUSD,7660228,10000297
2020-10-26 04:00:00,XBTUSD,7628227,10000297
2020-10-26 12:00:00,XBTUSD,7605226,10000297
2020-10-26 20:00:00,XBTUSD,7682228,10000297
2020-10-27 04:00:00,XBTUSD,7638227,10000297
2020-10-27 12:00:00,XBTUSD,9848772,13246499
2020-10-27 20:00:00,XBTUSD,-657,898
2020-10-28 04:00:00,XBTUSD,-7250651,10000898
2020-10-28 12:00:00,XBTUSD,-7498673,10000898
2020-10-28 20:00:00,XBTUSD,-7593216,10001602
2020-10-29 04:00:00,XBTUSD,7679175,20001602
2020-10-29 12:00:00,XBTUSD,-962,587
2020-10-29 20:00:00,XBTUSD,-14804410,20000554
2020-10-30 04:00:00,XBTUSD,1466126,9854320
2020-10-30 12:00:00,XBTUSD,7484138,10000184
2020-10-30 20:00:00,XBTUSD,7379136,10000184
2020-10-31 04:00:00,XBTUSD,-309236,2197325
2020-10-31 12:00:00,XBTUSD,-5519763,9999336
2020-10-31 20:00:00,XBTUSD,-7249519,9999336
2020-11-01 04:00:00,XBTUSD,-7295516,9999336
2020-11-01 12:00:00,XBTUSD,3281182,9999336
2020-11-01 20:00:00,XBTUSD,-5072563,9999336
2020-11-02 04:00:00,XBTUSD,1093962,30000336
2020-11-02 12:00:00,XBTUSD,2235338,20000336
2020-11-02 20:00:00,XBTUSD,15479447,15000336
2020-11-03 04:00:00,XBTUSD,-2725801,1854517
2020-11-03 12:00:00,XBTUSD,-5687603,10000674
2020-11-03 20:00:00,XBTUSD,-7282491,10000674
2020-11-04 12:00:00,XBTUSD,3641281,5000386
2020-11-04 20:00:00,XBTUSD,5211316,7359577
2020-11-05 04:00:00,XBTUSD,1542099,2209311
2020-11-05 12:00:00,XBTUSD,-6797875,10014548
2020-11-05 20:00:00,XBTUSD,-3302299,5000453
2020-11-06 04:00:00,XBTUSD,-12934293,20000453
2020-11-06 12:00:00,XBTUSD,-6416291,10000453
2020-11-06 20:00:00,XBTUSD,-6470293,10000453
2020-11-07 04:00:00,XBTUSD,631,982
2020-11-07 12:00:00,XBTUSD,3219632,5000982
2020-11-08 04:00:00,XBTUSD,-28942524,7500535
2020-11-08 12:00:00,XBTUSD,-16656027,25290050
2020-11-08 20:00:00,XBTUSD,-10054121,15437005
2020-11-09 04:00:00,XBTUSD,-15461560,23901005
2020-11-09 20:00:00,XBTUSD,-7767451,11940739
2020-11-10 04:00:00,XBTUSD,7446409,11429638
2020-11-10 12:00:00,XBTUSD,7469268,11429638
2020-11-15 20:00:00,XBTUSD,-6297000,10000000
2020-11-16 04:00:00,XBTUSD,-6241000,10000000
2020-11-16 12:00:00,XBTUSD,-6157000,10000000
2020-11-16 20:00:00,XBTUSD,-5952000,10000000
2020-11-17 04:00:00,XBTUSD,-6027000,10000000
2020-11-17 12:00:00,XBTUSD,-5882000,10000000
2020-11-17 20:00:00,XBTUSD,-5651000,10000000
2020-11-18 04:00:00,XBTUSD,-5541000,10000000
2020-11-18 12:00:00,XBTUSD,-5476899,10001642
2020-11-18 20:00:00,XBTUSD,-6965404,10001642
2020-11-19 04:00:00,XBTUSD,-5576916,10001642
2020-11-19 12:00:00,XBTUSD,-5629924,10001642
2020-11-20 20:00:00,XBTUSD,3085818,5000597
2020-11-21 04:00:00,XBTUSD,5354320,10000597
2020-11-21 12:00:00,XBTUSD,5390322,10000597
2020-11-21 20:00:00,XBTUSD,3302093,6172137
2020-11-23 04:00:00,XBTUSD,7097354,5000538
2020-11-23 12:00:00,XBTUSD,15038718,5000538
2020-11-23 20:00:00,XBTUSD,11618570,5000538
2020-11-24 04:00:00,XBTUSD,9038012,5000538
2020-11-24 12:00:00,XBTUSD,7869282,15000538
2020-11-24 20:00:00,XBTUSD,13536976,5000538
2020-11-25 04:00:00,XBTUSD,10833566,5000538
2020-11-25 12:00:00,XBTUSD,-1326,462
2020-11-25 20:00:00,XBTUSD,2632283,5000538
2020-11-26 04:00:00,XBTUSD,238,427
2020-11-26 12:00:00,XBTUSD,202,346
2020-11-26 20:00:00,XBTUSD,26843157,15004358
2020-11-27 04:00:00,XBTUSD,-26946338,15157194
2020-11-27 12:00:00,XBTUSD,481835,807770
2020-11-27 20:00:00,XBTUSD,5946458,10000770
2020-11-28 04:00:00,XBTUSD,2940453,5000770
2020-11-28 12:00:00,XBTUSD,2913336,5002294
2020-11-28 20:00:00,XBTUSD,1286,2294
2020-11-29 04:00:00,XBTUSD,2796783,5002294
2020-11-29 12:00:00,XBTUSD,2763767,5002294
2020-11-29 20:00:00,XBTUSD,2770771,5002294
2020-11-30 04:00:00,XBTUSD,-10754498,20000927
2020-11-30 12:00:00,XBTUSD,-10744174,20000324
2020-11-30 20:00:00,XBTUSD,-497,956
2020-12-01 04:00:00,XBTUSD,-133403607,29220644
2020-12-01 12:00:00,XBTUSD,-58500913,19220644
2020-12-01 20:00:00,XBTUSD,-52151066,19220644
2020-12-02 04:00:00,XBTUSD,989,1841
2020-12-02 12:00:00,XBTUSD,961,1841
2020-12-02 20:00:00,XBTUSD,962,1841
2020-12-03 04:00:00,XBTUSD,964,1841
2020-12-03 12:00:00,XBTUSD,948,1841
2020-12-03 20:00:00,XBTUSD,947,1841
2020-12-04 04:00:00,XBTUSD,960,1841
2020-12-04 12:00:00,XBTUSD,979,1841
2020-12-04 20:00:00,XBTUSD,-2067265,3939899
2020-12-05 04:00:00,XBTUSD,-2784961,5243761
2020-12-05 12:00:00,XBTUSD,-3994740,20000899
2020-12-05 20:00:00,XBTUSD,-10454470,20000899
2020-12-06 04:00:00,XBTUSD,-10420468,20000899
2020-12-06 12:00:00,XBTUSD,-7857471,15000899
2020-12-06 20:00:00,XBTUSD,-5191683,9940040
2020-12-07 04:00:00,XBTUSD,31077,59960
2020-12-07 12:00:00,XBTUSD,67461,59960
2020-12-07 20:00:00,XBTUSD,104948,59960
2020-12-08 04:00:00,XBTUSD,31287,59960
2020-12-08 12:00:00,XBTUSD,31911,59960
2020-12-08 20:00:00,XBTUSD,31911,59960
2020-12-09 04:00:00,XBTUSD,32774,59960
2020-12-09 12:00:00,XBTUSD,-8732054,15943133
2020-12-09 20:00:00,XBTUSD,-7328769,13378548
2020-12-10 04:00:00,XBTUSD,-7269903,13378548
2020-12-10 12:00:00,XBTUSD,5500173,10005772
2020-12-10 20:00:00,XBTUSD,8796214,16181410
2020-12-11 04:00:00,XBTUSD,5558228,10000410
2020-12-11 12:00:00,XBTUSD,5666232,10000410
2020-12-11 20:00:00,XBTUSD,11128228,20000410
2020-12-12 04:00:00,XBTUSD,10936224,20000410
2020-12-12 12:00:00,XBTUSD,10806222,20000410
2020-12-12 20:00:00,XBTUSD,10632218,20000410
2020-12-13 04:00:00,XBTUSD,7954972,14952954
2020-12-13 12:00:00,XBTUSD,-2512610,4855285
2020-12-13 20:00:00,XBTUSD,-2606286,4999590
2020-12-14 04:00:00,XBTUSD,692,410
2020-12-14 12:00:00,XBTUSD,311,410
2020-12-14 20:00:00,XBTUSD,214,410
2020-12-15 04:00:00,XBTUSD,210,410
2020-12-15 12:00:00,XBTUSD,212,410
2020-12-15 20:00:00,XBTUSD,210,410
2020-12-16 04:00:00,XBTUSD,212,410
2020-12-16 12:00:00,XBTUSD,208,410
2020-12-16 20:00:00,XBTUSD,-7222784,15000590
2020-12-17 04:00:00,XBTUSD,2297688,5000410
2020-12-17 12:00:00,XBTUSD,-390419,155882
2020-12-17 20:00:00,XBTUSD,-67514845,14944269
2020-12-18 04:00:00,XBTUSD,-14931109,20047947
2020-12-18 12:00:00,XBTUSD,-19286919,25047947
2020-12-18 20:00:00,XBTUSD,-79079600,25047947
2020-12-19 04:00:00,XBTUSD,-22306149,25047947
2020-12-19 12:00:00,XBTUSD,-8744914,20047947
2020-12-19 20:00:00,XBTUSD,-15054104,20047947
2020-12-20 04:00:00,XBTUSD,-46752915,20047947
2020-12-20 12:00:00,XBTUSD,-44073246,20047947
2020-12-20 20:00:00,XBTUSD,-21673154,20047947
2020-12-21 04:00:00,XBTUSD,-45769039,40000069
2020-12-21 12:00:00,XBTUSD,-13254394,30000892
2020-12-21 20:00:00,XBTUSD,23483761,10000682
2020-12-22 04:00:00,XBTUSD,4377299,10000682
2020-12-22 12:00:00,XBTUSD,4324295,10000682
2020-12-22 20:00:00,XBTUSD,6107947,10000682
2020-12-23 04:00:00,XBTUSD,288,682
2020-12-23 12:00:00,XBTUSD,28359,65480
2020-12-23 20:00:00,XBTUSD,117383,65480
2020-12-24 04:00:00,XRPUSD,181,333
2020-12-24 04:00:00,XBTUSD,-8903760,10034520
2020-12-24 12:00:00,XRPUSD,-5984,333
2020-12-24 12:00:00,XBTUSD,-4321868,10034520
2020-12-24 20:00:00,XRPUSD,-3810,333
2020-12-24 20:00:00,XBTUSD,-4306816,10034520
2020-12-25 04:00:00,XRPUSD,-3588,333
2020-12-25 04:00:00,XBTUSD,-4276712,10034520
2020-12-25 12:00:00,XRPUSD,-4187,333
2020-12-25 12:00:00,XBTUSD,-6130680,15048307
2020-12-25 20:00:00,XRPUSD,-2494,333
2020-12-25 20:00:00,XBTUSD,-67110009,27946004
2020-12-26 04:00:00,XRPUSD,-1135,333
2020-12-26 04:00:00,XBTUSD,-34230501,27946004
2020-12-26 12:00:00,XRPUSD,202,333
2020-12-26 12:00:00,XBTUSD,-57155391,27946004
2020-12-26 20:00:00,XRPUSD,199,333
2020-12-26 20:00:00,XBTUSD,-31258444,27946004
2020-12-27 04:00:00,XRPUSD,198,333
2020-12-27 04:00:00,XBTUSD,-59989451,27946004
2020-12-27 12:00:00,XRPUSD,184,333
2020-12-27 12:00:00,XBTUSD,-86186147,27946004
2020-12-27 20:00:00,ETHUSD,15372270,200000
2020-12-27 20:00:00,XBTUSD,-30638320,11235545
2020-12-28 04:00:00,XBTUSD,608566,178160
2020-12-28 04:00:00,ETHUSD,80169523,500000
2020-12-28 12:00:00,XBTUSD,231923,178160
2020-12-28 12:00:00,ETHUSD,77050206,500000
2020-12-28 20:00:00,XBTUSD,189597,178160
2020-12-28 20:00:00,ETHUSD,63342792,500000
2020-12-29 04:00:00,ETHUSD,39579345,500000
2020-12-29 04:00:00,XBTUSD,-19918024,10001840
2020-12-29 12:00:00,ETHUSD,35664504,500000
2020-12-29 12:00:00,XBTUSD,-4655857,10001840
2020-12-29 20:00:00,XBTUSD,-2237,1840
2020-12-29 20:00:00,XRPUSD,44120,99324
2020-12-29 20:00:00,ETHUSD,34198158,500000
2020-12-30 04:00:00,XBTUSD,-657,1840
2020-12-30 04:00:00,ETHUSD,26467437,500000
2020-12-30 04:00:00,XRPUSD,1196746,2982174
2020-12-30 12:00:00,XBTUSD,-4629,1840
2020-12-30 12:00:00,XRPUSD,611371,1420472
2020-12-30 20:00:00,XBTUSD,-6904,1840
2020-12-30 20:00:00,XRPUSD,-9229625,1420472
2020-12-31 04:00:00,XRPUSD,-6366047,1420472
2020-12-31 04:00:00,XBTUSD,-29692400,15703983
2020-12-31 12:00:00,XBTUSD,-206,597
2020-12-31 12:00:00,XRPUSD,-6785862,1420472
2020-12-31 20:00:00,XRPUSD,-3396178,1420472
2020-12-31 20:00:00,XBTUSD,-18104740,20000597
2021-01-01 04:00:00,XRPUSD,-239242,1420472
2021-01-01 04:00:00,XBTUSD,-6812203,20000597
2021-01-01 12:00:00,XRPUSD,676145,1420472
2021-01-01 12:00:00,XBTUSD,-6806203,20000597
2021-01-01 20:00:00,XRPUSD,666201,1420472
2021-01-01 20:00:00,XBTUSD,-6870205,20000597
2021-01-02 04:00:00,XRPUSD,668190,1420472
2021-01-02 04:00:00,XBTUSD,-6794203,20000597
2021-01-02 12:00:00,XRPUSD,648161,1420472
2021-01-02 20:00:00,XRPUSD,627707,1420472
2021-01-03 04:00:00,XRPUSD,629837,1420472
2021-01-03 04:00:00,XBTUSD,-67147391,20000593
2021-01-03 12:00:00,XRPUSD,1646080,1420472
2021-01-03 12:00:00,XBTUSD,-21896809,20000593
2021-01-03 20:00:00,XBTUSD,157751,99241
2021-01-03 20:00:00,XRPUSD,6417692,1420472
2021-01-04 04:00:00,XRPUSD,15297529,1420472
2021-01-04 04:00:00,XBTUSD,-37312097,14900759
2021-01-04 12:00:00,XBTUSD,500,241
2021-01-04 12:00:00,XRPUSD,18754958,1420472
2021-01-04 20:00:00,XBTUSD,1269,241
2021-01-04 20:00:00,XRPUSD,16608768,1420472
2021-01-05 04:00:00,XBTUSD,-4806404,15001262
2021-01-05 12:00:00,XBTUSD,-442,526
2021-01-05 20:00:00,XBTUSD,-155,526
2021-01-05 20:00:00,ETHUSD,-50394273,156634
2021-01-06 04:00:00,XBTUSD,139,474
2021-01-06 12:00:00,XBTUSD,-55447542,19757076
2021-01-06 20:00:00,XBTUSD,-94608892,19757076
2021-01-07 04:00:00,XBTUSD,-36643785,19757076
2021-01-07 12:00:00,XBTUSD,-16742936,19757076
2021-01-07 20:00:00,XBTUSD,-21239769,9757076
2021-01-08 04:00:00,XBTUSD,-84165791,25007076
2021-01-08 12:00:00,XBTUSD,-43729474,25007076
2021-01-08 20:00:00,XBTUSD,-40138758,25007076
2021-01-09 04:00:00,XBTUSD,-64017439,25007076
2021-01-09 12:00:00,XBTUSD,-11944080,25007076
2021-01-09 20:00:00,XBTUSD,-6139237,25007076
2021-01-10 04:00:00,XBTUSD,-6176748,25007076
2021-01-10 12:00:00,XBTUSD,-56304632,25007076
2021-01-10 20:00:00,XBTUSD,-38538171,15007076
2021-01-11 04:00:00,ETHUSD,-71169612,175182
2021-01-11 04:00:00,XBTUSD,-11577268,7184647
2021-01-11 12:00:00,XBTUSD,26068616,10000198
2021-01-11 20:00:00,XBTUSD,47476527,15000198
2021-01-12 04:00:00,XBTUSD,-96997767,35000313
2021-01-12 12:00:00,XBTUSD,-4139354,14647396
2021-01-12 20:00:00,XBTUSD,-14970089,20034513
2021-01-13 04:00:00,XBTUSD,-872,513
2021-01-13 12:00:00,XBTUSD,5938729,10000487
2021-01-13 20:00:00,XBTUSD,7334277,10000487
2021-01-14 04:00:00,XBTUSD,-44029428,25000513
2021-01-14 12:00:00,XBTUSD,-35793312,30000513
2021-01-14 20:00:00,XBTUSD,-66189455,45000513
2021-01-15 04:00:00,XBTUSD,-77529777,55031517
2021-01-15 12:00:00,XBTUSD,-93768325,40000548
2021-01-15 20:00:00,XBTUSD,-28524081,25373459
2021-01-16 04:00:00,XBTUSD,8254099,13966893
2021-01-16 12:00:00,XBTUSD,3708210,13966893
2021-01-16 20:00:00,XBTUSD,3836706,13966893
2021-01-17 04:00:00,XBTUSD,6442285,13966893
2021-01-17 12:00:00,XBTUSD,3978011,14041690
2021-01-17 20:00:00,XBTUSD,2537098,9041690
2021-01-18 04:00:00,XBTUSD,4288386,15041690
2021-01-18 12:00:00,XBTUSD,21072956,15041690
2021-01-18 20:00:00,XBTUSD,5210163,5041690
2021-01-19 04:00:00,XBTUSD,6876976,5041690
2021-01-19 12:00:00,XBTUSD,11890322,5041690
2021-01-19 20:00:00,XBTUSD,115848,41690
2021-01-20 04:00:00,XBTUSD,-25230391,14958310
2021-01-20 12:00:00,XBTUSD,-4346885,14958310
2021-01-20 20:00:00,XBTUSD,-3739697,14958310
2021-01-21 04:00:00,XBTUSD,-2877952,9958310
2021-01-21 12:00:00,XBTUSD,-9453557,30387517
2021-01-21 20:00:00,XBTUSD,-10895816,35387517
2021-01-22 04:00:00,XBTUSD,-11302322,35002547
2021-01-22 12:00:00,XBTUSD,23807956,40002547
2021-01-22 20:00:00,XBTUSD,-13379257,45002547
2021-01-23 04:00:00,XBTUSD,-211771,817208
2021-01-23 12:00:00,XBTUSD,257829,817208
2021-01-23 20:00:00,XBTUSD,252354,817208
2021-01-24 04:00:00,XBTUSD,251537,817208
2021-01-24 12:00:00,XBTUSD,2130243,7000469
2021-01-24 20:00:00,XBTUSD,2234550,7000469
2021-01-25 04:00:00,XBTUSD,2979140,10000469
2021-01-25 12:00:00,XBTUSD,6026141,20000469
2021-01-25 20:00:00,XBTUSD,157,97
2021-01-26 04:00:00,XBTUSD,143,97
2021-01-26 12:00:00,XBTUSD,30,97
2021-01-26 20:00:00,XBTUSD,-2934047,16026303
2021-01-27 04:00:00,XBTUSD,-3871222,30070082
2021-01-27 12:00:00,XBTUSD,-5046330,17988430
2021-01-27 20:00:00,XBTUSD,405,430
2021-01-28 04:00:00,XBTUSD,-8,430
2021-01-28 12:00:00,XBTUSD,1701381,5197691
2021-01-28 20:00:00,XBTUSD,-6392982,20878453
2021-01-29 04:00:00,XBTUSD,-918620,3107645
2021-01-29 12:00:00,XBTUSD,2692222,10000823
2021-01-29 20:00:00,XBTUSD,48984524,20018850
2021-01-30 04:00:00,XBTUSD,-4141,1150
2021-01-30 12:00:00,XBTUSD,-342,1150
2021-01-30 20:00:00,XBTUSD,-5826335,20001150
2021-01-31 04:00:00,XBTUSD,-5892339,20001150
2021-01-31 12:00:00,XBTUSD,-5954342,20001150
2021-01-31 20:00:00,XBTUSD,-3043350,10001150
2021-02-01 04:00:00,XBTUSD,-2113913,10001150
2021-02-01 12:00:00,XBTUSD,-8305049,28403041
2021-02-01 20:00:00,XBTUSD,-8862340,30001150
2021-02-02 04:00:00,XBTUSD,-8934342,30001150
2021-02-02 12:00:00,XBTUSD,-12969331,45001150
2021-02-02 20:00:00,XBTUSD,-50991673,50001150
2021-02-03 04:00:00,XBTUSD,-33739676,50001150
2021-02-03 12:00:00,XBTUSD,-35723822,50001150
2021-02-03 20:00:00,XBTUSD,-65631909,50001150
2021-02-04 04:00:00,XBTUSD,-10596241,39760755
2021-02-04 12:00:00,XBTUSD,-48734895,45001150
2021-02-04 20:00:00,XRPUSD,-14045982,600417
2021-02-04 20:00:00,XBTUSD,-44057073,30003148
2021-02-05 04:00:00,XRPUSD,-23618790,1200417
2021-02-05 04:00:00,XBTUSD,-8025842,30003148
2021-02-05 12:00:00,XRPUSD,-17770152,1200417
2021-02-05 12:00:00,XBTUSD,-7953835,30003148
2021-02-05 20:00:00,XRPUSD,-12305672,1200417
2021-02-05 20:00:00,XBTUSD,-75938976,40003148
2021-02-06 04:00:00,XRPUSD,-7491226,1200417
2021-02-06 04:00:00,XBTUSD,-66905370,45003148
2021-02-06 12:00:00,XRPUSD,-4901663,1200417
2021-02-06 12:00:00,XBTUSD,-58300370,50003148
2021-02-06 20:00:00,XRPUSD,-1078095,1200417
2021-02-06 20:00:00,XBTUSD,-113414340,50003148
2021-02-07 04:00:00,XRPUSD,-1054446,1200417
2021-02-07 04:00:00,XBTUSD,-86460576,35003148
2021-02-07 12:00:00,XRPUSD,-1054926,1200417
2021-02-07 12:00:00,XBTUSD,-46386090,24806749
2021-02-07 20:00:00,XBTUSD,-2404,3148
2021-02-07 20:00:00,XRPUSD,-1008110,1200417
2021-02-08 04:00:00,XRPUSD,-996586,1200417
2021-02-08 04:00:00,XBTUSD,-3465861,5003148
2021-02-08 12:00:00,XRPUSD,-1028637,1200417
2021-02-08 12:00:00,XBTUSD,-7602798,30003148
2021-02-08 20:00:00,XRPUSD,-1074973,1200417
2021-02-08 20:00:00,XBTUSD,-24230297,40463541
2021-02-09 04:00:00,XBTUSD,-100671026,25463541
2021-02-09 12:00:00,XBTUSD,-126645480,40317201
2021-02-09 20:00:00,XBTUSD,-55130114,20000201
2021-02-10 04:00:00,XBTUSD,-25002201,25000201
2021-02-10 12:00:00,XBTUSD,-10559285,25000201
2021-02-10 20:00:00,XBTUSD,-11393008,5000201
2021-02-11 04:00:00,XBTUSD,-138,201
2021-02-11 12:00:00,XBTUSD,-44,201
2021-02-11 20:00:00,XBTUSD,-44,201
2021-02-12 04:00:00,XBTUSD,-553,201
2021-02-12 12:00:00,XBTUSD,-434,201
2021-02-12 20:00:00,XBTUSD,-21493674,25004740
2021-02-13 04:00:00,XBTUSD,-7358070,25004740
2021-02-13 12:00:00,XBTUSD,-46662596,25004740
2021-02-13 20:00:00,XBTUSD,-63684341,30004740
2021-02-14 04:00:00,XBTUSD,-6340002,30004740
2021-02-14 12:00:00,XBTUSD,207730,1019783
2021-02-14 20:00:00,XBTUSD,3626467,1019783
2021-02-15 04:00:00,XBTUSD,-103679174,44478811
2021-02-15 12:00:00,XBTUSD,-38876171,44478811
2021-02-15 20:00:00,XBTUSD,-9135948,44478811
2021-02-16 04:00:00,XBTUSD,-14169903,12743658
2021-02-16 12:00:00,XBTUSD,-3264730,1277156
2021-02-16 20:00:00,XBTUSD,11537161,3680897
2021-02-17 04:00:00,XBTUSD,7961913,3680897
2021-02-17 12:00:00,XBTUSD,4387854,3680897
2021-02-17 20:00:00,XBTUSD,12291391,3680897
2021-02-18 04:00:00,XBTUSD,3369,897
2021-02-18 04:00:00,ETHUSD,-71352561,127478
2021-02-18 12:00:00,XBTUSD,2787,897
2021-02-18 12:00:00,ETHUSD,-76193712,137478
2021-02-18 20:00:00,XBTUSD,2562,897
2021-02-18 20:00:00,ETHUSD,-86900872,142478
2021-02-19 04:00:00,ETHUSD,-54870830,142478
2021-02-19 04:00:00,XBTUSD,-43674933,23210014
2021-02-19 12:00:00,ETHUSD,-33237513,142478
2021-02-19 12:00:00,XBTUSD,17625357,20002993
2021-02-19 20:00:00,XBTUSD,-1126,507
2021-02-19 20:00:00,ETHUSD,-67777326,152478
2021-02-20 04:00:00,XBTUSD,-1101,507
2021-02-20 04:00:00,ETHUSD,-69585399,152478
2021-02-20 12:00:00,XBTUSD,-610,507
2021-02-20 12:00:00,ETHUSD,-66012444,152478
2021-02-20 20:00:00,ETHUSD,-70245477,152478
2021-02-20 20:00:00,XBTUSD,-7940546,10015724
2021-02-21 04:00:00,ETHUSD,-48458395,152478
2021-02-21 04:00:00,XBTUSD,-17703908,20015724
2021-02-21 12:00:00,ETHUSD,-1827534,93081
2021-02-21 12:00:00,XBTUSD,-13656628,20015724
2021-02-21 20:00:00,ETHUSD,-1830466,93081
2021-02-21 20:00:00,XBTUSD,-28177696,20015724
2021-02-22 04:00:00,ETHUSD,-24569924,93081
2021-02-22 04:00:00,XBTUSD,-53998660,20015724
2021-02-22 12:00:00,XBTUSD,-83409137,50005028
2021-02-22 20:00:00,XBTUSD,-27004162,25007674
2021-02-23 04:00:00,XBTUSD,-6720554,13999055
2021-02-23 12:00:00,XBTUSD,204,945
2021-02-23 20:00:00,XBTUSD,208,945
2021-02-24 04:00:00,XBTUSD,362,945
2021-02-24 12:00:00,XBTUSD,-9726668,49000845
2021-02-24 20:00:00,XBTUSD,-10210173,50000845
2021-02-25 04:00:00,XBTUSD,-8946168,45000845
2021-02-25 12:00:00,XBTUSD,-6954668,35000845
2021-02-25 20:00:00,XBTUSD,-3731,18460
2021-02-26 04:00:00,XBTUSD,-6339316,30015700
2021-02-26 12:00:00,ETHUSD,1507744,9348
2021-02-26 12:00:00,XBTUSD,-4375652,20295232
2021-02-26 20:00:00,ETHUSD,1615830,9348
2021-02-26 20:00:00,XBTUSD,-10722943,50295232
2021-02-27 04:00:00,ETHUSD,30911693,207407
2021-02-27 04:00:00,XBTUSD,-1494102,7091136
2021-02-27 12:00:00,ETHUSD,53147813,207407
2021-02-27 12:00:00,XBTUSD,4227760,19998864
2021-02-27 20:00:00,ETHUSD,66347505,207407
2021-02-27 20:00:00,XBTUSD,2106761,9998864
2021-02-28 04:00:00,ETHUSD,45408442,207407
2021-02-28 04:00:00,XBTUSD,2237746,9998864
2021-02-28 12:00:00,ETHUSD,36216609,207407
2021-02-28 12:00:00,XBTUSD,2207749,9998864
2021-02-28 20:00:00,ETHUSD,26512577,207407
2021-02-28 20:00:00,XBTUSD,2246745,9998864
2021-03-01 04:00:00,ETHUSD,20984602,207407
2021-03-01 04:00:00,XBTUSD,2155755,9998864
2021-03-01 12:00:00,ETHUSD,20983672,207407
2021-03-01 12:00:00,XBTUSD,2089763,9998864
2021-03-01 20:00:00,XBTUSD,-235,1136
2021-03-01 20:00:00,ETHUSD,18366873,156605
2021-03-02 04:00:00,XBTUSD,-232,1136
2021-03-02 04:00:00,ETHUSD,18601307,156605
2021-03-02 12:00:00,XBTUSD,-232,1136
2021-03-02 12:00:00,ETHUSD,28279071,156605
2021-03-02 20:00:00,XBTUSD,-239,1136
2021-03-02 20:00:00,ETHUSD,28190294,156605
2021-03-03 04:00:00,XBTUSD,-233,1136
2021-03-03 04:00:00,ETHUSD,20012648,156605
2021-03-03 12:00:00,ETHUSD,2518725,156605
2021-03-03 12:00:00,XBTUSD,-6002478,31020560
2021-03-03 20:00:00,XBTUSD,-6881155,35000790
2021-03-04 04:00:00,XBTUSD,-20553794,35000790
2021-03-04 12:00:00,XBTUSD,-7091160,35000790
2021-03-04 20:00:00,XBTUSD,-7297665,35000790
2021-03-05 04:00:00,XBTUSD,-7395667,35000790
2021-03-05 12:00:00,XBTUSD,-7367666,35000790
2021-03-05 20:00:00,XBTUSD,-7094660,35000790
2021-03-06 04:00:00,XBTUSD,-7199663,35000790
2021-03-06 12:00:00,XBTUSD,-6228164,30000790
2021-03-06 20:00:00,XBTUSD,-6201163,30000790
2021-03-07 04:00:00,XBTUSD,-6051159,30000790
2021-03-07 12:00:00,XBTUSD,-5916156,30000790
2021-03-07 20:00:00,XBTUSD,-11791210,30000790
2021-03-08 04:00:00,XBTUSD,-29581499,30000790
2021-03-08 12:00:00,XBTUSD,-29205461,50000790
2021-03-08 20:00:00,XBTUSD,-9740154,50000790
2021-03-09 04:00:00,XBTUSD,-17715530,50000790
2021-03-09 12:00:00,XBTUSD,-73076105,50000790
2021-03-09 20:00:00,XBTUSD,-40656642,50000790
2021-03-10 04:00:00,XBTUSD,-20944331,50000790
2021-03-10 12:00:00,XBTUSD,-10938144,60000790
2021-03-10 20:00:00,XBTUSD,-10578139,60000790
2021-03-11 04:00:00,XBTUSD,-54575699,60000790
2021-03-11 12:00:00,XBTUSD,-61608673,50000790
2021-03-11 20:00:00,XBTUSD,-37907049,50000790
2021-03-12 04:00:00,XBTUSD,-43775692,50000790
2021-03-12 12:00:00,XBTUSD,-103829372,70000790
2021-03-12 20:00:00,XBTUSD,-30554883,50000790
2021-03-13 04:00:00,XBTUSD,-8820139,50000790
2021-03-13 12:00:00,XBTUSD,-836564,5003371
2021-03-13 20:00:00,XBTUSD,-9621507,5003371
2021-03-14 04:00:00,XBTUSD,-9900771,5003371
2021-03-14 12:00:00,XBTUSD,-29310631,15003371
2021-03-14 20:00:00,XBTUSD,-21635101,15003371
2021-03-15 04:00:00,XBTUSD,-11013239,15003371
2021-03-15 12:00:00,XBTUSD,-10735812,15003371
2021-03-15 20:00:00,XBTUSD,-5296823,30010330
2021-03-16 04:00:00,XBTUSD,-5533905,30010330
2021-03-16 12:00:00,XBTUSD,-1806865,10010330
2021-03-16 20:00:00,XBTUSD,-1794852,10010330
2021-03-17 04:00:00,XBTUSD,-3605861,20010330
2021-03-17 12:00:00,XBTUSD,-5476885,30010330
2021-03-17 20:00:00,XBTUSD,-5182784,30010330
2021-03-18 04:00:00,XBTUSD,-5110759,30010330
2021-03-18 12:00:00,XBTUSD,-53954462,45226400
2021-03-18 20:00:00,XBTUSD,-68156328,50010330
2021-03-19 04:00:00,XBTUSD,-37029649,50010330
2021-03-19 12:00:00,XBTUSD,-8501756,50010330
2021-03-19 20:00:00,XBTUSD,-8491754,50010330
2021-03-20 04:00:00,XBTUSD,-8561768,50010330
2021-03-20 12:00:00,XBTUSD,-6849033,40574840
2021-03-20 20:00:00,XBTUSD,-845744,5010330
2021-03-21 04:00:00,XBTUSD,-55158122,50002740
2021-03-21 12:00:00,XBTUSD,-5331487,30002740
2021-03-21 20:00:00,XBTUSD,-6948476,40002740
2021-03-22 04:00:00,XBTUSD,-764332,40002740
2021-03-22 12:00:00,XBTUSD,-6924474,40002740
2021-03-22 20:00:00,XBTUSD,-11082599,40002740
2021-03-23 04:00:00,XBTUSD,-5487501,30002740
2021-03-23 12:00:00,XBTUSD,-5532505,30002740
2021-03-23 20:00:00,XBTUSD,-3543474,30002740
2021-03-24 04:00:00,XBTUSD,-7360504,40002740
2021-03-24 12:00:00,XBTUSD,-7068484,40002740
2021-03-24 20:00:00,XBTUSD,-5484501,30002740
2021-03-25 04:00:00,XBTUSD,-8671735,10002740
2021-03-25 12:00:00,XBTUSD,-1918526,10002740
2021-03-25 20:00:00,XBTUSD,-525,2740
2021-03-26 04:00:00,XBTUSD,-523,2740
2021-03-26 12:00:00,XBTUSD,-520,2740
2021-03-26 20:00:00,XBTUSD,-509,2740
2021-03-27 04:00:00,XBTUSD,-500,2740
2021-03-27 12:00:00,XBTUSD,-9211698,50172646
2021-03-27 20:00:00,XBTUSD,-14358921,80172646
2021-03-28 04:00:00,XBTUSD,-14294783,80172646
2021-03-28 12:00:00,XBTUSD,-14366938,80172646
2021-03-28 20:00:00,XBTUSD,-14519266,80172646
2021-03-29 04:00:00,XBTUSD,-14487197,80172646
2021-03-29 12:00:00,XBTUSD,-12096457,70002646
2021-03-29 20:00:00,XBTUSD,-56597839,70002646
2021-03-30 04:00:00,XBTUSD,-58731130,60002646
2021-03-30 12:00:00,XBTUSD,-76930592,60002646
2021-03-30 20:00:00,XBTUSD,-72632903,60002646
2021-03-31 04:00:00,XBTUSD,-103388159,60002646
2021-03-31 12:00:00,XBTUSD,-58653066,60002646
2021-03-31 20:00:00,XBTUSD,-61352286,60002646
2021-04-01 04:00:00,XBTUSD,-83200869,60002646
2021-04-01 12:00:00,XBTUSD,-114408185,60002646
2021-04-01 20:00:00,XBTUSD,-83190609,60002646
2021-04-02 04:00:00,XBTUSD,-47553777,60002646
2021-04-02 12:00:00,XBTUSD,-99535509,60002646
2021-04-02 20:00:00,XBTUSD,-137013402,60002646
2021-04-03 04:00:00,XBTUSD,-60568111,60002646
2021-04-03 12:00:00,XBTUSD,-10122446,60002646
2021-04-03 20:00:00,XBTUSD,-70017328,60002646
2021-04-04 04:00:00,XBTUSD,-27688782,30002646
2021-04-04 12:00:00,XBTUSD,-6980462,40002646
2021-04-04 20:00:00,XBTUSD,-10350456,60002646
2021-04-05 04:00:00,XBTUSD,-10440460,60002646
2021-04-05 12:00:00,XBTUSD,-41361984,60002646
2021-04-05 20:00:00,XBTUSD,-10164448,60002646
2021-04-06 04:00:00,XBTUSD,-66025112,60002646
2021-04-06 12:00:00,XBTUSD,-163565293,60002646
2021-04-06 20:00:00,XBTUSD,-111613562,60002646
2021-04-07 04:00:00,XBTUSD,-31501869,60002646
2021-04-07 12:00:00,XBTUSD,-10656470,60002646
2021-04-07 20:00:00,XBTUSD,-10692472,60002646
2021-04-08 04:00:00,XBTUSD,-10608468,60002646
2021-04-08 12:00:00,XBTUSD,-6955293,39273254
2021-04-08 20:00:00,XBTUSD,-6802128,39273254
2021-04-09 04:00:00,XBTUSD,-6770709,39273254
2021-04-09 12:00:00,XBTUSD,-21288853,39273254
2021-04-09 20:00:00,XBTUSD,-7626484,19273254
2021-04-10 04:00:00,XBTUSD,-8924673,19273254
2021-04-10 12:00:00,XBTUSD,-461292,750170
2021-04-10 20:00:00,XBTUSD,-3777076,750170
2021-04-11 04:00:00,XBTUSD,-1653735,750170
2021-04-11 12:00:00,XBTUSD,-622356,750170
2021-04-11 20:00:00,XBTUSD,-1141038,750170
2021-04-12 04:00:00,XBTUSD,-1327115,750170
2021-04-12 12:00:00,XBTUSD,-1138874,750170
2021-04-12 20:00:00,XBTUSD,-1630967,750170
2021-04-13 04:00:00,XBTUSD,-921086,750170
2021-04-13 12:00:00,XBTUSD,-871367,750170
2021-04-13 20:00:00,XBTUSD,-2023798,750170
2021-04-14 04:00:00,XBTUSD,-1507974,750170
2021-04-14 12:00:00,XBTUSD,-1180606,750170
2021-04-14 20:00:00,XBTUSD,-593017,750170
2021-04-15 04:00:00,XBTUSD,-822131,750170
2021-04-15 12:00:00,XBTUSD,-306643,750170
2021-04-15 20:00:00,XBTUSD,-444533,750170
2021-04-16 04:00:00,XBTUSD,-340703,750170
2021-04-16 12:00:00,XBTUSD,-817901,750170
2021-04-16 20:00:00,XBTUSD,-8085027,50000170
2021-04-17 04:00:00,XBTUSD,-8005027,50000170
2021-04-17 12:00:00,XBTUSD,-8205028,50000170
2021-04-17 20:00:00,XBTUSD,-8230028,50000170
2021-04-18 04:00:00,XBTUSD,-891030,5000170
2021-04-18 12:00:00,XBTUSD,318761,5000170
2021-04-18 20:00:00,XBTUSD,-71681,20000170
2021-04-19 04:00:00,XBTUSD,-10494030,60000170
2021-04-19 12:00:00,XBTUSD,-10494030,60000170
2021-04-19 20:00:00,XBTUSD,-8032530,45000170
2021-04-20 04:00:00,XBTUSD,-4577531,25000170
2021-04-20 12:00:00,XBTUSD,-2662530,15000170
2021-04-20 20:00:00,XBTUSD,-1159,6565
2021-04-21 04:00:00,XBTUSD,-1188,6565
2021-04-21 12:00:00,XBTUSD,-2180597,11909325
2021-04-21 20:00:00,XBTUSD,-7209445,40008019
2021-04-22 04:00:00,XBTUSD,-9346499,50008019
2021-04-22 12:00:00,XBTUSD,-9116462,50008019
2021-04-22 20:00:00,XBTUSD,-3918229,20742347
2021-04-23 04:00:00,XBTUSD,-2327,4258
2021-04-23 04:00:00,ETHUSD,59133509,217975
2021-04-23 12:00:00,ETHUSD,32250283,95030
2021-04-23 12:00:00,XBTUSD,-5988790,30003956
2021-04-23 20:00:00,ETHUSD,35551151,95030
2021-04-23 20:00:00,XBTUSD,-7960878,25189225
2021-04-24 04:00:00,ETHUSD,27255940,100000
2021-04-24 04:00:00,XBTUSD,-1994440,10007225
2021-04-24 12:00:00,ETHUSD,22169018,100000
2021-04-24 12:00:00,XBTUSD,-1406578,6908538
2021-04-24 20:00:00,ETHUSD,32724443,100000
2021-04-24 20:00:00,XBTUSD,3942547,20002775
2021-04-25 04:00:00,ETHUSD,31733535,100000
2021-04-25 04:00:00,XBTUSD,4024558,20002775
2021-04-25 12:00:00,ETHUSD,35828514,100000
2021-04-25 12:00:00,XBTUSD,4034560,20002775
2021-04-25 20:00:00,ETHUSD,42383018,100000
2021-04-25 20:00:00,XBTUSD,4048562,20002775
2021-04-26 04:00:00,XBTUSD,-15267773,80019777
2021-04-26 12:00:00,XBTUSD,-14899682,80019777
2021-04-26 20:00:00,XBTUSD,-14795657,80019777
2021-04-27 04:00:00,XBTUSD,-2800264,14990708
2021-04-27 12:00:00,XBTUSD,-4859043,26830716
2021-04-27 20:00:00,XBTUSD,-4893923,26830716
2021-04-28 04:00:00,XBTUSD,-4891240,26830716
2021-04-28 12:00:00,XBTUSD,-4888556,26830716
2021-04-28 20:00:00,XBTUSD,-4837578,26830716
2021-04-29 04:00:00,XBTUSD,-4939535,26830716
2021-04-29 12:00:00,XBTUSD,-4934169,26830716
2021-04-29 20:00:00,XBTUSD,-4363372,26830716
2021-04-30 04:00:00,XBTUSD,-3132196,16830716
2021-04-30 12:00:00,XBTUSD,-3101901,16830716
2021-04-30 20:00:00,XBTUSD,-2950425,16830716
2021-05-01 04:00:00,LINKUSDT,-40148888,40000
2021-05-01 04:00:00,ETHUSD,-32381542,100000
2021-05-01 04:00:00,BCHUSD,-34494928,200000
2021-05-01 04:00:00,LTCUSD,-22316531,250000
2021-05-01 04:00:00,XRPUSD,-20006590,800000
2021-05-01 04:00:00,XBTUSD,-4299510,25040825
2021-05-01 12:00:00,LINKUSDT,-24802944,40000
2021-05-01 12:00:00,ETHUSD,-20653676,100000
2021-05-01 12:00:00,BCHUSD,-17287587,200000
2021-05-01 12:00:00,LTCUSD,-15844131,250000
2021-05-01 12:00:00,XRPUSD,1456635,800000
2021-05-01 12:00:00,XBTUSD,-5478209,31702600
2021-05-01 20:00:00,LINKUSDT,-15902180,40000
2021-05-01 20:00:00,ETHUSD,-31246775,100000
2021-05-01 20:00:00,BCHUSD,-3860926,200000
2021-05-01 20:00:00,LTCUSD,-7078506,250000
2021-05-01 20:00:00,XRPUSD,8224580,800000
2021-05-01 20:00:00,XBTUSD,-6916450,40002600
2021-05-02 04:00:00,LINKUSDT,-11690875,40000
2021-05-02 04:00:00,ETHUSD,-10921559,100000
2021-05-02 04:00:00,BCHUSD,-1939100,200000
2021-05-02 04:00:00,LTCUSD,-3767648,250000
2021-05-02 04:00:00,XRPUSD,-2490000,800000
2021-05-02 04:00:00,XBTUSD,-7076460,40002600
2021-05-02 12:00:00,LINKUSDT,-20093119,40000
2021-05-02 12:00:00,ETHUSD,-11277389,100000
2021-05-02 12:00:00,BCHUSD,-1973780,200000
2021-05-02 12:00:00,LTCUSD,-4408668,250000
2021-05-02 12:00:00,XRPUSD,-33757646,800000
2021-05-02 12:00:00,XBTUSD,-7004455,40002600
2021-05-02 20:00:00,LINKUSDT,-22402520,40000
2021-05-02 20:00:00,ETHUSD,-27525779,100000
2021-05-02 20:00:00,BCHUSD,-8147994,200000
2021-05-02 20:00:00,LTCUSD,-6840666,250000
2021-05-02 20:00:00,XRPUSD,-34665242,800000
2021-05-02 20:00:00,XBTUSD,-7032457,40002600
2021-05-03 04:00:00,LINKUSDT,-25411952,40000
2021-05-03 04:00:00,ETHUSD,-27734497,100000
2021-05-03 04:00:00,BCHUSD,-17280278,200000
2021-05-03 04:00:00,LTCUSD,-10696172,250000
2021-05-03 04:00:00,XRPUSD,-51568528,800000
2021-05-03 04:00:00,XBTUSD,-6900449,40002600
2021-05-03 12:00:00,LINKUSDT,-20309250,40000
2021-05-03 12:00:00,ETHUSD,-35306432,100000
2021-05-03 12:00:00,BCHUSD,-15478379,200000
2021-05-03 12:00:00,LTCUSD,-7653282,250000
2021-05-03 12:00:00,XRPUSD,-55383686,800000
2021-05-03 12:00:00,XBTUSD,-6816443,40002600
2021-05-03 20:00:00,DOTUSDT,-18778305,30063
2021-05-03 20:00:00,LINKUSDT,-22329526,40000
2021-05-03 20:00:00,ETHUSD,-39405864,100000
2021-05-03 20:00:00,BCHUSD,-28144600,200000
2021-05-03 20:00:00,LTCUSD,-18652229,300468
2021-05-03 20:00:00,XRPUSD,-60147072,800000
2021-05-03 20:00:00,XBTUSD,-25933484,50811711
2021-05-04 04:00:00,DOTUSDT,-14362130,30063
2021-05-04 04:00:00,LINKUSDT,-18387486,40000
2021-05-04 04:00:00,ETHUSD,-18614624,61047
2021-05-04 04:00:00,BCHUSD,-25380219,200000
2021-05-04 04:00:00,LTCUSD,-11221601,300468
2021-05-04 04:00:00,XRPUSD,-43539883,800000
2021-05-04 04:00:00,XBTUSD,-3550157,13402179
2021-05-04 12:00:00,DOTUSDT,-9553494,30063
2021-05-04 12:00:00,LINKUSDT,-18288226,40000
2021-05-04 12:00:00,ETHUSD,-15057817,61047
2021-05-04 12:00:00,BCHUSD,-16671702,200000
2021-05-04 12:00:00,LTCUSD,-10204775,300468
2021-05-04 12:00:00,XRPUSD,-29353958,800000
2021-05-04 12:00:00,XBTUSD,-5945588,33402179
2021-05-04 20:00:00,XBTUSD,348,1902
2021-05-04 20:00:00,DOTUSDT,-5258810,30063
2021-05-04 20:00:00,LINKUSDT,-13246044,40000
2021-05-04 20:00:00,ETHUSD,-20247417,61047
2021-05-04 20:00:00,BCHUSD,-9042483,200000
2021-05-04 20:00:00,LTCUSD,-5112797,300468
2021-05-04 20:00:00,XRPUSD,-9456091,400000
2021-05-05 04:00:00,XBTUSD,347,1902
2021-05-05 04:00:00,DOTUSDT,-4802040,30063
2021-05-05 04:00:00,LINKUSDT,-12015575,40000
2021-05-05 04:00:00,ETHUSD,-17635541,61047
2021-05-05 04:00:00,BCHUSD,-16382460,200000
2021-05-05 04:00:00,LTCUSD,-2135344,300468
2021-05-05 04:00:00,XRPUSD,-16821225,400000
2021-05-05 12:00:00,DOTUSDT,-6793647,30063
2021-05-05 12:00:00,LINKUSDT,-18240760,40000
2021-05-05 12:00:00,ETHUSD,-25904866,61047
2021-05-05 12:00:00,BCHUSD,-23020608,200000
2021-05-05 12:00:00,LTCUSD,-4542470,300468
2021-05-05 12:00:00,XRPUSD,-20901374,400000
2021-05-05 12:00:00,XBTUSD,-1814199,10001098
2021-05-05 20:00:00,DOTUSDT,-8550792,30063
2021-05-05 20:00:00,LINKUSDT,-29421504,40000
2021-05-05 20:00:00,BCHUSD,-24183236,200000
2021-05-05 20:00:00,LTCUSD,-5509850,300468
2021-05-05 20:00:00,XRPUSD,-23541862,400000
2021-05-05 20:00:00,XBTUSD,-4646238,26565110
2021-05-06 04:00:00,DOTUSDT,-4847541,30063
2021-05-06 04:00:00,LINKUSDT,-23662325,40000
2021-05-06 04:00:00,BCHUSD,-7204918,100056
2021-05-06 04:00:00,XRPUSD,-12815370,200000
2021-05-06 04:00:00,LTCUSD,-6740748,300468
2021-05-06 04:00:00,XBTUSD,-3220751,18320540
2021-05-06 12:00:00,BCHUSD,-5707816,23199
2021-05-06 12:00:00,DOTUSDT,-10494050,30063
2021-05-06 12:00:00,LINKUSDT,-23551295,40000
2021-05-06 12:00:00,XRPUSD,-16259126,200000
2021-05-06 12:00:00,LTCUSD,-35183006,300468
2021-05-06 12:00:00,XBTUSD,-3156629,18320540
2021-05-06 20:00:00,XBTUSD,236,1327
2021-05-06 20:00:00,BCHUSD,-5652880,23199
2021-05-06 20:00:00,DOTUSDT,-11464722,30063
2021-05-06 20:00:00,LINKUSDT,-30199994,40000
2021-05-06 20:00:00,XRPUSD,-15790818,200000
2021-05-06 20:00:00,LTCUSD,-37301732,300468
2021-05-07 04:00:00,XBTUSD,238,1327
2021-05-07 04:00:00,BCHUSD,-5447897,23199
2021-05-07 04:00:00,DOTUSDT,-12298722,30063
2021-05-07 04:00:00,LINKUSDT,-34209812,40000
2021-05-07 04:00:00,XRPUSD,-15896639,200000
2021-05-07 04:00:00,LTCUSD,-31417035,300468
2021-05-07 12:00:00,XBTUSD,235,1327
2021-05-07 12:00:00,BCHUSD,-5014880,23199
2021-05-07 12:00:00,DOTUSDT,-6809363,30063
2021-05-07 12:00:00,LINKUSDT,-23210248,40000
2021-05-07 12:00:00,XRPUSD,-9038490,200000
2021-05-07 12:00:00,LTCUSD,-18785212,300468
2021-05-07 20:00:00,XBTUSD,230,1327
2021-05-07 20:00:00,BCHUSD,-5518107,23199
2021-05-07 20:00:00,DOTUSDT,-9018143,30063
2021-05-07 20:00:00,LINKUSDT,-25363170,40000
2021-05-07 20:00:00,XRPUSD,-7061110,200000
2021-05-07 20:00:00,LTCUSD,-13496403,300468
2021-05-08 04:00:00,BCHUSD,-5767974,23199
2021-05-08 04:00:00,DOTUSDT,-4818416,30063
2021-05-08 04:00:00,LINKUSDT,-26175145,40000
2021-05-08 04:00:00,XRPUSD,-9848867,200000
2021-05-08 04:00:00,LTCUSD,-6795577,300468
2021-05-08 04:00:00,XBTUSD,1719228,10001327
2021-05-08 12:00:00,BCHUSD,-4946658,23199
2021-05-08 12:00:00,LINKUSDT,-10126411,25000
2021-05-08 12:00:00,DOTUSDT,-2387183,30063
2021-05-08 12:00:00,XRPUSD,-8944573,200000
2021-05-08 12:00:00,LTCUSD,-2058056,300468
2021-05-08 12:00:00,XBTUSD,2360411,13844054
2021-05-08 20:00:00,BCHUSD,-6343032,23199
2021-05-08 20:00:00,LINKUSDT,-13375908,25000
2021-05-08 20:00:00,DOTUSDT,-7300700,30063
2021-05-08 20:00:00,XRPUSD,-13723325,200000
2021-05-08 20:00:00,LTCUSD,-17888956,300468
2021-05-08 20:00:00,XBTUSD,7936090,13844054
2021-05-09 04:00:00,BCHUSD,-5739975,23199
2021-05-09 04:00:00,LINKUSDT,-9219327,25000
2021-05-09 04:00:00,DOTUSDT,-6481455,30063
2021-05-09 04:00:00,XRPUSD,-11007175,200000
2021-05-09 04:00:00,LTCUSD,-23966052,300468
2021-05-09 04:00:00,XBTUSD,3093952,13844054
2021-05-09 12:00:00,BCHUSD,-5365838,23199
2021-05-09 12:00:00,LINKUSDT,-7554855,25000
2021-05-09 12:00:00,DOTUSDT,-6006620,30063
2021-05-09 12:00:00,XRPUSD,-9648366,200000
2021-05-09 12:00:00,LTCUSD,-25649844,300468
2021-05-09 12:00:00,XBTUSD,5833718,13844054
2021-05-09 20:00:00,BCHUSD,-5657229,23199
2021-05-09 20:00:00,LINKUSDT,-7683057,25000
2021-05-09 20:00:00,DOTUSDT,-1580723,30063
2021-05-09 20:00:00,XRPUSD,-4709328,200000
2021-05-09 20:00:00,LTCUSD,-16901079,300468
2021-05-09 20:00:00,XBTUSD,14824435,13844054
2021-05-10 04:00:00,BCHUSD,-5686317,23199
2021-05-10 04:00:00,LINKUSDT,-8931170,25000
2021-05-10 04:00:00,DOTUSDT,-1244765,30063
2021-05-10 04:00:00,XRPUSD,-5935000,200000
2021-05-10 04:00:00,LTCUSD,-12801956,300468
2021-05-10 04:00:00,XBTUSD,3832014,22782485
2021-05-10 12:00:00,BCHUSD,-4072030,23199
2021-05-10 12:00:00,LINKUSDT,-6808509,25000
2021-05-10 12:00:00,DOTUSDT,-2664823,30063
2021-05-10 12:00:00,XRPUSD,-5396512,200000
2021-05-10 12:00:00,LTCUSD,-10557662,300468
2021-05-10 12:00:00,XBTUSD,5632031,32782485
2021-05-10 20:00:00,BCHUSD,-6194313,23199
2021-05-10 20:00:00,LINKUSDT,-7946230,25000
2021-05-10 20:00:00,DOTUSDT,-8500581,30063
2021-05-10 20:00:00,XRPUSD,-12235904,200000
2021-05-10 20:00:00,LTCUSD,-16378095,234824
2021-05-10 20:00:00,XBTUSD,50190104,58373822
2021-05-11 04:00:00,LINKUSDT,-4215189,28099
2021-05-11 04:00:00,DOTUSDT,-19998506,50063
2021-05-11 04:00:00,BCHUSD,-13431173,62597
2021-05-11 04:00:00,LTCUSD,-8529627,200959
2021-05-11 04:00:00,XRPUSD,-31616718,728336
2021-05-11 04:00:00,XBTUSD,5024620,27729693
2021-05-11 12:00:00,LINKUSDT,-1104340,23932
2021-05-11 12:00:00,DOTUSDT,92111,50063
2021-05-11 12:00:00,BCHUSD,-6017744,62597
2021-05-11 12:00:00,LTCUSD,-2019602,193911
2021-05-11 12:00:00,XRPUSD,-2070222,728336
2021-05-11 12:00:00,XBTUSD,5019074,27729693
2021-05-11 20:00:00,LINKUSDT,-10427967,23932
2021-05-11 20:00:00,BCHUSD,-546999,37597
2021-05-11 20:00:00,DOTUSDT,-1898079,50063
2021-05-11 20:00:00,LTCUSD,-1442116,193911
2021-05-11 20:00:00,XRPUSD,-2143202,728336
2021-05-11 20:00:00,XBTUSD,4888745,27729693
2021-05-12 04:00:00,LINKUSDT,-5345844,23932
2021-05-12 04:00:00,BCHUSD,-1954453,37597
2021-05-12 04:00:00,DOTUSDT,-2030781,50063
2021-05-12 04:00:00,LTCUSD,-5611556,193911
2021-05-12 04:00:00,XRPUSD,-15860468,728336
2021-05-12 04:00:00,XBTUSD,4794464,27729693
2021-05-12 12:00:00,LINKUSDT,-6782287,23932
2021-05-12 12:00:00,DOTUSDT,-1597034,39908
2021-05-12 12:00:00,LTCUSD,-15119174,193911
2021-05-12 12:00:00,XRPUSD,-7214003,330926
2021-05-12 12:00:00,XBTUSD,7204815,40705167
2021-05-12 20:00:00,LINKUSDT,-11608360,23932
2021-05-12 20:00:00,DOTUSDT,-5594458,39908
2021-05-12 20:00:00,LTCUSD,-18038563,193911
2021-05-12 20:00:00,XRPUSD,-17648875,330926
2021-05-12 20:00:00,XBTUSD,7465328,40705167
2021-05-13 04:00:00,XBTUSD,941,4745
2021-05-13 04:00:00,LINKUSDT,-6413193,17284
2021-05-13 04:00:00,DOTUSDT,-1223747,33391
2021-05-13 04:00:00,ETHUSD,-28785921,94548
2021-05-13 04:00:00,LTCUSD,-6164772,103911
2021-05-13 04:00:00,XRPUSD,-9310797,230926
2021-05-13 12:00:00,XBTUSD,-2267,16841
2021-05-13 12:00:00,LINKUSDT,-3669229,17284
2021-05-13 12:00:00,DOTUSDT,-910387,23391
2021-05-13 12:00:00,ETHUSD,-13734603,50048
2021-05-13 12:00:00,LTCUSD,-4712397,103911
2021-05-13 12:00:00,XRPUSD,-4264854,230926
2021-05-13 20:00:00,LINKUSDT,-3558923,13684
2021-05-13 20:00:00,DOTUSDT,-589517,15000
2021-05-13 20:00:00,LTCUSD,-2068451,70011
2021-05-13 20:00:00,ETHUSD,-63270151,79595
2021-05-13 20:00:00,XRPUSD,-3845454,147926
2021-05-13 20:00:00,XBTUSD,2067311,10035488
2021-05-14 04:00:00,LINKUSDT,-2925508,13684
2021-05-14 04:00:00,DOTUSDT,-600297,15000
2021-05-14 04:00:00,LTCUSD,-3236092,70011
2021-05-14 04:00:00,ETHUSD,-72591237,100276
2021-05-14 04:00:00,XRPUSD,-5971161,147926
2021-05-14 04:00:00,XBTUSD,-2116047,10413618
2021-05-14 12:00:00,LINKUSDT,-6465565,13684
2021-05-14 12:00:00,DOTUSDT,-618885,15000
2021-05-14 12:00:00,LTCUSD,-2212975,70011
2021-05-14 12:00:00,ETHUSD,-59898219,100276
2021-05-14 12:00:00,XRPUSD,-8156414,147926
2021-05-14 12:00:00,XBTUSD,-2056690,10413618
2021-05-14 20:00:00,LINKUSDT,-7691164,13684
2021-05-14 20:00:00,DOTUSDT,-2980621,15000
2021-05-14 20:00:00,LTCUSD,-1188344,70011
2021-05-14 20:00:00,ETHUSD,-38865761,100276
2021-05-14 20:00:00,XRPUSD,-6547980,147926
2021-05-14 20:00:00,XBTUSD,-2075434,10413618
2021-05-15 04:00:00,LINKUSDT,-7840719,13684
2021-05-15 04:00:00,DOTUSDT,-2439088,15000
2021-05-15 04:00:00,LTCUSD,-2740416,70011
2021-05-15 04:00:00,ETHUSD,-18184331,100276
2021-05-15 04:00:00,XRPUSD,-4449226,147926
2021-05-15 04:00:00,XBTUSD,-2096261,10413618
2021-05-15 12:00:00,LINKUSDT,-7083031,13684
2021-05-15 12:00:00,DOTUSDT,-5664318,15000
2021-05-15 12:00:00,ETHUSD,-16571263,25276
2021-05-15 12:00:00,LTCUSD,-6025972,70011
2021-05-15 12:00:00,XRPUSD,-5809765,147926
2021-05-15 12:00:00,XBTUSD,-2125419,10413618
2021-05-15 20:00:00,LINKUSDT,-6034127,13684
2021-05-15 20:00:00,DOTUSDT,-8793390,15000
2021-05-15 20:00:00,ETHUSD,-16003295,25276
2021-05-15 20:00:00,LTCUSD,-5110752,70011
2021-05-15 20:00:00,XRPUSD,-6860410,147926
2021-05-15 20:00:00,XBTUSD,-2166033,10413618
2021-05-16 04:00:00,LINKUSDT,-6734242,13684
2021-05-16 04:00:00,DOTUSDT,-7129699,15000
2021-05-16 04:00:00,ETHUSD,-17035852,25276
2021-05-16 04:00:00,LTCUSD,-4673925,70011
2021-05-16 04:00:00,XRPUSD,-7860222,147926
2021-05-16 04:00:00,XBTUSD,-2154578,10413618
2021-05-16 12:00:00,LINKUSDT,-6033985,13684
2021-05-16 12:00:00,DOTUSDT,-6669336,15000
2021-05-16 12:00:00,ETHUSD,-18770821,25276
2021-05-16 12:00:00,LTCUSD,-6480851,70011
2021-05-16 12:00:00,XRPUSD,-13250404,147926
2021-05-16 12:00:00,XBTUSD,-2122295,10413618
2021-05-16 20:00:00,LINKUSDT,1523819,2565
2021-05-16 20:00:00,XBTUSD,-795,3618
2021-05-16 20:00:00,LTCUSD,-4375746,50011
2021-05-17 04:00:00,LINKUSDT,1391272,2565
2021-05-17 04:00:00,XBTUSD,-843,3618
2021-05-17 04:00:00,ETHUSD,-3025619,9050
2021-05-17 04:00:00,LTCUSD,-1958069,30011
2021-05-17 12:00:00,XBTUSD,128,587
2021-05-17 12:00:00,LTCUSD,-2399421,30011
2021-05-17 20:00:00,XBTUSD,-605,2676
2021-05-18 04:00:00,XBTUSD,-3390187,15189011
2021-05-18 12:00:00,XBTUSD,-2245658,10189011
2021-05-18 20:00:00,ETHUSD,-22206011,50000
2021-05-18 20:00:00,XBTUSD,-4994316,21611060
2021-05-19 04:00:00,ETHUSD,41348176,100808
2021-05-19 04:00:00,XBTUSD,1628132,20007023
2021-05-19 12:00:00,ETHUSD,103290484,181667
2021-05-19 12:00:00,XBTUSD,7961286,30702992
2021-05-19 20:00:00,ETHUSD,48929625,50000
2021-05-19 20:00:00,XBTUSD,-2538683,10006634
2021-05-20 04:00:00,XBTUSD,-58916,8957
2021-05-20 12:00:00,ETHUSD,-155205000,150000
2021-05-20 12:00:00,XBTUSD,1442326,5001043
2021-05-20 20:00:00,ETHUSD,-135244060,200000
2021-05-20 20:00:00,XBTUSD,-1094962,1658500
2021-05-21 04:00:00,ETHUSD,-55147792,300000
2021-05-21 04:00:00,XBTUSD,16403593,8341500
2021-05-21 12:00:00,ETHUSD,-14435394,300000
2021-05-21 12:00:00,XBTUSD,3602093,8341500
2021-05-21 20:00:00,ETHUSD,22921958,100000
2021-05-21 20:00:00,XBTUSD,2806123,10130409
2021-05-22 04:00:00,ETHUSD,138074120,250000
2021-05-22 04:00:00,XBTUSD,-9923465,10130409
2021-05-22 12:00:00,ETHUSD,135986625,150000
2021-05-22 12:00:00,XBTUSD,-6579822,10130409
2021-05-22 20:00:00,ETHUSD,120056012,150000
2021-05-22 20:00:00,XBTUSD,2521135,10130409
2021-05-23 04:00:00,ETHUSD,96432149,150000
2021-05-23 04:00:00,XBTUSD,-1405979,10130409
2021-05-23 12:00:00,ETHUSD,55179053,100000
2021-05-23 12:00:00,XBTUSD,-68770,130409
2021-05-23 20:00:00,XBTUSD,-223231,130409
2021-05-23 20:00:00,ETHUSD,160016621,355734
2021-05-24 04:00:00,XBTUSD,629,591
2021-05-24 04:00:00,ETHUSD,291407683,400027
2021-05-24 12:00:00,XBTUSD,788,591
2021-05-24 12:00:00,ETHUSD,61354937,74493
2021-05-24 20:00:00,ETHUSD,-192170793,217122
2021-05-24 20:00:00,XBTUSD,6767200,20000591
2021-05-25 04:00:00,ETHUSD,-45264833,200048
2021-05-25 04:00:00,XBTUSD,-5208154,20000591
2021-05-25 12:00:00,XBTUSD,171,591
2021-05-25 12:00:00,ETHUSD,5989625,249952
2021-05-25 20:00:00,XBTUSD,-158,591
2021-05-25 20:00:00,ETHUSD,82311021,249952
2021-05-26 04:00:00,ETHUSD,185658669,249952
2021-05-26 04:00:00,XBTUSD,3249719,20741917
2021-05-26 12:00:00,ETHUSD,146337459,149952
2021-05-26 12:00:00,XBTUSD,5195850,20741917
2021-05-26 20:00:00,ETHUSD,41150674,66022
2021-05-26 20:00:00,XBTUSD,5386676,20741917
2021-05-27 04:00:00,ETHUSD,30509329,66022
2021-05-27 04:00:00,XBTUSD,5506979,20741917
2021-05-27 12:00:00,ETHUSD,17188521,66022
2021-05-27 12:00:00,XBTUSD,-14594842,20741917
2021-05-27 20:00:00,ETHUSD,20639941,66022
2021-05-27 20:00:00,XBTUSD,-1546414,7506863
2021-05-28 04:00:00,XBTUSD,1793,6863
2021-05-28 12:00:00,ETHUSD,17067920,84406
2021-05-28 12:00:00,XBTUSD,-1110135,32747332
2021-05-28 20:00:00,ETHUSD,15228579,84406
2021-05-28 20:00:00,XBTUSD,-9171789,24506332
2021-05-29 04:00:00,ETHUSD,29021524,84406
2021-05-29 04:00:00,XBTUSD,-14336394,14650845
2021-05-29 12:00:00,ETHUSD,40117813,84406
2021-05-29 12:00:00,XBTUSD,3377167,19295233
2021-05-29 20:00:00,ETHUSD,27443429,84406
2021-05-29 20:00:00,XBTUSD,12711480,43295233
2021-05-30 04:00:00,ETHUSD,73640268,196659
2021-05-30 04:00:00,XBTUSD,10064004,35005233
2021-05-30 12:00:00,ETHUSD,28026218,96659
2021-05-30 12:00:00,XBTUSD,1511688,27505233
2021-05-30 20:00:00,ETHUSD,20946807,96659
2021-05-30 20:00:00,XBTUSD,7618950,27505233
2021-05-31 04:00:00,ETHUSD,39640161,196659
2021-05-31 04:00:00,XBTUSD,10099477,34885932
2021-05-31 12:00:00,ETHUSD,21770314,86659
2021-05-31 12:00:00,XBTUSD,3696268,13614245
2021-05-31 20:00:00,XBTUSD,3236709,9479029
2021-06-01 04:00:00,XBTUSD,-801062,4140391
2021-06-01 12:00:00,ETHUSD,19327822,150000
2021-06-01 12:00:00,XBTUSD,1776671,13276669
2021-06-01 20:00:00,ETHUSD,27465373,145171
2021-06-01 20:00:00,XBTUSD,222832,20046050
2021-06-02 04:00:00,ETHUSD,37454793,145171
2021-06-02 04:00:00,XBTUSD,5630946,43709364
2021-06-02 12:00:00,ETHUSD,64613033,300050
2021-06-02 12:00:00,XBTUSD,5967453,11155953
2021-06-02 20:00:00,ETHUSD,201439047,399507
2021-06-02 20:00:00,XBTUSD,-2852050,10803221
2021-06-03 04:00:00,ETHUSD,210068129,399507
2021-06-03 04:00:00,XBTUSD,-2869335,10803221
2021-06-03 12:00:00,DOTUSDT,-4347320,44211
2021-06-03 12:00:00,ETHUSD,25580956,111540
2021-06-03 12:00:00,BNBUSDT,-10840470,205565
2021-06-03 12:00:00,DOGEUSDT,-22014336,300469
2021-06-03 12:00:00,XBTUSD,30589699,50707995
2021-06-03 20:00:00,ETHUSD,2063692,16443
2021-06-03 20:00:00,DOTUSDT,-5494229,44211
2021-06-03 20:00:00,LTCUSD,-10562093,176419
2021-06-03 20:00:00,BNBUSDT,-1032988,249231
2021-06-03 20:00:00,DOGEUSDT,-19629568,300469
2021-06-03 20:00:00,XRPUSD,-19164229,565234
2021-06-03 20:00:00,XBTUSD,31795028,50707995
2021-06-04 04:00:00,DOTUSDT,-1893138,44211
2021-06-04 04:00:00,ETHUSD,-5048661,183182
2021-06-04 04:00:00,BNBUSDT,4130985,273393
2021-06-04 04:00:00,DOGEUSDT,-14707164,300469
2021-06-04 04:00:00,LTCUSD,-13630660,355996
2021-06-04 04:00:00,XRPUSD,-13350988,706821
2021-06-04 04:00:00,XBTUSD,13361577,56363693
2021-06-04 12:00:00,DOTUSDT,-1072705,44211
2021-06-04 12:00:00,ETHUSD,-4807648,183182
2021-06-04 12:00:00,BNBUSDT,-9936370,273393
2021-06-04 12:00:00,DOGEUSDT,-8886106,300469
2021-06-04 12:00:00,LTCUSD,-6627172,355996
2021-06-04 12:00:00,XRPUSD,-2196874,706821
2021-06-04 12:00:00,XBTUSD,65770458,54303601
2021-06-04 20:00:00,DOTUSDT,-1106168,44211
2021-06-04 20:00:00,BNBUSDT,-5027227,273393
2021-06-04 20:00:00,DOGEUSDT,-6532644,300469
2021-06-04 20:00:00,LTCUSD,-3562342,355996
2021-06-04 20:00:00,ETHUSD,-10969334,408412
2021-06-04 20:00:00,XRPUSD,-1369254,706821
2021-06-04 20:00:00,XBTUSD,4691877,55766720
2021-06-05 04:00:00,DOTUSDT,-1131373,44211
2021-06-05 04:00:00,BNBUSDT,-2243572,273393
2021-06-05 04:00:00,DOGEUSDT,-4295361,300469
2021-06-05 04:00:00,LTCUSD,-1296644,355996
2021-06-05 04:00:00,ETHUSD,47635607,408412
2021-06-05 04:00:00,XRPUSD,-1385511,706821
2021-06-05 04:00:00,XBTUSD,100282839,55766720
2021-06-05 12:00:00,DOTUSDT,-1066334,44211
2021-06-05 12:00:00,BNBUSDT,-1068939,273393
2021-06-05 12:00:00,DOGEUSDT,-2293535,300469
2021-06-05 12:00:00,ETHUSD,-8527672,322843
2021-06-05 12:00:00,LTCUSD,-1237656,355996
2021-06-05 12:00:00,XRPUSD,-1329530,706821
2021-06-05 12:00:00,XBTUSD,70914625,58401516
2021-06-05 20:00:00,DOTUSDT,-1049874,44211
2021-06-05 20:00:00,BNBUSDT,-1058714,273393
2021-06-05 20:00:00,DOGEUSDT,-4666634,300469
2021-06-05 20:00:00,ETHUSD,-57613807,328717
2021-06-05 20:00:00,LTCUSD,-2075514,355996
2021-06-05 20:00:00,XRPUSD,-4445048,706821
2021-06-05 20:00:00,XBTUSD,31273159,57973915
2021-06-06 04:00:00,DOTUSDT,-1059287,44211
2021-06-06 04:00:00,BNBUSDT,-12243878,273393
2021-06-06 04:00:00,DOGEUSDT,-4785087,300469
2021-06-06 04:00:00,ETHUSD,-8798801,328717
2021-06-06 04:00:00,LTCUSD,-1258161,355996
2021-06-06 04:00:00,XRPUSD,-8121424,706821
2021-06-06 04:00:00,XBTUSD,46671321,57973915
2021-06-06 12:00:00,DOTUSDT,-1059088,44211
2021-06-06 12:00:00,BNBUSDT,-7653451,273393
2021-06-06 12:00:00,DOGEUSDT,-1985788,300469
2021-06-06 12:00:00,ETHUSD,-8845446,328717
2021-06-06 12:00:00,LTCUSD,-1256345,355996
2021-06-06 12:00:00,XRPUSD,-2330374,706821
2021-06-06 12:00:00,XBTUSD,75577738,57473915
2021-06-06 20:00:00,DOTUSDT,-1052164,44211
2021-06-06 20:00:00,BNBUSDT,-7503285,273393
2021-06-06 20:00:00,DOGEUSDT,-3545765,300469
2021-06-06 20:00:00,ETHUSD,-54872929,328717
2021-06-06 20:00:00,LTCUSD,-1239329,355996
2021-06-06 20:00:00,XRPUSD,-3244215,706821
2021-06-06 20:00:00,XBTUSD,-3856730,57473915
2021-06-07 04:00:00,DOTUSDT,-1100642,44211
2021-06-07 04:00:00,BNBUSDT,-1090045,273393
2021-06-07 04:00:00,DOGEUSDT,-8927873,300469
2021-06-07 04:00:00,ETHUSD,-84225250,328717
2021-06-07 04:00:00,LTCUSD,-4237499,355996
2021-06-07 04:00:00,XRPUSD,-9118592,706821
2021-06-07 04:00:00,XBTUSD,-15788084,57473915
2021-06-07 12:00:00,DOTUSDT,-1098511,44211
2021-06-07 12:00:00,BNBUSDT,-1090592,273393
2021-06-07 12:00:00,DOGEUSDT,-12040689,300469
2021-06-07 12:00:00,ETHUSD,-87489431,328717
2021-06-07 12:00:00,LTCUSD,-2198147,355996
2021-06-07 12:00:00,XRPUSD,-7906927,706821
2021-06-07 12:00:00,XBTUSD,15477955,57473915
2021-06-07 20:00:00,DOTUSDT,-1054888,44211
2021-06-07 20:00:00,BNBUSDT,-1276034,273393
2021-06-07 20:00:00,DOGEUSDT,-9508737,300469
2021-06-07 20:00:00,LTCUSD,-1239578,355996
2021-06-07 20:00:00,ETHUSD,-48489501,408816
2021-06-07 20:00:00,XRPUSD,-3516163,706821
2021-06-07 20:00:00,XBTUSD,43872982,55073915
2021-06-08 04:00:00,DOTUSDT,-930549,44211
2021-06-08 04:00:00,ETHUSD,-7361327,99834
2021-06-08 04:00:00,BNBUSDT,-946104,273393
2021-06-08 04:00:00,DOGEUSDT,-5329526,300469
2021-06-08 04:00:00,LTCUSD,-2398890,355996
2021-06-08 04:00:00,XRPUSD,-3202660,706821
2021-06-08 04:00:00,XBTUSD,3203052,3810000
2021-06-08 12:00:00,DOTUSDT,-966996,44211
2021-06-08 12:00:00,ETHUSD,-2950133,116299
2021-06-08 12:00:00,BNBUSDT,-970108,273393
2021-06-08 12:00:00,DOGEUSDT,-1168759,300469
2021-06-08 12:00:00,LTCUSD,-1134844,355996
2021-06-08 12:00:00,XRPUSD,-1224426,706821
2021-06-08 12:00:00,XBTUSD,42610150,18080500
2021-06-08 20:00:00,DOTUSDT,-735629,34289
2021-06-08 20:00:00,DOGEUSDT,-449783,136100
2021-06-08 20:00:00,BNBUSDT,-951599,273393
2021-06-08 20:00:00,ETHUSD,10634568,305337
2021-06-08 20:00:00,LTCUSD,-1135627,355996
2021-06-08 20:00:00,XRPUSD,-1220821,706821
2021-06-08 20:00:00,XBTUSD,-576964,2374300
2021-06-09 04:00:00,DOTUSDT,-717645,34289
2021-06-09 04:00:00,DOGEUSDT,-1636028,136100
2021-06-09 04:00:00,ETHUSD,84341919,271802
2021-06-09 04:00:00,BNBUSDT,-933692,273393
2021-06-09 04:00:00,LTCUSD,-1100882,355996
2021-06-09 04:00:00,XRPUSD,-1196082,706821
2021-06-09 04:00:00,XBTUSD,-9112708,36549500
2021-06-09 12:00:00,DOTUSDT,-752359,34289
2021-06-09 12:00:00,BNBUSDT,-2060191,273393
2021-06-09 12:00:00,DOGEUSDT,-7719928,336100
2021-06-09 12:00:00,LTCUSD,-1156204,355996
2021-06-09 12:00:00,ETHUSD,-118984708,399221
2021-06-09 12:00:00,XRPUSD,-1236654,706821
2021-06-09 12:00:00,XBTUSD,6678336,64947200
2021-06-09 20:00:00,DOTUSDT,-766157,34289
2021-06-09 20:00:00,ETHUSD,-6387983,249221
2021-06-09 20:00:00,BNBUSDT,-3507044,273393
2021-06-09 20:00:00,DOGEUSDT,-5187341,336100
2021-06-09 20:00:00,LTCUSD,-1209105,355996
2021-06-09 20:00:00,XRPUSD,-1244712,706821
2021-06-09 20:00:00,XBTUSD,98770554,54804700
2021-06-10 04:00:00,DOTUSDT,-2851133,34289
2021-06-10 04:00:00,ETHUSD,-6390749,249221
2021-06-10 04:00:00,BNBUSDT,-1010214,273393
2021-06-10 04:00:00,DOGEUSDT,-4531117,336100
2021-06-10 04:00:00,LTCUSD,-1212309,355996
2021-06-10 04:00:00,XRPUSD,-1869372,706821
2021-06-10 04:00:00,XBTUSD,44021461,54804700
2021-06-10 12:00:00,DOTUSDT,-2715888,14289
2021-06-10 12:00:00,DOGEUSDT,-553597,36100
2021-06-10 12:00:00,ETHUSD,-10360712,73595
2021-06-10 12:00:00,BNBUSDT,-635139,173393
2021-06-10 12:00:00,LTCUSD,-785977,229939
2021-06-10 12:00:00,XRPUSD,-5097864,492703
2021-06-10 12:00:00,XBTUSD,10957705,25288700
2021-06-10 20:00:00,XRPUSD,-2590247,138756
2021-06-10 20:00:00,BNBUSDT,-2837197,139564
2021-06-10 20:00:00,XBTUSD,-4725227,17339200
2021-06-11 04:00:00,XBTUSD,4619915,17339200
2021-06-11 12:00:00,XBTUSD,22025367,37615600
2021-06-11 20:00:00,ETHUSD,12344450,50000
2021-06-11 20:00:00,XBTUSD,-592530,27604200
2021-06-12 04:00:00,ETHUSD,21520408,102707
2021-06-12 04:00:00,XBTUSD,779498,2775000
2021-06-12 12:00:00,ETHUSD,19709982,102707
2021-06-12 12:00:00,XBTUSD,-14572958,30007500
2021-06-12 20:00:00,ETHUSD,25253301,102707
2021-06-12 20:00:00,XBTUSD,-28331535,45007500
2021-06-13 04:00:00,ETHUSD,16054596,102707
2021-06-13 04:00:00,XBTUSD,-40366449,45007500
2021-06-13 12:00:00,ETHUSD,16019402,102707
2021-06-13 12:00:00,XBTUSD,12531552,45007100
2021-06-13 20:00:00,ETHUSD,2497526,102707
2021-06-13 20:00:00,XBTUSD,-1620450,10007100
2021-06-14 04:00:00,ETHUSD,15221602,102707
2021-06-14 04:00:00,XBTUSD,1231198,40002900
2021-06-14 12:00:00,ETHUSD,35973583,102707
2021-06-14 12:00:00,XBTUSD,-10210700,40002900
2021-06-14 20:00:00,ETHUSD,-39982441,185283
2021-06-14 20:00:00,XBTUSD,-17630230,70002900
2021-06-15 04:00:00,ETHUSD,-7350394,283981
2021-06-15 04:00:00,XBTUSD,16794810,70002900
2021-06-15 12:00:00,ETHUSD,-7324694,283981
2021-06-15 12:00:00,XBTUSD,33029810,70002900
2021-06-15 20:00:00,ETHUSD,-7189575,283981
2021-06-15 20:00:00,XBTUSD,-4378121,70002900
2021-06-16 04:00:00,ETHUSD,-7165749,283981
2021-06-16 04:00:00,XBTUSD,-3322451,70002900
2021-06-16 12:00:00,ETHUSD,-6990164,283981
2021-06-16 12:00:00,XBTUSD,52331844,60002900
2021-06-16 20:00:00,ETHUSD,-6866717,283981
2021-06-16 20:00:00,XBTUSD,31705575,49432600
2021-06-17 04:00:00,ETHUSD,-6911728,283981
2021-06-17 04:00:00,XBTUSD,28575493,44426900
2021-06-17 12:00:00,ETHUSD,-6886624,283981
2021-06-17 12:00:00,XBTUSD,101711661,64449700
2021-06-17 20:00:00,ETHUSD,-4213896,180031
2021-06-17 20:00:00,XBTUSD,17688594,45080200
2021-06-18 04:00:00,ETHUSD,-2366445,101039
2021-06-18 04:00:00,XBTUSD,19479172,24883500
2021-06-18 12:00:00,XBTUSD,8211380,7107700
2021-06-18 20:00:00,XBTUSD,-18396545,35122200
2021-06-19 04:00:00,XBTUSD,143034,25122200
2021-06-19 12:00:00,XBTUSD,-54439512,35122200
2021-06-19 20:00:00,XBTUSD,-18857209,35122200
2021-06-20 04:00:00,XBTUSD,-296579,35122200
2021-06-20 12:00:00,XBTUSD,1510911,5122200
2021-06-20 20:00:00,XBTUSD,-938436,5122200
2021-06-21 04:00:00,XBTUSD,-27989811,21124900
2021-06-21 12:00:00,ETHUSD,-1178584,4991
2021-06-21 12:00:00,XBTUSD,2458344,7996800
2021-06-21 20:00:00,ETHUSD,46206,4399
2021-06-21 20:00:00,XBTUSD,32509791,18730000
2021-06-22 04:00:00,ETHUSD,-5020451,254065
2021-06-22 04:00:00,XBTUSD,61277705,49343600
2021-06-22 12:00:00,XBTUSD,-150951,6743300
2021-06-22 20:00:00,ETHUSD,-21643773,302704
2021-06-22 20:00:00,XRPUSD,-1793721,1459962
2021-06-22 20:00:00,XBTUSD,-16538069,53657400
2021-06-23 04:00:00,ETHUSD,-27277579,215661
2021-06-23 04:00:00,XRPUSD,-1106091,915866
2021-06-23 04:00:00,XBTUSD,32655607,17052700
2021-06-23 12:00:00,ETHUSD,-4297283,215661
2021-06-23 12:00:00,XRPUSD,-1168645,915866
2021-06-23 12:00:00,XBTUSD,2763424,17052700
2021-06-23 20:00:00,ETHUSD,-2217198,115661
2021-06-23 20:00:00,XBTUSD,-1181279,2023900
2021-06-24 04:00:00,ETHUSD,16803537,135099
2021-06-24 04:00:00,XBTUSD,-291711,2023900
2021-06-24 12:00:00,ETHUSD,25028738,135099
2021-06-24 12:00:00,XBTUSD,-698909,2023900
2021-06-24 20:00:00,ETHUSD,35330105,135099
2021-06-24 20:00:00,XBTUSD,-4554531,12023900
2021-06-25 04:00:00,ETHUSD,24882913,135099
2021-06-25 04:00:00,XBTUSD,-6341247,12023900
2021-06-25 12:00:00,ETHUSD,19246413,135099
2021-06-25 12:00:00,XBTUSD,-721241,30021800
2021-06-25 20:00:00,ETHUSD,6607437,135099
2021-06-25 20:00:00,XBTUSD,9309700,30021800
2021-06-26 04:00:00,ETHUSD,2457762,135099
2021-06-26 04:00:00,XBTUSD,-20929074,30021800
2021-06-26 12:00:00,XBTUSD,18860665,9978200
2021-06-26 20:00:00,ETHUSD,-36990587,400000
2021-06-26 20:00:00,XBTUSD,17699331,9978200
2021-06-27 04:00:00,ETHUSD,-11294820,600000
2021-06-27 04:00:00,XBTUSD,4458829,19978200
2021-06-27 12:00:00,ETHUSD,-5298134,600000
2021-06-27 12:00:00,XBTUSD,16340195,19978200
2021-06-27 20:00:00,ETHUSD,-10945380,600000
2021-06-27 20:00:00,XBTUSD,29093558,19978200
2021-06-28 04:00:00,ETHUSD,28466534,600000
2021-06-28 04:00:00,XBTUSD,15678640,19978200
2021-06-28 12:00:00,XBTUSD,6392,21800
2021-06-28 12:00:00,ETHUSD,-11989740,600000
2021-06-28 20:00:00,XBTUSD,6326,21800
2021-06-28 20:00:00,ETHUSD,-37621196,604807
2021-06-29 04:00:00,XBTUSD,6303,21800
2021-06-29 04:00:00,ETHUSD,-26977239,674807
2021-06-29 12:00:00,XBTUSD,3552,21800
2021-06-29 12:00:00,ETHUSD,-16456211,674807
2021-06-29 20:00:00,XBTUSD,5985,21800
2021-06-29 20:00:00,ETHUSD,-15002984,674807
2021-06-30 04:00:00,XBTUSD,2795,21800
2021-06-30 04:00:00,ETHUSD,-14336410,674807
2021-06-30 12:00:00,XBTUSD,6253,21800
2021-06-30 12:00:00,ETHUSD,-11863812,549938
2021-06-30 20:00:00,XBTUSD,-10976,21800
2021-06-30 20:00:00,ETHUSD,-40977223,352503
2021-07-01 04:00:00,ETHUSD,-170016313,571818
2021-07-01 04:00:00,XBTUSD,2651150,19690300
2021-07-01 12:00:00,ETHUSD,-96370038,571818
2021-07-01 12:00:00,XBTUSD,3084810,6666000
2021-07-01 20:00:00,ETHUSD,7601572,301542
2021-07-01 20:00:00,XBTUSD,-208853,334000
2021-07-02 04:00:00,ETHUSD,-2073366,101542
2021-07-02 04:00:00,XBTUSD,-349055,334000
2021-07-02 12:00:00,XBTUSD,-235666,334000
2021-07-02 20:00:00,XBTUSD,10015,334000
2021-07-03 04:00:00,XBTUSD,-189339,334000
2021-07-03 12:00:00,XBTUSD,-179512,334000
2021-07-03 20:00:00,XBTUSD,2023785,17155300
2021-07-04 04:00:00,XBTUSD,3486791,12084800
2021-07-04 12:00:00,XBTUSD,-872988,5084800
2021-07-04 20:00:00,ETHUSD,-69279509,200000
2021-07-04 20:00:00,XBTUSD,313701,2596000
2021-07-05 04:00:00,ETHUSD,-6797190,300000
2021-07-05 04:00:00,XBTUSD,-1042459,2596000
2021-07-05 12:00:00,ETHUSD,-9687648,441212
2021-07-05 12:00:00,XBTUSD,155767,2477200
2021-07-05 20:00:00,ETHUSD,-13482300,600000
2021-07-05 20:00:00,XBTUSD,6767888,10004000
2021-07-06 04:00:00,ETHUSD,-6981062,600000
2021-07-06 04:00:00,XBTUSD,13240332,10004000
2021-07-06 12:00:00,ETHUSD,137671,600000
2021-07-06 12:00:00,XBTUSD,-763200,10004000
2021-07-06 20:00:00,ETHUSD,-32409936,600000
2021-07-06 20:00:00,XBTUSD,1323088,10004000
2021-07-07 04:00:00,ETHUSD,-14041980,600000
2021-07-07 04:00:00,XBTUSD,11089463,10004000
2021-07-07 12:00:00,ETHUSD,-14309340,600000
2021-07-07 12:00:00,XBTUSD,2842337,10004000
2021-07-07 20:00:00,ETHUSD,-85049494,600000
2021-07-07 20:00:00,XBTUSD,-5775175,20004000
2021-07-08 04:00:00,ETHUSD,-12704969,563166
2021-07-08 04:00:00,XBTUSD,-6001580,20004000
2021-07-08 12:00:00,ETHUSD,-3797706,175175
2021-07-08 12:00:00,XBTUSD,528459,248000
2021-07-08 20:00:00,ETHUSD,-3777719,175175
2021-07-08 20:00:00,XBTUSD,192457,248000
2021-07-09 04:00:00,XBTUSD,-4892,52000
2021-07-09 12:00:00,XBTUSD,3066624,10052000
2021-07-09 20:00:00,XBTUSD,5982831,20016700
2021-07-10 04:00:00,XBTUSD,9630438,32555500
2021-07-10 12:00:00,XBTUSD,9631805,32555500
2021-07-10 20:00:00,XBTUSD,9742461,32555500
2021-07-11 04:00:00,XBTUSD,-5547116,32555500
2021-07-11 12:00:00,XBTUSD,4043581,32555500
2021-07-11 20:00:00,XBTUSD,9602408,32555500
2021-07-12 04:00:00,XBTUSD,9449332,32555500
2021-07-12 12:00:00,XBTUSD,9705022,32555500
2021-07-12 20:00:00,XBTUSD,9920833,32555500
2021-07-13 04:00:00,XBTUSD,-6805001,22514700
2021-07-13 12:00:00,XBTUSD,59308391,42514700
2021-07-13 20:00:00,XBTUSD,-1579807,42514700
2021-07-14 04:00:00,XBTUSD,11700443,38021200
2021-07-14 12:00:00,XBTUSD,21772565,33021200
2021-07-14 20:00:00,XBTUSD,25023341,33021200
2021-07-15 04:00:00,XBTUSD,2528029,33021200
2021-07-15 12:00:00,XBTUSD,-3004105,33021200
2021-07-15 20:00:00,XBTUSD,-2772416,23021200
2021-07-16 04:00:00,XBTUSD,23437095,23021200
2021-07-16 12:00:00,XBTUSD,3479938,23021200
2021-07-16 20:00:00,XBTUSD,-7213233,23021200
2021-07-17 04:00:00,XBTUSD,-3749921,23021200
2021-07-17 12:00:00,XBTUSD,9090794,23021200
2021-07-17 20:00:00,XBTUSD,13227052,23021200
2021-07-18 04:00:00,XBTUSD,-2672139,13021200
2021-07-18 12:00:00,XBTUSD,-4094321,13021200
2021-07-18 20:00:00,XBTUSD,-4113540,13021200
2021-07-19 04:00:00,XBTUSD,17005135,13021200
2021-07-19 12:00:00,XBTUSD,2873068,13021200
2021-07-19 20:00:00,XBTUSD,-4237346,13021200
2021-07-20 04:00:00,XBTUSD,2902586,13021200
2021-07-20 12:00:00,XBTUSD,9602023,13021200
2021-07-20 20:00:00,XBTUSD,-4370683,13021200
2021-07-21 04:00:00,XBTUSD,4843581,13021200
2021-07-21 12:00:00,XBTUSD,948657,13021200
2021-07-21 20:00:00,XBTUSD,-4115259,13021200
2021-07-22 04:00:00,XBTUSD,-6636,21200
2021-07-22 12:00:00,XBTUSD,6267557,20008800
2021-07-22 20:00:00,XBTUSD,-516,8800
2021-07-23 04:00:00,XBTUSD,2699,8800
2021-07-23 12:00:00,XBTUSD,2723,8800
2021-07-23 20:00:00,XBTUSD,2305247,11108600
2021-07-24 04:00:00,XBTUSD,3297255,11108600
2021-07-24 12:00:00,XBTUSD,-1048780,11108600
2021-07-24 20:00:00,XBTUSD,-7440740,11108600
2021-07-25 04:00:00,XBTUSD,-8154792,11108600
2021-07-25 12:00:00,XBTUSD,-11787048,10534800
2021-07-25 20:00:00,XBTUSD,-704709,10534800
2021-07-26 04:00:00,XBTUSD,-42802,108600
2021-07-26 12:00:00,ETHUSD,-47438939,403184
2021-07-26 12:00:00,XBTUSD,-3376583,20001400
2021-07-26 20:00:00,ETHUSD,-11845822,500379
2021-07-26 20:00:00,XBTUSD,-5064923,42461500
2021-07-27 04:00:00,ETHUSD,-4349494,500379
2021-07-27 04:00:00,XBTUSD,-667972,2461500
2021-07-27 12:00:00,ETHUSD,10607105,500379
2021-07-27 12:00:00,XBTUSD,21081345,71043900
2021-07-27 20:00:00,ETHUSD,10981865,300379
2021-07-27 20:00:00,XBTUSD,31843750,29653600
2021-07-28 04:00:00,ETHUSD,-6877808,300379
2021-07-28 04:00:00,XBTUSD,-20753721,82688100
2021-07-28 12:00:00,ETHUSD,-20876387,300379
2021-07-28 12:00:00,XBTUSD,-9259507,72629600
2021-07-28 20:00:00,ETHUSD,-14368197,300379
2021-07-28 20:00:00,XBTUSD,-15681041,63345200
2021-07-29 04:00:00,ETHUSD,-6843955,300379
2021-07-29 04:00:00,XBTUSD,-15981614,63345200
2021-07-29 12:00:00,ETHUSD,-23499521,300379
2021-07-29 12:00:00,XBTUSD,18306373,63345200
2021-07-29 20:00:00,ETHUSD,-41803673,300379
2021-07-29 20:00:00,XBTUSD,-11490160,63345200
2021-07-30 04:00:00,ETHUSD,-22201940,300379
2021-07-30 04:00:00,XBTUSD,7128017,63345200
2021-07-30 12:00:00,ETHUSD,-39583694,300379
2021-07-30 12:00:00,XBTUSD,-4259166,43345200
2021-07-30 20:00:00,ETHUSD,-17085440,300379
2021-07-30 20:00:00,XBTUSD,6632565,43345200
2021-07-31 04:00:00,ETHUSD,-7404102,300379
2021-07-31 04:00:00,XBTUSD,18411114,39915800
2021-07-31 12:00:00,ETHUSD,-9531336,300379
2021-07-31 12:00:00,XBTUSD,-9593124,39915800
2021-07-31 20:00:00,ETHUSD,-18755911,300379
2021-07-31 20:00:00,XBTUSD,-9656949,39915800
2021-08-01 04:00:00,ETHUSD,-7861399,300379
2021-08-01 04:00:00,XBTUSD,-9398455,39915800
2021-08-01 12:00:00,ETHUSD,-7775010,300379
2021-08-01 12:00:00,XBTUSD,-7386982,39915800
2021-08-01 20:00:00,ETHUSD,-10632104,400379
2021-08-01 20:00:00,XBTUSD,8649637,42496800
2021-08-02 04:00:00,ETHUSD,-15380199,600538
2021-08-02 04:00:00,XBTUSD,-10357826,42496800
2021-08-02 12:00:00,ETHUSD,-15555916,600538
2021-08-02 12:00:00,XRPUSD,-1505919,1002743
2021-08-02 12:00:00,XBTUSD,25425379,36292900
2021-08-02 20:00:00,XBTUSD,139,6800
2021-08-02 20:00:00,ETHUSD,-15625038,600538
2021-08-02 20:00:00,XRPUSD,-1484561,1002743
2021-08-03 04:00:00,XBTUSD,-1390,6800
2021-08-03 04:00:00,ETHUSD,-7609292,300538
2021-08-03 04:00:00,XRPUSD,-1451470,1002743
2021-08-03 12:00:00,XBTUSD,5785750,34261300
2021-08-03 20:00:00,XBTUSD,6249935,40261300
2021-08-04 04:00:00,XBTUSD,10605712,40261300
2021-08-04 12:00:00,XBTUSD,10552124,40261300
2021-08-04 20:00:00,XBTUSD,7611897,30261300
2021-08-05 04:00:00,XBTUSD,7544531,29750900
2021-08-05 12:00:00,XBTUSD,7827700,29750900
2021-08-05 20:00:00,XBTUSD,-4227374,20249100
2021-08-06 04:00:00,XBTUSD,6156527,9174100
2021-08-06 12:00:00,XBTUSD,2667690,10813500
2021-08-06 20:00:00,XBTUSD,3145,13500
2021-08-07 04:00:00,XBTUSD,3087,13500
2021-08-07 12:00:00,ETHUSD,-22251705,100000
2021-08-07 12:00:00,XBTUSD,-8581691,37631900
2021-08-07 20:00:00,ETHUSD,-45613163,341949
2021-08-07 20:00:00,XBTUSD,12383486,36349000
2021-08-08 04:00:00,ETHUSD,-77694416,500712
2021-08-08 04:00:00,XBTUSD,-11388039,70174900
2021-08-08 12:00:00,ETHUSD,-15541149,500712
2021-08-08 12:00:00,XBTUSD,-14033350,70174900
2021-08-08 20:00:00,ETHUSD,-3000821,100527
2021-08-08 20:00:00,XBTUSD,-63414,277300
2021-08-09 04:00:00,ETHUSD,-45455856,108716
2021-08-09 04:00:00,XBTUSD,-3509685,15277300
2021-08-09 12:00:00,ETHUSD,-177130976,500199
2021-08-09 12:00:00,XBTUSD,-11777560,54162400
2021-08-09 20:00:00,ETHUSD,-90251031,500199
2021-08-09 20:00:00,XBTUSD,-17192078,79092400
2021-08-10 04:00:00,ETHUSD,-35565273,500589
2021-08-10 04:00:00,XBTUSD,-13435309,61420800
2021-08-10 12:00:00,ETHUSD,-95403708,500589
2021-08-10 12:00:00,XBTUSD,-13021783,59100200
2021-08-10 20:00:00,ETHUSD,-85837266,500913
2021-08-10 20:00:00,XBTUSD,-13472007,85169400
2021-08-11 04:00:00,ETHUSD,-30073579,500913
2021-08-11 04:00:00,XBTUSD,25032844,85169400
2021-08-11 12:00:00,ETHUSD,-57691780,500913
2021-08-11 12:00:00,XBTUSD,-18535076,85169400
2021-08-11 20:00:00,ETHUSD,-29316394,500913
2021-08-11 20:00:00,XBTUSD,-18328710,85169400
2021-08-12 04:00:00,ETHUSD,-29447499,500913
2021-08-12 04:00:00,XBTUSD,-18541549,85169400
2021-08-12 12:00:00,ETHUSD,-12402765,400913
2021-08-12 12:00:00,XBTUSD,6728662,52823700
2021-08-12 20:00:00,ETHUSD,-12297534,402997
2021-08-12 20:00:00,XBTUSD,-1342098,5569900
2021-08-13 04:00:00,ETHUSD,-12884181,413287
2021-08-13 04:00:00,XBTUSD,-3907746,17656700
2021-08-13 12:00:00,ETHUSD,-16081475,500287
2021-08-13 12:00:00,XBTUSD,-2406045,44430100
2021-08-13 20:00:00,ETHUSD,-84086319,500287
2021-08-13 20:00:00,XBTUSD,-11709602,54430100
2021-08-14 04:00:00,ETHUSD,-141062301,500287
2021-08-14 04:00:00,XBTUSD,-11440935,54430100
2021-08-14 12:00:00,ETHUSD,-136760315,500287
2021-08-14 12:00:00,XBTUSD,-11918943,55539500
2021-08-14 20:00:00,ETHUSD,-84302648,500287
2021-08-14 20:00:00,XBTUSD,-13918820,65539500
2021-08-15 04:00:00,ETHUSD,-16253974,500287
2021-08-15 04:00:00,XBTUSD,27522591,65539500
2021-08-15 12:00:00,ETHUSD,-15820326,500287
2021-08-15 12:00:00,XBTUSD,-14151229,65039500
2021-08-15 20:00:00,ETHUSD,-16061364,500287
2021-08-15 20:00:00,XBTUSD,-280527,65039500
2021-08-16 04:00:00,ETHUSD,-16328667,500287
2021-08-16 04:00:00,XBTUSD,14135236,65039500
2021-08-16 12:00:00,ETHUSD,-157250740,500287
2021-08-16 12:00:00,XBTUSD,-13677807,65039500
2021-08-16 20:00:00,ETHUSD,-72010100,500287
2021-08-16 20:00:00,XBTUSD,-14107913,65039500
2021-08-17 04:00:00,ETHUSD,-36123206,500287
2021-08-17 04:00:00,XBTUSD,-1960636,70039500
2021-08-17 12:00:00,ETHUSD,-978877,500287
2021-08-17 12:00:00,XBTUSD,25095881,70039500
2021-08-17 20:00:00,ETHUSD,-15616259,500287
2021-08-17 20:00:00,XBTUSD,-13191939,60039500
2021-08-18 04:00:00,ETHUSD,-26561666,190714
2021-08-18 04:00:00,XBTUSD,-1937669,15051400
2021-08-18 12:00:00,ETHUSD,-44572756,315331
2021-08-18 12:00:00,XBTUSD,-5492520,34627600
2021-08-18 20:00:00,XBTUSD,45,1200
2021-08-18 20:00:00,ETHUSD,-8524649,281388
2021-08-19 04:00:00,XBTUSD,7837553,34543100
2021-08-19 12:00:00,XBTUSD,-339216,50003100
2021-08-19 20:00:00,XBTUSD,10706914,50003100
2021-08-20 04:00:00,XBTUSD,6376649,30003100
2021-08-20 12:00:00,XBTUSD,9588631,45003100
2021-08-20 20:00:00,XBTUSD,8216957,40003100
2021-08-21 04:00:00,XBTUSD,8187154,40003100
2021-08-21 12:00:00,XBTUSD,8237838,40003100
2021-08-21 20:00:00,XBTUSD,8166433,40003100
2021-08-22 04:00:00,XBTUSD,8191355,40003100
2021-08-22 12:00:00,XBTUSD,8136831,40003100
2021-08-22 20:00:00,XBTUSD,10269037,50003100
2021-08-23 04:00:00,XBTUSD,9941416,50003100
2021-08-23 12:00:00,XBTUSD,9915215,50003100
2021-08-23 20:00:00,XBTUSD,8119629,40003100
2021-08-24 04:00:00,XBTUSD,8104628,40003100
2021-08-24 12:00:00,XBTUSD,12133827,60003100
2021-08-24 20:00:00,ETHUSD,-142410,598
2021-08-24 20:00:00,XBTUSD,14518191,70052600
2021-08-25 04:00:00,ETHUSD,-57367,1806
2021-08-25 04:00:00,XBTUSD,14593218,70052600
2021-08-25 12:00:00,ETHUSD,-92970,2961
2021-08-25 12:00:00,XBTUSD,-12747710,60052600
2021-08-25 20:00:00,ETHUSD,-8060359,250598
2021-08-25 20:00:00,XBTUSD,6418500,40052600
2021-08-26 04:00:00,ETHUSD,-9462675,300598
2021-08-26 04:00:00,XBTUSD,1845053,26781900
2021-08-26 12:00:00,XBTUSD,14937650,70000000
2021-08-26 20:00:00,XBTUSD,14909020,70000000
2021-08-27 04:00:00,XBTUSD,14949270,70000000
2021-08-27 12:00:00,XBTUSD,14729890,70000000
2021-08-27 20:00:00,XBTUSD,10343400,50000000
2021-08-28 04:00:00,ETHUSD,-114949537,170889
2021-08-28 04:00:00,XBTUSD,6546176,50000000
2021-08-28 12:00:00,ETHUSD,-27716888,170889
2021-08-28 12:00:00,XBTUSD,10265100,50000000
2021-08-28 20:00:00,ETHUSD,-27125209,170889
2021-08-28 20:00:00,XBTUSD,10269850,50000000
2021-08-29 04:00:00,ETHUSD,-12410658,200000
2021-08-29 04:00:00,XBTUSD,10361250,50000000
2021-08-29 12:00:00,ETHUSD,-18797113,166784
2021-08-29 12:00:00,XBTUSD,10378100,50000000
2021-08-29 20:00:00,ETHUSD,-4833660,150000
2021-08-29 20:00:00,XBTUSD,8191960,50000000
2021-08-30 04:00:00,XBTUSD,10751479,60000000
2021-08-30 12:00:00,XBTUSD,12516660,60000000
2021-08-30 20:00:00,XBTUSD,12334080,60000000
2021-08-31 04:00:00,XBTUSD,12721980,60000000
2021-08-31 12:00:00,XBTUSD,8338120,40000000
2021-08-31 20:00:00,XBTUSD,8452840,40000000
2021-09-01 04:00:00,XBTUSD,8502240,40000000
2021-09-01 12:00:00,XBTUSD,8378680,40000000
2021-09-01 20:00:00,XBTUSD,8304760,40000000
2021-09-02 04:00:00,ETHUSD,31297787,100000
2021-09-02 04:00:00,XBTUSD,10083750,50000000
2021-09-02 12:00:00,ETHUSD,58486817,140290
2021-09-02 12:00:00,XBTUSD,9980100,50000000
2021-09-02 20:00:00,ETHUSD,104138455,190290
2021-09-02 20:00:00,XBTUSD,21645156,60000000
2021-09-03 04:00:00,ETHUSD,91695918,200000
2021-09-03 04:00:00,XBTUSD,27150950,70000000
2021-09-03 12:00:00,ETHUSD,59739526,100000
2021-09-03 12:00:00,XBTUSD,13939100,70000000
2021-09-03 20:00:00,ETHUSD,71386396,100000
2021-09-03 20:00:00,XBTUSD,11985979,60593700
2021-09-04 04:00:00,ETHUSD,61770847,100000
2021-09-04 04:00:00,XBTUSD,37899117,70593700
2021-09-04 12:00:00,ETHUSD,49162774,100000
2021-09-04 12:00:00,XBTUSD,14136318,70593700
2021-09-04 20:00:00,ETHUSD,31848053,100000
2021-09-04 20:00:00,XBTUSD,14115704,70593700
2021-09-05 04:00:00,ETHUSD,25479321,100000
2021-09-05 04:00:00,XBTUSD,14201970,70593700
2021-09-05 12:00:00,ETHUSD,31133101,100000
2021-09-05 12:00:00,XBTUSD,14056688,70593700
2021-09-05 20:00:00,ETHUSD,40870128,100000
2021-09-05 20:00:00,XBTUSD,13922490,70593700
2021-09-06 04:00:00,ETHUSD,66483864,100000
2021-09-06 04:00:00,XBTUSD,13673647,70593700
2021-09-06 12:00:00,ETHUSD,67838137,100000
2021-09-06 12:00:00,XBTUSD,21657503,50593700
2021-09-06 20:00:00,ETHUSD,30655456,100000
2021-09-06 20:00:00,XBTUSD,142350,657700
2021-09-07 04:00:00,ETHUSD,17652862,100000
2021-09-07 04:00:00,XBTUSD,124864,657700
2021-09-07 12:00:00,ETHUSD,20593704,100000
2021-09-07 12:00:00,XBTUSD,-5843024,29780200
2021-09-07 20:00:00,ETHUSD,9114766,150000
2021-09-07 20:00:00,XBTUSD,8746768,40863200
2021-09-08 04:00:00,ETHUSD,5150010,150000
2021-09-08 04:00:00,XBTUSD,-37013303,40863200
2021-09-08 12:00:00,ETHUSD,55700258,152725
2021-09-08 12:00:00,XBTUSD,-19392092,50863200
2021-09-08 20:00:00,ETHUSD,74719097,152725
2021-09-08 20:00:00,XBTUSD,10948406,50863200
2021-09-09 04:00:00,ETHUSD,61522011,152725
2021-09-09 04:00:00,XBTUSD,-3349032,70012100
2021-09-09 12:00:00,ETHUSD,86099270,152725
2021-09-09 12:00:00,XBTUSD,15116102,70012100
2021-09-09 20:00:00,ETHUSD,57955067,152725
2021-09-09 20:00:00,XBTUSD,7836037,50012100
2021-09-10 04:00:00,ETHUSD,54352266,152725
2021-09-10 04:00:00,XBTUSD,-5566439,50012100
2021-09-10 12:00:00,ETHUSD,66460837,152725
2021-09-10 12:00:00,XBTUSD,10794612,50012100
2021-09-10 20:00:00,ETHUSD,41709915,152725
2021-09-10 20:00:00,XBTUSD,9675953,44166300
2021-09-11 04:00:00,ETHUSD,28795137,152725
2021-09-11 04:00:00,XBTUSD,-6450900,44166300
2021-09-11 12:00:00,ETHUSD,24496759,152725
2021-09-11 12:00:00,XBTUSD,9692825,44166300
2021-09-11 20:00:00,ETHUSD,46532886,152725
2021-09-11 20:00:00,XBTUSD,9731293,44166300
2021-09-12 04:00:00,ETHUSD,22721868,152725
2021-09-12 04:00:00,XBTUSD,5943740,44166300
2021-09-12 12:00:00,ETHUSD,45505700,152725
2021-09-12 12:00:00,XBTUSD,11753220,54166300
2021-09-12 20:00:00,ETHUSD,41077084,100000
2021-09-12 20:00:00,XBTUSD,11798341,54166300
2021-09-13 04:00:00,ETHUSD,27066501,100000
2021-09-13 04:00:00,XBTUSD,12142026,54166300
2021-09-13 12:00:00,ETHUSD,17110885,100000
2021-09-13 12:00:00,XBTUSD,11581622,54166300
2021-09-13 20:00:00,ETHUSD,3287560,100000
2021-09-13 20:00:00,XBTUSD,-15766682,69196200
2021-09-14 04:00:00,ETHUSD,3291020,100000
2021-09-14 04:00:00,XBTUSD,-23268684,69196200
2021-09-14 12:00:00,ETHUSD,7826135,100000
2021-09-14 12:00:00,XBTUSD,15045468,69196200
2021-09-14 20:00:00,ETHUSD,33671822,100000
2021-09-14 20:00:00,XBTUSD,10583824,49196200
2021-09-15 04:00:00,ETHUSD,25391501,100000
2021-09-15 04:00:00,XBTUSD,1952372,9196200
2021-09-15 12:00:00,ETHUSD,24559704,100000
2021-09-15 12:00:00,XBTUSD,-1798053,9196200
2021-09-15 20:00:00,XBTUSD,15337276,65272100
2021-09-16 04:00:00,XBTUSD,46592517,65272100
2021-09-16 12:00:00,ETHUSD,-5597323,154559
2021-09-16 12:00:00,XBTUSD,8874000,80272100
2021-09-16 20:00:00,ETHUSD,-15865899,154559
2021-09-16 20:00:00,XBTUSD,-13375379,63460500
2021-09-17 04:00:00,ETHUSD,-21919517,154559
2021-09-17 04:00:00,XBTUSD,-6667524,60272100
2021-09-17 12:00:00,ETHUSD,-24635230,154559
2021-09-17 12:00:00,XBTUSD,-12711868,60272100
2021-09-17 20:00:00,ETHUSD,-8007550,92394
2021-09-17 20:00:00,XBTUSD,-8677879,50272100
2021-09-18 04:00:00,ETHUSD,-3188609,92394
2021-09-18 04:00:00,XBTUSD,13513522,30272100
2021-09-18 12:00:00,LTCUSD,-1500751,200000
2021-09-18 12:00:00,ETHUSD,-12620513,242394
2021-09-18 12:00:00,DOGEUSDT,-5359022,300000
2021-09-18 12:00:00,XRPUSD,-2881485,800000
2021-09-18 12:00:00,XBTUSD,6495046,40272100
2021-09-18 20:00:00,LTCUSD,-724960,200000
2021-09-18 20:00:00,ETHUSD,-8349237,242394
2021-09-18 20:00:00,DOGEUSDT,-2902117,300000
2021-09-18 20:00:00,XRPUSD,-1722880,800000
2021-09-18 20:00:00,XBTUSD,-8344339,40272100
2021-09-19 04:00:00,LTCUSD,-717980,200000
2021-09-19 04:00:00,ETHUSD,-8276373,242394
2021-09-19 04:00:00,DOGEUSDT,-717540,300000
2021-09-19 04:00:00,XRPUSD,-1708240,800000
2021-09-19 04:00:00,XBTUSD,-8415016,40272100
2021-09-19 12:00:00,LTCUSD,-706620,200000
2021-09-19 12:00:00,ETHUSD,-8061103,242394
2021-09-19 12:00:00,DOGEUSDT,-703800,300000
2021-09-19 12:00:00,XRPUSD,-1694160,800000
2021-09-19 12:00:00,XBTUSD,13187470,40272100
2021-09-19 20:00:00,LTCUSD,-700820,200000
2021-09-19 20:00:00,ETHUSD,-8090554,242394
2021-09-19 20:00:00,DOGEUSDT,-1497780,300000
2021-09-19 20:00:00,XRPUSD,-1700560,800000
2021-09-19 20:00:00,XBTUSD,9434274,40272100
2021-09-20 04:00:00,ETHUSD,-7736829,242394
2021-09-20 04:00:00,LTCUSD,-837417,250334
2021-09-20 04:00:00,DOGEUSDT,-949879,427546
2021-09-20 04:00:00,XRPUSD,-1726558,879058
2021-09-20 04:00:00,XBTUSD,21827061,40272100
2021-09-20 12:00:00,ETHUSD,-6084080,200000
2021-09-20 12:00:00,LTCUSD,-788227,250334
2021-09-20 12:00:00,XBTUSD,-13066,272100
2021-09-20 12:00:00,DOGEUSDT,-887500,427546
2021-09-20 12:00:00,XRPUSD,1195689,879058
2021-09-20 20:00:00,LTCUSD,-802796,250334
2021-09-20 20:00:00,DOGEUSDT,-2998514,427546
2021-09-20 20:00:00,XRPUSD,-1623181,879058
2021-09-20 20:00:00,XBTUSD,4915026,21561200
2021-09-21 04:00:00,LTCUSD,-798490,250334
2021-09-21 04:00:00,DOGEUSDT,-2756379,427546
2021-09-21 04:00:00,XRPUSD,-1665375,879058
2021-09-21 04:00:00,XBTUSD,-6729143,31561200
2021-09-21 12:00:00,ETHUSD,-21739277,100000
2021-09-21 12:00:00,LTCUSD,-801194,250334
2021-09-21 12:00:00,DOGEUSDT,-2979014,427546
2021-09-21 12:00:00,XRPUSD,-1667925,879058
2021-09-21 12:00:00,XBTUSD,22191767,50038800
2021-09-21 20:00:00,LTCUSD,-501729,163286
2021-09-21 20:00:00,DOGEUSDT,-3062189,308795
2021-09-21 20:00:00,XRPUSD,-860101,479058
2021-09-21 20:00:00,XBTUSD,-25927627,19961200
2021-09-22 04:00:00,ETHUSD,35844046,133509
2021-09-22 04:00:00,LTCUSD,-494512,163286
2021-09-22 04:00:00,DOGEUSDT,-4443427,308795
2021-09-22 04:00:00,XRPUSD,-2368622,479058
2021-09-22 04:00:00,XBTUSD,-1015784,10173700
2021-09-22 12:00:00,ETHUSD,22663301,75684
2021-09-22 12:00:00,LTCUSD,-810394,263286
2021-09-22 12:00:00,DOGEUSDT,-4412277,308795
2021-09-22 12:00:00,XRPUSD,-6125195,479058
2021-09-22 12:00:00,XBTUSD,4457881,10001400
2021-09-22 20:00:00,ETHUSD,-7461258,246491
2021-09-22 20:00:00,LTCUSD,-1279036,400412
2021-09-22 20:00:00,DOGEUSDT,-6610550,440826
2021-09-22 20:00:00,XRPUSD,-10778106,1079058
2021-09-22 20:00:00,XBTUSD,59363377,62745800
2021-09-23 04:00:00,ETHUSD,-7690371,246491
2021-09-23 04:00:00,LTCUSD,-1292210,400412
2021-09-23 04:00:00,DOGEUSDT,-2558426,440826
2021-09-23 04:00:00,XRPUSD,-2180453,1079058
2021-09-23 04:00:00,XBTUSD,82953186,62745800
2021-09-23 12:00:00,ETHUSD,4297722,246491
2021-09-23 12:00:00,LTCUSD,-1265382,400412
2021-09-23 12:00:00,DOGEUSDT,-964086,440826
2021-09-23 12:00:00,XRPUSD,-2106537,1079058
2021-09-23 12:00:00,XBTUSD,65454499,62745800
2021-09-23 20:00:00,ETHUSD,-7065036,246491
2021-09-23 20:00:00,LTCUSD,-1312791,400412
2021-09-23 20:00:00,DOGEUSDT,-982689,440826
2021-09-23 20:00:00,XRPUSD,-2161245,1079058
2021-09-23 20:00:00,XBTUSD,8401675,62745800
2021-09-24 04:00:00,ETHUSD,-7582531,246491
2021-09-24 04:00:00,LTCUSD,-1292530,400412
2021-09-24 04:00:00,DOGEUSDT,-980529,440826
2021-09-24 04:00:00,XRPUSD,-212154,1079058
2021-09-24 04:00:00,XBTUSD,16429277,62745800
2021-09-24 12:00:00,ETHUSD,539209,16701
2021-09-24 12:00:00,LTCUSD,-1176851,400412
2021-09-24 12:00:00,DOGEUSDT,-898712,440826
2021-09-24 12:00:00,XRPUSD,-1986438,1079058
2021-09-24 12:00:00,XBTUSD,555424,11547700
2021-09-24 20:00:00,ETHUSD,-10649327,366701
2021-09-24 20:00:00,LTCUSD,-1194789,400412
2021-09-24 20:00:00,DOGEUSDT,-916874,440826
2021-09-24 20:00:00,XRPUSD,-2016651,1079058
2021-09-24 20:00:00,XBTUSD,1291081,42111600
2021-09-25 04:00:00,ETHUSD,-10690728,366701
2021-09-25 04:00:00,LTCUSD,-1235832,400412
2021-09-25 04:00:00,DOGEUSDT,-929746,440826
2021-09-25 04:00:00,XRPUSD,-2042333,1079058
2021-09-25 04:00:00,XBTUSD,60733592,42111600
2021-09-25 12:00:00,ETHUSD,9092539,358534
2021-09-25 12:00:00,LTCUSD,-1214530,400412
2021-09-25 12:00:00,DOGEUSDT,-916257,440826
2021-09-25 12:00:00,XRPUSD,-2027982,1079058
2021-09-25 12:00:00,XBTUSD,26740390,42111600
2021-09-25 20:00:00,ETHUSD,-10462560,358534
2021-09-25 20:00:00,LTCUSD,-1220456,400412
2021-09-25 20:00:00,DOGEUSDT,-924721,440826
2021-09-25 20:00:00,XRPUSD,-2029384,1079058
2021-09-25 20:00:00,XBTUSD,2762112,42111600
2021-09-26 04:00:00,ETHUSD,-10281823,358534
2021-09-26 04:00:00,LTCUSD,-1190425,400412
2021-09-26 04:00:00,DOGEUSDT,-905457,440826
2021-09-26 04:00:00,XRPUSD,-2000358,1079058
2021-09-26 04:00:00,XBTUSD,24132101,42111600
2021-09-26 12:00:00,ETHUSD,2928429,98426
2021-09-26 12:00:00,XBTUSD,-8172354,10088400
2021-09-26 20:00:00,ETHUSD,14603785,48426
2021-09-26 20:00:00,XBTUSD,-1235903,10088400
2021-09-27 04:00:00,ETHUSD,3669224,48426
2021-09-27 04:00:00,XBTUSD,-114553,10088400
2021-09-27 12:00:00,XBTUSD,20193,88400
2021-09-27 20:00:00,XBTUSD,-1841861,9911600
2021-09-28 04:00:00,XBTUSD,-1816008,9911600
2021-09-28 12:00:00,XBTUSD,4967243,9911600
2021-09-28 20:00:00,XBTUSD,-1596900,9911600
2021-09-29 04:00:00,ETHUSD,-14066064,81386
2021-09-29 04:00:00,XBTUSD,5287766,19911600
2021-09-29 12:00:00,ETHUSD,-5868400,200000
2021-09-29 12:00:00,XBTUSD,5945063,30011600
2021-09-29 20:00:00,ETHUSD,-13199856,200000
2021-09-29 20:00:00,XRPUSD,-4741338,464339
2021-09-29 20:00:00,XBTUSD,5319179,30011600
2021-09-30 04:00:00,ETHUSD,-43780108,200000
2021-09-30 04:00:00,XRPUSD,-6223687,464339
2021-09-30 04:00:00,XBTUSD,-757049,30011600
2021-09-30 12:00:00,ETHUSD,-32712072,200000
2021-09-30 12:00:00,XRPUSD,-4198478,464339
2021-09-30 12:00:00,XBTUSD,9824842,30011600
2021-09-30 20:00:00,ETHUSD,-71259818,200000
2021-09-30 20:00:00,XRPUSD,-4962379,464339
2021-09-30 20:00:00,XBTUSD,-6888713,30011600
2021-10-01 04:00:00,ETHUSD,-43479530,200000
2021-10-01 04:00:00,XRPUSD,-5777482,464339
2021-10-01 04:00:00,XBTUSD,-6877128,30011600
2021-10-01 12:00:00,ETHUSD,-21103088,200000
2021-10-01 12:00:00,XRPUSD,-4803666,464339
2021-10-01 12:00:00,XBTUSD,1453081,30011600
2021-10-01 20:00:00,ETHUSD,-12859665,200000
2021-10-01 20:00:00,XRPUSD,-7228713,464339
2021-10-01 20:00:00,XBTUSD,-6246734,30011600
2021-10-02 04:00:00,ETHUSD,-6538260,200000
2021-10-02 04:00:00,XRPUSD,-5385079,464339
2021-10-02 04:00:00,XBTUSD,-6311830,30011600
2021-10-02 12:00:00,ETHUSD,-6597260,200000
2021-10-02 12:00:00,XRPUSD,-2533399,464339
2021-10-02 12:00:00,XBTUSD,-6289441,30011600
2021-10-02 20:00:00,ETHUSD,-6933820,200000
2021-10-02 20:00:00,XRPUSD,-2637519,464339
2021-10-02 20:00:00,XBTUSD,-6218584,30011600
2021-10-03 04:00:00,ETHUSD,-6808780,200000
2021-10-03 04:00:00,XRPUSD,-4425704,464339
2021-10-03 04:00:00,XBTUSD,-4824244,30011600
2021-10-03 12:00:00,ETHUSD,-6834880,200000
2021-10-03 12:00:00,XRPUSD,-4667010,464339
2021-10-03 12:00:00,XBTUSD,-6250246,30011600
2021-10-03 20:00:00,ETHUSD,-6939320,200000
2021-10-03 20:00:00,XRPUSD,-3861443,464339
2021-10-03 20:00:00,XBTUSD,-6147966,30011600
2021-10-04 04:00:00,ETHUSD,-6674720,200000
2021-10-04 04:00:00,XRPUSD,-4852708,464339
2021-10-04 04:00:00,XBTUSD,-6318732,30011600
2021-10-04 12:00:00,ETHUSD,-6628400,200000
2021-10-04 12:00:00,XRPUSD,-2625180,464339
2021-10-04 12:00:00,XBTUSD,-6305077,30011600
2021-10-04 20:00:00,ETHUSD,-6832820,200000
2021-10-04 20:00:00,XRPUSD,-3446812,464339
2021-10-04 20:00:00,XBTUSD,-6079000,30011600
2021-10-05 04:00:00,ETHUSD,-6776020,200000
2021-10-05 04:00:00,XRPUSD,-4091537,464339
2021-10-05 04:00:00,XBTUSD,-6085392,30011600
2021-10-05 12:00:00,ETHUSD,-6964172,200000
2021-10-05 12:00:00,XRPUSD,-4439554,464339
2021-10-05 12:00:00,XBTUSD,-6013694,30011600
2021-10-05 20:00:00,ETHUSD,-9355558,200000
2021-10-05 20:00:00,XRPUSD,-4907797,464339
2021-10-05 20:00:00,XBTUSD,-5861746,30011600
2021-10-06 04:00:00,ETHUSD,-8933965,200000
2021-10-06 04:00:00,XRPUSD,-5767845,464339
2021-10-06 04:00:00,XBTUSD,-116407,30011600
2021-10-06 12:00:00,ETHUSD,-26385294,200000
2021-10-06 12:00:00,XRPUSD,-4157494,464339
2021-10-06 12:00:00,XBTUSD,-5845209,30011600
2021-10-06 20:00:00,ETHUSD,-12585392,350528
2021-10-06 20:00:00,XRPUSD,-7199089,1039554
2021-10-06 20:00:00,XBTUSD,-5447225,30011600
2021-10-07 04:00:00,ETHUSD,-29501451,350528
2021-10-07 04:00:00,XRPUSD,-3213226,1039554
2021-10-07 04:00:00,XBTUSD,-5473426,30011600
2021-10-07 12:00:00,ETHUSD,-12539894,350528
2021-10-07 12:00:00,XRPUSD,-2253337,1039554
2021-10-07 12:00:00,XBTUSD,-5522645,30011600
2021-10-07 20:00:00,ETHUSD,-12642949,350528
2021-10-07 20:00:00,XRPUSD,-2475241,1039554
2021-10-07 20:00:00,XBTUSD,-5558809,30011600
2021-10-08 04:00:00,ETHUSD,-12533514,350528
2021-10-08 04:00:00,XRPUSD,-3301711,1039554
2021-10-08 04:00:00,XBTUSD,-5575075,30011600
2021-10-08 12:00:00,ETHUSD,-41284349,350528
2021-10-08 12:00:00,XRPUSD,-4254281,1039554
2021-10-08 12:00:00,XBTUSD,-5429879,30011600
2021-10-08 20:00:00,ETHUSD,-70297183,350528
2021-10-08 20:00:00,XRPUSD,-16555492,1039554
2021-10-08 20:00:00,XBTUSD,-5486991,30011600
2021-10-09 04:00:00,ETHUSD,-33520918,350528
2021-10-09 04:00:00,XRPUSD,-23432086,1039554
2021-10-09 04:00:00,XBTUSD,-5497585,30011600
2021-10-09 12:00:00,ETHUSD,-12610490,350528
2021-10-09 12:00:00,XRPUSD,-19851447,1039554
2021-10-09 12:00:00,XBTUSD,-5475376,30011600
2021-10-09 20:00:00,ETHUSD,-12562678,350528
2021-10-09 20:00:00,XRPUSD,-20866481,1039554
2021-10-09 20:00:00,XBTUSD,-5489722,30011600
2021-10-10 04:00:00,ETHUSD,-12381806,350528
2021-10-10 04:00:00,XRPUSD,-14623182,1039554
2021-10-10 04:00:00,XBTUSD,-5449987,30011600
2021-10-10 12:00:00,ETHUSD,-12498321,350528
2021-10-10 12:00:00,XRPUSD,-18236416,1039554
2021-10-10 12:00:00,XBTUSD,-5439482,30011600
2021-10-10 20:00:00,ETHUSD,-13241368,350528
2021-10-10 20:00:00,XRPUSD,-16238212,1039554
2021-10-10 20:00:00,XBTUSD,-5408991,30011600
2021-10-11 04:00:00,ETHUSD,-12341355,350528
2021-10-11 04:00:00,XRPUSD,-18136251,1039554
2021-10-11 04:00:00,XBTUSD,-5309502,30011600
2021-10-11 12:00:00,ETHUSD,-12473399,350528
2021-10-11 12:00:00,XRPUSD,-11564768,1039554
2021-10-11 12:00:00,XBTUSD,-5319166,30011600
2021-10-11 20:00:00,ETHUSD,-32531853,350528
2021-10-11 20:00:00,XRPUSD,-11145786,1039554
2021-10-11 20:00:00,XBTUSD,-5220128,30011600
2021-10-12 04:00:00,ETHUSD,-48495178,350528
2021-10-12 04:00:00,XRPUSD,-14609945,1039554
2021-10-12 04:00:00,XBTUSD,-10597836,60092400
2021-10-12 12:00:00,ETHUSD,-12122240,350528
2021-10-12 12:00:00,XRPUSD,-8912963,1039554
2021-10-12 12:00:00,XBTUSD,-10494597,60092400
2021-10-12 20:00:00,ETHUSD,-12145515,350528
2021-10-12 20:00:00,XRPUSD,-5599893,1039554
2021-10-12 20:00:00,XBTUSD,-10864766,60092400
2021-10-13 04:00:00,ETHUSD,-33750855,319163
2021-10-13 04:00:00,XRPUSD,-5331544,1039554
2021-10-13 04:00:00,XBTUSD,-7358713,41418800
2021-10-13 12:00:00,ETHUSD,-117269594,300528
2021-10-13 12:00:00,XRPUSD,-9874370,1039554
2021-10-13 12:00:00,XBTUSD,-5434807,30006500
2021-10-13 20:00:00,ETHUSD,-37895006,300528
2021-10-13 20:00:00,XRPUSD,-10124144,1039554
2021-10-13 20:00:00,XBTUSD,-5238355,30006500
2021-10-14 04:00:00,ETHUSD,-60366173,300528
2021-10-14 04:00:00,XRPUSD,-10499924,1039554
2021-10-14 04:00:00,XBTUSD,-5166129,30006500
2021-10-14 12:00:00,ETHUSD,-114812599,300528
2021-10-14 12:00:00,XRPUSD,-15094093,1039554
2021-10-14 12:00:00,XBTUSD,-13279452,30006500
2021-10-14 20:00:00,ETHUSD,-74689808,300528
2021-10-14 20:00:00,XRPUSD,-19000701,1039554
2021-10-14 20:00:00,XBTUSD,-11146015,30006500
2021-10-15 04:00:00,ETHUSD,-121359174,309210
2021-10-15 04:00:00,XRPUSD,-21078473,1039554
2021-10-15 04:00:00,XBTUSD,-6729933,40006500
2021-10-15 12:00:00,ETHUSD,-71015644,350528
2021-10-15 12:00:00,XRPUSD,-15573766,1039554
2021-10-15 12:00:00,XBTUSD,-6722572,40006500
2021-10-15 20:00:00,ETHUSD,-83765924,413790
2021-10-15 20:00:00,XRPUSD,-16519773,1039554
2021-10-15 20:00:00,XBTUSD,-17189298,40006500
2021-10-16 04:00:00,ETHUSD,-95384388,413790
2021-10-16 04:00:00,XRPUSD,-14422606,1039554
2021-10-16 04:00:00,XBTUSD,-25508587,40006500
2021-10-16 12:00:00,ETHUSD,-55681593,413790
2021-10-16 12:00:00,XRPUSD,-20397911,1039554
2021-10-16 12:00:00,XBTUSD,-6493855,40006500
2021-10-16 20:00:00,ETHUSD,-85148395,413790
2021-10-16 20:00:00,XRPUSD,-27127816,1039554
2021-10-16 20:00:00,XBTUSD,-7627450,40006500
2021-10-17 04:00:00,ETHUSD,-81386526,413790
2021-10-17 04:00:00,XRPUSD,-29027945,1039554
2021-10-17 04:00:00,XBTUSD,-8506606,40006500
2021-10-17 12:00:00,ETHUSD,-94531239,413790
2021-10-17 12:00:00,XRPUSD,-26605709,1039554
2021-10-17 12:00:00,XBTUSD,-12338489,40006500
2021-10-17 20:00:00,ETHUSD,-110951846,413790
2021-10-17 20:00:00,XRPUSD,-28000735,1039554
2021-10-17 20:00:00,XBTUSD,-7800926,40006500
2021-10-18 04:00:00,ETHUSD,-41450180,413790
2021-10-18 04:00:00,XRPUSD,-27066044,1039554
2021-10-18 04:00:00,XBTUSD,-14105279,40006500
2021-10-18 12:00:00,ETHUSD,-74530690,413790
2021-10-18 12:00:00,XRPUSD,-18098444,1039554
2021-10-18 12:00:00,XBTUSD,-20292979,40006500
2021-10-18 20:00:00,ETHUSD,-76282162,413790
2021-10-18 20:00:00,XRPUSD,-23734038,1039554
2021-10-18 20:00:00,XBTUSD,-12371542,40006500
2021-10-19 04:00:00,ETHUSD,-84818370,413790
2021-10-19 04:00:00,XRPUSD,-22555901,1039554
2021-10-19 04:00:00,XBTUSD,-6390758,40006500
2021-10-19 12:00:00,ETHUSD,-137690943,413790
2021-10-19 12:00:00,XRPUSD,-17247693,1039554
2021-10-19 12:00:00,XBTUSD,-6436886,40006500
2021-10-19 20:00:00,ETHUSD,-44425418,413790
2021-10-19 20:00:00,XRPUSD,-10855335,1039554
2021-10-19 20:00:00,XBTUSD,-6226772,40006500
2021-10-20 04:00:00,ETHUSD,-45036712,413790
2021-10-20 04:00:00,XRPUSD,-9419948,1039554
2021-10-20 04:00:00,XBTUSD,-6264258,40006500
2021-10-20 12:00:00,ETHUSD,-51784018,413790
2021-10-20 12:00:00,XRPUSD,-14023267,1039554
2021-10-20 12:00:00,XBTUSD,-6269299,40006500
2021-10-20 20:00:00,ETHUSD,-16297530,389378
2021-10-20 20:00:00,XRPUSD,-19536060,1039554
2021-10-20 20:00:00,XBTUSD,-4517689,30006500
2021-10-21 04:00:00,ETHUSD,-164777507,389378
2021-10-21 04:00:00,XRPUSD,-22766282,1039554
2021-10-21 04:00:00,XBTUSD,-33150780,30006500
2021-10-21 12:00:00,ETHUSD,-143313313,434997
2021-10-21 12:00:00,XRPUSD,-18795434,1039554
2021-10-21 12:00:00,XBTUSD,-34177680,40002700
2021-10-21 20:00:00,ETHUSD,-150793232,363582
2021-10-21 20:00:00,XRPUSD,-27377731,1039554
2021-10-21 20:00:00,XBTUSD,-3479079,21866700
2021-10-22 04:00:00,ETHUSD,-66328410,363582
2021-10-22 04:00:00,XRPUSD,-20900167,1039554
2021-10-22 04:00:00,XBTUSD,-3458437,21866700
2021-10-22 12:00:00,ETHUSD,-65551163,363582
2021-10-22 12:00:00,XRPUSD,-19985126,1039554
2021-10-22 12:00:00,XBTUSD,-5026621,31866700
2021-10-22 20:00:00,ETHUSD,-67764607,363582
2021-10-22 20:00:00,XRPUSD,-18918739,1039554
2021-10-22 20:00:00,XBTUSD,-816598,4982600
2021-10-23 04:00:00,ETHUSD,-117070948,313582
2021-10-23 04:00:00,XRPUSD,-19891313,1039554
2021-10-23 04:00:00,XBTUSD,3268846,20015100
2021-10-23 12:00:00,ETHUSD,-135337360,313582
2021-10-23 12:00:00,XRPUSD,-22929172,1039554
2021-10-23 12:00:00,XBTUSD,3252454,20015100
2021-10-23 20:00:00,ETHUSD,-60827006,313582
2021-10-23 20:00:00,XRPUSD,-20207376,1039554
2021-10-23 20:00:00,XBTUSD,3280095,20015100
2021-10-24 04:00:00,ETHUSD,-51055848,313582
2021-10-24 04:00:00,XRPUSD,-18148690,1039554
2021-10-24 04:00:00,XBTUSD,3269587,20015100
2021-10-24 12:00:00,ETHUSD,-87633165,313582
2021-10-24 12:00:00,XRPUSD,-29352339,1039554
2021-10-24 12:00:00,XBTUSD,5444381,20015100
2021-10-24 20:00:00,ETHUSD,-83703327,313582
2021-10-24 20:00:00,XRPUSD,-29345131,1039554
2021-10-24 20:00:00,XBTUSD,6302177,20015100
2021-10-25 04:00:00,ETHUSD,-61607064,313582
2021-10-25 04:00:00,XRPUSD,-19264986,1039554
2021-10-25 04:00:00,XBTUSD,3223652,20015100
2021-10-25 12:00:00,ETHUSD,-73378826,313582
2021-10-25 12:00:00,XRPUSD,-13270348,1039554
2021-10-25 12:00:00,XBTUSD,3189086,20015100
2021-10-25 20:00:00,ETHUSD,-105719054,313582
2021-10-25 20:00:00,XRPUSD,-9598895,1039554
2021-10-25 20:00:00,XBTUSD,3194310,20015100
2021-10-26 04:00:00,ETHUSD,-69281262,313582
2021-10-26 04:00:00,XRPUSD,-16363595,1039554
2021-10-26 04:00:00,XBTUSD,3189506,20015100
2021-10-26 12:00:00,ETHUSD,-76901833,313582
2021-10-26 12:00:00,XRPUSD,-22101795,1039554
2021-10-26 12:00:00,XBTUSD,5518019,20015100
2021-10-26 20:00:00,ETHUSD,-31030352,313582
2021-10-26 20:00:00,XRPUSD,-22352511,1039554
2021-10-26 20:00:00,XBTUSD,3229416,20015100
2021-10-27 04:00:00,ETHUSD,-67740528,313582
2021-10-27 04:00:00,XRPUSD,-19046334,1039554
2021-10-27 04:00:00,XBTUSD,3296307,20015100
2021-10-27 12:00:00,ETHUSD,-24685428,313582
2021-10-27 12:00:00,XRPUSD,-11126183,1039554
2021-10-27 12:00:00,XBTUSD,5974662,35015100
2021-10-27 20:00:00,ETHUSD,-73419280,313582
2021-10-27 20:00:00,XRPUSD,-3837520,1039554
2021-10-27 20:00:00,XBTUSD,5921964,35015100
2021-10-28 04:00:00,ETHUSD,-16422700,313582
2021-10-28 04:00:00,XRPUSD,-2091895,1039554
2021-10-28 04:00:00,XBTUSD,5947350,35015100
2021-10-28 12:00:00,ETHUSD,-71248491,313582
2021-10-28 12:00:00,XRPUSD,-3323582,1039554
2021-10-28 12:00:00,XBTUSD,5740901,35015100
2021-10-28 20:00:00,ETHUSD,-73191404,313582
2021-10-28 20:00:00,XRPUSD,-8843568,1039554
2021-10-28 20:00:00,XBTUSD,5699723,35015100
2021-10-29 04:00:00,ETHUSD,-30779152,313582
2021-10-29 04:00:00,XRPUSD,-13875946,1039554
2021-10-29 04:00:00,XBTUSD,5677033,35015100
2021-10-29 12:00:00,ETHUSD,-128033014,313582
2021-10-29 12:00:00,XRPUSD,-19111024,1039554
2021-10-29 12:00:00,XBTUSD,15739182,35015100
2021-10-29 20:00:00,ETHUSD,-120988463,313582
2021-10-29 20:00:00,XRPUSD,-14808218,1039554
2021-10-29 20:00:00,XBTUSD,4752294,15015100
2021-10-30 04:00:00,ETHUSD,-103626209,313582
2021-10-30 04:00:00,XRPUSD,-9406637,1039554
2021-10-30 04:00:00,XBTUSD,6231713,15015100
2021-10-30 12:00:00,ETHUSD,-91203531,313582
2021-10-30 12:00:00,XRPUSD,-9916559,1039554
2021-10-30 12:00:00,XBTUSD,4873962,15015100
2021-10-30 20:00:00,ETHUSD,-88829017,313582
2021-10-30 20:00:00,XRPUSD,-12548679,1039554
2021-10-30 20:00:00,XBTUSD,4498053,15015100
2021-10-31 04:00:00,ETHUSD,-22753383,313582
2021-10-31 04:00:00,XRPUSD,-7870667,1039554
2021-10-31 04:00:00,XBTUSD,2432251,15015100
2021-10-31 12:00:00,ETHUSD,-102815463,323246
2021-10-31 12:00:00,XRPUSD,-6335063,1039554
2021-10-31 12:00:00,XBTUSD,-1651313,9984900
2021-10-31 20:00:00,ETHUSD,-13742286,323246
2021-10-31 20:00:00,XRPUSD,-13213549,1039554
2021-10-31 20:00:00,XBTUSD,-1644064,9984900
2021-11-01 04:00:00,ETHUSD,-49222243,323246
2021-11-01 04:00:00,XRPUSD,-3949407,1039554
2021-11-01 04:00:00,XBTUSD,-1664133,9984900
2021-11-01 12:00:00,ETHUSD,-28478319,323246
2021-11-01 12:00:00,XRPUSD,-2702625,1039554
2021-11-01 12:00:00,XBTUSD,-1614229,9984900
2021-11-01 20:00:00,ETHUSD,-105315181,323246
2021-11-01 20:00:00,XRPUSD,-16208077,1039554
2021-11-01 20:00:00,XBTUSD,-4125909,9984900
2021-11-02 04:00:00,ETHUSD,-91537887,323246
2021-11-02 04:00:00,XRPUSD,-15901010,1039554
2021-11-02 04:00:00,XBTUSD,-3920088,9984900
2021-11-02 12:00:00,ETHUSD,-47382147,323246
2021-11-02 12:00:00,XRPUSD,-13538995,1039554
2021-11-02 12:00:00,XBTUSD,-1585552,9984900
2021-11-02 20:00:00,ETHUSD,-115293935,323246
2021-11-02 20:00:00,XRPUSD,-18053966,1039554
2021-11-02 20:00:00,XBTUSD,-5099338,9984900
2021-11-03 04:00:00,ETHUSD,-108534493,323246
2021-11-03 04:00:00,XRPUSD,-19337420,1039554
2021-11-03 04:00:00,XBTUSD,-4292767,9984900
2021-11-03 12:00:00,ETHUSD,-19407368,323246
2021-11-03 12:00:00,XRPUSD,-17685215,1039554
2021-11-03 12:00:00,XBTUSD,-6749374,9984900
2021-11-03 20:00:00,ETHUSD,-64645156,323246
2021-11-03 20:00:00,XRPUSD,-16804966,1039554
2021-11-03 20:00:00,XBTUSD,-1588158,9984900
2021-11-04 04:00:00,ETHUSD,-87425748,323246
2021-11-04 04:00:00,XRPUSD,-14273742,1039554
2021-11-04 04:00:00,XBTUSD,-1598223,9984900
2021-11-04 12:00:00,ETHUSD,-145253932,323246
2021-11-04 12:00:00,XRPUSD,-19004541,1039554
2021-11-04 12:00:00,XBTUSD,-1623595,9984900
2021-11-04 20:00:00,ETHUSD,-23525307,323246
2021-11-04 20:00:00,XRPUSD,-19948740,1039554
2021-11-04 20:00:00,XBTUSD,-1629835,9984900
2021-11-05 04:00:00,ETHUSD,-13642740,300000
2021-11-05 04:00:00,XRPUSD,-16978553,1039554
2021-11-05 04:00:00,XBTUSD,-1603685,9984900
2021-11-05 12:00:00,ETHUSD,-13430520,300000
2021-11-05 12:00:00,XRPUSD,-10766554,1039554
2021-11-05 12:00:00,XBTUSD,-1628867,9984900
2021-11-05 20:00:00,ETHUSD,-66442435,300000
2021-11-05 20:00:00,XRPUSD,-19880640,1039554
2021-11-05 20:00:00,XBTUSD,-1632671,9984900
2021-11-06 04:00:00,ETHUSD,-59092551,300000
2021-11-06 04:00:00,XRPUSD,-21162034,1039554
2021-11-06 04:00:00,XBTUSD,-1632202,9984900
2021-11-06 12:00:00,ETHUSD,-63913637,300000
2021-11-06 12:00:00,XRPUSD,-20255516,1039554
2021-11-06 12:00:00,XBTUSD,-1653659,9984900
2021-11-06 20:00:00,ETHUSD,-13493760,300000
2021-11-06 20:00:00,XRPUSD,-14001971,1039554
2021-11-06 20:00:00,XBTUSD,-1630894,9984900
2021-11-07 04:00:00,ETHUSD,-13662870,300000
2021-11-07 04:00:00,XRPUSD,-6744636,1039554
2021-11-07 04:00:00,XBTUSD,-1605262,9984900
2021-11-07 12:00:00,ETHUSD,-48939732,300000
2021-11-07 12:00:00,XRPUSD,-8003073,1039554
2021-11-07 12:00:00,XBTUSD,-1611932,9984900
2021-11-07 20:00:00,ETHUSD,-55437007,300000
2021-11-07 20:00:00,XRPUSD,-16454950,1039554
2021-11-07 20:00:00,XBTUSD,-1602177,9984900
2021-11-08 04:00:00,ETHUSD,-62067578,300000
2021-11-08 04:00:00,XRPUSD,-9954769,1039554
2021-11-08 04:00:00,XBTUSD,-1530396,9984900
2021-11-08 12:00:00,ETHUSD,-35776944,300000
2021-11-08 12:00:00,XRPUSD,-25200626,1039554
2021-11-08 12:00:00,XBTUSD,-3491090,9984900
2021-11-08 20:00:00,ETHUSD,-79263360,300000
2021-11-08 20:00:00,XRPUSD,-32267162,1039554
2021-11-08 20:00:00,XBTUSD,-6612056,9984900
2021-11-09 04:00:00,ETHUSD,-58662169,300000
2021-11-09 04:00:00,XRPUSD,-22454441,1039554
2021-11-09 04:00:00,XBTUSD,-7112190,9984900
2021-11-09 12:00:00,ETHUSD,-26800260,300000
2021-11-09 12:00:00,XRPUSD,-19058555,1039554
2021-11-09 12:00:00,XBTUSD,-4651343,9984900
2021-11-09 20:00:00,XBTUSD,4848,18200
2021-11-09 20:00:00,ETHUSD,-14251380,300000
2021-11-09 20:00:00,XRPUSD,-18264304,1039554
2021-11-10 04:00:00,XBTUSD,12921,18200
2021-11-10 04:00:00,ETHUSD,-14071410,300000
2021-11-10 04:00:00,XRPUSD,-18966702,1039554
2021-11-10 12:00:00,XBTUSD,7930,18200
2021-11-10 12:00:00,ETHUSD,-40018423,300000
2021-11-10 12:00:00,XRPUSD,-23175856,1039554
2021-11-10 20:00:00,XBTUSD,16537,18200
2021-11-10 20:00:00,ETHUSD,-120037428,300000
2021-11-10 20:00:00,XRPUSD,-26543795,1039554
2021-11-11 04:00:00,ETHUSD,-36877109,300000
2021-11-11 04:00:00,XRPUSD,-31820956,1039554
2021-11-11 04:00:00,XBTUSD,9021635,14289000
2021-11-11 12:00:00,ETHUSD,-31874445,300000
2021-11-11 12:00:00,XRPUSD,-17328829,1039554
2021-11-11 12:00:00,XBTUSD,2188918,14289000
2021-11-11 20:00:00,ETHUSD,-35138320,300000
2021-11-11 20:00:00,XRPUSD,-9585406,1039554
2021-11-11 20:00:00,XBTUSD,2192776,14289000
2021-11-12 04:00:00,ETHUSD,-14324790,300000
2021-11-12 04:00:00,XRPUSD,-15794074,1039554
2021-11-12 04:00:00,XBTUSD,2203078,14289000
2021-11-12 12:00:00,ETHUSD,-13807830,300000
2021-11-12 12:00:00,XRPUSD,-19298779,1039554
2021-11-12 12:00:00,XBTUSD,2240429,14289000
2021-11-12 20:00:00,ETHUSD,-48047340,300000
2021-11-12 20:00:00,XRPUSD,-12921559,1039554
2021-11-12 20:00:00,XBTUSD,5368629,34289000
2021-11-13 04:00:00,ETHUSD,-77258664,300000
2021-11-13 04:00:00,XRPUSD,-14546332,1039554
2021-11-13 04:00:00,XBTUSD,5374595,34289000
2021-11-13 12:00:00,ETHUSD,-13825500,300000
2021-11-13 12:00:00,XRPUSD,-9996085,1039554
2021-11-13 12:00:00,XBTUSD,5393797,34289000
2021-11-13 20:00:00,ETHUSD,-22018817,300000
2021-11-13 20:00:00,XRPUSD,-12019185,1039554
2021-11-13 20:00:00,XBTUSD,5361599,34289000
2021-11-14 04:00:00,ETHUSD,-62082266,300000
2021-11-14 04:00:00,XRPUSD,-11295846,1039554
2021-11-14 04:00:00,XBTUSD,5302965,34289000
2021-11-14 12:00:00,ETHUSD,-13839510,300000
2021-11-14 12:00:00,XRPUSD,-11518763,1039554
2021-11-14 12:00:00,XBTUSD,5318190,34289000
2021-11-14 20:00:00,ETHUSD,-13637100,300000
2021-11-14 20:00:00,XRPUSD,-12071492,1039554
2021-11-14 20:00:00,XBTUSD,5343118,34289000
2021-11-15 04:00:00,ETHUSD,-14114520,300000
2021-11-15 04:00:00,XRPUSD,-9314426,1039554
2021-11-15 04:00:00,XBTUSD,5213471,34289000
2021-11-15 12:00:00,ETHUSD,-44770817,300000
2021-11-15 12:00:00,XRPUSD,-10180061,1039554
2021-11-15 12:00:00,XBTUSD,5216351,34289000
2021-11-15 20:00:00,ETHUSD,-30634801,300000
2021-11-15 20:00:00,XRPUSD,-13249904,1039554
2021-11-15 20:00:00,XBTUSD,5336020,34289000
2021-11-16 04:00:00,ETHUSD,-78127279,300000
2021-11-16 04:00:00,XRPUSD,-13205770,1039554
2021-11-16 04:00:00,XBTUSD,5626688,34289000
2021-11-16 12:00:00,ETHUSD,-12882780,300000
2021-11-16 12:00:00,XRPUSD,-6353297,1039554
2021-11-16 12:00:00,XBTUSD,5930623,35942300
2021-11-16 20:00:00,ETHUSD,-12805620,300000
2021-11-16 20:00:00,XRPUSD,-5634166,1039554
2021-11-16 20:00:00,XBTUSD,-172158,25942300
2021-11-17 04:00:00,ETHUSD,-6184575,150000
2021-11-17 04:00:00,XRPUSD,-2577092,1039554
2021-11-17 04:00:00,XBTUSD,6085858,35942300
2021-11-17 12:00:00,ETHUSD,-35064630,150000
2021-11-17 12:00:00,XRPUSD,-10730172,1039554
2021-11-17 12:00:00,XBTUSD,5908411,35942300
2021-11-17 20:00:00,ETHUSD,-50812171,150000
2021-11-17 20:00:00,XRPUSD,-17443712,1039554
2021-11-17 20:00:00,XBTUSD,5965775,35942300
2021-11-18 04:00:00,ETHUSD,-14221320,200000
2021-11-18 04:00:00,XRPUSD,-13591986,1039554
2021-11-18 04:00:00,XBTUSD,5999309,35942300
2021-11-18 12:00:00,ETHUSD,-9883798,200000
2021-11-18 12:00:00,XRPUSD,-8455083,1039554
2021-11-18 12:00:00,XBTUSD,6069972,35942300
2021-11-18 20:00:00,ETHUSD,-21444399,111492
2021-11-18 20:00:00,XRPUSD,-11364524,852843
2021-11-18 20:00:00,XBTUSD,6201448,35942300
2021-11-19 04:00:00,XBTUSD,9111285,50942300
2021-11-19 12:00:00,XBTUSD,8929981,50942300
2021-11-19 20:00:00,XBTUSD,8764979,50942300
2021-11-20 04:00:00,XBTUSD,86969,50942300
2021-11-20 12:00:00,XBTUSD,-781393,50942300
2021-11-20 20:00:00,XBTUSD,8563910,50942300
2021-11-21 04:00:00,XBTUSD,8675779,50942300
2021-11-21 12:00:00,XBTUSD,8671296,50942300
2021-11-21 20:00:00,XBTUSD,8581689,50942300
2021-11-22 04:00:00,XBTUSD,8871194,50942300
2021-11-22 12:00:00,XBTUSD,8901658,50942300
2021-11-22 20:00:00,XBTUSD,9095136,50942300
2021-11-23 04:00:00,XBTUSD,8941902,50942300
2021-11-23 12:00:00,XBTUSD,9076695,50942300
2021-11-23 20:00:00,XBTUSD,8815718,50942300
2021-11-24 04:00:00,XBTUSD,9029676,50942300
2021-11-24 12:00:00,XBTUSD,8993506,50942300
2021-11-24 20:00:00,XBTUSD,8958815,50942300
2021-11-25 04:00:00,XBTUSD,8817705,50942300
2021-11-25 12:00:00,XBTUSD,8778071,50942300
2021-11-25 20:00:00,XBTUSD,8646233,50942300
2021-11-26 04:00:00,XBTUSD,8788718,50942300
2021-11-26 12:00:00,ETHUSD,-19014125,66187
2021-11-26 12:00:00,XBTUSD,12922253,69451700
2021-11-26 20:00:00,ETHUSD,-23867084,152856
2021-11-26 20:00:00,XBTUSD,12770223,69451700
2021-11-27 04:00:00,ETHUSD,-6298172,152856
2021-11-27 04:00:00,XBTUSD,12769112,69451700
2021-11-27 12:00:00,ETHUSD,-7610967,152856
2021-11-27 12:00:00,XBTUSD,12710425,69451700
2021-11-27 20:00:00,ETHUSD,-26756965,152856
2021-11-27 20:00:00,XBTUSD,12633125,69451700
2021-11-28 04:00:00,XBTUSD,3463824,69451700
2021-11-28 12:00:00,XBTUSD,12736122,69451700
2021-11-28 20:00:00,XBTUSD,12706119,69451700
2021-11-29 04:00:00,XBTUSD,10357913,59451700
2021-11-29 12:00:00,XBTUSD,8683323,49451700
2021-11-29 20:00:00,XBTUSD,8540556,49451700
2021-11-30 04:00:00,XBTUSD,8653157,49451700
2021-11-30 12:00:00,XBTUSD,8575073,49451700
2021-11-30 20:00:00,XBTUSD,8694112,50143100
2021-12-01 04:00:00,XBTUSD,8733624,50143100
2021-12-01 12:00:00,XBTUSD,8768524,50143100
2021-12-01 20:00:00,XBTUSD,8725601,50143100
2021-12-02 04:00:00,XBTUSD,8896539,50143100
2021-12-02 12:00:00,XBTUSD,8896489,50143100
2021-12-02 20:00:00,XBTUSD,8850859,50143100
2021-12-03 04:00:00,XBTUSD,8894784,50143100
2021-12-03 12:00:00,XBTUSD,8790386,50143100
2021-12-03 20:00:00,XBTUSD,9313529,50143100
2021-12-04 04:00:00,XBTUSD,9635799,50143100
2021-12-04 12:00:00,XBTUSD,6472959,30143100
2021-12-04 20:00:00,XBTUSD,-52768578,30143100
2021-12-05 04:00:00,XBTUSD,-30535410,30143100
2021-12-05 12:00:00,XBTUSD,-7998383,30143100
2021-12-05 20:00:00,XBTUSD,-31330689,30143100
2021-12-06 04:00:00,XBTUSD,-14184790,30143100
2021-12-06 12:00:00,XBTUSD,-4461492,30143100
2021-12-06 20:00:00,XBTUSD,2698178,30143100
2021-12-07 04:00:00,XBTUSD,28053,143100
2021-12-07 12:00:00,XBTUSD,-46650,143100
2021-12-07 20:00:00,XBTUSD,-40468,143100
2021-12-08 04:00:00,XBTUSD,28528,143100
2021-12-08 12:00:00,XBTUSD,29049,143100
2021-12-08 20:00:00,XBTUSD,28350,143100
2021-12-09 04:00:00,XBTUSD,28877,143100
2021-12-09 12:00:00,XBTUSD,29077,143100
2021-12-09 20:00:00,XBTUSD,29131,143100
2021-12-10 04:00:00,XBTUSD,29567,143100
2021-12-10 12:00:00,XBTUSD,20560,143100
2021-12-10 20:00:00,XBTUSD,29719,143100
2021-12-11 04:00:00,XBTUSD,29606,143100
2021-12-11 12:00:00,XBTUSD,20461,143100
2021-12-11 20:00:00,XBTUSD,-3842,143100
2021-12-12 04:00:00,XBTUSD,15372,143100
2021-12-12 12:00:00,XBTUSD,-16296,143100
2021-12-12 20:00:00,XBTUSD,-42441,143100
2021-12-13 04:00:00,XBTUSD,29265,143100
2021-12-13 12:00:00,XBTUSD,-17858,143100
2021-12-13 20:00:00,XBTUSD,-26017,143100
2021-12-14 04:00:00,XBTUSD,-2742,143100
2021-12-14 12:00:00,XBTUSD,-13818,143100
2021-12-14 20:00:00,XBTUSD,30530,143100
2021-12-15 04:00:00,XBTUSD,23117,143100
2021-12-15 12:00:00,XBTUSD,29720,143100
2021-12-15 20:00:00,XBTUSD,29393,143100
2021-12-16 04:00:00,XBTUSD,6739,143100
2021-12-16 12:00:00,XBTUSD,29077,143100
2021-12-16 20:00:00,XBTUSD,29885,143100
2021-12-17 04:00:00,XBTUSD,29944,143100
2021-12-17 12:00:00,XBTUSD,30363,143100
2021-12-17 20:00:00,XBTUSD,-6426,143100
2021-12-18 04:00:00,XBTUSD,-19770,143100
2021-12-18 12:00:00,XBTUSD,24614,143100
2021-12-18 20:00:00,XBTUSD,30660,143100
2021-12-19 04:00:00,XBTUSD,-14385,143100
2021-12-19 12:00:00,XBTUSD,20023,143100
2021-12-19 20:00:00,XBTUSD,30652,143100
2021-12-20 04:00:00,XBTUSD,6128,143100
2021-12-20 12:00:00,XBTUSD,-8068,143100
2021-12-20 20:00:00,XBTUSD,2343312,10919900
2021-12-21 04:00:00,XBTUSD,2277181,10919900
2021-12-21 12:00:00,XBTUSD,2233862,10919900
2021-12-21 20:00:00,XBTUSD,2245262,10919900
2021-12-22 04:00:00,XBTUSD,2217253,10919900
2021-12-22 12:00:00,XBTUSD,-445718,10919900
2021-12-22 20:00:00,XBTUSD,1516984,10919900
2021-12-23 04:00:00,XBTUSD,1429755,6941200
2021-12-23 12:00:00,XBTUSD,-501996,6941200
2021-12-23 20:00:00,XBTUSD,145753,919900
2021-12-24 04:00:00,XBTUSD,-979370,5001100
2021-12-24 12:00:00,XBTUSD,911850,29080100
2021-12-24 20:00:00,XBTUSD,3525881,29080100
2021-12-25 04:00:00,XBTUSD,-457297,29080100
2021-12-25 12:00:00,XBTUSD,4129411,29080100
2021-12-25 20:00:00,XBTUSD,-1827198,29080100
2021-12-26 04:00:00,XBTUSD,-5851759,29080100
2021-12-26 12:00:00,XBTUSD,8353669,29080100
2021-12-26 20:00:00,XBTUSD,4848303,29080100
2021-12-27 04:00:00,XBTUSD,-5242118,29080100
2021-12-27 12:00:00,XBTUSD,-3664874,29080100
2021-12-27 20:00:00,XBTUSD,-5222829,29080100
2021-12-28 04:00:00,XBTUSD,-3910236,29080100
2021-12-28 12:00:00,XBTUSD,2953898,29080100
2021-12-28 20:00:00,XBTUSD,-2316614,29080100
2021-12-29 04:00:00,XBTUSD,-6056571,29080100
2021-12-29 12:00:00,XBTUSD,-5664875,29080100
2021-12-29 20:00:00,XBTUSD,-6166988,29080100
2021-12-30 04:00:00,XBTUSD,62523,29080100
2021-12-30 12:00:00,XBTUSD,2508458,29080100
2021-12-30 20:00:00,XBTUSD,1100306,29080100
2021-12-31 04:00:00,XBTUSD,-3449393,29080100
2021-12-31 12:00:00,XBTUSD,-2848748,29080100
2021-12-31 20:00:00,XBTUSD,890700,29080100
