date,analysis_date,source_row,transactid,walletbalance,scenario_ledger_sat,scenario_residual_sat,matches_display_precision
2018-03-05,2018-03-05,3,af8a3c41-9338-7100-0706-26e3badbd58a,15334629,15334629,0,True
2018-03-06,2018-03-06,4,eba7b0e4-35cb-0c13-ae2c-ed1030c2f44b,8976265,8976265,0,True
2018-03-07,2018-03-07,5,29abe5bc-28db-5bb8-829b-e137d16048e3,7429038,7429038,0,True
2018-03-08,2018-03-08,6,cda6ffad-2f73-08ea-8006-6edfa3272208,12164286,12164286,0,True
2018-03-09,2018-03-09,7,410a1433-2803-5aba-51ef-ba2b2df069f8,15795193,15795193,0,True
2018-03-10,2018-03-10,8,9333beb9-8059-c28f-2a06-597fb581999c,9392087,9392087,0,True
2018-03-11,2018-03-11,9,9c5d5286-91f9-ba83-05bd-0ff31bb4756b,5885001,5885001,0,True
2018-03-12,2018-03-12,11,45a4976a-3d6c-aa25-2eae-db4e1a20129d,14987833,14987833,0,True
2018-03-13,2018-03-13,14,dc6dd2a6-238b-e090-1c2b-fac9f74643c9,34897568,34897568,0,True
2018-03-14,2018-03-14,16,768789cc-86ba-c975-1413-d2d27ba193da,45321020,45321020,0,True
2018-03-15,2018-03-15,17,6f2eecca-c008-2e20-c148-5685b7846d22,77396953,77396953,0,True
2018-03-16,2018-03-16,18,d5ad6fed-82b3-bcd5-5ed4-0bf0ad42141d,127172378,127172378,0,True
2018-03-17,2018-03-17,19,165c380a-1607-c0e5-2b54-834162115510,150141761,150141761,0,True
2018-03-19,2018-03-19,20,c75b9362-ed2d-d326-4541-26d42d507c79,158979132,158979132,0,True
2018-03-20,2018-03-20,22,0f36b3ca-a100-9d28-2947-bd6afc726e2e,392392206,392392206,0,True
2018-03-21,2018-03-21,23,c1ed5a4d-5d3b-1991-5d3c-e3be5e5bf44c,148266956,148266956,0,True
2018-03-22,2018-03-22,26,8657ea16-cc20-0956-ca1f-9e6622345627,0,0,0,True
2018-03-29,2018-03-29,28,23d66534-31ab-2051-2020-ae6305f921f0,95622646,95622646,0,True
2018-03-30,2018-03-30,32,9abf6bd2-442c-46b3-e0a1-685e28e2c99d,221035794,221035794,0,True
2018-03-31,2018-03-31,36,bd1b0b02-f873-7775-1e15-f61e3aed2955,236217277,236217277,0,True
2018-04-01,2018-04-01,38,ec885d7b-0483-075d-db2e-765d6caae0e9,172513107,172513107,0,True
2018-04-02,2018-04-02,40,3086dbd7-2a28-3840-fb2d-bc50780b5601,121184156,121184156,0,True
2018-04-03,2018-04-03,43,582661d5-4338-cb86-78f1-a1f1f35412f7,84913422,84913422,0,True
2018-04-04,2018-04-04,44,21b452df-7d5f-490f-8936-ebd20a9b02bb,88612166,88612166,0,True
2018-04-05,2018-04-05,46,e1e0b2f9-7ecc-feeb-2399-08381aa56800,101019290,101019290,0,True
2018-04-06,2018-04-06,48,88cf78b7-1c2f-12ef-c099-e095f098bcff,129393303,129393303,0,True
2018-04-07,2018-04-07,49,d6c395b2-7ff8-828c-7997-0f2610b06a5b,125418399,125418399,0,True
2018-04-08,2018-04-08,50,a2cd1063-51cf-de20-ca27-f09211e4fa56,125472504,125472504,0,True
2018-04-09,2018-04-09,51,b7ba952c-ad9e-c71b-5817-c56d158778e5,153427685,153427685,0,True
2018-04-10,2018-04-10,53,a83d6b17-a367-dcfc-df05-718327ecfc07,168324675,168324675,0,True
2018-04-12,2018-04-12,54,d8e0c680-5c64-c078-81c2-64cfe0292194,168957428,168957428,0,True
2018-04-13,2018-04-13,56,36d5b2fb-669d-6a76-6f4e-75bfeb07c999,173787525,173787525,0,True
2018-04-14,2018-04-14,57,59c597fe-d03f-a6ba-3407-b37dc789b5a7,230118152,230118152,0,True
2018-04-15,2018-04-15,58,1fa3c896-a899-4aca-4d21-68ed44a0c451,155516422,155516422,0,True
2018-04-16,2018-04-16,60,b2462d1f-4806-4fa8-ebb9-fd89295db647,244633230,244633230,0,True
2018-04-17,2018-04-17,62,c9befffb-ecad-18d7-2616-fe46a57f8477,347227419,347227419,0,True
2018-04-18,2018-04-18,66,85146ec6-3ae7-925d-c223-d1f02278818a,333818361,333818361,0,True
2018-04-19,2018-04-19,67,39ccd939-91a2-2348-67ab-fd66d6e676b6,213248253,213248253,0,True
2018-04-20,2018-04-20,68,797814e0-a2e9-0745-b66f-46be0beda691,250729755,250729755,0,True
2018-04-21,2018-04-21,69,e0c83898-c52c-a82b-bc12-c6bd0c4fd64e,288681437,288681437,0,True
2018-04-22,2018-04-22,70,e4fc903c-e374-8f29-65de-d19daa3d2a62,295719899,295719899,0,True
2018-04-23,2018-04-23,72,8877066d-cd9e-b079-e4ce-b026dd2ad522,312122655,312122655,0,True
2018-04-24,2018-04-24,75,2028aed0-b268-e0d0-a56e-972151cec32c,302608379,302608379,0,True
2018-04-25,2018-04-25,78,f0e1d5e3-2a6d-3ccc-2ed7-21055bf0bf1d,254538234,254538234,0,True
2018-04-26,2018-04-26,79,e1e580e7-0b98-b343-93c4-02f7b2c90296,424743181,424743181,0,True
2018-04-27,2018-04-27,80,bf522c46-6f23-4a08-6a83-f02ddb161ddc,426461302,426461302,0,True
2018-04-27,2018-04-28,82,245c7553-adb9-7071-5e6d-04b65f14a127,380937178,380937178,0,True
2018-04-29,2018-04-29,85,6a12d92e-d1f1-5dd6-5ebc-9256cad3ce1a,413219623,413219623,0,True
2018-04-30,2018-04-30,86,c644cc25-0ad0-544a-03d2-c6d113ac2394,413716248,413716248,0,True
2018-05-02,2018-05-02,87,43507341-af75-e19f-bbb6-3448c25c8437,417605403,417605403,0,True
2018-05-04,2018-05-04,90,0d534133-f5c6-2fdb-5f41-3073559e54ba,412162686,412162686,0,True
2018-05-06,2018-05-06,91,52f09860-96b0-cc68-e174-29f2d03cee9d,414747755,414747755,0,True
2018-05-07,2018-05-07,94,d1361471-d57a-fee8-9eaf-f7af1c37bd9f,463516754,463516754,0,True
2018-05-09,2018-05-09,96,e9742e87-cf60-777d-ccfa-10b25642564f,507025044,507025044,0,True
2018-05-11,2018-05-11,97,007d5f06-862a-c127-3510-c1e13e9a953e,552020374,552020374,0,True
2018-05-12,2018-05-12,99,810fee98-023a-1acd-e2b0-ee158e225152,565967584,565967584,0,True
2018-05-13,2018-05-13,100,042a277e-6a7a-711b-aa48-8318bf5236cd,575401610,575401610,0,True
2018-05-14,2018-05-14,101,44b36350-fda0-bce9-4cae-74cbf76b6d36,584502803,584502803,0,True
2018-05-15,2018-05-15,102,29fd509e-9f53-e613-38e1-a4e277c87d40,588954663,588954663,0,True
2018-05-16,2018-05-16,103,858897fc-bb2d-ed8e-ef91-b17d3f01396e,676936678,676936678,0,True
2018-05-17,2018-05-17,104,59fcd356-de3d-48a5-af4e-827bae818e25,690251118,690251118,0,True
2018-05-19,2018-05-19,107,36faa4c9-9735-dafa-e94d-28f5881de99a,697356153,697356153,0,True
2018-05-20,2018-05-20,108,f80607d7-3400-1c95-2a4a-c8612ea925ef,707474104,707474104,0,True
2018-05-21,2018-05-21,109,5bf48183-e144-ee8e-6d4f-ccc9fbb24cd5,705712556,705712556,0,True
2018-05-22,2018-05-22,110,1da89521-5d7d-e5b5-3cc9-de7d2e6da9e6,714288913,714288913,0,True
2018-05-23,2018-05-23,112,70988fbd-087f-e697-5e0c-441844b49489,646306086,646306086,0,True
2018-05-24,2018-05-24,114,49790c81-a310-fd0e-40e6-91be9178edc1,515040491,515040491,0,True
2018-05-25,2018-05-25,115,659a9685-6c13-7647-28c4-c1fad5417891,560085093,560085093,0,True
2018-05-26,2018-05-26,117,9841267a-233c-d6fa-f46e-ad86c474741a,699233191,699233191,0,True
2018-05-27,2018-05-27,118,60996ae2-2743-2ffc-50d0-ff5e710bd9f4,680332480,680332480,0,True
2018-05-28,2018-05-28,119,89d0f4b0-cce0-4d2e-0641-67b19e335dcd,668543518,668543518,0,True
2018-05-29,2018-05-29,120,4df0bf16-3947-60d5-d019-34919004b146,674625791,674625791,0,True
2018-05-30,2018-05-30,121,22a116d9-44be-1d91-8139-5a4f9272c67d,726568987,726568987,0,True
2018-05-31,2018-05-31,122,82111143-6f10-5d71-7f81-faf433367c5a,769388037,769388037,0,True
2018-06-01,2018-06-01,123,eef963f6-e466-d6d7-e5c3-c271d2f15342,815861377,815861377,0,True
2018-06-02,2018-06-02,124,2249f053-1941-f2eb-e641-9b15c18dac91,815861380,815861380,0,True
2018-06-03,2018-06-03,125,5c85371b-5ae2-7d93-c07c-9fdd2bba69a9,815285373,815285373,0,True
2018-06-04,2018-06-04,128,4660bbb0-9864-ac27-f119-3e69f11ccf20,850781463,850781463,0,True
2018-06-05,2018-06-05,129,c04c257b-35b3-a3ad-a493-522d782c9518,898195975,898195975,0,True
2018-06-06,2018-06-06,130,52c0a360-2da6-8da8-e270-58a844402ceb,906061713,906061713,0,True
2018-06-07,2018-06-07,131,64fce2cf-4c58-197c-12a5-856be0998e2f,926198552,926198552,0,True
2018-06-08,2018-06-08,132,529da18a-74a9-db7f-75d7-06ef1a8195b1,926198559,926198559,0,True
2018-06-09,2018-06-09,133,2a6621c9-0072-9950-0fbc-3690fffd9db3,926198566,926198566,0,True
2018-06-10,2018-06-10,134,b61a755f-775e-f0fb-8616-488bd2c7a62e,950919908,950919908,0,True
2018-06-11,2018-06-11,136,d34e4ca9-7e97-9850-06e1-d8ed7b1f0e3b,1000764048,1000764048,0,True
2018-06-12,2018-06-12,137,8cf8e26b-662b-998d-24b8-9c602b6fdcaf,998496729,998496729,0,True
2018-06-13,2018-06-13,138,9a1a3923-e5a6-65f3-decc-4bb836e70f50,1025375646,1025375646,0,True
2018-06-14,2018-06-14,139,274400cd-8c29-cf20-7856-8b58e9e08593,1056608890,1056608890,0,True
2018-06-15,2018-06-15,140,e7fc2418-2977-4262-46b8-b07a9ada9d89,1120078326,1120078326,0,True
2018-06-16,2018-06-16,141,63c09c8f-326b-abfd-7760-258ca1cc45da,1205427243,1205427243,0,True
2018-06-17,2018-06-17,142,3dae56ce-cd54-e631-ebbd-bb4bbab2d95b,1258067213,1258067213,0,True
2018-06-18,2018-06-18,144,31a601e3-938c-3bae-954d-40262c238912,1265406892,1265406892,0,True
2018-06-19,2018-06-19,145,82de9c5b-7531-4375-adaf-28fca5418d2e,1287434795,1287434795,0,True
2018-06-20,2018-06-20,146,08e78577-ac68-e7ff-34fd-2a29ff749512,1315683884,1315683884,0,True
2018-06-21,2018-06-21,147,00d9a6c3-9fed-9ff8-49f7-94d7137ef337,1355765799,1355765799,0,True
2018-06-22,2018-06-22,149,6a4f932b-5ef7-35bb-2f17-51b1a15cd3b3,1385729948,1385729948,0,True
2018-06-23,2018-06-23,153,3c3f95dd-045d-66c9-9e3a-d477ec9e90d7,1501554987,1501554987,0,True
2018-06-24,2018-06-24,155,768d6588-cd92-3f15-ea14-c87372ad0409,1287674733,1287674733,0,True
2018-06-25,2018-06-25,157,989e3142-5859-7f46-0f27-6e7f3a67e24b,1378081495,1378081495,0,True
2018-06-26,2018-06-26,159,06c47dc5-7d0b-cc93-e7fa-13ce57952a89,1445797255,1445797255,0,True
2018-06-27,2018-06-27,161,8997c2b0-17d4-d819-ceba-4e7da0ee9253,1458084449,1458084449,0,True
2018-06-28,2018-06-28,164,0bbbb47d-d1a9-cb37-af6a-2c59545f8572,1586968864,1586968864,0,True
2018-06-29,2018-06-29,168,a051a492-8663-efed-4bd4-bf59c5f48fc5,1208115851,1208115851,0,True
2018-06-30,2018-06-30,170,e3129247-1e27-2fa0-9072-a64bbe3772c1,1345122383,1345122383,0,True
2018-07-01,2018-07-01,171,7059861a-f0b5-7e68-9093-a4caf8ae3598,1363616494,1363616494,0,True
2018-07-02,2018-07-02,172,60f8ba49-7ff7-ac0f-e755-23572a463276,1380621536,1380621536,0,True
2018-07-03,2018-07-03,174,04ec84c6-bbdd-6519-42ad-69aa866d6403,1574083389,1574083389,0,True
2018-07-04,2018-07-04,176,2c6a0cb0-003f-e80d-29cd-77971d64a717,1685893833,1685893833,0,True
2018-07-05,2018-07-05,177,acdbde52-0ad7-1d66-752b-a460a0cdde1c,1696004749,1696004749,0,True
2018-07-06,2018-07-06,179,e64e5675-44a8-0dd3-eb42-8522a7599b6f,1696603774,1696603774,0,True
2018-07-07,2018-07-07,181,c120d673-4732-9972-2f29-19527fc6e6fc,1696898762,1696898762,0,True
2018-07-08,2018-07-08,182,87009c4f-a759-1399-55ae-b3a52fd1c4fc,1744991970,1744991970,0,True
2018-07-09,2018-07-09,183,6be14be9-6ff0-62fa-99ba-cb55d96781ed,1748806895,1748806895,0,True
2018-07-10,2018-07-10,185,5c400cfd-9966-7de2-7df7-03c43da1fe94,1671096440,1671096440,0,True
2018-07-11,2018-07-11,187,56466437-439a-2b00-419a-e260ae24cadc,1652470291,1652470291,0,True
2018-07-12,2018-07-12,189,5789d3f7-d4eb-12dc-f8cf-2eef450e0276,1638870132,1638870132,0,True
2018-07-13,2018-07-13,191,22224568-8d28-5123-7043-0b4723be6f67,1712195452,1712195452,0,True
2018-07-14,2018-07-14,194,d4d55e95-17fe-2a63-eaeb-7ca0e9faccca,1804690299,1804690299,0,True
2018-07-15,2018-07-15,196,85cf973a-0f66-2836-af37-75d7b85c894d,1807625077,1807625077,0,True
2018-07-16,2018-07-16,198,3f540356-2ca4-5b5c-e36c-d8410746b1b5,1816485937,1816485937,0,True
2018-07-17,2018-07-17,201,fecc162d-47c9-01f5-7d88-d726580c6468,1901617234,1901617234,0,True
2018-07-18,2018-07-18,204,7a88c569-c705-7d77-ac5d-ef8d564f6eea,1423157038,1423157038,0,True
2018-07-19,2018-07-19,210,ffe8f0a3-21ce-6e6f-4eb0-98f0fda4336d,1835808098,1835808098,0,True
2018-07-20,2018-07-20,216,bf2d3b3d-7eb9-34d2-f077-de99f24da172,2013207772,2013207772,0,True
2018-07-21,2018-07-21,221,703bb49f-f96e-d1e5-23d4-cf2c6afb8b52,1767104259,1767104259,0,True
2018-07-22,2018-07-22,224,823c9443-14a0-2c01-de8e-2b6157854c0b,1794445008,1794445008,0,True
2018-07-23,2018-07-23,227,0ae1be3b-6b19-7fca-3f71-ca9faba4149c,1860418035,1860418035,0,True
2018-07-24,2018-07-24,233,feb7a64c-4a30-0514-a985-4a311308a5e2,2135877580,2135877580,0,True
2018-07-25,2018-07-25,237,48bd32a6-2cfc-5bb7-bc09-13c203b839b1,2360341957,2360341957,0,True
2018-07-26,2018-07-26,239,1a755064-11d8-943f-794b-4a8c28e7374e,2441781096,2441781096,0,True
2018-07-27,2018-07-27,242,35a8a72a-c24c-06de-d336-858805e9cb4b,2671003782,2671003782,0,True
2018-07-28,2018-07-28,247,ca446e2f-85e9-6cb4-746a-0ddb633c1b8e,2288308672,2288308672,0,True
2018-07-29,2018-07-29,250,ca72016b-a52d-9299-1781-3e59b9ad0fd1,2334131796,2334131796,0,True
2018-07-30,2018-07-30,253,dfedd085-768c-bf37-356a-d39824d5fd7d,2389817834,2389817834,0,True
2018-07-31,2018-07-31,257,7bd5aeae-a58a-32ab-32ac-0bbab4a115df,2477810229,2477810229,0,True
2018-08-01,2018-08-01,263,6b8ea923-c404-430a-5e3c-99f9af928a75,1808249677,1808249677,0,True
2018-08-02,2018-08-02,266,c74054bb-d2c0-7c73-6abf-88871502ed57,2030079990,2030079990,0,True
2018-08-03,2018-08-03,270,4ed15ee2-7cdd-2216-3c58-a4b39537c0fa,1969312390,1969312390,0,True
2018-08-04,2018-08-04,275,3a8e9b0c-d07c-1878-1008-f4c84807d2ef,1989011231,1989011231,0,True
2018-08-05,2018-08-05,279,bae8cf5a-fc9f-85cc-ab26-c6e561039411,1646203342,1646203342,0,True
2018-08-06,2018-08-06,281,81f720c3-c5b3-ed80-8a4f-479f80c8d98c,1695097252,1695097252,0,True
2018-08-07,2018-08-07,283,790ba798-47cb-63a1-56f3-b737b4c61925,1960633297,1960633297,0,True
2018-08-08,2018-08-08,287,6105bc4c-3c4c-a7aa-3a3c-c81910c34c73,1938026978,1938026978,0,True
2018-08-09,2018-08-09,291,91ff3baf-3d91-b668-4157-7fb53432281c,2131659798,2131659798,0,True
2018-08-10,2018-08-10,295,195f7c3b-12c2-6096-beab-eeceadd47114,2499486659,2499486659,0,True
2018-08-11,2018-08-11,296,0eda086b-f511-f2a2-74d6-a2312ec15dd7,2521699852,2521699852,0,True
2018-08-12,2018-08-12,298,537ab821-1d0a-fd79-a938-ca6b97edaa1a,2781197288,2781197288,0,True
2018-08-13,2018-08-13,302,5692a6c9-cc72-7272-f1cf-8282d700e1e7,2672832838,2672832838,0,True
2018-08-14,2018-08-14,307,3a2a6405-012a-0be4-e971-8dbb595a78bd,2487906883,2487906883,0,True
2018-08-15,2018-08-15,311,d44bbc68-fbb0-2ee1-4305-f2768c274868,2766690989,2766690989,0,True
2018-08-16,2018-08-16,315,36116a9b-dc40-23d4-7a71-060af0e321f4,2759527014,2759527014,0,True
2018-08-17,2018-08-17,316,6de8d159-6986-92e2-a6f6-8c40ca9c3bb9,2954010423,2954010423,0,True
2018-08-18,2018-08-18,321,fb2f6869-ecb4-6919-ed1e-87b7c1a9b444,2939561726,2939561726,0,True
2018-08-19,2018-08-19,324,ebf851c8-333e-3040-4ea6-b0c4755d65d0,3032705039,3032705039,0,True
2018-08-20,2018-08-20,325,daf2c0e6-9899-00d0-33d2-2ad21fcc8f48,3017025470,3017025470,0,True
2018-08-21,2018-08-21,326,399a072f-4cfc-d0b0-1bca-d79fbbcfece2,3028008683,3028008683,0,True
2018-08-22,2018-08-22,327,4f9f6e14-236e-ca4b-b128-60c1903b207b,3041087625,3041087625,0,True
2018-08-23,2018-08-23,328,7a6dad5e-54cc-b450-51f0-3c8f6e7722ad,3124857572,3124857572,0,True
2018-08-24,2018-08-24,329,5f90010a-de37-43ab-0751-1ff4884b52f1,3159805187,3159805187,0,True
2018-08-25,2018-08-25,330,5c6e44ad-e2bc-62cd-eff0-efbe90d8e233,2991250459,2991250459,0,True
2018-08-26,2018-08-26,331,bdb63e49-e9f9-6bef-0001-338ca494f9b7,3059728016,3059728016,0,True
2018-08-27,2018-08-27,332,27dee21f-e448-077a-445c-db0e4581a98c,3027182278,3027182278,0,True
2018-08-28,2018-08-28,333,8cfc851d-1934-e57a-2d63-94485f5a074a,2778577830,2778577830,0,True
2018-08-29,2018-08-29,335,7278134a-2204-707f-b5b7-b96eb2e7c4c1,2891048584,2891048584,0,True
2018-08-30,2018-08-30,336,86961e0e-79cd-bee5-2775-e4229f7e1d11,2810458644,2810458644,0,True
2018-08-31,2018-08-31,337,be1aef82-7f5e-d46f-0849-d067741c65d3,2970234828,2970234828,0,True
2018-09-01,2018-09-01,338,f9ac27f2-2328-cfb9-724c-802ea61a517b,2966486338,2966486338,0,True
2018-09-02,2018-09-02,339,b02720fc-b091-a3cb-e6b1-14c4e3a3131f,3016964426,3016964426,0,True
2018-09-03,2018-09-03,340,022ba07a-3826-afcb-504d-f33f7f13915d,3132549341,3132549341,0,True
2018-09-04,2018-09-04,341,55cf9da1-1e2c-df12-5236-a288be711735,3132798775,3132798775,0,True
2018-09-05,2018-09-05,343,9a34f62a-cebb-075e-d212-1b9935811d31,3021580918,3021580918,0,True
2018-09-06,2018-09-06,344,16b2810c-5dc1-52ff-f90b-afdfec08cdbe,1827852126,1827852126,0,True
2018-09-07,2018-09-07,345,0de6d06b-62a6-86ac-cf09-c75f63d8f199,1895564989,1895564989,0,True
2018-09-08,2018-09-08,346,d856f8d8-b166-d29f-2a95-862754351ef0,1895564971,1895564971,0,True
2018-09-09,2018-09-09,347,c37681b8-13a6-f4a2-8e38-287efdad549a,2007567653,2007567653,0,True
2018-09-10,2018-09-10,348,d824a144-e9a7-3e30-ee38-25d07e0c634a,2303998741,2303998741,0,True
2018-09-11,2018-09-11,351,033160d2-bd3e-dc9e-8656-e85e1bbfc5c6,2364561020,2364561020,0,True
2018-09-12,2018-09-12,354,f46b4f53-6f89-2fb0-566a-45e29fe4af01,2426289544,2426289544,0,True
2018-09-13,2018-09-13,357,7491a155-9c5d-7416-b310-e2a5a6435c36,2399113845,2399113845,0,True
2018-09-14,2018-09-14,360,f33bff08-0864-1847-f782-ebada9927dad,1863020126,1863020126,0,True
2018-09-15,2018-09-15,362,ef79f81a-6a90-8cb7-9d3e-a217baa6fc38,2035788737,2035788737,0,True
2018-09-16,2018-09-16,364,90dfdb1a-ab7c-2a93-d7f4-600b6d6f64fd,1890359192,1890359192,0,True
2018-09-17,2018-09-17,366,93feb173-eaf2-6541-0b2b-b0e328b81388,1956710630,1956710630,0,True
2018-09-18,2018-09-18,369,3743e9fc-7626-5241-565b-4d7970196e35,1609498827,1609498827,0,True
2018-09-19,2018-09-19,372,194bb899-d968-7cc4-702e-92adcc3fb8bf,1300428420,1300428420,0,True
2018-09-20,2018-09-20,374,90d46984-89d9-11d9-31ab-aae20f212c12,1655199590,1655199590,0,True
2018-09-21,2018-09-21,378,d7dc504a-f109-5fce-f83d-e23e3b301c5f,1867140500,1867140500,0,True
2018-09-22,2018-09-22,382,3de37248-59d7-b1e2-39e0-76b3f5e2467b,292578371,292578371,0,True
2018-09-23,2018-09-23,383,65965a88-6ade-5a05-6ea6-d51e76536278,356940573,356940573,0,True
2018-09-24,2018-09-24,386,58f43c25-0597-a772-acd2-800b3a072df8,360393428,360393428,0,True
2018-09-25,2018-09-25,388,ff9984b5-3eef-79ba-abe1-05f225893d7d,511557699,511557699,0,True
2018-09-26,2018-09-26,391,8387c631-3448-eb3b-78ed-77df54199bb9,511129599,511129599,0,True
2018-09-27,2018-09-27,395,15990129-af95-8e91-bbca-5faa8ca512a3,640325817,640325817,0,True
2018-09-28,2018-09-28,397,ac1c4742-4c27-964c-a017-e9eecb2cc438,705656784,705656784,0,True
2018-09-29,2018-09-29,399,21c1b529-dba2-cb53-7bfb-caa52a651ecf,549625709,549625709,0,True
2018-09-30,2018-09-30,400,a108f83f-5bfb-d403-ce70-0af669d9428c,549625703,549625703,0,True
2018-10-01,2018-10-01,401,c1e421d5-9676-613d-b451-0335d2e0db90,549625694,549625694,0,True
2018-10-02,2018-10-02,403,8561111e-ef11-44ea-790f-d966bdf027c3,550514359,550514359,0,True
2018-10-03,2018-10-03,407,c12e3cb7-87a7-dd6a-0751-028c336a1ac9,893718677,893718677,0,True
2018-10-04,2018-10-04,409,2978b490-7200-ee26-a170-3f296f38cd70,893718714,893718714,0,True
2018-10-05,2018-10-05,411,a23855c5-373c-33e4-beea-3bb8e95fed40,893718727,893718727,0,True
2018-10-06,2018-10-06,413,aef686f9-23e9-011f-b0b0-2bd408972047,920360383,920360383,0,True
2018-10-07,2018-10-07,416,2c49db3c-1aff-1f62-38e8-0bd19027dc24,975350375,975350375,0,True
2018-10-08,2018-10-08,420,50ef66c8-7cba-97c1-7a70-fac758b5be12,1037410801,1037410801,0,True
2018-10-09,2018-10-09,424,ed1b2b74-e0c9-3352-ab5d-73a8e23e89f5,1023952075,1023952075,0,True
2018-10-10,2018-10-10,428,d6b09b9b-90e8-637e-913d-62de30237d9d,1064200699,1064200699,0,True
2018-10-11,2018-10-11,431,79403005-4180-e341-05ec-08b9c9427289,1150296409,1150296409,0,True
2018-10-12,2018-10-12,433,ab204a8a-5f2a-f674-a940-e8a673762237,1266646814,1266646814,0,True
2018-10-13,2018-10-13,435,5914efbf-c7bb-f671-c61d-2b8a73a5ec1b,1287852422,1287852422,0,True
2018-10-14,2018-10-14,437,6e2b6580-a7bf-30fc-1d9a-1db8b34b2762,1287852400,1287852400,0,True
2018-10-15,2018-10-15,440,69472486-0a2e-4461-bd32-8f70b59585d1,1793696201,1793696201,0,True
2018-10-16,2018-10-16,442,afbc3f37-a6fa-7f80-b2eb-41437798256e,1764963509,1764963509,0,True
2018-10-17,2018-10-17,444,dfae0aa0-86d3-754b-e7ed-441d48bc756b,1783142182,1783142182,0,True
2018-10-18,2018-10-18,446,55adcd86-6f76-44f3-4b8c-ee52f779d86c,1783142218,1783142218,0,True
2018-10-19,2018-10-19,448,29f86528-1ee5-bce9-8811-e5b46ee9c685,1808079802,1808079802,0,True
2018-10-20,2018-10-20,450,9651fcc8-4fa9-859e-1899-ed450096a157,1808079814,1808079814,0,True
2018-10-21,2018-10-21,452,265d80e5-cea7-d485-f5dd-6aa5a688f8c3,1808079843,1808079843,0,True
2018-10-22,2018-10-22,453,e26c5b64-b5ea-d2ae-77f4-be0ca62f8c7c,1808079849,1808079849,0,True
2018-10-23,2018-10-23,455,f20064fc-9282-0402-e2b9-04a27c06c7b4,1808079879,1808079879,0,True
2018-10-24,2018-10-24,457,499c7a9e-9fe2-8edc-9c76-a3affef64536,1808079892,1808079892,0,True
2018-10-25,2018-10-25,459,4f249742-bf07-b786-a9af-9f56f01c3543,1808079904,1808079904,0,True
2018-10-26,2018-10-26,461,954de086-801a-f69e-4f5d-fbdef7c99efe,1808079937,1808079937,0,True
2018-10-27,2018-10-27,463,0554560d-b3e4-f220-0381-c8aac0619d9e,1808079960,1808079960,0,True
2018-10-28,2018-10-28,465,e83989d9-d6c5-988f-c766-0ee086bebe16,1808079971,1808079971,0,True
2018-10-29,2018-10-29,467,5fff0116-7dfc-c9c8-335b-da7649b7add0,1808079993,1808079993,0,True
2018-10-30,2018-10-30,469,bff79c7a-3ad6-170e-2b12-99fc47aab3b2,1822330238,1822330238,0,True
2018-10-31,2018-10-31,471,65a4c22e-a941-e5c2-f7e7-4dda38198547,1822330276,1822330276,0,True
2018-11-01,2018-11-01,473,378c7111-ca08-d8c1-a321-6e0b5a1777fd,1822330295,1822330295,0,True
2018-11-02,2018-11-02,475,0aeee894-e046-65c9-61a7-6cbec7e7e74b,1822330309,1822330309,0,True
2018-11-03,2018-11-03,477,837f0480-fce4-4704-c599-56f9742aafa6,1822330320,1822330320,0,True
2018-11-04,2018-11-04,480,c4d648b8-b7d4-1665-2cbe-fa3d2cb09044,1884274195,1884274195,0,True
2018-11-05,2018-11-05,484,bb8c6efe-6854-5090-27f7-56c05efdae94,2083719987,2083719987,0,True
2018-11-06,2018-11-06,487,6949780e-9fb4-85ae-d9ff-b66c6b7b1859,1972472149,1972472149,0,True
2018-11-07,2018-11-07,491,2cbd9a3e-8a4d-614e-152b-19d9dc497747,2138333978,2138333978,0,True
2018-11-08,2018-11-08,493,f94eea18-ebcf-c60c-2051-44ab1b531886,2122072489,2122072489,0,True
2018-11-09,2018-11-09,497,f36445f1-db0a-f71c-2a62-69591b2c68cc,2359138631,2359138631,0,True
2018-11-10,2018-11-10,500,f95baf64-310c-07d6-934e-aaf149c37537,1853081867,1853081867,0,True
2018-11-11,2018-11-11,504,ef3187a1-c00a-879a-b7e9-7dac23167066,1906635523,1906635523,0,True
2018-11-12,2018-11-12,506,1be2a9e1-6b18-a7bc-8a21-cacfd53d4544,1736230931,1736230931,0,True
2018-11-13,2018-11-13,509,c6c83680-d70d-1140-5554-4c1f5d9c50ba,1674639979,1674639979,0,True
2018-11-14,2018-11-14,514,5d5dbbec-3cc8-0c97-6414-76393fee9b46,1790771552,1790771552,0,True
2018-11-15,2018-11-15,519,cd38cef0-fefa-88cd-f9f2-9e54bf48bf08,2745219716,2745219716,0,True
2018-11-16,2018-11-16,522,42a452e0-057c-f269-ad4c-cc12206670b1,3117334289,3117334289,0,True
2018-11-17,2018-11-17,524,c2aeb251-7ec5-ac12-5f5b-a296eebdfaf2,3120777450,3120777450,0,True
2018-11-18,2018-11-18,527,46fb9c4b-90aa-a4c9-03f2-ea1ec8a1b9bf,3075436745,3075436745,0,True
2018-11-19,2018-11-19,530,a9bb59bf-3317-539b-7b65-fbd0cf5e913e,2935283224,2935283224,0,True
2018-11-20,2018-11-20,532,22ec19e0-d11b-dc11-2b18-a69114572927,3010895464,3010895464,0,True
2018-11-21,2018-11-21,535,2fa7d26c-3939-dcee-bba5-9ef527fc8b24,3820828535,3820828535,0,True
2018-11-22,2018-11-22,537,03afd750-ba9b-559b-31b6-77b315806ee3,3981361845,3981361845,0,True
2018-11-23,2018-11-23,540,bdc453b9-ce31-8bce-691a-8d4f7e045865,5065523804,5065523804,0,True
2018-11-24,2018-11-24,542,72f0079d-7980-5f62-da7d-8b2169138129,5134041160,5134041160,0,True
2018-11-25,2018-11-25,546,9d2d9347-d95c-6918-5766-713bb0de1eff,6976405751,6976405751,0,True
2018-11-26,2018-11-26,548,06a41ca7-4d00-1476-1d53-780c25e7d4df,6980729503,6980729503,0,True
2018-11-27,2018-11-27,550,c3fbe80a-2e41-916c-8637-a01dc70fde63,8462808554,8462808554,0,True
2018-11-28,2018-11-28,553,0b394af3-3401-0983-eba7-ee57c4bb893a,7571195880,7571195880,0,True
2018-11-29,2018-11-29,556,f713b39a-720a-d085-1c75-94399e433029,6889699932,6889699932,0,True
2018-11-30,2018-11-30,558,b00ab01b-60b3-0174-ef50-0734f4d54f88,7997852072,7997852072,0,True
2018-12-01,2018-12-01,560,3956dd0c-42cd-a218-4e48-b441c024b940,8086558962,8086558962,0,True
2018-12-02,2018-12-02,562,45e0f6e1-fbf3-6074-081e-d73a83d5d553,7720222003,7720222003,0,True
2018-12-03,2018-12-03,564,536d2f64-1a0b-0014-27b2-846c3c596ccd,8187330788,8187330788,0,True
2018-12-04,2018-12-04,566,253e738e-70b2-336d-1174-46ca521c4f94,8915652257,8915652257,0,True
2018-12-05,2018-12-05,568,6dcf8bb9-75c6-5a61-883b-94f602019e99,9106452728,9106452728,0,True
2018-12-06,2018-12-06,570,f95ab1e1-49a5-6b4f-ccb5-334225c5b803,9743689374,9743689374,0,True
2018-12-07,2018-12-07,575,43e385be-9171-b3fa-bb61-e3eea1cb8638,9810936439,9810936439,0,True
2018-12-08,2018-12-08,577,72041289-8dc1-998c-480b-1308a96b1b4f,10958435271,10958435271,0,True
2018-12-09,2018-12-09,579,cb749e1b-5544-8489-a4b8-b8b6049e0abf,10889098160,10889098160,0,True
2018-12-10,2018-12-10,581,5e2c3e6c-c1cf-3dac-7fbe-1432bf7a5d2b,11263682827,11263682827,0,True
2018-12-11,2018-12-11,583,6cf3fa59-2e9c-1f88-3ba5-787755ef01cd,10894560297,10894560297,0,True
2018-12-12,2018-12-12,585,9e8de839-1bb7-b1a3-55c1-43d4dadad11b,10714565905,10714565905,0,True
2018-12-13,2018-12-13,587,00bd2835-1445-ad96-2942-f13ac9f5d811,10317887306,10317887306,0,True
2018-12-14,2018-12-14,589,a59ea64f-9eda-b566-f2b0-2b1dabb39360,10959705651,10959705651,0,True
2018-12-15,2018-12-15,591,705af9cb-cbe9-7d0c-46aa-55e2169ae8ab,11666814999,11666814999,0,True
2018-12-16,2018-12-16,593,8dc367b5-d1e6-577d-057d-03bff5aeef4e,11997044202,11997044202,0,True
2018-12-17,2018-12-17,595,7fe73fc3-7c1a-06f1-556e-99a9d6bfb727,12392710200,12392710200,0,True
2018-12-18,2018-12-18,598,fd85428e-3927-b4c9-9dfc-134bd5e993ec,9386719642,9386719642,0,True
2018-12-19,2018-12-19,600,ba42bbb2-89f3-17a0-23a3-41fed3cff732,10641294021,10641294021,0,True
2018-12-20,2018-12-20,603,bfbfafd7-6f2e-9160-5a11-24a5e1143d32,10910795584,10910795584,0,True
2018-12-21,2018-12-21,605,60965b6b-6b77-b292-bdbc-9187dcc9397d,11553025316,11553025316,0,True
2018-12-22,2018-12-22,606,b1ef3b40-1250-fa10-7533-c6ba8e28c904,12141378210,12141378210,0,True
2018-12-23,2018-12-23,608,06c26fe8-5a58-38e8-6a6d-154264459c6d,10940339517,10940339517,0,True
2018-12-24,2018-12-24,609,8045c297-f6ec-1370-f663-66fdf5c10e8e,11265663468,11265663468,0,True
2018-12-25,2018-12-25,611,c14c3b91-d0c2-7610-14d6-5372c193549d,12564597464,12564597464,0,True
2018-12-26,2018-12-26,612,d40e60a8-42ca-065c-b244-717d2d5b4237,12972905287,12972905287,0,True
2018-12-27,2018-12-27,613,a07345f9-d421-854c-02aa-2abfeab56433,13307155713,13307155713,0,True
2018-12-28,2018-12-28,615,0b955bf2-d1a9-9300-3f60-0275547c251e,13858895589,13858895589,0,True
2018-12-29,2018-12-29,617,93d8748a-8324-cd6c-6c76-2f3ec793a72e,11872828942,11872828942,0,True
2018-12-30,2018-12-30,618,ea198c16-2128-d84e-6e97-50e365714968,11814429312,11814429312,0,True
2018-12-31,2018-12-31,619,fc7db95b-755f-47ec-2af5-dc0c5733858b,11996216233,11996216233,0,True
2019-01-01,2019-01-01,949,df2b7148-0cba-d28d-cc77-ff73d96a9753,12342941014,12342941014,0,True
2019-01-02,2019-01-02,951,847a6c5f-9769-f353-d66a-7f54e0037247,12393668984,12393668984,0,True
2019-01-03,2019-01-03,952,ee839338-747f-2717-7cb0-e98ec131a0ba,12432964734,12432964734,0,True
2019-01-04,2019-01-04,953,b9e3ef9e-d4e7-600f-cba8-08a81c81f473,12432956700,12432956700,0,True
2019-01-05,2019-01-05,955,5264fa5a-edd8-d40a-9db3-46e4a44ad106,12461419805,12461419805,0,True
2019-01-06,2019-01-06,956,d13adf44-aecc-ed30-879a-0f88676cc059,12461415973,12461415973,0,True
2019-01-07,2019-01-07,957,a1a9e2d4-860b-71fd-776c-6ffb5a727e1f,12529883417,12529883417,0,True
2019-01-08,2019-01-08,958,c3ce9610-cb06-6251-3ada-8d8afd0fbd51,12626249228,12626249228,0,True
2019-01-09,2019-01-09,960,ed65a38f-20e3-2e07-fed5-e522c191fa23,11907750085,11907750085,0,True
2019-01-10,2019-01-10,962,c442e6d4-df79-67ff-0622-57295967c274,11677498228,11677498228,0,True
2019-01-11,2019-01-11,964,0c332ae9-b84a-4d51-85b7-1c2c15cc5905,11201438751,11201438751,0,True
2019-01-12,2019-01-12,966,7bb94833-2e99-0dd2-51a5-429462f98f65,13409610245,13409610245,0,True
2019-01-13,2019-01-13,967,135560f9-e9ec-2b6f-2dd6-4f55217d1dac,13403275359,13403275359,0,True
2019-01-14,2019-01-14,968,aa08b994-f64c-2a88-4153-1fcd73df86de,14017074663,14017074663,0,True
2019-01-15,2019-01-15,970,bd766658-860a-ba03-7d0e-2859f4b78213,13719527361,13719527361,0,True
2019-01-16,2019-01-16,971,ca1c91f0-5e49-bac8-48a9-fe7ba6aa692c,14254350635,14254350635,0,True
2019-01-17,2019-01-17,972,6cfdeca3-bfcf-3258-4a6b-faa82ffc4a20,14443962762,14443962762,0,True
2019-01-18,2019-01-18,973,98d967db-27d0-6a6d-f3f1-3efc1b472693,14432527352,14432527352,0,True
2019-01-19,2019-01-19,974,dd8844b9-a75f-2688-c7b3-18a075b2a576,14427061842,14427061842,0,True
2019-01-20,2019-01-20,975,bb3d5d2d-69ac-6a2a-c4a7-111f9a34e665,14434087005,14434087005,0,True
2019-01-21,2019-01-21,976,28a7b660-115f-0265-3989-60c4ec915ac4,15114740810,15114740810,0,True
2019-01-22,2019-01-22,977,52a13a67-f8f6-4651-ce29-f1ef35a8b127,15407727807,15407727807,0,True
2019-01-23,2019-01-23,978,86ef0020-00c2-66a5-c9e1-e34818ba68f2,15410845416,15410845416,0,True
2019-01-24,2019-01-24,979,c39fa5a4-933f-88b6-d13b-a8bac6e8df75,15431139520,15431139520,0,True
2019-01-25,2019-01-25,980,0daae8d7-78e7-1e9e-3454-1934d3c773c7,15431134143,15431134143,0,True
2019-01-26,2019-01-26,981,e05dc114-5da4-7857-d8e4-ed6ba4c08cc5,15431118358,15431118358,0,True
2019-01-27,2019-01-27,982,454e8479-2f91-088f-2f4e-d46e9070a305,15612598352,15612598352,0,True
2019-01-28,2019-01-28,983,55aa984f-9881-6470-483e-ea85184a60cc,16072761862,16072761862,0,True
2019-01-29,2019-01-29,984,a958970f-2019-e59b-5ab2-b8c9065f6894,16521476175,16521476175,0,True
2019-01-30,2019-01-30,985,9698193e-c4da-38de-281f-ffc796e8f1f4,16774964971,16774964971,0,True
2019-01-31,2019-01-31,986,c335467f-c249-d60e-6427-92bd82bb40e9,16750379209,16750379209,0,True
2019-02-01,2019-02-01,987,3bcb23bb-27e0-e0df-01ee-703ce0e33a48,16822235098,16822235098,0,True
2019-02-02,2019-02-02,988,5df25cc9-d242-4298-3190-a804aa87ccbe,17072728350,17072728350,0,True
2019-02-03,2019-02-03,989,1af11d1d-8786-b746-6836-7b01739557f3,17038283734,17038283734,0,True
2019-02-04,2019-02-04,990,f108472c-13f4-931c-647a-458149da6be5,17038284581,17038284581,0,True
2019-02-05,2019-02-05,991,f197aae7-9b9b-c21a-2b2c-419c2dbac1b5,17038285445,17038285445,0,True
2019-02-06,2019-02-06,992,8201763f-2406-cce5-aac3-7824cfa2d9f6,17038286435,17038286435,0,True
2019-02-07,2019-02-07,993,a42a7aae-8d44-31b2-c605-8508b40412b3,17038285953,17038285953,0,True
2019-02-08,2019-02-08,994,5ba4953c-a24f-9fca-c45b-63ad1f5be73f,17140326875,17140326875,0,True
2019-02-09,2019-02-09,996,1d70d7e0-1216-9a52-6bf0-ffff7f692f9e,15270645501,15270645501,0,True
2019-02-10,2019-02-10,997,f8a9151e-5618-dc4b-8f4d-34ee5f5d1e1e,15177066243,15177066243,0,True
2019-02-11,2019-02-11,998,e3af544b-b311-c372-3faa-79ec8c725d4e,15306227771,15306227771,0,True
2019-02-12,2019-02-12,999,4d83fba8-5a2c-0206-309c-25f62efb90c8,15310862467,15310862467,0,True
2019-02-13,2019-02-13,1000,594a08f7-98b5-801a-eb63-da6950ad5d19,15504604450,15504604450,0,True
2019-02-14,2019-02-14,1001,787afb9f-a225-2adf-4330-788246711b81,15504604810,15504604810,0,True
2019-02-15,2019-02-15,1002,3e38c3bc-d1b7-cb55-c2a6-beca1c5b5338,15500623758,15500623758,0,True
2019-02-16,2019-02-16,1003,9fdabe8f-badb-b33b-2bc2-817dc9ab962b,15509014019,15509014019,0,True
2019-02-17,2019-02-17,1004,8ee611a5-df24-5249-03bf-bf8f108db38e,14962627348,14962627348,0,True
2019-02-18,2019-02-18,1005,fde12d25-fee2-a9b0-71a1-499aa89798bb,15164693650,15164693650,0,True
2019-02-19,2019-02-19,1006,c5b103cd-8d99-0845-e3ba-ee431ca38fe3,14903218385,14903218385,0,True
2019-02-20,2019-02-20,1007,c9e4c40d-5b9b-0634-46ad-3abe8b7422c3,15051430242,15051430242,0,True
2019-02-21,2019-02-21,1008,5c581d12-f0d5-effb-4493-3ecf02d88b6e,15195546026,15195546026,0,True
2019-02-22,2019-02-22,1009,f42785f0-f134-e595-497c-9ad25adbb855,15289121903,15289121903,0,True
2019-02-23,2019-02-23,1010,6ff341ec-a08a-17ca-dc54-b458d3d2d413,15358096760,15358096760,0,True
2019-02-24,2019-02-24,1011,bd6a1088-1a16-e6df-7121-1682625f5339,15361376722,15361376722,0,True
2019-02-25,2019-02-25,1013,e3c32379-ef72-1ca5-7d7a-d1bca194dc5e,16531287111,16531287111,0,True
2019-02-26,2019-02-26,1015,c5093a59-682b-3ba5-2f03-88279ce4fd13,16612833400,16612833400,0,True
2019-02-27,2019-02-27,1016,4689a1ea-d229-37e0-54a3-e96abc0d0c68,16682874158,16682874158,0,True
2019-02-28,2019-02-28,1017,9c1ebe3a-b853-b075-e881-53667e1f6eea,16688316776,16688316776,0,True
2019-03-01,2019-03-01,1020,e03d27f4-e3d7-da52-ee99-2425ab6981aa,16930316993,16930316993,0,True
2019-03-02,2019-03-02,1021,fa695a76-4295-ea81-bbcd-bd2b6e95ce89,17095903965,17095903965,0,True
2019-03-03,2019-03-03,1022,dbb2639a-08d7-5e6d-9f93-a512bfd65fb3,17095891084,17095891084,0,True
2019-03-04,2019-03-04,1024,ff4cdcd3-870d-4c12-5639-afb89772193a,17105173256,17105173256,0,True
2019-03-05,2019-03-05,621,e9c3a49b-ec0f-8860-8fb7-946f0f7b283a,17055816016,17055816016,0,True
2019-03-06,2019-03-06,624,864cb89e-a1cd-6821-545d-318dba5af18b,17891088683,17891088683,0,True
2019-03-07,2019-03-07,626,03eec5c6-f64f-c979-3f82-9173a6032c3b,18122433617,18122433617,0,True
2019-03-08,2019-03-08,630,994b9c47-7f82-9bae-7396-f8f5c79936c5,17371774102,17371774102,0,True
2019-03-09,2019-03-09,631,ee44bfce-fcde-908c-aea9-b01b9ed77baa,17355136109,17355136109,0,True
2019-03-10,2019-03-10,632,6b7f13b6-fe36-42a7-5fc6-c720ca06f9bf,17337577812,17337577812,0,True
2019-03-11,2019-03-11,633,a28a5530-bbb5-7102-8312-9dabdaccc5b4,17304409869,17304409869,0,True
2019-03-12,2019-03-12,634,b558fae4-6a55-c8aa-7dc5-320d85fcd9e9,18138740331,18138740331,0,True
2019-03-13,2019-03-13,635,dda85b60-ab4c-e0d0-d1e5-3ae25e0c9ddf,18138797851,18138797851,0,True
2019-03-14,2019-03-14,636,9270007a-0439-2f2b-2b08-196b195f9d15,18138802474,18138802474,0,True
2019-03-15,2019-03-15,637,8c136049-0da6-981a-6e77-bc91fb931c95,17951904361,17951904361,0,True
2019-03-16,2019-03-16,638,c4e0d3eb-fa1a-13ca-dc07-d21629a420ee,18070962418,18070962418,0,True
2019-03-17,2019-03-17,639,f549dbb8-1636-5632-30ff-8d6ddaed3a5b,18164173011,18164173011,0,True
2019-03-18,2019-03-18,640,1db28720-fdb5-e96d-fb3d-ea366c32fa63,18110276530,18110276530,0,True
2019-03-19,2019-03-19,641,6b644eb7-acc7-b857-5489-dfe11719f245,18160625218,18160625218,0,True
2019-03-20,2019-03-20,642,d39e3e81-da5f-b95c-bfbb-c9600300bff6,18160625091,18160625091,0,True
2019-03-21,2019-03-21,643,39a1d50d-5d39-f49a-5887-e1d5416bb1a0,18160621133,18160621133,0,True
2019-03-22,2019-03-22,644,bdb7afa0-8934-566e-4713-eafb9e7e3731,18141766184,18141766184,0,True
2019-03-23,2019-03-23,645,57daf2d9-543d-82e5-385e-43bd58d2f2d1,18125262482,18125262482,0,True
2019-03-24,2019-03-24,646,e9a3d181-9af0-f42e-2479-4fcb55f5e3ed,18230808749,18230808749,0,True
2019-03-25,2019-03-25,647,d648c5a6-db86-508a-711a-e3185a4e2133,18218448709,18218448709,0,True
2019-03-26,2019-03-26,648,84ca36f2-e765-e7c2-cf39-6069adc652a6,18536842686,18536842686,0,True
2019-03-27,2019-03-27,649,24d87b6b-1766-756f-8d6c-9ec31a96ad5a,18545535984,18545535984,0,True
2019-03-28,2019-03-28,650,2d3ab7e4-ae92-930c-5a7a-50596900e8a8,18677091237,18677091237,0,True
2019-03-29,2019-03-29,652,e612244b-b6d3-aa9f-10f2-1d47253ff6d4,18980739843,18980739843,0,True
2019-03-30,2019-03-30,653,5870d1c1-2e3a-b11f-3be1-eefc6a947eaf,19222405038,19222405038,0,True
2019-03-31,2019-03-31,654,1cba4c5b-3deb-eab9-2d64-7a14acdcea6e,19214566503,19214566503,0,True
2019-04-01,2019-04-01,655,5e7e4964-f76c-2b33-e5b9-35657dd39a6f,19165850687,19165850687,0,True
2019-04-02,2019-04-02,656,4c843cef-3d27-bd4f-6615-798ba79e9c71,11689066459,11689066459,0,True
2019-04-03,2019-04-03,657,3a52a60d-df94-b76a-4596-c2bc73fcc4c7,13576821248,13576821248,0,True
2019-04-04,2019-04-04,659,279e88a6-6d1c-02d0-80db-c2cece9fe862,14800062687,14800062687,0,True
2019-04-05,2019-04-05,660,0005f178-e4cb-a96b-9f10-8a7cb0e355f1,15070724800,15070724800,0,True
2019-04-06,2019-04-06,661,33d727d2-0f60-0c3e-cb59-78a9d2ab3825,15505938929,15505938929,0,True
2019-04-07,2019-04-07,662,c0e9e62e-c1a6-9ec6-8322-4271bdc81c04,16666934344,16666934344,0,True
2019-04-08,2019-04-08,664,62389254-4eab-411f-dceb-5e91cc0b2f91,16531556439,16531556439,0,True
2019-04-09,2019-04-09,665,40cfa0d2-c17f-4a9a-3ceb-2a5fd60d43ff,16872463486,16872463486,0,True
2019-04-10,2019-04-10,667,79519128-f2ae-c038-00ee-a25d0c9075a7,15031438419,15031438419,0,True
2019-04-11,2019-04-11,669,fad0ea85-63e2-10b0-550a-1a82beb6fb5f,15377607234,15377607234,0,True
2019-04-12,2019-04-12,670,3855f7da-f316-9ad1-58b5-ae13cdc19b68,16003565020,16003565020,0,True
2019-04-13,2019-04-13,1025,e4dafce1-2cf1-6fff-dea1-01b49d8b80f4,16224655738,16224655738,0,True
2019-04-14,2019-04-14,1026,856abf9a-4aad-7ef3-6180-f815e8d3130c,16408514647,16408514647,0,True
2019-04-15,2019-04-15,1027,89ba5ec2-2204-3c0c-dcc9-4132e23d9033,16053346557,16053346557,0,True
2019-04-16,2019-04-16,1028,3f5280f3-c611-f033-77c8-ccd61134f8f6,16148692575,16148692575,0,True
2019-04-17,2019-04-17,1029,43bdc5e3-1f80-826c-abb7-ce21a04ab4fa,16371011884,16371011884,0,True
2019-04-18,2019-04-18,672,b22a807f-1e32-cd9f-1ae9-0123e3018e45,15650733554,15650733554,0,True
2019-04-19,2019-04-19,673,57ca1395-9815-37e4-1387-a6dede6dd232,15661870727,15661870727,0,True
2019-04-20,2019-04-20,674,dfe080f6-7d4b-b5a0-d302-4a45aca80266,15609328492,15609328492,0,True
2019-04-21,2019-04-21,675,4ac42d6c-daaa-2abe-0936-3fdcbd871c31,15974332054,15974332054,0,True
2019-04-22,2019-04-22,676,21c0d482-8737-460f-f578-83edd0d95823,16409151153,16409151153,0,True
2019-04-23,2019-04-23,679,f74cead8-efb7-3a00-d3e9-273274f62082,15865560020,15865560020,0,True
2019-04-24,2019-04-24,680,7f9ef432-ba67-b786-a871-cd4dfd901385,16882367241,16882367241,0,True
2019-04-25,2019-04-25,681,c3bfd74f-b268-6f3c-4b98-9166313690c3,17514481726,17514481726,0,True
2019-04-26,2019-04-26,682,4f535aac-93e0-3adc-d176-0355fe84760a,16992596882,16992596882,0,True
2019-04-27,2019-04-27,683,0d7ff278-ca50-11fb-059e-32cec0d52240,17345061322,17345061322,0,True
2019-04-28,2019-04-28,684,3543d5de-c9a3-cba4-4537-f6448c50dc05,17349761664,17349761664,0,True
2019-04-29,2019-04-29,685,7bfb09d7-9b7a-2389-82f7-a8684c0644ba,17278648074,17278648074,0,True
2019-04-30,2019-04-30,686,a0523a49-c6ba-edaa-9198-83949c8626fa,17396634557,17396634557,0,True
2019-05-01,2019-05-01,687,c20fd5b6-1b2d-4cf9-c47e-4e67a3419fcb,16591227689,16591227689,0,True
2019-05-02,2019-05-02,688,7d589540-16ed-0476-2d33-12cc2e8df415,16536847855,16536847855,0,True
2019-05-03,2019-05-03,689,369a5248-e312-64dc-4b23-cfcda08e3956,15802919744,15802919744,0,True
2019-05-04,2019-05-04,690,b25b94aa-6e64-52b8-8f8f-db194512cd32,15855454729,15855454729,0,True
2019-05-05,2019-05-05,691,00c9ef4e-9f00-3e45-e5e2-f572bb858c1d,17064133403,17064133403,0,True
2019-05-06,2019-05-06,693,d457737d-7171-3da4-6f71-c9f3d8eb166a,17105599568,17105599568,0,True
2019-05-07,2019-05-07,695,920f9df6-8fdd-6bcf-f65a-00cebaed01f3,16475221942,16475221942,0,True
2019-05-08,2019-05-08,696,afbcc6c3-87d8-09dd-02c8-20271848d088,17740020589,17740020589,0,True
2019-05-09,2019-05-09,697,7e63ed81-499f-f408-23d8-5f35af480459,17225976373,17225976373,0,True
2019-05-10,2019-05-10,698,5ed417d1-2914-55fe-24bd-cf96c9f85fda,17031216724,17031216724,0,True
2019-05-11,2019-05-11,699,5c457cf8-c1f2-bef9-5cb5-19db6c17227a,18101061087,18101061087,0,True
2019-05-12,2019-05-12,701,5b3aa149-c656-4907-e751-7a3605da26fc,15830005526,15830005526,0,True
2019-05-13,2019-05-13,702,63bb1cfc-7fdf-8562-27c5-c4c69283f7fd,17290357094,17290357094,0,True
2019-05-14,2019-05-14,704,42f457cc-c07e-4a3f-165f-9f08b0ddeb1c,14796583314,14796583314,0,True
2019-05-15,2019-05-15,705,4fe642d8-e1ae-4b45-916b-c115587340a3,16617612016,16617612016,0,True
2019-05-16,2019-05-16,706,e16514b9-9468-26b3-3b42-fd4229f1d42e,17080800128,17080800128,0,True
2019-05-17,2019-05-17,707,7d43c00b-f059-8916-89cd-d25483c9d8f6,17473969906,17473969906,0,True
2019-05-18,2019-05-18,708,e33a1af5-44a0-e03b-6cbd-2319c4e52221,17600493758,17600493758,0,True
2019-05-19,2019-05-19,709,003fe564-c6c6-6d5a-2d53-9f9fa882391b,18253555372,18253555372,0,True
2019-05-20,2019-05-20,710,4983e413-720a-c56b-af93-050f8e03d835,18500086693,18500086693,0,True
2019-05-21,2019-05-21,711,c8b3cc2f-4cfd-c278-2021-88c2925fe68d,19080038474,19080038474,0,True
2019-05-22,2019-05-22,712,3f157f9a-d90e-4be3-a6ff-e9c0f34bc8af,19128698942,19128698942,0,True
2019-05-23,2019-05-23,714,3821a3c9-8ded-49d3-2fd3-af2aee19f768,19847419573,19847419573,0,True
2019-05-24,2019-05-24,715,e175c455-715c-b1cb-b0e9-fa4b6340713c,19536096034,19536096034,0,True
2019-05-25,2019-05-25,716,7b66a611-74ca-6cc7-6518-40952b75bea7,19499724877,19499724877,0,True
2019-05-26,2019-05-26,717,a4334d31-f81b-43f7-af9b-4a365e88d56f,19499708416,19499708416,0,True
2019-05-27,2019-05-27,719,d34dd724-fa1d-5c63-80cf-84953be030cb,17630856076,17630856076,0,True
2019-05-28,2019-05-28,720,6c69b4a7-3abb-c839-147b-a291ac210afc,17630868165,17630868165,0,True
2019-05-29,2019-05-29,721,b6fc4a19-d4fa-0366-a89f-7f956419a2fa,17644080827,17644080827,0,True
2019-05-30,2019-05-30,722,f5f8a836-93f7-68fd-50d4-7c8eff7ccebf,17186521605,17186521605,0,True
2019-05-31,2019-05-31,723,8cca1feb-cfb0-b0f4-5112-d1e0e00fc04f,17404429502,17404429502,0,True
2019-06-01,2019-06-01,724,582086aa-2f47-a9b9-9221-82962d7d0d44,17150576246,17150576246,0,True
2019-06-02,2019-06-02,725,22235078-894c-067e-766a-5454e59d8b1d,16342090701,16342090701,0,True
2019-06-03,2019-06-03,726,1ccbf8d4-bd41-20e2-d970-4237deaba149,16330155227,16330155227,0,True
2019-06-04,2019-06-04,727,6b8b0aa1-0406-e5d8-8b1f-c42017dfbe2a,17631297933,17631297933,0,True
2019-06-05,2019-06-05,728,33d2c5b9-47e4-5363-ebf9-d6d5229acd4c,17632235016,17632235016,0,True
2019-06-06,2019-06-06,729,4fc53f38-255f-0b9e-c10f-3d2272cc2cb4,17633952874,17633952874,0,True
2019-06-07,2019-06-07,730,1581387e-4a1b-719e-94e6-8cd3be8dccdd,17627770162,17627770162,0,True
2019-06-08,2019-06-08,731,452f56ad-58df-4bee-7be8-8a4ec785065d,17632211003,17632211003,0,True
2019-06-09,2019-06-09,732,4d120418-a0fa-2b39-0617-2fb0b61a86d3,17628823264,17628823264,0,True
2019-06-10,2019-06-10,733,46b318da-7469-943d-7ddd-bbfc06826ffb,18245802197,18245802197,0,True
2019-06-11,2019-06-11,734,634078b7-bd4b-a000-bf6a-1fa97daa11ce,18274926169,18274926169,0,True
2019-06-12,2019-06-12,735,8ed62e29-2624-79ed-ceea-db8d4dbec8e4,18113593000,18113593000,0,True
2019-06-13,2019-06-13,736,7f203bfd-a10b-7e30-3db1-87524114bae4,18101664865,18101664865,0,True
2019-06-14,2019-06-14,737,4acf616b-2b09-e3b1-5fd8-ade2349a4dad,17964545181,17964545181,0,True
2019-06-15,2019-06-15,738,2ccaca58-9c49-6e32-47e0-34c16794c69a,17964933893,17964933893,0,True
2019-06-16,2019-06-16,740,8281b21e-2338-aa03-8240-0b320bc494b8,16821349955,16821349955,0,True
2019-06-17,2019-06-17,741,4a66e1e1-1d59-55be-28e3-4860f904e668,17230901290,17230901290,0,True
2019-06-18,2019-06-18,742,47cdd46e-5ca7-9320-21ad-d04a474eb0c1,17268346770,17268346770,0,True
2019-06-19,2019-06-19,743,b2d8e5e5-5578-c861-1414-b71c4ddf38ee,17587906548,17587906548,0,True
2019-06-20,2019-06-20,745,4d2ca573-27f3-ba74-5ab2-86c1e89ace01,17721375056,17721375056,0,True
2019-06-21,2019-06-21,746,0d0314f9-3ea2-fda9-36a8-46956f819af9,16651296185,16651296185,0,True
2019-06-22,2019-06-22,747,3435b352-c309-d9da-8d6d-a701beccf318,16300570278,16300570278,0,True
2019-06-23,2019-06-23,748,71b1d855-2865-3a39-3cbd-374988a6d717,16391948342,16391948342,0,True
2019-06-24,2019-06-24,750,93b1b982-2fd6-96b2-75f9-43e9632d38c1,16583894730,16583894730,0,True
2019-06-25,2019-06-25,751,51da5736-9076-989b-f6a8-ff6f70315cb7,16848451137,16848451137,0,True
2019-06-26,2019-06-26,753,f5ed6ca7-785e-0b8e-db96-f4d062203444,15831765884,15831765884,0,True
2019-06-27,2019-06-27,754,857c1f10-278c-7468-6398-ac206ed77861,16874522525,16874522525,0,True
2019-06-28,2019-06-28,756,dbdd70c5-2d5c-e250-ff58-12bc01a30271,16047558859,16047558859,0,True
2019-06-29,2019-06-29,757,5324d3b6-da0f-95bb-1a9a-3e277a483f62,17009379918,17009379918,0,True
2019-06-30,2019-06-30,758,b76b4a18-2ac3-6ab2-b596-2ddb2acc199a,17009382499,17009382499,0,True
2019-07-01,2019-07-01,759,3c341ac5-eae9-5103-7823-695bbf25f08f,17047974147,17047974147,0,True
2019-07-02,2019-07-02,760,17289f09-c514-eaa7-9366-6784a445f79c,16066045737,16066045737,0,True
2019-07-03,2019-07-03,761,39d80259-3e40-49c0-c342-262095400efc,15976257969,15976257969,0,True
2019-07-04,2019-07-04,762,192f4835-48cf-02e5-6f83-e02b9ea50f80,15934595787,15934595787,0,True
2019-07-05,2019-07-05,763,890b9882-2822-2d45-ab9f-20f9d1b02555,17026567556,17026567556,0,True
2019-07-06,2019-07-06,764,d5f423d5-8ede-2650-9ea3-d1b78092ef21,17028597865,17028597865,0,True
2019-07-07,2019-07-07,765,1c0a7a5c-dbf8-01e3-36a9-93df39e958e3,17035619442,17035619442,0,True
2019-07-08,2019-07-08,766,e8159988-b366-a81b-f40f-f62475d08098,17137752131,17137752131,0,True
2019-07-09,2019-07-09,768,2d7f4926-4536-b3d6-7ef6-03d5478a5787,16941636394,16941636394,0,True
2019-07-10,2019-07-10,769,925bb874-2ba4-2aa2-9628-1165f7df735f,17060653191,17060653191,0,True
2019-07-11,2019-07-11,771,01bdc99a-0f85-5493-99e2-c4045bca8087,16421952150,16421952150,0,True
2019-07-12,2019-07-12,772,3d3f1dfc-7c8f-03cd-1ed0-7254c8646836,16784514359,16784514359,0,True
2019-07-13,2019-07-13,773,d878d48d-b315-35bf-21db-be8c4586ca05,16789664408,16789664408,0,True
2019-07-14,2019-07-14,774,ef64566e-0ef6-8321-18d4-f9ac141b0815,16790315725,16790315725,0,True
2019-07-15,2019-07-15,775,78e4d807-c452-5e13-00b4-fbd5bb56dffe,19293020129,19293020129,0,True
2019-07-16,2019-07-16,776,35405037-96a0-a402-8244-7874bb20b546,18156543295,18156543295,0,True
2019-07-17,2019-07-17,777,877d653a-e24a-4b51-1a55-b4a8b1c8af9f,21874140721,21874140721,0,True
2019-07-18,2019-07-18,779,ec93d762-f1d1-2f7f-f0a9-08d2a9f406ed,20158828841,20158828841,0,True
2019-07-19,2019-07-19,781,fa0c5bdb-3379-7497-80d5-51da49d9a870,17721897391,17721897391,0,True
2019-07-20,2019-07-20,782,fd22eda1-0341-5bef-8c2c-aab79b45bf7b,17727713232,17727713232,0,True
2019-07-21,2019-07-21,783,3ad84702-1bb4-4735-d3e5-68cb67b5b50b,17733369416,17733369416,0,True
2019-07-22,2019-07-22,784,83c5eb87-65bc-1e28-cfb3-faa06efe2bbd,18464880794,18464880794,0,True
2019-07-23,2019-07-23,785,76ebfd52-c619-8eb2-8c72-0e4bd41a770d,18464879817,18464879817,0,True
2019-07-24,2019-07-24,786,d87f7c13-0218-c446-bd2f-6251a89f1da9,18469624876,18469624876,0,True
2019-07-25,2019-07-25,787,4ec36538-926b-f87e-44bf-88b3cb7a676a,18685319586,18685319586,0,True
2019-07-26,2019-07-26,788,2fa0a72f-722d-23e4-9f8b-3c5d2b284d7e,19598514339,19598514339,0,True
2019-07-27,2019-07-27,789,e9f1fcdc-1f75-24c2-2156-6c5d7b10d07e,17935055937,17935055937,0,True
2019-07-28,2019-07-28,790,48df6a39-2a93-c155-73b6-8cdc5b9ecb65,17919310593,17919310593,0,True
2019-07-29,2019-07-29,791,c9a6d620-2258-8ae1-6f04-1f34e5d4f14f,17753187230,17753187230,0,True
2019-07-30,2019-07-30,1030,6eb67367-193a-449c-eb2f-3f92654bfdc3,17753188526,17753188526,0,True
2019-07-31,2019-07-31,1031,69adfdfe-b62b-5d30-819c-fcb5513aa47f,17760420693,17760420693,0,True
2019-08-01,2019-08-01,1032,2845eb84-c1b3-07e1-4e05-d986bf2df1dd,16781711238,16781711238,0,True
2019-08-02,2019-08-02,1033,111c11e3-b1ae-a8c9-0505-feb58b1feff6,16773530953,16773530953,0,True
2019-08-03,2019-08-03,792,3b1940d4-b52c-d13b-7e7d-7490a7b752a1,17054111301,17054111301,0,True
2019-08-04,2019-08-04,793,9b619c5b-5705-30a7-ff8f-5dc627bb740a,17054109657,17054109657,0,True
2019-08-05,2019-08-05,794,80381b5a-0ddd-58b1-94b1-ec6ff632d60b,17225946081,17225946081,0,True
2019-08-06,2019-08-06,795,e815a0d4-ac73-ab85-c433-147b05e59b06,17338720493,17338720493,0,True
2019-08-07,2019-08-07,796,c0917b5e-8b28-c61b-78d5-82f9a290fc85,18119035349,18119035349,0,True
2019-08-08,2019-08-08,797,d250746d-afee-8d8a-e286-93612e347303,19112646318,19112646318,0,True
2019-08-09,2019-08-09,798,766d1e9d-0f86-a5d2-c01c-4e8ed2a0d1b4,18470728015,18470728015,0,True
2019-08-10,2019-08-10,799,21ea998d-a963-2b96-1e9b-8317bfc871a9,18665897941,18665897941,0,True
2019-08-11,2019-08-11,800,580dfb82-0f81-3a44-5a72-ade5927b71aa,18665891357,18665891357,0,True
2019-08-12,2019-08-12,801,788ddca4-4b23-09e8-4bb0-b09821a31423,18665889843,18665889843,0,True
2019-08-13,2019-08-13,802,60eb3bfd-f900-1867-76a4-b15724a9c1c1,18665888168,18665888168,0,True
2019-08-14,2019-08-14,803,ae063c5d-49b4-d919-a54e-99de14e3556b,18853395766,18853395766,0,True
2019-08-15,2019-08-15,804,64a97e2d-ca88-1c8e-a629-2523728d578a,19244716980,19244716980,0,True
2019-08-16,2019-08-16,805,90e97ab4-c884-2924-a66e-a04a581c06b0,19477500562,19477500562,0,True
2019-08-17,2019-08-17,806,2a4a27d3-60e4-19fa-5eb2-5d1b19b03a16,19373892635,19373892635,0,True
2019-08-18,2019-08-18,807,917c58e7-bcd1-d572-f614-dd6b7b0a6cce,19481044940,19481044940,0,True
2019-08-19,2019-08-19,808,0189df3a-0526-f5ee-3165-b2f3c10fcd9a,18560093613,18560093613,0,True
2019-08-20,2019-08-20,809,d1f1c587-f7b7-880b-9a49-5f87a74e78fc,18850993105,18850993105,0,True
2019-08-21,2019-08-21,810,475f988a-cf50-78ad-dbf4-66f4a17cb0ff,19654313491,19654313491,0,True
2019-08-22,2019-08-22,811,f9d6c8ac-fd6f-fbdb-1b68-6acb3209918a,19745567769,19745567769,0,True
2019-08-23,2019-08-23,812,a1d67a1d-f659-ccff-d39b-4cbba57c7722,20078987986,20078987986,0,True
2019-08-24,2019-08-24,813,0f887e94-6db0-ec24-6e15-9038d5f6e447,20581567115,20581567115,0,True
2019-08-25,2019-08-25,814,c06609f6-50b7-2743-3845-c905d9235395,20590949391,20590949391,0,True
2019-08-26,2019-08-26,815,cb07fc2d-27f5-82af-5348-4236458f13c4,21833110640,21833110640,0,True
2019-08-27,2019-08-27,816,0566bdd5-4165-6b7b-5586-75475f549c64,21842497394,21842497394,0,True
2019-08-28,2019-08-28,817,0132b6a9-2802-c36f-3caa-b7e6579b1ad0,21321197583,21321197583,0,True
2019-08-29,2019-08-29,818,5794ae28-5869-5ef4-3e24-80314f6459d7,21686384417,21686384417,0,True
2019-08-30,2019-08-30,819,101bb38d-a71a-071b-9f05-ce550243bd20,21672906138,21672906138,0,True
2019-08-31,2019-08-31,820,3f806d64-6d8e-2dc3-4973-1b96ee232c2f,21663190996,21663190996,0,True
2019-09-01,2019-09-01,821,abbff491-d3d4-6b38-9468-38a6b460cbcc,21222222008,21222222008,0,True
2019-09-02,2019-09-02,822,20fce544-e1cc-de81-8fd1-eb4af5cea533,21222223324,21222223324,0,True
2019-09-03,2019-09-03,823,de7ac6b2-b021-5008-bfc8-a9cdf0fe016f,21222223857,21222223857,0,True
2019-09-04,2019-09-04,824,61c05eee-efd0-1fc1-86d9-2d2c42d766db,21508539002,21508539002,0,True
2019-09-05,2019-09-05,826,ae3319f9-e3c5-cf6c-21f7-6b9da97644fe,21673173067,21673173067,0,True
2019-09-06,2019-09-06,829,56a11f0a-9a01-55a3-70c8-92d370430443,20060179079,20060179079,0,True
2019-09-07,2019-09-07,830,81277d7a-c9d0-2cd4-a93f-240b28547449,20986852565,20986852565,0,True
2019-09-08,2019-09-08,831,53551da1-a88e-56e6-ef9b-2834de3b5766,20798021456,20798021456,0,True
2019-09-09,2019-09-09,833,0a9441ba-9514-f041-3955-8174773d1b7e,20001975618,20001975618,0,True
2019-09-10,2019-09-10,834,848320e9-fd38-0d06-2f21-d74e57489949,19966883489,19966883489,0,True
2019-09-11,2019-09-11,835,93471337-d1c6-1d65-f85a-f6e71b74efbc,20020086971,20020086971,0,True
2019-09-12,2019-09-12,836,8f5b4683-9ced-d8c1-e501-a54bd3760644,19931497251,19931497251,0,True
2019-09-13,2019-09-13,837,01f8db0f-7ee0-1315-7ddf-bd5db84268ce,19931498775,19931498775,0,True
2019-09-14,2019-09-14,838,2ef770cd-8208-9448-8478-977896c3e08e,19931500881,19931500881,0,True
2019-09-15,2019-09-15,839,bb3da23c-83a7-4749-e43b-5320423d611b,19931503287,19931503287,0,True
2019-09-16,2019-09-16,840,2b566c5c-5bc4-1db6-1a56-07360e3a9a7f,19931505433,19931505433,0,True
2019-09-17,2019-09-17,841,423c5759-f5fe-ed17-1cbb-9b52c666121f,19931508145,19931508145,0,True
2019-09-18,2019-09-18,842,75038582-342e-ee67-33a9-3ecaa0de0e0e,19931510428,19931510428,0,True
2019-09-19,2019-09-19,843,fb9385c8-c61b-a50f-85fa-caab30afad1e,19763510351,19763510351,0,True
2019-09-20,2019-09-20,844,e1c60552-3ccc-47f3-5f71-63e6c89fd6b7,19773583386,19773583386,0,True
2019-09-21,2019-09-21,845,1b101229-ea9e-f655-8ca9-11b9656f76a8,19698498554,19698498554,0,True
2019-09-22,2019-09-22,846,9c14819a-e23e-7f5b-4978-3f4e159e74bb,19698496822,19698496822,0,True
2019-09-23,2019-09-23,847,fe2d6500-3d17-6310-b2fd-d46801fa3248,19703364838,19703364838,0,True
2019-09-24,2019-09-24,848,a61cd4dc-2e97-a15f-3eda-9b45e55085f2,19940972792,19940972792,0,True
2019-09-25,2019-09-25,849,c062d342-f67e-1279-ff0b-14ee8f9c7f2a,20314323927,20314323927,0,True
2019-09-26,2019-09-26,850,2507521d-3197-5b71-46a7-ddbe669396d8,20333413167,20333413167,0,True
2019-09-27,2019-09-27,851,b7576411-79b4-8aba-e793-692cc1934bb0,22732156135,22732156135,0,True
2019-09-28,2019-09-28,852,305db363-d468-3309-d8d3-29ae4a600184,22734253855,22734253855,0,True
2019-09-29,2019-09-29,853,b777dedf-1985-44f8-b18e-2c92de211840,22117858486,22117858486,0,True
2019-09-30,2019-09-30,854,a9a35b0a-fb61-8e72-636d-15e2d95b3bcb,22357063439,22357063439,0,True
2019-10-01,2019-10-01,855,ff94a8b8-d987-9967-bcf2-ebf50f68d347,21891465588,21891465588,0,True
2019-10-02,2019-10-02,856,b7e31929-4755-2a5d-bb4e-69eddcd39ea4,21891464023,21891464023,0,True
2019-10-03,2019-10-03,857,68080d3d-e12a-918f-9fee-e99476178d74,21891464356,21891464356,0,True
2019-10-04,2019-10-04,858,85501949-078b-af4e-4d72-03df3fec9d54,21891463013,21891463013,0,True
2019-10-05,2019-10-05,859,5258e554-ec08-5efa-026a-71c013af940b,21891461936,21891461936,0,True
2019-10-06,2019-10-06,860,c765e897-3662-860b-d490-a76f3955ffc1,21891462883,21891462883,0,True
2019-10-07,2019-10-07,861,5d0cdc9c-c45e-f78d-a538-cb8297eb5825,22684393993,22684393993,0,True
2019-10-08,2019-10-08,862,0aeefccf-2a58-8094-814a-d35d87a6507f,22896422957,22896422957,0,True
2019-10-09,2019-10-09,863,b2b0bb48-bbea-9f05-f7ac-3ee7a8d799bb,22903777806,22903777806,0,True
2019-10-10,2019-10-10,864,4447b646-3fe0-99e2-4261-a42837ae176b,21894133300,21894133300,0,True
2019-10-11,2019-10-11,865,209e6b8a-7a6a-386f-8ecd-0d6c9e2d12e0,21961700105,21961700105,0,True
2019-10-12,2019-10-12,866,5cf5d642-b403-ffcd-a4a3-4a1344fc8efd,21961698314,21961698314,0,True
2019-10-13,2019-10-13,867,c342f1ee-7e5c-bcbe-b66d-e58147268582,21946112173,21946112173,0,True
2019-10-14,2019-10-14,868,e3376e6b-17b7-3c04-8990-36b919d38959,22226802011,22226802011,0,True
2019-10-15,2019-10-15,869,a37e5c05-5d55-60ff-d83d-65c1f27a7bb2,22530794554,22530794554,0,True
2019-10-16,2019-10-16,870,8a7c6d27-decf-bfa1-94cb-94dd574ff17c,22172844923,22172844923,0,True
2019-10-17,2019-10-17,871,1a095ea5-2236-8929-2039-7a76dea8784f,22172843057,22172843057,0,True
2019-10-18,2019-10-18,872,f01a9111-8b31-483d-d684-71ac7b14ea6c,22644093330,22644093330,0,True
2019-10-19,2019-10-19,873,17be9358-37d3-8c7d-653f-637093a76d0f,22644093054,22644093054,0,True
2019-10-20,2019-10-20,874,8d8324ff-31ca-b535-71b9-2a67d810860e,22644094953,22644094953,0,True
2019-10-21,2019-10-21,875,5328176b-4454-ec48-53f8-35e51463dffb,22730015774,22730015774,0,True
2019-10-22,2019-10-22,876,f9380bd4-c101-882e-f661-650d5be1ad68,22712853105,22712853105,0,True
2019-10-23,2019-10-23,877,cc3f56a6-20ba-87e5-85fb-3372ae2a6508,22720229360,22720229360,0,True
2019-10-24,2019-10-24,878,3b6194a0-61c6-9052-049f-a537bcff40d1,25318274235,25318274235,0,True
2019-10-25,2019-10-25,879,1405109c-c020-1961-65bd-4a3b8ed62028,25478053139,25478053139,0,True
2019-10-26,2019-10-26,880,cb44159c-3b07-1556-5577-a9768c8ae0eb,20957527144,20957527144,0,True
2019-10-27,2019-10-27,881,6b4ec16a-cdfc-f987-9923-59113f3b357a,21198303735,21198303735,0,True
2019-10-28,2019-10-28,882,d01ac931-2045-95fd-5d61-32ee0cee8d61,22032610037,22032610037,0,True
2019-10-29,2019-10-29,883,140ab058-0cac-ca6d-840e-e1d981d0372b,22304683275,22304683275,0,True
2019-10-30,2019-10-30,884,32acb8eb-428f-243a-ebff-bc9dc862e892,21807686311,21807686311,0,True
2019-10-31,2019-10-31,885,5ec6b8d6-3ae7-efb8-9b54-26c3f211e8d2,21474861312,21474861312,0,True
2019-11-01,2019-11-01,886,69df75c5-09a0-9107-2cb6-dc19b421815f,21474859683,21474859683,0,True
2019-11-02,2019-11-02,887,16e645ce-4504-f0d4-c272-cbcacce961d5,21474858064,21474858064,0,True
2019-11-03,2019-11-03,888,7f13dbe0-19fe-f26d-2a43-19b7eabe4667,21474477066,21474477066,0,True
2019-11-04,2019-11-04,889,ab428960-48c0-6fbd-cfd8-fb587f8fcf19,21474478715,21474478715,0,True
2019-11-05,2019-11-05,890,eefe2bb4-9bf5-5881-7468-baf2b59f4077,21474480939,21474480939,0,True
2019-11-06,2019-11-06,891,83e808ab-15ae-78de-6c64-b21f9019819d,21474484593,21474484593,0,True
2019-11-07,2019-11-07,892,243ea36c-bb62-3c54-810d-e4896e9908fe,21484010809,21484010809,0,True
2019-11-08,2019-11-08,893,45f72135-e349-62ce-da6c-2ae46bb4a5a9,21912222305,21912222305,0,True
2019-11-09,2019-11-09,894,fb86a8c8-cfe4-b4ec-c23f-04c778372a66,22846783365,22846783365,0,True
2019-11-10,2019-11-10,895,46d37e8a-834e-bbb7-f794-d2d9c02cc6de,22846785114,22846785114,0,True
2019-11-11,2019-11-11,896,b59c155d-48a0-9d3b-8af1-e7f725635fbf,22874585096,22874585096,0,True
2019-11-12,2019-11-12,897,778b6c78-715f-0399-9edf-29b6962f211d,22934648885,22934648885,0,True
2019-11-13,2019-11-13,898,900274bb-d92f-936a-844a-09d0646ecf9f,23045947305,23045947305,0,True
2019-11-14,2019-11-14,899,0d01f3ce-d8e8-f101-c9d3-97d0c364077f,22936870511,22936870511,0,True
2019-11-15,2019-11-15,900,92c48e98-8574-3b9b-8dfd-413110ea3a1b,22940534935,22940534935,0,True
2019-11-16,2019-11-16,901,54321b03-2bd8-7ad2-425d-caf5ff6b94e6,23193938601,23193938601,0,True
2019-11-17,2019-11-17,902,96f0a7f9-b949-5ba9-e4e1-27337f03884a,23193940414,23193940414,0,True
2019-11-18,2019-11-18,903,0b1b069b-dfb0-c83a-1d47-7bf3a4579b2e,23065757434,23065757434,0,True
2019-11-19,2019-11-19,904,7e9e3535-cb10-45ea-f8ec-50041ce2f748,23285210216,23285210216,0,True
2019-11-20,2019-11-20,905,923ee6ba-1388-d55e-1fc9-cb1e0f79c206,23734329373,23734329373,0,True
2019-11-21,2019-11-21,906,2d159339-5e16-0e58-31b7-381e74aba416,23883874053,23883874053,0,True
2019-11-22,2019-11-22,907,1f471958-19be-368d-5851-d87cb6af4004,27121279699,27121279699,0,True
2019-11-23,2019-11-23,908,80391c4f-cb3b-b14c-3b41-3931dc94a46b,27101557686,27101557686,0,True
2019-11-24,2019-11-24,909,1568cd7d-bd6e-163a-a665-fd794a468979,27292653285,27292653285,0,True
2019-11-25,2019-11-25,910,c3fa7f02-c5bc-dbdd-6f20-3b3089b05975,30183869016,30183869016,0,True
2019-11-26,2019-11-26,911,47e5adbf-e910-88f9-c93d-e744754982bf,30099730987,30099730987,0,True
2019-11-27,2019-11-27,912,a5a8d722-d9e8-8dbb-2148-7c5044d0a82c,30012060748,30012060748,0,True
2019-11-28,2019-11-28,913,6acd5c8f-a65d-9d99-4be0-43a228b32294,30373500207,30373500207,0,True
2019-11-29,2019-11-29,914,85f7b4ed-c3f7-833f-eb02-d2427d6ff6ab,31654816234,31654816234,0,True
2019-11-30,2019-11-30,915,c3b0b8df-ffb9-11bb-3c0a-2cc8d6cd9243,30885668410,30885668410,0,True
2019-12-01,2019-12-01,916,b0d9f998-5934-31d7-9aed-6329806aff22,32247259551,32247259551,0,True
2019-12-02,2019-12-02,917,b0c79475-88c8-34dc-5811-a7d394b2b63b,32434020485,32434020485,0,True
2019-12-03,2019-12-03,918,b7036190-5633-7007-e58f-625ea9a364da,32889374352,32889374352,0,True
2019-12-04,2019-12-04,919,cd397714-093c-19e0-b048-cc057de7169f,33041251371,33041251371,0,True
2019-12-05,2019-12-05,920,3c275bcb-c1df-9cda-16bd-b2dc54585320,33141073544,33141073544,0,True
2019-12-06,2019-12-06,921,44052218-6e75-5217-d2c7-3fbee0fdfe84,33082740814,33082740814,0,True
2019-12-07,2019-12-07,922,0627d9d0-c1fa-d502-072d-2d6f0f410eeb,32687651784,32687651784,0,True
2019-12-08,2019-12-08,923,3bde0bfb-3b97-d4b0-79a1-915459b539a3,32687654046,32687654046,0,True
2019-12-09,2019-12-09,924,c0190f2e-9c91-33a0-d22f-e67e9e85b4c6,32667327548,32667327548,0,True
2019-12-10,2019-12-10,926,22bf2e1a-fa26-e806-9fbe-ed6364161a50,32922516959,32922516959,0,True
2019-12-11,2019-12-11,928,f33929ef-97a8-d865-1a09-81cc6e225caa,36058024765,36058024765,0,True
2019-12-12,2019-12-12,929,79887325-1eed-e658-db72-76eb90078b25,36182131368,36182131368,0,True
2019-12-13,2019-12-13,930,269c99c5-a352-3faa-d38f-4eb3a2ba07cb,36199775154,36199775154,0,True
2019-12-14,2019-12-14,931,87c97a0e-6705-5e9d-8a11-b8739c383d4f,36199778346,36199778346,0,True
2019-12-15,2019-12-15,932,3cd2877a-3936-8e4b-8ec1-5c22445f5b02,36199772616,36199772616,0,True
2019-12-16,2019-12-16,933,b2771d85-6e1a-a704-4077-962342cb26fb,36291756483,36291756483,0,True
2019-12-17,2019-12-17,934,ad64db87-32df-0e6c-4687-617e2da7bda2,35927999194,35927999194,0,True
2019-12-18,2019-12-18,935,290f0313-5611-9dda-0af3-1e05e2b3a074,37458752374,37458752374,0,True
2019-12-19,2019-12-19,936,70f188ba-7f2c-0960-00e4-eadc384c2672,37108255735,37108255735,0,True
2019-12-20,2019-12-20,937,ccb7dfaa-ec69-b088-3bd4-937087916629,37670976248,37670976248,0,True
2019-12-21,2019-12-21,938,f29f64af-2653-0d7e-ce8b-4566361b6809,37761426271,37761426271,0,True
2019-12-22,2019-12-22,939,e9c70346-ca44-2bc9-08f2-21da64e50379,37793955145,37793955145,0,True
2019-12-23,2019-12-23,940,53f632ee-ddbc-090f-b7b6-0fc10f57a2a7,37793953204,37793953204,0,True
2019-12-24,2019-12-24,941,3f08ebba-02f2-9465-e32e-255368fb7a23,37576830666,37576830666,0,True
2019-12-25,2019-12-25,942,78966f0d-530e-1311-4455-5fb82f419818,38103513058,38103513058,0,True
2019-12-26,2019-12-26,943,1244fa06-7263-ba87-5252-394ff040f1da,38042678904,38042678904,0,True
2019-12-27,2019-12-27,944,5805bab6-6bdf-ffa2-e714-aab18defacda,38042682001,38042682001,0,True
2019-12-28,2019-12-28,945,2b307911-abfe-373d-aa64-6a151237028b,38154271912,38154271912,0,True
2019-12-29,2019-12-29,946,83e5eb20-e5c6-712a-9904-eb0a717c54c2,38154270869,38154270869,0,True
2019-12-30,2019-12-30,947,fc3d383b-c15a-1cca-5633-e3c6cda71db5,38125226241,38125226241,0,True
2019-12-31,2019-12-31,948,736c1e7d-3180-c855-1993-9cf505f15fad,37715064658,37715064658,0,True
2020-01-01,2020-01-01,1339,646e8433-13e6-df8e-4136-862681f98e7d,37813876770,37813876770,0,True
2020-01-02,2020-01-02,1340,f13fb2b0-c1fc-bfb3-dfd3-038d1b75a0eb,37793408367,37793408367,0,True
2020-01-03,2020-01-03,1341,8cfabab4-929e-7e29-70be-a14a8d4e7143,38883597035,38883597035,0,True
2020-01-04,2020-01-04,1342,5d09338f-c894-b1d2-1231-604b7d6a3a61,39728864733,39728864733,0,True
2020-01-05,2020-01-05,1343,744ffe94-139f-9c4c-c2fd-088050847f2e,40587738799,40587738799,0,True
2020-01-06,2020-01-06,1344,15d67673-b6ab-1ad8-aca7-cb83e99c2ab8,40901105430,40901105430,0,True
2020-01-07,2020-01-07,1345,41101cbf-3712-f660-a7bf-b490309386d0,39611655230,39611655230,0,True
2020-01-08,2020-01-08,1347,e1caa803-da10-980a-d917-68da71cea11a,37965833472,37965833472,0,True
2020-01-09,2020-01-09,1348,57e09e84-4afb-8aac-bd00-69af152e6563,41336705148,41336705148,0,True
2020-01-10,2020-01-10,1349,d9692e32-dd96-d4ba-22b0-42fd0f807569,41665284337,41665284337,0,True
2020-01-11,2020-01-11,1351,4f5edbbe-ee22-aee8-4718-07bbc8092029,40068510382,40068510382,0,True
2020-01-12,2020-01-12,1352,e27e10e8-817d-c0bd-29a1-a85648b5f275,40005463901,40005463901,0,True
2020-01-13,2020-01-13,1353,a5abcc17-c7f9-0aab-54a7-86d4da8671eb,40005462588,40005462588,0,True
2020-01-14,2020-01-14,1354,8f17f1a0-acb4-2ab0-3884-033c1fd39bb0,40005687724,40005687724,0,True
2020-01-15,2020-01-15,1356,53148042-e747-d296-c5a7-a5214f5fc1f1,40125678574,40125678574,0,True
2020-01-16,2020-01-16,1358,192b55bb-724e-0c2a-76bb-99686bee790e,40207134786,40207134786,0,True
2020-01-17,2020-01-17,1362,1a7ecc88-6792-490e-d20c-1c39d6958b34,35584393312,35584393312,0,True
2020-01-18,2020-01-18,1363,855f2298-f052-5b96-3ca5-2431872195bc,35938803621,35938803621,0,True
2020-01-19,2020-01-19,1364,d96be89a-6a13-135c-bf2a-2dcb059b65d9,38045154380,38045154380,0,True
2020-01-20,2020-01-20,1365,449c2666-e474-bb68-2b0a-525e8b0fb60a,38460613004,38460613004,0,True
2020-01-21,2020-01-21,1367,28f62b66-700a-cd18-9c26-b7b59ebb0c86,40144268331,40144268331,0,True
2020-01-22,2020-01-22,1369,0f365394-723a-b202-797e-ae8eddabe366,40201532366,40201532366,0,True
2020-01-23,2020-01-23,1370,3b646d88-c477-356f-c720-b2b915c9bd88,42663565921,42663565921,0,True
2020-01-24,2020-01-24,1371,1ed8bdc7-0cc9-e8be-1b57-d43da8d1a507,42564699842,42564699842,0,True
2020-01-25,2020-01-25,1372,b2a6f264-cec4-6d8c-2802-a6218ed24d7c,42216185839,42216185839,0,True
2020-01-26,2020-01-26,1373,e2476f1c-4e6e-0d41-1ee0-5f0eab5ba979,42216186822,42216186822,0,True
2020-01-27,2020-01-27,1374,5a3ef20b-081c-8d29-a003-9261b3e9523c,42228331803,42228331803,0,True
2020-01-28,2020-01-28,1375,1ceb3faf-8a22-5e8f-b3c7-69106c63f11b,41176133255,41176133255,0,True
2020-01-29,2020-01-29,1377,07f121cb-3b7b-d154-a3e6-4fccc8c63f6c,43080058368,43080058368,0,True
2020-01-30,2020-01-30,1378,f49dc02e-951a-d635-f237-258fedae8ba4,43071742077,43071742077,0,True
2020-01-31,2020-01-31,1380,573b9f70-8582-b109-dc37-21c999c00014,42990594783,42990594783,0,True
2020-02-01,2020-02-01,1381,beb5e7ab-64f5-54e2-2a39-6c75869cf868,43335510420,43335510420,0,True
2020-02-02,2020-02-02,1382,dc1ae401-f39f-9822-5075-69b1eeb494e7,43504473578,43504473578,0,True
2020-02-03,2020-02-03,1383,965a9864-3082-fbdc-e1e7-b10b112041d8,43636978976,43636978976,0,True
2020-02-04,2020-02-04,1384,8d37ddc1-e9f8-bd10-118e-e19aad4fba1f,43997461038,43997461038,0,True
2020-02-05,2020-02-05,1386,62853919-b597-c6a6-320b-70d54b5503e9,44657658595,44657658595,0,True
2020-02-06,2020-02-06,1388,85f6f086-2575-749b-45fd-b24ebc23b3be,44511930639,44511930639,0,True
2020-02-07,2020-02-07,1389,f8773dfb-9181-e2a9-4344-6b5b86cab80e,44542161293,44542161293,0,True
2020-02-08,2020-02-08,1390,a256edcc-877a-8dd7-fb4b-6e2c1782b692,44569414971,44569414971,0,True
2020-02-09,2020-02-09,1391,d17253d1-9a12-2bb9-a90b-b798ecdf83fb,43398549152,43398549152,0,True
2020-02-10,2020-02-10,1392,2fe8393d-e76b-8696-f521-7f3f33b800d0,44264905477,44264905477,0,True
2020-02-11,2020-02-11,1393,4a5fd815-5a27-76e2-4c02-b84e8f8a3749,44433360104,44433360104,0,True
2020-02-12,2020-02-12,1394,b1166cc6-e18d-c726-8be2-8d4767f4b5be,45334692672,45334692672,0,True
2020-02-13,2020-02-13,1396,dc5e988d-d703-dd14-3e17-852e6e3852f0,45500273267,45500273267,0,True
2020-02-14,2020-02-14,1397,251c35a6-8020-af1e-bb2f-89635d1580f4,45309536189,45309536189,0,True
2020-02-15,2020-02-15,1035,76587cdd-7a04-8d0e-6cda-c6c4faca6b1d,40220969135,40220969135,0,True
2020-02-16,2020-02-16,1036,534e0faf-4f48-87c0-3348-1f4acc955243,41328449719,41328449719,0,True
2020-02-17,2020-02-17,1038,7da70c58-cfc8-0067-b088-ab70270e3da0,41354930537,41354930537,0,True
2020-02-18,2020-02-18,1040,bcbe5196-7b3e-1688-d35c-d18519c57dbf,39631602799,39631602799,0,True
2020-02-19,2020-02-19,1041,27752560-f881-1250-ad8d-9e2dc2b7f9c2,39629553312,39629553312,0,True
2020-02-20,2020-02-20,1042,d8e6e879-7a46-3bb5-87a1-f7c98b778a2c,39631400583,39631400583,0,True
2020-02-21,2020-02-21,1043,36379c85-8c37-fb9a-eab2-510c61f4a6f4,39657585714,39657585714,0,True
2020-02-22,2020-02-22,1044,15af72ce-b378-d83e-06da-0dbb06e7c82b,39685440560,39685440560,0,True
2020-02-23,2020-02-23,1045,b70dadb6-8254-db85-64f8-df7d750ef95b,39713230605,39713230605,0,True
2020-02-24,2020-02-24,1046,f410736b-1010-6fc2-a869-236ce9f80978,39115608009,39115608009,0,True
2020-02-25,2020-02-25,1047,020ce437-fd72-ce70-5c20-05445564aff5,39392058867,39392058867,0,True
2020-02-26,2020-02-26,1049,21cc6924-fcdf-3f00-d01e-619e85beec85,39408243966,39408243966,0,True
2020-02-27,2020-02-27,1051,b22b4e3a-4873-1125-80c2-dde4a9e78d43,38055722272,38055722272,0,True
2020-02-28,2020-02-28,1052,63304d3e-434d-7924-3a84-c6285843c92d,38568601374,38568601374,0,True
2020-02-29,2020-02-29,1053,62f25e07-fcc9-420d-5249-3a941a8d4473,41759713821,41759713821,0,True
2020-03-01,2020-03-01,1054,b18a0ad4-81cc-6f17-6754-24845bc2fc7f,42128224689,42128224689,0,True
2020-03-02,2020-03-02,1055,23ba7dd3-91c2-8b2d-6fa6-505520928117,42323150859,42323150859,0,True
2020-03-03,2020-03-03,1056,c26c22fb-0a2a-0fa7-fffc-d1823bd5f695,42354306841,42354306841,0,True
2020-03-04,2020-03-04,1057,96fc510c-330a-0ca0-5067-de6bcd2b5678,42356930176,42356930176,0,True
2020-03-05,2020-03-05,1058,376d0921-4d71-96fd-0f94-2875ce7d741c,39216194557,39216194557,0,True
2020-03-06,2020-03-06,1059,467a41cc-e874-73ce-151a-63d0ac04109d,39245946381,39245946381,0,True
2020-03-07,2020-03-07,1060,c3261d8f-70b2-0071-a56d-bba99292710d,39126322037,39126322037,0,True
2020-03-08,2020-03-08,1061,cc603f72-2f38-dcb2-4683-ae5c4e394348,39136412476,39136412476,0,True
2020-03-09,2020-03-09,1062,2397faae-ecef-4768-42ab-d31785d25eb0,41522447632,41522447632,0,True
2020-03-10,2020-03-10,1063,f130569f-dc3e-b945-31da-c30293a650f9,41815862102,41815862102,0,True
2020-03-11,2020-03-11,1064,c6c960e5-7d4d-7932-7b9c-0545b89d863b,42954589783,42954589783,0,True
2020-03-12,2020-03-12,1065,25007d41-5347-cb64-fafb-34acb62d2f1a,40706120367,40706120367,0,True
2020-03-13,2020-03-13,1068,18494e84-ed95-4124-23bc-4bb91d863644,63258715842,63258715842,0,True
2020-03-14,2020-03-14,1398,ca218e6c-90de-b4e8-47f6-10ef509dd490,60128002197,60128002197,0,True
2020-03-15,2020-03-15,1400,df17ef2e-6b97-e720-fe99-3989f6bcf06a,59206079846,59206079846,0,True
2020-03-16,2020-03-16,1401,80605d76-8860-a75d-0175-449cd3f0b88c,57125485186,57125485186,0,True
2020-03-17,2020-03-17,1069,eff41d70-68fd-f18b-c5e3-173529516005,59301821611,59301821611,0,True
2020-03-18,2020-03-18,1070,82821c29-1976-e51e-a8e1-1e93ef94bb48,60153405762,60153405762,0,True
2020-03-19,2020-03-19,1071,de4bd365-328c-3074-7690-20e1618faa97,57559320299,57559320299,0,True
2020-03-20,2020-03-20,1072,1cf33cbf-19c0-a87d-9520-c8755321ea15,49674142169,49674142169,0,True
2020-03-21,2020-03-21,1073,a0f29da1-07c1-5cbc-d37e-e65cf48897e4,49871632466,49871632466,0,True
2020-03-22,2020-03-22,1074,a1ca218d-799e-a1fa-77d3-a5abb6ca0ec4,52426507874,52426507874,0,True
2020-03-23,2020-03-23,1075,90acc199-706c-f6a8-65b2-a103587b596c,57094656318,57094656318,0,True
2020-03-24,2020-03-24,1077,b747a4d5-5796-9b34-e2d8-173ceabb1cb3,52643570723,52643570723,0,True
2020-03-25,2020-03-25,1078,5fbc7ab0-bee3-4d63-1c53-226e4ddff683,52779220360,52779220360,0,True
2020-03-26,2020-03-26,1079,244c19c4-59df-3dd0-b936-a32728ed5367,52716269586,52716269586,0,True
2020-03-27,2020-03-27,1081,3c0bb903-2eeb-3399-7515-048828f30f60,51689787490,51689787490,0,True
2020-03-28,2020-03-28,1082,fb71d66a-0b48-0275-bea4-165a29830795,55087400531,55087400531,0,True
2020-03-29,2020-03-29,1083,fb18a586-da77-b984-fc16-d5cbab373bb5,55352068325,55352068325,0,True
2020-03-30,2020-03-30,1084,a8ce1378-aac5-896a-e279-ed05ea184efa,61483121419,61483121419,0,True
2020-03-31,2020-03-31,1085,70f0d530-6dd7-8317-1962-4770fbb8620a,61691385458,61691385458,0,True
2020-04-01,2020-04-01,1086,38ec75fe-dc5a-3f8a-a1cd-61b34461c570,62326535033,62326535033,0,True
2020-04-02,2020-04-02,1087,d202b9a5-3a82-1f35-e68e-3397a4afe2d1,62257935603,62257935603,0,True
2020-04-03,2020-04-03,1088,bf2b9f0f-f424-7fe1-4450-e6f566b789ba,51255072659,51255072659,0,True
2020-04-04,2020-04-04,1089,b569b2cd-cdb8-71b8-18eb-61aa413ad4d9,51164540151,51164540151,0,True
2020-04-05,2020-04-05,1090,6d0ccd05-b3b2-70d7-59cd-3560e4b244bf,51100405542,51100405542,0,True
2020-04-06,2020-04-06,1091,7257014f-698a-cb13-d40e-d47a44c01eac,48120805790,48120805790,0,True
2020-04-07,2020-04-07,1092,fa192714-c898-bc73-a275-7a439638538e,48135237360,48135237360,0,True
2020-04-08,2020-04-08,1093,bfd6cd6e-667d-aae9-db4e-3ab5e1a89978,48283298967,48283298967,0,True
2020-04-09,2020-04-09,1094,0dc50979-5525-71be-af1e-9ff0f17aa48c,47948657283,47948657283,0,True
2020-04-10,2020-04-10,1095,fd04af71-6ed4-398a-be77-8201b8994b0c,49616028253,49616028253,0,True
2020-04-11,2020-04-11,1096,a5c0661f-3b7f-ac65-5919-4285c2646c01,51172079008,51172079008,0,True
2020-04-12,2020-04-12,1097,5a9cd942-bcab-f3e8-b13d-60617bdcc873,51098024720,51098024720,0,True
2020-04-13,2020-04-13,1098,e67602eb-943e-e28e-e826-433fb0a915f3,53327886782,53327886782,0,True
2020-04-14,2020-04-14,1099,2d826f16-3b1a-f7be-3178-f64f84fc9f97,53911136725,53911136725,0,True
2020-04-15,2020-04-15,1100,5b39ed39-450f-6a32-51b3-276e81336f3a,53929142780,53929142780,0,True
2020-04-16,2020-04-16,1101,8cddee72-038d-018e-c91f-3e0f8b0b8970,52647556326,52647556326,0,True
2020-04-17,2020-04-17,1102,6b221b9f-3e42-f5d7-d4b0-3dbd714cd767,53320475702,53320475702,0,True
2020-04-18,2020-04-18,1103,24e3f07f-b400-a601-a3ae-425521250019,53320474896,53320474896,0,True
2020-04-19,2020-04-19,1104,b0bcb792-a335-ef81-c388-ca0dab1d2691,53320473862,53320473862,0,True
2020-04-20,2020-04-20,1105,f866fbcb-0a41-6812-682b-b97f5d12437d,53320673564,53320673564,0,True
2020-04-21,2020-04-21,1106,c07ffcf2-358c-2dc9-a671-865c620e72c4,54422523156,54422523156,0,True
2020-04-22,2020-04-22,1107,ac855a27-62f7-02cd-563f-044cd29249e1,54983792901,54983792901,0,True
2020-04-23,2020-04-23,1108,2d5ae76e-93a4-9390-b4b8-da3a731df814,54715143569,54715143569,0,True
2020-04-24,2020-04-24,1109,76782780-9d23-d90c-2630-4c9da8796b4b,54715144054,54715144054,0,True
2020-04-25,2020-04-25,1110,b8f0a082-b98d-effd-ed21-b6e0fd8ee419,54715145762,54715145762,0,True
2020-04-26,2020-04-26,1111,d21540b0-8641-7191-de23-c59a5ffbd89c,54514141028,54514141028,0,True
2020-04-27,2020-04-27,1112,ba7073ee-f334-5ced-e61c-3ea16bfa5388,54806479218,54806479218,0,True
2020-04-28,2020-04-28,1113,d90880d4-da4f-2c7d-8e92-eb8e4eb6ff14,54743176309,54743176309,0,True
2020-04-29,2020-04-29,1114,40fbb3f8-0e11-9e41-626d-19564fff4585,56066015131,56066015131,0,True
2020-04-30,2020-04-30,1115,628addc2-1742-bdbf-3217-7162c7fd825c,56612470225,56612470225,0,True
2020-05-01,2020-05-01,1116,aadbd66c-0342-386f-45af-5d5bb1b5e207,58973883789,58973883789,0,True
2020-05-02,2020-05-02,1118,c5c7c163-2b59-0a93-4ed6-5f27dd64e9e8,53975996555,53975996555,0,True
2020-05-03,2020-05-03,1119,3bc9fd38-8f38-4deb-f5fd-baf2186a05b3,54993139358,54993139358,0,True
2020-05-04,2020-05-04,1120,97603fbe-a180-cadd-d752-2b0384d0c0f9,54683782584,54683782584,0,True
2020-05-05,2020-05-05,1121,3abdd59f-a240-aaae-99b2-e39d90b7a2d4,55689436837,55689436837,0,True
2020-05-06,2020-05-06,1122,735510f2-134e-d697-68af-522ff15549de,56288018408,56288018408,0,True
2020-05-07,2020-05-07,1123,fe6f03a1-ec7a-a2c7-8210-455c63d6ea18,54962207122,54962207122,0,True
2020-05-08,2020-05-08,1124,62bce9c9-deab-445e-1d9d-ca5b4436077b,54960512658,54960512658,0,True
2020-05-09,2020-05-09,1125,726c0737-771b-f697-f93c-f0d25b2b28da,54956010377,54956010377,0,True
2020-05-10,2020-05-10,1126,5d99a33c-7593-6edf-af3c-52a630f9abd5,59873883769,59873883769,0,True
2020-05-11,2020-05-11,1128,01334734-026f-e589-a24a-6a7c1dbd43f5,54848664394,54848664394,0,True
2020-05-12,2020-05-12,1129,841ba5c2-d9ef-4bd0-5e51-8f0c4063270c,52290140958,52290140958,0,True
2020-05-13,2020-05-13,1130,009a89d0-2c20-17c7-0c40-110e965448c5,52290141060,52290141060,0,True
2020-05-14,2020-05-14,1131,ef28e986-c85a-6da4-be19-cf0c4f18a80d,49648405067,49648405067,0,True
2020-05-15,2020-05-15,1132,d5b479ea-afc8-d67e-5ac2-0aea3e8fa6e5,50451073101,50451073101,0,True
2020-05-16,2020-05-16,1133,8571d9f6-bcd7-56ca-edf1-85e850a3b0a0,50451074685,50451074685,0,True
2020-05-17,2020-05-17,1134,4b3b5e29-d43c-ce55-890a-d42885d15b2f,50451076273,50451076273,0,True
2020-05-18,2020-05-18,1135,fdb0b939-aa89-eee6-bcb1-2db88f18b95c,50451078851,50451078851,0,True
2020-05-19,2020-05-19,1136,6f1e5f78-9ef0-4a4a-bb6d-415c86ae9190,49485380258,49485380258,0,True
2020-05-20,2020-05-20,1137,c0e185eb-f80f-7fd8-810b-f2c0b3e262bd,49485357987,49485357987,0,True
2020-05-21,2020-05-21,1138,0b4b2a47-5a83-4824-bcbc-ad89d3866cdc,50401208690,50401208690,0,True
2020-05-22,2020-05-22,1139,9d88ef47-24e1-9a5a-c558-bef166d9093a,53624745952,53624745952,0,True
2020-05-23,2020-05-23,1140,b5550027-884e-b344-0ad2-6bf3b174a32d,53615080619,53615080619,0,True
2020-05-24,2020-05-24,1141,c7084a4c-3366-e571-59e4-f6b1e1cd259e,53567264035,53567264035,0,True
2020-05-25,2020-05-25,1142,e0a17807-53e7-21e6-6528-bff7197d278f,55328512793,55328512793,0,True
2020-05-26,2020-05-26,1143,5ed12025-e244-6c48-218c-3d893be3dfc2,55792560221,55792560221,0,True
2020-05-27,2020-05-27,1144,c0e8a267-d63f-ccec-cdb6-211a983f1dcd,55413469011,55413469011,0,True
2020-05-28,2020-05-28,1145,27eaa326-53f6-edb4-3fec-009b57510ff9,55402122181,55402122181,0,True
2020-05-29,2020-05-29,1146,498c6469-bfd2-d7d7-373c-a2b2121533de,53794146122,53794146122,0,True
2020-05-30,2020-05-30,1147,21cb7922-c3b8-253e-ba46-9f60df284534,53794146275,53794146275,0,True
2020-05-31,2020-05-31,1148,a1275299-0b9a-c05b-5230-3df8efafc654,53794146425,53794146425,0,True
2020-06-01,2020-06-01,1149,dca3ccdb-b59f-6cf8-9193-48202defab49,53794146575,53794146575,0,True
2020-06-02,2020-06-02,1150,ae77f185-e3fd-f8ed-ce89-46661baaf3d8,53769541566,53769541566,0,True
2020-06-03,2020-06-03,1151,67ec3185-dc2e-ed88-ae0d-57c43fe7ecc4,49232223785,49232223785,0,True
2020-06-04,2020-06-04,1152,94e3a43e-e6da-4f0b-618a-bd366f00e6c9,49232223812,49232223812,0,True
2020-06-05,2020-06-05,1153,be8c5c74-3313-079c-9818-8230c644565d,49197908395,49197908395,0,True
2020-06-06,2020-06-06,1154,51933d0d-af71-a849-2689-60bd195fecd5,49976097941,49976097941,0,True
2020-06-07,2020-06-07,1155,ad11124c-e8f0-9091-5abd-f9de4a0a3dd6,49919501403,49919501403,0,True
2020-06-08,2020-06-08,1156,ee1095f3-e580-17d7-36ea-d6b146181bca,49293257472,49293257472,0,True
2020-06-09,2020-06-09,1157,04da80e3-0073-8f85-e12b-fcb7e65bb381,49308694131,49308694131,0,True
2020-06-10,2020-06-10,1158,461c13fc-7238-9328-64d7-7de2c0b6284c,49322555508,49322555508,0,True
2020-06-11,2020-06-11,1159,08e1eb30-35c0-5a92-5ecc-82c22ac6e039,48163801644,48163801644,0,True
2020-06-12,2020-06-12,1160,61c4043d-fc08-cf6f-b0ec-526e7719b49e,48003853700,48003853700,0,True
2020-06-13,2020-06-13,1161,d10431f4-f4cd-cc38-9215-6c9531e25629,48047980868,48047980868,0,True
2020-06-14,2020-06-14,1162,e30a4378-2c7e-ea67-bd78-d182b78b5772,48058767304,48058767304,0,True
2020-06-15,2020-06-15,1163,194e571a-534a-03ff-6301-16575a95e0a7,51844424724,51844424724,0,True
2020-06-16,2020-06-16,1164,07a7319f-923e-293a-80a7-9e442f699d25,52494330730,52494330730,0,True
2020-06-17,2020-06-17,1165,80a5870b-37c8-d0fe-a4c8-d0893dc20d16,52494330057,52494330057,0,True
2020-06-18,2020-06-18,1166,3c7ac043-f6ae-6d07-7212-ed81ae1f659e,52464456553,52464456553,0,True
2020-06-19,2020-06-19,1167,641a190b-b6c8-bef7-1f84-3083d0fa705a,52408172395,52408172395,0,True
2020-06-20,2020-06-20,1168,d1383686-fa1d-21e8-bbc9-3e11ab346075,52388884711,52388884711,0,True
2020-06-21,2020-06-21,1169,04160aa9-52fb-6422-abfb-5fba76ac5df4,52369585027,52369585027,0,True
2020-06-22,2020-06-22,1170,04294d3f-6205-df6d-e485-2ca4ba300654,52306243501,52306243501,0,True
2020-06-23,2020-06-23,1171,60cde446-07b0-38c4-9824-f522d92f2d95,52291743355,52291743355,0,True
2020-06-24,2020-06-24,1172,56510224-72ef-be27-f615-3e41a462d9b8,54140158074,54140158074,0,True
2020-06-25,2020-06-25,1173,d471e4f1-1fa7-e2f2-f3d2-2547d68b3087,55517150136,55517150136,0,True
2020-06-26,2020-06-26,1174,9041db05-090c-41ca-d24a-f687eed0fd95,56540106177,56540106177,0,True
2020-06-27,2020-06-27,1175,735b3e18-fe46-8ee8-7ebc-ea4fdf6e29ea,57390182716,57390182716,0,True
2020-06-28,2020-06-28,1176,7ebb09ff-fa26-02cb-9fbd-aff364c64bd5,58424049856,58424049856,0,True
2020-06-29,2020-06-29,1177,e548f741-ca6d-cb3a-259f-7972b7f7cb24,58424315502,58424315502,0,True
2020-06-30,2020-06-30,1178,3122da04-e54c-8213-f4ae-0f235e7928dc,58497286606,58497286606,0,True
2020-07-01,2020-07-01,1179,6a0c7ff2-970f-ab41-992c-eea718caa9e5,58463758908,58463758908,0,True
2020-07-02,2020-07-02,1180,b963dd0f-02db-8115-0318-dc6a178f5da0,57382523082,57382523082,0,True
2020-07-03,2020-07-03,1181,b0dafb22-4d85-87a5-20f2-1ae89c8e0930,58507326585,58507326585,0,True
2020-07-04,2020-07-04,1182,119f7d70-968f-d5ca-900e-d14070142498,58514839485,58514839485,0,True
2020-07-05,2020-07-05,1183,5242fb0b-eb47-cf50-a7cd-a99bf001e615,58535169993,58535169993,0,True
2020-07-06,2020-07-06,1184,00829c81-6fb3-f253-6490-5fd788a851f5,57554099190,57554099190,0,True
2020-07-07,2020-07-07,1185,60a148c5-c8c8-9ea9-d29a-17e1c5041da2,57549717934,57549717934,0,True
2020-07-08,2020-07-08,1187,191bbf48-3055-8398-71c6-c466b5006cbc,57542796575,57542796575,0,True
2020-07-09,2020-07-09,1189,479b1722-bf05-06ef-5630-b07c74a005ab,57900964912,57900964912,0,True
2020-07-10,2020-07-10,1191,56976bda-b7f9-c052-c03c-f66b96c094d6,56645615631,56645615631,0,True
2020-07-11,2020-07-11,1193,3c114f36-90f9-23f9-bb61-fdfdfbf04e09,56616240091,56616240091,0,True
2020-07-12,2020-07-12,1195,dfc11773-ff95-c42d-efce-5046e22da1f0,56605793802,56605793802,0,True
2020-07-13,2020-07-13,1197,ead36c37-873a-f6b3-646e-294f53e755ed,56598807316,56598807316,0,True
2020-07-14,2020-07-14,1199,c9473036-be9f-7c5e-17f3-6d9f0f6d01e9,56616600412,56616600412,0,True
2020-07-15,2020-07-15,1200,7da18201-60dc-d3c8-5a4a-640fa7144d01,56616601795,56616601795,0,True
2020-07-16,2020-07-16,1201,30faf08a-7368-a122-a75a-6912e01a9ab0,56616603184,56616603184,0,True
2020-07-17,2020-07-17,1202,64e76dd2-c2de-942a-2de8-682d3e19ad37,56616604588,56616604588,0,True
2020-07-18,2020-07-18,1203,371381b3-9a12-d031-67f1-92d34b9ffb02,56616605986,56616605986,0,True
2020-07-19,2020-07-19,1204,7dfd6b1f-868c-2c48-7fd3-c56b48f8832c,56616607014,56616607014,0,True
2020-07-20,2020-07-20,1205,aac99506-fe96-8ab4-c3da-50b068d8a7b6,56616608410,56616608410,0,True
2020-07-21,2020-07-21,1206,e0fc5f14-d556-5f19-04a6-75e319114c29,56611907632,56611907632,0,True
2020-07-22,2020-07-22,1207,7aebea44-951d-540f-3d3d-54b030d9199b,56688923180,56688923180,0,True
2020-07-23,2020-07-23,1208,e16d469c-60fb-20c4-2dec-47c91a61c1ec,56688921743,56688921743,0,True
2020-07-24,2020-07-24,1209,95296919-18f7-23a8-ebd2-b0b44d6f087b,57801131000,57801131000,0,True
2020-07-25,2020-07-25,1210,d7af12af-29ef-cb5f-1b23-05dd209c16ad,58225519823,58225519823,0,True
2020-07-26,2020-07-26,1211,7aa721d0-c9db-9c01-cfd2-64de0db7ec77,58225518421,58225518421,0,True
2020-07-27,2020-07-27,1212,16e2436c-a9eb-3a93-e818-dc3f3a794944,58225513841,58225513841,0,True
2020-07-28,2020-07-28,1213,aaa8aa87-3269-d788-f3b9-b65cd4aad7b3,58615696264,58615696264,0,True
2020-07-29,2020-07-29,1214,08d3653e-c856-1cc9-7608-ae5fb600d08f,59436723764,59436723764,0,True
2020-07-30,2020-07-30,1215,21bebb82-a09e-e559-3886-acf8116d41f1,59945304604,59945304604,0,True
2020-07-31,2020-07-31,1216,e53f104d-14a7-0807-ccbf-c18da3e520b8,59942351831,59942351831,0,True
2020-08-01,2020-08-01,1217,88669c61-9567-a22c-b938-82a5436c7f1b,62763884937,62763884937,0,True
2020-08-02,2020-08-02,1219,a512d147-a01b-be81-1f67-713f46bb89de,59455444741,59455444741,0,True
2020-08-03,2020-08-03,1220,c6191fa3-1739-c48b-4428-68efee3c7f00,59919100603,59919100603,0,True
2020-08-04,2020-08-04,1221,1ede0529-d1bb-9ef9-5114-f158e6b2a897,60529702600,60529702600,0,True
2020-08-05,2020-08-05,1222,665f0637-69cf-7f65-03a1-2130e75bca86,61302973528,61302973528,0,True
2020-08-06,2020-08-06,1223,0d3eea09-81f9-92fe-5a4f-798fa7ac3b78,63683366123,63683366123,0,True
2020-08-07,2020-08-07,1224,ada28c5a-d23f-131e-4e8a-df38e79d6ed4,64613941552,64613941552,0,True
2020-08-08,2020-08-08,1225,50ee9e36-795b-61d4-44ed-98ca5fd62510,66101792135,66101792135,0,True
2020-08-09,2020-08-09,1226,71370b75-0d58-023f-4a21-d8394fbb235d,66053339936,66053339936,0,True
2020-08-10,2020-08-10,1227,0c316211-02de-3967-18fa-2f7079f481ad,66022781315,66022781315,0,True
2020-08-11,2020-08-11,1228,41a3d093-a0de-3db6-d67e-66620564a322,65956111618,65956111618,0,True
2020-08-12,2020-08-12,1229,ac47b97b-3679-ff11-8fb8-6217fae759c1,64852179235,64852179235,0,True
2020-08-13,2020-08-13,1230,21ce59ef-20a0-a6a7-9d02-1aaa0beb3cc3,65992683181,65992683181,0,True
2020-08-14,2020-08-14,1231,1516ac90-47b7-a56c-40b6-49b156a63a04,65992561627,65992561627,0,True
2020-08-15,2020-08-15,1232,2ecd722a-aee4-d5af-ba42-4e06eff42ed9,65992566152,65992566152,0,True
2020-08-16,2020-08-16,1233,b4fc2416-5943-df58-38a7-f4efffa335dd,65992571506,65992571506,0,True
2020-08-17,2020-08-17,1234,4593df22-4425-65f1-b365-18e62cc40368,65992576590,65992576590,0,True
2020-08-18,2020-08-18,1235,5190865d-1566-c022-33cc-8275f9ddec65,65573618034,65573618034,0,True
2020-08-19,2020-08-19,1237,aeb985b8-5eac-37a9-5fc4-a5bf078721ca,62101037156,62101037156,0,True
2020-08-20,2020-08-20,1238,581a4ac1-6b8d-f0f3-ac7a-787a9784d344,63369042740,63369042740,0,True
2020-08-21,2020-08-21,1239,af17237a-3041-e550-8185-d34237102d46,64211137178,64211137178,0,True
2020-08-22,2020-08-22,1240,15c23d3f-cc69-d9c4-0e0d-adf06f05ff75,64192634369,64192634369,0,True
2020-08-23,2020-08-23,1241,533277fd-bea1-18f3-328d-d2c30cf843fa,63693017966,63693017966,0,True
2020-08-24,2020-08-24,1243,37a7389b-3a8f-c383-0dcc-8a126679ee84,59091923915,59091923915,0,True
2020-08-25,2020-08-25,1244,48b3c612-b9cf-747d-0db1-2bbf1d1b67df,59775157935,59775157935,0,True
2020-08-26,2020-08-26,1245,b0719a3d-c9bd-9b21-0964-531bf0ec00f8,62026825213,62026825213,0,True
2020-08-27,2020-08-27,1246,e8007e7b-05d3-310c-cf4f-c3d5a5c4db63,60575793888,60575793888,0,True
2020-08-28,2020-08-28,1247,a119ebd5-2427-e553-4a1a-99b1e07d1417,58051799794,58051799794,0,True
2020-08-29,2020-08-29,1248,3cebb9c5-ce15-b8a6-fc64-0151bd7c7527,58051820025,58051820025,0,True
2020-08-30,2020-08-30,1249,e514827e-9f61-9b34-6d01-f00ae05a1d9a,58128731798,58128731798,0,True
2020-08-31,2020-08-31,1250,b78799ee-438c-e350-364c-b36366bb0cc2,58153219231,58153219231,0,True
2020-09-01,2020-09-01,1251,261ff775-ba24-5a9d-ae5e-756c7634c0a4,58088060361,58088060361,0,True
2020-09-02,2020-09-02,1252,16178a5e-c17f-1d73-a7b8-39bc46815084,63620884616,63620884616,0,True
2020-09-03,2020-09-03,1253,6ac3a8c9-0a43-5e92-cce4-4f5a295af8cc,67349296163,67349296163,0,True
2020-09-04,2020-09-04,1254,ae55f1c9-a082-819d-88a9-d39b604e64f2,72395783838,72395783838,0,True
2020-09-05,2020-09-05,1255,ddb86b8c-ca60-22ee-e6ad-271b75565499,78500023954,78500023954,0,True
2020-09-06,2020-09-06,1256,7943896d-2048-9b64-885c-5db14f2ee547,81207918624,81207918624,0,True
2020-09-07,2020-09-07,1257,e64bcebc-6cc2-9655-985e-07e5e6542610,81343711311,81343711311,0,True
2020-09-08,2020-09-08,1258,9486de3d-739b-f266-e62a-287c92767aa6,81682367517,81682367517,0,True
2020-09-09,2020-09-09,1259,d3143407-0a3d-586c-d8d4-28f443a485e1,77672176183,77672176183,0,True
2020-09-10,2020-09-10,1260,48a5874b-db63-3864-d543-93c5fd8bd3f1,75437032336,75437032336,0,True
2020-09-11,2020-09-11,1261,37e84018-02ab-cb0f-673c-f1b72839c10a,75437034163,75437034163,0,True
2020-09-12,2020-09-12,1262,1c383077-4f71-cc02-1912-e828ef9cbc48,75437034962,75437034962,0,True
2020-09-13,2020-09-13,1263,446928c4-ec8f-f027-a99e-17d057f2f65f,75380946582,75380946582,0,True
2020-09-14,2020-09-14,1264,dd9ca62f-21af-9f44-65eb-18b0a95d8de0,75329185585,75329185585,0,True
2020-09-15,2020-09-15,1265,4abb686c-dce9-862a-3070-1d0e3b6fe231,74433752256,74433752256,0,True
2020-09-16,2020-09-16,1266,5ce333f6-4b4e-8c00-e237-4e8421584d24,74433525023,74433525023,0,True
2020-09-17,2020-09-17,1267,d23d5176-b1e9-cc56-4a7e-6a9c4ff370f8,68195619920,68195619920,0,True
2020-09-18,2020-09-18,1268,aa8bdb78-0535-a9ce-ec15-7d175070d966,66167455856,66167455856,0,True
2020-09-19,2020-09-19,1269,831078d9-d727-ab00-b941-d0f0c12ab0c5,66186723555,66186723555,0,True
2020-09-20,2020-09-20,1270,88c81749-9aec-5171-3343-7433ec32809a,66176548820,66176548820,0,True
2020-09-21,2020-09-21,1271,338d6c69-dd33-1586-d8c9-150abe31403e,66135793466,66135793466,0,True
2020-09-22,2020-09-22,1272,78f5a307-4097-63e3-6b07-e9f7fbbcd53e,68983474480,68983474480,0,True
2020-09-23,2020-09-23,1273,8de1d139-6723-c6a3-2378-d3aca926edee,68619161106,68619161106,0,True
2020-09-24,2020-09-24,1274,54727af0-ddce-4fac-7632-0ea4b141f18a,70966142585,70966142585,0,True
2020-09-25,2020-09-25,1275,e3bc140e-e854-2f2a-612c-38c5a27bc37b,67729382094,67729382094,0,True
2020-09-26,2020-09-26,1276,218c5dc0-9906-f880-4d0c-3bd2e0e7f3b2,68216654805,68216654805,0,True
2020-09-27,2020-09-27,1277,91b1076c-792c-b484-952c-c4eac7b83fd5,68234654954,68234654954,0,True
2020-09-28,2020-09-28,1278,1ef8c3e9-cee8-71bd-8558-36c781470380,68252449786,68252449786,0,True
2020-09-29,2020-09-29,1279,fde339d9-0186-c269-ee64-1bfb2ec3bb69,68277430753,68277430753,0,True
2020-09-30,2020-09-30,1280,2834c253-5247-b3c9-f3c3-aa9986c18118,68299206400,68299206400,0,True
2020-10-01,2020-10-01,1281,6fc44acd-3fe8-702f-a303-bee8baf4b070,68305366337,68305366337,0,True
2020-10-02,2020-10-02,1283,9838d6a3-bb6e-3bbd-fbcb-9e29d97e8d5c,64395178233,64395178233,0,True
2020-10-03,2020-10-03,1284,7009b648-54a7-f4c2-d744-185f257bd1ee,64395175433,64395175433,0,True
2020-10-04,2020-10-04,1285,33639b43-742e-933c-7f57-6eae721e498d,64395172802,64395172802,0,True
2020-10-05,2020-10-05,1286,755a295a-2666-738e-b868-07508e253a13,64395171861,64395171861,0,True
2020-10-06,2020-10-06,1287,19b76d74-6553-0b87-dadf-30d507a7ddbc,64405261100,64405261100,0,True
2020-10-07,2020-10-07,1288,a9676ae5-05a0-1224-087c-cc6c731e0574,64673758929,64673758929,0,True
2020-10-08,2020-10-08,1290,8b0404f9-44ad-19e6-7fbe-b9fc4671ad39,65372032203,65372032203,0,True
2020-10-09,2020-10-09,1292,13e6cbe0-7e53-c3e0-91ca-c95e3e0a3b6f,65369829220,65369829220,0,True
2020-10-10,2020-10-10,1294,15044985-5a1a-e127-3fd9-7936ec24207e,65367570421,65367570421,0,True
2020-10-11,2020-10-11,1296,a37b5089-cd37-feb4-05a0-a369e36ef469,65360869688,65360869688,0,True
2020-10-12,2020-10-12,1298,22cd6c0a-2777-ee12-871e-7fa9ea94c4ff,65241405580,65241405580,0,True
2020-10-13,2020-10-13,1300,7505ef09-7ac4-9cd6-9fc3-96cba6d19559,65205248063,65205248063,0,True
2020-10-14,2020-10-14,1302,cbe11d9a-282d-7df2-844a-341ca76d1e5a,66106706288,66106706288,0,True
2020-10-15,2020-10-15,1303,bf09b12d-b468-7852-edf2-fe6cd1d4b3c2,65329030572,65329030572,0,True
2020-10-16,2020-10-16,1304,3c3fb2d4-9d3e-1cc8-6e90-774b9247b154,64943828769,64943828769,0,True
2020-10-17,2020-10-17,1305,fc782002-c9b8-baf1-0ad6-7cc6e0d137b1,64942802628,64942802628,0,True
2020-10-18,2020-10-18,1306,a71e5920-0a48-a2a9-8b47-b1c539714905,64941243466,64941243466,0,True
2020-10-19,2020-10-19,1307,973628da-ed69-f937-0ef7-31807725ac43,64920634273,64920634273,0,True
2020-10-20,2020-10-20,1402,bb1a260b-9c80-a217-17e0-bcd782747049,64946532154,64946532154,0,True
2020-10-21,2020-10-21,1308,9152ed57-6aa0-97ba-cd33-88a91f6a0972,50333915844,50333915844,0,True
2020-10-22,2020-10-22,1309,9e85301f-2123-9338-0325-e3f5966c04aa,52290872194,52290872194,0,True
2020-10-23,2020-10-23,1310,c584f1c7-9369-61f3-6754-92d32fa72c70,50819426036,50819426036,0,True
2020-10-24,2020-10-24,1311,e6c5a17e-59fd-cda6-2ab8-8301b54ed3ac,50796282348,50796282348,0,True
2020-10-25,2020-10-25,1312,c5740b5f-938d-a92f-0290-eed182b38015,50773465671,50773465671,0,True
2020-10-26,2020-10-26,1313,bf257c24-3227-7de5-fef5-d984235e750e,50750465987,50750465987,0,True
2020-10-27,2020-10-27,1314,62fccd68-e0bd-5f68-51db-157a76e37d1d,50713235810,50713235810,0,True
2020-10-28,2020-10-28,1315,2cfbd184-698b-7f55-cc8b-03cc0a9e758d,53850720968,53850720968,0,True
2020-10-29,2020-10-29,1316,a7c4ac20-0921-9580-d3fe-8b9f025d8be8,58943463522,58943463522,0,True
2020-10-30,2020-10-30,1317,9795d3cb-f539-eab0-a643-f4a2cb97e079,58087149877,58087149877,0,True
2020-10-31,2020-10-31,1318,7c13c16f-6e37-2c78-ba6b-16495995d09d,60247027118,60247027118,0,True
2020-11-01,2020-11-01,1319,576535c6-68b7-fe61-55dc-fd80ef4a0c6f,60267091916,60267091916,0,True
2020-11-02,2020-11-02,1320,87e0df10-e050-4a7c-abc3-dea3a6fd2a5c,60973505197,60973505197,0,True
2020-11-03,2020-11-03,1321,26760f95-f165-a1a2-c3e1-1e98effa0ba0,64173335025,64173335025,0,True
2020-11-04,2020-11-04,1322,a13ddeb7-4953-3c7c-bd0d-541cf00f8924,62838143746,62838143746,0,True
2020-11-05,2020-11-05,1323,57dc68f3-ecbd-40e1-441e-8eec6a414e65,65395178528,65395178528,0,True
2020-11-06,2020-11-06,1324,fc772de1-059f-6e2f-8430-24d3ed6c85f4,62085362503,62085362503,0,True
2020-11-07,2020-11-07,1328,6ed13193-d19c-9a10-d560-32c2a2abdfcf,63609633793,63609633793,0,True
2020-11-08,2020-11-08,1330,6f22e349-5d57-1b75-85c4-c1618edf38ea,61999482027,61999482027,0,True
2020-11-09,2020-11-09,1331,c885066d-d0a6-db80-be25-534731edbb39,56267737407,56267737407,0,True
2020-11-10,2020-11-10,1332,d0b32666-382f-b485-e342-7350e80597fa,55244652315,55244652315,0,True
2020-11-11,2020-11-11,1333,2e5b7c3c-7634-521b-ebc1-c176d8e99254,55127293088,55127293088,0,True
2020-11-16,2020-11-16,1334,f08585f7-2898-80af-49a1-20879a8620cf,55127652572,55127652572,0,True
2020-11-17,2020-11-17,1335,4775005d-f02e-9c8f-366b-72dbc451c472,55145788572,55145788572,0,True
2020-11-18,2020-11-18,1336,15bd73b7-84d7-2e7b-2ea5-5acd916d661f,52666382416,52666382416,0,True
2020-11-19,2020-11-19,1337,119e723c-cc21-05ee-2a83-259268827147,52684401635,52684401635,0,True
2020-11-20,2020-11-20,1338,b7f67d21-ba48-8013-e3d9-6412e93c04d6,51873807949,51873807949,0,True
2020-11-21,2020-11-21,1403,414dfebe-13ed-c03d-275d-7dbf4d071afd,51772596038,51772596038,0,True
2020-11-22,2020-11-22,1404,e1bce006-3391-7f25-d085-f8d4e1d8deee,50982517451,50982517451,0,True
2020-11-23,2020-11-23,1405,dbaced6c-f725-1b4d-aa96-850d8d9b0c87,50707970056,50707970056,0,True
2020-11-24,2020-11-24,1407,dc1995f7-1145-9a5c-6a42-d32618d0c8d0,51138937988,51138937988,0,True
2020-11-25,2020-11-25,1408,4ba41d56-7b1e-9bf2-9055-26e25f2570aa,52906840098,52906840098,0,True
2020-11-26,2020-11-26,1409,09885a29-4a0a-49d5-7d98-44a2e3d73446,53994511763,53994511763,0,True
2020-11-27,2020-11-27,1410,001a1212-ec45-30cb-e468-e1607432e7be,60838724332,60838724332,0,True
2020-11-28,2020-11-28,1411,9636bb98-d823-3302-7e52-13ed384508ee,60907751516,60907751516,0,True
2020-11-29,2020-11-29,1412,133a8e78-0c8b-4493-b3cb-e5ea20c0ff7a,62732639783,62732639783,0,True
2020-11-30,2020-11-30,1413,e860f6d5-29fe-9c8a-6dbd-ae12de458fd7,63706728568,63706728568,0,True
2020-12-01,2020-12-01,1414,14d4fdb7-19cb-f411-0f88-de0478d62fe9,57547520858,57547520858,0,True
2020-12-02,2020-12-02,1415,1ed67d20-0d2b-99e2-df3c-1413830b0793,61806502068,61806502068,0,True
2020-12-03,2020-12-03,1416,9e3716a1-81aa-82cc-969d-305cb4710d43,61806499181,61806499181,0,True
2020-12-04,2020-12-04,1417,70b26eb0-6472-95cc-4248-a31c0bc043e2,61806496326,61806496326,0,True
2020-12-05,2020-12-05,1418,5363155a-86e2-982a-2789-292b67c4d8db,61938063881,61938063881,0,True
2020-12-06,2020-12-06,1419,fd1b34f5-881f-40f9-3012-91c5a9d71325,61814086102,61814086102,0,True
2020-12-07,2020-12-07,1420,8595d536-8355-0785-01b4-cd9ecc9d1fbd,60516868511,60516868511,0,True
2020-12-08,2020-12-08,1421,e356d200-b543-f9a4-6dbe-97baa862fed4,60516664815,60516664815,0,True
2020-12-09,2020-12-09,1422,d722519b-9cd1-317c-5132-b6d7e218b41f,60495828747,60495828747,0,True
2020-12-10,2020-12-10,1423,92fdcdd3-432f-8ca9-955c-e6c18bb9fa46,60521874619,60521874619,0,True
2020-12-11,2020-12-11,1424,2ae250af-684f-bcfa-9e7e-00fa2fdb7017,60326906682,60326906682,0,True
2020-12-12,2020-12-12,1425,76b99ee3-6e53-9b69-5059-f900eadfb4b1,60281624959,60281624959,0,True
2020-12-13,2020-12-13,1426,65c8fe5f-a870-f96a-8a5b-4726117677df,65995389136,65995389136,0,True
2020-12-14,2020-12-14,1427,a6371d31-9003-bfc1-498c-0b03cacdcedc,66277195270,66277195270,0,True
2020-12-15,2020-12-15,1428,758241c7-6afe-0cb1-f4a0-52ce204a8123,66277194535,66277194535,0,True
2020-12-16,2020-12-16,1429,78ba295d-6956-3887-07ea-852aeb23d48c,66277193901,66277193901,0,True
2020-12-17,2020-12-17,1430,a5ca65fe-b490-1d97-e8a7-66da3e101449,60479146476,60479146476,0,True
2020-12-18,2020-12-18,1431,9971fdc4-1d84-b043-4356-4f32396b9638,62078412379,62078412379,0,True
2020-12-19,2020-12-19,1432,6a42a8a2-53d3-59c4-2dce-42f41af6d4bd,62247368309,62247368309,0,True
2020-12-20,2020-12-20,1434,a84fc14c-38df-bc8e-6027-68764fcb2c61,57316720242,57316720242,0,True
2020-12-21,2020-12-21,1435,fc64f1f5-939d-3bd8-ac8b-ef6a07d901c6,55631837399,55631837399,0,True
2020-12-22,2020-12-22,1436,958a0a35-3447-68d7-509e-93f78e6ccdb4,58782137329,58782137329,0,True
2020-12-23,2020-12-23,1437,4b14ef39-aaf5-009e-b246-aeee19077e1e,59278008608,59278008608,0,True
2020-12-24,2020-12-24,1439,74c6dc1d-8dd5-bb69-9180-8b9ef70da772,63802056552,63802056552,0,True
2020-12-25,2020-12-25,1441,c57f863d-12ed-88fc-b724-7c364dc450a7,63799756829,63799756829,0,True
2020-12-26,2020-12-26,1443,393e30d3-5626-2fda-f78f-6864b791bc29,63908614094,63908614094,0,True
2020-12-27,2020-12-27,1445,509df6ea-cd43-923c-4569-6d7c2fd6e07a,64057016781,64057016781,0,True
2020-12-28,2020-12-28,1449,52a31f20-bcb6-b79f-9baf-2d84a0748de0,51057147942,51057147942,0,True
2020-12-29,2020-12-29,1451,97602eae-fa82-4e5c-a764-3f1e2942e90b,50919344799,50919344799,0,True
2020-12-30,2020-12-30,1455,cc062105-f926-1c20-ae45-61ee1465e567,52803719855,52803719855,0,True
2020-12-31,2020-12-31,1457,6619c15e-9e12-2794-5a0c-72e93d7d5433,51864429207,51864429207,0,True
2021-01-01,2021-01-01,2126,42d3b8cc-6743-4eb9-3674-79546327291e,51917401509,51917401509,0,True
2021-01-02,2021-01-02,2128,93458d80-e533-116f-ace8-7d6600ccec97,48886832947,48886832947,0,True
2021-01-03,2021-01-03,2130,966f3fb6-49f3-1660-751b-d42f62d52814,48967510679,48967510679,0,True
2021-01-04,2021-01-04,2132,0b1c02e5-66d6-2b5b-93eb-d215d20a9046,50401923663,50401923663,0,True
2021-01-05,2021-01-05,2134,788a9bd5-7048-eb30-0869-e2b865164a10,54450179483,54450179483,0,True
2021-01-06,2021-01-06,2136,9f775791-55ea-d4a5-6a99-f0957c2dfbdc,53266597575,53266597575,0,True
2021-01-07,2021-01-07,2138,9c03c2ed-d6c9-1aff-dd97-c8c77f1aef00,54017180445,54017180445,0,True
2021-01-08,2021-01-08,2139,7e5ac3be-a4bc-5803-1ae4-b44aef97b7e5,52191563277,52191563277,0,True
2021-01-09,2021-01-09,2140,65eb8217-b051-d631-a7e7-09de9f24cd3d,52339448948,52339448948,0,True
2021-01-10,2021-01-10,2141,54bfb4d6-f9f4-239d-5cd8-789c0808dc05,52363709013,52363709013,0,True
2021-01-11,2021-01-11,2144,d76cac42-66d0-83a2-c421-577d7d5e5bb4,58243796064,58243796064,0,True
2021-01-12,2021-01-12,2146,9c0cf597-92b8-644d-169d-bc53914dc443,60741247314,60741247314,0,True
2021-01-13,2021-01-13,2148,31d32ddb-f368-4992-f177-948b237e39d2,62832790714,62832790714,0,True
2021-01-14,2021-01-14,2149,47900f17-3fb6-96fc-5055-87060ebbdb2b,64916953359,64916953359,0,True
2021-01-15,2021-01-15,2150,0a10ae95-2fe4-2146-172d-f8a7dc9f478c,66021132985,66021132985,0,True
2021-01-16,2021-01-16,2151,904588b4-9d50-dd19-2b32-7c519485733a,66088061023,66088061023,0,True
2021-01-17,2021-01-17,2152,dc9b43d5-ac00-f883-8f68-0519dfc67f5d,65691601025,65691601025,0,True
2021-01-18,2021-01-18,2153,143259d4-4b3f-d4a0-3157-bdaeb2b63e56,65780818682,65780818682,0,True
2021-01-19,2021-01-19,2154,4a99b215-3067-8661-1a89-336c7710ee47,66217781370,66217781370,0,True
2021-01-20,2021-01-20,2155,8da17b12-2a50-0540-7fb5-7a1cb4872772,66716616258,66716616258,0,True
2021-01-21,2021-01-21,2156,5dcef4de-9320-2431-9e98-89e552eee950,68006377603,68006377603,0,True
2021-01-22,2021-01-22,2157,db9a7342-d64c-9740-68b1-6b939af552cb,77519891487,77519891487,0,True
2021-01-23,2021-01-23,2158,fa8a2baa-5c0a-5242-ec8a-a0b398f409d2,72776985122,72776985122,0,True
2021-01-24,2021-01-24,2159,552a2d1d-64ab-6056-e0f2-d57d1255169d,72785600522,72785600522,0,True
2021-01-25,2021-01-25,2160,5a71dab2-9939-1765-f2f4-53cb71c7114e,72800131039,72800131039,0,True
2021-01-26,2021-01-26,2161,38a7c0d3-bfb0-970a-9da3-62bf9b3f2ba5,75052062924,75052062924,0,True
2021-01-27,2021-01-27,2162,0cc6c657-203a-66b7-6520-59ca87cdf575,76510991440,76510991440,0,True
2021-01-28,2021-01-28,2163,007a04d6-e128-ef91-d26d-c1c3dac87b2c,80434731399,80434731399,0,True
2021-01-29,2021-01-29,2165,73b80ee3-f654-a944-8903-66b926a89191,75247058482,75247058482,0,True
2021-01-30,2021-01-30,2166,88c3ba0f-d77b-0d7c-e4b2-343a43614e65,73405431153,73405431153,0,True
2021-01-31,2021-01-31,2167,54cab4ee-0175-b82e-e20d-1f30c3421247,73419880155,73419880155,0,True
2021-02-01,2021-02-01,2169,c0df4f68-31a4-776e-c4f2-a67958a26683,75564522370,75564522370,0,True
2021-02-02,2021-02-02,2171,591d4550-05b5-42ef-9ff7-596f670d7842,76384765136,76384765136,0,True
2021-02-03,2021-02-03,2172,cc5f457a-a5f0-4354-df6b-7484c8f11cc3,76486018273,76486018273,0,True
2021-02-04,2021-02-04,2173,60d96ba5-0f5c-6465-641a-543389b0a686,72651562258,72651562258,0,True
2021-02-05,2021-02-05,2175,a3b73c9c-872a-25de-a066-4e45aedd4eca,69101947018,69101947018,0,True
2021-02-06,2021-02-06,2177,8027cf2c-b05b-ab26-d9d1-6a25fe024a0e,69284051503,69284051503,0,True
2021-02-07,2021-02-07,2179,5a014368-1f1e-bff9-0fe4-271af566e136,66171085542,66171085542,0,True
2021-02-08,2021-02-08,2181,465d6fa5-9e58-15cb-fefe-ef78b63b967c,67611826961,67611826961,0,True
2021-02-09,2021-02-09,2183,33c09995-7331-6dc6-ba1a-1807b543c7d8,59393306086,59393306086,0,True
2021-02-10,2021-02-10,2184,128eb1bf-3c80-63ac-c5a1-bdd0c88ec34e,59169667374,59169667374,0,True
2021-02-11,2021-02-11,2185,385bf2f6-0807-d59a-8e7b-aadc4e721179,59825864292,59825864292,0,True
2021-02-12,2021-02-12,2186,95e04f19-9a31-9fed-cfd9-7df44fb84f1d,59825864933,59825864933,0,True
2021-02-13,2021-02-13,2187,5b0f51cc-80cd-c594-373c-0e48a113aac1,58989570385,58989570385,0,True
2021-02-14,2021-02-14,2188,51bbc597-59b6-8b6a-4285-a038b5e2ba75,56892965548,56892965548,0,True
2021-02-15,2021-02-15,2189,0e37c824-f83f-7cff-9fdc-9b9e417db1cd,56893187730,56893187730,0,True
2021-02-16,2021-02-16,2190,ac4dabe1-5780-8739-85fa-ac07cfca0006,54281757349,54281757349,0,True
2021-02-17,2021-02-17,2191,64769827-0877-1a35-0483-007ef129f4cb,54140777783,54140777783,0,True
2021-02-18,2021-02-18,2193,3c648586-c9fe-1037-57b0-72e12a2bd1b6,54648203392,54648203392,0,True
2021-02-19,2021-02-19,2195,9e2a96f4-c4b8-0db4-f460-4db3ff362640,54649639248,54649639248,0,True
2021-02-20,2021-02-20,2197,8d5e2192-0d23-bf9f-089c-c54720fcea99,56066107331,56066107331,0,True
2021-02-21,2021-02-21,2199,bed8f5a9-a5bd-9d00-179d-45f04695a55c,56083527079,56083527079,0,True
2021-02-22,2021-02-22,2201,b32e7773-398c-f58b-a374-9f78732b2a38,57522454883,57522454883,0,True
2021-02-23,2021-02-23,2202,fcadb3d2-536e-3e77-b95b-493f1d5e3548,64604028340,64604028340,0,True
2021-02-24,2021-02-24,2203,2069b038-6cd2-d15e-9f66-b3937bc5e779,64609062314,64609062314,0,True
2021-02-25,2021-02-25,2204,4008d496-6a28-40a0-649f-550f59324374,65793113257,65793113257,0,True
2021-02-26,2021-02-26,2206,d74ac7ac-d55c-a126-1e55-80c9dfe64abb,70627128261,70627128261,0,True
2021-02-27,2021-02-27,2208,3695587a-526f-6cd4-9b5e-4f2503113b35,70668488382,70668488382,0,True
2021-02-28,2021-02-28,2210,28a03e9c-ebfe-3a1d-6c17-edf4c41fb1d5,70427188747,70427188747,0,True
2021-03-01,2021-03-01,1459,0f8c70bc-5a0f-339a-988e-3759b7238bde,70336864710,70336864710,0,True
2021-03-02,2021-03-02,1461,7d14e081-c1ce-f8cb-f067-fb71c9530263,71434403128,71434403128,0,True
2021-03-03,2021-03-03,1463,38315f6b-c0e3-15d7-84b9-2e44cd4f3250,71356736129,71356736129,0,True
2021-03-04,2021-03-04,1465,e57a780f-5734-98fa-f146-1151b01f555d,74545323147,74545323147,0,True
2021-03-05,2021-03-05,1466,a4acd97b-e308-c7f0-5b08-7bf7e1804539,74567107639,74567107639,0,True
2021-03-06,2021-03-06,1467,adf52ead-0253-ef41-1ac0-b8dcec3aa92c,75174007939,75174007939,0,True
2021-03-07,2021-03-07,1468,f58f0dd7-8925-54b3-5a58-c3466f42241b,75192488425,75192488425,0,True
2021-03-08,2021-03-08,1470,f9f8e90a-bf0b-d49f-122a-1bd4da143b89,70297971668,70297971668,0,True
2021-03-09,2021-03-09,1471,dfb9a579-e118-5ce2-5d7f-5adce5419a80,70354632813,70354632813,0,True
2021-03-10,2021-03-10,1472,d63895e5-a489-6156-dcea-4b7f8db27d96,69423713597,69423713597,0,True
2021-03-11,2021-03-11,1473,adb90648-0d61-0e07-0f15-5fed58c9f1cf,68538165702,68538165702,0,True
2021-03-12,2021-03-12,1474,b22b1842-6e84-62b5-6082-7aaa5f225bf2,68670905748,68670905748,0,True
2021-03-13,2021-03-13,1475,1c7f5128-108a-c352-e9a7-b9b8bb549002,61305952567,61305952567,0,True
2021-03-14,2021-03-14,1476,c8f53819-8ab0-d71b-a12a-6969cd88c55b,61330400086,61330400086,0,True
2021-03-15,2021-03-15,1477,e18cb6bb-d298-8ec5-5154-215149a9fa45,61392359057,61392359057,0,True
2021-03-16,2021-03-16,1478,ee4ee8bc-b7e2-4552-ddf8-ddf854710d91,63872372227,63872372227,0,True
2021-03-17,2021-03-17,1479,7ff3ed0e-dfe7-3c70-90b2-07d1af6c2eeb,63872824933,63872824933,0,True
2021-03-18,2021-03-18,1480,8501f07c-61df-fa86-ba54-04437a93c808,63876171070,63876171070,0,True
2021-03-19,2021-03-19,1481,5ad8fd86-8c3f-dbdb-2c5f-f8a834d7bd49,64037351824,64037351824,0,True
2021-03-20,2021-03-20,1482,bfbc2f94-1438-b93d-1732-78b4970009a8,63553844298,63553844298,0,True
2021-03-21,2021-03-21,1483,70b2dacf-0fa2-7659-b2ef-a68622c08dcc,62557211226,62557211226,0,True
2021-03-22,2021-03-22,1484,fa2dff33-91bd-a33b-f0ef-304310cf54b0,62568645362,62568645362,0,True
2021-03-23,2021-03-23,1485,335eb150-d99c-34ec-af73-d84ec42bd65b,63743609110,63743609110,0,True
2021-03-24,2021-03-24,1486,7904bf77-029f-eb01-da3d-f03ccc1b85ff,63756270463,63756270463,0,True
2021-03-25,2021-03-25,1487,fbbe3354-b671-24c5-5481-434b7b81b0fd,67688892788,67688892788,0,True
2021-03-26,2021-03-26,1488,126e0524-737a-550c-2bd4-2ff311313b35,69753190015,69753190015,0,True
2021-03-27,2021-03-27,1489,6fc98c34-1166-cf97-a3c2-8bd1f880a577,69748254679,69748254679,0,True
2021-03-28,2021-03-28,1490,a4d98ab8-8ee0-0e63-263c-d7e88d6d0fa8,69765338465,69765338465,0,True
2021-03-29,2021-03-29,1491,163326ad-f211-55f1-a8d5-892d6db95445,69869776684,69869776684,0,True
2021-03-30,2021-03-30,1492,4c5b46ae-9268-7d2f-b3b2-942ca8e67ea3,69429865902,69429865902,0,True
2021-03-31,2021-03-31,1493,35706733-d08f-2526-d1ef-2c92cf3e90c9,69682817556,69682817556,0,True
2021-04-01,2021-04-01,1494,3811d402-efc8-a6e9-6a29-ae3650242bd1,69886023777,69886023777,0,True
2021-04-02,2021-04-02,1495,b0268f17-de4f-6e89-00b4-684bef552ebb,70131176348,70131176348,0,True
2021-04-03,2021-04-03,1496,560e9519-4d03-5257-001a-10ffe820d1ce,70428293370,70428293370,0,True
2021-04-04,2021-04-04,1497,320f7acf-19a8-fee5-fc61-37aaebb44c42,69033748063,69033748063,0,True
2021-04-05,2021-04-05,1499,74880d08-7a78-2ef6-9a27-68dd379d86da,59044951113,59044951113,0,True
2021-04-06,2021-04-06,1500,5ba7f000-1168-5bf2-4759-da97c56c2071,59162502657,59162502657,0,True
2021-04-07,2021-04-07,1501,863c3f7a-97b4-93c9-cfc9-40a249dcf5fd,59469183381,59469183381,0,True
2021-04-08,2021-04-08,1502,70efdfb6-6486-5ce1-0399-e495d9c7a439,59400719384,59400719384,0,True
2021-04-09,2021-04-09,1503,ea369d40-f653-69d3-f58f-83ea9f11fc56,59421247514,59421247514,0,True
2021-04-10,2021-04-10,1504,df2b31bc-0ed0-2feb-6ce4-6f50e42232f2,56376792665,56376792665,0,True
2021-04-11,2021-04-11,1505,7ce51f21-66c8-3e26-e7c2-1da23a4977e3,56382684768,56382684768,0,True
2021-04-12,2021-04-12,1506,b15bb4fd-cc2c-19d9-efe0-5eaafdb0053b,56385775277,56385775277,0,True
2021-04-13,2021-04-13,1507,05b96af7-573f-bb94-01c8-44bcb5d7cacb,56389466204,56389466204,0,True
2021-04-14,2021-04-14,1508,5584c064-e0a6-73b6-588a-00be5579eb54,56393869343,56393869343,0,True
2021-04-15,2021-04-15,1509,e6146061-0195-e1fa-0ddc-36adfc7aabf8,56396465097,56396465097,0,True
2021-04-16,2021-04-16,1510,f531cd9f-e39e-2d3f-a8c6-9a932330cd4d,56397556976,56397556976,0,True
2021-04-17,2021-04-17,1511,46fdcc2e-2562-0734-200f-4561f594a6d2,56418626573,56418626573,0,True
2021-04-18,2021-04-18,1512,9cbe7100-6468-b345-9a2b-ab46ccd87453,65530617409,65530617409,0,True
2021-04-19,2021-04-19,1513,3eebb8d0-4d7f-842a-ac16-e125b7404531,65528581882,65528581882,0,True
2021-04-20,2021-04-20,1514,5263e976-7b88-3514-b763-d15cac581fad,68430537129,68430537129,0,True
2021-04-21,2021-04-21,1515,9cf73581-3d3a-5e50-1225-711f9f91afa2,68939967893,68939967893,0,True
2021-04-22,2021-04-22,1516,b0ce992c-f2c1-bc6b-6400-440985acaa49,69254159499,69254159499,0,True
2021-04-23,2021-04-23,1518,0059e61e-f811-9f51-f285-a5fb8f0cb734,70340026009,70340026009,0,True
2021-04-24,2021-04-24,1520,455646e7-1afd-2b73-d14b-19efd41c3862,71670155558,71670155558,0,True
2021-04-25,2021-04-25,1522,a90a61a9-4da5-e45b-fdb8-1050762a660a,72003248730,72003248730,0,True
2021-04-26,2021-04-26,1524,3b9391b2-6f3a-875a-20c5-1a760c6abb43,76046921837,76046921837,0,True
2021-04-27,2021-04-27,1525,8dab73c1-0f60-550e-ce4d-fd1dc2bedba4,71536649585,71536649585,0,True
2021-04-28,2021-04-28,1526,de4b90a7-54a5-c5d3-16b7-520a486818d3,71551293791,71551293791,0,True
2021-04-29,2021-04-29,1527,81cc769d-1a3a-c206-4b7c-653e65693d6b,71565959460,71565959460,0,True
2021-04-30,2021-04-30,1528,af34d376-6b7a-26fc-e891-9d0e1f2aa2dc,71295707554,71295707554,0,True
2021-05-01,2021-05-01,1534,89abd2bb-5851-bc2a-9daa-0fb167554227,71446526802,71446526802,0,True
2021-05-02,2021-05-02,1540,9bd897e5-7a38-6689-9e3d-593ce384031e,71619467616,71619467616,0,True
2021-05-03,2021-05-03,1546,28396749-54e9-1287-f2f1-caafb5070b06,71756908938,71756908938,0,True
2021-05-04,2021-05-04,1553,846a0bb0-296f-8d6b-1110-23d0d8c9064b,71454900417,71454900417,0,True
2021-05-05,2021-05-05,1560,157e7ec0-d93c-d21c-717c-b85e06daba69,74568350077,74568350077,0,True
2021-05-06,2021-05-06,1567,19ea6d33-410c-5be1-9cda-55bb1dfcfc24,63630840201,63630840201,0,True
2021-05-07,2021-05-07,1573,cc54a1a1-7662-ee62-2a20-cbce2ba41139,63089572195,63089572195,0,True
2021-05-08,2021-05-08,1579,6daabdd1-cc19-fab1-8f06-da15c62dd0fa,61589301612,61589301612,0,True
2021-05-09,2021-05-09,1585,1181aa9a-9304-7870-63c3-77f831224018,61719419945,61719419945,0,True
2021-05-10,2021-05-10,1591,677a894f-3ca4-da22-5edc-48187bbe3189,61812550512,61812550512,0,True
2021-05-11,2021-05-11,1598,cf8c5fce-43c2-c26e-9c2d-fc011b1ed7ce,52799676254,52799676254,0,True
2021-05-12,2021-05-12,1604,3a7724e2-fd31-1948-cfed-d2216af8ce27,50613049258,50613049258,0,True
2021-05-13,2021-05-13,1610,a40825d5-9fcf-4390-0f5e-b753b6b77097,46996820606,46996820606,0,True
2021-05-14,2021-05-14,1616,150ba6da-9162-0850-5b76-9fce82f95c5c,51192974370,51192974370,0,True
2021-05-15,2021-05-15,1622,4db53faa-65dc-096d-5baf-ba28f8eacc91,50684758373,50684758373,0,True
2021-05-16,2021-05-16,1628,9291b49b-d571-6962-8bf8-e6c4b3ccd959,50818594666,50818594666,0,True
2021-05-17,2021-05-17,1634,fc0559fd-2fd6-cc02-54ca-9674136d1a33,58041386782,58041386782,0,True
2021-05-18,2021-05-18,1638,b8c1036d-0f17-6591-e583-ebafe5db67a9,62575290648,62575290648,0,True
2021-05-19,2021-05-19,1640,aff57628-a9db-a63e-4a1e-e92875efe8fa,63898180430,63898180430,0,True
2021-05-20,2021-05-20,1642,fb8fb595-d6be-eb57-6b4e-d693daf75e34,35714233158,35714233158,0,True
2021-05-21,2021-05-21,1644,e8c76014-bb04-6079-58d3-ded3cc1c850a,37531053479,37531053479,0,True
2021-05-22,2021-05-22,1646,8a1bd713-7a84-448a-b0c9-1501624b9c8f,49944476797,49944476797,0,True
2021-05-23,2021-05-23,1648,eb8ea5a5-0819-5fd0-c129-674430d9ca73,48781924760,48781924760,0,True
2021-05-24,2021-05-24,1650,cc94e3a2-3e77-4fbe-3e60-49da20284b03,59432555102,59432555102,0,True
2021-05-25,2021-05-25,1653,b6df3916-b1e2-80b0-c17a-0971936041d0,63785848237,63785848237,0,True
2021-05-26,2021-05-26,1655,914f8fa9-d78c-8107-0ae3-8f03ced5e3e9,67931216248,67931216248,0,True
2021-05-27,2021-05-27,1657,7c8250ea-ebb6-bc41-468f-493a1d1c061d,70362589930,70362589930,0,True
2021-05-28,2021-05-28,1659,df843f81-bd85-7c86-8e9d-c4311b3541f5,75416384069,75416384069,0,True
2021-05-29,2021-05-29,1661,367699e1-a5d3-701c-0762-332951c6f6a5,78126993719,78126993719,0,True
2021-05-30,2021-05-30,1663,33e43ac8-2252-48d5-4d35-7a6b9fcc5a2d,79390709506,79390709506,0,True
2021-05-31,2021-05-31,1665,4f12a95d-525e-8eab-a7ea-1372171891da,79564620712,79564620712,0,True
2021-06-01,2021-06-01,1667,68c1bb9a-81ef-2225-6e53-3bb22868255f,86119478121,86119478121,0,True
2021-06-02,2021-06-02,1669,fbf9bf49-7ede-cbc1-0840-dcd59c6f8de4,87457804785,87457804785,0,True
2021-06-03,2021-06-03,1676,c0c79c1f-460a-cdec-bd90-e981e2eb25de,91934696432,91934696432,0,True
2021-06-04,2021-06-04,1684,df9610c6-2f42-cb6c-20b2-fd3e2d7c2463,94208064597,94208064597,0,True
2021-06-05,2021-06-05,1691,8086e723-d41c-4cb7-311f-6c023b2db225,1.00334E+11,100334421760,-421760,True
2021-06-06,2021-06-06,1698,9258f99a-b7cd-4506-836b-b9b970a36a40,1.03014E+11,103014272896,-272896,True
2021-06-07,2021-06-07,1705,ffe0fe43-3535-12c4-5c5c-bcb15d13b614,1.03162E+11,103161628052,371948,True
2021-06-08,2021-06-08,1712,d96d3841-b3c0-6487-1b48-ceec5d1fdd4c,1.20302E+11,120302451999,-451999,True
2021-06-09,2021-06-09,1719,9b72380a-8361-753d-6a6a-c10ae857d41b,1.33996E+11,133996276954,-276954,True
2021-06-10,2021-06-10,1726,7846b759-8e0a-26cb-bb33-31e5564fb103,1.24832E+11,124832075788,-75788,True
2021-06-11,2021-06-11,1733,9f58cfd9-bb69-93dd-c744-280c3a0566f9,1.25453E+11,125453389378,-389378,True
2021-06-12,2021-06-12,1735,d6fdd829-adee-d133-c729-54e8beb9aea7,1.27151E+11,127151002200,-2200,True
2021-06-13,2021-06-13,1737,9ede2d77-27e6-81c0-54d3-23c87641f232,1.27541E+11,127541015379,-15379,True
2021-06-14,2021-06-14,1739,244bb0bd-e998-d617-7393-c791efaf11c8,1.34445E+11,134444576920,423080,True
2021-06-15,2021-06-15,1741,f61fcca1-844c-0843-070a-8d593421a530,1.36566E+11,136565619734,380266,True
2021-06-16,2021-06-16,1743,67dd07e3-c95c-127e-9f31-73552c154903,1.36894E+11,136893624933,375067,True
2021-06-17,2021-06-17,1745,cb651967-fd70-7393-0599-5364984e3829,1.37884E+11,137883915939,84061,True
2021-06-18,2021-06-18,1747,d8b0c2cd-3461-d1b0-d2c8-ca8952489887,1.52578E+11,152577989397,10603,True
2021-06-19,2021-06-19,1749,0ad643cf-1db3-1639-d921-f13e021b0d81,1.53113E+11,153113029223,-29223,True
2021-06-20,2021-06-20,1751,5fc738ed-4e55-8d03-2233-a64a0e5e1700,1.17513E+11,117513423262,-423262,True
2021-06-21,2021-06-21,1754,7db99d38-7a5b-e8e8-1225-1727c09ad17b,1.22292E+11,122292418343,-418343,True
2021-06-22,2021-06-22,1758,32ddf104-95cf-6b0c-50d9-ad4a0302f6f7,1.26201E+11,126200953739,46261,True
2021-06-23,2021-06-23,1761,b55b38ad-7c34-4eb3-f067-b4cc6a29f99a,1.20451E+11,120451124771,-124771,True
2021-06-24,2021-06-24,1765,346a590c-60a0-0b54-2b7b-7aaf7c6b72c8,1.17525E+11,117524734675,265325,True
2021-06-25,2021-06-25,1769,aca2eebe-9b10-c186-1ebf-dd40eff1a936,1.3145E+11,131449940227,59773,True
2021-06-26,2021-06-26,1772,a9a86101-0eeb-f134-b276-a0472f047d7e,1.21773E+11,121773313571,-313571,True
2021-06-27,2021-06-27,1774,be48d956-08b8-8dcc-7ac6-d266ab9485bf,1.218E+11,121799751867,248133,True
2021-06-28,2021-06-28,1776,0b15a81b-a4d5-f5de-07a1-1652dd76cb88,1.17415E+11,117415052410,-52410,True
2021-06-29,2021-06-29,1778,3245b52e-024f-be84-a14f-476c03fe00a4,1.17493E+11,117492909407,90593,True
2021-06-30,2021-06-30,1780,d5a78634-20e1-8807-1848-69b455555013,1.13987E+11,113987249043,-249043,True
2021-07-01,2021-07-01,1783,214d8915-5129-a257-7f24-981d092dc7d4,1.11318E+11,111318120939,-120939,True
2021-07-02,2021-07-02,1785,a636aa04-61ae-4faa-5213-084d85a55a78,1.07651E+11,107651172141,-172141,True
2021-07-03,2021-07-03,1786,839dc221-8543-0532-d3a2-18677ba60fe5,1.07652E+11,107651587131,412869,True
2021-07-04,2021-07-04,1787,3e374748-ae3c-1ace-8c99-6f516a54ca4a,1.07779E+11,107779465915,-465915,True
2021-07-05,2021-07-05,1789,e92763ee-036f-6698-e68d-4f685d5a5f8e,1.07971E+11,107971478896,-478896,True
2021-07-06,2021-07-06,1791,24cbc7f5-e860-b61b-4bf0-4b480db465e6,1.07786E+11,107785581284,418716,True
2021-07-07,2021-07-07,1793,6071ff50-5ab5-b616-4367-57debfc87e2e,1.0782E+11,107820246178,-246178,True
2021-07-08,2021-07-08,1795,a30250f3-13a7-5607-a968-87ebb318828e,1.13873E+11,113873094130,-94130,True
2021-07-09,2021-07-09,1797,fd1c420c-9b7e-8188-66fa-d393a5468b9e,1.17419E+11,117419175378,-175378,True
2021-07-10,2021-07-10,1798,069f6b8e-468f-f5d3-8d15-d30f6a711ca5,1.17375E+11,117375231797,-231797,True
2021-07-11,2021-07-11,1799,296e5dc1-b0a6-0aa7-4155-2d901898afd0,1.17361E+11,117361404647,-404647,True
2021-07-12,2021-07-12,1800,b251604e-7c65-0753-30b5-152adfda7341,1.17338E+11,117338309326,-309326,True
2021-07-13,2021-07-13,1801,b4632022-f972-f225-321f-82c3348bb965,1.15455E+11,115455045553,-45553,True
2021-07-14,2021-07-14,1802,84882823-eccf-1a0e-3ea7-7f7c7b700b88,1.15964E+11,115963889697,110303,True
2021-07-15,2021-07-15,1803,ef7cdd3a-e36e-7998-40db-d5ba74225fc7,1.15915E+11,115914565762,434238,True
2021-07-16,2021-07-16,1804,3abb806e-468f-ccb4-4c1d-01261a17668c,1.17245E+11,117244801935,198065,True
2021-07-17,2021-07-17,1805,63151142-25ea-f903-6f4f-66d6ff6c1352,1.17252E+11,117252285151,-285151,True
2021-07-18,2021-07-18,1806,796f7abd-73ee-e4ce-8d14-66868e3b8bf4,1.17939E+11,117939426291,-426291,True
2021-07-19,2021-07-19,1807,5658d99c-bd5d-aabb-5311-34f1af353098,1.17931E+11,117930629017,370983,True
2021-07-20,2021-07-20,1808,5f758f05-94b3-47c6-7cb6-4146122082d0,1.17929E+11,117929090709,-90709,True
2021-07-21,2021-07-21,1809,b600013a-2039-24cb-329a-7cb250eb7367,1.17919E+11,117919015788,-15788,True
2021-07-22,2021-07-22,1810,331b6c10-f0b6-22cb-78d2-357abec75362,1.191E+11,119099864851,135149,True
2021-07-23,2021-07-23,1811,de1e772a-7e6a-8aa3-dac3-8ecb5fed7eb9,1.2023E+11,120230099600,-99600,True
2021-07-24,2021-07-24,1812,4d63b84e-bc3f-88e7-066e-2fa36117e2e0,1.20224E+11,120224225265,-225265,True
2021-07-25,2021-07-25,1813,da61e2bb-8a49-6854-00d2-a48832b4e17a,1.2038E+11,120380246462,-246462,True
2021-07-26,2021-07-26,1815,95a86cfc-c7a5-59d1-7d66-e57b98620517,1.24669E+11,124669450259,-450259,True
2021-07-27,2021-07-27,1818,b339a73e-7613-34ca-b968-ab522855338a,96441523272,96441523272,0,True
2021-07-28,2021-07-28,1820,559bb42b-3cd6-ce5f-6985-2544a7a138f9,97548271440,97548271440,0,True
2021-07-29,2021-07-29,1822,54b4546e-9174-9bcb-d744-cff0346dc1a7,97446316986,97446316986,0,True
2021-07-30,2021-07-30,1824,2f226ab7-95a7-c90d-f325-e81ef77bef34,99133053093,99133053093,0,True
2021-07-31,2021-07-31,1826,534548ea-718f-aabc-5acc-e285859f1f74,98749113224,98749113224,0,True
2021-08-01,2021-08-01,1828,ea2c7bd1-ba3a-ee60-7642-c91701191f08,98813910398,98813910398,0,True
2021-08-02,2021-08-02,1831,8907eb17-2cd7-6029-d147-de0569d2655f,98869640263,98869640263,0,True
2021-08-03,2021-08-03,1834,57db9b8f-6c69-a2a4-feb5-74f75470721b,97623162561,97623162561,0,True
2021-08-04,2021-08-04,1835,826f3598-8388-9868-9099-34bc7e8254ac,97589429093,97589429093,0,True
2021-08-05,2021-08-05,1836,613979ff-629a-514e-621a-563f07357486,98403640031,98403640031,0,True
2021-08-06,2021-08-06,1837,5fd2f32f-11f0-3586-17e5-c9f61f232594,1.03245E+11,103244680331,319669,True
2021-08-07,2021-08-07,1839,81f5825a-6f3d-d642-1ed0-d4fc3f4ea718,1.04955E+11,104954790859,209141,True
2021-08-08,2021-08-08,1841,8962655e-d461-7f91-50a5-5652dea35977,1.07261E+11,107260717834,282166,True
2021-08-09,2021-08-09,1843,eb69bfe8-1c93-173c-d7bd-ba18974530e6,1.13868E+11,113867976443,23557,True
2021-08-10,2021-08-10,1846,c7b51bc1-a675-50a2-cd59-beff603e7d20,1.20449E+11,120448560196,439804,True
2021-08-11,2021-08-11,1849,f5254db5-4403-ff13-ada7-dd09f5b4ed66,1.27613E+11,127612513500,486500,True
2021-08-12,2021-08-12,1851,db0e59e3-cb9e-bcc3-8425-5b88ddfcbd8b,1.2791E+11,127909605894,394106,True
2021-08-13,2021-08-13,1853,c563db64-1733-a3b2-975c-bf2d38471c98,1.31808E+11,131807862171,137829,True
2021-08-14,2021-08-14,1856,88ddfedb-2c72-2f6b-98f2-60e2db7ed615,1.36976E+11,136976019529,-19529,True
2021-08-15,2021-08-15,1858,a3d4f2b7-233f-afd0-5787-8a6f872652d5,1.3722E+11,137220105368,-105368,True
2021-08-16,2021-08-16,1860,68b17769-56ed-c6a2-99df-b45efff6a673,1.37269E+11,137268612245,387755,True
2021-08-17,2021-08-17,1862,bcbe82e6-0b25-84ef-d3c9-2bff1ccebf5f,1.37563E+11,137562821235,178765,True
2021-08-18,2021-08-18,1864,b323deed-e056-599b-ce6f-af4d3c5c69a4,1.4394E+11,143939628698,371302,True
2021-08-19,2021-08-19,1867,7e6761e2-b00f-9e84-6d23-81c45fe4b873,1.07022E+11,107022475984,-475984,True
2021-08-20,2021-08-20,1868,59cea646-b5ed-467e-3cff-9052096c4b24,1.09685E+11,109684520517,479483,True
2021-08-21,2021-08-21,1869,fe18b133-1d74-23fd-ed3d-83a0f4478614,1.11795E+11,111795277188,-277188,True
2021-08-22,2021-08-22,1870,c74acfe7-68f4-b899-09e5-3b0ff04beac5,1.12066E+11,112066086886,-86886,True
2021-08-23,2021-08-23,1871,bf953537-fb26-15bb-91f9-c1aa04aeb102,1.12241E+11,112240651542,348458,True
2021-08-24,2021-08-24,1872,433f5c8f-0a2f-f715-8080-2e43eb34427a,1.13332E+11,113331672284,327716,True
2021-08-25,2021-08-25,1874,cac04337-0cae-629c-b3e0-5e63bd59c5f9,1.14248E+11,114248098698,-98698,True
2021-08-26,2021-08-26,1876,f71c67d7-27c4-ca6f-24fe-5cf31f79cbcf,1.20432E+11,120432144042,-144042,True
2021-08-27,2021-08-27,1877,91c286a9-f5b0-1ffa-0080-57669a30c776,1.20387E+11,120387348102,-348102,True
2021-08-28,2021-08-28,1879,7ed18181-4504-8cbd-1a6d-79c74c358d4b,1.20688E+11,120687886740,113260,True
2021-08-29,2021-08-29,1881,98de7d1a-e94a-6538-f35b-5e0083425e26,1.21027E+11,121026557455,442545,True
2021-08-30,2021-08-30,1883,0fcd4ce8-2a35-6163-7251-d3d53aae9a9b,1.21687E+11,121687453656,-453656,True
2021-08-31,2021-08-31,1884,a63e31c0-8731-58a5-6575-82bd2a5b9737,1.21326E+11,121326061592,-61592,True
2021-09-01,2021-09-01,1885,b0d019f1-c366-b95f-41a8-e2da8976b11c,1.21301E+11,121300768392,231608,True
2021-09-02,2021-09-02,1887,758ae6b2-d26c-bd29-a793-70d313ec7bd0,1.21245E+11,121244844296,155704,True
2021-09-03,2021-09-03,1890,332ae93e-e560-43e3-27f1-f709cc208286,92950583831,92950583831,0,True
2021-09-04,2021-09-04,1892,93e86441-27e5-ed30-1086-1886f083719b,93459170693,93459170693,0,True
2021-09-05,2021-09-05,1894,f88062ca-8d62-8b86-7c7d-2dd1d1395a67,93310226553,93310226553,0,True
2021-09-06,2021-09-06,1897,268e40e9-d1f3-79b5-5a7e-3402175bb38d,1.08289E+11,108289157506,-157506,True
2021-09-07,2021-09-07,1899,49ac1eb5-8be6-1d47-c13c-10e1a201ad77,1.14004E+11,114003891566,108434,True
2021-09-08,2021-09-08,1901,a117fbe2-e491-b88b-bdf5-824e21a123a2,1.08886E+11,108885597186,402814,True
2021-09-09,2021-09-09,1903,533c6a61-1991-88f4-613e-bb022a2ca4d8,1.08704E+11,108704387060,-387060,True
2021-09-10,2021-09-10,1905,00dcaba9-f9cf-1256-3c50-18cddfb365cf,1.07591E+11,107591016929,-16929,True
2021-09-11,2021-09-11,1907,09b023de-ff91-9c4d-098a-4b12e9c08bdc,1.06042E+11,106041518709,481291,True
2021-09-12,2021-09-12,1909,b3de69bc-72b7-44de-cabc-2cd4826d6d43,1.05921E+11,105921198285,-198285,True
2021-09-13,2021-09-13,1911,c4dfec3d-49c2-8196-45ea-d76dec481552,1.05815E+11,105815012517,-12517,True
2021-09-14,2021-09-14,1913,e4f2120d-4e66-4781-168f-7efdf9d69a21,1.05819E+11,105819318276,-318276,True
2021-09-15,2021-09-15,1915,6be7bc3a-e5a4-571e-1f65-d182fa40d648,1.08761E+11,108761208487,-208487,True
2021-09-16,2021-09-16,1917,fc887846-82d0-38f0-3fda-b82ef4a6fa30,1.0998E+11,109980118159,-118159,True
2021-09-17,2021-09-17,1919,b2113082-9540-067d-6cf1-e6f07c0bdc74,1.10557E+11,110557483011,-483011,True
2021-09-18,2021-09-18,1924,1967a886-db28-afe8-c1c2-bc2b88ad5e33,1.12841E+11,112840862054,137946,True
2021-09-19,2021-09-19,1929,57d8157b-d37c-e4d2-5bef-f204b8d0399e,1.12899E+11,112898607461,392539,True
2021-09-20,2021-09-20,1934,8b6f1d59-cf09-b641-53c9-eb85a19e7442,1.19825E+11,119825346859,-346859,True
2021-09-21,2021-09-21,1939,8d08de61-d77a-2f49-892f-7cab8d72243f,1.31432E+11,131431773306,226694,True
2021-09-22,2021-09-22,1944,08c6dbb6-a412-8d5c-a4e1-fbac5e602857,1.38492E+11,138492349946,-349946,True
2021-09-23,2021-09-23,1950,c395f477-2e2e-838c-822b-65954f31b065,1.09502E+11,109502080819,-80819,True
2021-09-24,2021-09-24,1955,ce031a2f-bb8c-9041-7b1d-a2fe17ff6db5,1.14222E+11,114221660413,339587,True
2021-09-25,2021-09-25,1960,a4260800-53ff-7ff8-8c86-1b5ce0994083,1.16587E+11,116587040485,-40485,True
2021-09-26,2021-09-26,1965,53d9dd3e-6ad0-1031-d058-06433eda23f9,1.26218E+11,126218136997,-136997,True
2021-09-27,2021-09-27,1967,d999783a-ee83-a07e-a178-9b108cdc0147,1.30407E+11,130407144687,-144687,True
2021-09-28,2021-09-28,1968,1c7f5e6a-6581-7d84-7930-45e35a5f0952,1.30421E+11,130420930539,69461,True
2021-09-29,2021-09-29,1970,53be5cf5-bb55-b09e-b620-98a06c14dcb7,1.30429E+11,130429150248,-150248,True
2021-09-30,2021-09-30,1973,4b294659-cbad-704e-c7dc-4c5eeb976b99,1.30493E+11,130493040158,-40158,True
2021-10-01,2021-10-01,1976,ceb56e4c-b441-94a4-2ff2-d1ebbb9a8fa5,1.30659E+11,130659370916,-370916,True
2021-10-02,2021-10-02,1979,ff0523ee-18af-40a9-2549-95f1a7299645,1.30728E+11,130728394870,-394870,True
2021-10-03,2021-10-03,1982,fc2d0206-f84a-4e9f-214a-613ae744a6db,1.30776E+11,130775663621,336379,True
2021-10-04,2021-10-04,1985,2e8c25af-ae63-d21c-e0e0-ef5460a14956,1.30828E+11,130828210646,-210646,True
2021-10-05,2021-10-05,1988,aa1917a8-cc9a-b702-cc2e-e16b4492d1d0,1.30877E+11,130877080884,-80884,True
2021-10-06,2021-10-06,1991,951af445-181f-404a-cd4e-b69b9ab68867,1.30929E+11,130929441622,-441622,True
2021-10-07,2021-10-07,1994,0244fdeb-efd5-de9d-5d47-2d25d2f583e8,1.31034E+11,131034394804,-394804,True
2021-10-08,2021-10-08,1997,2c9892bd-c2c5-e86b-6b02-182dc139b73b,1.31097E+11,131096797979,202021,True
2021-10-09,2021-10-09,2000,cb46fa95-76d8-335c-51fc-85d5c33a8f97,1.31303E+11,131302556743,443257,True
2021-10-10,2021-10-10,2003,e42742b4-99f2-af14-c4b0-7651e11711d5,1.31412E+11,131411867912,132088,True
2021-10-11,2021-10-11,2213,d1259ab3-3e0a-0f9b-c331-776ec0e14796,1.31519E+11,131518717810,282190,True
2021-10-12,2021-10-12,2216,6f79bc82-cb5f-b980-ca92-a0256f353db7,1.31672E+11,131672255906,-255906,True
2021-10-13,2021-10-13,2006,5795eeba-0678-51f3-e44e-abc5372064cc,1.21102E+11,121102093763,-93763,True
2021-10-14,2021-10-14,2009,62fbfb71-d574-f816-9b05-042c8742995a,1.21364E+11,121363962265,37735,True
2021-10-15,2021-10-15,2012,8eefd283-92d6-ca85-6b3b-36ca5f0e9e9b,1.21762E+11,121761610324,389676,True
2021-10-16,2021-10-16,2015,9bd331af-a7b1-0491-4e68-771d2b1d9d57,1.22108E+11,122108337354,-337354,True
2021-10-17,2021-10-17,2018,4b812afd-0e1f-7be9-e3ab-428277d1c710,1.2243E+11,122429735451,264549,True
2021-10-18,2021-10-18,2021,1517f3a1-4016-dd1f-577a-00bd4c0bf996,1.22793E+11,122792585898,414102,True
2021-10-19,2021-10-19,2024,95f085f5-3ef6-2a8e-7329-b97992a9134d,1.23132E+11,123131660782,339218,True
2021-10-20,2021-10-20,2027,1e73a24e-e35c-0db0-8e38-b0b1e3997f44,1.23415E+11,123415264747,-264747,True
2021-10-21,2021-10-21,2030,20fdd219-380a-7aec-06c7-9aacaed88ff0,1.16698E+11,116698011730,-11730,True
2021-10-22,2021-10-22,2033,cc9befa7-c891-8e80-4a69-f9f82a4ba576,1.09013E+11,109012976983,23017,True
2021-10-23,2021-10-23,2036,cf93b556-1d03-9a78-a90f-1348ab1bd383,1.05013E+11,105013108561,-108561,True
2021-10-24,2021-10-24,2039,b114298a-31fd-c114-fe8a-1961ea28f6ee,1.05312E+11,105311811877,188123,True
2021-10-25,2021-10-25,2042,907ac461-24e9-269b-e9d4-bc39d87ea1c5,1.05608E+11,105607747679,252321,True
2021-10-26,2021-10-26,2045,7b0e4e24-183b-8813-7a0b-43975b027fc5,1.05886E+11,105885786757,213243,True
2021-10-27,2021-10-27,2051,e5b142ee-bc42-8c5a-9c73-d36914db9f4a,1.06115E+11,106115484057,-484057,True
2021-10-28,2021-10-28,2054,aa02dbd2-467d-abd4-9b4a-14e1d8d42b09,1.06229E+11,106229223087,-223087,True
2021-10-29,2021-10-29,2057,2f63c3e8-6adc-3d28-5df8-5254994755cc,1.06413E+11,106413367573,-367573,True
2021-10-30,2021-10-30,2060,fa8798b5-dd1c-ec09-6998-3c38bd5e35d6,1.0808E+11,108080121488,-121488,True
2021-10-31,2021-10-31,2063,fe038d86-a2d4-3a95-b8bf-b020e6735ebc,1.08916E+11,108915918509,81491,True
2021-11-01,2021-11-01,2066,143b1db6-aa20-a359-5ac1-96da1811163a,1.0911E+11,109110156030,-156030,True
2021-11-02,2021-11-02,2069,50ca2846-f04b-d6c1-9192-59082b88d9e9,1.0938E+11,109379959355,40645,True
2021-11-03,2021-11-03,2072,eb6f7b12-6d63-5ccc-cdfe-289c5ec9afff,1.09713E+11,109713077968,-77968,True
2021-11-04,2021-11-04,2075,5c4861e2-0cef-18c2-9f0f-8b9b589d8069,1.09943E+11,109943255918,-255918,True
2021-11-05,2021-11-05,2078,d231461e-8f37-b238-5f84-1672f266014b,1.07734E+11,107733605326,394674,True
2021-11-06,2021-11-06,2081,ed0686f0-343c-184e-270a-860fb9e604ea,1.07929E+11,107929273800,-273800,True
2021-11-07,2021-11-07,2084,9deef6c3-27a2-8d0d-b997-604d592c05c4,1.08066E+11,108066236005,-236005,True
2021-11-08,2021-11-08,2087,149f7f9d-5f51-687e-6193-80b1a9aace14,1.08272E+11,108271837619,162381,True
2021-11-09,2021-11-09,2090,36fbf7e3-d84c-06ff-7f58-0e7acb769a7f,1.08543E+11,108542677657,322343,True
2021-11-10,2021-11-10,2219,b9f3fc66-59d5-f901-c044-391999367e69,1.07284E+11,107284226002,-226002,True
2021-11-11,2021-11-11,2222,e43170c9-ad17-dabe-c4c1-0b59c02b2c21,1.07551E+11,107550992076,7924,True
2021-11-12,2021-11-12,2048,7aed8bc8-2daa-31bd-49bd-399a8d4b1abc,1.07668E+11,107668453168,-453168,True
2021-11-13,2021-11-13,2093,6fbb7a58-1413-5c0a-bba1-a531adb18532,1.07841E+11,107840767649,232351,True
2021-11-14,2021-11-14,2096,df51e783-53bd-eb6e-6cf2-cbf8bf7dd479,1.07956E+11,107955946987,53013,True
2021-11-15,2021-11-15,2099,a28a6560-c4c5-59b3-538b-e1d5417274ae,1.08015E+11,108014568019,431981,True
2021-11-16,2021-11-16,2102,b54d98a5-e0de-3483-57fb-bd6d6692889c,1.00503E+11,100503044681,-44681,True
2021-11-17,2021-11-17,2105,c42804a6-8b9b-b075-a2a8-d6a25829296c,93772344280,93772344280,0,True
2021-11-18,2021-11-18,2108,2754981f-ae35-7d82-7d71-17e7ceb30a02,93896800590,93896800590,0,True
2021-11-19,2021-11-19,2111,c7f7121c-7bfd-36c9-7d1c-fbf6af5a73ee,89662638569,89662638569,0,True
2021-11-20,2021-11-20,2112,4002362d-523c-13f8-3e46-4b89f1f7b30b,89644856640,89644856640,0,True
2021-11-21,2021-11-21,2113,0168c873-56ce-0a0c-701b-6ad1ac6b448b,89628398344,89628398344,0,True
2021-11-22,2021-11-22,2114,669d54fe-9323-33f6-2b7b-623a3549149d,89602274165,89602274165,0,True
2021-11-23,2021-11-23,2115,4434f0fe-0001-340c-5b5e-24d1b65ea60e,89575335469,89575335469,0,True
2021-11-24,2021-11-24,2116,55147755-33c0-1520-8507-d3285aeca480,89548413380,89548413380,0,True
2021-11-25,2021-11-25,2117,9fef0720-9667-0a91-b0a4-2b2f73b374da,89521643354,89521643354,0,True
2021-11-26,2021-11-26,2119,a62bff31-1808-5425-7d23-a8ab4947f6fc,89326389049,89326389049,0,True
2021-11-27,2021-11-27,2121,167d7d25-4b28-1810-cb3b-fe2e813c422f,90464617476,90464617476,0,True
2021-11-28,2021-11-28,2123,a4bce781-fdf3-3c79-dfa0-e3c2b3827ee3,91145789055,91145789055,0,True
2021-11-29,2021-11-29,2124,744678d7-1acd-0001-7947-8ce225a4fcab,89271599399,89271599399,0,True
2021-11-30,2021-11-30,2223,c7d7824f-8eed-f9e3-a34b-fabd2f76230c,89245722363,89245722363,0,True
2021-12-01,2021-12-01,2224,7a85738f-b328-79d9-99ce-8c93fd7019bf,89161942976,89161942976,0,True
2021-12-02,2021-12-02,2225,53c8f398-657a-cde6-9514-5c502e4eee37,89135552312,89135552312,0,True
2021-12-03,2021-12-03,2226,7d8e1d7c-66e6-6fb0-020b-8a13e83b2107,89108910180,89108910180,0,True
2021-12-04,2021-12-04,2227,df7f6ec6-c6f6-0476-fe64-93172747de9d,80856350997,80856350997,0,True
2021-12-05,2021-12-05,2228,4213ac9b-fc3a-5812-0a5c-e95d538fea9e,80933182026,80933182026,0,True
2021-12-06,2021-12-06,2229,d2b933d6-1a96-cb8e-2937-173a0a9cfc13,80986695888,80986695888,0,True
2021-12-07,2021-12-07,2230,fb17eec3-3759-d381-c6f1-115e60ca356e,72588301766,72588301766,0,True
2021-12-08,2021-12-08,2231,4107f85d-7d1c-596a-0e17-83e33310b83c,72588360356,72588360356,0,True
2021-12-09,2021-12-09,2232,896593cd-365a-3186-c310-100eb7a74310,72588274080,72588274080,0,True
2021-12-10,2021-12-10,2233,02e6c6b9-377a-81e6-5c7a-b4835186dbc6,72588186305,72588186305,0,True
2021-12-11,2021-12-11,2234,d31bb5e8-5375-119c-9463-3e1679b67857,72588106420,72588106420,0,True
2021-12-12,2021-12-12,2235,04c47cc3-a16e-1937-26ce-871742ee74b5,72588074429,72588074429,0,True
2021-12-13,2021-12-13,2236,c865f786-2cbf-c0bc-b4e1-e2b6c1f42b8d,72588103901,72588103901,0,True
2021-12-14,2021-12-14,2237,7bcd9c74-4607-a2ec-50a2-3970ff9add9c,72588150518,72588150518,0,True
2021-12-15,2021-12-15,2238,5bb942fc-29f4-8bbc-b8b5-4f138f5cc3c5,72588110689,72588110689,0,True
2021-12-16,2021-12-16,2239,ae93ede4-0ee4-0757-ef40-022353e3eaac,72588044837,72588044837,0,True
2021-12-17,2021-12-17,2240,e48cef6b-758c-b205-4209-e5b234172333,72587955931,72587955931,0,True
2021-12-18,2021-12-18,2241,7b23a49d-82f4-360b-5efe-135287741e60,72587951764,72587951764,0,True
2021-12-19,2021-12-19,2242,5b1f672d-7aee-8db9-bcea-71843f04044b,72587910875,72587910875,0,True
2021-12-20,2021-12-20,2243,35e06953-68c9-ee4d-149e-ab05911519af,72587854072,72587854072,0,True
2021-12-21,2021-12-21,2244,16293000-d0fe-f971-488c-3ccf7ccce6ff,72581240425,72581240425,0,True
2021-12-22,2021-12-22,2245,88ac6b49-4541-0ec8-f372-2817dd6f4270,72574544048,72574544048,0,True
2021-12-23,2021-12-23,2246,0f8bba68-d6cc-fc0b-11ad-70e592f3b221,72953683894,72953683894,0,True
2021-12-24,2021-12-24,2247,6c6d987e-22d2-34b7-ad14-bdabc7fddd27,73705536952,73705536952,0,True
2021-12-25,2021-12-25,2248,51d2cd45-b41f-0707-045a-3ff9f541cdae,73701556518,73701556518,0,True
2021-12-26,2021-12-26,2249,59ea75d5-33d5-e5e1-4dd2-56ef9e00b309,73705106064,73705106064,0,True
2021-12-27,2021-12-27,2250,53031e36-fcbe-7d53-a997-ccac44cfc4ce,73697146210,73697146210,0,True
2021-12-28,2021-12-28,2251,7214ee6c-ecc8-60ac-5d57-d2f03ff25e47,73709944149,73709944149,0,True
2021-12-29,2021-12-29,2252,6c526b21-0a5a-f0e8-c3f5-499daa375716,73715363436,73715363436,0,True
2021-12-30,2021-12-30,2253,317d145f-5ea5-b7bb-c283-b1230b667d9d,73727132776,73727132776,0,True
2021-12-31,2021-12-31,2254,078caeee-eaae-0109-95cb-0dc89a8c6962,73726973405,73726973405,0,True
