posting_date,wallet_present,wallet_sat,model_sat,difference_sat,cumulative_difference_sat,within_wallet_period
2018-03-05,True,-1910004,-1910004.0,0.0,0.0,True
2018-03-06,True,-6358364,-6358364.0,0.0,0.0,True
2018-03-07,True,-1547227,-1547227.0,0.0,0.0,True
2018-03-08,True,4735248,4735248.000000009,9.313225746154785e-09,9.313225746154785e-09,True
2018-03-09,True,3630907,3630906.9999999967,-3.259629011154175e-09,6.05359673500061e-09,True
2018-03-10,True,-6403106,-6403106.00000001,-1.0244548320770264e-08,-4.190951585769653e-09,True
2018-03-11,True,-3507086,-3507086.0000000033,-3.259629011154175e-09,-7.450580596923828e-09,True
2018-03-12,True,4152832,4152831.888888888,-0.1111111119389534,-0.111111119389534,True
2018-03-13,True,-21090265,-21090265.409239683,-0.40923968330025673,-0.5203508026897907,True
2018-03-14,True,-31394156,-31394155.479648557,0.5203514434397221,6.407499313354492e-07,True
2018-03-15,True,32075933,32075933.00000001,1.1175870895385742e-08,6.51925802230835e-07,True
2018-03-16,True,49775425,49775425.000000514,5.140900611877441e-07,1.166015863418579e-06,True
2018-03-17,True,22969383,22969382.99999996,-4.0978193283081055e-08,1.125037670135498e-06,True
2018-03-18,False,0,0.0,0.0,1.125037670135498e-06,True
2018-03-19,True,8837371,8837370.999999898,-1.0244548320770264e-07,1.0225921869277954e-06,True
2018-03-20,True,116909836,116909836.00000031,3.129243850708008e-07,1.3355165719985962e-06,True
2018-03-21,True,-244125250,-244125250.10095552,-0.10095551609992981,-0.10095418058335781,True
2018-03-22,True,48534757,48534757.100954324,0.1009543240070343,1.434236764907837e-07,True
2018-03-23,False,0,0.0,0.0,1.434236764907837e-07,True
2018-03-24,False,0,0.0,0.0,1.434236764907837e-07,True
2018-03-25,False,0,0.0,0.0,1.434236764907837e-07,True
2018-03-26,False,0,0.0,0.0,1.434236764907837e-07,True
2018-03-27,False,0,0.0,0.0,1.434236764907837e-07,True
2018-03-28,False,0,0.0,0.0,1.434236764907837e-07,True
2018-03-29,True,-4377354,-4377353.5952376425,0.4047623574733734,0.4047625008970499,True
2018-03-30,True,83256038,83256037.59524053,-0.4047594666481018,3.034248948097229e-06,True
2018-03-31,True,36407160,36407159.999996625,-3.375113010406494e-06,-3.4086406230926514e-07,True
2018-04-01,True,-39384601,-39384600.99999261,7.3909759521484375e-06,7.050111889839172e-06,True
2018-04-02,True,-57338557,-57338557.00000377,-3.769993782043457e-06,3.2801181077957153e-06,True
2018-04-03,True,-38825229,-38825228.999999605,3.948807716369629e-07,3.6749988794326782e-06,True
2018-04-04,True,3698744,3698743.9999998454,-1.5459954738616943e-07,3.520399332046509e-06,True
2018-04-05,True,10228935,10228934.999999646,-3.5390257835388184e-07,3.166496753692627e-06,True
2018-04-06,True,24791006,24791005.99999981,-1.8998980522155762e-07,2.9765069484710693e-06,True
2018-04-07,True,-3974904,-3974904.0,0.0,2.9765069484710693e-06,True
2018-04-08,True,54105,54105.0,0.0,2.9765069484710693e-06,True
2018-04-09,True,27955181,27955180.99999998,-1.862645149230957e-08,2.9578804969787598e-06,True
2018-04-10,True,13478235,13478235.000000041,4.0978193283081055e-08,2.998858690261841e-06,True
2018-04-11,False,0,0.0,0.0,2.998858690261841e-06,True
2018-04-12,True,632753,632753.0,0.0,2.998858690261841e-06,True
2018-04-13,True,4633657,4633656.666666248,-0.33333375211805105,-0.3333307532593608,True
2018-04-14,True,56330627,56330627.333334126,0.3333341255784035,3.3723190426826477e-06,True
2018-04-15,True,-74601730,-74601729.99999793,2.0712614059448242e-06,5.443580448627472e-06,True
2018-04-16,True,45716144,45716144.00000373,3.732740879058838e-06,9.17632132768631e-06,True
2018-04-17,True,99587101,99587100.99999629,-3.7103891372680664e-06,5.465932190418243e-06,True
2018-04-18,True,86710942,86710942.0000013,1.296401023864746e-06,6.7623332142829895e-06,True
2018-04-19,True,-120570108,-120570108.00003026,-3.026425838470459e-05,-2.35019251704216e-05,True
2018-04-20,True,37481502,37481501.999994755,-5.245208740234375e-06,-2.8747133910655975e-05,True
2018-04-21,True,37951682,37951681.99999843,-1.5720725059509277e-06,-3.0319206416606903e-05,True
2018-04-22,True,7038462,7038461.999999719,-2.812594175338745e-07,-3.060046583414078e-05,True
2018-04-23,True,8980670,8980669.999999655,-3.4458935260772705e-07,-3.0945055186748505e-05,True
2018-04-24,True,84361648,84361648.00000043,4.3213367462158203e-07,-3.0512921512126923e-05,True
2018-04-25,True,-6876912,-6876912.000004883,-4.882924258708954e-06,-3.5395845770835876e-05,True
2018-04-26,True,170204947,170204947.00000146,1.4603137969970703e-06,-3.3935531973838806e-05,True
2018-04-27,True,1718121,1718121.0,0.0,-3.3935531973838806e-05,True
2018-04-28,True,54595876,54595875.99999896,-1.043081283569336e-06,-3.497861325740814e-05,True
2018-04-29,True,-1731985,-1731985.0000000633,-6.332993507385254e-08,-3.5041943192481995e-05,True
2018-04-30,True,496625,496625.00000035204,3.520399332046509e-07,-3.4689903259277344e-05,True
2018-05-01,False,0,0.0,0.0,-3.4689903259277344e-05,True
2018-05-02,True,3889155,3889155.0,0.0,-3.4689903259277344e-05,True
2018-05-03,False,0,0.0,0.0,-3.4689903259277344e-05,True
2018-05-04,True,-20595195,-20595194.999984458,1.5541911125183105e-05,-1.9147992134094238e-05,True
2018-05-05,False,0,0.0,0.0,-1.9147992134094238e-05,True
2018-05-06,True,2585069,2585069.0,0.0,-1.9147992134094238e-05,True
2018-05-07,True,12949628,12949628.000000931,9.313225746154785e-07,-1.821666955947876e-05,True
2018-05-08,False,0,0.0,0.0,-1.821666955947876e-05,True
2018-05-09,False,0,0.0,0.0,-1.821666955947876e-05,True
2018-05-10,False,0,0.0,0.0,-1.821666955947876e-05,True
2018-05-11,False,0,0.0,0.0,-1.821666955947876e-05,True
2018-05-12,True,214067210,214067209.99999353,-6.467103958129883e-06,-2.4683773517608643e-05,True
2018-05-13,True,9434026,9434026.0,0.0,-2.4683773517608643e-05,True
2018-05-14,True,9101193,9101193.0,0.0,-2.4683773517608643e-05,True
2018-05-15,True,4451860,4451860.000000136,1.3597309589385986e-07,-2.4547800421714783e-05,True
2018-05-16,True,87982015,87982015.00000109,1.087784767150879e-06,-2.3460015654563904e-05,True
2018-05-17,True,13314440,13314440.0,0.0,-2.3460015654563904e-05,True
2018-05-18,False,0,0.0,0.0,-2.3460015654563904e-05,True
2018-05-19,True,3558972,3558971.9999998948,-1.0523945093154907e-07,-2.3565255105495453e-05,True
2018-05-20,True,10117951,10117951.000000179,1.7881393432617188e-07,-2.338644117116928e-05,True
2018-05-21,True,-1761548,-1761548.0,0.0,-2.338644117116928e-05,True
2018-05-22,True,8576357,8576357.0,0.0,-2.338644117116928e-05,True
2018-05-23,True,-68722243,-68722243.0000028,-2.8014183044433594e-06,-2.618785947561264e-05,True
2018-05-24,True,-477220696,-477220695.9999877,1.2278556823730469e-05,-1.3909302651882172e-05,True
2018-05-25,True,45044602,45044601.99999853,-1.4677643775939941e-06,-1.5377067029476166e-05,True
2018-05-26,True,139148116,139148115.973472,-0.026528000831604004,-0.02654337789863348,True
2018-05-27,True,-18900711,-18900710.97347164,0.026528358459472656,-1.5019439160823822e-05,True
2018-05-28,True,-11788962,-11788962.000000196,-1.955777406692505e-07,-1.5215016901493073e-05,True
2018-05-29,True,6082273,6082272.999995913,-4.08664345741272e-06,-1.9301660358905792e-05,True
2018-05-30,True,51943196,51943195.999999695,-3.0547380447387695e-07,-1.960713416337967e-05,True
2018-05-31,True,42819050,42819050.00081987,0.000819869339466095,0.0008002622053027153,True
2018-06-01,True,46473340,46473339.99918001,-0.0008199885487556458,-1.972634345293045e-05,True
2018-06-02,True,3,3.0,0.0,-1.972634345293045e-05,True
2018-06-03,True,-576007,-576006.999999267,7.329508662223816e-07,-1.899339258670807e-05,True
2018-06-04,True,29414559,29414559.00732553,0.007325530052185059,0.0073065366595983505,True
2018-06-05,True,47414512,47414511.79264142,-0.20735857635736465,-0.2000520396977663,True
2018-06-06,True,7865738,7865738.2012203,0.2012203000485897,0.0011682603508234024,True
2018-06-07,True,20136839,20136839.104347643,0.10434764251112938,0.10551590286195278,True
2018-06-08,True,7,7.0,0.0,0.10551590286195278,True
2018-06-09,True,7,7.0,0.0,0.10551590286195278,True
2018-06-10,True,24721342,24721342.374989774,0.3749897740781307,0.4805056769400835,True
2018-06-11,True,35124042,35124041.52074309,-0.47925691306591034,0.0012487638741731644,True
2018-06-12,True,-2267319,-2267318.391927451,0.6080725491046906,0.6093213129788637,True
2018-06-13,True,26878917,26878915.89104563,-1.10895437002182,-0.49963305704295635,True
2018-06-14,True,31233244,31233244.535962176,0.535962175577879,0.0363291185349226,True
2018-06-15,True,63469436,63469435.97101692,-0.02898307889699936,0.007346039637923241,True
2018-06-16,True,85348917,85348916.9926328,-0.007367193698883057,-2.115406095981598e-05,True
2018-06-17,True,52639970,52639970.00000095,9.5367431640625e-07,-2.020038664340973e-05,True
2018-06-18,True,4810570,4810570.000000096,9.592622518539429e-08,-2.0104460418224335e-05,True
2018-06-19,True,22027903,22027902.500213753,-0.49978624656796455,-0.4998063510283828,True
2018-06-20,True,28249089,28249089.08857107,0.08857107162475586,-0.4112352794036269,True
2018-06-21,True,40081915,40081915.601355255,0.601355254650116,0.19011997524648905,True
2018-06-22,True,29367503,29367502.809855804,-0.19014419615268707,-2.422090619802475e-05,True
2018-06-23,True,101064449,101064448.99999909,-9.08970832824707e-07,-2.5129877030849457e-05,True
2018-06-24,True,-215248803,-215248803.00000277,-2.771615982055664e-06,-2.790149301290512e-05,True
2018-06-25,True,44751210,44751209.99999327,-6.727874279022217e-06,-3.462936729192734e-05,True
2018-06-26,True,31195750,31195750.351677183,0.35167718306183815,0.3516425536945462,True
2018-06-27,True,13566687,13566687.107131645,0.10713164508342743,0.45877419877797365,True
2018-06-28,True,9100457,9100456.540555945,-0.45944405533373356,-0.0006698565557599068,True
2018-06-29,True,-86714710,-86714709.9993606,0.0006393939256668091,-3.0462630093097687e-05,True
2018-06-30,True,53438022,53438022.00000332,3.3229589462280273e-06,-2.713967114686966e-05,True
2018-07-01,True,18494111,18494111.99999961,0.9999996088445187,0.9999724691733718,True
2018-07-02,True,17005042,17005041.00009936,-0.9999006390571594,7.183011621236801e-05,True
2018-07-03,True,75650673,75650672.99989882,-0.00010117888450622559,-2.9348768293857574e-05,True
2018-07-04,True,81529469,81529469.00000285,2.8461217880249023e-06,-2.6502646505832672e-05,True
2018-07-05,True,10110916,10110916.000551013,0.0005510132759809494,0.0005245106294751167,True
2018-07-06,True,-6,-6.0,0.0,0.0005245106294751167,True
2018-07-07,True,-6,-6.0,0.0,0.0005245106294751167,True
2018-07-08,True,48093208,48093209.67019293,1.670192927122116,1.6707174377515912,True
2018-07-09,True,3814925,3814923.105185032,-1.8948149681091309,-0.22409753035753965,True
2018-07-10,True,45877477,45877477.049950875,0.04995087534189224,-0.1741466550156474,True
2018-07-11,True,70508250,70508250.17401262,0.17401261627674103,-0.00013403873890638351,True
2018-07-12,True,728715,728715.0,0.0,-0.00013403873890638351,True
2018-07-13,True,86021262,86021262.00010976,0.00010976195335388184,-2.427678555250168e-05,True
2018-07-14,True,77534088,77534088.00000033,3.2782554626464844e-07,-2.394896000623703e-05,True
2018-07-15,True,4191320,4191319.9999992047,-7.953494787216187e-07,-2.474430948495865e-05,True
2018-07-16,True,-65904904,-65904901.0,3.0,2.999975255690515,True
2018-07-17,True,51618085,51618082.000194386,-2.9998056143522263,0.00016964133828878403,True
2018-07-18,True,-504218655,-504218654.7298844,0.27011561393737793,0.2702852552756667,True
2018-07-19,True,249581814,249581820.16473907,6.1647390723228455,6.435024327598512,True
2018-07-20,True,115292225,115292217.55525516,-7.44474484026432,-1.0097205126658082,True
2018-07-21,True,21447729,21447730.00970138,1.0097013786435127,-1.9134022295475006e-05,True
2018-07-22,True,15042001,15042000.69356615,-0.3064338508993387,-0.3064529849216342,True
2018-07-23,True,46321979,46321979.30643061,0.3064306080341339,-2.2376887500286102e-05,True
2018-07-24,True,-44722304,-44722297.1578556,6.842144399881363,6.842122022993863,True
2018-07-25,True,216232316,216232309.1578509,-6.8421491086483,-2.708565443754196e-05,True
2018-07-26,True,171900817,171900816.1065598,-0.8934401869773865,-0.893467272631824,True
2018-07-27,True,240601570,240601570.8934213,0.8934212923049927,-4.598032683134079e-05,True
2018-07-28,True,16741018,16741017.756943058,-0.24305694177746773,-0.24310292210429907,True
2018-07-29,True,51932142,51932142.24305173,0.24305173009634018,-5.119200795888901e-05,True
2018-07-30,True,26134395,26134394.001367368,-0.9986326321959496,-0.9986838242039084,True
2018-07-31,True,86560261,86560262.21360779,1.2136077880859375,0.21492396388202906,True
2018-08-01,True,-510750372,-510750372.80092084,-0.800920844078064,-0.5859968801960349,True
2018-08-02,True,221385233,221385233.58593374,0.5859337449073792,-6.31352886557579e-05,True
2018-08-03,True,-60946973,-60946972.88451882,0.1154811829328537,0.11541804764419794,True
2018-08-04,True,37291896,37291895.39600131,-0.6039986908435822,-0.4885806431993842,True
2018-08-05,True,-387063998,-387063994.09484404,3.9051559567451477,3.4165753135457635,True
2018-08-06,True,51604310,51604306.72480419,-3.2751958072185516,0.14137950632721186,True
2018-08-07,True,265547497,265547496.85854492,-0.14145508408546448,-7.55777582526207e-05,True
2018-08-08,True,29095989,29095986.713404655,-2.286595344543457,-2.2866709223017097,True
2018-08-09,True,170312384,170312386.28635842,2.286358416080475,-0.00031250622123479843,True
2018-08-10,True,584261957,584261956.5138875,-0.48611247539520264,-0.48642498161643744,True
2018-08-11,True,22213193,22213193.48633673,0.48633673042058945,-8.825119584798813e-05,True
2018-08-12,True,259149072,259149071.8818832,-0.11811679601669312,-0.1182050472125411,True
2018-08-13,True,-58431577,-58431576.88189606,0.11810393631458282,-0.00010111089795827866,True
2018-08-14,True,-198376088,-198376087.9987507,0.0012493133544921875,0.0011482024565339088,True
2018-08-15,True,98569561,98569560.99874675,-0.0012532472610473633,-0.00010504480451345444,True
2018-08-16,True,-20375663,-20375663.23017284,-0.23017283901572227,-0.23027788382023573,True
2018-08-17,True,194483409,194483409.2011794,0.2011793851852417,-0.02909849863499403,True
2018-08-18,True,-144932353,-144932352.97100052,0.02899947762489319,-9.902101010084152e-05,True
2018-08-19,True,72706073,72706073.9999935,0.9999935030937195,0.9998944820836186,True
2018-08-20,True,-15679569,-15679569.99990419,-0.9999041892588139,-9.707175195217133e-06,True
2018-08-21,True,10983213,10983213.000796955,0.0007969550788402557,0.0007872479036450386,True
2018-08-22,True,13078942,13078941.999086186,-0.0009138137102127075,-0.00012656580656766891,True
2018-08-23,True,83769947,83769947.00793824,0.007938235998153687,0.007811670191586018,True
2018-08-24,True,34947615,34947614.99312747,-0.006872527301311493,0.0009391428902745247,True
2018-08-25,True,-168554728,-168554728.0010179,-0.0010178983211517334,-7.875543087720871e-05,True
2018-08-26,True,68477557,68477556.99993283,-6.717443466186523e-05,-0.00014592986553907394,True
2018-08-27,True,-32545738,-32545738.474944763,-0.4749447628855705,-0.4750906927511096,True
2018-08-28,True,-248604448,-248604447.52405328,0.47594672441482544,0.0008560316637158394,True
2018-08-29,True,102134998,102134997.9990046,-0.0009953975677490234,-0.00013936590403318405,True
2018-08-30,True,-80589940,-80589939.81535329,0.18464671075344086,0.18450734484940767,True
2018-08-31,True,159776184,159776183.541074,-0.4589259922504425,-0.27441864740103483,True
2018-09-01,True,-3748490,-3748489.237227292,0.7627727081999183,0.48835406079888344,True
2018-09-02,True,50478088,50478087.51107353,-0.4889264702796936,-0.0005724094808101654,True
2018-09-03,True,115584915,115584914.88923118,-0.11076882481575012,-0.11134123429656029,True
2018-09-04,True,249434,249433.4814889226,-0.5185110773891211,-0.6298523116856813,True
2018-09-05,True,589982143,589982142.3796709,-0.6203291416168213,-1.2501814533025026,True
2018-09-06,True,-1193728792,-1193728782.4531636,9.546836376190186,8.296654922887683,True
2018-09-07,True,67712863,67712854.70339634,-8.296603664755821,5.1258131861686707e-05,True
2018-09-08,True,-18,-18.0,0.0,5.1258131861686707e-05,True
2018-09-09,True,112002682,112002682.37928857,0.37928856909275055,0.37933982722461224,True
2018-09-10,True,296431088,296431087.62048423,-0.37951576709747314,-0.0001759398728609085,True
2018-09-11,True,34934613,34934613.0,0.0,-0.0001759398728609085,True
2018-09-12,True,-11,-11.0,0.0,-0.0001759398728609085,True
2018-09-13,True,-2704472,-2704472.000000339,-3.390014171600342e-07,-0.00017627887427806854,True
2018-09-14,True,-64805896,-64805896.33355458,-0.33355458080768585,-0.3337308596819639,True
2018-09-15,True,70591382,70591382.33367103,0.33367103338241577,-5.982629954814911e-05,True
2018-09-16,True,-24,-24.0,0.0,-5.982629954814911e-05,True
2018-09-17,True,-1,-1.0,0.0,-5.982629954814911e-05,True
2018-09-18,True,-2,-2.0,0.0,-5.982629954814911e-05,True
2018-09-19,True,-5,-5.0,0.0,-5.982629954814911e-05,True
2018-09-20,True,2,2.0,0.0,-5.982629954814911e-05,True
2018-09-21,True,-5,-5.0,0.0,-5.982629954814911e-05,True
2018-09-22,True,-482,-482.00012373924255,-0.00012373924255371094,-0.00018356554210186005,True
2018-09-23,False,0,0.0,0.0,-0.00018356554210186005,True
2018-09-24,True,-10184494,-10184492.999997536,1.0000024642795324,0.9998188987374306,True
2018-09-25,True,636,635.0,-1.0,-0.0001811012625694275,True
2018-09-26,True,-6,-6.0,0.0,-0.0001811012625694275,True
2018-09-27,True,3,3.0,0.0,-0.0001811012625694275,True
2018-09-28,True,-5,-5.0,0.0,-0.0001811012625694275,True
2018-09-29,True,-5,-5.0,0.0,-0.0001811012625694275,True
2018-09-30,True,-6,-6.0,0.0,-0.0001811012625694275,True
2018-10-01,True,-9,-9.0,0.0,-0.0001811012625694275,True
2018-10-02,True,-6,-6.0,0.0,-0.0001811012625694275,True
2018-10-03,True,-6,-6.0,0.0,-0.0001811012625694275,True
2018-10-04,True,-6,-6.0,0.0,-0.0001811012625694275,True
2018-10-05,True,-11,-11.0,0.0,-0.0001811012625694275,True
2018-10-06,True,-15,-15.0,0.0,-0.0001811012625694275,True
2018-10-07,True,-6,-6.0,0.0,-0.0001811012625694275,True
2018-10-08,True,-6,-6.0,0.0,-0.0001811012625694275,True
2018-10-09,True,-9,-9.0,0.0,-0.0001811012625694275,True
2018-10-10,True,15845686,15845686.0,0.0,-0.0001811012625694275,True
2018-10-11,True,79215698,79215698.00007875,7.875263690948486e-05,-0.00010234862565994263,True
2018-10-12,True,116350407,116350406.99992976,-7.024407386779785e-05,-0.00017259269952774048,True
2018-10-13,True,21205615,21205615.0,0.0,-0.00017259269952774048,True
2018-10-14,True,-14,-14.0,0.0,-0.00017259269952774048,True
2018-10-15,True,481478131,481478130.7064336,-0.29356640577316284,-0.2937389984726906,True
2018-10-16,True,-28732731,-28732730.70643632,0.29356367886066437,-0.0001753196120262146,True
2018-10-17,True,18178667,18178667.0,0.0,-0.0001753196120262146,True
2018-10-18,True,3,3.0,0.0,-0.0001753196120262146,True
2018-10-19,True,24937575,24937575.000000212,2.123415470123291e-07,-0.00017510727047920227,True
2018-10-20,True,6,6.0,0.0,-0.00017510727047920227,True
2018-10-21,True,6,6.0,0.0,-0.00017510727047920227,True
2018-10-22,True,6,6.0,0.0,-0.00017510727047920227,True
2018-10-23,True,6,6.0,0.0,-0.00017510727047920227,True
2018-10-24,True,6,6.0,0.0,-0.00017510727047920227,True
2018-10-25,True,6,6.0,0.0,-0.00017510727047920227,True
2018-10-26,True,6,6.0,0.0,-0.00017510727047920227,True
2018-10-27,True,7,7.0,0.0,-0.00017510727047920227,True
2018-10-28,True,6,6.0,0.0,-0.00017510727047920227,True
2018-10-29,True,6,6.0,0.0,-0.00017510727047920227,True
2018-10-30,True,14250219,14250218.998996183,-0.0010038167238235474,-0.0011789239943027496,True
2018-10-31,True,16,16.0,0.0,-0.0011789239943027496,True
2018-11-01,True,6,6.0,0.0,-0.0011789239943027496,True
2018-11-02,True,6,6.0,0.0,-0.0011789239943027496,True
2018-11-03,True,6,6.0,0.0,-0.0011789239943027496,True
2018-11-04,True,6,6.0,0.0,-0.0011789239943027496,True
2018-11-05,True,6,6.0,0.0,-0.0011789239943027496,True
2018-11-06,True,20,20.0,0.0,-0.0011789239943027496,True
2018-11-07,True,13,13.0,0.0,-0.0011789239943027496,True
2018-11-08,True,7,7.0,0.0,-0.0011789239943027496,True
2018-11-09,True,-319,-318.9989960193634,0.0010039806365966797,-0.00017494335770606995,True
2018-11-10,True,-33,-33.0,0.0,-0.00017494335770606995,True
2018-11-11,True,-10,-10.0,0.0,-0.00017494335770606995,True
2018-11-12,True,-6,-6.0,0.0,-0.00017494335770606995,True
2018-11-13,True,-12,-12.0,0.0,-0.00017494335770606995,True
2018-11-14,True,-32,-32.0,0.0,-0.00017494335770606995,True
2018-11-15,True,25472681,25472681.0,0.0,-0.00017494335770606995,True
2018-11-16,True,73,73.0,0.0,-0.00017494335770606995,True
2018-11-17,True,29,29.0,0.0,-0.00017494335770606995,True
2018-11-18,True,-43129923,-43129922.99999911,8.866190910339355e-07,-0.000174056738615036,True
2018-11-19,True,22147179,22147178.875480197,-0.12451980262994766,-0.1246938593685627,True
2018-11-20,True,69828837,69828836.88779663,-0.11220337450504303,-0.23689723387360573,True
2018-11-21,True,77877150,77877150.37125863,0.3712586313486099,0.1343613974750042,True
2018-11-22,True,160533324,160533323.97563788,-0.024362117052078247,0.10999928042292595,True
2018-11-23,True,552094846,552094845.8901505,-0.10984945297241211,0.00014982745051383972,True
2018-11-24,True,50687568,50687567.99967034,-0.0003296583890914917,-0.00017983093857765198,True
2018-11-25,True,1828570671,1828570671.3275244,0.32752442359924316,0.3273445926606655,True
2018-11-26,True,-92453598,-92453598.32743564,-0.3274356424808502,-9.104982018470764e-05,True
2018-11-27,True,1389291719,1389291718.7367954,-0.26320457458496094,-0.26329562440514565,True
2018-11-28,True,109587333,109587333.10295261,0.10295261442661285,-0.1603430099785328,True
2018-11-29,True,319704069,319704069.16010636,0.160106360912323,-0.0002366490662097931,True
2018-11-30,True,1108152148,1108152148.000191,0.00019097328186035156,-4.567578434944153e-05,True
2018-12-01,True,88706892,88706891.99985176,-0.00014823675155639648,-0.000193912535905838,True
2018-12-02,True,-366336947,-366336947.4401484,-0.44014841318130493,-0.44034232571721077,True
2018-12-03,True,467108788,467108788.48928195,0.48928195238113403,0.048939626663923264,True
2018-12-04,True,728321478,728321475.6388464,-2.3611536026000977,-2.3122139759361744,True
2018-12-05,True,190800473,190800475.31197366,2.311973661184311,-0.00024031475186347961,True
2018-12-06,True,637236655,637236654.7782282,-0.22177183628082275,-0.22201215103268623,True
2018-12-07,True,1031879570,1031879569.2491789,-0.7508211135864258,-0.972833264619112,True
2018-12-08,True,1147500845,1147500845.9726062,0.9726061820983887,-0.0002270825207233429,True
2018-12-09,True,-69337085,-69337084.52171353,0.478286474943161,0.47805939242243767,True
2018-12-10,True,263287176,263287175.5216752,-0.4783248007297516,-0.00026540830731391907,True
2018-12-11,True,-369122526,-369122486.4077113,39.59228867292404,39.59202326461673,True
2018-12-12,True,-179994381,-179994420.87412086,-39.874120861291885,-0.28209759667515755,True
2018-12-13,True,-396678596,-396678233.1000318,362.8999682068825,362.6178706102073,True
2018-12-14,True,641818350,641817988.2576131,-361.7423869371414,0.8754836730659008,True
2018-12-15,True,707109351,707109350.1243142,-0.8756858110427856,-0.00020213797688484192,True
2018-12-16,True,330229210,330229209.99999845,-1.5497207641601562e-06,-0.00020368769764900208,True
2018-12-17,True,395666001,395666106.52524954,105.52524954080582,105.52504585310817,True
2018-12-18,True,-2657595270,-2657595375.525708,-105.52570819854736,-0.0006623454391956329,True
2018-12-19,True,1252902643,1252902642.9998853,-0.00011467933654785156,-0.0007770247757434845,True
2018-12-20,True,151386273,151386273.0000146,1.4603137969970703e-05,-0.0007624216377735138,True
2018-12-21,True,851342262,851342261.1194165,-0.8805835247039795,-0.881345946341753,True
2018-12-22,True,588352894,588352895.243388,1.243388056755066,0.3620421104133129,True
2018-12-23,True,-199838693,-199838693.4973737,-0.49737370014190674,-0.13533158972859383,True
2018-12-24,True,325323951,325323951.13451016,0.13451015949249268,-0.0008214302361011505,True
2018-12-25,True,1261290051,1261290050.9999554,-4.458427429199219e-05,-0.0008660145103931427,True
2018-12-26,True,408307823,408307822.535285,-0.46471500396728516,-0.4655810184776783,True
2018-12-27,True,334250426,334250426.4645947,0.4645947217941284,-0.000986296683549881,True
2018-12-28,True,551743744,551743744.0000007,7.152557373046875e-07,-0.0009855814278125763,True
2018-12-29,True,15133353,15133351.745386485,-1.2546135149896145,-1.255599096417427,True
2018-12-30,True,-58399630,-58399628.74532819,1.2546718120574951,-0.0009272843599319458,True
2018-12-31,True,181786921,181786921.3308198,0.3308197855949402,0.32989250123500824,True
2019-01-01,True,346724781,346724781.1561478,0.1561477780342102,0.48604027926921844,True
2019-01-02,True,52389179,52389179.02559539,0.025595389306545258,0.5116356685757637,True
2019-01-03,True,39295750,39295749.85005721,-0.1499427929520607,0.361692875623703,True
2019-01-04,True,-8034,-8034.0,0.0,0.361692875623703,True
2019-01-05,True,-18379762,-18379762.394808996,-0.3948089964687824,-0.03311612084507942,True
2019-01-06,True,-3832,-3832.0,0.0,-0.03311612084507942,True
2019-01-07,True,68467444,68467444.27008876,0.2700887620449066,0.2369726411998272,True
2019-01-08,True,96365811,96365810.79655361,-0.2034463882446289,0.03352625295519829,True
2019-01-09,True,1720,1720.0,0.0,0.03352625295519829,True
2019-01-10,True,-174751764,-174751764.03445977,-0.03445976972579956,-0.0009335167706012726,True
2019-01-11,True,525140523,525140523.5164059,0.5164058804512024,0.5154723636806011,True
2019-01-12,True,671283205,671283204.4835955,-0.5164045095443726,-0.0009321458637714386,True
2019-01-13,True,-6334886,-6318006.0,16880.0,16879.999067854136,True
2019-01-14,True,613799304,613782428.0890274,-16875.910972595215,4.088095258921385,True
2019-01-15,True,703652698,703652695.0157099,-2.98429012298584,1.103805135935545,True
2019-01-16,True,534823274,534823273.2819871,-0.7180129289627075,0.38579220697283745,True
2019-01-17,True,189612127,189612126.44627804,-0.5537219643592834,-0.167929757386446,True
2019-01-18,True,-11435410,-11435410.0,0.0,-0.167929757386446,True
2019-01-19,True,-5465510,-5465510.0,0.0,-0.167929757386446,True
2019-01-20,True,7025163,7025163.0,0.0,-0.167929757386446,True
2019-01-21,True,680653805,680653804.2310219,-0.7689781188964844,-0.9369078762829304,True
2019-01-22,True,292986997,292986997.93600345,0.9360034465789795,-0.000904429703950882,True
2019-01-23,True,3117609,3117609.0,0.0,-0.000904429703950882,True
2019-01-24,True,20294104,20294104.0,0.0,-0.000904429703950882,True
2019-01-25,True,-5377,-5377.0,0.0,-0.000904429703950882,True
2019-01-26,True,-15785,-15785.0,0.0,-0.000904429703950882,True
2019-01-27,True,181479994,181479995.64277998,1.6427799761295319,1.641875546425581,True
2019-01-28,True,460163510,460163508.8848315,-1.1151685118675232,0.5267070345580578,True
2019-01-29,True,448714313,448714312.96452034,-0.03547966480255127,0.4912273697555065,True
2019-01-30,True,253488796,253488795.2733084,-0.7266916036605835,-0.23546423390507698,True
2019-01-31,True,-24585762,-24585762.765264813,-0.7652648128569126,-1.0007290467619896,True
2019-02-01,True,71855889,71855889.99981505,0.999815046787262,-0.0009139999747276306,True
2019-02-02,True,250493252,250493248.60122782,-3.398772180080414,-3.3996861800551414,True
2019-02-03,True,-34444616,-34444612.91481086,3.085189141333103,-0.31449703872203827,True
2019-02-04,True,847,847.0,0.0,-0.31449703872203827,True
2019-02-05,True,864,864.0,0.0,-0.31449703872203827,True
2019-02-06,True,990,990.0,0.0,-0.31449703872203827,True
2019-02-07,True,-482,-482.0,0.0,-0.31449703872203827,True
2019-02-08,True,102040922,102040922.10301128,0.10301128029823303,-0.21148575842380524,True
2019-02-09,True,131518626,131518625.97139455,-0.028605446219444275,-0.2400912046432495,True
2019-02-10,True,-93579258,-93579257.76081233,0.23918767273426056,-0.0009035319089889526,True
2019-02-11,True,129161528,129161527.85992706,-0.14007294178009033,-0.14097647368907928,True
2019-02-12,True,4634696,4634697.685375436,1.6853754362091422,1.544398962520063,True
2019-02-13,True,193741983,193741981.48660365,-1.5133963525295258,0.031002609990537167,True
2019-02-14,True,360,360.0,0.0,0.031002609990537167,True
2019-02-15,True,-3981052,-3981052.0,0.0,0.031002609990537167,True
2019-02-16,True,8390261,8390261.0,0.0,0.031002609990537167,True
2019-02-17,True,-546386671,-546386670.1811105,0.8188894987106323,0.8498921087011695,True
2019-02-18,True,202066302,202066301.1491754,-0.8508245944976807,-0.0009324857965111732,True
2019-02-19,True,-261475265,-261475265.38650513,-0.386505126953125,-0.3874376127496362,True
2019-02-20,True,148211857,148211856.448511,-0.551488995552063,-0.9389266083016992,True
2019-02-21,True,144115784,144115784.7678232,0.767823189496994,-0.17110341880470514,True
2019-02-22,True,93575877,93575877.17007679,0.17007678747177124,-0.0010266313329339027,True
2019-02-23,True,68974857,68974857.00000027,2.682209014892578e-07,-0.0010263631120324135,True
2019-02-24,True,3279962,3279962.0,0.0,-0.0010263631120324135,True
2019-02-25,True,363281948,363281947.7343254,-0.2656745910644531,-0.26670095417648554,True
2019-02-26,True,-225928335,-225928333.61881042,1.3811895847320557,1.1144886305555701,True
2019-02-27,True,70040758,70040757.17982186,-0.8201781362295151,0.29431049432605505,True
2019-02-28,True,5442618,5442617.704788538,-0.2952114623039961,-0.0009009679779410362,True
2019-03-01,True,150115796,150115796.00000373,3.725290298461914e-06,-0.0008972426876425743,True
2019-03-02,True,165586972,165586972.15422168,0.15422168374061584,0.15332444105297327,True
2019-03-03,True,-12881,-12881.0,0.0,0.15332444105297327,True
2019-03-04,True,17284750,17284749.84578111,-0.154218889772892,-0.0008944487199187279,True
2019-03-05,True,61999064,61999063.71474871,-0.28525128960609436,-0.2861457383260131,True
2019-03-06,True,655487065,655487065.698259,0.6982589960098267,0.41211325768381357,True
2019-03-07,True,216823346,216823345.14256552,-0.85743448138237,-0.4453212236985564,True
2019-03-08,True,-93127743,-93127742.69857025,0.30142974853515625,-0.14389147516340017,True
2019-03-09,True,-16637993,-16637993.0,0.0,-0.14389147516340017,True
2019-03-10,True,-17558297,-17558297.0,0.0,-0.14389147516340017,True
2019-03-11,True,-33167943,-33167943.10621889,-0.10621888935565948,-0.25011036451905966,True
2019-03-12,True,834330462,834330462.6010382,0.6010382175445557,0.350927853025496,True
2019-03-13,True,57520,57519.64818635583,-0.3518136441707611,-0.0008857911452651024,True
2019-03-14,True,4623,4623.0,0.0,-0.0008857911452651024,True
2019-03-15,True,-186898113,-186898112.7031569,0.29684311151504517,0.29595732036978006,True
2019-03-16,True,119058057,119058056.39687541,-0.603124588727951,-0.307167268358171,True
2019-03-17,True,93210593,93210592.9636386,-0.03636139631271362,-0.3435286646708846,True
2019-03-18,True,-53896481,-53896480.195077226,0.8049227744340897,0.46139410976320505,True
2019-03-19,True,50348688,50348687.80492422,-0.19507578015327454,0.2663183296099305,True
2019-03-20,True,-127,-127.0,0.0,0.2663183296099305,True
2019-03-21,True,-3958,-3958.0,0.0,0.2663183296099305,True
2019-03-22,True,-18854949,-18854949.07011322,-0.07011321932077408,0.19620511028915644,True
2019-03-23,True,-16503702,-16503702.0,0.0,0.19620511028915644,True
2019-03-24,True,105546267,105546266.1411627,-0.8588373064994812,-0.6626321962103248,True
2019-03-25,True,-12360040,-12360040.0,0.0,-0.6626321962103248,True
2019-03-26,True,318393977,318393977.54885995,0.5488599538803101,-0.1137722423300147,True
2019-03-27,True,8693298,8693298.0,0.0,-0.1137722423300147,True
2019-03-28,True,131555253,131555253.11296262,0.11296261847019196,-0.0008096238598227501,True
2019-03-29,True,303649614,303649614.0560341,0.056034088134765625,0.055224464274942875,True
2019-03-30,True,241665195,241665198.55736744,3.557367444038391,3.612591908313334,True
2019-03-31,True,-7838535,-7838535.0,0.0,3.612591908313334,True
2019-04-01,True,-48715816,-48715816.0,0.0,3.612591908313334,True
2019-04-02,True,-7476784228,-7476784231.613505,-3.6135053634643555,-0.0009134551510214806,True
2019-04-03,True,1887754789,1887754789.207261,0.2072610855102539,0.20634763035923243,True
2019-04-04,True,1352008939,1352008938.4053092,-0.5946907997131348,-0.38834316935390234,True
2019-04-05,True,270662113,270662113.3873675,0.38736748695373535,-0.0009756824001669884,True
2019-04-06,True,435214129,435214129.6795385,0.6795384883880615,0.6785628059878945,True
2019-04-07,True,1160995415,1161563373.3204167,567958.3204166889,567958.9989794949,True
2019-04-08,True,-150136891,-150361845.79587576,-224954.79587575793,343004.203103737,True
2019-04-09,True,340907047,340564042.88003606,-343004.11996394396,0.08313979301601648,True
2019-04-10,True,160174933,160174932.92164546,-0.07835453748703003,0.004785255528986454,True
2019-04-11,True,304010738,304010737.9941422,-0.00585782527923584,-0.0010725697502493858,True
2019-04-12,True,625957786,625957786.0000309,3.0875205993652344e-05,-0.0010416945442557335,True
2019-04-13,True,221090718,221132110.99999264,41392.99999263883,41392.99895094428,True
2019-04-14,True,183858909,183817516.51281473,-41392.487185269594,0.511765674687922,True
2019-04-15,True,-355168090,-355168090.36001694,-0.36001694202423096,0.15174873266369104,True
2019-04-16,True,95346018,95346017.84719276,-0.15280723571777344,-0.0010585030540823936,True
2019-04-17,True,222319309,222319308.99994236,-5.7637691497802734e-05,-0.0011161407455801964,True
2019-04-18,True,280921670,280921670.113645,0.11364501714706421,0.11252887640148401,True
2019-04-19,True,11137173,11137177.983060723,4.983060723170638,5.095589599572122,True
2019-04-20,True,-52542235,-52542240.09948787,-5.099487870931625,-0.003898271359503269,True
2019-04-21,True,365003562,365003561.5146407,-0.4853593111038208,-0.48925758246332407,True
2019-04-22,True,434819099,434819099.4882125,0.488212525844574,-0.0010450566187500954,True
2019-04-23,True,1454553175,1454553174.800452,-0.19954800605773926,-0.20059306267648935,True
2019-04-24,True,1016807221,1016807220.8227967,-0.17720329761505127,-0.3777963602915406,True
2019-04-25,True,632114485,632114482.6681452,-2.331854820251465,-2.7096511805430055,True
2019-04-26,True,-521884844,-521884841.20460457,2.7953954339027405,0.08574425335973501,True
2019-04-27,True,352464440,352464439.5901397,-0.4098603129386902,-0.3241160595789552,True
2019-04-28,True,4700342,4700343.781505983,1.7815059833228588,1.4573899237439036,True
2019-04-29,True,-71113590,-71113583.26853456,6.731465443968773,8.188855367712677,True
2019-04-30,True,117986483,117986474.95846134,-8.041538655757904,0.14731671195477247,True
2019-05-01,True,-805406868,-805406868.4765263,-0.47652626037597656,-0.3292095484212041,True
2019-05-02,True,-54379834,-54379833.34590398,0.6540960222482681,0.32488647382706404,True
2019-05-03,True,-733928111,-733928073.7283096,37.271690368652344,37.59657684247941,True
2019-05-04,True,52534985,52534947.42340258,-37.576597422361374,0.019979420118033886,True
2019-05-05,True,1208678674,1208678673.7535503,-0.24644970893859863,-0.22647028882056475,True
2019-05-06,True,2042666165,2042666165.2255175,0.22551751136779785,-0.0009527774527668953,True
2019-05-07,True,-651072136,-651072136.3394572,-0.3394571542739868,-0.3404099317267537,True
2019-05-08,True,1264798647,1264798650.1613388,3.1613388061523438,2.82092887442559,True
2019-05-09,True,-514044216,-514044218.978021,-2.978021025657654,-0.15709215123206377,True
2019-05-10,True,-194759649,-194759649.03813756,-0.03813755512237549,-0.19522970635443926,True
2019-05-11,True,1069844363,1069844363.1945015,0.19450151920318604,-0.0007281871512532234,True
2019-05-12,True,-269855561,-269855560.2627247,0.7372753024101257,0.7365471152588725,True
2019-05-13,True,1460351568,1460353216.2622135,1648.2622134685516,1648.9987605838105,True
2019-05-14,True,-2487303815,-2487305464.1573935,-1649.1573934555054,-0.15863287169486284,True
2019-05-15,True,1821028702,1821028702.1325142,0.13251423835754395,-0.026118633337318897,True
2019-05-16,True,463188112,463188112.0896512,0.08965122699737549,0.06353259366005659,True
2019-05-17,True,393169778,393169777.47228235,-0.527717649936676,-0.46418505627661943,True
2019-05-18,True,126523852,126523852.37827745,0.378277450799942,-0.08590760547667742,True
2019-05-19,True,653061614,653061614.084838,0.08483803272247314,-0.0010695727542042732,True
2019-05-20,True,246531321,246531320.9999837,-1.6301870346069336e-05,-0.0010858746245503426,True
2019-05-21,True,579951781,579951780.9998735,-0.0001264810562133789,-0.0012123556807637215,True
2019-05-22,True,48660468,48660467.83367867,-0.16632132977247238,-0.1675336854532361,True
2019-05-23,True,816847047,816847046.8379488,-0.16205120086669922,-0.3295848863199353,True
2019-05-24,True,-311323539,-311323539.00658655,-0.006586551666259766,-0.3361714379861951,True
2019-05-25,True,-36371157,-36371156.42287469,0.5771253108978271,0.24095387291163206,True
2019-05-26,True,-16461,-16461.0,0.0,0.24095387291163206,True
2019-05-27,True,132347660,132347660.22734204,0.22734203934669495,0.468295912258327,True
2019-05-28,True,12089,12089.0,0.0,0.468295912258327,True
2019-05-29,True,13212662,13212661.774649397,-0.22535060346126556,0.24294530879706144,True
2019-05-30,True,-457559222,-457559222.53604996,-0.5360499620437622,-0.29310465324670076,True
2019-05-31,True,217907897,217907897.24775952,0.24775952100753784,-0.04534513223916292,True
2019-06-01,True,-253853256,-253853258.05121386,-2.05121386051178,-2.0965589927509427,True
2019-06-02,True,-808485545,-808485543.1024258,1.8975741863250732,-0.19898480642586946,True
2019-06-03,True,-11935474,-11935474.0,0.0,-0.19898480642586946,True
2019-06-04,True,1301142706,1301142706.1976695,0.19766950607299805,-0.001315300352871418,True
2019-06-05,True,937083,937083.0,0.0,-0.001315300352871418,True
2019-06-06,True,1717858,1717858.0,0.0,-0.001315300352871418,True
2019-06-07,True,-6182712,-6182712.0,0.0,-0.001315300352871418,True
2019-06-08,True,4440841,4440841.0,0.0,-0.001315300352871418,True
2019-06-09,True,-3387739,-3387739.0,0.0,-0.001315300352871418,True
2019-06-10,True,616978933,616978932.6220642,-0.3779357671737671,-0.3792510675266385,True
2019-06-11,True,29123972,29123972.45801562,0.4580156207084656,0.07876455318182707,True
2019-06-12,True,-161333169,-161333168.77598333,0.22401666641235352,0.3027812195941806,True
2019-06-13,True,-11928135,-11928135.0,0.0,0.3027812195941806,True
2019-06-14,True,-137119684,-137119684.05624405,-0.05624404549598694,0.24653717409819365,True
2019-06-15,True,388712,388840.75213491917,128.75213491916656,128.99867209326476,True
2019-06-16,True,857616062,857615932.7534747,-129.24652528762817,-0.24785319436341524,True
2019-06-17,True,409551335,409551334.7650495,-0.2349504828453064,-0.48280367720872164,True
2019-06-18,True,37445480,37445480.445320755,0.4453207552433014,-0.037482921965420246,True
2019-06-19,True,319559778,319559778.03616995,0.03616994619369507,-0.0013129757717251778,True
2019-06-20,True,133414395,133414395.27710585,0.2771058529615402,0.27579287718981504,True
2019-06-21,True,-1070078871,-1070078870.8421011,0.1578989028930664,0.43369178008288145,True
2019-06-22,True,-350725907,-350725907.0347753,-0.03477531671524048,0.39891646336764097,True
2019-06-23,True,91378064,91378064.0,0.0,0.39891646336764097,True
2019-06-24,True,187802845,187802844.94181973,-0.058180272579193115,0.34073619078844786,True
2019-06-25,True,264556407,264556406.36722577,-0.6327742338180542,-0.29203804302960634,True
2019-06-26,True,984514747,984514745.9794158,-1.020584225654602,-1.3126222686842084,True
2019-06-27,True,1042756641,1042756642.5069492,1.5069491863250732,0.19432691764086485,True
2019-06-28,True,652987334,652987333.8045099,-0.19549012184143066,-0.001163204200565815,True
2019-06-29,True,961821059,961821058.7004516,-0.2995483875274658,-0.30071159172803164,True
2019-06-30,True,2581,2581.0,0.0,-0.30071159172803164,True
2019-07-01,True,38591648,38591648.786316805,0.786316804587841,0.4856052128598094,True
2019-07-02,True,-981928410,-981928409.6082164,0.39178359508514404,0.8773888079449534,True
2019-07-03,True,-89787768,-89787768.65207513,-0.6520751267671585,0.22531368117779493,True
2019-07-04,True,-41662182,-41662182.54030007,-0.5403000712394714,-0.3149863900616765,True
2019-07-05,True,1091971769,1091971769.062507,0.06250691413879395,-0.25247947592288256,True
2019-07-06,True,2030309,2030309.0,0.0,-0.25247947592288256,True
2019-07-07,True,7021577,7021577.0,0.0,-0.25247947592288256,True
2019-07-08,True,102132689,102132689.48860729,0.4886072874069214,0.23612781148403883,True
2019-07-09,True,-199528208,-199528208.3415899,-0.34158989787101746,-0.10546208638697863,True
2019-07-10,True,119016797,119016797.24782819,0.2478281855583191,0.14236609917134047,True
2019-07-11,True,-9330010,-9330010.0,0.0,0.14236609917134047,True
2019-07-12,True,362562209,362562209.4948087,0.4948086738586426,0.637174773029983,True
2019-07-13,True,5150049,5150049.0,0.0,0.637174773029983,True
2019-07-14,True,651317,651317.0,0.0,0.637174773029983,True
2019-07-15,True,2502704404,2502704403.784964,-0.21503591537475586,0.4221388576552272,True
2019-07-16,True,-1136476834,-1136476834.5053368,-0.5053367614746094,-0.08319790381938219,True
2019-07-17,True,3717597426,3717597426.3304844,0.33048439025878906,0.24728648643940687,True
2019-07-18,True,285888120,285888119.4415477,-0.558452308177948,-0.3111658217385411,True
2019-07-19,True,-435431450,-435431449.6901997,0.30980032682418823,-0.0013654949143528938,True
2019-07-20,True,5815841,5815841.0,0.0,-0.0013654949143528938,True
2019-07-21,True,5656184,5656184.0,0.0,-0.0013654949143528938,True
2019-07-22,True,731511378,731511377.7773654,-0.22263455390930176,-0.22400004882365465,True
2019-07-23,True,-977,-977.0,0.0,-0.22400004882365465,True
2019-07-24,True,4745059,4745059.222637534,0.22263753414154053,-0.0013625146821141243,True
2019-07-25,True,215694710,215694710.33144122,0.3314412236213684,0.3300787089392543,True
2019-07-26,True,913194753,913194752.543814,-0.45618605613708496,-0.12610734719783068,True
2019-07-27,True,-1663458402,-1663458401.6745646,0.3254354000091553,0.1993280528113246,True
2019-07-28,True,-15745344,-15745344.0,0.0,0.1993280528113246,True
2019-07-29,True,-166123363,-166123362.9116097,0.0883902907371521,0.2877183435484767,True
2019-07-30,True,1296,1296.0,0.0,0.2877183435484767,True
2019-07-31,True,7232167,7232167.0,0.0,0.2877183435484767,True
2019-08-01,True,-978709455,-978709455.7046553,-0.7046552896499634,-0.4169369461014867,True
2019-08-02,True,-8180285,-8180284.4997151755,0.5002848245203495,0.08334787841886282,True
2019-08-03,True,280580348,280580347.724179,-0.2758209705352783,-0.1924730921164155,True
2019-08-04,True,-1644,-1644.0,0.0,-0.1924730921164155,True
2019-08-05,True,171836424,171836423.78748685,-0.21251314878463745,-0.40498624090105295,True
2019-08-06,True,112774412,112774412.40370022,0.40370021760463715,-0.0012860232964158058,True
2019-08-07,True,780314856,780314844.9932368,-11.006763219833374,-11.00804924312979,True
2019-08-08,True,993610969,993610980.1681448,11.168144822120667,0.16009557899087667,True
2019-08-09,True,-641918303,-641918304.0316745,-1.0316745042800903,-0.8715789252892137,True
2019-08-10,True,195169926,195169927.25405034,1.2540503442287445,0.38247141893953085,True
2019-08-11,True,-6584,-6584.0,0.0,0.38247141893953085,True
2019-08-12,True,-1514,-1514.0,0.0,0.38247141893953085,True
2019-08-13,True,-1675,-1675.0,0.0,0.38247141893953085,True
2019-08-14,True,187507598,187507597.76494384,-0.23505616188049316,0.14741525705903769,True
2019-08-15,True,391321214,391323641.8513052,2427.8513051867485,2427.9987204438075,True
2019-08-16,True,232783582,232781281.51488352,-2300.485116481781,127.51360396202654,True
2019-08-17,True,-103607927,-103607960.14435798,-33.14435797929764,94.3692459827289,True
2019-08-18,True,107152305,107152241.53479972,-63.465200275182724,30.904045707546175,True
2019-08-19,True,-920951327,-920951356.9896141,-29.989614129066467,0.9144315784797072,True
2019-08-20,True,290899492,290899491.29111594,-0.708884060382843,0.20554751809686422,True
2019-08-21,True,803320386,803320385.7933813,-0.20661866664886475,-0.0010711485520005226,True
2019-08-22,True,91254278,91254278.42272907,0.4227290749549866,0.42165792640298605,True
2019-08-23,True,333420217,333420216.5772753,-0.42272472381591797,-0.001066797412931919,True
2019-08-24,True,502579129,502579129.01421386,0.014213860034942627,0.013147062622010708,True
2019-08-25,True,9382276,9382275.985791206,-0.014208793640136719,-0.001061731018126011,True
2019-08-26,True,1242161249,1242161248.9905834,-0.009416580200195312,-0.010478311218321323,True
2019-08-27,True,9386754,9386753.297667762,-0.7023322377353907,-0.712810548953712,True
2019-08-28,True,-521299811,-521299810.21108925,0.7889107465744019,0.07610019762068987,True
2019-08-29,True,365186834,365186833.62281924,-0.3771807551383972,-0.30108055751770735,True
2019-08-30,True,-13478279,-13478279.0,0.0,-0.30108055751770735,True
2019-08-31,True,-9715142,-9715142.0,0.0,-0.30108055751770735,True
2019-09-01,True,-440968988,-440968987.3721593,0.6278406977653503,0.326760140247643,True
2019-09-02,True,1316,1316.0,0.0,0.326760140247643,True
2019-09-03,True,533,533.0,0.0,0.326760140247643,True
2019-09-04,True,286315145,286315144.35983586,-0.6401641368865967,-0.3134039966389537,True
2019-09-05,True,160274065,160274068.6164993,3.6164993047714233,3.3030953081324697,True
2019-09-06,True,146550444,146550440.56479102,-3.4352089762687683,-0.13211366813629866,True
2019-09-07,True,926673486,926673486.6079718,0.6079717874526978,0.4758581193163991,True
2019-09-08,True,-188831109,-188831109.47782975,-0.4778297543525696,-0.0019716350361704826,True
2019-09-09,True,-1037387603,-1037387602.5258461,0.47415387630462646,0.472182241268456,True
2019-09-10,True,-35092129,-35092129.17634819,-0.17634818702936172,0.29583405423909426,True
2019-09-11,True,53203482,53203482.35316992,0.35316991806030273,0.649003972299397,True
2019-09-12,True,-88589720,-88589720.49588373,-0.4958837330341339,0.15312023926526308,True
2019-09-13,True,1524,1524.0,0.0,0.15312023926526308,True
2019-09-14,True,2106,2106.0,0.0,0.15312023926526308,True
2019-09-15,True,2406,2406.0,0.0,0.15312023926526308,True
2019-09-16,True,2146,2146.0,0.0,0.15312023926526308,True
2019-09-17,True,2712,2712.0,0.0,0.15312023926526308,True
2019-09-18,True,2283,2283.0,0.0,0.15312023926526308,True
2019-09-19,True,-168000077,-168000076.95766288,0.042337119579315186,0.19545735884457827,True
2019-09-20,True,10073035,10073035.261592457,0.2615924570709467,0.45704981591552496,True
2019-09-21,True,-75084832,-75084832.04928608,-0.04928608238697052,0.40776373352855444,True
2019-09-22,True,-1732,-1732.0,0.0,0.40776373352855444,True
2019-09-23,True,4868016,4868015.590865791,-0.4091342091560364,-0.0013704756274819374,True
2019-09-24,True,237607954,237607954.00000215,2.1457672119140625e-06,-0.0013683298602700233,True
2019-09-25,True,373351135,373351134.6351616,-0.3648384213447571,-0.3662067512050271,True
2019-09-26,True,19089240,19089240.0,0.0,-0.3662067512050271,True
2019-09-27,True,2398742968,2398742968.110881,0.11088085174560547,-0.25532589945942163,True
2019-09-28,True,2097720,2097720.0,0.0,-0.25532589945942163,True
2019-09-29,True,-616395369,-616395368.2892531,0.7107468843460083,0.45542098488658667,True
2019-09-30,True,239204953,239204955.48767948,2.4876794815063477,2.9431004663929343,True
2019-10-01,True,-465597851,-465597853.66376966,-2.6637696623802185,0.2793308040127158,True
2019-10-02,True,-1565,-1565.0,0.0,0.2793308040127158,True
2019-10-03,True,333,333.0,0.0,0.2793308040127158,True
2019-10-04,True,-1343,-1343.0,0.0,0.2793308040127158,True
2019-10-05,True,-1077,-1077.0,0.0,0.2793308040127158,True
2019-10-06,True,947,947.0,0.0,0.2793308040127158,True
2019-10-07,True,792931110,792931109.6922975,-0.30770254135131836,-0.028371737338602543,True
2019-10-08,True,212028964,212028964.44761652,0.4476165175437927,0.4192447802051902,True
2019-10-09,True,7354849,7354849.0,0.0,0.4192447802051902,True
2019-10-10,True,-1009644506,-1009644506.4207269,-0.4207268953323364,-0.001482115127146244,True
2019-10-11,True,67566805,67566804.92288762,-0.07711237668991089,-0.07859449181705713,True
2019-10-12,True,-1791,-1791.0,0.0,-0.07859449181705713,True
2019-10-13,True,-15586141,-15586140.922917068,0.07708293199539185,-0.001511559821665287,True
2019-10-14,True,280689838,280689837.99999636,-3.635883331298828e-06,-0.0015151957049965858,True
2019-10-15,True,303992543,303992542.7204708,-0.2795292139053345,-0.28104440961033106,True
2019-10-16,True,-357949631,-357949630.27951735,0.7204826474189758,0.43943823780864477,True
2019-10-17,True,-1866,-1866.0,0.0,0.43943823780864477,True
2019-10-18,True,471250273,471250273.2599027,0.2599027156829834,0.6993409534916282,True
2019-10-19,True,-276,-276.0,0.0,0.6993409534916282,True
2019-10-20,True,1899,1899.0,0.0,0.6993409534916282,True
2019-10-21,True,85920821,85920820.71415988,-0.28584012389183044,0.4135008295997977,True
2019-10-22,True,-17162669,-17162669.0,0.0,0.4135008295997977,True
2019-10-23,True,7376255,7376255.0,0.0,0.4135008295997977,True
2019-10-24,True,2598044875,2598044874.8031764,-0.1968235969543457,0.21667723264545202,True
2019-10-25,True,159778904,159778897.9125654,-6.0874345898628235,-5.8707573572173715,True
2019-10-26,True,-4520525995,-4520525989.130771,5.869229316711426,-0.0015280405059456825,True
2019-10-27,True,240776591,240776590.99428532,-0.005714684724807739,-0.007242725230753422,True
2019-10-28,True,834306302,834306313.7969335,11.79693353176117,11.789690806530416,True
2019-10-29,True,272073238,272073226.3242875,-11.675712525844574,0.11397828068584204,True
2019-10-30,True,-496996964,-496996963.8581475,0.1418524980545044,0.25583077874034643,True
2019-10-31,True,-332824999,-332824998.8241816,0.17581838369369507,0.4316491624340415,True
2019-11-01,True,-1629,-1629.0,0.0,0.4316491624340415,True
2019-11-02,True,-1619,-1619.0,0.0,0.4316491624340415,True
2019-11-03,True,-380998,-380998.8790438802,-0.8790438802097924,-0.4473947177757509,True
2019-11-04,True,1649,1649.0,0.0,-0.4473947177757509,True
2019-11-05,True,2224,2224.0,0.0,-0.4473947177757509,True
2019-11-06,True,3654,3654.0,0.0,-0.4473947177757509,True
2019-11-07,True,9526216,9526216.0,0.0,-0.4473947177757509,True
2019-11-08,True,428211496,428211503.08748627,7.087486267089844,6.640091549314093,True
2019-11-09,True,934561060,934561053.8067172,-6.193282842636108,0.44680870667798445,True
2019-11-10,True,1749,1749.0,0.0,0.44680870667798445,True
2019-11-11,True,27799982,27799981.821503874,-0.1784961260855198,0.26831258059246466,True
2019-11-12,True,60063789,60063789.212310165,0.21231016516685486,0.4806227457593195,True
2019-11-13,True,111298420,111298419.13170883,-0.8682911694049835,-0.387668423645664,True
2019-11-14,True,-109076794,-109076793.99821195,0.0017880499362945557,-0.38588037370936945,True
2019-11-15,True,3664424,3664424.384221673,0.3842216730117798,-0.0016587006975896657,True
2019-11-16,True,253403666,253403665.52418518,-0.4758148193359375,-0.47747352003352717,True
2019-11-17,True,1813,1813.0,0.0,-0.47747352003352717,True
2019-11-18,True,-128182980,-128182979.04798923,0.95201076567173,0.4745372456382029,True
2019-11-19,True,219452782,219452779.51133448,-2.488665521144867,-2.014128275506664,True
2019-11-20,True,449119157,449119159.1400884,2.140088379383087,0.1259601038764231,True
2019-11-21,True,149544680,149544680.94732973,0.9473297297954559,1.073289833671879,True
2019-11-22,True,3237405646,3237405644.9249635,-1.0750365257263184,-0.001746692054439336,True
2019-11-23,True,-19722013,-19722013.00004606,-4.6059489250183105e-05,-0.0017927515436895192,True
2019-11-24,True,191095599,191095598.49490705,-0.5050929486751556,-0.5068857002188452,True
2019-11-25,True,2891215731,2891215731.366098,0.36609792709350586,-0.1407877731253393,True
2019-11-26,True,-84138029,-84138028.3918907,0.6081092953681946,0.4673215222428553,True
2019-11-27,True,-87670239,-87670239.13967125,-0.13967125117778778,0.3276502710650675,True
2019-11-28,True,361439459,361439458.42151654,-0.5784834623336792,-0.2508331912686117,True
2019-11-29,True,1281316027,1281316029.0665812,2.0665812492370605,1.8157480579684488,True
2019-11-30,True,-769147824,-769147825.9400519,-1.9400519132614136,-0.12430385529296473,True
2019-12-01,True,1361591141,1361591140.907127,-0.09287309646606445,-0.21717695175902918,True
2019-12-02,True,186760934,186760934.42322418,0.42322418093681335,0.20604722917778417,True
2019-12-03,True,455353867,455353866.7173492,-0.28265082836151123,-0.07660359918372706,True
2019-12-04,True,151877019,151877019.1581175,0.15811750292778015,0.0815139037440531,True
2019-12-05,True,99822173,99822173.33171803,0.3317180275917053,0.4132319313357584,True
2019-12-06,True,-58332730,-58332729.91358434,0.08641566336154938,0.4996475946973078,True
2019-12-07,True,-395089030,-395089030.61540043,-0.6154004335403442,-0.11575283884303644,True
2019-12-08,True,2262,2262.0,0.0,-0.11575283884303644,True
2019-12-09,True,-20326498,-20326498.0,0.0,-0.11575283884303644,True
2019-12-10,True,256289411,256289419.24014112,8.240141123533249,8.124388284690212,True
2019-12-11,True,3235627806,3235627800.2782946,-5.721705436706543,2.4026828479836695,True
2019-12-12,True,124106603,124106601.06299295,-1.9370070546865463,0.46567579329712316,True
2019-12-13,True,17643786,17643785.57924712,-0.4207528792321682,0.044922914064954966,True
2019-12-14,True,3192,3192.0,0.0,0.044922914064954966,True
2019-12-15,True,-5730,-5730.0,0.0,0.044922914064954966,True
2019-12-16,True,91983867,91983867.2723934,0.2723934054374695,0.31731631950242445,True
2019-12-17,True,-363757289,-363757289.3423535,-0.3423535227775574,-0.025037203275132924,True
2019-12-18,True,1530753180,1530753179.77916,-0.2208399772644043,-0.24587718053953722,True
2019-12-19,True,-350496639,-350496637.4176132,1.5823867917060852,1.336509611166548,True
2019-12-20,True,562720513,562720511.1684382,-1.831561803817749,-0.49505219265120104,True
2019-12-21,True,90450023,90450023.3117215,0.3117215037345886,-0.18333068891661242,True
2019-12-22,True,32528874,32528874.311735045,0.31173504516482353,0.12840435624821112,True
2019-12-23,True,-1941,-1941.0,0.0,0.12840435624821112,True
2019-12-24,True,-217122538,-217122538.2059099,-0.20590990781784058,-0.07750555156962946,True
2019-12-25,True,526682392,526682392.07532156,0.07532155513763428,-0.0021839964319951832,True
2019-12-26,True,-60834154,-60834154.228244394,-0.22824439406394958,-0.23042839049594477,True
2019-12-27,True,3097,3097.0,0.0,-0.23042839049594477,True
2019-12-28,True,111589911,111589910.96824175,-0.031758248805999756,-0.2621866393019445,True
2019-12-29,True,-1043,-1043.0,0.0,-0.2621866393019445,True
2019-12-30,True,-29044628,-29044628.0,0.0,-0.2621866393019445,True
2019-12-31,True,-410161583,-410161583.20185685,-0.2018568515777588,-0.4640434908797033,True
2020-01-01,True,98812112,98812112.66724293,0.6672429293394089,0.20319943845970556,True
2020-01-02,True,-20468403,-20468403.20528531,-0.20528531074523926,-0.0020858722855336964,True
2020-01-03,True,1090188668,1090188668.0000486,4.863739013671875e-05,-0.0020372348953969777,True
2020-01-04,True,845267698,845267701.7636057,3.7636057138442993,3.7615684789489023,True
2020-01-05,True,858874066,858874062.6803013,-3.319698691368103,0.4418697875807993,True
2020-01-06,True,313366631,313366630.7891259,-0.21087408065795898,0.23099570692284033,True
2020-01-07,True,-1289450200,-1289450200.232743,-0.2327430248260498,-0.0017473179032094777,True
2020-01-08,True,355378242,355378652.16903156,410.169031560421,410.1672842425178,True
2020-01-09,True,3370871676,3370871266.103368,-409.89663219451904,0.27065204799873754,True
2020-01-10,True,328579189,328579188.5749307,-0.42506927251815796,-0.15441722451942042,True
2020-01-11,True,1404426045,1404426045.9018412,0.9018411636352539,0.7474239391158335,True
2020-01-12,True,-63046481,-63046481.70564206,-0.7056420594453812,0.04178187967045233,True
2020-01-13,True,-1313,-1313.0,0.0,0.04178187967045233,True
2020-01-14,True,225136,225135.956489563,-0.04351043701171875,-0.0017285573412664235,True
2020-01-15,True,126055415,126055415.11373492,0.11373491585254669,0.11200635851128027,True
2020-01-16,True,109196046,109196045.72780773,-0.2721922695636749,-0.16018591105239466,True
2020-01-17,True,341661367,341661367.049741,0.04974102973937988,-0.11044488131301478,True
2020-01-18,True,354410309,354410309.594974,0.5949739813804626,0.48452910006744787,True
2020-01-19,True,2106350759,2106350758.854951,-0.1450490951538086,0.3394800049136393,True
2020-01-20,True,415458624,415458623.7821375,-0.21786248683929443,0.12161751807434484,True
2020-01-21,True,7802326,7802326.0,0.0,0.12161751807434484,True
2020-01-22,True,47101605,47101605.203053445,0.20305344462394714,0.324670962698292,True
2020-01-23,True,2462033555,2462033555.1162944,0.11629438400268555,0.44096534670097753,True
2020-01-24,True,-98866079,-98866078.95793948,0.042060524225234985,0.4830258709262125,True
2020-01-25,True,-348514003,-348514003.3170129,-0.3170129060745239,0.1660129648516886,True
2020-01-26,True,983,983.0,0.0,0.1660129648516886,True
2020-01-27,True,12144981,12144981.0,0.0,0.1660129648516886,True
2020-01-28,True,-1052198548,-1052198548.1675061,-0.16750609874725342,-0.0014931338955648243,True
2020-01-29,True,1896119577,1896119576.8268833,-0.17311668395996094,-0.17460981785552576,True
2020-01-30,True,-8316291,-8316290.250603604,0.7493963958695531,0.5747865780140273,True
2020-01-31,True,-82449397,-82449397.55825658,-0.5582565814256668,0.016529996588360518,True
2020-02-01,True,344915637,344915637.97228324,0.9722832441329956,0.9888132407213561,True
2020-02-02,True,168963158,168963157.04319128,-0.9568087160587311,0.032004524662625045,True
2020-02-03,True,132505398,132505397.5917422,-0.4082577973604202,-0.3762532726977952,True
2020-02-04,True,360482062,360482062.23857754,0.23857754468917847,-0.13767572800861672,True
2020-02-05,True,286547425,286547425.0596497,0.05964970588684082,-0.0780260221217759,True
2020-02-06,True,-149158229,-149158228.92368805,0.07631194591522217,-0.0017140762065537274,True
2020-02-07,True,30230654,30230654.382369384,0.38236938416957855,0.3806553079630248,True
2020-02-08,True,27253678,27253678.0,0.0,0.3806553079630248,True
2020-02-09,True,-1170865819,-1170865819.6331677,-0.6331677436828613,-0.2525124357198365,True
2020-02-10,True,866356325,866356324.9590614,-0.040938615798950195,-0.2934510515187867,True
2020-02-11,True,168454627,168454626.9559901,-0.044009894132614136,-0.33746094565140083,True
2020-02-12,True,901332568,901332568.2329804,0.2329803705215454,-0.10448057512985542,True
2020-02-13,True,3769356,3769355.7534836335,-0.2465163664892316,-0.350996941619087,True
2020-02-14,True,-190737078,-190737076.48770145,1.5122985541820526,1.1613016125629656,True
2020-02-15,True,-87367054,-87367026.05663715,27.943362846970558,29.104664459533524,True
2020-02-16,True,1107480584,1107480551.7355893,-32.264410734176636,-3.159746274643112,True
2020-02-17,True,1484066555,1484066558.6449625,3.6449625492095947,0.48521627456648275,True
2020-02-18,True,-1677252775,-1677252775.807382,-0.8073821067810059,-0.3221658322145231,True
2020-02-19,True,-2049487,-2049487.033862702,-0.03386270208284259,-0.3560285342973657,True
2020-02-20,True,1847271,1847271.0,0.0,-0.3560285342973657,True
2020-02-21,True,26185131,26185129.292267896,-1.7077321037650108,-2.0637606380623765,True
2020-02-22,True,27854846,27854846.0,0.0,-2.0637606380623765,True
2020-02-23,True,27790045,27790045.0,0.0,-2.0637606380623765,True
2020-02-24,True,-597622596,-597622597.2618917,-1.2618917226791382,-3.3256523607415147,True
2020-02-25,True,276450858,276450861.5226195,3.5226194858551025,0.19696712511358783,True
2020-02-26,True,8323424,8323424.0,0.0,0.19696712511358783,True
2020-02-27,True,1021021193,1021021192.9451547,-0.054845333099365234,0.1421217920142226,True
2020-02-28,True,512879102,512879101.86942196,-0.13057804107666016,0.011543750937562436,True
2020-02-29,True,3191112447,3191112446.6880274,-0.31197261810302734,-0.3004288671654649,True
2020-03-01,True,368510868,368510848.9057547,-19.094245314598083,-19.39467418176355,True
2020-03-02,True,194926170,194926183.89734185,13.897341847419739,-5.49733233434381,True
2020-03-03,True,31155982,31155982.0,0.0,-5.49733233434381,True
2020-03-04,True,2623335,2623335.0,0.0,-5.49733233434381,True
2020-03-05,True,-3140735619,-3140735613.8179164,5.182083606719971,-0.31524872762383893,True
2020-03-06,True,29751824,29751824.0,0.0,-0.31524872762383893,True
2020-03-07,True,-119624344,-119624333.30228734,10.697712659835815,10.382463932211976,True
2020-03-08,True,10090439,10090439.0,0.0,10.382463932211976,True
2020-03-09,True,2386035156,2386035145.512556,-10.487443923950195,-0.10497999173821881,True
2020-03-10,True,293414470,293414469.73882747,-0.2611725330352783,-0.36615252477349713,True
2020-03-11,True,1138727681,1138727680.9866445,-0.013355493545532227,-0.37950801831902936,True
2020-03-12,True,-2248469416,-2248469415.623737,0.3762631416320801,-0.003244876686949283,True
2020-03-13,True,14173651314,14173664833.784258,13519.784257888794,13519.781013012107,True
2020-03-14,True,-3130713645,-3130727164.3837185,-13519.3837184906,0.3972945215064101,True
2020-03-15,True,-1258461716,-1258461716.3679676,-0.3679676055908203,0.02932691591558978,True
2020-03-16,True,-2080594660,-2080585319.0324726,9340.967527389526,9340.996854305442,True
2020-03-17,True,2176336425,2176327086.169334,-9338.830666065216,2.1661882402258925,True
2020-03-18,True,851584151,851584146.8838726,-4.116127371788025,-1.9499391315621324,True
2020-03-19,True,-2594085463,-2594085463.3394537,-0.33945369720458984,-2.2893928287667222,True
2020-03-20,True,-7885178130,-7885178127.5036,2.4963998794555664,0.20700705068884417,True
2020-03-21,True,197490297,197490296.33809498,-0.6619050204753876,-0.4548979697865434,True
2020-03-22,True,2554875408,2554875405.1202517,-2.8797483444213867,-3.33464631420793,True
2020-03-23,True,4668148444,4668148447.39445,3.3944501876831055,0.05980387347517535,True
2020-03-24,True,550114405,550114403.8346995,-1.1653004884719849,-1.1054966149968095,True
2020-03-25,True,135649637,135649635.8637987,-1.1362012922763824,-2.241697907273192,True
2020-03-26,True,-62950774,-62950774.0,0.0,-2.241697907273192,True
2020-03-27,True,-1026486335,-1026486333.5277777,1.4722223281860352,-0.7694755790871568,True
2020-03-28,True,3397613041,3397613040.918926,-0.08107423782348633,-0.8505498169106431,True
2020-03-29,True,264667794,264667798.8953688,4.895368814468384,4.044818997557741,True
2020-03-30,True,6131053094,6131053089.826162,-4.173837661743164,-0.1290186641854234,True
2020-03-31,True,208264039,208264039.22575435,0.22575435042381287,0.09673568623838946,True
2020-04-01,True,635149575,635149575.2133698,0.21336984634399414,0.3101055325823836,True
2020-04-02,True,-68599430,-68599430.0,0.0,0.3101055325823836,True
2020-04-03,True,-11002862944,-11002862944.041891,-0.04189109802246094,0.26821443455992267,True
2020-04-04,True,-90532508,-90532508.0,0.0,0.26821443455992267,True
2020-04-05,True,-64134609,-64134609.0,0.0,0.26821443455992267,True
2020-04-06,True,-2979599752,-2979599752.430528,-0.4305281639099121,-0.16231372934998944,True
2020-04-07,True,14431570,14431570.0,0.0,-0.16231372934998944,True
2020-04-08,True,148061607,148061605.85117516,-1.1488248407840729,-1.3111385701340623,True
2020-04-09,True,-334641684,-334641688.2466619,-4.246661901473999,-5.557800471608061,True
2020-04-10,True,1667370970,1667370972.1637254,2.1637253761291504,-3.394075095478911,True
2020-04-11,True,1556050755,1556050764.1578043,9.157804250717163,5.763729155238252,True
2020-04-12,True,-74054288,-74054288.0,0.0,5.763729155238252,True
2020-04-13,True,2229862062,2229862058.299412,-3.7005882263183594,2.0631409289198928,True
2020-04-14,True,583249943,583249940.3033359,-2.6966640949249268,-0.633523166005034,True
2020-04-15,True,18006055,18006055.818650216,0.8186502158641815,0.18512704985914752,True
2020-04-16,True,-1281586454,-1281586454.187862,-0.18786191940307617,-0.002734869543928653,True
2020-04-17,True,672919376,672919375.7488133,-0.251186728477478,-0.2539215980214067,True
2020-04-18,True,-806,-806.0,0.0,-0.2539215980214067,True
2020-04-19,True,-1034,-1034.0,0.0,-0.2539215980214067,True
2020-04-20,True,199702,199702.2511329651,0.2511329650878906,-0.0027886329335160553,True
2020-04-21,True,1101849592,1101849592.6936135,0.6936135292053223,0.6908248962718062,True
2020-04-22,True,561269745,561271793.1711483,2048.171148300171,2048.8619731964427,True
2020-04-23,True,-268649332,-268651380.8552446,-2048.855244576931,0.006728619511704892,True
2020-04-24,True,485,485.0,0.0,0.006728619511704892,True
2020-04-25,True,1708,1708.0,0.0,0.006728619511704892,True
2020-04-26,True,-201004734,-201004734.19346148,-0.19346147775650024,-0.18673285824479535,True
2020-04-27,True,292338190,292338189.9652774,-0.03472262620925903,-0.22145548445405439,True
2020-04-28,True,-63302909,-63302908.780587055,0.21941294521093369,-0.0020425392431207,True
2020-04-29,True,1322838822,1322838822.0778728,0.07787275314331055,0.07583021390018985,True
2020-04-30,True,546455094,546455102.4057544,8.405754446983337,8.481584660883527,True
2020-05-01,True,2361413564,2361413555.5834837,-8.416516304016113,0.06506835686741397,True
2020-05-02,True,3312766,3312766.0,0.0,0.06506835686741397,True
2020-05-03,True,1017142803,1017142802.8657415,-0.13425850868225098,-0.06919015181483701,True
2020-05-04,True,-309356774,-309356772.66322464,1.3367753624916077,1.2675852106767707,True
2020-05-05,True,1005654253,1005654251.3457063,-1.6542936563491821,-0.38670844567241147,True
2020-05-06,True,598581571,598581571.692812,0.6928119659423828,0.30610352026997134,True
2020-05-07,True,-1325811286,-1325811286.3512886,-0.3512885570526123,-0.045185036782640964,True
2020-05-08,True,-1694464,-1694463.9552693383,0.04473066166974604,-0.0004543751128949225,True
2020-05-09,True,-4502281,-4501769.0,512.0,511.9995456248871,True
2020-05-10,True,4917873392,4917872880.033411,-511.966588973999,0.03295665088808164,True
2020-05-11,True,-23719375,-23719375.0,0.0,0.03295665088808164,True
2020-05-12,True,-2558523436,-2558523436.0333843,-0.03338432312011719,-0.0004276722320355475,True
2020-05-13,True,102,102.0,0.0,-0.0004276722320355475,True
2020-05-14,True,-2641735993,-2641735996.5355406,-3.5355405807495117,-3.5359682529815473,True
2020-05-15,True,802668034,802668037.234743,3.2347429990768433,-0.301225253904704,True
2020-05-16,True,1584,1584.0,0.0,-0.301225253904704,True
2020-05-17,True,1588,1588.0,0.0,-0.301225253904704,True
2020-05-18,True,2578,2578.0,0.0,-0.301225253904704,True
2020-05-19,True,-965698593,-965698592.6995018,0.30049824714660645,-0.0007270067580975592,True
2020-05-20,True,-22271,-22271.0,0.0,-0.0007270067580975592,True
2020-05-21,True,915850703,915850700.8330307,-2.1669692993164062,-2.167696306074504,True
2020-05-22,True,3223537262,3223537268.8866644,6.886664390563965,4.718968084489461,True
2020-05-23,True,-9665333,-9665333.0,0.0,4.718968084489461,True
2020-05-24,True,-47816584,-47816579.3666514,4.633348599076271,9.352316683565732,True
2020-05-25,True,1761248758,1761248752.9122915,-5.087708473205566,4.264608210360166,True
2020-05-26,True,464047428,464047427.3119526,-0.6880474090576172,3.5765608013025485,True
2020-05-27,True,-379091210,-379091213.5002499,-3.500249922275543,0.07631087902700529,True
2020-05-28,True,-11346830,-11346830.0,0.0,0.07631087902700529,True
2020-05-29,True,-1607976059,-1607976059.4575381,-0.4575381278991699,-0.38122724887216464,True
2020-05-30,True,153,153.0,0.0,-0.38122724887216464,True
2020-05-31,True,150,150.0,0.0,-0.38122724887216464,True
2020-06-01,True,150,150.0,0.0,-0.38122724887216464,True
2020-06-02,True,-24605009,-24605008.619806528,0.38019347190856934,-0.001033776963595301,True
2020-06-03,True,-4537317781,-4537317781.427049,-0.4270486831665039,-0.4280824601300992,True
2020-06-04,True,27,27.0,0.0,-0.4280824601300992,True
2020-06-05,True,-34315417,-34315417.0,0.0,-0.4280824601300992,True
2020-06-06,True,778189546,778189546.4406029,0.4406028985977173,0.012520438467618078,True
2020-06-07,True,-56596538,-56596538.0,0.0,0.012520438467618078,True
2020-06-08,True,-626243931,-626243934.150116,-3.150115966796875,-3.137595528329257,True
2020-06-09,True,15436659,15436659.0,0.0,-3.137595528329257,True
2020-06-10,True,13861377,13861377.0,0.0,-3.137595528329257,True
2020-06-11,True,-1158753864,-1158753860.6124465,3.3875534534454346,0.24995792511617765,True
2020-06-12,True,-159947944,-159947940.9309025,3.069097489118576,3.3190554142347537,True
2020-06-13,True,44127168,44127169.01071209,1.0107120871543884,4.329767501389142,True
2020-06-14,True,10786436,10786436.0,0.0,4.329767501389142,True
2020-06-15,True,3785657420,3785657415.6325502,-4.367449760437012,-0.03768225904786959,True
2020-06-16,True,649906006,649906005.9012002,-0.09879982471466064,-0.13648208376253024,True
2020-06-17,True,-673,-673.0,0.0,-0.13648208376253024,True
2020-06-18,True,-29873504,-29873504.0,0.0,-0.13648208376253024,True
2020-06-19,True,-56284158,-56284158.23969905,-0.23969905078411102,-0.37618113454664126,True
2020-06-20,True,-19287684,-19287684.0,0.0,-0.37618113454664126,True
2020-06-21,True,-19299684,-19299684.0,0.0,-0.37618113454664126,True
2020-06-22,True,-63341526,-63341526.08482284,-0.08482284098863602,-0.4610039755352773,True
2020-06-23,True,-14500146,-14500145.539632916,0.4603670835494995,-0.0006368919857777655,True
2020-06-24,True,1848414719,1848414720.9580166,1.9580166339874268,1.957379742001649,True
2020-06-25,True,1376992062,1376992061.3938916,-0.6061084270477295,1.3512713149539195,True
2020-06-26,True,1022956041,1022956046.665634,5.665634036064148,7.0169053510180674,True
2020-06-27,True,850076539,850076528.7804911,-10.21950888633728,-3.202603535319213,True
2020-06-28,True,1033867140,1033867142.7499112,2.7499111890792847,-0.45269234623992816,True
2020-06-29,True,265646,265646.45189881325,0.45189881324768066,-0.0007935329922474921,True
2020-06-30,True,72971104,72971103.88990153,-0.1100984662771225,-0.11089199926936999,True
2020-07-01,True,-33527698,-33527697.889917016,0.11008298397064209,-0.0008090152987278998,True
2020-07-02,True,-1081235826,-1081235826.251196,-0.25119590759277344,-0.25200492289150134,True
2020-07-03,True,1124803503,1124803503.0832453,0.08324527740478516,-0.16875964548671618,True
2020-07-04,True,7512900,7512900.0,0.0,-0.16875964548671618,True
2020-07-05,True,20330508,20330508.0,0.0,-0.16875964548671618,True
2020-07-06,True,-981070803,-981070802.833398,0.1666020154953003,-0.002157629991415888,True
2020-07-07,True,-4381256,-4381256.0,0.0,-0.002157629991415888,True
2020-07-08,True,-9710158,-9710158.0,0.0,-0.002157629991415888,True
2020-07-09,True,389026976,389026976.3208199,0.3208199143409729,0.318662284349557,True
2020-07-10,True,-1221292229,-1221292229.6778286,-0.6778285503387451,-0.3591662659891881,True
2020-07-11,True,-1868,-1868.0,0.0,-0.3591662659891881,True
2020-07-12,True,-1866,-1866.0,0.0,-0.3591662659891881,True
2020-07-13,True,-1862,-1862.0,0.0,-0.3591662659891881,True
2020-07-14,True,-152662,-152661.64301109314,0.35698890686035156,-0.0021773591288365424,True
2020-07-15,True,1383,1383.0,0.0,-0.0021773591288365424,True
2020-07-16,True,1389,1389.0,0.0,-0.0021773591288365424,True
2020-07-17,True,1404,1404.0,0.0,-0.0021773591288365424,True
2020-07-18,True,1398,1398.0,0.0,-0.0021773591288365424,True
2020-07-19,True,1028,1028.0,0.0,-0.0021773591288365424,True
2020-07-20,True,1396,1396.0,0.0,-0.0021773591288365424,True
2020-07-21,True,-4700778,-4700778.0,0.0,-0.0021773591288365424,True
2020-07-22,True,77015548,77015548.07852127,0.07852126657962799,0.07634390745079145,True
2020-07-23,True,-1437,-1437.0,0.0,0.07634390745079145,True
2020-07-24,True,1112209257,1112209256.8319995,-0.1680004596710205,-0.09165655222022906,True
2020-07-25,True,424388823,424388822.6407089,-0.35929107666015625,-0.4509476288803853,True
2020-07-26,True,-1402,-1402.0,0.0,-0.4509476288803853,True
2020-07-27,True,-4580,-4580.0,0.0,-0.4509476288803853,True
2020-07-28,True,390182423,390182423.44863755,0.44863754510879517,-0.0023100837715901434,True
2020-07-29,True,821027500,821027495.6792741,-4.320725917816162,-4.323036001587752,True
2020-07-30,True,508580840,508580844.7544427,4.7544426918029785,0.43140669021522626,True
2020-07-31,True,-2952773,-2952773.433348179,-0.4333481788635254,-0.0019414886482991278,True
2020-08-01,True,2821533106,2821533578.000286,472.0002861022949,471.9983446136466,True
2020-08-02,True,3892759804,3892759331.8963795,-472.1036205291748,-0.10527591552818194,True
2020-08-03,True,463655862,463655862.013558,0.013557970523834229,-0.09171794500434771,True
2020-08-04,True,610601997,610601997.527013,0.5270129442214966,0.43529499921714887,True
2020-08-05,True,773270928,773270928.6425655,0.6425654888153076,1.0778604880324565,True
2020-08-06,True,2380392595,2380392594.2785068,-0.7214932441711426,0.3563672438613139,True
2020-08-07,True,930575429,930575428.8096869,-0.19031310081481934,0.16605414304649457,True
2020-08-08,True,1487850583,1487850582.3760676,-0.6239323616027832,-0.45787821855628863,True
2020-08-09,True,-48452199,-48452199.0,0.0,-0.45787821855628863,True
2020-08-10,True,-30558621,-30558621.0,0.0,-0.45787821855628863,True
2020-08-11,True,-66669697,-66669697.0,0.0,-0.45787821855628863,True
2020-08-12,True,-1103932383,-1099735627.2255661,4196755.774433851,4196755.316555632,True
2020-08-13,True,1140503946,1136307370.9472852,-4196575.052714825,180.2638408076018,True
2020-08-14,True,-121554,-121734.26493120007,-180.26493120007217,-0.0010903924703598022,True
2020-08-15,True,4525,4525.0,0.0,-0.0010903924703598022,True
2020-08-16,True,5354,5354.0,0.0,-0.0010903924703598022,True
2020-08-17,True,5084,5084.0,0.0,-0.0010903924703598022,True
2020-08-18,True,-418958556,-418958555.6194316,0.38056838512420654,0.37947799265384674,True
2020-08-19,True,1528619122,1528619121.296624,-0.703376054763794,-0.3238980621099472,True
2020-08-20,True,1268005584,1268005584.4282603,0.42826032638549805,0.10436226427555084,True
2020-08-21,True,842094438,842094437.8220437,-0.17795634269714355,-0.07359407842159271,True
2020-08-22,True,-18502809,-18502809.0,0.0,-0.07359407842159271,True
2020-08-23,True,-499616403,-499616401.27555645,1.7244435548782349,1.6508494764566422,True
2020-08-24,True,399105949,399105947.8923024,-1.107697606086731,0.5431518703699112,True
2020-08-25,True,683234020,683234019.4555771,-0.5444228649139404,-0.0012709945440292358,True
2020-08-26,True,2251667278,2251667277.9999857,-1.430511474609375e-05,-0.0012852996587753296,True
2020-08-27,True,-1451031325,-1451031326.20279,-1.2027900218963623,-1.2040753215551376,True
2020-08-28,True,-2523994094,-2523994092.797982,1.2020177841186523,-0.0020575374364852905,True
2020-08-29,True,20231,20231.0,0.0,-0.0020575374364852905,True
2020-08-30,True,76911773,76911772.99999882,-1.1771917343139648e-06,-0.0020587146282196045,True
2020-08-31,True,24487433,24487433.0,0.0,-0.0020587146282196045,True
2020-09-01,True,-65158870,-65158869.814378574,0.18562142550945282,0.18356271088123322,True
2020-09-02,True,5532824255,5532824253.606286,-1.3937139511108398,-1.2101512402296066,True
2020-09-03,True,3728411547,3728411549.132181,2.132181167602539,0.9220299273729324,True
2020-09-04,True,5046487675,5046487674.132495,-0.8675050735473633,0.05452485382556915,True
2020-09-05,True,6104240116,6104240112.455245,-3.544754981994629,-3.4902301281690598,True
2020-09-06,True,2707894670,2707894679.9351482,9.935148239135742,6.444918110966682,True
2020-09-07,True,135792687,135792683.71780467,-3.2821953296661377,3.1627227813005447,True
2020-09-08,True,338656206,338656204.06373096,-1.9362690448760986,1.226453736424446,True
2020-09-09,True,-4010191334,-4010191341.9626617,-7.9626617431640625,-6.736208006739616,True
2020-09-10,True,-2235143847,-2235143839.840395,7.159605026245117,0.4233970195055008,True
2020-09-11,True,1827,1827.0,0.0,0.4233970195055008,True
2020-09-12,True,799,799.0,0.0,0.4233970195055008,True
2020-09-13,True,-56088380,-56088380.0,0.0,0.4233970195055008,True
2020-09-14,True,-51760997,-51760996.56677164,0.43322835862636566,0.8566253781318665,True
2020-09-15,True,-895433329,-895433329.0458869,-0.045886874198913574,0.8107385039329529,True
2020-09-16,True,-227233,-227233.0,0.0,0.8107385039329529,True
2020-09-17,True,-6237905103,-6237905103.694855,-0.694854736328125,0.11588376760482788,True
2020-09-18,True,-2028164064,-2028164061.3473997,2.6526002883911133,2.768484055995941,True
2020-09-19,True,19267699,19267699.0,0.0,2.768484055995941,True
2020-09-20,True,-10174735,-10174735.0,0.0,2.768484055995941,True
2020-09-21,True,-40755354,-40755354.0,0.0,2.768484055995941,True
2020-09-22,True,2847681014,2847681011.53244,-2.467559814453125,0.30092424154281616,True
2020-09-23,True,-364313374,-364313370.10148096,3.8985190391540527,4.199443280696869,True
2020-09-24,True,2346981479,2346981478.179928,-0.8200721740722656,3.3793711066246033,True
2020-09-25,True,-3236760491,-3236760494.3777194,-3.3777194023132324,0.0016517043113708496,True
2020-09-26,True,487272711,487272710.9999998,-1.7881393432617188e-07,0.0016515254974365234,True
2020-09-27,True,18000149,18000149.0,0.0,0.0016515254974365234,True
2020-09-28,True,17794832,17794832.0,0.0,0.0016515254974365234,True
2020-09-29,True,24980967,24980967.0,0.0,0.0016515254974365234,True
2020-09-30,True,21775647,21775647.0,0.0,0.0016515254974365234,True
2020-10-01,True,6159937,6159937.0,0.0,0.0016515254974365234,True
2020-10-02,True,1091011896,1091011895.890847,-0.10915303230285645,-0.10750150680541992,True
2020-10-03,True,-2800,-2800.0,0.0,-0.10750150680541992,True
2020-10-04,True,-2631,-2631.0,0.0,-0.10750150680541992,True
2020-10-05,True,-941,-941.0,0.0,-0.10750150680541992,True
2020-10-06,True,10089239,10089239.0,0.0,-0.10750150680541992,True
2020-10-07,True,268497829,268497824.72869617,-4.271303832530975,-4.378805339336395,True
2020-10-08,True,699462508,699462512.3392364,4.339236378669739,-0.039568960666656494,True
2020-10-09,True,-20525,-20524.958860188723,0.041139811277389526,0.0015708506107330322,True
2020-10-10,True,-1534,-1534.0,0.0,0.0015708506107330322,True
2020-10-11,True,-1511,-1511.0,0.0,0.0015708506107330322,True
2020-10-12,True,-117590943,-117590943.30161412,-0.3016141206026077,-0.3000432699918747,True
2020-10-13,True,-34370386,-34370385.5271135,0.47288650274276733,0.17284323275089264,True
2020-10-14,True,205058869,205058870.03830656,1.038306564092636,1.2111497968435287,True
2020-10-15,True,-777675716,-777675717.2103063,-1.2103062868118286,0.0008435100317001343,True
2020-10-16,True,-385201803,-385200309.00052106,1493.9994789361954,1494.000322446227,True
2020-10-17,True,-1026141,-1026141.0,0.0,1494.000322446227,True
2020-10-18,True,-1559162,-1559162.0,0.0,1494.000322446227,True
2020-10-19,True,-20609193,-20609193.0,0.0,1494.000322446227,True
2020-10-20,True,25897881,25897881.0,0.0,1494.000322446227,True
2020-10-21,True,-14612616310,-14612617803.999908,-1493.9999084472656,0.00041399896144866943,True
2020-10-22,True,1956956350,1956956345.4026775,-4.597322463989258,-4.596908465027809,True
2020-10-23,True,-1471446158,-1471446153.4024088,4.597591161727905,0.0006826967000961304,True
2020-10-24,True,-23143688,-23143688.0,0.0,0.0006826967000961304,True
2020-10-25,True,-22816677,-22816677.0,0.0,0.0006826967000961304,True
2020-10-26,True,-22999684,-22999684.0,0.0,0.0006826967000961304,True
2020-10-27,True,-37230177,-37230177.0,0.0,0.0006826967000961304,True
2020-10-28,True,3137485158,3137485158.0001054,0.00010538101196289062,0.000788077712059021,True
2020-10-29,True,5092742554,5092742553.999881,-0.00011920928955078125,0.0006688684225082397,True
2020-10-30,True,-856313645,-856313644.6405909,0.3594090938568115,0.36007796227931976,True
2020-10-31,True,2159877241,2159878478.640363,1237.6403632164001,1238.0004411786795,True
2020-11-01,True,20064798,20064798.0,0.0,1238.0004411786795,True
2020-11-02,True,706413281,706412872.0054839,-408.9945161342621,829.0059250444174,True
2020-11-03,True,3199829828,3199828998.9946175,-829.0053825378418,0.0005425065755844116,True
2020-11-04,True,-1335191279,-1335191278.9999847,1.52587890625e-05,0.0005577653646469116,True
2020-11-05,True,2557034782,2557034781.0435348,-0.9564652442932129,-0.955907478928566,True
2020-11-06,True,-3309816025,-3309816025.803376,-0.8033761978149414,-1.7592836767435074,True
2020-11-07,True,933552022,933552024.1319588,2.131958842277527,0.37267516553401947,True
2020-11-08,True,-872423481,-872423484.6476954,-3.6476954221725464,-3.275020256638527,True
2020-11-09,True,-5731744620,-5731744616.723977,3.2760229110717773,0.0010026544332504272,True
2020-11-10,True,-1023085092,-1023085092.0000532,-5.316734313964844e-05,0.0009494870901107788,True
2020-11-11,True,-117359227,-117359226.9999227,7.730722427368164e-05,0.0010267943143844604,True
2020-11-12,False,0,0.0,0.0,0.0010267943143844604,True
2020-11-13,False,0,0.0,0.0,0.0010267943143844604,True
2020-11-14,False,0,0.0,0.0,0.0010267943143844604,True
2020-11-15,False,0,0.0,0.0,0.0010267943143844604,True
2020-11-16,True,359484,359484.0,0.0,0.0010267943143844604,True
2020-11-17,True,18136000,18136000.0,0.0,0.0010267943143844604,True
2020-11-18,True,-2479406156,-2479406162.750585,-6.750585079193115,-6.749558284878731,True
2020-11-19,True,18019219,18019219.0,0.0,-6.749558284878731,True
2020-11-20,True,-810593686,-810593679.2495924,6.750407576560974,0.0008492916822433472,True
2020-11-21,True,-101211911,-101211911.00000581,-5.811452865600586e-06,0.0008434802293777466,True
2020-11-22,True,-790078587,-790078587.0000174,-1.7404556274414062e-05,0.0008260756731033325,True
2020-11-23,True,-274547395,-274547392.8208595,2.1791405081748962,2.1799665838479996,True
2020-11-24,True,-33431602,-33431602.0,0.0,2.1799665838479996,True
2020-11-25,True,1767902110,1767902107.820878,-2.179121971130371,0.000844612717628479,True
2020-11-26,True,1087671665,1087671665.0003967,0.000396728515625,0.001241341233253479,True
2020-11-27,True,6844212569,6844212568.999658,-0.00034236907958984375,0.0008989721536636353,True
2020-11-28,True,69027184,69027183.74797529,-0.25202471017837524,-0.2511257380247116,True
2020-11-29,True,1824888267,1824888267.8513467,0.8513467311859131,0.6002209931612015,True
2020-11-30,True,974088785,974090674.5495636,1889.5495636463165,1890.1497846394777,True
2020-12-01,True,-6159207710,-6159209597.08453,-1887.084529876709,3.0652547627687454,True
2020-12-02,True,4258981210,4258982837.9357405,1627.9357404708862,1631.000995233655,True
2020-12-03,True,-2887,-2887.0,0.0,1631.000995233655,True
2020-12-04,True,-2855,-2855.0,0.0,1631.000995233655,True
2020-12-05,True,131567555,131565923.99998803,-1631.0000119656324,0.0009832680225372314,True
2020-12-06,True,-123977779,-123977779.9535419,-0.9535419046878815,-0.9525586366653442,True
2020-12-07,True,-1297217591,-1297217590.046538,0.9534618854522705,0.0009032487869262695,True
2020-12-08,True,-203696,-203696.0,0.0,0.0009032487869262695,True
2020-12-09,True,-20836068,-20694167.0,141901.0,141901.0009032488,True
2020-12-10,True,26045872,25903970.999990486,-141901.0000095144,0.0008937343955039978,True
2020-12-11,True,-194967937,-194967937.72611383,-0.7261138260364532,-0.7252200916409492,True
2020-12-12,True,-45281723,-45281723.0,0.0,-0.7252200916409492,True
2020-12-13,True,5713764177,5713764177.726195,0.7261953353881836,0.0009752437472343445,True
2020-12-14,True,281806134,281806134.0,0.0,0.0009752437472343445,True
2020-12-15,True,-735,-735.0,0.0,0.0009752437472343445,True
2020-12-16,True,-634,-634.0,0.0,0.0009752437472343445,True
2020-12-17,True,-5798047425,-5798047424.999979,2.09808349609375e-05,0.000996224582195282,True
2020-12-18,True,1599265903,1599265908.5325377,5.5325376987457275,5.533533923327923,True
2020-12-19,True,168955930,168955926.53144622,-3.4685537815093994,2.0649801418185234,True
2020-12-20,True,70551933,70551933.0,0.0,2.0649801418185234,True
2020-12-21,True,-1684882843,-1684882844.3553164,-1.355316400527954,0.7096637412905693,True
2020-12-22,True,3150299930,3150299929.290958,-0.7090420722961426,0.0006216689944267273,True
2020-12-23,True,495871279,495871279.4199402,0.41994017362594604,0.42056184262037277,True
2020-12-24,True,14973158,14973157.580073155,-0.41992684453725815,0.000634998083114624,True
2020-12-25,True,-2313105,-2313105.0,0.0,0.000634998083114624,True
2020-12-26,True,108849449,108849449.0,0.0,0.000634998083114624,True
2020-12-27,True,148403286,148403286.0,0.0,0.000634998083114624,True
2020-12-28,True,-12917046398,-12917046397.99997,3.0517578125e-05,0.000665515661239624,True
2020-12-29,True,42169200,42169200.0,0.0,0.000665515661239624,True
2020-12-30,True,89718077,89718077.16620685,0.16620685160160065,0.16687236726284027,True
2020-12-31,True,-954274949,-954274949.4542041,-0.45420408248901367,-0.2873317152261734,True
2021-01-01,True,42551020,42551020.0,0.0,-0.2873317152261734,True
2021-01-02,True,-3028558026,-3028558025.711781,0.28821897506713867,0.000887259840965271,True
2021-01-03,True,82583437,82583437.0,0.0,0.000887259840965271,True
2021-01-04,True,1457774285,1457774284.9845512,-0.015448808670043945,-0.014561548829078674,True
2021-01-05,True,3305936690,3305936690.0154343,0.01543426513671875,0.0008727163076400757,True
2021-01-06,True,24195699,24195699.14575711,0.14575710892677307,0.14662982523441315,True
2021-01-07,True,186700219,186700219.0,0.0,0.14662982523441315,True
2021-01-08,True,-1825617168,-1825617166.6877437,1.3122563362121582,1.4588861614465714,True
2021-01-09,True,147885671,147885671.0,0.0,1.4588861614465714,True
2021-01-10,True,24260065,24260065.0,0.0,1.4588861614465714,True
2021-01-11,True,4426504150,4426504148.541749,-1.4582509994506836,0.0006351619958877563,True
2021-01-12,True,2326229462,2326229465.985276,3.985276222229004,3.9859113842248917,True
2021-01-13,True,1574837164,1574837160.01499,-3.9850099086761475,0.0009014755487442017,True
2021-01-14,True,2084162645,2084162644.9999943,-5.7220458984375e-06,0.0008957535028457642,True
2021-01-15,True,1104179626,1104179627.362911,1.3629109859466553,1.363806739449501,True
2021-01-16,True,66928038,66928035.18488693,-2.815113067626953,-1.451306328177452,True
2021-01-17,True,-396459998,-396459998.2931389,-0.29313892126083374,-1.7444452494382858,True
2021-01-18,True,89217657,89217658.95403607,1.954036071896553,0.2095908224582672,True
2021-01-19,True,436962688,436962686.12078226,-1.8792177438735962,-1.669626921415329,True
2021-01-20,True,498834888,498867526.6706726,32638.6706725955,32637.001045674086,True
2021-01-21,True,1289761345,1289728708.0000305,-32636.999969482422,0.0010761916637420654,True
2021-01-22,True,9513513884,9513513879.313034,-4.6869659423828125,-4.68588975071907,True
2021-01-23,True,-4742906365,-4742750128.3127985,156236.68720149994,156232.00131174922,True
2021-01-24,True,8615400,8568529.635847408,-46870.364152591676,109361.63715915754,True
2021-01-25,True,14530517,14499271.423898809,-31245.576101191342,78116.0610579662,True
2021-01-26,True,2251931885,2251853769.7760124,-78115.22398757935,0.8370703868567944,True
2021-01-27,True,1458928516,1458928517.2936,1.293600082397461,2.1306704692542553,True
2021-01-28,True,3923739959,3923739957.3215904,-1.6784095764160156,0.45226089283823967,True
2021-01-29,True,4813527083,4813527085.115854,2.115854263305664,2.5681151561439037,True
2021-01-30,True,-1841627329,-1841627331.5669947,-2.5669946670532227,0.001120489090681076,True
2021-01-31,True,14449002,14449002.0,0.0,0.001120489090681076,True
2021-02-01,True,1319579867,1319579867.19759,0.19759011268615723,0.1987106017768383,True
2021-02-02,True,37961876,37961876.0,0.0,0.1987106017768383,True
2021-02-03,True,101253137,101253137.0,0.0,0.1987106017768383,True
2021-02-04,True,-3834456015,-3834456013.605086,1.394914150238037,1.5936247520148754,True
2021-02-05,True,-3589872237,-3589872236.1230063,0.8769936561584473,2.4706184081733227,True
2021-02-06,True,144537435,144537435.0,0.0,2.4706184081733227,True
2021-02-07,True,-3120000165,-3120000169.3185277,-4.318527698516846,-1.847909290343523,True
2021-02-08,True,1437681797,1437681799.2473717,2.2473716735839844,0.39946238324046135,True
2021-02-09,True,-8087373157,-8087373156.859182,0.14081764221191406,0.5402800254523754,True
2021-02-10,True,-223638712,-223638710.92230183,1.0776981711387634,1.6179781965911388,True
2021-02-11,True,656196918,656196916.4097055,-1.5902944803237915,0.027683716267347336,True
2021-02-12,True,641,641.0,0.0,0.027683716267347336,True
2021-02-13,True,-836294548,-836294547.6709454,0.329054594039917,0.35673831030726433,True
2021-02-14,True,-2096604837,-2096604837.354927,-0.35492706298828125,0.001811247318983078,True
2021-02-15,True,222182,222181.99999962747,-3.725290298461914e-07,0.0018108747899532318,True
2021-02-16,True,-2611430381,-2611430382.839687,-1.8396868705749512,-1.837875995784998,True
2021-02-17,True,-140979566,-140979564.1603687,1.8396312892436981,0.00175529345870018,True
2021-02-18,True,485553632,485553632.0,0.0,0.00175529345870018,True
2021-02-19,True,-216768856,-216768855.99999788,2.115964889526367e-06,0.0017574094235897064,True
2021-02-20,True,1285673441,1285673440.999986,-1.4066696166992188e-05,0.0017433427274227142,True
2021-02-21,True,33728759,33728759.0,0.0,0.0017433427274227142,True
2021-02-22,True,647287916,647287920.9182017,4.918201684951782,4.919945027679205,True
2021-02-23,True,7081573457,7081573452.081774,-4.91822624206543,0.0017187856137752533,True
2021-02-24,True,5033974,5034921.228957106,947.2289571063593,947.2306758919731,True
2021-02-25,True,1184050943,1184050522.0134282,-420.98657178878784,526.2441041031852,True
2021-02-26,True,2857154542,2857154014.903839,-527.0961608886719,-0.8520567854866385,True
2021-02-27,True,69816755,69816755.85397123,0.8539712280035019,0.001914442516863346,True
2021-02-28,True,-76395875,-76395874.78221653,0.21778346598148346,0.2196979084983468,True
2021-03-01,True,-6610249,-6610249.0,0.0,0.2196979084983468,True
2021-03-02,True,638615486,638615485.782207,-0.21779298782348633,0.0019049206748604774,True
2021-03-03,True,-1184986,-1184986.0,0.0,0.0019049206748604774,True
2021-03-04,True,308545691,308545689.45044565,-1.5495543479919434,-1.5476494273170829,True
2021-03-05,True,21784492,21784492.0,0.0,-1.5476494273170829,True
2021-03-06,True,606900300,606900300.8982041,0.8982040882110596,-0.6494453391060233,True
2021-03-07,True,18480486,18480486.0,0.0,-0.6494453391060233,True
2021-03-08,True,106683243,106683242.4302527,-0.5697472989559174,-1.2191926380619407,True
2021-03-09,True,56661145,56661145.0,0.0,-1.2191926380619407,True
2021-03-10,True,-930919216,-930919219.0453911,-3.045391082763672,-4.2645837208256125,True
2021-03-11,True,-885547895,-885547887.0453944,7.954605579376221,3.690021858550608,True
2021-03-12,True,132740046,132740046.0,0.0,3.690021858550608,True
2021-03-13,True,-7364953181,-7364953182.277246,-1.2772464752197266,2.4127753833308816,True
2021-03-14,True,24447519,24447519.0,0.0,2.4127753833308816,True
2021-03-15,True,61958971,61958971.0,0.0,2.4127753833308816,True
2021-03-16,True,2480013170,2480013163.277971,-6.722029209136963,-4.309253825806081,True
2021-03-17,True,452706,452706.0,0.0,-4.309253825806081,True
2021-03-18,True,3346137,3346137.0,0.0,-4.309253825806081,True
2021-03-19,True,161180754,161180754.0,0.0,-4.309253825806081,True
2021-03-20,True,-483507526,-483507525.19081086,0.8091891407966614,-3.50006468500942,True
2021-03-21,True,-996633072,-996633066.3732305,5.626769542694092,2.126704857684672,True
2021-03-22,True,11434136,11434136.0,0.0,2.126704857684672,True
2021-03-23,True,1174963748,1174963749.3093011,1.3093011379241943,3.436005995608866,True
2021-03-24,True,12661353,12661353.0,0.0,3.436005995608866,True
2021-03-25,True,3932622325,3932622315.789174,-9.21082592010498,-5.774819924496114,True
2021-03-26,True,2064297227,2064297232.5963833,5.596383333206177,-0.1784365912899375,True
2021-03-27,True,-4935336,-4935336.0,0.0,-0.1784365912899375,True
2021-03-28,True,17083786,17083786.0,0.0,-0.1784365912899375,True
2021-03-29,True,104438219,104438235.08091083,16.080910831689835,15.902474240399897,True
2021-03-30,True,-439910782,-439910781.05714524,0.9428547620773315,16.84532900247723,True
2021-03-31,True,252951654,252951654.0,0.0,16.84532900247723,True
2021-04-01,True,203206221,203206221.0,0.0,16.84532900247723,True
2021-04-02,True,245152571,245152571.0,0.0,16.84532900247723,True
2021-04-03,True,297117022,297117022.0,0.0,16.84532900247723,True
2021-04-04,True,-1394545307,-1394545327.1714044,-20.171404361724854,-3.326075359247625,True
2021-04-05,True,12403050,12403050.0,0.0,-3.326075359247625,True
2021-04-06,True,117551544,117551544.0,0.0,-3.326075359247625,True
2021-04-07,True,306680724,306680724.0,0.0,-3.326075359247625,True
2021-04-08,True,-68463997,-68464000.0639642,-3.0639642030000687,-6.3900395622476935,True
2021-04-09,True,20528130,20528130.0,0.0,-6.3900395622476935,True
2021-04-10,True,-3044454849,-3044454841.9366913,7.0633087158203125,0.673269153572619,True
2021-04-11,True,5892103,5892103.0,0.0,0.673269153572619,True
2021-04-12,True,3090509,3090509.0,0.0,0.673269153572619,True
2021-04-13,True,3690927,3690927.0,0.0,0.673269153572619,True
2021-04-14,True,4403139,4403139.0,0.0,0.673269153572619,True
2021-04-15,True,2595754,2595754.0,0.0,0.673269153572619,True
2021-04-16,True,1091879,1091879.0,0.0,0.673269153572619,True
2021-04-17,True,21069597,21069597.0,0.0,0.673269153572619,True
2021-04-18,True,9111990836,9111990836.80623,0.8062305450439453,1.4794996986165643,True
2021-04-19,True,-2035527,-2035527.0,0.0,1.4794996986165643,True
2021-04-20,True,2901955247,2901955243.2636795,-3.7363204956054688,-2.2568207969889045,True
2021-04-21,True,509430764,509430765.917843,1.917842984199524,-0.33897781278938055,True
2021-04-22,True,314191606,314191618.4498038,12.449803829193115,12.110826016403735,True
2021-04-23,True,3611457479,3611457466.309536,-12.69046401977539,-0.5796380033716559,True
2021-04-24,True,2555546926,2555546921.799319,-4.200681209564209,-4.780319212935865,True
2021-04-25,True,419720168,419724170.7817342,4002.781734228134,3998.0014150151983,True
2021-04-26,True,1258608042,1258606596.0000553,-1445.9999446868896,2552.0014703283086,True
2021-04-27,True,-4510272252,-4510274370.731895,-2118.7318954467773,433.2695748815313,True
2021-04-28,True,14644206,14644206.0,0.0,433.2695748815313,True
2021-04-29,True,14665669,14665669.0,0.0,433.2695748815313,True
2021-04-30,True,-270251906,-270252068.5225311,-162.5225310921669,270.7470437893644,True
2021-05-01,True,-1261412,-1261412.0,0.0,270.7470437893644,True
2021-05-02,True,15136122,15136122.0,0.0,270.7470437893644,True
2021-05-03,True,-166342908,-166342935.174273,-27.174273014068604,243.5727707752958,True
2021-05-04,True,967887687,967887496.9925154,-190.00748455524445,53.56528622005135,True
2021-05-05,True,1495827530,1495827476.4360504,-53.56394958496094,0.0013366350904107094,True
2021-05-06,True,-261659445,-261659445.57969522,-0.5796952247619629,-0.5783585896715522,True
2021-05-07,True,-832143550,-832143549.4201913,0.5798087120056152,0.0014501223340630531,True
2021-05-08,True,-6623790,-6623790.0,0.0,0.0014501223340630531,True
2021-05-09,True,-13390453,-13390453.0,0.0,0.0014501223340630531,True
2021-05-10,True,-32225580,-32225580.0,0.0,0.0014501223340630531,True
2021-05-11,True,-5053751618,-5053751614.384004,3.6159963607788086,3.6174464831128716,True
2021-05-12,True,-20263665,-20263665.0,0.0,3.6174464831128716,True
2021-05-13,True,-7141088674,-7141088677.584305,-3.5843048095703125,0.03314167354255915,True
2021-05-14,True,2497177311,2497177310.9683137,-0.03168630599975586,0.0014553675428032875,True
2021-05-15,True,6228385,6228385.0,0.0,0.0014553675428032875,True
2021-05-16,True,6446030,6446030.0,0.0,0.0014553675428032875,True
2021-05-17,True,4325586928,4325586927.578054,-0.42194557189941406,-0.4204902043566108,True
2021-05-18,True,3243764432,3243764422.1864824,-9.813517570495605,-10.234007774852216,True
2021-05-19,True,1394199609,1394199617.5918446,8.59184455871582,-1.642163216136396,True
2021-05-20,True,-13409976516,-13409973310.023237,3205.9767627716064,3204.33459955547,True
2021-05-21,True,2999639213,2999636008.667203,-3204.332797050476,0.0018025049939751625,True
2021-05-22,True,1955080756,1955080756.0000098,9.775161743164062e-06,0.0018122801557183266,True
2021-05-23,True,-431344827,-431344827.4845498,-0.4845498204231262,-0.4827375402674079,True
2021-05-24,True,-16451479,-16451478.515445597,0.48455440253019333,0.0018168622627854347,True
2021-05-25,True,2310979753,2310979752.654203,-0.345797061920166,-0.3439801996573806,True
2021-05-26,True,-1540352,-1539589.6541804671,762.3458195328712,762.0018393332139,True
2021-05-27,True,-16089505,-16089505.0,0.0,762.0018393332139,True
2021-05-28,True,2062474038,2062473276.0351,-761.9649000167847,0.03693931642919779,True
2021-05-29,True,2771927673,2771927672.785735,-0.2142648696899414,-0.17732555326074362,True
2021-05-30,True,-79255252,-79255252.92243743,-0.9224374294281006,-1.0997629826888442,True
2021-05-31,True,80865464,80865454.12424737,-9.875752627849579,-10.975515610538423,True
2021-06-01,True,4089810793,4089908644.9773717,97851.97737169266,97841.00185608212,True
2021-06-02,True,775180714,775218352.0759139,37638.0759139061,135479.07776998822,True
2021-06-03,True,-355587624,-355656385.77451634,-68761.77451634407,66717.30325364415,True
2021-06-04,True,215192034,215189595.8192796,-2438.1807203888893,64279.12253325526,True
2021-06-05,True,6188979257,6188917588.091027,-61668.90897274017,2610.2135605150834,True
2021-06-06,True,1642472545,1642471559.4201353,-985.5798647403717,1624.6336957747117,True
2021-06-07,True,-55932924,-55932924.0,0.0,1624.6336957747117,True
2021-06-08,True,12673333736,12673332168.382874,-1567.6171264648438,57.01656930986792,True
2021-06-09,True,4730741440,4730741382.984214,-57.01578617095947,0.0007831389084458351,True
2021-06-10,True,-12002183815,-12002183821.508518,-6.508518218994141,-6.507735080085695,True
2021-06-11,True,-4457625402,-4457625414.73402,-12.734020233154297,-19.24175531323999,True
2021-06-12,True,1727572407,1727572425.561128,18.56112790107727,-0.6806274121627212,True
2021-06-13,True,451031058,451031062.74324524,4.743245244026184,4.062617831863463,True
2021-06-14,True,6937300071,6937300066.937476,-4.06252384185791,9.399000555276871e-05,True
2021-06-15,True,14618196,14618196.0,0.0,9.399000555276871e-05,True
2021-06-16,True,306325181,306325180.14733577,-0.8526642322540283,-0.8525702422484756,True
2021-06-17,True,969522397,969522397.7295036,0.7295036315917969,-0.12306661065667868,True
2021-06-18,True,7782782876,7782782871.577348,-4.422652244567871,-4.54571885522455,True
2021-06-19,True,525427428,525427427.4198868,-0.5801131725311279,-5.125832027755678,True
2021-06-20,True,-5597505961,-5597505958.568833,2.431166648864746,-2.6946653788909316,True
2021-06-21,True,1369723167,1369723172.2483284,5.248328447341919,2.5536630684509873,True
2021-06-22,True,4237243246,4237243243.445331,-2.55466890335083,-0.001005834899842739,True
2021-06-23,True,-6220006265,-6220006331.937345,-66.93734455108643,-66.93835038598627,True
2021-06-24,True,-1665072163,-1665072096.0636652,66.93633484840393,-0.0020155375823378563,True
2021-06-25,True,14580933,14580933.0,0.0,-0.0020155375823378563,True
2021-06-26,True,-6573199470,-6573199470.000187,-0.000186920166015625,-0.0022024577483534813,True
2021-06-27,True,-40411439,-40411439.0,0.0,-0.0022024577483534813,True
2021-06-28,True,-4372476437,-4372476437.000037,-3.719329833984375e-05,-0.002239651046693325,True
2021-06-29,True,-19021,-19021.0,0.0,-0.002239651046693325,True
2021-06-30,True,-12332,-12332.0,0.0,-0.002239651046693325,True
2021-07-01,True,2499316916,2499337002.216394,20086.2163939476,20086.214154296555,True
2021-07-02,True,804992813,804972726.7836673,-20086.216332674026,-0.0021783774718642235,True
2021-07-03,True,414990,414990.0,0.0,-0.0021783774718642235,True
2021-07-04,True,127878784,127878781.13099681,-2.869003191590309,-2.8711815690621734,True
2021-07-05,True,105155016,105155018.11685781,2.116857811808586,-0.7543237572535872,True
2021-07-06,True,-219363279,-219363278.2476353,0.7523646950721741,-0.0019590621814131737,True
2021-07-07,True,-11649351,-11649351.0,0.0,-0.0019590621814131737,True
2021-07-08,True,2242121664,2242121664.10348,0.10347986221313477,0.10152080003172159,True
2021-07-09,True,33710038,33759263.89662142,49225.89662142098,49225.99814222101,True
2021-07-10,True,-43943581,-43943581.0,0.0,49225.99814222101,True
2021-07-11,True,-13827150,-13827150.0,0.0,49225.99814222101,True
2021-07-12,True,-23095321,-23095321.0,0.0,49225.99814222101,True
2021-07-13,True,-1883263773,-1883312999.000309,-49226.00030899048,-0.002166769467294216,True
2021-07-14,True,508844144,508844145.26131684,1.2613168358802795,1.2591500664129853,True
2021-07-15,True,-49323935,-49323935.0,0.0,1.2591500664129853,True
2021-07-16,True,1330236173,1330236171.8239636,-1.1760363578796387,0.08311370853334665,True
2021-07-17,True,7483216,7483216.0,0.0,0.08311370853334665,True
2021-07-18,True,687141140,687141136.824007,-3.175992965698242,-3.0928792571648955,True
2021-07-19,True,-8797274,-8797274.0,0.0,-3.0928792571648955,True
2021-07-20,True,-1538308,-1538308.0,0.0,-3.0928792571648955,True
2021-07-21,True,-10074921,-10074921.0,0.0,-3.0928792571648955,True
2021-07-22,True,1180849063,1180901475.0905313,52412.09053134918,52408.99765209202,True
2021-07-23,True,1130234749,1130182362.9081938,-52386.091806173325,22.90584591869265,True
2021-07-24,True,-5874335,-5874335.0,0.0,22.90584591869265,True
2021-07-25,True,156021197,156021196.38312924,-0.6168707609176636,22.288975157774985,True
2021-07-26,True,4291299202,4291452324.7086153,153122.70861530304,153144.9975904608,True
2021-07-27,True,1711018751,1710874482.2856185,-144268.71438145638,8876.28320900444,True
2021-07-28,True,-1173948812,-1173955268.5003645,-6456.500364542007,2419.782844462432,True
2021-07-29,True,-144042993,-144044091.35058194,-1098.3505819439888,1321.4322625184432,True
2021-07-30,True,1599230973,1599230314.5467105,-658.4532895088196,662.9789730096236,True
2021-07-31,True,-448013105,-448013157.65976405,-52.65976405143738,610.3192089581862,True
2021-08-01,True,28648528,28648528.0,0.0,610.3192089581862,True
2021-08-02,True,23926463,23926259.597284496,-203.40271550416946,406.91649345401675,True
2021-08-03,True,499452907,499466722.08052874,13815.080528736115,14221.997022190131,True
2021-08-04,True,-33733468,-33733468.0,0.0,14221.997022190131,True
2021-08-05,True,814210938,814207223.6592162,-3714.3407838344574,10507.656238355674,True
2021-08-06,True,4841040300,4841220542.340786,180242.34078598022,190749.9970243359,True
2021-08-07,True,1709695873,1709527744.0000343,-168128.99996566772,22620.997058668174,True
2021-08-08,True,662399597,662390655.1847924,-8941.815207600594,13679.18185106758,True
2021-08-09,True,-108374445,-108388125.37268004,-13680.372680038214,-1.1908289706334472,True
2021-08-10,True,-434019471,-434019464.94619805,6.053801953792572,4.862972983159125,True
2021-08-11,True,385690880,385690878.1812241,-1.8187758922576904,3.0441970909014344,True
2021-08-12,True,696278893,696278852.4921571,-40.507842898368835,-37.4636458074674,True
2021-08-13,True,3423349196,3423349233.4582686,37.45826864242554,-0.005377165041863918,True
2021-08-14,True,21337215,21337215.0,0.0,-0.005377165041863918,True
2021-08-15,True,6768902,6768902.47937496,0.479374960064888,0.4739977950230241,True
2021-08-16,True,296520,296520.0,0.0,0.4739977950230241,True
2021-08-17,True,28824944,28824944.0,0.0,0.4739977950230241,True
2021-08-18,True,3884239291,3884239292.4319158,1.4319157600402832,1.9059135550633073,True
2021-08-19,True,412703674,412703691.0892424,17.08924239873886,18.99515595380217,True
2021-08-20,True,2662044533,2662044523.4365225,-9.563477516174316,9.431678437627852,True
2021-08-21,True,2110756671,2110756678.486748,7.486747980117798,16.91842641774565,True
2021-08-22,True,270809698,270809696.95455414,-1.0454458594322205,15.87298055831343,True
2021-08-23,True,174564656,174564655.83877474,-0.16122525930404663,15.711755299009383,True
2021-08-24,True,1091020742,1091020734.5086277,-7.491372346878052,8.220382952131331,True
2021-08-25,True,319777528,319777528.1380649,0.1380649209022522,8.358447873033583,True
2021-08-26,True,2141264158,2141264154.9445827,-3.05541729927063,5.303030573762953,True
2021-08-27,True,-44795940,-44795940.0,0.0,5.303030573762953,True
2021-08-28,True,181782216,181782224.6262733,8.626273304224014,13.929303877986968,True
2021-08-29,True,-30896200,-30896200.0,0.0,13.929303877986968,True
2021-08-30,True,-29021083,-29021083.0,0.0,13.929303877986968,True
2021-08-31,True,-361392064,-361392061.64487135,2.3551286458969116,16.28443252388388,True
2021-09-01,True,-25293200,-25293200.0,0.0,16.28443252388388,True
2021-09-02,True,-28275893,-28275893.0,0.0,16.28443252388388,True
2021-09-03,True,-61700274,-61700274.0,0.0,16.28443252388388,True
2021-09-04,True,701483631,701483634.7332723,3.7332723140716553,20.017704837955534,True
2021-09-05,True,-42453992,-42453992.0,0.0,20.017704837955534,True
2021-09-06,True,2548006035,2548006023.3068213,-11.693178653717041,8.324526184238493,True
2021-09-07,True,5830880515,5831595355.67009,714840.6700897217,714848.9946159059,True
2021-09-08,True,-2430246984,-2430932005.7172823,-685021.7172822952,29827.27733361069,True
2021-09-09,True,10731240,10731240.0,0.0,29827.27733361069,True
2021-09-10,True,-914963528,-914972047.8412958,-8519.841295838356,21307.436037772335,True
2021-09-11,True,-1412532331,-1412539423.4289522,-7092.428952217102,14215.007085555233,True
2021-09-12,True,-26568911,-26568911.0,0.0,14215.007085555233,True
2021-09-13,True,-35693587,-35693587.0,0.0,14215.007085555233,True
2021-09-14,True,27995224,27995224.0,0.0,14215.007085555233,True
2021-09-15,True,3008779669,3008767351.3508887,-12317.649111270905,1897.3579742843285,True
2021-09-16,True,742645231,742974975.6363109,329744.636310935,331641.99428521935,True
2021-09-17,True,533982113,533899479.3388598,-82633.66114020348,249008.33314501587,True
2021-09-18,True,873894274,873770323.0081352,-123950.99186480045,125057.34128021542,True
2021-09-19,True,10264309,10264309.0,0.0,125057.34128021542,True
2021-09-20,True,5295209025,5295084813.31875,-124211.68124961853,845.6600305968896,True
2021-09-21,True,811236732,811235886.3335718,-845.6664282083511,-0.0063976114615798,True
2021-09-22,True,2884329398,2884424117.000122,94719.00012207031,94718.99372445885,True
2021-09-23,True,-145306495,-145306495.0,0.0,94718.99372445885,True
2021-09-24,True,594173570,594096285.5522078,-77284.44779217243,17434.54593228642,True
2021-09-25,True,2256657351,2257023855.4478335,366504.44783353806,383938.9937658245,True
2021-09-26,True,2468524220,2468185981.4172363,-338238.5827636719,45700.4110021526,True
2021-09-27,True,1472558914,1472513613.8349113,-45300.165088653564,400.24591349903494,True
2021-09-28,True,13785852,13849275.747620456,63423.74762045592,63823.993533954956,True
2021-09-29,True,-9169163,-9169163.0,0.0,63823.993533954956,True
2021-09-30,True,-10507193,-10507193.0,0.0,63823.993533954956,True
2021-10-01,True,3940999,3940999.0,0.0,63823.993533954956,True
2021-10-02,True,11105483,11105483.0,0.0,63823.993533954956,True
2021-10-03,True,17332269,17332269.0,0.0,63823.993533954956,True
2021-10-04,True,18716944,18716944.0,0.0,63823.993533954956,True
2021-10-05,True,18469469,18469469.0,0.0,63823.993533954956,True
2021-10-06,True,11991847,11991847.0,0.0,63823.993533954956,True
2021-10-07,True,16765860,16765860.0,0.0,63823.993533954956,True
2021-10-08,True,16656529,16656529.0,0.0,63823.993533954956,True
2021-10-09,True,16414455,16414455.0,0.0,63823.993533954956,True
2021-10-10,True,16415085,16415085.0,0.0,63823.993533954956,True
2021-10-11,True,16157975,16157975.0,0.0,63823.993533954956,True
2021-10-12,True,22717167,22717167.0,0.0,63823.993533954956,True
2021-10-13,True,-8993049023,-8993091594.608953,-42571.60895347595,21252.384580479003,True
2021-10-14,True,15839291,15839291.0,0.0,21252.384580479003,True
2021-10-15,True,30644784,30644784.0,0.0,21252.384580479003,True
2021-10-16,True,49420457,49420457.0,0.0,21252.384580479003,True
2021-10-17,True,22627911,22627911.0,0.0,21252.384580479003,True
2021-10-18,True,34244694,34244694.0,0.0,21252.384580479003,True
2021-10-19,True,39055279,39055279.0,0.0,21252.384580479003,True
2021-10-20,True,18927916,18927916.0,0.0,21252.384580479003,True
2021-10-21,True,-5675215710,-5675224215.286999,-8505.28699874878,12747.097581730224,True
2021-10-22,True,-3053055214,-3053060995.725808,-5781.725808143616,6965.3717735866085,True
2021-10-23,True,-1722840117,-1722844200.6141965,-4083.614196538925,2881.7575770476833,True
2021-10-24,True,-9802136,-9802136.0,0.0,2881.7575770476833,True
2021-10-25,True,-14970210,-14970210.0,0.0,2881.7575770476833,True
2021-10-26,True,-9572902,-9572902.0,0.0,2881.7575770476833,True
2021-10-27,True,-9476053,-9476053.0,0.0,2881.7575770476833,True
2021-10-28,True,-17843976,-17843976.0,0.0,2881.7575770476833,True
2021-10-29,True,-17117657,-17117657.0,0.0,2881.7575770476833,True
2021-10-30,True,1270780350,1270778709.1216033,-1640.8783967494965,1240.8791802981868,True
2021-10-31,True,603363133,603373342.1148643,10209.114864349365,11449.994044647552,True
2021-11-01,True,4959510,4959510.0,0.0,11449.994044647552,True
2021-11-02,True,9660226,9660226.0,0.0,11449.994044647552,True
2021-11-03,True,10977657,10977657.0,0.0,11449.994044647552,True
2021-11-04,True,9935755,9935755.0,0.0,11449.994044647552,True
2021-11-05,True,4857115,4857115.0,0.0,11449.994044647552,True
2021-11-06,True,4893740,4893740.0,0.0,11449.994044647552,True
2021-11-07,True,4889815,4889815.0,0.0,11449.994044647552,True
2021-11-08,True,4744505,4744505.0,0.0,11449.994044647552,True
2021-11-09,True,17215336,17215336.0,0.0,11449.994044647552,True
2021-11-10,True,-1369864266,-1369875217.0000014,-10951.000001430511,498.9940432170406,True
2021-11-11,True,-11707493,-11707493.0,0.0,498.9940432170406,True
2021-11-12,True,-6584772,-6584772.0,0.0,498.9940432170406,True
2021-11-13,True,-13566023,-13566023.0,0.0,498.9940432170406,True
2021-11-14,True,-16058361,-16058361.0,0.0,498.9940432170406,True
2021-11-15,True,-15874779,-15874779.0,0.0,498.9940432170406,True
2021-11-16,True,-550179387,-550179477.901576,-90.9015760421753,408.0924671748653,True
2021-11-17,True,-538110434,-538110546.579764,-112.57976400852203,295.5127031663433,True
2021-11-18,True,-17873495,-17873495.0,0.0,295.5127031663433,True
2021-11-19,True,-20573108,-20573108.0,0.0,295.5127031663433,True
2021-11-20,True,-17781929,-17781929.0,0.0,295.5127031663433,True
2021-11-21,True,-16458296,-16458296.0,0.0,295.5127031663433,True
2021-11-22,True,-26124179,-26124179.0,0.0,295.5127031663433,True
2021-11-23,True,-26938696,-26938696.0,0.0,295.5127031663433,True
2021-11-24,True,-26922089,-26922089.0,0.0,295.5127031663433,True
2021-11-25,True,-26770026,-26770026.0,0.0,295.5127031663433,True
2021-11-26,True,-197099693,-197099701.093785,-8.093784987926483,287.4189181784168,True
2021-11-27,True,-38461588,-38461588.0,0.0,287.4189181784168,True
2021-11-28,True,-28807374,-28807374.0,0.0,287.4189181784168,True
2021-11-29,True,-1874189656,-1874189733.5088751,-77.50887513160706,209.91004304680973,True
2021-11-30,True,-25877036,-25877036.0,0.0,209.91004304680973,True
2021-12-01,True,-83779387,-83779436.49140239,-49.49140238761902,160.41864065919071,True
2021-12-02,True,-26390664,-26390664.0,0.0,160.41864065919071,True
2021-12-03,True,-26642132,-26642132.0,0.0,160.41864065919071,True
2021-12-04,True,-8252559183,-8252559249.074548,-66.07454776763916,94.34409289155155,True
2021-12-05,True,76831029,76831029.0,0.0,94.34409289155155,True
2021-12-06,True,53513862,53513862.0,0.0,94.34409289155155,True
2021-12-07,True,-8398394122,-8398394216.612088,-94.61208820343018,-0.2679953118786216,True
2021-12-08,True,58590,58590.0,0.0,-0.2679953118786216,True
2021-12-09,True,-86276,-86276.0,0.0,-0.2679953118786216,True
2021-12-10,True,-87775,-87775.0,0.0,-0.2679953118786216,True
2021-12-11,True,-79885,-79885.0,0.0,-0.2679953118786216,True
2021-12-12,True,-31991,-31991.0,0.0,-0.2679953118786216,True
2021-12-13,True,29472,29472.0,0.0,-0.2679953118786216,True
2021-12-14,True,46617,46617.0,0.0,-0.2679953118786216,True
2021-12-15,True,-39829,-39829.0,0.0,-0.2679953118786216,True
2021-12-16,True,-65852,-65852.0,0.0,-0.2679953118786216,True
2021-12-17,True,-88906,-88906.0,0.0,-0.2679953118786216,True
2021-12-18,True,-4167,-4167.0,0.0,-0.2679953118786216,True
2021-12-19,True,-40889,-40889.0,0.0,-0.2679953118786216,True
2021-12-20,True,-56803,-56803.0,0.0,-0.2679953118786216,True
2021-12-21,True,-6613647,-6613647.0,0.0,-0.2679953118786216,True
2021-12-22,True,-6696377,-6696377.0,0.0,-0.2679953118786216,True
2021-12-23,True,379139846,379139850.405137,4.405137002468109,4.1371416905894876,True
2021-12-24,True,751853058,752640239.8562258,787181.8562258482,787185.9933675388,True
2021-12-25,True,-3980434,-3980434.0,0.0,787185.9933675388,True
2021-12-26,True,3549546,3549546.0,0.0,787185.9933675388,True
2021-12-27,True,-7959854,-7959854.0,0.0,787185.9933675388,True
2021-12-28,True,12797939,12797939.0,0.0,787185.9933675388,True
2021-12-29,True,5419287,5419287.0,0.0,787185.9933675388,True
2021-12-30,True,11769340,11769340.0,0.0,787185.9933675388,True
2021-12-31,True,-159371,-159371.0,0.0,787185.9933675388,True
2022-01-01,False,0,1958048.0,1958048.0,2745233.993367539,False
