posting_date,wallet_present,wallet_sat,model_sat,difference_sat,cumulative_difference_sat,within_wallet_period
2018-03-05,True,-1910004,-1910004.0,0.0,0.0,True
2018-03-06,True,-6358364,-6358364.0,0.0,0.0,True
2018-03-07,True,-1547227,-1547227.0,0.0,0.0,True
2018-03-08,True,4735248,4735248.0,0.0,0.0,True
2018-03-09,True,3630907,3630907.0,0.0,0.0,True
2018-03-10,True,-6403106,-6403105.999999993,7.450580596923828e-09,7.450580596923828e-09,True
2018-03-11,True,-3507086,-3507086.0,0.0,7.450580596923828e-09,True
2018-03-12,True,4152832,4152831.888888888,-0.1111111119389534,-0.1111111044883728,True
2018-03-13,True,-21090265,-21090265.409239955,-0.4092399552464485,-0.5203510597348213,True
2018-03-14,True,-31394156,-31394155.47964835,0.5203516483306885,5.885958671569824e-07,True
2018-03-15,True,32075933,32075933.000000052,5.21540641784668e-08,6.407499313354492e-07,True
2018-03-16,True,49775425,49775425.00000049,4.917383193969727e-07,1.1324882507324219e-06,True
2018-03-17,True,22969383,22969383.000000075,7.450580596923828e-08,1.2069940567016602e-06,True
2018-03-18,False,0,0.0,0.0,1.2069940567016602e-06,True
2018-03-19,True,8837371,8837370.999999933,-6.705522537231445e-08,1.1399388313293457e-06,True
2018-03-20,True,116909836,116909836.00000015,1.4901161193847656e-07,1.2889504432678223e-06,True
2018-03-21,True,-244125250,-244125250.10095695,-0.10095694661140442,-0.10095565766096115,True
2018-03-22,True,48534757,48534757.10095449,0.10095448791980743,-1.169741153717041e-06,True
2018-03-23,False,0,0.0,0.0,-1.169741153717041e-06,True
2018-03-24,False,0,0.0,0.0,-1.169741153717041e-06,True
2018-03-25,False,0,0.0,0.0,-1.169741153717041e-06,True
2018-03-26,False,0,0.0,0.0,-1.169741153717041e-06,True
2018-03-27,False,0,0.0,0.0,-1.169741153717041e-06,True
2018-03-28,False,0,0.0,0.0,-1.169741153717041e-06,True
2018-03-29,True,-4377354,-4377353.595238018,0.40476198215037584,0.4047608124092221,True
2018-03-30,True,83256038,83256037.59524006,-0.40475994348526,8.689239621162415e-07,True
2018-03-31,True,36407160,36407159.99999961,-3.8743019104003906e-07,4.814937710762024e-07,True
2018-04-01,True,-39384601,-39384600.99999842,1.5795230865478516e-06,2.061016857624054e-06,True
2018-04-02,True,-57338557,-57338557.00000306,-3.0621886253356934e-06,-1.0011717677116394e-06,True
2018-04-03,True,-38825229,-38825229.00000015,-1.4901161193847656e-07,-1.150183379650116e-06,True
2018-04-04,True,3698744,3698744.0000001714,1.7136335372924805e-07,-9.78820025920868e-07,True
2018-04-05,True,10228935,10228934.99999997,-2.9802322387695312e-08,-1.0086223483085632e-06,True
2018-04-06,True,24791006,24791006.000000004,3.725290298461914e-09,-1.0048970580101013e-06,True
2018-04-07,True,-3974904,-3974904.0,0.0,-1.0048970580101013e-06,True
2018-04-08,True,54105,54105.0,0.0,-1.0048970580101013e-06,True
2018-04-09,True,27955181,27955181.0,0.0,-1.0048970580101013e-06,True
2018-04-10,True,13478235,13478235.0,0.0,-1.0048970580101013e-06,True
2018-04-11,False,0,0.0,0.0,-1.0048970580101013e-06,True
2018-04-12,True,632753,632753.0,0.0,-1.0048970580101013e-06,True
2018-04-13,True,4633657,4633656.666666776,-0.33333322405815125,-0.33333422895520926,True
2018-04-14,True,56330627,56330627.33333403,0.3333340287208557,-2.0023435354232788e-07,True
2018-04-15,True,-74601730,-74601729.999999,9.98377799987793e-07,7.981434464454651e-07,True
2018-04-16,True,45716144,45716144.000003435,3.4347176551818848e-06,4.23286110162735e-06,True
2018-04-17,True,99587101,99587100.99999905,-9.5367431640625e-07,3.2791867852211e-06,True
2018-04-18,True,86710942,86710942.00000133,1.3262033462524414e-06,4.605390131473541e-06,True
2018-04-19,True,-120570108,-120570108.00000101,-1.0132789611816406e-06,3.5921111702919006e-06,True
2018-04-20,True,37481502,37481501.99999489,-5.111098289489746e-06,-1.5189871191978455e-06,True
2018-04-21,True,37951682,37951681.9999982,-1.8030405044555664e-06,-3.322027623653412e-06,True
2018-04-22,True,7038462,7038461.999999806,-1.9371509552001953e-07,-3.5157427191734314e-06,True
2018-04-23,True,8980670,8980669.999999655,-3.4458935260772705e-07,-3.8603320717811584e-06,True
2018-04-24,True,84361648,84361648.000001,9.98377799987793e-07,-2.8619542717933655e-06,True
2018-04-25,True,-6876912,-6876912.0000015665,-1.5664845705032349e-06,-4.4284388422966e-06,True
2018-04-26,True,170204947,170204947.00000086,8.642673492431641e-07,-3.5641714930534363e-06,True
2018-04-27,True,1718121,1718121.0,0.0,-3.5641714930534363e-06,True
2018-04-28,True,54595876,54595875.99999959,-4.0978193283081055e-07,-3.973953425884247e-06,True
2018-04-29,True,-1731985,-1731984.9999999963,3.725290298461914e-09,-3.970228135585785e-06,True
2018-04-30,True,496625,496625.0000000056,5.587935447692871e-09,-3.964640200138092e-06,True
2018-05-01,False,0,0.0,0.0,-3.964640200138092e-06,True
2018-05-02,True,3889155,3889155.0,0.0,-3.964640200138092e-06,True
2018-05-03,False,0,0.0,0.0,-3.964640200138092e-06,True
2018-05-04,True,-20595195,-20595194.999984458,1.5541911125183105e-05,1.1577270925045013e-05,True
2018-05-05,False,0,0.0,0.0,1.1577270925045013e-05,True
2018-05-06,True,2585069,2585069.0,0.0,1.1577270925045013e-05,True
2018-05-07,True,12949628,12949628.000000495,4.954636096954346e-07,1.2072734534740448e-05,True
2018-05-08,False,0,0.0,0.0,1.2072734534740448e-05,True
2018-05-09,False,0,0.0,0.0,1.2072734534740448e-05,True
2018-05-10,False,0,0.0,0.0,1.2072734534740448e-05,True
2018-05-11,False,0,0.0,0.0,1.2072734534740448e-05,True
2018-05-12,True,214067210,214067209.99999592,-4.082918167114258e-06,7.98981636762619e-06,True
2018-05-13,True,9434026,9434026.0,0.0,7.98981636762619e-06,True
2018-05-14,True,9101193,9101193.0,0.0,7.98981636762619e-06,True
2018-05-15,True,4451860,4451860.0000001285,1.2852251529693604e-07,8.118338882923126e-06,True
2018-05-16,True,87982015,87982015.00000109,1.087784767150879e-06,9.206123650074005e-06,True
2018-05-17,True,13314440,13314440.0,0.0,9.206123650074005e-06,True
2018-05-18,False,0,0.0,0.0,9.206123650074005e-06,True
2018-05-19,True,3558972,3558972.0,0.0,9.206123650074005e-06,True
2018-05-20,True,10117951,10117951.000000179,1.7881393432617188e-07,9.384937584400177e-06,True
2018-05-21,True,-1761548,-1761548.0,0.0,9.384937584400177e-06,True
2018-05-22,True,8576357,8576357.0,0.0,9.384937584400177e-06,True
2018-05-23,True,-68722243,-68722243.00000268,-2.682209014892578e-06,6.702728569507599e-06,True
2018-05-24,True,-477220696,-477220695.99998826,1.1742115020751953e-05,1.8444843590259552e-05,True
2018-05-25,True,45044602,45044601.99999885,-1.1473894119262695e-06,1.7297454178333282e-05,True
2018-05-26,True,139148116,139148115.973472,-0.026528000831604004,-0.02651070337742567,True
2018-05-27,True,-18900711,-18900710.97347164,0.026528358459472656,1.7655082046985626e-05,True
2018-05-28,True,-11788962,-11788962.0,0.0,1.7655082046985626e-05,True
2018-05-29,True,6082273,6082273.000000758,7.580965757369995e-07,1.8413178622722626e-05,True
2018-05-30,True,51943196,51943195.999999695,-3.0547380447387695e-07,1.810770481824875e-05,True
2018-05-31,True,42819050,42819050.00082115,0.0008211508393287659,0.0008392585441470146,True
2018-06-01,True,46473340,46473339.99917998,-0.0008200183510780334,1.924019306898117e-05,True
2018-06-02,True,3,3.0,0.0,1.924019306898117e-05,True
2018-06-03,True,-576007,-576006.9999992666,7.334165275096893e-07,1.997360959649086e-05,True
2018-06-04,True,29414559,29414559.007326316,0.007326316088438034,0.007346289698034525,True
2018-06-05,True,47414512,47414511.79264142,-0.20735857635736465,-0.20001228665933013,True
2018-06-06,True,7865738,7865738.201220887,0.20122088678181171,0.0012086001224815845,True
2018-06-07,True,20136839,20136839.10434795,0.10434795171022415,0.10555655183270574,True
2018-06-08,True,7,7.0,0.0,0.10555655183270574,True
2018-06-09,True,7,7.0,0.0,0.10555655183270574,True
2018-06-10,True,24721342,24721342.374989774,0.3749897740781307,0.48054632591083646,True
2018-06-11,True,35124042,35124041.52074309,-0.47925691306591034,0.0012894128449261189,True
2018-06-12,True,-2267319,-2267318.391927451,0.6080725491046906,0.6093619619496167,True
2018-06-13,True,26878917,26878915.891002547,-1.1089974530041218,-0.4996354910545051,True
2018-06-14,True,31233244,31233244.536007628,0.5360076278448105,0.036372136790305376,True
2018-06-15,True,63469436,63469435.97101676,-0.02898324280977249,0.007388893980532885,True
2018-06-16,True,85348917,85348916.99263297,-0.007367029786109924,2.186419442296028e-05,True
2018-06-17,True,52639970,52639970.00000081,8.121132850646973e-07,2.267630770802498e-05,True
2018-06-18,True,4810570,4810570.000000096,9.592622518539429e-08,2.2772233933210373e-05,True
2018-06-19,True,22027903,22027902.500213157,-0.4997868426144123,-0.4997640703804791,True
2018-06-20,True,28249089,28249089.088570952,0.08857095241546631,-0.4111931179650128,True
2018-06-21,True,40081915,40081915.60135528,0.6013552770018578,0.19016215903684497,True
2018-06-22,True,29367503,29367502.809855133,-0.1901448667049408,1.7292331904172897e-05,True
2018-06-23,True,101064449,101064448.99999918,-8.195638656616211e-07,1.6472768038511276e-05,True
2018-06-24,True,-215248803,-215248803.00000027,-2.682209014892578e-07,1.620454713702202e-05,True
2018-06-25,True,44751210,44751210.00000045,4.470348358154297e-07,1.6651581972837448e-05,True
2018-06-26,True,31195750,31195750.351677775,0.3516777753829956,0.35169442696496844,True
2018-06-27,True,13566687,13566687.107131645,0.10713164508342743,0.45882607204839587,True
2018-06-28,True,9100457,9100456.540555598,-0.4594444017857313,-0.0006183297373354435,True
2018-06-29,True,-86714710,-86714709.9993606,0.0006393939256668091,2.1064188331365585e-05,True
2018-06-30,True,53438022,53438022.00000102,1.0207295417785645e-06,2.208491787314415e-05,True
2018-07-01,True,18494111,18494110.968190193,-0.03180980682373047,-0.031787721905857325,True
2018-07-02,True,17005042,17005042.031909175,0.03190917521715164,0.00012145331129431725,True
2018-07-03,True,75650673,75650672.99989943,-0.00010056793689727783,2.0885374397039413e-05,True
2018-07-04,True,81529469,81529469.00000308,3.084540367126465e-06,2.3969914764165878e-05,True
2018-07-05,True,10110916,10110916.000550969,0.0005509685724973679,0.0005749384872615337,True
2018-07-06,True,-6,-6.0,0.0,0.0005749384872615337,True
2018-07-07,True,-6,-6.0,0.0,0.0005749384872615337,True
2018-07-08,True,48093208,48093209.67019305,1.6701930463314056,1.6707679848186672,True
2018-07-09,True,3814925,3814923.105185032,-1.8948149681091309,-0.22404698329046369,True
2018-07-10,True,45877477,45877477.04994967,0.04994966834783554,-0.17409731494262815,True
2018-07-11,True,70508250,70508250.17401262,0.17401261627674103,-8.469866588711739e-05,True
2018-07-12,True,728715,728715.0,0.0,-8.469866588711739e-05,True
2018-07-13,True,86021262,86021262.00011012,0.00011011958122253418,2.5420915335416794e-05,True
2018-07-14,True,77534088,77534088.00000057,5.662441253662109e-07,2.5987159460783005e-05,True
2018-07-15,True,4191320,4191319.999999443,-5.569308996200562e-07,2.543022856116295e-05,True
2018-07-16,True,-65904904,-65904904.16162014,-0.1616201400756836,-0.16159470984712243,True
2018-07-17,True,51618085,51618085.161814354,0.1618143543601036,0.00021964451298117638,True
2018-07-18,True,-504218655,-504218654.7298825,0.27011752128601074,0.2703371657989919,True
2018-07-19,True,249581814,249581820.16473898,6.164738982915878,6.43507614871487,True
2018-07-20,True,115292225,115292217.55524488,-7.444755122065544,-1.009678973350674,True
2018-07-21,True,21447729,21447730.00970208,1.0097020789980888,2.3105647414922714e-05,True
2018-07-22,True,15042001,15042000.69356615,-0.3064338508993387,-0.3064107452519238,True
2018-07-23,True,46321979,46321978.98223258,-0.017767421901226044,-0.32417816715314984,True
2018-07-24,True,-44722304,-44722302.43923101,1.5607689917087555,1.2365908245556056,True
2018-07-25,True,216232316,216232314.76343295,-1.2365670502185822,2.3774337023496628e-05,True
2018-07-26,True,171900817,171900816.10656106,-0.8934389352798462,-0.8934151609428227,True
2018-07-27,True,240601570,240601570.89344302,0.8934430181980133,2.7857255190610886e-05,True
2018-07-28,True,16741018,16741017.756953359,-0.24304664134979248,-0.24301878409460187,True
2018-07-29,True,51932142,51932142.243051596,0.24305159598588943,3.281189128756523e-05,True
2018-07-30,True,26134395,26134394.00136777,-0.9986322298645973,-0.9985994179733098,True
2018-07-31,True,86560261,86560262.2136074,1.2136074006557465,0.2150079826824367,True
2018-08-01,True,-510750372,-510750372.8009004,-0.800900399684906,-0.5858924170024693,True
2018-08-02,True,221385233,221385233.58593157,0.5859315693378448,3.915233537554741e-05,True
2018-08-03,True,-60946973,-60946972.88451882,0.1154811829328537,0.11552033526822925,True
2018-08-04,True,37291896,37291895.396001175,-0.6039988249540329,-0.48847848968580365,True
2018-08-05,True,-387063998,-387063994.0948298,3.905170202255249,3.4166917125694454,True
2018-08-06,True,51604310,51604306.7248121,-3.2751879021525383,0.14150381041690707,True
2018-08-07,True,265547497,265547496.8585463,-0.14145371317863464,5.009723827242851e-05,True
2018-08-08,True,29095989,29095986.713419974,-2.2865800261497498,-2.2865299289114773,True
2018-08-09,True,170312384,170312386.28635487,2.2863548696041107,-0.00017505930736660957,True
2018-08-10,True,584261957,584261956.5138708,-0.48612916469573975,-0.48630422400310636,True
2018-08-11,True,22213193,22213193.486336596,0.4863365963101387,3.2372307032346725e-05,True
2018-08-12,True,259149072,259149071.88188782,-0.11811217665672302,-0.11807980434969068,True
2018-08-13,True,-58431577,-58431576.881887026,0.1181129738688469,3.3169519156217575e-05,True
2018-08-14,True,-198376088,-198376087.99875087,0.0012491345405578613,0.001282304059714079,True
2018-08-15,True,98569561,98569560.9987508,-0.0012491941452026367,3.3109914511442184e-05,True
2018-08-16,True,-20375663,-20375663.230170514,-0.23017051443457603,-0.2301374045200646,True
2018-08-17,True,194483409,194483409.2011601,0.20116010308265686,-0.028977301437407732,True
2018-08-18,True,-144932353,-144932352.9709936,0.029006391763687134,2.909032627940178e-05,True
2018-08-19,True,72706073,72706072.7643458,-0.23565420508384705,-0.23562511475756764,True
2018-08-20,True,-15679569,-15679568.764246684,0.23575331643223763,0.000128201674669981,True
2018-08-21,True,10983213,10983213.000797335,0.0007973350584506989,0.0009255367331206799,True
2018-08-22,True,13078942,13078941.999085898,-0.0009141024202108383,1.1434312909841537e-05,True
2018-08-23,True,83769947,83769947.00781201,0.007812008261680603,0.007823442574590445,True
2018-08-24,True,34947615,34947614.9932542,-0.0067458003759384155,0.001077642198652029,True
2018-08-25,True,-168554728,-168554728.00097916,-0.0009791553020477295,9.848689660429955e-05,True
2018-08-26,True,68477557,68477556.99992892,-7.107853889465332e-05,2.7408357709646225e-05,True
2018-08-27,True,-32545738,-32545738.474944763,-0.4749447628855705,-0.4749173545278609,True
2018-08-28,True,-248604448,-248604447.5240532,0.4759468138217926,0.0010294592939317226,True
2018-08-29,True,102134998,102134997.99900883,-0.0009911656379699707,3.829365596175194e-05,True
2018-08-30,True,-80589940,-80589939.81535345,0.18464654684066772,0.18468484049662948,True
2018-08-31,True,159776184,159776183.5411263,-0.4588736891746521,-0.2741888486780226,True
2018-09-01,True,-3748490,-3748489.23722744,0.7627725601196289,0.4885837114416063,True
2018-09-02,True,50478088,50478087.51107362,-0.48892638087272644,-0.00034266943112015724,True
2018-09-03,True,115584915,115584914.36245863,-0.6375413686037064,-0.6378840380348265,True
2018-09-04,True,249434,249433.7741402113,-0.2258597887121141,-0.8637438267469406,True
2018-09-05,True,589982143,589982142.6137836,-0.386216402053833,-1.2499602288007736,True
2018-09-06,True,-1193728792,-1193728788.7840266,3.215973377227783,1.9660131484270096,True
2018-09-07,True,67712863,67712861.03423473,-1.96576526761055,0.00024788081645965576,True
2018-09-08,True,-18,-18.0,0.0,0.00024788081645965576,True
2018-09-09,True,112002682,112002682.37928857,0.37928856909275055,0.3795364499092102,True
2018-09-10,True,296431088,296431087.6204762,-0.3795238137245178,1.2636184692382812e-05,True
2018-09-11,True,34934613,34934612.99999905,-9.5367431640625e-07,1.1682510375976562e-05,True
2018-09-12,True,-11,-11.0,0.0,1.1682510375976562e-05,True
2018-09-13,True,-2704472,-2704471.9999998645,1.3550743460655212e-07,1.1818017810583115e-05,True
2018-09-14,True,-64805896,-64805896.3335567,-0.3335566967725754,-0.3335448787547648,True
2018-09-15,True,70591382,70591382.33367623,0.3336762338876724,0.000131355132907629,True
2018-09-16,True,-24,-24.0,0.0,0.000131355132907629,True
2018-09-17,True,-1,-1.0,0.0,0.000131355132907629,True
2018-09-18,True,-2,-2.0,0.0,0.000131355132907629,True
2018-09-19,True,-5,-5.0,0.0,0.000131355132907629,True
2018-09-20,True,2,2.0,0.0,0.000131355132907629,True
2018-09-21,True,-5,-5.0,0.0,0.000131355132907629,True
2018-09-22,True,-482,-482.00012373924255,-0.00012373924255371094,7.6158903539180756e-06,True
2018-09-23,False,0,0.0,0.0,7.6158903539180756e-06,True
2018-09-24,True,-10184494,-10184493.856224988,0.14377501234412193,0.14378262823447585,True
2018-09-25,True,636,635.8562249988317,-0.14377500116825104,7.627066224813461e-06,True
2018-09-26,True,-6,-6.0,0.0,7.627066224813461e-06,True
2018-09-27,True,3,3.0,0.0,7.627066224813461e-06,True
2018-09-28,True,-5,-5.0,0.0,7.627066224813461e-06,True
2018-09-29,True,-5,-5.0,0.0,7.627066224813461e-06,True
2018-09-30,True,-6,-6.0,0.0,7.627066224813461e-06,True
2018-10-01,True,-9,-9.0,0.0,7.627066224813461e-06,True
2018-10-02,True,-6,-6.0,0.0,7.627066224813461e-06,True
2018-10-03,True,-6,-6.0,0.0,7.627066224813461e-06,True
2018-10-04,True,-6,-6.0,0.0,7.627066224813461e-06,True
2018-10-05,True,-11,-11.0,0.0,7.627066224813461e-06,True
2018-10-06,True,-15,-15.0,0.0,7.627066224813461e-06,True
2018-10-07,True,-6,-6.0,0.0,7.627066224813461e-06,True
2018-10-08,True,-6,-6.0,0.0,7.627066224813461e-06,True
2018-10-09,True,-9,-9.0,0.0,7.627066224813461e-06,True
2018-10-10,True,15845686,15845686.0,0.0,7.627066224813461e-06,True
2018-10-11,True,79215698,79215698.00007509,7.508695125579834e-05,8.27140174806118e-05,True
2018-10-12,True,116350407,116350406.99991715,-8.285045623779297e-05,-1.364387571811676e-07,True
2018-10-13,True,21205615,21205615.0,0.0,-1.364387571811676e-07,True
2018-10-14,True,-14,-14.0,0.0,-1.364387571811676e-07,True
2018-10-15,True,481478131,481478130.7064333,-0.2935667037963867,-0.2935668402351439,True
2018-10-16,True,-28732731,-28732730.706431303,0.2935686968266964,1.8565915524959564e-06,True
2018-10-17,True,18178667,18178667.0,0.0,1.8565915524959564e-06,True
2018-10-18,True,3,3.0,0.0,1.8565915524959564e-06,True
2018-10-19,True,24937575,24937574.999999564,-4.3585896492004395e-07,1.4207325875759125e-06,True
2018-10-20,True,6,6.0,0.0,1.4207325875759125e-06,True
2018-10-21,True,6,6.0,0.0,1.4207325875759125e-06,True
2018-10-22,True,6,6.0,0.0,1.4207325875759125e-06,True
2018-10-23,True,6,6.0,0.0,1.4207325875759125e-06,True
2018-10-24,True,6,6.0,0.0,1.4207325875759125e-06,True
2018-10-25,True,6,6.0,0.0,1.4207325875759125e-06,True
2018-10-26,True,6,6.0,0.0,1.4207325875759125e-06,True
2018-10-27,True,7,7.0,0.0,1.4207325875759125e-06,True
2018-10-28,True,6,6.0,0.0,1.4207325875759125e-06,True
2018-10-29,True,6,6.0,0.0,1.4207325875759125e-06,True
2018-10-30,True,14250219,14250218.998995781,-0.0010042190551757812,-0.0010027983225882053,True
2018-10-31,True,16,16.0,0.0,-0.0010027983225882053,True
2018-11-01,True,6,6.0,0.0,-0.0010027983225882053,True
2018-11-02,True,6,6.0,0.0,-0.0010027983225882053,True
2018-11-03,True,6,6.0,0.0,-0.0010027983225882053,True
2018-11-04,True,6,6.0,0.0,-0.0010027983225882053,True
2018-11-05,True,6,6.0,0.0,-0.0010027983225882053,True
2018-11-06,True,20,20.0,0.0,-0.0010027983225882053,True
2018-11-07,True,13,13.0,0.0,-0.0010027983225882053,True
2018-11-08,True,7,7.0,0.0,-0.0010027983225882053,True
2018-11-09,True,-319,-318.9989957809448,0.0010042190551757812,1.4207325875759125e-06,True
2018-11-10,True,-33,-33.0,0.0,1.4207325875759125e-06,True
2018-11-11,True,-10,-10.0,0.0,1.4207325875759125e-06,True
2018-11-12,True,-6,-6.0,0.0,1.4207325875759125e-06,True
2018-11-13,True,-12,-12.0,0.0,1.4207325875759125e-06,True
2018-11-14,True,-32,-32.0,0.0,1.4207325875759125e-06,True
2018-11-15,True,25472681,25472681.0,0.0,1.4207325875759125e-06,True
2018-11-16,True,73,73.0,0.0,1.4207325875759125e-06,True
2018-11-17,True,29,29.0,0.0,1.4207325875759125e-06,True
2018-11-18,True,-43129923,-43129923.28348493,-0.28348492830991745,-0.2834835075773299,True
2018-11-19,True,22147179,22147179.158965208,0.15896520763635635,-0.12451829994097352,True
2018-11-20,True,69828837,69828836.88779078,-0.11220921576023102,-0.23672751570120454,True
2018-11-21,True,77877150,77877150.37128359,0.3712835907936096,0.13455607509240508,True
2018-11-22,True,160533324,160533323.97560176,-0.024398237466812134,0.11015783762559295,True
2018-11-23,True,552094846,552094845.8901818,-0.1098182201385498,0.0003396174870431423,True
2018-11-24,True,50687568,50687567.9996679,-0.0003321021795272827,7.515307515859604e-06,True
2018-11-25,True,1828570671,1828570671.327481,0.3274810314178467,0.32748854672536254,True
2018-11-26,True,-92453598,-92453598.32740845,-0.32740844786167145,8.009886369109154e-05,True
2018-11-27,True,1389291719,1389291718.7368114,-0.26318860054016113,-0.26310850167647004,True
2018-11-28,True,109587333,109587333.10296552,0.10296551883220673,-0.16014298284426332,True
2018-11-29,True,319704069,319704069.1601212,0.16012120246887207,-2.1780375391244888e-05,True
2018-11-30,True,1108152148,1108152148.0001616,0.00016164779663085938,0.0001398674212396145,True
2018-12-01,True,88706892,88706891.99981607,-0.00018392503261566162,-4.4057611376047134e-05,True
2018-12-02,True,-366336947,-366336947.44014597,-0.44014596939086914,-0.4401900270022452,True
2018-12-03,True,467108788,467108788.48929477,0.48929476737976074,0.049104740377515554,True
2018-12-04,True,728321478,728321475.6388515,-2.361148476600647,-2.3120437362231314,True
2018-12-05,True,190800473,190800475.31196672,2.3119667172431946,-7.701897993683815e-05,True
2018-12-06,True,637236655,637236654.7782143,-0.22178566455841064,-0.22186268353834748,True
2018-12-07,True,1031879570,1031879569.2492063,-0.7507936954498291,-0.9726563789881766,True
2018-12-08,True,1147500845,1147500845.9726286,0.9726285934448242,-2.7785543352365494e-05,True
2018-12-09,True,-69337085,-69337084.52171439,0.47828561067581177,0.4782578251324594,True
2018-12-10,True,263287176,263287175.5216937,-0.47830629348754883,-4.846835508942604e-05,True
2018-12-11,True,-369122526,-369122524.5061259,1.4938740730285645,1.493825604673475,True
2018-12-12,True,-179994381,-179994382.77566603,-1.7756660282611847,-0.28184042358770967,True
2018-12-13,True,-396678596,-396678595.8436353,0.15636467933654785,-0.1254757442511618,True
2018-12-14,True,641818350,641818351.0011919,1.0011918544769287,0.8757161102257669,True
2018-12-15,True,707109351,707109350.124301,-0.8756990432739258,1.706695184111595e-05,True
2018-12-16,True,330229210,330229209.99999404,-5.9604644775390625e-06,1.1106487363576889e-05,True
2018-12-17,True,395666001,395666001.97079974,0.9707997441291809,0.9708108506165445,True
2018-12-18,True,-2657595270,-2657595270.9707694,-0.9707694053649902,4.144525155425072e-05,True
2018-12-19,True,1252902643,1252902642.9999912,-8.821487426757812e-06,3.2623764127492905e-05,True
2018-12-20,True,151386273,151386273.0001254,0.00012540817260742188,0.00015803193673491478,True
2018-12-21,True,851342262,851342261.1193697,-0.8806302547454834,-0.8804722228087485,True
2018-12-22,True,588352894,588352895.2224705,1.2224705219268799,0.3419982991181314,True
2018-12-23,True,-199838693,-199838693.47642756,-0.4764275550842285,-0.13442925596609712,True
2018-12-24,True,325323951,325323951.13451874,0.13451874256134033,8.948659524321556e-05,True
2018-12-25,True,1261290051,1261290050.9999762,-2.384185791015625e-05,6.564473733305931e-05,True
2018-12-26,True,408307823,408307822.5354129,-0.46458709239959717,-0.4645214476622641,True
2018-12-27,True,334250426,334250426.46462286,0.4646228551864624,0.00010140752419829369,True
2018-12-28,True,551743744,551743744.0000004,3.5762786865234375e-07,0.00010176515206694603,True
2018-12-29,True,15133353,15133351.74537705,-1.2546229492872953,-1.2545211841352284,True
2018-12-30,True,-58399630,-58399628.745309055,1.254690945148468,0.00016976101323962212,True
2018-12-31,True,181786921,181786921.33082175,0.3308217525482178,0.3309915135614574,True
2019-01-01,True,346724781,346724781.1561529,0.1561529040336609,0.4871444175951183,True
2019-01-02,True,52389179,52389179.024741516,0.024741515517234802,0.5118859331123531,True
2019-01-03,True,39295750,39295749.850897536,-0.14910246431827545,0.36278346879407763,True
2019-01-04,True,-8034,-8034.0,0.0,0.36278346879407763,True
2019-01-05,True,-18379762,-18379762.394803185,-0.3948031850159168,-0.03201971622183919,True
2019-01-06,True,-3832,-3832.0,0.0,-0.03201971622183919,True
2019-01-07,True,68467444,68467444.27008721,0.27008721232414246,0.23806749610230327,True
2019-01-08,True,96365811,96365810.79654257,-0.20345743000507355,0.03461006609722972,True
2019-01-09,True,1720,1720.0,0.0,0.03461006609722972,True
2019-01-10,True,-174751764,-174751764.03446037,-0.034460365772247314,0.0001497003249824047,True
2019-01-11,True,525140523,525140523.5164055,0.5164055228233337,0.5165552231483161,True
2019-01-12,True,671283205,671283204.4835753,-0.5164246559143066,0.00013056723400950432,True
2019-01-13,True,-6334886,-6334886.420355558,-0.42035555839538574,-0.42022499116137624,True
2019-01-14,True,613799304,613799308.509388,4.509387969970703,4.089162978809327,True
2019-01-15,True,703652698,703652695.0156968,-2.9843032360076904,1.1048597428016365,True
2019-01-16,True,534823274,534823273.2819804,-0.7180196046829224,0.3868401381187141,True
2019-01-17,True,189612127,189612126.44626808,-0.5537319183349609,-0.16689178021624684,True
2019-01-18,True,-11435410,-11435410.0,0.0,-0.16689178021624684,True
2019-01-19,True,-5465510,-5465510.0,0.0,-0.16689178021624684,True
2019-01-20,True,7025163,7025163.0,0.0,-0.16689178021624684,True
2019-01-21,True,680653805,680653804.2310194,-0.7689806222915649,-0.9358724025078118,True
2019-01-22,True,292986997,292986997.93600756,0.936007559299469,0.0001351567916572094,True
2019-01-23,True,3117609,3117609.0,0.0,0.0001351567916572094,True
2019-01-24,True,20294104,20294104.0,0.0,0.0001351567916572094,True
2019-01-25,True,-5377,-5377.0,0.0,0.0001351567916572094,True
2019-01-26,True,-15785,-15785.0,0.0,0.0001351567916572094,True
2019-01-27,True,181479994,181479995.64277998,1.6427799761295319,1.642915132921189,True
2019-01-28,True,460163510,460163508.88484263,-1.1151573657989502,0.5277577671222389,True
2019-01-29,True,448714313,448714312.96452034,-0.03547966480255127,0.4922781023196876,True
2019-01-30,True,253488796,253488795.27330992,-0.7266900837421417,-0.23441198142245412,True
2019-01-31,True,-24585762,-24585762.765265945,-0.7652659453451633,-0.9996779267676175,True
2019-02-01,True,71855889,71855889.99981314,0.9998131394386292,0.00013521267101168633,True
2019-02-02,True,250493252,250493248.60122782,-3.398772180080414,-3.398636967409402,True
2019-02-03,True,-34444616,-34444612.91481086,3.085189141333103,-0.31344782607629895,True
2019-02-04,True,847,847.0,0.0,-0.31344782607629895,True
2019-02-05,True,864,864.0,0.0,-0.31344782607629895,True
2019-02-06,True,990,990.0,0.0,-0.31344782607629895,True
2019-02-07,True,-482,-482.0,0.0,-0.31344782607629895,True
2019-02-08,True,102040922,102040922.10300963,0.10300962626934052,-0.21043819980695844,True
2019-02-09,True,131518626,131518625.97140566,-0.02859434485435486,-0.2390325446613133,True
2019-02-10,True,-93579258,-93579257.76081085,0.23918914794921875,0.00015660328790545464,True
2019-02-11,True,129161528,129161527.85990465,-0.14009535312652588,-0.13993874983862042,True
2019-02-12,True,4634696,4634697.685375436,1.6853754362091422,1.5454366863705218,True
2019-02-13,True,193741983,193741981.48660296,-1.5133970379829407,0.03203964838758111,True
2019-02-14,True,360,360.0,0.0,0.03203964838758111,True
2019-02-15,True,-3981052,-3981052.0,0.0,0.03203964838758111,True
2019-02-16,True,8390261,8390261.0,0.0,0.03203964838758111,True
2019-02-17,True,-546386671,-546386670.1810973,0.8189027309417725,0.8509423793293536,True
2019-02-18,True,202066302,202066301.1491725,-0.8508274853229523,0.00011489400640130043,True
2019-02-19,True,-261475265,-261475265.38649336,-0.38649335503578186,-0.38637846102938056,True
2019-02-20,True,148211857,148211856.44851673,-0.5514832735061646,-0.9378617345355451,True
2019-02-21,True,144115784,144115784.76782534,0.7678253352642059,-0.17003639927133918,True
2019-02-22,True,93575877,93575877.1700787,0.17007869482040405,4.229554906487465e-05,True
2019-02-23,True,68974857,68974857.00000027,2.682209014892578e-07,4.256376996636391e-05,True
2019-02-24,True,3279962,3279962.0,0.0,4.256376996636391e-05,True
2019-02-25,True,363281948,363281947.73430103,-0.26569896936416626,-0.2656564055941999,True
2019-02-26,True,-225928335,-225928333.61881992,1.381180077791214,1.115523672197014,True
2019-02-27,True,70040758,70040757.17980099,-0.8201990127563477,0.29532465944066644,True
2019-02-28,True,5442618,5442617.704764506,-0.29523549415171146,8.916528895497322e-05,True
2019-03-01,True,150115796,150115796.000005,5.0067901611328125e-06,9.417207911610603e-05,True
2019-03-02,True,165586972,165586972.15421924,0.15421923995018005,0.15431341202929616,True
2019-03-03,True,-12881,-12881.0,0.0,0.15431341202929616,True
2019-03-04,True,17284750,17284749.845780317,-0.15421968325972557,9.372876957058907e-05,True
2019-03-05,True,61999064,61999063.71474871,-0.28525128960609436,-0.28515756083652377,True
2019-03-06,True,655487065,655487065.6982584,0.6982583999633789,0.41310083912685513,True
2019-03-07,True,216823346,216823345.1425658,-0.8574342131614685,-0.44433337403461337,True
2019-03-08,True,-93127743,-93127742.69856226,0.30143773555755615,-0.14289563847705722,True
2019-03-09,True,-16637993,-16637993.0,0.0,-0.14289563847705722,True
2019-03-10,True,-17558297,-17558297.0,0.0,-0.14289563847705722,True
2019-03-11,True,-33167943,-33167943.10621889,-0.10621888935565948,-0.2491145278327167,True
2019-03-12,True,834330462,834330462.6010382,0.6010382175445557,0.35192368971183896,True
2019-03-13,True,57520,57519.64818635583,-0.3518136441707611,0.00011004554107785225,True
2019-03-14,True,4623,4623.0,0.0,0.00011004554107785225,True
2019-03-15,True,-186898113,-186898112.70319933,0.2968006730079651,0.29691071854904294,True
2019-03-16,True,119058057,119058056.39689821,-0.6031017899513245,-0.3061910714022815,True
2019-03-17,True,93210593,93210592.9636386,-0.03636139631271362,-0.34255246771499515,True
2019-03-18,True,-53896481,-53896480.195077226,0.8049227744340897,0.4623703067190945,True
2019-03-19,True,50348688,50348687.80492422,-0.19507578015327454,0.26729452656582,True
2019-03-20,True,-127,-127.0,0.0,0.26729452656582,True
2019-03-21,True,-3958,-3958.0,0.0,0.26729452656582,True
2019-03-22,True,-18854949,-18854949.07012558,-0.07012557983398438,0.1971689467318356,True
2019-03-23,True,-16503702,-16503702.0,0.0,0.1971689467318356,True
2019-03-24,True,105546267,105546266.1411627,-0.8588373064994812,-0.6616683597676456,True
2019-03-25,True,-12360040,-12360040.0,0.0,-0.6616683597676456,True
2019-03-26,True,318393977,318393977.5488557,0.548855721950531,-0.11281263781711459,True
2019-03-27,True,8693298,8693298.0,0.0,-0.11281263781711459,True
2019-03-28,True,131555253,131555253.11296684,0.11296683549880981,0.00015419768169522285,True
2019-03-29,True,303649614,303649614.0560341,0.056034088134765625,0.05618828581646085,True
2019-03-30,True,241665195,241665198.55736744,3.557367444038391,3.613555729854852,True
2019-03-31,True,-7838535,-7838535.0,0.0,3.613555729854852,True
2019-04-01,True,-48715816,-48715816.0,0.0,3.613555729854852,True
2019-04-02,True,-7476784228,-7476784231.613403,-3.6134033203125,0.00015240954235196114,True
2019-04-03,True,1887754789,1887754789.2072608,0.2072608470916748,0.20741325663402677,True
2019-04-04,True,1352008939,1352008938.405286,-0.5947139263153076,-0.38730066968128085,True
2019-04-05,True,270662113,270662113.38739777,0.38739776611328125,9.709643200039864e-05,True
2019-04-06,True,435214129,435214129.67953455,0.6795345544815063,0.6796316509135067,True
2019-04-07,True,1160995415,1160995414.6497955,-0.3502044677734375,0.32942718314006925,True
2019-04-08,True,-150136891,-150136891.13457397,-0.13457396626472473,0.19485321687534451,True
2019-04-09,True,340907047,340907046.88935614,-0.11064386367797852,0.084209353197366,True
2019-04-10,True,160174933,160174932.92162994,-0.07837006449699402,0.005839288700371981,True
2019-04-11,True,304010738,304010737.9941534,-0.005846619606018066,-7.330905646085739e-06,True
2019-04-12,True,625957786,625957785.9999546,-4.5418739318847656e-05,-5.2749644964933395e-05,True
2019-04-13,True,221090718,221090717.98202705,-0.017972946166992188,-0.01802569581195712,True
2019-04-14,True,183858909,183858909.4242454,0.4242453873157501,0.406219691503793,True
2019-04-15,True,-355168090,-355168090.25348336,-0.2534833550453186,0.1527363364584744,True
2019-04-16,True,95346018,95346017.84719276,-0.15280723571777344,-7.089925929903984e-05,True
2019-04-17,True,222319309,222319308.99998617,-1.3828277587890625e-05,-8.472753688693047e-05,True
2019-04-18,True,280921670,280921670.113667,0.11366701126098633,0.1135822837240994,True
2019-04-19,True,11137173,11137177.98304744,4.983047440648079,5.096629724372178,True
2019-04-20,True,-52542235,-52542240.099503145,-5.099503144621849,-0.002873420249670744,True
2019-04-21,True,365003562,365003561.51464385,-0.4853561520576477,-0.48822957230731845,True
2019-04-22,True,434819099,434819099.48822725,0.4882272481918335,-2.3241154849529266e-06,True
2019-04-23,True,1454553175,1454553174.8003924,-0.19960761070251465,-0.1996099348179996,True
2019-04-24,True,1016807221,1016807220.8227324,-0.17726755142211914,-0.37687748624011874,True
2019-04-25,True,632114485,632114482.6681521,-2.331847906112671,-2.7087253923527896,True
2019-04-26,True,-521884844,-521884841.2047473,2.7952526807785034,0.08652728842571378,True
2019-04-27,True,352464440,352464439.57730174,-0.4226982593536377,-0.3361709709279239,True
2019-04-28,True,4700342,4700343.794347428,1.7943474277853966,1.4581764568574727,True
2019-04-29,True,-71113590,-71113595.89965811,-5.899658113718033,-4.44148165686056,True
2019-04-30,True,117986483,117986487.58956581,4.589565813541412,0.14808415668085217,True
2019-05-01,True,-805406868,-805406868.4925337,-0.49253368377685547,-0.3444495270960033,True
2019-05-02,True,-54379834,-54379833.32981497,0.6701850295066833,0.32573550241068006,True
2019-05-03,True,-733928111,-733928109.8705835,1.1294164657592773,1.4551519681699574,True
2019-05-04,True,52534985,52534983.56576714,-1.4342328608036041,0.020919107366353273,True
2019-05-05,True,1208678674,1208678673.7535584,-0.24644160270690918,-0.2255224953405559,True
2019-05-06,True,2042666165,2042666165.225478,0.225477933883667,-4.456145688891411e-05,True
2019-05-07,True,-651072136,-651072136.3395303,-0.339530348777771,-0.3395749102346599,True
2019-05-08,True,1264798647,1264798650.1613278,3.161327838897705,2.821752928663045,True
2019-05-09,True,-514044216,-514044218.97796154,-2.977961540222168,-0.1562086115591228,True
2019-05-10,True,-194759649,-194759649.03815168,-0.038151681423187256,-0.19436029298231006,True
2019-05-11,True,1069844363,1069844363.1945465,0.19454646110534668,0.000186168123036623,True
2019-05-12,True,-269855561,-269855560.2625152,0.7374848127365112,0.7376709808595479,True
2019-05-13,True,1460351568,1460351566.9076593,-1.0923407077789307,-0.3546697269193828,True
2019-05-14,True,-2487303815,-2487303814.802813,0.19718694686889648,-0.15748278005048633,True
2019-05-15,True,1821028702,1821028702.1325207,0.1325206756591797,-0.02496210439130664,True
2019-05-16,True,463188112,463188112.0896426,0.08964258432388306,0.06468047993257642,True
2019-05-17,True,393169778,393169777.47226167,-0.5277383327484131,-0.46305785281583667,True
2019-05-18,True,126523852,126523852.37824878,0.37824878096580505,-0.08480907185003161,True
2019-05-19,True,653061614,653061614.0848377,0.08483767509460449,2.8603244572877884e-05,True
2019-05-20,True,246531321,246531320.99994963,-5.036592483520508e-05,-2.1762680262327194e-05,True
2019-05-21,True,579951781,579951781.0000026,2.6226043701171875e-06,-1.9140075892210007e-05,True
2019-05-22,True,48660468,48660467.83377265,-0.16622734814882278,-0.166246488224715,True
2019-05-23,True,816847047,816847046.8379562,-0.16204380989074707,-0.32829029811546206,True
2019-05-24,True,-311323539,-311323539.00658655,-0.006586551666259766,-0.33487684978172183,True
2019-05-25,True,-36371157,-36371156.42287469,0.5771253108978271,0.24224846111610532,True
2019-05-26,True,-16461,-16461.0,0.0,0.24224846111610532,True
2019-05-27,True,132347660,132347660.22734164,0.2273416370153427,0.46959009813144803,True
2019-05-28,True,12089,12089.0,0.0,0.46959009813144803,True
2019-05-29,True,13212662,13212661.774649397,-0.22535060346126556,0.24423949467018247,True
2019-05-30,True,-457559222,-457559222.5360514,-0.5360513925552368,-0.29181189788505435,True
2019-05-31,True,217907897,217907897.2477723,0.24777230620384216,-0.04403959168121219,True
2019-06-01,True,-253853256,-253853258.05121386,-2.05121386051178,-2.095253452192992,True
2019-06-02,True,-808485545,-808485543.1024258,1.8975741863250732,-0.19767926586791873,True
2019-06-03,True,-11935474,-11935474.0,0.0,-0.19767926586791873,True
2019-06-04,True,1301142706,1301142706.197677,0.1976768970489502,-2.3688189685344696e-06,True
2019-06-05,True,937083,937083.0,0.0,-2.3688189685344696e-06,True
2019-06-06,True,1717858,1717858.0,0.0,-2.3688189685344696e-06,True
2019-06-07,True,-6182712,-6182712.0,0.0,-2.3688189685344696e-06,True
2019-06-08,True,4440841,4440841.0,0.0,-2.3688189685344696e-06,True
2019-06-09,True,-3387739,-3387739.0,0.0,-2.3688189685344696e-06,True
2019-06-10,True,616978933,616978932.6220642,-0.3779357671737671,-0.3779381359927356,True
2019-06-11,True,29123972,29123972.458020207,0.458020206540823,0.08008207054808736,True
2019-06-12,True,-161333169,-161333168.77597436,0.2240256369113922,0.30410770745947957,True
2019-06-13,True,-11928135,-11928135.0,0.0,0.30410770745947957,True
2019-06-14,True,-137119684,-137119684.05624178,-0.056241780519485474,0.2478659269399941,True
2019-06-15,True,388712,388711.2865804909,-0.7134195091202855,-0.4655535821802914,True
2019-06-16,True,857616062,857616062.2190043,0.21900427341461182,-0.2465493087656796,True
2019-06-17,True,409551335,409551334.7650505,-0.23494952917099,-0.4814988379366696,True
2019-06-18,True,37445480,37445480.41188308,0.41188307851552963,-0.06961575942113996,True
2019-06-19,True,319559778,319559778.0695852,0.06958520412445068,-3.055529668927193e-05,True
2019-06-20,True,133414395,133414395.27710585,0.2771058529615402,0.27707529766485095,True
2019-06-21,True,-1070078871,-1070078870.8420976,0.15790235996246338,0.43497765762731433,True
2019-06-22,True,-350725907,-350725907.0347705,-0.03477048873901367,0.40020716888830066,True
2019-06-23,True,91378064,91378064.0,0.0,0.40020716888830066,True
2019-06-24,True,187802845,187802844.94182202,-0.05817797780036926,0.3420291910879314,True
2019-06-25,True,264556407,264556406.3672251,-0.6327748894691467,-0.29074569838121533,True
2019-06-26,True,984514747,984514745.979416,-1.020583987236023,-1.3113296856172383,True
2019-06-27,True,1042756641,1042756642.4932069,1.4932068586349487,0.18187717301771045,True
2019-06-28,True,652987334,652987333.8180292,-0.18197083473205566,-9.366171434521675e-05,True
2019-06-29,True,961821059,961821058.7004504,-0.29954957962036133,-0.29964324133470654,True
2019-06-30,True,2581,2581.0,0.0,-0.29964324133470654,True
2019-07-01,True,38591648,38591648.786316805,0.786316804587841,0.4866735632531345,True
2019-07-02,True,-981928410,-981928410.00311,-0.003110051155090332,0.48356351209804416,True
2019-07-03,True,-89787768,-89787768.25720945,-0.257209450006485,0.22635406209155917,True
2019-07-04,True,-41662182,-41662182.540298894,-0.5402988940477371,-0.31394483195617795,True
2019-07-05,True,1091971769,1091971769.062507,0.06250691413879395,-0.251437917817384,True
2019-07-06,True,2030309,2030309.0,0.0,-0.251437917817384,True
2019-07-07,True,7021577,7021577.0,0.0,-0.251437917817384,True
2019-07-08,True,102132689,102132689.48860729,0.4886072874069214,0.23716936958953738,True
2019-07-09,True,-199528208,-199528208.3415804,-0.3415803909301758,-0.1044110213406384,True
2019-07-10,True,119016797,119016797.24783707,0.24783706665039062,0.14342604530975223,True
2019-07-11,True,-9330010,-9330010.0,0.0,0.14342604530975223,True
2019-07-12,True,362562209,362562209.49487793,0.4948779344558716,0.6383039797656238,True
2019-07-13,True,5150049,5150049.0,0.0,0.6383039797656238,True
2019-07-14,True,651317,651317.0,0.0,0.6383039797656238,True
2019-07-15,True,2502704404,2502704403.7849746,-0.2150254249572754,0.4232785548083484,True
2019-07-16,True,-1136476834,-1136476834.5053399,-0.5053398609161377,-0.08206130610778928,True
2019-07-17,True,3717597426,3717597426.33046,0.3304600715637207,0.24839876545593143,True
2019-07-18,True,285888120,285888119.4415332,-0.5584667921066284,-0.310068026650697,True
2019-07-19,True,-435431450,-435431449.69015545,0.3098445534706116,-0.0002234731800854206,True
2019-07-20,True,5815841,5815841.0,0.0,-0.0002234731800854206,True
2019-07-21,True,5656184,5656184.0,0.0,-0.0002234731800854206,True
2019-07-22,True,731511378,731511377.7773589,-0.22264111042022705,-0.22286458360031247,True
2019-07-23,True,-977,-977.0,0.0,-0.22286458360031247,True
2019-07-24,True,4745059,4745059.222637534,0.22263753414154053,-0.00022704945877194405,True
2019-07-25,True,215694710,215694710.33144057,0.3314405679702759,0.33121351851150393,True
2019-07-26,True,913194753,913194752.5438311,-0.45616888999938965,-0.12495537148788571,True
2019-07-27,True,-1663458402,-1663458401.6746054,0.3253946304321289,0.2004392589442432,True
2019-07-28,True,-15745344,-15745344.0,0.0,0.2004392589442432,True
2019-07-29,True,-166123363,-166123362.9116741,0.08832588791847229,0.2887651468627155,True
2019-07-30,True,1296,1296.0,0.0,0.2887651468627155,True
2019-07-31,True,7232167,7232167.0,0.0,0.2887651468627155,True
2019-08-01,True,-978709455,-978709455.7046703,-0.7046703100204468,-0.4159051631577313,True
2019-08-02,True,-8180285,-8180284.4997151755,0.5002848245203495,0.08437966136261821,True
2019-08-03,True,280580348,280580347.5868105,-0.41318947076797485,-0.32880980940535665,True
2019-08-04,True,-1644,-1644.0,0.0,-0.32880980940535665,True
2019-08-05,True,171836424,171836423.92486313,-0.07513687014579773,-0.4039466795511544,True
2019-08-06,True,112774412,112774412.40368792,0.4036879241466522,-0.0002587554045021534,True
2019-08-07,True,780314856,780314844.9932368,-11.006763219833374,-11.007021975237876,True
2019-08-08,True,993610969,993610980.168217,11.168216943740845,0.16119496850296855,True
2019-08-09,True,-641918303,-641918304.0317036,-1.0317035913467407,-0.8705086228437722,True
2019-08-10,True,195169926,195169927.25405094,1.2540509402751923,0.3835423174314201,True
2019-08-11,True,-6584,-6584.0,0.0,0.3835423174314201,True
2019-08-12,True,-1514,-1514.0,0.0,0.3835423174314201,True
2019-08-13,True,-1675,-1675.0,0.0,0.3835423174314201,True
2019-08-14,True,187507598,187507597.76492625,-0.2350737452507019,0.14846857218071818,True
2019-08-15,True,391321214,391321214.3037879,0.30378788709640503,0.4522564592771232,True
2019-08-16,True,232783582,232783582.12643284,0.12643283605575562,0.5786892953328788,True
2019-08-17,True,-103607927,-103607922.86016445,4.139835551381111,4.71852484671399,True
2019-08-18,True,107152305,107152301.29836486,-3.7016351372003555,1.0168897095136344,True
2019-08-19,True,-920951327,-920951327.6659414,-0.6659413576126099,0.3509483519010246,True
2019-08-20,True,290899492,290899491.8554242,-0.14457577466964722,0.20637257723137736,True
2019-08-21,True,803320386,803320385.7935661,-0.20643389225006104,-6.131501868367195e-05,True
2019-08-22,True,91254278,91254278.4227314,0.4227313995361328,0.42267008451744914,True
2019-08-23,True,333420217,333420216.5772779,-0.42272210121154785,-5.2016694098711014e-05,True
2019-08-24,True,502579129,502579129.01421386,0.014213860034942627,0.014161843340843916,True
2019-08-25,True,9382276,9382275.985791206,-0.014208793640136719,-4.695029929280281e-05,True
2019-08-26,True,1242161249,1242161248.9906087,-0.009391307830810547,-0.00943825813010335,True
2019-08-27,True,9386754,9386753.297669195,-0.7023308053612709,-0.7117690634913743,True
2019-08-28,True,-521299811,-521299810.210933,0.7890669703483582,0.0772979068569839,True
2019-08-29,True,365186834,365186833.62275624,-0.3772437572479248,-0.2999458503909409,True
2019-08-30,True,-13478279,-13478279.0,0.0,-0.2999458503909409,True
2019-08-31,True,-9715142,-9715142.0,0.0,-0.2999458503909409,True
2019-09-01,True,-440968988,-440968987.37212,0.6278799772262573,0.3279341268353164,True
2019-09-02,True,1316,1316.0,0.0,0.3279341268353164,True
2019-09-03,True,533,533.0,0.0,0.3279341268353164,True
2019-09-04,True,286315145,286315144.35983396,-0.6401660442352295,-0.3122319173999131,True
2019-09-05,True,160274065,160274065.4479731,0.4479731023311615,0.13574118493124843,True
2019-09-06,True,146550444,146550443.73332107,-0.26667892932891846,-0.13093774439767003,True
2019-09-07,True,926673486,926673486.6079712,0.60797119140625,0.47703344700857997,True
2019-09-08,True,-188831109,-188831109.47781754,-0.4778175354003906,-0.0007840883918106556,True
2019-09-09,True,-1037387603,-1037387602.5258169,0.4741830825805664,0.47339899418875575,True
2019-09-10,True,-35092129,-35092129.176346615,-0.17634661495685577,0.2970523792319,True
2019-09-11,True,53203482,53203481.90584281,-0.09415718913078308,0.2028951901011169,True
2019-09-12,True,-88589720,-88589720.04862525,-0.048625245690345764,0.15426994441077113,True
2019-09-13,True,1524,1524.0,0.0,0.15426994441077113,True
2019-09-14,True,2106,2106.0,0.0,0.15426994441077113,True
2019-09-15,True,2406,2406.0,0.0,0.15426994441077113,True
2019-09-16,True,2146,2146.0,0.0,0.15426994441077113,True
2019-09-17,True,2712,2712.0,0.0,0.15426994441077113,True
2019-09-18,True,2283,2283.0,0.0,0.15426994441077113,True
2019-09-19,True,-168000077,-168000076.95761517,0.042384833097457886,0.19665477750822902,True
2019-09-20,True,10073035,10073034.764116468,-0.2358835320919752,-0.039228754583746195,True
2019-09-21,True,-75084832,-75084831.55195639,0.4480436146259308,0.4088148600421846,True
2019-09-22,True,-1732,-1732.0,0.0,0.4088148600421846,True
2019-09-23,True,4868016,4868015.591009021,-0.4089909791946411,-0.000176119152456522,True
2019-09-24,True,237607954,237607953.99999824,-1.7583370208740234e-06,-0.000177877489477396,True
2019-09-25,True,373351135,373351134.6351094,-0.36489057540893555,-0.36506845289841294,True
2019-09-26,True,19089240,19089240.0,0.0,-0.36506845289841294,True
2019-09-27,True,2398742968,2398742968.110855,0.1108551025390625,-0.25421335035935044,True
2019-09-28,True,2097720,2097720.0,0.0,-0.25421335035935044,True
2019-09-29,True,-616395369,-616395368.289257,0.7107429504394531,0.4565296000801027,True
2019-09-30,True,239204953,239204955.48767537,2.487675368785858,2.944204968865961,True
2019-10-01,True,-465597851,-465597853.66378534,-2.6637853384017944,0.2804196304641664,True
2019-10-02,True,-1565,-1565.0,0.0,0.2804196304641664,True
2019-10-03,True,333,333.0,0.0,0.2804196304641664,True
2019-10-04,True,-1343,-1343.0,0.0,0.2804196304641664,True
2019-10-05,True,-1077,-1077.0,0.0,0.2804196304641664,True
2019-10-06,True,947,947.0,0.0,0.2804196304641664,True
2019-10-07,True,792931110,792931109.6922913,-0.307708740234375,-0.027289109770208597,True
2019-10-08,True,212028964,212028964.4476509,0.4476509094238281,0.42036179965361953,True
2019-10-09,True,7354849,7354849.0,0.0,0.42036179965361953,True
2019-10-10,True,-1009644506,-1009644506.4207269,-0.4207268953323364,-0.00036509567871689796,True
2019-10-11,True,67566805,67566804.92288762,-0.07711237668991089,-0.07747747236862779,True
2019-10-12,True,-1791,-1791.0,0.0,-0.07747747236862779,True
2019-10-13,True,-15586141,-15586140.922917068,0.07708293199539185,-0.00039454037323594093,True
2019-10-14,True,280689838,280689838.0000012,1.1920928955078125e-06,-0.0003933482803404331,True
2019-10-15,True,303992543,303992542.7204895,-0.279510498046875,-0.27990384632721543,True
2019-10-16,True,-357949631,-357949630.2795067,0.7204933166503906,0.4405894703231752,True
2019-10-17,True,-1866,-1866.0,0.0,0.4405894703231752,True
2019-10-18,True,471250273,471250272.9892703,-0.010729670524597168,0.429859799798578,True
2019-10-19,True,-276,-276.0,0.0,0.429859799798578,True
2019-10-20,True,1899,1899.0,0.0,0.429859799798578,True
2019-10-21,True,85920821,85920820.98471972,-0.015280276536941528,0.4145795232616365,True
2019-10-22,True,-17162669,-17162669.0,0.0,0.4145795232616365,True
2019-10-23,True,7376255,7376255.0,0.0,0.4145795232616365,True
2019-10-24,True,2598044875,2598044874.8032455,-0.19675445556640625,0.21782506769523025,True
2019-10-25,True,159778904,159778897.91258767,-6.087412327528,-5.86958725983277,True
2019-10-26,True,-4520525995,-4520525989.130762,5.869237899780273,-0.00034936005249619484,True
2019-10-27,True,240776591,240776590.99428532,-0.005714684724807739,-0.006064044777303934,True
2019-10-28,True,834306302,834306311.2702703,9.270270347595215,9.264206302817911,True
2019-10-29,True,272073238,272073228.85087466,-9.149125337600708,0.1150809652172029,True
2019-10-30,True,-496996964,-496996963.8579521,0.14204788208007812,0.257128847297281,True
2019-10-31,True,-332824999,-332824998.8241773,0.1758226752281189,0.4329515225253999,True
2019-11-01,True,-1629,-1629.0,0.0,0.4329515225253999,True
2019-11-02,True,-1619,-1619.0,0.0,0.4329515225253999,True
2019-11-03,True,-380998,-380998.8790438473,-0.879043847322464,-0.44609232479706407,True
2019-11-04,True,1649,1649.0,0.0,-0.44609232479706407,True
2019-11-05,True,2224,2224.0,0.0,-0.44609232479706407,True
2019-11-06,True,3654,3654.0,0.0,-0.44609232479706407,True
2019-11-07,True,9526216,9526216.0,0.0,-0.44609232479706407,True
2019-11-08,True,428211496,428211503.08749586,7.087495863437653,6.6414035386405885,True
2019-11-09,True,934561060,934561053.8066939,-6.193306088447571,0.4480974501930177,True
2019-11-10,True,1749,1749.0,0.0,0.4480974501930177,True
2019-11-11,True,27799982,27799981.821512073,-0.17848792672157288,0.26960952347144485,True
2019-11-12,True,60063789,60063789.212310165,0.21231016516685486,0.4819196886382997,True
2019-11-13,True,111298420,111298419.13170883,-0.8682911694049835,-0.3863714807666838,True
2019-11-14,True,-109076794,-109076793.99821195,0.0017880499362945557,-0.38458343083038926,True
2019-11-15,True,3664424,3664424.384221673,0.3842216730117798,-0.0003617578186094761,True
2019-11-16,True,253403666,253403665.52418527,-0.47581472992897034,-0.4761764877475798,True
2019-11-17,True,1813,1813.0,0.0,-0.4761764877475798,True
2019-11-18,True,-128182980,-128182979.04798923,0.95201076567173,0.47583427792415023,True
2019-11-19,True,219452782,219452779.51133764,-2.488662362098694,-2.0128280841745436,True
2019-11-20,True,449119157,449119159.1400945,2.140094518661499,0.1272664344869554,True
2019-11-21,True,149544680,149544679.86671826,-0.13328173756599426,-0.006015303079038858,True
2019-11-22,True,3237405646,3237405646.005605,0.005605220794677734,-0.00041008228436112404,True
2019-11-23,True,-19722013,-19722013.00004606,-4.6059489250183105e-05,-0.00045614177361130714,True
2019-11-24,True,191095599,191095598.49490705,-0.5050929486751556,-0.505549090448767,True
2019-11-25,True,2891215731,2891215731.3661056,0.3661055564880371,-0.13944353396072984,True
2019-11-26,True,-84138029,-84138028.39190753,0.6080924719572067,0.4686489379964769,True
2019-11-27,True,-87670239,-87670239.13967125,-0.13967125117778778,0.3289776868186891,True
2019-11-28,True,361439459,361439458.42151654,-0.5784834623336792,-0.2495057755149901,True
2019-11-29,True,1281316027,1281316029.0665812,2.0665812492370605,1.8170754737220705,True
2019-11-30,True,-769147824,-769147825.9399848,-1.9399847984313965,-0.12290932470932603,True
2019-12-01,True,1361591141,1361591140.9071388,-0.09286117553710938,-0.2157705002464354,True
2019-12-02,True,186760934,186760934.42322424,0.42322424054145813,0.20745374029502273,True
2019-12-03,True,455353867,455353866.71734625,-0.2826537489891052,-0.0752000086940825,True
2019-12-04,True,151877019,151877019.1581175,0.15811750292778015,0.08291749423369765,True
2019-12-05,True,99822173,99822173.33170438,0.33170437812805176,0.4146218723617494,True
2019-12-06,True,-58332730,-58332729.913585894,0.08641410619020462,0.501035978551954,True
2019-12-07,True,-395089030,-395089030.61536044,-0.6153604388237,-0.11432446027174592,True
2019-12-08,True,2262,2262.0,0.0,-0.11432446027174592,True
2019-12-09,True,-20326498,-20326498.0,0.0,-0.11432446027174592,True
2019-12-10,True,256289411,256289419.24014547,8.240145474672318,8.125821014400572,True
2019-12-11,True,3235627806,3235627800.2783165,-5.721683502197266,2.404137512203306,True
2019-12-12,True,124106603,124106601.06303422,-1.9369657784700394,0.4671717337332666,True
2019-12-13,True,17643786,17643785.57926178,-0.42073822021484375,0.04643351351842284,True
2019-12-14,True,3192,3192.0,0.0,0.04643351351842284,True
2019-12-15,True,-5730,-5730.0,0.0,0.04643351351842284,True
2019-12-16,True,91983867,91983867.2724693,0.27246929705142975,0.3189028105698526,True
2019-12-17,True,-363757289,-363757289.3423134,-0.34231340885162354,-0.023410598281770945,True
2019-12-18,True,1530753180,1530753179.7791665,-0.22083353996276855,-0.2442441382445395,True
2019-12-19,True,-350496639,-350496637.41758746,1.5824125409126282,1.3381684026680887,True
2019-12-20,True,562720513,562720511.1685379,-1.8314621448516846,-0.4932937421835959,True
2019-12-21,True,90450023,90450023.31167603,0.311676025390625,-0.1816177167929709,True
2019-12-22,True,32528874,32528874.311683655,0.31168365478515625,0.13006593799218535,True
2019-12-23,True,-1941,-1941.0,0.0,0.13006593799218535,True
2019-12-24,True,-217122538,-217122538.2059099,-0.20590990781784058,-0.07584396982565522,True
2019-12-25,True,526682392,526682392.07533646,0.07533645629882812,-0.0005075135268270969,True
2019-12-26,True,-60834154,-60834154.228244394,-0.22824439406394958,-0.22875190759077668,True
2019-12-27,True,3097,3097.0,0.0,-0.22875190759077668,True
2019-12-28,True,111589911,111589910.9389042,-0.06109580397605896,-0.28984771156683564,True
2019-12-29,True,-1043,-1043.0,0.0,-0.28984771156683564,True
2019-12-30,True,-29044628,-29044628.0,0.0,-0.28984771156683564,True
2019-12-31,True,-410161583,-410161583.1724664,-0.17246639728546143,-0.46231410885229707,True
2020-01-01,True,98812112,98812112.66721644,0.6672164350748062,0.20490232622250915,True
2020-01-02,True,-20468403,-20468403.20528531,-0.20528531074523926,-0.0003829845227301121,True
2020-01-03,True,1090188668,1090188668.0000432,4.315376281738281e-05,-0.00033983075991272926,True
2020-01-04,True,845267698,845267701.7636098,3.763609766960144,3.7632699362002313,True
2020-01-05,True,858874066,858874062.6803013,-3.319698691368103,0.4435712448321283,True
2020-01-06,True,313366631,313366630.7891259,-0.21087408065795898,0.2326971641741693,True
2020-01-07,True,-1289450200,-1289450200.2328954,-0.2328953742980957,-0.00019821012392640114,True
2020-01-08,True,355378242,355378243.35452884,1.3545288443565369,1.3543306342326105,True
2020-01-09,True,3370871676,3370871674.917698,-1.0823020935058594,0.2720285407267511,True
2020-01-10,True,328579189,328579188.5748365,-0.42516350746154785,-0.15313496673479676,True
2020-01-11,True,1404426045,1404426045.9018993,0.9018993377685547,0.7487643710337579,True
2020-01-12,True,-63046481,-63046481.70565033,-0.7056503295898438,0.043114041443914175,True
2020-01-13,True,-1313,-1313.0,0.0,0.043114041443914175,True
2020-01-14,True,225136,225135.956489563,-0.04351043701171875,-0.00039639556780457497,True
2020-01-15,True,126055415,126055415.11373492,0.11373491585254669,0.11333852028474212,True
2020-01-16,True,109196046,109196045.72780773,-0.2721922695636749,-0.1588537492789328,True
2020-01-17,True,341661367,341661367.04973304,0.04973304271697998,-0.10912070656195283,True
2020-01-18,True,354410309,354410309.5950043,0.5950043201446533,0.4858836135827005,True
2020-01-19,True,2106350759,2106350758.8549266,-0.14507341384887695,0.34081019973382354,True
2020-01-20,True,415458624,415458623.7821547,-0.21784532070159912,0.12296487903222442,True
2020-01-21,True,7802326,7802326.0,0.0,0.12296487903222442,True
2020-01-22,True,47101605,47101605.203021355,0.2030213549733162,0.3259862340055406,True
2020-01-23,True,2462033555,2462033555.116295,0.11629486083984375,0.44228109484538436,True
2020-01-24,True,-98866079,-98866078.95793948,0.042060524225234985,0.48434161907061934,True
2020-01-25,True,-348514003,-348514003.317034,-0.3170340061187744,0.16730761295184493,True
2020-01-26,True,983,983.0,0.0,0.16730761295184493,True
2020-01-27,True,12144981,12144981.0,0.0,0.16730761295184493,True
2020-01-28,True,-1052198548,-1052198548.167511,-0.167510986328125,-0.00020337337628006935,True
2020-01-29,True,1896119577,1896119576.8268764,-0.17312359809875488,-0.17332697147503495,True
2020-01-30,True,-8316291,-8316290.250602442,0.7493975581601262,0.5760705866850913,True
2020-01-31,True,-82449397,-82449397.5582555,-0.5582554936408997,0.0178150930441916,True
2020-02-01,True,344915637,344915637.97232,0.972320020198822,0.9901351132430136,True
2020-02-02,True,168963158,168963157.0431888,-0.9568111896514893,0.03332392359152436,True
2020-02-03,True,132505398,132505397.59181984,-0.4081801623106003,-0.3748562387190759,True
2020-02-04,True,360482062,360482062.23859143,0.23859143257141113,-0.13626480614766479,True
2020-02-05,True,286547425,286547425.059671,0.059670984745025635,-0.07659382140263915,True
2020-02-06,True,-149158229,-149158228.92368788,0.0763121247291565,-0.0002816966734826565,True
2020-02-07,True,30230654,30230654.38233442,0.3823344185948372,0.38205272192135453,True
2020-02-08,True,27253678,27253678.0,0.0,0.38205272192135453,True
2020-02-09,True,-1170865819,-1170865819.6331117,-0.6331117153167725,-0.25105899339541793,True
2020-02-10,True,866356325,866356324.9590611,-0.0409388542175293,-0.2919978476129472,True
2020-02-11,True,168454627,168454626.95598868,-0.044011324644088745,-0.33600917225703597,True
2020-02-12,True,901332568,901332568.2329394,0.23293936252593994,-0.10306980973109603,True
2020-02-13,True,3769356,3769355.7534911,-0.2465089000761509,-0.3495787098072469,True
2020-02-14,True,-190737078,-190737076.4876784,1.5123215913772583,1.1627428815700114,True
2020-02-15,True,-87367054,-87367026.05663715,27.943362846970558,29.10610572854057,True
2020-02-16,True,1107480584,1107480551.7355607,-32.26443934440613,-3.1583336158655584,True
2020-02-17,True,1484066555,1484066558.645075,3.6450750827789307,0.4867414669133723,True
2020-02-18,True,-1677252775,-1677252775.8069785,-0.8069784641265869,-0.32023699721321464,True
2020-02-19,True,-2049487,-2049487.0338745117,-0.03387451171875,-0.35411150893196464,True
2020-02-20,True,1847271,1847271.0,0.0,-0.35411150893196464,True
2020-02-21,True,26185131,26185129.292267896,-1.7077321037650108,-2.0618436126969755,True
2020-02-22,True,27854846,27854846.0,0.0,-2.0618436126969755,True
2020-02-23,True,27790045,27790045.0,0.0,-2.0618436126969755,True
2020-02-24,True,-597622596,-597622597.2618917,-1.2618917226791382,-3.3237353353761137,True
2020-02-25,True,276450858,276450861.52260375,3.522603750228882,0.19886841485276818,True
2020-02-26,True,8323424,8323424.0,0.0,0.19886841485276818,True
2020-02-27,True,1021021193,1021021192.9451547,-0.054845333099365234,0.14402308175340295,True
2020-02-28,True,512879102,512879101.86942196,-0.13057804107666016,0.013445040676742792,True
2020-02-29,True,3191112447,3191112446.6880665,-0.3119335174560547,-0.2984884767793119,True
2020-03-01,True,368510868,368510848.9056952,-19.09430480003357,-19.39279327681288,True
2020-03-02,True,194926170,194926183.89739227,13.897392272949219,-5.4954010038636625,True
2020-03-03,True,31155982,31155982.0,0.0,-5.4954010038636625,True
2020-03-04,True,2623335,2623335.0,0.0,-5.4954010038636625,True
2020-03-05,True,-3140735619,-3140735613.817878,5.182122230529785,-0.3132787733338773,True
2020-03-06,True,29751824,29751824.0,0.0,-0.3132787733338773,True
2020-03-07,True,-119624344,-119624333.30228649,10.697713509202003,10.384434735868126,True
2020-03-08,True,10090439,10090439.0,0.0,10.384434735868126,True
2020-03-09,True,2386035156,2386035145.5125732,-10.4874267578125,-0.10299202194437385,True
2020-03-10,True,293414470,293414469.73882747,-0.2611725330352783,-0.36416455497965217,True
2020-03-11,True,1138727681,1138727680.9866455,-0.01335453987121582,-0.377519094850868,True
2020-03-12,True,-2248469416,-2248469415.623792,0.3762078285217285,-0.001311266329139471,True
2020-03-13,True,14173651314,14173651313.01026,-0.9897403717041016,-0.991051638033241,True
2020-03-14,True,-3130713645,-3130713643.6097565,1.3902435302734375,0.39919189224019647,True
2020-03-15,True,-1258461716,-1258461716.3679678,-0.3679678440093994,0.031224048230797052,True
2020-03-16,True,-2080594660,-2080594659.6506152,0.34938478469848633,0.3806088329292834,True
2020-03-17,True,2176336425,2176336426.7876406,1.7876405715942383,2.1682494045235217,True
2020-03-18,True,851584151,851584146.8838726,-4.116127371788025,-1.9478779672645032,True
2020-03-19,True,-2594085463,-2594085463.339408,-0.33940792083740234,-2.2872858881019056,True
2020-03-20,True,-7885178130,-7885178127.503385,2.496615409851074,0.20932952174916863,True
2020-03-21,True,197490297,197490296.3381064,-0.6618936061859131,-0.45256408443674445,True
2020-03-22,True,2554875408,2554875405.120248,-2.8797521591186523,-3.332316243555397,True
2020-03-23,True,4668148444,4668148447.394441,3.3944406509399414,0.06212440738454461,True
2020-03-24,True,550114405,550114403.8347012,-1.1652988195419312,-1.1031744121573865,True
2020-03-25,True,135649637,135649635.8638018,-1.1361981928348541,-2.2393726049922407,True
2020-03-26,True,-62950774,-62950774.0,0.0,-2.2393726049922407,True
2020-03-27,True,-1026486335,-1026486333.5278301,1.4721698760986328,-0.7672027288936079,True
2020-03-28,True,3397613041,3397613040.918891,-0.08110904693603516,-0.848311775829643,True
2020-03-29,True,264667794,264667798.89536214,4.895362138748169,4.047050362918526,True
2020-03-30,True,6131053094,6131053089.825957,-4.174042701721191,-0.12699233880266547,True
2020-03-31,True,208264039,208264039.22577477,0.22577476501464844,0.09878242621198297,True
2020-04-01,True,635149575,635149575.2133713,0.21337127685546875,0.3121537030674517,True
2020-04-02,True,-68599430,-68599430.0,0.0,0.3121537030674517,True
2020-04-03,True,-11002862944,-11002862944.041943,-0.041942596435546875,0.27021110663190484,True
2020-04-04,True,-90532508,-90532508.0,0.0,0.27021110663190484,True
2020-04-05,True,-64134609,-64134609.0,0.0,0.27021110663190484,True
2020-04-06,True,-2979599752,-2979599752.4305434,-0.4305434226989746,-0.16033231606706977,True
2020-04-07,True,14431570,14431570.0,0.0,-0.16033231606706977,True
2020-04-08,True,148061607,148061605.8512467,-1.14875328540802,-1.3090856014750898,True
2020-04-09,True,-334641684,-334641688.24664223,-4.246642231941223,-5.555727833416313,True
2020-04-10,True,1667370970,1667370972.163734,2.163733959197998,-3.391993874218315,True
2020-04-11,True,1556050755,1556050764.1578135,9.157813549041748,5.765819674823433,True
2020-04-12,True,-74054288,-74054288.0,0.0,5.765819674823433,True
2020-04-13,True,2229862062,2229862058.29952,-3.7004799842834473,2.065339690539986,True
2020-04-14,True,583249943,583249940.3033658,-2.6966341733932495,-0.6312944828532636,True
2020-04-15,True,18006055,18006055.818611145,0.8186111450195312,0.18731666216626763,True
2020-04-16,True,-1281586454,-1281586454.1878738,-0.18787384033203125,-0.0005571781657636166,True
2020-04-17,True,672919376,672919375.7488632,-0.25113677978515625,-0.25169395795091987,True
2020-04-18,True,-806,-806.0,0.0,-0.25169395795091987,True
2020-04-19,True,-1034,-1034.0,0.0,-0.25169395795091987,True
2020-04-20,True,199702,199702.25113677979,0.25113677978515625,-0.0005571781657636166,True
2020-04-21,True,1101849592,1101849592.6936,0.6935999393463135,0.6930427611805499,True
2020-04-22,True,561269745,561269744.489865,-0.5101350545883179,0.182907706592232,True
2020-04-23,True,-268649332,-268649332.1739106,-0.17391061782836914,0.008997088763862848,True
2020-04-24,True,485,485.0,0.0,0.008997088763862848,True
2020-04-25,True,1708,1708.0,0.0,0.008997088763862848,True
2020-04-26,True,-201004734,-201004734.19349253,-0.19349253177642822,-0.18449544301256537,True
2020-04-27,True,292338190,292338189.9644104,-0.03558957576751709,-0.22008501878008246,True
2020-04-28,True,-63302909,-63302908.78051947,0.21948052942752838,-0.0006044893525540829,True
2020-04-29,True,1322838822,1322838822.0779483,0.07794833183288574,0.07734384248033166,True
2020-04-30,True,546455094,546455102.4058188,8.405818819999695,8.483162662480026,True
2020-05-01,True,2361413564,2361413555.5824604,-8.417539596557617,0.0656230659224093,True
2020-05-02,True,3312766,3312766.0,0.0,0.0656230659224093,True
2020-05-03,True,1017142803,1017142802.8654814,-0.13451862335205078,-0.06889555742964149,True
2020-05-04,True,-309356774,-309356772.663223,1.3367769718170166,1.2678814143873751,True
2020-05-05,True,1005654253,1005654251.3455739,-1.654426097869873,-0.38654468348249793,True
2020-05-06,True,598581571,598581571.692812,0.6928119659423828,0.3062672824598849,True
2020-05-07,True,-1325811286,-1325811286.3516827,-0.3516826629638672,-0.045415380503982306,True
2020-05-08,True,-1694464,-1694463.9552698154,0.044730184599757195,-0.000685195904225111,True
2020-05-09,True,-4502281,-4502281.100270316,-0.10027031600475311,-0.10095551190897822,True
2020-05-10,True,4917873392,4917873392.13368,0.1336803436279297,0.032724831718951464,True
2020-05-11,True,-23719375,-23719375.0,0.0,0.032724831718951464,True
2020-05-12,True,-2558523436,-2558523436.0333686,-0.033368587493896484,-0.0006437557749450207,True
2020-05-13,True,102,102.0,0.0,-0.0006437557749450207,True
2020-05-14,True,-2641735993,-2641735996.5355434,-3.535543441772461,-3.536187197547406,True
2020-05-15,True,802668034,802668037.2350941,3.2350940704345703,-0.30109312711283565,True
2020-05-16,True,1584,1584.0,0.0,-0.30109312711283565,True
2020-05-17,True,1588,1588.0,0.0,-0.30109312711283565,True
2020-05-18,True,2578,2578.0,0.0,-0.30109312711283565,True
2020-05-19,True,-965698593,-965698592.6994905,0.3005094528198242,-0.0005836742930114269,True
2020-05-20,True,-22271,-22271.0,0.0,-0.0005836742930114269,True
2020-05-21,True,915850703,915850700.8330243,-2.166975736618042,-2.1675594109110534,True
2020-05-22,True,3223537262,3223537268.8866215,6.886621475219727,4.719062064308673,True
2020-05-23,True,-9665333,-9665333.0,0.0,4.719062064308673,True
2020-05-24,True,-47816584,-47816579.3666514,4.633348599076271,9.352410663384944,True
2020-05-25,True,1761248758,1761248752.9123492,-5.087650775909424,4.26475988747552,True
2020-05-26,True,464047428,464047427.31196785,-0.6880321502685547,3.5767277372069657,True
2020-05-27,True,-379091210,-379091213.50025976,-3.500259757041931,0.07646798016503453,True
2020-05-28,True,-11346830,-11346830.0,0.0,0.07646798016503453,True
2020-05-29,True,-1607976059,-1607976059.4575229,-0.4575228691101074,-0.3810548889450729,True
2020-05-30,True,153,153.0,0.0,-0.3810548889450729,True
2020-05-31,True,150,150.0,0.0,-0.3810548889450729,True
2020-06-01,True,150,150.0,0.0,-0.3810548889450729,True
2020-06-02,True,-24605009,-24605008.619806528,0.38019347190856934,-0.0008614170365035534,True
2020-06-03,True,-4537317781,-4537317781.427214,-0.4272136688232422,-0.42807508585974574,True
2020-06-04,True,27,27.0,0.0,-0.42807508585974574,True
2020-06-05,True,-34315417,-34315417.0,0.0,-0.42807508585974574,True
2020-06-06,True,778189546,778189546.440667,0.4406670331954956,0.012591947335749865,True
2020-06-07,True,-56596538,-56596538.0,0.0,0.012591947335749865,True
2020-06-08,True,-626243931,-626243934.1501935,-3.150193452835083,-3.137601505499333,True
2020-06-09,True,15436659,15436659.0,0.0,-3.137601505499333,True
2020-06-10,True,13861377,13861377.0,0.0,-3.137601505499333,True
2020-06-11,True,-1158753864,-1158753860.6125755,3.3874244689941406,0.24982296349480748,True
2020-06-12,True,-159947944,-159947940.93101132,3.0689886808395386,3.318811644334346,True
2020-06-13,True,44127168,44127169.010724366,1.0107243657112122,4.329536010045558,True
2020-06-14,True,10786436,10786436.0,0.0,4.329536010045558,True
2020-06-15,True,3785657420,3785657415.632632,-4.367368221282959,-0.03783221123740077,True
2020-06-16,True,649906006,649906005.9012003,-0.0987997055053711,-0.13663191674277186,True
2020-06-17,True,-673,-673.0,0.0,-0.13663191674277186,True
2020-06-18,True,-29873504,-29873504.0,0.0,-0.13663191674277186,True
2020-06-19,True,-56284158,-56284158.23971177,-0.23971176892518997,-0.37634368566796184,True
2020-06-20,True,-19287684,-19287684.0,0.0,-0.37634368566796184,True
2020-06-21,True,-19299684,-19299684.0,0.0,-0.37634368566796184,True
2020-06-22,True,-63341526,-63341526.08480528,-0.08480527997016907,-0.4611489656381309,True
2020-06-23,True,-14500146,-14500145.539633036,0.46036696434020996,-0.0007820012979209423,True
2020-06-24,True,1848414719,1848414720.9579537,1.957953691482544,1.957171690184623,True
2020-06-25,True,1376992062,1376992061.3939133,-0.6060867309570312,1.3510849592275918,True
2020-06-26,True,1022956041,1022956046.6656396,5.665639638900757,7.016724598128349,True
2020-06-27,True,850076539,850076528.7804775,-10.219522476196289,-3.2027978780679405,True
2020-06-28,True,1033867140,1033867142.7498981,2.749898076057434,-0.4528998020105064,True
2020-06-29,True,265646,265646.45189881325,0.45189881324768066,-0.0010009887628257275,True
2020-06-30,True,72971104,72971103.88990153,-0.1100984662771225,-0.11109945503994823,True
2020-07-01,True,-33527698,-33527697.889917016,0.11008298397064209,-0.0010164710693061352,True
2020-07-02,True,-1081235826,-1081235826.251039,-0.2510390281677246,-0.25205549923703074,True
2020-07-03,True,1124803503,1124803503.0832505,0.08325052261352539,-0.16880497662350535,True
2020-07-04,True,7512900,7512900.0,0.0,-0.16880497662350535,True
2020-07-05,True,20330508,20330508.0,0.0,-0.16880497662350535,True
2020-07-06,True,-981070803,-981070802.8321676,0.1678323745727539,-0.0009726020507514477,True
2020-07-07,True,-4381256,-4381256.0,0.0,-0.0009726020507514477,True
2020-07-08,True,-9710158,-9710158.0,0.0,-0.0009726020507514477,True
2020-07-09,True,389026976,389026976.3208199,0.3208199143409729,0.31984731229022145,True
2020-07-10,True,-1221292229,-1221292229.6778128,-0.6778128147125244,-0.35796550242230296,True
2020-07-11,True,-1868,-1868.0,0.0,-0.35796550242230296,True
2020-07-12,True,-1866,-1866.0,0.0,-0.35796550242230296,True
2020-07-13,True,-1862,-1862.0,0.0,-0.35796550242230296,True
2020-07-14,True,-152662,-152661.64301109314,0.35698890686035156,-0.0009765955619513988,True
2020-07-15,True,1383,1383.0,0.0,-0.0009765955619513988,True
2020-07-16,True,1389,1389.0,0.0,-0.0009765955619513988,True
2020-07-17,True,1404,1404.0,0.0,-0.0009765955619513988,True
2020-07-18,True,1398,1398.0,0.0,-0.0009765955619513988,True
2020-07-19,True,1028,1028.0,0.0,-0.0009765955619513988,True
2020-07-20,True,1396,1396.0,0.0,-0.0009765955619513988,True
2020-07-21,True,-4700778,-4700778.0,0.0,-0.0009765955619513988,True
2020-07-22,True,77015548,77015548.07852265,0.07852265238761902,0.07754605682566762,True
2020-07-23,True,-1437,-1437.0,0.0,0.07754605682566762,True
2020-07-24,True,1112209257,1112209256.8320532,-0.16794681549072266,-0.09040075866505504,True
2020-07-25,True,424388823,424388822.6407089,-0.35929107666015625,-0.4496918353252113,True
2020-07-26,True,-1402,-1402.0,0.0,-0.4496918353252113,True
2020-07-27,True,-4580,-4580.0,0.0,-0.4496918353252113,True
2020-07-28,True,390182423,390182423.44862974,0.4486297369003296,-0.0010620984248816967,True
2020-07-29,True,821027500,821027495.679256,-4.320744037628174,-4.3218061360530555,True
2020-07-30,True,508580840,508580844.75432765,4.754327654838562,0.4325215187855065,True
2020-07-31,True,-2952773,-2952773.433348179,-0.4333481788635254,-0.0008266600780189037,True
2020-08-01,True,2821533106,2821533105.562393,-0.4376068115234375,-0.4384334716014564,True
2020-08-02,True,3892759804,3892759804.334056,0.33405590057373047,-0.10437757102772593,True
2020-08-03,True,463655862,463655862.0136364,0.013636410236358643,-0.09074116079136729,True
2020-08-04,True,610601997,610601997.527013,0.5270129442214966,0.4362717834301293,True
2020-08-05,True,773270928,773270928.6425138,0.6425137519836426,1.0787855354137719,True
2020-08-06,True,2380392595,2380392594.2784224,-0.7215776443481445,0.35720789106562734,True
2020-08-07,True,930575429,930575428.8095554,-0.19044458866119385,0.1667633024044335,True
2020-08-08,True,1487850583,1487850582.376069,-0.6239309310913086,-0.4571676286868751,True
2020-08-09,True,-48452199,-48452199.0,0.0,-0.4571676286868751,True
2020-08-10,True,-30558621,-30558621.0,0.0,-0.4571676286868751,True
2020-08-11,True,-66669697,-66669697.0,0.0,-0.4571676286868751,True
2020-08-12,True,-1103932383,-1103932382.1874542,0.8125457763671875,0.3553781476803124,True
2020-08-13,True,1140503946,1140503945.8533356,-0.14666438102722168,0.20871376665309072,True
2020-08-14,True,-121554,-121554.2096376419,-0.20963764190673828,-0.0009238752536475658,True
2020-08-15,True,4525,4525.0,0.0,-0.0009238752536475658,True
2020-08-16,True,5354,5354.0,0.0,-0.0009238752536475658,True
2020-08-17,True,5084,5084.0,0.0,-0.0009238752536475658,True
2020-08-18,True,-418958556,-418958555.6194397,0.3805602788925171,0.3796364036388695,True
2020-08-19,True,1528619122,1528619121.296678,-0.7033219337463379,-0.32368553010746837,True
2020-08-20,True,1268005584,1268005584.4281664,0.42816638946533203,0.10448085935786366,True
2020-08-21,True,842094438,842094437.8220483,-0.17795169353485107,-0.07347083417698741,True
2020-08-22,True,-18502809,-18502809.0,0.0,-0.07347083417698741,True
2020-08-23,True,-499616403,-499616401.27545327,1.724546730518341,1.6510758963413537,True
2020-08-24,True,399105949,399105947.8923416,-1.1076583862304688,0.5434175101108849,True
2020-08-25,True,683234020,683234019.4556206,-0.5443793535232544,-0.0009618434123694897,True
2020-08-26,True,2251667278,2251667278.0000315,3.147125244140625e-05,-0.0009303721599280834,True
2020-08-27,True,-1451031325,-1451031326.201781,-1.2017810344696045,-1.2027114066295326,True
2020-08-28,True,-2523994094,-2523994092.79823,1.2017698287963867,-0.0009415778331458569,True
2020-08-29,True,20231,20231.0,0.0,-0.0009415778331458569,True
2020-08-30,True,76911773,76911772.99999882,-1.1771917343139648e-06,-0.0009427550248801708,True
2020-08-31,True,24487433,24487433.0,0.0,-0.0009427550248801708,True
2020-09-01,True,-65158870,-65158869.81437397,0.18562602996826172,0.18468327494338155,True
2020-09-02,True,5532824255,5532824253.606045,-1.3939552307128906,-1.209271955769509,True
2020-09-03,True,3728411547,3728411549.131978,2.1319780349731445,0.9227060792036355,True
2020-09-04,True,5046487675,5046487674.13249,-0.8675098419189453,0.05519623728469014,True
2020-09-05,True,6104240116,6104240112.455422,-3.5445775985717773,-3.489381361287087,True
2020-09-06,True,2707894670,2707894679.934679,9.93467903137207,6.445297670084983,True
2020-09-07,True,135792687,135792683.71780658,-3.282193422317505,3.1631042477674782,True
2020-09-08,True,338656206,338656204.0640052,-1.935994803905487,1.2271094438619912,True
2020-09-09,True,-4010191334,-4010191341.963764,-7.963764190673828,-6.736654746811837,True
2020-09-10,True,-2235143847,-2235143839.8415723,7.158427715301514,0.4217729684896767,True
2020-09-11,True,1827,1827.0,0.0,0.4217729684896767,True
2020-09-12,True,799,799.0,0.0,0.4217729684896767,True
2020-09-13,True,-56088380,-56088380.0,0.0,0.4217729684896767,True
2020-09-14,True,-51760997,-51760996.56677164,0.43322835862636566,0.8550013271160424,True
2020-09-15,True,-895433329,-895433329.0458726,-0.04587256908416748,0.8091287580318749,True
2020-09-16,True,-227233,-227233.0,0.0,0.8091287580318749,True
2020-09-17,True,-6237905103,-6237905103.694828,-0.6948280334472656,0.11430072458460927,True
2020-09-18,True,-2028164064,-2028164061.3474126,2.652587413787842,2.766888138372451,True
2020-09-19,True,19267699,19267699.0,0.0,2.766888138372451,True
2020-09-20,True,-10174735,-10174735.0,0.0,2.766888138372451,True
2020-09-21,True,-40755354,-40755354.0,0.0,2.766888138372451,True
2020-09-22,True,2847681014,2847681011.532494,-2.467505931854248,0.299382206518203,True
2020-09-23,True,-364313374,-364313370.1017923,3.898207724094391,4.197589930612594,True
2020-09-24,True,2346981479,2346981478.17953,-0.820469856262207,3.377120074350387,True
2020-09-25,True,-3236760491,-3236760494.3777266,-3.3777265548706055,-0.0006064805202186108,True
2020-09-26,True,487272711,487272710.99999887,-1.1324882507324219e-06,-0.0006076130084693432,True
2020-09-27,True,18000149,18000149.0,0.0,-0.0006076130084693432,True
2020-09-28,True,17794832,17794832.0,0.0,-0.0006076130084693432,True
2020-09-29,True,24980967,24980967.0,0.0,-0.0006076130084693432,True
2020-09-30,True,21775647,21775647.0,0.0,-0.0006076130084693432,True
2020-10-01,True,6159937,6159937.0,0.0,-0.0006076130084693432,True
2020-10-02,True,1091011896,1091011895.8909173,-0.10908269882202148,-0.10969031183049083,True
2020-10-03,True,-2800,-2800.0,0.0,-0.10969031183049083,True
2020-10-04,True,-2631,-2631.0,0.0,-0.10969031183049083,True
2020-10-05,True,-941,-941.0,0.0,-0.10969031183049083,True
2020-10-06,True,10089239,10089239.0,0.0,-0.10969031183049083,True
2020-10-07,True,268497829,268497824.72869664,-4.271303355693817,-4.380993667524308,True
2020-10-08,True,699462508,699462512.3392578,4.339257836341858,-0.041735831182450056,True
2020-10-09,True,-20525,-20524.95886015892,0.041139841079711914,-0.000595990102738142,True
2020-10-10,True,-1534,-1534.0,0.0,-0.000595990102738142,True
2020-10-11,True,-1511,-1511.0,0.0,-0.000595990102738142,True
2020-10-12,True,-117590943,-117590943.3016571,-0.3016570955514908,-0.3022530856542289,True
2020-10-13,True,-34370386,-34370385.52711362,0.4728863835334778,0.17063329787924886,True
2020-10-14,True,205058869,205058870.03830656,1.038306564092636,1.208939861971885,True
2020-10-15,True,-777675716,-777675717.2095808,-1.2095807790756226,-0.0006409171037375927,True
2020-10-16,True,-385201803,-385201802.9316739,0.06832611560821533,0.06768519850447774,True
2020-10-17,True,-1026141,-1026141.0,0.0,0.06768519850447774,True
2020-10-18,True,-1559162,-1559162.0,0.0,0.06768519850447774,True
2020-10-19,True,-20609193,-20609193.0,0.0,0.06768519850447774,True
2020-10-20,True,25897881,25897881.0,0.0,0.06768519850447774,True
2020-10-21,True,-14612616310,-14612616310.068514,-0.06851387023925781,-0.0008286717347800732,True
2020-10-22,True,1956956350,1956956345.402624,-4.597376108169556,-4.598204779904336,True
2020-10-23,True,-1471446158,-1471446153.4024673,4.597532749176025,-0.0006720307283103466,True
2020-10-24,True,-23143688,-23143688.0,0.0,-0.0006720307283103466,True
2020-10-25,True,-22816677,-22816677.0,0.0,-0.0006720307283103466,True
2020-10-26,True,-22999684,-22999684.0,0.0,-0.0006720307283103466,True
2020-10-27,True,-37230177,-37230177.0,0.0,-0.0006720307283103466,True
2020-10-28,True,3137485158,3137485158.0000353,3.528594970703125e-05,-0.0006367447786033154,True
2020-10-29,True,5092742554,5092742554.000023,2.288818359375e-05,-0.0006138565950095654,True
2020-10-30,True,-856313645,-856313644.6405776,0.3594224452972412,0.35880858870223165,True
2020-10-31,True,2159877241,2159877240.4493093,-0.5506906509399414,-0.19188206223770976,True
2020-11-01,True,20064798,20064798.0,0.0,-0.19188206223770976,True
2020-11-02,True,706413281,706413284.7310925,3.7310924530029297,3.53921039076522,True
2020-11-03,True,3199829828,3199829824.459689,-3.540310859680176,-0.0011004689149558544,True
2020-11-04,True,-1335191279,-1335191279.0000248,-2.47955322265625e-05,-0.001125264447182417,True
2020-11-05,True,2557034782,2557034781.043604,-0.9563961029052734,-0.9575213673524559,True
2020-11-06,True,-3309816025,-3309816025.8033147,-0.8033146858215332,-1.760836053173989,True
2020-11-07,True,933552022,933552024.1319314,2.13193142414093,0.3710953709669411,True
2020-11-08,True,-872423481,-872423484.6481335,-3.6481335163116455,-3.2770381453447044,True
2020-11-09,True,-5731744620,-5731744616.723983,3.276017189025879,-0.0010209563188254833,True
2020-11-10,True,-1023085092,-1023085092.0000055,-5.4836273193359375e-06,-0.0010264399461448193,True
2020-11-11,True,-117359227,-117359226.99993502,6.498396396636963e-05,-0.0009614559821784496,True
2020-11-12,False,0,0.0,0.0,-0.0009614559821784496,True
2020-11-13,False,0,0.0,0.0,-0.0009614559821784496,True
2020-11-14,False,0,0.0,0.0,-0.0009614559821784496,True
2020-11-15,False,0,0.0,0.0,-0.0009614559821784496,True
2020-11-16,True,359484,359484.0,0.0,-0.0009614559821784496,True
2020-11-17,True,18136000,18136000.0,0.0,-0.0009614559821784496,True
2020-11-18,True,-2479406156,-2479406162.750503,-6.750503063201904,-6.751464519184083,True
2020-11-19,True,18019219,18019219.0,0.0,-6.751464519184083,True
2020-11-20,True,-810593686,-810593679.249542,6.750458002090454,-0.001006517093628645,True
2020-11-21,True,-101211911,-101211910.9999995,5.066394805908203e-07,-0.0010060104541480541,True
2020-11-22,True,-790078587,-790078587.0000118,-1.1801719665527344e-05,-0.0010178121738135815,True
2020-11-23,True,-274547395,-274547392.82086927,2.179130733013153,2.1781129208393395,True
2020-11-24,True,-33431602,-33431602.0,0.0,2.1781129208393395,True
2020-11-25,True,1767902110,1767902107.8208613,-2.179138660430908,-0.0010257395915687084,True
2020-11-26,True,1087671665,1087671665.0004404,0.00044035911560058594,-0.0005853804759681225,True
2020-11-27,True,6844212569,6844212568.999935,-6.4849853515625e-05,-0.0006502303294837475,True
2020-11-28,True,69027184,69027183.74795848,-0.2520415186882019,-0.25269174901768565,True
2020-11-29,True,1824888267,1824888267.8512442,0.8512442111968994,0.5985524621792138,True
2020-11-30,True,974088785,974088782.0365089,-2.9634910821914673,-2.3649386200122535,True
2020-12-01,True,-6159207710,-6159207704.571262,5.428737640380859,3.063799020368606,True
2020-12-02,True,4258981210,4258981207.1530795,-2.8469204902648926,0.21687853010371327,True
2020-12-03,True,-2887,-2887.0,0.0,0.21687853010371327,True
2020-12-04,True,-2855,-2855.0,0.0,0.21687853010371327,True
2020-12-05,True,131567555,131567554.78240615,-0.21759384870529175,-0.000715318601578474,True
2020-12-06,True,-123977779,-123977779.95352837,-0.9535283744335175,-0.9542436930350959,True
2020-12-07,True,-1297217591,-1297217590.0466223,0.9533777236938477,-0.0008659693412482738,True
2020-12-08,True,-203696,-203696.0,0.0,-0.0008659693412482738,True
2020-12-09,True,-20836068,-20836068.320855796,-0.3208557963371277,-0.32172176567837596,True
2020-12-10,True,26045872,26045872.32074035,0.32074034959077835,-0.0009814160875976086,True
2020-12-11,True,-194967937,-194967937.7261383,-0.7261382937431335,-0.7271197098307312,True
2020-12-12,True,-45281723,-45281723.0,0.0,-0.7271197098307312,True
2020-12-13,True,5713764177,5713764177.726152,0.7261524200439453,-0.000967289786785841,True
2020-12-14,True,281806134,281806134.0,0.0,-0.000967289786785841,True
2020-12-15,True,-735,-735.0,0.0,-0.000967289786785841,True
2020-12-16,True,-634,-634.0,0.0,-0.000967289786785841,True
2020-12-17,True,-5798047425,-5798047424.999931,6.866455078125e-05,-0.000898625236004591,True
2020-12-18,True,1599265903,1599265908.5324578,5.5324578285217285,5.531559203285724,True
2020-12-19,True,168955930,168955926.53144813,-3.4685518741607666,2.0630073291249573,True
2020-12-20,True,70551933,70551933.0,0.0,2.0630073291249573,True
2020-12-21,True,-1684882843,-1684882844.3553135,-1.3553135395050049,0.7076937896199524,True
2020-12-22,True,3150299930,3150299929.291138,-0.7088618278503418,-0.0011680382303893566,True
2020-12-23,True,495871279,495871279.4199159,0.41991591453552246,0.4187478763051331,True
2020-12-24,True,14973158,14973157.580070492,-0.41992950811982155,-0.0011816318146884441,True
2020-12-25,True,-2313105,-2313105.0,0.0,-0.0011816318146884441,True
2020-12-26,True,108849449,108849449.0,0.0,-0.0011816318146884441,True
2020-12-27,True,148403286,148403286.0,0.0,-0.0011816318146884441,True
2020-12-28,True,-12917046398,-12917046397.999985,1.52587890625e-05,-0.0011663730256259441,True
2020-12-29,True,42169200,42169200.0,0.0,-0.0011663730256259441,True
2020-12-30,True,89718077,89718077.16620685,0.16620685160160065,0.1650404785759747,True
2020-12-31,True,-954274949,-954274949.4542131,-0.45421314239501953,-0.28917266381904483,True
2021-01-01,True,42551020,42551020.0,0.0,-0.28917266381904483,True
2021-01-02,True,-3028558026,-3028558025.7118015,0.28819847106933594,-0.0009741927497088909,True
2021-01-03,True,82583437,82583437.0,0.0,-0.0009741927497088909,True
2021-01-04,True,1457774285,1457774284.9845843,-0.015415668487548828,-0.01638986123725772,True
2021-01-05,True,3305936690,3305936690.015421,0.015420913696289062,-0.0009689475409686565,True
2021-01-06,True,24195699,24195699.14575719,0.14575719088315964,0.14478824334219098,True
2021-01-07,True,186700219,186700219.0,0.0,0.14478824334219098,True
2021-01-08,True,-1825617168,-1825617166.6877296,1.3122704029083252,1.4570586462505162,True
2021-01-09,True,147885671,147885671.0,0.0,1.4570586462505162,True
2021-01-10,True,24260065,24260065.0,0.0,1.4570586462505162,True
2021-01-11,True,4426504150,4426504148.54192,-1.4580802917480469,-0.0010216454975306988,True
2021-01-12,True,2326229462,2326229465.9852057,3.98520565032959,3.984184004832059,True
2021-01-13,True,1574837164,1574837160.014934,-3.9850659370422363,-0.0008819322101771832,True
2021-01-14,True,2084162645,2084162644.9999943,-5.7220458984375e-06,-0.0008876542560756207,True
2021-01-15,True,1104179626,1104179627.3628275,1.3628275394439697,1.361939885187894,True
2021-01-16,True,66928038,66928035.18490592,-2.815094083547592,-1.453154198359698,True
2021-01-17,True,-396459998,-396459998.2931462,-0.29314619302749634,-1.7463003913871944,True
2021-01-18,True,89217657,89217658.9540208,1.9540207982063293,0.20772040681913495,True
2021-01-19,True,436962688,436962686.12076813,-1.879231870174408,-1.671511463355273,True
2021-01-20,True,498834888,498834889.9984977,1.998497724533081,0.32698626117780805,True
2021-01-21,True,1289761345,1289761344.672172,-0.32782793045043945,-0.0008416692726314068,True
2021-01-22,True,9513513884,9513513879.313042,-4.686958312988281,-4.687799982260913,True
2021-01-23,True,-4742906365,-4742906360.663027,4.336973190307617,-0.35082679195329547,True
2021-01-24,True,8615400,8615397.142742861,-2.8572571389377117,-3.208083930891007,True
2021-01-25,True,14530517,14530516.428494599,-0.5715054012835026,-3.7795893321745098,True
2021-01-26,True,2251931885,2251931889.235633,4.23563289642334,0.4560435642488301,True
2021-01-27,True,1458928516,1458928517.6724823,1.6724822521209717,2.1285258163698018,True
2021-01-28,True,3923739959,3923739957.321595,-1.6784048080444336,0.45012100832536817,True
2021-01-29,True,4813527083,4813527085.115918,2.1159181594848633,2.5660391678102314,True
2021-01-30,True,-1841627329,-1841627331.566989,-2.566988945007324,-0.0009497771970927715,True
2021-01-31,True,14449002,14449002.0,0.0,-0.0009497771970927715,True
2021-02-01,True,1319579867,1319579867.1975791,0.19757914543151855,0.19662936823442578,True
2021-02-02,True,37961876,37961876.0,0.0,0.19662936823442578,True
2021-02-03,True,101253137,101253137.0,0.0,0.19662936823442578,True
2021-02-04,True,-3834456015,-3834456013.6051607,1.3948392868041992,1.591468655038625,True
2021-02-05,True,-3589872237,-3589872236.123239,0.8767609596252441,2.468229614663869,True
2021-02-06,True,144537435,144537435.0,0.0,2.468229614663869,True
2021-02-07,True,-3120000165,-3120000169.318629,-4.318628787994385,-1.8503991733305156,True
2021-02-08,True,1437681797,1437681799.2473829,2.247382879257202,0.3969837059266865,True
2021-02-09,True,-8087373157,-8087373156.859151,0.14084911346435547,0.537832819391042,True
2021-02-10,True,-223638712,-223638710.92226824,1.0777317583560944,1.6155645777471364,True
2021-02-11,True,656196918,656196916.4096627,-1.5903372764587402,0.02522730128839612,True
2021-02-12,True,641,641.0,0.0,0.02522730128839612,True
2021-02-13,True,-836294548,-836294547.6709454,0.329054594039917,0.3542818953283131,True
2021-02-14,True,-2096604837,-2096604837.354941,-0.35494089126586914,-0.0006589959375560284,True
2021-02-15,True,222182,222182.0,0.0,-0.0006589959375560284,True
2021-02-16,True,-2611430381,-2611430382.8396215,-1.8396215438842773,-1.8402805398218334,True
2021-02-17,True,-140979566,-140979564.16036922,1.8396307826042175,-0.0006497572176158428,True
2021-02-18,True,485553632,485553632.0,0.0,-0.0006497572176158428,True
2021-02-19,True,-216768856,-216768855.99999788,2.115964889526367e-06,-0.0006476412527263165,True
2021-02-20,True,1285673441,1285673440.9999955,-4.5299530029296875e-06,-0.0006521712057292461,True
2021-02-21,True,33728759,33728759.0,0.0,-0.0006521712057292461,True
2021-02-22,True,647287916,647287920.9182086,4.918208599090576,4.917556427884847,True
2021-02-23,True,7081573457,7081573452.0817585,-4.918241500854492,-0.0006850729696452618,True
2021-02-24,True,5033974,5033973.752854897,-0.24714510329067707,-0.24783017626032233,True
2021-02-25,True,1184050943,1184050938.8968444,-4.103155612945557,-4.350985789205879,True
2021-02-26,True,2857154542,2857154545.491542,3.491541862487793,-0.859443926718086,True
2021-02-27,True,69816755,69816755.85871354,0.8587135374546051,-0.0007303892634809017,True
2021-02-28,True,-76395875,-76395874.78222415,0.2177758514881134,0.2170454622246325,True
2021-03-01,True,-6610249,-6610249.0,0.0,0.2170454622246325,True
2021-03-02,True,638615486,638615485.7821907,-0.21780931949615479,-0.0007638572715222836,True
2021-03-03,True,-1184986,-1184986.0,0.0,-0.0007638572715222836,True
2021-03-04,True,308545691,308545689.4504531,-1.5495468974113464,-1.5503107546828687,True
2021-03-05,True,21784492,21784492.0,0.0,-1.5503107546828687,True
2021-03-06,True,606900300,606900300.8982017,0.8982017040252686,-0.6521090506576002,True
2021-03-07,True,18480486,18480486.0,0.0,-0.6521090506576002,True
2021-03-08,True,106683243,106683242.43025137,-0.5697486251592636,-1.2218576758168638,True
2021-03-09,True,56661145,56661145.0,0.0,-1.2218576758168638,True
2021-03-10,True,-930919216,-930919219.0454063,-3.0454063415527344,-4.267264017369598,True
2021-03-11,True,-885547895,-885547887.0454098,7.954590201377869,3.6873261840082705,True
2021-03-12,True,132740046,132740046.0,0.0,3.6873261840082705,True
2021-03-13,True,-7364953181,-7364953182.277325,-1.2773246765136719,2.4100015074945986,True
2021-03-14,True,24447519,24447519.0,0.0,2.4100015074945986,True
2021-03-15,True,61958971,61958971.0,0.0,2.4100015074945986,True
2021-03-16,True,2480013170,2480013163.277966,-6.722033977508545,-4.312032470013946,True
2021-03-17,True,452706,452706.0,0.0,-4.312032470013946,True
2021-03-18,True,3346137,3346137.0,0.0,-4.312032470013946,True
2021-03-19,True,161180754,161180754.0,0.0,-4.312032470013946,True
2021-03-20,True,-483507526,-483507525.190824,0.8091760277748108,-3.5028564422391355,True
2021-03-21,True,-996633072,-996633066.3733981,5.626601934432983,2.123745492193848,True
2021-03-22,True,11434136,11434136.0,0.0,2.123745492193848,True
2021-03-23,True,1174963748,1174963749.3092916,1.3092916011810303,3.433037093374878,True
2021-03-24,True,12661353,12661353.0,0.0,3.433037093374878,True
2021-03-25,True,3932622325,3932622315.7891736,-9.210826396942139,-5.7777893035672605,True
2021-03-26,True,2064297227,2064297232.5964074,5.596407413482666,-0.1813818900845945,True
2021-03-27,True,-4935336,-4935336.0,0.0,-0.1813818900845945,True
2021-03-28,True,17083786,17083786.0,0.0,-0.1813818900845945,True
2021-03-29,True,104438219,104438235.08097383,16.080973833799362,15.899591943714768,True
2021-03-30,True,-439910782,-439910781.0570648,0.9429352283477783,16.842527172062546,True
2021-03-31,True,252951654,252951654.0,0.0,16.842527172062546,True
2021-04-01,True,203206221,203206221.0,0.0,16.842527172062546,True
2021-04-02,True,245152571,245152571.0,0.0,16.842527172062546,True
2021-04-03,True,297117022,297117022.0,0.0,16.842527172062546,True
2021-04-04,True,-1394545307,-1394545327.1711473,-20.171147346496582,-3.328620174434036,True
2021-04-05,True,12403050,12403050.0,0.0,-3.328620174434036,True
2021-04-06,True,117551544,117551544.0,0.0,-3.328620174434036,True
2021-04-07,True,306680724,306680724.0,0.0,-3.328620174434036,True
2021-04-08,True,-68463997,-68464000.0638294,-3.063829407095909,-6.392449581529945,True
2021-04-09,True,20528130,20528130.0,0.0,-6.392449581529945,True
2021-04-10,True,-3044454849,-3044454841.936398,7.063601970672607,0.6711523891426623,True
2021-04-11,True,5892103,5892103.0,0.0,0.6711523891426623,True
2021-04-12,True,3090509,3090509.0,0.0,0.6711523891426623,True
2021-04-13,True,3690927,3690927.0,0.0,0.6711523891426623,True
2021-04-14,True,4403139,4403139.0,0.0,0.6711523891426623,True
2021-04-15,True,2595754,2595754.0,0.0,0.6711523891426623,True
2021-04-16,True,1091879,1091879.0,0.0,0.6711523891426623,True
2021-04-17,True,21069597,21069597.0,0.0,0.6711523891426623,True
2021-04-18,True,9111990836,9111990836.806253,0.8062534332275391,1.4774058223702013,True
2021-04-19,True,-2035527,-2035527.0,0.0,1.4774058223702013,True
2021-04-20,True,2901955247,2901955243.263688,-3.736311912536621,-2.2589060901664197,True
2021-04-21,True,509430764,509430765.91784394,1.9178439378738403,-0.3410621522925794,True
2021-04-22,True,314191606,314191618.4497102,12.449710190296173,12.108648038003594,True
2021-04-23,True,3611457479,3611457466.309584,-12.690415859222412,-0.5817678212188184,True
2021-04-24,True,2555546926,2555546921.799238,-4.200761795043945,-4.782529616262764,True
2021-04-25,True,419720168,419720172.9208146,4.920814573764801,0.1382849575020373,True
2021-04-26,True,1258608042,1258608041.9608757,-0.039124250411987305,0.09916070709004998,True
2021-04-27,True,-4510272252,-4510272252.223594,-0.22359371185302734,-0.12443300476297736,True
2021-04-28,True,14644206,14644206.0,0.0,-0.12443300476297736,True
2021-04-29,True,14665669,14665669.0,0.0,-0.12443300476297736,True
2021-04-30,True,-270251906,-270251906.994323,-0.9943230152130127,-1.11875601997599,True
2021-05-01,True,-1261412,-1261412.0,0.0,-1.11875601997599,True
2021-05-02,True,15136122,15136122.0,0.0,-1.11875601997599,True
2021-05-03,True,-166342908,-166342904.96895903,3.0310409665107727,1.9122849465347826,True
2021-05-04,True,967887687,967887687.2307917,0.23079168796539307,2.1430766345001757,True
2021-05-05,True,1495827530,1495827527.8561156,-2.1438844203948975,-0.0008077858947217464,True
2021-05-06,True,-261659445,-261659445.57971483,-0.579714834690094,-0.5805226205848157,True
2021-05-07,True,-832143550,-832143549.4202954,0.5797046422958374,-0.0008179782889783382,True
2021-05-08,True,-6623790,-6623790.0,0.0,-0.0008179782889783382,True
2021-05-09,True,-13390453,-13390453.0,0.0,-0.0008179782889783382,True
2021-05-10,True,-32225580,-32225580.0,0.0,-0.0008179782889783382,True
2021-05-11,True,-5053751618,-5053751614.383857,3.616143226623535,3.615325248334557,True
2021-05-12,True,-20263665,-20263665.0,0.0,3.615325248334557,True
2021-05-13,True,-7141088674,-7141088677.584366,-3.5843658447265625,0.030959403607994318,True
2021-05-14,True,2497177311,2497177310.9683633,-0.031636714935302734,-0.0006773113273084164,True
2021-05-15,True,6228385,6228385.0,0.0,-0.0006773113273084164,True
2021-05-16,True,6446030,6446030.0,0.0,-0.0006773113273084164,True
2021-05-17,True,4325586928,4325586927.578067,-0.4219331741333008,-0.4226104854606092,True
2021-05-18,True,3243764432,3243764422.186489,-9.81351089477539,-10.236121380236,True
2021-05-19,True,1394199609,1394199617.59173,8.591730117797852,-1.6443912624381483,True
2021-05-20,True,-13409976516,-13409976521.004255,-5.004255294799805,-6.648646557237953,True
2021-05-21,True,2999639213,2999639219.648324,6.648324012756348,-0.00032254448160529137,True
2021-05-22,True,1955080756,1955080756.0000098,9.775161743164062e-06,-0.0003127693198621273,True
2021-05-23,True,-431344827,-431344827.4845492,-0.48454922437667847,-0.4848619936965406,True
2021-05-24,True,-16451479,-16451478.51544565,0.48455435037612915,-0.0003076433204114437,True
2021-05-25,True,2310979753,2310979752.6541977,-0.34580230712890625,-0.3461099504493177,True
2021-05-26,True,-1540352,-1540351.5140825901,0.4859174098819494,0.13980745943263173,True
2021-05-27,True,-16089505,-16089505.0,0.0,0.13980745943263173,True
2021-05-28,True,2062474038,2062474037.6429605,-0.3570394515991211,-0.21723199216648936,True
2021-05-29,True,2771927673,2771927673.008495,0.008494853973388672,-0.2087371381931007,True
2021-05-30,True,-79255252,-79255252.91176584,-0.911765843629837,-1.1205029818229377,True
2021-05-31,True,80865464,80865454.13817854,-9.861821457743645,-10.982324439566582,True
2021-06-01,True,4089810793,4089810804.176974,11.176973819732666,0.19464938016608357,True
2021-06-02,True,775180714,775180713.2514024,-0.7485976219177246,-0.553948241751641,True
2021-06-03,True,-355587624,-355587641.8891153,-17.889115273952484,-18.443063515704125,True
2021-06-04,True,215192034,215192035.00958696,1.0095869600772858,-17.43347655562684,True
2021-06-05,True,6188979257,6188979264.493898,7.493898391723633,-9.939578163903207,True
2021-06-06,True,1642472545,1642472552.3146,7.314599990844727,-2.62497817305848,True
2021-06-07,True,-55932924,-55932924.0,0.0,-2.62497817305848,True
2021-06-08,True,12673333736,12673333738.893377,2.8933773040771484,0.2683991310186684,True
2021-06-09,True,4730741440,4730741439.731877,-0.26812267303466797,0.0002764579840004444,True
2021-06-10,True,-12002183815,-12002183821.508553,-6.508552551269531,-6.508276093285531,True
2021-06-11,True,-4457625402,-4457625414.734034,-12.734033584594727,-19.242309677880257,True
2021-06-12,True,1727572407,1727572425.5610802,18.56108021736145,-0.6812294605188072,True
2021-06-13,True,451031058,451031062.74324644,4.74324643611908,4.062016975600272,True
2021-06-14,True,6937300071,6937300066.937153,-4.062847137451172,-0.0008301618508994579,True
2021-06-15,True,14618196,14618196.0,0.0,-0.0008301618508994579,True
2021-06-16,True,306325181,306325180.14732003,-0.852679967880249,-0.8535101297311485,True
2021-06-17,True,969522397,969522397.7294629,0.7294628620147705,-0.12404726771637797,True
2021-06-18,True,7782782876,7782782871.577129,-4.422870635986328,-4.546917903702706,True
2021-06-19,True,525427428,525427427.4198754,-0.5801246166229248,-5.127042520325631,True
2021-06-20,True,-5597505961,-5597505958.568833,2.431166648864746,-2.695875871460885,True
2021-06-21,True,1369723167,1369723172.2484674,5.248467445373535,2.5525915739126503,True
2021-06-22,True,4237243246,4237243243.445451,-2.554549217224121,-0.001957643311470747,True
2021-06-23,True,-6220006265,-6220006331.9373865,-66.93738651275635,-66.93934415606782,True
2021-06-24,True,-1665072163,-1665072096.0636501,66.93634986877441,-0.0029942872934043407,True
2021-06-25,True,14580933,14580933.0,0.0,-0.0029942872934043407,True
2021-06-26,True,-6573199470,-6573199470.000073,-7.343292236328125e-05,-0.003067720215767622,True
2021-06-27,True,-40411439,-40411439.0,0.0,-0.003067720215767622,True
2021-06-28,True,-4372476437,-4372476437.000002,-1.9073486328125e-06,-0.0030696275644004345,True
2021-06-29,True,-19021,-19021.0,0.0,-0.0030696275644004345,True
2021-06-30,True,-12332,-12332.0,0.0,-0.0030696275644004345,True
2021-07-01,True,2499316916,2499316919.1698227,3.1698226928710938,3.1667530653066933,True
2021-07-02,True,804992813,804992809.8302344,-3.169765591621399,-0.0030125263147056103,True
2021-07-03,True,414990,414990.0,0.0,-0.0030125263147056103,True
2021-07-04,True,127878784,127878781.13087076,-2.869129240512848,-2.8721417668275535,True
2021-07-05,True,105155016,105155018.11683002,2.1168300211429596,-0.7553117456845939,True
2021-07-06,True,-219363279,-219363278.24765825,0.7523417472839355,-0.002969998400658369,True
2021-07-07,True,-11649351,-11649351.0,0.0,-0.002969998400658369,True
2021-07-08,True,2242121664,2242121664.1034517,0.10345172882080078,0.10048173042014241,True
2021-07-09,True,33710038,33710037.72328806,-0.27671194076538086,-0.17623021034523845,True
2021-07-10,True,-43943581,-43943581.0,0.0,-0.17623021034523845,True
2021-07-11,True,-13827150,-13827150.0,0.0,-0.17623021034523845,True
2021-07-12,True,-23095321,-23095321.0,0.0,-0.17623021034523845,True
2021-07-13,True,-1883263773,-1883263772.8265934,0.17340660095214844,-0.0028236093930900097,True
2021-07-14,True,508844144,508844145.26133925,1.261339247226715,1.258515637833625,True
2021-07-15,True,-49323935,-49323935.0,0.0,1.258515637833625,True
2021-07-16,True,1330236173,1330236171.8240085,-1.1759915351867676,0.0825241026468575,True
2021-07-17,True,7483216,7483216.0,0.0,0.0825241026468575,True
2021-07-18,True,687141140,687141136.8240192,-3.175980806350708,-3.0934567037038505,True
2021-07-19,True,-8797274,-8797274.0,0.0,-3.0934567037038505,True
2021-07-20,True,-1538308,-1538308.0,0.0,-3.0934567037038505,True
2021-07-21,True,-10074921,-10074921.0,0.0,-3.0934567037038505,True
2021-07-22,True,1180849063,1180849066.1832879,3.1832878589630127,0.08983115525916219,True
2021-07-23,True,1130234749,1130234748.765791,-0.2342090606689453,-0.14437790540978312,True
2021-07-24,True,-5874335,-5874335.0,0.0,-0.14437790540978312,True
2021-07-25,True,156021197,156021197.5737345,0.5737344920635223,0.4293565866537392,True
2021-07-26,True,4291299202,4291299201.397122,-0.6028780937194824,-0.1735215070657432,True
2021-07-27,True,1711018751,1711018749.60603,-1.393970012664795,-1.5674915197305381,True
2021-07-28,True,-1173948812,-1173948816.3219233,-4.32192325592041,-5.889414775650948,True
2021-07-29,True,-144042993,-144042989.71314943,3.2868505716323853,-2.602564204018563,True
2021-07-30,True,1599230973,1599230941.6031513,-31.396848678588867,-33.99941288260743,True
2021-07-31,True,-448013105,-448013102.51606005,2.4839399456977844,-31.515472936909646,True
2021-08-01,True,28648528,28648528.0,0.0,-31.515472936909646,True
2021-08-02,True,23926463,23926457.708711505,-5.291288495063782,-36.80676143197343,True
2021-08-03,True,499452907,499452943.3127097,36.31270968914032,-0.4940517428331077,True
2021-08-04,True,-33733468,-33733468.0,0.0,-0.4940517428331077,True
2021-08-05,True,814210938,814210936.5066972,-1.493302822113037,-1.9873545649461448,True
2021-08-06,True,4841040300,4841040302.339846,2.339845657348633,0.352491092402488,True
2021-08-07,True,1709695873,1709695872.4569407,-0.5430593490600586,-0.1905682566575706,True
2021-08-08,True,662399597,662399603.9583085,6.958308458328247,6.7677402016706765,True
2021-08-09,True,-108374445,-108374452.95795763,-7.957957625389099,-1.1902174237184227,True
2021-08-10,True,-434019471,-434019464.9457158,6.05428421497345,4.864066791255027,True
2021-08-11,True,385690880,385690878.1813055,-1.8186944723129272,3.0453723189421,True
2021-08-12,True,696278893,696278852.4923257,-40.50767433643341,-37.46230201749131,True
2021-08-13,True,3423349196,3423349233.4585075,37.4585075378418,-0.00379447964951396,True
2021-08-14,True,21337215,21337215.0,0.0,-0.00379447964951396,True
2021-08-15,True,6768902,6768902.479375124,0.47937512397766113,0.4755806443281472,True
2021-08-16,True,296520,296520.0,0.0,0.4755806443281472,True
2021-08-17,True,28824944,28824944.0,0.0,0.4755806443281472,True
2021-08-18,True,3884239291,3884239292.4316382,1.431638240814209,1.9072188851423562,True
2021-08-19,True,412703674,412703671.72862864,-2.271371364593506,-0.3641524794511497,True
2021-08-20,True,2662044533,2662044531.180197,-1.819803237915039,-2.1839557173661888,True
2021-08-21,True,2110756671,2110756682.3587058,11.358705759048462,9.174750041682273,True
2021-08-22,True,270809698,270809697.3417659,-0.6582341194152832,8.51651592226699,True
2021-08-23,True,174564656,174564656.05949062,0.0594906210899353,8.576006543356925,True
2021-08-24,True,1091020742,1091020735.9359086,-6.064091444015503,2.5119150993414223,True
2021-08-25,True,319777528,319777529.2423778,1.2423778176307678,3.75429291697219,True
2021-08-26,True,2141264158,2141264158.9171724,0.9171724319458008,4.671465348917991,True
2021-08-27,True,-44795940,-44795940.0,0.0,4.671465348917991,True
2021-08-28,True,181782216,181782224.8071203,8.80712029337883,13.47858564229682,True
2021-08-29,True,-30896200,-30896200.0,0.0,13.47858564229682,True
2021-08-30,True,-29021083,-29021083.0,0.0,13.47858564229682,True
2021-08-31,True,-361392064,-361392061.4941232,2.5058767795562744,15.984462421853095,True
2021-09-01,True,-25293200,-25293200.0,0.0,15.984462421853095,True
2021-09-02,True,-28275893,-28275893.0,0.0,15.984462421853095,True
2021-09-03,True,-61700274,-61700274.0,0.0,15.984462421853095,True
2021-09-04,True,701483631,701483634.7737432,3.773743152618408,19.758205574471503,True
2021-09-05,True,-42453992,-42453992.0,0.0,19.758205574471503,True
2021-09-06,True,2548006035,2548006023.3806844,-11.61931562423706,8.138889950234443,True
2021-09-07,True,5830880515,5830880506.751736,-8.24826431274414,-0.10937436250969768,True
2021-09-08,True,-2430246984,-2430246970.170439,13.829561233520508,13.72018687101081,True
2021-09-09,True,10731240,10731240.0,0.0,13.72018687101081,True
2021-09-10,True,-914963528,-914963531.1538712,-3.153871178627014,10.566315692383796,True
2021-09-11,True,-1412532331,-1412532327.033327,3.966672897338867,14.532988589722663,True
2021-09-12,True,-26568911,-26568911.0,0.0,14.532988589722663,True
2021-09-13,True,-35693587,-35693587.0,0.0,14.532988589722663,True
2021-09-14,True,27995224,27995224.0,0.0,14.532988589722663,True
2021-09-15,True,3008779669,3008779664.578357,-4.421642780303955,10.111345809418708,True
2021-09-16,True,742645231,742645221.0659659,-9.9340341091156,0.1773117003031075,True
2021-09-17,True,533982113,533982108.750282,-4.249718010425568,-4.07240631012246,True
2021-09-18,True,873894274,873894267.1254392,-6.874560832977295,-10.946967143099755,True
2021-09-19,True,10264309,10264309.0,0.0,-10.946967143099755,True
2021-09-20,True,5295209025,5295209036.580827,11.580826759338379,0.6338596162386239,True
2021-09-21,True,811236732,811236731.3623041,-0.6376959085464478,-0.0038362923078238964,True
2021-09-22,True,2884329398,2884329398.199944,0.19994401931762695,0.19610772700980306,True
2021-09-23,True,-145306495,-145306495.0,0.0,0.19610772700980306,True
2021-09-24,True,594173570,594173572.3600667,2.3600666522979736,2.5561743793077767,True
2021-09-25,True,2256657351,2256657348.196066,-2.803934097290039,-0.24775971798226237,True
2021-09-26,True,2468524220,2468524220.654355,0.6543550491333008,0.4065953311510384,True
2021-09-27,True,1472558914,1472558913.3936024,-0.6063976287841797,-0.19980229763314128,True
2021-09-28,True,13785852,13785852.31681171,0.3168117105960846,0.11700941296294332,True
2021-09-29,True,-9169163,-9169163.0,0.0,0.11700941296294332,True
2021-09-30,True,-10507193,-10507193.0,0.0,0.11700941296294332,True
2021-10-01,True,3940999,3940999.0,0.0,0.11700941296294332,True
2021-10-02,True,11105483,11105483.0,0.0,0.11700941296294332,True
2021-10-03,True,17332269,17332269.0,0.0,0.11700941296294332,True
2021-10-04,True,18716944,18716944.0,0.0,0.11700941296294332,True
2021-10-05,True,18469469,18469469.0,0.0,0.11700941296294332,True
2021-10-06,True,11991847,11991847.0,0.0,0.11700941296294332,True
2021-10-07,True,16765860,16765860.0,0.0,0.11700941296294332,True
2021-10-08,True,16656529,16656529.0,0.0,0.11700941296294332,True
2021-10-09,True,16414455,16414455.0,0.0,0.11700941296294332,True
2021-10-10,True,16415085,16415085.0,0.0,0.11700941296294332,True
2021-10-11,True,16157975,16157975.0,0.0,0.11700941296294332,True
2021-10-12,True,22717167,22717167.0,0.0,0.11700941296294332,True
2021-10-13,True,-8993049023,-8993049019.54754,3.4524593353271484,3.5694687482900918,True
2021-10-14,True,15839291,15839291.0,0.0,3.5694687482900918,True
2021-10-15,True,30644784,30644784.0,0.0,3.5694687482900918,True
2021-10-16,True,49420457,49420457.0,0.0,3.5694687482900918,True
2021-10-17,True,22627911,22627911.0,0.0,3.5694687482900918,True
2021-10-18,True,34244694,34244694.0,0.0,3.5694687482900918,True
2021-10-19,True,39055279,39055279.0,0.0,3.5694687482900918,True
2021-10-20,True,18927916,18927916.0,0.0,3.5694687482900918,True
2021-10-21,True,-5675215710,-5675215716.622656,-6.622655868530273,-3.0531871202401817,True
2021-10-22,True,-3053055214,-3053055215.1966724,-1.1966724395751953,-4.249859559815377,True
2021-10-23,True,-1722840117,-1722840111.8878965,5.112103462219238,0.8622439024038613,True
2021-10-24,True,-9802136,-9802136.0,0.0,0.8622439024038613,True
2021-10-25,True,-14970210,-14970210.0,0.0,0.8622439024038613,True
2021-10-26,True,-9572902,-9572902.0,0.0,0.8622439024038613,True
2021-10-27,True,-9476053,-9476053.0,0.0,0.8622439024038613,True
2021-10-28,True,-17843976,-17843976.0,0.0,0.8622439024038613,True
2021-10-29,True,-17117657,-17117657.0,0.0,0.8622439024038613,True
2021-10-30,True,1270780350,1270780354.638631,4.638631105422974,5.500875007826835,True
2021-10-31,True,603363133,603363127.4979109,-5.502089142799377,-0.0012141349725425243,True
2021-11-01,True,4959510,4959510.0,0.0,-0.0012141349725425243,True
2021-11-02,True,9660226,9660226.0,0.0,-0.0012141349725425243,True
2021-11-03,True,10977657,10977657.0,0.0,-0.0012141349725425243,True
2021-11-04,True,9935755,9935755.0,0.0,-0.0012141349725425243,True
2021-11-05,True,4857115,4857115.0,0.0,-0.0012141349725425243,True
2021-11-06,True,4893740,4893740.0,0.0,-0.0012141349725425243,True
2021-11-07,True,4889815,4889815.0,0.0,-0.0012141349725425243,True
2021-11-08,True,4744505,4744505.0,0.0,-0.0012141349725425243,True
2021-11-09,True,17215336,17215336.0,0.0,-0.0012141349725425243,True
2021-11-10,True,-1369864266,-1369864266.0469558,-0.04695582389831543,-0.048169958870857954,True
2021-11-11,True,-11707493,-11707493.0,0.0,-0.048169958870857954,True
2021-11-12,True,-6584772,-6584772.0,0.0,-0.048169958870857954,True
2021-11-13,True,-13566023,-13566023.0,0.0,-0.048169958870857954,True
2021-11-14,True,-16058361,-16058361.0,0.0,-0.048169958870857954,True
2021-11-15,True,-15874779,-15874779.0,0.0,-0.048169958870857954,True
2021-11-16,True,-550179387,-550179383.8518093,3.14819073677063,3.100020777899772,True
2021-11-17,True,-538110434,-538110433.9007914,0.09920859336853027,3.199229371268302,True
2021-11-18,True,-17873495,-17873495.0,0.0,3.199229371268302,True
2021-11-19,True,-20573108,-20573108.0,0.0,3.199229371268302,True
2021-11-20,True,-17781929,-17781929.0,0.0,3.199229371268302,True
2021-11-21,True,-16458296,-16458296.0,0.0,3.199229371268302,True
2021-11-22,True,-26124179,-26124179.0,0.0,3.199229371268302,True
2021-11-23,True,-26938696,-26938696.0,0.0,3.199229371268302,True
2021-11-24,True,-26922089,-26922089.0,0.0,3.199229371268302,True
2021-11-25,True,-26770026,-26770026.0,0.0,3.199229371268302,True
2021-11-26,True,-197099693,-197099694.9518219,-1.951821893453598,1.2474074778147042,True
2021-11-27,True,-38461588,-38461588.0,0.0,1.2474074778147042,True
2021-11-28,True,-28807374,-28807374.0,0.0,1.2474074778147042,True
2021-11-29,True,-1874189656,-1874189651.0995235,4.900476455688477,6.147883933503181,True
2021-11-30,True,-25877036,-25877036.0,0.0,6.147883933503181,True
2021-12-01,True,-83779387,-83779394.82270181,-7.822701811790466,-1.6748178782872856,True
2021-12-02,True,-26390664,-26390664.0,0.0,-1.6748178782872856,True
2021-12-03,True,-26642132,-26642132.0,0.0,-1.6748178782872856,True
2021-12-04,True,-8252559183,-8252559184.4212265,-1.4212265014648438,-3.0960443797521293,True
2021-12-05,True,76831029,76831029.0,0.0,-3.0960443797521293,True
2021-12-06,True,53513862,53513862.0,0.0,-3.0960443797521293,True
2021-12-07,True,-8398394122,-8398394119.63183,2.3681697845458984,-0.7278745952062309,True
2021-12-08,True,58590,58590.0,0.0,-0.7278745952062309,True
2021-12-09,True,-86276,-86276.0,0.0,-0.7278745952062309,True
2021-12-10,True,-87775,-87775.0,0.0,-0.7278745952062309,True
2021-12-11,True,-79885,-79885.0,0.0,-0.7278745952062309,True
2021-12-12,True,-31991,-31991.0,0.0,-0.7278745952062309,True
2021-12-13,True,29472,29472.0,0.0,-0.7278745952062309,True
2021-12-14,True,46617,46617.0,0.0,-0.7278745952062309,True
2021-12-15,True,-39829,-39829.0,0.0,-0.7278745952062309,True
2021-12-16,True,-65852,-65852.0,0.0,-0.7278745952062309,True
2021-12-17,True,-88906,-88906.0,0.0,-0.7278745952062309,True
2021-12-18,True,-4167,-4167.0,0.0,-0.7278745952062309,True
2021-12-19,True,-40889,-40889.0,0.0,-0.7278745952062309,True
2021-12-20,True,-56803,-56803.0,0.0,-0.7278745952062309,True
2021-12-21,True,-6613647,-6613647.0,0.0,-0.7278745952062309,True
2021-12-22,True,-6696377,-6696377.0,0.0,-0.7278745952062309,True
2021-12-23,True,379139846,379139850.57368356,4.573683559894562,3.845808964688331,True
2021-12-24,True,751853058,751853053.6626399,-4.337360143661499,-0.49155117897316813,True
2021-12-25,True,-3980434,-3980434.0,0.0,-0.49155117897316813,True
2021-12-26,True,3549546,3549546.0,0.0,-0.49155117897316813,True
2021-12-27,True,-7959854,-7959854.0,0.0,-0.49155117897316813,True
2021-12-28,True,12797939,12797939.0,0.0,-0.49155117897316813,True
2021-12-29,True,5419287,5419287.0,0.0,-0.49155117897316813,True
2021-12-30,True,11769340,11769340.0,0.0,-0.49155117897316813,True
2021-12-31,True,-159371,-159371.0,0.0,-0.49155117897316813,True
2022-01-01,False,0,1958048.0,1958048.0,1958047.508448821,False
