episode_id,start,end,closed,direction,gross_sat,trade_fee_sat,funding_credit_sat,entry_contracts,exit_contracts,entry_cost_sat,exit_cost_sat,peak_contracts,opening_batches,closing_batches,net_sat,duration_hours,entry_harmonic_usd,exit_harmonic_usd
1,2018-03-05 07:28:18.063937,2018-03-05 07:50:39.213592,True,long,-1175000,548876,0,47000,47000,405986000,407161000,47000,1,1,-1723876,0.37254157083333334,11576.753878212548,11543.34526145677
2,2018-03-05 09:16:57.937933,2018-03-05 10:09:59.096173,True,short,-17000,66865,0,17000,17000,148580000,148563000,17000,1,4,-83865,0.8836550666666667,11441.647597254005,11442.956860052638
3,2018-03-05 10:18:04.332816,2018-03-05 18:44:09.799976,True,short,-4227000,335624,608514,40000,40000,349947000,345720000,40000,2,1,-3954110,8.434851988888889,11430.302302920156,11570.056693277797
4,2018-03-05 18:47:26.817534,2018-03-05 18:54:44.152336,True,short,-1140000,115628,0,30000,30000,258660000,257520000,30000,3,1,-1255628,0.12148188944444445,11598.237067965669,11649.580615097857
5,2018-03-05 19:19:42.170261,2018-03-05 19:31:57.817882,True,short,-35000,57939,0,5000,5000,42935000,42900000,5000,1,1,-92939,0.20434656138888888,11645.51065564225,11655.011655011655
6,2018-03-05 19:48:49.921588,2018-03-05 20:37:37.834668,True,long,-95000,58020,-52189,5000,5000,42930000,43025000,5000,1,1,-205209,0.8133091888888888,11646.866992778943,11621.150493898896
7,2018-03-05 22:17:28.787751,2018-03-06 00:03:12.792359,True,long,-1458000,105790,0,9000,9000,77634000,79092000,9000,1,1,-1563790,1.7622235022222223,11592.858798979829,11379.15339098771
8,2018-03-06 00:09:37.019976,2018-03-06 00:37:05.296465,True,short,450000,118875,0,10000,10000,87830000,88280000,10000,1,1,331125,0.4578545802777778,11385.63133325743,11327.594019030357
9,2018-03-06 01:00:29.349048,2018-03-06 01:07:09.171943,True,short,1060000,239936,0,20000,20000,177200000,178260000,20000,1,1,820064,0.11106191527777778,11286.681715575622,11219.566924716706
10,2018-03-06 01:14:23.643436,2018-03-06 01:18:32.439675,True,short,-160000,240084,0,20000,20000,177920000,177760000,20000,1,1,-400084,0.06911006638888889,11241.007194244605,11251.12511251125
11,2018-03-06 01:19:47.450973,2018-03-06 01:24:47.271616,True,short,60000,240288,0,20000,20000,177960000,178020000,20000,1,1,-180288,0.08328351194444444,11238.480557428637,11234.692731153804
12,2018-03-06 01:27:47.356189,2018-03-06 01:38:34.444920,True,long,230000,40056,0,10000,10000,88900000,88670000,10000,1,7,189944,0.17974686972222223,11248.59392575928,11277.77151234916
13,2018-03-06 02:10:36.563108,2018-03-06 02:45:21.358774,True,short,150120,120063,0,10000,10000,88859880,89010000,10000,1,1,30057,0.5791099072222222,11253.672636064779,11234.692731153804
14,2018-03-06 07:16:01.443339,2018-03-06 07:32:19.503912,True,short,-60000,119769,0,10000,10000,88750000,88690000,10000,1,1,-179769,0.2716834925,11267.605633802817,11275.228323373549
15,2018-03-06 14:18:57.009359,2018-03-06 21:27:27.822729,True,long,-2740000,84413,-79993,20000,20000,183480000,186220000,20000,1,1,-2904406,7.141892602777777,10900.37061260083,10739.98496402105
16,2018-03-06 22:27:21.943559,2018-03-06 23:21:02.958930,True,short,1400000,42821,0,10000,10000,93060000,94460000,10000,1,1,1357179,0.8947264919444444,10745.75542660649,10586.491636671608
17,2018-03-08 01:06:41.759573,2018-03-08 01:17:45.155130,True,long,250000,135100,0,10000,10000,100200000,99950000,10000,1,1,114900,0.18427654361111112,9980.039920159681,10005.002501250625
18,2018-03-08 01:35:23.169916,2018-03-08 01:36:54.285272,True,short,630000,136355,0,10000,10000,100690000,101320000,10000,1,1,493645,0.025309821111111113,9931.47283742179,9869.71969996052
19,2018-03-08 01:39:26.744470,2018-03-08 01:41:29.398657,True,short,600000,137077,0,10000,10000,101240000,101840000,10000,1,1,462923,0.034070607499999996,9877.518767285657,9819.324430479182
20,2018-03-08 01:48:18.932880,2018-03-08 02:02:50.439644,True,short,2050009,161108,0,15000,15000,152060000,154110009,15000,6,1,1888901,0.2420852122222222,9864.527160331449,9733.306809423391
21,2018-03-08 02:11:59.035899,2018-03-08 02:23:34.758350,True,long,-1070000,279455,0,20000,20000,206470000,207540000,20000,3,1,-1349455,0.1932562363888889,9686.637283866905,9636.696540425943
22,2018-03-08 02:24:08.882562,2018-03-08 02:29:58.964910,True,long,1274650,210312,0,15000,15000,156426040,155151390,15000,1,1,1064338,0.09724509666666667,9589.196274482178,9667.976548582647
23,2018-03-08 02:31:48.112765,2018-03-08 03:12:43.040266,True,long,345000,209778,0,15000,15000,155565000,155220000,15000,1,1,135222,0.6819243058333334,9642.271719217048,9663.703131039814
24,2018-03-08 03:20:15.276712,2018-03-08 03:22:22.878716,True,long,215800,209397,0,15000,15000,155220000,155004200,15000,1,1,6403,0.03544500111111111,9663.703131039814,9677.157135096984
25,2018-03-08 03:32:39.133287,2018-03-08 03:34:27.641938,True,short,170000,139785,0,10000,10000,103460000,103630000,10000,1,1,30215,0.030141291944444443,9665.571235260004,9649.715333397664
26,2018-03-08 03:35:44.730075,2018-03-08 03:36:52.000555,True,short,-160000,139925,0,10000,10000,103730000,103570000,10000,1,1,-299925,0.018686244444444448,9640.412609659694,9655.305590421936
27,2018-03-08 03:42:35.917330,2018-03-08 03:44:25.623684,True,short,-60000,139711,0,10000,10000,103520000,103460000,10000,1,1,-199711,0.030473987222222224,9659.969088098918,9665.571235260004
28,2018-03-08 03:50:28.992007,2018-03-08 03:51:13.951500,True,short,326272,140035,0,10000,10000,103570000,103896272,10000,1,1,186237,0.012488748055555556,9655.305590421936,9624.984426775198
29,2018-03-08 03:58:41.754451,2018-03-08 04:02:23.044689,True,short,-580000,211880,-77143,15000,15000,157240000,156660000,15000,2,1,-869023,0.06146951055555555,9539.557364538285,9574.875526618154
30,2018-03-08 04:05:37.192401,2018-03-08 04:10:32.294106,True,long,-170000,210666,0,15000,15000,155965000,156135000,15000,2,1,-380666,0.08197269583333333,9617.542397332734,9607.070804111827
31,2018-03-08 04:11:28.945187,2018-03-08 04:30:37.751276,True,long,2205000,279209,0,20000,20000,207925000,205720000,20000,3,1,1925791,0.31911280249999996,9618.8529517855,9721.952167995334
32,2018-03-08 04:31:06.462490,2018-03-08 05:02:00.899680,True,long,1355000,277283,0,20000,20000,206075000,204720000,20000,4,1,1077717,0.5151214416666667,9705.20441586801,9769.441187964048
33,2018-03-08 08:03:49.664932,2018-03-08 08:19:30.949852,True,short,-120000,135863,0,10000,10000,100700000,100580000,10000,1,1,-255863,0.26146803333333335,9930.486593843098,9942.334460131238
34,2018-03-08 08:20:51.867539,2018-03-08 08:24:05.307229,True,short,840000,136401,0,10000,10000,100620000,101460000,10000,1,1,703599,0.053733247222222225,9938.382031405286,9856.100926473488
35,2018-03-09 05:15:24.341111,2018-03-09 05:49:16.663947,True,long,-2290000,156498,0,10000,10000,114780000,117070000,10000,1,1,-2446498,0.5645341211111111,8712.319219376199,8541.898009737764
36,2018-03-09 05:50:48.917714,2018-03-09 06:30:12.449429,True,long,3830000,237282,0,15000,15000,177680000,173850000,15000,2,1,3592718,0.6565365875,8442.14317874831,8628.127696289905
37,2018-03-09 06:58:50.645272,2018-03-09 06:59:11.975194,True,short,-90839,153106,0,10000,10000,113460000,113369161,10000,1,1,-243945,0.005924978333333333,8813.67882954345,8820.74094206272
38,2018-03-09 07:08:43.313202,2018-03-09 07:14:13.943000,True,short,-920000,153656,0,10000,10000,114280000,113360000,10000,1,1,-1073656,0.09184161055555555,8750.437521876094,8821.453775582217
39,2018-03-09 07:15:59.607689,2018-03-09 07:41:35.613585,True,short,590000,153838,0,10000,10000,113660000,114250000,10000,1,1,436162,0.4266683044444444,8798.169980644027,8752.7352297593
40,2018-03-09 07:45:25.861115,2018-03-09 07:57:52.023828,True,long,180000,232205,0,15000,15000,172095000,171915000,15000,2,1,-52205,0.20726742027777778,8716.116098666434,8725.242125468982
41,2018-03-09 08:02:38.925286,2018-03-09 09:06:17.057098,True,long,890000,129141,0,15000,15000,172805000,171915000,15000,4,1,760859,1.06059217,8680.304389340587,8725.242125468982
42,2018-03-09 09:07:52.386269,2018-03-09 09:30:47.587491,True,long,-285000,233896,0,15000,15000,173115000,173400000,15000,3,1,-518896,0.38200033944444445,8664.760419374405,8650.519031141868
43,2018-03-09 09:32:08.258181,2018-03-09 11:26:17.719485,True,long,3241974,259765,0,20000,20000,232881974,229640000,20000,4,1,2982209,1.90262814,8588.041253892841,8709.28409684724
44,2018-03-09 11:26:38.348415,2018-03-09 11:28:36.919479,True,long,395000,77458,0,5000,5000,57575000,57180000,5000,1,1,317542,0.03293640666666667,8684.324793747286,8744.316194473593
45,2018-03-09 11:28:59.384697,2018-03-09 11:39:56.727725,True,short,-27738,169779,0,11000,11000,125779738,125752000,11000,3,1,-197517,0.18259528555555557,8745.446742781416,8747.375787263822
46,2018-03-09 11:43:25.671731,2018-03-09 11:45:15.881772,True,long,102972,15270,0,1000,1000,11364000,11261028,1000,1,1,87702,0.03061390027777778,8799.718409010911,8880.183940578072
47,2018-03-09 11:48:09.295088,2018-03-09 11:49:44.964994,True,short,62000,30208,0,2000,2000,22346000,22408000,2000,1,1,31792,0.026574973888888888,8950.147677436678,8925.383791503034
48,2018-03-09 11:55:43.331313,2018-03-09 12:02:07.214490,True,short,-604000,150767,-10518,10000,10000,111984000,111380000,10000,5,1,-765285,0.10663421583333332,8929.847121017288,8978.27258035554
49,2018-03-09 12:02:55.469271,2018-03-09 12:08:42.852249,True,short,606000,90099,0,6000,6000,66438000,67044000,6000,3,1,515901,0.09649527166666666,9030.976248532466,8949.346697691068
50,2018-03-09 12:14:55.660514,2018-03-09 12:25:24.345454,True,short,79000,302477,0,20000,20000,224021000,224100000,15000,9,2,-223477,0.17463470555555555,8927.734453466415,8924.58723784025
51,2018-03-09 12:27:07.811748,2018-03-09 12:32:49.580381,True,short,570000,151216,0,10000,10000,111730000,112300000,10000,5,1,418784,0.09493573138888889,8950.147677436678,8904.719501335709
52,2018-03-09 12:33:17.631973,2018-03-09 12:41:44.370519,True,short,12902,121187,0,8000,8000,89766000,89778902,8000,4,1,-108285,0.14076070722222223,8912.06024552726,8910.779505857623
53,2018-03-09 12:42:09.506409,2018-03-09 12:43:42.924143,True,short,-56000,60641,0,4000,4000,44948000,44892000,4000,2,1,-116641,0.025949370555555556,8899.172376968942,8910.273545397844
54,2018-03-09 12:47:37.189223,2018-03-09 12:53:15.468987,True,short,-1250010,225048,0,15000,15000,167330000,166079990,15000,3,1,-1475058,0.09396660111111112,8964.321998446185,9031.79245133625
55,2018-03-09 12:53:47.642335,2018-03-09 12:55:02.389413,True,short,90000,75019,0,5000,5000,55525000,55615000,5000,1,1,14981,0.02076307722222222,9004.9527239982,8990.380293086397
56,2018-03-09 12:56:24.471875,2018-03-09 13:19:18.241920,True,short,597860,226005,0,15000,15000,167115000,167712860,15000,3,1,371855,0.38160279027777777,8975.854950184004,8943.857972489408
57,2018-03-09 13:20:05.729565,2018-03-09 13:22:11.798874,True,short,430000,151677,0,10000,10000,112140000,112570000,10000,2,1,278323,0.0350192525,8917.424647761727,8883.36146397797
58,2018-03-09 13:22:58.932480,2018-03-09 13:24:04.569588,True,short,254189,76198,0,5000,5000,56317811,56572000,5000,1,1,177991,0.01823253,8878.185979210022,8838.294562681185
59,2018-03-09 13:29:02.735802,2018-03-09 13:36:30.075358,True,short,394151,152117,0,10000,10000,112485849,112880000,10000,2,1,242034,0.12426098777777778,8890.007133252824,8858.96527285613
60,2018-03-09 13:37:19.505478,2018-03-09 13:47:17.728618,True,short,-1112159,151162,0,10000,10000,112532159,111420000,10000,2,1,-1263321,0.16617309444444442,8886.348657009237,8975.049362771495
61,2018-03-09 13:51:13.281359,2018-03-09 13:58:50.423413,True,short,145000,75690,0,5000,5000,55995000,56140000,5000,1,1,69310,0.1269839038888889,8929.36869363336,8906.305664410402
62,2018-03-09 14:02:11.795953,2018-03-09 16:26:58.662496,True,long,-1860000,152306,0,10000,10000,111890000,113750000,10000,2,1,-2012306,2.413018484166667,8937.34918223255,8791.208791208792
63,2018-03-09 22:39:37.937011,2018-03-09 22:40:12.001405,True,long,120000,73324,0,5000,5000,54375000,54255000,5000,1,1,46676,0.009462331666666667,9195.402298850575,9215.74048474795
64,2018-03-09 22:41:57.544640,2018-03-09 22:42:33.060565,True,long,-9250,73113,0,5000,5000,54155000,54164250,5000,1,1,-82363,0.009865534722222223,9232.757824762257,9231.181083463724
65,2018-03-09 22:49:12.638352,2018-03-09 23:01:49.270491,True,long,5000,73354,0,5000,5000,54340000,54335000,5000,1,1,-68354,0.21017559416666667,9201.324990798676,9202.171712524156
66,2018-03-09 23:32:18.203763,2018-03-09 23:34:51.963421,True,short,-133806,145879,0,10000,10000,108130000,107996194,10000,2,1,-279685,0.04271101611111111,9248.127254231018,9259.585573913837
67,2018-03-09 23:45:56.972181,2018-03-09 23:48:19.357954,True,short,300000,72481,0,5000,5000,53540000,53840000,5000,1,1,227519,0.03955160361111111,9338.812103100485,9286.775631500743
68,2018-03-10 00:01:42.119420,2018-03-10 00:53:22.724672,True,short,340000,218148,0,15000,15000,161425000,161765000,15000,3,1,121852,0.8612792366666666,9292.240978782716,9272.710413253793
69,2018-03-10 00:53:53.744962,2018-03-10 01:04:11.711528,True,short,-1790000,144185,0,10000,10000,107700000,105910000,10000,2,1,-1934185,0.17165737944444442,9285.051067780872,9441.979038806534
70,2018-03-10 01:04:44.264273,2018-03-10 01:09:47.494003,True,short,410000,289699,0,20000,20000,214390000,214800000,20000,4,1,120301,0.08423048055555556,9328.793320583982,9310.986964618249
71,2018-03-10 01:10:29.547392,2018-03-10 01:10:53.497721,True,short,30000,72683,0,5000,5000,53825000,53855000,5000,1,1,-42683,0.006652869166666667,9289.363678588017,9284.189026088572
72,2018-03-10 01:11:49.720740,2018-03-10 01:33:13.795588,True,short,-1535000,435030,0,30000,30000,323015000,321480000,30000,6,1,-1970030,0.35668745777777777,9287.494388805473,9331.84023889511
73,2018-03-10 01:35:08.252272,2018-03-10 01:42:24.451728,True,short,452920,216503,0,15000,15000,160152080,160605000,15000,3,1,236417,0.12116651555555555,9366.09752430315,9339.68431867003
74,2018-03-10 01:45:03.755016,2018-03-10 01:52:06.690205,True,short,530000,289187,0,20000,20000,213950000,214480000,20000,4,1,240813,0.11748199694444444,9347.97849964945,9324.878776575904
75,2018-03-10 01:55:11.019028,2018-03-10 04:07:12.490930,True,short,2560913,583622,-593189,40000,40000,431039087,433600000,30000,8,3,1384102,2.200408861666667,9279.900873583652,9225.09225092251
76,2018-03-10 04:08:55.281526,2018-03-10 04:20:04.508194,True,short,205000,218821,0,15000,15000,161990000,162195000,15000,3,1,-13821,0.18589629666666668,9259.830853756404,9248.127254231018
77,2018-03-10 04:20:38.698358,2018-03-10 04:30:38.834974,True,short,-340000,144974,0,10000,10000,107560000,107220000,10000,2,1,-484974,0.16670461555555555,9297.136481963555,9326.618168252191
78,2018-03-10 04:33:48.835998,2018-03-10 04:34:14.700151,True,short,-5000,72503,0,5000,5000,53710000,53705000,5000,1,1,-77503,0.007184486944444445,9309.25339787749,9310.120100549297
79,2018-03-10 04:44:07.897807,2018-03-10 05:02:10.387030,True,short,-95000,217848,0,15000,15000,161420000,161325000,15000,3,1,-312848,0.3006914508333333,9292.528806839302,9298.000929800093
80,2018-03-10 05:11:17.806124,2018-03-10 05:25:54.090176,True,short,145000,145520,0,10000,10000,107725000,107870000,10000,2,1,-520,0.24341223666666667,9282.896263634253,9270.418095856123
81,2018-03-10 08:45:27.033075,2018-03-10 10:47:26.843842,True,short,460000,143986,0,10000,10000,106430000,106890000,10000,2,1,316014,2.033280768611111,9395.84703561026,9355.412105903266
82,2018-03-10 21:45:29.338553,2018-03-11 01:21:35.766086,True,long,-4478458,233269,0,15000,15000,170555000,175033458,15000,3,1,-4711727,3.6017854258333335,8794.816921227757,8569.790125497035
83,2018-03-11 01:23:07.691743,2018-03-11 01:26:27.655271,True,long,655955,157579,0,10000,10000,117055955,116400000,10000,2,2,498376,0.05554542444444444,8542.92291237981,8591.06529209622
84,2018-03-11 04:09:34.681029,2018-03-11 04:28:16.847359,True,long,461000,88673,0,7000,7000,81434000,80973000,7000,3,3,372327,0.31171286944444443,8595.918166859052,8644.856927617848
85,2018-03-11 04:41:47.742190,2018-03-11 04:45:25.043476,True,long,-166760,93584,0,6000,6000,69240000,69406760,6000,2,2,-260344,0.060361468333333335,8665.511265164645,8644.69109349003
86,2018-03-11 05:11:17.453644,2018-03-11 05:23:03.431801,True,long,342000,46833,0,3000,3000,34863000,34521000,3000,1,1,295167,0.1961050436111111,8605.1114361931,8690.362388111584
87,2018-03-11 05:30:34.498389,2018-03-11 06:21:55.753377,True,long,302149,51388,0,10000,10000,114651000,114348851,10000,4,1,250761,0.8559041633333334,8722.121917820168,8745.16876431054
88,2018-03-11 11:30:25.169634,2018-03-11 11:40:53.688729,True,long,17300,1539,0,100,100,1149400,1132100,100,1,1,15761,0.1745886375,8700.191404210893,8833.141948591114
89,2018-03-11 11:48:29.585899,2018-03-11 11:49:02.146278,True,short,78000,45407,0,3000,3000,33597000,33675000,3000,1,1,32593,0.009044549722222222,8929.36869363336,8908.685968819598
90,2018-03-11 12:21:10.572916,2018-03-11 12:23:06.945603,True,short,1283000,77873,0,10000,10000,106957000,108240000,10000,3,1,1205127,0.03232574638888889,9349.551688996513,9238.728750923872
91,2018-03-11 12:30:47.992234,2018-03-11 12:34:23.383196,True,short,820000,146189,0,10000,10000,107880000,108700000,10000,1,1,673811,0.05983082277777778,9269.558769002595,9199.632014719411
92,2018-03-11 13:13:03.754372,2018-03-11 13:17:48.475100,True,short,120000,144609,0,10000,10000,107060000,107180000,10000,1,1,-24609,0.0790890911111111,9340.556697179152,9330.09889904833
93,2018-03-11 13:20:33.234218,2018-03-11 13:36:22.905591,True,short,211451,144915,0,10000,10000,107240000,107451451,10000,1,1,66536,0.2637976036111111,9324.878776575904,9306.528582848081
94,2018-03-11 13:37:42.936953,2018-03-11 13:39:36.828426,True,short,200000,144934,0,10000,10000,107260000,107460000,10000,1,1,55066,0.03163652027777778,9323.140033563304,9305.788200260562
95,2018-03-11 13:41:09.744267,2018-03-11 13:45:08.751124,True,short,190000,145982,0,10000,10000,108040000,108230000,10000,1,1,44018,0.06639079361111111,9255.831173639393,9239.582370876837
96,2018-03-11 13:52:18.502560,2018-03-11 13:56:41.507216,True,short,50000,145751,0,10000,10000,107940000,107990000,10000,1,1,-95751,0.07305684888888889,9264.406151565685,9260.116677470136
97,2018-03-11 14:02:15.966430,2018-03-11 14:03:35.524031,True,short,504554,146285,0,10000,10000,108110000,108614554,10000,1,1,358269,0.022099333611111112,9249.838127832763,9206.869274627781
98,2018-03-11 22:32:56.663498,2018-03-11 22:33:58.020192,True,short,150000,69745,0,5000,5000,51590000,51740000,5000,1,1,80255,0.01704352611111111,9691.800736576855,9663.703131039814
99,2018-03-11 22:38:12.135861,2018-03-11 23:02:39.804530,True,short,1338741,141599,0,10000,10000,104221259,105560000,10000,2,1,1197142,0.40768574138888886,9594.971405977738,9473.285335354301
100,2018-03-12 00:06:43.412591,2018-03-12 03:42:54.759180,True,short,4720000,284193,0,20000,20000,208160000,212880000,20000,4,1,4435807,3.603151830277778,9607.993850883935,9394.964299135663
101,2018-03-12 05:36:11.921865,2018-03-12 06:24:34.548503,True,short,236607,93873,0,10000,10000,104130000,104366607,10000,2,1,142734,0.8062851772222223,9603.380389897244,9581.608799450576
102,2018-03-12 06:28:03.912372,2018-03-12 07:41:14.758075,True,short,1216131,280727,0,20000,20000,207343869,208560000,20000,4,1,935404,1.2196793619444444,9645.812097776568,9589.566551591868
103,2018-03-12 07:43:59.625570,2018-03-12 07:48:09.437145,True,short,-5000,210904,0,15000,15000,156230000,156225000,15000,3,1,-215904,0.06939210416666666,9601.228957306535,9601.536245799329
104,2018-03-12 07:49:28.445360,2018-03-12 09:41:01.278482,True,short,-4420000,254576,0,25000,25000,259520000,255100000,25000,4,1,-4674576,1.8591203116666666,9633.168927250308,9800.078400627204
105,2018-03-12 09:50:47.519366,2018-03-12 14:21:07.591196,True,short,7008805,600641,49884,60000,60000,611830380,618839185,45000,12,13,6458048,4.505575508333334,9806.639546078113,9695.572202655525
106,2018-03-12 14:27:49.285701,2018-03-12 16:03:15.628659,True,long,-20337879,755472,0,55000,55000,584679588,605017467,45000,11,3,-21093351,1.5906508216666668,9406.861660441617,9090.646634173952
107,2018-03-13 00:39:24.858519,2018-03-13 01:00:29.548771,True,long,140000,219939,0,15000,15000,162990000,162850000,15000,3,3,-79939,0.3513028477777778,9203.018590097552,9210.9303039607
108,2018-03-13 01:00:29.548771,2018-03-13 01:46:10.807267,True,short,1105000,294145,0,20000,20000,217335000,218440000,20000,3,2,810855,0.7614606933333333,9202.383417305082,9155.832265152902
109,2018-03-13 01:48:07.668362,2018-03-13 01:50:59.685624,True,long,427518,148247,0,10000,10000,110027518,109600000,10000,1,1,279271,0.047782572777777775,9088.635444816633,9124.087591240876
110,2018-03-13 01:53:51.455287,2018-03-13 01:58:14.158818,True,short,613824,148306,0,10000,10000,109550000,110163824,10000,1,1,465518,0.07297320305555556,9128.251939753538,9077.390051383838
111,2018-03-13 02:02:02.685985,2018-03-13 02:03:14.438484,True,long,550000,148342,0,10000,10000,110160000,109610000,10000,1,1,401658,0.01993124972222222,9077.705156136528,9123.255177447314
112,2018-03-13 02:05:33.518378,2018-03-13 02:07:21.413880,True,short,-20000,147824,0,10000,10000,109510000,109490000,10000,1,1,-167824,0.029970972777777775,9131.586156515386,9133.254178463787
113,2018-03-13 02:08:32.188565,2018-03-13 02:09:33.691460,True,short,360000,147513,0,10000,10000,109090000,109450000,10000,1,1,212487,0.0170841375,9166.743056192136,9136.592051164915
114,2018-03-13 02:14:35.690404,2018-03-13 02:17:25.535009,True,long,360528,296144,0,20000,20000,219550528,219190000,20000,2,2,64384,0.04717905694444444,9109.52033784223,9124.50385510288
115,2018-03-13 02:21:48.389941,2018-03-13 02:26:54.485909,True,long,690000,147884,0,10000,10000,109890000,109200000,10000,1,1,542116,0.08502665777777779,9100.0091000091,9157.509157509157
116,2018-03-13 02:27:27.405137,2018-03-13 02:30:08.693633,True,long,357000,147468,0,10000,10000,109417000,109060000,10000,1,1,209532,0.04480236,9139.347633365931,9169.264624977077
117,2018-03-13 02:31:06.906106,2018-03-13 02:31:29.210156,True,short,240000,147390,0,10000,10000,109060000,109300000,10000,1,1,92610,0.0061955694444444445,9169.264624977077,9149.130832570905
118,2018-03-13 03:18:08.940091,2018-03-13 03:18:51.631067,True,long,345989,150309,0,10000,10000,111514868,111168879,10000,1,1,195680,0.011858604444444445,8967.414103023464,8995.323232502866
119,2018-03-13 03:33:07.102675,2018-03-13 04:03:51.191930,True,short,-270000,49686,-12385,10000,10000,110820000,110550000,10000,1,1,-332071,0.5122470152777778,9023.641941887747,9045.680687471733
120,2018-03-13 04:13:47.931707,2018-03-13 04:15:39.077772,True,short,20000,144840,0,10000,10000,107280000,107300000,10000,1,1,-124840,0.030873906944444442,9321.401938851603,9319.664492078286
121,2018-03-13 04:15:57.644069,2018-03-13 04:41:17.906436,True,short,595682,434713,0,30000,30000,321714318,322310000,20000,3,3,160969,0.4222951019444445,9325.043469156384,9307.809251962397
122,2018-03-13 04:43:08.656386,2018-03-13 04:47:57.624560,True,short,1380000,191645,0,20000,20000,211710000,213090000,20000,7,2,1188355,0.08026893722222221,9446.884889707619,9385.705570416256
123,2018-03-13 04:49:55.868692,2018-03-13 04:53:52.928471,True,long,317724,143585,0,10000,10000,106520000,106202276,10000,1,1,174139,0.0658499386111111,9387.90837401427,9415.994060240291
124,2018-03-13 04:54:09.640203,2018-03-13 05:05:04.295358,True,short,1614922,287771,0,20000,20000,212360000,213974922,20000,2,2,1327151,0.18184865416666668,9417.969485778865,9346.889725703464
125,2018-03-13 05:05:08.888832,2018-03-13 05:05:29.686559,True,long,240000,144490,0,10000,10000,107150000,106910000,10000,1,1,95510,0.0057771463888888885,9332.711152589827,9353.661958656814
126,2018-03-13 05:07:22.231069,2018-03-13 05:11:17.453624,True,short,546000,287508,0,20000,20000,212700000,213246000,20000,2,2,258492,0.0653395986111111,9402.914903620122,9378.839462404922
127,2018-03-13 06:25:34.948687,2018-03-13 07:13:07.886227,True,short,2636000,191773,0,20000,20000,212724000,215360000,20000,2,2,2444227,0.79248265,9401.854045617796,9286.775631500743
128,2018-03-13 07:16:25.506245,2018-03-13 07:18:29.022438,True,long,420000,48468,0,10000,10000,108330000,107910000,10000,5,1,371532,0.03431005361111111,9231.05326317733,9266.981744045965
129,2018-03-13 07:21:14.162167,2018-03-13 07:23:05.053120,True,long,835212,293147,0,20000,20000,217565212,216730000,20000,2,2,542065,0.0308030425,9192.646111088752,9228.07179439856
130,2018-03-13 07:23:58.235287,2018-03-13 07:25:27.770250,True,long,520000,293015,0,20000,20000,217310000,216790000,20000,2,2,226985,0.024870823055555557,9203.442087340665,9225.517782185525
131,2018-03-13 07:26:39.437770,2018-03-13 07:27:48.380271,True,short,195995,146177,0,10000,10000,108184005,108380000,10000,1,1,49818,0.01915069472222222,9243.51062802676,9226.794611551946
132,2018-03-13 07:31:59.745156,2018-03-13 07:32:58.640908,True,long,345000,219985,0,15000,15000,163125000,162780000,15000,1,1,125015,0.01635993111111111,9195.402298850575,9214.891264283082
133,2018-03-13 07:38:12.009553,2018-03-13 07:42:19.944526,True,long,1387470,664783,0,45000,45000,493132470,491745000,30000,3,3,722687,0.06887082583333334,9125.33705192846,9151.084403501814
134,2018-03-13 07:44:37.595596,2018-03-13 07:45:17.979938,True,long,330000,73797,0,15000,15000,163830000,163500000,15000,1,1,256203,0.011217872777777776,9155.832265152902,9174.311926605504
135,2018-03-13 07:45:43.676258,2018-03-13 07:46:19.801806,True,short,435000,73369,0,15000,15000,163260000,163695000,15000,1,1,361631,0.010034874444444446,9187.798603454612,9163.383121048291
136,2018-03-13 07:47:56.654994,2018-03-13 07:49:39.667042,True,long,780000,442154,0,30000,30000,327915000,327135000,30000,2,2,337846,0.028614457777777776,9148.712318741138,9170.525929662066
137,2018-03-13 07:53:44.168356,2018-03-13 07:55:28.466298,True,short,704217,293715,0,20000,20000,217215783,217920000,20000,1,1,410502,0.028971650555555558,9207.434065691257,9177.679882525697
138,2018-03-13 08:00:46.913846,2018-03-13 08:04:28.529139,True,short,1052783,294062,0,20000,20000,217300000,218352783,20000,1,1,758721,0.061559803611111116,9203.865623561896,9159.489393821923
139,2018-03-13 08:05:01.273165,2018-03-13 08:31:59.760653,True,long,944028,1182771,0,80000,80000,876604028,875660000,60000,4,4,-238743,0.44957985777777776,9126.127355645689,9135.966014206428
140,2018-03-13 08:32:17.918893,2018-03-13 08:35:37.992162,True,short,-120000,295188,0,20000,20000,218720000,218600000,20000,1,1,-415188,0.05557590805555556,9144.1111923921,9149.130832570905
141,2018-03-13 08:36:09.311232,2018-03-13 08:37:17.886342,True,short,344551,295462,0,20000,20000,218695449,219040000,20000,1,1,49089,0.019048641666666664,9145.137720721386,9130.752373995618
142,2018-03-13 08:40:27.769926,2018-03-13 08:53:29.814282,True,long,1677371,294695,0,20000,20000,219137371,217460000,20000,1,1,1382676,0.21723454333333334,9126.69523629541,9197.093718384991
143,2018-03-13 08:55:59.175073,2018-03-13 08:56:33.034498,True,long,479833,294511,0,20000,20000,218400000,217920167,20000,1,1,185322,0.009405395833333333,9157.509157509157,9177.672849342118
144,2018-03-13 09:05:24.156992,2018-03-13 09:08:24.395425,True,short,500000,293772,0,20000,20000,217360000,217860000,20000,1,1,206228,0.05006623138888888,9201.324990798676,9180.207472688882
145,2018-03-13 09:11:53.537251,2018-03-13 09:18:15.508228,True,long,2000000,292705,0,20000,20000,217820000,215820000,20000,1,1,1707295,0.10610304916666667,9181.89330639978,9266.981744045965
146,2018-03-13 09:19:03.399742,2018-03-13 09:21:49.401753,True,long,152226,291161,0,20000,20000,215752226,215600000,20000,1,1,-138935,0.04611166972222223,9269.892770422679,9276.437847866418
147,2018-03-13 09:23:29.812244,2018-03-13 09:47:59.598876,True,short,-840000,1160042,0,80000,80000,859720000,858880000,80000,4,4,-2000042,0.4082740644444445,9305.355231935979,9314.456035767511
148,2018-03-13 09:49:07.815724,2018-03-13 09:50:28.529057,True,long,300000,290775,0,20000,20000,215540000,215240000,20000,1,1,9225,0.02242037027777778,9279.020135473695,9291.95316855603
149,2018-03-13 09:52:37.756954,2018-03-13 09:53:22.916352,True,long,316647,291810,0,20000,20000,216316647,216000000,20000,1,1,24837,0.012544277222222223,9245.705440321475,9259.25925925926
150,2018-03-13 10:05:17.365660,2018-03-13 10:05:57.457285,True,long,-171394,290356,0,20000,20000,215000000,215171394,20000,1,1,-461750,0.0111365625,9302.32558139535,9294.91584741046
151,2018-03-13 10:06:47.899746,2018-03-13 10:41:40.682630,True,long,-21757940,2166186,0,160000,160000,1739337392,1761095332,100000,11,4,-23924126,0.5813285788888889,9198.905326586573,9085.25490316841
152,2018-03-13 11:23:52.920973,2018-03-14 09:40:49.480453,True,long,-15388935,8718682,1968820,680000,680000,7542018750,7557407685,130000,23,14,-22138797,22.282377633333333,9016.153665754278,8997.794327672294
153,2018-03-14 10:13:00.601326,2018-03-14 10:21:20.335778,True,long,-4960000,306558,0,20000,20000,224600000,229560000,20000,1,1,-5266558,0.13881512555555556,8904.719501335709,8712.319219376199
154,2018-03-14 10:28:08.590870,2018-03-14 10:45:38.454054,True,long,-650000,154513,0,10000,10000,114130000,114780000,10000,1,1,-804513,0.2916286622222222,8761.938140716726,8712.319219376199
155,2018-03-14 11:00:19.682937,2018-03-14 11:10:02.923061,True,short,1713950,155877,0,10000,10000,114610000,116323950,10000,1,1,1558073,0.16201114555555557,8725.242125468982,8596.68193867213
156,2018-03-14 11:15:07.696433,2018-03-14 12:45:54.483828,True,long,310000,-82605,-21716,30000,30000,345190000,344880000,30000,7,1,370889,1.5129964986111113,8690.865899939165,8698.677800974252
157,2018-03-14 14:54:21.640170,2018-03-14 15:55:55.513713,True,long,1440000,-310118,0,60000,60000,689880000,688440000,60000,3,5,1750118,1.0260759841666667,8697.164724299879,8715.356458079135
158,2018-03-14 17:05:52.394652,2018-03-14 17:16:34.152717,True,long,3359592,692797,0,60000,60000,725523149,722163557,60000,2,2,2666795,0.17826612916666668,8269.894638468662,8308.367186133155
159,2018-03-14 18:03:09.961753,2018-03-14 18:34:54.658348,True,long,8860000,488780,0,90000,90000,1093330000,1084470000,60000,4,2,8371220,0.5290823874999999,8231.732413818334,8298.984757531329
160,2018-03-14 18:41:42.051671,2018-03-14 19:52:40.745416,True,long,1744390,163894,0,30000,30000,363334390,361590000,30000,1,7,1580496,1.1829704847222222,8256.856720884582,8296.689620841284
161,2018-03-14 20:01:36.068466,2018-03-14 22:17:38.976121,True,long,3549000,-110726,0,60000,60000,739980000,736431000,60000,2,6,3659726,2.267474348611111,8108.3272520878945,8147.4028116687105
162,2018-03-15 04:53:10.530848,2018-03-15 05:04:37.753592,True,short,4110000,168744,0,30000,30000,377040000,381150000,30000,1,1,3941256,0.19089520666666668,7956.7154678548695,7870.916961826053
163,2018-03-15 05:12:57.155320,2018-03-15 05:18:50.639774,True,long,1050000,172212,0,30000,30000,384270000,383220000,30000,1,1,877788,0.09819012611111112,7807.010695604653,7828.401440425865
164,2018-03-15 05:34:29.806758,2018-03-15 06:24:08.837887,True,long,-24394,1046064,0,120000,120000,1551690000,1551714394,60000,6,9,-1070458,0.8275086469444445,7733.503470409682,7733.3818945034545
165,2018-03-15 06:31:09.356675,2018-03-15 06:35:44.565772,True,long,2820000,-173998,0,30000,30000,388080000,385260000,30000,1,5,2993998,0.07644697138888888,7730.364873222016,7786.94907335306
166,2018-03-15 06:40:24.800783,2018-03-15 06:44:50.923664,True,long,1385460,517303,0,30000,30000,383887879,382502419,30000,1,1,868157,0.0739230225,7814.781773820996,7843.087653780302
167,2018-03-15 07:42:10.866952,2018-03-15 08:02:10.716705,True,short,4982486,187877,0,30000,30000,378657514,383640000,30000,3,1,4794609,0.3332915980555555,7922.726709709503,7819.831091648421
168,2018-03-15 09:32:50.242749,2018-03-15 09:34:14.559374,True,short,1440000,163654,0,30000,30000,364380000,365820000,30000,1,13,1276346,0.023421284722222224,8233.163181294252,8200.754469411186
169,2018-03-15 12:01:35.611106,2018-03-15 12:11:22.627138,True,long,-1290000,165380,0,30000,30000,365580000,366870000,30000,1,1,-1455380,0.16306000888888889,8206.138191367143,8177.283506419168
170,2018-03-15 12:16:46.868008,2018-03-15 12:19:49.251608,True,short,1230000,494847,0,30000,30000,365940000,367170000,30000,1,1,735153,0.05066211111111111,8198.065256599442,8170.602173380178
171,2018-03-15 12:38:59.666474,2018-03-15 13:06:34.585394,True,short,-2010000,493589,0,30000,30000,366630000,364620000,30000,1,1,-2503589,0.45969970000000004,8182.636445462728,8227.743952608194
172,2018-03-15 19:18:37.379402,2018-03-15 19:20:13.465819,True,short,1500000,-164320,0,30000,30000,364410000,365910000,30000,1,2,1664320,0.02669067138888889,8232.485387338438,8198.737394441256
173,2018-03-15 19:41:22.770529,2018-03-15 19:42:53.925728,True,short,1920000,161244,0,30000,30000,359280000,361200000,30000,1,1,1758756,0.02532088861111111,8350.033400133601,8305.647840531561
174,2018-03-15 22:46:24.824487,2018-03-15 22:46:43.185839,True,long,1126421,653401,0,40000,40000,484566421,483440000,40000,1,1,473020,0.005100375555555555,8254.802286434124,8274.036074797286
175,2018-03-16 01:50:02.868579,2018-03-16 01:51:11.926959,True,long,2299047,681921,0,40000,40000,506280000,503980953,40000,1,1,1617126,0.019182883333333334,7900.766374338311,7936.807881705799
176,2018-03-16 01:52:01.968490,2018-03-16 01:52:52.611568,True,long,1200000,681906,0,40000,40000,505720000,504520000,40000,1,1,518094,0.014067521666666668,7909.515146721506,7928.327915642591
177,2018-03-16 03:01:09.483928,2018-03-16 03:46:57.032494,True,short,4640000,-522,0,80000,80000,988840000,993480000,80000,5,2,4640522,0.763207935,8090.287609724525,8052.502315094415
178,2018-03-16 04:27:27.521528,2018-03-16 05:53:24.735212,True,short,-1258800,2858082,0,200000,200000,2443978800,2442720000,80000,5,5,-4116882,1.4325593566666668,8183.377040750108,8187.594157332809
179,2018-03-16 05:53:44.888266,2018-03-16 05:57:09.296985,True,short,1200000,220789,0,40000,40000,488840000,490040000,40000,2,1,979211,0.05678019972222222,8182.636445462728,8162.59897151253
180,2018-03-16 05:59:33.507866,2018-03-16 06:15:21.118419,True,short,863224,929771,0,120000,120000,1465656776,1466520000,120000,8,8,-66547,0.2632251536111111,8187.455751236536,8182.636445462728
181,2018-03-16 06:16:08.275894,2018-03-16 06:50:12.755156,True,short,2301018,1095833,0,120000,120000,1461194000,1463495018,80000,3,5,1205185,0.5679109061111112,8212.461863380222,8199.549607212944
182,2018-03-16 06:53:37.290367,2018-03-16 06:54:37.306647,True,long,1427205,221156,0,40000,40000,490747205,489320000,40000,1,5,1206049,0.01667118888888889,8150.836029723287,8174.609662388621
183,2018-03-16 06:57:22.743215,2018-03-16 09:04:29.510770,True,short,22364928,1218325,0,423670,423670,5151073086,5173438014,120000,32,30,21146603,2.1185465430555555,8224.888152945923,8189.331714297022
184,2018-03-16 09:10:05.551674,2018-03-16 09:10:35.569248,True,long,1878575,117987,0,50000,50000,618750000,616871425,50000,2,2,1760588,0.008338215,8080.80808080808,8105.416781138792
185,2018-03-16 09:22:04.291333,2018-03-16 10:24:28.549098,True,short,15008865,4569248,0,477091,477091,5834490201,5849499066,150000,21,20,10439617,1.0400716013888889,8177.081177002049,8156.100114163178
186,2018-03-16 10:35:28.991794,2018-03-16 10:36:19.374632,True,long,2888371,833356,0,50000,50000,618749994,615861623,50000,1,1,2055015,0.013995232777777778,8080.808159167433,8118.706886855329
187,2018-03-16 11:02:16.184968,2018-03-16 11:04:40.185483,True,long,1600000,278008,0,50000,50000,617000000,615400000,50000,1,1,1321992,0.040000143055555555,8103.727714748785,8124.796880077998
188,2018-03-16 11:16:48.270869,2018-03-16 11:45:43.804555,True,long,6956937,237548,0,50000,50000,615963156,609006219,50000,2,5,6719389,0.48209269055555554,8117.36863040555,8210.096783921348
189,2018-03-16 11:47:56.897748,2018-03-16 11:53:52.516412,True,long,500000,822817,0,50000,50000,609750000,609250000,50000,1,1,-322817,0.09878296222222223,8200.082000820008,8206.811653672548
190,2018-03-16 13:40:47.482400,2018-03-16 14:10:14.404152,True,long,11436800,951967,0,60000,60000,710880000,699443200,60000,1,1,10484833,0.4908115977777778,8440.243079000675,8578.25195812898
191,2018-03-16 14:28:56.244305,2018-03-16 15:01:39.727683,True,short,3528963,597988,0,60000,60000,706061037,709590000,60000,3,4,2930975,0.5454120494444444,8497.84889064768,8455.587029129498
192,2018-03-16 15:04:07.809364,2018-03-16 17:59:28.408916,True,short,1680000,158314,0,30000,30000,352650000,354330000,30000,1,1,1521686,2.9223887644444444,8507.018290089323,8466.683600033866
193,2018-03-16 23:39:42.145243,2018-03-16 23:40:53.744646,True,long,4900000,-378375,0,70000,70000,843290000,838390000,70000,4,1,5278375,0.019888723055555554,8300.821781356355,8349.336227769893
194,2018-03-17 03:20:46.775806,2018-03-17 04:49:15.836638,True,long,1039666,3090573,154359,280000,280000,3435190363,3434150697,140000,4,8,-1896548,1.47473912,8150.931110422424,8153.3987499326095
195,2018-03-17 04:50:51.564448,2018-03-17 04:59:32.364154,True,long,1610000,384411,0,70000,70000,856660000,855050000,70000,2,1,1225589,0.14466658500000001,8171.269815329302,8186.655751125665
196,2018-03-17 05:00:39.132921,2018-03-17 05:31:17.473794,True,long,-1610000,386583,0,70000,70000,856660000,858270000,70000,4,1,-1996583,0.5106502425,8171.269815329302,8155.941603458119
197,2018-03-17 05:41:20.911183,2018-03-17 05:45:22.814507,True,short,205572,283462,0,17131,17131,209871881,210077453,17131,1,1,-77890,0.06719536777777778,8162.59897151253,8154.6114327652285
198,2018-03-17 06:10:24.272594,2018-03-17 06:22:57.697068,True,long,3640000,1160455,0,70000,70000,861420000,857780000,70000,1,1,2479545,0.20928457611111112,8126.117341134406,8160.600620205647
199,2018-03-17 08:59:34.222321,2018-03-17 09:01:04.190086,True,long,1750000,380318,0,70000,70000,844270000,842520000,70000,1,9,1369682,0.024991045833333333,8291.186468783682,8308.408109006314
200,2018-03-17 09:05:34.168445,2018-03-17 09:19:35.477913,True,long,2030000,380281,0,70000,70000,844060000,842030000,70000,1,2,1649719,0.23369707444444446,8293.24929507381,8313.242996092777
201,2018-03-19 05:17:17.964447,2018-03-19 05:18:41.652560,True,short,7007480,651553,0,70000,70000,836352520,843360000,70000,1,2,6355927,0.023246698055555556,8369.676461308445,8300.132802124834
202,2018-03-19 05:20:20.636612,2018-03-19 05:23:20.609662,True,short,3793940,285875,0,75000,75000,901650000,905443940,70000,6,6,3508065,0.04999251388888889,8318.083513558477,8283.229550357364
203,2018-03-19 10:47:11.041949,2018-03-19 13:12:34.504461,True,short,9418945,2361745,-541168,280000,280000,3372376147,3381795092,210000,13,4,6516032,2.423184031111111,8302.751169945337,8279.626422735373
204,2018-03-19 13:20:30.740220,2018-03-19 13:23:54.037774,True,long,6377591,1135830,0,70000,70000,844550000,838172409,70000,1,1,5241761,0.05647154277777777,8288.437629506838,8351.503729825114
205,2018-03-19 13:24:35.378985,2018-03-19 13:41:25.362136,True,long,9170000,1132346,0,70000,70000,843360000,834190000,70000,1,1,8037654,0.2805508752777778,8300.132802124834,8391.37366786943
206,2018-03-19 13:42:48.838492,2018-03-19 15:14:38.837857,True,short,44561575,-737967,0,560000,560000,6507690000,6552251575,280000,17,30,45299542,1.5305553791666666,8605.203997117256,8546.6803829186
207,2018-03-19 15:26:02.060363,2018-03-19 15:26:58.688441,True,long,2977612,-76875,0,70000,70000,823410000,820432388,70000,2,15,3054487,0.015730021666666667,8501.232678738417,8532.086375897681
208,2018-03-19 15:40:04.354930,2018-03-19 16:58:39.829010,True,short,7420000,-368855,0,70000,70000,815990000,823410000,70000,14,3,7788855,1.3098539111111112,8578.536501672814,8501.232678738417
209,2018-03-19 16:58:47.425603,2018-03-19 17:01:17.981490,True,long,-7607371,377840,0,70000,70000,828240000,835847371,70000,1,1,-7985211,0.041821079722222224,8451.656524678838,8374.734721753404
210,2018-03-19 17:01:51.758764,2018-03-19 17:23:24.223814,True,short,20883322,-382701,0,210000,210000,2509896678,2530780000,158793,17,3,21266023,0.3590180694444445,8366.878279919378,8297.837030480721
211,2018-03-19 17:28:02.555305,2018-03-19 17:45:55.854054,True,short,7028040,-379457,0,210000,210000,2517040960,2524069000,140000,15,13,7407497,0.2981385413888889,8343.130022008065,8319.899337141735
212,2018-03-19 19:15:49.566003,2018-03-19 19:16:47.898297,True,short,4333707,1142636,0,71500,71500,844232737,848566444,71500,2,1,3191071,0.016203415,8469.228551131157,8425.975420729694
213,2018-03-19 19:23:57.218864,2018-03-19 19:24:17.468721,True,long,2164764,376527,0,70000,70000,835654764,833490000,70000,1,5,1788237,0.005624960277777777,8376.664983627139,8398.421096833796
214,2018-03-19 20:08:51.797398,2018-03-19 20:09:32.528423,True,short,4270000,370491,0,70000,70000,825440000,829710000,70000,1,8,3899509,0.011314173611111112,8480.325644504748,8436.68269636379
215,2018-03-20 04:00:55.480119,2018-03-20 04:19:45.626022,True,short,4663174,1337360,0,90000,90000,1050316826,1054980000,90000,3,1,3325814,0.31392941750000003,8568.843016897456,8530.967411704487
216,2018-03-20 04:38:39.863283,2018-03-20 04:51:10.835634,True,long,-3198767,369523,0,90000,90000,1055021233,1058220000,90000,3,1,-3568290,0.20860343083333333,8530.633999097912,8504.847763225038
217,2018-03-20 05:05:07.896445,2018-03-20 05:06:04.686884,True,long,3420000,-481298,0,90000,90000,1071270000,1067850000,90000,4,5,3901298,0.015775121944444446,8401.243384020836,8428.150021070374
218,2018-03-20 05:19:05.091589,2018-03-20 05:21:09.057232,True,short,507885,128853,0,24185,24185,285576480,286084365,24185,3,1,379032,0.03443490083333333,8468.834688346884,8453.7999830924
219,2018-03-20 05:28:13.828230,2018-03-20 05:29:38.657825,True,long,386960,128814,0,24185,24185,286834100,286447140,24185,1,1,258146,0.023563776388888888,8431.703204047217,8443.093549476529
220,2018-03-20 06:24:36.841400,2018-03-20 06:32:59.251706,True,short,2227261,1266739,0,120304,120304,1410620179,1412847440,120304,4,2,960522,0.13955841833333332,8528.447401431935,8515.002865419072
221,2018-03-20 06:46:00.883206,2018-03-20 06:49:44.623863,True,short,1788300,232481,0,59610,59610,698569590,700357890,59610,7,3,1555819,0.0621501825,8533.151292772422,8511.362669163333
222,2018-03-20 07:56:53.158108,2018-03-20 07:58:56.348773,True,long,3620000,54583,0,90000,90000,1075250000,1071630000,90000,1,1,3565417,0.03421962916666667,8370.146477563358,8398.421096833796
223,2018-03-20 13:12:39.157478,2018-03-20 13:13:48.781892,True,short,1415875,297758,0,56635,56635,662402960,663818835,56635,1,1,1118117,0.019340115,8549.931600547196,8531.695247845746
224,2018-03-20 16:17:33.604391,2018-03-20 20:05:53.705011,True,short,-227986107,9706879,782530,1804712,1804712,20482374992,20254388885,900000,73,50,-236910456,3.805583505555555,8811.048526867045,8910.226866121515
225,2018-03-20 20:07:40.551610,2018-03-21 16:20:57.797222,True,short,66510293,19024478,137820,2825915,2825915,31387643982,31454154275,500000,113,96,47623635,20.221457114444444,9003.272120776535,8984.234563400925
226,2018-03-21 16:24:38.707247,2018-03-22 06:24:00.638541,True,short,-55055684,6453707,-784807,1017000,1017000,11371538142,11316482458,500000,46,14,-62294198,13.989425359444445,8943.38116181293,8986.891498966172
227,2018-03-22 07:18:10.372188,2018-03-22 07:26:02.488519,True,short,11431468,4015710,0,400000,400000,4457968532,4469400000,247540,6,5,7415758,0.13114342527777778,8972.696804132578,8949.747169642458
228,2018-03-22 07:52:45.886202,2018-03-22 08:26:20.644905,True,short,-3358009,3007776,0,200000,200000,2229700000,2226341991,200000,2,2,-6365785,0.5596551952777777,8969.8165672512,8983.345811582458
229,2018-03-22 08:29:28.347738,2018-03-22 08:34:19.441785,True,long,91792,1503154,0,100000,100000,1113500000,1113408208,100000,1,1,-1411362,0.0808594575,8980.69151324652,8981.431902646797
230,2018-03-22 08:39:48.841948,2018-03-22 08:56:13.196298,True,short,-521932,1402324,0,100000,100000,1113200000,1112678068,100000,1,1,-1924256,0.2734317638888889,8983.11174991017,8987.325523522406
231,2018-03-22 08:58:02.645555,2018-03-22 09:05:39.268065,True,long,4553345,1196831,0,100000,100000,1111053345,1106500000,100000,1,1,3356514,0.1268395861111111,9000.467929827439,9037.50564844103
232,2018-03-22 09:28:40.751649,2018-03-22 09:35:57.736006,True,long,876430,7435,0,200000,200000,2275276430,2274400000,200000,2,15,868995,0.1213845436111111,8790.140721494663,8793.527963418923
233,2018-03-22 09:36:24.067478,2018-03-22 09:51:18.933017,True,short,29009643,264983,0,420307,420307,4771653674,4800663317,420307,46,5,28744660,0.24857376083333332,8808.413785145129,8755.185945067598
234,2018-03-22 10:06:58.521169,2018-03-22 10:12:59.296277,True,short,-3682307,1806131,0,500000,500000,5731868775,5728186468,400000,3,38,-5488438,0.10021530777777778,8723.158530439316,8728.7661250765
235,2018-03-22 10:12:59.296277,2018-03-22 10:39:50.882308,True,long,16354890,-1092911,0,613532,613532,7040844958,7024490068,613532,6,18,17447801,0.4476627863888889,8713.897318572372,8734.185600104118
236,2018-03-22 10:56:09.253809,2018-03-22 10:58:11.996248,True,long,2640000,306605,0,120000,120000,1375920000,1373280000,120000,2,1,2333395,0.034095121944444445,8721.437292865865,8738.203425375743
237,2018-03-22 11:19:17.923820,2018-03-22 11:29:48.037688,True,long,8934192,-960935,0,240000,240000,2761080000,2752145808,240000,2,3,9895127,0.17503163,8692.250858359772,8720.468199844738
238,2018-03-29 04:53:18.533042,2018-03-29 09:02:42.371475,True,long,4929310,7392673,0,530000,530000,7000749310,6995820000,180000,14,22,-2463363,4.156621786944445,7570.618180013076,7575.952497348417
239,2018-03-29 09:04:35.369332,2018-03-29 09:07:56.827669,True,long,1250000,297303,0,50000,50000,662550000,661300000,50000,1,1,952697,0.05596064916666667,7546.600256584408,7560.864962951761
240,2018-03-29 09:09:22.928880,2018-03-29 09:11:23.954088,True,long,350000,893592,0,50000,50000,662100000,661750000,50000,1,1,-543592,0.03361811333333334,7551.729346020239,7555.723460521345
241,2018-03-29 09:17:24.462097,2018-03-29 09:23:52.096243,True,long,800000,298014,0,50000,50000,663450000,662650000,50000,6,1,501986,0.10767615166666666,7536.362951239732,7545.4614049649135
242,2018-03-29 09:27:20.479849,2018-03-29 15:07:57.553690,True,long,-8741270,13077041,-334625,915000,915000,12248684928,12257426198,270000,29,32,-22152936,5.676964955833333,7470.189701004937,7464.862404387124
243,2018-03-29 15:08:58.519622,2018-03-29 15:17:40.830695,True,long,3100000,607839,0,100000,100000,1352100000,1349000000,100000,5,2,2492161,0.14508640916666665,7395.902669920863,7412.898443291327
244,2018-03-29 15:21:33.876191,2018-03-29 15:31:16.675246,True,short,2579467,911058,0,50000,50000,673570533,676150000,50000,1,1,1668409,0.16188862638888887,7423.127579127634,7394.808844191378
245,2018-03-29 15:31:55.944918,2018-03-29 16:19:43.028587,True,long,52628927,3269041,0,350000,350000,4717073821,4664444894,200000,13,10,49359886,0.7964121302777778,7419.854199479148,7503.572406873417
246,2018-03-29 16:19:59.494685,2018-03-29 16:53:57.120524,True,short,9235300,1795768,0,200000,200000,2656510500,2665745800,150000,16,15,7439532,0.5660071775,7528.67342327463,7502.590832179122
247,2018-03-29 16:54:19.163895,2018-03-29 20:09:56.625202,True,long,-39051228,1263693,-136200,100000,100000,1337848772,1376900000,100000,3,1,-40451121,3.260405918611111,7474.686384060156,7262.691553489723
248,2018-03-30 00:40:10.308218,2018-03-30 00:41:17.253514,True,short,56664,41541,0,6296,6296,92217512,92274176,6296,8,1,15123,0.018595915555555554,6827.3366559705055,6823.144104803493
249,2018-03-30 00:43:13.107560,2018-03-30 00:46:36.377909,True,long,2200000,996029,0,50000,50000,738900000,736700000,50000,1,1,1203971,0.056463985833333334,6766.815536608472,6787.023211619384
250,2018-03-30 01:00:46.764850,2018-03-30 01:11:29.703207,True,short,8033774,330275,0,50000,50000,737966226,746000000,50000,1,1,7703499,0.17859398805555554,6775.377820610452,6702.412868632708
251,2018-03-30 01:16:38.274165,2018-03-30 01:23:23.613265,True,long,7264923,332111,0,50000,50000,748950000,741685077,50000,4,1,6932812,0.11259419444444443,6676.013084985647,6741.405692324587
252,2018-03-30 01:27:21.331141,2018-03-30 01:36:23.947060,True,long,7190982,613661,0,50000,50000,743699157,736508175,50000,1,2,6577321,0.15072664416666665,6723.148672333375,6788.79090513829
253,2018-03-30 01:37:06.010553,2018-03-30 01:44:51.808737,True,short,12866244,1329670,0,100000,100000,1472683756,1485550000,100000,2,2,11536574,0.12938838444444445,6790.324099969226,6731.5135808286495
254,2018-03-30 01:46:01.748824,2018-03-30 02:19:17.112280,True,short,23128239,4513973,0,614833,614833,9032646386,9055774625,200000,28,25,18614266,0.5542676266666666,6806.787000462568,6789.402623853395
255,2018-03-30 02:21:13.986978,2018-03-30 02:22:53.897390,True,short,3050000,997141,0,50000,50000,737100000,740150000,50000,1,1,2052859,0.02775289222222222,6783.34011667345,6755.387421468621
256,2018-03-30 02:26:22.803740,2018-03-30 02:28:24.202297,True,long,800000,998323,0,50000,50000,739900000,739100000,50000,1,1,-198323,0.033721821388888885,6757.6699553993785,6764.984440535787
257,2018-03-30 02:28:51.801260,2018-03-30 02:43:16.372303,True,short,2800000,1000678,0,50000,50000,739850000,742650000,50000,1,1,1799322,0.24015862305555558,6758.12664729337,6732.646603379789
258,2018-03-30 02:47:51.323757,2018-03-30 03:14:23.201664,True,short,8933415,4635940,0,300000,300000,4413739490,4422672905,250000,6,32,4297475,0.4421883075,6796.957561262865,6783.228297549172
259,2018-03-30 03:16:10.521342,2018-03-30 04:05:05.452366,True,short,12649153,6048484,291640,350000,350000,5137299603,5149948756,250000,16,7,6892309,0.8152586177777777,6812.917817672391,6796.1841288659225
260,2018-03-30 04:09:52.447777,2018-03-30 04:22:55.998479,True,long,-22227312,4481679,0,237322,237322,3538953240,3561180552,210000,5,9,-26708991,0.2176529727777778,6705.994227829922,6664.1383814902965
261,2018-03-30 04:23:02.283692,2018-03-30 04:26:03.980730,True,short,13420818,2375935,0,150000,150000,2257427512,2270848330,150000,3,3,11044883,0.05047139944444444,6644.731633801404,6605.460964449352
262,2018-03-30 04:27:10.674259,2018-03-30 04:29:12.108534,True,long,9400000,3076373,0,150000,150000,2283500000,2274100000,150000,3,3,6323627,0.033731743055555555,6568.863586599518,6596.0160063321755
263,2018-03-30 04:31:07.058191,2018-03-30 04:33:29.840833,True,long,1697386,1022475,0,50000,50000,759250000,757552614,50000,1,1,674911,0.039661845,6585.446163977609,6600.2016329917915
264,2018-03-30 04:36:19.657146,2018-03-30 04:47:08.329593,True,short,6547361,3029700,0,150000,150000,2261052639,2267600000,100000,3,3,3517661,0.18018679083333333,6634.078190516643,6614.923266890104
265,2018-03-30 04:51:54.570647,2018-03-30 04:54:49.537823,True,short,2149222,1016780,0,50000,50000,752100778,754250000,50000,1,1,1132442,0.04860199333333333,6648.045243745247,6629.101756711965
266,2018-03-30 07:51:12.767645,2018-03-30 08:16:06.954560,True,short,9760986,3992520,0,386752,386752,5388610768,5398371754,154000,31,14,5768466,0.4150519208333333,7177.211653450788,7164.2342844104915
267,2018-03-30 08:17:20.300637,2018-03-30 08:41:58.184293,True,short,13028754,3790291,0,200000,200000,2801121246,2814150000,150000,4,4,9238463,0.41052323777777777,7139.997966371499,7106.941705310662
268,2018-03-30 08:44:01.195830,2018-03-30 08:51:34.443342,True,short,3601721,1265190,0,100000,100000,1402348279,1405950000,100000,2,2,2336531,0.12590208666666666,7130.896190161046,7112.628471851773
269,2018-03-30 08:59:32.807729,2018-03-30 10:10:50.294200,True,long,7098017,3831680,0,201500,201500,2856120018,2849022001,101500,6,7,3266337,1.188190686388889,7055.025654737735,7072.60245548381
270,2018-03-30 10:11:54.747271,2018-03-30 15:04:17.231304,True,long,-24657688,1291930,2600260,100000,100000,1432292312,1456950000,100000,3,2,-23349358,4.872912231388889,6981.815036091599,6863.653522770171
271,2018-03-30 15:06:17.263068,2018-03-30 15:37:48.846149,True,short,4200000,398439,0,20000,20000,293040000,297240000,20000,1,1,3801561,0.5254397447222222,6825.006825006825,6728.569506122998
272,2018-03-30 15:58:52.980586,2018-03-30 16:49:53.250035,True,short,48959017,2668591,0,180000,180000,2638220061,2687179078,180000,7,3,46290426,0.8500748469444445,6822.78186952199,6698.474302426078
273,2018-03-30 16:50:43.016282,2018-03-30 16:52:29.292561,True,short,10407089,2043843,0,100000,100000,1508759759,1519166848,100000,2,2,8363246,0.029521188611111113,6627.960442574344,6582.555440283015
274,2018-03-30 16:56:46.952160,2018-03-31 01:54:22.633975,True,short,-44085510,1311396,-2748563,100000,100000,1491750000,1447664490,100000,2,2,-48145469,8.959911615277777,6703.536115300822,6907.677897107223
275,2018-03-31 02:22:29.840500,2018-03-31 02:26:44.906686,True,short,2590000,1345910,0,70000,70000,995680000,998270000,70000,2,1,1244090,0.07085171833333333,7030.37120359955,7012.1309866068295
276,2018-03-31 02:29:53.141991,2018-03-31 02:31:37.260831,True,long,2090013,1329616,0,70000,70000,995631334,993541321,70000,3,1,760397,0.0289219,7030.714844898604,7045.504652946387
277,2018-03-31 02:36:13.278321,2018-03-31 03:12:17.148509,True,short,21584458,4456318,0,495862,495862,7041505462,7063089920,350000,24,11,17128140,0.6010750522222222,7041.988430967718,7020.468458088099
278,2018-03-31 03:14:33.309373,2018-03-31 03:48:01.720271,True,short,8986966,7051617,0,428168,428168,6096384797,6105371763,349517,20,8,1935349,0.5578919161111111,7023.309949376871,7012.971799601124
279,2018-03-31 03:50:42.839974,2018-03-31 03:57:33.801320,True,long,-723257,1660019,0,86032,86032,1229297571,1230020828,70000,2,2,-2383276,0.11415592944444444,6998.468233368046,6994.353107002835
280,2018-03-31 03:59:22.407073,2018-03-31 04:02:29.236114,True,long,4022723,2469051,1429112,140000,140000,2010050218,2006027495,140000,2,8,2982784,0.05189695583333333,6965.000115235927,6978.967155183484
281,2018-03-31 04:09:12.475597,2018-03-31 04:18:03.621207,True,short,2450000,2675780,0,140000,140000,1996120000,1998570000,140000,2,2,-225780,0.14754044722222223,7013.606396409034,7005.008581135512
282,2018-03-31 05:36:04.278277,2018-03-31 05:38:38.132474,True,long,-210000,2730993,0,140000,140000,2023000000,2023210000,140000,2,2,-2940993,0.042737276944444444,6920.415224913495,6919.696917275023
283,2018-03-31 05:39:13.468788,2018-03-31 05:41:17.281967,True,short,-2723599,1364522,0,70000,70000,1012123599,1009400000,70000,1,1,-4088121,0.03439254972222222,6916.151354356475,6934.812760055478
284,2018-03-31 05:51:47.971904,2018-03-31 06:01:07.746024,True,long,10849299,5480087,0,280000,280000,4064771452,4053922153,140000,4,4,5369212,0.15549281111111113,6888.456172910555,6906.891386476014
285,2018-03-31 06:04:33.203761,2018-03-31 06:15:46.687329,True,long,1884438,2738354,0,140000,140000,2029364438,2027480000,140000,2,2,-853916,0.18707876888888889,6898.711605391796,6905.123601712471
286,2018-03-31 06:18:18.226309,2018-03-31 06:26:57.376696,True,long,7210000,1366704,0,70000,70000,1015980000,1008770000,70000,1,1,5843296,0.14420844083333334,6889.899407468651,6939.143709666228
287,2018-03-31 06:36:05.538453,2018-03-31 06:36:18.713140,True,long,90000,32596,0,5000,5000,72570000,72480000,5000,1,1,57404,0.003659635277777778,6889.899407468651,6898.454746136866
288,2018-03-31 06:47:58.331690,2018-03-31 06:49:18.603719,True,long,3169879,1383342,0,70000,70000,1026289879,1023120000,70000,1,1,1786537,0.022297785833333333,6820.685016226297,6841.817186644773
289,2018-03-31 06:51:29.126277,2018-03-31 07:04:17.254526,True,long,9914700,3232153,0,210000,210000,3085434700,3075520000,140000,8,3,6682547,0.21336895805555556,6806.1722388744765,6828.113619810633
290,2018-03-31 09:39:09.348071,2018-03-31 09:39:37.116587,True,short,1120000,1357964,0,70000,70000,1005340000,1006460000,70000,1,1,-237964,0.0077134766666666675,6962.818548948614,6955.070246209487
291,2018-03-31 09:48:02.731616,2018-03-31 09:50:27.760533,True,short,-5069408,449794,0,70000,70000,1007160000,1002090592,70000,1,2,-5519202,0.04028581027777778,6950.236308034473,6985.396386198186
292,2018-03-31 09:50:27.760533,2018-03-31 09:51:19.110607,True,long,171461,242951,0,12586,12586,180050573,179879112,12586,1,1,-71490,0.014263909444444445,6990.258231502546,6996.921354603975
293,2018-03-31 09:51:19.110607,2018-03-31 09:55:22.846234,True,short,918624,1108374,0,57414,57414,820560888,821479512,57414,1,1,-189750,0.06770434083333333,6996.921354603975,6989.09700866648
294,2018-03-31 09:55:22.846234,2018-03-31 09:59:20.744272,True,long,3689360,691913,0,82586,82586,1182970488,1179281128,82586,5,2,2997447,0.06608278833333334,6981.239247956623,7003.079930572755
295,2018-03-31 10:02:10.865559,2018-03-31 10:02:37.853700,True,short,1513121,448537,0,70000,70000,997526879,999040000,70000,1,2,1064584,0.007496705833333333,7017.354767439805,7006.726457399103
296,2018-03-31 10:06:21.640885,2018-03-31 10:26:47.221089,True,long,13090000,1343175,0,70000,70000,1001490000,988400000,70000,1,1,11746825,0.3404389455555556,6989.585517578807,7082.152974504249
297,2018-03-31 10:32:48.294291,2018-03-31 10:34:42.890201,True,short,3993816,-418305,0,70000,70000,981046184,985040000,70000,3,1,4412121,0.031832197222222226,7135.240026579625,7106.310403638431
298,2018-03-31 12:48:51.827130,2018-03-31 12:49:38.493091,True,short,3641456,1313449,0,70000,70000,971110000,974751456,70000,1,1,2328007,0.012962766944444445,7208.246233691343,7181.317818929218
299,2018-03-31 22:07:35.947807,2018-03-31 22:11:31.736126,True,short,2723185,1366135,0,70000,70000,1010596815,1013320000,70000,1,1,1357050,0.06549675527777778,6926.600100159627,6907.985631389886
300,2018-03-31 22:22:22.865679,2018-03-31 22:23:47.474717,True,short,2085918,1362481,0,70000,70000,1008210000,1010295918,70000,1,1,723437,0.023502510555555554,6942.997986530584,6928.663053353047
301,2018-03-31 22:37:13.356534,2018-03-31 22:37:36.474652,True,short,-640925,1346931,0,70000,70000,1007661336,1007020411,70000,1,1,-1987856,0.006421699444444444,6946.778396586212,6951.199721015387
302,2018-03-31 22:42:32.548003,2018-03-31 22:45:38.101720,True,long,138686,1360976,0,70000,70000,1008210000,1008071314,70000,1,1,-1222290,0.05154269916666667,6942.997986530584,6943.953173535102
303,2018-03-31 22:47:52.364600,2018-03-31 23:10:59.233585,True,short,4255551,1364620,0,70000,70000,1008714449,1012970000,70000,1,1,2890931,0.38524138472222225,6939.525855845057,6910.372469076083
304,2018-03-31 23:15:21.889576,2018-03-31 23:16:59.971385,True,short,2940050,455700,0,70000,70000,1012690000,1015630050,70000,1,2,2484350,0.027244946944444445,6912.283127116887,6892.273421803539
305,2018-03-31 23:17:27.582922,2018-03-31 23:22:51.007269,True,long,5600000,2740583,0,140000,140000,2032870000,2027270000,140000,2,2,2859417,0.08984009638888889,6886.815192314314,6905.838886778772
306,2018-04-01 02:31:39.941837,2018-04-01 03:03:37.166386,True,long,5221580,8624495,0,490000,490000,7065876580,7060655000,280000,12,7,-3402915,0.5325623747222222,6934.737600525708,6939.866060585031
307,2018-04-01 03:18:48.851420,2018-04-01 03:25:07.417593,True,long,4765162,1365519,0,70000,70000,1013885162,1009120000,70000,1,1,3399643,0.10515727027777777,6904.13496750631,6936.736958934517
308,2018-04-01 03:56:18.919121,2018-04-01 04:11:33.427402,True,long,6891590,2599123,2124379,180000,180000,2601411590,2594520000,180000,8,3,6416846,0.25403007805555555,6919.320291027073,6937.6994588594425
309,2018-04-01 04:21:40.219934,2018-04-01 04:22:24.380673,True,short,1301488,1747247,0,90000,90000,1293618512,1294920000,90000,1,1,-445759,0.012266871944444445,6957.228824814468,6950.236308034473
310,2018-04-01 04:46:32.899969,2018-04-01 05:01:52.139592,True,long,4459979,4655082,0,270000,270000,3898051612,3893591633,180000,4,3,-195103,0.25534433972222226,6926.537328772547,6934.471445634525
311,2018-04-01 06:05:54.403964,2018-04-01 06:07:14.329671,True,long,1632462,1756522,0,90000,90000,1311657140,1310024678,90000,1,1,-124060,0.02220158527777778,6861.54920027348,6870.0995875438
312,2018-04-01 06:08:45.483273,2018-04-01 06:25:37.896204,True,short,6897303,3246353,0,180000,180000,2614712697,2621610000,180000,5,2,3650950,0.28122581416666664,6884.121540639002,6866.00981839404
313,2018-04-01 06:25:40.640534,2018-04-01 06:49:22.773233,True,long,15844361,10645744,0,540000,540000,7893688928,7877844567,360000,6,7,5198617,0.39503686083333334,6840.908033309315,6854.666849636004
314,2018-04-01 06:53:38.567508,2018-04-01 07:02:22.886617,True,long,1530000,590955,0,90000,90000,1315530000,1314000000,90000,1,1,939045,0.14564419694444444,6841.34911404529,6849.315068493151
315,2018-04-01 07:10:27.163834,2018-04-01 07:35:44.845989,True,long,-88661832,12110186,0,720000,720000,10632462885,10721124717,540000,9,18,-100772018,0.4215783763888889,6771.714209468411,6715.713313719117
316,2018-04-01 07:35:56.913000,2018-04-01 08:07:23.626815,True,long,43101165,13570738,0,914364,914364,13655149847,13612048682,540000,25,14,29530427,0.5240871708333333,6696.111066118277,6717.313619434203
317,2018-04-01 08:11:35.141968,2018-04-01 09:22:29.412754,True,long,4109889,14883796,0,1250000,1250000,18684072429,18679962540,550000,15,13,-10773907,1.181741885,6690.190293096085,6691.662241416893
318,2018-04-01 09:25:26.886476,2018-04-01 09:34:46.008331,True,short,8131282,3954319,0,199084,199084,2977929634,2986060916,199084,4,2,4176963,0.15531162638888887,6685.31578876118,6667.111140742716
319,2018-04-01 09:34:46.008331,2018-04-01 09:37:33.204838,True,long,20152,18534,0,916,916,13739084,13718932,916,1,1,1618,0.046443474166666665,6667.111140742716,6676.904587033451
320,2018-04-01 09:43:13.658259,2018-04-01 09:44:50.390619,True,short,1902441,2229619,0,139100,139100,2072748229,2074650670,139100,8,7,-327178,0.0268701,6710.897061873693,6704.743213468319
321,2018-04-01 09:46:04.826671,2018-04-01 09:50:47.894035,True,short,4200000,2014455,0,100000,100000,1490100000,1494300000,100000,1,1,2185545,0.07862982333333333,6710.958996040534,6692.096633875393
322,2018-04-01 09:53:02.493978,2018-04-01 10:10:24.976055,True,short,4822359,3962387,0,400000,400000,5950645985,5955468344,400000,13,27,859972,0.2895783547222222,6721.9592798545555,6716.516265307513
323,2018-04-01 10:11:08.701071,2018-04-01 10:42:14.321819,True,long,11139626,5938566,0,500000,500000,7477400000,7466260374,400000,23,7,5201060,0.5182279855555556,6686.816273036082,6696.792972036793
324,2018-04-01 10:43:47.656398,2018-04-01 10:47:23.427026,True,short,4414418,2015258,0,100000,100000,1490585582,1495000000,100000,1,1,2399160,0.05993628555555555,6708.7727942346355,6688.963210702341
325,2018-04-01 11:26:22.460748,2018-04-01 11:35:53.047057,True,long,7306103,4042656,0,200000,200000,2998232839,2990926736,200000,2,2,3263447,0.15849619694444445,6670.596005702678,6686.8906413761115
326,2018-04-01 14:42:38.874369,2018-04-01 14:49:02.532958,True,short,10349456,4150953,0,200000,200000,3069621408,3079970864,200000,2,2,6198503,0.10657183027777778,6515.461466315132,6493.567920972385
327,2018-04-01 16:03:09.571107,2018-04-01 16:04:13.353395,True,long,5000000,2085075,0,100000,100000,1547000000,1542000000,100000,1,1,2914925,0.017717302222222224,6464.124111182935,6485.08430609598
328,2018-04-01 16:09:46.465900,2018-04-01 16:11:15.953182,True,short,7300000,-676414,0,100000,100000,1499500000,1506800000,100000,5,2,7976414,0.02485757833333333,6668.889629876626,6636.580833554553
329,2018-04-01 16:12:32.515293,2018-04-01 16:24:59.511158,True,short,22760103,602720,0,300000,300000,4451823666,4474583769,200000,10,3,22157383,0.20749885138888888,6738.811383999682,6704.534220107927
330,2018-04-01 16:26:12.582940,2018-04-01 16:50:55.598967,True,short,-34518164,4105530,0,600000,600000,8812096252,8777578088,400000,19,25,-38623694,0.4119488963888889,6808.822587064044,6835.598544207449
331,2018-04-01 16:52:16.837663,2018-04-01 16:59:13.303176,True,long,-10390519,5939180,0,300000,300000,4394209481,4404600000,300000,3,1,-16329699,0.11568486472222222,6827.166554010719,6811.0611633292465
332,2018-04-01 16:59:20.266465,2018-04-01 18:27:32.013163,True,short,46686400,13226064,0,1190000,1190000,17424563554,17471249954,380000,25,37,33460336,1.4699296383333333,6829.439350444002,6811.189829766888
333,2018-04-01 18:32:44.730469,2018-04-01 18:35:32.247421,True,short,4455108,1993714,0,100000,100000,1474614570,1479069678,100000,1,1,2461394,0.046532486666666664,6781.4330628782545,6761.006698157732
334,2018-04-01 18:39:13.674024,2018-04-01 18:48:28.698891,True,short,9931537,3849090,0,200000,200000,2944500000,2954431537,200000,2,2,6082447,0.15417357416666666,6792.324673119375,6769.4917785465
335,2018-04-01 18:49:05.856177,2018-04-01 18:49:32.803554,True,short,1840000,-265409,0,40000,40000,588880000,590720000,40000,2,1,2105409,0.0074853825,6792.555359326178,6771.397616468039
336,2018-04-01 19:04:49.104919,2018-04-01 19:22:34.458526,True,short,-10519961,6418073,0,330000,330000,4778696278,4768176317,330000,4,2,-16938034,0.2959315575,6905.649172960475,6920.8850105531865
337,2018-04-01 19:23:52.741893,2018-04-01 19:24:39.945837,True,long,5076898,1946339,0,100000,100000,1444276898,1439200000,100000,1,1,3130559,0.013112206666666666,6923.880049488959,6948.304613674263
338,2018-04-01 19:32:57.296816,2018-04-01 19:49:37.035758,True,short,14537076,5050952,0,300000,300000,4306590845,4321127921,300000,7,16,9486124,0.27770526166666665,6966.066914582873,6942.631773108297
339,2018-04-01 19:56:53.551295,2018-04-01 19:57:47.498314,True,long,865817,362537,0,55770,55770,806936130,806070313,55770,6,1,503280,0.014985283055555555,6911.327666044647,6918.751267794179
340,2018-04-01 20:06:59.591602,2018-04-01 20:07:57.304942,True,long,3000000,1962347,0,100000,100000,1455100000,1452100000,100000,1,1,1037653,0.016031483333333332,6872.379905161158,6886.578059362303
341,2018-04-02 02:02:34.119231,2018-04-02 03:24:50.486981,True,short,12087257,10495763,0,653435,653435,9395350366,9407437623,400000,17,7,1591494,1.371213263888889,6954.876343565195,6945.940288803337
342,2018-04-02 03:26:51.025734,2018-04-02 04:58:17.928405,True,short,34102362,6463218,-3233834,400000,400000,5729354680,5763457042,400000,33,6,24405310,1.5241396308333333,6981.589067898307,6940.279021515781
343,2018-04-02 05:04:57.561199,2018-04-02 05:05:55.428347,True,long,2359699,1938100,0,100000,100000,1460106111,1457746412,100000,1,2,421599,0.016074207777777776,6848.8173048951785,6859.9036963364515
344,2018-04-02 05:32:47.265622,2018-04-02 05:36:20.474023,True,short,1840000,1565076,0,80000,80000,1158400000,1160240000,80000,1,1,274924,0.05922455583333334,6906.077348066298,6895.125146521409
345,2018-04-02 06:16:50.641806,2018-04-02 06:58:39.623197,True,short,13731872,2597504,0,160000,160000,2307468128,2321200000,160000,16,2,11134368,0.6969392752777778,6934.006934201087,6892.986386351887
346,2018-04-02 07:03:13.528951,2018-04-02 07:07:21.338572,True,long,3142916,-332297,0,80000,80000,1162822916,1159680000,80000,1,4,3475213,0.06883600583333332,6879.809375892967,6898.454746136866
347,2018-04-02 07:10:23.733082,2018-04-02 07:56:31.598157,True,short,-107676382,8425903,0,480000,480000,6906396382,6798720000,480000,8,1,-116102285,0.7688514097222222,6950.078933364065,7060.152499293985
348,2018-04-02 08:00:57.517002,2018-04-02 08:03:15.938764,True,long,1080933,766658,0,40000,40000,568440000,567359067,40000,1,1,314275,0.038450489444444444,7036.802476954472,7050.208999303786
349,2018-04-02 08:12:52.447070,2018-04-02 08:31:17.510182,True,long,-1004882,3644704,0,200000,200000,2841406770,2842411652,200000,1,1,-4649586,0.30696197555555554,7038.766927411804,7036.2785017178785
350,2018-04-02 10:19:59.195927,2018-04-02 10:20:57.161528,True,short,5000000,3848440,0,200000,200000,2848200000,2853200000,200000,1,1,1151560,0.016101555833333333,7021.978793624044,7009.673349221926
351,2018-04-02 10:43:39.372288,2018-04-02 10:45:47.490908,True,short,5301210,3573293,0,200000,200000,2833498790,2838800000,200000,1,1,1727917,0.03558850555555555,7058.4113431013675,7045.2303790333945
352,2018-04-02 11:02:12.668816,2018-04-02 11:13:10.810100,True,short,-12863564,3823626,0,200000,200000,2838800000,2825936436,200000,1,1,-16687190,0.18281702333333336,7045.2303790333945,7077.300021761706
353,2018-04-02 11:13:53.288430,2018-04-02 11:18:28.454226,True,short,9811440,2616105,0,200000,200000,2817188560,2827000000,200000,4,1,7195335,0.07643494333333334,7099.276308292264,7074.637424831977
354,2018-04-02 11:22:48.820558,2018-04-02 11:35:13.926379,True,short,6147126,1447140,0,200000,200000,2823700000,2829847126,200000,3,2,4699986,0.20697383916666667,7082.905407798279,7067.519590102409
355,2018-04-02 11:36:33.879924,2018-04-02 12:07:54.962212,True,long,-9874733,3835600,-284160,200000,200000,2836275220,2846149953,200000,2,1,-13994493,0.5225228577777778,7051.50186377188,7027.03663906355
356,2018-04-02 12:08:55.917081,2018-04-02 12:12:34.743556,True,long,5133853,1285651,0,200000,200000,2854433853,2849300000,200000,2,27,3848202,0.06078513194444444,7006.643359060526,7019.267890359036
357,2018-04-02 12:33:38.308237,2018-04-02 12:36:18.763432,True,long,5180668,645102,0,100000,100000,1430980668,1425800000,100000,1,4,4535566,0.0445708875,6988.214602491052,7013.606396409034
358,2018-04-02 12:37:51.884387,2018-04-02 12:47:25.936334,True,long,2500000,-642170,0,100000,100000,1428300000,1425800000,100000,2,4,3142170,0.15945887416666668,7001.330252748022,7013.606396409034
359,2018-04-02 13:32:11.866865,2018-04-02 13:41:10.258843,True,short,4800000,1924964,0,100000,100000,1423500000,1428300000,100000,1,1,2875036,0.14955332722222223,7024.938531787847,7001.330252748022
360,2018-04-02 14:03:38.309016,2018-04-02 14:14:40.344915,True,long,-1723857,1933396,0,100000,100000,1431300000,1433023857,100000,1,1,-3657253,0.18389886083333332,6986.655488017886,6978.250886160928
361,2018-04-02 14:15:43.679669,2018-04-02 14:47:21.723862,True,long,-7578088,649549,0,300000,300000,4328621912,4336200000,300000,3,31,-8227637,0.5272344980555556,6930.612238697183,6918.500069185001
362,2018-04-02 14:53:36.970914,2018-04-02 15:12:46.947378,True,long,7800000,-52054,0,100000,100000,1449000000,1441200000,100000,1,6,7852054,0.3194379066666667,6901.311249137336,6938.6622259228425
363,2018-04-02 18:52:06.504441,2018-04-02 19:07:27.854732,True,short,8400000,648674,0,100000,100000,1428900000,1437300000,100000,15,1,7751326,0.25593063638888885,6998.390370214851,6957.489737702637
364,2018-04-02 19:22:31.876390,2018-04-02 20:52:32.512244,True,short,26287775,3082793,-11464,200000,200000,2871050972,2897338747,200000,5,2,23193518,1.5001766261111111,6966.090186155009,6902.886319629922
365,2018-04-02 20:55:18.188432,2018-04-02 21:09:23.102882,True,short,-1900000,3893047,0,200000,200000,2884700000,2882800000,200000,2,1,-5793047,0.23469845833333333,6933.129961521128,6937.6994588594425
366,2018-04-02 21:18:19.989408,2018-04-02 21:27:04.428325,True,short,-9915703,3793069,0,200000,200000,2862913746,2852998043,200000,5,1,-13708772,0.14567747694444444,6985.889822193756,7010.169547459448
367,2018-04-02 21:27:39.296539,2018-04-03 02:57:15.180754,True,short,-42134455,5573122,0,400000,400000,5681814480,5639680025,200000,4,11,-47707577,5.493301170833333,7040.004586703788,7092.600967197603
368,2018-04-03 02:59:59.410895,2018-04-03 03:04:57.909622,True,short,9158021,1883372,0,100000,100000,1391441979,1400600000,100000,1,1,7274649,0.08291631305555555,7186.789065532426,7139.797229758675
369,2018-04-03 03:08:47.417389,2018-04-03 03:13:29.091587,True,long,3700000,631099,0,100000,100000,1400600000,1396900000,100000,1,5,3068901,0.07824283277777777,7139.797229758675,7158.708568974157
370,2018-04-03 03:25:47.560616,2018-04-03 04:01:25.367313,True,short,-4136532,437229,97426,70000,70000,977830000,973693468,70000,2,1,-4476335,0.5938351936111111,7158.708568974157,7189.120837359875
371,2018-04-03 04:04:27.558778,2018-04-03 04:28:21.991714,True,short,-7349353,2173245,0,150000,150000,2075600000,2068250647,150000,5,1,-9522598,0.3984535933333333,7226.825978030449,7252.505890307598
372,2018-04-03 04:32:10.528579,2018-04-03 07:12:25.350385,True,short,3309716,4605336,0,250000,250000,3409720000,3413029716,250000,6,3,-1295620,2.670783835,7331.980338561524,7324.870300074469
373,2018-04-03 07:17:03.467593,2018-04-03 07:18:51.790851,True,short,256344,921274,0,50000,50000,682300000,682556344,50000,1,2,-664930,0.030089793888888886,7328.154770628756,7325.402575116934
374,2018-04-03 07:40:52.563687,2018-04-03 08:32:28.048675,True,short,7365985,1832763,0,200000,200000,2708260000,2715625985,150000,7,7,5533222,0.8598569411111111,7384.815342692356,7364.78444029913
375,2018-04-03 08:33:33.305080,2018-04-03 13:02:12.590059,True,long,2199875,918785,-205395,150000,150000,2041149875,2038950000,150000,7,8,1075695,4.477579160833334,7348.79892149027,7356.727727506805
376,2018-04-03 13:07:52.739115,2018-04-03 13:10:32.129503,True,short,1670216,62750,0,50000,50000,673100000,674770216,50000,1,6,1607466,0.04427510777777778,7428.316743425939,7409.929901233222
377,2018-04-03 13:10:32.129503,2018-04-03 13:43:50.027847,True,long,-21165037,4892044,0,339855,339855,4606824998,4627990035,270000,18,3,-26057081,0.5549717622222222,7377.2066476921555,7343.468707360776
378,2018-04-03 13:44:27.410129,2018-04-03 13:46:10.899550,True,long,2090418,297388,0,50000,50000,684340418,682250000,50000,2,9,1793030,0.028747061388888887,7306.3052663360295,7328.691828508611
379,2018-04-03 13:47:02.887869,2018-04-03 13:59:27.911943,True,short,100000,306674,0,50000,50000,681350000,681450000,50000,1,1,-206674,0.20695113166666668,7338.372349012989,7337.295472888693
380,2018-04-03 14:00:27.846635,2018-04-03 14:03:15.610465,True,long,1200000,306988,0,50000,50000,681600000,680400000,50000,1,6,893012,0.04660106388888889,7335.680751173709,7348.6184597295705
381,2018-04-03 14:16:14.791778,2018-04-03 14:21:57.198028,True,long,3150000,614241,0,100000,100000,1369500000,1366350000,100000,2,6,2535759,0.09511284722222223,7301.935012778386,7318.76898305705
382,2018-04-03 14:25:23.622641,2018-04-03 14:31:30.723409,True,long,3550000,-747,0,100000,100000,1368150000,1364600000,100000,18,2,3550747,0.10197243555555556,7309.140079669627,7328.154770628756
383,2018-04-03 14:34:02.137055,2018-04-03 14:36:43.466501,True,short,1800000,306312,0,50000,50000,681600000,683400000,50000,1,2,1493688,0.044813735,7335.680751173709,7316.359379572725
384,2018-04-03 14:49:25.397793,2018-04-03 14:58:42.764792,True,short,117614,811282,0,50000,50000,680632386,680750000,50000,2,1,-693668,0.15482416638888888,7346.109445929304,7344.840249724569
385,2018-04-03 14:59:40.212161,2018-04-03 16:21:51.980073,True,short,-7275594,4190474,0,300100,300100,4063952531,4056676937,250000,9,4,-11466068,1.3699355311111112,7384.436646610034,7397.680531640521
386,2018-04-03 16:25:47.705111,2018-04-03 16:28:04.345424,True,short,2100000,304312,0,50000,50000,673100000,675200000,50000,3,1,1795688,0.0379556425,7428.316743425939,7405.21327014218
387,2018-04-03 16:28:42.324128,2018-04-03 16:39:50.962727,True,short,4518015,609645,0,100000,100000,1348000000,1352518015,100000,2,2,3908370,0.18573294416666666,7418.39762611276,7393.61686062274
388,2018-04-03 16:40:48.471277,2018-04-03 16:42:27.451880,True,short,1604849,912531,0,50000,50000,675153671,676758520,50000,1,1,692318,0.027494611944444445,7405.7214153842615,7388.159664395507
389,2018-04-03 16:44:24.079856,2018-04-03 17:34:02.446456,True,short,4281416,1220020,0,100000,100000,1351750000,1356031416,100000,8,2,3061396,0.8273240555555555,7397.817643795081,7374.460415893492
390,2018-04-03 17:36:10.495719,2018-04-03 21:10:59.793773,True,short,6373537,3774981,-1143093,350000,350000,4714832966,4721206503,150000,25,17,1455463,3.580360570555556,7423.380690767826,7413.359271143917
391,2018-04-03 23:16:08.341384,2018-04-04 04:09:34.438979,True,short,11350000,310146,68585,50000,50000,672200000,683550000,50000,1,1,11108439,4.890582665277778,7438.262421898245,7314.75385853266
392,2018-04-04 04:19:21.055339,2018-04-04 05:11:12.949400,True,long,7750000,920256,0,50000,50000,685550000,677800000,50000,1,1,6829744,0.8644150169444444,7293.414047115455,7376.807317792859
393,2018-04-04 06:01:08.219482,2018-04-04 06:08:57.797139,True,long,-300000,918054,0,50000,50000,679900000,680200000,50000,1,1,-1218054,0.13043823805555554,7354.022650389763,7350.779182593355
394,2018-04-04 06:45:39.341727,2018-04-04 07:17:31.833500,True,long,1900000,304827,0,50000,50000,680250000,678350000,50000,1,1,1595173,0.5312477147222222,7350.23888276369,7370.826269624825
395,2018-04-04 11:02:06.283215,2018-04-04 11:08:25.542079,True,long,-1247520,217903,0,50000,50000,706702480,707950000,50000,5,1,-1465423,0.10534968444444445,7075.1131367191465,7062.645667066883
396,2018-04-04 11:08:27.771500,2018-04-04 11:09:09.576082,True,short,937417,-183714,0,50000,50000,708612583,709550000,50000,2,4,1121131,0.01161238388888889,7056.041792021071,7046.719751955465
397,2018-04-04 11:52:42.750707,2018-04-04 12:26:54.458675,True,short,1700000,956135,70705,50000,50000,707400000,709100000,50000,1,1,814570,0.56991888,7068.136839129205,7051.191651389085
398,2018-04-04 12:31:38.275225,2018-04-04 12:47:10.258985,True,long,3750000,320658,0,50000,50000,710700000,706950000,50000,1,3,3429342,0.2588843777777778,7035.317292809906,7072.635971426551
399,2018-04-04 13:43:08.414123,2018-04-04 13:44:25.151741,True,short,1300000,316617,0,50000,50000,704250000,705550000,50000,1,1,983383,0.021316005,7099.751508697195,7086.6699737793215
400,2018-04-04 13:55:16.961293,2018-04-04 14:04:34.040946,True,long,-11104870,1597642,0,100000,100000,1417150000,1428254870,100000,5,1,-12702512,0.15474434805555556,7056.416046290089,7001.551480794181
401,2018-04-04 14:05:49.912538,2018-04-04 14:15:25.658954,True,long,-2880971,1304669,0,100000,100000,1445216029,1448097000,100000,3,1,-4185640,0.15992956,6919.380770305586,6905.614748183305
402,2018-04-04 14:16:54.988546,2018-04-04 14:28:40.909588,True,long,3747793,1307572,0,100000,100000,1457947793,1454200000,100000,2,1,2440221,0.19608917833333334,6858.9561629111095,6876.633200385091
403,2018-04-04 14:29:12.463896,2018-04-04 14:34:37.623918,True,long,2950000,328560,0,50000,50000,728650000,725700000,50000,1,9,2621440,0.09032222833333334,6862.005077883758,6889.899407468651
404,2018-04-04 14:39:07.935648,2018-04-04 15:05:14.377692,True,long,4300000,1964315,0,100000,100000,1457200000,1452900000,100000,2,2,2335685,0.43512279,6862.475981334065,6882.7861518342625
405,2018-04-04 15:06:50.768828,2018-04-04 15:55:52.682983,True,long,-4300000,1967011,0,100000,100000,1454900000,1459200000,100000,2,2,-6267011,0.8171983763888889,6873.324627122139,6853.070175438596
406,2018-04-04 15:57:38.389250,2018-04-04 16:02:12.615636,True,long,12178541,-1892,0,100000,100000,1480650000,1468471459,100000,13,4,12180433,0.07617399611111111,6753.790564954581,6809.8020827791925
407,2018-04-04 16:08:09.147672,2018-04-04 16:12:48.492166,True,long,3595274,221217,0,50000,50000,734600000,731004726,50000,1,1,3374057,0.07759569277777778,6806.425265450585,6839.901059682068
408,2018-04-04 16:14:20.312625,2018-04-04 16:26:43.584822,True,long,2975319,1581049,0,80000,80000,1172640000,1169664681,80000,2,3,1394270,0.20646449916666668,6822.213125938054,6839.567039983145
409,2018-04-04 18:15:10.648353,2018-04-04 18:15:40.632531,True,long,1548063,180692,0,27159,27159,403854330,402306267,27159,7,1,1367371,0.008328938333333334,6724.949562878279,6750.826976304597
410,2018-04-04 18:17:50.958639,2018-04-04 18:18:35.054787,True,long,1800000,1002103,0,50000,50000,743200000,741400000,50000,1,1,797897,0.01224893,6727.664155005382,6743.997841920691
411,2018-04-04 18:33:38.608223,2018-04-04 18:36:08.548791,True,long,1265817,-172028,0,25833,25833,382922559,381656742,25833,3,1,1437845,0.04165015777777778,6746.272684341901,6768.647624204684
412,2018-04-04 20:55:54.653542,2018-04-04 20:59:46.741335,True,long,-1250000,986878,0,50000,50000,730400000,731650000,50000,1,1,-2236878,0.06446883138888888,6845.564074479737,6833.868653044488
413,2018-04-04 21:03:49.471225,2018-04-04 21:34:48.963151,True,long,-11262559,1450584,0,100000,100000,1468038533,1479301092,100000,4,2,-12713143,0.516525535,6811.810300077457,6759.94904220621
414,2018-04-04 21:35:32.630682,2018-04-04 21:36:55.240157,True,long,-14018,998530,0,50000,50000,739650000,739664018,50000,1,1,-1012548,0.02294707638888889,6759.95403231258,6759.82591869164
415,2018-04-04 21:37:55.748719,2018-04-04 21:39:47.514726,True,long,2350000,334631,0,50000,50000,742450000,740100000,50000,1,5,2015369,0.031046113055555557,6734.460233012324,6755.843804891231
416,2018-04-05 03:50:41.711208,2018-04-05 03:53:57.387963,True,long,5350000,337016,0,50000,50000,746250000,740900000,50000,1,2,5012984,0.05435465416666667,6700.167504187605,6748.54906195168
417,2018-04-05 04:04:37.908790,2018-04-05 04:05:43.236539,True,long,4901405,993932,0,50000,50000,738700000,733798595,50000,1,1,3907473,0.018146596944444444,6768.647624204684,6813.858780964278
418,2018-04-05 04:06:38.983151,2018-04-05 04:08:58.203845,True,long,150000,330220,0,50000,50000,734050000,733900000,50000,5,1,-180220,0.038672415,6811.525100469995,6812.917291184085
419,2018-04-05 04:18:19.488120,2018-04-05 04:32:58.343336,True,long,3519457,992525,0,50000,50000,736969457,733450000,50000,1,1,2526932,0.2441264488888889,6784.541682844802,6817.097279978186
420,2018-04-05 04:35:18.188077,2018-04-05 04:36:23.695598,True,long,781803,992905,0,50000,50000,735881803,735100000,50000,1,1,-211102,0.01819653361111111,6794.5694262533625,6801.795674057951
421,2018-04-05 04:48:47.771271,2018-04-05 05:05:27.867252,True,long,3702004,464528,0,90000,90000,1331082004,1327380000,90000,3,7,3237476,0.2778044391666667,6761.416631698373,6780.273923066492
422,2018-04-05 05:10:43.959500,2018-04-05 05:33:39.368040,True,long,2410294,996155,0,50000,50000,739100000,736689706,50000,1,1,1414139,0.38205792777777775,6764.984440535787,6787.11804885733
423,2018-04-05 06:00:20.354393,2018-04-05 06:04:56.889053,True,long,-2725180,1980623,0,100000,100000,1465774820,1468500000,100000,2,1,-4705803,0.07681518333333333,6822.330322197785,6809.669731018045
424,2018-04-05 06:20:56.550017,2018-04-05 06:23:01.882220,True,long,-500000,996561,0,50000,50000,737950000,738450000,50000,1,1,-1496561,0.03481450083333334,6775.526797208483,6770.939129257228
425,2018-04-05 06:24:20.715916,2018-04-05 06:29:59.956068,True,long,650000,996331,0,50000,50000,738350000,737700000,50000,1,1,-346331,0.09423337555555557,6771.856165775039,6777.8229632642
426,2018-04-05 06:30:33.683339,2018-04-05 06:30:42.648347,True,long,6405,13190,0,662,662,9775539,9769134,662,1,1,-6785,0.0024902799999999997,6772.005103759496,6776.4450769126515
427,2018-04-05 06:49:39.261601,2018-04-05 06:50:40.507501,True,short,1900000,334732,0,50000,50000,741000000,742900000,50000,1,1,1565268,0.01701275,6747.638326585695,6730.380939561179
428,2018-04-05 06:57:29.921552,2018-04-05 07:04:07.200559,True,short,4350000,1003687,0,50000,50000,741300000,745650000,50000,1,1,3346313,0.11035527972222221,6744.907594765952,6705.55890833501
429,2018-04-05 07:40:07.768761,2018-04-05 07:56:46.560736,True,short,1230000,344893,0,50000,50000,736220000,737450000,50000,2,1,885107,0.2774422152777778,6791.448208415963,6780.120686148213
430,2018-04-05 08:27:18.148963,2018-04-05 08:32:36.978108,True,short,-2700000,989076,0,50000,50000,734000000,731300000,50000,1,1,-3689076,0.08856365138888889,6811.989100817439,6837.139340899767
431,2018-04-05 08:44:31.286196,2018-04-05 08:59:12.837294,True,short,3400000,982525,0,50000,50000,726100000,729500000,50000,1,1,2417475,0.24487530500000002,6886.103842445944,6854.009595613434
432,2018-04-05 13:25:23.439079,2018-04-05 13:43:26.677063,True,short,-2851560,897603,0,50000,50000,749869011,747017451,50000,5,1,-3749163,0.30089944,6667.83121672433,6693.2840635874245
433,2018-04-05 13:45:17.759081,2018-04-05 13:46:39.706846,True,short,2850000,-327745,0,50000,50000,726900000,729750000,50000,2,1,3177745,0.022763268055555556,6878.525244187646,6851.661527920521
434,2018-04-05 14:14:31.945576,2018-04-05 14:15:26.865218,True,short,3167783,975980,0,50000,50000,721366857,724534640,50000,1,1,2191803,0.015255456111111112,6931.286004452517,6900.981297457358
435,2018-04-05 15:21:53.340449,2018-04-05 15:22:35.538238,True,long,505000,67571,0,10100,10100,150914200,150409200,10100,2,1,437429,0.011721608055555556,6692.544505420961,6715.014773032501
436,2018-04-05 16:31:44.032283,2018-04-05 16:35:09.309812,True,short,-3854674,1411110,0,70000,70000,1047200000,1043345326,70000,1,1,-5265784,0.05702153583333333,6684.491978609625,6709.18805649588
437,2018-04-05 16:36:17.987293,2018-04-05 16:48:57.198754,True,short,910000,1402516,0,70000,70000,1038450000,1039360000,70000,1,1,-492516,0.2108920725,6740.815638692282,6734.913793103448
438,2018-04-05 16:56:17.032347,2018-04-05 16:57:35.695158,True,short,4340000,1406062,0,70000,70000,1039360000,1043700000,70000,1,1,2933938,0.021850780833333333,6734.913793103448,6706.9081153588195
439,2018-04-05 17:06:23.231596,2018-04-05 17:13:55.238038,True,short,3113600,1405229,0,70000,70000,1039357987,1042471587,70000,1,1,1708371,0.125557345,6734.926837099487,6714.811307370433
440,2018-04-05 17:22:58.640854,2018-04-05 17:23:34.365102,True,short,3710000,465050,0,70000,70000,1027880000,1031590000,70000,3,1,3244950,0.009923402222222223,6810.133478616181,6785.641582411617
441,2018-04-05 21:32:43.918394,2018-04-05 22:36:34.530820,True,short,-3050000,198290,0,30000,30000,445220000,442170000,30000,4,1,-3248290,1.0640590072222222,6738.24176811464,6784.720808738721
442,2018-04-05 22:37:51.172117,2018-04-06 06:55:39.740845,True,short,19500000,607054,-329379,30000,30000,439920000,459420000,30000,1,1,18563567,8.296824646666666,6819.421713038734,6529.972574115189
443,2018-04-06 08:02:33.775718,2018-04-06 09:27:28.336275,True,short,6461936,967904,0,50000,50000,757528755,763990691,50000,2,5,5494032,1.4151557102777776,6600.409511847507,6544.582360624601
444,2018-04-06 09:53:52.667276,2018-04-06 15:21:39.800323,True,short,-100000,410084,-56500,20000,20000,303820000,303720000,20000,1,1,-566584,5.463092513055555,6582.845105654664,6585.0125115237715
445,2018-04-06 16:26:42.653760,2018-04-06 16:47:55.484934,True,short,1180000,136778,0,20000,20000,302180000,303360000,20000,1,1,1043222,0.35356421499999996,6618.571712224502,6592.827004219409
446,2018-04-06 17:04:07.963564,2018-04-06 21:40:22.313080,True,short,60000,136165,-408795,20000,20000,302620000,302680000,20000,1,1,-484960,4.603985976666666,6608.948516291058,6607.638430025109
447,2018-04-06 21:50:02.206579,2018-04-06 21:50:59.036542,True,long,-798864,1020187,0,50000,50000,755300000,756098864,50000,1,1,-1819051,0.015786100833333334,6619.886137958427,6612.89182944732
448,2018-04-06 21:54:35.021660,2018-04-06 22:12:02.915637,True,long,-1865300,341323,0,50000,50000,755700000,757565300,50000,3,1,-2206623,0.29108166027777777,6616.382162233691,6600.09110765765
449,2018-04-06 23:04:34.243805,2018-04-06 23:06:09.407359,True,long,514377,363296,0,17630,17630,269368770,268854393,17630,1,1,151081,0.026434320555555557,6544.930950978467,6557.452829123012
450,2018-04-07 01:04:50.517576,2018-04-07 01:07:42.756919,True,long,2650000,995185,0,50000,50000,738500000,735850000,50000,1,1,1654815,0.047844261944444445,6770.480704129994,6794.863083508867
451,2018-04-07 01:09:29.493756,2018-04-07 01:27:56.179899,True,long,-1250000,332628,0,50000,50000,737300000,738550000,50000,3,1,-1582628,0.3074128175,6781.500067815001,6770.022341073725
452,2018-04-07 01:38:47.586993,2018-04-07 01:40:17.631165,True,short,-150000,992553,0,50000,50000,735300000,735150000,50000,1,1,-1142553,0.02501227,6799.945600435197,6801.333061280011
453,2018-04-07 01:41:13.701682,2018-04-07 01:56:50.908537,True,short,2309000,1967824,0,100000,100000,1456500000,1458809000,100000,2,2,341176,0.2603352375,6865.774116031583,6854.906982339703
454,2018-04-07 03:06:21.182800,2018-04-07 03:19:28.046706,True,short,270000,-197588,0,30000,30000,438960000,439230000,30000,11,1,467588,0.21857330722222224,6834.3357025697105,6830.134553650707
455,2018-04-07 04:04:46.641325,2018-04-07 04:18:42.574245,True,short,950000,985463,0,50000,50000,729500000,730450000,50000,1,1,-35463,0.23220358888888887,6854.009595613434,6845.095489082073
456,2018-04-07 21:49:24.429732,2018-04-08 12:11:32.122586,True,long,3760000,126359,-38512,20000,20000,286440000,282680000,20000,5,1,3595129,14.368803570555556,6982.265046781175,7075.137965190322
457,2018-04-08 16:52:13.178266,2018-04-08 17:06:21.922768,True,long,-1720000,774547,0,40000,40000,572880000,574600000,40000,2,1,-2494547,0.23576236166666667,6982.265046781175,6961.364427427776
458,2018-04-08 17:07:57.166729,2018-04-08 17:20:11.916475,True,long,1100000,387193,0,20000,20000,287360000,286260000,20000,1,1,712807,0.20409715166666664,6959.910913140312,6986.655488017886
459,2018-04-08 18:23:02.968993,2018-04-08 18:23:37.748278,True,long,394484,385986,0,20000,20000,286114484,285720000,20000,1,1,8498,0.0096609125,6990.208856396099,6999.860002799944
460,2018-04-08 18:57:12.811535,2018-04-08 23:35:17.706353,True,long,1140340,578587,-42921,30000,30000,429160000,428019660,30000,2,1,518832,4.634693005,6990.399850871469,7009.023837830253
461,2018-04-09 02:28:55.785118,2018-04-09 02:41:24.301966,True,short,920824,314633,0,50000,50000,699650000,700570824,50000,1,6,606191,0.20792134666666667,7146.430358036161,7137.037154147887
462,2018-04-09 03:22:00.960283,2018-04-09 03:26:33.609347,True,long,2981705,952567,0,50000,50000,707100000,704118295,50000,1,1,2029138,0.07573585111111111,7071.135624381275,7101.079513918893
463,2018-04-09 03:39:37.883324,2018-04-09 10:32:05.049623,True,short,20070000,328980,42114,50000,50000,702040000,722110000,50000,10,2,19783134,6.8742128608333335,7122.101304768959,6924.152829901262
464,2018-04-09 11:03:09.487029,2018-04-09 11:06:03.917191,True,long,1340000,134667,0,20000,20000,298580000,297240000,20000,1,7,1205333,0.04845282277777778,6698.3722955321855,6728.569506122998
465,2018-04-09 11:19:53.047553,2018-04-09 11:22:35.979004,True,long,2180000,135229,0,20000,20000,299420000,297240000,20000,1,1,2044771,0.045258736388888894,6679.580522343197,6728.569506122998
466,2018-04-09 12:37:27.766030,2018-04-09 12:38:49.239294,True,long,1920000,202230,0,30000,30000,448440000,446520000,30000,1,1,1717770,0.02263146222222222,6689.85817500669,6718.624025799516
467,2018-04-09 12:45:30.629536,2018-04-09 12:51:24.737607,True,long,1290000,603223,0,30000,30000,447480000,446190000,30000,1,1,686777,0.09836335305555556,6704.210244033253,6723.5930881463055
468,2018-04-09 14:10:13.472928,2018-04-09 14:14:45.641568,True,long,595564,403652,0,20000,20000,299400000,298804436,20000,1,3,191912,0.0756024,6680.02672010688,6693.341058698339
469,2018-04-09 19:36:43.769889,2018-04-09 21:41:45.892846,True,long,6800000,266635,196629,40000,40000,602720000,595920000,40000,3,1,6729994,2.083923043611111,6636.580833554553,6712.310377231844
470,2018-04-09 23:59:24.465726,2018-04-10 00:04:51.040895,True,short,254200,-54600,0,8200,8200,121212400,121466600,8200,3,1,308800,0.09071532472222223,6764.984440535787,6750.826976304597
471,2018-04-10 08:31:45.844925,2018-04-10 08:32:25.284299,True,long,3397097,1015256,0,50000,50000,753744885,750347788,50000,1,1,2381841,0.010955381666666666,6633.544186505491,6663.576650671755
472,2018-04-10 08:33:39.011583,2018-04-10 08:35:12.853665,True,long,1800000,338859,0,50000,50000,752100000,750300000,50000,1,16,1461141,0.026067245000000003,6648.0521207286265,6664.001066240171
473,2018-04-11 13:42:16.836771,2018-04-11 15:13:12.164456,True,short,630000,194443,0,30000,30000,432420000,433050000,30000,1,1,435557,1.5153688013888889,6937.6994588594425,6927.606511950121
474,2018-04-12 11:55:22.178849,2018-04-12 16:55:24.116066,True,long,-22404341,2236507,94491,321811,321811,4186737733,4209142074,180000,30,19,-24546357,5.000538115833333,7686.437998336401,7645.5247730371575
475,2018-04-12 16:56:15.967070,2018-04-12 17:02:44.000382,True,long,12019037,739721,0,60000,60000,791266304,779247267,60000,2,4,11279316,0.10778703111111111,7582.782142584451,7699.738265492049
476,2018-04-12 17:07:53.899366,2018-04-12 17:17:27.809040,True,long,1393382,584762,0,100000,100000,1298743382,1297350000,100000,2,29,808620,0.1594193538888889,7699.750496206956,7708.020195012911
477,2018-04-12 21:38:16.015278,2018-04-12 21:39:43.953895,True,short,-619941,861336,0,50000,50000,638350000,637730059,50000,1,1,-1481277,0.02442739361111111,7832.693663350827,7840.30786919517
478,2018-04-12 21:45:59.376934,2018-04-12 21:53:04.233023,True,short,2650000,288596,0,50000,50000,637350000,640000000,50000,1,1,2361404,0.11801558027777778,7844.983133286263,7812.5
479,2018-04-12 21:53:47.313040,2018-04-12 21:54:45.567377,True,long,650000,288550,0,50000,50000,640900000,640250000,50000,1,1,361450,0.016181760277777776,7801.529099703542,7809.449433814916
480,2018-04-12 21:57:34.269478,2018-04-12 22:03:18.478863,True,short,-100000,-287971,0,50000,50000,640000000,639900000,50000,4,8,187971,0.09561371805555556,7812.5,7813.72089388967
481,2018-04-12 22:04:07.574259,2018-04-12 22:04:48.409008,True,long,700000,289009,0,50000,50000,641900000,641200000,50000,1,1,410991,0.011342985833333335,7789.375292101574,7797.878976918279
482,2018-04-12 22:06:28.938813,2018-04-12 22:08:37.517613,True,long,450000,289815,0,50000,50000,643800000,643350000,50000,1,8,160185,0.035716333333333336,7766.387076731904,7771.819382917541
483,2018-04-12 22:11:05.418297,2018-04-12 22:11:37.676709,True,short,1950000,240925,0,50000,50000,640600000,642550000,50000,4,2,1709075,0.00896067,7805.1826412738055,7781.495603454984
484,2018-04-12 23:03:17.607554,2018-04-12 23:04:10.251288,True,short,34100,6327,0,1100,1100,14008500,14042600,1100,1,1,27773,0.014623259444444444,7852.375343541421,7833.307222309259
485,2018-04-12 23:21:26.773833,2018-04-12 23:25:49.677671,True,short,-2866322,284660,0,50000,50000,638150000,635283678,50000,1,1,-3150982,0.07302884388888889,7835.148476063621,7870.4997045430155
486,2018-04-12 23:26:52.507997,2018-04-12 23:34:09.016693,True,short,202170,857055,0,50155,50155,636064625,636266795,50155,3,2,-654885,0.12125241555555555,7885.20506072791,7882.699583592132
487,2018-04-12 23:35:48.602714,2018-04-12 23:37:12.807890,True,short,7550000,286391,0,50000,50000,625100000,632650000,50000,1,1,7263609,0.023390326666666666,7998.720204767237,7903.264048051846
488,2018-04-12 23:40:31.765863,2018-04-12 23:41:35.264372,True,short,1600000,284808,0,50000,50000,630500000,632100000,50000,8,1,1315192,0.01763847472222222,7930.214115781126,7910.140800506249
489,2018-04-12 23:51:52.347781,2018-04-13 00:08:34.657192,True,short,-9199200,1124327,0,100000,100000,1259200000,1250000800,100000,8,1,-10323527,0.27841928083333334,7941.550190597204,7999.994880003277
490,2018-04-13 00:14:24.429421,2018-04-13 00:15:03.204893,True,long,1550000,850937,0,50000,50000,631100000,629550000,50000,1,1,699063,0.010770964444444444,7922.674694977024,7942.180922881424
491,2018-04-13 00:17:03.304899,2018-04-13 00:24:32.135141,True,short,4216598,850300,0,50000,50000,627750000,631966598,50000,1,1,3366298,0.12467506722222223,7964.954201513341,7911.810554266034
492,2018-04-13 00:30:03.654933,2018-04-13 00:30:46.935898,True,short,1071955,222212,0,19832,19832,249749491,250821446,19832,6,1,849743,0.012022490277777778,7940.756924305403,7906.819897689291
493,2018-04-13 00:34:07.181408,2018-04-13 00:35:39.853253,True,short,1800000,-284666,0,50000,50000,631700000,633500000,50000,2,5,2084666,0.025742179166666667,7915.149596327371,7892.659826361484
494,2018-04-13 00:36:33.645647,2018-04-13 00:40:18.965476,True,long,1490662,800709,0,100000,100000,1273120000,1271629338,100000,4,2,689953,0.06258884138888889,7854.719115244439,7863.9267758070555
495,2018-04-13 00:44:01.871947,2018-04-13 00:49:09.871881,True,long,2550000,1147301,0,100000,100000,1275600000,1273050000,100000,2,2,1402699,0.08555553722222223,7839.448102853559,7855.1510152782685
496,2018-04-13 00:54:06.512074,2018-04-13 00:55:33.407681,True,short,1024205,855608,0,50000,50000,633275795,634300000,50000,1,1,168597,0.02413766861111111,7895.4541441142555,7882.705344474223
497,2018-04-13 01:30:11.024500,2018-04-13 01:32:30.675849,True,long,1105500,287796,0,50000,50000,639005500,637900000,50000,1,1,817704,0.03879204138888889,7824.658786191982,7838.219156607619
498,2018-04-13 01:35:44.412592,2018-04-13 01:36:19.649251,True,short,-32721,859157,0,50000,50000,636432721,636400000,50000,1,1,-891878,0.009787960833333335,7856.289965958555,7856.693903205531
499,2018-04-13 01:43:49.461160,2018-04-13 01:48:32.860523,True,long,-4095202,864061,0,50000,50000,638000000,642095202,50000,1,1,-4959263,0.07872204527777778,7836.990595611285,7787.007260646063
500,2018-04-13 01:49:27.981794,2018-04-13 01:54:12.140639,True,long,3800000,-289191,0,50000,50000,644550000,640750000,50000,1,1,4089191,0.0789330125,7757.350089209526,7803.355442840421
501,2018-04-13 01:56:13.407905,2018-04-13 02:03:18.385619,True,long,2050000,289908,0,150000,150000,1923400000,1921350000,150000,11,8,1760092,0.118049365,7798.689820110221,7807.010695604653
502,2018-04-13 02:26:56.854865,2018-04-13 02:44:53.909231,True,long,1502500,516202,0,30000,30000,383130000,381627500,30000,1,2,986298,0.2991817683333334,7830.240388379923,7861.068712291436
503,2018-04-13 02:48:07.124726,2018-04-13 06:10:58.985438,True,long,11609123,4395605,-755239,384691,384691,4924262603,4912653480,250000,10,14,6458279,3.3810724199999997,7812.154448579476,7830.615400946212
504,2018-04-13 06:17:04.754689,2018-04-13 07:05:48.901001,True,long,2600000,860957,0,50000,50000,639050000,636450000,50000,1,1,1739043,0.8122628644444444,7824.113919098662,7856.076675308351
505,2018-04-13 07:08:25.524518,2018-04-13 07:13:49.900663,True,long,-31282,860029,0,50000,50000,637050000,637081282,50000,1,1,-891311,0.09010448472222223,7848.677497841613,7848.2921116492635
506,2018-04-13 07:24:54.921141,2018-04-13 07:26:47.669709,True,short,1100000,283993,0,50000,50000,629450000,630550000,50000,1,1,816007,0.03131904666666667,7943.442688061005,7929.585282689715
507,2018-04-13 07:29:03.050776,2018-04-13 07:31:35.848763,True,short,-450000,283959,0,50000,50000,631700000,631250000,50000,1,1,-733959,0.04244388527777778,7915.149596327371,7920.792079207921
508,2018-04-13 09:42:20.155081,2018-04-13 09:50:34.168383,True,short,2450000,-390010,0,70000,70000,865480000,867930000,70000,3,11,2840010,0.13722591722222222,8087.997411840828,8065.166545689169
509,2018-04-13 10:34:48.743701,2018-04-13 17:18:25.010570,True,short,13026914,2792638,19149,528639,528639,6522221066,6535247980,190000,47,21,10253425,6.726740796944444,8105.199051834776,8089.04270530833
510,2018-04-13 17:21:33.134556,2018-04-13 17:22:31.726370,True,long,1501500,-293214,0,60000,60000,744661500,743160000,60000,2,9,1794714,0.01627550388888889,8057.352233195888,8073.631519457452
511,2018-04-13 17:27:08.367060,2018-04-13 17:27:41.837592,True,short,-433400,999084,0,60000,60000,740280000,739846600,60000,1,1,-1432484,0.00929737,8105.041335710812,8109.789245500351
512,2018-04-13 17:28:00.056174,2018-04-13 17:28:55.842336,True,short,-46827,1999027,0,120000,120000,1480800000,1480753173,120000,2,1,-2045854,0.01549615611111111,8103.727714748785,8103.983985182384
513,2018-04-13 17:30:48.754116,2018-04-13 17:32:13.269243,True,short,-1921545,1989913,0,120000,120000,1474980000,1473058455,120000,2,1,-3911458,0.02347642416666667,8135.703534963186,8146.316230200111
514,2018-04-13 17:32:27.981775,2018-04-13 17:33:39.860943,True,short,2504680,995814,0,60000,60000,736395320,738900000,60000,1,1,1508866,0.019966435555555558,8147.797571554365,8120.178643930167
515,2018-04-13 17:34:02.846849,2018-04-13 17:39:04.304355,True,short,1140000,267435,0,60000,60000,737700000,738840000,60000,8,3,872565,0.08373819611111112,8133.387555917039,8120.838070488874
516,2018-04-13 18:30:18.862993,2018-04-13 20:37:09.186647,True,short,16961039,363681,-20005,60000,60000,739920000,756881039,60000,1,1,16577353,2.1139787927777776,8108.9847551086605,7927.269532246797
517,2018-04-13 20:37:18.011637,2018-04-13 20:39:22.770842,True,long,3270000,339506,0,60000,60000,759360000,756090000,60000,3,1,2930494,0.03465533472222222,7901.390644753476,7935.5632266000075
518,2018-04-13 20:39:57.918512,2018-04-13 20:42:49.964512,True,short,4965978,1359633,0,120000,120000,1508334022,1513300000,120000,2,3,3606345,0.04779055555555555,7955.797472557441,7929.690081279324
519,2018-04-13 20:43:38.768567,2018-04-13 20:57:43.837011,True,long,7440000,1028700,0,180000,180000,2289000000,2281560000,120000,3,3,6411300,0.23474123444444445,7863.695937090432,7889.338873402409
520,2018-04-13 21:06:02.740161,2018-04-13 21:07:02.418333,True,long,-658913,1026787,0,60000,60000,760260000,760918913,60000,1,1,-1685700,0.01657727,7892.036934732854,7885.202874435584
521,2018-04-13 21:07:58.081611,2018-04-13 21:21:10.979477,True,long,6180000,1372207,0,120000,120000,1526940000,1520760000,120000,2,7,4807793,0.22024940722222222,7858.854964831624,7890.7914463820725
522,2018-04-13 21:31:53.533984,2018-04-13 21:39:37.093402,True,long,2580000,1369263,0,120000,120000,1522320000,1519740000,120000,2,4,1210737,0.128766505,7882.705344474223,7896.087488649374
523,2018-04-13 22:08:36.813751,2018-04-13 22:50:57.628159,True,long,16130343,2698178,0,350000,350000,4470990000,4454859657,210000,6,20,13432165,0.70578178,7828.243856506054,7856.588690735493
524,2018-04-13 22:59:19.834194,2018-04-13 23:00:37.242369,True,short,770000,398490,0,70000,70000,884380000,885150000,70000,1,1,371510,0.021502270833333333,7915.149596327371,7908.264136022143
525,2018-04-13 23:11:27.468772,2018-04-13 23:13:24.131205,True,short,-1050000,395594,0,70000,70000,880670000,879620000,70000,3,1,-1445594,0.03240623138888889,7948.493760432398,7957.9818558013685
526,2018-04-13 23:14:32.415782,2018-04-13 23:16:47.652420,True,short,1680000,395103,0,70000,70000,878850000,880530000,70000,1,10,1284897,0.03756573277777778,7964.954201513341,7949.757532395262
527,2018-04-13 23:22:25.448268,2018-04-13 23:23:47.566465,True,long,1321117,-385805,0,70000,70000,882901117,881580000,70000,11,3,1706922,0.022810610277777775,7928.407683733852,7940.289026520565
528,2018-04-13 23:26:38.221301,2018-04-13 23:27:44.174628,True,short,206172,312584,0,70000,70000,879413828,879620000,70000,5,1,-106412,0.018320368611111113,7959.847545176422,7957.9818558013685
529,2018-04-13 23:37:02.450512,2018-04-14 00:20:48.989748,True,long,5487533,3218780,0,562503,562503,7140793118,7135305585,350000,46,29,2268753,0.7295942322222222,7877.318257296696,7883.376448270225
530,2018-04-14 00:23:50.960041,2018-04-14 00:24:53.152175,True,long,1120150,-398467,0,70000,70000,887320150,886200000,70000,7,8,1518617,0.01727559277777778,7888.922617163602,7898.894154818326
531,2018-04-14 00:26:16.885563,2018-04-14 00:31:32.015688,True,long,2310546,4963,0,140182,140182,1780031582,1777721036,140000,3,3,2305583,0.08753614583333334,7875.253530192702,7885.48918312963
532,2018-04-14 00:54:02.345479,2018-04-14 00:57:03.546382,True,short,1556000,-11019,0,70000,70000,883260000,884816000,70000,1,2,1567019,0.05033358416666667,7925.186241876684,7911.249344496483
533,2018-04-14 00:59:41.812246,2018-04-14 01:26:19.149377,True,short,-5166090,2485460,0,240000,240000,3015060000,3009893910,100000,6,5,-7651550,0.44370475861111114,7960.040596207041,7973.702966826495
534,2018-04-14 01:27:21.568573,2018-04-14 01:29:24.257468,True,long,-2240000,2352547,0,140000,140000,1748180000,1750420000,140000,2,2,-4592547,0.034080248611111114,8008.32866180828,7998.080460689434
535,2018-04-14 01:30:13.975373,2018-04-14 01:32:22.328309,True,long,3010000,1180351,0,70000,70000,875840000,872830000,70000,1,1,1829649,0.03565359333333333,7992.3273657289,8019.889325527308
536,2018-04-14 01:35:22.251966,2018-04-14 01:37:19.627206,True,short,-150000,505817,0,30000,30000,374760000,374610000,30000,1,1,-655817,0.032604233333333336,8005.123278898495,8008.32866180828
537,2018-04-14 01:37:56.718116,2018-04-14 01:42:21.362796,True,short,-641937,505245,0,30000,30000,374580000,373938063,30000,1,1,-1147182,0.0735124111111111,8008.9700464520265,8022.7189923696
538,2018-04-14 01:45:34.743049,2018-04-14 01:47:32.340618,True,long,3450000,838648,0,50000,50000,622950000,619500000,50000,1,1,2611352,0.032665991388888885,8026.326350429408,8071.0250201775625
539,2018-04-14 02:06:27.549007,2018-04-14 20:19:50.266015,True,long,-300000,280398,241946,50000,50000,623250000,623550000,50000,1,7,-338452,18.22297694666667,8022.462896109106,8018.603159329645
540,2018-04-14 20:25:20.573860,2018-04-14 20:25:33.703381,True,short,-44682371,8401060,0,1500000,1500000,18736500000,18691817629,1500000,1,1,-53083431,0.0036470891666666666,8005.764150188135,8024.901749912103
541,2018-04-14 20:38:32.432663,2018-04-14 20:39:31.474518,True,short,3420000,3012586,0,180000,180000,2229840000,2233260000,180000,2,2,407414,0.016400515277777777,8072.328059412334,8059.966148142178
542,2018-04-14 20:40:22.545868,2018-04-14 20:42:52.095644,True,short,-540000,1505982,0,90000,90000,1115820000,1115280000,90000,1,1,-2045982,0.04154160444444445,8065.817067268914,8069.722401549387
543,2018-04-14 20:43:06.474664,2018-04-14 20:43:14.917355,True,short,1876,7847,0,469,469,5813255,5815131,469,1,1,-5971,0.0023451919444444445,8067.769261799112,8065.166545689169
544,2018-04-14 20:48:35.966623,2018-04-14 21:04:19.712000,True,short,-8113502,3515989,0,270000,270000,3353670000,3345556498,270000,54,1,-11629491,0.2621514936111111,8050.8815715320825,8070.406228721832
545,2018-04-14 21:12:48.617748,2018-04-14 21:17:16.775396,True,short,1279200,-476415,0,95900,95900,1189692600,1190971800,95900,23,18,1755615,0.07448823555555556,8060.905817183363,8052.247752633605
546,2018-04-14 21:20:17.455858,2018-04-14 21:28:32.796772,True,short,2180000,503955,0,90000,90000,1116630000,1118810000,90000,1,1,1676045,0.13759469833333332,8059.966148142178,8044.261313359731
547,2018-04-14 21:39:39.889028,2018-04-14 21:59:28.788922,True,long,1727586,1685197,0,121275,121275,1508330736,1506603150,121275,3,11,42389,0.33024997055555555,8040.345337098534,8049.565009870051
548,2018-04-14 23:34:58.893751,2018-04-14 23:35:27.088466,True,long,3241724,508192,0,90000,90000,1134180000,1130938276,90000,1,1,2733532,0.007831865277777777,7935.248373274084,7957.99398693267
549,2018-04-14 23:36:00.912330,2018-04-15 00:01:34.928887,True,short,-20931000,3988995,0,351000,351000,4394391000,4373460000,351000,10,1,-24919995,0.4261157102777778,7987.45491696119,8025.6821829855535
550,2018-04-15 00:02:05.783440,2018-04-15 00:18:21.920328,True,short,717733,3100202,0,232926,232926,2883406996,2884124729,190224,9,16,-2382469,0.27114913555555553,8078.152002930078,8076.141702816071
551,2018-04-15 00:18:21.920328,2018-04-15 00:28:42.470529,True,long,4142732,3343416,0,259776,259776,3221848373,3217705641,259776,3,14,799316,0.17237505583333335,8062.949273994279,8073.330160780857
552,2018-04-15 00:28:42.470529,2018-04-15 00:43:28.547070,True,short,2771400,1675060,0,100224,100224,1239404856,1242176256,100224,2,1,1096340,0.2461323725,8086.46178162142,8068.420203324189
553,2018-04-15 00:47:18.291281,2018-04-15 00:48:14.030633,True,long,3000000,1118666,0,200000,200000,2484400000,2481400000,200000,1,26,1881334,0.015483153333333333,8050.233456770246,8059.966148142178
554,2018-04-15 01:20:09.686500,2018-04-15 01:27:28.370807,True,short,-8214640,998223,0,200000,200000,2477600000,2469385360,200000,1,1,-9212863,0.12185675194444444,8072.328059412334,8099.1814092556215
555,2018-04-15 01:27:56.512646,2018-04-15 01:39:26.803852,True,short,6600000,1109651,0,200000,200000,2469200000,2475800000,200000,1,1,5490349,0.19174755722222223,8099.789405475458,8078.196946441554
556,2018-04-15 01:50:51.536937,2018-04-15 02:04:27.905449,True,short,2800000,1110785,0,200000,200000,2469800000,2472600000,200000,1,23,1689215,0.2267690311111111,8097.821685966475,8088.65162177465
557,2018-04-15 02:35:57.118004,2018-04-15 02:50:54.250786,True,short,5771727,3476054,0,244863,244863,3026277076,3032048803,244863,46,2,2295673,0.24920355055555557,8091.228722640597,8075.8264760687625
558,2018-04-15 02:59:16.766379,2018-04-15 03:11:40.420090,True,short,2768230,1115090,0,200000,200000,2473831770,2476600000,200000,31,1,1653140,0.20657047527777778,8084.624121388821,8075.5874989905515
559,2018-04-15 04:27:03.358036,2018-04-15 04:27:35.874358,True,short,1486880,195095,0,75344,75344,925847072,927333952,75344,2,6,1291785,0.009032311666666668,8137.8450371121335,8124.796880077998
560,2018-04-15 04:31:45.970171,2018-04-15 04:37:34.478809,True,long,4238517,3115057,0,200000,200000,2474018541,2469780024,200000,1,3,1123460,0.096807955,8084.013789127056,8097.887182522616
561,2018-04-15 04:38:42.412015,2018-04-15 04:41:53.436748,True,short,3000000,1109745,0,200000,200000,2467600000,2470600000,200000,1,25,1890255,0.05306242583333333,8105.041335710812,8095.199546668825
562,2018-04-15 05:01:40.965632,2018-04-15 05:15:08.174234,True,short,4471761,1181654,0,200000,200000,2469978589,2474450350,200000,6,3,3290107,0.22422461166666668,8097.236182155423,8082.603071829669
563,2018-04-15 08:43:44.612686,2018-04-15 08:45:41.743589,True,short,953114,1105930,0,200000,200000,2456200000,2457153114,200000,1,1,-152816,0.032536361944444446,8142.659392557609,8139.500906983365
564,2018-04-15 18:40:29.750193,2018-04-15 18:51:30.410271,True,short,4148475,3184349,0,200000,200000,2402600000,2406748475,200000,1,2,964126,0.18351668833333334,8324.315325064514,8309.966831910011
565,2018-04-15 19:16:34.399013,2018-04-15 19:22:14.530147,True,long,3268980,1088047,0,200000,200000,2416268980,2413000000,200000,1,6,2180933,0.09448087055555555,8277.224168974764,8288.437629506838
566,2018-04-15 22:08:32.058487,2018-04-15 23:38:03.663354,True,short,6096139,2165734,0,700000,700000,8408700000,8414796139,550000,46,4,3930405,1.4921124630555556,8324.711310904182,8318.680434285445
567,2018-04-15 23:42:26.899540,2018-04-16 01:31:10.763769,True,short,693790,-902824,0,1344544,1344544,16068098071,16068791861,590000,57,51,1596614,1.8121845080555554,8367.785621290535,8367.424331777522
568,2018-04-16 01:32:18.029481,2018-04-16 01:34:42.141585,True,long,-1882773,3228173,0,200000,200000,2390317414,2392200187,200000,1,1,-5110946,0.04003114,8367.089610300602,8360.504320953805
569,2018-04-16 01:35:04.287006,2018-04-16 01:41:35.302736,True,long,3324676,1655737,0,200000,200000,2394695556,2391370880,200000,3,16,1668939,0.10861548055555556,8351.792339485179,8363.403672457533
570,2018-04-16 01:47:58.420948,2018-04-16 02:12:26.807630,True,long,-94733976,3665790,0,532364,532364,6378192560,6472926536,400000,11,25,-98399766,0.40788518944444446,8346.627904253803,8224.471528283077
571,2018-04-16 02:14:12.854511,2018-04-16 02:17:18.109487,True,short,18320000,1048531,0,200000,200000,2425400000,2443720000,200000,1,2,17271469,0.051459715555555556,8246.06250515379,8184.243694040234
572,2018-04-16 02:20:40.772588,2018-04-16 02:29:53.856142,True,long,4140938,2205981,0,200000,200000,2454140938,2450000000,200000,1,1,1934957,0.15363432055555556,8149.491209049706,8163.265306122449
573,2018-04-16 02:30:29.556072,2018-04-16 02:32:13.429459,True,short,1381110,3308144,0,200000,200000,2449800000,2451181110,200000,1,1,-1927034,0.02885371861111111,8163.931749530574,8159.3318088193
574,2018-04-16 02:32:59.208262,2018-04-16 03:01:28.592407,True,short,14845770,4804,0,400000,400000,4892400000,4907245770,400000,25,3,14840966,0.4748289291666667,8175.94636579184,8151.211876229301
575,2018-04-16 03:04:12.625569,2018-04-16 03:07:57.810168,True,long,7800000,1107497,0,200000,200000,2457200000,2449400000,200000,1,8,6692503,0.0625512775,8139.345596614032,8165.264962848044
576,2018-04-16 03:20:10.820562,2018-04-16 03:33:42.202444,True,short,5238357,-1100344,0,200000,200000,2442800000,2448038357,200000,15,124,6338701,0.2253838561111111,8187.326019322089,8169.806630198973
577,2018-04-16 04:24:37.902038,2018-04-16 04:27:37.948952,True,long,3200000,3314516,0,200000,200000,2456800000,2453600000,200000,1,1,-114516,0.050013031666666666,8140.670791273201,8151.287903488751
578,2018-04-16 05:12:04.678944,2018-04-16 05:15:31.020470,True,long,-5596329,3325296,0,200000,200000,2460400000,2465996329,200000,1,1,-8921625,0.057317090555555554,8128.759551292473,8110.312154483341
579,2018-04-16 05:18:32.837819,2018-04-16 05:20:14.021353,True,long,11963633,569437,0,200000,200000,2490763633,2478800000,200000,20,13,11394196,0.02810653722222222,8029.665976739431,8068.420203324189
580,2018-04-16 05:21:14.380571,2018-04-16 05:47:07.317954,True,long,6800000,-1115536,0,200000,200000,2482400000,2475600000,200000,9,25,7915536,0.43137149527777774,8056.719303899452,8078.849571820972
581,2018-04-16 05:55:25.828075,2018-04-16 06:36:29.466442,True,long,13529092,-1812624,0,677692,677692,8411158392,8397629300,400000,23,51,15341716,0.6843439908333333,8057.059068636309,8070.039481261693
582,2018-04-16 06:40:24.565888,2018-04-16 09:35:15.218528,True,short,41537732,3160073,0,872957,872957,10760851909,10802389641,600000,37,22,38377659,2.914070177777778,8112.340987332883,8081.147125879719
583,2018-04-16 09:51:58.179370,2018-04-16 12:39:07.257396,True,short,93076447,6599137,494680,1000000,1000000,12366241576,12459318023,400000,49,11,86971990,2.785855007222222,8086.531334959262,8026.121479153129
584,2018-04-16 12:51:17.966568,2018-04-16 13:02:31.318707,True,long,16204370,1822113,0,478974,478974,6025449096,6009244726,400000,9,52,14382257,0.18704226083333333,7949.183411373724,7970.618968597486
585,2018-04-16 13:08:27.941014,2018-04-16 13:37:34.025652,True,long,10203362,-1488298,0,664088,664088,8366908800,8356705438,600000,44,44,11691660,0.4850235105555556,7937.077072000594,7946.768076570321
586,2018-04-16 22:13:43.938317,2018-04-16 22:13:46.912272,True,long,0,-56,0,10,10,124770,124770,10,1,1,56,0.0008260986111111112,8014.7471347279,8014.7471347279
587,2018-04-16 22:14:27.798191,2018-04-16 22:15:14.756559,True,short,-40,-56,0,10,10,124840,124800,10,1,1,16,0.013043991111111111,8010.253123998718,8012.820512820513
588,2018-04-17 07:06:19.059618,2018-04-17 10:20:33.186727,True,short,17400000,1117567,0,200000,200000,2457400000,2474800000,200000,4,1,16282433,3.2372575302777777,8138.6831610645395,8081.4611281719735
589,2018-04-17 21:56:55.565391,2018-04-18 01:13:02.370409,True,long,31576300,-3370884,0,600000,600000,7606600000,7575023700,600000,30,67,34947184,3.268556949444444,7887.886835116872,7920.767297401327
590,2018-04-18 02:56:10.211432,2018-04-18 03:04:07.153285,True,long,3400000,-1137714,0,200000,200000,2530000000,2526600000,200000,5,33,4537714,0.13248384805555555,7905.138339920949,7915.776141850709
591,2018-04-18 06:42:13.893401,2018-04-18 06:49:34.901664,True,long,34800000,-12420,0,400000,400000,5087800000,5053000000,400000,10,4,34812420,0.12250229527777778,7861.944258815205,7916.089451810805
592,2018-04-18 06:54:03.436846,2018-04-18 07:01:57.851930,True,long,7171357,1830260,0,200000,200000,2465626164,2458454807,200000,22,1,5341097,0.13178196777777776,8111.529757436497,8135.1912359965545
593,2018-04-18 08:08:47.047635,2018-04-18 08:22:48.082135,True,short,4273905,-1110444,0,200000,200000,2465526095,2469800000,200000,7,1,5384349,0.23362069444444444,8111.858982372685,8097.821685966475
594,2018-04-18 08:34:22.026779,2018-04-18 08:37:33.949296,True,long,1895124,206946,0,160794,160794,1987574634,1985679510,160794,26,14,1688178,0.053311810277777774,8089.96035919424,8097.681382631581
595,2018-04-18 12:08:26.678886,2018-04-18 12:25:00.909415,True,short,2800000,1109069,0,200000,200000,2466000000,2468800000,200000,1,18,1690931,0.27617514694444445,8110.300081103001,8101.101749837978
596,2018-04-18 15:01:24.846753,2018-04-18 15:08:10.436189,True,long,4106660,-576193,0,200000,200000,2506200000,2502093340,200000,2,2,4682853,0.11266373222222222,7980.209081477935,7993.306916359883
597,2018-04-18 19:35:04.901713,2018-04-18 19:52:49.568121,True,short,2774459,-825297,0,200000,200000,2462200000,2464974459,200000,15,35,3599756,0.2957406688888889,8122.816992933149,8113.674333207361
598,2018-04-18 21:34:42.252940,2018-04-18 22:31:03.416544,True,short,46071608,6971,0,400000,400000,4883600000,4929671608,400000,2,2,46064637,0.9392121122222222,8190.679007289705,8114.130753676767
599,2018-04-19 00:36:24.652218,2018-04-19 01:37:14.742784,True,short,-31774730,7708938,0,600000,600000,7362860754,7331086024,600000,3,1,-39483668,1.0139140461111111,8149.006480586228,8184.326279022804
600,2018-04-19 01:39:10.620600,2018-04-19 01:41:19.243270,True,short,2140782,2625223,0,476670,476670,5830627440,5832768222,476670,51,2,-484441,0.03572851944444445,8175.277959450621,8172.2774137003935
601,2018-04-19 01:42:32.622776,2018-04-19 01:45:38.977728,True,short,-5000000,1096593,0,200000,200000,2444400000,2439400000,200000,1,1,-6096593,0.051765264444444445,8181.966944853542,8198.737394441256
602,2018-04-19 01:48:02.933321,2018-04-19 02:36:41.583848,True,short,-8943556,13831443,0,1300000,1300000,15922620450,15913676894,1062098,24,42,-22774999,0.8107362574999999,8164.485262223279,8169.07373864141
603,2018-04-19 02:38:19.651220,2018-04-19 02:46:49.057144,True,short,-120760333,4479947,0,750000,750000,9169026864,9048266531,750000,24,1,-125240280,0.14150164555555556,8179.712101670204,8288.880499159115
604,2018-04-19 02:47:20.866355,2018-04-19 02:50:14.830561,True,short,19124978,1867339,0,250000,250000,3020367276,3039492254,250000,1,6,17257639,0.048323390555555554,8277.13907465868,8225.057973778274
605,2018-04-19 02:50:14.830561,2018-04-19 02:54:20.778946,True,long,-4040423,2095712,0,298042,298042,3630335246,3634375669,298042,6,1,-6136135,0.06831899583333334,8209.76520910543,8200.638215311583
606,2018-04-19 02:58:18.141433,2018-04-19 03:09:19.635300,True,short,7400000,-2197025,0,400000,400000,4878600000,4886000000,400000,17,9,9597025,0.1837482963888889,8199.07350469397,8186.655751125665
607,2018-04-19 03:14:42.762085,2018-04-19 03:45:59.952582,True,short,-1324106,5517911,0,602272,602272,7365347340,7364023234,600000,35,2,-6842017,0.5214418047222222,8177.102480003339,8178.572783682774
608,2018-04-19 11:28:21.923710,2018-04-19 11:40:27.556484,True,short,4750000,1154816,0,250000,250000,3047500000,3052250000,250000,25,1,3595184,0.20156465944444446,8203.445447087777,8190.679007289705
609,2018-04-19 16:18:56.770919,2018-04-20 02:42:20.876797,True,short,12854493,-2590456,-15639,978828,978828,11828754125,11841608618,500000,79,47,15429310,10.390029410555556,8274.988131939042,8266.005334039828
610,2018-04-20 02:45:08.817802,2018-04-20 04:01:55.706471,True,short,1400000,-1081030,-758526,200000,200000,2401600000,2403000000,200000,1,9,1722504,1.2796912969444445,8327.781479013991,8322.929671244277
611,2018-04-20 04:37:39.676230,2018-04-20 04:42:14.341978,True,long,-1000000,1072998,0,200000,200000,2413800000,2414800000,200000,1,1,-2072998,0.07629604111111112,8285.690612312535,8282.259400364419
612,2018-04-20 05:05:54.730775,2018-04-20 05:08:39.004122,True,long,3600000,-1088174,0,200000,200000,2420000000,2416400000,200000,13,4,4688174,0.04563148527777778,8264.462809917355,8276.775368316505
613,2018-04-20 07:31:34.951608,2018-04-20 08:01:17.415701,True,short,2000000,1082600,0,200000,200000,2402800000,2404800000,200000,1,1,917400,0.49512891472222226,8323.6224404861,8316.6999334664
614,2018-04-20 10:42:47.332747,2018-04-20 10:47:14.562821,True,short,14600000,1058987,0,200000,200000,2331400000,2346000000,200000,8,1,13541013,0.07423057611111111,8578.536501672814,8525.149190110827
615,2018-04-20 11:24:01.864760,2018-04-20 11:28:00.105212,True,short,2200000,-1056099,0,200000,200000,2345800000,2348000000,200000,1,20,3256099,0.06617790333333333,8525.87603376247,8517.887563884156
616,2018-04-20 12:16:47.545119,2018-04-20 12:50:24.910044,True,short,7370590,-683118,0,202570,202570,2369990930,2377361520,202570,27,2,8053708,0.5603791458333334,8547.290094481501,8520.790729379687
617,2018-04-20 22:22:57.935884,2018-04-20 23:16:04.834619,True,short,-22618607,6384225,0,1414211,1414211,16061753121,16039134514,700000,33,58,-29002832,0.8852496486111112,8804.835869074494,8817.25256911827
618,2018-04-20 23:16:49.366658,2018-04-20 23:21:55.712304,True,short,4334712,-463655,0,223454,223454,2530040004,2534374716,200000,18,14,4798367,0.08509601277777777,8832.034262174457,8816.928238326065
619,2018-04-20 23:24:04.960379,2018-04-20 23:25:29.803875,True,long,2600000,-511284,0,100000,100000,1137500000,1134900000,100000,9,8,3111284,0.02356763777777778,8791.208791208792,8811.349017534585
620,2018-04-20 23:42:24.331576,2018-04-21 00:06:56.938786,True,short,4400000,-2035799,0,400000,400000,4521800000,4526200000,400000,2,3,6435799,0.4090575583333333,8846.034764916627,8837.43537625381
621,2018-04-21 02:21:05.309507,2018-04-21 03:25:49.752836,True,short,-11333927,-1703,0,400000,400000,4523200000,4511866073,400000,8,17,-11332224,1.0790120358333333,8843.296781039971,8865.511376627246
622,2018-04-21 03:49:26.926923,2018-04-21 04:27:47.879162,True,short,1800000,-1017303,225680,200000,200000,2259800000,2261600000,200000,19,1,3042983,0.6391533997222223,8850.340738118417,8843.296781039971
623,2018-04-21 06:22:09.676235,2018-04-21 07:58:30.961643,True,short,37050727,5432712,0,1000000,1000000,11194341061,11231391788,500000,23,12,31618015,1.6059126133333332,8933.084980623855,8903.616033307946
624,2018-04-21 09:44:36.552031,2018-04-21 10:06:40.080562,True,long,9920000,-515933,0,300000,300000,3437520000,3427600000,300000,3,12,10435933,0.36764681416666667,8727.22195070865,8752.479869296301
625,2018-04-21 10:16:50.387606,2018-04-21 12:56:18.763395,True,long,23700000,5891,-344220,600000,600000,6868600000,6844900000,500000,24,38,23349889,2.657882163611111,8735.404594822818,8765.650338208008
626,2018-04-22 00:02:50.013164,2018-04-22 00:06:33.177833,True,short,3400000,-1013167,0,200000,200000,2249800000,2253200000,200000,15,8,4413167,0.061990185833333336,8889.679082585119,8876.264867743654
627,2018-04-22 08:29:45.824222,2018-04-22 08:47:39.706017,True,short,-3803425,-725637,0,200000,200000,2244600000,2240796575,200000,22,34,-3077788,0.29830049861111113,8910.273545397844,8925.397433722872
628,2018-04-22 09:12:45.780938,2018-04-22 09:22:20.670981,True,long,-3829858,3026299,0,200000,200000,2239800000,2243629858,200000,1,1,-6856157,0.1596916786111111,8929.36869363336,8914.126333578148
629,2018-04-22 20:57:53.520853,2018-04-22 22:20:42.462058,True,short,3900000,519,0,200000,200000,2248100000,2252000000,200000,3,4,3899481,1.3802614458333333,8896.401405631423,8880.994671403198
630,2018-04-22 23:04:29.781998,2018-04-22 23:05:05.582804,True,long,1678500,1019478,0,200000,200000,2264678500,2263000000,200000,1,13,659022,0.009944668333333333,8831.27560931938,8837.825894829872
631,2018-04-22 23:49:27.852263,2018-04-22 23:51:34.258855,True,long,3400000,-1022167,0,200000,200000,2273200000,2269800000,200000,5,11,4422167,0.03511294222222222,8798.169980644027,8811.349017534585
632,2018-04-24 00:36:47.019397,2018-04-24 00:39:45.070646,True,short,16824091,5346276,0,400000,400000,4340738100,4357562191,400000,5,5,11477815,0.04945868027777778,9215.022670913962,9179.444434003719
633,2018-04-24 00:45:49.355912,2018-04-24 01:08:29.440651,True,short,37600000,-1964859,0,800000,800000,8683200000,8720800000,600000,24,35,39564859,0.37780131638888886,9213.193292795282,9173.470323823502
634,2018-04-24 01:12:31.061126,2018-04-24 01:13:23.589491,True,long,1565801,-418970,0,103393,103393,1131547898,1129982097,103393,4,18,1984771,0.0145912125,9137.306532294933,9149.967975112088
635,2018-04-24 02:14:27.459662,2018-04-24 02:15:43.982622,True,short,1500,489,0,100,100,1084900,1086400,100,1,1,1011,0.021256377777777776,9217.439395335976,9204.712812960235
636,2018-04-24 02:26:47.092349,2018-04-24 02:47:19.804136,True,short,3061040,-381332,0,200000,200000,2176200000,2179261040,200000,1,29,3442372,0.3424199408333333,9190.331770976933,9177.422820351985
637,2018-04-24 05:50:32.168909,2018-04-24 06:33:04.656365,True,short,8890240,-1259616,0,259070,259070,2794715530,2803605770,259070,5,7,10149856,0.7090242933333333,9269.995361567264,9240.600186095351
638,2018-04-24 06:41:38.445471,2018-04-24 07:07:32.365548,True,short,9800000,-975900,0,200000,200000,2163800000,2173600000,200000,7,24,10775900,0.4316444658333333,9242.998428690267,9201.324990798676
639,2018-04-24 10:33:32.940859,2018-04-24 10:34:34.243215,True,short,6000000,-965064,0,200000,200000,2141600000,2147600000,200000,3,4,6965064,0.017028432222222223,9338.812103100485,9312.721177127956
640,2018-04-24 13:37:33.694356,2018-04-24 14:01:19.689140,True,short,29189318,2898431,0,200000,200000,2132400000,2161589318,200000,1,1,26290887,0.3961096622222222,9379.103357719003,9252.451348392535
641,2018-04-24 14:02:13.196519,2018-04-24 14:03:10.476487,True,long,5542433,975370,0,200000,200000,2164742433,2159200000,200000,1,1,4567063,0.01591110222222222,9238.974436456663,9262.689885142645
642,2018-04-24 14:09:38.455170,2018-04-24 21:11:16.941761,True,short,-70984674,799589,-296184,500000,500000,5367816651,5296831977,400000,38,4,-72080447,7.027357386388889,9314.774190486783,9439.604695242535
643,2018-04-24 22:21:34.313002,2018-04-24 22:22:19.580841,True,short,7400000,-942340,0,200000,200000,2090400000,2097800000,200000,1,18,8342340,0.012574399722222223,9567.546880979717,9533.797311469158
644,2018-04-24 22:29:53.243913,2018-04-24 22:32:23.567329,True,short,3800000,-136497,0,200000,200000,2088000000,2091800000,200000,1,8,3936497,0.041756504444444446,9578.544061302682,9561.143512764127
645,2018-04-24 23:51:57.597221,2018-04-24 23:55:32.943600,True,short,6200000,-924254,0,200000,200000,2050800000,2057000000,200000,1,2,7124254,0.059818438611111115,9752.291788570314,9722.897423432183
646,2018-04-24 23:59:24.271547,2018-04-25 00:05:32.411049,True,short,7815617,1674820,0,200000,200000,2066384383,2074200000,200000,1,8,6140797,0.10226097277777778,9678.741363193898,9642.271719217048
647,2018-04-25 03:57:37.978030,2018-04-25 03:58:27.733279,True,long,6600000,-944415,0,200000,200000,2102000000,2095400000,200000,1,1,7544415,0.0138209025,9514.747859181733,9544.716999140976
648,2018-04-25 04:02:43.319709,2018-04-25 04:05:08.029750,True,long,3800000,-945405,0,200000,200000,2102800000,2099000000,200000,1,1,4745405,0.040197233611111105,9511.128019783146,9528.346831824678
649,2018-04-25 04:40:05.216373,2018-04-25 04:41:57.334664,True,long,10600000,-960968,0,200000,200000,2140800000,2130200000,200000,2,11,11560968,0.031143969722222224,9342.301943198805,9388.789784996714
650,2018-04-25 04:46:44.694602,2018-04-25 05:00:05.698260,True,long,22232273,-963865,0,800000,800000,8578932273,8556700000,700000,21,38,23196138,0.22250101611111112,9325.1697826989,9349.398716795025
651,2018-04-25 05:03:43.502702,2018-04-25 05:10:50.455102,True,long,12000000,-1921397,0,400000,400000,4275800000,4263800000,400000,6,16,13921397,0.11859788888888889,9354.974507694467,9381.30306299545
652,2018-04-25 08:58:09.724463,2018-04-25 09:07:25.446518,True,long,5800000,-962140,0,200000,200000,2141000000,2135200000,200000,1,12,6762140,0.15436723749999998,9341.429238673518,9366.804046459349
653,2018-04-25 10:24:14.103089,2018-04-25 11:18:34.226477,True,long,-79190635,1621991,0,1025942,1025942,11151383745,11230574380,700000,36,20,-80812626,0.90558983,9200.131781493095,9135.258494232065
654,2018-04-25 11:19:18.304159,2018-04-25 11:36:47.230817,True,long,29427144,2954479,0,800058,800058,8787236608,8757809464,600000,35,11,26472665,0.29136851611111114,9104.773613033454,9135.366592396558
655,2018-04-25 11:38:59.927497,2018-04-25 11:45:40.169615,True,long,-3273377,1315428,0,200000,200000,2193726623,2197000000,200000,4,1,-4588805,0.11117836611111111,9116.906268224653,9103.322712790168
656,2018-04-25 12:02:33.973070,2018-04-25 12:04:52.854383,True,short,3400000,-315184,0,200000,200000,2169400000,2172800000,200000,13,6,3715184,0.0385781425,9219.138932423712,9204.712812960235
657,2018-04-25 13:46:19.279810,2018-04-25 13:56:34.648952,True,long,11854700,-995634,0,200000,200000,2218454700,2206600000,200000,3,8,12850334,0.17093587277777778,9015.284377905034,9063.717937097797
658,2018-04-25 14:13:28.785594,2018-04-25 14:17:23.396112,True,long,10358514,-91864,0,200000,200000,2233758514,2223400000,200000,4,1,10450378,0.06516958833333333,8953.519314935222,8995.232526760818
659,2018-04-25 14:27:06.714489,2018-04-25 14:47:06.889727,True,long,-49615892,3065027,0,600000,600000,6736800000,6786415892,600000,3,1,-52680919,0.33338201055555555,8906.305664410402,8841.19113164425
660,2018-04-25 14:48:20.810728,2018-04-25 15:21:53.429858,True,long,100670947,-648729,0,850000,850000,9613642344,9512971397,580000,22,59,101319676,0.5590608694444444,8841.602064908271,8935.168251089823
661,2018-04-25 16:14:05.622400,2018-04-25 17:27:07.852971,True,long,9500000,-502762,0,100000,100000,1122000000,1112500000,100000,1,1,10002762,1.2172862697222222,8912.6559714795,8988.76404494382
662,2018-04-25 23:28:21.102507,2018-04-25 23:59:06.934501,True,long,-4100000,-508657,0,100000,100000,1128300000,1132400000,100000,1,1,-3591343,0.5127311094444444,8862.891075068688,8830.801836806782
663,2018-04-26 00:05:38.024424,2018-04-26 00:11:39.975753,True,long,5905488,753517,0,141962,141962,1623620516,1617715028,141962,8,13,5151971,0.10054203583333333,8743.545588456953,8775.464005889176
664,2018-04-26 00:27:11.013197,2018-04-26 00:58:49.816470,True,long,68978307,-708691,0,500000,500000,5771000000,5702021693,400000,9,15,69686998,0.5274453536111111,8664.009703690868,8768.819673447006
665,2018-04-26 01:06:55.478803,2018-04-26 01:13:45.455000,True,long,11448004,174794,0,200000,200000,2293643004,2282195000,200000,2,9,11273210,0.11388227694444444,8719.752797240455,8763.49304069109
666,2018-04-26 01:59:24.075385,2018-04-26 02:03:29.820536,True,long,2278800,487818,0,94950,94950,1087462350,1085183550,94950,4,1,1790982,0.06826254194444445,8731.336767659128,8749.671887304226
667,2018-04-26 09:31:17.282745,2018-04-26 09:42:02.740597,True,long,-800000,-1035714,0,200000,200000,2301200000,2302000000,200000,9,3,235714,0.17929384777777777,8691.117677733357,8688.097306689835
668,2018-04-26 22:54:26.995766,2018-04-26 22:57:12.386787,True,short,200000,-975368,0,200000,200000,2167400000,2167600000,200000,1,15,1175368,0.045941950277777775,9227.646027498386,9226.794611551946
669,2018-04-26 23:01:07.821372,2018-04-26 23:02:31.895991,True,short,3000000,2913156,0,200000,200000,2156400000,2159400000,200000,1,1,86844,0.023354060833333332,9274.717121127806,9261.831990367695
670,2018-04-27 04:06:32.291227,2018-04-27 04:08:18.719996,True,long,420900,-35009,0,14894,14894,162333574,161912674,14894,6,1,455909,0.029563546944444446,9174.935063032617,9198.785760279643
671,2018-04-27 15:21:46.012114,2018-04-27 16:19:32.612818,True,long,16635450,-626454,0,200000,200000,2165400000,2148764550,200000,4,5,17261904,0.96294464,9236.168837166344,9307.674030642398
672,2018-04-27 20:37:02.405717,2018-04-27 20:47:38.754080,True,long,18000000,-3004465,0,600000,600000,6685600000,6667600000,400000,3,12,21004465,0.17676343416666665,8974.51238482709,8998.740176375308
673,2018-04-27 21:03:30.603544,2018-04-27 21:07:44.553072,True,long,9356768,1009480,0,200000,200000,2238600000,2229243232,200000,1,12,8347288,0.07054153555555555,8934.15527561869,8971.654466819527
674,2018-04-28 09:48:04.886185,2018-04-28 10:34:43.245445,True,short,10088121,2105902,0,485902,485902,5229452107,5239540228,400000,19,22,7982219,0.7773220166666667,9291.642605342633,9273.7526358391
675,2018-04-28 13:11:57.791115,2018-04-28 13:15:01.892372,True,short,-2670287,2874994,0,200000,200000,2131000000,2128329713,200000,1,1,-5545281,0.05113923805555556,9385.265133740028,9397.040260180778
676,2018-04-28 13:16:47.341488,2018-04-28 13:19:58.523287,True,short,1709698,1399492,0,113825,113825,1211187419,1212897117,113825,6,5,310206,0.05310605527777778,9397.802372648324,9384.555244185645
677,2018-04-28 14:37:44.082854,2018-04-28 14:38:42.739539,True,long,-1595000,810101,0,200000,200000,2136800000,2138395000,200000,1,3,-2405101,0.01629352361111111,9359.790340696369,9352.808999272818
678,2018-04-28 14:39:18.271946,2018-04-28 14:39:45.192207,True,long,4840457,965442,0,200000,200000,2143040457,2138200000,200000,1,1,3875015,0.007477850277777778,9332.53496669755,9353.661958656814
679,2018-04-28 14:56:21.009872,2018-04-28 14:57:50.887366,True,long,3000000,966824,0,200000,200000,2147000000,2144000000,200000,1,11,2033176,0.024965970555555553,9315.323707498836,9328.358208955224
680,2018-04-29 14:42:36.928684,2018-04-29 14:43:14.956602,True,short,2973305,2471497,0,200000,200000,2140909945,2143883250,200000,1,6,501808,0.010563310555555556,9341.822175523595,9328.86620575071
681,2018-04-29 20:17:23.495954,2018-04-29 20:19:37.547421,True,long,-624,4559,0,320,320,3435216,3435840,320,80,1,-5183,0.03723651861111111,9315.280320073032,9313.588525658937
682,2018-05-01 13:09:05.853858,2018-05-01 13:13:08.172389,True,long,200000,-1015423,0,200000,200000,2256600000,2256400000,200000,1,3,1215423,0.06731070305555556,8862.891075068688,8863.676653075696
683,2018-05-01 21:11:17.424931,2018-05-01 21:12:18.563813,True,short,1466925,2170240,0,200000,200000,2212400000,2213866925,200000,2,3,-703315,0.01698302277777778,9039.95660820828,9033.966664459744
684,2018-05-01 21:19:40.663046,2018-05-01 21:21:44.246350,True,short,-1200000,990623,0,200000,200000,2203200000,2202000000,200000,10,1,-2190623,0.03432869555555555,9077.705156136528,9082.652134423251
685,2018-05-02 06:51:58.127239,2018-05-02 06:55:19.539243,True,short,1000000,-985635,0,200000,200000,2189800000,2190800000,200000,1,1,1985635,0.05594777888888889,9133.254178463787,9129.085265656382
686,2018-05-02 06:59:40.215768,2018-05-02 07:01:12.721105,True,short,2600000,-982035,0,200000,200000,2181000000,2183600000,200000,1,1,3582035,0.025695926944444444,9170.105456212747,9159.186664224217
687,2018-05-03 16:09:05.958881,2018-05-03 16:09:18.759135,True,short,200000,2856999,0,200000,200000,2116200000,2116400000,200000,1,1,-2656999,0.0035556261111111113,9450.902561194594,9450.00945000945
688,2018-05-03 16:10:02.260761,2018-05-03 16:25:17.347159,True,short,2200000,-952604,0,200000,200000,2115800000,2118000000,200000,1,2,3152604,0.25419066611111113,9452.689290103035,9442.870632672333
689,2018-05-03 16:52:23.647649,2018-05-03 17:08:21.820714,True,short,-30140290,7497882,0,800000,800000,8361200000,8331059710,800000,11,1,-37638172,0.2661591847222222,9568.004592642204,9602.619928887774
690,2018-05-03 17:20:42.278465,2018-05-03 18:28:25.872921,True,short,-25890121,-5625142,0,1613000,1613000,16713297833,16687407712,1000000,47,107,-20264979,1.1287762377777777,9650.997763081627,9665.971059364023
691,2018-05-03 18:32:22.208841,2018-05-03 18:41:52.151978,True,short,10200000,-1858359,0,400000,400000,4124600000,4134800000,400000,7,11,12058359,0.15831753805555554,9697.91010037337,9673.986649898423
692,2018-05-03 19:05:24.404118,2018-05-03 19:38:54.635007,True,short,15800000,-1857641,0,400000,400000,4120200000,4136000000,400000,11,2,17657641,0.5583974691666667,9708.266589000534,9671.17988394584
693,2018-05-04 00:09:30.719425,2018-05-04 00:10:44.468723,True,short,4000000,940313,0,200000,200000,2083600000,2087600000,200000,1,1,3059687,0.02048591611111111,9598.77135726627,9580.379383023568
694,2018-05-04 00:11:52.249668,2018-05-04 00:17:37.659974,True,short,4951771,915107,0,200000,200000,2083600000,2088551771,200000,2,3,4036664,0.09594730722222222,9598.77135726627,9576.013521763929
695,2018-05-05 18:29:32.891876,2018-05-05 18:32:16.679813,True,long,17,1,0,4,4,40593,40576,4,4,3,16,0.04549664916666667,9853.91569975119,9858.044164037854
696,2018-05-06 09:03:39.595565,2018-05-06 09:06:33.315793,True,long,2296965,-721712,0,153131,153131,1604966011,1602669046,153131,7,5,3018677,0.048255618888888886,9541.074324968991,9554.748710108925
697,2018-05-06 09:06:33.315793,2018-05-06 09:08:09.501162,True,short,-468690,441124,0,93738,93738,980968170,980499480,93738,14,1,-909814,0.026718158055555555,9555.661729574773,9560.229445506691
698,2018-05-06 11:56:55.681804,2018-05-06 12:01:27.746362,True,long,14200000,-949185,-6662654,200000,200000,2116400000,2102200000,200000,1,1,8486531,0.07557348833333333,9450.00945000945,9513.842641042716
699,2018-05-06 12:17:38.257716,2018-05-06 12:18:47.934464,True,long,1848972,1137599,0,200000,200000,2120848972,2119000000,200000,3,1,711373,0.019354652222222223,9430.185866153226,9438.414346389807
700,2018-05-07 01:02:27.592188,2018-05-07 01:05:35.983874,True,long,6425109,-716872,0,200000,200000,2132225109,2125800000,200000,7,8,7141981,0.05233102388888888,9379.872657713835,9408.222786715589
701,2018-05-07 01:18:49.314526,2018-05-07 02:34:09.338505,True,long,-3674230,2196611,0,800000,800000,8578994139,8582668369,800000,17,16,-5870841,1.2555622163888889,9325.102535776427,9321.110470603107
702,2018-05-07 02:50:56.740144,2018-05-07 03:03:19.448059,True,long,3681790,725016,0,210000,210000,2259581790,2255900000,210000,12,8,2956774,0.20630775416666666,9293.755195292135,9308.923267875349
703,2018-05-11 12:44:56.622666,2018-05-11 13:15:23.422718,True,long,22600000,-2103139,0,400000,400000,4685000000,4662400000,400000,21,30,24703139,0.5074444588888889,8537.886872998934,8579.272477693892
704,2018-05-11 13:47:55.368952,2018-05-11 14:06:07.733078,True,long,6729737,-805436,0,200000,200000,2339800000,2333070263,200000,4,24,7535173,0.3034344794444444,8547.739123001966,8572.395061211237
705,2018-05-11 20:38:28.037759,2018-05-11 20:48:09.702961,True,long,19307558,-474304,0,887177,887177,10546093477,10526785919,800000,8,37,19781862,0.16157366722222222,8412.375652983224,8427.805094798376
706,2018-05-11 20:50:42.749669,2018-05-11 20:55:19.321367,True,long,8800000,-2139904,0,400000,400000,4759800000,4751000000,400000,25,36,10939904,0.07682547166666667,8403.714441783268,8419.280151547042
707,2018-05-11 21:15:31.977917,2018-05-11 21:21:58.154355,True,long,17400000,-2143391,0,400000,400000,4771800000,4754400000,400000,9,2,19543391,0.10727123277777778,8382.580996688881,8413.259296651522
708,2018-05-11 21:28:34.176878,2018-05-11 21:31:49.670681,True,long,3000000,-1071315,0,200000,200000,2382200000,2379200000,200000,1,1,4071315,0.05430383416666667,8395.60070523046,8406.186953597848
709,2018-05-11 21:46:55.018821,2018-05-11 21:53:38.769250,True,long,27676124,7521,0,400000,400000,4790476124,4762800000,400000,2,10,27668603,0.11215289694444444,8349.900712290868,8398.421096833796
710,2018-05-11 21:58:09.854169,2018-05-11 22:04:37.242357,True,long,5400000,-1072020,0,200000,200000,2385000000,2379600000,200000,25,7,6472020,0.10760783,8385.744234800839,8404.773911581779
711,2018-05-11 22:08:23.554243,2018-05-11 22:09:14.145799,True,long,1948620,400818,0,79951,79951,951846451,949897831,79951,7,8,1547802,0.01405321,8399.569060325257,8416.7999326656
712,2018-05-11 23:57:30.803160,2018-05-11 23:59:19.004896,True,long,7400000,-1074174,0,200000,200000,2390800000,2383400000,200000,4,39,8474174,0.030056037777777777,8365.40070269366,8391.37366786943
713,2018-05-12 05:18:11.885682,2018-05-12 05:24:40.072520,True,long,9393887,2463337,0,418512,418512,5026293647,5016899760,400000,2,6,6930550,0.10782967722222223,8326.453434526127,8342.044290715508
714,2018-05-12 05:25:52.995730,2018-05-12 05:28:08.948145,True,long,6000000,-1077926,0,200000,200000,2398400000,2392400000,200000,8,1,7077926,0.03776455972222222,8338.892595063375,8359.806052499582
715,2018-05-12 05:35:42.220113,2018-05-12 06:53:03.938962,True,long,24024570,-1571247,0,1912301,1912301,23080382187,23056357617,1400000,48,54,25595817,1.2893663469444443,8285.395729179483,8294.029055959885
716,2018-05-12 07:14:47.508352,2018-05-12 07:20:47.354468,True,long,5200000,-1084225,0,200000,200000,2412000000,2406800000,200000,4,6,6284225,0.09995725444444445,8291.873963515754,8309.788931361143
717,2018-05-12 08:35:24.224640,2018-05-12 08:41:56.780015,True,long,4400000,-1084404,0,200000,200000,2412000000,2407600000,200000,7,7,5484404,0.10904315972222223,8291.873963515754,8307.02774547267
718,2018-05-12 08:53:46.486828,2018-05-12 09:43:38.369149,True,long,2212000,-3261636,0,600000,600000,7249212000,7247000000,400000,18,14,5473636,0.8310784225,8276.761667337085,8279.287981233614
719,2018-05-12 09:55:12.059801,2018-05-12 09:56:09.699883,True,short,11400000,-1057815,0,200000,200000,2345000000,2356400000,200000,1,1,12457815,0.01601113388888889,8528.784648187633,8487.523340689188
720,2018-05-12 09:56:14.487582,2018-05-12 09:56:41.471139,True,long,1938767,2623391,0,200000,200000,2355800000,2353861233,200000,9,1,-684624,0.0074954325,8489.685032685287,8496.677594927703
721,2018-05-12 09:58:46.676523,2018-05-12 09:59:42.796261,True,short,6800000,-1055693,0,200000,200000,2342600000,2349400000,200000,8,6,7855693,0.01558881611111111,8537.52241099633,8512.811781731505
722,2018-05-12 10:30:52.305715,2018-05-12 10:36:43.644693,True,short,5800000,-1054385,0,200000,200000,2340200000,2346000000,200000,14,4,6854385,0.09759416055555556,8546.27809588924,8525.149190110827
723,2018-05-12 14:06:38.517963,2018-05-12 19:53:51.567139,True,long,-9200000,-1062529,0,200000,200000,2356600000,2365800000,200000,7,4,-8137471,5.7869581044444445,8486.803021301876,8453.7999830924
724,2018-05-12 19:54:45.572240,2018-05-12 19:55:36.780248,True,short,4000000,-1060103,0,200000,200000,2353800000,2357800000,200000,1,12,5060103,0.014224446666666666,8496.89863199932,8482.483671218934
725,2018-05-12 20:02:17.323758,2018-05-12 20:03:47.454323,True,short,3000000,-1056375,0,200000,200000,2346000000,2349000000,200000,1,1,4056375,0.025036268055555557,8525.149190110827,8514.261387824607
726,2018-05-12 23:13:31.633348,2018-05-12 23:22:47.390092,True,short,7400000,-1055019,0,200000,200000,2340800000,2348200000,200000,10,4,8455019,0.15437687333333333,8544.087491455912,8517.162081594413
727,2018-05-13 14:52:55.996750,2018-05-13 14:54:02.971120,True,short,-8376389,1042557,0,200000,200000,2329400000,2321023611,200000,14,1,-9418946,0.018603991666666663,8585.901948999743,8616.887783999367
728,2018-05-13 14:55:35.819028,2018-05-13 15:10:56.796657,True,short,10639328,-1046024,0,200000,200000,2319200000,2329839328,200000,6,12,11685352,0.25582711916666667,8623.66333218351,8584.282941591757
729,2018-05-13 16:22:47.273887,2018-05-13 16:23:54.489904,True,short,2878656,-679602,0,130848,130848,1508808288,1511686944,130848,1,12,3558258,0.01867111583333333,8672.274737663689,8655.76040855189
730,2018-05-14 04:36:18.974695,2018-05-14 04:37:14.282113,True,long,2200000,-1076529,0,200000,200000,2393400000,2391200000,200000,4,6,3276529,0.015363171666666666,8356.313194618535,8364.001338240214
731,2018-05-14 20:37:52.366049,2018-05-14 20:41:49.149864,True,short,3436846,-1015014,0,200166,200166,2257632480,2261069326,200166,4,31,4451860,0.06577328194444444,8866.190656505793,8852.713965834411
732,2018-05-15 22:47:41.941061,2018-05-15 22:48:49.706912,True,long,5433702,-378828,0,167453,167453,1985230521,1979796819,167453,6,1,5812530,0.0188238475,8434.939833367593,8458.09016324114
733,2018-05-15 22:48:55.753727,2018-05-15 22:49:34.123187,True,short,3405690,606228,0,113523,113523,1342068906,1345474596,113523,5,1,2799462,0.010658183333333333,8458.805616646929,8437.394532568343
734,2018-05-16 02:23:23.557752,2018-05-16 02:44:50.491302,True,long,0,-5524085,0,1000000,1000000,12275800000,12275800000,800000,13,38,5524085,0.3574815416666667,8146.108603919907,8146.108603919907
735,2018-05-16 02:49:09.911952,2018-05-16 03:23:19.873671,True,long,32020248,989108,0,600000,600000,7380000000,7347979752,400000,38,21,31031140,0.5694338108333333,8130.081300813008,8165.509708116572
736,2018-05-16 03:48:23.234124,2018-05-16 04:04:44.820473,True,long,3800000,-1102266,-244860,200000,200000,2451400000,2447600000,200000,8,10,4657406,0.2726628747222222,8158.603247124092,8171.269815329302
737,2018-05-16 04:24:24.018078,2018-05-16 04:28:39.316067,True,short,13400000,-2188568,0,400000,400000,4856800000,4870200000,400000,3,18,15588568,0.07091610805555555,8235.875473562839,8213.215063036425
738,2018-05-16 05:55:47.596593,2018-05-16 06:00:07.688857,True,short,7600000,-1095478,0,200000,200000,2430600000,2438200000,200000,1,3,8695478,0.07224785111111111,8228.420966016622,8202.772537117546
739,2018-05-16 06:55:18.877797,2018-05-16 07:06:32.436701,True,short,5505604,-1093022,0,200000,200000,2426200000,2431705604,200000,4,5,6598626,0.18709969555555556,8243.34350012365,8224.67981613452
740,2018-05-16 10:21:41.965534,2018-05-16 10:23:24.403736,True,long,6200000,-1074720,0,200000,200000,2391400000,2385200000,200000,23,10,7274720,0.028455056111111113,8363.301831563102,8385.041086701325
741,2018-05-16 22:36:25.269513,2018-05-16 22:37:13.759420,True,short,8400000,-1075949,0,200000,200000,2386800000,2395200000,200000,2,1,9475949,0.013469418611111112,8379.420144126027,8350.033400133601
742,2018-05-17 00:19:52.442157,2018-05-17 00:20:35.704504,True,long,2872080,-966411,0,179505,179505,2149033860,2146161780,179505,16,1,3838491,0.01201731861111111,8352.82325425994,8364.001338240214
743,2018-05-19 07:34:57.371306,2018-05-19 07:35:23.446170,True,long,5084835,1525863,0,92702,92702,1136299648,1131214813,92702,4,1,3558972,0.007243017777777778,8158.2353882767375,8194.906832430243
744,2018-05-19 12:09:39.258219,2018-05-19 13:06:52.305490,True,long,1800000,-1078238,0,200000,200000,2397000000,2395200000,200000,7,9,2878238,0.9536242419444444,8343.763037129745,8350.033400133601
745,2018-05-20 10:15:42.020893,2018-05-20 10:36:38.290381,True,short,5414818,-1824895,0,338442,338442,4052674110,4058088928,338442,35,10,7239713,0.34896374666666663,8351.0785919078,8339.935521491854
746,2018-05-20 16:04:05.967856,2018-05-20 16:09:05.864660,True,short,-14800000,-1061893,0,200000,200000,2367200000,2352400000,200000,1,34,-13738107,0.08330466777777777,8448.80027036161,8501.955449753443
747,2018-05-20 16:13:01.673258,2018-05-20 16:16:51.447161,True,long,3600000,-1060193,0,200000,200000,2357800000,2354200000,200000,19,1,4660193,0.06382608416666666,8482.483671218934,8495.454931611588
748,2018-05-21 02:36:38.107432,2018-05-21 02:39:15.600177,True,short,1507950,-687635,0,200000,200000,2350200000,2351707950,200000,12,26,2195585,0.04374798472222222,8509.914049868097,8504.457366825673
749,2018-05-21 11:20:38.813142,2018-05-21 11:26:56.255298,True,short,1400000,-1060766,0,200000,200000,2356600000,2358000000,200000,31,9,2460766,0.10484504333333333,8486.803021301876,8481.764206955047
750,2018-05-21 11:53:26.833263,2018-05-21 11:59:30.548266,True,short,1600000,-1060015,0,200000,200000,2354800000,2356400000,200000,10,1,2660015,0.10103194527777778,8493.290300662477,8487.523340689188
751,2018-05-22 01:53:07.722621,2018-05-22 02:17:28.396830,True,long,4600000,-1084901,0,200000,200000,2413200000,2408600000,200000,5,5,5684901,0.4057428358333333,8287.75070445881,8303.578842481109
752,2018-05-22 10:02:34.722745,2018-05-22 10:04:34.236522,True,short,1800000,-1091456,0,200000,200000,2424600000,2426400000,200000,3,36,2891456,0.03319827138888889,8248.783304462591,8242.664029014177
753,2018-05-22 12:12:08.563477,2018-05-22 12:18:37.874921,True,long,6371776,-1339674,0,243717,243717,2980290589,2973918813,200000,20,29,7711450,0.10814206777777778,8177.625393293486,8195.146381758337
754,2018-05-22 12:27:27.923959,2018-05-22 12:59:37.207260,True,long,6637553,-2200788,0,400000,400000,4894000000,4887362447,400000,8,37,8838341,0.5359120280555555,8173.273395995096,8184.373562176286
755,2018-05-22 13:46:21.711528,2018-05-22 13:48:16.701823,True,short,1000000,-1092012,0,200000,200000,2426200000,2427200000,200000,1,8,2092012,0.03194174861111111,8243.34350012365,8239.947264337508
756,2018-05-22 18:02:57.532789,2018-05-22 22:50:57.695986,True,long,-146600000,2301707,-244280,400000,400000,4895000000,5041600000,400000,3,1,-149145987,4.800045332500001,8171.603677221655,7933.989209774675
757,2018-05-22 23:25:09.899373,2018-05-22 23:31:39.503020,True,long,4800000,-1686407,0,300000,300000,3750000000,3745200000,300000,11,16,6486407,0.10822323527777779,8000.0,8010.253123998718
758,2018-05-22 23:59:24.721593,2018-05-23 00:10:44.890485,True,long,11400000,-1686803,0,300000,300000,3754200000,3742800000,300000,27,21,13086803,0.18893580333333335,7991.05002397315,8015.38954793203
759,2018-05-23 00:56:37.028614,2018-05-23 03:18:27.511438,True,long,13185017,-5368806,0,943537,943537,11937406974,11924221957,900000,60,65,18553823,2.3640230066666668,7904.036463321134,7912.776224750712
760,2018-05-23 04:00:37.884952,2018-05-23 04:05:06.812040,True,short,2700000,-1699707,0,300000,300000,3775800000,3778500000,300000,14,4,4399707,0.0747019688888889,7945.3360877165105,7939.658594680429
761,2018-05-23 04:25:40.821433,2018-05-23 05:11:59.466051,True,long,11454880,-4277593,0,751960,751960,9511573400,9500118520,600000,33,48,15732473,0.7718457272222222,7905.7372358604725,7915.269671814579
762,2018-05-23 11:17:38.953644,2018-05-23 11:20:40.287413,True,long,1800000,-1722728,0,300000,300000,3829200000,3827400000,300000,1,13,3522728,0.05037049138888888,7834.534628643059,7838.219156607619
763,2018-05-23 14:18:38.126453,2018-05-23 14:41:11.008041,True,long,8968248,-1710829,0,300000,300000,3806368248,3797400000,300000,45,1,10679077,0.3758004411111111,7881.528545159302,7900.142202559646
764,2018-05-23 14:44:37.485383,2018-05-23 15:07:55.551298,True,long,11480312,1704527,0,300000,300000,3805043268,3793562956,300000,37,1,9775785,0.38835164305555553,7884.273025827784,7908.132894579014
765,2018-05-23 15:21:38.910012,2018-05-23 18:24:14.360567,True,long,-312415117,-18842194,0,3990342,3990342,52201303401,52513718518,1200000,116,147,-293572923,3.043180709722222,7644.142463928513,7598.66585839325
766,2018-05-24 01:31:53.355072,2018-05-24 01:36:12.452542,True,long,1500000,-1775445,0,300000,300000,3946200000,3944700000,300000,1,15,3275445,0.07197151944444444,7602.2502660787595,7605.141075366948
767,2018-05-24 01:44:17.900405,2018-05-24 01:49:29.932342,True,long,1612796,-1780673,0,300000,300000,3957900000,3956287204,300000,2,38,3393469,0.08667553805555556,7579.777154551656,7582.867080445659
768,2018-05-24 02:33:30.893147,2018-05-24 02:45:21.375478,True,long,9669834,-1783587,0,300000,300000,3968400000,3958730166,300000,1,29,11453421,0.19735620305555557,7559.721802237677,7578.187636444226
769,2018-05-24 04:31:18.166095,2018-05-24 04:31:55.924602,True,short,1425149,-361268,0,61963,61963,802111035,803536184,61963,1,4,1786417,0.010488474166666668,7724.990343762071,7711.2893275755705
770,2018-05-24 04:57:33.067896,2018-05-24 05:12:57.901473,True,short,6300000,-1751400,0,300000,300000,3888900000,3895200000,300000,18,42,8051400,0.25689821583333333,7714.263673532361,7701.786814540974
771,2018-05-24 06:23:16.447721,2018-05-24 06:29:37.963173,True,short,3125000,-457660,0,78125,78125,1015468750,1018593750,78125,2,8,3582660,0.10597651444444443,7693.491306354824,7669.888019634914
772,2018-05-24 06:34:27.468457,2018-05-24 06:40:31.414694,True,long,2818808,-1107584,0,300000,300000,3928018808,3925200000,300000,13,23,3926392,0.10109617694444445,7637.4379722674685,7642.922653622745
773,2018-05-24 06:40:59.505434,2018-05-24 06:48:23.190476,True,long,3900000,-1767619,0,300000,300000,3930000000,3926100000,300000,1,6,5667619,0.123245845,7633.587786259542,7641.170627340109
774,2018-05-24 07:54:17.167410,2018-05-24 08:00:34.498903,True,long,4200000,-1786578,0,300000,300000,3972300000,3968100000,300000,6,21,5986578,0.10481430361111112,7552.2996752511135,7560.293339381568
775,2018-05-24 08:01:19.989244,2018-05-24 09:26:03.549937,True,long,-278000000,-10898263,0,1800000,1800000,24079600000,24357600000,900000,107,95,-267101737,1.4121001925,7475.2072293559695,7389.8906296186815
776,2018-05-24 09:29:09.961632,2018-05-24 09:30:25.548735,True,short,7611577,1581352,0,300000,300000,4088400000,4096011577,300000,20,4,6030225,0.0209964175,7337.83387144115,7324.198048769334
777,2018-05-24 09:44:58.293395,2018-05-24 09:48:17.167460,True,short,3368894,-260843,0,135593,135593,1843522428,1846891322,135593,13,13,3629737,0.05524279583333334,7355.104442483083,7341.688077951779
778,2018-05-24 09:49:48.536133,2018-05-24 09:50:29.638578,True,long,2400000,-1228136,0,200000,200000,2730400000,2728000000,200000,4,4,3628136,0.011417345833333334,7324.93407559332,7331.378299120234
779,2018-05-24 09:57:39.988952,2018-05-24 09:59:25.930277,True,short,1664718,-922885,0,151338,151338,2050024548,2051689266,151338,2,1,2587603,0.029428145833333336,7382.253063635021,7376.263185070443
780,2018-05-24 12:57:52.882520,2018-05-24 12:58:35.947751,True,short,4500000,-1796642,0,300000,300000,3990300000,3994800000,300000,11,1,6296642,0.011962564166666665,7518.2317119013605,7509.762691498949
781,2018-05-24 13:12:01.935113,2018-05-24 13:18:19.490414,True,long,-482400,-120339,0,20100,20100,267189300,267671700,20100,2,11,-362061,0.1048764725,7522.756337922215,7509.198768491402
782,2018-05-24 13:18:19.490414,2018-05-24 13:19:52.485140,True,short,1231529,181360,0,30129,30129,401171395,402402924,30129,6,1,1050169,0.025831868333333334,7510.256308279408,7487.271638215035
783,2018-05-24 14:04:09.295741,2018-05-24 14:14:53.999361,True,long,7200000,-1804674,0,300000,300000,4014000000,4006800000,300000,9,4,9004674,0.1790843388888889,7473.841554559043,7487.271638215035
784,2018-05-24 14:42:03.787659,2018-05-24 14:43:13.453379,True,long,-1800000,-1786714,0,300000,300000,3990600000,3992400000,300000,4,5,-13286,0.019351588888888886,7517.666516313337,7514.277126540427
785,2018-05-24 14:45:17.355119,2018-05-24 14:47:26.793364,True,short,3300000,-1796097,0,300000,300000,3989700000,3993000000,300000,15,4,5096097,0.03595506805555555,7519.362358072036,7513.1480090157775
786,2018-05-24 15:06:38.288484,2018-05-24 15:18:57.312962,True,short,8563200,-1796051,0,300000,300000,3987000000,3995563200,300000,36,29,10359251,0.20528457722222224,7524.4544770504135,7508.328237681236
787,2018-05-24 15:41:40.245469,2018-05-24 15:50:02.294008,True,short,281820,-841618,0,140910,140910,1870157520,1870439340,140910,10,22,1123438,0.1394579275,7534.659433393611,7533.524182612626
788,2018-05-24 18:04:32.963991,2018-05-25 01:31:30.933781,True,long,22698684,1514345,1032151,300000,300000,4004400000,3981701316,300000,15,3,22216490,7.449436052777777,7491.759065028468,7534.467710937663
789,2018-05-25 02:59:02.049662,2018-05-25 03:02:51.825910,True,short,3900000,-1771782,0,300000,300000,3935400000,3939300000,300000,48,16,5671782,0.06382673555555556,7623.113279463333,7615.56621734826
790,2018-05-25 03:17:46.787972,2018-05-25 03:23:56.289944,True,short,6130696,-1397114,0,235796,235796,3101660584,3107791280,235796,16,9,7527810,0.10263943666666667,7602.2502660787595,7587.253414264036
791,2018-05-25 06:07:53.005377,2018-05-25 06:09:51.252350,True,short,7800000,1763490,0,300000,300000,3922800000,3930600000,300000,1,1,6036510,0.03284638138888889,7647.598654022637,7632.422530911312
792,2018-05-25 06:56:21.577949,2018-05-25 07:14:28.548810,True,long,-37418697,1689348,0,600000,600000,8054207548,8091626245,600000,15,3,-39108045,0.30193635027777777,7449.522456731208,7415.073087078801
793,2018-05-25 07:14:28.548810,2018-05-25 07:16:42.121476,True,short,-219004,332116,0,54751,54751,738371986,738152982,54751,1,1,-551120,0.037103518333333335,7415.0971377725045,7417.2971369233055
794,2018-05-25 07:16:42.121476,2018-05-25 08:55:02.685420,True,long,65,18,0,1,1,13482,13417,1,1,1,47,1.6390455400000001,7417.2971369233055,7453.230975627935
795,2018-05-25 08:55:02.685420,2018-05-25 08:55:46.707619,True,short,3053289,-815585,0,299999,299999,4025333283,4028386572,299999,9,17,3868874,0.012228388611111111,7452.774190573775,7447.125409591898
796,2018-05-25 08:55:46.707619,2018-05-25 09:03:38.659928,True,long,-13,-6,0,1,1,13428,13441,1,1,1,-7,0.13109786361111112,7447.125409591898,7439.922624804702
797,2018-05-25 09:03:38.659928,2018-05-25 09:10:28.147310,True,short,4377889,-1842260,0,304453,304453,4091732773,4096110662,304453,9,1,6220149,0.113746495,7440.686303098416,7432.733759476736
798,2018-05-25 09:10:28.147310,2018-05-26 22:41:53.924393,True,long,119415866,-650231,788496,1313238,1313238,17564335658,17444919792,600001,32,27,120854593,37.5238269675,7476.7302650690435,7527.910793847461
799,2018-05-28 11:09:18.270965,2018-05-28 11:39:13.084776,True,long,-6183775,5605187,0,300000,300000,4148956034,4155139809,300000,1,1,-11788962,0.49855939194444443,7230.73461231091,7219.973666113529
800,2018-05-28 12:14:04.890799,2018-05-28 12:14:58.595077,True,long,-1410283,4352126,0,600000,600000,8267489717,8268900000,600000,2,43,-5762409,0.014917855,7257.341956727831,7256.104197656278
801,2018-05-28 12:49:17.691685,2018-05-28 12:58:53.501980,True,short,-20076052,1843364,0,300000,300000,4126500000,4106423948,300000,12,1,-21919416,0.15994730416666667,7270.0836059614685,7305.626593818023
802,2018-05-29 01:49:24.593041,2018-05-29 03:04:46.735204,True,long,2285710,-539437,0,114835,114835,1616876800,1614591090,114835,9,8,2825147,1.2561506008333334,7102.272727272727,7112.327121785368
803,2018-05-29 11:07:37.211043,2018-05-29 11:09:48.387865,True,short,5400000,1849098,0,300000,300000,4111800000,4117200000,300000,1,16,3550902,0.03643800611111111,7296.0747118050485,7286.50539201399
804,2018-05-29 11:27:24.493730,2018-05-29 11:28:57.571783,True,short,12300000,-1818509,0,300000,300000,4035000000,4047300000,300000,7,10,14118509,0.025855014722222222,7434.944237918216,7412.348973389667
805,2018-05-29 11:32:33.983791,2018-05-29 11:41:06.870441,True,short,8017418,1316316,0,297258,297258,3998953438,4006970856,297258,2,20,6701102,0.1424685138888889,7433.394877152356,7418.521638481316
806,2018-05-29 11:44:27.609250,2018-05-29 11:49:46.777711,True,long,1373699,226390,0,37127,37127,502402564,501028865,37127,1,1,1147309,0.08865790583333333,7389.8906296186815,7410.151908114116
807,2018-05-29 11:52:32.831759,2018-05-29 11:53:26.740803,True,short,3600000,-1821129,0,300000,300000,4045200000,4048800000,300000,37,2,5421129,0.014974734444444445,7416.196974191635,7409.6028452874925
808,2018-05-29 12:02:28.881053,2018-05-29 12:12:46.752330,True,short,7989068,-1461503,0,240998,240998,3243796946,3251786014,240998,5,1,9450571,0.17163091027777777,7429.503264597993,7411.250277921886
809,2018-05-29 13:23:45.167088,2018-05-29 13:37:36.898153,True,short,10200000,-1814399,0,300000,300000,4026900000,4037100000,300000,1,1,12014399,0.23103640694444444,7449.899426357744,7431.076763022962
810,2018-05-29 14:17:10.383977,2018-05-29 14:19:11.333911,True,long,2400000,-1821817,0,300000,300000,4049700000,4047300000,300000,7,11,4221817,0.033597203888888885,7407.956144899622,7412.348973389667
811,2018-05-29 17:59:33.638926,2018-05-29 18:00:22.520750,True,short,9152602,5389022,0,300000,300000,3987300000,3996452602,300000,1,1,3763580,0.013578284444444444,7523.888345496953,7506.6572752512275
812,2018-05-29 18:03:03.298024,2018-05-29 18:10:28.423817,True,long,2062074,-1802997,0,300000,300000,4007700000,4005637926,300000,1,11,3865071,0.12364605361111111,7485.590238790329,7489.443767564328
813,2018-05-29 18:12:54.827965,2018-05-29 18:14:51.899202,True,short,15288895,1790477,0,300000,300000,3986511605,4001800500,300000,1,4,13498418,0.032519788055555554,7525.376312055161,7496.625581410168
814,2018-05-29 18:36:12.860185,2018-05-29 18:52:26.881138,True,short,2842316,302335,0,50000,50000,667600000,670442316,50000,1,1,2539981,0.27056137583333334,7489.514679448772,7457.763152288854
815,2018-05-29 18:53:53.010561,2018-05-29 18:57:47.206559,True,long,3800000,1210641,0,200000,200000,2688400000,2684600000,200000,1,21,2589359,0.0650544438888889,7439.369141496801,7449.899426357744
816,2018-05-30 14:55:47.722458,2018-05-30 14:57:18.566084,True,long,15600000,5497874,0,300000,300000,4080300000,4064700000,300000,1,1,10102126,0.025234340555555557,7352.400558782442,7380.618495829951
817,2018-05-30 16:41:18.808133,2018-05-31 04:47:23.433768,True,long,17941009,3594048,-696456,614307,614307,8415048225,8397107216,314308,5,15,13650505,12.10128489861111,7300.100766802201,7315.697944519374
818,2018-05-31 04:47:23.433768,2018-05-31 04:47:53.210361,True,short,14756508,938651,0,299999,299999,4000186666,4014943174,299999,4,9,13817857,0.008271275833333333,7499.625018749062,7472.060923370867
819,2018-05-31 04:47:53.210361,2018-05-31 06:29:05.489240,True,long,232,6,0,1,1,13382,13150,1,1,1,226,1.6867441330555557,7472.724555372889,7604.5627376425855
820,2018-05-31 06:29:05.489240,2018-05-31 06:30:27.372078,True,short,5761808,429695,0,299999,299999,3945825020,3951586828,299999,8,22,5332113,0.02274523277777778,7602.947380570869,7591.861524445794
821,2018-05-31 06:30:27.372078,2018-06-01 00:33:32.743577,True,long,1769187,41097,-1,238274,238274,3161813475,3160044288,157889,22,17,1728089,18.051492083055557,7535.991666934116,7540.21077821046
822,2018-06-01 00:33:32.743577,2018-06-01 04:01:11.796628,True,short,6598737,-1929580,102131,329060,329060,4389319233,4395917970,135147,44,19,8630448,3.4608480697222226,7496.834532472476,7485.580992313194
823,2018-06-01 04:01:11.796628,2018-06-01 04:05:10.332566,True,long,-5994,-6005,0,999,999,13341645,13347639,999,1,1,11,0.06625998277777777,7487.832272557095,7484.469725319961
824,2018-06-01 04:05:10.332566,2018-06-01 11:53:32.049666,True,short,258,-6,0,1,1,13361,13619,1,1,1,264,7.806032527777778,7484.469725319961,7342.683016374183
825,2018-06-01 11:53:32.049666,2018-06-01 11:54:36.920039,True,long,34199886,-1830862,0,299999,299999,4085686381,4051486495,299999,1,4,36030748,0.018019548055555556,7342.683016374183,7404.664938911515
826,2018-06-01 11:54:36.920039,2018-06-03 06:46:02.235636,True,short,-722426,-181001,429166,628759,628759,8198861651,8198139225,328759,31,47,-112259,42.85703211027778,7668.857297077472,7669.533082368456
827,2018-06-03 06:46:02.235636,2018-06-03 11:28:48.717858,True,long,-1033713,-467865,0,80209,80209,1039187804,1040221517,80209,1,5,-565848,4.712911728333333,7718.431614695894,7710.761476201997
828,2018-06-03 11:28:48.717858,2018-06-04 06:39:49.829520,True,short,19125109,-1342212,45364,897606,897606,11656734358,11675859467,362629,14,29,20512685,19.183642128333332,7700.321311551329,7687.708151480786
829,2018-06-04 06:39:49.829520,2018-06-04 06:40:33.788412,True,long,6899977,-1778265,0,299999,299999,3955186816,3948286839,299999,8,24,8678242,0.012210803333333332,7584.9514563106795,7598.206823189727
830,2018-06-04 06:40:33.788412,2018-06-04 07:06:44.569769,True,short,11,-6,0,1,1,13161,13172,1,1,1,17,0.43632815472222225,7598.206823189727,7591.861524445794
831,2018-06-04 07:06:44.569769,2018-06-04 07:08:09.311875,True,long,1358680,-402365,0,67934,67934,894826648,893467968,67934,2,1,1761045,0.02353947388888889,7591.861524445794,7603.406326034064
832,2018-06-04 07:08:09.311875,2018-06-04 08:13:52.096774,True,short,23,-6,0,1,1,13152,13175,1,1,1,29,1.0952180275,7603.406326034064,7590.132827324478
833,2018-06-04 08:13:52.096774,2018-06-04 15:10:10.613263,True,long,-6287119,-1793424,-489,700183,700183,9265209553,9271496672,300367,65,60,-4494184,6.9384768025,7557.11995497486,7551.995376480679
834,2018-06-04 15:10:10.613263,2018-06-04 16:39:06.483389,True,short,21,-6,0,1,1,13328,13349,1,1,1,27,1.482186146111111,7503.001200480192,7491.197842535022
835,2018-06-04 16:39:06.483389,2018-06-04 18:54:17.524314,True,long,14606768,606386,0,501128,501128,6710006219,6695399451,499999,23,24,14000382,2.253066923611111,7468.36863699187,7484.661724330031
836,2018-06-04 18:54:17.524314,2018-06-05 02:50:27.423979,True,short,3778259,-1794983,1,300001,300001,3987013343,3990791602,300001,9,22,5573243,7.936083240277778,7524.454377026648,7517.330643114849
837,2018-06-05 02:50:27.423979,2018-06-05 15:18:18.996966,True,long,29615494,-674195,-674382,1400101,1400101,18900145971,18870530477,600001,47,19,29615307,12.464325829722222,7407.884585379851,7419.510552215198
838,2018-06-05 15:18:18.996966,2018-06-05 15:22:21.788048,True,short,4495497,405541,0,264441,264441,3541129431,3545624928,264441,14,8,4089956,0.06744196722222222,7467.702188036741,7458.233890214797
839,2018-06-05 15:22:21.788048,2018-06-05 15:49:45.547455,True,long,21,-6,0,1,1,13408,13387,1,1,1,27,0.45659983527777775,7458.233890214797,7469.933517591693
840,2018-06-05 15:49:45.547455,2018-06-05 16:28:48.908706,True,short,-41399841,-3578961,0,599999,599999,7973986613,7932586772,599999,15,27,-37820880,0.6509336808333333,7524.454568582056,7563.7243845581725
841,2018-06-05 16:28:48.908706,2018-06-05 18:09:26.217173,True,long,3863276,-1210700,0,203325,203325,2692429636,2688566360,203325,20,26,5073976,1.677030129722222,7551.729385287453,7562.580675895982
842,2018-06-05 18:09:26.217173,2018-06-06 16:29:03.086025,True,short,50335031,3199629,576450,1060906,1060906,13883990901,13934325932,600001,34,23,47711852,22.326908014444445,7641.217914681778,7613.615507325281
843,2018-06-06 16:29:03.086025,2018-06-06 16:29:47.435309,True,long,10269643,4747942,0,299999,299999,3970256443,3959986800,299999,9,1,5521701,0.012319245555555554,7556.161782167279,7575.757575757576
844,2018-06-06 16:29:47.435309,2018-06-06 16:30:49.526316,True,short,43,18,0,1,1,13200,13243,1,1,1,25,0.017247501944444445,7575.757575757576,7551.159102922298
845,2018-06-06 16:30:49.526316,2018-06-06 16:33:27.470740,True,long,-3910516,5366002,0,299999,299999,3972876228,3976786744,299999,1,1,-9276518,0.04387345111111111,7551.1791151627085,7543.753771876886
846,2018-06-06 16:33:27.470740,2018-06-06 16:35:56.772738,True,short,30,18,0,1,1,13256,13286,1,1,1,12,0.04147277722222222,7543.753771876886,7526.719855486979
847,2018-06-06 16:35:56.772738,2018-06-06 16:38:58.285665,True,long,5347878,1777643,0,304601,304601,4048621552,4043273674,304601,3,30,3570235,0.050420257499999996,7523.573050425732,7533.524182612626
848,2018-06-06 16:38:58.285665,2018-06-06 18:12:47.148352,True,short,55,-6,0,1,1,13274,13329,1,1,1,61,1.563572968611111,7533.524182612626,7502.438292445045
849,2018-06-06 18:12:47.148352,2018-06-06 18:15:49.738444,True,long,2099993,-1798927,0,299999,299999,3998686671,3996586678,299999,10,8,3898920,0.05071947,7502.438292445045,7506.380423359856
850,2018-06-06 18:15:49.738444,2018-06-06 20:50:33.215280,True,short,-220,6,3,1,1,13322,13102,1,1,1,-223,2.5787435655555555,7506.380423359856,7632.422530911312
851,2018-06-06 20:50:33.215280,2018-06-06 20:53:04.014503,True,long,-1467095,623727,0,125821,125821,1650185172,1651652267,125821,4,4,-2090822,0.04188867305555556,7624.659470640305,7617.886798202178
852,2018-06-06 20:53:04.014503,2018-06-10 03:47:23.324692,True,short,10465354,1855999,24,427768,427768,5571227495,5581692849,384668,12,21,8609379,78.90536394138888,7678.164289358283,7663.768171633408
853,2018-06-10 03:47:23.324692,2018-06-10 03:48:11.601516,True,long,2099979,618899,0,99999,99999,1374286257,1372186278,99999,1,12,1481080,0.013410228888888888,7276.431637924762,7287.567409998543
854,2018-06-10 03:48:11.601516,2018-06-10 07:58:58.782343,True,short,168,-6,11,1,1,13722,13890,1,1,1,185,4.179772451944444,7287.567409998543,7199.424046076314
855,2018-06-10 07:58:58.782343,2018-06-10 17:35:15.961816,True,long,34133295,-2239666,-1,766531,766531,10631155578,10597022283,400001,16,49,36372960,9.604772075833333,7210.232174442552,7233.456527025404
856,2018-06-10 20:37:04.597959,2018-06-13 05:00:42.301415,True,long,26336026,-5449973,1832005,1937902,1937902,28847090964,28820754938,448499,100,114,33618004,56.39380651555555,6717.842025798799,6723.980701299699
857,2018-06-13 05:00:42.301415,2018-06-13 05:01:04.521964,True,short,11871075,3418626,0,199999,199999,3020674749,3032545824,199999,7,1,8452449,0.006172374722222222,6621.004133801895,6595.085832411151
858,2018-06-13 05:01:04.521964,2018-06-13 18:06:31.831738,True,long,-83523992,1570930,-13937,1855882,1855882,29190970479,29274494471,850001,31,91,-85108859,13.090919381666668,6357.726274757198,6339.586843552432
859,2018-06-13 18:06:31.831738,2018-06-13 18:11:34.320230,True,short,3232476,-294521,0,41442,41442,652877268,656109744,41442,2,1,3526997,0.08402458111111111,6347.594261774788,6316.321374431531
860,2018-06-13 18:11:34.320230,2018-06-14 02:42:57.103884,True,long,77971237,2627554,-636242,1228121,1228121,19587187933,19509216696,600001,50,41,74707441,8.522995459444445,6270.022037879632,6295.081033426643
861,2018-06-14 02:42:57.103884,2018-06-14 02:43:37.548392,True,short,6999965,-1388185,0,199999,199999,3081384593,3088384558,199999,15,11,8388150,0.011234585555555555,6490.5562406698255,6475.845097785261
862,2018-06-14 02:43:37.548392,2018-06-14 03:58:18.101719,True,long,55,-6,0,1,1,15442,15387,1,1,1,61,1.2445981463888889,6475.845097785261,6498.992656138298
863,2018-06-14 03:58:18.101719,2018-06-14 04:32:35.063048,True,short,7495296,-1386479,-175445,199999,199999,3077384613,3084879909,199999,23,53,8706330,0.5713781469444446,6498.992656138298,6483.20213102986
864,2018-06-14 04:32:35.063048,2018-06-14 08:14:37.336015,True,long,12978493,-249047,0,236601,236601,3663147629,3650169136,100001,13,13,13227540,3.7006313797222226,6458.953445580612,6481.918814843652
865,2018-06-14 08:14:37.336015,2018-06-14 08:18:20.040967,True,short,6299979,-2071752,0,299999,299999,4600784664,4607084643,299999,1,37,8371731,0.06186248666666667,6520.605112154408,6511.688480823077
866,2018-06-14 08:18:20.040967,2018-06-14 20:46:14.505522,True,long,1828000,-2117831,18,305529,305529,4707274197,4705446197,305529,27,14,3945849,12.465129043055555,6490.571554015637,6493.093050235975
867,2018-06-14 20:46:14.505522,2018-06-14 20:48:28.149070,True,short,6599967,1347909,0,199999,199999,2999385003,3005984970,199999,1,49,5252058,0.03712320777777778,6668.000266720011,6653.35994677312
868,2018-06-14 20:48:28.149070,2018-06-14 20:55:02.569241,True,long,22,-6,0,1,1,15030,15008,1,1,1,28,0.10956115861111111,6653.35994677312,6663.113006396588
869,2018-06-14 20:55:02.569241,2018-06-14 20:58:51.243338,True,short,1514485,-292571,0,43271,43271,649411168,650925653,43271,12,1,1807056,0.06352058249999999,6663.113006396588,6647.610184138802
870,2018-06-14 20:58:51.243338,2018-06-14 21:38:44.997009,True,long,66,7,0,1,1,15043,14977,1,1,1,59,0.6649315752777778,6647.610184138802,6676.904587033451
871,2018-06-14 21:38:44.997009,2018-06-14 21:39:48.376069,True,short,8809448,1058840,0,208608,208608,3120310552,3129120000,208608,4,14,7750608,0.017605294444444444,6685.488400066149,6666.666666666667
872,2018-06-14 21:39:48.376069,2018-06-14 23:38:32.465058,True,long,19001751,-3180471,0,466652,466652,7077258912,7058257161,400875,20,29,22182222,1.9789136080555556,6593.68274924573,6611.433805195696
873,2018-06-14 23:38:32.465058,2018-06-15 00:31:46.043382,True,short,10154655,-2287440,0,337186,337186,5078175862,5088330517,309403,24,33,12442095,0.88710509,6639.903956914204,6626.652865285952
874,2018-06-15 00:31:46.043382,2018-06-15 00:56:40.953352,True,long,17401498,4597309,0,224734,224734,3414147211,3396745713,224734,2,2,12804189,0.41525276944444445,6582.4343858382035,6616.156138503383
875,2018-06-15 00:56:40.953352,2018-06-15 00:57:57.814112,True,short,512560,-348366,0,51256,51256,773914344,774426904,51256,8,9,860926,0.02135021111111111,6622.955162593549,6618.571712224502
876,2018-06-15 00:57:57.814112,2018-06-16 10:15:38.992417,True,long,81767768,-1207623,39,1400516,1400516,21802979639,21721211871,600001,57,54,82975430,33.294771751388886,6423.507351696243,6447.68813230826
877,2018-06-16 10:15:38.992417,2018-06-16 10:18:54.844024,True,short,850895,-345292,0,49999,49999,771583656,772434551,49999,2,8,1196187,0.05440322416666667,6480.0491315746585,6472.910868017348
878,2018-06-16 10:18:54.844024,2018-06-16 10:35:50.983642,True,long,36,-6,0,1,1,15449,15413,1,1,1,42,0.282261005,6472.910868017348,6488.02958541491
879,2018-06-16 10:35:50.983642,2018-06-16 10:38:11.433102,True,short,1199976,-347056,0,49999,49999,770634587,771834563,49999,1,1,1547032,0.039013738888888885,6488.02958541491,6477.942605428516
880,2018-06-16 10:38:11.433102,2018-06-16 13:13:41.794541,True,long,-181,-7,6,1,1,15437,15618,1,1,1,-168,2.591767066388889,6477.942605428516,6402.868485081316
881,2018-06-16 13:13:41.794541,2018-06-16 13:15:06.434491,True,short,3199984,-1406311,0,199999,199999,3123584382,3126784366,199999,27,23,4606295,0.02351109722222222,6402.868485081316,6396.315722144045
882,2018-06-16 13:15:06.434491,2018-06-16 16:48:47.546481,True,long,32239261,1716233,0,628851,628851,9925270356,9893031095,428851,21,15,30523028,3.561419997222222,6335.857638576551,6356.504836195504
883,2018-06-16 16:48:47.546481,2018-06-16 16:49:39.492742,True,short,1352700,208147,0,30060,30060,460519200,461871900,30060,2,1,1144553,0.014429516944444444,6527.415143603133,6508.298080052066
884,2018-06-16 16:49:39.492742,2018-06-16 16:58:27.494375,True,long,48,7,0,1,1,15365,15317,1,1,1,41,0.14666712027777776,6508.298080052066,6528.6936084089575
885,2018-06-16 16:58:27.494375,2018-06-16 17:11:48.295207,True,short,15671905,-694295,0,299999,299999,4591712733,4607384638,299999,11,30,16366200,0.22244467555555555,6533.487991179173,6511.264493216379
886,2018-06-16 17:11:48.295207,2018-06-18 01:28:23.805681,True,long,-160,-6,52,1,1,15362,15522,1,1,1,-102,32.27653068722222,6509.569066527796,6442.468754026543
887,2018-06-18 01:28:23.805681,2018-06-18 01:29:12.015263,True,short,1357000,-206359,0,29500,29500,457899000,459256000,29500,2,1,1563359,0.013391550555555555,6442.468754026543,6423.432682425489
888,2018-06-18 01:29:12.015263,2018-06-18 08:43:18.930310,True,long,82,-7,3,1,1,15568,15486,1,1,1,92,7.235254179722221,6423.432682425489,6457.445434586078
889,2018-06-18 08:43:18.930310,2018-06-18 08:47:47.029645,True,short,1788393,484698,0,291775,291775,4509079082,4510867475,291775,9,21,1303695,0.0744720375,6470.8335048890585,6468.268057464934
890,2018-06-18 08:47:47.029645,2018-06-18 17:13:58.678458,True,long,1191151,-753089,0,108225,108225,1674132525,1672941374,108225,4,2,1944240,8.436569114722221,6464.541987200207,6469.144805788036
891,2018-06-18 17:13:58.678458,2018-06-18 17:15:39.334281,True,short,11039998,-4313,0,399999,399999,5902745620,5913785618,399999,4,41,11044311,0.027959950833333334,6776.490564741633,6763.8400482849565
892,2018-06-18 17:15:39.334281,2018-06-19 13:05:50.468791,True,long,8430913,-2552032,6,582427,582427,8640074788,8631643875,382427,25,68,10982951,19.83642625277778,6740.994890564135,6747.57912205918
893,2018-06-19 13:05:50.468791,2018-06-19 13:27:57.349329,True,short,-599927,-1994125,0,300001,300001,4431714729,4431114802,299999,10,18,1394198,0.3685779272222222,6769.41135305643,6770.327861164722
894,2018-06-19 13:27:57.349329,2018-06-19 13:32:18.702768,True,long,2699973,-665463,0,99999,99999,1480185198,1477485225,99999,15,17,3365436,0.0725981775,6755.843804891231,6768.18950930626
895,2018-06-19 13:32:18.702768,2018-06-19 14:10:13.116038,True,short,72,-6,0,1,1,14775,14847,1,1,1,78,0.6317814638888889,6768.18950930626,6735.367414292449
896,2018-06-19 14:10:13.116038,2018-06-19 14:22:58.619816,True,long,2099979,-667620,0,99999,99999,1484685153,1482585174,99999,18,13,2767599,0.21263993833333333,6735.367414292449,6744.907594765952
897,2018-06-19 14:22:58.619816,2018-06-20 01:02:19.841736,True,short,251,-6,1,1,1,14826,15077,1,1,1,258,10.655894977777779,6744.907594765952,6632.619221330503
898,2018-06-20 01:02:19.841736,2018-06-20 01:10:19.373710,True,long,10474662,-2724870,0,399999,399999,6060584923,6050110261,226205,13,56,13199532,0.1332033261111111,6600.006518875736,6611.433225910922
899,2018-06-20 01:10:19.373710,2018-06-20 01:26:48.019080,True,short,2800053,-1366826,0,200001,200001,3036015163,3038815216,200001,9,11,4166879,0.2746237138888889,6587.615320154447,6581.545299199265
900,2018-06-20 01:26:48.019080,2018-06-20 01:30:02.939615,True,long,-199999,-1369464,0,199999,199999,3043184784,3043384783,199999,18,18,1169465,0.05414459305555556,6572.029442691904,6571.597555365709
901,2018-06-20 01:30:02.939615,2018-06-22 07:09:36.909362,True,short,34211116,-8057043,-36,2162973,2162973,32188014079,32222225195,500001,137,127,42268123,53.659436040833334,6719.808791842053,6712.674208284143
902,2018-06-22 07:09:36.909362,2018-06-22 07:12:06.805397,True,long,499216,-5427,0,399999,399999,6153283835,6152784619,399999,6,7,504643,0.0416377875,6500.577752074393,6501.105186825328
903,2018-06-22 07:12:06.805397,2018-06-22 08:34:51.441956,True,short,9400291,-1381976,0,200001,200001,3066415381,3075815672,200001,21,4,10782267,1.3790657108333333,6522.306183279609,6502.372746867258
904,2018-06-22 08:34:51.441956,2018-06-22 08:36:58.926716,True,long,12599969,429,0,399999,399999,6274184328,6261584359,399999,10,60,12599540,0.03541243333333333,6375.31476744972,6388.143592205494
905,2018-06-22 08:36:58.926716,2018-06-22 08:44:23.181040,True,short,70,-8,0,1,1,15641,15711,1,1,1,78,0.12340397888888889,6393.453104021482,6364.967220418815
906,2018-06-22 08:44:23.181040,2018-06-23 00:35:02.228291,True,long,30633727,-1926972,3,489758,489758,7951575318,7920941591,200001,22,19,32560702,15.844179791944445,6159.257510789512,6183.078039061379
907,2018-06-23 00:35:02.228291,2018-06-23 00:35:39.160127,True,short,9199954,1467992,0,199999,199999,3248383758,3257583712,199999,19,1,7731962,0.010258843333333333,6156.877231867997,6139.489194499018
908,2018-06-23 00:35:39.160127,2018-06-23 11:02:26.185469,True,long,51059148,-6992906,19,1730673,1730673,28438573199,28387514051,500001,81,48,58052073,10.446395928333333,6085.653411264868,6096.599360164945
909,2018-06-23 11:02:26.185469,2018-06-23 11:06:03.952763,True,short,8189153,-10917,0,399999,399999,6478594607,6486783760,399999,3,7,8200070,0.060490915,6174.163136674867,6166.368647380346
910,2018-06-23 11:06:03.952763,2018-06-24 07:42:47.886190,True,long,-302385354,2134892,4463079,4336012,4336012,71628138108,71930523462,902811,194,252,-300057167,20.61220372972222,6053.503713110923,6028.055672764096
911,2018-06-24 07:42:47.886190,2018-06-24 07:48:07.808922,True,short,2599987,-1530032,0,199999,199999,3398783006,3401382993,199999,1,7,4130019,0.08886742555555556,5884.429798752501,5879.931792791203
912,2018-06-24 07:48:07.808922,2018-06-24 09:39:59.361679,True,long,49504863,2599574,0,800001,800001,13685421340,13635916477,600001,54,17,46905289,1.8643202102777778,5845.643916433485,5866.8663844441935
913,2018-06-24 09:39:59.361679,2018-06-24 09:40:48.100062,True,short,4999975,1524635,0,199999,199999,3390583047,3395583022,199999,1,1,3475340,0.013538439722222222,5898.661003952103,5889.975262103899
914,2018-06-24 09:40:48.100062,2018-06-24 10:37:21.527431,True,long,60,7,0,1,1,16978,16918,1,1,1,53,0.9426187136111112,5889.975262103899,5910.864168341412
915,2018-06-24 10:37:21.527431,2018-06-24 10:43:31.949959,True,short,6001775,431782,0,199999,199999,3383781276,3389783051,199999,5,2,5569993,0.10289514666666667,5910.517958667255,5900.053100477904
916,2018-06-24 10:43:31.949959,2018-06-24 10:50:14.670147,True,long,41,-8,0,1,1,16949,16908,1,1,1,49,0.1118667188888889,5900.053100477904,5914.360066240833
917,2018-06-24 10:50:14.670147,2018-06-24 11:22:14.592498,True,short,19236481,-4325903,0,599999,599999,10116746603,10135983084,599999,15,35,23562384,0.5333117641666667,5930.750502558574,5919.494883008627
918,2018-06-24 11:22:14.592498,2018-06-24 11:31:23.647841,True,long,31,-8,0,1,1,16916,16885,1,1,1,39,0.15251537305555554,5911.563017261764,5922.416345869115
919,2018-06-24 11:31:23.647841,2018-06-24 12:05:59.721032,True,short,11805097,-2333064,-3842524,306862,306862,5178735226,5190540323,306862,20,24,10295637,0.5766869975,5925.42361423287,5911.947136606417
920,2018-06-24 12:05:59.721032,2018-06-24 13:02:05.744369,True,long,53,-8,0,1,1,16925,16872,1,1,1,61,0.9350064825000001,5908.419497784343,5926.979611190138
921,2018-06-24 13:02:05.744369,2018-06-24 13:33:11.054899,True,short,5199974,-1519638,0,199999,199999,3374383128,3379583102,199999,1,6,6719612,0.5181418138888889,5926.979611190138,5917.860101787193
922,2018-06-24 13:33:11.054899,2018-06-24 13:56:27.020235,True,long,45,-8,0,1,1,16898,16853,1,1,1,53,0.3877681488888889,5917.860101787193,5933.661662611998
923,2018-06-24 13:56:27.020235,2018-06-24 14:05:29.969002,True,short,9194486,-3972396,0,524565,524565,8823006097,8832200583,524565,4,44,13166882,0.15081910194444445,5945.422617109634,5939.233320964989
924,2018-06-24 14:05:29.969002,2018-06-24 16:18:40.272183,True,long,-2886201,-939078,0,1000001,1000001,17020130741,17023016942,600001,33,12,-1947123,2.219528661388889,5875.401400948615,5874.4052444238005
925,2018-06-24 16:18:40.272183,2018-06-24 16:36:12.979492,True,short,-4267782,292670,0,399999,399999,6751026690,6746758908,399999,5,30,-4560452,0.2924186969444444,5925.009903938034,5928.75787403192
926,2018-06-24 16:36:12.979492,2018-06-24 16:40:14.438395,True,long,75,7,0,1,1,16880,16805,1,1,1,68,0.0670719175,5924.1706161137445,5950.609937518596
927,2018-06-24 16:40:14.438395,2018-06-24 16:43:49.921194,True,short,-135807854,5042265,0,226841,226841,3802919460,3667111606,226841,2,1,-140850119,0.05985633305555556,5964.917279631265,6185.822095756526
928,2018-06-24 16:44:27.271682,2018-06-24 16:44:59.895011,True,long,8691981,2662868,0,200000,200000,3243763433,3235071452,200000,6,14,6029113,0.009062035833333332,6165.677742258463,6182.2436681067775
929,2018-06-24 16:44:59.895011,2018-06-24 22:18:38.424682,True,short,123241676,-4561156,-6490606,1921928,1921928,30879795092,31003036768,803511,65,90,121312226,5.560702686388889,6223.901403082536,6199.160470576003
930,2018-06-24 22:18:38.424682,2018-06-25 06:26:59.923575,True,long,28377183,-237575,-325942,400175,400175,6521332496,6492955313,200175,32,9,28288816,8.139305248055555,6136.3992749251165,6163.218145037617
931,2018-06-25 06:26:59.923575,2018-06-25 06:34:49.902683,True,short,7457484,720328,0,300976,300976,4872566712,4880024196,269356,7,18,6737156,0.13054975222222223,6176.949804684377,6167.510403876694
932,2018-06-25 06:34:49.902683,2018-06-25 11:19:14.227420,True,long,121,-8,0,1,1,16218,16097,1,1,1,129,4.740090204722222,6165.988407941793,6212.337702677518
933,2018-06-25 11:19:14.227420,2018-06-25 12:05:38.329592,True,short,-999974,-2890891,320878,399999,399999,6424783903,6423783929,399999,30,31,2211795,0.7733617144444445,6225.874769316735,6226.843935304475
934,2018-06-25 12:05:38.329592,2018-06-25 14:10:59.995495,True,long,14241809,1454489,0,2200001,2200001,35925257986,35911016177,800001,58,128,12787320,2.089351639722222,6123.827978792347,6126.256603702122
935,2018-06-25 14:10:59.995495,2018-06-25 14:11:23.482639,True,short,4839976,1454823,0,199999,199999,3235343823,3240183799,199999,1,19,3385153,0.006524206666666667,6181.692300466206,6172.458490216653
936,2018-06-25 14:11:23.482639,2018-06-25 14:17:38.563289,True,long,68,7,0,1,1,16201,16133,1,1,1,61,0.10418906944444445,6172.458490216653,6198.475175106923
937,2018-06-25 14:17:38.563289,2018-06-25 14:37:44.822469,True,short,-24221684,81642,0,664595,664595,10623513654,10599291970,599999,14,24,-24303326,0.33507199444444447,6255.886909410283,6270.18296958943
938,2018-06-25 14:37:44.822469,2018-06-27 14:55:43.731803,True,long,58502900,2972745,-2,971716,971716,15740620243,15682117343,371716,31,62,55530153,48.299697037222224,6173.30184579055,6196.331647994863
939,2018-06-27 14:55:43.731803,2018-06-27 14:56:47.492651,True,short,1300724,259064,0,199999,199999,3309682721,3310983445,199999,6,7,1041660,0.01771134666666667,6042.845096026956,6040.471156750226
940,2018-06-27 14:56:47.492651,2018-06-29 11:33:31.541770,True,long,-73416846,7615018,-1216500,1000001,1000001,16808213565,16881630411,400001,24,27,-82248364,44.61223586638889,5949.47818893923,5923.604389232473
941,2018-06-29 11:33:31.541770,2018-06-29 11:36:51.741804,True,short,-1023648,-491729,0,63978,63978,1093256064,1092232416,63978,9,3,-531919,0.05561112055555555,5852.059925093633,5857.544517338331
942,2018-06-29 11:36:51.741804,2018-06-30 01:35:04.386541,True,long,14001193,1527472,3,200001,200001,3415417072,3401415879,200001,2,2,12473724,13.970179093611112,5855.829486818236,5879.933742733021
943,2018-06-30 01:35:04.386541,2018-06-30 01:49:49.548982,True,short,-24344888,1948916,0,1449999,1449999,22533252424,22508907536,849999,23,39,-26293804,0.24587845583333331,6434.929910320522,6441.889717130517
944,2018-06-30 01:49:49.548982,2018-06-30 02:13:02.350177,True,long,37380276,487132,0,500001,500001,7802148321,7764768045,500001,18,13,36893144,0.3868892208333333,6408.504163580358,6439.3552660207
945,2018-06-30 02:13:02.350177,2018-06-30 02:15:56.446593,True,short,2399976,-699999,0,99999,99999,1554384456,1556784432,99999,2,24,3099975,0.048360115555555555,6433.350488934637,6423.432682425489
946,2018-06-30 02:15:56.446593,2018-06-30 03:29:14.987174,True,long,4400046,-1408298,0,200001,200001,3131815568,3127415522,200001,2,26,5808344,1.2218168280555557,6386.10402360705,6395.088807134212
947,2018-06-30 03:29:14.987174,2018-06-30 03:47:31.235480,True,short,22862994,1915635,0,199999,199999,3104794178,3127657172,199999,9,7,20947359,0.30451341833333334,6441.618623777257,6394.530762209765
948,2018-06-30 03:47:31.235480,2018-06-30 03:54:02.044006,True,long,57,7,0,1,1,15710,15653,1,1,1,50,0.10855792388888888,6365.372374283896,6388.551715326135
949,2018-06-30 03:54:02.044006,2018-06-30 14:22:00.033799,True,short,20106312,1416358,313406,199999,199999,3120484347,3140590659,199999,8,1,19003360,10.466108275833333,6409.229393900882,6368.196995901464
950,2018-06-30 14:22:00.033799,2018-07-02 04:35:31.308632,True,long,11599822,1438123,-10,200001,200001,3190015703,3178415881,200001,2,14,10161689,38.22535412027778,6269.592961937843,6292.474222633045
951,2018-07-02 04:35:31.308632,2018-07-02 04:41:36.264414,True,short,2300000,-1428797,0,199999,199999,3173984119,3176284119,199999,12,21,3728797,0.10137660611111111,6301.197249311127,6296.6344478958745
952,2018-07-02 04:41:36.264414,2018-07-02 19:19:24.447723,True,long,2400872,-714554,-2,100001,100001,1589115881,1586715009,100001,11,3,3115424,14.630050919166667,6292.870217688045,6302.392013233928
953,2018-07-02 19:19:24.447723,2018-07-02 19:23:51.151207,True,short,7899921,680733,0,99999,99999,1500884991,1508784912,99999,9,1,7219188,0.07408430111111111,6662.66906522753,6627.783669141039
954,2018-07-02 19:23:51.151207,2018-07-03 04:32:46.628855,True,long,12,7,-4,1,1,15088,15076,1,1,1,1,9.14874379111111,6627.783669141039,6633.059166887769
955,2018-07-03 04:32:46.628855,2018-07-03 10:10:49.529224,True,short,46154017,2629421,0,383649,383649,5774709824,5820863841,383649,12,3,43524596,5.634138991388888,6643.606548082025,6590.92894937207
956,2018-07-03 10:10:49.529224,2018-07-03 10:21:50.017272,True,long,8643806,2743556,0,400001,400001,6092459001,6083815195,200001,3,27,5900250,0.18346890222222223,6565.509918644424,6574.83811028221
957,2018-07-03 10:21:50.017272,2018-07-03 10:25:32.523109,True,short,1199994,1367282,0,199999,199999,3038984805,3040184799,199999,1,26,-167288,0.06180717694444445,6581.112207963146,6578.514571409775
958,2018-07-03 10:25:32.523109,2018-07-03 11:33:26.892045,True,long,17569108,3961550,0,400001,400001,6110808726,6093239618,400001,6,34,13607558,1.1317691488888888,6545.794802872709,6564.668798160499
959,2018-07-03 11:33:26.892045,2018-07-03 11:42:18.586673,True,short,4199979,-1365503,0,199999,199999,3032384838,3036584817,199999,1,33,5565482,0.1476929522222222,6595.435958316844,6586.313640255549
960,2018-07-03 11:42:18.586673,2018-07-04 08:09:32.398675,True,long,62969423,7630348,-309299,2202671,2202671,34017588440,33954619017,600001,102,170,55029776,20.453836667222223,6475.094505552787,6487.102679306143
961,2018-07-04 08:09:32.398675,2018-07-04 08:32:31.839213,True,short,12464933,2755386,0,399999,399999,6129319706,6141784639,399999,2,12,9709547,0.3831779272222222,6525.993408508947,6512.748712483795
962,2018-07-04 08:32:31.839213,2018-07-04 08:47:28.392956,True,long,4209554,1095714,0,200001,200001,3079424909,3075215355,200001,4,6,3113840,0.2490427063888889,6494.751647149192,6503.64208395415
963,2018-07-04 08:47:28.392956,2018-07-04 09:07:05.990295,True,short,11599942,-1384539,0,199999,199999,3070984645,3082584587,199999,14,11,12984481,0.3271103719444444,6512.536633018561,6488.02958541491
964,2018-07-04 09:07:05.990295,2018-07-04 09:45:58.562054,True,long,40,-6,0,1,1,15413,15373,1,1,1,46,0.6479365997222222,6488.02958541491,6504.911207962012
965,2018-07-04 09:45:58.562054,2018-07-04 14:44:14.162015,True,short,-83799581,-1364709,306938,199999,199999,3074584627,2990785046,199999,1,1,-82127934,4.970999989166667,6504.911207962012,6687.174000267487
966,2018-07-04 14:44:14.162015,2018-07-04 18:32:48.332167,True,long,4,-6,0,1,1,14954,14950,1,1,1,10,3.809491708888889,6687.174000267487,6688.963210702341
967,2018-07-04 18:32:48.332167,2018-07-04 22:37:05.278501,True,short,4599977,-1346503,224459,199999,199999,2989985050,2994585027,199999,11,34,6170939,4.0713739816666665,6688.963210702341,6678.688305616777
968,2018-07-04 22:37:05.278501,2018-07-04 23:01:38.358939,True,long,29007770,-1325231,0,600001,600001,9139422939,9110415169,400001,7,72,30333001,0.40918901055555557,6564.976848151528,6585.8798843945415
969,2018-07-04 23:01:38.358939,2018-07-04 23:14:29.555112,True,short,12026151,-1465041,0,214231,214231,3249670039,3261696190,199999,24,14,13491192,0.21422115916666667,6592.39237919441,6568.0856683344255
970,2018-07-04 23:14:29.555112,2018-07-05 00:38:24.365647,True,long,11600005,4025328,0,200001,200001,3075615226,3064015221,200001,2,3,7574677,1.3985584819444443,6502.796523741751,6527.4153545074705
971,2018-07-05 00:38:24.365647,2018-07-05 00:39:27.080892,True,short,4399978,-1370862,0,199999,199999,3044184779,3048584757,199999,3,15,5770840,0.01742090138888889,6569.8705735497015,6560.3883749917995
972,2018-07-05 00:39:27.080892,2018-07-05 01:48:22.274721,True,long,337,7,0,1,1,15243,14906,1,1,1,330,1.1486649525,6560.3883749917995,6708.707902857909
973,2018-07-05 01:48:22.274721,2018-07-05 01:48:39.560449,True,short,21241859,2005588,0,199999,199999,2981185094,3002426953,199999,1,8,19236271,0.004801591111111111,6708.707902857909,6661.244490899692
974,2018-07-05 01:48:39.560449,2018-07-07 23:26:47.758365,True,long,9141660,-1212334,-18,236418,236418,3609654789,3600513129,200001,4,9,10353976,69.63561053222223,6549.601383502271,6566.230743495784
975,2018-07-07 23:26:47.758365,2018-07-07 23:28:23.236852,True,short,21599935,-585462,0,399999,399999,5862985332,5884585267,399999,5,14,22185397,0.026521801944444444,6822.445859054385,6797.4034167393775
976,2018-07-07 23:28:23.236852,2018-07-09 22:10:39.609769,True,long,26625272,-3989165,-892224,1800001,1800001,26662951346,26636326074,400001,72,97,29722213,46.7045480325,6750.94432211098,6757.692464791531
977,2018-07-09 22:10:39.609769,2018-07-09 22:12:53.811524,True,short,23870828,5293889,0,399999,399999,5880385262,5904256090,399999,2,19,18576939,0.03727826527777778,6802.258392572647,6774.756953335335
978,2018-07-09 22:12:53.811524,2018-07-13 00:25:58.403489,True,long,166855002,-4629997,98844,3210982,3210982,50637215779,50470360777,433635,119,104,171583843,74.2179422125,6341.150378436963,6362.114220240102
979,2018-07-13 00:25:58.403489,2018-07-13 01:26:41.162604,True,short,8999955,-1440305,0,199999,199999,3196184019,3205183974,199999,3,1,10440260,1.0118775319444444,6257.430698955009,6239.860227130912
980,2018-07-13 01:26:41.162604,2018-07-13 02:43:20.355646,True,long,16,-8,0,1,1,16026,16010,1,1,1,24,1.2775536227777777,6239.860227130912,6246.096189881324
981,2018-07-13 02:43:20.355646,2018-07-13 06:36:53.676683,True,short,2155279,-330846,48416,45857,45857,734170570,736325849,45857,6,24,2534541,3.8925891769444445,6246.096189881324,6227.8134147100955
982,2018-07-13 06:36:53.676683,2018-07-13 18:21:49.722172,True,long,284,6,0,1,1,16057,15773,1,1,1,278,11.748901524722221,6227.8134147100955,6339.948012426298
983,2018-07-13 18:21:49.722172,2018-07-13 18:22:43.844371,True,short,14611772,395885,0,199999,199999,3156172374,3170784146,199999,3,4,14215887,0.015033944166666667,6336.757828804188,6307.556452630251
984,2018-07-13 18:22:43.844371,2018-07-13 21:49:31.026813,True,long,54706245,1240880,741368,1404930,1404930,22726973682,22672267437,600001,40,30,54206733,3.446439567222222,6181.77333972415,6196.689430838421
985,2018-07-13 21:49:31.026813,2018-07-13 21:49:47.705153,True,short,10694785,1583597,0,199999,199999,3206158123,3216852908,199999,1,13,9111188,0.004632872222222222,6237.964327625272,6217.225521957251
986,2018-07-13 21:49:47.705153,2018-07-14 16:05:15.828815,True,long,111,-8,0,1,1,16084,15973,1,1,1,119,18.257812128333335,6217.358865953743,6260.564702936204
987,2018-07-14 16:05:15.828815,2018-07-14 18:16:08.593269,True,short,4799976,-1438625,0,199999,199999,3194584027,3199384003,199999,7,24,6238601,2.1813234594444446,6260.564702936204,6251.172094767769
988,2018-07-14 18:16:08.593269,2018-07-14 19:14:23.641252,True,long,7399922,10755,0,400001,400001,6427815997,6420416075,200001,10,26,7389167,0.9708466619444445,6222.969048689151,6230.1414009215905
989,2018-07-14 19:14:23.641252,2018-07-14 20:45:16.612532,True,short,-11199944,-1444214,319158,199999,199999,3214983925,3203783981,199999,3,8,-9436572,1.5147142444444444,6220.839813374806,6242.586928022973
990,2018-07-14 20:45:16.612532,2018-07-15 14:04:12.927324,True,long,268,-8,5,1,1,16019,15751,1,1,1,281,17.315642997777775,6242.586928022973,6348.803250587264
991,2018-07-15 14:04:12.927324,2018-07-16 09:21:36.334061,True,short,-60367374,1376835,-4160955,199999,199999,3150184249,3089816875,199999,13,1,-65905164,19.289835204722223,6348.803250587264,6472.843151910095
992,2018-07-16 09:21:36.334061,2018-07-16 12:32:20.777656,True,long,330,7,3,1,1,15449,15119,1,1,1,326,3.1790121097222226,6472.910868017348,6614.194060453734
993,2018-07-16 12:32:20.777656,2018-07-16 12:48:54.236065,True,short,5399973,-1361907,0,199999,199999,3023784881,3029184854,199999,17,10,6761880,0.27596066916666667,6614.194060453734,6602.403274792025
994,2018-07-16 12:48:54.236065,2018-07-16 15:01:05.053097,True,long,63,-6,0,1,1,15146,15083,1,1,1,69,2.203004731111111,6602.403274792025,6629.980773055758
995,2018-07-16 15:01:05.053097,2018-07-16 17:40:56.755976,True,short,11425519,2390206,0,599999,599999,8989378578,9000804097,599999,3,9,9035313,2.6643619108333336,6674.53255855079,6666.059982351819
996,2018-07-16 17:40:56.755976,2018-07-16 17:41:53.380092,True,long,20,-6,0,1,1,15026,15006,1,1,1,26,0.01572892111111111,6655.13110608279,6664.001066240171
997,2018-07-16 17:41:53.380092,2018-07-16 19:03:28.379183,True,short,10266749,-2700758,0,399999,399999,5996584994,6006851743,399999,19,11,12967507,1.359721969722222,6670.4466025283855,6659.0456550910085
998,2018-07-16 19:03:28.379183,2018-07-16 19:59:30.299058,True,long,36,-6,0,1,1,15021,14985,1,1,1,42,0.9338666319444444,6657.346381732242,6673.34000667334
999,2018-07-16 19:59:30.299058,2018-07-17 04:52:39.155073,True,short,-16721048,-2687797,539882,799999,799999,11945906143,11929185095,599999,14,28,-13493369,8.8857933375,6696.846521507113,6706.233440332078
1000,2018-07-17 04:52:39.155073,2018-07-17 04:53:24.453611,True,long,19,-6,0,1,1,14905,14886,1,1,1,25,0.012582927222222222,6709.1580006709155,6717.721348918447
1001,2018-07-17 04:53:24.453611,2018-07-17 05:06:27.906417,True,short,7599962,-1341439,0,199999,199999,2977185114,2984785076,199999,8,3,8941401,0.21762577944444444,6717.721348918447,6700.616456714018
1002,2018-07-17 05:06:27.906417,2018-07-17 14:30:24.552122,True,long,24669235,-2735769,0,406290,406290,6091892075,6067222840,200001,21,39,27405004,9.39906825138889,6669.356498736068,6696.473999956132
1003,2018-07-17 14:30:24.552122,2018-07-17 17:44:13.555348,True,short,-595096861,2269214,0,799999,799999,11873683012,11278586151,599999,47,8,-597366075,3.230278673888889,6737.58091058596,7093.078771482978
1004,2018-07-17 21:18:17.064174,2018-07-17 21:58:21.395251,True,short,-7750000,-6115408,0,1000000,1000000,13593750000,13586000000,750000,41,45,-1634592,0.6678697436111111,7356.3218390804595,7360.518180479906
1005,2018-07-17 22:07:38.571592,2018-07-17 22:12:06.588111,True,short,4000000,-1526056,0,250000,250000,3389250000,3393250000,250000,2,11,5526056,0.07444903305555556,7376.263185070443,7367.5679658144845
1006,2018-07-17 22:43:44.520452,2018-07-17 22:54:03.103936,True,long,-7016450,3082775,0,1000000,1000000,13673819030,13680835480,1000000,4,33,-10099225,0.17182874555555555,7313.245829903309,7309.495106946495
1007,2018-07-17 22:54:03.103936,2018-07-18 01:24:44.670673,True,short,6659101,-2170165,0,853630,853630,11640811210,11647470311,603630,36,36,8829266,2.5115463158333333,7333.080011354295,7328.887537011555
1008,2018-07-18 01:24:44.670673,2018-07-18 02:52:05.612057,True,long,2039245,-54265,0,8905,8905,121606680,119567435,8905,1,1,2093510,1.455817051111111,7322.788517867604,7447.680047665152
1009,2018-07-18 02:52:05.612057,2018-07-18 02:53:00.917127,True,short,17599935,-1460689,0,241095,241095,3237182565,3254782500,241095,1,13,19060624,0.015362519444444445,7447.680047665152,7407.407407407408
1010,2018-07-18 02:53:00.917127,2018-07-18 03:03:35.145767,True,long,694590,53630,0,8905,8905,120217500,119522910,8905,1,1,640960,0.17617462222222224,7407.407407407408,7450.454477723141
1011,2018-07-18 03:03:35.145767,2018-07-18 03:40:27.463477,True,short,30999340,-29360,0,991095,991095,13212727090,13243726430,991095,7,36,31028700,0.6145326972222221,7501.063128368906,7483.505531758406
1012,2018-07-18 03:40:27.463477,2018-07-18 04:40:13.088729,True,long,783353,1460710,-11937,258905,258905,3484171368,3483388015,258905,2,24,-689294,0.9960070144444444,7430.891671342154,7432.562748827165
1013,2018-07-18 04:40:13.088729,2018-07-18 08:14:06.446157,True,short,14914773,-177882,0,251095,251095,3368241985,3383156758,251095,3,7,15092655,3.5648215077777774,7454.779113799331,7421.914441482702
1014,2018-07-18 08:14:06.446157,2018-07-18 08:16:29.140993,True,long,7915742,1525607,0,248905,248905,3386303307,3378387565,248905,1,1,6390135,0.03963745444444445,7350.345714321449,7367.5679658144845
1015,2018-07-18 08:16:29.140993,2018-07-18 18:37:35.522496,True,short,61850459,-4516642,437023,1751095,1751095,23329681239,23391531698,751095,53,69,66804124,10.35177263972222,7505.867663003949,7486.021106303699
1016,2018-07-18 18:37:35.522496,2018-07-18 18:38:13.895517,True,long,4191243,1085191,0,213227,213227,2859514000,2855322757,213227,3,1,3106052,0.010659172500000001,7456.756637666401,7467.702188036741
1017,2018-07-18 18:38:13.895517,2018-07-18 18:47:34.053339,True,short,2831521,-222227,0,36773,36773,492427243,495258764,36773,1,5,3053748,0.155599395,7467.702188036741,7425.007425007425
1018,2018-07-18 18:47:34.053339,2018-07-18 18:48:43.519011,True,long,6080957,-2813250,0,463227,463227,6254741236,6248660279,463227,2,31,8894207,0.01929602,7406.0138145097835,7413.221063669863
1019,2018-07-18 18:48:43.519011,2018-07-18 19:08:49.911314,True,short,2353472,-223543,0,36773,36773,495589721,497943193,36773,3,1,2577015,0.3351089730555556,7420.048972323218,7384.978952809985
1020,2018-07-18 19:08:49.911314,2018-07-18 19:20:52.892138,True,long,17138275,-601004,0,714427,714427,9698083607,9680945332,714427,14,18,17739279,0.20082800666666667,7366.68221218811,7379.723523884475
1021,2018-07-18 19:20:52.892138,2018-07-18 19:32:36.841891,True,short,1456306,650069,0,35573,35573,480804668,482260974,35573,1,1,806237,0.19554159805555554,7398.63865048831,7376.296635605435
1022,2018-07-18 19:32:36.841891,2018-07-18 19:37:55.490354,True,long,14138999,1311319,0,214427,214427,2906973656,2892834657,214427,1,8,12827680,0.08851346194444444,7376.296636105463,7412.348973389667
1023,2018-07-18 19:37:55.490354,2018-07-18 19:44:33.883740,True,short,2418964,-216504,0,35573,35573,479915343,482334307,35573,1,2,2635468,0.11066482944444445,7412.348973389667,7375.17516041006
1024,2018-07-18 19:44:33.883740,2018-07-18 21:09:47.581280,True,long,45199362,181857,-690700,2377112,2377112,32540861259,32495661897,1038845,138,88,44326805,1.4204715388888889,7305.006407421221,7315.167198423661
1025,2018-07-18 21:09:47.581280,2018-07-18 22:12:25.290570,True,short,187720,-17729,0,2888,2888,39305680,39493400,2888,2,1,205449,1.0438081361111111,7347.538574577517,7312.614259597806
1026,2018-07-18 22:12:25.290570,2018-07-18 22:38:23.548595,True,long,33329608,-3055848,0,497112,497112,6807506600,6774176992,497112,41,8,36385456,0.4328494513888889,7302.409372618163,7338.337935177469
1027,2018-07-18 22:38:23.548595,2018-07-18 22:51:32.759651,True,short,19829784,-26067,0,502888,502888,6815073008,6834902792,502888,5,50,19855851,0.21922529333333332,7379.0552120230495,7357.6467040410835
1028,2018-07-18 22:51:32.759651,2018-07-18 23:02:16.743596,True,long,216160,-37749,0,6176,6176,83999776,83783616,6176,1,4,253909,0.17888442916666666,7352.400558782442,7371.369600471768
1029,2018-07-18 23:02:16.743596,2018-07-19 00:42:26.406830,True,short,21978444,-885196,0,443824,443824,6013666384,6035644828,257234,12,43,22863640,1.6693508983333332,7380.256430267582,7353.38166256989
1030,2018-07-19 00:42:26.406830,2018-07-19 00:57:20.217522,True,long,6001007,-783560,0,127681,127681,1744250141,1738249134,127681,5,1,6784567,0.24828074777777778,7320.108337603397,7345.379756133392
1031,2018-07-19 00:57:20.217522,2018-07-19 01:22:59.234106,True,short,245814,-14262,0,2319,2319,31570866,31816680,2319,1,1,260076,0.4275046066666667,7345.379756133392,7288.62973760933
1032,2018-07-19 01:22:59.234106,2018-07-19 01:26:58.653304,True,long,7182749,-1527560,0,247681,247681,3398183320,3391000571,247681,20,1,8710309,0.06650533277777777,7288.62973760933,7304.068366079907
1033,2018-07-19 01:26:58.653304,2018-07-20 06:40:55.649695,True,short,87838961,5063874,2037661,3854546,3854546,51874479342,51962318303,1004546,112,140,84812748,29.2324989975,7430.524699028988,7417.9638743667465
1034,2018-07-20 06:40:55.649695,2018-07-20 06:43:10.861051,True,long,2715295,-1504064,0,246845,246845,3343762370,3341047075,246845,18,20,4219359,0.037558709999999995,7382.253063635021,7388.252678241596
1035,2018-07-20 06:43:10.861051,2018-07-20 12:29:13.415165,True,short,-720024,-4588664,306519,753155,753155,10197452925,10196732901,253155,44,9,4175159,5.767376142777778,7385.716860271753,7386.238389417238
1036,2018-07-20 12:29:13.415165,2018-07-20 17:05:15.826496,True,long,19833665,-119862,0,520363,520363,7044797467,7024963802,520363,3,25,19953527,4.600669814166666,7386.486303368414,7407.3406592052925
1037,2018-07-20 17:05:15.826496,2018-07-20 17:06:22.798610,True,short,3343911,-278079,0,45807,45807,616287378,619631289,45807,1,5,3621990,0.018603365,7432.733759476736,7392.622163081245
1038,2018-07-20 17:06:22.798610,2018-07-20 17:06:49.040372,True,long,4696439,-1241894,0,204193,204193,2762118711,2757422272,204193,7,1,5938333,0.007289378333333334,7392.622163081245,7405.21327014218
1039,2018-07-20 17:06:49.040372,2018-07-20 19:30:57.716285,True,short,6138138,-279741,0,45807,45807,618577728,624715866,45807,1,1,6417879,2.4024099758333333,7405.21327014218,7332.453438920663
1040,2018-07-20 19:30:57.716285,2018-07-20 22:38:22.782393,True,long,8167720,1247166,-278131,204193,204193,2784784134,2776616414,204193,1,1,6642423,3.123629474444445,7332.453438920663,7354.022650389763
1041,2018-07-20 22:38:22.782393,2018-07-20 22:44:09.700233,True,short,778719,280019,0,45807,45807,622883586,623662305,45807,1,8,498700,0.09636606666666667,7354.022650389763,7344.840249724569
1042,2018-07-20 22:44:09.700233,2018-07-21 05:45:58.504221,True,long,10042823,818148,-343376,500001,500001,6875413615,6865370792,500001,29,23,8881299,7.03022333,7272.304300488255,7282.942395225548
1043,2018-07-21 05:45:58.504221,2018-07-22 00:03:04.718074,True,short,-278526,14092,6195,2283,2283,31178931,30900405,2283,1,1,-286423,18.28505940361111,7322.252324815113,7388.252678241596
1044,2018-07-22 00:03:04.718074,2018-07-22 00:16:46.815924,True,long,2477170,-1508224,0,247717,247717,3352849595,3350372425,247717,1,1,3985394,0.2283605138888889,7388.252678241596,7393.715341959334
1045,2018-07-22 00:16:46.815924,2018-07-22 21:20:25.725523,True,short,18037613,-1551300,3,752283,752283,10039377575,10057415188,252283,16,46,19588916,21.060808221944445,7493.323110720836,7479.884104790524
1046,2018-07-22 21:20:25.725523,2018-07-23 02:20:39.447071,True,long,25331666,-1032787,0,2539978,2539978,34204529448,34179197782,1049999,71,78,26364453,5.003811541111111,7425.852777368107,7431.3563946127615
1047,2018-07-23 02:20:39.447071,2018-07-23 02:28:08.356335,True,short,14435950,4437381,0,249999,249999,3279736881,3294172831,249999,1,1,9998569,0.12469701777777778,7622.532205198567,7589.128222034079
1048,2018-07-23 02:28:08.356335,2018-07-23 02:32:42.434983,True,long,61,6,0,1,1,13177,13116,1,1,1,55,0.07613295777777777,7588.980799878576,7624.275693809088
1049,2018-07-23 02:32:42.434983,2018-07-23 08:36:12.641963,True,short,3010380,322135,327799,749999,749999,9740807652,9743818032,499999,7,18,3016044,6.058390827777777,7699.556615780303,7697.177816097377
1050,2018-07-23 08:36:12.641963,2018-07-23 20:31:03.473503,True,long,14684087,2004941,-390323,150570,150570,1962468332,1947784245,150570,2,8,12288823,11.914119872222223,7672.480495343861,7730.3223078488345
1051,2018-07-23 20:31:03.473503,2018-07-24 04:36:01.917139,True,short,8053716,-256289,7701,255970,255970,3304590644,3312644360,255970,5,7,8317706,8.08290101,7745.891324383959,7727.059478247161
1052,2018-07-24 04:36:01.917139,2018-07-24 04:36:31.969581,True,long,7657044,2481335,0,144030,144030,1841855640,1834198596,144030,1,1,5175709,0.008347900555555555,7819.831091648421,7852.475752303978
1053,2018-07-24 04:36:31.969581,2018-07-24 14:22:24.305349,True,short,-128732500,8226790,-2684711,5743312,5743312,71053444232,70924711732,1575428,128,84,-139644001,9.764537713333333,8083.0874028389635,8097.758679234387
1054,2018-07-24 14:22:24.305349,2018-07-24 17:34:35.984553,True,long,3131818,-166005,0,30406,30406,370466704,367334886,30406,1,1,3297823,3.2032442233333334,8207.485226526593,8277.46047512623
1055,2018-07-24 17:34:35.984553,2018-07-24 22:24:02.152661,True,short,54010904,672058,568490,983805,983805,11858867646,11912878550,533805,9,7,53907336,4.823935585555556,8295.943840235352,8258.331484458893
1056,2018-07-24 22:24:02.152661,2018-07-24 22:24:14.568884,True,long,3891510,1179028,0,216195,216195,2618121450,2614229940,216195,1,2,2712482,0.0034489508333333334,8257.638315441784,8269.930532583527
1057,2018-07-24 22:24:14.568884,2018-07-25 10:07:59.499612,True,short,217642643,-6100119,321775,3952421,3952421,47124790716,47342433359,970039,159,119,224064537,11.729147424444445,8387.13751286339,8348.58016280785
1058,2018-07-25 10:07:59.499612,2018-07-25 16:31:32.263012,True,long,7798980,-9213240,-29201,2469732,2469732,30390647142,30382848162,1001105,97,66,16983019,6.392434277777777,8126.618654944074,8128.704678480103
1059,2018-07-25 16:31:32.263012,2018-07-25 17:06:40.636808,True,short,1781533,-1374565,0,330150,330150,4047647917,4049429450,230150,13,16,3156098,0.5856593877777777,8156.5888824811045,8153.00041836758
1060,2018-07-25 17:06:40.636808,2018-07-25 21:34:55.807295,True,long,60514000,-1480115,-1663020,269850,269850,3319420550,3258906550,269850,10,6,60331095,4.470880690833333,8129.430903234,8280.384719838008
1061,2018-07-25 21:34:55.807295,2018-07-25 21:46:22.036150,True,short,6882050,-918275,0,230150,230150,2767093450,2773975500,230150,2,4,7800325,0.19061912638888887,8317.391665973551,8296.756766597253
1062,2018-07-25 21:46:22.036150,2018-07-25 21:48:39.781828,True,long,3602195,-925609,0,369850,369850,4479726895,4476124700,369850,8,2,4527804,0.038262688333333336,8256.08365574259,8262.72780112672
1063,2018-07-25 21:48:39.781828,2018-07-25 23:32:43.006421,True,short,41808274,2369331,0,430150,430150,5202475300,5244283574,230150,9,4,39438943,1.7342290536111111,8268.179572135596,8202.264311803974
1064,2018-07-25 23:32:43.006421,2018-07-25 23:33:13.610938,True,long,3603852,1045218,0,189850,189850,2320912952,2317309100,189850,1,1,2558634,0.008501254722222223,8179.97072386539,8192.692118630182
1065,2018-07-25 23:33:13.610938,2018-07-25 23:57:31.080590,True,short,15825100,-1373361,0,250150,250150,3044010900,3059836000,250150,12,2,17198461,0.4048526811111111,8217.776092720298,8175.274753287431
1066,2018-07-25 23:57:31.080590,2018-07-26 00:02:03.370664,True,long,5926507,-1254081,0,227927,227927,2789826480,2783899973,227927,9,16,7180588,0.07563613166666666,8169.934640522876,8187.327210409079
1067,2018-07-26 00:02:03.370664,2018-07-26 21:50:33.469599,True,short,36996219,-6952847,4457412,1771333,1771333,21444416947,21481413166,753650,40,101,48406478,21.80836081527778,8260.11266418602,8245.886740838827
1068,2018-07-26 21:50:33.469599,2018-07-26 21:57:24.422473,True,long,7652675,-5271258,0,982333,982333,12360626162,12352973487,982333,13,22,12923933,0.11415357611111111,7947.2753817275425,7952.198723924938
1069,2018-07-26 21:57:24.422473,2018-07-26 21:57:50.678326,True,short,565344,-99813,0,17667,17667,221526513,222091857,17667,1,2,665157,0.0072932925,7975.117632985087,7954.816641476414
1070,2018-07-26 21:57:50.678326,2018-07-26 22:00:11.180973,True,long,5575992,-1313028,0,232333,232333,2920658143,2915082151,232333,11,17,6889020,0.039028513055555554,7954.816641476414,7970.032677133976
1071,2018-07-26 22:00:11.180973,2018-07-26 22:00:53.258430,True,short,353340,-99829,0,17667,17667,221667849,222021189,17667,1,1,453169,0.011688182500000002,7970.032677133976,7957.348611442667
1072,2018-07-26 22:00:53.258430,2018-07-26 22:01:58.269925,True,long,1946903,-178268,0,31601,31601,397129767,395182864,31601,1,4,2125171,0.01805874861111111,7957.348611442667,7996.551186490718
1073,2018-07-26 22:01:58.269925,2018-07-26 22:03:41.744623,True,short,1791152,-1260208,0,223894,223894,2799570576,2801361728,223894,1,5,3051360,0.02874297166666667,7997.44081893794,7992.3273657289
1074,2018-07-26 22:03:41.744623,2018-07-26 22:21:46.880568,True,long,39786268,-2958385,0,526106,526106,6594138272,6554352004,526106,22,31,42744653,0.3014266513888889,7978.388961510694,8026.8194274419075
1075,2018-07-26 22:21:46.880568,2018-07-26 22:22:38.977226,True,short,6045138,-1254106,0,223894,223894,2783897996,2789943134,223894,16,1,7299244,0.014471293888888887,8042.464211034261,8025.038118931065
1076,2018-07-26 22:22:38.977226,2018-07-27 08:34:19.800343,True,long,117078169,4475808,-12052266,5780339,5780339,72984582900,72867504731,2276106,105,234,100550095,10.194673088055556,7919.9452409284095,7932.670428799344
1077,2018-07-27 08:34:19.800343,2018-07-27 10:12:43.857009,True,short,19780003,-2773169,0,508925,508925,6376755322,6396535325,508925,14,20,22553172,1.6400157405555558,7980.939746020884,7956.2602900188
1078,2018-07-27 10:12:43.857009,2018-07-27 10:26:16.360697,True,long,4339350,-1366858,0,241075,241075,3039714675,3035375325,241075,15,45,5706208,0.2256954688888889,7930.843048616068,7942.180922881424
1079,2018-07-27 10:26:16.360697,2018-07-27 12:49:50.056902,True,short,1169175,51358,79094,8925,8925,112374675,113543850,8925,1,1,1196911,2.3926933902777776,7942.180922881424,7860.399308284861
1080,2018-07-27 12:49:50.056902,2018-07-27 13:12:04.684217,True,long,40232773,811237,0,2139739,2139739,27336882070,27296649297,1389739,45,57,39421536,0.3707298097222222,7827.297182322739,7838.833904918744
1081,2018-07-27 13:12:04.684217,2018-07-27 13:14:04.165032,True,short,1323132,-631580,0,110261,110261,1402850703,1404173835,110261,1,1,1954712,0.03318911527777778,7859.781498074353,7852.375343541421
1082,2018-07-27 13:14:04.165032,2018-07-27 13:16:41.757562,True,long,2235824,-800301,0,139739,139739,1779576165,1777340341,139739,1,9,3036125,0.04377570277777778,7852.375343541421,7862.253321802028
1083,2018-07-27 13:16:41.757562,2018-07-27 23:40:44.644908,True,short,-77737245,9564415,13370413,5000261,5000261,61710485125,61632747880,2716051,97,200,-73931247,10.400802040555556,8102.773766680869,8112.993776840183
1084,2018-07-27 23:40:44.644908,2018-07-28 00:02:53.716423,True,long,8894900,-1191942,0,283949,283949,3487279516,3478384616,283949,2,13,10086842,0.36918653194444445,8142.421583851037,8163.243325475885
1085,2018-07-28 00:02:53.716423,2018-07-28 00:14:19.183352,True,short,7993887,-1186351,0,216051,216051,2632365384,2640359271,216051,26,3,9180238,0.1904074802777778,8207.485226526593,8182.636445462728
1086,2018-07-28 00:14:19.183352,2018-07-29 00:11:14.865330,True,long,65107009,-1418530,-2716846,1283949,1283949,15801201488,15736094479,500001,17,73,63808693,23.948800549444442,8125.641591084558,8159.260874503802
1087,2018-07-29 00:11:14.865330,2018-07-29 00:12:07.900029,True,short,7999968,1356181,0,249999,249999,3017737929,3025737897,249999,1,14,6643787,0.014731860833333334,8284.317786430287,8262.414277451871
1088,2018-07-29 00:12:07.900029,2018-07-29 00:15:21.834553,True,long,20,-6,0,1,1,12103,12083,1,1,1,26,0.05387070111111111,8262.414277451871,8276.090374906895
1089,2018-07-29 00:15:21.834553,2018-07-29 00:59:04.028222,True,short,5249979,-1360492,0,249999,249999,3020737917,3025987896,249999,38,1,6610471,0.7283871302777778,8276.090374906895,8261.731658955718
1090,2018-07-29 00:59:04.028222,2018-08-01 08:21:17.269086,True,long,-322754137,33081255,-37965882,12303726,12303726,158290021022,158612775159,1819741,191,409,-393801274,79.37034468444445,7772.9006039426595,7757.083871501673
1091,2018-08-01 08:21:17.269086,2018-08-01 08:21:46.350418,True,short,1771034,501781,0,138295,138295,1816116741,1817887775,138295,4,1,1269253,0.008078147777777777,7614.873916301837,7607.455306200076
1092,2018-08-01 08:21:46.350418,2018-08-01 08:49:04.354440,True,long,69,-6,0,1,1,13145,13076,1,1,1,75,0.45500111722222225,7607.455306200076,7647.598654022637
1093,2018-08-01 08:49:04.354440,2018-08-01 08:49:50.840873,True,short,4249983,-1471995,0,249999,249999,3268986924,3273236907,249999,1,11,5721978,0.012912898055555556,7647.598654022637,7637.668983426258
1094,2018-08-01 08:49:50.840873,2018-08-01 13:59:56.111918,True,long,44603597,-3589295,-924877,1399287,1399287,18488709019,18444105422,949287,45,54,47268015,5.168130845833334,7568.332643247383,7586.635231063797
1095,2018-08-01 13:59:56.111918,2018-08-01 20:34:23.304665,True,short,1008999,298864,943,50713,50713,664644578,665653577,50713,1,6,711078,6.574220207500001,7630.093087135663,7618.527377041347
1096,2018-08-01 20:34:23.304665,2018-08-02 00:16:49.446612,True,long,123291326,-2979567,0,499287,499287,6682996423,6559705097,499287,4,79,126270893,3.7072616519444446,7471.0050462045565,7611.424486572464
1097,2018-08-02 00:16:49.446612,2018-08-02 01:27:53.912111,True,short,26685630,-4162000,0,756378,756378,9829249100,9855934730,506378,24,32,30847630,1.1845737497222222,7695.175819686979,7674.340594988904
1098,2018-08-02 01:27:53.912111,2018-08-02 02:36:01.391649,True,long,801631,-96623,0,16483,16483,215119633,214318002,16483,1,3,898254,1.1354109827777779,7662.248103593594,7690.907831438257
1099,2018-08-02 02:36:01.391649,2018-08-02 09:58:26.295835,True,short,3786420,-314631,4747,53630,53630,697297260,701083680,53630,12,2,4105798,7.373584496111111,7691.124442393478,7649.586137848766
1100,2018-08-02 09:58:26.295835,2018-08-03 13:58:41.820760,True,long,-56175520,-4063618,-1323376,746370,746370,9993816320,10049991840,496370,39,33,-53435278,28.004312479166668,7468.318168969509,7426.573194113161
1101,2018-08-03 13:58:41.820760,2018-08-03 18:49:42.584704,True,short,12391181,-2396735,0,503630,503630,6719460419,6731851600,253630,5,15,14787916,4.850212206666666,7495.095864780032,7481.299795735247
1102,2018-08-03 18:49:42.584704,2018-08-04 13:00:33.248315,True,long,-156339935,19025215,-1013715,2500436,2500436,34152101407,34308441342,1250436,11,44,-176378865,18.180739891944445,7321.470413201271,7288.107247644022
1103,2018-08-04 13:00:33.248315,2018-08-04 13:09:10.657462,True,short,17731252,-3100846,0,499564,499564,6881992356,6899723608,499564,54,26,20832098,0.14372476305555554,7259.0025410949465,7240.347996270056
1104,2018-08-04 13:09:10.657462,2018-08-04 13:13:01.413337,True,long,14824,-2709,0,436,436,6026392,6011568,436,1,1,17533,0.06409885416666666,7234.843003906815,7252.68349289237
1105,2018-08-04 13:13:01.413337,2018-08-04 14:21:10.843183,True,short,14272680,-3098513,0,499564,499564,6878488432,6892761112,499564,10,27,17371193,1.135952735,7262.700300198746,7247.661595732378
1106,2018-08-04 14:21:10.843183,2018-08-05 16:38:29.202033,True,long,-293115078,5731789,9741916,3411065,3411065,48405401662,48698516740,1693974,121,136,-289104951,26.28843301388889,7046.868495831138,7004.453581639004
1107,2018-08-05 16:38:29.202033,2018-08-05 17:05:11.687773,True,short,1860950,-131186,0,20450,20450,290594500,292455450,20450,1,1,1992136,0.4451349277777778,7037.297677691767,6992.518005733865
1108,2018-08-05 17:05:11.687773,2018-08-05 17:48:39.982446,True,long,27374517,3084825,0,979550,979550,14061934917,14034560400,979550,7,14,24289692,0.7245262980555556,6965.968807150325,6979.555982387592
1109,2018-08-05 17:48:39.982446,2018-08-05 17:49:58.743652,True,short,633950,394883,0,20450,20450,292189600,292823550,20450,1,1,239067,0.021878112777777778,6998.880179171332,6983.7279139604725
1110,2018-08-05 17:49:58.743652,2018-08-05 18:47:30.352454,True,long,11707050,1481748,0,229550,229550,3286926450,3275219400,229550,1,9,10225302,0.9587802227777779,6983.7279139604725,7008.6907765629385
1111,2018-08-05 18:47:30.352454,2018-08-05 20:54:42.039963,True,short,15893956,-1286118,-6706,520450,520450,7387718951,7403612907,270450,7,31,17173368,2.1199131969444447,7044.799666202137,7029.676004642581
1112,2018-08-05 20:54:42.039963,2018-08-05 21:00:59.751727,True,long,8711746,1525792,0,229550,229550,3273337056,3264625310,229550,1,25,7185954,0.10491993444444445,7012.72114887273,7031.434795805097
1113,2018-08-05 21:00:59.751727,2018-08-06 07:38:35.532400,True,short,34805917,-1435977,-553113,274072,274072,3829076168,3863882085,250001,3,8,35688781,10.6266057425,7157.653386225354,7093.177120077669
1114,2018-08-06 07:38:35.532400,2018-08-06 07:55:04.415783,True,long,5889070,-2701143,0,749999,749999,10704874820,10698985750,749999,32,40,8590213,0.27468982861111113,7006.144514635249,7010.000924620354
1115,2018-08-06 07:55:04.415783,2018-08-06 08:05:22.026271,True,short,61,-6,0,1,1,14250,14311,1,1,1,67,0.1715584688888889,7017.543859649123,6987.631891551953
1116,2018-08-06 08:05:22.026271,2018-08-06 15:28:50.615633,True,long,23006382,-5411611,2805471,1645774,1645774,23740955307,23717948925,746787,47,60,31223464,7.391274822777778,6932.214726484679,6938.938966451965
1117,2018-08-06 15:28:50.615633,2018-08-06 15:30:44.866267,True,short,2527324,-68765,0,111825,111825,1604733401,1607260725,111825,9,3,2596089,0.03173628722222222,6968.447215613231,6957.489737702637
1118,2018-08-06 15:30:44.866267,2018-08-07 11:26:05.713292,True,long,231618453,7510984,-1804791,2225175,2225175,31969506311,31737887858,750647,89,74,222302678,19.922457506944443,6960.3045425645705,7011.0998247765
1119,2018-08-07 11:26:05.713292,2018-08-07 19:43:35.706981,True,short,50833744,190944,368,677261,677261,9525394268,9576228012,250261,10,69,50643168,8.291664913611111,7110.057399673401,7072.314894249826
1120,2018-08-07 19:43:35.706981,2018-08-07 19:44:59.418586,True,long,119912,382391,0,59956,59956,849696432,849576520,59956,1,4,-262479,0.023253223611111113,7056.167090036692,7057.163020465773
1121,2018-08-07 19:44:59.418586,2018-08-07 19:49:08.410508,True,short,67,7,0,1,1,14170,14237,1,1,1,60,0.06916442277777778,7057.163020465773,7023.951675212475
1122,2018-08-07 19:49:08.410508,2018-08-07 19:50:15.973895,True,long,6800117,1603214,0,249999,249999,3559285907,3552485790,249999,1,17,5196903,0.018767607500000002,7023.852720241729,7037.297677691767
1123,2018-08-07 19:50:15.973895,2018-08-07 19:53:01.039331,True,short,49,-6,0,1,1,14210,14259,1,1,1,55,0.04585151,7037.297677691767,7013.11452416018
1124,2018-08-07 19:53:01.039331,2018-08-07 19:54:54.770653,True,long,3499986,-1603333,0,249999,249999,3564735741,3561235755,249999,3,22,5103319,0.03159203388888889,7013.11452416018,7020.00702000702
1125,2018-08-07 19:54:54.770653,2018-08-07 19:55:42.980769,True,short,56,-6,0,1,1,14245,14301,1,1,1,62,0.013391698888888888,7020.00702000702,6992.518005733865
1126,2018-08-07 19:55:42.980769,2018-08-07 20:22:55.287480,True,long,-52973054,1355564,-357149,2249999,2249999,32535865293,32588838347,1499999,57,99,-54685767,0.45341853083333333,6915.442327221834,6904.201297519174
1127,2018-08-07 20:22:55.287480,2018-08-07 21:01:12.912923,True,short,27525188,5728166,0,750314,750314,10891845949,10919371137,250314,25,5,21797022,0.6382292897222221,6888.768015203958,6871.403037649126
1128,2018-08-07 21:01:12.912923,2018-08-07 21:08:38.016160,True,long,-41133604,-10029696,0,1999997,1999997,29715956059,29757089663,1749997,36,25,-31103908,0.12363978805555555,6730.38079619271,6721.077305106213
1129,2018-08-07 21:08:38.016160,2018-08-07 21:10:23.616193,True,short,11000084,-1670968,0,250003,250003,3707794592,3718794676,250003,13,2,12671052,0.029333342499999998,6742.633492680816,6722.688983434481
1130,2018-08-07 21:10:23.616193,2018-08-07 21:38:36.332973,True,long,51694646,4049386,0,1101983,1101983,16473032671,16421338025,499997,23,34,47645260,0.47019910555555555,6689.618250681851,6710.677280513504
1131,2018-08-07 21:38:36.332973,2018-08-08 00:08:58.133855,True,short,145338704,-405004,0,2664878,2664878,39515442029,39660780733,1494878,84,35,145743708,2.5060558005555555,6743.890143109805,6719.176856200089
1132,2018-08-08 00:08:58.133855,2018-08-08 17:06:35.637547,True,long,-818007624,-23408245,14120489,7749491,7749491,119179794822,119997802446,2499491,174,280,-780478890,16.960417692222222,6502.353030204648,6458.027432200131
1133,2018-08-08 17:06:35.637547,2018-08-08 17:17:27.610717,True,short,41566850,1958375,0,491388,491388,7818847935,7860414785,491388,28,7,39608475,0.18110365833333333,6284.659889603033,6251.425827269496
1134,2018-08-08 17:17:27.610717,2018-08-08 18:51:55.736044,True,long,211428045,12008511,0,1508612,1508612,24435905779,24224477734,1258612,44,21,199419534,1.5744792575,6173.751092527487,6227.634777374805
1135,2018-08-08 18:51:55.736044,2018-08-08 18:54:34.912257,True,short,13688672,2365818,0,276388,276388,4415460095,4429148767,276388,2,2,11322854,0.04421561472222222,6259.5515315148605,6240.205839534403
1136,2018-08-08 18:54:34.912257,2018-08-08 18:54:52.952492,True,long,8502025,1620274,0,223612,223612,3596356565,3587854540,223612,1,10,6881751,0.005011176388888889,6217.737200371287,6232.4711748208165
1137,2018-08-08 18:54:52.952492,2018-08-08 18:55:49.660236,True,short,844416,-190714,0,26388,26388,423395460,424239876,26388,1,5,1035130,0.015752151111111112,6232.4711748208165,6220.065932698886
1138,2018-08-08 18:55:49.660236,2018-08-08 18:59:22.826625,True,long,19168124,-1432563,0,248612,248612,3996960124,3977792000,248612,9,9,20600687,0.05921288583333333,6220.02702772023,6250.0
1139,2018-08-08 18:59:22.826625,2018-08-08 18:59:31.431110,True,short,44416,-10004,0,1388,1388,22208000,22252416,1388,1,1,54420,0.0023901347222222225,6250.0,6237.524950099801
1140,2018-08-08 18:59:31.431110,2018-08-08 19:01:37.034551,True,long,30082052,-1786806,0,248612,248612,3985747584,3955665532,248612,13,7,31868858,0.03488984472222222,6237.524950099801,6284.960090503425
1141,2018-08-08 19:01:37.034551,2018-08-08 19:04:58.117593,True,short,34396598,2659413,0,652947,652947,10335757979,10370154577,652947,6,6,31737185,0.05585640055555556,6317.359610457651,6296.4056625363455
1142,2018-08-08 19:04:58.117593,2018-08-08 19:06:33.675635,True,long,2405472,-395270,0,97053,97053,1542345423,1539939951,97053,8,7,2800742,0.026543900555555555,6292.559277105593,6302.388605281401
1143,2018-08-08 19:06:33.675635,2018-08-08 20:05:45.630960,True,short,52266830,1739405,-2125191,752947,752947,11884760049,11937026879,502947,8,66,48402234,0.9866542569444444,6335.399258341392,6307.659416639234
1144,2018-08-08 20:05:45.630960,2018-08-08 20:29:25.715690,True,long,478632,-69637,0,9768,9768,154988856,154510224,9768,1,1,548269,0.39446798055555554,6302.388605281401,6321.911746112024
1145,2018-08-08 20:29:25.715690,2018-08-08 20:41:17.391044,True,short,17777168,1721994,0,240232,240232,3799989776,3817766944,240232,2,1,16055174,0.19768759833333333,6321.911746112024,6292.474200855777
1146,2018-08-08 20:41:17.391044,2018-08-09 13:46:59.727903,True,long,522361583,3538806,13817432,4214746,4214746,67342267461,66819905878,1317937,117,138,532640209,17.095093571944446,6258.693327249324,6307.620378417319
1147,2018-08-09 13:46:59.727903,2018-08-09 13:49:04.568557,True,short,51749903,-3497764,0,499999,499999,7746984478,7798734381,499999,20,22,55247667,0.03467795944444445,6454.111292205432,6411.28387726788
1148,2018-08-09 13:49:04.568557,2018-08-09 13:50:52.297917,True,long,16750061,-1756745,0,250001,250001,3912265619,3895515558,250001,3,10,18506806,0.029924822222222223,6390.184725338303,6417.66144372308
1149,2018-08-09 13:50:52.297917,2018-08-09 13:52:34.503059,True,short,21249915,-1755047,0,249999,249999,3889484442,3910734357,249999,1,1,23004962,0.02839031722222222,6427.561383211209,6392.635683692386
1150,2018-08-09 13:52:34.503059,2018-08-09 13:57:07.918085,True,long,61,-8,0,1,1,15643,15582,1,1,1,69,0.07594861833333334,6392.635683692386,6417.661404184315
1151,2018-08-09 13:57:07.918085,2018-08-09 15:50:52.024757,True,short,28554720,11661524,0,2249999,2249999,34726048740,34754603460,1499999,73,95,16893196,1.8955851866666666,6479.2830789536,6473.95963700056
1152,2018-08-09 15:50:52.024757,2018-08-09 16:15:28.688973,True,long,37,-6,0,1,1,15511,15474,1,1,1,43,0.41018450444444443,6447.037586229128,6462.453147214683
1153,2018-08-09 16:15:28.688973,2018-08-09 16:27:27.920377,True,short,19249965,7580,0,499999,499999,7727984526,7747234491,499999,2,24,19242385,0.1997865011111111,6469.9793111361105,6453.903009917297
1154,2018-08-09 16:27:27.920377,2018-08-09 19:07:22.675750,True,long,113,7,0,1,1,15509,15396,1,1,1,106,2.665209825833333,6447.86897930234,6495.193556767992
1155,2018-08-09 19:07:22.675750,2018-08-10 04:08:56.646810,True,short,154960795,-4942764,-6163233,1671794,1671794,25469184536,25624145331,1249999,55,71,153740326,9.026103072222222,6563.987149399953,6524.291750630487
1156,2018-08-10 04:08:56.646810,2018-08-10 23:10:52.720598,True,long,148461341,-1512233,8360288,4255923,4255923,66697338323,66548876982,1000001,127,170,158333862,19.032242718888888,6380.948785976339,6395.183800248249
1157,2018-08-10 23:10:52.720598,2018-08-11 00:26:30.043167,True,short,8657715,2396043,0,670426,670426,10943031847,10951689562,370426,9,12,6261672,1.2603673802777777,6126.510544550734,6121.667311738214
1158,2018-08-11 00:26:30.043167,2018-08-12 14:01:29.185593,True,long,268771991,12749095,4098187,2759581,2759581,44425494770,44156722779,1000001,50,122,260121083,37.58309511833333,6211.705720525845,6249.514969241327
1159,2018-08-12 14:01:29.185593,2018-08-12 14:01:43.671819,True,short,17259751,2532597,0,249999,249999,3949984200,3967243951,249999,1,19,14727154,0.004023951666666667,6329.113924050633,6301.578705211315
1160,2018-08-12 14:01:43.671819,2018-08-12 19:47:37.210756,True,long,-87337992,9314902,0,1250001,1250001,19739762030,19827100022,1000001,56,59,-96652894,5.764871926944445,6332.4015664438075,6304.507460057237
1161,2018-08-12 19:47:37.210756,2018-08-12 19:48:16.717755,True,short,18749925,-1780796,0,249999,249999,3947984208,3966734133,249999,21,18,20530721,0.010974166388888889,6332.320162107396,6302.388605281401
1162,2018-08-12 19:48:16.717755,2018-08-12 19:53:21.663608,True,long,82,-8,0,1,1,15867,15785,1,1,1,90,0.08470718138888889,6302.388605281401,6335.128286347798
1163,2018-08-12 19:53:21.663608,2018-08-12 19:58:49.456261,True,short,1762250,-329794,0,46375,46375,732029375,733791625,46375,11,15,2092044,0.09105351472222221,6335.128286347798,6319.914049168931
1164,2018-08-12 19:58:49.456261,2018-08-13 08:19:01.628741,True,long,343,-7,-4,1,1,15823,15480,1,1,1,346,12.336714577777778,6319.914049168931,6459.948320413437
1165,2018-08-13 08:19:01.628741,2018-08-13 13:35:35.836536,True,short,46149674,1772649,387973,249999,249999,3869984520,3916134194,249999,38,1,44764998,5.276168831944444,6459.948320413437,6383.821074952673
1166,2018-08-13 13:35:35.836536,2018-08-13 17:47:59.866139,True,long,-359,22,0,1,1,15665,16024,1,1,1,-381,4.206674889722223,6383.657835939994,6240.639041437843
1167,2018-08-13 17:47:59.866139,2018-08-13 17:51:08.669538,True,short,8542982,-768640,0,249999,249999,4007440954,4015983936,249999,18,1,9311622,0.052445388611111116,6238.370143681474,6225.099601593625
1168,2018-08-13 17:51:08.669538,2018-08-14 12:50:28.250381,True,long,-251488103,-32179,-125077,1026755,1026755,16913374321,17164862424,500001,48,62,-251581001,18.98877245638889,6070.669166974915,5981.72577581738
1169,2018-08-14 12:50:28.250381,2018-08-14 12:51:04.229553,True,short,26249895,1819746,0,249999,249999,4056983772,4083233667,249999,1,16,24430149,0.009994214444444444,6162.188809465122,6122.573930080206
1170,2018-08-14 12:51:04.229553,2018-08-14 17:34:39.798157,True,long,8999899,1877158,0,250001,250001,4167016333,4158016434,250001,2,6,7122741,4.726546834444444,5999.520520717863,6012.506298814691
1171,2018-08-14 17:34:39.798157,2018-08-14 17:41:07.346266,True,short,16972233,-1815449,0,249999,249999,4108483566,4125455799,249999,16,24,18787682,0.1076522525,6084.945843981988,6059.912217714201
1172,2018-08-14 17:41:07.346266,2018-08-14 19:03:49.667414,True,long,215,7,0,1,1,16502,16287,1,1,1,208,1.378422541111111,6059.871530723549,6139.86615091791
1173,2018-08-14 19:03:49.667414,2018-08-14 19:04:47.434720,True,short,7420374,1487460,0,85170,85170,1387323546,1394743920,85170,6,1,5932914,0.016046473888888888,6139.159120132169,6106.4973131411825
1174,2018-08-14 19:04:47.434720,2018-08-15 02:01:28.594080,True,long,357,7,22,1,1,16376,16019,1,1,1,372,6.944766488888889,6106.4973131411825,6242.586928022973
1175,2018-08-15 02:01:28.594080,2018-08-15 02:02:43.278001,True,short,5782480,524947,0,72281,72281,1157869339,1163651819,72281,3,1,5257533,0.02074553361111111,6242.586928022973,6211.565935772408
1176,2018-08-15 02:02:43.278001,2018-08-15 02:22:09.518340,True,long,123,7,0,1,1,16099,15976,1,1,1,116,0.3239556497222222,6211.565935772408,6259.389083625438
1177,2018-08-15 02:22:09.518340,2018-08-15 03:14:26.873102,True,short,37999905,2715,0,499999,499999,7984484024,8022483929,499999,29,2,37997190,0.8714874338888888,6262.13288794978,6232.47119501958
1178,2018-08-15 03:14:26.873102,2018-08-15 03:26:15.559049,True,long,58,-8,0,1,1,16071,16013,1,1,1,66,0.19685720750000002,6222.388152572958,6244.925997626928
1179,2018-08-15 03:26:15.559049,2018-08-15 04:13:51.675855,True,short,-74140141,7140251,-2731183,499999,499999,7994983987,7920843846,499999,16,2,-84011575,0.7933657794444444,6253.908710924351,6312.4461196454195
1180,2018-08-15 04:13:51.675855,2018-08-15 04:14:37.589718,True,long,62,22,0,1,1,15810,15748,1,1,1,40,0.012753850833333333,6325.110689437065,6350.0127000254
1181,2018-08-15 04:14:37.589718,2018-08-15 05:18:44.871011,True,short,50476156,3593462,0,499999,499999,7873984252,7924460408,499999,5,2,46882694,1.0686892480555557,6350.0127000254,6309.565248067045
1182,2018-08-15 05:18:44.871011,2018-08-15 09:22:53.100659,True,long,190,7,0,1,1,15875,15685,1,1,1,183,4.06895268,6299.212598425197,6375.51801083838
1183,2018-08-15 09:22:53.100659,2018-08-15 10:44:49.774927,True,short,31299934,-2055540,0,402041,402041,6300263085,6331563019,250001,16,33,33355474,1.3657428522222221,6381.336693021606,6349.790704025842
1184,2018-08-15 10:44:49.774927,2018-08-15 10:48:51.561411,True,long,2420748,-392431,0,55017,55017,873284841,870864093,55017,1,1,2813179,0.06716291222222222,6300.0063000063,6317.51847874155
1185,2018-08-15 10:48:51.561411,2018-08-15 19:53:51.342893,True,short,-19299921,18122925,-5,2250001,2250001,34842387048,34823087127,750001,17,28,-37422851,9.083272633888889,6457.654571428547,6461.233582749954
1186,2018-08-15 19:53:51.342893,2018-08-15 19:57:09.616819,True,long,4750061,-3872,0,499999,499999,7835484412,7830734351,499999,16,29,4753933,0.055076090555555554,6381.213639251893,6385.084432549409
1187,2018-08-15 19:57:09.616819,2018-08-15 19:58:43.415283,True,short,62,7,0,1,1,15649,15711,1,1,1,55,0.026055128888888886,6390.184676337146,6364.967220418815
1188,2018-08-15 19:58:43.415283,2018-08-15 20:09:44.843373,True,long,48506794,-7079738,2867233,999999,999999,15783991089,15735484295,749999,44,39,58453765,0.183730025,6335.526891528138,6355.057024318933
1189,2018-08-15 20:09:44.843373,2018-08-15 20:24:46.826976,True,short,80,-8,0,1,1,15705,15785,1,1,1,88,0.2505510008333333,6367.398917542184,6335.128286347798
1190,2018-08-15 20:24:46.826976,2018-08-15 21:29:57.159665,True,long,23999904,-1770396,0,249999,249999,3946234215,3922234311,249999,4,21,25770300,1.0862035247222221,6335.128286347798,6373.89253617184
1191,2018-08-15 21:29:57.159665,2018-08-15 22:56:56.187002,True,short,5250259,-1696298,0,250001,250001,3903265464,3908515723,250001,17,50,6946557,1.4497298158333334,6404.919222270965,6396.315576494868
1192,2018-08-15 22:56:56.187002,2018-08-16 00:27:46.784037,True,long,-85200756,6612586,0,505154,505154,7990141788,8075342544,505154,20,9,-91813342,1.5140547319444444,6322.215717857046,6255.511729039045
1193,2018-08-16 00:27:46.784037,2018-08-16 12:28:09.584357,True,short,94900519,3974142,-12,1245214,1245214,19299497569,19394398088,750001,25,29,90926365,12.006333422222223,6452.053974711428,6420.482834012044
1194,2018-08-16 12:28:09.584357,2018-08-16 12:33:12.315575,True,long,14203951,1384350,0,254786,254786,4035823879,4021619928,254786,4,5,12819601,0.084092005,6313.109978008532,6335.407237916392
1195,2018-08-16 12:33:12.315575,2018-08-16 12:55:50.680496,True,short,15040819,1849717,0,250001,250001,3937063618,3952104437,250001,5,2,13191102,0.3773235891666667,6349.935491441175,6325.769067726689
1196,2018-08-16 12:55:50.680496,2018-08-16 12:56:15.591814,True,long,17983919,-1158420,0,249999,249999,3987718040,3969734121,249999,12,1,19142339,0.006919810555555556,6269.224591415696,6297.625795075257
1197,2018-08-16 12:56:15.591814,2018-08-16 14:59:30.815600,True,short,19523960,108896,0,485138,485138,7662277670,7681801630,250001,40,4,19415064,2.0542288294444444,6331.5116065220855,6315.419524833525
1198,2018-08-16 14:59:30.815600,2018-08-16 15:06:22.951100,True,long,94,7,0,1,1,15805,15711,1,1,1,87,0.11448208333333333,6327.111673521038,6364.967220418815
1199,2018-08-16 15:06:22.951100,2018-08-16 17:42:57.333324,True,short,1417428,-2913910,0,749999,749999,11699484289,11700901717,499999,19,86,4331338,2.609550617777778,6410.530425731315,6409.753864613202
1200,2018-08-16 17:42:57.333324,2018-08-16 17:53:18.243154,True,long,10828389,446060,0,250001,250001,3917093996,3906265607,250001,9,8,10382329,0.1724749527777778,6382.307911305991,6400.000029491082
1201,2018-08-16 17:53:18.243154,2018-08-16 20:17:33.257032,True,short,54078282,899488,-1547202,377179,377179,5876585433,5930663715,377179,17,2,51631592,2.4041705216666664,6418.336026937499,6359.810944026861
1202,2018-08-16 20:17:33.257032,2018-08-16 20:18:02.360013,True,long,38,7,0,1,1,15805,15767,1,1,1,31,0.00808416138888889,6327.111673521038,6342.36062662523
1203,2018-08-16 20:18:02.360013,2018-08-16 20:51:32.098386,True,short,41017281,1801464,0,249999,249999,3941734233,3982751514,249999,23,1,39215817,0.5582606591666667,6342.36062662523,6277.042369357317
1204,2018-08-16 20:51:32.098386,2018-08-16 20:51:46.242044,True,long,45,7,0,1,1,15931,15886,1,1,1,38,0.003928793888888889,6277.069863787584,6294.850812035755
1205,2018-08-16 20:51:46.242044,2018-08-16 20:54:16.946107,True,short,2999988,-1787832,0,249999,249999,3971484114,3974484102,249999,22,1,4787820,0.04186223972222222,6294.850812035755,6290.09938357026
1206,2018-08-16 20:54:16.946107,2018-08-16 21:03:22.993472,True,long,14165786,4170327,0,321391,321391,5149029771,5134863985,321391,9,2,9995459,0.15167982361111113,6241.7778551236115,6258.997335447435
1207,2018-08-16 21:03:22.993472,2018-08-18 01:22:07.733771,True,short,-210738481,11396562,-7826163,4471159,4471159,69209830470,68999091989,750001,133,147,-229961206,28.31242786083333,6460.294685937843,6480.025854126896
1208,2018-08-18 01:22:07.733771,2018-08-18 01:24:01.628620,True,long,4010550,1719015,0,249999,249999,3817995294,3813984744,249999,1,35,2291535,0.03163745805555555,6547.91273296944,6554.798112218144
1209,2018-08-18 01:24:01.628620,2018-08-18 03:01:33.283298,True,short,158,7,0,1,1,15256,15414,1,1,1,151,1.6254596327777777,6554.798112218144,6487.60866744518
1210,2018-08-18 03:01:33.283298,2018-08-18 03:01:56.638877,True,long,-1329396,5203067,0,249999,249999,3853484586,3854813982,249999,1,1,-6532463,0.006487660833333333,6487.60866744518,6485.371308897572
1211,2018-08-18 03:01:56.638877,2018-08-18 03:25:49.246406,True,short,-31,7,0,1,1,15419,15388,1,1,1,-38,0.3979465358333334,6485.504896556197,6498.570314530803
1212,2018-08-18 03:25:49.246406,2018-08-18 03:54:44.229126,True,long,17389846,-3460085,0,499999,499999,7697874492,7680484646,499999,31,60,20849931,0.4819396444444444,6495.286465369407,6509.992833074664
1213,2018-08-18 03:54:44.229126,2018-08-18 13:13:12.647012,True,short,27106907,5776619,-11,418345,418345,6549859018,6576965925,418345,7,17,21330277,9.307893857222224,6387.084040287354,6360.759729798965
1214,2018-08-18 13:13:12.647012,2018-08-18 13:14:05.744642,True,long,6254685,4924450,0,231655,231655,3650882800,3644628115,231655,1,1,1330235,0.014749341666666667,6345.177664974619,6356.066865823428
1215,2018-08-18 13:14:05.744642,2018-08-18 13:48:52.495542,True,short,68446147,19610260,0,1730782,1730782,27214661148,27283107295,1018345,56,8,48835887,0.5796530277777778,6359.741135807582,6343.7862164519265
1216,2018-08-18 13:48:52.495542,2018-08-19 20:45:43.586329,True,long,1619030,409116,43,19218,19218,303860327,302241297,19218,1,2,1209957,30.94752521861111,6324.616375470431,6358.4957418972435
1217,2018-08-19 20:45:43.586329,2018-08-19 21:05:51.133083,True,short,-22767134,8640360,0,749999,749999,11565269155,11542502021,499999,4,37,-31407494,0.3354296538888889,6484.9247341187365,6497.715994638595
1218,2018-08-19 21:05:51.133083,2018-08-22 02:04:15.747397,True,long,23232101,-3480178,23,1000001,1000001,15768246721,15745014620,500001,6,67,26712302,52.97350397611111,6341.865507902082,6351.223064154894
1219,2018-08-22 02:04:15.747397,2018-08-22 02:05:26.325683,True,short,19999920,-1649243,0,249999,249999,3654985380,3674985300,249999,2,1,21649163,0.019605079444444447,6839.945280437756,6802.721088435374
1220,2018-08-22 02:05:26.325683,2018-08-22 02:37:29.277764,True,long,-21848688,-2347451,0,750001,750001,11139014700,11160863388,500001,30,41,-19501237,0.5341533558333333,6733.100011080873,6719.9191848042
1221,2018-08-22 02:37:29.277764,2018-08-22 16:00:24.717527,True,short,9594920,-1335439,-1,302106,302106,4488430493,4498025413,250001,15,36,10930358,13.382066600833333,6730.771490639189,6716.413809643365
1222,2018-08-22 16:00:24.717527,2018-08-22 16:03:04.019211,True,long,54499879,-3506029,0,499999,499999,7818484357,7763984478,499999,7,53,58005908,0.044250467777777774,6395.088576884391,6439.979387089135
1223,2018-08-22 16:03:04.019211,2018-08-22 20:07:22.109114,True,short,11600383,5245465,2,450001,450001,6992865522,7004465905,250001,14,33,6354920,4.071691639722222,6435.144485250978,6424.486978782717
1224,2018-08-22 20:07:22.109114,2018-08-22 20:09:15.026877,True,long,25596334,7149940,0,499999,499999,7955555383,7929959049,499999,2,15,18446394,0.031366045277777775,6284.903767604128,6305.19018963978
1225,2018-08-22 20:09:15.026877,2018-08-26 00:04:27.663871,True,short,-76687220,29771237,-11160242,4050957,4050957,60727284551,60650597331,994044,166,101,-117618699,75.92017694277777,6670.7362760439655,6679.170821503941
1226,2018-08-26 00:04:27.663871,2018-08-26 00:04:39.985849,True,long,1804362,865262,0,128883,128883,1921903296,1920098934,128883,1,1,939100,0.0034227716666666665,6706.0085836909875,6712.310377231844
1227,2018-08-26 00:04:39.985849,2018-08-26 02:16:14.420745,True,short,18750044,-3340844,0,500001,500001,7414764898,7433514942,500001,3,10,22090888,2.192898582222222,6743.315626027014,6726.306517189483
1228,2018-08-26 02:16:14.420745,2018-08-26 02:17:44.609906,True,long,5010593,-629985,0,249999,249999,3735495671,3730485078,249999,6,1,5640578,0.025052544722222223,6692.5254910836165,6701.514542286557
1229,2018-08-26 02:17:44.609906,2018-08-26 02:32:51.211920,True,short,133,-6,0,1,1,14922,15055,1,1,1,139,0.2518338927777778,6701.514542286557,6642.311524410495
1230,2018-08-26 02:32:51.211920,2018-08-26 02:33:11.072676,True,long,12423651,1685296,0,249999,249999,3763734945,3751311294,249999,8,1,10738355,0.005516876666666666,6642.311524410495,6664.3096348697745
1231,2018-08-26 02:33:11.072676,2018-08-26 02:35:33.874833,True,short,43,7,0,1,1,15005,15048,1,1,1,36,0.03966726583333333,6664.445184938354,6645.401382243487
1232,2018-08-26 02:35:33.874833,2018-08-26 02:36:49.294797,True,long,5499978,-1691655,0,249999,249999,3761984952,3756484974,249999,3,1,7191633,0.020949989999999998,6645.401382243487,6655.13110608279
1233,2018-08-26 02:36:49.294797,2018-08-26 03:04:53.540970,True,short,9067696,-3576674,0,529545,529545,7943734114,7952801810,250001,40,36,12644370,0.46784615916666666,6666.197438138474,6658.596714105717
1234,2018-08-26 03:04:53.540970,2018-08-26 03:27:46.017011,True,long,7452032,186727,0,749999,749999,11337949904,11330497872,499999,28,7,7265305,0.3812433447222222,6614.943674565031,6619.2943017394
1235,2018-08-26 03:27:46.017011,2018-08-26 03:44:06.763587,True,short,23,-6,0,1,1,15075,15098,1,1,1,29,0.2724296044444445,6633.499170812604,6623.393826996953
1236,2018-08-26 03:44:06.763587,2018-08-26 06:12:39.602501,True,long,-10178612,3431227,-298323,999999,999999,15152973750,15163152362,749999,73,29,-13908162,2.475788587222222,6599.358096294465,6594.928126595052
1237,2018-08-26 06:12:39.602501,2018-08-28 16:20:11.795493,True,short,-251475377,-3338297,-3222999,3880488,3880488,56794582849,56543107472,1399099,233,219,-251360079,58.12560916444444,6832.496701872202,6862.8842196577325
1238,2018-08-28 16:20:11.795493,2018-08-28 18:28:37.863686,True,long,23954564,3214085,0,499999,499999,7130440383,7106485819,499999,2,17,20740479,2.1405744980555554,7012.175590052892,7035.812252846486
1239,2018-08-28 18:28:37.863686,2018-08-28 23:52:50.998960,True,short,30424494,-2497395,704801,1067057,1067057,15011742714,15042167208,750001,56,83,33626690,5.403648687222223,7108.148736154792,7093.771696890181
1240,2018-08-28 23:52:50.998960,2018-09-02 00:51:48.555936,True,long,121555161,8773229,-5802719,4571094,4571094,65572109160,65450553999,1750001,125,254,106979213,96.98265471555555,6971.094964851974,6984.041724184398
1241,2018-09-02 00:51:48.555936,2018-09-02 16:09:55.028109,True,short,60799010,-1944556,5,765180,765180,10526863704,10587662714,250001,80,48,62743571,15.301797825833335,7268.831643647544,7227.090819470545
1242,2018-09-02 16:09:55.028109,2018-09-02 21:18:04.632725,True,long,39887421,303741,-342274,249999,249999,3468486126,3428598705,249999,1,19,39241406,5.136001282222223,7207.726683004181,7291.579490927912
1243,2018-09-02 21:18:04.632725,2018-09-05 11:45:40.526751,True,short,592478150,-23240075,6153882,5056049,5056049,70303282498,70895760648,1306049,229,159,621872107,62.45997056277778,7191.768037493605,7131.666200893824
1244,2018-09-05 11:45:40.526751,2018-09-05 12:02:12.923772,True,long,42499922,8257,-357549,499999,499999,7197235615,7154735693,499999,10,47,42134116,0.27566583916666665,6947.097840703385,6988.3643708765585
1245,2018-09-05 12:02:12.923772,2018-09-05 12:51:09.172967,True,short,6500022,-1781880,0,250001,250001,3560514307,3567014329,250001,16,2,8281902,0.8156247763888889,7021.485618201168,7008.690656706358
1246,2018-09-05 12:51:09.172967,2018-09-05 12:58:19.633944,True,long,7749978,-3582666,0,499999,499999,7169235671,7161485693,499999,35,12,11332644,0.11957249361111111,6974.230210097943,6981.7775449684195
1247,2018-09-05 12:58:19.633944,2018-09-05 15:48:18.668356,True,short,11000076,-3565485,0,500001,500001,7125514307,7136514383,500001,46,14,14565561,2.8330651144444445,7017.051379839437,7006.235441647256
1248,2018-09-05 15:48:18.668356,2018-09-06 00:58:29.245320,True,long,-1768251822,2714597,-2173349,8336723,8336723,126503526944,128271778766,2299999,220,138,-1773139768,9.169604712222222,6590.111122902101,6499.265138599411
1249,2018-09-06 00:58:29.245320,2018-09-06 01:06:32.935673,True,short,45668049,3856300,0,489978,489978,7644146778,7689814827,489978,1,1,41811749,0.1343584313888889,6409.845522722902,6371.77891825977
1250,2018-09-06 01:06:32.935673,2018-09-06 01:10:52.948998,True,long,513169,78772,0,10022,10022,157287315,156774146,10022,1,1,434397,0.07222592361111112,6371.778932077263,6392.635683692386
1251,2018-09-06 01:10:52.948998,2018-09-06 05:42:09.060376,True,short,289086619,-15864736,389827,2626322,2626322,40912511614,41201598233,1329517,151,62,305341182,4.521142049444444,6419.361452992021,6374.3206881146525
1252,2018-09-06 05:42:09.060376,2018-09-06 07:47:25.674898,True,long,47999808,-1965108,0,249999,249999,3954234183,3906234375,249999,5,1,49964916,2.0879484783333333,6322.311437061389,6400.0
1253,2018-09-06 07:47:25.674898,2018-09-06 09:36:24.541040,True,short,96587162,2003077,0,750001,750001,11713765625,11810352787,750001,15,4,94584085,1.816351706111111,6402.731828604433,6350.3691509160335
1254,2018-09-06 09:36:24.541040,2018-09-06 09:37:10.827865,True,long,31988625,5949345,0,249999,249999,3982234071,3950245446,249999,1,1,26039280,0.012857451388888889,6277.8579948521565,6328.695353681069
1255,2018-09-06 09:37:10.827865,2018-09-06 17:40:28.447590,True,short,-113360509,-416376,-3549376,2577939,2577939,40220963283,40107602774,1500001,152,294,-116493509,8.054894368055555,6409.441220642284,6427.556926117671
1256,2018-09-06 17:40:28.447590,2018-09-06 20:24:34.990459,True,long,52681242,-9301695,6581537,1303026,1303026,20291030732,20238349490,999999,166,147,68564474,2.7351507969444446,6421.684621200938,6438.400525911661
1257,2018-09-06 20:24:34.990459,2018-09-08 17:49:07.201145,True,short,115617706,-5793402,-1124513,750001,750001,11529015547,11644633253,750001,12,22,120286595,45.40894741277778,6505.334275441757,6440.743849161396
1258,2018-09-08 17:49:07.201145,2018-09-09 05:48:12.650544,True,long,44749821,-2035425,1626666,249999,249999,4093233627,4048483806,249999,1,10,48411912,11.984847055277777,6107.616197398155,6175.126590095097
1259,2018-09-09 05:48:12.650544,2018-09-09 09:32:01.238134,True,short,-649,7,0,1,1,16194,15545,1,1,1,-656,3.730163219444444,6175.126590095097,6432.9366355741395
1260,2018-09-09 09:32:56.768376,2018-09-09 09:34:27.566308,True,short,63829900,7756124,0,500000,500000,7740000000,7803829900,500000,2,23,56073776,0.02522164777777778,6459.948320413437,6407.110436889456
1261,2018-09-09 09:34:43.054678,2018-09-09 14:00:35.957213,True,long,17575902,-4425648,3306672,1285018,1285018,20128333589,20110757687,750001,66,136,25308222,4.431361815277778,6384.125115564727,6389.70455514295
1262,2018-09-09 14:00:35.957213,2018-09-09 22:48:44.429714,True,short,3500324,-1954723,-9,250001,250001,3907765676,3911266000,250001,47,28,5455038,8.8023534725,6397.543269685038,6391.817892211882
1263,2018-09-09 22:48:44.429714,2018-09-10 01:44:19.499144,True,long,269249705,-3934778,0,999999,999999,16011234000,15741984295,999999,20,19,273184483,2.9264081749999997,6245.60855209536,6352.432966901267
1264,2018-09-10 01:44:19.499144,2018-09-10 17:13:11.637664,True,short,308,-8,-19,1,1,15705,16013,1,1,1,297,15.481149588888888,6367.398917542184,6244.925997626928
1265,2018-09-10 17:13:11.637664,2018-09-10 17:18:40.820549,True,long,10052908,-1385214,0,173326,173326,2775469238,2765416330,173326,17,1,11438122,0.09143969027777778,6244.925997626928,6267.627702914447
1266,2018-09-10 17:18:40.820549,2018-09-10 18:09:37.187551,True,short,58,-8,0,1,1,15955,16013,1,1,1,66,0.8489908338888889,6267.627702914447,6244.925997626928
1267,2018-09-10 18:09:37.187551,2018-09-10 19:15:24.989611,True,long,21499914,-1996216,0,249999,249999,4003233987,3981734073,249999,25,26,23496130,1.0966116833333333,6244.925997626928,6278.646323852578
1268,2018-09-10 19:15:24.989611,2018-09-13 06:55:29.699306,True,short,-5882938,691668,-18471,500001,500001,7827822987,7821940049,500001,48,25,-6593077,59.667974915277775,6387.484755728036,6392.28882946914
1269,2018-09-13 06:55:29.699306,2018-09-13 08:52:08.996445,True,long,58,8,0,1,1,15684,15626,1,1,1,50,1.9442492052777778,6375.9245090538125,6399.590426212722
1270,2018-09-13 08:52:08.996445,2018-09-14 08:06:09.558571,True,short,-116708714,-4688528,-26005637,2249999,2249999,34728056920,34611348206,999999,150,133,-138025823,23.233489479444447,6478.908408792138,6500.755147151288
1271,2018-09-14 08:06:09.558571,2018-09-14 08:08:16.770936,True,long,20258100,2414654,0,312819,312819,4824347685,4804089585,312819,5,2,17843446,0.03533676805555556,6484.171963240249,6511.51470981572
1272,2018-09-14 08:08:16.770936,2018-09-21 15:18:11.243797,True,short,141444636,8981240,-2607517,2267421,2267421,35046641719,35188086355,767421,194,41,129855879,175.16513135027776,6469.724027140531,6443.717845650376
1273,2018-09-24 00:03:50.717981,2018-09-24 05:30:07.676989,True,long,-4899176,4489860,-298280,200000,200000,2991154466,2996053642,200000,1,2,-9687316,5.438044168888889,6686.381538411664,6675.447902411088
1274,2018-09-24 05:30:07.676989,2018-09-25 07:41:23.085795,True,short,-378718,117819,6,15714,15714,235413693,235034975,15714,1,5,-496531,26.187613557222225,6675.057767349158,6685.813462443196
1275,2018-09-25 07:41:23.085795,2018-10-10 09:17:26.456324,True,long,264,7,-109,1,1,15634,15370,1,1,1,148,361.6009362580555,6396.315722144045,6506.180871828236
1276,2018-10-10 09:17:26.456324,2018-10-10 10:28:32.799738,True,short,11999976,-3845454,0,499999,499999,7684984630,7696984606,499999,12,70,15845430,1.1850953927777779,6506.180871828236,6496.037417175523
1277,2018-10-10 10:28:32.799738,2018-10-10 12:15:59.608189,True,long,22,-8,-4,1,1,15394,15372,1,1,1,26,1.7907801252777777,6496.037417175523,6505.334374186833
1278,2018-10-10 12:15:59.608189,2018-10-10 16:03:12.850809,True,short,21999976,-7687907,0,999999,999999,15364984628,15386984604,999999,134,112,29687883,3.787011838888889,6508.2980830171255,6498.992659939624
1279,2018-10-10 16:03:12.850809,2018-10-10 18:35:40.273364,True,long,67,7,0,1,1,15396,15329,1,1,1,60,2.540950709722222,6495.193556767992,6523.5827516472045
1280,2018-10-10 18:35:40.273364,2018-10-11 13:46:25.357931,True,short,132363044,24884070,2419359,4000001,4000001,63804452766,63936815810,1000001,66,61,109898333,19.1791901575,6269.156503339706,6256.177992796417
1281,2018-10-11 13:46:25.357931,2018-10-11 14:06:26.134815,True,long,18999962,-4024225,0,499999,499999,8057983884,8038983922,499999,56,10,23024187,0.33354913444444445,6205.013651030033,6219.679064560269
1282,2018-10-11 14:06:26.134815,2018-10-11 15:04:42.361986,True,short,19,-8,0,1,1,16078,16097,1,1,1,27,0.9711742141666667,6219.679064560269,6212.337702677518
1283,2018-10-11 15:04:42.361986,2018-10-11 22:36:46.783019,True,long,-13215424,3349879,-1613702,1087203,1087203,17518624951,17531840375,1087203,45,11,-18179005,7.534561398055555,6205.983649064536,6201.305605943837
1284,2018-10-11 22:36:46.783019,2018-10-11 23:47:37.867408,True,short,42048071,17890120,0,1239078,1239078,20099683293,20141731364,750001,52,4,24157951,1.180856774722222,6164.664298126162,6151.794885988034
1285,2018-10-11 23:47:37.867408,2018-10-11 23:48:32.158182,True,long,791135,88782,0,10922,10922,177170513,176379378,10922,1,1,702353,0.015080770555555555,6164.682720086722,6192.333890643384
1286,2018-10-11 23:48:32.158182,2018-10-11 23:53:12.768527,True,short,18648084,1944419,0,239078,239078,3860870622,3879518706,239078,1,1,16703665,0.07794731805555555,6192.333890643384,6162.568558575214
1287,2018-10-11 23:53:12.768527,2018-10-11 23:55:42.025948,True,long,-360426,147692,0,10922,10922,177231294,177591720,10922,1,1,-508118,0.04146039472222222,6162.568558575214,6150.0615006150065
1288,2018-10-11 23:55:42.025948,2018-10-12 09:55:06.490090,True,short,15347925,7285425,2,599078,599078,9750578280,9765926205,499078,4,5,8062502,9.990128928333332,6144.02533672085,6134.369515236369
1289,2018-10-12 09:55:06.490090,2018-10-12 12:55:44.045220,True,long,19999960,-4027490,-805598,499999,499999,8064983870,8044983910,499999,7,5,23221852,3.010431980555556,6199.62802231866,6215.040397762586
1290,2018-10-12 12:55:44.045220,2018-10-15 05:18:24.451101,True,short,-76,8,-13,1,1,16090,16014,1,1,1,-97,64.37789052250001,6215.040397762586,6244.5360309728985
1291,2018-10-15 05:18:24.451101,2018-10-15 06:36:23.963567,True,long,393550563,11714907,0,499999,499999,8006769795,7613219232,499999,1,1,381835656,1.299864573888889,6244.703080039033,6567.510861875572
1292,2018-10-15 06:36:23.963567,2018-10-15 07:23:00.001318,True,short,20220667,1897584,0,250001,250001,3805294712,3825515379,250001,2,6,18323083,0.7766771530555555,6569.819657111489,6535.093320297955
1293,2018-10-15 07:23:00.001318,2018-10-15 12:11:40.961321,True,long,90735804,9416287,3,1749999,1749999,27205374903,27114639099,730552,23,37,81319520,4.811377778611111,6432.548738032731,6454.074471028238
1294,2018-10-15 12:11:40.961321,2018-10-15 22:59:19.056988,True,short,24719903,7818805,391252,500001,500001,7809015620,7833735523,250001,34,4,17292350,10.793915463055557,6402.868483441451,6382.663781946522
1295,2018-10-15 22:59:19.056988,2018-10-16 00:00:29.471666,True,long,5499978,1940971,0,249999,249999,3890234439,3884734461,249999,15,1,3559007,1.0195596327777778,6426.3222157959,6435.420554733252
1296,2018-10-16 00:00:29.471666,2018-10-16 06:18:02.336062,True,short,-23250084,-511442,389152,250001,250001,3888765539,3865515455,250001,2,8,-22349490,6.292462332222223,6428.801055058928,6467.468644488967
1297,2018-10-16 06:18:02.336062,2018-10-16 08:05:36.688341,True,long,-22460437,1855417,0,249999,249999,3863734545,3886194982,249999,22,1,-24315854,1.7928756330555555,6470.397929472662,6433.001976430425
1298,2018-10-16 08:05:36.688341,2018-10-16 08:09:52.014464,True,short,22,23,0,1,1,15545,15567,1,1,1,-1,0.07092392305555556,6432.9366355741395,6423.8453138048435
1299,2018-10-16 08:09:52.014464,2018-10-16 13:24:49.487943,True,long,20999916,5821401,81380,249999,249999,3891734433,3870734517,249999,1,1,15259895,5.249298188611111,6423.8453138048435,6458.696635019053
1300,2018-10-16 13:24:49.487943,2018-10-18 22:09:04.971135,True,short,247,24,11,1,1,15483,15730,1,1,1,234,56.737634220000004,6458.696635019053,6357.279084551812
1301,2018-10-18 22:09:04.971135,2018-10-18 23:21:37.434072,True,long,24950135,12805,0,499999,499999,7850934483,7825984348,499999,34,9,24937330,1.2090174825,6368.655872529206,6388.95987733197
1302,2018-10-18 23:21:37.434072,2018-11-09 08:15:10.473819,True,short,16249927,2000061,198,250001,250001,3975765652,3992015579,250001,14,2,14250064,512.8925110408334,6288.122135021655,6262.525660348882
1303,2018-11-09 08:15:10.473819,2018-11-15 01:30:49.245356,True,long,-2300,7,-97,1,1,15579,17879,1,1,1,-2404,137.2607698713889,6418.897233455293,5593.153979529056
1304,2018-11-15 01:30:49.245356,2018-11-15 02:06:36.765383,True,short,20999958,-4474979,0,499999,499999,8939482121,8960482079,499999,1,40,25474937,0.5965333408333333,5593.153979529056,5580.0457563752025
1305,2018-11-15 02:06:36.765383,2018-11-17 18:11:49.299890,True,long,-351,-9,140,1,1,17921,18272,1,1,1,-202,64.08681514083334,5580.0457563752025,5472.854640980736
1306,2018-11-17 18:11:49.299890,2018-11-17 18:35:09.487951,True,short,-8695543,1820635,0,199999,199999,3654381728,3645686185,199999,5,1,-10516178,0.3889411280555556,5472.854640980736,5485.908272162487
1307,2018-11-17 18:35:09.487951,2018-11-17 18:38:03.687601,True,long,1,28,0,1,1,18229,18228,1,1,1,-27,0.04838879166666667,5485.764441274891,5486.065393899496
1308,2018-11-17 18:38:03.687601,2018-11-18 00:47:14.117358,True,short,-27292493,5409888,356757,199999,199999,3645591703,3618299210,199999,1,6,-32345624,6.152897154722223,5486.050449243081,5527.431215396916
1309,2018-11-18 00:47:14.117358,2018-11-18 23:10:05.753281,True,long,-98101,169563,-1,6248,6248,113028091,113126192,6248,1,2,-267665,22.38100997861111,5527.829360579044,5523.035726332943
1310,2018-11-18 23:10:05.753281,2018-11-19 04:26:53.765833,True,short,1255155,69444,-30755,7607,7607,137002070,138257225,7607,15,1,1154956,5.280003486666667,5552.47084952804,5502.063273727648
1311,2018-11-19 04:27:03.730479,2018-11-19 04:27:13.080234,True,long,-2,26,0,1,1,18175,18177,1,1,1,-28,0.0025971541666666665,5502.063273727648,5501.45788633988
1312,2018-11-19 05:18:23.124957,2018-11-19 14:36:33.530908,True,short,19162148,-1831435,-1,200001,200001,3653393363,3672555511,200001,9,28,20993582,9.302890541944445,5474.389974688307,5445.826466093135
1313,2018-11-19 14:36:33.530908,2018-11-19 14:55:38.820415,True,long,30805846,1977193,0,199999,199999,3938986305,3908180459,199999,1,3,28828653,0.31813597416666667,5077.423085887068,5117.445371270662
1314,2018-11-19 14:55:38.820415,2018-11-19 16:33:35.973841,True,short,429,-10,0,1,1,19541,19970,1,1,1,439,1.6325426183333334,5117.445371270662,5007.51126690035
1315,2018-11-19 16:33:35.973841,2018-11-19 16:39:43.247909,True,long,29812550,-1148848,0,199999,199999,3993980030,3964167480,199999,19,11,30961398,0.10202057444444444,5007.51126690035,5045.1702913419795
1316,2018-11-19 16:39:43.247909,2018-11-19 17:02:18.847489,True,short,0,-10,0,1,1,19822,19822,1,1,1,10,0.3765554388888889,5044.899606497831,5044.899606497831
1317,2018-11-19 17:02:18.847489,2018-11-19 17:07:38.608963,True,long,19199904,-1977372,0,199999,199999,3964380178,3945180274,199999,12,28,21177276,0.08882263166666668,5044.899606497831,5069.451485349286
1318,2018-11-19 17:07:38.608963,2018-11-19 17:20:27.886884,True,short,170,10,0,1,1,19726,19896,1,1,1,160,0.21368831138888889,5069.451485349286,5026.135906714918
1319,2018-11-19 17:20:27.886884,2018-11-19 18:15:07.802673,True,long,27703455,5947837,0,199999,199999,3979083698,3951380243,199999,1,1,21755618,0.9110877191666668,5026.257680895859,5061.497190869059
1320,2018-11-19 18:15:07.802673,2018-11-19 18:32:27.311717,True,short,287,30,0,1,1,19757,20044,1,1,1,257,0.2887525122222222,5061.497190869059,4989.024146876871
1321,2018-11-19 18:32:27.311717,2018-11-19 20:01:04.196745,True,long,34389681,8065426,-807598,399999,399999,8074292886,8039903205,399999,2,6,25516657,1.4769125077777776,4953.981799366697,4975.171837283332
1322,2018-11-19 20:01:04.196745,2018-11-19 20:45:29.073462,True,short,169,30,0,1,1,20099,20268,1,1,1,139,0.7402435325000001,4975.371909050202,4933.885928557332
1323,2018-11-19 20:45:29.073462,2018-11-19 22:37:44.797436,True,long,-56709590,35908376,0,2082254,2082254,43321779629,43378489219,800001,44,44,-92617966,1.8710344372222223,4806.483061942635,4800.199447905074
1324,2018-11-19 22:37:44.797436,2018-11-19 22:42:54.598178,True,short,34799624,4133556,0,399999,399999,8332788586,8367588210,399999,7,3,30666068,0.08605576166666667,4800.30179419219,4780.338013311484
1325,2018-11-19 22:42:54.598178,2018-11-19 22:56:29.252267,True,long,92,-10,0,1,1,20910,20818,1,1,1,102,0.2262928025,4782.400765184122,4803.535402055913
1326,2018-11-19 22:56:29.252267,2018-11-20 11:05:39.990669,True,short,-20544508,1370661,2,133161,133161,2772145698,2751601190,133161,7,2,-21915167,12.152982889444445,4803.535402055913,4839.4004365145665
1327,2018-11-20 11:05:39.990669,2018-11-20 14:36:23.400575,True,long,167346773,8847479,-1387802,1187640,1187640,27229504510,27062157737,600001,40,67,157111492,3.5120583072222225,4361.592402696277,4388.563585882258
1328,2018-11-20 14:36:23.400575,2018-11-20 17:24:18.956788,True,short,-61965826,18664672,0,2699999,2699999,58184299320,58122333494,999999,70,99,-80630498,2.798765614722222,4640.42539233933,4645.372678092359
1329,2018-11-20 17:24:18.956788,2018-11-20 18:07:24.765835,True,long,-69917929,17522452,0,1932087,1932087,42802715077,42872633006,799999,105,78,-87440381,0.7182802908333333,4513.935614888611,4506.574158227244
1330,2018-11-20 18:07:24.765835,2018-11-20 18:10:53.407630,True,short,14747970,-1325197,0,172852,172852,3803034154,3817782124,172852,20,1,16073167,0.057956054166666666,4545.107748196153,4527.55014261783
1331,2018-11-20 18:10:53.407630,2018-11-20 18:12:07.653186,True,long,1283424,294317,0,26738,26738,590562206,589278782,26738,1,1,989107,0.020623765555555555,4527.55014261783,4537.410953310041
1332,2018-11-20 18:12:07.653186,2018-11-20 18:33:21.963937,True,short,37281792,4988869,0,323262,323262,7119248994,7156530786,200001,7,14,32292923,0.3539752086111111,4540.675572275117,4517.021021308019
1333,2018-11-20 18:33:21.963937,2018-11-20 18:34:08.628915,True,long,13440287,4579724,0,179654,179654,4007560076,3994119789,179654,5,5,8860563,0.012962493888888888,4482.877276772232,4497.9622417629
1334,2018-11-20 18:34:08.628915,2018-11-20 21:04:47.403261,True,short,91297346,7248962,-28,632510,632510,14538510952,14629808298,232510,8,58,84048356,2.510770651666667,4350.583096771601,4323.4332748329225
1335,2018-11-20 21:04:47.403261,2018-11-20 21:14:23.233228,True,long,1090,11,0,1,1,23725,22635,1,1,1,1079,0.1599527686111111,4214.963119072708,4417.9368235034235
1336,2018-11-20 21:14:23.233228,2018-11-20 21:16:10.882926,True,short,36599817,2254339,0,199999,199999,4526977365,4563577182,199999,1,1,34345478,0.02990269388888889,4417.9368235034235,4382.505039880796
1337,2018-11-20 21:16:10.882926,2018-11-20 21:19:43.432698,True,long,-78,-12,0,1,1,22818,22896,1,1,1,-66,0.05904160333333333,4382.505039880796,4367.5751222921035
1338,2018-11-20 21:19:43.432698,2018-11-20 21:21:18.508260,True,short,-32937303,2264867,0,199999,199999,4579177104,4546239801,199999,1,1,-35202170,0.026409878333333334,4367.5751222921035,4399.218007726029
1339,2018-11-20 21:21:18.508260,2018-11-20 21:21:39.883168,True,long,81,34,0,1,1,22731,22650,1,1,1,47,0.005937474444444445,4399.278518322995,4415.0110375275935
1340,2018-11-20 21:21:39.883168,2018-11-20 21:27:07.959199,True,short,81031593,39037,0,199999,199999,4529945352,4610976945,199999,8,1,80992556,0.09113223083333333,4415.042223670516,4337.453914552158
1341,2018-11-20 21:27:07.959199,2018-11-21 04:10:05.201581,True,long,43752646,3076150,14,200001,200001,4508623055,4464870409,200001,2,3,40676510,6.715900661666667,4435.966315219049,4479.435721064844
1342,2018-11-21 04:10:05.201581,2018-11-21 17:15:39.794581,True,short,-141551500,7234956,-15,1343601,1343601,29623659450,29482107950,800001,60,61,-148786471,13.0929425,4535.567262605701,4557.343736338908
1343,2018-11-21 17:15:39.794581,2018-11-21 17:16:04.927911,True,long,14277143,6796362,0,199999,199999,4538054524,4523777381,199999,1,1,7480781,0.0069814805555555555,4407.152865667067,4421.0619390777665
1344,2018-11-21 17:16:04.927911,2018-11-21 17:22:10.311416,True,short,251,34,0,1,1,22619,22870,1,1,1,217,0.10149541805555556,4421.0619390777665,4372.540445999125
1345,2018-11-21 17:22:10.311416,2018-11-21 17:25:20.948076,True,long,17870281,2087960,0,199999,199999,4573647502,4555777221,199999,4,18,15782321,0.05295462777777778,4372.855579983872,4390.008341015848
1346,2018-11-21 17:25:20.948076,2018-11-21 21:40:36.961988,True,short,91281556,10095640,-15,855799,855799,19281827698,19373109254,431987,19,61,81185901,4.254448308888889,4438.370746818609,4417.458182781381
1347,2018-11-21 21:40:36.961988,2018-11-21 21:41:49.281183,True,long,55763830,6745658,0,199999,199999,4525005643,4469241813,199999,1,1,49018172,0.020088665277777775,4419.861891429689,4475.009595995651
1348,2018-11-21 21:41:49.281183,2018-11-21 21:42:33.654855,True,short,88,34,0,1,1,22346,22434,1,1,1,54,0.01232602,4475.073838718339,4457.51983596327
1349,2018-11-21 21:42:33.654855,2018-11-22 19:17:17.793405,True,long,14786336,12719164,22,999999,999999,22477787071,22463000735,600001,56,19,2067194,21.578927375,4448.832070707535,4451.7605274431735
1350,2018-11-22 19:17:17.793405,2018-11-22 23:25:56.967541,True,short,114880177,16760279,-15,909999,909999,20692249592,20807129769,399999,49,15,98119883,4.144215037777777,4397.7770321880425,4373.496056893843
1351,2018-11-22 23:25:56.967541,2018-11-22 23:26:38.886679,True,long,-999995,2326148,0,199999,199999,4652776736,4653776731,199999,1,18,-3326143,0.011644205,4298.486932599725,4297.563281619322
1352,2018-11-22 23:26:38.886679,2018-11-22 23:27:55.686705,True,short,197,12,0,1,1,23269,23466,1,1,1,185,0.021333340555555556,4297.563281619322,4261.484701269923
1353,2018-11-22 23:27:55.686705,2018-11-22 23:28:29.317812,True,long,28394674,2353676,0,199999,199999,4693171350,4664776676,199999,1,1,26040998,0.009341974166666666,4261.489408435939,4287.429257417252
1354,2018-11-22 23:28:29.317812,2018-11-23 01:20:50.189242,True,short,100051728,11274033,0,1090498,1090498,25338081492,25438133220,395618,33,23,88777695,1.8724642861111112,4303.790720478593,4286.863310954859
1355,2018-11-23 01:20:50.189242,2018-11-23 02:18:32.689466,True,long,26380258,460573,0,199999,199999,4830975845,4804595587,199999,30,13,25919685,0.9618056177777777,4139.929621196439,4162.660444120331
1356,2018-11-23 02:18:32.689466,2018-11-23 02:20:38.914110,True,short,8969048,6838321,0,199999,199999,4761378911,4770347959,199999,1,5,2130727,0.03506240111111111,4200.442849401279,4192.545317845649
1357,2018-11-23 02:20:38.914110,2018-11-23 05:46:12.486890,True,long,262271069,40150204,4392955,1736680,1736680,41486137717,41223866648,600001,24,82,226513820,3.425992438888889,4186.1693943332575,4212.8022944307095
1358,2018-11-23 05:46:12.486890,2018-11-23 05:46:24.333782,True,short,-749840,434805,0,26780,26780,633105980,632356140,26780,1,4,-1184645,0.0032908033333333333,4229.93951186498,4234.955321221361
1359,2018-11-23 05:46:24.333782,2018-11-24 00:47:02.125431,True,long,99728196,5626871,27,400001,400001,9498423613,9398695417,400001,30,15,94101352,19.01049768027778,4211.235635485234,4255.920446964305
1360,2018-11-24 00:47:02.125431,2018-11-24 00:50:44.691299,True,short,12768683,4028933,0,399999,399999,9172094397,9184863080,399999,15,4,8739750,0.06182385222222222,4361.043210924991,4354.980542616864
1361,2018-11-24 00:50:44.691299,2018-11-24 01:03:24.920347,True,long,-77,11,0,1,1,22975,23052,1,1,1,-88,0.21117473555555558,4352.557127312296,4338.018393197987
1362,2018-11-24 01:03:24.920347,2018-11-24 03:24:00.834708,True,short,47694465,7195254,0,249999,249999,5763126948,5810821413,249999,2,10,40499211,2.343309544722222,4337.905485263657,4302.3005222755755
1363,2018-11-24 03:24:20.904703,2018-11-24 16:37:36.205751,True,short,154557438,3562239,586329,296473,296473,6892601962,7047159400,250001,44,2,151581528,13.220916957777778,4301.321933784981,4206.985867241771
1364,2018-11-24 16:37:36.205751,2018-11-24 16:41:01.790267,True,long,20,12,0,1,1,23773,23753,1,1,1,8,0.05710681,4206.452698439406,4209.994527007115
1365,2018-11-24 16:41:01.790267,2018-11-24 16:55:14.450220,True,short,18482775,985148,0,249999,249999,5938226247,5956709022,249999,13,41,17497627,0.23684998694444442,4209.994527007115,4196.9315451984485
1366,2018-11-24 16:55:14.450220,2018-11-24 19:39:37.291368,True,long,-145,36,0,1,1,23804,23949,1,1,1,-181,2.7396780966666667,4200.974626113259,4175.539688504739
1367,2018-11-24 19:39:37.291368,2018-11-24 19:40:34.507704,True,short,34629137,9006790,0,249999,249999,5987226051,6021855188,249999,1,1,25622347,0.015893426666666665,4175.539688504739,4151.5279294358215
1368,2018-11-24 19:40:34.507704,2018-11-24 19:41:13.720170,True,long,-140,36,0,1,1,24088,24228,1,1,1,-176,0.010892351666666666,4151.444702756559,4127.4558362225525
1369,2018-11-24 19:41:13.720170,2018-11-24 19:41:33.809137,True,short,-13249947,9075517,0,249999,249999,6056975772,6043725825,249999,1,1,-22325464,0.005580268611111112,4127.4558362225525,4136.504653567736
1370,2018-11-24 19:41:33.809137,2018-11-24 19:44:11.907326,True,long,21187875,4903047,0,250001,250001,6043048994,6021861119,250001,2,36,16284828,0.04391616361111111,4137.00104447639,4151.557052871979
1371,2018-11-24 19:44:11.907326,2018-11-24 21:21:10.617521,True,short,223374759,1811605,604677,1256032,1256032,30264775503,30488150262,500001,90,67,222167831,1.6163083875,4150.1447776326495,4119.738289159184
1372,2018-11-24 21:21:10.617521,2018-11-24 21:22:40.851846,True,long,-24552670,9471379,0,499999,499999,12704859436,12729412106,499999,2,52,-34024049,0.025065090277777778,3935.4941510271424,3927.903314280522
1373,2018-11-24 21:22:40.851846,2018-11-24 21:25:09.437842,True,short,383,13,0,1,1,25429,25812,1,1,1,370,0.041273887777777775,3932.51799126981,3874.167054083372
1374,2018-11-24 21:25:09.437842,2018-11-24 21:26:27.858665,True,long,43829076,-2230747,0,249999,249999,6448303458,6404474382,249999,7,1,46059823,0.021783561944444443,3876.9732477438256,3903.5053478023265
1375,2018-11-24 21:26:27.858665,2018-11-24 21:28:48.482192,True,short,139,13,0,1,1,25618,25757,1,1,1,126,0.039062090833333334,3903.5053478023265,3882.4397251232676
1376,2018-11-24 21:28:48.482192,2018-11-24 21:30:47.614280,True,long,41484978,12319816,0,499999,499999,12956301352,12914816374,499999,2,22,29165162,0.033092246666666665,3859.1183271822993,3871.5145885201573
1377,2018-11-24 21:30:47.614280,2018-11-24 21:34:28.632096,True,short,614,14,0,1,1,25757,26371,1,1,1,600,0.06139383777777778,3882.4397251232676,3792.04429107732
1378,2018-11-24 21:34:28.632096,2018-11-24 21:35:55.522508,True,long,28161907,-1602671,0,249999,249999,6585635677,6557473770,249999,21,81,29764578,0.024136225555555554,3796.125571797251,3812.4285169653067
1379,2018-11-24 21:35:55.522508,2018-11-24 21:36:42.071330,True,short,216,13,0,1,1,26230,26446,1,1,1,203,0.012930228333333333,3812.4285169653067,3781.2901762081224
1380,2018-11-24 21:36:42.071330,2018-11-24 21:59:35.894328,True,long,231055901,11946784,0,1249999,1249999,33211252314,32980196413,500001,46,89,219109117,0.38161749944444445,3763.7815887872152,3790.1502597094313
1381,2018-11-24 21:59:35.894328,2018-11-24 22:01:43.464471,True,short,60147016,3266136,0,249999,249999,6562326494,6622473510,249999,1,33,56880880,0.03543615083333333,3809.60929372497,3775.009437523594
1382,2018-11-24 22:01:43.464471,2018-11-24 22:19:38.415034,True,long,-85,13,0,1,1,26490,26575,1,1,1,-98,0.29859737861111113,3775.009437523594,3762.9350893697083
1383,2018-11-24 22:19:38.415034,2018-11-24 22:22:02.334666,True,short,23437331,9554665,0,249999,249999,6653041802,6676479133,249999,7,1,13882666,0.03997767555555556,3757.6646508495814,3744.4736217975087
1384,2018-11-24 22:22:02.334666,2018-11-24 22:24:20.476708,True,long,-153,40,0,1,1,26706,26859,1,1,1,-193,0.038372789444444444,3744.476896577548,3723.146803678469
1385,2018-11-24 22:24:20.476708,2018-11-24 22:31:08.162750,True,short,131200606,16180849,0,652206,652206,17572649544,17703850150,252206,7,14,115019757,0.11324612277777778,3711.483566362302,3683.9783124802375
1386,2018-11-24 22:31:08.162750,2018-11-24 23:16:20.438189,True,long,18488114,4789654,0,250001,250001,6810732565,6792244451,250001,3,10,13698460,0.7534098441666667,3670.691773815083,3680.683193950612
1387,2018-11-24 23:16:20.438189,2018-11-24 23:23:18.861906,True,short,17460319,-1276678,0,749999,749999,19616269434,19633729753,749999,6,34,18736997,0.11622881027777777,3823.35184844097,3819.9517332431524
1388,2018-11-24 23:23:18.861906,2018-11-24 23:25:56.225260,True,long,86,-14,0,1,1,26247,26161,1,1,1,100,0.04371204277777777,3809.9592334362023,3822.4838500057335
1389,2018-11-24 23:25:56.225260,2018-11-24 23:30:05.553053,True,short,12112662,718112,0,54205,54205,1418057005,1430169667,54205,9,1,11394550,0.06925772027777778,3822.4838500057335,3790.10975066359
1390,2018-11-24 23:30:05.553053,2018-11-24 23:46:17.242807,True,long,172,13,0,1,1,26384,26212,1,1,1,159,0.2699138205555556,3790.175864160097,3815.0465435678316
1391,2018-11-24 23:46:17.242807,2018-11-24 23:53:14.470415,True,short,52998837,350041,0,249999,249999,6552973788,6605972625,249999,20,19,52648796,0.11589655777777777,3815.0465435678316,3784.4389341531673
1392,2018-11-24 23:53:14.470415,2018-11-25 00:09:56.938696,True,long,208,-14,0,1,1,26420,26212,1,1,1,222,0.2784634113888889,3785.011355034065,3815.0465435678316
1393,2018-11-25 00:09:56.938696,2018-11-25 00:25:59.347163,True,short,38999844,3305743,0,249999,249999,6552973788,6591973632,249999,19,1,35694101,0.2673356852777778,3815.0465435678316,3792.4757281553398
1394,2018-11-25 00:25:59.347163,2018-11-25 01:49:22.232268,True,long,73,13,0,1,1,26368,26295,1,1,1,60,1.3896903069444446,3792.4757281553398,3803.0043734550295
1395,2018-11-25 01:49:22.232268,2018-11-25 02:04:34.966385,True,short,86591622,3351795,0,249999,249999,6573723705,6660315327,249999,1,1,83239827,0.2535372547222222,3803.0043734550295,3753.5610211507333
1396,2018-11-25 02:04:34.966385,2018-11-25 02:36:58.768438,True,long,-23,40,0,1,1,26641,26664,1,1,1,-63,0.5399450147222222,3753.6128523704065,3750.3750375037503
1397,2018-11-25 02:36:58.768438,2018-11-25 02:48:07.907915,True,short,57186213,8418143,0,249999,249999,6666159100,6723345313,249999,3,1,48768070,0.18587207694444446,3750.2705268465616,3718.372154954047
1398,2018-11-25 02:48:07.907915,2018-11-25 04:16:35.463065,True,long,9501459,3455396,-1,250001,250001,6906028633,6896527174,250001,2,17,6046062,1.474320875,3620.040015550859,3625.027404263803
1399,2018-11-25 04:16:35.463065,2018-11-25 04:23:02.877135,True,short,46594743,-2657533,0,249999,249999,6793839385,6840434128,249999,7,9,49252276,0.10761501944444445,3679.7896716835617,3654.7241786406103
1400,2018-11-25 04:23:02.877135,2018-11-25 06:10:11.813138,True,long,230,-14,0,1,1,27360,27130,1,1,1,244,1.785815556388889,3654.970760233918,3685.9565057132327
1401,2018-11-25 06:10:11.813138,2018-11-25 06:33:32.640488,True,short,63410205,1327127,0,249999,249999,6782472870,6845883075,249999,14,9,62083078,0.38911870833333334,3685.9565057132327,3651.815218886133
1402,2018-11-25 06:33:32.640488,2018-11-25 06:53:17.763804,True,long,59,13,0,1,1,27379,27320,1,1,1,46,0.3292009211111111,3652.434347492604,3660.3221083455346
1403,2018-11-25 06:53:17.763804,2018-11-25 07:33:32.037189,True,short,-96884038,6314741,0,249999,249999,6835357084,6738473046,249999,28,1,-103198779,0.6706314958333334,3657.438769149167,3710.024486161609
1404,2018-11-25 07:33:32.037189,2018-11-25 07:34:54.796392,True,long,-74,40,0,1,1,26954,27028,1,1,1,-114,0.0229886675,3710.024486161609,3699.8668047950273
1405,2018-11-25 07:34:54.796392,2018-11-25 07:43:46.835013,True,short,37100200,6166356,0,249999,249999,6757036092,6794136292,249999,1,10,30933844,0.14778850583333333,3699.832242956147,3679.6288631178963
1406,2018-11-25 07:43:46.835013,2018-11-25 07:51:12.847750,True,long,58,13,0,1,1,27174,27116,1,1,1,45,0.12389242694444445,3679.9882240376833,3687.859566307715
1407,2018-11-25 07:51:12.847750,2018-11-25 09:48:45.903809,True,short,244148183,17557651,0,1908128,1908128,51551381805,51795529988,1000001,91,166,226590532,1.959182238611111,3701.4099975394442,3683.962690297938
1408,2018-11-25 09:48:45.903809,2018-11-25 11:03:22.462914,True,long,-301653217,42064877,0,1625680,1625680,45657758271,45959411488,749999,12,42,-343718094,1.2434886402777778,3560.577789103955,3537.208043720196
1409,2018-11-25 11:03:22.462914,2018-11-25 11:06:13.469934,True,short,349754590,3126971,0,749999,749999,19135219317,19484973907,749999,24,33,346627619,0.04750195,3919.4690563786235,3849.1147259404947
1410,2018-11-25 11:06:13.469934,2018-11-25 11:08:24.109099,True,long,48686176,3310882,0,750001,750001,19686462354,19637776178,750001,24,7,45375294,0.03628865694444444,3809.7296838485095,3819.1748047328215
1411,2018-11-25 11:08:24.109099,2018-11-25 11:09:04.485284,True,short,14069436,1032743,0,78096,78096,2044397088,2058466524,78096,3,1,13036693,0.011215606944444444,3820.0015280006114,3793.8921565867545
1412,2018-11-25 11:09:04.485284,2018-11-25 11:10:32.069613,True,long,128,13,0,1,1,26358,26230,1,1,1,115,0.024328980277777777,3793.914561044085,3812.4285169653067
1413,2018-11-25 11:10:32.069613,2018-11-25 11:15:35.966610,True,short,162616447,5302385,0,499999,499999,13084973770,13247590217,499999,13,9,157314062,0.0844158325,3821.1692953206434,3774.2637854118943
1414,2018-11-25 11:15:35.966610,2018-11-25 11:18:22.826252,True,long,158,13,0,1,1,26508,26350,1,1,1,145,0.04634990055555556,3772.4460540214277,3795.066413662239
1415,2018-11-25 11:18:22.826252,2018-11-25 11:31:37.860636,True,short,126843810,-3131641,0,749999,749999,19628346370,19755190180,749999,42,31,129975451,0.22084288444444447,3820.9994151432943,3796.4656030458927
1416,2018-11-25 11:31:37.860636,2018-11-25 11:32:14.993500,True,long,37,13,0,1,1,26368,26331,1,1,1,24,0.010314684444444444,3792.4757281553398,3797.804868785842
1417,2018-11-25 11:32:14.993500,2018-11-25 11:33:55.156230,True,short,3268099,654446,0,25174,25174,662886289,666154388,25174,2,1,2613653,0.027822980555555554,3797.634740337796,3779.0038545839316
1418,2018-11-25 11:33:55.156230,2018-11-25 11:37:57.233758,True,long,-46,40,0,1,1,26462,26508,1,1,1,-86,0.06724375777777777,3779.0038545839316,3772.4460540214277
1419,2018-11-25 11:37:57.233758,2018-11-25 11:40:34.554975,True,short,6607331,1205260,0,62083,62083,1645696164,1652303495,62083,11,12,5402071,0.04370033805555555,3772.4460540214277,3757.3605689189685
1420,2018-11-25 11:40:34.554975,2018-11-25 11:45:58.332892,True,long,158,-14,0,1,1,26613,26455,1,1,1,172,0.08993831027777778,3757.5620937135986,3780.00378000378
1421,2018-11-25 11:45:58.332892,2018-11-25 11:51:57.742553,True,short,45293516,13207782,0,499999,499999,13191693655,13236987171,499999,21,2,32085734,0.09983601694444445,3790.2563012482265,3777.2870332262105
1422,2018-11-25 11:51:57.742553,2018-11-25 11:55:42.379205,True,long,35,13,0,1,1,26525,26490,1,1,1,22,0.06239907,3770.0282752120643,3775.009437523594
1423,2018-11-25 11:55:42.379205,2018-11-25 12:02:36.758684,True,short,75970260,-2878530,-24452073,499999,499999,13227473510,13303443770,499999,19,23,54396717,0.11510541083333334,3780.0037900057,3758.4178100374684
1424,2018-11-25 12:02:36.758684,2018-11-25 12:14:29.797247,True,long,23035103,3357240,0,250001,250001,6703061663,6680026560,250001,2,2,19677863,0.19806626749999998,3729.6538890574725,3742.515059700601
1425,2018-11-25 12:14:29.797247,2018-11-25 20:58:57.365061,True,short,-128087223,43463098,-23576865,5348194,5348194,138658343956,138530256733,1200001,261,273,-195127186,8.740991059444445,3857.1021746063293,3860.6685110733497
1426,2018-11-25 20:58:57.365061,2018-11-25 21:16:47.266097,True,long,84314919,36773522,0,1741419,1741419,44479932190,44395617271,1247873,49,89,47541397,0.2971947322222222,3915.066669979112,3922.502055484485
1427,2018-11-25 21:16:47.266097,2018-11-25 21:35:46.696672,True,short,67912997,22534870,0,1197559,1197559,30302333935,30370246932,900749,88,4,45378127,0.31650849305555556,3952.035518349257,3943.1981000397354
1428,2018-11-25 21:35:46.696672,2018-11-25 21:36:37.539416,True,long,-9686,92947,0,2441,2441,61976990,61986676,2441,1,2,-102633,0.014122984444444445,3938.5584875935406,3937.94305085822
1429,2018-11-25 21:36:37.539416,2018-11-25 22:04:17.255581,True,short,-587868769,24505510,0,2021430,2021430,50351397494,49763528725,1912073,62,77,-612374279,0.4610322680555556,4014.6452742267556,4062.071263416017
1430,2018-11-25 22:04:17.255581,2018-11-25 22:07:46.929016,True,long,43319570,-5261680,0,686040,686040,17088937406,17045617836,686040,37,28,48581250,0.058242620833333335,4014.5269638539867,4024.729444251046
1431,2018-11-25 22:07:46.929016,2018-11-25 22:54:10.291528,True,short,426924374,40176778,0,2403565,2403565,59370306705,59797231079,1200001,61,58,386747596,0.7731562533333334,4048.4294816647434,4019.5255810834697
1432,2018-11-25 22:54:10.291528,2018-11-25 22:55:35.486674,True,long,23699921,-2914045,0,299999,299999,7594774684,7571074763,299999,34,14,26613966,0.02366531833333333,3950.071101279823,3962.4361057177953
1433,2018-11-25 22:55:35.486674,2018-11-25 22:59:19.674911,True,short,160,13,0,1,1,25237,25397,1,1,1,147,0.06227451027777777,3962.4361057177953,3937.472929873607
1434,2018-11-25 22:59:19.674911,2018-11-25 23:01:04.008735,True,long,29099903,3816800,0,299999,299999,7619074603,7589974700,299999,1,44,25283103,0.02898161777777778,3937.472929873607,3952.5691699604745
1435,2018-11-25 23:01:04.008735,2018-11-25 23:22:13.188334,True,short,261,13,0,1,1,25300,25561,1,1,1,248,0.35254988861111114,3952.5691699604745,3912.210007433199
1436,2018-11-25 23:22:13.188334,2018-11-25 23:34:43.540161,True,long,16243610,1650805,0,162185,162185,4145635757,4129392147,162185,7,11,14592805,0.20843106305555553,3912.1864415161645,3927.5756388946315
1437,2018-11-25 23:34:43.540161,2018-11-26 14:08:10.053826,True,short,393375390,13641327,-4703957,1224367,1224367,31082045541,31475420931,600001,38,75,375030106,14.557364906944445,3939.145505674491,3889.9146184066644
1438,2018-11-26 14:08:10.053826,2018-11-26 14:34:52.916974,True,long,-145374439,1267917,0,1800001,1800001,48203552337,48348926776,1200001,95,82,-146642356,0.4452397633333333,3734.1667008602567,3722.938894464779
1439,2018-11-26 14:34:52.916974,2018-11-26 14:35:23.489543,True,short,15601863,4012471,0,299999,299999,8032771309,8048373172,299999,1,1,11589392,0.008492380277777779,3734.688670445255,3727.448933949605
1440,2018-11-26 14:35:23.489543,2018-11-26 14:38:38.706249,True,long,215,-14,0,1,1,26828,26613,1,1,1,229,0.05422686277777777,3727.448933949605,3757.5620937135986
1441,2018-11-26 14:38:38.706249,2018-11-26 14:47:02.166981,True,short,110044196,-5425860,0,614763,614763,16351767467,16461811663,599999,34,40,115470056,0.13985020333333334,3759.611927216259,3734.4796100526255
1442,2018-11-26 14:47:02.166981,2018-11-26 15:01:15.345931,True,long,7398772,2714938,0,77313,77313,2076936432,2069537660,77313,4,2,4683834,0.23699415277777777,3722.4538415723646,3735.761928584571
1443,2018-11-26 15:01:15.345931,2018-11-26 15:05:06.962386,True,short,71230302,7414640,0,299999,299999,7998742798,8069973100,299999,4,4,63815662,0.06433790416666667,3750.576904098123,3717.472118959108
1444,2018-11-26 15:05:06.962386,2018-11-26 15:29:45.232907,True,long,251,-14,0,1,1,26900,26649,1,1,1,265,0.41063070027777776,3717.472118959108,3752.486021989568
1445,2018-11-26 15:29:45.232907,2018-11-26 16:07:18.939956,True,short,367241504,-4089395,0,299999,299999,7995230621,8362472125,299999,30,38,371330899,0.6260297358333333,3752.2244725753485,3587.4439461883408
1446,2018-11-26 16:07:18.939956,2018-11-26 16:08:08.068831,True,long,160,14,0,1,1,27875,27715,1,1,1,146,0.013646909722222222,3587.4439461883408,3608.1544290095617
1447,2018-11-26 16:08:08.068831,2018-11-26 16:24:18.916103,True,short,-129548949,28748515,0,902737,902737,24952323587,24822774638,602737,11,7,-158297464,0.2696797977777778,3617.847439547955,3636.728823288123
1448,2018-11-26 16:24:18.916103,2018-11-26 17:01:52.734407,True,long,562100823,28871814,0,2263864,2263864,62697755257,62135654434,610234,110,130,533229009,0.62606064,3610.75765905869,3643.421833441311
1449,2018-11-26 17:01:52.734407,2018-11-26 17:07:08.168596,True,short,52301964,12369029,0,329999,329999,8824833258,8877135222,329999,1,9,39932935,0.08762060805555556,3739.43609303717,3717.4042272350553
1450,2018-11-26 17:07:08.168596,2018-11-26 17:07:55.986226,True,long,108,-14,0,1,1,26882,26774,1,1,1,122,0.013282675,3719.961312402351,3734.9667587958465
1451,2018-11-26 17:07:55.986226,2018-11-26 17:42:04.876916,True,short,58071981,1780115,0,329999,329999,8835393226,8893465207,329999,29,17,56291866,0.5691363027777778,3734.9667587958465,3710.578411441465
1452,2018-11-26 17:42:04.876916,2018-11-26 19:40:11.539949,True,long,60454900,24838368,0,990001,990001,26293436511,26232981611,330001,11,55,35616532,1.9685175091666667,3765.2020099610327,3773.8790606435423
1453,2018-11-26 19:40:11.539949,2018-11-26 19:56:44.286431,True,short,66536278,13091243,0,329999,329999,8694240183,8760776461,329999,1,1,53445035,0.27576291166666667,3795.604826345295,3766.7779958665014
1454,2018-11-26 19:56:44.286431,2018-11-26 19:58:04.830115,True,long,107,38,0,1,1,26548,26441,1,1,1,69,0.022373245555555556,3766.762091306313,3782.0052191672025
1455,2018-11-26 19:58:04.830115,2018-11-26 20:01:22.610537,True,short,41106265,10973409,-8330815,329999,329999,8726408262,8767514527,329999,14,1,21802041,0.054939006111111105,3781.6131229730904,3763.883127695444
1456,2018-11-26 20:01:22.610537,2018-11-26 20:53:12.896102,True,long,-970,41,0,1,1,26568,27538,1,1,1,-1011,0.8639682125,3763.9265281541702,3631.3457767448617
1457,2018-11-26 20:53:12.896102,2018-11-26 20:55:47.753134,True,short,58169369,10594473,0,329999,329999,9087615704,9145785073,329999,1,9,47574896,0.043015842222222225,3631.3045219853193,3608.2085612772194
1458,2018-11-26 20:55:47.753134,2018-11-26 23:44:33.868350,True,long,59345689,6992604,0,330013,330013,9132040467,9072694778,330013,14,3,52353085,2.812809782222222,3613.7925712501115,3637.430863432492
1459,2018-11-26 23:44:33.868350,2018-11-26 23:50:35.066871,True,short,-110961178,8319048,0,329999,329999,8953580031,8842618853,329999,12,1,-119280226,0.1003329225,3685.6653858841237,3731.914780970601
1460,2018-11-26 23:50:35.066871,2018-11-27 00:02:11.388721,True,long,-209,40,0,1,1,26796,27005,1,1,1,-249,0.19342273611111113,3731.9002836244217,3703.017959637104
1461,2018-11-27 00:02:11.388721,2018-11-27 01:29:08.523044,True,short,197486947,43844688,0,1386157,1386157,37233643844,37431130791,661513,6,51,153642259,1.4492039786111113,3722.861522250317,3703.2196749270793
1462,2018-11-27 01:29:08.523044,2018-11-27 01:31:22.038580,True,long,89,13,0,1,1,27244,27155,1,1,1,76,0.03708764888888889,3670.532961385993,3682.563063892469
1463,2018-11-27 01:31:22.038580,2018-11-27 01:47:05.729836,True,short,55109833,-4494316,0,329999,329999,8961122845,9016232678,329999,21,33,59604149,0.26213645999999996,3682.563063892469,3660.0541688016983
1464,2018-11-27 01:47:05.729836,2018-11-27 01:50:23.036883,True,long,93,-14,0,1,1,27322,27229,1,1,1,107,0.054807513055555555,3660.0541688016983,3672.5549965110727
1465,2018-11-27 01:50:23.036883,2018-11-27 02:15:15.270451,True,short,49499850,-4505137,0,329999,329999,8985542771,9035042621,329999,6,16,54004987,0.4145093244444445,3672.5549965110727,3652.434347492604
1466,2018-11-27 02:15:15.270451,2018-11-27 02:17:36.613912,True,long,131,-14,0,1,1,27379,27248,1,1,1,145,0.039262072499999995,3652.434347492604,3669.9941280093954
1467,2018-11-27 02:17:36.613912,2018-11-27 04:47:48.357174,True,short,8422981,26462575,-17227110,2401460,2401460,64908053647,64916476628,1319999,113,98,-35266704,2.503262017222222,3699.7874147640437,3699.307363462474
1468,2018-11-27 04:47:48.357174,2018-11-27 04:48:16.864207,True,long,622610,1034730,0,25612,25612,692838134,692215524,25612,2,1,-412120,0.007918620277777778,3696.6787396838063,3700.0037000037
1469,2018-11-27 04:48:16.864207,2018-11-27 21:57:25.530466,True,short,-89273368,47540446,-19220498,2184996,2184996,58606216215,58516942847,1080389,187,69,-156034312,17.152407294166665,3728.26662616168,3733.9544646290738
1470,2018-11-27 21:57:25.530466,2018-11-27 22:36:00.817344,True,long,42248923,4984808,0,659999,659999,17555912466,17513663543,659999,45,70,37264115,0.6431352438888889,3759.4115445619814,3768.4805259593654
1471,2018-11-27 22:36:00.817344,2018-11-27 22:46:36.837011,True,short,-99,13,0,1,1,26473,26374,1,1,1,-112,0.17667212972222224,3777.433611604276,3791.6129521498447
1472,2018-11-27 22:46:36.837011,2018-11-27 22:51:47.234504,True,long,53511019,4042700,0,329999,329999,8703444807,8649933788,329999,3,1,49468319,0.08622152583333333,3791.5906553987525,3815.0465435678316
1473,2018-11-27 22:51:47.234504,2018-11-27 22:59:03.235941,True,short,204,13,0,1,1,26212,26416,1,1,1,191,0.12111151027777778,3815.0465435678316,3785.5844942459116
1474,2018-11-27 22:59:03.235941,2018-11-28 03:49:13.245406,True,long,164528277,33753869,0,1847044,1847044,48925188274,48760659997,660001,111,132,130774408,4.836113740277778,3775.2414761407526,3787.979900423086
1475,2018-11-28 03:49:13.245406,2018-11-28 03:49:55.335020,True,short,10206643,2379662,0,115706,115706,2999077678,3009284321,115706,14,2,7826981,0.011691559444444444,3858.052788988148,3844.967362922701
1476,2018-11-28 03:49:55.335020,2018-11-28 04:28:12.606412,True,long,195,14,30,1,1,26035,25840,1,1,1,211,0.6381309422222222,3840.983291722681,3869.969040247678
1477,2018-11-28 04:28:12.606412,2018-11-28 06:00:55.514162,True,short,-109146989,15457663,0,5215410,5215410,130826902796,130717755807,1649999,204,222,-124604652,1.5452521527777778,3986.4965756565016,3989.825229022722
1478,2018-11-28 06:00:55.514162,2018-11-28 12:55:12.375213,True,long,32113463,2379286,25,339370,339370,8508793696,8476680233,330001,42,19,29734202,6.9046836252777775,3988.461962117362,4003.5720432017856
1479,2018-11-28 12:55:12.375213,2018-11-28 13:01:00.954765,True,short,58255189,-6207157,0,659999,659999,15965860495,16024115684,659999,16,93,64462346,0.09682765333333333,4133.814148048524,4118.785791461839
1480,2018-11-28 13:01:00.954765,2018-11-28 13:14:28.920736,True,long,147,-12,0,1,1,24316,24169,1,1,1,159,0.22443499194444444,4112.518506333278,4137.531548678058
1481,2018-11-28 13:14:28.920736,2018-11-28 13:20:55.929845,True,short,73041240,2787442,0,659999,659999,15908000275,15981041515,659999,17,14,70253798,0.10750253027777779,4148.849563682825,4129.8872753726155
1482,2018-11-28 13:20:55.929845,2018-11-28 13:24:13.157327,True,long,59,33,0,1,1,24272,24213,1,1,1,26,0.05478541166666667,4119.973632168754,4130.012803039689
1483,2018-11-28 13:24:13.157327,2018-11-28 22:10:44.815735,True,short,133278359,13130341,-16862509,3175730,3175730,74673519365,74806797724,1649999,176,82,103285509,8.775460668888888,4252.819509520114,4245.242540279387
1484,2018-11-28 22:10:44.815735,2018-11-28 22:12:03.166770,True,long,11653088,1941081,0,164128,164128,3924136352,3912483264,164128,3,24,9712007,0.02176417638888889,4182.525408841859,4194.982800570518
1485,2018-11-28 22:12:03.166770,2018-11-28 22:40:11.529489,True,short,114,-12,0,1,1,23838,23952,1,1,1,126,0.46898964416666666,4194.982800570518,4175.016700066801
1486,2018-11-28 22:40:11.529489,2018-11-29 00:03:07.145435,True,long,257539960,2285757,0,1519999,1519999,36288109999,36030570039,659999,127,58,255254203,1.3821155405555556,4188.697069210512,4218.637113858403
1487,2018-11-29 00:03:07.145435,2018-11-29 01:35:44.949668,True,short,146950042,2230578,0,822297,822297,19499409250,19646359292,350405,82,74,144719464,1.5438345091666665,4217.035446855909,4185.4930360295275
1488,2018-11-29 01:35:44.949668,2018-11-29 01:40:05.682750,True,long,-14953710,10614637,0,349999,349999,8477964263,8492917973,349999,16,1,-25568347,0.07242585611111112,4128.337760604689,4121.068884836621
1489,2018-11-29 01:40:05.682750,2018-11-29 04:13:01.622558,True,short,161037808,4052741,-65,2363999,2363999,57105750761,57266788569,1050001,131,160,156985002,2.5488721688888885,4139.6864037281475,4128.045345430272
1490,2018-11-29 04:13:01.622558,2018-11-29 05:34:29.576730,True,long,154852148,4264872,0,349999,349999,8513178267,8358326119,349999,3,23,150587276,1.3577650477777776,4111.261258990854,4187.429337129936
1491,2018-11-29 05:34:29.576730,2018-11-29 11:30:38.356623,True,short,-689859226,26858031,0,4522008,4522008,104967182180,104277322954,2505202,282,267,-716717257,5.9357721925,4308.020760474986,4336.520992195781
1492,2018-11-29 11:30:38.356623,2018-11-29 11:39:50.521067,True,long,39228776,2386189,0,548935,548935,12560407556,12521178780,548935,74,8,36842587,0.15337901222222222,4370.359779749172,4384.052090022151
1493,2018-11-29 11:39:50.521067,2018-11-29 11:54:22.450367,True,short,78506255,15594374,0,575740,575740,13124821620,13203327875,575740,55,3,62911881,0.24220258333333333,4386.6500945252465,4360.56731644256
1494,2018-11-29 11:54:22.450367,2018-11-29 11:55:32.956094,True,long,12909113,-57723,0,344260,344260,7924348173,7911439060,344260,4,17,12966836,0.019584924166666663,4344.332082390949,4351.420738871241
1495,2018-11-29 11:55:32.956094,2018-11-29 21:47:05.999328,True,short,654963783,20669457,-16313363,818409,818409,18803251682,19458215465,818409,5,33,617980963,9.85917867611111,4352.486547757309,4205.9817945386285
1496,2018-11-29 21:47:05.999328,2018-11-29 21:57:33.349159,True,long,4879955,2627756,0,77361,77361,1851177581,1846297626,77361,8,1,2252199,0.17426384194444444,4179.015605742688,4190.061174893153
1497,2018-11-29 21:57:33.349159,2018-11-30 10:09:53.217243,True,short,361715950,8326317,-21054664,2532328,2532328,59937452485,60299168435,1054882,171,184,332334969,12.205518912222223,4224.951003104015,4199.606836584728
1498,2018-11-30 10:09:53.217243,2018-11-30 10:33:53.353851,True,long,85262896,14129737,0,1238916,1238916,30498818117,30413555221,350001,11,112,71133159,0.4000379466666667,4062.177082558586,4073.5651948528243
1499,2018-11-30 10:33:53.353851,2018-11-30 11:00:29.955938,True,short,13068561,-655545,0,169792,169792,4183165828,4196234389,120508,45,17,13724106,0.44350057972222223,4058.935432669154,4046.2944692768447
1500,2018-11-30 11:00:29.955938,2018-11-30 11:01:08.160905,True,long,22101919,-3674216,0,349999,349999,8782926888,8760824969,349999,11,7,25776135,0.010612490833333335,3984.992753135622,3995.046142782949
1501,2018-11-30 11:01:08.160905,2018-11-30 11:05:08.247838,True,short,155,13,0,1,1,25031,25186,1,1,1,142,0.06669081472222221,3995.046142782949,3970.459779242436
1502,2018-11-30 11:05:08.247838,2018-11-30 11:28:57.832169,True,long,-10391583,-8642564,0,699999,699999,17699583117,17709974700,699999,44,22,-1749019,0.3971067586111111,3954.88975854843,3952.5691699604745
1503,2018-11-30 11:28:57.832169,2018-11-30 12:02:09.079588,True,short,45398965,4691717,-15,350001,350001,8832975300,8878374265,350001,22,2,40707233,0.5531242830555556,3962.4360774562565,3942.1744291605396
1504,2018-11-30 12:02:09.079588,2018-11-30 12:14:18.078282,True,long,68031628,4470259,0,349999,349999,8906556375,8838524747,349999,1,1,63561369,0.20249963722222222,3929.6781524048906,3959.925553399596
1505,2018-11-30 12:14:18.078282,2018-11-30 12:50:35.160235,True,short,102,13,0,1,1,25253,25355,1,1,1,89,0.6047449869444445,3959.925553399596,3943.9952672056793
1506,2018-11-30 12:50:35.160235,2018-11-30 13:16:53.353581,True,long,82357943,3003794,0,699999,699999,17762362353,17680004410,699999,64,22,79354149,0.43838704055555555,3940.9116089886134,3959.2693744130124
1507,2018-11-30 13:16:53.353581,2018-11-30 14:04:52.632357,True,short,8921072,529483,0,42081,42081,1045629093,1054550165,42081,9,2,8391589,0.79979966,4024.46721133839,3990.4218307149004
1508,2018-11-30 14:04:52.632357,2018-11-30 16:58:35.579774,True,long,116899666,-4409631,0,349999,349999,8877724635,8760824969,349999,1,12,121309297,2.895263171388889,3942.4403705893947,3995.046142782949
1509,2018-11-30 16:58:35.579774,2018-11-30 23:00:22.916649,True,short,-282493743,22549427,-20,1408501,1408501,36009587024,35727093281,1058501,48,85,-305043190,6.029815798611112,3911.461131340521,3942.3890125118405
1510,2018-11-30 23:00:22.916649,2018-11-30 23:01:35.370927,True,long,13790212,5177226,0,162384,162384,4112585056,4098794844,162384,1,11,8612986,0.020126188333333333,3948.465449075444,3961.7498845472833
1511,2018-11-30 23:01:35.370927,2018-11-30 23:07:30.559205,True,short,46992851,13293011,0,349999,349999,8838524747,8885517598,349999,1,1,33699840,0.09866341055555557,3959.925553399596,3938.9826888506714
1512,2018-11-30 23:07:30.559205,2018-11-30 23:20:50.190320,True,long,103,13,0,1,1,25387,25284,1,1,1,90,0.22211975416666668,3939.023909875133,3955.0704002531247
1513,2018-11-30 23:20:50.190320,2018-12-01 03:05:49.230776,True,short,35950093,-8165537,0,655582,655582,16556541423,16592491516,350001,58,49,44115630,3.7497334600000003,3959.6554814840692,3951.076300794415
1514,2018-12-01 03:05:49.230776,2018-12-01 03:16:41.621496,True,long,25899926,-4431122,0,349999,349999,8875274642,8849374716,349999,62,43,30331048,0.18121964444444444,3943.528669453427,3955.0704002531247
1515,2018-12-01 03:16:41.621496,2018-12-02 05:02:48.907747,True,short,-723638608,16375619,-22627914,1818134,1818134,44137610808,43413972200,1138134,53,93,-762642141,25.768690625277777,4119.239729374887,4187.900594822789
1516,2018-12-02 05:02:48.907747,2018-12-02 05:04:10.814807,True,long,15749955,-4293168,0,349999,349999,8594225445,8578475490,349999,9,3,20043123,0.02275196111111111,4072.4903278354714,4079.967360261118
1517,2018-12-02 05:04:10.814807,2018-12-02 07:07:44.499199,True,short,98332811,1216144,0,701750,701750,17168413923,17266746734,374343,63,8,97116667,2.0593567755555555,4087.4480493500155,4064.1703432076297
1518,2018-12-02 07:07:44.499199,2018-12-02 07:34:02.855408,True,long,76199846,3704550,0,299999,299999,7370975430,7294775584,299999,1,35,72495296,0.4384322802777778,4070.00407000407,4112.518562709495
1519,2018-12-02 07:34:02.855408,2018-12-02 08:00:40.451471,True,short,64677705,1580446,0,299999,299999,7264775784,7329453489,299999,1,4,63097259,0.44377668416666666,4129.501156260324,4093.060969009991
1520,2018-12-02 08:00:40.451471,2018-12-02 08:07:34.039382,True,long,45,-12,0,1,1,24420,24375,1,1,1,57,0.11488553083333333,4095.004095004095,4102.5641025641025
1521,2018-12-02 08:07:34.039382,2018-12-02 15:12:05.783937,True,short,186901813,-1605479,-323823,1541994,1541994,37548221954,37735123767,637641,104,117,188183469,7.075484598611111,4106.703113370011,4086.3626406030226
1522,2018-12-02 15:12:05.783937,2018-12-02 15:36:20.535252,True,long,30599928,-7342583,0,599999,599999,14700575538,14669975610,599999,36,81,37942511,0.40409758749999997,4081.4660517817338,4089.979533374289
1523,2018-12-02 15:36:20.535252,2018-12-03 02:13:07.699756,True,short,280515414,769579,-5038884,650001,650001,15671524390,15952039804,600001,44,27,274706951,10.613101251111111,4147.656499930317,4074.720273936448
1524,2018-12-03 02:13:07.699756,2018-12-03 02:13:53.074817,True,long,33599904,-4408053,0,349999,349999,8832924763,8799324859,349999,4,17,38007957,0.012604183611111111,3962.4361057177953,3977.5665248001274
1525,2018-12-03 02:13:53.074817,2018-12-03 02:52:38.914077,True,short,-79025945,17285429,0,1495238,1495238,38045116768,37966090823,700001,66,47,-96311374,0.6460664611111112,3930.1706158979505,3938.351217065991
1526,2018-12-03 02:52:38.914077,2018-12-03 03:47:25.134513,True,long,59527038,13176709,0,700604,700604,17793190684,17733663646,700604,18,19,46350329,0.91283901,3937.483796146789,3950.700847751942
1527,2018-12-03 03:47:25.134513,2018-12-03 15:48:49.768745,True,short,466360957,13338421,-6315064,3275558,3275558,84427108398,84893469355,705560,128,163,446707472,12.023509508888887,3879.7467568812235,3858.433428256491
1528,2018-12-03 15:48:49.768745,2018-12-03 18:00:22.360294,True,long,22772220,-9153489,0,699999,699999,18318536788,18295764568,361068,67,116,31925709,2.1923865413888888,3821.26044291131,3826.0166575619655
1529,2018-12-03 18:00:22.360294,2018-12-04 00:15:22.142608,True,short,126309263,4487911,-7423889,349999,349999,9120623941,9246933204,349999,22,5,114397463,6.249939531666667,3837.4457960781306,3785.027881985769
1530,2018-12-04 00:15:22.142608,2018-12-04 06:44:04.190645,True,long,265537329,7915973,26,967510,967510,25356929126,25091391797,352098,75,62,257621382,6.478346676944445,3815.564555125696,3855.943934188929
1531,2018-12-04 06:44:04.190645,2018-12-04 09:43:43.643704,True,short,-119013984,-1621017,0,1257561,1257561,31932641357,31813627373,1049999,71,180,-117392967,2.9942925163888887,3938.167801218637,3952.9003884268886
1532,2018-12-04 09:43:43.643704,2018-12-04 10:05:13.119493,True,long,225,-12,0,1,1,25256,25031,1,1,1,237,0.3581877191666667,3959.455178967374,3995.046142782949
1533,2018-12-04 10:05:13.119493,2018-12-04 16:38:46.774854,True,short,240232328,-9428130,-9184924,957054,957054,24090895304,24331127632,699999,62,74,240475534,6.559348711388889,3972.6792546439438,3933.4551792054813
1534,2018-12-04 16:38:46.774854,2018-12-05 05:30:36.659251,True,long,64846877,-267713,6428107,2100001,2100001,54521670062,54456823185,1050001,127,116,71542697,12.863856776944445,3851.6813546099334,3856.2679149789997
1535,2018-12-05 05:30:36.659251,2018-12-06 00:04:29.853223,True,short,-66242207,6406376,-5,350001,350001,9478600303,9412358096,350001,30,5,-72648588,18.564776103333333,3692.538864511713,3718.526180476931
1536,2018-12-06 00:04:29.853223,2018-12-06 00:10:39.594685,True,long,27265640,5830981,0,305719,305719,8224648798,8197383158,305719,1,39,21434659,0.10270596166666666,3717.1070462527487,3729.4706628619933
1537,2018-12-06 00:10:39.594685,2018-12-06 05:06:21.999266,True,short,303973201,13058461,-53861,1520685,1520685,40861566184,41165539385,1052986,185,158,290860879,4.928445716944444,3721.5533862611674,3694.0728160460126
1538,2018-12-06 05:06:21.999266,2018-12-06 05:07:21.360492,True,long,131466150,5095729,0,349999,349999,9387240895,9255774745,349999,4,22,126370421,0.016489229444444444,3728.4544406058944,3781.4122495696065
1539,2018-12-06 05:07:21.360492,2018-12-06 05:08:19.510712,True,short,123,-14,0,1,1,26455,26578,1,1,1,137,0.01615283888888889,3780.00378000378,3762.510346903454
1540,2018-12-06 05:08:19.510712,2018-12-06 05:13:56.829798,True,long,58564313,-4535420,0,357973,357973,9514772548,9456208235,357973,50,32,63099733,0.09369974611111112,3762.2864676386375,3785.5871095884345
1541,2018-12-06 05:13:56.829798,2018-12-06 05:33:33.976536,True,short,91719924,-7453905,0,693496,693496,18115721020,18207440944,350496,21,41,99173829,0.326985205,3828.144622200635,3808.860356229971
1542,2018-12-06 05:33:33.976536,2018-12-06 06:02:09.769969,True,long,59765184,-4574740,0,349504,349504,9179373056,9119607872,349504,22,1,64339924,0.47660928694444443,3807.4931465123364,3832.445483462998
1543,2018-12-06 06:02:09.769969,2018-12-06 14:52:54.228625,True,short,168497474,769494,-6646,1400496,1400496,38345543248,38514040722,700404,54,115,167721334,8.84568296,3652.3044958374558,3636.3258015667216
1544,2018-12-06 14:52:54.228625,2018-12-06 15:28:16.727304,True,long,17487622,5640,0,347924,347924,9454486776,9436999154,347924,1,20,17481982,0.5895829663888889,3679.9882240376833,3686.807578577854
1545,2018-12-06 15:28:16.727304,2018-12-06 16:16:38.411192,True,short,24303961,1012016,0,127967,127967,3539951121,3564255082,127967,13,7,23291945,0.8060233022222222,3614.9369193507573,3590.287368775925
1546,2018-12-06 16:16:38.411192,2018-12-06 23:36:42.924261,True,long,3786268,295815,-1697,15617,15617,440219801,436433533,15617,4,2,3488756,7.334586963611112,3547.546013269857,3578.322658355402
1547,2018-12-06 23:36:42.924261,2018-12-06 23:38:49.875793,True,short,83852770,4976790,0,349383,349383,9827794407,9911647177,349383,11,1,78875980,0.035264314444444445,3555.049948451776,3524.9741416416036
1548,2018-12-06 23:38:49.875793,2018-12-06 23:54:46.642726,True,long,109454528,5164321,0,350617,350617,10273903675,10164449147,350617,2,16,104290207,0.2657685925,3412.695028990526,3449.4441846214886
1549,2018-12-06 23:54:46.642726,2018-12-07 00:54:12.261320,True,short,333378871,10043191,0,1056851,1056851,30728452766,31061831637,706851,29,13,323335680,0.9904496094444445,3439.323834649332,3402.410432040035
1550,2018-12-07 00:54:12.261320,2018-12-07 00:54:41.629384,True,long,43043996,15506253,0,347129,347129,10359023618,10315979622,347129,1,1,27537743,0.008157795555555555,3350.9818376784397,3364.9639948852546
1551,2018-12-07 00:54:41.629384,2018-12-07 00:56:44.484014,True,short,1040336,128760,0,2871,2871,85320378,86360714,2871,1,1,911576,0.03412628611111111,3364.9639948852546,3324.4282811279213
1552,2018-12-07 00:56:44.484014,2018-12-07 00:58:05.913079,True,long,31497892,-3773949,0,347129,347129,10440160957,10408663065,347129,24,42,35271841,0.02261918472222222,3324.9391597478607,3335.0008337502086
1553,2018-12-07 00:58:05.913079,2018-12-07 00:59:32.815139,True,short,43795944,5282078,0,352871,352871,10584888159,10628684103,352871,2,2,38513866,0.024139461111111114,3333.7244069032963,3319.9876539787306
1554,2018-12-07 00:59:32.815139,2018-12-07 01:01:43.011134,True,long,-38184190,15748392,0,347129,347129,10480865897,10519050087,347129,1,1,-53932582,0.03616555416666667,3312.0259662835756,3300.0033000033
1555,2018-12-07 01:01:43.011134,2018-12-07 01:02:05.644971,True,short,-325026,46107,0,2871,2871,86999913,86674887,2871,1,5,-371133,0.006287176944444445,3300.0033000033,3312.3781286268077
1556,2018-12-07 01:02:05.644971,2018-12-07 01:02:54.786196,True,long,84890995,2649701,0,347129,347129,10479477381,10394586386,347129,32,7,82241294,0.013650340277777777,3312.4648050614464,3339.5171977937707
1557,2018-12-07 01:02:54.786196,2018-12-07 16:21:00.016123,True,short,623386217,24122281,-31960594,5649432,5649432,168355925414,168979311631,1400286,234,323,567303342,15.3014527575,3355.6478550473457,3343.2684424331546
1558,2018-12-07 16:21:00.016123,2018-12-07 16:23:02.381632,True,long,91125466,5460218,0,345126,345126,10669582492,10578457026,345126,1,5,85665248,0.03399041916666667,3234.672024503056,3262.5362957162897
1559,2018-12-07 16:23:02.381632,2018-12-07 16:34:21.995498,True,short,1970866,76175,0,4874,4874,149392974,151363840,4874,1,1,1894691,0.18878162944444446,3262.5362957162897,3220.0557279730747
1560,2018-12-07 16:34:21.995498,2018-12-07 16:43:53.423986,True,long,98466320,4143293,0,425126,425126,13198653261,13100186941,345126,3,11,94323027,0.15873013555555557,3220.9801378462016,3245.1903313644475
1561,2018-12-07 16:43:53.423986,2018-12-07 16:48:49.918959,True,short,54980275,5157464,0,342075,342075,10470325400,10525305675,342075,2,2,49822811,0.08235971472222223,3267.090438278069,3250.024375182814
1562,2018-12-07 16:48:49.918959,2018-12-07 17:03:13.490555,True,long,226375,93287,0,7925,7925,243844325,243617950,7925,1,2,133088,0.2398809988888889,3250.024375182814,3253.0443672151414
1563,2018-12-07 17:03:13.490555,2018-12-07 17:42:09.221893,True,short,1619937,166860,0,10765,10765,331282110,332902047,10765,9,2,1453077,0.6488142605555556,3249.496328069149,3233.683931057354
1564,2018-12-07 17:42:09.221893,2018-12-07 19:12:28.355010,True,long,582147458,10667655,0,699235,699235,21543760713,20961613255,699235,6,8,571479803,1.5053147547222223,3245.649677022571,3335.7880974796185
1565,2018-12-07 19:12:28.355010,2018-12-08 10:54:56.305905,True,short,4863861,-437690,-73149,30984,30984,910423155,915287016,30984,5,27,5228402,15.7077641375,3403.252633661322,3385.167653246815
1566,2018-12-08 10:54:56.305905,2018-12-09 14:06:13.501575,True,long,165118701,-6569957,27548399,2100475,2100475,61552955305,61387836604,1050027,152,90,199237057,27.188109908333335,3412.4681578520026,3421.646886743577
1567,2018-12-09 14:06:13.501575,2018-12-09 17:57:47.220651,True,short,-180129682,15038283,0,3849973,3849973,108613112366,108432982684,1744306,247,248,-195167965,3.85936641,3544.6668603202525,3550.5552874255563
1568,2018-12-09 17:57:47.220651,2018-12-09 18:10:57.048171,True,long,45338668,2011692,0,355694,355694,10008370132,9963031464,355694,21,14,43326976,0.21939653333333334,3553.965284144829,3570.138278547546
1569,2018-12-09 18:10:57.048171,2018-12-09 19:58:09.409151,True,short,94163679,6563530,0,544306,544306,15215359246,15309522925,353493,25,47,87600149,1.786766938888889,3577.3457017986207,3555.342662645381
1570,2018-12-09 19:58:09.409151,2018-12-10 06:19:14.720633,True,long,21887241,-750030,862,633339,633339,18116871954,18094984713,350048,18,38,22638133,10.351475411666666,3495.851831420412,3500.0803263734706
1571,2018-12-10 06:19:14.720633,2018-12-10 06:22:23.912602,True,short,16067156,5034087,0,349286,349286,10044068216,10060135372,349286,23,1,11033069,0.052553324722222225,3477.5351231047434,3471.9811124227485
1572,2018-12-10 06:22:23.912602,2018-12-10 07:06:03.571422,True,long,-26418,30866,0,714,714,20564628,20591046,714,1,1,-57284,0.7276830055555555,3471.9811124227485,3467.5266132667566
1573,2018-12-10 07:06:03.571422,2018-12-10 07:46:51.758802,True,short,-136388982,23476214,0,899810,899810,25928009322,25791620340,737086,41,89,-159865196,0.6800520499999999,3470.4168331060737,3488.768786676394
1574,2018-12-10 07:46:51.758802,2018-12-10 08:20:26.457158,True,long,-45499,3750,0,263,263,7522852,7568351,263,1,1,-49249,0.5596384322222222,3496.0145434205006,3474.997393751955
1575,2018-12-10 08:20:26.457158,2018-12-10 09:08:35.737264,True,short,182530060,-748187,0,699737,699737,20132773850,20315303910,699737,96,22,183278247,0.8025778072222223,3475.6114841075414,3444.3836188714936
1576,2018-12-10 09:08:35.737264,2018-12-11 01:31:13.375147,True,long,-362099570,37720665,645,3078663,3078663,89459648592,89821748162,1412595,170,124,-399819590,16.377121634166667,3441.3984946899423,3427.5251406234147
1577,2018-12-11 01:31:13.375147,2018-12-11 04:04:43.671530,True,short,-18449972,8723228,775281,599972,599972,17729017329,17710567357,349923,15,6,-26397919,2.5584156619444447,3384.1243926058096,3387.649801985957
1578,2018-12-11 04:04:43.671530,2018-12-11 16:39:56.398070,True,long,-138715698,-844342,106752,1750737,1750737,52024716390,52163432088,706993,98,51,-137764604,12.586868483333335,3365.2023912551695,3356.253470911379
1579,2018-12-11 16:39:56.398070,2018-12-12 12:11:45.325545,True,short,68607735,1907158,-11575356,2155695,2155695,63778250689,63846858424,725695,153,105,55125221,19.530257631944444,3379.9845193493184,3376.35249910695
1580,2018-12-12 12:11:45.325545,2018-12-12 13:41:02.175240,True,long,-1282774,348684,0,23761,23761,698016142,699298916,23761,1,4,-1631458,1.4880138041666666,3404.0760048784086,3397.8316648784853
1581,2018-12-12 13:41:02.175240,2018-12-12 15:46:52.483376,True,short,-286468860,19522297,0,1049239,1049239,30653410084,30366941224,1049239,101,44,-305991157,2.0973078155555553,3422.911177336403,3455.2014714302263
1582,2018-12-12 15:46:52.483376,2018-12-12 15:56:17.120634,True,long,-20663754,9653526,0,358534,358534,10366976175,10387639929,358534,6,2,-30317280,0.15684368277777777,3458.424076102403,3451.544358974671
1583,2018-12-12 15:56:17.120634,2018-12-12 16:08:04.918742,True,short,-32082247,-1623146,0,696713,696713,20206749358,20174667111,696713,72,66,-30459101,0.19661058555555555,3447.922214782984,3453.405184664115
1584,2018-12-12 16:08:04.918742,2018-12-12 18:34:28.443762,True,long,-78231781,7104786,0,1250095,1250095,36213980784,36292212565,1050095,145,81,-85336567,2.439868061111111,3451.9679221576075,3444.5268327497465
1585,2018-12-12 18:34:28.443762,2018-12-13 12:56:05.519359,True,short,-105265550,3586090,-1366327,702771,702771,20653082312,20547816762,352771,35,43,-110217967,18.360298776944447,3402.7414861542047,3420.173579217749
1586,2018-12-13 12:56:05.519359,2018-12-13 13:23:16.248135,True,long,-50849328,7955503,0,697229,697229,20472224373,20523073701,697229,19,15,-58804831,0.4529802155555555,3405.7315282239065,3397.2932620030842
1587,2018-12-13 13:23:16.248135,2018-12-14 12:07:04.087710,True,short,972213154,53590493,-31083373,4415086,4415086,133172852395,134145065549,1051386,375,166,887539288,22.729955437500003,3315.3048242178866,3291.2772318019215
1588,2018-12-14 12:07:04.087710,2018-12-14 12:09:29.742196,True,long,6664,10939,0,238,238,7296128,7289464,238,1,1,-4275,0.04045957944444444,3262.0041753653445,3264.9862870575944
1589,2018-12-14 12:09:29.742196,2018-12-14 18:40:51.034170,True,short,300248754,6749080,0,352887,352887,10809723036,11109971790,352887,4,18,293499674,6.522581103888889,3264.533224623499,3176.308695199666
1590,2018-12-14 18:40:51.034170,2018-12-14 18:53:42.591130,True,long,7414634,20398029,0,614524,614524,19355563756,19348149122,349913,25,23,-12983395,0.21432137777777777,3174.921731791484,3176.1384312530936
1591,2018-12-14 18:53:42.591130,2018-12-14 21:17:28.112280,True,short,86412749,5349729,-1140,363201,363201,11416190397,11502603146,350201,32,3,81061880,2.395978097222222,3181.455348672563,3157.5548194610383
1592,2018-12-14 21:17:28.112280,2018-12-14 22:24:57.041265,True,long,140220,3646,0,228,228,7220988,7080768,228,1,1,136574,1.1247024958333334,3157.4626630040098,3219.989696032973
1593,2018-12-14 22:24:57.041265,2018-12-14 23:08:34.240466,True,short,59461240,-5446120,0,349772,349772,10862519232,10921980472,349772,16,1,64907360,0.7269997780555555,3219.989696032973,3202.459488887466
1594,2018-12-14 23:08:34.240466,2018-12-15 00:46:22.672096,True,long,16644,-3556,0,228,228,7119528,7102884,228,1,1,20200,1.6301198972222222,3202.459488887466,3209.9637274098804
1595,2018-12-15 00:46:22.672096,2018-12-15 02:04:30.418796,True,short,42322412,-5458802,0,349772,349772,10896447116,10938769528,349772,1,3,47781214,1.302151861111111,3209.9637274098804,3197.544285988361
1596,2018-12-15 02:04:30.418796,2018-12-15 03:51:05.253916,True,long,39900,-3556,0,228,228,7130472,7090572,228,1,1,43456,1.776343088888889,3197.544285988361,3215.5374770892954
1597,2018-12-15 03:51:05.253916,2018-12-15 10:38:22.483496,True,short,242042224,-5499269,-3226480,349772,349772,10877559428,11119601652,349772,5,37,244315013,6.788119327777777,3215.5374770892954,3145.544336447422
1598,2018-12-15 10:38:22.483496,2018-12-15 11:10:44.332136,True,long,19380,-3619,0,228,228,7248348,7228968,228,1,1,22999,0.5394024,3145.544336447422,3153.977165205324
1599,2018-12-15 11:10:44.332136,2018-12-15 11:11:53.754007,True,short,-60554522,5499513,0,349772,349772,11089871032,11029316510,349772,10,1,-66054035,0.019283853055555553,3153.977165205324,3171.2935219772744
1600,2018-12-15 11:11:53.754007,2018-12-15 11:13:19.832665,True,long,-13253,10794,0,228,228,7189495,7202748,228,1,1,-24047,0.023910738333333334,3171.293672225935,3165.458516666139
1601,2018-12-15 11:13:19.832665,2018-12-15 13:54:06.508541,True,short,163644902,8905910,1525928,699772,699772,22141497252,22305142154,699772,5,65,156264920,2.6796321877777776,3160.454742674599,3137.267609274166
1602,2018-12-15 13:54:06.508541,2018-12-15 14:36:16.005585,True,long,28728,-3623,0,228,228,7261116,7232388,228,1,1,32351,0.7026380677777778,3140.01318805539,3152.4857350020493
1603,2018-12-15 14:36:16.005585,2018-12-15 15:58:27.810973,True,short,39498043,5577114,0,349772,349772,11095117612,11134615655,349772,7,1,33920929,1.369945941111111,3152.4857350020493,3141.302859815685
1604,2018-12-15 15:58:27.810973,2018-12-15 16:11:26.960288,True,long,14347,3633,0,228,228,7258135,7243788,228,1,1,10714,0.2164303652777778,3141.302827792539,3147.52447200277
1605,2018-12-15 16:11:26.960288,2018-12-15 16:28:08.168843,True,short,6995440,-5558045,0,349772,349772,11112606212,11119601652,349772,10,1,12553485,0.27811348750000003,3147.52447200277,3145.544336447422
1606,2018-12-15 16:28:08.168843,2018-12-16 02:26:37.347363,True,long,192060,3480,3458,228,228,7248348,7056288,228,1,1,192038,9.974771811111111,3145.544336447422,3231.1606328993375
1607,2018-12-16 02:26:37.347363,2018-12-16 02:44:47.727830,True,short,50928449,-3898869,0,349772,349772,10828379839,10879308288,349772,4,24,54827318,0.3028834630555555,3230.1415835104417,3215.0205761316874
1608,2018-12-16 02:44:47.727830,2018-12-16 03:19:13.417905,True,long,30780,-3538,0,228,228,7091712,7060932,228,1,1,34318,0.573802798611111,3215.0205761316874,3229.035487100003
1609,2018-12-16 03:19:13.417905,2018-12-16 07:19:15.312645,True,short,-16789056,-5411825,-3848005,349772,349772,10832089068,10815300012,349772,21,39,-15225236,4.000526316666667,3229.035487100003,3234.0480579541413
1610,2018-12-16 07:19:15.312645,2018-12-16 10:21:10.922809,True,long,73757485,-5642500,0,1050228,1050228,32654699988,32580942503,700228,223,62,79399985,3.0321139344444443,3216.1618400595917,3223.442661007418
1611,2018-12-16 10:21:10.922809,2018-12-16 14:17:52.962888,True,short,154950031,7966569,798856,699545,699545,21571117463,21726067494,699545,30,24,147782318,3.9450111330555555,3242.9706119764037,3219.841787719708
1612,2018-12-16 14:17:52.962888,2018-12-16 16:01:53.795221,True,long,81923196,-6911316,0,1400455,1400455,43771175516,43689252320,1050455,91,135,88834512,1.7335645369444446,3199.4914084226075,3205.490883072178
1613,2018-12-16 16:01:53.795221,2018-12-17 02:22:55.082959,True,short,207628572,-16941426,2165929,3222415,3222415,100521749605,100729378177,1594229,530,386,226735927,10.350357705,3205.6893285905517,3199.0815969672976
1614,2018-12-17 02:22:55.082959,2018-12-17 02:23:27.080744,True,long,2319,1501,0,32,32,1002048,999729,32,1,1,818,0.008888273611111112,3193.459794341189,3200.867435074905
1615,2018-12-17 02:23:27.080744,2018-12-17 16:02:15.742852,True,short,-1279782439,67844330,-4128075,7051184,7051184,210114389260,208834606821,2100261,498,213,-1351754844,13.646850585555555,3355.8786834321545,3376.4442145567546
1616,2018-12-17 16:02:15.742852,2018-12-17 16:04:17.471021,True,long,-319298,200366,0,4557,4557,133629160,133948458,4557,1,1,-519664,0.03381338027777778,3410.183825147146,3402.054841124039
1617,2018-12-17 16:04:17.471021,2018-12-17 16:13:51.721852,True,short,2766213,37889373,0,1045443,1045443,30732932635,30735698848,1045443,23,125,-35123160,0.1595141197222222,3401.702702492518,3401.396549237819
1618,2018-12-17 16:13:51.721852,2018-12-17 16:26:47.852192,True,long,11025,2067,0,48,48,1410528,1399503,48,1,1,8958,0.2155917611111111,3402.9810113659564,3429.7890036677304
1619,2018-12-17 16:26:47.852192,2018-12-17 19:13:38.066578,True,short,-2468452508,77430065,0,6057084,6057084,174120056395,171651603887,3378837,270,290,-2545882573,2.7806151072222223,3478.6825397409725,3528.708070789388
1620,2018-12-17 19:13:38.066578,2018-12-17 19:30:01.857847,True,long,80876088,-5377710,0,1259686,1259686,35733566862,35652690774,909686,195,76,86253798,0.2732753525,3525.2176332264853,3533.2143876182154
1621,2018-12-17 19:30:01.857847,2018-12-17 19:41:55.906169,True,short,817768,-206608,0,14603,14603,412812207,413629975,14603,6,1,1024376,0.1983467561111111,3537.443843078991,3530.45013239188
1622,2018-12-17 19:41:55.906169,2018-12-17 20:22:04.109413,True,long,209398191,-4926035,17617994,1745397,1745397,49505530025,49296131834,1395397,257,109,231942220,0.6689453455555555,3525.6606668357754,3540.6368310549337
1623,2018-12-17 20:22:04.109413,2018-12-17 21:13:40.804430,True,short,369309237,27543457,0,1404316,1404316,39480077295,39849386532,1404316,42,40,341765780,0.8601930602777778,3557.0244442704047,3524.059269701181
1624,2018-12-17 21:13:40.804430,2018-12-17 21:26:05.033345,True,long,35754413,10018768,0,700523,700523,20019571942,19983817529,700523,3,150,25735645,0.20673025416666668,3499.190702126552,3505.4513432351905
1625,2018-12-17 21:26:05.033345,2018-12-17 21:30:51.720609,True,short,80226432,10035779,0,699477,699477,19951182471,20031408903,699477,103,2,70190653,0.07963535111111111,3505.9425726606596,3491.9011607578086
1626,2018-12-17 21:30:51.720609,2018-12-18 06:50:05.767879,True,long,319861921,-33418284,24336,4203328,4203328,120487836263,120167974342,1403328,360,315,353304541,9.320568686111113,3488.5911560607706,3497.8770533630372
1627,2018-12-18 06:50:05.767879,2018-12-18 08:30:29.963628,True,short,285206,13771,0,946,946,27114252,27399458,946,1,1,271435,1.6733877080555557,3488.9400600097692,3452.6230409375253
1628,2018-12-18 08:30:29.963628,2018-12-18 08:31:24.261953,True,long,25999711,9780145,0,349054,349054,10109820717,10083821006,349054,1,13,16219566,0.015082868055555556,3452.6230461540636,3461.5251479802
1629,2018-12-18 08:31:24.261953,2018-12-18 08:50:01.835887,True,short,131494,-13697,0,946,946,27328994,27460488,946,1,1,145191,0.3104372038888889,3461.5251479802,3444.9497037343253
1630,2018-12-18 08:50:01.835887,2018-12-18 09:24:18.276505,True,long,12918252,-2764908,0,210702,210702,6116257656,6103339404,210702,42,4,15683160,0.571233505,3444.9497037343253,3452.241241277035
1631,2018-12-18 09:24:18.276505,2018-12-18 11:16:39.695914,True,short,42835797,-25310971,0,1749298,1749298,50600783973,50643619770,1749298,182,121,68146768,1.8726165025000001,3457.057109892616,3454.1330338244106
1632,2018-12-18 11:16:39.695914,2018-12-18 13:50:18.048688,True,long,21338279,-3535125,5555,254317,254317,7251226752,7229888473,253117,50,35,24878959,2.5606535483333337,3507.2272416506003,3517.57846541819
1633,2018-12-18 13:50:18.048688,2018-12-18 13:53:11.339951,True,short,33588768,-4953792,0,349883,349883,9890842527,9924431295,349883,35,26,38542560,0.04813646194444444,3537.443843078991,3525.4715318173808
1634,2018-12-18 13:53:11.339951,2018-12-18 14:30:26.854793,True,long,152750188,-1741752,0,700117,700117,19886515465,19733765277,700117,111,40,154491940,0.620976345,3520.5614640342424,3547.812544502072
1635,2018-12-18 14:30:26.854793,2018-12-18 14:50:32.301858,True,short,8698494,-4911639,0,349804,349804,9818998280,9827696774,349804,65,21,13610133,0.33484640694444445,3562.522265764161,3559.3690774570496
1636,2018-12-18 14:50:32.301858,2018-12-18 14:52:05.309128,True,long,13979760,-4932888,0,349494,349494,9872856006,9858876246,349494,45,58,18912648,0.02583535277777778,3539.9483167545754,3544.967918040342
1637,2018-12-18 14:52:05.309128,2018-12-18 15:14:32.890667,True,short,78936,-7156,0,506,506,14273754,14352690,506,1,1,86092,0.37432820527777777,3544.967918040342,3525.4715318173808
1638,2018-12-18 15:14:32.890667,2018-12-18 15:29:27.022762,True,long,12581784,-4953549,0,349494,349494,9913397310,9900815526,349494,7,1,17535333,0.24837002638888891,3525.4715318173808,3529.9516396625368
1639,2018-12-18 15:29:27.022762,2018-12-18 15:46:22.569427,True,short,54648,-7181,0,506,506,14334474,14389122,506,1,1,61829,0.28209629583333334,3529.9516396625368,3516.5453458522347
1640,2018-12-18 15:46:22.569427,2018-12-18 23:11:52.738171,True,long,384554803,9612048,-2988970,2105390,2105390,60045111890,59660557087,2105390,167,91,371953785,7.425046873333333,3506.347034304777,3528.947939473336
1641,2018-12-18 23:11:52.738171,2018-12-18 23:14:48.384291,True,short,39962432,-4445138,0,699839,699839,19318741477,19358703909,699839,26,100,44407570,0.04879058888888889,3622.5910514574457,3615.112888185866
1642,2018-12-18 23:14:48.384291,2018-12-18 23:17:37.013800,True,long,6147072,184365,0,13248,13248,365658048,359510976,13248,1,1,5962707,0.04684153027777778,3623.0571356110286,3685.005711758853
1643,2018-12-18 23:17:37.013800,2018-12-18 23:18:14.598424,True,short,124703926,-9174138,0,673615,673615,18285953789,18410657715,673615,18,17,133878064,0.010440173333333332,3683.783781654399,3658.8318050754656
1644,2018-12-18 23:18:14.598424,2018-12-18 23:31:33.787140,True,long,77541315,-14737960,0,1076385,1076385,29514842285,29437300970,1076385,138,53,92279275,0.22199686555555556,3646.927839241883,3656.5342763487733
1645,2018-12-18 23:31:33.787140,2018-12-18 23:40:07.599722,True,short,206055,-49432,0,3615,3615,98769030,98975085,3615,1,4,255487,0.14272571722222221,3660.0541688016983,3652.434347492604
1646,2018-12-18 23:40:07.599722,2018-12-19 01:12:38.144782,True,long,214037546,-4781680,0,352246,352246,9670393234,9456355688,352246,13,2,218819226,1.5418180722222223,3642.519921129404,3724.965638158005
1647,2018-12-19 01:12:38.144782,2018-12-19 04:43:40.859056,True,short,100686282,-14846512,-34794810,1747951,1747951,46765676632,46866362914,1747951,63,106,80737984,3.5174206316666665,3737.6792679696687,3729.6493504467126
1648,2018-12-19 04:43:40.859056,2018-12-19 04:44:31.822857,True,long,56340,-42112,0,3130,3130,84253340,84197000,3130,1,1,98452,0.014156611388888888,3714.986254550858,3717.472118959108
1649,2018-12-19 04:44:31.822857,2018-12-19 04:57:28.231026,True,short,12487320,-4668514,0,346870,346870,9330803000,9343290320,346870,1,35,17155834,0.21566893583333335,3717.472118959108,3712.5037125037124
1650,2018-12-19 04:57:28.231026,2018-12-19 05:10:14.393671,True,long,316130,-42075,0,3130,3130,84309680,83993550,3130,1,2,358205,0.21282295694444445,3712.5037125037124,3726.476616359232
1651,2018-12-19 05:10:14.393671,2018-12-19 05:22:33.909276,True,short,17343500,-4658442,0,346870,346870,9308256450,9325599950,346870,13,40,22001942,0.2054210013888889,3726.476616359232,3719.546215361726
1652,2018-12-19 05:22:33.909276,2018-12-19 06:00:48.559119,True,long,-49620,-42087,0,3130,3130,84150050,84199670,3130,1,3,-7533,0.6374027341666667,3719.546215361726,3717.3542366614975
1653,2018-12-19 06:00:48.559119,2018-12-19 06:21:59.860934,True,short,-2449090,-4680459,0,349870,349870,9362171330,9359722240,349870,19,27,2231369,0.3531393930555556,3737.060428267125,3738.0382775119615
1654,2018-12-19 06:21:59.860934,2018-12-19 10:40:20.979140,True,long,37700,1711,0,130,130,3477760,3440060,130,1,1,35989,4.305866168333333,3738.0382775119615,3779.0038545839316
1655,2018-12-19 10:40:20.979140,2018-12-19 14:29:16.495017,True,short,-391980796,30829586,-43448131,2802073,2802073,73319695902,72927715106,2452073,74,69,-466258513,3.8154210769444443,3821.719342296898,3842.260786488653
1656,2018-12-19 14:29:16.495017,2018-12-19 14:44:43.221088,True,long,-49142428,5113941,0,1047927,1047927,27580575788,27629718216,1047927,17,71,-54256369,0.25742390861111114,3799.5109603764736,3792.7531211417113
1657,2018-12-19 14:44:43.221088,2018-12-19 14:48:39.786893,True,short,26190220,5924283,0,352073,352073,9283110864,9309301084,352073,23,2,20265937,0.06571272361111112,3792.618715406521,3781.948793181819
1658,2018-12-19 14:48:39.786893,2018-12-19 15:01:34.400119,True,long,66247460,12208253,0,697927,697927,18498195708,18431948248,697927,9,53,54039207,0.21517034055555556,3772.94635118475,3786.506942236723
1659,2018-12-19 15:01:34.400119,2018-12-19 15:34:32.885945,True,short,137148710,273475,0,1402073,1402073,36884568660,37021717370,1402073,91,101,136875235,0.5495793961111112,3801.245482695581,3787.1635883000636
1660,2018-12-19 15:34:32.885945,2018-12-19 16:07:52.377628,True,long,60940379,-83484,0,692483,692483,18431712430,18370772051,692483,25,31,61023863,0.5554143563888889,3757.0193362657624,3769.482295450425
1661,2018-12-19 16:07:52.377628,2018-12-19 16:16:09.377447,True,short,30248182,4748254,0,357517,357517,9457377949,9487626131,350117,2,3,25499928,0.13805550527777777,3780.2972655629455,3768.2450284570555
1662,2018-12-19 16:16:09.377447,2018-12-19 16:49:35.347100,True,long,110566246,3772525,0,699883,699883,18582944469,18472378223,699883,111,39,106793721,0.5572137925,3766.265357826055,3788.808303678917
1663,2018-12-19 16:49:35.347100,2018-12-19 17:45:27.772331,True,short,46649478,2400539,0,881825,881825,23200504608,23247154086,531825,70,35,44248939,0.9312292308333334,3800.8871569798916,3793.260012549478
1664,2018-12-19 17:45:27.772331,2018-12-20 00:18:22.950298,True,long,-157041494,-2070112,2916,2800175,2800175,75586058018,75743099512,2100175,105,135,-154968466,6.548660546388889,3704.618382576809,3696.9374346191994
1665,2018-12-20 00:18:22.950298,2018-12-20 00:30:06.740359,True,short,-3659826,12769203,0,350151,350151,9450104156,9446444330,350151,19,4,-16429029,0.19549723916666667,3705.2607486625884,3706.696273940779
1666,2018-12-20 00:30:06.740359,2018-12-20 01:07:24.627800,True,long,77147073,4430048,0,1005147,1005147,27195059725,27117912652,700147,39,67,72717025,0.6216354002777777,3696.0646902936705,3706.5795324990413
1667,2018-12-20 01:07:24.627800,2018-12-20 01:08:24.702366,True,short,-915572,-650093,0,48188,48188,1300642308,1299726736,48188,1,1,-265479,0.016687379444444445,3704.938683264792,3707.5485688862523
1668,2018-12-20 01:08:24.702366,2018-12-20 01:20:37.970623,True,long,361061,24166,0,1812,1812,48873264,48512203,1812,1,1,336895,0.20368562694444442,3707.5485688862523,3735.1426815228324
1669,2018-12-20 01:20:37.970623,2018-12-20 01:22:31.489730,True,short,27544971,5491085,0,348188,348188,9322347393,9349892364,348188,16,1,22053886,0.03153308527777778,3734.9820310434766,3723.9786988418427
1670,2018-12-20 01:22:31.489730,2018-12-20 02:05:37.128552,True,long,79383130,-19741128,0,1572955,1572955,42195838714,42116455584,749983,128,74,99124258,0.7182330061111111,3727.749104980144,3734.775346569202
1671,2018-12-20 02:05:37.128552,2018-12-20 02:44:35.469124,True,short,60940926,18433978,0,700017,700017,18657588426,18718529352,700017,4,27,42506948,0.6495390477777778,3751.9157568322275,3739.700843139186
1672,2018-12-20 02:44:35.469124,2018-12-20 03:31:34.001442,True,long,-1456465,-20207209,0,1504420,1504420,40413979396,40415435861,1423947,174,159,18750744,0.7829256438888889,3722.5237961815287,3722.3896463077167
1673,2018-12-20 03:31:34.001442,2018-12-20 08:10:44.747587,True,short,-291506973,39229539,-28512000,3400634,3400634,90968098079,90676591106,1400045,152,193,-359248512,4.652985040277778,3738.2709673085237,3750.28875536873
1674,2018-12-20 08:10:44.747587,2018-12-20 08:36:24.302274,True,long,285157206,4553585,0,1759955,1759955,44862809249,44577652043,1409955,71,85,280603621,0.42765407972222225,3922.9710075260828,3948.0657220401195
1675,2018-12-20 08:36:24.302274,2018-12-20 08:38:42.442828,True,short,92686044,4228291,0,335819,335819,8317564992,8410251036,335819,7,1,88457753,0.03837237611111111,4037.467700258398,3992.972368631209
1676,2018-12-20 08:38:42.442828,2018-12-20 09:35:01.468775,True,long,6882408,-4252230,0,354181,354181,8915258964,8908376556,354181,16,82,11134638,0.9386183186111111,3972.750555314099,3975.8198115396326
1677,2018-12-20 09:35:01.468775,2018-12-20 09:36:32.158961,True,short,10844389,-4353752,0,349819,349819,8702097444,8712941833,349819,15,5,15198141,0.02519171833333333,4019.9388969287666,4014.9355602842575
1678,2018-12-20 09:36:32.158961,2018-12-20 09:59:43.730256,True,long,63712,-2238,0,181,181,4508167,4444455,181,1,1,65950,0.38654758194444444,4014.9355602842575,4072.4903278354714
1679,2018-12-20 09:59:43.730256,2018-12-20 10:14:49.148202,True,short,74511447,4350797,0,349819,349819,8589805545,8664316992,349819,29,1,70160650,0.251504985,4072.4903278354714,4037.467700258398
1680,2018-12-20 10:14:49.148202,2018-12-20 11:22:27.736686,True,long,38553,6695,0,181,181,4483008,4444455,181,1,1,31858,1.1273856899999999,4037.467700258398,4072.4903278354714
1681,2018-12-20 11:22:27.736686,2018-12-20 11:26:23.928503,True,short,31833529,4286936,0,349819,349819,8589805545,8621639074,349819,1,15,27546593,0.06560883805555555,4072.4903278354714,4057.453542156942
1682,2018-12-20 11:26:23.928503,2018-12-20 16:36:07.312397,True,long,16471,-2226,4339,181,181,4460926,4444455,181,1,1,23036,5.162051081666666,4057.453542156942,4072.4903278354714
1683,2018-12-20 16:36:07.312397,2018-12-20 16:38:08.008944,True,short,10494570,-4297515,0,349819,349819,8589805545,8600300115,349819,5,19,14792085,0.03352681861111111,4072.4903278354714,4067.520846044336
1684,2018-12-20 16:38:08.008944,2018-12-20 16:49:11.454986,True,long,19005,-2220,0,181,181,4449885,4430880,181,1,1,21225,0.18429056722222223,4067.520846044336,4084.967320261438
1685,2018-12-20 16:49:11.454986,2018-12-20 17:51:26.763636,True,short,173701344,6787677,0,549819,549819,13426462214,13600163558,449819,27,4,166913667,1.0375857361111112,4095.040013047476,4042.7381454290007
1686,2018-12-20 17:51:26.763636,2018-12-20 17:54:24.010865,True,long,14770,2247,0,181,181,4486737,4471967,181,1,1,12523,0.04923534138888889,4034.1120952710176,4047.4359493261018
1687,2018-12-20 17:54:24.010865,2018-12-20 18:04:12.955661,True,short,16594570,-3086177,0,449819,449819,11109678033,11126272603,449819,6,21,19680747,0.16359577666666666,4048.8932142215576,4042.8543866408086
1688,2018-12-20 18:04:12.955661,2018-12-20 18:06:01.865325,True,long,8326,-2236,0,181,181,4477397,4469071,181,1,1,10562,0.030252684444444445,4042.5273881230546,4050.0587258515247
1689,2018-12-20 18:06:01.865325,2018-12-20 18:44:40.739202,True,short,56005452,-2776762,0,674819,674819,16658580929,16714586381,449819,23,64,58782214,0.6441316325,4050.8792608213407,4037.30600696819
1690,2018-12-20 18:44:40.739202,2018-12-20 18:56:44.343232,True,long,22263,-2239,0,181,181,4488619,4466356,181,1,1,24502,0.20100111944444443,4032.4206621234725,4052.520667855406
1691,2018-12-20 18:56:44.343232,2018-12-20 19:03:32.079023,True,short,17086244,-2778074,0,224819,224819,5547633644,5564719888,224819,34,1,19864318,0.11325994194444444,4052.520667855406,4040.077569489334
1692,2018-12-20 19:03:32.079023,2018-12-20 19:35:17.588583,True,long,10498,-2237,0,181,181,4480112,4469614,181,1,1,12735,0.5293082111111111,4040.077569489334,4049.566696363489
1693,2018-12-20 19:35:17.588583,2018-12-20 20:09:21.713468,True,short,311411173,-5631755,-2813581,449819,449819,11107830386,11419241559,449819,14,10,314229347,0.5678124680555555,4049.566696363489,3939.1320139425384
1694,2018-12-20 20:09:21.713468,2018-12-20 20:10:36.036869,True,long,30817718,2978236,0,250181,250181,6369858441,6339040723,250181,1,7,27839482,0.020645389166666667,3927.5755076391342,3946.6697081194948
1695,2018-12-20 20:10:36.036869,2018-12-20 20:17:05.392659,True,short,75817800,10998135,0,449819,449819,11388485841,11464303641,449819,38,1,64819665,0.10815438611111111,3949.7700245680976,3923.6486932473076
1696,2018-12-20 20:17:05.392659,2018-12-20 20:17:24.362980,True,long,13951,6909,0,181,181,4613053,4599102,181,1,1,7042,0.00526953361111111,3923.648828660759,3935.5508966750467
1697,2018-12-20 20:17:24.362980,2018-12-20 20:43:14.931465,True,short,-6420753,-231692,0,449819,449819,11430473896,11424053143,449819,32,19,-6189061,0.43071346805555555,3935.2611632087314,3937.472929873607
1698,2018-12-20 20:43:14.931465,2018-12-20 20:44:11.196498,True,long,-16192,2309,0,181,181,4596857,4613049,181,1,1,-18501,0.015629175833333335,3937.472929873607,3923.6522308781027
1699,2018-12-20 20:44:11.196498,2018-12-20 20:45:58.953047,True,short,14980796,15496407,0,408761,408761,10417870462,10432851258,408761,1,5,-515611,0.029932374722222224,3923.6521656799996,3918.0180939180796
1700,2018-12-20 20:45:58.953047,2018-12-20 21:02:18.854105,True,long,70575218,11606598,0,901222,901222,23176098984,23105523766,901222,11,17,58968620,0.27219473833333335,3888.5836681236706,3900.4612452289734
1701,2018-12-20 21:02:18.854105,2018-12-21 12:46:24.573277,True,short,60809421,121292573,-12889087,8907709,8907709,221024131688,221084941109,1368264,284,272,-73372239,15.73492199222222,4030.1974865686684,4029.0889806051027
1702,2018-12-21 12:46:24.573277,2018-12-21 12:50:31.464488,True,long,-6339587,3917394,0,105438,105438,2608938783,2615278370,105438,2,1,-10256981,0.06858089194444444,4041.4133396705306,4031.6167184910414
1703,2018-12-21 12:50:31.464488,2018-12-21 15:44:15.330704,True,short,219155146,9438457,0,1794562,1794562,44374780351,44593935497,894562,115,72,209716689,2.8955183933333335,4044.103397932783,4024.22881048641
1704,2018-12-21 15:44:15.330704,2018-12-21 15:45:23.789219,True,long,332256,-87207,0,6922,6922,174579762,174247506,6922,1,1,419463,0.01901625416666667,3964.949843384481,3972.5102292138404
1705,2018-12-21 15:45:23.789219,2018-12-21 20:46:48.869340,True,short,622355069,7793513,-10685251,907469,907469,23299900379,23922255448,907469,83,40,603876305,5.023633366944444,3894.733390439274,3793.4090369220107
1706,2018-12-21 20:46:48.869340,2018-12-21 21:06:55.819269,True,long,23989964,5792904,0,454849,454849,12033349129,12009359165,454849,7,112,18197060,0.3352638691666667,3779.903625532047,3787.4543824587163
1707,2018-12-21 21:06:55.819269,2018-12-21 22:21:14.525480,True,short,-187516055,42923588,0,3173486,3173486,82832147638,82644631583,1802216,253,112,-230439643,1.2385295030555554,3831.2250623623027,3839.9178981309487
1708,2018-12-21 22:21:14.525480,2018-12-21 22:50:24.732684,True,long,49006001,6325463,0,816469,816469,21370947647,21321941646,768893,50,94,42680538,0.4861686677777778,3820.4623093286827,3829.243197244983
1709,2018-12-21 22:50:24.732684,2018-12-22 03:33:38.579951,True,short,95369942,-3083740,0,1434161,1434161,37331664990,37427034932,902348,93,74,98453682,4.720513129722223,3841.6743544231617,3831.885166980718
1710,2018-12-22 03:33:38.579951,2018-12-22 04:00:56.477707,True,long,-17661,1250,1226,95,95,2473610,2491271,95,1,1,-17685,0.4549715988888889,3840.5407481373377,3813.314569149643
1711,2018-12-22 04:00:56.477707,2018-12-22 23:10:39.167602,True,short,-120577197,81343773,2310405,4758640,4758640,123765270729,123644693532,1349905,267,204,-199610565,19.161858304166667,3844.8911976443337,3848.64070108147
1712,2018-12-22 23:10:39.167602,2018-12-22 23:11:28.717422,True,long,221087,30578,0,808,808,20573799,20352712,808,1,1,190509,0.013763838888888888,3927.325235363678,3969.9868990432333
1713,2018-12-22 23:11:28.717422,2018-12-22 23:13:22.940333,True,short,-34814373,-3058873,0,449192,449192,11314697288,11279882915,449192,9,51,-31755500,0.03172858638888889,3969.9868990432333,3982.2399167163694
1714,2018-12-22 23:13:22.940333,2018-12-22 23:41:05.486754,True,long,-32386296,12322931,0,444063,444063,11191664033,11224050329,444063,15,18,-44709227,0.4618184502777778,3967.801380479485,3956.352537485134
1715,2018-12-22 23:41:05.486754,2018-12-23 15:02:59.718738,True,short,162950147,-24331448,-3605825,2283740,2283740,57312526538,57475476685,900473,125,204,183675770,15.36506444,3984.7135311436828,3973.4163711529727
1716,2018-12-23 15:02:59.718738,2018-12-23 16:36:52.951435,True,long,34611022,6909513,0,1799296,1799296,45896929785,45862318763,1386018,104,64,27701509,1.564786860277778,3920.2970839850045,3923.255623637601
1717,2018-12-23 16:36:52.951435,2018-12-23 17:13:45.815430,True,short,2940960,786784,0,62451,62451,1575076671,1578017631,62451,1,2,2154176,0.6146844430555556,3964.949843384481,3957.5603449008613
1718,2018-12-23 17:13:45.815430,2018-12-23 17:45:04.305314,True,long,29246685,-5702741,0,449949,449949,11420155569,11390908884,449949,40,1,34949426,0.5218027455555556,3939.9550845120366,3950.071101279823
1719,2018-12-23 17:45:04.305314,2018-12-24 02:13:35.646666,True,short,68412468,-5637254,-3127022,450051,450051,11316541116,11384953584,450051,67,37,70922700,8.475372597777778,3976.9307192609504,3953.0332440923194
1720,2018-12-24 02:13:35.646666,2018-12-24 05:43:17.846835,True,long,165981366,-5361645,5183998,449814,449814,10806331536,10640350170,449814,18,11,176527009,3.4950556025,4162.504162504162,4227.436060029592
1721,2018-12-24 05:43:17.846835,2018-12-24 10:18:17.343910,True,short,84816,-2221,0,186,186,4399830,4484646,186,1,1,87037,4.583193631944444,4227.436060029592,4147.484550620049
1722,2018-12-24 10:18:17.343910,2018-12-24 11:08:15.809312,True,long,-58925634,-5437406,0,449814,449814,10845465354,10904390988,449814,35,50,-53488228,0.832907056111111,4147.484550620049,4125.0721887633035
1723,2018-12-24 11:08:15.809312,2018-12-24 15:02:46.843915,True,short,47555392,3915312,-499,450186,450186,10682639078,10730194470,450186,15,6,43639581,3.9086207230555554,4214.183374659922,4195.506439875362
1724,2018-12-24 15:02:46.843915,2018-12-24 15:32:18.511291,True,long,1626552,-170057,0,14268,14268,340933860,339307308,14268,10,1,1796609,0.4921298266666667,4184.975936388366,4205.037635086834
1725,2018-12-24 15:32:18.511291,2018-12-24 15:51:58.898864,True,short,99782628,-5206010,0,435732,435732,10362142692,10461925320,435732,8,5,104988638,0.32788543694444444,4205.037635086834,4164.931278633902
1726,2018-12-24 15:51:58.898864,2018-12-24 15:58:04.409823,True,long,-159961850,-3735666,0,368077,368077,8893993390,9053955240,368077,33,12,-156226184,0.10153082194444445,4138.489695909252,4065.3724283266943
1727,2018-12-24 15:58:04.409823,2018-12-24 16:00:18.238098,True,short,70707680,5468771,0,441923,441923,10831532730,10902240410,441923,21,1,65238909,0.03717452083333333,4079.967360261118,4053.5062829347385
1728,2018-12-24 16:00:18.238098,2018-12-24 16:01:57.303677,True,long,10464149,-1163613,0,109978,109978,2730989935,2720525786,109978,16,3,11627762,0.027518216388888888,4027.0379099731103,4042.5273881230546
1729,2018-12-24 16:01:57.303677,2018-12-25 03:29:33.442840,True,short,1056273931,27048074,1166830,4256221,4256221,106516676406,107572950337,1340022,115,99,1030392687,11.460038656388889,3995.825952902386,3956.5903758019936
1730,2018-12-25 03:29:33.442840,2018-12-25 03:30:41.338129,True,long,14178,3659,0,278,278,7310844,7296666,278,1,1,10519,0.0188598025,3802.570537683474,3809.9592334362023
1731,2018-12-25 03:30:41.338129,2018-12-25 04:28:24.626772,True,short,32063580,16851809,-7777,450542,450542,11818289934,11850353514,450542,10,2,15203994,0.9620246230555555,3812.2435861370873,3801.928773413637
1732,2018-12-25 04:28:24.626772,2018-12-25 04:43:22.548832,True,long,31911518,-5984845,0,449458,449458,11985696486,11953784968,449458,16,51,37896363,0.24942279444444443,3749.95312558593,3759.963904346518
1733,2018-12-25 04:43:22.548832,2018-12-25 06:19:23.093875,True,short,-68834,-7191,0,542,542,14415032,14346198,542,1,1,-61643,1.6001514008333333,3759.963904346518,3778.0044580452604
1734,2018-12-25 06:19:23.093875,2018-12-25 07:56:06.967892,True,long,82976555,10970291,0,899458,899458,23862627817,23779651262,899458,42,78,72006264,1.6121872269444444,3769.316635610501,3782.4692636991626
1735,2018-12-25 07:56:06.967892,2018-12-25 08:01:07.146525,True,short,114904,-7212,0,542,542,14367336,14482240,542,1,1,122116,0.0833829536111111,3772.4460540214277,3742.5149700598804
1736,2018-12-25 08:01:07.146525,2018-12-25 08:02:13.303910,True,long,26577820,-2388522,0,364791,364791,9747215520,9720637700,364791,24,69,28966342,0.01837705138888889,3742.5149700598804,3752.7476206627884
1737,2018-12-25 08:02:13.303910,2018-12-25 08:23:27.535963,True,short,-369839,-69314,0,5209,5209,138814641,138444802,5209,1,1,-300525,0.35395334805555556,3752.486021989568,3762.510346903454
1738,2018-12-25 08:23:27.535963,2018-12-25 20:45:43.470972,True,long,381633511,50314957,4076769,4429079,4429079,118551103310,118169469799,1350608,174,178,335395323,12.371093058055555,3736.0082498923475,3748.073853198824
1739,2018-12-25 20:45:43.470972,2018-12-26 14:44:53.891494,True,short,243095731,42774137,-1700120,3581725,3581725,93978657167,94221752898,1350043,144,187,198621474,17.98622792277778,3811.2110855502833,3801.3780149870545
1740,2018-12-26 14:44:53.891494,2018-12-26 14:48:28.681640,True,long,155248084,14733848,0,1349589,1349589,36534732861,36379484777,1349589,15,67,140514236,0.059663929444444444,3693.9889642402604,3709.7529233103464
1741,2018-12-26 14:48:28.681640,2018-12-26 14:48:55.903741,True,short,7398,5545,0,411,411,11079738,11087136,411,1,1,1853,0.007561694722222222,3709.473996587284,3706.9988137603796
1742,2018-12-26 14:48:55.903741,2018-12-26 14:54:27.229995,True,long,17983560,6068546,0,449589,449589,12128112864,12110129304,449589,1,19,11915014,0.09203507055555556,3706.9988137603796,3712.5037125037124
1743,2018-12-26 14:54:27.229995,2018-12-26 21:24:49.781322,True,short,5904916,11860591,-1424,933242,933242,24575598480,24581503396,455917,52,48,-5957099,6.506264257500001,3797.43346132338,3796.5212500056477
1744,2018-12-26 21:24:49.781322,2018-12-26 21:45:24.823167,True,long,74173792,6072965,0,448459,448459,11953021530,11878847738,448459,20,102,68100827,0.3430671791666667,3751.846333368062,3775.273577801625
1745,2018-12-26 21:45:24.823167,2018-12-27 23:29:03.373263,True,short,492170986,12311745,2414,910306,910306,24746047140,25238218126,456806,47,17,479861655,25.727375026666667,3678.5915538347267,3606.8552678931705
1746,2018-12-27 23:29:03.373263,2018-12-28 09:01:27.412017,True,long,2103555,341303,6560,24363,24363,681574725,679471170,24363,1,4,1768812,9.540010765,3574.5163525540065,3585.5825935926023
1747,2018-12-28 09:01:27.412017,2018-12-28 09:14:50.662771,True,short,63848454,-6218673,0,449637,449637,12405484830,12469333284,449637,52,25,70067127,0.22312520944444444,3624.501631025734,3605.9425933939133
1748,2018-12-28 09:14:50.662771,2018-12-28 15:36:58.775673,True,long,570273,-4891,3641,363,363,10066716,9496443,363,2,1,578805,6.368920250555556,3605.9425933939133,3822.4838500057335
1749,2018-12-28 15:36:58.775673,2018-12-29 23:46:21.569832,True,short,441203535,17264940,-13407341,3890544,3890544,100983859565,101425063100,900137,171,413,410531254,32.156331710833335,3852.639438380531,3835.8802854912888
1750,2018-12-29 23:46:21.569832,2018-12-29 23:53:54.980896,True,long,87986937,-10108310,0,750456,750456,20285141776,20197154839,750456,2,23,98095247,0.12594751777777777,3699.5353953497556,3715.6520608085634
1751,2018-12-29 23:53:54.980896,2018-12-29 23:59:29.954782,True,short,52305999,6027579,0,449544,449544,12081336105,12133642104,449544,1,25,46278420,0.09304830166666667,3720.97917062295,3704.938683264792
1752,2018-12-29 23:59:29.954782,2018-12-30 00:03:11.927304,True,long,82536,-6133,0,456,456,12307896,12225360,456,1,1,88669,0.06165903388888889,3704.938683264792,3729.951510630362
1753,2018-12-30 00:03:11.927304,2018-12-30 09:30:49.821270,True,short,-590255914,28124530,1740917,2049149,2049149,54645726711,54055470797,900664,350,31,-616639527,9.460526101666668,3749.879676478917,3790.826293411406
1754,2018-12-30 09:30:49.821270,2018-12-30 09:34:47.818214,True,long,-33570,21448,0,549,549,14282154,14315724,549,1,1,-55018,0.06611026222222223,3843.9579912105696,3834.944009817457
1755,2018-12-30 09:34:47.818214,2019-01-01 13:06:01.033977,True,short,568196907,5006797,-13366466,1601662,1601662,42282639280,42850836187,454933,73,59,549823644,51.52033771194444,3787.989650772812,3737.761365986853
1756,2019-01-01 13:06:01.033977,2019-01-01 13:53:46.315336,True,long,31304,2549,0,191,191,5144776,5113472,191,1,1,28755,0.7959114886111112,3712.5037125037124,3735.23116974142
1757,2019-01-01 13:53:46.315336,2019-01-04 13:30:52.163310,True,short,108108631,19624760,-8721,1083923,1083923,28324274650,28432383281,450423,46,139,88475150,71.6182911038889,3826.834096879512,3812.2833013591717
1758,2019-01-04 13:30:52.163310,2019-01-04 13:51:45.589697,True,long,-17533503,5945528,0,449577,449577,11899853613,11917387116,449577,1,15,-23479031,0.3481739963888889,3778.0044580452604,3772.4460540214277
1759,2019-01-04 13:51:45.589697,2019-01-04 14:07:30.031710,True,short,-17766,-5602,0,423,423,11212884,11195118,423,1,1,-12164,0.2623450036111111,3772.4460540214277,3778.432706113504
1760,2019-01-04 14:07:30.031710,2019-01-04 14:48:20.725720,True,long,-35483232,12050415,0,899577,899577,23968882137,24004365369,899577,76,34,-47533647,0.6807483361111112,3753.103690269108,3747.5558556600804
1761,2019-01-04 14:48:20.725720,2019-01-07 05:14:50.772684,True,short,46939136,-5851054,-925324,450403,450403,11720216951,11767156087,450403,23,14,51864866,62.441679712222225,3842.957872563702,3827.6283298187204
1762,2019-01-07 05:14:50.772684,2019-01-10 06:42:29.207373,True,long,-28497271,6091807,-1123795,2838149,2838149,71740666223,71769163494,900246,222,164,-35712873,73.4606763025,3956.1230044586505,3954.55215280205
1763,2019-01-10 06:42:29.207373,2019-01-10 16:10:44.987207,True,short,51763322,7549615,-1748,600960,600960,15825432960,15877196282,450960,63,15,44211959,9.471049953888889,3797.431650173317,3785.0511471052932
1764,2019-01-10 16:10:44.987207,2019-01-10 16:36:12.255763,True,long,213377306,-70608,0,899284,899284,25201724556,24988347250,899284,25,12,213447914,0.4242412655555556,3568.3431028766618,3598.813442933886
1765,2019-01-10 16:36:12.255763,2019-01-10 17:10:18.091048,True,short,54544,6737,0,487,487,13501588,13556132,487,1,1,47807,0.5682875791666667,3606.9831193190016,3592.4701824974854
1766,2019-01-10 17:10:18.091048,2019-01-10 17:25:37.042729,True,long,38088605,-5968478,0,449513,449513,12512523868,12474435263,449513,20,13,44057083,0.25526435583333335,3592.504635692256,3603.4737486937406
1767,2019-01-10 17:25:37.042729,2019-01-10 19:17:28.116891,True,short,97887,-6782,0,487,487,13514737,13612624,487,1,1,104669,1.8641872672222222,3603.4737486937406,3577.561534058386
1768,2019-01-10 19:17:28.116891,2019-01-11 01:21:01.227937,True,long,208196623,-6230286,5364352,449513,449513,12564787376,12356590753,449513,19,106,219791261,6.059197512777779,3577.561534058386,3637.8399915111277
1769,2019-01-11 01:21:01.227937,2019-01-12 06:34:51.439459,True,short,744522809,-14216181,-57703062,2418947,2418947,66303023437,67047546246,1442241,111,182,701035928,29.230614311666667,3648.3208074190493,3607.8083918608913
1770,2019-01-12 06:34:51.439459,2019-01-13 09:05:54.501775,True,long,-419694,17947,112812,2759,2759,76046317,76466011,2759,1,1,-324829,26.51751731,3628.052098828139,3608.1390462489276
1771,2019-01-13 09:05:54.501775,2019-01-13 16:08:47.131357,True,short,364895742,2801000,-4908144,447241,447241,12395337229,12760232971,447241,1,11,357186598,7.047952661666667,3608.1390262915934,3504.95951771757
1772,2019-01-13 16:08:47.131357,2019-01-14 15:35:19.150395,True,long,711089043,4376003,-876300,2252759,2252759,64412325437,63701236394,900708,72,84,705836740,23.442227510555554,3497.4036175783845,3536.444702684274
1773,2019-01-14 15:35:19.150395,2019-01-21 22:25:13.034896,True,short,1943081826,-8922614,-83920661,6717900,6717900,184637795393,186580877219,1541820,599,408,1868083779,174.83163458361113,3638.4208258666686,3600.529754244236
1774,2019-01-21 22:25:13.034896,2019-01-21 22:25:59.963077,True,long,61407873,-7147375,0,499251,499251,14325508194,14264100321,499251,15,18,68555248,0.013035605833333333,3485.0491391928626,3500.0525007875117
1775,2019-01-21 22:25:59.963077,2019-01-23 10:24:02.042610,True,short,-369257,-10608,-29154,749,749,21399679,21030422,749,1,1,-387803,35.96724431472222,3500.0525007875117,3561.5072298596765
1776,2019-01-23 10:24:02.042610,2019-01-23 17:13:05.990718,True,long,16198021,-7004856,599767,499251,499251,14017969578,14001771557,499251,82,89,23802644,6.817763363333333,3561.5072298596765,3565.6273777042597
1777,2019-01-23 17:13:05.990718,2019-01-29 17:41:44.943676,True,short,1178252071,-62107744,-9039030,6524116,6524116,187805695917,188983947988,1500128,618,596,1231320785,144.4774869327778,3473.8648197780476,3452.2064278254284
1778,2019-01-29 17:41:44.943676,2019-01-29 17:44:02.655476,True,long,49685,7716,0,523,523,15407057,15357372,523,1,1,41969,0.03825327777777778,3394.548355341322,3405.5305816646232
1779,2019-01-29 17:44:02.655476,2019-02-01 02:30:15.955759,True,short,157141408,-19374706,-4237210,1326361,1326361,38751005196,38908146604,826361,53,34,172278904,56.770361189722216,3422.7783080499576,3408.954462671943
1780,2019-02-01 02:30:15.955759,2019-02-01 12:14:22.010539,True,long,206633397,19263019,-2932681,499639,499639,14771327396,14564693999,499639,1,32,184437697,9.735015216666666,3382.4922202678936,3430.480585684154
1781,2019-02-01 12:14:22.010539,2019-02-01 12:56:37.996017,True,short,12274,5271,0,361,361,10524955,10537229,361,1,1,7003,0.7044404105555556,3429.9434059338023,3425.9481311452946
1782,2019-02-01 12:56:37.996017,2019-02-10 10:04:17.038577,True,long,176719839,2931776,-21677188,6082051,6082051,174185856674,174009136835,1000652,584,309,152110875,213.1275118222222,3491.7019763452713,3495.2480718108263
1783,2019-02-10 10:04:17.038577,2019-02-10 22:29:39.207730,True,short,-94713720,13694316,5542784,999348,999348,27701914172,27607200452,999348,153,1,-102865252,12.422824764722224,3607.5052207406716,3619.8817107063905
1784,2019-02-10 22:29:39.207730,2019-02-11 00:07:40.740917,True,long,210001548,30317925,0,1000652,1000652,27643223729,27433222181,1000652,1,69,179683623,1.6337592186111112,3619.8817106495226,3647.5919357844973
1785,2019-02-11 00:07:40.740917,2019-02-12 00:11:12.721091,True,short,66245171,6960611,359,500043,500043,13813197832,13879443003,500043,18,2,59284919,24.058883381666664,3620.0379237426678,3602.7598506072413
1786,2019-02-12 00:11:12.721091,2019-02-13 06:23:42.498994,True,long,156005421,-13979453,-2800126,1000057,1000057,28042586544,27886581123,999957,34,59,167184748,30.20827163972222,3566.208125740714,3586.1585025034983
1787,2019-02-13 06:23:42.498994,2019-02-13 06:34:02.609858,True,short,-41995212,-6923439,0,499943,499943,13867918877,13825923665,499943,6,47,-35071773,0.17225301777777777,3605.032625545261,3615.9826432833124
1788,2019-02-13 06:34:02.609858,2019-02-13 06:46:45.939976,True,long,-7011,793,0,57,57,1576335,1583346,57,1,1,-7804,0.2120361438888889,3615.9826432833124,3599.971200230398
1789,2019-02-13 06:46:45.939976,2019-02-18 05:22:29.911893,True,short,-268821829,34738896,26507365,5000053,5000053,138835258337,138566436508,1500506,206,201,-277053360,118.59554775472223,3601.428815627789,3608.4156639990715
1790,2019-02-18 05:22:29.911893,2019-02-18 13:19:26.798951,True,long,139935718,-6776688,3899487,500094,500094,13655955858,13516020140,500094,25,43,150611893,7.949135293888889,3662.094438501223,3700.0092839459176
1791,2019-02-18 13:19:26.798951,2019-02-20 15:41:35.445292,True,short,-261242134,-68580187,-24341674,9414529,9414529,243197384935,242936142801,2000403,386,625,-217003621,50.36906842805556,3871.147299760746,3875.310150005908
1792,2019-02-20 15:41:35.445292,2019-02-21 13:17:16.630942,True,long,87473774,-11753878,1427723,1000062,1000062,25738563516,25651089742,500062,106,20,100655375,21.594773791666668,3885.461592984108,3898.7115559560075
1793,2019-02-21 13:17:16.630942,2019-02-22 08:33:52.164204,True,short,81951831,-5869795,2556320,1500076,1500076,38396113133,38478064964,1000076,66,95,90377946,19.27653701722222,3906.8433692855792,3898.5224475385344
1794,2019-02-22 08:33:52.164204,2019-02-22 13:34:19.906255,True,long,66626296,-6352099,-828045,500124,500124,12750162000,12683535704,500124,41,29,72150350,5.007706125277778,3922.49133775712,3943.0960867029858
1795,2019-02-22 13:34:19.906255,2019-02-23 05:53:50.912715,True,short,13756,2898,386,76,76,1925232,1938988,76,1,1,11244,16.32527957222222,3947.576188220433,3919.5704150825068
1796,2019-02-23 05:53:50.912715,2019-02-23 22:18:17.200749,True,long,149916,4632,-42,124,124,3163612,3013696,124,1,1,145242,16.407302231666666,3919.5704150825068,4114.549045424622
1797,2019-02-23 22:18:17.200749,2019-02-24 14:05:13.754832,True,short,149814790,-463667,1306395,500076,500076,12152347104,12302161894,500076,10,32,151584852,15.782376134166668,4115.056916333452,4064.9440668139528
1798,2019-02-24 14:05:13.754832,2019-02-24 14:06:53.462119,True,long,-51333091,18591979,0,499836,499836,12369031940,12420365031,499836,1,1,-69925070,0.027696468611111108,4041.0276440760813,4024.3261671654486
1799,2019-02-24 14:06:53.462119,2019-02-24 14:09:42.383041,True,short,4940,6115,0,164,164,4075216,4080156,164,1,1,-1175,0.04692247833333333,4024.3265633036385,4019.4541581253266
1800,2019-02-24 14:09:42.383041,2019-02-24 14:22:19.598892,True,long,-125173530,7580004,0,2500036,2500036,65425500851,65550674381,2500036,13,207,-132753534,0.2103377363888889,3821.1950500670687,3813.898214790359
1801,2019-02-24 14:22:19.598892,2019-02-24 14:27:43.434758,True,short,78088599,-3996417,0,500083,500083,13047615986,13125704585,500083,90,3,82085016,0.08995440722222223,3832.753819062314,3809.9516621110974
1802,2019-02-24 14:27:43.434758,2019-02-24 14:30:07.740750,True,long,74583976,-1201651,0,362903,362903,9630906924,9556322948,362903,38,20,75785627,0.04008499777777778,3768.108267100516,3797.517120075461
1803,2019-02-24 14:30:07.740750,2019-02-24 16:01:40.241209,True,short,95965680,6701652,0,1263451,1263451,33245889683,33341855363,600880,162,74,89264028,1.5256945719444444,3800.322421950569,3789.3842026621955
1804,2019-02-24 16:01:40.241209,2019-02-24 17:19:03.864910,True,long,136430584,-7963395,0,599120,599120,16030054720,15893624136,599120,16,45,144393979,1.2898954725,3737.479443863059,3769.5619002525527
1805,2019-02-24 17:19:03.864910,2019-02-28 02:47:38.248003,True,short,-37985879,53791240,-32685271,3600342,3600342,95002364245,94964378366,1800342,141,186,-124462390,81.47621752583333,3789.7393697646708,3791.2552706068436
1806,2019-02-28 02:47:38.248003,2019-02-28 15:39:18.437682,True,long,53743388,-1378306,1783,174483,174483,4632661235,4578917847,174483,11,29,55123477,12.861163799722222,3766.366482439332,3810.572843413585
1807,2019-02-28 15:39:18.437682,2019-02-28 15:40:33.300955,True,short,102713192,7724296,0,599918,599918,15499954152,15602667344,599918,1,41,94988896,0.020795353611111112,3870.450158219281,3844.9707782220853
1808,2019-02-28 15:40:33.300955,2019-03-01 22:07:16.121638,True,long,-10332,1074,1425,82,82,2132656,2142988,82,1,1,-9981,30.4452279675,3844.9707782220853,3826.432999158185
1809,2019-03-01 22:07:16.121638,2019-03-04 05:18:54.537420,True,short,178908394,-6755572,-33079,1586289,1586289,41671954010,41850862404,1200118,67,52,185630887,55.19400438388889,3806.6105554333712,3790.337663025999
1810,2019-03-04 05:18:54.537420,2019-03-04 05:23:27.326015,True,long,1137049,8218537,0,598081,598081,16121812323,16120675274,598081,1,15,-7081488,0.07577460972222222,3709.7628232947145,3710.024486161609
1811,2019-03-04 05:23:27.326015,2019-03-04 10:03:20.202412,True,short,245632,-25924,0,1919,1919,51724726,51970358,1919,1,1,271556,4.664687888055555,3710.024486161609,3692.4894764049923
1812,2019-03-04 10:03:20.202412,2019-03-05 13:50:42.961023,True,long,511870525,-16052930,-2033244,1200381,1200381,32506074442,31994203917,600381,40,144,525890211,27.78965516972222,3692.7897957713044,3751.8701922199793
1813,2019-03-05 13:50:42.961023,2019-03-12 03:08:01.688413,True,short,821382963,-18557731,-50201759,7455449,7455449,193128904470,193950287433,2108529,690,620,789738935,157.2885353861111,3860.34862076179,3843.999974774711
1814,2019-03-12 03:08:01.688413,2019-03-12 13:08:05.113295,True,long,285664818,-9123247,1839644,700132,700132,18409974378,18124309560,700132,44,60,296627709,10.000951356111111,3803.003663256918,3862.9443934525248
1815,2019-03-12 13:08:05.113295,2019-03-13 19:27:18.912482,True,short,7752,2640,-1567,68,68,1756440,1764192,68,1,1,3545,30.320499774166667,3871.4672861014324,3854.45575084798
1816,2019-03-13 19:27:18.912482,2019-03-14 14:28:35.723624,True,long,-91406871,36399414,2614,1400132,1400132,36533343529,36624750400,700132,56,4,-127803671,19.021336428333335,3832.4770326279654,3822.912060036865
1817,2019-03-14 14:28:35.723624,2019-03-28 10:37:21.704221,True,short,781360988,14887779,-109129007,11113251,11113251,280338942367,281120303355,1622913,710,571,657344202,332.1461057213889,3964.2194930775313,3953.201126837906
1818,2019-03-28 10:37:21.704221,2019-03-30 00:49:17.213991,True,long,291947250,-26113194,-5625047,2100063,2100063,52375573614,52083626364,1400063,67,28,312435397,38.198752713888894,4009.6229121558545,4032.0982746538466
1819,2019-03-30 00:49:17.213991,2019-03-30 04:11:41.337103,True,short,205821071,-8524620,-10121087,700137,700137,16962978036,17168799107,699937,14,38,204224604,3.373367531111111,4127.441528923288,4077.9613975129027
1820,2019-03-30 04:11:41.337103,2019-03-30 04:33:26.237336,True,long,13671,2334,0,63,63,1563093,1549422,63,1,1,11337,0.36247228694444444,4030.4703558905326,4066.03236561763
1821,2019-03-30 04:33:26.237336,2019-04-02 03:13:46.799024,True,short,-434837524,3340191,-85135454,3243668,3243668,79018034302,78583196778,2100137,161,138,-523313169,70.67237824666667,4104.971768347192,4127.686494052239
1822,2019-04-02 03:13:46.799024,2019-04-02 04:30:37.715635,True,long,6708,2801,1849,78,78,1870518,1863810,78,1,1,5756,1.280810169722222,4169.967891247237,4184.975936388366
1823,2019-04-02 04:30:37.715635,2019-04-02 05:57:19.353425,True,short,-6678546101,93939986,0,10140839,10140839,219016447592,212337901491,3500122,215,269,-6772486087,1.444899386111111,4630.172350750161,4775.802590490338
1824,2019-04-02 05:57:19.353425,2019-04-02 09:37:09.955198,True,long,-195361900,7602860,0,5160595,5160595,109274562394,109469924294,2100595,119,104,-202964760,3.6640560480555555,4722.594981797297,4714.166957985966
1825,2019-04-02 09:37:09.955198,2019-04-02 14:10:20.614585,True,short,354905200,-5709497,-6597456,541840,541840,11241554480,11596459680,541840,14,1,354017241,4.552960940833334,4819.97397214055,4672.460517708625
1826,2019-04-02 14:10:20.614585,2019-04-02 23:54:16.598747,True,long,1409118293,-26774166,-14948074,2541389,2541389,54253055005,52843936712,1201389,76,128,1420944385,9.732217822777779,4684.324227945844,4809.234811271908
1827,2019-04-02 23:54:16.598747,2019-04-03 00:28:45.405439,True,short,-369582982,11922520,0,1198611,1198611,24399453288,24029870306,1198611,63,1,-381505502,0.5746685255555556,4912.450233421804,4988.004449198877
1828,2019-04-03 00:28:45.405439,2019-04-03 00:33:37.010608,True,long,-101261,13898,0,1389,1389,27846808,27948069,1389,1,1,-115159,0.08100143583333333,4988.004370195679,4969.9319119328065
1829,2019-04-03 00:33:37.010608,2019-04-03 00:34:42.350272,True,short,0,-6022296,0,598611,598611,12044651931,12044651931,598611,15,67,6022296,0.018149906666666667,4969.9319119328065,4969.9319119328065
1830,2019-04-03 00:34:42.350272,2019-04-03 03:13:36.888049,True,long,76056660,-5988943,0,601389,601389,12015948069,11939891409,601389,5,33,82045603,2.648482715833333,5004.923427985897,5036.804602315626
1831,2019-04-03 03:13:36.888049,2019-04-03 03:47:45.111070,True,short,-2962170,552518,0,55890,55890,1109472390,1106510220,55890,5,1,-3514688,0.5689508391666666,5037.529595486373,5051.015254066067
1832,2019-04-03 03:47:45.111070,2019-04-03 16:25:52.279822,True,long,1471346213,-58856868,-2426121,11021434,11021434,221786431144,220315084931,3049378,329,459,1527776960,12.635324653333333,4969.390572340324,5002.57801387126
1833,2019-04-03 16:25:52.279822,2019-04-03 22:43:43.778758,True,short,75865739,-6753162,7614,5247864,5247864,102495980059,102571845798,2800584,203,99,82626515,6.297638593333334,5120.068120700109,5116.281138524979
1834,2019-04-03 22:43:43.778758,2019-04-04 01:19:40.242190,True,long,161167689,-11848267,0,1196083,1196083,23777207448,23616039759,1196083,74,65,173015956,2.59901762,5030.376265235502,5064.706073524358
1835,2019-04-04 01:19:40.242190,2019-04-04 02:26:23.350201,True,short,152189405,7228145,0,718707,718707,14229584037,14381773442,718707,42,2,144961260,1.1119744475,5050.794163281274,4997.346140227148
1836,2019-04-04 02:26:23.350201,2019-04-04 02:53:11.919788,True,long,108612,12948,0,1293,1293,25841898,25733286,1293,1,1,95664,0.44682488527777775,5003.502451716201,5024.620641141594
1837,2019-04-04 02:53:11.919788,2019-04-04 03:28:35.741774,True,short,103834556,-5397795,0,698707,698707,13905666714,14009501270,698707,9,16,109232351,0.5899505516666667,5024.620641141594,4987.379540028408
1838,2019-04-04 03:28:35.741774,2019-04-04 04:30:02.406433,True,long,58845830,-7024527,-211672,700287,700287,14078574350,14019728520,700287,72,69,65658685,1.024073516388889,4974.132909984596,4995.011130215523
1839,2019-04-04 04:30:02.406433,2019-04-04 08:43:58.355830,True,short,-363149685,-18182380,0,2328888,2328888,46437031230,46073881545,2100013,60,64,-344967305,4.232208165833334,5015.152645019766,5054.6815720863315
1840,2019-04-04 08:43:58.355830,2019-04-04 12:55:18.595672,True,long,212754463,-13644072,-1455617,6217967,6217967,125052276292,124839521829,2801092,203,220,224942918,4.188955511666667,4972.294135199028,4980.768036357199
1841,2019-04-04 12:55:18.595672,2019-04-04 13:03:09.122312,True,short,53074904,-6970271,0,698354,698354,13914005096,13967080000,698354,1,53,60045175,0.13070184444444444,5019.072475406545,5000.0
1842,2019-04-04 13:03:09.122312,2019-04-05 05:07:01.739758,True,long,-57640910,-6966985,-8404533,2101646,2101646,42405320000,42462960910,1401646,118,62,-59078458,16.06461595722222,4956.090415070562,4949.362821058161
1843,2019-04-05 05:07:01.739758,2019-04-05 05:33:53.846915,True,short,31502870,-14072030,0,1400067,1400067,28153246979,28184749849,1400067,67,65,45574900,0.4478075436111111,4973.021410440986,4967.462927650126
1844,2019-04-05 05:33:53.846915,2019-04-05 11:21:38.544671,True,long,18748092,-2097261,0,208272,208272,4220200108,4201452016,208272,14,2,20845353,5.7957493766666675,4935.121431924289,4957.143368693896
1845,2019-04-05 11:21:38.544671,2019-04-05 11:52:34.740346,True,short,-29402380,-14016285,0,1400028,1400028,28049562884,28020160504,1400028,55,63,-15386095,0.5156099097222222,4991.26494694362,4996.502428314569
1846,2019-04-05 11:52:34.740346,2019-04-05 12:39:36.987335,True,long,17690,1226,-583,122,122,2442196,2424506,122,1,1,15881,0.7839574969444445,4995.504046358277,5031.952900920847
1847,2019-04-05 12:39:36.987335,2019-04-05 13:35:22.426584,True,short,39674708,-13882759,0,1400078,1400078,27753745694,27793420402,1400078,50,118,53557467,0.9292886802777778,5044.645200098806,5037.4440416093985
1848,2019-04-05 13:35:22.426584,2019-04-07 05:38:47.520807,True,long,1558524636,-10892095,-17960836,5599518,5599518,112205006020,110646481384,2100155,150,207,1551455895,40.0569706175,4990.43509609715,5060.728484050751
1849,2019-04-07 05:38:47.520807,2019-04-08 16:41:28.287626,True,short,159458973,37644478,9308159,2712051,2712051,51642537627,51801996600,2551474,44,36,131122654,35.04465744972222,5251.583529044228,5235.417895070091
1850,2019-04-08 16:41:28.287626,2019-04-09 02:01:12.823706,True,long,11065362,-8131111,-50,850026,850026,16326459882,16315394520,850026,40,34,19196423,9.3290378,5206.431805447044,5209.962890924932
1851,2019-04-09 02:01:12.823706,2019-04-09 12:54:33.489095,True,short,23182787,-8549490,-299,900174,900174,17111059480,17134242267,900174,6,33,31731978,10.889073719166667,5260.773016727308,5253.655142566217
1852,2019-04-09 12:54:33.489095,2019-04-10 05:40:18.839297,True,long,136896213,-8294404,-2607,1452680,1452680,27920568573,27783672360,900680,53,67,145188010,16.762597278333335,5202.902642193268,5228.538478201375
1853,2019-04-10 05:40:18.839297,2019-04-10 12:01:36.435914,True,short,6300634,-8583865,97,900051,900051,17168472927,17174773561,900051,2,2,14884596,6.354887949166667,5242.463926914168,5240.5407081687
1854,2019-04-10 12:01:36.435914,2019-04-10 12:34:33.079368,True,long,7362131,1708411,0,278623,278623,5317909254,5310547123,278623,15,2,5653720,0.5490676261111112,5239.3334803602875,5246.596886284706
1855,2019-04-10 12:34:33.079368,2019-04-10 17:02:29.257398,True,short,2728932,8978937,0,945260,945260,17922082568,17924811500,800077,13,3,-6250005,4.465605008333333,5274.27544434913,5273.472471384148
1856,2019-04-10 17:02:29.257398,2019-04-10 23:24:41.943694,True,long,18612,4003,-261,141,141,2678295,2659683,141,1,1,14348,6.370190637777778,5264.54330086865,5301.383661135556
1857,2019-04-10 23:24:41.943694,2019-04-11 03:22:33.337725,True,short,64887764,-17290542,0,2859085,2859085,53784211889,53849099653,2442938,156,48,82178306,3.9642761197222223,5315.844370650233,5309.438817777368
1858,2019-04-11 03:22:33.337725,2019-04-11 03:52:11.784578,True,long,-16989685,15158057,0,3708904,3708904,71090442261,71107431946,2400910,69,193,-32147742,0.4940130147222222,5217.162648085949,5215.916112420703
1859,2019-04-11 03:52:11.784578,2019-04-11 03:52:35.738968,True,short,-27846,19046,0,1989,1989,38139075,38111229,1989,1,1,-46892,0.006653997222222222,5215.123859191655,5218.934293617243
1860,2019-04-11 03:52:35.738968,2019-04-11 04:13:39.914981,True,long,71175649,9654169,-1539803,1600064,1600064,30798826304,30727650655,1600064,67,27,59981677,0.3511600036111111,5195.2109609845475,5207.24482963242
1861,2019-04-11 04:13:39.914981,2019-04-11 05:24:41.697172,True,short,9884826,3184910,0,339152,339152,6502941310,6512826136,339152,7,38,6699916,1.183828386388889,5215.363076988926,5207.447472385588
1862,2019-04-11 05:24:41.697172,2019-04-11 11:52:18.187523,True,long,192519403,4589735,0,5117170,5117170,101205938771,101013419368,3202541,129,142,187929668,6.460136208611111,5056.195379580133,5065.83187859203
1863,2019-04-11 11:52:18.187523,2019-04-11 12:22:24.682270,True,short,16218,4734,-828,159,159,3148836,3165054,159,1,1,10656,0.5018040963888889,5049.484952534842,5023.6109715663615
1864,2019-04-11 12:22:24.682270,2019-04-11 13:00:59.682213,True,long,6109,1219,0,41,41,816146,810037,41,1,1,4890,0.6430555397222222,5023.6109715663615,5061.497190869059
1865,2019-04-11 13:00:59.682213,2019-04-11 13:49:42.398265,True,short,66011766,-7911155,0,800159,800159,15801941363,15867953129,800159,37,15,73922921,0.81186557,5063.675289123397,5042.61005496445
1866,2019-04-11 13:49:42.398265,2019-04-11 15:30:03.824578,True,long,289240506,178264,0,2400041,2400041,47742395015,47453154509,2400041,108,114,289062242,1.6726184202777779,5027.0645183299675,5057.705909824828
1867,2019-04-11 15:30:03.824578,2019-04-11 15:56:10.669696,True,short,62410017,-7916075,0,800159,800159,15813542635,15875952652,800159,12,2,70326092,0.435234755,5059.960430555351,5040.069201133569
1868,2019-04-11 15:56:10.669696,2019-04-12 04:17:39.633918,True,long,129474741,-18304852,-3077996,4435662,4435662,88740390685,88610915944,3200041,149,234,144701597,12.358045617222222,4998.470218308122,5005.773783901786
1869,2019-04-12 04:17:39.633918,2019-04-12 08:44:32.520320,True,short,36013172,-7955101,0,800148,800148,15898140908,15934154080,800148,39,39,43968273,4.448024000555556,5032.965833114253,5021.590703734428
1870,2019-04-12 08:44:32.520320,2019-04-12 23:04:09.346108,True,long,230754083,7744422,-3131118,793733,793733,15835064720,15604310637,793733,54,1,219878543,14.326896052222223,5012.502405484327,5086.626499974617
1871,2019-04-12 23:04:09.346108,2019-04-15 17:29:35.607338,True,short,-196496363,-29475905,1139188,5300600,5300600,103952369639,103755873276,1600267,118,393,-165881270,66.42396145277777,5099.066061127445,5108.7228439588425
1872,2019-04-15 17:29:35.607338,2019-04-15 17:47:37.952253,True,long,87154874,-7930469,0,799586,799586,15904565126,15817410252,799586,8,53,95085343,0.30065136527777775,5027.39932632849,5055.10059650187
1873,2019-04-15 17:47:37.952253,2019-04-16 18:10:44.330027,True,short,-244260,3912,-689,414,414,8189748,7945488,414,1,1,-248861,24.38510493722222,5055.10059650187,5210.5043768236765
1874,2019-04-16 18:10:44.330027,2019-04-17 11:43:51.913172,True,long,262370800,41788791,-1815113,6112541,6112541,117331180112,117068809312,3200086,289,43,218766896,17.552106429166667,5209.64759253695,5221.3232849319165
1875,2019-04-17 11:43:51.913172,2019-04-17 14:32:22.519697,True,short,51222572,-7622722,1523497,800114,800114,15228570788,15279793360,800114,12,2,60368791,2.8085018125,5254.032115938837,5236.41898256666
1876,2019-04-17 14:32:22.519697,2019-04-18 07:13:34.082425,True,long,124744249,620942,-327,1600086,1600086,30792854640,30668110391,1600086,49,49,124122980,16.68654520222222,5196.289914353975,5217.426113314005
1877,2019-04-18 07:13:34.082425,2019-04-21 12:27:30.892117,True,short,496880869,25525327,3994484,10282719,10282719,194601882503,195098763372,3200114,546,307,475350026,77.23244713666666,5283.977147467462,5270.519824051199
1878,2019-04-21 12:27:30.892117,2019-04-21 23:48:41.627769,True,long,375395411,-6386676,-3042244,4000086,4000086,76258822475,75883427064,1600086,93,142,378739843,11.352982125555556,5245.407508503494,5271.356546174874
1879,2019-04-21 23:48:41.627769,2019-04-22 01:12:15.482274,True,short,7182,3231,0,114,114,2150724,2157906,114,1,1,3951,1.3927373625000001,5300.540655146825,5282.899255111205
1880,2019-04-22 01:12:15.482274,2019-04-22 15:39:01.779952,True,long,289706999,-15130281,-4368709,1600087,1600087,30412046753,30122339754,1600087,39,62,300468571,14.446193799444446,5261.359135067617,5311.961199121398
1881,2019-04-22 15:39:01.779952,2019-04-22 15:48:56.572245,True,short,50341671,-7084296,0,844682,844682,15826841010,15877182681,844682,17,13,57425967,0.16522008138888888,5337.022084611185,5320.100026378225
1882,2019-04-22 15:48:56.572245,2019-04-22 17:39:55.687045,True,long,130984101,16882329,0,2400087,2400087,45285197396,45154213295,2400087,20,146,114101772,1.849754111111111,5299.937149466853,5315.311296245672
1883,2019-04-22 17:39:55.687045,2019-04-22 18:10:54.918910,True,short,-55887855,37366886,0,2324540,2324540,43280264984,43224377129,1700087,37,4,-93254741,0.5164532958333333,5370.900572950152,5377.844990253023
1884,2019-04-22 18:10:54.918910,2019-04-22 18:16:14.258757,True,long,1022,4073,0,146,146,2716476,2715454,146,1,1,-3051,0.08870551305555556,5374.610340750296,5376.633152320017
1885,2019-04-22 18:16:14.258757,2019-04-22 18:18:17.010881,True,short,594,1507,0,54,54,1004346,1004940,54,1,1,-913,0.03409781222222222,5376.633152320017,5373.455131649651
1886,2019-04-22 18:18:17.010881,2019-04-22 19:01:09.657132,True,long,123450241,11936623,0,1201890,1201890,22350993649,22227543408,850146,5,19,111513618,0.7146239586111112,5377.344823565701,5407.210225343315
1887,2019-04-22 19:01:09.657132,2019-04-22 19:09:37.669798,True,short,33152284,-7854257,0,850054,850054,15701347634,15734499918,850054,11,22,41006541,0.14111462944444444,5413.891978031725,5402.485013378485
1888,2019-04-22 19:09:37.669798,2019-04-22 19:28:50.918711,True,long,-80958032,4892812,0,1700146,1700146,31561832712,31642790744,1700146,23,100,-85850844,0.3203469202777777,5386.715072960875,5372.933170638168
1889,2019-04-22 19:28:50.918711,2019-04-22 20:02:33.586461,True,short,-12747598,-7894766,100,850054,850054,15799953806,15787206208,850054,25,15,-4852732,0.5618521527777778,5380.104337249351,5384.448576906812
1890,2019-04-22 20:02:33.586461,2019-04-23 04:24:20.420829,True,long,698952009,-6063216,-1565119,2550146,2550146,47506952666,46808000657,2550146,107,253,703450106,8.363009546666667,5367.942704995054,5448.098539151411
1891,2019-04-23 04:24:20.420829,2019-04-23 04:31:05.508047,True,short,256395502,15196229,0,1699854,1699854,30329923870,30586319372,1699854,38,22,241199273,0.11252422722222222,5604.544235870513,5557.563103052267
1892,2019-04-23 04:31:05.508047,2019-04-23 05:06:40.233709,True,long,50075323,23181465,0,850146,850146,15479372449,15429297126,850146,2,2,26893858,0.5929793505555555,5492.1218725176495,5509.946390023262
1893,2019-04-23 05:06:40.233709,2019-04-24 08:13:48.558393,True,short,766555747,26650774,-56851902,14302054,14302054,257536071078,258302626825,4402393,473,345,683053071,27.11897907888889,5553.417795081736,5536.93710969871
1894,2019-04-24 08:13:48.558393,2019-04-24 08:21:10.743340,True,long,64418035,-3130237,0,1051407,1051407,19320937569,19256519534,1051407,65,33,67548272,0.12282915194444445,5441.801135401205,5460.005366720597
1895,2019-04-24 08:21:10.743340,2019-04-24 09:07:20.762588,True,short,30501055,-18901088,0,2069462,2069462,37798228036,37828729091,2000153,92,25,49402143,0.7694497911111111,5475.023850401112,5470.609374747287
1896,2019-04-24 09:07:20.762588,2019-04-24 09:17:28.631560,True,long,1974,1289,0,47,47,860194,858220,47,1,1,685,0.1688524922222222,5463.883728554257,5476.45125958379
1897,2019-04-24 09:17:28.631560,2019-04-24 09:53:52.933990,True,short,24007344,-9130773,0,1000153,1000153,18260793780,18284801124,1000153,52,49,33138117,0.606750675,5477.051063877684,5469.859875518327
1898,2019-04-24 09:53:52.933990,2019-04-24 10:22:32.754515,True,long,59002429,7288575,0,1561839,1561839,28656576029,28597573600,1561839,45,50,51713854,0.47772792361111116,5450.194044185334,5461.438868366091
1899,2019-04-24 10:22:32.754515,2019-04-24 10:52:13.602000,True,short,17499,4205,0,153,153,2795616,2813115,153,1,1,13294,0.49467985694444444,5472.854640980736,5438.8107133906715
1900,2019-04-24 10:52:13.602000,2019-04-24 11:25:45.898286,True,long,178433989,7328262,0,4592670,4592670,84788594976,84610160987,2000047,90,100,171105727,0.5589711905555556,5416.6129316094775,5428.036002325589
1901,2019-04-24 11:25:45.898286,2019-04-24 16:22:53.320726,True,short,155453953,-2783085,-1375,4251983,4251983,77974761728,78130215681,3000153,132,48,158235663,4.952061788888888,5453.024678462279,5442.174916501624
1902,2019-04-24 16:22:53.320726,2019-04-24 23:14:50.484793,True,long,114655261,-17137135,2989151,9123050,9123050,168172895795,168058240534,5005196,340,373,134781547,6.865878907500001,5424.804013079996,5428.50500577168
1903,2019-04-24 23:14:50.484793,2019-04-25 03:03:30.456141,True,short,46570030,9932628,0,1002726,1002726,18448848991,18495419021,1002726,93,4,36637402,3.811103152222222,5435.168342963646,5421.483010801154
1904,2019-04-25 03:03:30.456141,2019-04-25 03:27:17.305944,True,long,67019180,9262318,0,1000274,1000274,18481061876,18414042696,1000274,2,15,57756862,0.39634716750000004,5412.4270927255675,5432.125994892393
1905,2019-04-25 03:27:17.305944,2019-04-25 03:38:28.071014,True,short,1196,239,0,26,26,478504,479700,26,1,1,957,0.18632363055555556,5433.6013910019565,5420.054200542006
1906,2019-04-25 03:38:28.071014,2019-04-25 19:20:13.278457,True,long,822010493,20746362,11481096,6000074,6000074,110660176850,109838166357,3000074,115,374,812745227,15.695890956388888,5422.071580576911,5462.649458748557
1907,2019-04-25 19:20:13.278457,2019-04-25 21:34:58.140482,True,short,149941925,16570786,-5484965,2167084,2167084,39432430944,39582372869,2000026,62,86,127886174,2.2457950069444443,5495.689583727633,5474.871370577205
1908,2019-04-25 21:34:58.140482,2019-04-25 22:31:02.843869,True,long,355448836,34162227,0,6346156,6346156,124987195770,124631746934,3800074,110,145,321286609,0.9346398297222223,5077.444902178719,5091.925738119254
1909,2019-04-25 22:31:02.843869,2019-04-26 18:45:56.686255,True,short,-1181591474,160738962,-20445570,16684636,16684636,325224755235,324043163761,5007702,250,326,-1362776006,20.24828955166667,5130.186350034782,5148.893069167123
1910,2019-04-26 18:45:56.686255,2019-04-27 03:59:25.583295,True,long,125014045,7216931,3992169,1000042,1000042,19714826182,19589812137,1000042,2,167,121789283,9.224693622222222,5072.5377478248165,5104.90857700051
1911,2019-04-27 03:59:25.583295,2019-04-27 04:20:31.562102,True,short,7179,1697,-412,58,58,1127636,1134815,58,1,1,5070,0.3516607797222222,5143.503754757741,5110.965223406458
1912,2019-04-27 04:20:31.562102,2019-04-27 13:26:41.820665,True,long,73653120,11456503,587,421957,421957,8254979241,8181326121,421957,28,2,62197204,9.102849600833334,5111.545258699943,5157.5624019792085
1913,2019-04-27 13:26:41.820665,2019-04-29 10:51:18.306327,True,short,24616598,20984756,-65875189,3000058,3000058,58107573784,58132190382,3000058,95,128,-62243347,45.41013490611111,5162.937986624508,5160.751694174825
1914,2019-04-29 10:51:18.306327,2019-04-29 14:03:20.450517,True,long,83310160,17829495,5223269,2093830,2093830,40977626248,40894316088,1000042,4,63,70703934,3.200595608333334,5109.690803776594,5120.100298276933
1915,2019-04-29 14:03:20.450517,2019-04-30 14:17:19.489678,True,short,-734442673,19420318,-47755160,3000058,3000058,58207860438,57473417765,2000058,128,21,-801618151,24.23306643361111,5154.042731385921,5219.9053347876015
1916,2019-04-30 14:17:19.489678,2019-04-30 22:24:40.764554,True,long,55795,19793,15037,2088,2088,39676176,39620381,2088,1,1,51039,8.122576354444444,5262.603936427745,5270.014945085964
1917,2019-04-30 22:24:40.764554,2019-05-03 06:42:11.691588,True,short,-365617076,54068486,-115449464,11000067,11000067,204901197348,204535580272,4000067,380,316,-535135026,56.29192417611111,5368.473753385497,5378.070155506269
1918,2019-05-03 06:42:11.691588,2019-05-03 07:26:42.698607,True,long,6565663,821397,0,90531,90531,1649017165,1642451502,90531,6,3,5744266,0.7419463941666667,5489.9974312881095,5511.943572748488
1919,2019-05-03 07:26:42.698607,2019-05-05 10:12:15.341491,True,short,929354930,-21034065,-39715573,15088485,15088485,265177960107,266107315037,4000067,446,453,910673422,50.759067467777776,5689.946854524319,5670.075246861242
1920,2019-05-05 10:12:15.341491,2019-05-05 10:58:26.919448,True,long,11786,1864,0,71,71,1249458,1237672,71,1,1,9922,0.7698827658333334,5682.4639163541315,5736.576411197797
1921,2019-05-05 10:58:26.919448,2019-05-05 16:05:41.744459,True,short,193250632,-9385254,-18,3054674,3054674,53280295909,53473546541,2000029,97,94,202635868,5.120784725277778,5733.215155593779,5712.4956124948185
1922,2019-05-05 16:05:41.744459,2019-05-05 18:30:15.878973,True,long,-36643429,-716767,0,3746213,3746213,66036490315,66073133744,3000082,165,269,-35926662,2.4094818094444443,5672.94382564886,5669.797673763564
1923,2019-05-05 18:30:15.878973,2019-05-06 01:26:16.924515,True,short,1372242880,26074097,32,6607942,6607942,115780067057,117152309937,4546862,223,153,1346168815,6.9336237616666665,5707.322657488898,5640.470942103913
1924,2019-05-06 01:26:16.924515,2019-05-06 01:48:33.690734,True,long,192836531,-2821144,0,1699217,1699217,30504478400,30311641869,1385935,67,76,195657675,0.37132394972222227,5570.38536348158,5605.823027810991
1925,2019-05-06 01:48:33.690734,2019-05-06 07:47:19.718591,True,short,361627440,-25425320,-5247312,5384255,5384255,95620204048,95981831488,3000478,183,142,381805448,5.9794521825,5630.87587357289,5609.660616523201
1926,2019-05-06 07:47:19.718591,2019-05-06 08:15:19.606954,True,long,65397361,-8930125,0,1000522,1000522,17930336492,17864939131,1000522,7,76,74327486,0.4666356563888889,5580.051442126611,5600.478079792904
1927,2019-05-06 08:15:19.606954,2019-05-06 17:38:45.821867,True,short,-634966055,-32061572,-12770091,7632186,7632186,134677068932,134042102877,5632186,359,292,-615674574,9.390615253611113,5667.027104557479,5693.872176120261
1928,2019-05-06 17:38:45.821867,2019-05-06 18:33:49.551785,True,long,47557777,-8762431,0,1000814,1000814,17605772263,17558214486,1000814,17,76,56320208,0.917702755,5684.578813411634,5699.975933190682
1929,2019-05-06 18:33:49.551785,2019-05-07 07:20:05.012990,True,short,-180044924,23874188,-20128107,7505108,7505108,131114882867,130934837943,5000186,211,222,-224047219,12.770961445833333,5724.070247321209,5731.94126017646
1930,2019-05-07 07:20:05.012990,2019-05-07 09:41:38.086558,True,long,69033912,-8498217,0,1000314,1000314,17052352444,16983318532,1000314,11,70,77532129,2.359187102222222,5866.134911796103,5889.979618030519
1931,2019-05-07 09:41:38.086558,2019-05-07 14:46:13.572574,True,short,653482516,-2291064,16984,7000186,7000186,119041640513,119695123029,3000186,301,158,655790564,5.076523893333333,5880.451554458829,5848.346885698909
1932,2019-05-07 14:46:13.572574,2019-05-07 16:18:15.691339,True,long,126520255,8626185,0,1000314,1000314,17178867361,17052347106,1000314,2,73,117894070,1.5339218791666667,5822.933369116896,5866.136748108017
1933,2019-05-07 16:18:15.691339,2019-05-08 03:27:01.789043,True,short,459304465,-15277001,318,3000186,3000186,50867094179,51326398644,2000186,92,230,474581784,11.146138251111111,5898.088043799833,5845.307832348215
1934,2019-05-08 03:27:01.789043,2019-05-08 04:50:34.315521,True,long,12246,8137,821,314,314,5431572,5419326,314,1,1,4930,1.392368466111111,5781.015146259683,5794.078451822238
1935,2019-05-08 04:50:34.315521,2019-05-10 20:57:38.178928,True,short,-463683300,126464111,-38634733,20008042,20008042,334841109972,334377426672,6000269,744,628,-628782144,64.11773983527777,5975.383966942741,5983.670069817972
1936,2019-05-10 20:57:38.178928,2019-05-11 02:00:58.964200,True,long,363441284,41583938,0,4469760,4469760,70309557973,69946116689,3114020,154,80,321857346,5.055773686666667,6357.258001417758,6390.290428664973
1937,2019-05-11 02:00:58.964200,2019-05-11 02:03:12.992075,True,short,15138,6393,0,276,276,4254264,4269402,276,1,1,8745,0.03722996527777778,6487.60866744518,6464.605581765315
1938,2019-05-11 02:03:12.992075,2019-05-11 03:09:48.377599,True,long,304847394,8740990,0,2165224,2165224,33538951596,33234104202,2105557,28,67,296106404,1.1098293122222223,6455.848787647357,6515.066531775809
1939,2019-05-11 03:09:48.377599,2019-05-11 06:42:15.559913,True,short,303538740,12529014,-3970,6994717,6994717,102888030315,103191569055,2010606,214,194,291005756,3.540883976111111,6798.3777885387735,6778.380311546471
1940,2019-05-11 06:42:15.559913,2019-05-11 06:58:50.880522,True,long,107821475,-6776372,0,4806072,4806072,70901246622,70793425147,2000224,38,162,114597847,0.27647794694444444,6778.543719580694,6788.867737392794
1941,2019-05-11 06:58:50.880522,2019-05-11 07:01:51.831405,True,short,14076,6071,0,276,276,4040916,4054992,276,1,1,8005,0.05026413416666667,6830.134553650707,6806.425265450585
1942,2019-05-11 07:01:51.831405,2019-05-11 09:41:46.123149,True,long,138891716,7157019,0,9633540,9633540,142197906885,142059015169,3000234,238,281,131734697,2.66508104,6774.741071112216,6781.364764875706
1943,2019-05-11 09:41:46.123149,2019-05-11 10:26:44.535223,True,short,-78302093,-361325,0,2000266,2000266,29388123377,29309821284,2000266,99,53,-77940768,0.7495589094444444,6806.3753998170105,6824.558841960355
1944,2019-05-11 10:26:44.535223,2019-05-11 10:33:29.941335,True,long,5873,5134,0,234,234,3426017,3420144,234,1,1,739,0.11261280888888889,6830.088700669027,6841.817186644773
1945,2019-05-11 10:33:29.941335,2019-05-11 10:40:11.563325,True,short,20216,5847,0,266,266,3887856,3908072,266,1,1,14369,0.11156166388888888,6841.817186644773,6806.425265450585
1946,2019-05-11 10:40:11.563325,2019-05-11 20:11:47.215272,True,long,820975386,-32288583,20400075,7008178,7008178,103471398058,102650422672,3000234,129,269,873664044,9.526569985277778,6773.058189541061,6827.227611515353
1947,2019-05-11 20:11:47.215272,2019-05-11 23:52:58.321077,True,short,-2309881296,78937955,0,12499616,12499616,173405774106,171095892810,5600266,259,293,-2388819251,3.6864182791666664,7208.304374201056,7305.620137755544
1948,2019-05-11 23:52:58.321077,2019-05-12 00:35:12.212038,True,long,-254685301,15426943,0,2599934,2599934,35958184066,36212869367,1399934,29,86,-270112244,0.7038586002777778,7230.437430399465,7179.585725867013
1949,2019-05-12 00:35:12.212038,2019-05-12 00:37:31.547556,True,short,36158984,429064,0,519755,519755,7299961903,7336120887,519755,16,8,35729920,0.03870431055555556,7119.968664307699,7084.8750723428475
1950,2019-05-12 00:37:31.547556,2019-05-12 00:41:10.035618,True,long,72018666,160405,0,2399634,2399634,34268015976,34195997310,2399634,14,6,71858261,0.06069112833333334,7002.547219776632,7017.29497240974
1951,2019-05-12 00:41:10.035618,2019-05-12 00:52:47.368993,True,short,70162266,7392346,0,2775190,2775190,39157885592,39228047858,1575190,45,65,62769920,0.1937037152777778,7087.1804185642095,7074.504472019093
1952,2019-05-12 00:52:47.368993,2019-05-12 01:07:26.511033,True,long,35373093,815582,0,752589,752589,10625709648,10590336555,700707,69,25,34557511,0.2442061222222222,7082.717530698332,7106.374722762529
1953,2019-05-12 01:07:26.511033,2019-05-12 01:22:20.878604,True,short,28840,8707,0,412,412,5790248,5819088,412,1,1,20133,0.24843543638888888,7115.4119823537785,7080.147267063155
1954,2019-05-12 01:22:20.878604,2019-05-12 01:41:27.002128,True,long,15312,1853,0,88,88,1242912,1227600,88,1,1,13459,0.3183676455555556,7080.147267063155,7168.458781362007
1955,2019-05-12 01:41:27.002128,2019-05-12 08:36:48.247736,True,short,1014747733,-17760124,1676856,10800412,10800412,148387847608,149402595341,2400412,221,172,1034184713,6.922568224444444,7278.501692761072,7229.065850796558
1956,2019-05-12 08:36:48.247736,2019-05-12 08:41:39.915865,True,long,28812,11997,0,588,588,8013852,7985040,588,1,1,16815,0.08101892472222223,7337.295472888693,7363.7702503681885
1957,2019-05-12 08:41:39.915865,2019-05-12 12:10:44.071090,True,short,1594210175,-24338061,3338733,5426833,5426833,73049900400,74644110575,3600412,146,152,1621886969,3.4844875625,7428.93962932768,7270.27619218169
1958,2019-05-12 12:10:44.071090,2019-05-12 12:48:16.310435,True,long,298462100,836321,0,7224729,7224729,101754821885,101456359785,2600596,89,157,297625779,0.6256220402777778,7100.1342896213355,7121.021309369068
1959,2019-05-12 12:48:16.310435,2019-05-12 13:42:06.009547,True,short,23988154,-9000962,0,1300404,1300404,18012658534,18036646688,1300404,113,54,32989116,0.8971386422222222,7219.3896172816885,7209.78806368245
1960,2019-05-12 13:42:06.009547,2019-05-12 17:33:37.155270,True,long,-362744502,-4988126,0,22580830,22580830,324056897535,324419642037,5238949,573,468,-357756376,3.858651589722222,6968.1682975321155,6960.376954433807
1961,2019-05-12 17:33:37.155270,2019-05-13 11:54:26.877616,True,short,139677231,-6388481,1852092,10490480,10490480,146354285449,146493962680,2747490,326,480,147917804,18.34714509611111,7167.86663801219,7161.032310195133
1962,2019-05-13 11:54:26.877616,2019-05-13 12:04:23.382456,True,long,63334018,8963983,-1789539,1299687,1299687,17891140971,17827806953,1299687,1,56,52580496,0.16569578888888886,7264.41651824599,7290.223656933268
1963,2019-05-13 12:04:23.382456,2019-05-13 20:00:56.404306,True,short,-2176169774,51176369,396,7800313,7800313,105794402834,103618233060,3900313,214,180,-2227345747,7.942506069444445,7373.086657750055,7527.9347752274825
1964,2019-05-13 20:00:56.404306,2019-05-13 21:32:42.405574,True,long,-20728522,-8276813,0,1300187,1300187,16552672469,16573400991,1300187,59,28,-12451709,1.5294447966666667,7854.846414891628,7845.022278203804
1965,2019-05-13 21:32:42.405574,2019-05-13 22:57:10.811610,True,short,80584080,-7241335,0,1300313,1300313,16022587890,16103171970,1300313,37,37,87825415,1.4078905655555556,8115.499249728254,8074.88737263979
1966,2019-05-13 22:57:10.811610,2019-05-13 23:33:46.195109,True,long,-783226565,44314106,0,4830148,4830148,61940801027,62724027592,2608167,80,22,-827540671,0.6098287497222222,7798.007000094393,7700.6343269577455
1967,2019-05-13 23:33:46.195109,2019-05-13 23:44:34.332299,True,short,19724045,1138717,0,459580,459580,5861095837,5880819882,459580,13,41,18585328,0.18003810833333334,7841.195789680789,7814.896718851761
1968,2019-05-13 23:44:34.332299,2019-05-13 23:51:01.530605,True,long,29437523,-3841481,0,1200420,1200420,15429580681,15400143158,1200420,38,30,33279004,0.107555085,7779.9910757017415,7794.862604094761
1969,2019-05-13 23:51:01.530605,2019-05-14 16:05:39.871788,True,short,660906041,13492672,5002047,9692353,9692353,121172869887,121833775928,2492353,214,188,652415416,16.243983661944444,7998.781417852547,7955.390798794483
1970,2019-05-14 16:05:39.871788,2019-05-14 16:32:37.013506,True,long,178864940,-7691808,0,1200420,1200420,15509341400,15330476460,1200420,10,70,186556748,0.4492060327777778,7739.980499752233,7830.285008636973
1971,2019-05-14 16:32:37.013506,2019-05-14 17:51:22.733774,True,short,38836432,5555485,0,2852439,2852439,35646145962,35684982394,1200580,63,47,33280947,1.3127000744444444,8002.096504460248,7993.387718413456
1972,2019-05-14 17:51:22.733774,2019-05-14 23:46:42.998712,True,long,663749219,-43192056,-12778193,7200420,7200420,92187713219,91523964000,3600420,107,345,694163082,5.922295816111111,7810.607019717227,7867.251029468085
1973,2019-05-14 23:46:42.998712,2019-05-16 17:43:11.637065,True,short,1282669147,13429299,8588674,16282815,16282815,202761362385,204044031532,3750580,600,571,1277828522,41.941288431388884,8030.531462440292,7980.049638181347
1974,2019-05-16 17:43:11.637065,2019-05-16 23:11:11.211177,True,long,137120402,-4243464,-3757,1714290,1714290,21695741582,21558621180,1300420,104,157,141360109,5.466548364444444,7901.50451193736,7951.760855607742
1975,2019-05-16 23:11:11.211177,2019-05-17 02:37:12.560433,True,short,226701266,-22733805,0,3910580,3910580,49523307600,49750008866,3900580,41,154,249435071,3.4337081266666667,7896.443491993253,7860.460910736755
1976,2019-05-17 02:37:12.560433,2019-05-17 03:03:39.769440,True,long,-2534989854,36569877,0,2787870,2787870,36519971025,39054960879,2600420,7,6,-2571559731,0.44089139083333334,7633.823143209901,7138.324907397483
1977,2019-05-17 03:03:39.769440,2019-05-17 03:04:42.648613,True,short,267767846,-4260725,0,1055148,1055148,14510635042,14778402888,1055148,46,9,272028571,0.017466436944444445,7271.549432164404,7139.797229758675
1978,2019-05-17 03:04:42.648613,2019-05-17 03:18:39.319285,True,long,830244940,-17323724,0,2600420,2600420,37966682520,37136437580,1300420,23,71,847568664,0.23240851999999998,6849.215752864783,7002.341014530883
1979,2019-05-17 03:18:39.319285,2019-05-17 03:38:29.184516,True,short,297125777,-6254636,0,5007409,5007409,68807517418,69104643195,2653051,53,125,303380413,0.3305181197222222,7277.415590480329,7246.125250759281
1980,2019-05-17 03:38:29.184516,2019-05-17 03:39:49.860929,True,long,161741980,-6853275,0,1202355,1202355,16734376890,16572634910,1202355,35,32,168595255,0.02241011472222222,7184.940364994971,7255.0623755942015
1981,2019-05-17 03:39:49.860929,2019-05-17 03:40:44.035830,True,short,31238,7360,0,355,355,4890835,4922073,355,1,1,23878,0.01504858361111111,7258.474268708717,7212.408267817239
1982,2019-05-17 03:40:44.035830,2019-05-17 04:06:46.205161,True,long,222756653,3434006,-2755,1299645,1299645,18013467413,17790710760,1299645,10,36,219319892,0.4339359252777778,7214.851922745696,7305.188744465879
1983,2019-05-17 04:06:46.205161,2019-05-17 04:49:21.639960,True,short,118570,2364,0,355,355,4788240,4906810,355,1,1,116206,0.7098429997222222,7413.997627520759,7234.843003906815
1984,2019-05-17 04:49:21.639960,2019-05-17 05:21:01.544486,True,long,37768395,-8963577,0,1299645,1299645,17963693190,17925924795,1299645,28,3,46731972,0.5277512572222223,7234.843003906815,7250.086201201203
1985,2019-05-17 05:21:01.544486,2019-05-17 05:58:02.430252,True,short,88040,7345,0,355,355,4853205,4941245,355,1,1,80695,0.6169127127777777,7314.75385853266,7184.424168402902
1986,2019-05-17 05:58:02.430252,2019-05-17 21:14:53.934479,True,long,515384517,-15145314,-6830,2600645,2600645,36449788742,35934404225,1300645,84,79,530523001,15.280973396388887,7134.8698847281785,7237.200827697875
1987,2019-05-17 21:14:53.934479,2019-05-19 01:26:41.087021,True,short,101694487,-24556301,-953,12814101,12814101,175709083749,175810778236,6500436,458,520,126249835,28.196431261666664,7292.79370570557,7288.575324317695
1988,2019-05-19 01:26:41.087021,2019-05-19 01:30:33.809715,True,long,54708,11174,0,564,564,7476948,7422240,564,1,1,43534,0.06464519277777778,7543.184732594102,7598.784194528876
1989,2019-05-19 01:30:33.809715,2019-05-19 01:41:51.411276,True,short,33803052,-8541459,0,1300436,1300436,17089037760,17122840812,1300436,31,40,42344511,0.1882226558333333,7609.767257018455,7594.7444368497
1990,2019-05-19 01:41:51.411276,2019-05-19 02:06:46.258372,True,long,438067818,-24973824,0,3996414,3996414,52721459836,52283392018,2600564,99,149,463041642,0.41523530444444445,7580.241541929218,7643.754251109271
1991,2019-05-19 02:06:46.258372,2019-05-19 02:18:05.931424,True,short,-3052,8426,0,436,436,5618732,5615680,436,1,1,-11478,0.18879806999999998,7759.757895553658,7763.975155279503
1992,2019-05-19 02:18:05.931424,2019-05-19 02:31:02.757278,True,long,30456,10873,0,564,564,7264320,7233864,564,1,1,19583,0.21578495944444445,7763.975155279503,7796.66302822392
1993,2019-05-19 02:31:02.757278,2019-05-19 03:00:12.564817,True,short,62784,2780,0,436,436,5592136,5654920,436,1,1,60004,0.4860576497222222,7796.66302822392,7710.100231303007
1994,2019-05-19 03:00:12.564817,2019-05-19 03:01:54.845666,True,long,85774224,-8393322,0,1299564,1299564,16855345080,16769570856,1299564,1,33,94167546,0.028411346944444447,7710.100231303007,7749.536414254917
1995,2019-05-19 03:01:54.845666,2019-05-19 04:09:45.883024,True,short,-126105185,1418024,-305151,1301436,1301436,16555362213,16429257028,1300436,9,70,-127828360,1.1308437105555555,7861.114624106835,7921.4537686153
1996,2019-05-19 04:09:45.883024,2019-05-19 04:51:10.708576,True,long,65245004,-5828677,0,1300564,1300564,16536625012,16471380008,1300564,15,37,71073681,0.6902293199999999,7864.748696038219,7895.901857454129
1997,2019-05-19 04:51:10.708576,2019-05-19 06:57:50.659541,True,short,114227145,3913251,0,1300436,1300436,16223158607,16337385752,1300436,18,4,110313894,2.111097490277778,8015.923603427543,7959.878157622632
1998,2019-05-19 06:57:50.659541,2019-05-19 14:15:54.737267,True,long,4512,10641,625,564,564,7096248,7091736,564,1,1,-5504,7.301132701666667,7947.862025115244,7952.918721170669
1999,2019-05-19 14:15:54.737267,2019-05-19 22:41:53.512190,True,short,-50865680,-8165250,6304722,1300436,1300436,16377682264,16326816584,1300436,49,105,-36395708,8.432993034166667,7940.2932541835025,7965.0309863492
2000,2019-05-19 22:41:53.512190,2019-05-19 22:42:47.312953,True,long,11280,10306,0,564,564,6877416,6866136,564,1,1,974,0.01494465638888889,8200.754469411186,8214.22704123542
2001,2019-05-19 22:42:47.312953,2019-05-19 22:49:13.498676,True,short,67516,14013,0,1436,1436,17418864,17486380,1436,2,2,53503,0.10727381194444445,8243.935999500312,8212.105650226062
2002,2019-05-19 22:49:13.498676,2019-05-19 23:06:04.666328,True,long,117142230,-7480072,0,1300564,1300564,15881248556,15764106326,1300564,93,13,124622302,0.28087990333333335,8189.305742643525,8250.160035110639
2003,2019-05-19 23:06:04.666328,2019-05-19 23:07:39.978607,True,short,25308,7911,0,436,436,5261628,5286936,436,1,1,17397,0.026475633055555555,8286.408693278961,8246.742536698004
2004,2019-05-19 23:07:39.978607,2019-05-19 23:12:17.185797,True,long,35532,10232,0,564,564,6839064,6803532,564,1,1,25300,0.07700199722222223,8246.742536698004,8289.811821271656
2005,2019-05-19 23:12:17.185797,2019-05-19 23:15:28.406699,True,short,12208,7898,0,436,436,5259468,5271676,436,1,1,4310,0.05311691722222222,8289.811821271656,8270.614506657845
2006,2019-05-19 23:15:28.406699,2019-05-20 00:41:52.467611,True,long,-628404378,-20886748,0,6634300,6634300,81667383372,82295787750,3603904,255,132,-607517630,1.44001692,8123.561360819352,8061.530463933132
2007,2019-05-20 00:41:52.467611,2019-05-20 00:45:36.642719,True,short,249790055,-6244956,0,2800436,2800436,35235113217,35484903272,1400436,31,63,256035011,0.06227086333333333,7947.855829930651,7891.908225123258
2008,2019-05-20 00:45:36.642719,2019-05-20 00:53:36.904311,True,long,195391907,8671358,0,1325601,1325601,16951988745,16756596838,1325601,39,2,186720549,0.13340599777777779,7819.737376778207,7910.9201755922795
2009,2019-05-20 00:53:36.904311,2019-05-20 08:57:14.953504,True,short,237241496,-10493406,926,4200399,4200399,52820821814,53058063310,2800399,48,112,247735828,8.060569220277777,7952.165179843334,7916.608217413656
2010,2019-05-20 08:57:14.953504,2019-05-20 10:36:56.579191,True,long,92499296,17265861,0,6480831,6480831,82191528782,82099029486,2800601,142,71,75233435,1.6615626908333332,7885.035229347512,7893.919137138093
2011,2019-05-20 10:36:56.579191,2019-05-21 02:39:33.575366,True,short,565733889,-9796570,3024,8569699,8569699,107490483360,108056217249,2800684,218,208,575533483,16.04361004861111,7972.518805501071,7930.778272806239
2012,2019-05-21 02:39:33.575366,2019-05-21 02:40:19.457425,True,long,60602,86855,0,4593,4593,58070192,58009590,4593,1,1,-26253,0.012745016388888888,7909.3935146623935,7917.656373713381
2013,2019-05-21 02:40:19.457425,2019-05-21 05:18:21.444523,True,short,15873,7722,513,407,407,5140410,5156283,407,1,1,8664,2.6338853049999997,7917.656373713381,7893.282816323309
2014,2019-05-21 05:18:21.444523,2019-05-21 08:47:49.220079,True,long,55742,11227,0,593,593,7512717,7456975,593,1,1,44515,3.4910487655555555,7893.282816323309,7952.286282306163
2015,2019-05-21 08:47:49.220079,2019-05-21 20:35:45.400260,True,short,-234766999,8508262,8415538,1400407,1400407,17570918025,17336151026,1400407,19,5,-234859723,11.798938939166668,7970.027507996413,8077.958007516956
2016,2019-05-21 20:35:45.400260,2019-05-21 21:07:03.407212,True,long,-78403151,-8645759,0,1400593,1400593,17291741178,17370144329,1400593,2,14,-69757392,0.5216685977777777,8099.780037084707,8063.220278841703
2017,2019-05-21 21:07:03.407212,2019-05-22 22:31:34.964646,True,short,518084312,-16598998,15677165,20802659,20802659,263301529354,263819613666,4200534,496,647,550360475,25.40876595388889,7900.698127746736,7885.182875878407
2018,2019-05-22 22:31:34.964646,2019-05-22 22:40:52.447916,True,long,23822329,2800895,0,652638,652638,8504848035,8481025706,652638,8,48,21021434,0.15485646388888888,7673.71735878406,7695.272041662174
2019,2019-05-22 22:40:52.447916,2019-05-22 23:59:39.177328,True,short,153898229,-24169429,0,3921609,3921609,50789361070,50943259299,1400362,160,73,178067658,1.312980392222222,7721.319814586909,7697.993913155415
2020,2019-05-22 23:59:39.177328,2019-05-23 07:44:22.722650,True,long,311743273,-31074668,-604,6730774,6730774,88662081339,88350338066,1400463,203,210,342817337,7.7454292561111115,7591.491084294362,7618.277583694062
2021,2019-05-23 07:44:22.722650,2019-05-23 09:11:21.777204,True,short,62791891,18323064,0,1400309,1400309,18423661691,18486453582,1400309,53,6,44468827,1.4497373761111112,7600.600920087748,7574.784388950951
2022,2019-05-23 09:11:21.777204,2019-05-23 10:02:25.770258,True,long,54696766,23190360,0,2800691,2800691,37279627390,37224930624,1400691,55,12,31506406,0.8511091816666667,7512.658242800103,7523.697030597856
2023,2019-05-23 10:02:25.770258,2019-05-23 12:25:54.882141,True,short,-489389,-6829740,1025,1865074,1865074,24521180160,24520690771,1400779,34,162,6341376,2.3914199675,7605.9716042639275,7606.123405812758
2024,2019-05-23 12:25:54.882141,2019-05-23 12:40:25.195983,True,long,57417901,-9230533,0,1400221,1400221,18522123388,18464705487,1400221,2,98,66648434,0.241753845,7559.721802237677,7583.229534778227
2025,2019-05-23 12:40:25.195983,2019-05-24 21:44:27.570604,True,short,-415410591,-35531677,1798834,5600177,5600177,71296254192,70880843601,2800177,307,169,-378080080,33.06732628361111,7854.798352966464,7900.832884445229
2026,2019-05-24 21:44:27.570604,2019-05-26 22:02:32.866316,True,long,-26922810,8668350,-33602,1400823,1400823,17331315354,17358238164,1400823,2,10,-35624762,48.301471031111106,8082.612146784898,8070.075930316634
2027,2019-05-26 22:02:32.866316,2019-06-04 00:05:52.014806,True,short,-951671345,4838644,67023533,20046335,20046335,237780224289,236828552944,4200637,484,562,-889486456,194.05531902500002,8430.614892361917,8464.49245701388
2028,2019-06-04 00:05:52.014806,2019-06-04 00:14:18.128726,True,long,143642746,3361158,0,2798520,2798520,35970733400,35827090654,2798520,2,37,140281588,0.1405872,7779.991497198665,7811.184075834392
2029,2019-06-04 00:14:18.128726,2019-06-04 04:03:21.310154,True,short,309572942,-24643107,1018,4313803,4313803,54183637538,54493210480,1513803,146,153,334217067,3.817550396666667,7961.449611009687,7916.221052131337
2030,2019-06-04 04:03:21.310154,2019-06-04 04:33:12.191905,True,long,55181623,403556,0,811991,811991,10324418657,10269237034,811991,16,26,54778067,0.4974671530555555,7864.762433374073,7907.023640720455
2031,2019-06-04 04:33:12.191905,2019-06-04 07:21:42.024838,True,short,350181050,-8874510,0,1400663,1400663,17607759104,17957940154,1400663,40,2,359055560,2.8082869258333334,7954.805558884593,7799.686311394754
2032,2019-06-04 07:21:42.024838,2019-06-04 07:38:08.152929,True,long,141454803,9052120,0,1399337,1399337,18024966498,17883511695,1399337,1,17,132402683,0.27392446972222223,7763.3264958093905,7824.732769857705
2033,2019-06-04 07:38:08.152929,2019-06-12 03:08:51.504390,True,short,321680386,-1348075,204042,3659552,3659552,46256767435,46578447821,1400663,28,135,323232503,187.5120420725,7911.3872475901,7856.749572385026
2034,2019-06-12 03:08:51.504390,2019-06-12 03:09:50.356862,True,long,4381,6282,0,337,337,4190595,4186214,337,1,1,-1901,0.016347908888888887,8041.817450743868,8050.233456770246
2035,2019-06-12 03:09:50.356862,2019-06-12 03:13:30.975986,True,short,13260,12363,0,663,663,8235786,8249046,663,1,1,897,0.06128309,8050.233456770246,8037.293039704227
2036,2019-06-12 03:13:30.975986,2019-06-12 03:30:09.898614,True,long,7692760,807673,0,248958,248958,3115933390,3108240630,248958,3,9,6885087,0.27747850777777777,7989.837035637017,8009.611533840609
2037,2019-06-12 03:30:09.898614,2019-06-15 06:57:57.730289,True,short,13351959,12982943,3441180,4905350,4905350,60978290622,60991642581,1400162,74,99,3810196,75.4632865763889,8044.420317401005,8042.6592766139165
2038,2019-06-15 06:57:57.730289,2019-06-16 04:53:29.916563,True,long,760968748,-4349975,-7077828,4200338,4200338,47815517322,47054548574,2800338,150,102,758240895,21.925607298333336,8784.46628887024,8926.529160925576
2039,2019-06-16 04:53:29.916563,2019-06-16 17:38:34.596306,True,short,94300168,-5791117,4606,6348702,6348702,68616369820,68710669988,3200662,188,155,100095891,12.751299928611111,9252.459750719001,9239.761453510453
2040,2019-06-16 17:38:34.596306,2019-06-17 04:58:02.251649,True,long,428612635,-13564248,-32474441,5947230,5947230,65901772087,65473159452,3200338,88,200,409702442,11.32434870638889,9024.385553925295,9083.462673525113
2041,2019-06-17 04:58:02.251649,2019-06-18 07:24:37.187516,True,short,184938352,41733585,7302,8360164,8360164,89273132160,89458070512,4800662,83,94,143212069,26.443037740833333,9364.703352198369,9345.343524795293
2042,2019-06-18 07:24:37.187516,2019-06-18 08:13:02.543435,True,long,30565540,-2766149,0,1600338,1600338,17578260718,17547695178,1600338,22,14,33331689,0.8070433108333334,9104.074775505329,9119.932753370284
2043,2019-06-18 08:13:02.543435,2019-06-18 17:29:02.428791,True,short,-52064552,5378432,5843,4800662,4800662,52421608170,52369543618,3200662,44,53,-57437141,9.266634821111111,9157.792306622401,9166.896765451205
2044,2019-06-18 17:29:02.428791,2019-06-19 07:18:57.676241,True,long,250067802,-126516,-5352,2547236,2547236,28375519685,28125451883,1600338,52,66,250188966,13.832013180555556,8976.878761260297,9056.69359765785
2045,2019-06-19 07:18:57.676241,2019-06-24 20:45:29.189270,True,short,-1265637210,-8855274,235877389,12489941,12489941,128101220548,126835583338,4800627,215,204,-1020904547,133.4420869525,9750.056202875892,9847.347779933305
2046,2019-06-24 20:45:29.189270,2019-06-26 16:45:15.650771,True,long,1728376960,-471814,-2904268,10254303,10254303,87310533043,85582156083,3600373,49,261,1725944506,43.996239305833335,11744.634516146874,11981.823629279785
2047,2019-06-26 16:45:15.650771,2019-06-26 17:03:48.561705,True,short,53144765,13438235,0,3600627,3600627,26893910083,26947054848,3599627,3,13,39706530,0.30914192611111113,13388.261464724701,13361.857243064309
2048,2019-06-26 17:03:48.561705,2019-06-27 02:26:09.424269,True,long,-95894307,-90635,-4362,1800373,1800373,13416057242,13511951549,1800373,12,48,-95808034,9.372461823333333,13419.53874767166,13324.300294232797
2049,2019-06-27 02:26:09.424269,2019-06-27 02:26:49.996928,True,short,-10032,7434,0,627,627,4961451,4951419,627,1,1,-17466,0.011270183055555556,12637.432073802604,12663.036596175763
2050,2019-06-27 02:26:49.996928,2019-06-27 02:35:50.192426,True,long,16412,4406,0,373,373,2945581,2929169,373,1,1,12006,0.150054305,12663.036596175763,12733.987011333249
2051,2019-06-27 02:35:50.192426,2019-06-27 05:13:35.581493,True,short,489505673,2099769,6845,3627113,3627113,28005948620,28495454293,3600627,52,66,487412749,2.6292747408333335,12951.223503315847,12728.742495925086
2052,2019-06-27 05:13:35.581493,2019-06-27 18:13:04.099459,True,long,11586864,47969886,-23214024,25806284,25806284,223710665122,223699078258,5400373,386,465,-59597046,12.991254990555555,11535.562681344054,11536.160184905504
2053,2019-06-27 18:13:04.099459,2019-06-28 05:19:46.708225,True,short,332829345,12415923,29018,3062749,3062749,27841377710,28174207055,1800627,72,49,320442440,11.111835768333332,11000.709203050426,10870.75492141122
2054,2019-06-28 05:19:46.708225,2019-06-28 06:01:32.958819,True,long,236918171,-2414406,0,1993712,1993712,18451552983,18214634812,1800373,50,58,239332577,0.6961807205555556,10805.11760628967,10945.66001777055
2055,2019-06-28 06:01:32.958819,2019-06-28 06:14:03.474830,True,short,2891147,-342477,0,1800627,1800627,15932656549,15935547696,1800627,36,146,3233624,0.20847666972222223,11301.486318130763,11299.435917423643
2056,2019-06-28 06:14:03.474830,2019-06-28 06:38:16.703891,True,long,34219769,-7968591,0,1800373,1800373,15967500304,15933280535,1800373,58,14,42188360,0.4036747391666667,11275.233854537586,11299.44957691037
2057,2019-06-28 06:38:16.703891,2019-06-28 10:24:54.202676,True,short,267746881,25722547,0,10913126,10913126,93472877020,93740623901,5400627,146,252,242024334,3.777082995833333,11675.17931181787,11641.83205301195
2058,2019-06-28 10:24:54.202676,2019-06-28 13:43:02.198117,True,long,9979322,3229070,-2174,1892192,1892192,16212408388,16202429066,1666965,57,65,6748078,3.302220955833333,11671.257932291855,11678.446437211516
2059,2019-06-28 13:43:02.198117,2019-07-01 05:13:24.977076,True,short,939962754,2152581,17421716,3600309,3600309,30580883249,31520846003,1800309,279,50,955231889,63.506327488611106,11773.070681723135,11421.993558349735
2060,2019-07-01 05:13:24.977076,2019-07-01 15:20:40.028085,True,long,-1940037516,21625803,-1642410,7200691,7200691,67025321306,68965358822,3600691,103,117,-1963305729,10.1208475025,10743.239808020742,10441.025933882293
2061,2019-07-01 15:20:40.028085,2019-07-01 16:14:47.340273,True,short,98441571,6303797,0,3347633,3347633,32678409829,32776851400,1800633,44,33,92137774,0.9020311633333333,10244.17350023314,10213.406282215381
2062,2019-07-01 16:14:47.340273,2019-07-01 16:20:52.172308,True,long,25690,5320,0,367,367,3559533,3533843,367,1,1,20370,0.10134223194444444,10310.341272296113,10385.294423096895
2063,2019-07-01 16:20:52.172308,2019-07-01 16:30:01.984993,True,short,27519545,9660983,0,968995,968995,9316491011,9344010556,968995,10,4,17858562,0.15272574583333334,10400.85799316401,10370.225870279935
2064,2019-07-01 16:30:01.984993,2019-07-01 16:32:02.769817,True,long,-5872,5305,0,367,367,3534210,3540082,367,1,1,-11177,0.03355134,10384.215991692627,10366.991499066971
2065,2019-07-01 16:32:02.769817,2019-07-01 16:47:02.231992,True,short,47475,9194,0,633,633,6105918,6153393,633,1,1,38281,0.24985060416666666,10366.991499066971,10287.007509515483
2066,2019-07-01 16:47:02.231992,2019-07-01 17:59:04.016903,True,long,-54412689,8792343,0,1800367,1800367,17495967607,17550380296,1800367,2,2,-63205032,1.200495808611111,10290.182517711608,10258.279134899038
2067,2019-07-01 17:59:04.016903,2019-07-01 19:57:34.884427,True,short,231838766,906738,0,1800633,1800633,17603794722,17835633488,1800633,55,49,230932028,1.975240978888889,10228.663924089582,10095.705326146586
2068,2019-07-01 19:57:34.884427,2019-07-01 20:02:07.948108,True,long,22888520,-847713,-2485242,174062,174062,1712853806,1689965286,174062,5,2,21250991,0.07585102249999999,10162.104867927064,10299.738192373734
2069,2019-07-01 20:02:07.948108,2019-07-01 20:02:57.371542,True,short,1511655,845196,0,173446,173446,1682482249,1683993904,173446,1,2,666459,0.013728731666666667,10308.934914652998,10299.68098981907
2070,2019-07-01 20:02:57.371542,2019-07-01 20:53:47.639730,True,long,113896,7922,0,554,554,5387096,5273200,554,1,1,105974,0.8472967188888889,10283.833813245577,10505.954638549647
2071,2019-07-01 20:53:47.639730,2019-07-02 04:27:02.591270,True,short,37922298,256012,1558,1800446,1800446,17142194344,17180116642,1800446,39,51,37667844,7.554153205555555,10503.007747256,10479.824075224693
2072,2019-07-02 04:27:02.591270,2019-07-02 04:32:41.617193,True,long,91195845,9139772,0,1800554,1800554,18222776287,18131580442,1800554,2,56,82056073,0.0941738675,9880.788589192649,9930.4856835822
2073,2019-07-02 04:32:41.617193,2019-07-02 04:36:33.023313,True,short,136139624,-5402942,0,1600446,1600446,16162704227,16298843851,1600446,25,11,141542566,0.06427947777777777,9902.092976040698,9819.383599418963
2074,2019-07-02 04:36:33.023313,2019-07-02 04:41:01.903279,True,long,69862335,-860094,0,1600554,1600554,16318651087,16248788752,1600554,22,74,70722429,0.07468887944444445,9808.126857219568,9850.297301717299
2075,2019-07-02 04:41:01.903279,2019-07-02 04:54:43.922792,True,short,164851290,-16228795,0,3200446,3200446,32393299248,32558150538,1600446,28,35,181080085,0.2283387536111111,9879.963061180313,9829.937963658665
2076,2019-07-02 04:54:43.922792,2019-07-02 04:56:26.047503,True,long,42658,8446,0,554,554,5652462,5609804,554,1,1,34212,0.02836797527777778,9801.038910124473,9875.567845151096
2077,2019-07-02 04:56:26.047503,2019-07-02 05:49:54.391979,True,short,131250398,-8081978,0,1600446,1600446,16116516196,16247766594,1600446,13,29,139332376,0.891206798888889,9930.471204423317,9850.25228384937
2078,2019-07-02 05:49:54.391979,2019-07-02 07:08:47.730901,True,long,152892482,1700827,0,1600554,1600554,16385648841,16232756359,1600554,30,28,151191655,1.3148163672222222,9768.02332047487,9860.026015314384
2079,2019-07-02 07:08:47.730901,2019-07-03 01:15:05.894379,True,short,-347405159,14059738,2004,6800304,6800304,62633674672,62286269513,5100446,175,103,-361462893,18.105045410555554,10857.264938727974,10917.821942411694
2080,2019-07-03 01:15:05.894379,2019-07-03 01:34:44.526775,True,long,40995787,-7334209,0,1699554,1699554,15134673367,15093677580,1699554,13,57,48329996,0.3273978877777778,11229.538681064289,11260.039118975272
2081,2019-07-03 01:34:44.526775,2019-07-16 16:19:00.870472,True,short,4670161310,118994448,60440620,37596033,37596033,335603440245,340273601555,4000874,617,663,4611607482,326.7378732491667,11202.517165066554,11048.765707416529
2082,2019-07-16 16:19:00.870472,2019-07-16 16:19:23.612924,True,long,59996880,-9240141,0,1999896,1999896,20220948456,20160951576,1999896,49,31,69237021,0.006317347777777778,9890.218573830482,9919.650828290843
2083,2019-07-16 16:19:23.612924,2019-07-16 17:04:09.687858,True,short,464433639,-7631229,0,3076095,3076095,30888870034,31353303673,2000104,53,63,472064868,0.7461319261111111,9958.587014073615,9811.071369327467
2084,2019-07-16 17:04:09.687858,2019-07-16 17:12:33.855359,True,long,314911183,6144206,0,4004870,4004870,42129674319,41814763136,4000170,31,146,308766977,0.14004652805555556,9506.05497131472,9577.6460265347
2085,2019-07-16 17:12:33.855359,2019-07-17 11:33:01.745356,True,short,1088119026,-6867330,2062060,4841771,4841771,50039836418,51127955444,2000406,267,76,1097048416,18.341080554722225,9675.83298945068,9469.909285348109
2086,2019-07-17 11:33:01.745356,2019-07-17 12:24:59.529488,True,long,94062400,-10882912,1603,2000650,2000650,21841058350,21746995950,2000650,62,61,104946915,0.8660511477777778,9160.041459254651,9199.661436456929
2087,2019-07-17 12:24:59.529488,2019-07-17 19:42:22.525291,True,short,-537379900,108881833,0,18971760,18971760,195161350093,194623970193,8000350,372,459,-646261733,7.289721056388889,9721.064130248848,9747.905143023516
2088,2019-07-17 19:42:22.525291,2019-07-17 19:46:05.202884,True,long,21308,11597,0,761,761,7742414,7721106,761,1,1,9711,0.061854886944444444,9828.97582071948,9856.100926473488
2089,2019-07-17 19:46:05.202884,2019-07-17 19:58:58.588428,True,short,20554,3652,0,239,239,2424894,2445448,239,1,1,16902,0.21482931777777778,9856.100926473488,9773.260359655982
2090,2019-07-17 19:58:58.588428,2019-07-18 02:38:57.004938,True,long,451834052,29544940,-194891,6000761,6000761,61949776864,61497942812,4000761,170,27,422094221,6.666226808333333,9686.493323734856,9757.66135518452
2091,2019-07-18 02:38:57.004938,2019-07-19 01:10:02.115428,True,short,548333116,32191320,-7314374,14017882,14017882,142491910472,143040243588,10001384,224,403,508827422,22.518086247222225,9837.6686462875,9799.956745302967
2092,2019-07-19 01:10:02.115428,2019-07-19 09:16:20.672660,True,long,-301426407,117580233,-3772581,18142119,18142119,173389189438,173690615845,8000616,214,438,-422779221,8.105154786666667,10463.23537171111,10445.077249417936
2093,2019-07-19 09:16:20.672660,2019-07-21 17:01:32.627516,True,short,44238866,26131025,13379017,2018408,2018408,19401195695,19445434561,2018408,9,3,31486858,55.75332079333333,10403.523740138224,10379.85545485388
2094,2019-07-21 17:01:32.627516,2019-07-24 06:07:09.419522,True,long,706080294,8815971,2282939,4000592,4000592,38645934974,37939854680,2000592,65,187,699547262,61.093553335,10351.908946416994,10544.563319344796
2095,2019-07-24 06:07:09.419522,2019-07-27 10:27:55.905488,True,short,-563583918,83662034,9743401,10036318,10036318,102053736663,101490152745,4000408,154,128,-637502551,76.34624610166667,9834.346421965662,9888.957429413711
2096,2019-07-27 10:27:55.905488,2019-07-27 10:28:27.217479,True,long,65986536,-10496307,0,1999592,1999592,21025709880,20959723344,1999592,1,143,76482843,0.008697775277777778,9510.223490252021,9540.164090822362
2097,2019-07-27 10:28:27.217479,2019-08-01 01:45:54.125961,True,short,-889848105,52976767,6603386,8631968,8631968,90108005291,89218157186,6000408,32,206,-936221486,111.29080791166666,9579.579496986338,9675.124741709547
2098,2019-08-01 01:45:54.125961,2019-08-02 07:07:35.478450,True,long,-163400092,19808256,-2001132,4000592,4000592,40067908672,40231308764,2000592,3,105,-185209480,29.3614868025,9984.529097211574,9943.976775569956
2099,2019-08-02 07:07:35.478450,2019-08-02 18:06:33.999058,True,short,-17972896,-9495627,389,2000408,2000408,19015873960,18997901064,2000408,51,43,-8476880,10.98292239111111,10519.674269023184,10529.62636904487
2100,2019-08-02 18:06:33.999058,2019-08-05 09:00:17.324920,True,long,292618521,10471187,-959463,1000592,1000592,9563836361,9271217840,1000592,3,7,281187871,62.895368295,10462.245089013397,10792.45485617885
2101,2019-08-05 09:00:17.324920,2019-08-05 11:11:01.563862,True,short,165180824,23963723,0,2000408,2000408,16975830870,17141011694,2000408,2,12,141217101,2.1789552616666668,11783.859154341351,11670.302988593246
2102,2019-08-05 11:11:01.563862,2019-08-05 17:12:54.551255,True,long,34415461,4314807,-501,457453,457453,3926813182,3892397721,457453,29,2,30100153,6.031385386944445,11649.471945772846,11752.473225744137
2103,2019-08-05 17:12:54.551255,2019-08-06 01:34:24.731685,True,short,137332932,24456128,3188329,2644165,2644165,22335794096,22473127028,2001408,28,4,116065133,8.358383452777778,11838.24039850694,11765.897094363187
2104,2019-08-06 01:34:24.731685,2019-08-06 08:44:30.973054,True,long,7467898,-1408893,-2483,328951,328951,2830952306,2823484408,328951,6,2,8874308,7.168400380277777,11619.800139437602,11650.533612580162
2105,2019-08-06 08:44:30.973054,2019-08-07 05:56:13.189098,True,short,623638640,25019888,17661054,2000424,2000424,16369469592,16993108232,2000424,2,2,616279806,21.19506001222222,12220.457045093486,11771.972335425775
2106,2019-08-07 05:56:13.189098,2019-08-08 03:13:26.534126,True,long,942010309,7197361,-17975179,8735877,8735877,75497611239,74555600930,6000576,134,361,916837769,21.287040285555555,11571.064112671269,11717.264552936922
2107,2019-08-08 03:13:26.534126,2019-08-08 06:12:05.778659,True,short,25831622,23180537,10449223,2000424,2000424,16691537856,16717369478,2000424,2,36,13100308,2.977567925833333,11984.659635666347,11966.140980688086
2108,2019-08-08 06:12:05.778659,2019-08-08 23:53:08.322738,True,long,-221984783,52410587,-31875151,10000576,10000576,84534856747,84756841530,6000576,123,39,-306270521,17.684040021944444,11830.121188860834,11799.137178159546
2109,2019-08-08 23:53:08.322738,2019-08-09 00:31:26.578056,True,short,37312,5300,0,424,424,3514960,3552272,424,1,1,32012,0.638404255,12062.726176115802,11936.022917164
2110,2019-08-09 00:31:26.578056,2019-08-14 05:23:34.683352,True,long,197340097,59705971,-63286208,8093152,8093152,68623222460,68425882363,6000576,58,179,74347918,124.86891813777778,11793.60529843588,11827.618030653586
2111,2019-08-14 05:23:34.683352,2019-08-14 08:39:40.446544,True,short,114350638,15973869,0,2000424,2000424,18904562373,19018913011,2000424,12,2,98376769,3.2682675533333336,10581.699594681222,10518.077446608077
2112,2019-08-14 08:39:40.446544,2019-08-14 12:48:14.055726,True,long,107764408,17963403,-547,4000576,4000576,38498858463,38391094055,2000576,53,90,89800458,4.142669217222222,10391.414602188332,10420.583467271548
2113,2019-08-14 12:48:14.055726,2019-08-15 02:13:11.594886,True,short,413981663,-553273,419,2276129,2276129,21633271126,22047252789,2000424,74,62,414535355,13.4159831,10521.427789366671,10323.866750126916
2114,2019-08-15 02:13:11.594886,2019-08-15 03:02:52.009275,True,long,-22464,8647,0,576,576,5753664,5776128,576,1,1,-31111,0.8278928858333333,10011.012113324658,9972.07818109294
2115,2019-08-15 03:02:52.009275,2019-08-15 03:08:35.634128,True,short,5936,6382,0,424,424,4251872,4257808,424,1,1,-446,0.09545134805555555,9972.07818109294,9958.175662218682
2116,2019-08-15 03:08:35.634128,2019-08-15 08:09:47.817367,True,long,-32956,8605,-587,576,576,5784192,5817148,576,1,1,-42148,5.020050899722222,9958.175662218682,9901.759418876742
2117,2019-08-15 08:09:47.817367,2019-08-18 20:10:54.594969,True,short,42511319,110459608,-5622174,21762452,21762452,213184554821,213227066140,10000424,338,450,-73570463,84.01854933388888,10208.268614146462,10206.23338019915
2118,2019-08-18 20:10:54.594969,2019-08-19 03:18:00.619864,True,long,8281,8325,0,576,576,5565888,5557607,576,1,1,-44,7.118340248611111,10348.75297526648,10364.172925505527
2119,2019-08-19 03:18:00.619864,2019-08-21 03:45:40.549386,True,short,48625871,61416836,9382584,14000424,14000424,131874671311,131923297182,6000424,91,342,-3408381,48.46109153388888,10616.46172143459,10612.54857865261
2120,2019-08-21 03:45:40.549386,2019-08-21 03:48:45.824916,True,long,16850886,-2154420,0,443217,443217,4328457222,4311606336,443217,1,2,19005306,0.051465425,10239.606799098914,10279.625862392275
2121,2019-08-21 03:48:45.824916,2019-08-21 04:20:44.541006,True,short,1039979,871573,412,66901,66901,650806568,651846547,66901,11,2,168818,0.5329766916666666,10279.705720486829,10263.30511496903
2122,2019-08-21 04:20:44.541006,2019-08-21 04:54:06.643914,True,long,39994400,-7693219,0,1999576,1999576,19623838864,19583844464,1999576,2,30,47687619,0.5561396966666667,10189.525168127166,10210.334358382595
2123,2019-08-21 04:54:06.643914,2019-08-21 10:44:49.187539,True,short,400011176,37513975,0,6000424,6000424,58893992994,59294004170,2000424,175,5,362497201,5.845151006944444,10188.516171099676,10119.7820656476
2124,2019-08-21 10:44:49.187539,2019-08-21 10:50:10.902219,True,long,29029832,-4944974,0,1000576,1000576,9935716680,9906686848,1000576,16,23,33974806,0.08936518888888889,10070.496494873885,10100.006342705787
2125,2019-08-21 10:50:10.902219,2019-08-21 13:57:47.071810,True,short,82256,6340,417,424,424,4186152,4268408,424,1,1,76333,3.1267137752777776,10128.633647320976,9933.445912387007
2126,2019-08-21 13:57:47.071810,2019-08-21 15:55:59.877903,True,long,18432,8684,0,576,576,5798592,5780160,576,1,1,9748,1.9702239147222222,9933.445912387007,9965.122072745391
2127,2019-08-21 15:55:59.877903,2019-08-21 16:06:17.617398,True,short,25189,6401,0,424,424,4254840,4280029,424,1,1,18788,0.17159430416666668,9965.122072745391,9906.474932763305
2128,2019-08-21 16:06:17.617398,2019-08-21 16:11:03.109476,True,long,90616507,8834164,0,1741717,1741717,17611547673,17520931166,1741717,4,54,81782343,0.07930335499999999,9889.630555696138,9940.778737718374
2129,2019-08-21 16:11:03.109476,2019-08-23 02:33:16.517808,True,short,211536437,32911906,1966685,6000424,6000424,59289551905,59501088342,2000424,126,30,180591216,34.370391203333334,10120.541996361373,10084.561757107364
2130,2019-08-23 02:33:16.517808,2019-08-23 06:42:41.900976,True,long,184093312,9989464,-1970567,2000576,2000576,19875722560,19691629248,2000576,2,21,172133281,4.15705088,10065.425264217412,10159.525018495819
2131,2019-08-23 06:42:41.900976,2019-08-25 03:28:17.965517,True,short,491783692,4928501,5824468,2000424,2000424,19572407972,20064191664,2000424,18,17,492679659,44.760017928055554,10220.633060897653,9970.120070120956
2132,2019-08-25 03:28:17.965517,2019-08-26 23:45:18.895460,True,long,1319205944,71227766,3536161,16005562,16005562,156118976924,154799770980,4000576,158,205,1251514339,44.28359165083333,10252.156602199384,10339.525632804654
2133,2019-08-26 23:45:18.895460,2019-08-27 02:26:29.263323,True,short,61800939,-4599740,0,2000424,2000424,19284321613,19346122552,2000424,43,97,66400679,2.6862132952777777,10373.317973765117,10340.180543274788
2134,2019-08-27 02:26:29.263323,2019-08-28 18:23:23.425759,True,long,-510459608,58194348,-14535867,9227107,9227107,92011748416,92522208024,4000576,145,215,-583189823,39.948378454444445,10028.183529654014,9972.856460155506
2135,2019-08-28 18:23:23.425759,2019-08-29 07:21:11.372467,True,short,601404130,62234643,881,12000424,12000424,124120361401,124721765531,4000424,465,72,539170368,12.96331853,9668.376618103624,9621.756033446509
2136,2019-08-29 07:21:11.372467,2019-08-29 08:27:13.168801,True,long,-178797523,3571630,0,4000576,4000576,42563317293,42742114816,4000576,35,208,-182369153,1.1004989816666666,9399.11702008701,9359.798917816841
2137,2019-08-29 08:27:13.168801,2019-09-04 15:22:45.853114,True,short,-154556232,-1563465,-11507922,6319928,6319928,61932039631,61777483399,2000424,347,477,-164500689,150.92574564249998,10204.617896738167,10230.148028500464
2138,2019-09-04 15:22:45.853114,2019-09-05 10:26:07.173597,True,long,146112758,-9534277,-2344,2000576,2000576,19163515200,19017402442,2000576,39,49,155644691,19.05592235638889,10439.50433477883,10519.71217468544
2139,2019-09-05 10:26:07.173597,2019-09-05 17:57:56.606852,True,short,4487310,-99350,401,249704,249704,2342278370,2346765680,249704,28,7,4587061,7.530398126388889,10660.731158098855,10640.346504470783
2140,2019-09-05 17:57:56.606852,2019-09-06 04:34:52.316976,True,long,96282608,-1396987,-2829888,2000576,2000576,19035477760,18939195152,2000576,72,64,94849707,10.615475034444444,10509.723082463888,10563.152150574555
2141,2019-09-06 04:34:52.316976,2019-09-08 15:18:35.268741,True,short,838141206,62649013,13993154,6000424,6000424,56213366087,57051507293,2000424,50,4,789485347,58.728597712500004,10674.372338267905,10517.555599685671
2142,2019-09-08 15:18:35.268741,2019-09-09 11:21:37.487753,True,long,-1086644730,48517386,-10771311,12000576,12000576,116769218613,117855863343,8000576,155,111,-1145933427,20.050616392222224,10277.174192432223,10182.41745433938
2143,2019-09-09 11:21:37.487753,2019-09-11 06:42:35.814138,True,short,57914452,3598691,19256669,8000424,8000424,77066043373,77123957825,4000424,107,274,73572430,43.349535106944444,10381.256971086359,10373.461406316255
2144,2019-09-11 06:42:35.814138,2019-09-11 07:07:01.617942,True,long,40008258,-10031346,0,2000576,2000576,20105767488,20065759230,2000576,18,22,50039604,0.4071677233333333,9950.259303426397,9970.098699325417
2145,2019-09-11 07:07:01.617942,2019-09-19 23:04:43.337948,True,short,-273092726,-17355962,2003188,7733212,7733212,77500154469,77227061743,3733212,230,370,-253733576,207.96158889055556,9978.31817624735,10013.603813822365
2146,2019-09-19 23:04:43.337948,2019-09-23 07:30:24.509975,True,long,-48257541,14733386,-1976132,4000576,4000576,39128023672,39176281213,2000576,33,402,-64967059,80.42810334083333,10224.32421717944,10211.729842985902
2147,2019-09-23 07:30:24.509975,2019-09-24 03:20:34.318940,True,short,258446594,17824042,2019461,4000424,4000424,40355371902,40613818496,2000424,61,34,242642013,19.836058045833333,9912.990046813917,9849.908597966469
2148,2019-09-24 03:20:34.318940,2019-09-24 19:45:00.887980,True,long,-1187712,9807,-1186,576,576,5944896,7132608,576,1,1,-1198705,16.407380288888888,9688.983625617673,8075.5874989905515
2149,2019-09-25 00:11:51.126085,2019-10-10 10:55:25.803972,True,short,2042109037,92335091,13336638,48560503,48560503,589385787601,591427896638,6557503,1115,1439,1963110584,370.72629941305553,8239.171018639203,8210.722435658596
2150,2019-10-10 10:55:25.803972,2019-10-13 01:26:45.796533,True,long,55823110,-4060080,-1189248,4000497,4000497,47023774188,46967951078,4000497,220,204,58693942,62.52222015583333,8507.39241815449,8517.503761993677
2151,2019-10-13 01:26:45.796533,2019-10-13 21:04:51.627490,True,short,295645809,30171403,6966152,2000503,2000503,23954024922,24249670731,2000503,2,49,272440558,19.634953043611112,8351.427396916022,8249.608921256902
2152,2019-10-13 21:04:51.627490,2019-10-17 16:09:29.390981,True,long,-2777457,45297961,-13262192,4000497,4000497,48409471345,48412248802,4000497,70,3,-61337610,91.07715652527777,8263.87252091567,8263.39841464818
2153,2019-10-17 16:09:29.390981,2019-10-25 15:59:18.162368,True,short,-1548324116,46079068,-10209535,14000503,14000503,179633871352,178085547236,6000503,247,359,-1604612719,191.83021427416665,7793.910410451175,7861.672784398642
2154,2019-10-25 15:59:18.162368,2019-10-25 16:05:32.412455,True,long,202088526,-11974404,0,2000497,2000497,24073990898,23871902372,2000497,11,48,214062930,0.1039583575,8309.785479590739,8380.132294552432
2155,2019-10-25 16:05:32.412455,2019-10-25 16:23:58.881673,True,short,158054198,-11900575,0,2000503,2000503,23757952628,23916006826,2000503,71,22,169954773,0.30735256055555554,8420.350992881018,8364.70324897707
2156,2019-10-25 16:23:58.881673,2019-10-27 15:40:56.011308,True,long,246733572,-10816213,-11130495,2000497,2000497,21767935174,21521201602,2000497,47,259,246419290,47.28253600972222,9190.109139930866,9295.47075017452
2157,2019-10-27 15:40:56.011308,2019-10-28 06:35:16.612710,True,short,788921563,-9432553,1037,9005139,9005139,93069330192,93858251755,4000503,191,278,798355153,14.905722611666667,9675.732039139633,9594.40308296631
2158,2019-10-28 06:35:16.612710,2019-11-02 19:44:34.840505,True,long,-528078682,-38938721,-32803002,12870499,12870499,137374767575,137902846257,6000497,395,765,-521942963,133.1550632763889,9368.89592404466,9333.019114061026
2159,2019-11-02 19:44:34.840505,2019-11-13 04:10:44.372264,True,short,1443476420,10566914,26831313,19099053,19099053,212325932226,213769408646,4000512,756,701,1459740819,248.43598104416668,8995.157962933583,8934.418222407043
2160,2019-11-13 04:10:44.372264,2019-11-14 04:45:10.834672,True,long,109456907,-1782440,-1739,2000488,2000488,22936330288,22826873381,2000488,229,259,111237608,24.574017335555556,8721.918349103258,8763.740730542233
2161,2019-11-14 04:45:10.834672,2019-11-15 03:56:54.309861,True,short,-99247415,9704957,1187,2000512,2000512,23093240887,22993993472,2000512,18,63,-108951185,23.195409774722222,8662.759851633293,8700.150334634312
2162,2019-11-15 03:56:54.309861,2019-11-16 06:02:19.896826,True,long,214124782,-11644720,-4588483,2000488,2000488,23419712528,23205587746,2000488,68,150,221181019,26.09044082361111,8541.89818772655,8620.716794147258
2163,2019-11-16 06:02:19.896826,2019-11-18 00:37:23.454074,True,short,23991296,-11804782,3013,2000512,2000512,23622047744,23646039040,2000512,126,198,35799091,42.584321457777776,8468.833954110223,8460.241466301833
2164,2019-11-18 00:37:23.454074,2019-11-19 00:37:39.350613,True,long,-140212768,-11825058,-2322,2000488,2000488,23603755960,23743968728,2000488,135,147,-128390032,24.004415705277776,8475.29521738031,8425.246945515602
2165,2019-11-19 00:37:39.350613,2019-11-21 08:46:32.377398,True,short,736731318,-10532998,17297245,12467485,12467485,153641737226,154378468544,4000703,521,616,764561561,56.148062995833335,8114.647246965776,8075.922191472313
2166,2019-11-21 08:46:32.377398,2019-11-21 12:59:34.443901,True,long,46780443,-6983662,-378,1999297,1999297,25262975565,25216195122,1999297,87,166,53763727,4.217240695277778,7913.941074977246,7928.622816912227
2167,2019-11-21 12:59:34.443901,2019-11-22 11:35:25.256742,True,short,3208514430,-26266058,2636649,8000703,8000703,103876937198,107085451628,4000703,449,379,3237417137,22.59744801138889,7702.0975163619305,7471.325822851579
2168,2019-11-22 11:35:25.256742,2019-11-22 15:38:17.114839,True,long,-10395,6252,121,297,297,4163346,4173741,297,1,1,-16526,4.047738360277778,7133.685261806249,7115.91830925781
2169,2019-11-22 15:38:17.114839,2019-11-23 08:46:34.869088,True,short,-294915481,-31904457,-6115834,4606653,4606653,63976728809,63681813328,4000703,218,530,-269126858,17.138265069166668,7200.51350820543,7233.859652006045
2170,2019-11-23 08:46:34.869088,2019-11-23 10:47:55.025438,True,long,233952798,-13929541,0,2001297,2001297,28068002425,27834049627,2000297,66,108,247882339,2.022265652777778,7130.172534891392,7190.1035847068115
2171,2019-11-23 10:47:55.025438,2019-11-25 02:06:17.033622,True,short,2928625677,-27581776,-3483348,8000703,8000703,110579765373,113508391050,4000703,321,53,2952724105,39.306113384444444,7235.2323890474745,7048.556433573022
2172,2019-11-25 02:06:17.033622,2019-11-25 12:22:05.013114,True,long,116148203,-15224724,-703,2000297,2000297,30516430943,30400282740,2000297,38,21,131372224,10.263327636666666,6554.81961090485,6579.863145049157
2173,2019-11-25 12:22:05.013114,2019-11-25 12:44:29.399833,True,short,-898711226,-2968475,0,5292460,5292460,75302496204,74403784978,5292460,131,326,-895742751,0.3734407552777778,7028.266348119904,7113.159635043963
2174,2019-11-25 12:44:29.399833,2019-11-25 13:10:21.288927,True,long,218160,3877,0,540,540,7645860,7427700,540,1,1,214283,0.43108030388888885,7062.645667066883,7270.0836059614685
2175,2019-11-25 13:10:21.288927,2019-11-25 23:14:54.874705,True,short,153547356,-6135610,-1373,887436,887436,12206682180,12360229536,887436,51,2,159681593,10.075996049444445,7270.0836059614685,7179.76957802671
2176,2019-11-25 23:14:54.874705,2019-11-27 11:41:05.243634,True,long,470278060,-31989319,5168472,9196728,9196728,129844669488,129374391428,2000565,380,174,507435851,36.436213591388885,7082.869120668788,7108.6154674731
2177,2019-11-27 11:41:05.243634,2019-12-01 15:20:33.375063,True,short,2332101539,34519731,-5882248,23566848,23566848,312797216956,315129318495,6000435,1698,854,2291699560,99.65781428583334,7534.225601283102,7478.468875111639
2178,2019-12-01 15:20:33.375063,2019-12-04 13:28:06.191777,True,long,799433270,14152,-5079786,9154523,9154523,126491766222,125692332952,2086615,415,459,794339332,70.12578242055555,7237.248141458716,7283.2787688776325
2179,2019-12-04 13:28:06.191777,2019-12-05 14:12:48.617587,True,short,120832768,18128746,-3373781,20346833,20346833,274375567184,274496399952,3751038,675,451,99330241,24.745118280555555,7415.686902746386,7412.422532156328
2180,2019-12-05 14:12:48.617587,2019-12-06 08:36:44.216019,True,long,-174176630,-14953183,13,3205709,3205709,43445294836,43619471466,2500334,57,155,-159223434,18.39877734222222,7378.725388102693,7349.2614473762
2181,2019-12-06 08:36:44.216019,2019-12-18 15:25:54.199645,True,short,4932912011,485107154,18722960,65857828,65857828,925488327914,930421239925,7500939,2533,1204,4466527817,294.8194398961111,7116.008491262114,7078.280801640847
2182,2019-12-18 15:25:54.199645,2019-12-18 15:26:28.896431,True,long,557593,535200,0,24600,24600,360360193,359802600,24600,1,2,22393,0.009637996111111113,6826.503170398735,6837.082333479525
2183,2019-12-18 15:26:28.896431,2019-12-19 01:02:54.400134,True,short,-16836324,60976630,1003,3415452,3415452,50007543450,49990707126,2570709,9,20,-77811951,9.607084361944445,6829.873583802285,6832.173810607362
2184,2019-12-19 01:02:54.400134,2019-12-24 14:32:21.443204,True,long,391051564,64213042,-19415886,21500478,21500478,300475962168,300084910604,5000531,828,477,307422636,133.49084529722222,7155.473550985354,7164.798108883456
2185,2019-12-24 14:32:21.443204,2019-12-24 19:26:45.154882,True,short,550014148,17048712,0,2500522,2500522,33814560050,34364574198,2500522,175,10,532965436,4.906586577222222,7394.8086158820215,7276.452737614683
2186,2019-12-24 19:26:45.154882,2019-12-26 00:14:50.858042,True,long,-66860554,-6090760,-7169303,2505254,2505254,34801204966,34868065520,2505254,215,106,-67939097,28.801584211111113,7198.756486873306,7184.952656931912
2187,2019-12-26 00:14:50.858042,2019-12-27 16:43:10.173672,True,short,-19952545,-17353130,3487936,2500746,2500746,34757854480,34737901935,2500746,39,69,888521,40.47203211944444,7194.765147080505,7198.897632560779
2188,2019-12-27 16:43:10.173672,2020-01-02 03:55:58.175565,True,long,-142912721,68742104,-17237346,10000254,10000254,138350757607,138493670328,2500254,141,605,-228892171,131.21333385916665,7228.1888245287255,7220.729998934973
2189,2020-01-02 03:55:58.175565,2020-01-03 00:48:32.056067,True,short,1148848214,-9701515,5644888,6518196,6518196,92304840315,93453688529,4018196,190,69,1164194617,20.876077917222222,7061.597179255139,6974.787301174647
2190,2020-01-03 00:48:32.056067,2020-01-03 08:45:09.549927,True,long,-49425571,18148319,-12,2500804,2500804,36299129174,36348554745,2500804,2,262,-67573902,7.943748294444444,6889.432493028655,6880.064468984157
2191,2020-01-03 08:45:09.549927,2020-01-03 08:46:25.813622,True,short,13287957,17178187,0,2499196,2499196,34363153023,34376440980,2499196,1,76,-3890230,0.021184359722222223,7272.894889264772,7270.0836059614685
2192,2020-01-03 08:46:25.813622,2020-01-03 09:53:05.180758,True,long,73661,5474,0,804,804,11059020,10985359,804,1,1,68187,1.1109353155555555,7270.0836059614685,7318.832274848733
2193,2020-01-03 09:53:05.180758,2020-01-03 10:36:31.368179,True,short,-5925052,17084669,0,2500196,2500196,34161116916,34155191864,2500196,2,95,-23009721,0.7239409502777778,7318.835640379739,7320.105271126402
2194,2020-01-03 10:36:31.368179,2020-01-05 12:18:45.033956,True,long,1685939374,-40166306,-21810390,12500804,12500804,171314107511,169628168137,5000804,432,691,1704295290,49.70379604916666,7297.007923995593,7369.533101308823
2195,2020-01-05 12:18:45.033956,2020-01-07 00:56:44.708031,True,short,-1039704515,37560465,5998644,7500196,7500196,98091451334,97051746819,3000196,376,190,-1071266336,36.63324279861111,7646.126036469722,7728.038129996515
2196,2020-01-07 00:56:44.708031,2020-01-07 01:08:14.967103,True,long,85488828,-9519594,0,1499804,1499804,19082006292,18996517464,1499804,32,46,95008422,0.19173863111111109,7859.781498074353,7895.152376440866
2197,2020-01-07 01:08:14.967103,2020-01-07 01:40:26.483757,True,short,3332,1243,0,196,196,2482536,2485868,196,1,1,2089,0.5365324038888889,7895.152376440866,7884.569896712134
2198,2020-01-07 01:40:26.483757,2020-01-07 02:14:45.236912,True,long,27336,15275,0,804,804,10197132,10169796,804,1,1,12061,0.5718758763888888,7884.569896712134,7905.763301446755
2199,2020-01-07 02:14:45.236912,2020-01-07 13:35:19.364124,True,short,24696,3737,496,196,196,2479204,2503900,196,1,1,21455,11.342813114444445,7905.763301446755,7827.788649706458
2200,2020-01-07 13:35:19.364124,2020-01-07 18:50:11.125973,True,long,373818972,9831496,0,4500804,4500804,57769221757,57395402785,4500804,46,157,363987476,5.247711624722222,7791.00680797146,7841.750003671483
2201,2020-01-07 18:50:11.125973,2020-01-08 19:50:19.348100,True,short,2193288352,-14784917,16379214,15792052,15792052,191549412768,193742701120,6000196,417,511,2224452483,25.002283924166665,8244.375052784395,8151.043579297859
2202,2020-01-08 19:50:19.348100,2020-01-08 20:54:06.230210,True,long,408613049,-5006518,-1883912,4500408,4500408,56662190321,56253577272,4500408,112,87,411735655,1.0630228083333333,7942.523884983088,8000.216551988171
2203,2020-01-08 20:54:06.230210,2020-01-08 21:14:32.216262,True,short,128675205,-4505258,0,1514846,1514846,18852868753,18981543958,1514846,34,30,133180463,0.3405516811111111,8035.095453358774,7980.625829763178
2204,2020-01-08 21:14:32.216262,2020-01-08 21:25:43.883562,True,long,33456,7651,0,408,408,5117136,5083680,408,1,1,25805,0.18657425,7973.210014351778,8025.6821829855535
2205,2020-01-08 21:25:43.883562,2020-01-09 16:11:57.563530,True,short,560866228,-28331211,3776765,7500592,7500592,93442620603,94003486831,6000592,382,226,592974204,18.770466657777778,8026.949535016777,7979.057216765381
2206,2020-01-09 16:11:57.563530,2020-01-10 12:49:16.488077,True,long,346712282,14505648,-3791857,11841783,11841783,150262904905,149916192623,6000355,457,226,328414777,20.62192348527778,7880.7094854759225,7898.935260301725
2207,2020-01-10 12:49:16.488077,2020-01-10 14:02:36.394247,True,short,226821643,14596487,0,6000645,6000645,75999337905,76226159548,6000645,348,133,212225156,1.2221961583333334,7895.654311490018,7872.159683213954
2208,2020-01-10 14:02:36.394247,2020-01-10 14:37:24.716603,True,long,93815352,26791512,0,1500355,1500355,19108396898,19014581546,1500355,2,14,67023840,0.5800895433333334,7851.809903305056,7890.549662480592
2209,2020-01-10 14:37:24.716603,2020-01-10 16:58:36.550451,True,short,339488613,-32738457,0,9917383,9917383,123714952266,124054440879,7960840,283,293,372227070,2.35328718,8016.317202044096,7994.3796689013325
2210,2020-01-10 16:58:36.550451,2020-01-14 04:03:04.066391,True,long,679305672,-18287479,-7425001,6201270,6201270,77278824235,76599518563,3000355,257,38,690168150,83.07430998333334,8024.539790023631,8095.703623645763
2211,2020-01-14 04:03:04.066391,2020-01-14 12:46:01.095269,True,short,83850,3746,757,645,645,7535535,7619385,645,1,1,80861,8.715841355,8559.445347941453,8465.250148141877
2212,2020-01-14 12:46:01.095269,2020-01-14 16:11:08.288444,True,long,83859937,-7139720,0,1215038,1215038,14353211894,14269351957,1215038,44,33,90999657,3.4186647708333333,8465.269021130498,8515.018787548714
2213,2020-01-14 16:11:08.288444,2020-01-14 18:11:36.464213,True,short,-165765,11089,0,645,645,7476195,7310430,645,1,1,-176854,2.0078266025000002,8627.383314640669,8823.010411152285
2214,2020-01-14 18:11:36.464213,2020-01-14 18:12:14.933212,True,long,5325,6031,0,355,355,4023570,4018245,355,1,1,-706,0.010685833055555555,8823.010411152285,8834.702712253733
2215,2020-01-14 18:12:14.933212,2020-01-14 18:37:14.670642,True,short,90300,11018,0,645,645,7300755,7391055,645,1,1,79282,0.41659373055555554,8834.702712253733,8726.764988218867
2216,2020-01-14 18:37:14.670642,2020-01-16 02:21:18.396520,True,long,22280962,-12811666,-4266,2220332,2220332,25650892332,25628611370,1336040,66,59,35088362,31.734368299444444,8655.963976855852,8663.48928525658
2217,2020-01-16 02:21:18.396520,2020-01-17 03:32:45.911152,True,short,93522620,-10634821,3878,1843709,1843709,21252423968,21345946588,1500645,47,24,104161319,25.190976286666668,8675.288064910112,8637.279178035953
2218,2020-01-17 03:32:45.911152,2020-01-17 06:15:50.111073,True,long,125459252,8691651,-64973,1500355,1500355,17108762860,16983303608,1500355,22,2,116702628,2.7178333113888886,8769.51192951423,8834.294166967942
2219,2020-01-17 06:15:50.111073,2020-01-24 06:51:29.787785,True,short,5563594785,25352948,85014641,49892605,49892605,566595843111,572159437896,6000273,2461,2243,5623256478,168.59435464222224,8805.677910740636,8720.052785193915
2220,2020-01-24 06:51:29.787785,2020-01-24 12:14:18.790522,True,long,-80962015,17997266,-867,3000727,3000727,36017724181,36098686196,3000727,2,12,-98960148,5.380278538055555,8331.250983322643,8312.56568094299
2221,2020-01-24 12:14:18.790522,2020-01-28 06:37:14.689461,True,short,-1351473774,31548382,6917612,6000273,6000273,70404261804,69052788030,3000273,533,9,-1376104544,90.38219414972221,8522.59912433184,8689.40005346805
2222,2020-01-28 06:37:14.689461,2020-01-29 14:43:39.140976,True,long,1947013335,35707082,-27446850,7500727,7500727,83096077697,81149064362,4500727,93,113,1883859403,32.1067920875,9026.571660037327,9243.146620323076
2223,2020-01-29 14:43:39.140976,2020-02-06 11:57:03.601498,True,short,1039054771,129445533,135915419,36071956,36071956,384849350965,385888405736,7500749,877,866,1045524657,189.2234612561111,9373.00684269065,9347.768801501155
2224,2020-02-06 11:57:03.601498,2020-02-06 12:07:00.297205,True,long,81011295,-15448797,-37204087,3000251,3000251,30964090320,30883079025,3000251,185,94,59256005,0.16574880749999998,9689.453069648584,9714.870067104652
2225,2020-02-06 12:07:00.297205,2020-02-10 07:14:44.179725,True,short,149595581,146054542,131189605,33936045,33936045,343157092678,343306688259,7500749,759,452,134730644,91.12885625555555,9889.361381157214,9885.052100819461
2226,2020-02-10 07:14:44.179725,2020-02-11 15:16:41.627626,True,long,-51491452,-29446935,-23329482,16500651,16500651,167641578207,167693069659,6000251,530,1010,-45373999,32.032624416944444,9842.81535433016,9839.79304186732
2227,2020-02-11 15:16:41.627626,2020-02-11 15:40:04.794878,True,short,-99081345,-7523818,0,1500561,1500561,15119646465,15020565120,1500561,21,28,-91557527,0.3897686811111111,9924.577294010161,9990.04357034471
2228,2020-02-11 15:40:04.794878,2020-02-12 13:31:54.286596,True,long,817270503,12867121,-30940161,10500439,10500439,102442299731,101625029228,4500439,251,256,773463221,21.863747699444446,10250.100815359252,10332.532329650629
2229,2020-02-12 13:31:54.286596,2020-02-15 16:06:26.178933,True,short,666893192,52912707,116098905,31609256,31609256,307626791247,308293684439,6000561,651,1082,730079390,74.57552564916666,10275.196081546834,10252.969034224348
2230,2020-02-15 16:06:26.178933,2020-02-15 16:17:34.463184,True,long,14487,6564,0,439,439,4383415,4368928,439,1,1,7923,0.18563451416666668,10015.0225338007,10048.23151125402
2231,2020-02-15 16:17:34.463184,2020-02-15 16:29:45.188019,True,short,42636,8406,0,561,561,5583072,5625708,561,1,1,34230,0.20297912083333333,10048.23151125402,9972.07818109294
2232,2020-02-15 16:29:45.188019,2020-02-15 16:31:31.868884,True,long,-21072,6620,0,439,439,4402292,4423364,439,1,1,-27692,0.02963357361111111,9972.07818109294,9924.573243350536
2233,2020-02-15 16:31:31.868884,2020-02-18 05:21:08.909308,True,short,-308809107,132777407,104957835,58360464,58360464,597485248342,597176439235,12000241,2034,896,-336628679,60.82695567333334,9767.68282764272,9772.733846425926
2234,2020-02-18 05:21:08.909308,2020-02-18 09:06:00.262093,True,long,-40986,11653,0,759,759,7748631,7789617,759,1,1,-52639,3.747597995833333,9795.278675678323,9743.739647276625
2235,2020-02-18 09:06:00.262093,2020-03-09 15:10:59.434891,True,short,4114780317,24268420,413288785,89513175,89513175,998858616289,1002973396606,12000874,3172,2503,4503800682,486.08310355500004,8961.546062701344,8924.780587691264
2236,2020-03-09 15:10:59.434891,2020-03-09 20:36:26.109934,True,long,790218151,-7377161,-161,6000126,6000126,77395317217,76605099066,3000126,183,202,797595151,5.424076400833333,7752.569813981024,7832.541270954461
2237,2020-03-09 20:36:26.109934,2020-03-11 19:05:22.319171,True,short,1819386364,-51617602,4165613,12503504,12503504,156216737190,158036123554,6000874,784,163,1875169579,46.48228034361111,8003.946456001383,7911.801250761271
2238,2020-03-11 19:05:22.319171,2020-03-12 10:48:12.744702,True,long,40980430,-20530523,-1915375,3204079,3204079,41089627346,41048646916,3000126,336,225,59595578,15.714007091944445,7797.780624826989,7805.565446667889
2239,2020-03-12 10:55:54.033785,2020-03-12 10:57:46.030114,True,short,14389249,260489,0,32361,32361,499394952,513784201,32361,2,1,14128760,0.03111009138888889,6480.041472265422,6298.558799008302
2240,2020-03-12 10:57:46.030114,2020-03-12 11:05:47.552268,True,long,-1757778481,25225577,0,5967639,5967639,95123183965,96880962446,5967639,88,165,-1783004058,0.1337561538888889,6273.590465806692,6159.764363743055
2241,2020-03-12 11:05:47.552268,2020-03-12 11:27:48.139595,True,short,51258155,-1573961,0,193427,193427,3122298634,3173556789,193427,1,5,52832116,0.36682981305555556,6195.019204559534,6094.959468519534
2242,2020-03-12 11:27:48.139595,2020-03-12 11:51:14.136881,True,long,-1872727575,-8418015,0,3006573,3006573,49651050851,51523778426,3006573,15,59,-1864309560,0.3905548016666667,6055.406579454996,5835.311562637299
2243,2020-03-12 11:51:14.136881,2020-03-12 11:51:31.873192,True,short,35384642,4472732,0,260866,260866,4440461052,4475845694,260866,8,1,30911910,0.004926753055555556,5874.750323111268,5828.306376819432
2244,2020-03-12 12:19:33.454101,2020-03-12 12:26:09.260600,True,short,341328286,1658454,0,1500000,1500000,24228671714,24570000000,1500000,15,1,339669832,0.10994624972222221,6191.012110388447,6105.006105006105
2245,2020-03-12 12:33:52.603063,2020-03-12 12:37:42.147796,True,long,-10962716,429404,0,51956,51956,865950652,876913368,51956,2,7,-11392120,0.06376242583333333,5999.880002399952,5924.872615238773
2246,2020-03-12 12:51:43.293931,2020-03-12 13:01:47.202062,True,long,438000000,13051515,0,1500000,1500000,25884000000,25446000000,1500000,1,40,424948485,0.16775225861111112,5795.0857672693555,5894.836123555765
2247,2020-03-12 14:35:03.422929,2020-03-12 20:45:57.527596,True,short,1749630274,-57381602,-84177145,8064476,8064476,132513909161,134263539435,4500573,309,609,1722834731,6.181695740833333,6085.758129889542,6006.452707813646
2248,2020-03-12 20:45:57.527596,2020-03-12 22:05:52.182128,True,long,733724638,15588554,0,3553528,3553528,62297139466,61563414828,3000427,102,22,718136084,1.331848481111111,5704.159180437834,5772.142448446183
2249,2020-03-12 22:05:52.182128,2020-03-12 23:26:33.608606,True,short,3104467187,40474484,0,7500573,7500573,129504187335,132608654522,3000573,136,128,3063992703,1.3448406883333335,5791.760988081104,5656.171557607986
2250,2020-03-12 23:26:33.608606,2020-03-13 00:31:48.180387,True,long,351430087,19983558,0,7195817,7195817,155020859322,154669429235,3937383,195,207,331446529,1.0873810502777779,4641.837899410222,4652.384789670941
2251,2020-03-13 00:31:48.180387,2020-03-13 00:48:31.772645,True,short,904661694,19891151,0,1200483,1200483,25587837413,26492499107,1200483,17,42,884770543,0.2787756272222222,4691.615710322162,4531.407154724793
2252,2020-03-13 00:48:31.772645,2020-03-13 01:02:07.839889,True,long,545016,16187,0,480,480,11063520,10518504,480,1,1,528829,0.22668534555555556,4338.583018786065,4563.386580449082
2253,2020-03-13 01:02:07.839889,2020-03-13 02:01:05.275130,True,short,6156068281,23700990,0,2399520,2399520,52741386714,58897454995,2399520,44,56,6132367291,0.9826209002777778,4549.5959615393585,4074.063981548444
2254,2020-03-13 02:01:05.275130,2020-03-13 03:13:43.705932,True,long,2334166,4323,0,480,480,12151680,9817514,480,1,1,2329843,1.2106752227777777,3950.071101279823,4889.221446488388
2255,2020-03-13 03:13:43.705932,2020-03-13 03:47:56.221922,True,short,1244330203,22401926,0,2226259,2226259,44551840973,45796171176,2225259,34,131,1221928277,0.5701433305555555,4997.007870784043,4861.233904127549
2256,2020-03-13 03:47:56.221922,2020-03-13 05:07:58.253506,True,long,-215996652,5163730,1788871,4025952,4025952,87492650161,87708646813,2125952,169,104,-219371511,1.3338976622222223,4601.47451539258,4590.142644183722
2257,2020-03-13 05:07:58.253506,2020-03-13 05:31:46.259437,True,short,-1749258464,51687616,0,3899110,3899110,82759804316,81010545852,3029110,106,27,-1800946080,0.39666831416666665,4711.357200788092,4813.089405820537
2258,2020-03-13 05:31:46.259437,2020-03-13 05:41:38.569212,True,long,118307607,-6245545,0,600890,600890,12623852623,12505545016,600890,8,6,124553152,0.16453049305555553,4759.957343808101,4804.988500950593
2259,2020-03-13 05:41:38.569212,2020-03-13 15:33:33.768427,True,short,-6086197330,17557662,-275509438,8014933,8014933,160208911417,154122714087,4009670,157,87,-6379264430,9.865333115277778,5002.80098598156,5200.358070177565
2260,2020-03-13 15:33:33.768427,2020-03-13 15:34:31.896811,True,long,177830188,-4970751,0,499523,499523,10030421840,9852591652,499523,1,7,182800939,0.016146773333333333,4980.0796812749,5069.965524234435
2261,2020-03-13 15:34:31.896811,2020-03-15 22:07:19.363455,True,short,-3064354140,-101122617,-1037764281,15489994,15489994,295942019981,292877665841,4621994,636,466,-4000995804,54.54651851222222,5234.131334575091,5288.895606129743
2262,2020-03-15 22:07:19.363455,2020-03-15 22:09:34.258943,True,long,137987856,-8775214,0,999912,999912,17619449352,17481461496,999912,11,19,146763070,0.037470968888888886,5675.046819136258,5719.8421323571465
2263,2020-03-15 22:09:34.258943,2020-03-15 22:17:39.638377,True,short,62365,816,0,88,88,1538504,1600869,88,1,1,61549,0.13482762055555556,5719.8421323571465,5497.014434035515
2264,2020-03-15 22:17:39.638377,2020-03-15 22:27:51.508781,True,long,15191804,14267908,0,999912,999912,18188603084,18173411280,999912,11,17,923896,0.16996400111111112,5497.464513256625,5502.060040320619
2265,2020-03-15 22:27:51.508781,2020-03-16 10:04:36.674235,True,short,4632130098,-57905685,-3137625,9007202,9007202,177075747617,181707877715,3000933,520,413,4686898158,11.612545959444445,5086.637849177304,4956.968356719987
2266,2020-03-16 10:04:36.674235,2020-03-16 11:28:14.396182,True,long,141856273,10948642,0,999375,999375,22110172500,21968316227,999375,1,1,130907631,1.3938116519444443,4519.97830410414,4549.165214454285
2267,2020-03-16 11:28:14.396182,2020-03-19 14:01:20.193242,True,short,-1957295317,69576561,-300947080,28728696,28728696,567572133311,565614837994,4043450,943,1067,-2327818958,74.55161029444444,5061.681910351678,5079.1977278900085
2268,2020-03-19 14:01:20.193242,2020-03-19 15:51:10.927172,True,long,334872771,-6177239,0,1000471,1000471,17205072055,16870199284,1000471,122,46,341050010,1.830759425,5814.977099786403,5930.404159178278
2269,2020-03-19 15:51:10.927172,2020-03-19 18:08:44.652009,True,short,-147252372,-30361391,0,4000529,4000529,64292420360,64145167988,3000529,172,231,-116890981,2.292701343611111,6222.396011223989,6236.6802137744835
2270,2020-03-19 18:08:44.652009,2020-03-19 18:15:06.823063,True,long,91050678,-8041366,0,1000471,1000471,16175563128,16084512450,1000471,2,65,99092044,0.10615862611111111,6185.076785785457,6220.089064620669
2271,2020-03-19 18:15:06.823063,2020-03-19 19:01:31.683533,True,short,77194894,-7993377,0,1000529,1000529,15982437550,16059632444,1000529,70,70,85188271,0.7735723527777778,6260.177753674376,6230.08654456351
2272,2020-03-19 19:01:31.683533,2020-03-19 19:07:53.687419,True,long,107554115,-3468229,0,1000471,1000471,16322181489,16214627374,1000471,94,84,111022344,0.10611219055555556,6129.517679203892,6170.175711865237
2273,2020-03-19 19:07:53.687419,2020-03-20 18:41:06.476215,True,short,-2911573572,-34342604,-100260665,14075423,14075423,220015726398,217104152826,8346450,558,837,-2977491633,23.55355244333333,6397.462231648887,6483.258296436581
2274,2020-03-20 18:41:06.476215,2020-03-20 21:04:23.936208,True,long,-2348179056,17507266,13666274,3005607,3005607,48847344413,51195523469,3005607,118,106,-2352020048,2.388183331388889,6153.061207560962,5870.839472556541
2275,2020-03-20 21:04:23.936208,2020-03-21 08:27:34.975176,True,short,-303796707,-10932898,-23925,5214961,5214961,84931342067,84627545360,3016462,324,118,-292887734,11.386399713333333,6140.20792923072,6162.250101684859
2276,2020-03-21 08:27:34.975176,2020-03-21 15:01:19.042938,True,long,172400746,-4921625,484,1000538,1000538,16960085142,16787684396,1000538,43,6,177322855,6.5622410449999995,5899.368969099483,5959.952405576543
2277,2020-03-21 15:01:19.042938,2020-03-21 17:57:23.210970,True,short,812150612,-32345525,0,4000462,4000462,64315457604,65127608216,3000462,332,92,844496137,2.9344911199999997,6220.063028442477,6142.497950688139
2278,2020-03-21 17:57:23.210970,2020-03-21 19:32:31.122338,True,long,636150171,-7312591,0,1638715,1638715,27006664666,26370514495,1638715,119,121,643462762,1.5855309355555556,6067.81703800343,6214.194267277985
2279,2020-03-21 19:32:31.122338,2020-03-22 20:02:01.912883,True,short,5821376380,-59180306,-88796750,13149164,13149164,207965555642,213786932022,7149164,747,432,5791759936,24.4918862625,6322.760497240939,6150.592964516124
2280,2020-03-22 20:02:01.912883,2020-03-22 21:14:52.522469,True,long,276665364,10694624,0,991755,991755,17095800207,16819134843,991755,20,53,265970740,1.2140582183333333,5801.161618594014,5896.587483587249
2281,2020-03-22 21:14:52.522469,2020-03-22 21:22:29.329731,True,short,43281909,-813773,0,441022,441022,7313418575,7356700484,441022,73,88,44095682,0.12689090611111112,6030.312575128383,5994.83424612941
2282,2020-03-22 21:22:29.329731,2020-03-22 21:35:04.709593,True,long,120846586,23170543,0,1000734,1000734,16740032513,16619185927,1000734,65,2,97676043,0.20982773944444444,5978.088747574704,6021.558483043259
2283,2020-03-22 21:35:04.709593,2020-03-22 22:05:46.255897,True,short,239397386,823280,0,6001333,6001333,99033941632,99273339018,6001333,287,213,238574106,0.51154064,6059.874928840397,6045.261556994525
2284,2020-03-22 22:05:46.255897,2020-03-23 13:26:19.409652,True,long,2468725522,-13164908,50607360,6722667,6722667,113611447228,111142721706,3002431,353,351,2532497790,15.342542709722222,5917.24440100537,6048.679478790449
2285,2020-03-23 13:26:19.409652,2020-03-30 17:57:19.905126,True,short,6578826503,28814173,-396263625,22688695,22688695,351482308143,358061134646,8006315,621,829,6153748705,172.51680429833334,6455.145671448459,6336.542228307286
2286,2020-03-30 17:57:19.905126,2020-03-31 00:41:13.940840,True,long,187690,16020,3716,685,685,10774365,10586675,685,1,1,175386,6.731676587222223,6357.683260219976,6470.397929472662
2287,2020-03-31 00:41:13.940840,2020-04-16 10:37:56.667900,True,short,-7484803625,578084103,-742591644,60363488,60363488,879915201772,872430398147,10000831,1776,1667,-8805479372,393.9452019611111,6860.148327752285,6919.003295645031
2288,2020-04-16 10:37:56.667900,2020-04-20 10:32:09.237136,True,long,660729928,41975633,24077907,3000768,3000768,43100684276,42439954348,3000768,28,2,642832202,95.90349145444445,6962.228211469335,7070.620235342954
2289,2020-04-20 10:32:09.237136,2020-04-21 17:55:39.990883,True,short,1808884499,102297329,-42736015,6000232,6000232,85525852391,87334736890,6000232,54,4,1663851155,31.39187604083333,7015.693889338439,6870.384240760263
2290,2020-04-21 17:55:39.990883,2020-04-22 17:51:57.229502,True,long,1010758,1525151,6503,209572,209572,3033708514,3032697756,209572,1,20,-507890,23.93812183861111,6908.112596607889,6910.4149790520705
2291,2020-04-22 17:51:57.229502,2020-04-25 21:19:29.975719,True,short,-342026736,147738927,3426,12000428,12000428,164229727995,163887701259,6000428,29,232,-489762237,75.4590961713889,7307.098505555191,7322.348112647646
2292,2020-04-25 21:19:29.975719,2020-04-26 15:10:38.777874,True,long,68854019,36616682,6261417,6001572,6001572,79060213247,78991359228,6001572,206,26,38498754,17.852445043055553,7591.140667999317,7597.757601153707
2293,2020-04-26 15:10:38.777874,2020-04-26 18:45:51.591455,True,short,-593296129,50634675,0,4009826,4009826,53204333463,52611037334,4009826,148,42,-643930804,3.586892661388889,7536.653011147225,7621.644056443344
2294,2020-04-26 18:45:51.591455,2020-04-28 11:53:12.332217,True,long,912443416,51767368,-6319640,12000174,12000174,156644493906,155732050490,6000426,531,427,854356408,41.122427989444446,7660.769747324233,7705.654656342283
2295,2020-04-28 11:53:12.332217,2020-04-29 06:39:21.859349,True,short,-260626935,26803455,-587,4007129,4007129,51611906267,51351279332,3639889,119,272,-287430977,18.769313092222223,7763.962406794704,7803.367417767375
2296,2020-04-29 06:39:21.859349,2020-04-29 13:10:09.628119,True,long,1662896648,52294593,-88,6007795,6007795,75525123599,73862226951,6007795,118,77,1610601967,6.513269102777778,7954.69734269928,8133.7853568719975
2297,2020-04-29 13:10:09.628119,2020-04-30 12:25:24.123511,True,short,346704675,34230983,15548516,23000348,23000348,263469476174,263816180849,8000322,554,424,328022208,23.254026497777776,8729.796078848298,8718.323465217878
2298,2020-04-30 12:25:24.123511,2020-04-30 19:25:17.828598,True,long,337946148,-21254417,0,8005920,8005920,91837221028,91499274880,8005920,167,244,359200565,6.998251413055555,8717.511168547986,8749.708684030174
2299,2020-04-30 19:25:17.828598,2020-04-30 22:47:12.278870,True,short,256623484,-5880629,6772112,5994080,5994080,68012725120,68269348604,5994080,146,151,269276225,3.3651250755555555,8813.174283818493,8780.045690444449
2300,2020-04-30 22:47:12.278870,2020-05-06 13:22:36.166948,True,long,4360708660,58002150,-35911748,29534943,29534943,337395205148,333034496488,8002695,668,733,4266794762,134.58996891055554,8753.81230952715,8868.43354411011
2301,2020-05-06 13:22:36.166948,2020-05-07 17:05:31.878632,True,short,-1238398449,89597672,71954,16031898,16031898,174463459162,173225060713,7032244,184,221,-1327924167,27.715475467777775,9189.258356452397,9254.953027011326
2302,2020-05-07 17:05:31.878632,2020-05-09 10:33:48.891228,True,long,-53037,14838,-4817,955,955,9866105,9919142,955,1,1,-72692,41.471392387777776,9679.605072113058,9627.848860314733
2303,2020-05-09 10:33:48.891228,2020-05-10 00:19:23.323442,True,short,2534571302,-11703909,4128987,4000045,4000045,41407246444,43941817746,2000721,225,57,2550404198,13.759564503888889,9660.25356312872,9103.048542783878
2304,2020-05-10 00:19:23.323442,2020-05-10 01:48:11.780128,True,long,732404462,-11712824,0,3999279,3999279,47119542670,46387138208,3999279,135,111,744117286,1.4801268572222224,8487.516587350614,8621.525609248036
2305,2020-05-10 01:48:11.780128,2020-05-10 03:14:22.009900,True,short,118244,4268,0,721,721,8359274,8477518,721,1,1,113976,1.4361749366666665,8625.150940141453,8504.847763225038
2306,2020-05-10 03:14:22.009900,2020-05-10 08:05:58.737346,True,long,874445657,-23981444,73410,6085645,6085645,70966544265,70092098608,4085645,134,71,898500511,4.860202068333334,8575.371765708733,8682.35524525358
2307,2020-05-10 08:05:58.737346,2020-05-10 11:42:39.613727,True,short,579244809,-6653362,0,6000069,6000069,68011199435,68590444244,2000069,166,258,585898171,3.611354550277778,8822.17789106104,8747.674790756091
2308,2020-05-10 11:42:39.613727,2020-05-11 18:04:14.284473,True,long,-1738206638,4408077,-6178349,14001155,14001155,158242081569,159980288207,8001043,458,226,-1748793064,30.35963076277778,8847.934039527232,8751.800085447885
2309,2020-05-11 18:04:14.284473,2020-05-11 21:44:27.477178,True,short,-1003215507,-4216141,5287080,6131541,6131541,72524809425,71521593918,6131541,45,103,-993712286,3.670331306944444,8454.404842443335,8572.99266432716
2310,2020-05-11 21:44:27.477178,2020-05-14 00:02:21.103107,True,long,298582854,4597769,1159739,1370501,1370501,16000599175,15702016321,1370501,28,51,295144824,50.29822942472222,8565.310492505354,8728.184788389764
2311,2020-05-14 00:02:21.103107,2020-05-19 08:09:47.346514,True,short,-2748229644,74875330,17866198,22500499,22500499,235844036116,233095806472,12000499,410,610,-2805238776,128.12395650194443,9540.414661549092,9652.89738179087
2312,2020-05-19 08:09:47.346514,2020-05-19 15:49:52.475766,True,long,-15030,7761,-515,501,501,5166813,5181843,501,1,1,-23306,7.668091458888888,9696.49956365752,9668.374746205163
2313,2020-05-19 15:49:52.475766,2020-06-02 00:59:42.012557,True,short,4332565099,65163632,41334025,34597284,34597284,375661656094,379994221193,10507589,1263,624,4308735492,321.16376021972223,9209.692668591892,9104.686879548086
2314,2020-06-02 00:59:42.012557,2020-06-02 14:50:24.501647,True,long,-4526035489,69462822,-100607470,6000052,6000052,59316104167,63842139656,6000052,49,2,-4696105781,13.845135858333334,10115.384488346213,9398.262702863694
2315,2020-06-02 14:50:24.501647,2020-06-11 12:28:43.957385,True,short,-845995796,144941309,140122051,28311916,28311916,293235780646,292389784850,10500009,661,360,-850815054,213.638737705,9655.00047014341,9682.936089755805
2316,2020-06-11 12:28:43.957385,2020-06-11 12:54:33.685889,True,long,-1248503,-293330,0,58649,58649,599392780,600641283,58649,1,49,-955173,0.43048013999999996,9784.735812133073,9764.397096894187
2317,2020-06-11 12:54:33.685889,2020-06-11 16:42:11.818416,True,short,608173529,10935203,0,4500351,4500351,46425043561,47033217090,4500351,3,101,597238326,3.7939257019444446,9693.800274170517,9568.452422440916
2318,2020-06-11 16:42:11.818416,2020-06-11 17:00:48.062738,True,long,-910546935,41656605,0,3880563,3880563,41877144759,42787691694,3818313,66,4,-952203540,0.31006786722222224,9266.54150451843,9069.34411828568
2319,2020-06-11 17:00:48.062738,2020-06-11 17:02:25.928711,True,short,-23524662,3726368,0,681687,681687,7440981153,7417456491,681687,1,29,-27251030,0.027184992499999998,9161.251533679299,9190.306688379333
2320,2020-06-11 17:02:25.928711,2020-06-11 17:03:50.803518,True,long,15436605,-2802056,0,524885,524885,5717572305,5702135700,524885,19,20,18238661,0.02357633527777778,9180.207472688882,9205.059781372793
2321,2020-06-11 17:03:50.803518,2020-06-15 16:32:15.735473,True,short,3971595147,42635611,33282338,24445711,24445711,260778451317,264750046464,11928091,1015,432,3962241874,95.47359220972221,9374.12998525864,9233.505839374446
2322,2020-06-15 16:32:15.735473,2020-06-22 17:51:41.002125,True,long,651172138,127074482,-62280236,12000260,12000260,128278618229,127627446091,6000213,76,618,461817420,169.32368518111113,9354.840397935543,9402.57003297211
2323,2020-06-22 17:51:41.002125,2020-06-27 22:55:27.090133,True,short,6069772352,127642326,109118807,21552602,21552602,228874209383,234943981735,10500917,1005,473,6051248833,125.06280222444444,9416.789273942919,9173.506740134248
2324,2020-06-27 22:55:27.090133,2020-06-28 14:23:37.562416,True,long,83274707,16758886,15,3000083,3000083,33474183391,33390908684,3000083,2,290,66515836,15.469575634166667,8962.378454336287,8984.730030535398
2325,2020-06-28 14:23:37.562416,2020-06-28 19:47:00.717596,True,short,7336,15064,0,917,917,10039316,10046652,917,1,1,-7728,5.389765327777778,9134.088417975887,9127.418765972983
2326,2020-06-28 19:47:00.717596,2020-06-30 21:58:50.820039,True,long,70729567,-2631276,-103972,478839,478839,5304272056,5233542489,478839,45,59,73256871,50.19725067861111,9027.421575376298,9149.424142565704
2327,2020-06-30 21:58:50.820039,2020-07-06 06:24:08.000854,True,short,-722078189,293934751,72800976,35004588,35004588,382804403000,382082324811,20000277,713,681,-943211964,128.4214391152778,9144.249054000562,9161.530310860438
2328,2020-07-06 06:24:08.000854,2020-07-14 05:27:54.455455,True,long,-763455826,53015326,-30044973,9000574,9000574,96190652669,96954108495,6000574,368,136,-846516125,191.06290405583331,9357.015209130268,9283.334290536193
2329,2020-07-14 05:27:54.455455,2020-07-21 07:38:32.730470,True,short,-52824,6920,9392,426,426,4639566,4586742,426,1,1,-50352,170.17729861527778,9181.89330639978,9287.638153617536
2330,2020-07-21 07:38:32.730470,2020-07-27 17:20:10.265584,True,long,1676116933,47562051,-19030188,18000451,18000451,190863353923,189187236990,7500451,406,216,1609524694,153.69375975388888,9431.067111637325,9514.622279171752
2331,2020-07-27 17:20:10.265584,2020-07-28 08:54:17.674522,True,short,202327935,-12599007,64563841,10500549,10500549,96415753251,96618081186,7500549,240,137,279490783,15.568724705,10890.905942168834,10868.099294774169
2332,2020-07-28 08:54:17.674522,2020-07-28 10:43:53.683065,True,long,104086604,5751008,0,10500356,10500356,97870923753,97766837149,10500356,84,258,98335596,1.8266690397222223,10728.77990454048,10740.202205781801
2333,2020-07-28 10:43:53.683065,2020-07-30 20:19:46.634011,True,short,959503777,-7390696,374460340,51899855,51899855,471845071471,472804575248,19500854,1142,996,1341354813,57.59804192944444,10999.342398173128,10977.020468293267
2334,2020-07-30 20:19:46.634011,2020-08-01 07:59:32.799889,True,long,2908525053,27779668,-62185331,9000471,9000471,81430220160,78521695107,9000471,266,27,2818560054,35.662823855,11052.986203789234,11462.400280247684
2335,2020-08-01 07:59:32.799889,2020-08-02 04:38:52.869760,True,short,-61458174,43519437,12670480,7945474,7945474,67247004779,67185546605,7880474,424,12,-92307131,20.655574964166668,11815.3574662722,11826.165598850232
2336,2020-08-02 04:38:52.869760,2020-08-02 05:35:52.828460,True,long,1050817072,58699518,0,8999526,8999526,80140779030,79089961958,8999526,49,152,992117554,0.9499885277777779,11229.646266142616,11378.84729895194
2337,2020-08-02 05:35:52.828460,2020-08-03 12:13:01.615624,True,short,3488695501,32071359,4397,20076252,20076252,178267796508,181756492009,15414352,582,236,3456628539,30.619107545555554,11261.85008917135,11045.686334552434
2338,2020-08-03 12:13:01.615624,2020-08-05 15:13:05.627072,True,long,3631847041,114820717,-54491363,18387150,18387150,164387429449,160755582408,13382150,519,218,3462534961,51.001114291111115,11185.253070524153,11437.95426856975
2339,2020-08-05 15:13:05.627072,2020-08-07 17:12:52.009620,True,short,3337569952,257309886,47035054,39000285,39000285,331261260080,334598830032,15000285,1038,305,3127295120,49.99621737444444,11773.270738202646,11655.834240744396
2340,2020-08-07 17:12:52.009620,2020-08-11 16:51:55.151937,True,long,-3701347098,121850962,-127897198,18000715,18000715,153765172377,157466519475,12000715,714,132,-3951095258,95.65087286583334,11706.626878982723,11431.455435742875
2341,2020-08-11 16:51:55.151937,2020-08-11 20:35:05.651959,True,short,56100,3790,250,285,285,2498595,2554695,285,1,1,52560,3.7195833394444446,11406.410402646286,11155.930551396546
2342,2020-08-11 20:35:05.651959,2020-08-11 23:58:09.698155,True,long,1105292892,71706395,0,10016924,10016924,89579891605,88474598713,9000715,38,189,1033586497,3.3844572766666663,11182.112213496912,11321.807779534089
2343,2020-08-11 23:58:09.698155,2020-08-12 02:23:18.801491,True,short,425976500,25826360,0,6000285,6000285,52621970160,53047946660,6000285,60,149,400150140,2.419195371111111,11402.623242261365,11311.059857712502
2344,2020-08-12 02:23:18.801491,2020-08-12 09:46:59.090100,True,long,1019760849,79058980,-5276414,7000016,7000016,62236091376,61216330527,7000016,15,17,935425455,7.394524613611111,11247.51867483022,11434.883371378462
2345,2020-08-12 09:46:59.090100,2020-08-13 21:02:05.688161,True,short,1149369464,128879751,45064575,21008639,21008639,181947792881,183097162345,21000639,520,489,1065554288,35.25183279472222,11546.520387713832,11474.038554685281
2346,2020-08-13 21:02:05.688161,2020-08-13 22:16:32.889903,True,long,5643,1262,0,99,99,844569,838926,99,1,1,4381,1.2408893727777779,11721.955222131051,11800.80245456691
2347,2020-08-13 22:16:32.889903,2020-08-17 19:15:46.644569,True,short,-328865,11205,17318,901,901,7635074,7306209,901,1,1,-322752,92.98715407388889,11800.80245456691,12331.976815883587
2348,2020-08-17 19:15:46.644569,2020-08-17 19:36:50.623522,True,long,1584,1203,0,99,99,802791,801207,99,1,1,381,0.35110526472222225,12331.976815883587,12356.357345854442
2349,2020-08-17 19:36:50.623522,2020-08-18 01:48:04.113037,True,short,-88448652,77538913,3460,9000901,9000901,72777617045,72689168393,9000901,63,52,-165984105,6.187080420833333,12367.677543542743,12382.726613868912
2350,2020-08-18 01:48:04.113037,2020-08-18 17:54:14.492420,True,long,-1066855686,91667678,-66584725,7500099,7500099,60749438678,61816294364,7500099,7,2,-1225108089,16.102883161944444,12345.956050316741,12132.883533646167
2351,2020-08-18 17:54:14.492420,2020-08-19 06:21:54.136537,True,short,2231082929,19275229,40424859,21001230,21001230,175197355743,177428438672,18001230,526,355,2252232559,12.461012254722224,11987.184344726676,11836.450885319213
2352,2020-08-19 06:21:54.136537,2020-08-19 07:13:04.096675,True,long,205485219,12973829,0,3000770,3000770,25832020209,25626534990,3000770,2,49,192511390,0.852766705,11616.474343553344,11709.620520959865
2353,2020-08-19 07:13:04.096675,2020-08-19 20:18:04.707241,True,short,511188327,85561880,5063696,10500174,10500174,88969316820,89480505147,10500174,193,14,430690143,13.083502935,11802.01711702882,11734.594013243608
2354,2020-08-19 20:18:04.707241,2020-08-25 07:36:11.164586,True,long,2577730412,132881339,-96319093,33340712,33340712,285675124611,283097394199,10502858,726,561,2348529980,131.30179370694444,11670.848851610584,11777.117233570698
2355,2020-08-25 07:36:11.164586,2020-08-25 18:10:50.788953,True,short,1950034410,69193668,6456122,10500142,10500142,91056325856,93006360266,10500142,260,92,1887296864,10.577673435277777,11531.479994707157,11289.703166503226
2356,2020-08-25 18:10:50.788953,2020-08-25 18:48:33.445996,True,long,320477478,21568004,0,4806659,4806659,42979509513,42659032035,3000812,3,51,298909474,0.6285158452777778,11183.605989142643,11267.623222337375
2357,2020-08-25 18:48:33.445996,2020-08-26 14:08:36.131529,True,short,-1696555264,29993154,10269297,23053147,23053147,203027478177,201330922913,23000147,769,158,-1716279121,19.33407931472222,11354.693072581138,11450.375663336043
2358,2020-08-26 14:08:36.131529,2020-08-26 15:10:09.332503,True,long,-46208800,-16250704,0,3727451,3727451,32486344018,32532552818,3727451,147,53,-29958096,1.0258891594444444,11473.90115038706,11457.603775679207
2359,2020-08-26 15:10:09.332503,2020-08-27 13:18:11.394483,True,short,-159260829,2234300,19753446,10500549,10500549,91714289842,91555029013,7500549,189,265,-141741683,22.133906105555557,11449.196213686799,11469.112197549537
2360,2020-08-27 13:18:11.394483,2020-08-27 17:51:00.847069,True,long,-1762720383,14387462,0,22716682,22716682,198610760550,200373480933,13631682,131,258,-1777107845,4.547070162777778,11437.790146461428,11337.169916010944
2361,2020-08-27 17:51:00.847069,2020-08-28 07:57:00.454341,True,short,-309030197,-13327534,2667362,3000877,3000877,26842733765,26533703568,3000877,32,51,-293035301,14.09989090888889,11179.476078225745,11309.680129309569
2362,2020-08-28 07:57:00.454341,2020-08-28 09:16:51.054641,True,long,6765,1615,0,123,123,1080432,1073667,123,1,1,5150,1.3307223055555555,11384.335154826958,11456.065986940084
2363,2020-08-28 09:16:51.054641,2020-08-28 14:39:37.768894,True,short,21048,11498,764,877,877,7655333,7676381,877,1,1,10314,5.379642848055555,11456.065986940084,11424.654404204273
2364,2020-08-28 14:39:37.768894,2020-08-28 15:43:57.187626,True,long,9963,1607,0,123,123,1076619,1066656,123,1,1,8356,1.0720607588888889,11424.654404204273,11531.365313653136
2365,2020-08-28 15:43:57.187626,2020-08-29 14:06:11.285677,True,short,57005,11450,2290,877,877,7605344,7662349,877,1,1,47845,22.370582791944443,11531.365313653136,11445.576284765937
2366,2020-08-29 14:06:11.285677,2020-08-30 08:19:41.775996,True,long,99106234,3231690,-726736,837418,837418,7315134632,7216028398,837418,23,26,95147808,18.225136199722222,11447.74555941488,11604.970959262015
2367,2020-08-30 08:19:41.775996,2020-09-03 15:09:02.852710,True,short,14643303592,203883066,243195098,86159779,86159779,750288518980,764931822572,24010268,1860,608,14682615624,102.82252130944445,11483.552902706313,11263.72004112695
2368,2020-09-03 15:09:02.852710,2020-09-03 15:45:55.969014,True,long,389879400,3747689,0,6458855,6458855,60644021725,60254142325,6458855,123,214,386131711,0.6147545288888889,10650.439756928901,10719.354306235244
2369,2020-09-03 15:45:55.969014,2020-09-03 15:48:48.195218,True,short,2754,-31925,0,7145,7145,66555675,66558429,7145,1,2,34679,0.047840612222222224,10735.373054213635,10734.928854766089
2370,2020-09-03 15:48:48.195218,2020-09-04 09:47:53.156189,True,long,-962476895,20818937,-9759713,18310430,18310430,172639438127,173601915022,12000863,278,630,-993055545,17.984711380833332,10606.16867075886,10547.366368441028
2371,2020-09-04 09:47:53.156189,2020-09-04 18:24:43.725908,True,short,1120289164,29906337,-38329791,15000246,15000246,143176104327,144296393491,12000246,398,215,1052053036,8.614047144166667,10476.780375125258,10395.440687805956
2372,2020-09-04 18:24:43.725908,2020-09-04 20:00:43.173129,True,long,555979245,941026,3096798,5687516,5687516,54249755253,53693776008,5687516,84,116,558135017,1.5998464502777778,10483.947758797458,10592.505170715875
2373,2020-09-04 20:00:43.173129,2020-09-05 18:19:42.412062,True,short,9112165464,-38215734,3215694,53903465,53903465,517731261453,526843426917,21915259,1731,1197,9153596892,22.316455259166666,10411.475800924452,10231.401256239278
2374,2020-09-05 18:19:42.412062,2020-09-05 19:45:18.694044,True,long,-1695989214,6904236,0,9095675,9095675,89950663118,91646652332,9000675,87,140,-1702893450,1.4267449950000002,10111.848745426167,9924.721491244356
2375,2020-09-05 19:45:18.694044,2020-09-23 19:49:21.714604,True,short,-9772320667,284025022,-19363601,123067817,123067817,1192139692762,1182367372095,30284820,3076,2333,-10075709290,432.06750571111115,10323.271487997454,10408.593801259922
2376,2020-09-23 19:49:21.714604,2020-09-23 20:53:22.401358,True,long,-655,73,8,5,5,48565,49220,5,1,1,-720,1.0668574316666666,10295.480284155256,10158.472165786266
2377,2020-09-23 20:53:22.401358,2020-09-24 19:20:27.304540,True,short,-3851391053,3574580,-3704828,12000995,12000995,117699794780,113848403727,12000995,287,135,-3858670461,22.451361995,10196.275212231089,10541.206206788365
2378,2020-09-24 19:20:27.304540,2020-09-25 00:03:25.809007,True,long,373141918,992859,615619,3280155,3280155,30914662798,30541520880,3280155,69,15,372764678,4.716251240833333,10610.353479942234,10739.985781611804
2379,2020-09-25 00:03:25.809007,2020-09-25 09:48:58.855062,True,short,133510,11882,792,845,845,7855120,7988630,845,1,1,122420,9.759179459722223,10757.314974182444,10577.533319229955
2380,2020-09-25 09:48:58.855062,2020-09-25 12:07:45.589402,True,long,190723828,-14427668,-2880561,3062146,3062146,28956520140,28765796312,3062146,60,132,202270935,2.312981761111111,10574.97926268429,10645.093800940907
2381,2020-09-25 12:07:45.589402,2020-09-25 14:10:28.320844,True,short,78568,12065,0,854,854,8003688,8082256,854,1,1,66503,2.0452031783333333,10670.081092616303,10566.356720202873
2382,2020-09-25 14:10:28.320844,2020-09-25 19:00:42.264173,True,long,245060434,-9292359,0,1976287,1976287,18715437014,18470376580,1976287,70,18,254352793,4.8372064802777786,10559.662585071603,10699.765602721674
2383,2020-09-25 19:00:42.264173,2020-10-08 13:26:32.542095,True,short,2163367811,-23480079,8723270,21001177,21001177,196276882454,198440250265,9001177,509,209,2195571160,306.4306327561111,10699.771026229691,10583.123621319124
2384,2020-10-08 13:26:32.542095,2020-10-12 10:45:01.760680,True,long,244388,7806,-5485,571,571,5326288,5081900,571,1,1,231097,93.30811627361112,10720.41166380789,11235.955056179775
2385,2020-10-12 10:45:01.760680,2020-10-12 13:35:05.922253,True,short,-134529487,-14558922,17670,9000429,9000429,80076801887,79942272400,9000429,318,132,-119952895,2.8344893258333332,11239.745828886764,11258.660443082426
2386,2020-10-12 13:35:05.922253,2020-10-15 10:29:06.970506,True,long,-500437357,48218035,-56204034,15000257,15000257,131651231817,132151669174,12000257,178,130,-604859426,68.90029118138888,11393.935926745375,11350.788903203053
2387,2020-10-15 10:29:06.970506,2020-10-15 12:24:36.190419,True,short,-37893,9821,289,743,743,6566634,6528741,743,1,1,-47425,1.9247833091666666,11314.777098891152,11380.448389666553
2388,2020-10-15 12:24:36.190419,2020-10-16 04:23:19.423484,True,long,-350272154,1006935,-20828514,12000757,12000757,105458494186,105808766340,12000757,438,130,-372107603,15.97867585138889,11379.602081965953,11341.930744601477
2389,2020-10-16 04:23:19.423484,2020-10-21 03:33:03.319514,True,short,-14562913208,116449934,41212455,37745342,37745342,325991550460,311428637252,30000915,741,453,-14638150687,119.16219334166666,11578.625871357193,12120.061383262402
2390,2020-10-21 03:33:03.319514,2020-10-21 14:21:41.858046,True,long,542878720,-34065437,-7669035,8352601,8352601,68412338433,67869459713,8352601,424,188,569275122,10.810705147777778,12209.202596078727,12306.862372738335
2391,2020-10-21 14:21:41.858046,2020-10-21 20:59:24.477060,True,short,-363954756,-9896725,7539658,10000399,10000399,78343157287,77979202531,10000399,81,110,-346518373,6.6285052816666665,12764.865938916446,12824.443794516137
2392,2020-10-21 20:59:24.477060,2020-10-21 22:50:28.178279,True,long,1526230874,9395490,0,14066604,14066604,109565841786,108039610912,9066604,391,133,1516835384,1.8510281163888889,12838.493978328006,13019.858069886493
2393,2020-10-21 22:50:28.178279,2020-10-21 23:05:17.506177,True,short,11070,1412,0,123,123,936153,947223,123,1,1,9658,0.24703552722222222,13138.877939823939,12985.32658096351
2394,2020-10-21 23:05:17.506177,2020-10-21 23:12:30.277536,True,long,112727735,70722647,0,16803846,16803846,130396418046,130283690311,16803846,290,146,42005088,0.1202142663888889,12886.738954801735,12897.889183126119
2395,2020-10-21 23:12:30.277536,2020-10-22 20:55:44.025107,True,short,-1323928059,2781703,26211083,15000858,15000858,116307093079,114983165020,15000858,314,398,-1300498679,21.720485436388888,12897.629545096508,13046.134186157402
2396,2020-10-22 20:55:44.025107,2020-10-27 17:27:27.621689,True,long,3141774952,2774920,-101272188,13246499,13246499,101326264378,98184489426,13246499,147,114,3037727844,116.52877682833333,13073.114933541441,13491.437473923683
2397,2020-10-27 17:27:27.621689,2020-10-27 17:28:20.607948,True,short,-1072898,-978245,0,268898,268898,1970215646,1969142748,268898,1,35,-94653,0.014718405277777777,13648.150675583458,13655.586943765846
2398,2020-10-27 17:28:20.607948,2020-10-27 17:42:06.652228,True,long,2448,1119,0,102,102,747252,744804,102,1,1,1329,0.22945674444444444,13650.01365001365,13694.878115584772
2399,2020-10-27 17:42:06.652228,2020-10-29 10:41:13.112655,True,short,5001374266,-89956100,14664022,38248808,38248808,286720053122,291721427388,20001602,687,595,5105994388,40.985127896388896,13340.123086446643,13111.415346644286
2400,2020-10-29 10:41:13.112655,2020-10-29 16:28:44.681578,True,long,162012,6615,962,587,587,4491137,4329125,587,1,1,156359,5.792102478611111,13070.186903672722,13559.322033898305
2401,2020-10-29 16:28:44.681578,2020-10-29 23:10:05.778993,True,short,1552660559,-84978761,14804410,22952481,22952481,169188682403,170741342962,20000554,803,631,1652443730,6.689193726388889,13566.203527330628,13442.837336185343
2402,2020-10-29 23:10:05.778993,2020-10-29 23:19:17.021976,True,long,-904570,-424210,0,114005,114005,847969190,848873760,114005,1,2,-480360,0.15312305083333333,13444.474321054047,13430.147728915546
2403,2020-10-29 23:19:17.021976,2020-10-29 23:26:13.836200,True,short,5300012,-11844957,0,3195157,3195157,23691886614,23697186626,3195157,2,69,17144969,0.1157817288888889,13486.291961704388,13483.275674988137
2404,2020-10-29 23:26:13.836200,2020-10-30 01:12:11.220475,True,long,67124,7649,0,692,692,5133256,5066132,692,1,1,59475,1.765940076388889,13480.722566729577,13659.336156262805
2405,2020-10-30 01:12:11.220475,2020-10-30 01:27:14.589885,True,short,55943028,-1279301,0,2968997,2968997,21737159809,21793102837,2968997,79,13,57222329,0.25093594722222223,13658.624337714644,13623.5625656723
2406,2020-10-30 01:27:14.589885,2020-10-31 02:38:26.368076,True,long,-486490513,-76538155,-16329400,48524751,48524751,361276750274,361763240787,20000184,665,697,-426281758,25.18660505305556,13431.46243515471,13413.400127231429
2407,2020-10-31 02:38:26.368076,2020-11-03 03:01:07.304657,True,short,3465149259,-18877845,3356668,47213721,47213721,347872707340,351337856599,30000336,693,692,3487383772,72.37803793916666,13572.125666603322,13438.267500415548
2408,2020-11-03 03:01:07.304657,2020-11-03 08:52:41.996726,True,long,456915121,-29614670,2725801,12444645,12444645,92547564356,92090649235,9577655,155,233,489255592,5.859636685833333,13446.75582398857,13513.472978394731
2409,2020-11-03 08:52:41.996726,2020-11-03 08:54:03.896026,True,short,0,-8320226,0,2250844,2250844,16640489692,16640489692,2250844,38,7,8320226,0.022749805555555554,13526.308670363858,13526.308670363858
2410,2020-11-03 08:54:15.064449,2020-11-03 08:54:21.350985,True,long,-1000,11100,0,1000,1000,7401000,7402000,1000,1,1,-12100,0.00174626,13511.687609782462,13509.862199405567
2411,2020-11-03 08:54:21.350985,2020-11-04 02:26:02.126364,True,short,-1351383742,61344592,12970094,10000674,10000674,73793178172,72441794430,10000674,2,103,-1399758240,17.527993160833333,13552.301510432362,13805.116340213772
2412,2020-11-04 07:55:43.137473,2020-11-05 07:38:32.309287,True,long,2612048993,26840118,-10394696,7567318,7567318,55264949361,52652900368,7359577,194,48,2574814179,23.713658837222223,13692.79821568097,14372.081969104718
2413,2020-11-05 07:38:32.309287,2020-11-06 20:53:20.343310,True,short,-3484325984,-99313042,35921051,56998807,56998807,375424040373,371939714389,20000453,782,688,-3349091891,37.246676117499995,15182.51386974825,15324.743444951606
2414,2020-11-06 20:54:05.706106,2020-11-07 18:53:17.572141,True,long,-897016160,5959789,-3220263,46636531,46636531,301217661957,302114678117,16786894,628,746,-906196212,21.986629454166668,15482.668146683094,15436.698173909665
2415,2020-11-07 18:53:17.572141,2020-11-07 19:05:52.428980,True,short,-185449308,38135928,0,6537093,6537093,43917656738,43732207430,6537093,5,52,-223585236,0.2096824552777778,14884.885682763997,14948.006021565694
2416,2020-11-07 19:05:52.428980,2020-11-07 19:14:12.925648,True,long,-40013429,7553632,0,1099206,1099206,7336051420,7376064849,1099206,10,3,-47567061,0.13902685222222222,14983.619076105113,14902.336442297188
2417,2020-11-07 19:14:12.925648,2020-11-07 19:33:19.459492,True,short,625252231,7944784,0,5482328,5482328,36743154132,37368406363,5482328,50,30,617307447,0.31848162333333335,14920.678775438559,14671.024358770299
2418,2020-11-07 19:37:05.614867,2020-11-07 19:47:05.705176,True,long,-96993514,-15041391,0,7433643,7433643,50667212911,50764206425,7433643,44,162,-81952123,0.1666917525,14671.505640260182,14643.473272812025
2419,2020-11-07 20:09:20.011240,2020-11-07 20:20:56.496055,True,long,430775335,-18439913,0,8885938,8885938,61211243355,60780468020,8000000,53,135,449215248,0.19346800416666668,14516.839575476713,14619.72618749177
2420,2020-11-07 20:20:56.496055,2020-11-09 11:59:26.744147,True,short,-5608095703,-89862660,71114232,76543493,76543493,507977759648,502369663945,35253136,1444,1049,-5447118811,39.64173558111111,15068.276424747479,15236.487888006723
2421,2020-11-09 12:00:37.111298,2020-11-09 12:04:42.428195,True,long,-183699562,-8627066,0,6547006,6547006,41418282544,41601982106,6547006,34,48,-175072496,0.06814358250000001,15807.043648043351,15737.245363258222
2422,2020-11-09 12:11:35.097405,2020-11-09 17:19:16.386819,True,long,-648033974,-13264869,0,20474003,20474003,133421365795,134069399769,12138003,383,163,-634769105,5.128135948333333,15345.370569401912,15271.19762994126
2423,2020-11-09 17:43:22.792086,2020-11-09 22:37:11.479386,True,short,-267738656,-35476237,7767451,11940739,11940739,78026060631,77758321975,11940739,96,225,-224494968,4.896857583333333,15303.526672287113,15356.220011845233
2424,2020-11-09 22:37:11.479386,2020-11-10 12:45:06.203766,True,long,-119407826,-28215753,-14915677,11429638,11429638,74791906800,74911314626,11429638,193,300,-106107750,14.131867883333333,15281.91817674048,15257.55896430769
2425,2020-11-15 17:47:37.560683,2020-11-19 17:13:13.461868,True,short,-3307524442,17357840,71397143,37261642,37261642,213841297601,210533773159,20000000,350,359,-3253485139,95.42663921805556,17424.904552125085,17698.653019370504
2426,2020-11-20 15:07:51.345045,2020-11-20 22:10:01.142448,True,long,-44593521,23692174,-3085818,5000597,5000597,26949174742,26993768263,5000597,24,8,-71371513,7.036054834166666,18555.659117110637,18525.00529484893
2427,2020-11-20 22:14:07.420281,2020-11-22 01:44:27.469137,True,long,-787461819,18410431,-14046735,21675004,21675004,116380494578,117167956397,10000597,94,176,-819918985,27.505569126666664,18624.258367859984,18499.08854478832
2428,2020-11-22 23:13:50.345450,2020-11-25 04:11:05.123574,True,long,1513319229,-21638205,-75032478,23083000,23083000,123774535074,122261215845,15000538,353,489,1459924956,52.954105034444446,18649.231836095823,18880.067436319383
2429,2020-11-25 04:11:05.123574,2020-11-25 16:33:15.799267,True,short,-18480,3672,1326,462,462,2457378,2438898,462,1,1,-20826,12.369632136944444,18800.526414739612,18942.981625307824
2430,2020-11-25 16:33:15.799267,2020-11-25 23:42:19.005678,True,long,-140304501,-11652074,-2632283,5000538,5000538,26355251777,26495556278,5000538,65,57,-131284710,7.150890669722222,18973.592217259433,18873.11950552284
2431,2020-11-25 23:42:19.005678,2020-11-26 02:49:17.523748,True,short,603271450,-12552111,0,5674573,5674573,30052542304,30655813754,5674573,141,49,615823561,3.1162550194444445,18882.17290436927,18510.593277790827
2432,2020-11-26 02:49:17.523748,2020-11-26 03:08:14.258634,True,long,12587943,-4789459,0,5000427,5000427,27139024784,27126436841,5000427,34,31,17377402,0.31575969055555553,18425.227287268026,18433.77745964096
2433,2020-11-26 03:08:14.258634,2020-11-26 03:31:01.385681,True,short,52143,4786,0,573,573,3164679,3216822,573,1,1,47357,0.37975751305555555,18106.10175629187,17812.611328820803
2434,2020-11-26 03:31:01.385681,2020-11-26 03:31:48.035545,True,long,-662931354,57525130,0,9999427,9999427,56187188077,56850119431,9999427,2,22,-720456484,0.012958295555555556,17796.6318341053,17589.104649351673
2435,2020-11-26 03:31:48.035545,2020-11-26 03:32:58.530071,True,short,17680,1652,0,573,573,3276414,3294094,573,1,1,16028,0.019581812777777777,17488.632388947186,17394.767726725466
2436,2020-11-26 03:32:58.530071,2020-11-26 03:47:03.265467,True,long,512210196,-9572969,0,9999427,9999427,57230733208,56718523012,9999427,46,102,521783165,0.23464872111111112,17472.12806737592,17629.914301337518
2437,2020-11-26 03:47:03.265467,2020-11-26 03:48:48.207720,True,short,-4584,1606,0,573,573,3219114,3214530,573,1,1,-6190,0.029150625833333332,17799.9288002848,17825.311942959
2438,2020-11-26 03:48:48.207720,2020-11-26 10:18:04.895541,True,long,439579814,-21944887,-238,40782773,40782773,235465195229,235025615415,15381188,450,705,461524463,6.487968839166666,17320.085442070114,17352.480038393776
2439,2020-11-26 10:18:04.895541,2020-11-26 11:50:56.241502,True,short,310670549,-12197028,0,11463654,11463654,66334549199,66645219748,11463654,143,251,322867577,1.5475961002777778,17281.57368735509,17201.014631426766
2440,2020-11-26 11:50:56.241502,2020-11-26 12:08:32.331685,True,long,16608,3030,-202,346,346,2028252,2011644,346,1,1,13376,0.29335838416666665,17059.0242238144,17199.862401100792
2441,2020-11-26 12:08:32.331685,2020-11-26 16:54:04.835186,True,short,125568,1869,0,654,654,3802356,3927924,654,1,1,123699,4.7590287502777775,17199.862401100792,16650.01665001665
2442,2020-11-26 16:54:04.835186,2020-11-26 20:52:24.962981,True,long,3231747928,-48372019,-26843157,34087624,34087624,206222367616,202990619688,15004358,478,816,3253276790,3.9722577208333334,16529.547397823237,16792.70896970178
2443,2020-11-26 20:52:24.962981,2020-11-27 11:28:38.467490,True,short,3562596030,-58944,26946338,54187210,54187210,314397099666,317959695696,20270531,1124,1042,3589601312,14.6037512525,17235.276679576822,17042.1631211423
2444,2020-11-27 11:28:38.467490,2020-11-30 00:30:48.172301,True,long,2886941962,23896866,-20614689,35009294,35009294,204481700174,201594758212,10007770,271,485,2842430407,61.036029114166666,17120.991252620395,17366.172766845313
2445,2020-11-30 00:30:48.172301,2020-11-30 19:41:22.120342,True,short,-7183844099,-20617439,21498672,63660077,63660077,335669177179,328485333080,33869191,764,582,-7141727988,19.176096678055554,18965.124392714923,19379.884149803453
2446,2020-11-30 19:41:22.120342,2020-11-30 19:44:58.629358,True,long,924,343,0,44,44,229372,228448,44,1,1,581,0.060141393333333334,19182.81220026856,19260.40061633282
2447,2020-11-30 19:44:58.629358,2020-12-02 00:20:53.316887,True,short,5034483365,10260469,244056083,40000956,40000956,204478706601,209513189966,35000956,1271,450,5268278979,28.59852431361111,19562.406602098672,19092.33304427821
2448,2020-12-02 00:20:53.316887,2020-12-04 12:05:24.553830,True,long,89999,14698,-7710,1841,1841,9843617,9753618,1841,1,1,67591,59.74201026194444,18702.47491343883,18875.04718761797
2449,2020-12-04 12:05:24.553830,2020-12-04 23:35:14.562658,True,short,67367185,-36754509,2067265,18939899,18939899,100427941273,100495308458,13939899,143,284,106188959,11.497224674444444,18859.192730551356,18846.550441621413
2450,2020-12-04 23:35:14.562658,2020-12-05 02:44:30.911663,True,long,2525,267,0,101,101,538633,536108,101,1,1,2258,3.1545413902777777,18751.171948246767,18839.487565938205
2451,2020-12-05 02:44:30.911663,2020-12-07 01:21:01.296677,True,short,-1456675047,-20024171,40703793,20000899,20000899,105748539299,104291864252,20000899,184,231,-1395947083,46.60844028166667,18913.640918905003,19177.81328721089
2452,2020-12-07 01:21:01.296677,2020-12-09 10:26:07.824078,True,long,-21607581,170994,-331369,59960,59960,309693400,331300981,59960,1,1,-22109944,57.08514650027778,19361.08422071636,18098.346651137745
2453,2020-12-09 10:26:07.824078,2020-12-10 10:43:12.081713,True,short,-30213282,-27823440,23330726,25997483,25997483,142769595962,142739382680,24187975,329,614,20940884,24.28451600972222,18209.397333392728,18213.25167020121
2454,2020-12-10 10:43:12.081713,2020-12-13 10:04:10.136604,True,long,5531866470,-20833497,-76978711,30000410,30000410,165756649861,160224783391,20000410,575,336,5475721256,71.34945969194445,18099.068740323666,18723.9510424485
2455,2020-12-13 10:04:10.136604,2020-12-13 20:10:08.761455,True,short,269977860,-10724310,5118896,4999590,4999590,25822882350,26092860210,4999590,71,29,285821066,10.099618014166667,19361.08422071636,19160.758766047136
2456,2020-12-13 20:10:08.761455,2020-12-16 16:27:58.423710,True,long,165882,945,-2269,410,410,2139790,1973908,410,1,1,162668,68.29712840416667,19160.758766047136,20770.978181353945
2457,2020-12-16 16:27:58.423710,2020-12-17 03:57:01.389859,True,short,-3567993774,-14830630,7222784,15000590,15000590,72195047271,68627053497,15000590,300,256,-3545940360,11.484157263611111,20777.865749837358,21858.129171545657
2458,2020-12-17 03:57:01.389859,2020-12-17 05:37:38.707461,True,long,235319740,-10031414,-2297688,5000410,5000410,22937179090,22701859350,5000410,24,31,243053466,1.6770326672222222,21800.457590619964,22026.4337070699
2459,2020-12-17 05:37:38.707461,2020-12-17 09:39:32.886459,True,short,-3043739468,-42914829,0,25659727,25659727,113457640291,110413900823,25659727,473,319,-3000824639,4.031716388333333,22616.129627045884,23239.580169469835
2460,2020-12-17 09:39:32.886459,2020-12-17 10:03:07.330987,True,long,507547259,2217880,0,14844118,14844118,65562985064,65055437805,14844118,121,70,505329379,0.3929012577777778,22641.003891921267,22817.64369105378
2461,2020-12-17 10:03:07.330987,2020-12-21 17:22:29.292951,True,short,2823024962,-105009868,398830807,136784872,136784872,588947283366,591770308328,45140069,2072,1462,3326865637,103.32276721222223,23225.31674112424,23114.52096785234
2462,2020-12-21 17:22:29.292951,2020-12-23 22:23:31.718349,True,long,518729393,11856011,-38439332,20065480,20065480,86673843092,86155113699,10000682,223,149,468434050,53.01734038833333,23150.55994309781,23289.946630565355
2463,2020-12-23 22:23:31.718349,2020-12-27 20:55:00.955108,True,short,-13038951827,-2682235,394508099,27946004,27946004,117971302716,104932350889,27946004,378,363,-12641761493,94.52478798861111,23688.815293729727,26632.40055448864
2464,2020-12-27 20:55:00.955108,2020-12-28 20:54:13.566439,True,long,13183840,-335559,-1030086,178160,178160,677720640,664536800,178160,2,9,12489313,23.986836480833333,26288.117770767614,26809.65147453083
2465,2020-12-28 20:54:13.566439,2021-01-02 05:37:41.258294,True,short,-3987838067,-66846471,99668468,56583597,56583597,200605181295,196617343228,20000597,1118,804,-3821323128,104.7243588486111,28206.448425073817,28778.538083685187
2466,2021-01-03 00:34:08.370328,2021-01-03 15:25:22.316846,True,short,-1945745023,-28291775,89044200,20000593,20000593,61751829998,59806084975,20000593,203,150,-1828409048,14.853874032777776,32388.664434151626,33442.4047458726
2467,2021-01-03 15:25:22.316846,2021-01-03 23:20:14.917711,True,long,-893169,-148687,-157751,99241,99241,296929072,297822241,99241,1,4,-902233,7.914611351388889,33422.45989304813,33322.22592469177
2468,2021-01-03 23:20:14.917711,2021-01-04 09:35:56.916943,True,short,2382679681,-20054089,37312097,14900759,14900759,44661842138,47044521819,14900759,405,89,2440045867,10.261666453333333,33363.51186312099,31673.738883624894
2469,2021-01-04 09:35:56.916943,2021-01-05 01:02:19.222409,True,long,936603150,6889314,-1769,10099241,10099241,34816191119,33879587969,10099241,5,30,929712067,15.439529296111111,29007.31147034809,29809.22025746257
2470,2021-01-05 01:02:19.222409,2021-01-05 05:52:22.325208,True,short,3285293589,-18577054,4806404,19601262,19601262,60152359718,63437653307,19601262,103,142,3308677047,4.834195221944444,32586.02337779031,30898.466412592075
2471,2021-01-05 05:52:22.325208,2021-01-05 07:19:54.775174,True,long,-3209606,-381584,0,232474,232474,764606986,767816592,232474,1,3,-2828022,1.4590138794444445,30404.378230465187,30277.28267690261
2472,2021-01-05 07:19:54.775174,2021-01-05 20:02:31.248749,True,short,-123084,2439,597,526,526,1687408,1564324,526,1,1,-124926,12.710131548611113,31172.06982543641,33624.74781439139
2473,2021-01-05 20:02:31.248749,2021-01-06 04:34:30.339886,True,long,72522,723,-139,474,474,1409676,1337154,474,1,1,71660,8.533080871388888,33624.74781439139,35448.422545196736
2474,2021-01-06 04:34:30.339886,2021-01-10 20:37:51.064661,True,short,-1958203994,-10424166,575837254,35250526,35250526,95561147403,93602943409,25007076,303,344,-1371942574,112.05575688194445,36887.92669194485,37659.63410570552
2475,2021-01-10 20:37:51.064661,2021-01-10 20:57:27.646864,True,long,650727279,-20286995,0,15000597,15000597,40911622460,40260895181,14999008,267,242,671014274,0.3268283897222222,36665.857030398496,37258.47856229265
2476,2021-01-10 20:57:27.646864,2021-01-11 00:01:38.286682,True,short,-481339041,-30478814,0,25000403,25000403,66041072383,65559733342,25000403,614,506,-450860227,3.0696221716666665,37855.840460936386,38133.77774064834
2477,2021-01-11 00:01:38.286682,2021-01-11 03:56:14.691344,True,long,-912031492,-11565897,0,15001551,15001551,40532880962,41444912454,10001551,112,106,-900465595,3.910112406111111,37010.81848601907,36196.363104036776
2478,2021-01-11 03:56:14.691344,2021-01-11 07:49:13.295848,True,short,3459986600,-40200782,11577268,32162020,32162020,90851137355,94311123955,14847328,289,274,3511764650,3.8829456955555557,35400.78961733544,34102.042952373165
2479,2021-01-11 07:49:13.295848,2021-01-11 08:08:30.538866,True,long,1941094,27873,0,21980,21980,64357440,62416346,21980,1,1,1913221,0.32145639388888886,34153.00546448088,35215.134189367636
2480,2021-01-11 08:08:30.538866,2021-01-11 11:19:06.940263,True,short,1476475423,-38869431,0,30008020,30008020,83981804067,85458279490,23159802,236,687,1515344854,3.1767781658333334,35731.573444242575,35114.23372794607
2481,2021-01-11 11:19:06.940263,2021-01-11 23:20:40.212807,True,long,1691286032,-21951181,-73545143,15000198,15000198,44750570438,43059284406,15000198,144,200,1639692070,12.02590904,33519.568249486634,34836.15254393273
2482,2021-01-11 23:20:40.212807,2021-01-13 06:19:59.362391,True,short,2086233599,-58846090,116108082,50600313,50600313,143171168299,145257401898,40000313,481,736,2261187771,30.988652662222222,35342.52992496774,34834.92912501053
2483,2021-01-13 06:19:59.362391,2021-01-13 22:02:57.987539,True,long,2030150970,-14290258,-13273006,10000487,10000487,29601444929,27571293959,10000487,208,186,2031168222,15.716284763333332,33783.779893131854,36271.373461366245
2484,2021-01-13 22:02:57.987539,2021-01-15 14:35:20.603528,True,short,2992623434,-19401497,317310297,78097423,78097423,203220781081,206213404515,60031517,819,528,3329335228,40.5396155525,38429.84097619024,37872.13696591638
2485,2021-01-15 14:35:20.603528,2021-01-15 16:30:44.515270,True,long,-1470248325,-7055391,0,25000094,25000094,68452211086,69922459411,20000094,243,310,-1463192934,1.9233088172222224,36521.96708239432,35754.02554571337
2486,2021-01-15 16:30:44.515270,2021-01-15 16:34:32.277906,True,short,7723862,-447266,0,363798,363798,1006908760,1014632622,363798,2,9,8171128,0.06326739888888888,36130.185221548774,35855.14521333812
2487,2021-01-15 16:34:32.277906,2021-01-15 17:16:02.966627,True,long,-27521678,-5583060,0,4636202,4636202,12930367378,12957889056,4636202,110,57,-21938618,0.6918579780555556,35855.14521333812,35778.991315358275
2488,2021-01-15 17:16:02.966627,2021-01-16 02:38:27.871017,True,short,-1366708523,-38497224,28524081,52862796,52862796,145109436343,143742727820,52862796,872,548,-1299687218,9.373584552777778,36429.60604922098,36775.97941942271
2489,2021-01-16 02:38:27.871017,2021-01-20 00:04:34.881876,True,long,1322435556,-29535711,-78211060,42000893,42000893,116942191759,115619756203,20000893,379,384,1273760207,93.43528079416666,35915.944765732995,36326.744130351486
2490,2021-01-20 00:04:34.881876,2021-01-21 04:43:23.643797,True,short,1271974354,-9638429,36194925,14958310,14958310,41697912425,42969886779,14958310,320,56,1317807708,28.64687831138889,35873.042869723475,34811.14594723657
2491,2021-01-21 04:43:23.643797,2021-01-21 09:30:50.858692,True,long,-6837160,-61743,0,41690,41690,120067200,126904360,41690,1,1,-6775417,4.790893026388889,34722.22222222222,32851.5111695138
2492,2021-01-21 09:30:50.858692,2021-01-23 02:46:24.380566,True,short,4722816873,-40598180,21222996,111022699,111022699,349634912313,354357729186,55002547,1068,883,4784638049,41.25931163166667,31753.893873335597,31330.683615969592
2493,2021-01-23 02:46:24.380566,2021-01-26 19:11:59.505500,True,long,2268742286,-18556707,-13920353,25000469,25000469,75878538703,73609796417,20000469,357,253,2273378640,88.42642359277778,32948.01063296117,33963.507871115646
2494,2021-01-26 19:11:59.505500,2021-01-29 06:11:44.871969,True,short,2120172488,1662623,17461423,50948105,50948105,159369112091,161489284579,30070082,398,296,2135971288,58.99593513027778,31968.61947182623,31548.907491181784
2495,2021-01-29 06:11:44.871969,2021-01-29 09:01:01.584422,True,long,5052091992,3017925,0,35026613,35026613,105530337496,100478245504,30026613,430,343,5049074067,2.8213090147222224,33191.036654580625,34859.897109375386
2496,2021-01-29 09:01:01.584422,2021-01-29 09:02:48.263016,True,short,329835310,-5333098,0,4973387,4973387,13312165231,13642000541,4973387,21,78,335168408,0.02963294277777778,37359.71507038155,36456.43456069996
2497,2021-01-29 09:02:48.263016,2021-01-29 21:06:34.256901,True,long,822713994,-63321600,-51676746,81892847,81892847,225425495285,224602781291,20026613,871,840,834358848,12.062776079166667,36328.121136637565,36461.190074889564
2498,2021-01-29 21:06:34.256901,2021-02-14 11:07:34.846106,True,short,-19612221073,-210116030,1325008882,350319742,350319742,859544144924,839931923851,55001150,5572,3908,-18077096161,374.0168303347223,40756.45725339388,41708.111342383636
2499,2021-02-14 11:07:34.846106,2021-02-15 02:29:50.043289,True,long,-123329759,-1031231,-3834197,1019783,1019783,2075258405,2198588164,1019783,1,16,-126132725,15.370888106388888,49140.04914004914,46383.539068301834
2500,2021-02-15 02:29:50.043289,2021-02-16 12:00:27.220450,True,short,-2788473123,-11428212,169125926,44478811,44478811,95391879094,92603405971,44478811,305,451,-2607918985,33.510326989166664,46627.460767567216,48031.50654515789
2501,2021-02-16 12:00:27.220450,2021-02-19 00:41:56.561943,True,long,500585846,-3636783,-36187037,3680897,3680897,7527434365,7026848519,3680897,57,70,468035592,60.69148374805556,48899.75550122249,52383.32646629806
2502,2021-02-19 00:41:56.561943,2021-02-19 09:04:06.815823,True,short,-288656807,-18626426,43674933,23210014,23210014,44912219183,44623562376,23210014,215,525,-226355448,8.369514966666667,51678.617583843115,52012.9114848148
2503,2021-02-19 09:04:06.815823,2021-02-19 19:24:17.560081,True,long,1295485012,-17299641,-17625357,20002993,20002993,37950729104,36655244092,20002993,597,420,1295159296,10.336317849444445,52707.79632502946,54570.61737140539
2504,2021-02-19 19:24:17.560081,2021-02-23 08:18:02.640782,True,short,7507384694,-16592356,238614128,60234429,60234429,108233547795,115740932489,50234429,1109,458,7762591178,84.89585575027778,55652.272541307764,52042.460436997666
2505,2021-02-23 08:18:02.640782,2021-02-24 08:29:03.856842,True,long,97313,908,-774,945,945,1960875,1863562,945,1,1,95631,24.183671127777778,48192.77108433735,50709.34049953798
2506,2021-02-24 08:29:03.856842,2021-02-25 23:59:26.991558,True,short,1873091321,-53306408,35841408,101098503,101098503,203922593491,205795684812,50000845,2070,1838,1962239137,39.50642631,49576.901347354586,49125.66708692471
2507,2021-02-25 23:59:26.991558,2021-02-26 01:24:11.902788,True,long,5981,-550538,0,518330,518330,1102487910,1102481929,518330,14,8,556519,1.4124753416666667,47014.57451810061,47014.82957368274
2508,2021-02-26 01:24:11.902788,2021-02-26 22:11:07.286113,True,short,2644064126,-12179357,21437911,108136739,108136739,231377323277,234021387403,50295232,1331,1517,2677681394,20.782050923611113,46736.10078483837,46208.05824630957
2509,2021-02-26 22:11:07.286113,2021-02-26 22:20:57.533148,True,long,283637010,-3557510,0,9999162,9999162,22101809332,21818172322,9999162,62,155,287194520,0.16395750972222223,45241.37300163368,45829.51244691338
2510,2021-02-26 22:20:57.533148,2021-02-27 07:06:17.262046,True,short,-835352071,-11464495,1494102,15544794,15544794,33654712317,32819360246,15544794,303,216,-822393474,8.755480249444444,46189.05624145793,47364.70754908938
2511,2021-02-27 07:06:17.262046,2021-03-01 13:04:42.462011,True,long,577112944,-6450618,-17272279,19998864,19998864,42732580320,42155467376,19998864,409,153,566291283,53.973666656944445,46800.03840217435,47440.73602985547
2512,2021-03-01 13:04:42.462011,2021-04-24 12:04:08.502373,True,short,13502322781,32626070,3144500557,704710869,704710869,1281941888240,1295444211021,80172646,13693,10186,16614197268,1294.9905667672224,54972.13839915237,54399.16771441547
2513,2021-04-24 12:04:08.502373,2021-04-26 01:09:53.052902,True,long,1257424861,-225794,-16050227,20002775,20002775,40655527296,39398102435,20002775,432,224,1241600428,37.09570848027778,49200.62862391659,50770.909672619615
2514,2021-04-26 01:09:53.052902,2021-05-04 16:07:56.037301,True,short,-2571973268,38619415,182508976,158182057,158182057,294744896766,292172923498,80019777,3128,2973,-2428083707,206.96749566638888,53667.445555667015,54139.87549092063
2515,2021-05-04 16:07:56.037301,2021-05-05 10:05:36.801631,True,long,76080,5212,-695,1902,1902,3512994,3436914,1902,1,1,70173,17.961323425,54141.85165132648,55340.34311012728
2516,2021-05-05 10:05:36.801631,2021-05-06 16:07:32.641604,True,short,-1086807886,23651409,12837817,26565110,26565110,47599095245,46512287359,26565110,797,196,-1097621478,30.032177770277777,55810.11543027282,57114.17672272298
2517,2021-05-06 16:07:32.641604,2021-05-13 12:13:56.319753,True,long,-12088960609,47947632,-129818642,109513923,109513923,194614471309,206703431918,66626353,3675,2228,-12266726883,164.10657726361111,56272.240323854836,52981.18274274448
2518,2021-05-13 12:13:56.319753,2021-05-13 17:09:36.820109,True,short,1454022629,-9603255,0,19998620,19998620,39837139741,41291162370,19998620,423,255,1463625884,4.927916765555556,50200.943466374454,48433.17274722678
2519,2021-05-13 17:09:36.820109,2021-05-13 21:52:39.374290,True,long,1025955494,-4655469,-2067311,10035488,10035488,21198225439,20172269945,10035488,249,1056,1028543652,4.717376161388889,47341.17027332365,49748.92774765512
2520,2021-05-13 21:52:39.374290,2021-05-17 04:04:36.235444,True,short,1959268920,-7096856,16914395,10413618,10413618,20966404789,22925673709,10413618,893,85,1983280171,78.19912809833333,49668.11479984157,45423.38921936194
2521,2021-05-17 04:04:36.235444,2021-05-17 12:02:05.893110,True,long,2355175585,-4293273,-128,14996382,14996382,35366486846,33011311261,14996382,104,214,2359468730,7.958238240555556,42402.80372008766,45428.010664080844
2522,2021-05-17 12:02:05.893110,2021-05-17 17:25:36.943582,True,short,2180775207,-18395820,0,23702676,23702676,52366243877,54547019084,23702676,728,449,2199171027,5.3919584644444445,45263.27314151808,43453.65960970099
2523,2021-05-17 17:25:36.943582,2021-05-17 18:08:28.333138,True,long,334828032,-5821001,0,4997324,4997324,11843657880,11508829848,4997324,387,155,340649033,0.7142748766666667,42194.09282700422,43421.65160143047
2524,2021-05-17 18:08:28.333138,2021-05-19 01:55:01.316645,True,short,2472500556,17773499,10630766,65861673,65861673,149516985807,151989486363,29721673,1305,937,2465357823,31.775828751944445,44049.62596357833,43333.04531518782
2525,2021-05-19 01:55:01.316645,2021-05-19 13:33:45.158649,True,long,-17272858611,-27565061,-9589418,40702992,40702992,101205812846,118478671457,40702992,248,360,-17254882968,11.645511667777777,40218.03773458722,34354.69987927112
2526,2021-05-19 13:33:45.158649,2021-05-19 16:53:33.526333,True,short,-4271963841,-57173443,0,55466395,55466395,154316881032,150044917191,30466395,489,1037,-4214790398,3.3301021344444446,35943.180440834716,36966.527116272744
2527,2021-05-19 16:53:33.526333,2021-05-19 16:59:02.612348,True,long,-163264626,6867151,0,5345653,5345653,13489284890,13652549516,5345653,238,2,-170131777,0.09141278194444444,39628.8835441743,39154.979762096475
2528,2021-05-19 16:59:02.612348,2021-05-20 00:39:19.561953,True,short,4843422595,-48729325,2538683,47362982,47362982,119315236570,124158659165,22362982,573,909,4894690603,7.671374890277778,39695.669523492106,38147.1435971753
2529,2021-05-20 00:39:19.561953,2021-05-20 04:02:23.985319,True,long,2948263571,-10400296,58916,20005019,20005019,55160135784,52211872213,20005019,346,480,2958722783,3.3845620461111112,36267.167793670924,38315.07692041551
2530,2021-05-20 04:02:23.985319,2021-05-20 16:15:06.589855,True,short,5506119,-25149722,-1442326,25001043,25001043,61932124327,61937630446,20001043,330,484,29213515,12.211834593333332,40368.45703531038,40364.868368345196
2531,2021-05-20 16:15:06.589855,2021-05-20 20:06:52.714196,True,long,2954040873,-37312603,1094962,48232105,48232105,123854761944,120900721071,39173264,944,1219,2992448438,3.862812316944445,38942.471200104344,39893.976291237566
2532,2021-05-20 20:06:52.714196,2021-05-21 14:37:44.416684,True,short,1944101579,-9056692,-20005686,8341500,8341500,20349459921,22293561500,8341500,121,135,1933152585,18.514361802222222,40991.25987806603,37416.632600403485
2533,2021-05-21 14:37:44.416684,2021-05-23 22:57:55.363498,True,long,-459946191,-8285750,12874009,10130409,10130409,28148769741,28608715932,10130409,109,381,-438786432,56.336374115,35988.81618348167,35410.21912370674
2534,2021-05-23 22:57:55.363498,2021-05-25 20:32:25.864638,True,short,2300128144,-12475893,-1560476,20000591,20000591,50990395188,53290523332,20000591,676,727,2311043561,45.57513920555556,39224.23218384255,37531.233978312244
2535,2021-05-25 20:32:25.864638,2021-05-31 12:15:43.609963,True,long,6269174424,-53705240,-27660477,141097563,141097563,392787201556,386518027132,47773161,6121,4149,6295219187,135.72159592361112,35922.13861374595,36504.78194948814
2536,2021-05-31 12:15:43.609963,2021-06-01 08:18:48.525428,True,short,2593220179,-27077199,-2435647,54331989,54331989,145725354787,148318574966,28419029,1985,2504,2617861731,20.051365406944445,37283.826880651315,36631.951872821635
2537,2021-06-01 08:18:48.525428,2021-06-01 13:42:08.850358,True,long,1341788989,2163121,-1776671,20378806,20378806,56597777620,55255988631,20378806,551,471,1337849197,5.388979147222222,36006.37137525825,36880.71918519068
2538,2021-06-01 13:42:08.850358,2021-06-08 14:19:43.859466,True,short,23092706614,-85921474,-562547492,225684559,225684559,614725101616,637817808230,58401516,5790,5954,22616080596,168.6263914188889,36713.08661493024,35383.85979317422
2539,2021-06-08 14:19:43.859466,2021-06-08 20:27:31.268747,True,long,1780591934,-19166322,576964,17374300,17374300,54707383224,52926791290,17374300,401,473,1800335220,6.129835911388889,31758.6018122284,32827.04198862459
2540,2021-06-08 20:27:31.268747,2021-06-12 03:39:50.405293,True,short,-14826585665,-75586611,-172642873,102291200,102291200,295081345567,280254759902,64947200,3169,2924,-14923641927,79.20531570722223,34665.42414040001,36499.362235906134
2541,2021-06-12 03:39:50.405293,2021-06-13 20:13:09.519346,True,long,7581740819,30119408,71580342,58467100,58467100,165539170773,157957429954,52467100,1195,915,7623201753,40.555309459166665,35319.19347365499,37014.466503428586
2542,2021-06-13 20:13:09.519346,2021-06-18 14:09:40.954653,True,short,10535554691,12011184,-275218035,100656200,100656200,254287884674,264823439365,70002900,2035,1316,10248325472,113.94206536305556,39583.56102141571,38008.795687177786
2543,2021-06-18 14:09:40.954653,2021-06-21 04:58:02.225727,True,long,-9101580442,8556223,119264147,61124900,61124900,169170084959,178271665401,35122200,952,3321,-8990872518,62.80590863166666,36132.21570162018,34287.50152892055
2544,2021-06-21 04:58:02.225727,2021-06-21 10:57:19.914666,True,short,3968225538,13559407,0,28027000,28027000,81860372159,85828597697,28027000,3179,364,3954666131,5.9882469275,34237.56728782306,32654.617169609937
2545,2021-06-21 10:57:19.914666,2021-06-21 14:00:24.966534,True,long,1467932035,-5000543,-2458344,21626800,21626800,66998461331,65530529296,17996800,418,572,1470474234,3.051403296666667,32279.54727669744,33002.63286797549
2546,2021-06-21 14:00:24.966534,2021-06-21 14:22:30.987206,True,short,24868866,1847972,0,505700,505700,1526268449,1551137315,505700,6,1,23020894,0.36833907555555556,33133.09662735484,32601.884766082105
2547,2021-06-21 14:22:30.987206,2021-06-21 14:43:01.886525,True,long,248179695,-3047249,0,9494300,9494300,29104732728,28856553033,9494300,128,230,251226944,0.34191647750000004,32621.155084052967,32901.712096876
2548,2021-06-21 14:43:01.886525,2021-06-21 15:46:13.611565,True,short,272988764,1974347,0,5505700,5505700,16677130207,16950118971,5505700,13,26,271014417,1.0532569555555555,33013.47373116423,32481.777912117996
2549,2021-06-21 15:46:13.611565,2021-06-21 18:54:31.558977,True,long,425698206,-14340722,0,9494300,9494300,29417151879,28991453673,9494300,78,123,440038928,3.1383187255555556,32274.708438982798,32748.616565033186
2550,2021-06-21 18:54:31.558977,2021-06-22 10:25:46.896331,True,short,2017352868,-23049345,-93787496,49343600,49343600,152684819483,154702172351,49343600,2893,958,1946614717,15.520927042777778,32317.292686385197,31895.86755643321
2551,2021-06-22 10:25:46.896331,2021-06-22 15:29:40.875255,True,long,-387698939,-34300717,150951,33207200,33207200,110140487083,110528186022,28207200,716,1118,-353247271,5.064994145555556,30149.85758595349,30044.10114302455
2552,2021-06-22 15:29:40.875255,2021-06-23 19:52:39.647796,True,short,-7529415406,-18786951,-18880962,78897200,78897200,246822309207,239292893801,53657400,1982,2566,-7529509417,28.3829923725,31965.181856325667,32970.97491980361
2553,2021-06-23 19:52:39.647796,2021-06-26 11:29:54.249993,True,long,-6596969417,-8003671,25408292,30021800,30021800,88611134113,95208103530,30021800,268,508,-6563557454,63.6207228325,33880.39245916338,31532.82009292429
2554,2021-06-26 11:29:54.249993,2021-06-28 10:13:52.280386,True,short,-4309341422,-6508227,-102131218,19978200,19978200,62546766328,58237424906,19978200,831,293,-4404964413,46.732786220277774,31941.219623142144,34304.74481357385
2555,2021-06-28 10:13:52.280386,2021-06-30 21:40:03.875300,True,long,876784368,-7270247,-26630,20021800,20021800,58510223221,57633438853,20021800,268,603,884027985,59.43655414277777,34219.31911689228,34739.90169329936
2556,2021-06-30 21:40:03.875300,2021-07-01 13:59:47.866758,True,short,2449708107,24513224,-5735960,19690300,19690300,56446521695,58896229802,19690300,578,52,2419458923,16.328886516111112,34883.10600676774,33432.19093343621
2557,2021-07-01 13:59:47.866758,2021-07-05 18:00:12.989355,True,long,61276782,29540703,-2912187,22084800,22084800,63589933638,63528656856,22084800,262,178,28823892,100.00697849916666,34730.02523594802,34763.524199889
2558,2021-07-05 18:00:12.989355,2021-07-09 01:31:06.884108,True,short,2276182954,121825,-23444069,20004000,20004000,58378888532,60655071486,20004000,561,515,2252617060,79.51497076472222,34265.81167100319,32979.92980622764
2559,2021-07-09 01:31:06.884108,2021-07-12 22:14:30.994395,True,long,-1813763740,71726388,-75223327,32555500,32555500,97280652717,99094416457,32555500,685,495,-1960713455,92.72336396861111,33465.54437161055,32853.01146520884
2560,2021-07-12 22:14:30.994395,2021-07-22 11:14:23.703218,True,short,3833580135,35422167,-159008291,42514700,42514700,128940332644,132773912779,42514700,559,566,3639149677,228.99797467305555,32972.3827511611,32020.371404407597
2561,2021-07-22 11:14:23.703218,2021-07-26 06:40:00.561049,True,long,4124614118,377336,17303906,31108600,31108600,97562676285,93438062167,20008800,398,546,4141540688,91.42690495305555,31885.759169957153,33293.284640685524
2562,2021-07-26 06:40:00.561049,2021-07-26 08:08:13.223723,True,short,1428280837,-7483720,0,29891400,29891400,76808123073,78236403910,29891400,691,306,1435764557,1.4701840761111111,38916.977533210396,38206.51066016002
2563,2021-07-26 08:08:13.223723,2021-07-26 10:59:09.571905,True,long,3515363,140357,0,108600,108600,285977466,282462103,108600,10,1,3375006,2.848985606111111,37975.02003182306,38447.635575381944
2564,2021-07-26 10:59:09.571905,2021-08-03 07:53:17.471519,True,short,2151471667,51557005,-4548906,235852800,235852800,607608800872,609760272539,83345200,2493,2763,2095365756,188.90219433722223,38816.55427991162,38679.594362211414
2565,2021-08-03 07:53:17.471519,2021-08-05 17:58:33.848421,True,long,4653352723,6746997,-56177649,40261300,40261300,104767389160,100114036437,40261300,281,508,4590428077,58.08788247277778,38429.22909772356,40215.439745390475
2566,2021-08-05 17:58:33.848421,2021-08-06 04:36:17.351664,True,short,1023117979,-9175955,-1929153,20249100,20249100,49453945755,50477063734,20249100,188,112,1030364781,10.628750900833333,40945.36783842517,40115.44749652454
2567,2021-08-06 04:36:17.351664,2021-08-07 04:17:08.684329,True,long,1726239651,6348550,-2673922,10813500,10813500,27042807648,25316567997,10813500,160,119,1717217179,23.680925740277775,39986.602503530106,42713.1355295923
2568,2021-08-07 04:17:08.684329,2021-08-08 17:05:50.817517,True,short,21696855,44537064,21619594,85061800,85061800,194487781417,194509478272,70174900,1197,1030,-1220615,36.81170366333333,43736.32080136672,43731.44216707552
2569,2021-08-08 17:05:50.817517,2021-08-08 19:30:58.272284,True,long,2769711,176313,0,308700,308700,706407471,703637760,308700,6,2,2593398,2.4187374352777775,43699.99082300193,43872.00595943003
2570,2021-08-08 19:30:58.272284,2021-08-12 15:54:21.810472,True,short,4298021191,72701687,96115665,169312800,169312800,374003138826,378301160017,85169400,2124,2301,4321435169,92.38987171888888,45270.42220326673,44756.087978263524
2571,2021-08-12 15:54:21.810472,2021-08-13 02:53:46.292037,True,long,293041724,5878638,1342098,5569900,5569900,12595628230,12302586506,5569900,186,19,288505184,10.990133768055555,44220.89869827795,45274.21934634271
2572,2021-08-13 02:53:46.292037,2021-08-18 19:59:34.066307,True,short,4345651608,36240581,53348623,108639500,108639500,237763651898,242109303506,70039500,3791,741,4362759650,137.0966039638889,45692.22382511439,44872.08811342009
2573,2021-08-18 19:59:34.066307,2021-09-07 08:33:58.154893,True,long,18024432654,5834912,-621316339,251170700,251170700,529123323740,511098891086,74452600,2429,4275,17397281403,468.5733579405556,47469.21723742043,49143.268432123594
2574,2021-09-07 08:33:58.154893,2021-09-07 14:29:38.431522,True,short,1233595747,-3268492,5843024,29780200,29780200,57875142717,59108738464,29780200,387,72,1242707263,5.927854619166666,51455.9422265623,50382.059867742806
2575,2021-09-07 14:29:38.431522,2021-09-15 14:56:26.306164,True,long,-2172486760,-10338787,-50737424,191267400,191267400,408948746213,411121232973,80091300,1448,2015,-2212885397,192.44663184499998,46770.50651730788,46523.3572629807
2576,2021-09-15 14:56:26.306164,2021-09-20 12:32:23.501293,True,short,6802606375,3872248,-77056095,90272100,90272100,187888925631,194691532006,80272100,1660,618,6721678032,117.59922086916667,48045.460740612114,46366.731552155026
2577,2021-09-20 12:32:23.501293,2021-09-20 13:27:21.818167,True,long,975908,38568,0,27900,27900,64773873,63797965,27900,1,1,937340,0.9161991316666667,43072.922318540375,43731.80241720876
2578,2021-09-20 13:27:21.818167,2021-09-20 19:10:13.772896,True,short,146962266,1117185,0,30072100,30072100,68665292523,68812254789,30072100,456,197,145845081,5.714431869166667,43795.19680911154,43701.66344964354
2579,2021-09-20 19:10:13.772896,2021-09-21 06:30:09.421915,True,long,598204782,6136692,1814117,31561200,31561200,74673618484,74075413702,31561200,507,294,593882207,11.332124727499998,42265.52916645185,42606.84945610754
2580,2021-09-21 06:30:09.421915,2021-09-21 18:35:35.286752,True,short,2111865953,-4989664,-22191767,50038800,50038800,116031686270,118143552223,50038800,439,355,2094663850,12.090518010277778,43125.11660268574,42354.2369079525
2581,2021-09-21 18:35:35.286752,2021-09-22 07:52:45.361127,True,long,768767938,2196906,26943411,30241700,30241700,72385668099,71616900161,30241700,155,290,793514443,13.286131770833332,41778.57412138438,42227.04408039786
2582,2021-09-22 07:52:45.361127,2021-09-24 13:03:07.636502,True,short,1590996038,-6994852,-237615319,62745800,62745800,147650483365,149241479403,62745800,1130,822,1360375571,53.172854270833334,42496.16971783897,42043.13723704531
2583,2021-09-24 13:03:07.636502,2021-09-24 14:08:02.856828,True,long,1406997905,299190,0,23354000,23354000,56849261416,55442263511,23354000,638,98,1406698715,1.0820056461111112,41080.56889095679,42123.09981782483
2584,2021-09-24 14:08:02.856828,2021-09-26 07:50:55.387275,True,short,1979157667,-1943923,-115659276,42111600,42111600,99847107203,101826264870,42111600,706,721,1865442314,41.71459179083333,42176.08419479049,41356.32398356477
2585,2021-09-26 07:50:55.387275,2021-09-27 13:31:37.857286,True,long,2014149156,-2632899,9502617,15088400,15088400,36613141603,34598992447,15088400,278,434,2026284672,29.678463891944443,41210.339619596285,43609.36239144236
2586,2021-09-27 13:31:37.857286,2021-10-22 20:27:34.539427,True,short,-19551913322,10684662,500481819,110088600,110088600,204602633566,185050720244,60092400,2387,994,-19062116165,606.9324117058333,53806.052288416904,59491.0410804356
2587,2021-10-22 20:27:34.539427,2021-10-31 05:30:51.270200,True,long,1915016062,-2266960,-123146924,35653400,35653400,59560505434,57645489372,35015100,983,493,1794136098,201.05464743694446,59860.80833297853,61849.41855540537
2588,2021-10-31 05:30:51.270200,2021-11-09 16:45:44.851671,True,short,-1374691128,836026,76785002,9984900,9984900,16285761704,14911070576,9984900,230,246,-1298742152,227.24821707527778,61310.610958697594,66962.9987270741
2589,2021-11-09 16:45:44.851671,2021-12-24 03:28:15.683307,True,long,-18620713242,7637532,-412595848,110869800,110869800,191209460242,209830173484,70942300,2540,2143,-19040946622,1066.7085643433334,57983.42815239377,52837.87272303526
2590,2021-12-24 03:28:15.683307,,False,short,0,-3796151,24373871,29080100,0,56922139118,0,29080100,1319,0,28170022,,51087.503826440436,
