date,gross_btc_contracts_btc,gross_alt_contracts_btc,fee_credit_btc,funding_credit_btc,unrealised_change_btc,wallet_btc_fx_usd,prior_unrealised_fx_usd,gross_btc_contracts_usd,gross_alt_contracts_usd,fee_credit_usd,funding_credit_usd,unrealised_change_usd,flow_usd_eod,reference_gain_usd,decomposition_complete,residual_usd
2018-03-05,-0.06689,0.0,-0.01235355,0.00556325,-0.0035112554999791046,0.0,0.0,-771.9549026231145,0.0,-142.5681490103121,64.20358965492662,-40.52221404651286,1990.1448629520628,-890.8416760250127,True,2.2737367544323206e-13
2018-03-06,-0.0106788,0.0,-0.01299692,-0.00079993,0.0035112554999791046,-85.297019051476,3.032415368688177,-114.01792382329815,0.0,-138.76857273265725,-8.540880792221119,37.48979867782468,0.0,-306.1021823531398,True,-2.2737367544323206e-13
2018-03-07,0.0,0.0,-0.0,0.0,0.0,-57.49705310439091,-0.0,0.0,0.0,-0.0,0.0,0.0,0.0,-57.49705310439094,True,-3.552713678800501e-14
2018-03-08,0.08101731,0.0,-0.0328934,-0.00077143,0.0,-42.53938448908096,-0.0,755.9300222191613,0.0,-306.9110612641146,-7.197808678670368,0.0,0.0,399.2817677872954,True,0.0
2018-03-09,0.04257246,0.0,-0.04601862,-0.00010518,0.0,-6.36633338892865,-0.0,394.99320930209257,0.0,-426.96716143378757,-0.9758746794146755,0.0,0.0,-39.31616020003821,True,9.947598300641403e-14
2018-03-10,0.01368833,0.0,-0.03307832,-0.00593189,-0.0016026601568737975,-58.05128311581583,-0.0,120.27333863693963,0.0,-290.64465737610453,-52.120909908445796,-14.08187030613764,0.0,-294.6253820695639,True,2.8421709430404007e-13
2018-03-11,0.02078932,0.0,-0.01911031,0.0,0.0016026601568737975,67.44120687021847,-1.165093830076117,197.77993175706789,0.0,-181.8066106855064,0.0,15.246964136213757,0.0,97.49639824791723,True,-3.694822225952521e-13
2018-03-12,-0.11581336,0.0,-0.02480386,0.00049884,0.0,-34.53469732956724,-0.0,-1059.447898725847,0.0,-226.90298733488163,4.5633335376885835,0.0,452.82056393950944,-1316.3222498526072,True,0.0
2018-03-13,0.29607486,0.0,-0.21954113,0.01889512,0.119164119709959,0.0484634571372595,0.0,2712.2064663491487,0.0,-2011.1159468777562,173.08955798017817,1091.6080346509489,3755.8226024430137,1965.8365755596565,True,-2.2737367544323206e-13
2018-03-14,-0.26548303,0.0,-0.02525167,0.00045207,-0.119164119709959,-477.89675039145493,-111.8254800672941,-2182.835252466269,0.0,-207.62244373828685,3.7169770609534867,-979.7825545836548,3438.2969380835934,-3956.2455041860053,True,1.3642420526593924e-12
2018-03-15,0.18239973,0.0,-0.03885997,0.0,0.0,29.603308416324623,0.0,1508.1884234145439,0.0,-321.3171252404621,0.0,0.0,0.0,1216.4746065904064,True,0.0
2018-03-16,0.85415133,0.0,-0.16096119,0.0,0.0,84.56098311095415,0.0,7155.14411846035,0.0,-1348.3565165541322,0.0,0.0,0.0,5891.348585017171,True,-9.094947017729282e-13
2018-03-17,0.08665238,0.0,-0.06066083,0.00154359,-2.220446049250313e-16,-729.9293537172796,-0.0,682.9647637679367,0.0,-478.10815387779263,12.1660545238867,-1.7500805072932656e-12,0.0,-512.9066893032486,True,1.9326762412674725e-12
2018-03-18,0.0,0.0,-0.0,0.0,2.220446049250313e-16,461.4679072197632,-6.824647483933089e-14,0.0,0.0,-0.0,0.0,1.8183269821325965e-12,0.0,461.46790721976504,True,5.684341886080802e-14
2018-03-19,1.21799605,0.0,-0.05888988,-0.00541168,0.0,522.4916829509403,0.0,10398.051307991682,0.0,-502.7438256154223,-46.19959670840675,0.0,0.0,10371.599568618794,True,1.8189894035458565e-12
2018-03-20,-2.17423224,0.0,-0.18325509,0.0078253,0.27118483457722675,951.9414720770567,0.0,-19340.985469316394,0.0,-1630.1542989116324,69.6103253408852,2412.337490247644,10363.600501509947,-17537.25048056244,True,0.0
2018-03-21,0.91911098,0.0,-0.12890051,-0.01201287,-0.22934567269845996,-23.45849265055791,-4.32619066543272,8161.332579163111,0.0,-1144.584228265601,-106.66941145698331,-2036.4965180635975,0.0,4845.797738060935,True,-2.7284841053187847e-12
2018-03-22,-0.09859172,0.0,-0.1876142,0.005543,-0.041839161878766795,-379.8679950033909,-7.067861226193317,-858.7994382977272,0.0,-1634.2444332716527,48.283215735401534,-364.44692029242015,-17142.737806017638,-3196.1434323559806,True,2.2737367544323206e-12
2018-03-23,0.0,0.0,-0.0,0.0,0.0,0.0,0.0,0.0,0.0,-0.0,0.0,0.0,0.0,0.0,True,0.0
2018-03-24,0.0,0.0,-0.0,0.0,0.0,-0.0,-0.0,0.0,0.0,-0.0,0.0,0.0,0.0,0.0,True,0.0
2018-03-25,0.0,0.0,-0.0,0.0,0.0,-0.0,-0.0,0.0,0.0,-0.0,0.0,0.0,0.0,0.0,True,0.0
2018-03-26,0.0,0.0,-0.0,0.0,0.0,-0.0,-0.0,0.0,0.0,-0.0,0.0,0.0,0.0,0.0,True,0.0
2018-03-27,0.0,0.0,-0.0,0.0,0.0,-0.0,-0.0,0.0,0.0,-0.0,0.0,0.0,0.0,0.0,True,0.0
2018-03-28,0.0,0.0,-0.0,0.0,0.0,0.0,0.0,0.0,0.0,-0.0,0.0,0.0,0.0,0.0,True,0.0
2018-03-29,0.13667037,0.0,-0.30274968,-0.00470825,0.0,-0.0,-0.0,971.5310032204155,0.0,-2152.117538973954,-33.46892853156482,0.0,7108.5708132671,-1214.055464285103,True,4.547473508864641e-13
2018-03-30,1.80609886,0.0,-0.57376649,0.00143337,-0.1404085067839853,-229.2123512422311,-0.0,12339.536640058575,0.0,-3920.0581889480854,9.792997507213286,-959.2918485297641,3842.9595730221904,7240.767248845708,True,9.094947017729282e-13
2018-03-31,0.58769602,0.0,-0.5697439,0.01429112,0.23873862543208224,236.63856516290357,-12.65533190701112,4068.1971675099785,0.0,-3943.927542994231,98.92715268778782,1652.6159216766905,-1392.7629969367629,2099.795932136116,True,-2.7284841053187847e-12
2018-04-01,1.18795426,0.0,-1.52197693,0.02124379,-0.10225484218089109,-289.26902016809896,-11.579002513401099,8083.464317652716,0.0,-10356.329885921386,144.55389758584442,-695.7956176498269,0.0,-3124.9553110141514,True,1.3642420526593924e-12
2018-04-02,-0.02322906,0.0,-0.74750301,-0.03529458,-0.15172109529527855,490.34421098053565,-0.8977205786764019,-163.37600946662747,0.0,-5257.382728276242,-248.23594395126796,-1067.0938514622856,0.0,-6246.642042754564,True,9.094947017729282e-13
2018-04-03,-0.55398644,0.0,-0.35800168,-0.01251062,0.17146337579440607,518.4125784823326,-60.31912162864237,-4111.022859525373,0.0,-2656.659051489577,-92.83881534507474,1272.3955074824446,2222.529754388662,-5130.031762023891,True,-9.094947017729282e-13
2018-04-04,0.37058424,0.0,-0.20096756,0.0013929,0.02616642760643728,-456.3104368014242,-10.127300211633512,2512.7625973126787,0.0,-1362.6693030475112,9.444619182393808,177.422603278395,0.0,870.5227797128982,True,-2.2737367544323206e-13
2018-04-05,0.38302776,0.0,-0.21429796,0.0,-0.02839565235664432,15.799838415309473,0.7506322981563829,2603.984586369055,0.0,-1456.8880979549165,0.0,-193.04564519447865,0.0,970.6013139331253,True,-3.410605131648481e-13
2018-04-06,0.24952149,0.0,-0.03685845,-0.00794674,-0.01358833221612632,-197.78501802994901,-2.5536588987849695,1649.4599007545594,0.0,-243.65250175031773,-52.531863975813415,-89.82556616118195,0.0,1063.1112919385132,True,9.094947017729282e-13
2018-04-07,0.04779,0.0,-0.05011618,0.0,-0.0398457940857857,346.94591964571345,0.0,329.1043760643104,0.0,-345.12354362056226,0.0,-274.3968445572189,0.0,56.52990753224185,True,-8.526512829121202e-13
2018-04-08,0.04674824,0.0,-0.02317119,-0.00081433,0.039845794085785924,155.0047338767868,-4.922016757873389,327.70498028404825,0.0,-162.42995163257348,-5.708450127634944,279.31886131509384,0.0,588.9681569578461,True,-9.094947017729282e-13
2018-04-09,0.38098093,0.0,-0.03314545,0.00238743,0.005054336435256879,-348.91434244403104,-6.064111003072357e-14,2566.6276933167965,0.0,-223.29734424619943,16.083860034294418,34.05052285968855,0.0,2044.550389520551,True,2.2737367544323206e-12
2018-04-10,0.07279067,0.0,-0.01735801,0.0,-0.005054336435257101,129.94154838075633,0.4034664071709688,496.19351521859073,0.0,-118.32466989381263,0.0,-34.45398926686101,0.0,473.75987084584267,True,-1.7621459846850485e-12
2018-04-11,0.0063,0.0,-0.00194443,0.0,0.0,215.5687683250853,0.0,43.752150899736996,0.0,-13.503649964123111,0.0,0.0,0.0,245.81726926070223,True,3.0127011996228248e-12
2018-04-12,0.03521373,0.0,-0.07224997,0.00094491,-0.0008533912816071076,1619.329386257728,0.0,278.34095214445176,0.0,-571.0876252588997,7.468880720412575,-6.74548654386503,0.0,1327.3061073198242,True,-3.410605131648481e-12
2018-04-13,0.99929196,0.0,-0.34556042,-0.00756095,0.07697022299432033,24.334055480213323,-0.012574225008916052,7913.457680056649,0.0,-2736.5153218811056,-59.87565220281,609.5321754515838,0.0,5750.920362679522,True,9.094947017729282e-13
2018-04-14,-0.31299285,0.0,-0.30064138,0.00241946,-0.18019702450464248,200.70995045663756,6.649052529713403,-2505.9515703671123,0.0,-2407.060539332882,19.371207957116,-1442.7326903246826,0.0,-6129.014589081211,True,0.0
2018-04-15,0.27090048,0.0,-0.32066152,0.0,0.11065380516746526,566.4052041603609,-34.9556614442726,2259.9252456601175,0.0,-2675.0453316278604,0.0,923.104041108789,0.0,1039.433497857135,True,6.821210263296962e-13
2018-04-16,1.50046159,0.0,-0.29526512,0.0049468,0.11646716447604843,-483.3011575057213,-1.9411152134512741,12074.18760680447,0.0,-2375.993145299797,39.80681121823342,937.209191683715,3492.443677921038,10189.968191687447,True,0.0
2018-04-17,0.174,0.02718168,0.00735155,0.0,-0.1244764854117748,-522.4571581169589,-19.593527078393677,1372.466404677967,214.40196909601724,57.987099984542,0.0,-981.8378988508504,0.0,120.96688971232288,True,-3.410605131648481e-13
2018-04-18,1.38869413,0.0,0.02168234,0.0,0.001435708560190374,959.9200854953109,-0.39495897974992233,11335.68085670872,0.0,176.98936083689628,0.0,11.719451886473275,-8172.630263610872,12483.914795947649,True,0.0
2018-04-19,-1.31129533,0.0,-0.37738569,-0.00015639,-0.002671982363721792,429.35857284823106,0.0,-10848.303406578556,0.0,-3122.0994788572903,-1.2938093585331538,-22.10522276372397,0.0,-13564.44334470987,True,1.8189894035458565e-12
2018-04-20,0.20043333,0.0,-0.01549917,-0.00758526,0.036094435158063654,1251.8856195844667,-1.5137683653099725,1771.730647442867,0.0,-137.0049307614011,-67.04991435717044,319.0568004417264,0.0,3137.104453985179,True,9.094947017729282e-13
2018-04-21,0.655368,0.0,-0.0288527,-0.0011854,-0.03342245279434186,57.384604577032746,0.8034656368639904,5808.881026051097,0.0,-255.7370844782542,-10.506841298752718,-296.24127494955644,0.0,5304.583895538435,True,4.547473508864641e-12
2018-04-22,0.04745217,0.0,-0.01285325,0.0,0.0,-188.52166317002548,-0.0,417.62460676333484,0.0,-113.12092738605702,0.0,0.0,0.0,115.98201620725013,True,-2.2168933355715126e-12
2018-04-23,0.0,0.0656,0.00862086,0.0,0.0,395.5791787833188,0.0,0.0,585.8594719607246,76.99104401596541,0.0,0.0,0.0,1058.429694760005,True,-3.637978807091713e-12
2018-04-24,0.64889749,0.0811,-0.05312047,-0.00296184,0.05679128831117408,2251.743833068227,0.0,6263.29730044383,782.7945382651961,-512.7301329972897,-28.588312887982593,548.1616561162903,-9663.796445266515,9304.678882008277,True,5.4569682106375694e-12
2018-04-25,0.97879291,0.10187811,-0.00696969,0.0,-0.05679128831117408,-2225.946932868594,-45.24589495641128,8667.70936157279,902.182513547572,-61.72015208023958,0.0,-502.91576115987897,-4441.923282591934,6734.063134055238,True,0.0
2018-04-26,0.91010599,0.0,-0.01609512,0.0,0.0,1377.4470594882391,0.0,8431.883926978393,0.0,-149.1168997039438,0.0,0.0,0.0,9660.214086762684,True,-3.637978807091713e-12
2018-04-27,0.44413118,0.0,0.02656448,0.0,0.0,-1207.284956187289,-0.0,3988.8890418135,0.0,238.58438214915216,0.0,0.0,-8992.1083871294,3020.1884677753733,True,1.000444171950221e-11
2018-04-28,0.15372989,0.0047445,-0.09035442,0.0,0.0,1344.479856452879,0.0,1436.1176811762666,44.32228721649899,-844.0751511266058,0.0,0.0,0.0,1980.8446737190316,True,-6.821210263296962e-12
2018-04-29,0.02972681,0.31824564,-0.00847953,0.0,0.0,209.5286139951146,0.0,279.3427631099897,2990.553524757855,-79.68212331138292,0.0,0.0,0.0,3399.7427785515756,True,-9.094947017729282e-13
2018-04-30,0.0,0.0,-0.0,0.0,0.0,-696.1650721669128,-0.0,0.0,0.0,-0.0,0.0,0.0,0.0,-696.1650721669139,True,-1.1368683772161603e-12
2018-05-01,0.00466925,0.0,-0.0214544,0.0,0.0,-647.7047507205749,-0.0,42.360223970731724,0.0,-194.63793738987346,0.0,0.0,0.0,-799.9824641397136,True,3.183231456205249e-12
2018-05-02,0.036,0.0,0.0196767,0.0,0.0,543.720390455682,0.0,331.3485950601989,0.0,181.1068583450282,0.0,0.0,0.0,1056.1758438609104,True,1.1368683772161603e-12
2018-05-03,-0.27311911,0.14202341,0.01798002,0.0,,2282.5163157192464,0.0,-2663.10254586317,1384.8276846800238,175.3177836463758,0.0,,0.0,,False,
2018-05-04,0.07724271,0.0,-0.0185542,0.0,,-219.6312189110986,,748.994976270235,0.0,-179.91345188061365,0.0,,0.0,,False,
2018-05-05,1.7e-07,0.0,-1e-08,0.0,0.0,409.2069110410996,0.0,0.0016653073812507302,0.0,-9.79592577206312e-05,0.0,0.0,0.0,409.20847838922055,True,-2.5579538487363607e-12
2018-05-06,0.17877247,0.0,0.00092174,-0.06662654,0.0,-827.783253948907,-0.0,1715.3373705692718,0.0,8.844175324917313,-639.287435776484,0.0,0.0,257.11085616880155,True,3.524291969370097e-12
2018-05-07,0.06432669,0.33940544,-0.00325928,0.0,0.0,-1082.2862125297904,-0.0,600.7798190172462,3169.8807884669454,-30.440080913949245,0.0,0.0,0.0,2657.9343140404526,True,4.547473508864641e-13
2018-05-08,0.0,0.0,-0.0,0.0,0.0,-589.3208209391986,-0.0,0.0,0.0,-0.0,0.0,0.0,0.0,-589.320820939196,True,2.6147972675971687e-12
2018-05-09,0.0,0.41574183,0.01934107,0.0,0.0,373.9311967676395,0.0,0.0,3863.506401062332,179.73738112519166,0.0,0.0,0.0,4417.174978955154,True,-9.094947017729282e-12
2018-05-10,0.0,0.0,-0.0,0.0,0.0,-1295.5086362049583,-0.0,0.0,0.0,-0.0,0.0,0.0,0.0,-1295.508636204955,True,3.183231456205249e-12
2018-05-11,1.20262039,0.41920664,0.1355001,0.0,0.0,-3132.258357733988,-0.0,10125.773356055748,3529.6187070249603,1140.8781305652813,0.0,0.0,0.0,11664.011835912002,True,1.8189894035458565e-12
2018-05-12,0.82369224,0.0,0.10394629,0.0,0.0,450.7339997032358,0.0,6989.6672376495935,0.0,882.0648567579362,0.0,0.0,-16981.733463926244,8322.466094110769,True,3.637978807091713e-12
2018-05-13,0.05141595,0.0,0.00683069,0.0,0.0,1208.6761184990762,0.0,447.1045195594124,0.0,59.39854015552144,0.0,0.0,0.0,1715.1791782140062,True,-3.865352482534945e-12
2018-05-14,0.05636846,0.0,0.02091543,0.0,0.0,-143.90534269547334,-0.0,488.77509777651915,0.0,181.35924492682506,0.0,0.0,0.0,526.229000007872,True,1.1368683772161603e-12
2018-05-15,0.08839392,0.0,-0.002274,0.0,0.0,-1075.494547056742,-0.0,750.3285565933624,0.0,-19.30276582024313,0.0,0.0,0.0,-344.46875628362613,True,-3.353761712787673e-12
2018-05-16,0.76925852,0.0,0.1216498,-0.0024486,0.0,-960.3327591769082,-0.0,6406.197410366892,0.0,1013.0698763422865,-20.391343834611508,0.0,0.0,6438.543183697657,True,-1.8189894035458565e-12
2018-05-17,0.0287208,0.0,0.00966411,0.0,0.0,-1903.010106330217,-0.0,231.2172668066559,0.0,77.80107449370739,0.0,0.0,0.0,-1593.9917650298448,True,8.86757334228605e-12
2018-05-18,0.0,0.0332,0.00226063,0.0,0.0,1260.192956768483,0.0,0.0,273.33847031560515,18.611962233420673,0.0,0.0,0.0,1552.143389317498,True,-1.0686562745831907e-11
2018-05-19,0.06884835,0.0,-0.00447625,0.0,0.0,-25.001117257279738,-0.0,566.5863214767971,0.0,-36.83722299097238,0.0,0.0,0.0,504.7479812285528,True,7.73070496506989e-12
2018-05-20,-0.05785182,0.0,0.03946981,0.0,0.0,1974.4221642227724,0.0,-492.40280566488104,0.0,335.94526815335763,0.0,0.0,0.0,1817.9646267112475,True,-1.3642420526593924e-12
2018-05-21,0.0450795,0.0,0.02808416,0.0,0.0,-787.970415856194,-0.0,378.60573123259803,0.0,235.86827566528646,0.0,0.0,0.0,-173.49640895830817,True,1.3358203432289883e-12
2018-05-22,-1.21390671,0.00515,0.07262628,-0.0024428,0.07724745803870636,-2760.017772693263,-0.0,-9720.390187873785,41.23876164054649,581.5568640309881,-19.560785812723683,618.5610697856948,0.0,-11258.612050922544,True,-1.8189894035458565e-12
2018-05-23,-2.5142666,0.0,0.32759452,0.0,-0.07724745803870547,-2880.3158883971064,-37.59315932705029,-18909.46640866867,0.0,2463.7950373297476,0.0,-580.9679104586379,0.0,-19944.548329521724,True,-3.637978807091713e-12
2018-05-24,-2.05609075,0.0,0.34962348,0.01032151,0.44330430085675054,204.34584599220653,4.863381416529728e-14,-15576.171431082836,0.0,2648.616195959133,78.19188388821642,3358.306916307594,26208.259341829038,-9286.710588935683,True,3.637978807091713e-12
2018-05-25,0.39648643,0.0,0.01440474,0.01204384,-0.43196819698637867,-825.6601153036851,-66.60594434265606,2944.060692575242,0.0,106.96060599291201,89.43003656308086,-3207.526142042734,0.0,-959.340866557839,True,1.8189894035458565e-12
2018-05-26,0.90090132,0.0,-0.01163815,-0.00415888,-0.01133610387037276,-586.3328305689992,-1.123096014876243,6600.276211384615,0.0,-85.2646154292746,-30.469215796024418,-83.05173390733448,0.0,5814.0347196681105,True,4.547473508864641e-12
2018-05-27,0.0,0.0,-0.0,0.0,0.0,80.89056564877444,0.0,0.0,0.0,-0.0,0.0,0.0,0.0,80.89056564876955,True,-4.888534022029489e-12
2018-05-28,-0.2767011,0.0,-0.11800677,0.0,0.0,-1546.8662638304877,-0.0,-1967.5727899583155,0.0,-839.1253583121616,0.0,0.0,0.0,-4353.564412100968,True,-3.637978807091713e-12
2018-05-29,0.86711782,0.0,-0.01004488,0.0,0.0,2196.9369659688796,0.0,6463.178626713148,0.0,-74.87085633172477,0.0,0.0,0.0,8585.244736350309,True,5.4569682106375694e-12
2018-05-30,0.33540672,0.0,-0.09091925,-0.00696455,1.1106946837813325e-06,-573.7328459234807,-0.0,2473.513556842171,0.0,-670.4993789418487,-51.36125132586832,0.008191005707475552,0.0,1177.928271656674,True,-6.59383658785373e-12
2018-05-31,0.22288101,0.0,-0.01409449,-2e-08,-1.963024616635778e-06,780.8804986791557,0.00011559312561512121,1666.869540854452,0.0,-105.40905245753179,-0.0001495748373407364,-0.014680954386457895,0.0,2342.326272139988,True,1.0459189070388675e-11
2018-06-01,0.40792858,0.0,0.03766459,0.00102133,-1.2160418858542243e-06,316.9158982015348,-3.502553567203718e-05,3067.555914145204,0.0,283.2315299123055,7.680233833564496,-0.009144435231285861,0.0,3675.374396631836,True,-6.366462912410498e-12
2018-06-02,0.0,0.0,0.00967654,0.00429164,0.038032237660768686,959.5550931212574,-0.0002432664131672768,0.0,0.0,73.9040735187463,32.777178420798386,290.46924708251925,0.0,1356.7053488769016,True,-6.821210263296962e-12
2018-06-03,0.04038444,0.0,0.00642735,0.00045367,-0.03802981554512286,528.8451641480043,2.4609200854783406,311.0473349189961,0.0,49.50446479118219,3.494237989500435,-292.91164549443977,0.0,602.4404764387218,True,1.1368683772161603e-13
2018-06-04,0.36210791,0.001755,0.04918624,-4.91e-06,0.05116105916320279,-1771.4160297239507,-7.623346918683415e-05,2710.976342998666,13.139076365281994,368.2403210718449,-0.036759467209991216,383.0251072786505,0.0,1703.927982289817,True,3.410605131648481e-12
2018-06-05,0.31787633,0.0,0.02977487,-0.00097939,-0.03754171271398654,1074.766119721491,6.369424676165031,2419.404382261946,0.0,226.62099741518895,-7.454284054253197,-285.73560119382927,0.0,3433.971038826705,True,-3.637978807091713e-12
2018-06-06,0.41704582,0.0,-0.13462389,1e-07,-0.01361916449401157,355.82377310370424,0.5396936189630837,3190.72407012083,0.0,-1029.9772006737746,0.000765077580713033,-104.1971742241121,0.0,2412.913927023197,True,5.4569682106375694e-12
2018-06-07,0.0,0.0,-0.0,7e-08,-2.5868666675421537e-07,140.5236696708073,8.127673456889415e-06,0.0,0.0,-0.0,0.000536616352738165,-0.0019830785087948596,0.0,140.52223133630469,True,-2.000888343900442e-11
2018-06-08,0.0,0.0,-0.0,7e-08,7.417807346143945e-07,-401.4660076495198,-1.2007257763915756e-05,0.0,0.0,-0.0,0.0005335821631151375,0.005654299556181206,0.0,-401.4598317750206,True,3.7630343285854906e-11
2018-06-09,0.0,0.0,-0.0,1e-07,1.153355807304024e-06,-615.279563812227,-6.767906987355376e-05,0.0,0.0,-0.0,0.0007556171697837519,0.00871495450868721,0.0,-615.2701609196374,True,-1.9099388737231493e-11
2018-06-10,0.52567957,0.14718,0.04070537,1e-07,-2.0959252076124812e-06,-7515.507713607135,-0.0017625595964016057,3545.5698156299054,992.6902151902336,274.5469663316896,0.000674473580099357,-0.014136461783988783,0.0,-2702.7159410031018,True,5.002220859751105e-12
2018-06-11,0.00813271,0.0,0.01316101,5.1e-07,-0.08457227515664734,1044.6086180936263,7.981908460257774e-06,55.70461236467276,0.0,90.14571531231066,0.0034932208705318536,-579.2737973442413,0.0,611.1886496291409,True,-6.59383658785373e-12
2018-06-12,-0.02733369,0.0,0.02888447,0.02189051,-0.2028107876951939,-3226.511793773707,27.295931540062302,-178.39878577653874,0.0,188.52026110630726,142.8727846122927,-1323.685103153141,0.0,-4369.906705444722,True,1.8189894035458565e-12
2018-06-13,0.21472592,0.0,-0.08524842,-0.01007276,0.28738388040091856,-2206.3318916528724,63.27785742841917,1354.17184199744,0.0,-537.6202832837853,-63.523993578409794,1812.3902260280636,0.0,422.36375693884474,True,-1.0686562745831907e-11
2018-06-14,0.74154199,0.0,0.09803815,-0.00175427,0.051640800241180784,3277.725665286524,0.00028891826729288773,4916.25293113913,0.0,649.9703979014834,-11.630406835773982,342.36663462857354,0.0,9174.685511038195,True,-9.094947017729282e-12
2018-06-15,0.59568065,0.0,-0.04373735,2.7e-07,-0.032544344097965805,-2525.883586532176,-11.882551240064231,3812.1619957858416,0.0,-279.90478365611483,0.0017279119925452961,-208.27319428294757,0.0,786.2196079865535,True,2.2396307031158358e-11
2018-06-16,1.02156907,0.0,0.02964218,3e-07,-0.019097687030063426,1102.6921596501081,1.8264946604156889,6635.413219751607,0.0,192.5353055513483,0.001948594592752776,-124.04549893622139,0.0,7808.4236292718415,True,-9.094947017729282e-12
2018-06-17,0.0,0.0,-0.0,4e-07,-1.0649663781947538e-06,-561.366398643755,1.5042480385735307e-05,0.0,0.0,-0.0,0.002580277589129164,-0.006869772197079942,0.0,-561.3706730958656,True,1.693933882052079e-11
2018-06-18,0.2380733,0.0195,0.03610211,4e-08,8.532326312149507e-07,3184.402407567871,-0.00035489266426431704,1595.9987858146674,130.7243454994156,242.02177953322595,0.0002681525035885448,0.005719911655093265,0.0,5153.152951586657,True,-1.7280399333685637e-11
2018-06-19,0.04200144,0.0,0.0332722,6e-08,8.218877809440528e-07,369.4451124854412,-1.574985745821901e-05,282.77506479807386,0.0,224.00537960066305,0.00040395052855055514,0.005533366725359884,0.0,876.2314784515765,True,2.0463630789890885e-12
2018-06-20,0.47285449,0.0,0.13518216,-2.2e-07,6.247585986329796e-07,268.0314833707619,5.651385685525856e-06,3193.284169493711,0.0,912.9130856428284,-0.001485705501683227,0.004219124032786003,0.0,4374.23147757721,True,-7.275957614183426e-12
2018-06-21,0.0,0.0,-0.0,-1.5e-07,7.234607029005247e-07,-445.14660467770045,-2.9477951165877973e-05,0.0,0.0,-0.0,-0.0010080559851548805,0.004861925943888205,0.0,-445.1427802856779,True,1.5006662579253316e-11
2018-06-22,0.53133817,0.00179035,0.03731551,4e-08,-0.03856389297341423,-8958.864734615525,-0.001071323866021757,3219.6839479751857,10.848761639423294,226.1161635677473,0.00024238303436586802,-233.6808348964179,0.0,-5735.897525270411,True,7.275957614183426e-12
2018-06-23,0.87798558,0.1510018,0.04770975,9.7e-07,0.33078818770811935,1619.7857603105588,-4.421161375609922,5420.88120195006,932.3192062910902,294.57076837724014,0.005988999005987727,2042.3609560581529,0.0,10305.502720610486,True,-1.2732925824820995e-11
2018-06-24,-2.24220913,0.22302967,0.02527439,-0.05870129,0.22108071153677145,-421.7596300085788,-8.105933250308917,-13781.709705867086,1370.8490107411762,155.3487144942943,-360.80672731000726,1358.8697625035202,0.0,-11687.314508696989,True,1.8189894035458565e-12
2018-06-25,0.59899133,0.63235654,0.024753,-5.064e-05,0.6339499710406002,1276.397328418737,49.81550789022966,3739.823597688871,3948.140468819284,154.54623277033514,-0.3161726347307305,3958.0891119940134,0.0,13126.496074946757,True,1.8189894035458565e-11
2018-06-26,0.21437904,-0.0160548,-0.02572366,2e-08,-2.2035438933318563,-2123.871323783103,-169.11328028223343,1306.8822326183256,-97.87212811588621,-156.81474369842647,0.00012192257532437179,-13433.087315765637,0.0,-14673.876437104409,True,-2.3646862246096134e-11
2018-06-27,0.13161807,1.19038169,-0.03666638,-6e-08,0.8433373521724512,627.8645353456906,-45.48469953585478,808.0282974701412,7307.978990349345,-225.10186181725072,-0.0003683513809935708,5177.407971936396,0.0,13650.692865397083,True,-3.637978807091713e-12
2018-06-28,0.0,0.0,0.00679223,-0.00876076,-3.3283406683330465,-4451.318148048201,59.74393796820782,0.0,0.0,39.793201691762576,-51.32610198022238,-19499.535721533688,0.0,-23902.64283190212,True,1.8189894035458565e-11
2018-06-29,-0.65440627,-2.89626371,-0.10425144,-0.00340419,4.451449186125227,5747.253015420959,-1282.9314564135436,-4071.0049402766253,-18017.406636024298,-648.539212912725,-21.17717225973444,27692.081293943236,0.0,9398.274891477253,True,-1.8189894035458565e-11
2018-06-30,0.62805971,0.81852835,-0.01944083,0.00313404,0.06816671976972088,1887.3654800210957,140.73555998184622,4004.2205769135103,5218.561244530498,-123.94581323848567,19.9812012409935,434.59973250411707,0.0,11581.517981953599,True,2.546585164964199e-11
2018-07-01,0.0,0.0,-0.0,-6e-08,0.07948912905079375,-192.7975443046932,-13.832240586367943,0.0,0.0,-0.0,-0.0003816841523319696,505.6623473559792,0.0,299.0321807807486,True,-1.716671249596402e-11
2018-07-02,0.24200615,1.17123418,0.00712258,-6e-08,0.5579286601037232,3367.650260311254,261.24273551631427,1599.2654935047728,7739.945488523154,47.068623746657785,-0.00039650202943307996,3686.9974335000893,0.0,16702.1696386002,True,-1.0913936421275139e-11
2018-07-03,1.10019957,0.0,-0.12966763,1e-08,-0.2562872459318868,-1657.1108755560495,-177.82754970272404,7149.43551236082,0.0,-842.6201791059265,6.4983078591467e-05,-1665.433424438243,0.0,2806.443548540963,True,6.821210263296962e-12
2018-07-04,0.20825172,0.29066551,0.00249474,0.00222095,0.1894520646269342,1298.6008020509753,110.15061245668248,1370.1574920862251,1912.3852913078633,16.4137261474104,14.612370462289107,1246.4682920256198,0.0,5968.788586537077,True,1.1823431123048067e-11
2018-07-05,0.46383222,0.0,-0.03447733,-6e-08,-0.10241154748404568,-727.9286147577133,-68.20611876391622,3031.281966481456,0.0,-225.31963967796395,-0.00039211790416130934,-669.2900226893402,0.0,1340.5371784746094,True,-8.640199666842818e-12
2018-07-06,0.0,0.0,0.00894025,-6e-08,-0.15718042643888097,1071.2083530005582,91.36171245938239,0.0,0.0,58.991873931676366,-0.0003959075457510228,-1037.1486145252757,0.0,184.41292895880179,True,6.139089236967266e-12
2018-07-07,0.38000492,0.0,0.00577478,-6e-08,0.10884159744141542,2365.4257072370606,179.72675257198864,2560.4184607896127,0.0,38.909636535754956,-0.0004042713648217416,733.3590191169932,0.0,5877.8391719800275,True,-1.8189894035458565e-11
2018-07-08,0.10225227,0.0,0.03997162,-0.00892223,0.005729742346009203,-571.5983546680064,-46.049856430210475,685.5932881365022,0.0,268.0065135761072,-59.82283819430262,38.41746393674591,0.0,314.5462163568445,True,8.810729923425242e-12
2018-07-09,0.22270903,-0.56837155,-0.02223181,-1e-08,-2.0965858035265015,-715.190084503208,-57.413214561920455,1484.1383417628138,-3787.6417032670843,-148.1533174823937,-6.66402409351257e-05,-13971.698308817018,0.0,-17195.958353509035,True,1.8189894035458565e-11
2018-07-10,0.75244609,-1.26232623,0.04076847,-0.00628606,0.0012892652210254596,-6076.6363034338165,245.86647989767948,4747.245590359952,-7964.122225637723,257.2117019482711,-39.659280594757405,8.134082583002806,0.0,-8821.959954877399,True,-7.275957614183426e-12
2018-07-11,0.20187417,-0.48641218,0.01873881,-6e-08,0.27602616261048496,1146.7004121175526,-47.6329181583298,1287.5487145177326,-3102.325458897332,119.51569003152822,-0.00038267859068381036,1760.4883816606778,0.0,1164.294438593235,True,-3.637978807091713e-12
2018-07-12,0.73022903,-0.21360575,0.00516825,0.00727456,-1.2117061669160805,-3578.96769804516,90.76529425037883,4497.821376288152,-1315.6974989724295,31.833663649336494,44.80740990411015,-7463.463756481069,0.0,-7692.901209406686,True,-4.547473508864641e-12
2018-07-13,0.91168439,0.22159297,0.0268013,0.00789784,0.9762160648260263,837.2676520494841,-80.57166400939418,5660.635223625321,1375.8675535617638,166.40888500783623,49.03757460907826,6061.311461549873,0.0,14069.956686393969,True,7.275957614183426e-12
2018-07-14,0.01000065,-0.05603176,0.03865789,0.00319158,0.8871401254274538,833.7908987124739,-30.022767841395808,62.555190609785534,-350.4849611776991,241.80945013795323,19.963691884665426,5549.161268887864,0.0,6326.77277121364,True,-7.275957614183426e-12
2018-07-15,2.68e-06,0.73835339,0.02080425,-0.01759954,0.7637400946807453,1671.4967900580368,21.85275122571817,0.01701157945382817,4686.775133950886,132.0571462135465,-111.71491532120409,4847.919889080502,0.0,11248.40380678694,True,0.0
2018-07-16,-0.3233523,0.04481409,0.02578334,-0.0275157,1.098131440268645,6833.086159242196,363.2057100683851,-2169.955019760919,300.7387284751573,173.02702983464937,-184.6525642070136,7369.348636667295,0.0,12684.798680319771,True,2.1827872842550278e-11
2018-07-17,-5.86012875,0.25900052,0.08747745,0.00890459,1.0354371435488066,11301.26822888272,1279.4183709351332,-42899.62821795169,1896.037867129824,640.386968025994,65.186895498378,7580.015797656609,0.0,-20137.314089823034,True,3.637978807091713e-12
2018-07-18,2.91540742,1.09929911,0.11655797,-0.00265614,-0.3001524694515201,722.339278056755,173.73643420476594,21504.15690452763,8108.472381691194,859.7360554680979,-19.591790474482643,-2213.9361223025644,0.0,29134.913141171375,True,-2.1827872842550278e-11
2018-07-19,0.91247433,0.92503916,0.05409791,0.01698332,-0.9648535967721443,1561.216840639932,257.8300539684949,6813.47711821963,6907.299134779065,403.95094942397435,126.81503293512027,-7204.594899715058,0.0,8865.994230251148,True,-1.0913936421275139e-11
2018-07-20,0.7299985,-2.26156082,0.04036113,0.00367717,-1.6403132661831954,-2664.942094751469,-261.1841924266883,5348.886387656767,-16571.036632206607,295.73635952326634,26.94356845678427,-12018.996341746051,0.0,-25844.59294549396,True,4.001776687800884e-11
2018-07-21,0.10042823,0.02928947,-0.00362665,-0.00337181,1.1700207898422583,1464.409637895783,19.01578669173027,744.2299885553658,217.05153942166194,-26.87552780721434,-24.98701926451226,8670.515840355287,0.0,11063.360245848075,True,-2.546585164964199e-11
2018-07-22,0.47817473,0.2389455,0.01325943,3e-08,-0.4940396794453825,-196.15781395819837,-15.49552936333512,3538.2461428284155,1768.0733436524495,98.11293677857752,0.00022198451240794859,-3655.6385783954156,0.0,1537.1407235269726,True,-3.3651303965598345e-11
2018-07-23,4.18380928,0.04156193,-0.02752962,-0.00062524,-6.4004017483406805,5836.6855705986245,286.3492619621767,32282.936071313663,320.69844474134663,-212.42291487234286,-4.824451020202373,-49386.51516935456,0.0,-10877.093186631246,True,5.820766091346741e-11
2018-07-24,-0.59313125,-0.7480363,0.00669299,-0.0210852,2.193414399773687,15420.286085381815,-3745.4046015968333,-4980.888784491957,-6281.721991655069,56.205163403069434,-177.06542388176277,18419.453002309212,0.0,18710.863449468452,True,-2.1827872842550278e-11
2018-07-25,3.66784244,-0.30573028,0.1334877,-0.01370446,1.5138965821012746,-4145.989658737489,643.693176219104,30086.285989638684,-2507.8200032421,1094.9622793227431,-112.41385354970804,12418.070370502466,0.0,37476.78830015371,True,1.4551915228366852e-11
2018-07-26,1.20622996,-0.52756867,0.11284588,0.04457412,0.8592588066271176,-7148.903963675863,516.6022867477591,9546.02040603082,-4175.141935126981,893.0544829250513,352.75650017917525,6800.114716205653,0.0,6784.502493285603,True,-1.2732925824820995e-11
2018-07-27,1.00027393,-0.11716127,0.01111038,0.01397241,-0.3015980926391819,6649.6099670414205,-241.54942075610833,8176.0136534176845,-957.6498141581633,90.81374196632193,114.20733011721077,-2465.194832442232,0.0,11366.250625186163,True,2.9103830456733704e-11
2018-07-28,0.7640584,0.0,0.03151415,-0.02716846,-0.5936982551740861,439.49753896052493,-20.41987890822914,6257.913400339991,0.0,258.1122353805999,-222.51946958583406,-4862.602474905564,-32771.268658835994,1849.9813512814872,True,-9.094947017729282e-13
2018-07-29,0.44733544,0.18616342,0.0465589,-0.03997998,0.35813286401601374,913.0999537267794,-71.61927180012792,3681.394348877331,1532.0515681826532,383.1613952830225,-329.0194768387426,2947.2923087332556,0.0,9056.360826164135,True,-3.637978807091713e-11
2018-07-30,0.75952607,0.00114813,0.00165456,-0.11972394,-2.20296851532823,-1380.9772961615004,84.72921520702307,6206.725154754722,9.382334107278949,13.52079879503145,-978.3648242967421,-18002.305173304176,0.0,-14047.289790898358,True,3.637978807091713e-12
2018-07-31,-2.14613641,-1.44679338,-0.30719586,-0.19915024,0.8535539871194331,-10966.142063518282,1639.2906581276932,-16579.18928053302,-11176.67133602292,-2373.1288865911943,-1538.4620981401542,6593.818103857958,0.0,-34400.48490281994,True,-2.1827872842550278e-11
2018-08-01,-1.07127119,-0.16475965,0.07602267,-0.030044,1.1492486318929735,-2626.444878868885,361.6951952387108,-8138.123719365842,-1251.6293056097347,577.5212660545104,-228.2351950719662,8730.49479717358,0.0,-2574.7218404495798,True,4.547473508864641e-11
2018-08-02,0.75833751,0.0,0.0787313,-0.00647862,-2.129845506795302,-1040.080109394046,90.01947856661931,5719.908288590707,0.0,593.846156233946,-48.86625249043731,-16064.774334763059,0.0,-10749.946773256292,True,-2.1827872842550278e-11
2018-08-03,-0.01675639,-0.19727101,0.01014746,-0.01010383,2.2382162531401093,-2638.847914126537,498.7072337109163,-124.18737467970578,-1462.0433656840157,75.20631932458765,-74.88296237495378,16588.19115829352,0.0,12862.143094463798,True,-1.4551915228366852e-11
2018-08-04,-1.44514216,0.56177335,-0.12008068,-0.03095974,-3.5549911046391713,-8132.042282243028,637.6596029290206,-10119.186937328084,3933.65421230188,-840.8299765342626,-216.78655931750947,-24892.789473654437,0.0,-39630.32141384644,True,-1.4551915228366852e-11
2018-08-05,-2.26627063,-0.11572733,-0.09288328,0.12157085,4.924559547032594,553.5534799173346,-150.23132082639827,-15935.480802410702,-813.7468760865723,-653.1169339228201,854.8360997414289,34627.472590096724,0.0,18483.28623650904,True,4.3655745685100555e-11
2018-08-06,0.57957015,0.0,0.12036292,0.01531276,0.5749134173140718,-1675.1731422663765,19.200259469647502,4016.41586205819,0.0,834.1139396009974,106.11728736528299,3984.144746947919,0.0,7284.818953175651,True,-1.000444171950221e-11
2018-08-07,4.24717142,0.0,-0.06879748,-0.0144049,-0.6406181779572186,-3568.2577305374293,-80.04640893303247,28551.942988444905,0.0,-462.4964552781527,-96.83807006646556,-4306.605946787041,0.0,20037.69837684279,True,3.637978807091713e-12
2018-08-08,-3.4690908,-0.28185634,0.04685975,0.11995298,0.8231974077148756,-9726.335276203807,115.93206994680968,-21742.14038754995,-1766.5032328934744,293.6882663969169,751.7919482144921,5159.298109234851,0.0,-26914.26850285419,True,-2.9103830456733704e-11
2018-08-09,6.2419966,0.3482877,-0.11190532,0.09892894,-0.4005457053292538,5169.814301703535,165.26991872613667,40935.61860188549,2284.104488446519,-733.8859330749954,648.7855755206297,-2626.8175516118586,0.0,45842.88940159549,True,2.9103830456733704e-11
2018-08-10,3.18789921,0.0,0.03298106,0.06121593,-0.1799425226140663,-10288.673039484604,-70.93798817405431,19560.158502666596,0.0,202.36360019235275,375.605756271116,-1104.0826675636351,-15346.742548635873,8674.43416390775,True,-2.1827872842550278e-11
2018-08-11,1.20914565,0.0,-0.11378459,0.04098188,1.3416808490566865,4475.162007348456,-2.1324734383853556,7634.24251556067,0.0,-718.4073768066233,258.74931664651444,8471.03653739489,0.0,20118.650526705547,True,2.546585164964199e-11
2018-08-12,1.06421925,0.0,-0.12226388,-3e-08,-1.039281049427366,24.76297300292581,1.253035213075923,6720.216417870835,0.0,-772.0587028364594,-0.00018944074967270608,-6562.739370805232,0.0,-588.5658369956072,True,-3.637978807091713e-12
2018-08-13,0.5469264,0.05504633,-0.02499733,0.00387975,0.3186609859106859,-1329.5239756991098,-14.185134439931891,3426.957713561183,344.91193915074194,-156.62947128157347,24.30992394806504,1996.6813152146917,-3135.4303611345435,4292.522310454069,True,2.7284841053187847e-12
2018-08-14,-1.91845487,0.0936106,-0.03193842,-0.00125059,-0.21770308564514096,-2211.8558600784377,-49.3470616037429,-11865.315479430017,578.9655616025681,-197.53366896482547,-7.734685406188568,-1346.456376127821,0.0,-15099.277570008475,True,-1.0913936421275139e-11
2018-08-15,1.17047111,1.96374803,-0.20636317,0.00136045,-1.054025640354343,2172.4208345991747,33.4180332946358,7339.105275321034,12313.121958537096,-1293.9414024315145,8.53031372283123,-6608.967168312416,0.0,13963.687844730826,True,-1.6370904631912708e-11
2018-08-16,2.16015099,0.0,-0.13346715,-0.01547214,0.6935347081538019,582.6305832766212,-13.607917951971839,13588.97082383613,0.0,-839.6085346286653,-97.33137174929979,4362.853781077461,0.0,17583.907363860257,True,-1.8189894035458565e-11
2018-08-17,-0.91847453,-0.24581023,-0.04531995,-0.07826163,-2.1228337038402927,8274.100501474793,8.411228689601197,-6028.020246585353,-1613.271783658282,-297.43837989087825,-513.6372046928417,-13932.323792237394,0.0,-14102.179676900327,True,2.7284841053187847e-11
2018-08-18,-0.10448761,1.693855,-0.36886871,0.01155035,2.0919491380142325,-4765.494748335933,342.6418087371689,-668.6462510206733,10839.465038224365,-2360.496905425743,73.9140097613165,13386.983858269374,0.0,16848.366810209904,True,2.9103830456733704e-11
2018-08-19,-0.08766885,0.0,-0.06912713,3.2e-07,-2.05880651904522e-06,2772.7621836967246,0.00016846664578630714,-569.0336185409459,0.0,-448.6845775124274,0.002077029160677968,-0.013363128675783818,0.0,1755.0328700104146,True,-6.730260793119669e-11
2018-08-20,0.092307,0.0,0.01752518,5e-08,1.2516446439292395e-06,-6569.977171603409,4.708148652770832e-05,579.0374475385933,0.0,109.93462570394883,0.00031364763644067795,0.0078515076846408,0.0,-5880.9968861240195,True,4.001776687800884e-11
2018-08-21,0.0,0.0,-0.0,1.8e-07,4.928502203682683e-06,6059.751224798171,0.00020721565454129919,0.0,0.0,-0.0,0.0011651536871011097,0.0319025695250379,0.0,6059.784499737056,True,1.7280399333685637e-11
2018-08-22,0.99592192,0.0,-0.03619182,1e-08,-6.584993862190913e-06,-3272.25417529479,-0.0006445006031694018,6339.052812383014,0.0,-230.36129012629803,6.36500983167738e-05,-0.041913550674380365,0.0,2836.394852560741,True,-4.547473508864641e-12
2018-08-23,0.41215311,0.0,-0.01902439,-0.02962014,-0.09781087833862045,4729.683126265405,-9.402674021276039e-05,2685.7582458604593,0.0,-123.97070669918094,-193.01694763031443,-637.3756903904087,0.0,6461.077933379216,True,-3.637978807091713e-12
2018-08-24,-1.16660339,0.0,-0.08590708,-0.04631821,-0.2287320078524715,5730.405191574718,-17.735460155231642,-7813.5967150326915,0.0,-575.3825883242553,-310.2269516825203,-1531.985660678479,0.0,-4518.522184298461,True,-9.094947017729282e-13
2018-08-25,-0.19707512,0.0,-0.18429522,-0.03566407,0.2892183213055297,1445.7384729577068,-15.578430852959693,-1329.3581883988293,0.0,-1243.1521532995323,-240.56980650895474,1950.9045264692445,0.0,567.9844203666435,True,-3.183231456205249e-11
2018-08-26,0.36774562,0.0,0.03736613,-0.0013027,0.05493455974361794,-1660.8345244735951,2.0741458793382903,2460.1701456340115,0.0,249.97452718506725,-8.71489278027955,367.5050265582955,0.0,1410.1744280028797,True,4.18367562815547e-11
2018-08-27,-2.03522746,0.0,-0.02705944,-0.03391054,-0.20240212335218288,4522.172413561948,2.6288967103901433,-13919.244103162233,0.0,-185.0638113220388,-231.91957322060063,-1384.2602939021795,0.0,-11195.686471334717,True,-1.8189894035458565e-12
2018-08-28,0.37801351,0.0,0.03874212,0.00704803,0.18479340495651542,7156.328703685131,-46.90314510331195,2681.2399256132626,0.0,274.79684243798613,49.991492190107294,1310.7347813029987,0.0,11426.188600126188,True,1.2732925824820995e-11
2018-08-29,0.14749975,0.09676313,0.05444658,-0.00710153,-9.435903294274794e-07,-1704.132267951108,-3.902690924027543e-05,1037.428881686087,680.5765144981293,382.94610398344446,-49.948100428374936,-0.006636674707772429,0.0,346.86445608656504,True,4.149569576838985e-12
2018-08-30,0.88467218,0.0,-0.04188412,-0.05092559,1.6736305710196575e-06,-1921.5159072842043,1.9153671101603808e-05,6163.479003135195,0.0,-291.8051454774975,-354.79673915740364,0.01166012350867055,0.0,3595.3728904932213,True,-4.729372449219227e-11
2018-08-31,0.0,0.0,-0.0,-3e-08,1.1886473068045689e-06,1727.9946014448092,8.060142414286414e-05,0.0,0.0,-0.0,-0.00021075422340736407,0.008350414668361726,0.0,1728.002821706701,True,2.2964741219766438e-11
2018-09-01,0.15985173,0.0,-0.06231627,-4e-08,-2.060664197500728e-06,4966.582139433726,0.0004304194998497379,1149.709997462324,0.0,-448.20058327527335,-0.0002876941018936296,-0.014821023390108221,0.0,5668.07687532276,True,-2.546585164964199e-11
2018-09-02,1.03036984,0.0,0.00215624,-0.00342269,0.11847033940799179,2810.5832920210332,4.8424648087116914e-05,7507.962726005441,0.0,15.711804557790598,-24.940004981775825,863.2540063599065,0.0,11172.57187238711,True,6.730260793119669e-11
2018-09-03,0.48961311,0.0,1.72e-06,0.02065153,-0.10227362784672067,-900.1317283667065,-3.459061865625364,3553.3525621648405,0.0,0.0124828487679252,149.8778638466688,-742.2478077660916,0.0,2057.404310861806,True,-4.729372449219227e-11
2018-09-04,-0.53759317,0.0,0.08594102,0.02731628,-0.37294502866480883,3175.9595883084176,1.6414472713098043,-3956.046790406317,0.0,632.4237644895027,201.01535482647645,-2744.4321579595385,0.0,-2689.4387934701226,True,2.637534635141492e-11
2018-09-05,7.60465117,0.0,0.28780056,-0.01173797,-1.6044098647119895,-17557.019143765392,202.60212586260627,51642.405314245196,0.0,1954.4240540341236,-79.71134911457756,-10895.382664032157,-47617.77206718178,25267.318337229794,True,-7.275957614183426e-12
2018-09-06,-14.1252662,0.0,0.07938819,0.03421988,2.3081057672043386,-9624.763465911063,593.8804942546865,-91645.79973423056,0.0,515.0766052113796,222.02117999088767,14975.16548797016,0.0,-84964.41943271455,True,-2.9103830456733704e-11
2018-09-07,1.15616705,0.0,0.03875459,-0.0112451,-0.34694577980756236,-1411.4912428445252,-27.555420997677295,7409.4741531317495,0.0,248.36474358979365,-72.0659508497339,-2223.4553285550496,0.0,3923.270953474581,True,2.4101609596982598e-11
2018-09-08,1.001e-05,0.0,0.01023312,0.01412133,0.5303520310171059,-4186.603942989098,-0.0005121849323203728,0.06193978292840148,0.0,63.32040274528309,87.37983165437798,3281.7072604232158,0.0,-754.1350205682393,True,-1.4097167877480388e-11
2018-09-09,1.29655298,0.0,-0.00364339,0.03521193,-0.43715111291348663,1166.432108031157,32.59335511127323,8102.478926431594,0.0,-22.76844151464725,220.04802363262044,-2731.8649794377425,0.0,6766.918992254257,True,2.7284841053187847e-12
2018-09-10,3.00802893,0.26639134,0.06304652,-3.6e-07,0.058678877999597034,937.0639325117277,4.30061100361745,18936.711042127645,1677.0370056597758,396.9023434398024,-0.002266339896925776,369.4063397703526,0.0,22321.41900817305,True,2.1827872842550278e-11
2018-09-11,0.0,0.20500826,0.00903856,-1e-07,-0.5453957972024561,-401.1231171486951,-2.5765225640997578,0.0,1287.1289109228237,56.74791781126574,-0.000627842463968439,-3424.2264115362113,0.0,-2484.0498503574054,True,-2.4556356947869062e-11
2018-09-12,0.0,0.09130277,0.02897792,-0.02300043,0.20146948403517229,1171.7884788954304,-19.32613516902355,0.0,577.7215972393437,183.35884253099795,-145.5360571951072,1274.8054863153243,0.0,3042.812212616962,True,-3.637978807091713e-12
2018-09-13,-0.11605455,-2.33267289,0.198188,-0.13747711,-2.6486777438616507,3913.986131772229,-31.375403921159677,-753.2999079787286,-15141.175192023706,1286.4209301788535,-892.3518665332945,-17192.33499002226,0.0,-28810.130298528064,True,0.0
2018-09-14,0.43447991,-1.62001004,-0.09748701,-0.16161652,2.931622701373673,81.59870072781546,-10.746912661294878,2821.8147071758044,-10521.471882657273,-633.1484431042961,-1049.6500817691951,19039.99670462713,0.0,9728.39279233871,True,1.8189894035458565e-11
2018-09-15,0.07269069,0.16993858,-0.00902064,-5.2e-07,-0.09089281001917016,593.0662926279634,2.678862514924196,474.2461040409559,1108.7074492105153,-58.852149786389546,-0.0033925661470718886,-592.9997505447562,0.0,1526.8434154970455,True,-2.0463630789890885e-11
2018-09-16,0.0,-1.56287425,-0.00185054,0.00878631,-0.04946644909067288,-544.7967244444673,-0.00021273480095856012,0.0,-10154.626499559852,-12.023707296025568,57.08821190146791,-321.40353888054346,0.0,-10975.762471014197,True,2.546585164964199e-11
2018-09-17,0.0,0.87146051,0.0036217,-0.00305848,-3.0221005395180747,-4490.090067144399,11.811175715486062,0.0,5454.118281587217,22.666753058522897,-19.14178725306655,-18914.10294814176,0.0,-17934.738592177993,True,7.275957614183426e-12
2018-09-18,0.0,-7.47511389,-0.15243435,-0.04237191,3.6044578111142336,1608.4045877035812,-251.10890582723238,0.0,-47394.821833814145,-966.4867941702046,-268.6526459342559,22853.516117499425,0.0,-24419.14947454285,True,-1.8189894035458565e-11
2018-09-19,0.0,4.01067068,-0.07527149,-0.01033656,-0.5846947016088819,523.4257164567115,23.23656368017774,0.0,25603.92861081658,-480.5295697800334,-65.98810160135666,-3732.66283710846,0.0,21871.410382463626,True,3.637978807091713e-12
2018-09-20,0.0,0.64881947,-0.02593716,-1.91e-06,0.05206740123296427,1826.356398866818,-5.938674499706533,0.0,4216.422821527207,-168.55541241634228,-0.012412339582098184,338.3655839062357,0.0,6206.638305044617,True,-1.2732925824820995e-11
2018-09-21,-4.63e-06,-13.98006441,-0.96450425,0.06645404,-0.0002714715735514517,4014.451184084899,0.06584157196838086,-0.03121149162185857,-94241.6119234899,-6501.860975836282,447.9761798485215,-1.830028670296738,6737.772327440096,-96282.84093398269,True,1.4551915228366852e-11
2018-09-22,0.0,0.29318084,-0.04077303,0.0,0.0,-95.35089120341983,-0.0,0.0,1965.9171012730171,-273.4025761974001,0.0,0.0,0.0,1597.1636338721946,True,-2.5011104298755527e-12
2018-09-23,0.0,0.1035,0.01041057,0.0,0.0,-6.843998042417441,-0.0,0.0,693.7746639235822,69.78347539133263,0.0,0.0,4314.286479413692,756.7141412724986,True,1.1368683772161603e-12
2018-09-24,-0.05278547,-0.1319614,-0.04623229,-0.00298276,2.2455245209940244e-06,-466.27781088230097,-0.0,-347.1460189708289,-867.85008578719,-304.0487357866637,-19.616255373788082,0.014767793068138885,0.0,-2004.924139007704,True,-4.547473508864641e-13
2018-09-25,6.53e-06,2.03311384,0.01423979,0.02393222,0.028020587003411812,-552.2450220887987,-0.0003595106799949282,0.041899379461209814,13045.3611439506,91.36881541469234,153.559749943209,179.79252796045873,0.0,12917.87875504894,True,-5.4569682106375694e-12
2018-09-26,0.0,1.06997159,-0.19193882,0.00457861,-0.028020894702244448,258.40150080653467,1.311647402353998,0.0,6915.494310870767,-1240.5486558248226,29.592702930267524,-181.10605899253855,0.0,5783.145447192568,True,5.4569682106375694e-12
2018-09-27,0.0,0.46375112,0.03809028,4e-08,7.897774858101059e-06,1374.4599042712005,0.0004159544487949381,0.0,3096.883830838263,254.36309942303114,0.0002671160195441264,0.05274055458379081,0.0,4725.760258157541,True,-4.547473508864641e-12
2018-09-28,0.0,-1.46992997,-0.16727128,0.00037492,-0.0021812697601157893,-378.2221944817626,-0.0005387384178358122,0.0,-9735.531637451644,-1107.858790359266,2.483142459850227,-14.446824809908343,0.0,-11233.576843381146,True,3.637978807091713e-12
2018-09-29,0.0,0.27586772,-0.04788398,6e-08,0.002175902319724088,-203.49765548800468,0.0838760139328241,0.0,1816.4507671833262,-315.2920254924754,0.0003950699488544712,14.327226969428677,0.0,1312.0725842561515,True,-5.002220859751105e-12
2018-09-30,0.0,0.0,-0.0,-6e-08,4.59580493661349e-07,109.84753809070621,8.930011612087164e-05,0.0,0.0,-0.0,-0.00039626910170076,0.003035292489706243,0.0,109.850266414207,True,-3.339550858072471e-12
2018-10-01,0.0,0.0,-0.0,-9e-08,-9.846274791058818e-07,-234.53185974922684,-0.00021027258746059106,0.0,0.0,-0.0,-0.0005905632449035655,-0.00646094221202208,0.0,-234.53912152726843,True,2.7853275241795927e-12
2018-10-02,0.0,-0.02583333,0.02673108,-0.03682062,-0.18912385786064867,-291.8121829518826,-0.00020935128806728276,0.0,-168.14193588560005,173.98514010825724,-239.65514036742618,-1230.954413652538,0.0,-1756.5787421004716,True,6.139089236967266e-12
2018-10-03,0.0,-0.42331392,-0.09933347,3.7e-07,0.18912112705400475,-241.69674409204933,8.371221867800585,0.0,-2736.494567159983,-642.1369299458642,0.0023918490321537117,1222.5653640647035,25854.595146212887,-2389.3892634163567,True,3.637978807091713e-12
2018-10-04,0.0,0.0,-0.0,1.2e-07,-3.893267574994752e-08,722.382316596704,9.798931087106019e-05,0.0,0.0,-0.0,0.0007854342801285791,-0.0002548254845928285,0.0,722.382945194804,True,-6.366462912410498e-12
2018-10-05,0.0,0.0,-0.0,2.1e-07,-4.673460438198163e-06,356.2712416331073,4.6775271931747856e-05,0.0,0.0,-0.0,0.001382881411753361,-0.030775436040709318,0.0,356.2418958537528,True,2.5011104298755527e-12
2018-10-06,0.0,0.80246681,-0.07936031,-6e-08,1.010945791435347e-05,-309.86358061701156,0.00012135242571748042,0.0,5256.541438132151,-519.847989797875,-0.0003930286989538284,0.06622178485344714,0.0,4426.895817825847,True,3.637978807091713e-12
2018-10-07,0.0,0.115,-0.02179016,3.9e-07,-3.83467936515558e-07,136.11300016780706,9.312567307626177e-05,0.0,754.9253499094093,-143.04299271810447,0.0025601816214319098,-0.0025173014448091023,0.0,747.9954933649642,True,2.6147972675971687e-12
2018-10-08,0.0,0.35999999,0.00303223,4.7e-07,-0.784207064321425,391.2814571804939,0.0002497646535977507,0.0,2377.6866326322825,20.02692482871065,0.0031042020788310935,-5179.440849575737,1778.138797533852,-2390.4424809675265,True,-8.640199666842818e-12
2018-10-09,0.0,0.1062877,-0.06440271,3.7e-07,0.7842056769613528,-148.06617347964092,11.180078418434626,0.0,700.4815002625766,-424.4414633280769,0.0024384585901957925,5168.251539099236,0.0,5307.407919431134,True,1.546140993013978e-11
2018-10-10,-0.11947104,0.0814372,0.0604175,4.6e-07,-1.985549202387915e-06,-639.4877541667811,-0.000296729408153071,-780.0386582957331,531.7118209012098,394.4720464271714,0.0030033871205610765,-0.01296385413411344,0.0,-493.3528023305553,True,-6.252776074688882e-13
2018-10-11,2.45221874,0.0,-0.41530499,0.00805667,-0.03370894499200361,-3864.95189760418,-0.001055182136887061,15103.832302375837,0.0,-2557.9679418402425,49.6230579314398,-207.6218748125358,423.75386453313195,8522.91259086818,True,0.0
2018-10-12,0.35347885,0.0,-0.03069868,-0.00805592,0.03373906544084271,407.3885108766469,-1.0929396046285693,2188.62694444958,0.0,-190.07631774018566,-49.879656376414765,208.90140302418658,0.0,2563.867944629179,True,-5.4569682106375694e-12
2018-10-13,0.0,0.0,-0.0,-2.5e-07,-2.5637926324151294e-06,77.380266838974,0.00019812004550170446,0.0,0.0,-0.0,-0.0015494214240940976,-0.01588958092639442,0.0,77.36302595667075,True,1.7479351299698465e-12
2018-10-14,0.0,0.0600315,-0.00971002,1.1e-07,-2.6555269636574508e-05,-190.68396159677474,-0.0004502559909082189,0.0,371.1675213539315,-60.03588209018767,0.0006801167278667443,-0.1641880281167833,0.0,120.28371949956636,True,-2.2893686946190428e-11
2018-10-15,5.29226861,0.0,-0.29875042,0.00391291,0.09897165771752547,3359.380430898984,0.0010015071288251218,34096.58054912694,0.0,-1924.7639358984663,25.20976557092863,637.6462247342787,1245.6028355722663,36194.0540359398,True,7.275957614183426e-12
2018-10-16,-0.19210605,0.0,-0.10078935,0.0047054,-0.09898616870768251,348.2905603641559,1.9024820724395766,-1241.377223014349,0.0,-651.2944460230237,30.4059991091989,-639.6424018253084,0.0,-2151.7150293168816,True,5.002220859751105e-12
2018-10-17,0.0,0.0,-0.0,2.4e-07,2.5511141998890707e-06,-342.4784729029015,0.00020467573384712768,0.0,0.0,-0.0,0.0015462553680420815,0.016436141775278565,0.0,-342.46028582999134,True,3.296918293926865e-11
2018-10-18,0.24950382,0.0,-0.00012813,2.4e-07,3.917316920620806e-06,-824.7191041034353,0.0003748863546491784,1595.9461476713807,0.0,-0.8195809583241412,0.0015351551549035655,0.025057038600341634,0.0,770.4344296896743,True,-5.6843418860808015e-11
2018-10-19,0.0,0.0,-0.0,1.5e-07,-7.530099779273769e-07,-242.3183468913589,5.612984877506257e-05,0.0,0.0,-0.0,0.000957461676022794,-0.004806521303521556,0.0,-242.32213982111716,True,2.0463630789890885e-11
2018-10-20,0.0,0.0,-0.0,1.3e-07,-3.05062555838731e-06,455.1823961020237,-0.00012439395269080148,0.0,0.0,-0.0,0.0008330728570251321,-0.019549179612612346,0.0,455.1635556013207,True,5.343281372915953e-12
2018-10-21,0.0,0.0,-0.0,2.2e-07,2.5039293660711337e-07,128.1522965377513,-5.6644031431635406e-05,0.0,0.0,-0.0,0.0014113749106428996,0.0016063559478612629,0.0,128.1552576246031,True,2.4726887204451486e-11
2018-10-22,0.0,0.0,-0.0,3e-07,1.388565308957368e-06,-132.11399547744224,5.656553583013748e-05,0.0,0.0,-0.0,0.001922410090677966,0.008897973205016707,0.0,-132.10311852864106,True,-3.035438567167148e-11
2018-10-23,0.0,0.0,-0.0,1.3e-07,1.7466580004565913e-07,-217.80073638721518,7.652630042594725e-05,0.0,0.0,-0.0,0.0008314783966919937,0.0011171603029145308,0.0,-217.79871122224722,True,-3.2088109946926124e-11
2018-10-24,0.0,0.0,-0.0,1.2e-07,1.2330405141369738e-07,322.1270478809763,-0.00011007047135388975,0.0,0.0,-0.0,0.0007696564369374635,0.0007908479739251678,0.0,322.12849831496715,True,5.132960723130964e-11
2018-10-25,0.0,0.0,-0.0,1.8e-07,9.654025525662746e-07,-207.54555008565654,6.950271402239797e-05,0.0,0.0,-0.0,0.001152418474646406,0.006180820761378739,0.0,-207.5381473437301,True,-2.3590018827235326e-11
2018-10-26,0.0,0.0,-0.0,3.5e-07,-8.034204626028441e-07,32.25059785887899,-9.078076449902949e-06,0.0,0.0,-0.0,0.0022414379933080064,-0.005145191855654598,0.0,32.247685026959516,True,1.9326762412674725e-11
2018-10-27,0.0,0.0,-0.0,1.4e-07,-9.248000694128677e-07,95.76993195009679,-3.1213386636903084e-05,0.0,0.0,-0.0,0.0008973167458620695,-0.0059274184918469315,0.0,95.76487063497189,True,7.716494110354688e-12
2018-10-28,0.0,0.0,-0.0,2.5e-07,-9.651763690499138e-07,-50.12132402718566,1.8899182892099523e-05,0.0,0.0,-0.0,0.001601658313267095,-0.006183531021030976,0.0,-50.12588700072956,True,-1.9035439891013084e-11
2018-10-29,0.0,0.0,-0.0,2.7e-07,1.1708355696526951e-05,-2596.2495145852786,0.001117555576832149,0.0,0.0,-0.0,0.001691021268357687,0.0733299203715702,0.0,-2596.173376088016,True,4.547473508864641e-11
2018-10-30,0.16250251,0.0,-0.02000053,3.6e-07,-4.079916656962723e-06,165.00526629266434,3.582386469683265e-05,1019.2429989782282,0.0,-125.44667881347816,0.0022579803821624798,-0.02558992158966599,0.0,1058.7782903400657,True,-5.6843418860808015e-12
2018-10-31,0.0,0.0,-0.0,3.5e-07,-2.102329407449588e-06,622.3112592059714,-5.274040487402582e-06,0.0,0.0,-0.0,0.0022072109259643484,-0.013257955537425386,0.0,622.3002031873184,True,-1.0231815394945443e-12
2018-11-01,0.0,0.0,-0.0,1.5e-07,-1.8377740822472788e-06,668.0766573370212,-8.273449148383858e-05,0.0,0.0,-0.0,0.0009514466250876675,-0.011656959654851726,0.0,668.0658690894925,True,-7.503331289626658e-12
2018-11-02,0.0,0.0,-0.0,1.3e-07,-2.160080693869304e-06,94.59866244855843,-2.1255117191160404e-05,0.0,0.0,-0.0,0.0008252619157510234,-0.013712556396918322,0.0,94.58575389892212,True,-3.794298208958935e-11
2018-11-03,0.0,0.0,-0.0,1.6e-07,1.887105664621913e-06,-286.73364761314116,9.841308714660914e-05,0.0,0.0,-0.0,0.0010131894612741088,0.011949972323159969,0.0,-286.7205860382528,True,1.6768808563938364e-11
2018-11-04,0.0,0.8222,-0.203937,4.2e-07,0.003921121883845302,1603.4295948172048,-0.00038428873678066864,0.0,5278.870968640272,-1309.3616014735967,0.0026965772401227367,25.17525720886769,0.0,5598.116531481253,True,9.094947017729282e-13
2018-11-05,0.0,2.49391914,-0.05052787,-0.04635709,-0.004231777611227727,-329.2594180991863,-0.0684459143232931,0.0,15968.431674142326,-323.52726549704647,-296.8219828799527,-27.09584707908982,918.0697567868665,14991.658714672707,True,-2.000888343900442e-11
2018-11-06,0.0,0.29813036,-0.31995677,5.1e-07,0.00031124514181612994,816.7571209976776,-0.012033377664648359,0.0,1920.3009429163321,-2060.8880193331,0.0032849840616277037,2.004775157107924,0.0,678.1660713444289,True,1.4551915228366852e-11
2018-11-07,0.0,0.1126638,-0.08948145,8e-08,-1.426325315634358e-06,1275.72656202924,-0.00022564576882911768,0.0,732.4126955461072,-581.7072564202008,0.00052006958440678,-0.009272355176635372,0.0,1426.4230232237896,True,4.092726157978177e-12
2018-11-08,0.0,0.92472292,-0.13089277,-0.06117426,0.19001529757524338,-2012.5329640809564,0.0004898246964863052,0.0,5924.471284049797,-838.5976386902303,-391.928369952154,1217.3810659031858,0.0,3898.793867054337,True,-1.8189894035458565e-12
2018-11-09,-3.24e-06,-2.87429636,-0.17368465,-0.33812462,-0.4110360147441412,-1666.9748292616596,-14.321853132369357,-0.020513667205388674,-18198.258944043224,-1099.6633051803733,-2140.7950397001564,-2602.424696262514,0.0,-25722.459181247512,True,-1.0913936421275139e-11
2018-11-10,0.0,0.03000795,-0.02432661,0.00045299,0.23116917062843356,407.0747423065162,-4.80377008140524,0.0,190.6438892684451,-154.54969576784316,2.8778965374080183,1468.6438016447435,0.0,1909.8868639078864,True,2.205524651799351e-11
2018-11-11,0.0,0.32701448,0.00331959,-6e-08,-0.0101453019052542,-331.6000347964791,-0.1795205982456808,0.0,2071.7721814972633,21.03097763737098,-0.00038012485223845675,-64.27468979415478,0.0,1696.7485338208935,True,-9.094947017729282e-12
2018-11-12,0.0,-1.76901097,-0.12949888,-6e-08,5.276347402699063,-281.3841337475213,3.0296655594891155e-05,0.0,-11181.309896715544,-818.5178798283986,-0.00037923936322618315,33349.977152661966,0.0,21068.764893427797,True,0.0
2018-11-13,0.0,0.92448201,-0.15166716,-3e-07,-5.628077369581618,-905.0555410883387,-278.15870411623683,0.0,5794.595912690631,-950.6403541864443,-0.0018803813973699598,-35276.439962400436,0.0,-31615.700529482216,True,7.275957614183426e-12
2018-11-14,2.2954632,6.12742278,-0.253633,-0.07262571,0.4604536766514542,-12445.070493759436,243.989341656802,12795.504907235772,34155.837588769995,-1413.8158678113118,-404.8344703136527,2566.6877513647078,0.0,35498.29875714288,True,7.275957614183426e-12
2018-11-15,0.20997658,5.33557064,-0.52331893,-0.050605,-0.10872560511836582,-929.4723335057793,-3.8811175583132798,1162.9680145552172,29551.381367007267,-2898.433611030624,-280.27885955932214,-602.1833535712434,0.0,26000.100106337195,True,-7.275957614183426e-12
2018-11-16,0.0,0.34448503,-0.14755383,0.00535228,-0.2338740707186595,-1319.254764078112,0.00016797480080174888,0.0,1893.295316268667,-810.95824464855,29.416217753666857,-1285.375688715196,0.0,-1492.8769954447343,True,-1.0913936421275139e-11
2018-11-17,-0.08695893,-0.3586974,-0.03940998,-0.00330215,0.13419404482958797,158.43143124319005,-1.1871903853472994,-478.36910375622165,-1973.2275196772423,-216.7979391150583,-18.16543207199775,738.2138321452693,0.0,-1791.1019216174318,True,-2.4101609596982598e-11
2018-11-18,-0.27390594,-0.51839978,-0.39263253,0.00027693,-0.27726170327927946,1667.7577917104318,-5.411244646933916,-1521.6505780228267,-2879.9058716430395,-2181.221466847578,1.5384503693927243,-1540.2931059418027,0.0,-6459.186025022325,True,3.092281986027956e-11
2018-11-19,1.19873358,0.14853272,-1.02519933,-0.00581992,0.3769473271936654,-22542.82721404394,287.67601292631736,5744.571090450468,711.7985042998245,-4912.960253492847,-27.890220761759657,1806.406990299966,0.0,-18933.22509032197,True,7.275957614183426e-12
2018-11-20,8.9967007,1.24439984,-0.80315491,-0.01387845,-1.8590105582916294e-05,-14170.974037764943,-0.0007831093232046987,38843.53120174404,5372.734475037642,-3467.645956747114,-59.92063352811599,-0.08026335101419181,0.0,26517.64400228113,True,-4.001776687800884e-11
2018-11-21,0.89927181,0.0,-0.36413129,-4e-07,0.30459705491482225,9104.411117444164,-0.003926616214815566,4091.077038147724,0.0,-1656.550492103283,-0.0018197288039742841,1385.7100860855971,0.0,12924.642003229208,True,2.3646862246096134e-11
2018-11-22,5.90730519,0.0,-0.34818232,2e-08,-0.29826870847658427,-9782.46330346016,-74.83730218129199,25422.77046547569,0.0,-1498.4428460681588,8.607231097019279e-05,-1283.633851433717,0.0,12783.393248404638,True,-3.456079866737127e-11
2018-11-23,4.31623862,1.86319785,-0.77585421,0.05721261,-0.0062990637156730145,-622.6362999994104,-0.08660950268394575,18516.20120908478,7992.91914100295,-3328.331430683393,245.43596675776368,-27.022308416360612,0.0,22776.4796682437,True,5.820766091346741e-11
2018-11-24,11.3527107,0.18372495,-1.10533862,0.01190997,-3.7396818399315634e-05,-24581.874461995696,-0.005968495571187738,43212.01488087744,699.3153867109874,-4207.269097049089,45.3331203860241,-0.14234414281064156,0.0,15167.371516291314,True,3.092281986027956e-11
2018-11-25,10.17123926,2.11361561,-2.97892526,-0.48546496,0.040976322238606144,8611.434624219057,-0.003520994034355223,40144.36456647766,8342.125618352437,-11757.37376703193,-1916.057801838642,161.72743325478228,-3951.5870953917015,43586.21715243932,True,-7.275957614183426e-12
2018-11-26,15.36661695,0.93196139,-1.60009123,-0.13034731,-0.04098435040616266,-17036.59968491924,-10.097144507526965,56860.877455184265,3448.5236771489376,-5920.795165402042,-482.3223253783856,-151.6538177275999,0.0,36707.932994398405,True,7.275957614183426e-12
2018-11-27,4.01669917,0.0,-1.47314785,-0.36447623,0.22483347500626394,6381.041977061148,-0.0025232046733508887,15169.28897035154,0.0,-5563.425212324796,-1376.464858754735,849.0961877481923,0.0,15459.53454087663,True,-4.3655745685100555e-11
2018-11-28,4.73448117,0.0,-0.33128176,-0.16862471,-0.3582370504907004,37077.26377044575,97.09564248836179,19924.946916158035,0.0,-1394.1910940774544,-709.6529218010479,-1507.6317674800748,-42135.25439463819,53487.83054573364,True,6.548361852765083e-11
2018-11-29,6.05857293,0.0,-1.07973582,-0.16313436,-0.2229892214453173,2447.14246813955,-4.078387262078797,25682.529893081653,0.0,-4577.0427779237825,-691.5329939403312,-945.2601151744105,-42441.26335696904,21911.758086920585,True,-1.8189894035458565e-11
2018-11-30,5.88295063,0.0,-0.4421958,-0.21054701,-0.050347141916063265,-19893.18005017405,94.70429371482574,23374.92806622927,0.0,-1756.9916299278389,-836.5736044447573,-200.04601341150732,0.0,782.8410619858769,True,-6.366462912410498e-11
2018-12-01,-7.55486862,0.0,-0.01469054,-0.22627926,0.4067812754379503,13996.561860394777,-71.07938486546279,-31338.152022974828,0.0,-60.93744298886201,-938.6230530539983,1687.3587207098358,0.0,-16724.87132277852,True,1.8189894035458565e-11
2018-12-02,6.13788126,0.0,0.07954841,-0.0536271,0.966452840688774,-3566.5203419577874,-0.00040714586608179377,25157.620951509427,0.0,326.0487880593607,-219.80390258131044,3961.24545321649,0.0,25658.590541100362,True,4.3655745685100555e-11
2018-12-03,7.36121838,0.0,-0.34465451,-0.13738963,-1.121438624542023,-19991.16556385251,-246.22538771231112,28296.351685938433,0.0,-1324.843894266425,-528.1225318682854,-4310.783905073626,0.0,1895.2104031652561,True,-1.7280399333685637e-11
2018-12-04,5.13065161,0.0,-0.01381107,-0.09184884,0.3983869491992209,4179.8503863026335,-7.590021579688927,19973.378635281704,0.0,-53.76582770319501,-357.5630929521265,1550.9011300244524,0.0,25285.21120937384,True,5.820766091346741e-11
2018-12-05,0.64846877,0.0,-0.01467396,0.06428084,-0.6773697804700873,-16576.940854605,-44.64878177669856,2405.5084282517046,0.0,-54.43336069341994,238.45111676711787,-2512.7173294155737,0.0,-16544.78078147187,True,0.0
2018-12-06,10.13894951,0.0,-0.32143166,-0.00062215,-1.453175645505766,-17990.992860051152,85.72968374043232,35607.67618502419,0.0,-1128.85801962089,-2.184971501896038,-5103.507791817855,0.0,11467.862225772755,True,-7.639755494892597e-11
2018-12-07,19.53061732,0.34998,-0.8837173,-0.31995376,1.8910190500925381,-14020.543932562861,262.2614976516687,65876.68809373835,1180.4810324882526,-2980.7746463561652,-1079.202654303956,6378.399110544014,-33770.43287408533,55617.308501199244,True,-6.548361852765083e-11
2018-12-08,-0.55572427,0.0,-0.02229721,0.17837853,-0.31939123410620596,3829.4289306084347,0.13573373449857587,-1893.8811898275114,0.0,-75.98780345626058,607.9053244086,-1088.4697378243684,0.0,1379.1312576434575,True,6.480149750132114e-11
2018-12-09,2.18959696,1.12533637,-0.13671863,0.09672321,0.31557344729455394,14461.35759370845,-41.801169479882866,7752.135732627219,3984.1854206365024,-484.04404842562434,342.44268059972393,1117.2687219297493,0.0,27131.544931596203,True,6.548361852765083e-11
2018-12-10,-3.12096685,3.63e-06,-0.66714294,1.35e-05,-1.3235085944529601e-05,-14261.005270081832,-0.008277612766622875,-10653.709294573282,0.012391341080505554,-2277.3541925595737,0.04608349988617768,-0.04517919123098383,0.0,-27192.06373917783,True,-1.0550138540565968e-10
2018-12-11,-1.45291448,0.0,-0.1056986,-0.00414474,-0.39398627848164836,-6630.04661902546,-0.0031747934387547313,-4870.98907156437,0.0,-354.3613423686532,-13.89550694303474,-1320.864292597886,0.0,-13190.160007292754,True,8.731149137020111e-11
2018-12-12,-3.46990349,0.0,-0.297771,-0.12673633,0.39930530534591924,7543.365501813358,-27.752163259792372,-11877.524470081746,0.0,-1019.27397957132,-433.820094755245,1366.8272183788083,0.0,-4448.1779874758795,True,5.729816621169448e-11
2018-12-13,6.90478397,0.0,-0.67798346,0.01707894,-0.7764779529711348,-16784.683685961452,-0.8737156246142707,22511.95429493485,0.0,-2210.4576668228174,55.68317826545044,-2531.5833578947954,0.0,1040.0390468965052,True,-1.1732481652870774e-10
2018-12-14,5.64287217,0.0,-0.28841924,-0.31763972,0.770944205368167,-6718.077900316203,47.341421121807706,18051.251672631224,0.0,-922.6379991643557,-1016.1127798406451,2466.2100181258356,0.0,11907.974432557763,True,9.822542779147625e-11
2018-12-15,4.34054245,0.0,-0.03466462,-0.01697101,0.0009761317564880301,-1587.9841645276965,0.0022571952584881463,13824.949093654724,0.0,-110.40938140136964,-54.053923448647595,3.1090519209521346,0.0,12075.612933393219,True,-1.8189894035458565e-12
2018-12-16,5.13298833,0.0,0.36941884,-0.00883223,0.11871817200555768,1227.947814881515,0.008411309129174191,16402.025621512144,0.0,1180.4463383125003,-28.22263629714666,379.35377479695984,0.0,19161.559324515052,True,-5.093170329928398e-11
2018-12-17,-28.2418129,-3.3404381,-2.27294629,0.13489917,1.1289011173335979,37738.337855044425,36.30675988030009,-98822.522669132,-11688.715629940392,-7953.394743623008,472.0333051059938,3950.201662121624,0.0,-76267.75346054294,True,1.1641532182693481e-10
2018-12-18,11.72330256,0.0,0.81766181,-0.02959079,-1.247277016585599,14517.486591307244,200.2122759972794,42901.74669425912,0.0,2992.2557807114576,-108.28830618042291,-4564.44439177953,0.0,55938.968644315086,True,-5.820766091346741e-11
2018-12-19,4.17222769,1.1758641,-0.31517031,-0.78240025,-0.7824512826074397,3935.7543951570956,0.04414554550126728,15427.751900572874,4348.022435848992,-1165.4132301457983,-2893.1012017578055,-2893.28990632163,0.0,16759.768538899196,True,-2.9103830456733704e-11
2018-12-20,7.94540788,0.0,-0.83658477,-0.31321242,0.10295627151938902,39697.2768047707,-289.089055117398,32319.83523711456,0.0,-3403.0074146777947,-1274.0659713769062,418.79910791115776,0.0,67469.74870862422,True,-8.731149137020111e-11
2018-12-21,10.1332956,-1.8008,-2.10220828,-0.23574338,1.0087110149690375,-26085.134674750247,155.10404550099318,38902.5842371387,-6913.424463235767,-8070.556502537087,-905.0388995656849,3872.5274362629516,0.0,956.0611788138631,True,6.366462912410498e-12
2018-12-22,-0.69478665,0.0,-0.88604655,0.02311631,0.04811251081177659,15112.948698457685,41.5809163033511,-2754.7916295789296,0.0,-3513.1268272890516,91.65492355783134,190.76351288889606,0.0,9169.02959433978,True,-3.637978807091713e-12
2018-12-23,2.75643959,0.0,0.23154982,-0.06732847,-0.3780943273251012,-2640.4941293185266,-8.432295507061289,10867.723397709466,0.0,912.9238332226303,-265.4537365540378,-1490.7000256850265,-39473.98196303921,7375.567043867552,True,1.0732037480920553e-10
2018-12-24,5.45955466,0.4221,0.06721458,0.06350329,-0.2743953397508534,10850.6696091327,0.03796728340911468,22056.85081720621,1705.3033277887796,271.5499809285126,256.55619939004015,-1108.5697370453995,0.0,34032.39816468413,True,-1.2369127944111824e-10
2018-12-25,12.42278447,0.0,-0.93336766,0.04068992,0.31692797573083453,-32702.49886329537,76.30004417490011,46729.34743212047,0.0,-3510.9408660653753,153.05855247323527,1192.1512060882444,0.0,11937.417505496182,True,7.457856554538012e-11
2018-12-26,4.96413481,0.0,-0.8454885,-0.01701544,-0.043613578051321156,5942.088149384814,1.9775886679244914,18901.724909653716,0.0,-3219.3305889039216,-64.78896694119358,-166.06556554248448,0.0,21395.60552631889,True,3.637978807091713e-11
2018-12-27,4.94134491,0.0,-0.12611135,2.414e-05,0.0009592007890546483,-29568.088071436538,0.15354903424791885,17716.99716929221,0.0,-452.1672685596075,0.0865530173376855,3.4391765752016816,0.0,-12299.578892077203,True,-5.638867150992155e-11
2018-12-28,0.71710592,0.0,-0.08825739,-0.08861382,-0.7547424717038496,40758.56093669575,0.07926405167006119,2783.1274337799246,0.0,-342.531774584728,-343.9150989773396,-2929.1969566195357,0.0,39926.12380434567,True,-7.275957614183426e-11
2018-12-29,5.74340801,0.0,0.01870662,-0.04535758,0.7582795420102713,-8017.217891487498,43.696556285292225,21957.84328560472,0.0,71.51799587425775,-173.40830247828396,2899.007578976033,-76508.6441824149,16781.439222774614,True,9.458744898438454e-11
2018-12-30,-3.71120538,0.0,-0.30551079,-0.14931445,-0.863739519533496,281.672027892957,0.00863456856323812,-14196.872756959126,0.0,-1168.703256058564,-571.1886113468976,-3304.15560401404,0.0,-18959.239565917116,True,-1.0913936421275139e-11
2018-12-31,3.48769963,0.0,-0.07525038,0.0208787,0.863168758170076,-16580.17163328948,118.84938906185074,12859.845866800157,0.0,-277.4631966280139,76.98394138923037,3182.675793415294,0.0,-619.2798392509576,True,2.7284841053187847e-12
2019-01-01,0.35563926,0.0,-0.01937123,0.01218529,-0.004188763931608719,14921.158521348965,0.39110413047702386,1354.316207650548,0.0,-73.7679263845238,46.403020133160055,-15.95130662064621,0.0,16232.549620257865,True,-1.1641532182693481e-10
2019-01-02,0.72627573,0.0,-0.144166,1.585e-05,-6.473093296487079,11147.136723032527,-0.08596333529192919,2831.1662262949476,0.0,-561.9875390577039,0.06178643018509639,-25233.396028076615,0.0,-11817.104794711864,True,8.731149137020111e-11
2019-01-03,0.0,0.0,-0.0,-0.00010664,3.4748655363811025,-14149.81774090406,736.8039335831423,0.0,0.0,-0.0,-0.4035672040061718,13150.241643048837,0.0,-263.1757314761053,True,-1.8189894035458565e-11
2019-01-04,-0.52745531,0.0,-0.18006813,2.41e-06,-1.3451865691216653,5363.075246039708,-129.37259654872267,-2018.8481714662062,0.0,-689.2151962406807,0.009224334272478091,-5148.734677355269,0.0,-2623.086171236937,True,-3.865352482534945e-11
2019-01-05,0.47419763,0.4381337,0.08896131,-0.00916271,0.8984079404148702,-3573.992430701214,125.5984749287174,1801.2937347445418,1664.3007869745043,337.9296736208213,-34.80559807159129,3412.7049397401106,0.0,3733.0295812359545,True,6.45741238258779e-11
2019-01-06,0.0,0.0,-0.0,-9.878e-05,-7.249634946397762,30827.03273362255,-852.4611357620184,0.0,0.0,-0.0,-0.3996632650930568,-29331.977864041884,0.0,642.1940705535817,True,2.9103830456733704e-11
2019-01-07,1.19737022,0.0,0.03734348,-0.01124254,1.2553427115802833,-5604.580085206981,481.0397272699174,4790.7001359922115,0.0,149.41194605159166,-44.98160803339328,5022.649134437714,0.0,4794.239250511106,True,4.547473508864641e-11
2019-01-08,-6.82161565,0.0,0.0484877,-6.85e-06,9.440603882984007,-1056.4677504565288,79.25553861966942,-27236.13810406623,0.0,193.59309602095982,-0.027349466106735824,37692.7702079985,0.0,9672.985638650192,True,-7.275957614183426e-11
2019-01-09,-0.00067711,0.0,0.01373829,2.196e-05,-1.992383496296526,1385.462862027113,0.0040838082588968445,-2.711323835630102,0.0,55.01167186690298,0.08793352842291066,-7978.019617528629,0.0,-6540.164390133519,True,4.18367562815547e-11
2019-01-10,1.17830831,-0.55199211,-0.14162108,0.05361991,13.420462180313763,-44815.48147919187,749.7125733538875,4274.7887830471,-2002.574080257909,-513.7876047288643,194.5278564792563,48688.14104494697,0.0,6575.327093648491,True,-7.275957614183426e-11
2019-01-11,24.69015928,0.0,0.19912194,-0.54522155,-11.216470787898118,-447.6058327478808,-42.76551434184513,89481.12274335978,0.0,721.650053042344,-1975.9709074616742,-40650.300710381685,-36285.10414804089,47086.12983146911,True,5.093170329928398e-11
2019-01-12,0.17344441,0.0,0.00659445,-0.03087056,-0.21425554527064605,-956.299777839407,-1.5132468995991502,627.352260330626,0.0,23.852271244356025,-111.65949709000255,-774.967037645725,0.0,-1193.2350278998492,True,-9.754330676514655e-11
2019-01-13,5.50676203,0.0,-0.07090257,-0.01930749,0.8241116990706132,-14529.678585050031,0.2488512485133879,19321.411327212685,0.0,-248.77372794816236,-67.74361302590111,2891.5360842842592,0.0,7367.000336721365,True,9.094947017729282e-13
2019-01-14,5.34312056,0.0,0.22627242,-0.10965809,0.6722712976765877,22081.52586649141,130.07284039754157,19592.930257099306,0.0,829.7285629963554,-402.1102060809047,2465.1820039087847,0.0,44697.32932481263,True,1.382431946694851e-10
2019-01-15,5.32329318,0.0,-0.08649942,-0.09837052,1.3295209183775398,-12417.281317141948,-127.97174639260827,19064.272684929012,0.0,-309.77976868976475,-352.2936562059246,4761.403978930702,-35855.90567106606,10618.350175429288,True,-1.800799509510398e-10
2019-01-16,4.53940224,0.0,-0.1554403,-0.07111073,-2.822865293405812,3599.6613876843594,72.54852213039145,16373.562941322272,0.0,-560.671075420718,-256.4954484972836,-10182.037218286745,0.0,9046.569108932395,True,1.2187229003757238e-10
2019-01-17,0.0,0.0,0.0269992,-0.05719622,-2.109834368172443,4786.202604564054,0.02458940199936662,0.0,0.0,98.28057442358023,-208.20162658365683,-7680.069544379061,0.0,-3003.763402573066,True,1.8189894035458565e-11
2019-01-18,0.0,0.0,-0.0,-0.06735282,1.1711294242154509,-4432.885565729446,64.75418813649227,0.0,0.0,-0.0,-243.105069261026,4227.105855219168,0.0,-384.1305916347774,True,3.456079866737127e-11
2019-01-19,0.0,0.0,0.03382838,-0.03508803,-2.762155088748159,11238.567180981476,-73.04408089366426,0.0,0.0,124.73545191598076,-129.38016183132302,-10184.899875696903,0.0,975.9785144755151,True,-5.093170329928398e-11
2019-01-20,6.99410888,0.0,0.10159123,0.06918142,5.436406855755763,-21501.057729173663,551.274077365549,24747.351430043553,0.0,359.461643242303,244.7855677604841,19235.712981363533,0.0,23637.527970601805,True,4.3655745685100555e-11
2019-01-21,3.09386101,0.0,0.01276484,-0.50795896,-1.7384130261625899,-407.52761034862766,-4.671189584723186,10938.72736178583,0.0,45.13166691247653,-1795.951581682809,-6146.373762074602,0.0,2629.334885007469,True,-7.548806024715304e-11
2019-01-22,0.0,0.0,-0.0,-0.00014704,-0.00247182797863843,6422.707304144796,-0.08855030044843193,0.0,0.0,-0.0,-0.5260074197539215,-8.84249086724124,0.0,6413.250255557359,True,7.275957614183426e-12
2019-01-23,0.15828764,0.0,0.07015801,0.00587036,0.0054912200985484105,-3915.7992634758975,0.11680778403624802,562.2208904815584,0.0,249.19380222368648,20.850895411968498,19.504230738648438,0.0,-3063.9126368360594,True,-5.95719029661268e-11
2019-01-24,0.0,0.0,-0.0,-0.00013534,-0.0010057398993694733,2421.936513289535,0.01404896806569749,0.0,0.0,-0.0,-0.4828374862821561,-3.588066535135401,0.0,2417.8796582362847,True,1.0186340659856796e-10
2019-01-25,0.0,0.0,-0.0,-5.653e-05,0.0003986963016870959,-962.6615912156453,0.0006901114436340191,0.0,0.0,-0.0,-0.2013231436493628,1.4198972725459207,0.0,-961.4423269752879,True,1.7280399333685637e-11
2019-01-26,0.0,0.0,0.07043192,0.0279254,-0.5970898690183333,-665.1716991044088,-0.0012417658842260985,0.0,0.0,250.52915074799338,99.33176244944075,-2123.8724970921376,0.0,-2439.1845247650053,True,-9.094947017729282e-12
2019-01-27,2.36749587,0.0,0.09869984,-0.15303128,1.1241549252304992,-2999.529103209364,11.593343140285643,8375.28684390918,0.0,349.1619486744621,-541.365618555686,3976.826348507509,0.0,9171.97376246634,True,-4.729372449219227e-11
2019-01-28,4.18613834,0.0,0.12177742,0.00549876,-0.7896348698418478,-16073.7478334314,-54.086189531015776,14379.605028881353,0.0,418.31183272270846,18.888529362030503,-2712.4372448135355,0.0,-4023.465876809787,True,7.185008144006133e-11
2019-01-29,6.2293334,0.0,0.40343538,0.0440775,0.26272239272748266,-6317.251089111149,10.28898499345412,21153.71838921546,0.0,1369.9954503584809,149.67942192669355,892.1589443740539,0.0,17258.590101756854,True,-1.418811734765768e-10
2019-01-30,-0.25263632,0.0,0.08381226,0.01045583,-0.1952268450647523,7056.042830571411,0.018539193512304233,-868.5373601699104,0.0,288.13782218753886,35.946054734273176,-671.169563611598,0.0,5840.438322905335,True,1.0732037480920553e-10
2019-01-31,0.82252096,0.0,0.03661369,-0.06751393,0.1955396527072537,-4652.031509626265,5.408092564682059,2804.904730530211,0.0,124.85750184793672,-230.2313872143581,666.8159518814093,0.0,-1280.2766200164333,True,-4.956746124662459e-11
2019-02-01,2.68328065,0.0,-0.2294311,-0.05837785,0.6189202576294974,5878.364307907931,0.02630954211620382,9244.035711587461,0.0,-790.4015861139214,-201.11460579633967,2132.211166264694,0.0,16263.121303391992,True,5.093170329928398e-11
2019-02-02,2.00525355,0.0,0.10878213,-0.05818463,-0.6192790770461443,2883.0143347873973,10.463330891066692,6942.057684186731,0.0,376.5966760007482,-201.43141389429871,-2143.903984343652,0.0,7866.796627628035,True,4.274625098332763e-11
2019-02-03,-2.55976161,0.0,0.14550376,-0.00056974,-0.0008096711226528441,-8452.139331413146,-0.019303278445624714,-8736.521707520888,0.0,496.6074781338367,-1.944534935674323,-2.7634250437131063,0.0,-16696.780824058107,True,-7.639755494892597e-11
2019-02-04,0.0,0.0,-0.0,9.4e-07,-1.9362845137038676e-05,-278.34672216169844,0.0006780156826300759,0.0,0.0,-0.0,0.003206704684015193,-0.06605417680510928,0.0,-278.4088916181354,True,1.4779288903810084e-12
2019-02-05,0.0,0.0,-0.0,9.72e-06,0.00017799919498884265,2568.8706853797653,-0.006549362681388633,0.0,0.0,-0.0,0.03330523991077729,0.6099080136860731,0.0,2569.507349270745,True,6.411937647499144e-11
2019-02-06,0.0,0.0,-0.0,4.16e-06,-0.0007051343377497687,-10045.54274679131,0.015116623245047927,0.0,0.0,-0.0,0.014008826478363516,-2.374544370546222,0.0,-10047.888165712124,True,1.0913936421275139e-11
2019-02-07,0.0,0.0,0.03722481,-1.011e-05,0.04046747430521691,-1470.875376904507,0.008300646151511354,0.0,0.0,125.03343153920596,-0.033958212086545835,135.92513106462908,0.0,-1209.9424718666123,True,-5.4569682106375694e-12
2019-02-08,1.58502372,0.0,-0.19156523,-0.01825904,0.3091571687515966,43219.55774263087,10.018945815386212,5725.865884493772,0.0,-692.0254891278238,-65.96040986667832,1116.8239712535349,0.0,49314.280645199,True,-5.820766091346741e-11
2019-02-09,0.84727178,0.0,0.10363483,-0.08304211,0.13589375122631964,1509.8230972641277,3.064226398013101,3068.198286721573,0.0,375.2895061023766,-300.7177456420706,492.1077091565136,-72468.81763708939,5147.765080000492,True,-4.18367562815547e-11
2019-02-10,0.42704278,0.0,-0.63636315,0.02775781,-0.484272781226764,3168.158156577127,10.056608607248902,1555.2993530721653,0.0,-2317.6488208370256,101.09456466094586,-1763.7322971540327,0.0,753.227564926492,True,6.343725544866174e-11
2019-02-11,0.66229538,0.0,-0.06959828,3.59e-06,-0.000162408788042967,-7837.527279267187,-0.01460307289683877,2378.0500330542645,0.0,-249.900870597225,0.012890320356250727,-0.583147996251885,0.0,-5709.962977559073,True,-1.3369572116062045e-10
2019-02-12,1.56004031,0.0,0.13979359,-0.02799968,-4.7137308456512983e-07,-415.71988121378786,-0.000330474915053641,5597.27247501117,0.0,501.56576626535804,-100.4601209138761,-0.001691240652427445,0.0,5582.656217433396,True,9.913492249324918e-11
2019-02-13,0.18002991,0.0,0.13190185,8.2e-07,-1.59480782144783e-05,-1828.507453286149,-0.0014322895514846108,643.8023277795376,0.0,471.69227640244554,0.0029323900055230868,-0.057031689223703226,0.0,-713.0683806929737,True,-3.808509063674137e-11
2019-02-14,0.0,0.0,-0.10511587,0.01637212,0.21892249425752652,-2196.8457621078273,-0.0014913827091577868,0.0,0.0,-374.4139395085043,58.316122459015695,779.7836189910089,0.0,-1733.16145154892,True,9.595169103704393e-11
2019-02-15,0.0,0.0,0.03494473,0.07002011,0.3504797981253489,478.9017943931768,0.6769140974930222,0.0,0.0,124.57820439783386,249.62217695025285,1249.4629069439445,0.0,2103.2419967827154,True,1.4551915228366852e-11
2019-02-16,0.0,0.0,0.03479258,0.09745187,-1.2435680897354757,3059.2357197783763,11.235859373020423,0.0,0.0,124.72221415038585,349.3392269126223,-4457.863302996624,0.0,-913.3302827822044,True,1.4551915228366852e-11
2019-02-17,-1.82139288,0.0,-0.30937703,0.08121342,-1.278530117697386,5900.716726036647,-25.62874320336849,-6598.464587127488,0.0,-1120.7979337910217,294.2165206385957,-4631.804482074258,0.0,-6181.762499521021,True,-1.2732925824820995e-10
2019-02-18,-3.76241252,0.0,0.19813939,-0.25534888,1.1131440072233545,37271.16177349768,-475.2054799908878,-14545.97297044698,0.0,766.032484742224,-987.2117655280153,4303.558569193245,0.0,26332.362611467368,True,1.0186340659856796e-10
2019-02-19,-0.79066119,0.0,0.55481287,0.02534645,2.7699426849991085,4376.127320071907,-24.600818402990843,-3079.9694394874596,0.0,2161.237589307158,98.73545380353994,10790.132267563422,0.0,14321.662372855586,True,9.094947017729282e-12
2019-02-20,1.87330413,0.0,-0.03276453,0.01285071,-1.0148701076342377,5394.768556483417,69.84267867931548,7365.108423519496,0.0,-128.81747925023643,50.52402914907694,-3990.0773498615313,0.0,8761.348858719459,True,-8.003553375601768e-11
2019-02-21,1.45471374,0.0,0.14982934,0.02702307,-0.9155782740733684,-5940.906737014671,-36.031743294824516,5662.1267118050555,0.0,583.1750157430436,105.18086292494759,-3563.6703358416,0.0,-3190.1262256780174,True,3.1377567211166024e-11
2019-02-22,0.90580527,0.0,0.05799015,0.01728242,-5.206062448337434e-05,8551.496248906962,0.0026703727306298607,3576.3914099728513,0.0,228.96253885014065,68.23618770902382,-0.20555099022570525,0.0,12424.883504821453,True,-3.092281986027956e-11
2019-02-23,0.00163672,0.0,0.03030151,1.51e-06,0.14504156909981702,24857.15702210523,-0.0007134928624875575,6.72716654321176,0.0,124.54378530279865,0.006206328193123905,596.1427678669692,0.0,25584.576234653592,True,5.093170329928398e-11
2019-02-24,3.58381948,8.3949193,-0.33059746,0.20708243,1.056968586733916,-54681.14065756269,-51.62849106660235,13454.316997704245,31516.06995348589,-1241.1236253104605,777.4255018768132,3968.0543347383,0.0,-6258.02598613454,True,-3.54702933691442e-11
2019-02-25,-1.20961116,-0.36647172,-0.64532061,-0.04625021,-1.897495327138813,11224.508380567146,81.5379478297103,-4623.156469219005,-1400.6617656403039,-2466.427436765592,-176.7691673448495,-7252.262617165864,0.0,-4613.231127738836,True,-7.821654435247183e-11
2019-02-26,0.79933917,3.10172847,-0.05275965,-0.18503164,1.0938433478467289,-4217.689857867379,17.973974174266324,3034.4314283344097,11774.70428670173,-200.2848679465108,-702.4124986296597,4152.420845810224,0.0,13859.143310577143,True,6.366462912410498e-11
2019-02-27,0.0,0.0,-0.0,-0.05023171,-0.1334839129843317,535.1190554727684,1.2774902681108569,0.0,0.0,-0.0,-190.84945442156447,-507.15637526803874,0.0,-161.60928394878283,True,-5.894662535865791e-11
2019-02-28,1.594979,0.92360125,-0.02885789,2.199e-05,0.09735700360866417,-1073.3224944809285,-1.704244013155513,6049.671966233404,3503.171258118841,-109.45646816519046,0.08340692042808875,369.2700251525694,0.0,8737.713449766045,True,7.639755494892597e-11
2019-03-01,1.53796719,0.0,0.11796955,1.009e-05,0.19943476269230587,2994.121330287068,6.405970989653665,5860.62805432546,0.0,449.538623958649,0.03844928386810637,759.9726267517243,0.0,10070.705055596423,True,1.8189894035458565e-12
2019-03-02,0.0,0.0,-0.0,-0.00019682,-0.2553645657353627,-169.13011925876853,-0.5556527284794148,0.0,0.0,-0.0,-0.7498140122165058,-972.8479301491615,0.0,-1143.283516148571,True,5.502442945726216e-11
2019-03-03,0.0,0.0,-0.04922663,-0.02676324,-1.097428189044848,-4660.600012706987,-8.350123541250653,0.0,0.0,-186.19391284556974,-101.22879376518493,-4150.892486145972,0.0,-9107.265329004964,True,0.0
2019-03-04,0.80840379,0.0,-0.04959324,-0.03557732,-3.5893440621520085,-14391.762564626555,66.62907606536716,2989.608059660313,0.0,-183.4038284366136,-131.57068772910387,-13273.975295320588,0.0,-24924.475240387255,True,-7.275957614183426e-11
2019-03-05,5.03235464,0.6909178,0.24424954,-0.06829424,4.611444208788896,24362.27319866563,-621.8793915736198,19324.88620605284,2653.2128233983876,937.9495095323313,-262.25862661556425,17708.53625300279,0.0,64102.71997246274,True,-4.3655745685100555e-11
2019-03-06,3.47066718,0.0,0.02969718,0.03116722,-0.07243003891900912,2107.0557458177827,2.7416891227193667,13369.004512732678,0.0,114.3934906012609,120.05608236665671,-279.0003958736362,0.0,15434.25112476747,True,1.0913936421275139e-11
2019-03-07,0.0,0.84803353,0.14292202,0.101206,1.675872874766668,710.5233471478009,0.6222247049183822,0.0,3269.952135841416,551.0963281814688,390.2425601732591,6462.037044976228,0.0,11384.473641025135,True,4.3655745685100555e-11
2019-03-08,-0.68270196,0.72974575,-0.42764901,-0.09879586,0.2777193935278035,-3039.6642935625528,-30.615628302955177,-2621.052271457842,2801.664368481096,-1641.8444280534911,-379.30038059892337,1066.2296139210493,-30718.475503407793,-3844.5830195735653,True,5.3660187404602766e-11
2019-03-09,0.0,0.0,-0.0,-0.19005145,-3.356874292349289,12351.201880697206,150.2308550676776,0.0,0.0,-0.0,-743.1698097301795,-13126.590873857325,0.0,-1368.3279478226323,True,-1.0913936421275139e-11
2019-03-10,-0.27570687,0.0,0.08822042,-0.17113291,1.1558956277563368,-1118.6708034473081,8.02761637234515,-1076.3353447398592,0.0,344.40475195193784,-668.0878125423038,4512.514755197841,0.0,2001.8531627926277,True,-2.4556356947869062e-11
2019-03-11,0.0,0.0,0.04544206,-0.05949615,2.4123676130560057,-9060.568282411032,4.650543197972522,0.0,0.0,175.02322603326465,-229.1535222998037,9291.400126121667,0.0,181.35209064208902,True,2.000888343900442e-11
2019-03-12,8.10100652,0.0,0.18282977,0.0183982,-2.3234580666821785,1271.4710001521103,17.06835186137545,31261.094147625245,0.0,705.5245096826153,70.99708671100277,-8966.026775967946,0.0,24360.128320064396,True,-7.275957614183426e-12
2019-03-13,7.752e-05,0.0,-3.891e-05,-1.113e-05,-7.887742430057187e-05,-1261.9810586791066,-0.0004322225524946053,0.2986037427948567,0.0,-0.14987966501738742,-0.04287228660096433,-0.3038324834645091,0.0,-1262.1794715939322,True,1.4551915228366852e-11
2019-03-14,-1.47670115,0.0,-0.39214444,6.66e-05,-0.0013044679749611987,331.17799465171055,-3.058741336593092e-05,-5690.886179349617,0.0,-1511.239680354278,0.2566619654523087,-5.027136851698712,0.0,-6875.718370525865,True,-2.091837814077735e-11
2019-03-15,0.0,0.0,-0.0,-0.00036905,-0.006865728950998573,8640.429927081594,-0.06359160486410993,0.0,0.0,-0.0,-1.4400014380551718,-26.78948533460228,0.0,8612.136848704075,True,3.637978807091713e-12
2019-03-16,0.77166967,0.0,0.04312078,0.01728894,-0.5766137775195546,15776.453754777043,-0.719484459536562,3078.8046219944863,0.0,172.04311887495513,68.97934498499255,-2300.5713874084295,0.0,16794.989968763548,True,3.637978807091713e-11
2019-03-17,1.2287597,0.0,0.05432334,0.03532252,0.5149448308194451,-4085.4146831531116,13.24724666831247,4874.6660500944945,0.0,215.50848487766996,140.12950542549842,2042.860035584828,0.0,3200.9966394976946,True,2.7284841053187847e-12
2019-03-18,-0.65671729,0.0,0.08749564,-0.0525518,0.6975980595237843,417.23116745423613,-0.1604346406903379,-2606.799975380877,0.0,347.30870600031574,-208.60122465516446,2769.0737431206485,0.0,718.0519818983739,True,-9.458744898438454e-11
2019-03-19,0.53328272,0.0,0.04406306,-0.01866332,-0.6278998148054598,4838.995827375067,16.77814045843454,2131.0872891899317,0.0,176.0833861048663,-74.5817603579659,-2509.1930865800928,0.0,4579.169796190341,True,1.000444171950221e-10
2019-03-20,0.0,0.0,-0.0,-2.041e-05,-0.00041965924305031876,6263.122744901211,-0.005436996418214855,0.0,0.0,-0.0,-0.08226567418034485,-1.69150174206505,0.0,6261.343540488626,True,7.821654435247183e-11
2019-03-21,0.32150248,0.0,-0.24129541,-0.11566216,-0.3902566230597415,-9876.00630912738,0.031394997791447464,1278.381903962334,0.0,-959.4566289291828,-459.9044222526561,-1551.767205095971,0.0,-11568.721266445238,True,-1.7462298274040222e-10
2019-03-22,0.02767443,0.0,-0.08850863,-0.11268836,0.7483946699276487,1382.4428742504579,-2.9757297399966394,110.25181978214248,0.0,-352.6084376055561,-448.9377652318474,2981.520279723164,0.0,3669.693041178398,True,3.3651303965598345e-11
2019-03-23,1.06064434,0.0,0.08794176,-0.21342443,0.09015293578357841,-383.04078285723625,-0.7550298263709924,4223.248212572045,0.0,350.16439226974023,-849.8082802353026,358.9687990095906,0.0,3698.777310932288,True,-1.7826096154749393e-10
2019-03-24,0.0,0.0,-0.0,-0.1035538,0.4919897537758686,-2025.539113818561,-4.973671326293494,0.0,0.0,-0.0,-411.1776551438909,1953.5274737612901,0.0,-488.162966527394,True,6.116351869422942e-11
2019-03-25,0.0,0.0,-0.0,-0.18689679,2.8167968378778596,-11376.211177506071,-58.66394576363362,0.0,0.0,-0.0,-730.4372935046421,11008.71480249574,0.0,-1156.5976142783184,True,2.874003257602453e-10
2019-03-26,3.71815178,0.0,-0.1946981,-0.19705113,-3.756186820339508,1733.870328276743,35.77902496915248,14566.838967151954,0.0,-762.7810906391907,-771.9997054572434,-14715.851256191629,0.0,85.85626810963731,True,-1.4915713109076023e-10
2019-03-27,0.79707029,0.0,0.21767323,-0.14307022,0.02295613282737463,20250.478572134027,0.034241919998754734,3209.808368940319,0.0,876.5718207214459,-576.1449087534459,92.44452865984088,0.0,23853.192623622017,True,-1.673470251262188e-10
2019-03-28,0.5742042,0.0,-0.04334518,-0.05625463,0.8681728790699594,-2992.962508183793,-0.37395269024614786,2303.0971366237814,0.0,-173.85480625958914,-225.63380287854085,3482.1871241632293,0.0,2392.4591907750582,True,2.1691448637284338e-10
2019-03-29,2.9190839,0.0,0.1736557,7.34e-06,-0.8912056278544185,14661.502745669026,69.99925115522977,11937.479881643627,0.0,710.1582195300181,0.030016644033857412,-3644.5506937706377,0.0,23734.619420871255,True,-4.3655745685100555e-11
2019-03-30,2.30386772,0.0,0.21399203,-0.17700334,-0.5701577199912151,461.2316639366508,0.0005754891180062772,9427.175676989153,0.0,875.6320698332165,-724.2783807022746,-2333.0232648725055,0.0,7706.738340673386,True,2.9103830456733704e-11
2019-03-31,0.0,0.0,0.04278744,-0.34097118,-0.2827635882292725,466.3008553067461,-1.383070566275174,0.0,0.0,175.18537783861527,-1396.044376582906,-1157.7239966435882,0.0,-1913.6652106475085,True,-1.0049916454590857e-10
2019-04-01,-1.16434482,0.0,0.08475049,-0.43459089,-2.3327793573837425,8460.586925367968,-37.6033796432159,-4818.545337408472,0.0,350.7329370285542,-1798.5186782466194,-9654.015634066343,0.0,-7497.363166968222,True,-9.276845958083868e-11
2019-04-02,-54.52795008,0.0,-0.94978397,-0.21543681,3.093778851011564,145664.37069640847,-2437.840745597764,-267389.77003402123,0.0,-4657.47413845013,-1056.441678043055,15171.023563042781,0.0,-114706.13233666087,True,5.820766091346741e-11
2019-04-03,12.50622199,-1.35,0.74255015,-0.02418507,-3.2709415564964104,7608.409655092629,-5.180948179050044,62033.70752087864,-6696.307263708356,3683.217750453873,-119.96345178836668,-16224.6145955055,0.0,50279.268667244,True,1.3096723705530167e-10
2019-04-04,3.78825774,0.0,0.5693424,-0.04571359,0.06201090833647527,-7173.179617108062,164.62713506731075,18605.155463551553,0.0,2796.1940794428506,-224.5117695574366,304.55229533462716,0.0,14472.837586730835,True,-7.275957614183426e-12
2019-04-05,3.82468133,0.0,0.68214878,-0.0689965,3.3029340352531733,18394.491908646036,-402.52915843254686,19250.483537163705,0.0,3433.4086231666015,-347.27494208567583,16624.411757195703,0.0,56952.99172565364,True,-1.8189894035458565e-10
2019-04-06,-0.20013293,0.0,0.03447266,-0.12465882,4.060888034614379,1728.3335034318764,0.02580694425289032,-1009.5419155431406,0.0,173.8923984686948,-628.8235720735591,20484.56835799496,0.0,20748.45457922318,True,9.822542779147625e-11
2019-04-07,11.98969866,0.0,-0.25609795,-0.01345162,-5.4744858129292595,22433.670102509033,588.1698928690064,62215.88866042585,0.0,-1328.9209341449211,-69.80196216393962,-28407.719782532695,0.0,55431.2859769623,True,-3.637978807091713e-11
2019-04-08,1.70519473,0.1432661,-0.20259089,0.06556921,1.4113521467461965,15721.358667133534,-133.0992672409056,9009.265098316599,756.9354114189267,-1070.3733728486818,346.42987383452197,7456.7704282752,0.0,32087.28683888924,True,4.3655745685100555e-11
2019-04-09,1.59999516,0.0,0.16853251,-1.603e-05,-0.00038623974938900574,-14793.84616544197,-0.006392304143914492,8312.899507523322,0.0,875.6237858748706,-0.08328511387846876,-2.006738709435719,0.0,-5607.419288171222,True,1.2732925824820995e-11
2019-04-10,0.16494655,0.0,0.05418543,-1.467e-05,-0.2442364444235352,19768.366507045743,-0.036414048756760256,876.1534519513401,0.0,287.81900282223364,-0.07792324932001403,-1297.3208828799511,-106298.57296469808,19634.90374164132,True,2.9103830456733704e-11
2019-04-11,7.39134727,0.402,-0.09187821,-0.04618523,3.688792394321524,-39261.572237409106,63.84601482166511,37331.226414284356,2030.367735453771,-464.0461521772289,-233.26617125997902,18630.858358750465,0.0,18097.413962463965,True,2.546585164964199e-11
2019-04-12,3.96241996,0.0,0.26298697,-0.03131222,-3.5636695217519048,5088.139196995224,110.88884499885775,20140.43159218213,0.0,1336.7263269389177,-159.15567538917736,-18113.638368606604,0.0,8403.391917119385,True,3.637978807091713e-11
2019-04-13,0.28184092,0.0,0.07877584,-0.02883683,0.45042919605182874,-1309.3427103314175,0.9638645531295951,1430.2836776034628,0.0,399.77089963196954,-146.3408764874379,2285.833891788959,0.0,2661.168746758485,True,-1.8053469830192626e-10
2019-04-14,1.92071632,0.0,0.18132808,0.03199012,-4.408249136573062,13332.506640533806,27.146594722794845,9904.757679859853,0.0,935.0733756217795,164.9667800759033,-22732.476959537475,0.0,1631.9741112766787,True,2.1827872842550278e-11
2019-04-15,-3.29597213,0.0,0.07552642,0.00824685,4.077445160630589,-18760.267319690884,464.42412697675366,-16621.250400394434,0.0,380.87201261175653,41.58802121439444,20562.138979226598,0.0,-13932.49458005582,True,-7.275957614183426e-12
2019-04-16,0.57555918,0.0,0.0396088,0.02771856,0.5879161301523084,26332.899575076346,0.03231567817299501,2996.339770901321,0.0,206.20194558911606,144.3017965939046,3060.669595661317,0.0,32740.444999500178,True,-3.637978807091713e-12
2019-04-17,3.80515814,0.0,-0.38752625,-0.03065151,-0.5880191081705846,3305.7063635768786,11.991214179248235,19887.096674159293,0.0,-2025.3486751340179,-160.19558718759592,-3073.194968564788,0.0,17946.055021029082,True,6.184563972055912e-11
2019-04-18,0.62314323,0.0,-0.33478111,0.0606211,0.35518865048507564,8631.720895715911,0.00496460748123175,3289.262997440649,0.0,-1767.1428723780045,319.98861817715533,1874.8641225732947,-52848.36542374981,12348.698726136616,True,1.291482476517558e-10
2019-04-19,0.80116143,0.0,-0.05151443,0.01507107,-0.43807967184764607,1784.3510127816692,4.067601989658504,4238.104883333716,0.0,-272.5088217803407,79.72522511981671,-2317.420094158478,0.0,3516.3198072859086,True,-1.3324097380973399e-10
2019-04-20,-0.55278635,0.0,0.07537201,-0.01010021,-0.0988276395528942,3762.296001992996,-1.9889248211569541,-2937.491883569004,0.0,400.5248458527998,-53.67224588187189,-525.167434143245,0.0,644.5003594306763,True,1.5859313862165436e-10
2019-04-21,7.85146078,0.0,0.11950864,-0.05607119,0.18164298420558112,-2847.740537988025,3.312709149868403,41579.246453201195,0.0,632.8859476066692,-296.9380976687844,961.9328961073647,0.0,40032.69937040808,True,-2.1100277081131935e-10
2019-04-22,5.61402623,0.0261405,-0.30422842,-0.04368609,0.46645205362978004,14446.887679979074,0.0017191984832088405,30224.794278609996,140.73522325527227,-1637.9049600925284,-235.1971702645289,2511.2845548274645,0.0,45450.601325513446,True,2.1827872842550278e-10
2019-04-23,10.33582727,0.0,-0.2146267,-0.47340605,0.6923631673136867,27274.061273130243,75.13118843087528,57310.743225694314,0.0,-1190.075585800509,-2624.9715542160184,3839.0587095060014,-110963.79258983057,84683.94725674482,True,-8.731149137020111e-11
2019-04-24,12.81535379,0.0,0.00619942,-0.0808864,-1.04945758269551,-17950.50671494069,-130.84958418764455,69612.33435901084,0.0,33.67492657195997,-439.37071220697794,-5700.598933070822,0.0,45424.683341176715,True,4.3655745685100555e-11
2019-04-25,15.89071334,0.0,-1.47839371,0.05996131,-0.4106264434040554,-52248.412197019985,-33.28070823662168,81482.38440416443,0.0,-7580.719757601442,307.46200036840315,-2105.558195662733,0.0,19821.875546011957,True,-9.822542779147625e-11
2019-04-26,-12.04668527,0.0,-1.14710771,-0.16453401,0.3013740844196775,4187.620598680523,-6.775546234711586,-62042.41275572302,0.0,-5907.793590019824,-847.3772437797123,1552.1261592188791,0.0,-63064.612377857906,True,-5.093170329928398e-11
2019-04-27,0.73671723,0.0,-0.35303657,-0.23921717,-2.116137224850803,5468.8311923978545,0.0039490888724025555,3817.527062026505,0.0,-1829.3676392773039,-1239.5773887036619,-10965.416300674287,0.0,-4747.999125141883,True,1.382431946694851e-10
2019-04-28,0.24607611,0.0,0.02860938,-0.41952606,2.1160435599037157,-5732.004925861223,70.12073333358867,1266.9645906401045,0.0,147.30024552227843,-2160.0010780028824,10894.809181801682,0.0,4487.18874743348,True,-6.912159733474255e-11
2019-04-29,1.49316595,0.0,-0.0812023,0.05221691,-1.1996347268450336e-05,22.6193778454446,4.075011272127753e-06,7688.013579907079,0.0,-418.0944422953715,268.85445196549364,-0.061766798733340636,0.0,7561.331204698887,True,-3.54702933691442e-11
2019-04-30,-7.28272538,0.0,-0.66696905,-0.47739236,-2.8183589193986336e-05,20534.724285381453,0.002254988743273443,-38355.3340502125,0.0,-3512.6713392429033,-2514.2432929167107,-0.14843220386120137,0.0,-23847.670574205695,True,8.36735125631094e-11
2019-05-01,1.12353303,0.0,0.05564698,-0.1893134,-0.7307743243541438,8053.94010813736,-0.0004391481017572222,5971.775042425805,0.0,295.77345523199074,-1006.2339131380706,-3884.193659908384,0.0,9431.060593600501,True,-9.822542779147625e-11
2019-05-02,-6.46809608,0.0,-0.42260849,-0.7696921,0.7306653822325302,13007.031942233914,-56.967521288409976,-34883.278978348586,0.0,-2279.1822621300084,-4151.049075283832,3940.572937228084,0.0,-24422.872957588756,True,8.003553375601768e-11
2019-05-03,-0.54262073,0.0,0.42638031,-0.5674913,0.00015271225470314675,42234.521265204276,-0.031301823528057056,-3070.3816279911766,0.0,2412.6433031063566,-3211.1100170552445,0.8641116626886904,0.0,38366.505733103375,True,0.0
2019-05-04,5.29996201,0.0,0.08843493,-0.02514779,-6.521109420987159e-05,18431.981546620424,0.004038031716413641,30605.756490767184,0.0,510.68628940191996,-145.22125546725383,-0.37657531622265494,0.0,49402.830534037785,True,1.4551915228366852e-11
2019-05-05,7.13532895,0.0,-0.11916769,-5.64e-06,0.09950739571348777,-7597.328863422169,0.0014133025088786005,40873.67373663871,0.0,-682.6344398612349,-0.03230790360052599,570.0133596189283,0.0,33163.692898373,True,-1.4551915228366852e-10
2019-05-06,18.12408624,0.16347945,0.560804,-0.27116949,-0.3846178594619971,-6265.410692493298,-3.647154626243357,103156.65094249228,930.4740849611308,3191.921606920882,-1543.4122336301382,-2189.1249991519458,-113902.0677414938,97277.45155447266,True,0.0
2019-05-07,4.0251815,0.0,0.00361174,-0.11011259,2.227416892199585,22716.62743386536,-38.22500299982895,23449.680567204214,0.0,21.041075860006348,-641.4878588524579,12976.362584413899,0.0,58483.99879949121,True,1.4551915228366852e-11
2019-05-08,3.73655597,0.0,0.00898086,-0.12973955,-1.7592936412531799,18387.330693462016,205.98943853162584,22164.504925998528,0.0,53.2726706913755,-769.5891398816201,-10435.779067919058,0.0,29605.729520882946,True,7.275957614183426e-11
2019-05-09,-5.19094212,0.0,-1.23047306,-0.25644678,-0.18381951373501693,38643.98633619877,39.95232839707046,-31925.023078667662,0.0,-7567.582132504845,-1577.1837136088138,-1130.5158259595241,0.0,-3516.3660861449316,True,7.639755494892597e-11
2019-05-10,-0.0317257,0.0,-0.17299193,-0.00015279,0.18441874396165758,35309.647203815606,-0.1735732294170688,-201.69497955798582,0.0,-1099.7898796573916,-0.9713568471827146,1172.4354322664572,0.0,35179.452846789965,True,-1.1641532182693481e-10
2019-05-11,-2.53219776,0.0,-0.82592478,0.20396105,-0.18334130094061152,164599.15890266618,177.6370462390813,-18548.55841070558,0.0,-6049.967449887941,1494.031591526975,-1342.9902211080396,0.0,140329.3114587306,True,-5.820766091346741e-11
2019-05-12,29.39922704,0.0,0.2864024,0.06867235,0.0006646322376582248,-63852.86110230464,-0.09187889282053707,204107.75496081522,0.0,1988.3839394775255,476.76624855859944,4.614291175697633,-138935.77496845083,142724.56645882962,True,2.9103830456733704e-11
2019-05-13,-31.51913136,-0.04627538,-0.97657369,-0.01788697,0.9264242767823134,151301.26050340937,0.7748191035827042,-245814.73435731523,-360.89732651768793,-7616.206152569971,-139.49879293270178,7225.095606169403,0.0,-95404.2057006529,True,3.2014213502407074e-10
2019-05-14,15.42356632,0.0,0.29316103,-0.07776146,0.6104295404856259,22579.124669990997,145.26791477869406,122703.07152630301,0.0,2332.259484381992,-618.6357804937134,4856.307420343496,0.0,151997.39523530426,True,-2.6193447411060333e-10
2019-05-15,4.10439011,0.0,0.10787564,0.0858651,-1.539431812377586,41485.335156292495,399.2777437498413,33718.41369912758,0.0,886.2206954246255,705.3995566997797,-12646.750752292697,0.0,64547.896099001635,True,2.1827872842550278e-11
2019-05-16,10.09350538,0.0,-0.04607126,-1.593e-05,-0.039581009467980266,-57939.85588678384,0.5908416154051496,79355.86201614201,0.0,-362.2155449299223,-0.12524280062524148,-311.188730530072,0.0,20743.067452712916,True,-4.3655745685100555e-11
2019-05-17,1.21348416,0.0,0.28239751,-9.585e-05,-4.884533656763779,-93180.54794642763,22.077191402811305,8891.102189040133,0.0,2069.104156530962,-0.702285347358384,-35788.590671090955,0.0,-117987.55736589199,True,5.820766091346741e-11
2019-05-18,0.05237181,0.0,0.33664384,-9.53e-06,4.9263765276348295,-8593.434423601171,241.03415784828178,381.1613818534396,0.0,2450.0896808196667,-0.0693592214793279,35854.10710081705,0.0,30332.88853851566,True,-1.2369127944111824e-10
2019-05-19,6.77438118,0.0,0.61951655,0.06000196,0.20591412583519286,165753.55479646844,0.5544396529794413,55683.670840467894,0.0,5092.266693268989,493.20067791386384,1692.5611505683778,0.0,228715.80859834072,True,1.4551915228366852e-10
2019-05-20,5.07976499,0.0,0.27964906,3.95e-05,-0.43246557271288566,-43773.90011759074,-49.27228519085038,40542.31239754967,0.0,2231.9181250550555,0.31525500546890695,-3451.568012423158,0.0,-4500.194637594745,True,-1.9463186617940664e-10
2019-05-21,-0.7991808,0.0,-0.05573652,0.08416051,0.09965511318532094,503.9745608578147,-0.6031167307606172,-6380.506446000649,0.0,-444.98970087575185,671.9213931987631,795.6273374633931,0.0,-4854.575972086983,True,2.0736479200422764e-10
2019-05-22,6.66960783,0.0,0.27853798,0.15677165,0.6280233360845955,-59405.407575469224,39.901375609545596,51141.899984844575,0.0,2135.801965906688,1202.109666582759,4815.6214669351575,0.0,-70.07311559072696,True,-2.2737367544323206e-10
2019-05-23,0.70785608,-0.8892041,0.37188547,0.01798461,-0.5015258752877969,44800.98448857513,115.17846872221601,5590.273071862445,-7022.463853979585,2936.9548238646325,142.03294120317236,-3960.786203127074,0.0,42602.17373712105,True,1.0913936421275139e-10
2019-05-24,-0.27702755,0.0,-0.08662912,7.94e-06,-0.0014074863287589778,17510.02175634277,0.017016725987308693,-2212.64684644622,0.0,-691.9154761987072,0.0634175769189129,-11.241734573852744,0.0,14594.298133426812,True,-8.36735125631094e-11
2019-05-25,0.0,0.0,-0.0,-0.00018305,0.0009521294271053193,14525.621225650773,-0.09070288927698744,0.0,0.0,-0.0,-1.47567437180066,7.675678744695791,0.0,14531.730527134612,True,2.2009771782904863e-10
2019-05-26,0.00744188,0.0,-8.6e-05,-0.00015297,0.00023851277794051384,130635.04787373912,-0.17786705617677934,64.97896093861782,0.0,-0.7509111462051433,-1.335661372500009,2.082580272882373,0.0,130699.84497537557,True,-1.7462298274040222e-10
2019-05-27,1.41685551,0.0,-0.10063624,0.00010765,0.00032743794750444977,16626.410851250388,-0.002300951485555827,12492.112828231355,0.0,-887.2882632110944,0.9491270891547052,2.8869505433691556,-176441.53560765408,28235.069192951953,True,2.6557245291769505e-10
2019-05-28,0.0,0.0,0.0002547,0.00165481,-0.004722596099753673,-17218.45498819868,-0.029342306437167325,0.0,0.0,2.2207613535707487,14.4284966450821,-41.176909724605046,0.0,-17243.011982231168,True,-1.0550138540565968e-10
2019-05-29,-2.18091562,0.0,0.14194472,0.23921634,0.003435952037449397,-11219.935799312569,0.2814135587562928,-18876.890081764126,0.0,1228.6008924668008,2070.5342813501034,29.739843367780438,0.0,-26767.669450333342,True,-9.094947017729282e-11
2019-05-30,-2.70630112,0.0,-0.22161057,0.15802753,-0.47678923769049675,-66988.86176179994,0.3785665082208284,-22385.49978316906,0.0,-1833.0788580847102,1307.1439879349946,-3943.8203302882853,0.0,-93843.73817889881,True,-2.9103830456733704e-11
2019-05-31,2.27732986,0.0,0.00082968,0.10881062,-8.828273908474728,48877.50599681204,-135.9749938322795,19485.34027197936,0.0,7.098926422918739,931.0078408689739,-75536.67307592728,0.0,-6371.695033676224,True,4.3655745685100555e-11
2019-06-01,-2.70116047,0.0,0.04100585,0.11691704,3.155680851884881,-246.3658881609206,13.166719112989696,-23107.907387267653,0.0,350.7971461377818,1000.2027507508533,26996.241681683474,0.0,5006.1350222562905,True,-2.3646862246096134e-10
2019-06-02,-8.24508113,0.0,0.08130095,7.907e-05,6.147355544478785,32523.257223023957,-1165.7803028565122,-72097.90606082356,0.0,710.9242666428089,0.6914160506543516,53754.65148010184,0.0,13725.838022139389,True,1.964508555829525e-10
2019-06-03,2.61997726,0.0,0.00858566,0.04542227,0.0030262840175510064,-93305.60065341405,1.7202471651621676,21414.125465679183,0.0,70.17404435245484,371.2544393289717,24.735033634077002,0.0,-71423.591423254,True,1.8917489796876907e-10
2019-06-04,10.0029139,0.0,0.21511166,0.01441118,5.695124158298228,-86944.3811589489,-0.0069836043014910466,76521.68447791552,0.0,1645.591148599274,110.24465270209382,43567.35429901593,0.0,34900.486435679486,True,-1.3096723705530167e-10
2019-06-05,0.0,0.0,-0.0,0.02265845,-3.4889594952396408,26203.154056626026,846.3266736761253,0.0,0.0,-0.0,176.70292986456332,-27208.805765073623,0.0,17.377895093057305,True,-3.637978807091713e-11
2019-06-06,0.0,0.0,-0.0,-0.04991255,0.5041972050848642,-3849.922433023246,-48.16338146876491,0.0,0.0,-0.0,-388.1555927258839,3920.9971237784785,0.0,-365.2442834395915,True,-1.7553247744217515e-10
2019-06-07,0.0,0.0,-0.0,0.01283288,-5.54960922717396,43587.87321668078,670.1044038951165,0.0,0.0,-0.0,102.97038867003532,-44529.787474745885,0.0,-168.83946549962275,True,3.2741809263825417e-10
2019-06-08,0.0,0.0,-0.0,-0.04247287,1.8499653257004525,-14835.843041965767,238.90717086675824,0.0,0.0,-0.0,-337.2263121685562,14688.364229346062,0.0,-245.79795392160304,True,-1.000444171950221e-10
2019-06-09,0.0,0.0,-0.0,0.0036171,7.065116545685129,-53892.83343218139,302.45842047928795,0.0,0.0,-0.0,27.613179226967542,53935.56424633471,0.0,372.8024138598703,True,2.9831426218152046e-10
2019-06-10,6.50795379,0.0,-0.03800335,-0.01236761,-7.805867669334475,63324.14266383021,2182.668066331906,52020.04355052883,0.0,-303.77227402931356,-98.85804840909232,-62394.66185706343,0.0,54729.562101188814,True,-3.055902197957039e-10
2019-06-11,0.0,0.0,-0.0,0.05328402,1.5663734103034983,-12940.859102949182,122.51812015040677,0.0,0.0,-0.0,422.14177603706213,12409.567697083452,0.0,13.368490321561694,True,-1.7826096154749393e-10
2019-06-12,-1.64118783,0.0,-0.00802751,0.00017916,0.16339501084357266,40993.6418530355,-36.701388139962155,-13370.357006447863,0.0,-65.39816626158523,1.4595728273680895,1331.1393053962545,0.0,28853.78417041013,True,4.18367562815547e-10
2019-06-13,0.0,0.0,-0.11928735,0.03422895,-2.1165023879613614,15581.533360308782,-0.0216252730506479,0.0,0.0,-982.0661921931832,281.7993239792053,-17424.692902583494,0.0,-2543.4480357621796,True,-4.383764462545514e-10
2019-06-14,-1.43799626,0.0,0.03257049,5.86e-06,2.115456393552762,84229.84146055857,-984.7720146018471,-12507.698393461415,0.0,283.2982788475758,0.050970308216019895,18400.249897087742,0.0,89420.97019873909,True,2.3283064365386963e-10
2019-06-15,2.63811889,0.0,0.00044212,-0.07075829,0.9264216930039879,27410.30380919636,-0.1979556229362484,23348.894990673787,0.0,3.913020558856123,-626.2522470811174,8199.373769327107,0.0,58336.03538705199,True,-7.275957614183426e-11
2019-06-16,7.52530169,0.0,0.19283709,-0.32468058,-0.49290293696975596,30781.684920783922,156.2832753429604,67874.58657366286,0.0,1739.2974127816283,-2928.462013062106,-4445.746422661546,-180498.57433850484,93177.64374684778,True,5.820766091346741e-11
2019-06-17,4.84605353,0.0,-0.38860922,-4.5e-06,-0.6675408289271161,54449.26262038692,138.76690966533116,45264.91282764982,0.0,-3629.8324726349015,-0.0420325748495032,-6235.21330155076,0.0,89987.85455094138,True,-1.8917489796876907e-10
2019-06-18,1.9621268,0.0,-0.00979358,7.743e-05,0.2356656001515205,-51073.76806231069,69.0520121466323,17751.6216210957,0.0,-88.60381830365418,0.7005194884048471,2132.097967877624,0.0,-31208.899760005996,True,-1.0913936421275139e-11
2019-06-19,1.09665247,0.0,-0.03913373,0.08621014,-0.6572627454503959,41875.52266028862,0.08235421688500497,10182.479241790785,0.0,-363.3588618815998,800.4659497843263,-6102.72118563785,0.0,46392.470158561366,True,1.964508555829525e-10
2019-06-20,-2.48996834,0.0,-0.05751327,0.37000443,-3.5941868402549915,46353.34971880494,-171.89149388467578,-23771.029998569524,0.0,-549.0630722179499,3532.328609902573,-34312.69459440806,0.0,-8919.000830372795,True,-9.458744898438454e-11
2019-06-21,-12.54183905,0.0,0.07386629,0.09036048,4.248460132297566,93918.48020599553,-2281.8500694656695,-126465.46240900471,0.0,744.8297242570371,911.1486633772121,42839.28959822149,0.0,9666.43571338104,True,1.5279510989785194e-10
2019-06-22,0.28329441,0.0,0.09268281,0.63196226,0.49502968992084107,97850.04185865412,-1.590770664463144,3027.084408648432,0.0,990.3431878543774,6752.703324079804,5289.538385799586,0.0,113908.12039437192,True,5.820766091346741e-11
2019-06-23,0.0,0.0,-0.0,1.17997929,-1.5144604974481695,17854.196106715786,53.735338110549726,0.0,0.0,-0.0,12737.201129126559,-16347.734338722501,0.0,14297.398235230008,True,-3.8562575355172157e-10
2019-06-24,3.86187838,0.0,-0.02366017,0.00022236,-1.1475668375333612,34567.65479150522,-214.40990518750365,42496.908752721465,0.0,-260.36140619318985,2.4468954483893266,-12628.062922661069,0.0,63964.17620563344,True,1.2369127944111824e-10
2019-06-25,-0.21444173,0.0,0.07941598,-8.908e-05,-10.071698694525878,121752.92458687033,-1566.6042721642386,-2514.6003023133294,0.0,931.2527338615918,-1.0445755820477263,-118103.39611634144,0.0,498.53205433068797,True,-1.7462298274040222e-10
2019-06-26,14.20738192,0.0,-0.12428681,-0.02899722,-13.572622255076084,191599.987666614,-13920.812946359512,182756.09876440855,0.0,-1598.7584940965169,-373.00459944370124,-174590.89277024902,-257423.57522780975,183872.61762087388,True,5.820766091346741e-11
2019-06-27,6.79555025,0.0,-0.58444209,-0.23195999,22.088290629613255,-285016.76982850366,45268.985835369545,75497.18950161216,0.0,-6493.0334701664915,-2577.0285962968283,245396.44356696442,0.0,72075.78700897959,True,4.3655745685100555e-10
2019-06-28,-7.66443493,0.0,-0.26060854,0.10319174,-1.5713611708473252,210364.21688727377,-4651.1657165150145,-94718.68074712096,0.0,-3220.654533005906,1275.2649824897023,-19419.208126790112,0.0,89629.77274633152,True,2.9103830456733704e-11
2019-06-29,9.39806056,0.0,-0.05922181,0.0711302,5.296322589742289,-66500.03951734715,2192.2108384783164,112253.73919183761,0.0,-707.3661179098169,849.6041144326535,63261.13892000381,0.0,111349.28742949525,True,-1.7462298274040222e-10
2019-06-30,0.0,0.0,-0.0,4.907e-05,0.0026286870070180157,-187398.28065145074,0.7820789851368963,0.0,0.0,-0.0,0.5320472020081665,28.50184567024978,0.0,-187368.4646795937,True,-3.2014213502407074e-10
2019-07-01,-15.74260202,0.0,-0.47569624,-0.04127373,-0.002186174895740578,-46446.67786574212,-0.5239640932498045,-166392.24638731393,0.0,-5027.896015604085,-436.2448242519613,-23.1068886474859,0.0,-218326.69594565267,True,1.7462298274040222e-10
2019-07-02,6.55460983,0.0,0.27154059,3.562e-05,-0.0036773976183610557,30233.29757018563,-0.05254257165787842,70567.47553508544,0.0,2923.428615675156,0.38348788772370657,-39.59116914613898,0.0,103684.94149711588,True,-2.764863893389702e-10
2019-07-03,-0.79653858,0.0,-0.41313014,1.852e-05,0.002242549530421911,190533.93998842232,-4.6782393171010375,-9520.248936803178,0.0,-4937.741717540345,0.22135150102785334,26.803007812537675,0.0,176098.2954540758,True,4.94765117764473e-10
2019-07-04,0.0,0.0,-0.10487309,0.02881271,7.2161821209875825,-123576.70547784018,1.319227639970832,0.0,0.0,-1172.1676153821177,322.03995871006083,80655.3424612652,0.0,-43770.17144560721,True,-1.3096723705530167e-10
2019-07-05,10.91065331,0.0,-0.04189102,0.02770326,-3.572231851181982,-28466.130830278373,-1288.5874813434618,119999.71955021787,0.0,-460.7341566856703,304.6915098640201,-39288.831578701625,0.0,50800.12701307237,True,-3.8562575355172157e-10
2019-07-06,0.0,0.0,-0.0,0.04440715,-2.8943886242418273,35727.416750925855,764.2401653914014,0.0,0.0,-0.0,497.7253554763982,-32440.96067609848,0.0,4548.421595695429,True,2.582964953035116e-10
2019-07-07,0.96834297,0.0,0.0379737,0.05555498,-0.7485245579265154,42231.12592391571,185.43773559952743,11093.51485588113,0.0,435.0336793200174,636.4480509918702,-8575.234767646069,0.0,46006.32547806227,True,8.003553375601768e-11
2019-07-08,0.6497553,0.0,-0.22481553,5.023e-05,-0.9268735592532948,147974.0734712023,-0.5742818313218602,8004.740257554631,0.0,-2769.6425462239104,0.6188146570516148,-11418.732703554395,0.0,141790.48301180452,True,1.4551915228366852e-10
2019-07-09,-1.44493252,0.0,-0.11760873,0.36652201,0.8815142985278044,44580.127386189335,-240.68213054731297,-18175.9616669583,0.0,-1479.4128712527342,4610.51980742776,11088.663226236344,0.0,40383.25375109492,True,-1.673470251262188e-10
2019-07-10,0.0,0.0,-0.0,0.00019951,-2.069576390864569,-80581.65278792017,21.738446247088113,0.0,0.0,-0.0,2.41542426262899,-25055.912123995877,0.0,-105613.41104140645,True,-1.1641532182693481e-10
2019-07-11,0.0,-6.20273876,-0.31242215,0.05178551,11.310907966548683,-138550.52248681145,1718.0897509898111,0.0,-70057.93718814211,-3528.707593173618,584.900661983692,127753.06369042114,0.0,-82081.11316473247,True,2.9103830456733704e-11
2019-07-12,3.81612662,0.0,-0.15005289,0.07006079,-10.96888226243658,85132.21782321308,4769.10642771722,45081.13910291224,0.0,-1772.6233640758987,827.6507920614864,-129578.9569677251,0.0,4458.533814103575,True,5.238689482212067e-10
2019-07-13,0.0,0.0,-0.0,0.05277705,6.963249507072447,-78313.50402529171,827.348941046812,0.0,0.0,-0.0,598.8525915102449,79010.85817874949,0.0,2123.5556860142387,True,-6.111804395914078e-10
2019-07-14,25.20683609,0.0,0.04906978,-0.010365,-5.179439394966749,-178639.80404033943,-5520.575145746644,259203.80591762712,0.0,504.5882666958962,-106.58408055432415,-53260.567843644574,0.0,22180.86307403841,True,3.637978807091713e-10
2019-07-15,-0.54213623,0.0,0.25560252,-0.04228419,-16.57260418825078,124272.1184349038,6.5842567418380415,-5923.586609351657,0.0,2792.8103325404745,-462.01313952266435,-181078.57549311453,0.0,-60392.662217802834,True,-1.0186340659856796e-10
2019-07-16,16.76774508,0.0,-0.20515796,-0.02019814,20.79092401928787,-280641.37839820597,24102.21227502804,158809.6756370237,0.0,-1943.0799386862743,-191.29942914609202,196913.77009514457,0.0,97049.90024115797,True,-1.4551915228366852e-11
2019-07-17,4.17363478,0.0,-0.96554478,-0.00195047,-4.330836486406042,42661.72375396672,861.5325228325516,40379.425932200196,0.0,-9341.532257461333,-18.87056799396772,-41900.33396436832,0.0,32641.94541917555,True,-2.837623469531536e-10
2019-07-18,9.69297572,0.0,-0.61698536,-0.07314374,0.09137452177165528,213662.20580831546,-102.79385006535749,103519.9211470819,0.0,-6589.336201917562,-781.1671478325607,975.8699043407976,-213725.97248137987,310684.6996599225,True,-1.1641532182693481e-10
2019-07-19,-3.02524577,0.0,-1.29137023,0.0012658,-2.3594672020116434,-29772.167219275267,1.6108442036129138,-31862.50175500978,0.0,-13600.973060691986,13.331662214502122,-24850.386904262657,-210802.0376230526,-100071.08643282123,True,3.4924596548080444e-10
2019-07-20,0.0,0.0,-0.0,0.05667891,-5.829808395771607,58574.15355851743,-783.2802700867013,0.0,0.0,-0.0,615.6830794094831,-63327.15970501059,0.0,-4920.603337170323,True,5.820766091346741e-11
2019-07-21,3.40699754,0.0,-0.28116789,0.06097203,12.298891079497679,-48396.623815247236,2238.1747287943517,36079.10396336043,0.0,-2977.485429727868,645.6759018461549,130241.6466937757,0.0,117830.49204280158,True,4.3655745685100555e-11
2019-07-22,4.10014266,0.0,0.04721449,6.9e-07,-4.09896454443404,-48942.166692727675,-1111.3466080746612,42307.571839180186,0.0,487.1855916167693,0.007119807038381031,-42295.415381935905,0.0,-49554.16413213452,True,-2.764863893389702e-10
2019-07-23,0.0,0.0,-0.0,-1.754e-05,-0.002627766410341792,-83445.0074847589,0.11575336159350336,0.0,0.0,-0.0,-0.17306102241436588,-25.92724866818008,0.0,-83470.99204108794,True,-4.3655745685100555e-11
2019-07-24,2.40862357,0.0,-0.07594396,0.02058238,0.002527293626087612,-13638.418584805722,0.21300947834412048,23587.138876484423,0.0,-743.7030649626076,201.5588743360904,24.74924952269831,0.0,9431.538360053673,True,4.474713932722807e-10
2019-07-25,0.0,0.0,-0.29994334,0.04008431,4.229351049345212,19522.873508522753,-0.037230251611016126,0.0,0.0,-2968.5952612061715,396.7219032591927,41858.67731906814,0.0,58809.64023939194,True,-3.637978807091713e-10
2019-07-26,9.48509167,0.0,-0.24214185,0.03675715,-8.472946752863521,-11296.034642079998,-255.81186448587184,93301.97076546063,0.0,-2381.8759581682098,361.5689393460181,-83345.80810993648,0.0,-3615.99086986389,True,1.4551915228366852e-11
2019-07-27,-16.50595582,0.0,-0.16538518,1.266e-05,4.2442877107507115,-76453.38838214226,1655.2463825605519,-155926.35153757554,0.0,-1562.3395577333617,0.1195948681792671,40094.39409811332,0.0,-192192.3194019089,True,2.0372681319713593e-10
2019-07-28,0.0,0.0,-0.15744694,-0.04564756,-0.8022581622219036,14907.034504150804,0.027876777997409796,0.0,0.0,-1500.43608413639,-435.01160566715936,-7645.350842580298,0.0,5326.263848544797,True,-1.5734258340671659e-10
2019-07-29,-1.24421665,0.0,-0.42188338,0.05050746,0.8021418242810796,-4591.527527748809,20.553181118236882,-11825.232767477884,0.0,-4009.646687520476,480.03092628126984,7623.683371101897,0.0,-12302.139504245715,True,4.9112713895738125e-11
2019-07-30,0.0,0.0,-0.0,1.286e-05,-0.00038030591062465646,15081.384780662356,0.018608796198846554,0.0,0.0,-0.0,0.12331594438941552,-3.646794908674663,0.0,15077.8799104942,True,-6.912159733474255e-11
2019-07-31,0.0,0.0,0.05165493,0.06115247,-7.795145868082187,83421.31602951937,-0.07577090891458654,0.0,0.0,519.5971484708899,615.1329415014528,-78411.40361568864,0.0,6144.566732894396,True,2.473825588822365e-10
2019-08-01,-9.65917347,0.0,-0.14842142,-0.0200056,7.797822432301729,60630.66863004739,-2660.561669600079,-100458.36959313104,0.0,-1543.6283355098838,-208.06438200683252,81099.74733953866,0.0,36859.791989337886,True,-3.346940502524376e-10
2019-08-02,-0.17650265,0.0,0.02318622,-0.00955848,0.6101090092628851,21713.42505366874,0.3254499657803275,-1858.5189748941282,0.0,244.14381215279053,-100.64787384861374,6424.261451422567,0.0,26422.988918467192,True,5.4569682106375694e-11
2019-08-03,2.91983901,0.0,-0.0329463,-1.644e-05,-0.6108018838872624,47065.10375525322,171.98031946248852,31564.690902570783,0.0,-356.16339542068374,-0.17772333223202727,-6603.025920805602,0.0,71842.40793772764,True,-3.346940502524376e-10
2019-08-04,0.0,0.0,-0.0,-1.643e-05,0.000877702421092863,30030.115462861442,0.3209082569490521,0.0,0.0,-0.0,-0.1805083417052083,9.642885486434517,0.0,30039.898748263484,True,3.637978807091713e-10
2019-08-05,2.92985222,0.0,-0.40010394,0.03187317,0.35751878081757127,137032.32186525696,2.1696040018281186,34543.02780737307,0.0,-4717.235030120231,375.78543726656943,4215.154983973725,0.0,171451.22466775216,True,2.3283064365386963e-10
2019-08-06,6.75505801,0.0,-0.36336291,0.17655981,-0.35779836187026604,-63446.80480939109,-132.029937724327,77166.38492390528,0.0,-4150.8751129333905,2016.93046016515,-4087.308514057262,0.0,7366.297009964008,True,-3.4924596548080444e-10
2019-08-07,9.42064076,0.0,-0.07196492,-0.17972589,-0.0012345339692672042,97700.8550532692,1.316243850601024,112739.38496614757,0.0,-861.2238834524896,-2150.828889169264,-14.774005713704929,0.0,207414.72948493203,True,1.1641532182693481e-10
2019-08-08,-1.96027576,0.0,-0.75597365,-0.21425928,-0.0008194871940077064,-5483.710205806896,-0.03444093965343814,-23402.231924883064,0.0,-9024.99079333633,-2557.877552196258,-9.783230382668195,0.0,-40478.628147544805,True,6.548361852765083e-11
2019-08-09,1.9793436,0.0,-0.59704545,-0.63269858,2.0466393010565298e-05,-14852.95521204596,-0.029284089112044623,23471.73155989415,0.0,-7079.968597395724,-7502.755574164189,0.24269746937483846,0.0,-5963.7344103315845,True,-1.2369127944111824e-10
2019-08-10,0.0,0.0,-0.0,-8.418e-05,-0.0023832240019032724,-103523.04971275701,-0.21463727544081473,0.0,0.0,-0.0,-0.9515480387002033,-26.939321986152393,0.0,-103551.15522005735,True,-4.3655745685100555e-11
2019-08-11,0.0,0.0,-0.0,-1.517e-05,0.0010008396531588915,42271.652346598836,-0.45207300643553777,0.0,0.0,-0.0,-0.17491306182502353,11.539876607113795,0.0,42282.565237137955,True,2.6193447411060333e-10
2019-08-12,0.0,0.0,-0.0,-1.628e-05,-0.000638446293294237,-27158.682988700715,0.14482663660162765,0.0,0.0,-0.0,-0.18534285489433705,-7.268517118910387,0.0,-27165.992022038437,True,-5.20230969414115e-10
2019-08-13,0.0,0.0,-0.0,-3.494e-05,-0.0024100067415702142,-96622.38417148782,0.845735727236255,0.0,0.0,-0.0,-0.37969489325395384,-26.189675228443374,0.0,-96648.10780588188,True,3.92901711165905e-10
2019-08-14,6.27037105,0.0,-0.34758592,-1.421e-05,0.006302383907240028,-157292.7794113846,3.4076367859822305,62856.57958601151,0.0,-3484.3332028105465,-0.14244643399806836,63.17748861880048,0.0,-97854.09034921275,True,8.731149137020111e-11
2019-08-15,-1.6984967,0.0,-0.05991886,0.04224424,-5.300155138406581,55021.77876057093,0.6452824651799576,-17511.64682634586,0.0,-617.7685918125492,435.5417418988173,-54645.0545995281,0.0,-17316.50423275167,True,-8.731149137020111e-11
2019-08-16,4.72406189,0.0,-0.88867263,-0.11484558,-1.5777194148367926,12069.574038181512,-335.0179641068567,49004.21467374528,0.0,-9218.48725720268,-1191.3301704543899,-16366.19136240782,0.0,33962.76195775531,True,2.764863893389702e-10
2019-08-17,1.92527783,0.0,-0.08384076,0.02126768,9.84413610375583,-32333.64291539439,1142.4959540605857,19651.61031022481,0.0,-855.7756797277844,217.0825181956009,100480.62858118735,0.0,88302.39876854583,True,-3.4924596548080444e-10
2019-08-18,-4.44119814,0.0,-0.05873688,-0.00489395,-2.9686140748226535,24389.973338504245,368.5548748867341,-45883.39464934075,0.0,-606.8289143053116,-50.560914457228236,-30669.67220622032,0.0,-52451.928470932646,True,-1.4551915228366852e-11
2019-08-19,-6.16673073,0.0,-0.19542652,0.01923,-0.0018621855127491926,106206.34417035879,-0.051996779108308626,-67122.58091447101,0.0,-2127.145318299553,209.31143056172934,-20.26919987752787,0.0,37145.60817149305,True,-2.764863893389702e-10
2019-08-20,3.00725916,0.0,-0.18910881,0.07459584,-2.515835518369073,-21016.967420852878,0.22151022420090563,32392.36839881102,0.0,-2036.9651949055024,803.5010625086144,-27099.05153030599,0.0,-16956.893174520228,True,3.055902197957039e-10
2019-08-21,9.74493197,0.0,-0.78294899,1.249e-05,2.517776513451878,-127150.70999754372,1698.4069802982167,98392.92364401622,0.0,-7905.303025961464,0.1261094094958328,25421.561997909772,0.0,-9542.994291871786,True,-3.092281986027956e-10
2019-08-22,1.79241912,0.0,-0.10029826,0.01966265,0.0003021179256279538,4518.635344914333,-0.00034699033789873355,18138.769803263676,0.0,-1014.9897585381086,198.98040480183147,3.0573471601915236,0.0,21844.452794611687,True,9.822542779147625e-11
2019-08-23,1.84144606,0.0,-0.19932976,0.01923458,-3.6371469431959156,58640.80780860787,0.08448809322900494,19177.084754886157,0.0,-2075.8488585275836,200.31168921919885,-37877.772643334,0.0,38064.66723894514,True,2.6193447411060333e-10
2019-08-24,4.91740499,0.0,0.05014996,0.01930443,3.637160668660016,-53632.74576857364,971.2489822418944,49897.3370093728,0.0,508.87601493375587,195.883733685284,36906.58630119553,0.0,34847.186272855615,True,-1.4551915228366852e-11
2019-08-25,4.02040314,0.0,0.05884452,0.03538153,1.1950663122818241,-9617.844193200126,-0.014050916637288536,40607.50610689994,0.0,594.3506464522351,357.3660763647855,12070.596127863577,0.0,44011.960713463835,True,5.820766091346741e-11
2019-08-26,9.17208823,0.0,-0.80905623,-1.992e-05,-1.1007209986589714,55061.92662989884,313.5288566502457,95047.08022447638,0.0,-8383.961260577888,-0.20642385796931756,-11406.379271637796,0.0,130631.98875495186,True,5.820766091346741e-11
2019-08-27,-1.85199165,0.0,0.05378402,-0.10566328,-0.1035369270756803,-42441.00233255771,-18.40125408637556,-18831.461446053083,0.0,546.8878323742701,-1074.4076430277166,-1052.7864153536993,0.0,-62871.17125870427,True,5.093170329928398e-11
2019-08-28,0.31669106,0.0,-0.78191813,-0.039691,-1.1515535563010815,-95951.75468444094,3.9424316235028707,3079.7572133470794,0.0,-7603.9974134866925,-385.98703593009196,-11198.627999078148,0.0,-112056.66748796497,True,3.2014213502407074e-10
2019-08-29,1.43252073,0.0,-0.45321276,-0.0747394,0.0021387409666715484,-52349.460830851174,281.3941454331527,13583.6081286386,0.0,-4297.504672577224,-708.702289683146,20.280208566288618,0.0,-43470.38531047385,True,-3.41970007866621e-10
2019-08-30,0.0,0.0,-0.0,-0.09874124,-2.100613162288738,20674.54532860647,-110.4642468512769,0.0,0.0,-0.0,-945.7118833536405,-20118.99820080778,0.0,-500.62900240602903,True,1.964508555829525e-10
2019-08-31,0.0,0.0,-0.0,-0.02355809,-0.5946362362875561,5925.536103368914,-89.1172165730828,0.0,0.0,-0.0,-226.2760307144769,-5711.495595192309,0.0,-101.35273911128752,True,-3.319655661471188e-10
2019-09-01,-4.31894074,0.0,-0.1464066,0.02077522,3.8520243627931166,34214.30856795362,-608.5229682398882,-42165.54443761584,0.0,-1429.3583473109304,202.82715481556835,37607.069469569054,0.0,27820.77943917131,True,-2.764863893389702e-10
2019-09-02,0.0,0.0,-0.0,5.6e-06,-0.0025712950275078583,130389.7253091781,-0.9405164824559542,0.0,0.0,-0.0,0.058113094953594235,-26.6831985870123,0.0,130362.15970720444,True,8.440110832452774e-10
2019-09-03,2.61466668,0.0,0.18731237,0.06117248,0.004404310767114339,51239.59870144402,-0.9904187621819096,27764.574185531837,0.0,1989.029130371902,649.5771992906425,46.76841371982554,0.0,81688.55721159559,True,-4.511093720793724e-10
2019-09-04,1.46094795,0.0,0.09535284,-4.26e-06,0.0004162537310321568,-8934.73768386692,-0.012554834312469064,15452.798678219659,0.0,1008.5699767171654,-0.04505904701753115,4.402816065211436,0.0,7530.97617325373,True,-5.4569682106375694e-11
2019-09-05,1.00797428,0.0,0.0585633,-0.10092844,0.14118625372267957,637.7098501289734,0.002114945108859248,10664.554054837154,0.0,619.6105306175517,-1067.8415366415782,1493.776641429253,0.0,12347.811655316502,True,3.8198777474462986e-11
2019-09-06,0.76662573,2.52947025,-0.37713891,0.02403094,9.834585815976396,-54257.10719551615,-35.38181366188992,7919.895216709017,26131.57705231569,-3896.1654070022573,248.26003003971886,101599.62823353948,-206740.96482097055,77710.70611642371,True,1.0186340659856796e-10
2019-09-07,9.39945862,0.0,-0.09668982,0.06571925,-11.699126488584426,32819.540112907634,1632.7248465240127,98642.68395418765,0.0,-1014.7119894280987,689.69112685516,-122776.56441807907,0.0,9993.363632967696,True,4.0745362639427185e-10
2019-09-08,-1.78379678,0.0,-0.24284636,-0.04018244,2.7822248072340585,-18312.540880772514,150.28501124492774,-18564.446968262753,0.0,-2527.3665824509703,-418.18932784226683,28955.35268747471,0.0,-10716.9060606095,True,-6.330083124339581e-10
2019-09-09,-9.7813033,2.3242,-0.24066611,0.05278006,-3.5948044613884065,-15546.680192696,-79.25853512250409,-101064.96854788592,24014.713857098825,-2486.6740240732597,545.3480932193905,-37143.18927478911,0.0,-131760.70862424816,True,4.0745362639427185e-10
2019-09-10,-0.50715019,0.0,-0.09121781,0.07226071,2.5359498471067354,-49350.56193663737,624.9623784616786,-5115.092434746355,0.0,-920.018446301145,728.8180470767454,25577.468240388196,0.0,-28454.42415175843,True,-1.8189894035458565e-10
2019-09-11,1.39998053,0.0,0.18419511,0.01986463,-1.1511360607837844,11220.61761106874,0.0412625493330036,14198.809816901005,0.0,1868.134077616894,201.47001862454917,-11674.992366104942,0.0,15814.080420655198,True,-3.80168785341084e-10
2019-09-12,-2.00359248,0.0,0.04567498,1.536e-05,1.1490901747782232,52574.87501479502,-300.4986522326863,-20844.093804182416,0.0,475.1732585980537,0.1597956091511393,11954.398727101257,0.0,43860.01433968893,True,5.529727786779404e-10
2019-09-13,0.0,0.0,-0.0,1.72e-05,0.00022857798506947802,-11564.499283318879,0.07610217243067958,0.0,0.0,-0.0,0.17793982644722353,2.3647166856348236,0.0,-11561.880524634384,True,-1.8189894035458565e-11
2019-09-14,0.0,0.0,-0.0,2.522e-05,-7.163654103692352e-05,3610.421700689632,-0.019618501865334495,0.0,0.0,-0.0,0.26136628204513745,-0.7424019186913011,0.0,3609.921046551084,True,-3.5925040720030665e-11
2019-09-15,0.0,0.0,-0.0,2.06e-05,0.00022740058665249308,-11417.408257142144,0.06614408603789836,0.0,0.0,-0.0,0.21230709514938553,2.343629028517327,0.0,-11414.786176932743,True,-3.0377123039215803e-10
2019-09-16,0.0,0.0,-0.0,3.062e-05,0.00019390189936530078,-9636.265807353426,0.04483133304354593,0.0,0.0,-0.0,0.3140945329584467,1.9890113168158026,0.0,-9633.917870170902,True,-2.9467628337442875e-10
2019-09-17,0.0,0.0,-0.0,2.282e-05,0.0002522136775269246,-12399.705949509058,0.045624886190921185,0.0,0.0,-0.0,0.23266384715454128,2.5714725906401905,0.0,-12396.856188184815,True,2.582964953035116e-10
2019-09-18,0.0,0.0,-0.0,2.453e-05,0.00014034576520316477,-6834.976143740641,0.016500393720595842,0.0,0.0,-0.0,0.2492571517940774,1.426098071785617,0.0,-6833.28428812325,True,9.094947017729282e-11
2019-09-19,-1.72608202,0.0,-0.05407703,1.51e-05,0.15203209791380345,21341.420362717607,-0.036493210354876425,-17724.087891500854,0.0,-555.2841762590913,0.15505272870037942,1561.1252736144693,0.0,4623.2921280909795,True,5.038600647822022e-10
2019-09-20,-0.48096826,0.0,-0.04930022,-0.019721,-0.15179345619978335,-19411.271291452773,-14.90632432607109,-4891.507381087777,0.0,-501.38940565277886,-200.56503741521746,-1543.7584413617321,0.0,-26563.397881296463,True,-1.127773430198431e-10
2019-09-21,0.0,0.0,-0.0,-1.717e-05,-0.0010419360303046687,-36189.887181043094,0.018772660499079538,0.0,0.0,-0.0,-0.17146659287648736,-10.405196337308913,0.0,-36200.4450713133,True,-5.238689482212067e-10
2019-09-22,0.0,0.0,-0.0,-1.737e-05,0.0003479378622728291,11938.74056602991,-0.06934194306582342,0.0,0.0,-0.0,-0.17451662405846585,3.4957363906720538,0.0,11941.992443853756,True,2.9831426218152046e-10
2019-09-23,2.58191965,0.0,-0.17819307,0.02018883,0.0017183554328710215,-69786.33867788895,0.28206445831235727,25025.878573999642,0.0,-1727.1792840448068,195.68510125058353,16.65557423911421,0.0,-46275.01664798614,True,-2.9103830456733704e-11
2019-09-24,-0.01093798,0.0,-0.00013088,-1.186e-05,-0.000922175891759025,-215176.09161862603,-0.9950921545462577,-94.21616384277358,0.0,-1.127357293004943,-0.10215814100732445,-7.943319964913462,0.0,-215280.4757100225,True,-2.3283064365386963e-10
2019-09-25,3.89400966,0.0,0.03808029,-0.04361499,-1.1377436287237686,-37788.59369601366,-0.0,32803.75125246631,0.0,320.79436618084316,-367.4195515064042,-9584.5316895626,0.0,-14615.999318435322,True,1.8917489796876907e-10
2019-09-26,24.2629589,0.0,-0.37282795,0.12021428,-3.553101391466612,-67585.02925388713,378.256917277984,196328.47047678844,0.0,-3016.8101704403643,972.7373243775464,-28750.613827054232,0.0,98327.0114670624,True,1.6007106751203537e-10
2019-09-27,0.0,0.0,-0.0,0.07501737,-2.8711254005731064,21612.348303341005,-446.0259029515948,0.0,0.0,-0.0,614.1506773079802,-23505.27097121799,0.0,-1724.7978935209103,True,-3.128661774098873e-10
2019-09-28,-5.16337774,0.0,-0.36900048,-0.05657564,6.089860800530829,3455.906463253331,-114.93721786610097,-42349.9158619558,0.0,-3026.534192910183,-464.0322119520741,49948.91048073957,0.0,7449.39745930885,True,1.0913936421275139e-10
2019-09-29,2.87635379,0.0,-0.24700361,0.04514802,-1.803760435668437,-30488.67527658901,202.37230958922507,23196.378329658168,0.0,-1991.9626042773193,364.09657128964426,-14546.440576016243,0.0,-23264.231246345676,True,-1.418811734765768e-10
2019-09-30,-5.14276699,0.0,0.21848317,-0.09010567,0.39061239321682706,48899.6543324257,-713.6725061207078,-42594.27565656675,0.0,1809.5574595147145,-746.2880884283728,3235.1945915303418,0.0,9890.170132355066,True,1.4551915228366852e-10
2019-10-01,-0.60492168,0.0,0.11789506,-0.04109402,2.886095261362499,7062.971395238075,-92.86471848138802,-5029.652395359377,0.0,980.2445350116026,-341.67834111673125,23996.587367388187,0.0,26575.607842680067,True,-3.019522409886122e-10
2019-10-02,0.0,0.0,-0.0,-2.508e-05,-0.00034709289661805087,10503.381535335253,0.04018743360706982,0.0,0.0,-0.0,-0.20973227076659262,-2.902575014938516,0.0,10500.309415483149,True,-7.275957614183426e-12
2019-10-03,0.0,0.0,-0.0,3.4e-06,0.000788384958525512,-23684.55464804682,-0.05306822372510557,0.0,0.0,-0.0,0.028064755694973693,6.507597427826607,0.0,-23678.07205408695,True,7.275957614183426e-11
2019-10-04,0.0,0.0,-0.0,-7.24e-06,0.0006615917900774093,-19407.60587297651,-0.1133784715016948,0.0,0.0,-0.0,-0.05911956773509764,5.402350918020152,0.0,-19402.37602009764,True,8.731149137020111e-11
2019-10-05,0.0,0.0,-0.0,-1.164e-05,0.00018197965422928064,-5265.430549655614,-0.04667333470697895,0.0,0.0,-0.0,-0.0947686164285518,1.481611688097524,0.0,-5264.090379918693,True,-4.092726157978177e-11
2019-10-06,8.0597197,0.0,-0.13042246,1.371e-05,-0.000646045052747013,-62833.728921934555,-0.6091973755187037,63305.953445446874,0.0,-1024.4175341483224,0.10768670053588546,-5.074431810930555,0.0,-557.7689531219658,True,-5.03632691106759e-11
2019-10-07,0.0,0.0,-0.18082474,0.01241289,2.027950254623903,84252.9256932261,0.5483614260605769,0.0,0.0,-1487.4685478336671,102.10872396508931,16681.96630795284,0.0,99550.08053873666,True,2.1827872842550278e-10
2019-10-08,2.39622774,0.0,-0.1215385,0.06294494,-2.1718365966085003,-8139.53456972786,-72.87327907454068,19625.381046130045,0.0,-995.4143066030429,515.526304868582,-17787.59174967737,0.0,-6854.506554084364,True,-1.7826096154749393e-10
2019-10-09,-10.1580187,0.0,0.12385253,0.04904018,0.14282852370953947,93487.01764715265,-58.1341238116909,-87342.01643976611,0.0,1064.9251621644116,421.6637450932326,1228.08705460506,0.0,8801.543045437895,True,3.41970007866621e-10
2019-10-10,0.56022779,0.0,0.04060097,-0.0118518,6.287809182481396e-05,-4433.464942846786,-0.008473086102487891,4805.684615621294,0.0,348.2787901476678,-101.6658115575103,0.5393739545518289,0.0,619.3635522327386,True,-3.766444933717139e-10
2019-10-11,0.0,0.0,-0.0,-1.772e-05,-0.002014501698170079,-63301.60453291727,-0.13877915841769745,0.0,0.0,-0.0,-0.14689621339264755,-16.699925018862462,0.0,-63318.59013330797,True,-2.1827872842550278e-11
2019-10-12,0.0,0.0,-0.0,-1.709e-05,0.0002441408184665761,7444.162749329979,-0.05196358342440113,0.0,0.0,-0.0,-0.1422528899621187,2.0321671728839936,0.0,7446.000700029312,True,-1.6552803572267294e-10
2019-10-13,2.95536709,0.0,-0.27146365,0.06966152,0.7525858010809827,-7137.440165205538,0.04188807383179209,24503.68931018293,0.0,-2250.773164902584,577.581123079737,6239.877513471104,0.0,21932.976504700026,True,5.456968210637569e-10
2019-10-14,3.32098496,0.0,-0.29957347,-0.05994896,1.6414082650894954,12256.571482590125,41.40982206698333,27718.164048523446,0.0,-2500.35055444678,-500.35610755020406,13699.798135295649,0.0,50715.23682647897,True,-2.473825588822365e-10
2019-10-15,0.0,0.0,-0.0,-0.07264205,-5.452815587054744,-41834.1946777747,-444.2196164483614,0.0,0.0,-0.0,-592.8108947245029,-44498.86101685784,0.0,-87370.08620580495,True,4.511093720793724e-10
2019-10-16,-3.34724716,0.0,-0.18365499,-1.851e-05,3.058156634043087,-35333.44044426642,479.99883314871204,-26790.88400779414,0.0,-1469.948079526518,-0.1481513731374021,24477.04508928898,0.0,-38637.3767605233,True,-7.712515071034431e-10
2019-10-17,-0.00151237,0.0,-0.17372753,0.02479543,-0.34786664375303644,15217.989609460845,-0.13409404649069054,-12.208590767095531,0.0,-1402.4136413366516,200.16084540434122,-2808.1497881496134,0.0,11195.244340565987,True,6.511982064694166e-10
2019-10-18,4.79262702,0.0,0.06313011,0.00717582,0.35061767275493594,-25073.18701102569,39.58476462866582,38146.10957353889,0.0,502.47350428065715,57.114733706106726,2790.682460269772,0.0,16462.77802539803,True,-3.710738383233547e-10
2019-10-19,0.0,0.0,-0.0,1.788e-05,8.630252514763015e-05,-2457.938425633295,-0.008653964096322499,0.0,0.0,-0.0,0.1421187747896669,0.6859736652816337,0.0,-2457.1189871572424,True,7.776179700158536e-11
2019-10-20,0.73831352,0.0,0.12088457,1.037e-05,-0.0003569989226548387,60059.31676978768,0.23434832281126727,6064.29243304315,0.0,992.9106853179053,0.08517616273728466,-2.932285278021585,0.0,67113.90712735592,True,-3.4924596548080444e-10
2019-10-21,0.0,0.0,-0.0,1.835e-05,1.5321455720140875e-05,-466.98373773996184,-0.0010818110356888397,0.0,0.0,-0.0,0.15068386115283458,0.12581450171079078,0.0,-466.708321187878,True,2.558522282924969e-10
2019-10-22,0.0,0.0,-0.17164505,0.04862835,7.3395810446563985,-41470.73095783154,-0.0988661646691461,0.0,0.0,-1378.1733576884897,390.4470090943553,58931.00355845334,0.0,16472.447385862703,True,-2.9831426218152046e-10
2019-10-23,26.28879678,0.0,-0.20103069,0.05024185,-7.33347961714864,-129756.664701659,-4192.454460666272,196062.78901760207,0.0,-1499.2940943390324,374.7055188124137,-54693.35393987169,0.0,6295.7273398784455,True,-3.637978807091713e-11
2019-10-24,1.81677246,0.0,-0.13133496,-0.14893935,0.6608674709122226,-928.3287941484256,-0.024345864930448154,13542.896190436699,0.0,-979.0195352560311,-1110.2491919770284,4926.351401320051,0.0,15451.625724510755,True,4.220055416226387e-10
2019-10-25,-45.5183237,0.0,0.27159223,-0.0840561,-0.6655715168272138,306404.0824731609,802.53755896933,-394036.4325313201,0.0,2351.0802840137485,-727.6446732702481,-5761.6231171767595,0.0,-90968.0000056231,True,2.9103830456733704e-11
2019-10-26,0.0,0.0,0.05440482,-0.08947053,1.39920729610418,124244.11352434909,1.1499677521004712,0.0,0.0,503.2253670935308,-827.5707980157413,12942.173234319544,0.0,136863.09129549796,True,-5.529727786779404e-10
2019-10-27,10.35498714,0.0,0.14816732,-0.02182961,-1.4002448677443624,64628.31584615323,432.26672097852236,98974.5829178301,0.0,1416.2063651826675,-208.65081875986695,-13383.758945723852,0.0,151858.9620856617,True,9.022187441587448e-10
2019-10-28,0.8329513,0.0,0.33621288,-0.09617228,-0.7043127473367008,-52567.2835353077,-0.21548475911432413,7762.421548036893,0.0,3133.2277222444363,-896.246609610715,-6563.615959880813,0.0,-49131.71231927723,True,-2.1100277081131935e-10
2019-10-29,1.94796327,0.0,0.10586963,-0.18830703,0.16193819566291268,24762.899994336374,-78.80242448158964,18371.645069127626,0.0,998.4784086610966,-1775.9626028172324,1527.2726645682462,0.0,43805.531109394506,True,-1.4551915228366852e-11
2019-10-30,-8.06083263,0.0,-0.0526953,-0.04350221,0.5413390175133088,-55359.07676136443,134.47589914248425,-74021.45774585547,0.0,-483.893302515472,-399.4744894444398,4971.037738944382,0.0,-125158.38866109331,True,-3.7834979593753815e-10
2019-10-31,0.0,0.0,-0.0,-1.627e-05,-0.00016302951794955334,-5922.287236340637,0.003691033631200664,0.0,0.0,-0.0,-0.148956361651031,-1.492580444713394,0.0,-5923.925082113361,True,9.094947017729282e-12
2019-11-01,0.0,0.0,-0.0,-1.629e-05,0.000563922918473736,20638.198533292485,-0.028530435008932813,0.0,0.0,-0.0,-0.15070500127036762,5.217065938917974,0.0,20643.236363795353,True,2.255546860396862e-10
2019-11-02,0.00069045,0.0,-0.00450584,-5.34e-06,-0.00011383080621385488,10481.780572352602,0.013034709806837694,6.421316763767009,0.0,-41.90517188333976,-0.049663019072367046,-1.0586482209778263,0.0,10445.201440702891,True,1.0550138540565968e-10
2019-11-03,0.0,0.0,-0.0,1.637e-05,0.0005317803155264755,-19445.59835865312,-0.013874550705442032,0.0,0.0,-0.0,0.15076178545489768,4.897504571688473,0.0,-19440.56396684656,True,1.2369127944111824e-10
2019-11-04,0.0,0.0,-0.0,2.139e-05,-0.0012103672129342158,44821.83888622698,0.14297459794074577,0.0,0.0,-0.0,0.20145872319407665,-11.399674301715764,0.0,44810.78364524641,True,7.275957614183426e-12
2019-11-05,0.0,0.0,-0.0,3.749e-05,0.0005012382166853513,-18805.826806302848,0.04600776018561079,0.0,0.0,-0.0,0.34981121298910856,4.676947147911453,0.0,-18800.754040182102,True,-3.41970007866621e-10
2019-11-06,0.0,0.0,-0.0,3.624e-05,-0.00013914162207129266,5185.263133023289,-0.0005825745455991848,0.0,0.0,-0.0,0.33902278577422795,-1.3016606051808621,0.0,5184.299912629649,True,3.119566827081144e-10
2019-11-07,-1.45622095,0.0,-0.09509397,0.12456665,-0.23753237003163008,-30963.024396181612,0.02354091333430579,-13412.884526611671,0.0,-875.8866151369917,1147.352050055901,-2187.850855027631,0.0,-46292.27080198843,True,2.4010660126805305e-10
2019-11-08,15.14911143,0.0,-0.12004811,0.12063603,0.2381150096198894,-89468.6708616354,99.69294691494413,133180.89739890277,0.0,-1055.383023269649,1060.5516243166849,2093.3485644923558,0.0,45910.43664972088,True,-8.294591680169106e-10
2019-11-09,0.0,0.0,-0.0,1.745e-05,-0.0001285683906644408,4443.842501412467,0.00815702811009778,0.0,0.0,-0.0,0.1537481906060638,-1.1327883916212789,0.0,4442.871618239908,True,3.4560798667371273e-10
2019-11-10,0.0,0.0,-0.0,1.729e-05,-0.0014915395201171577,53028.79454180887,0.06749706795209454,0.0,0.0,-0.0,0.1563515806041766,-13.487828889757818,0.0,53015.530561567284,True,-3.8562575355172157e-10
2019-11-11,0.74176087,0.0,0.11392413,0.0229354,0.0013484329301149955,-75321.92319322308,0.3958623124873262,6463.116694331226,0.0,992.6446328857451,199.8409091479366,11.749176499175805,0.0,-67654.17591804639,True,1.1641532182693481e-10
2019-11-12,0.0,0.0,-0.0,1.756e-05,-0.0005064520662756422,17373.045025360512,0.011188001918403544,0.0,0.0,-0.0,0.15433410499033093,-4.451186011910877,0.0,17368.759361455683,True,1.709850039333105e-10
2019-11-13,1.09508529,0.0,0.01788134,-5.94e-06,0.0006447453743589904,-5098.077411878534,0.007974685905325418,9600.316440759914,0.0,156.7608696349285,-0.05207437281722037,5.652308248577168,0.0,4664.608107078355,True,3.80168785341084e-10
2019-11-14,-0.99370367,0.0,-0.09704688,6.29e-06,-0.00016755919008915043,-27953.263903732673,-0.03468867786966276,-8591.00128681018,0.0,-839.012570981964,0.054379791204792506,-1.4486222212229154,0.0,-37384.70669263322,True,-5.165929906070232e-10
2019-11-15,2.14259137,0.0,0.11644548,-0.04587905,-0.0006314355694883034,-41184.968605251066,-0.021265061282741853,18138.916903469715,0.0,985.8132143529753,-388.40643494243716,-5.345656425771664,0.0,-22454.01184385759,True,2.764863893389702e-10
2019-11-16,0.23946713,0.0,0.11804988,6.31e-06,0.00044984384894064533,2735.5271533705463,-0.006059802397809323,2030.128151482003,0.0,1000.7903158444847,0.05349422543232317,3.813636808965897,0.0,5770.306691928767,True,-2.6830093702301383e-10
2019-11-17,0.0,0.0,-0.0,1.804e-05,-0.00019506709915617648,6371.602664019677,-0.0017351117264512007,0.0,0.0,-0.0,0.15343310846763294,-1.6590771276771694,0.0,6370.095284888754,True,1.2732925824820995e-11
2019-11-18,-1.40008609,0.0,0.11825005,-2.322e-05,-0.0017945945151893739,-74598.1664102072,0.0830535385312075,-11457.6512992928,0.0,967.7032353231497,-0.19002164586149045,-14.686124178737654,0.0,-85102.90756646288,True,4.3655745685100555e-11
2019-11-19,4.74476001,0.0,-0.10302951,0.1236697,-0.586983683368004,-15387.79783147272,0.13694946481356907,38512.36613564221,0.0,-836.2720566547285,1003.8047775328959,-4764.4412956339265,0.0,18527.7966788786,True,5.4569682106375694e-11
2019-11-20,1.02740356,0.0,0.24713309,0.04929407,0.5892370321385272,-9479.543734291145,23.71815134225899,8297.881010302652,0.0,1995.9839096999199,398.1262507728994,4759.005097811203,0.0,5995.170685637975,True,1.8735590856522322e-10
2019-11-21,13.45648574,0.0,-0.03839015,1.413e-05,-0.08343219639422728,-109916.12913481153,-0.09309942717150237,102434.50346644665,0.0,-292.2364746066611,0.10756148090570423,-635.1090303877312,0.0,-8408.956711305771,True,-2.255546860396862e-10
2019-11-22,20.68940049,0.0,0.47111171,0.08109209,-7.001496174721723,-83743.50367159775,27.862069393017677,150567.61426459366,0.0,3428.526904928849,590.1496533421164,-50953.55836047854,0.0,19917.09086018172,True,3.710738383233547e-10
2019-11-23,-1.37006964,0.0,0.59375045,-0.13184663,4.650790172748316,12840.758716468183,-335.1919730377962,-10035.535666205742,0.0,4349.124777190676,-965.7549654439696,34066.276116194276,0.0,39919.67700516526,True,-3.710738383233547e-10
2019-11-24,12.29822154,0.0,-0.07352413,-0.01887881,8.602906844008146,-103183.08409084367,928.4389667273252,85391.23354464225,0.0,-510.50602199483853,-131.08276416322613,59733.25696647849,0.0,42228.25660084677,True,4.3655745685100555e-10
2019-11-25,11.46050297,0.0,0.38785657,-2.076e-05,-6.954976192451795,55315.034163345306,1207.0453685088203,81817.04282655766,0.0,2768.9253849782617,-0.14820656768080198,-49651.885827792554,0.0,91456.01370902918,True,-6.402842700481415e-10
2019-11-26,1.31679555,0.0,0.25811721,0.05166509,0.7860136106928621,7774.1370066522295,-20.745118133954875,9435.416517027812,0.0,1849.5227953672354,370.20298522403755,5632.131582568076,0.0,25040.665768705774,True,3.383320290595293e-10
2019-11-27,3.81912881,0.0,0.23492274,0.02643562,-0.0002950148013951548,107046.84254475098,0.002381586153651544,28746.062450694622,0.0,1768.2314713884434,198.97731164580222,-2.220536233964937,0.0,137757.895623832,True,-2.9103830456733704e-11
2019-11-28,13.50809955,0.0,0.46769275,0.03055751,3.6463895433556104,-27181.727605268094,0.026110410451492785,100450.77213137956,0.0,3477.9206122854093,227.23592334736324,27115.77922312984,0.0,104090.00639528502,True,4.802132025361061e-10
2019-11-29,-4.510004,0.0,-0.59289325,-0.13900332,-3.646285078797291,97862.92561244198,1135.4019420270545,-34942.32956073595,0.0,-4593.58158791784,-1076.9613103395116,-28250.46161726885,0.0,30134.993478206452,True,-4.256435204297304e-10
2019-11-30,8.63274988,0.0,-0.16728777,0.02320787,-1.5892381897137966,-59191.79367246596,0.03523665204945576,65230.73044008133,0.0,-1264.058797310171,175.3631615767895,-12008.591630631548,0.0,-7058.3152620974,True,1.064108801074326e-10
2019-12-01,7.33159164,0.0,-0.32547367,1.93e-06,1.590708856960532,-43964.87399914413,220.08174636066968,54383.74677145584,0.0,-2414.2748968021333,0.014316213507618351,11799.44436513291,0.0,20024.138303216547,True,-1.1641532182693481e-10
2019-12-02,0.01436809,0.0,-0.19295546,-0.05078374,3.8266973875545887,-32261.93377782984,-0.12791751220639155,105.15017296135107,0.0,-1412.1083590677022,-371.6512803458416,28004.967408480552,0.0,-5935.703753313515,True,1.673470251262188e-10
2019-12-03,4.52181255,0.0,0.08250188,-1.1e-05,-3.8273215992304017,-3848.111886709324,-45.423963579927765,33038.38027369879,0.0,602.7955503673112,-0.08037090856645235,-27964.119482377708,0.0,1783.4401204902679,True,-3.092281986027956e-10
2019-12-04,10.93506093,0.0,0.10439339,-0.03372575,0.003808981625297747,-30069.401467267766,-0.06056917040112871,78896.68708187931,0.0,753.2004327155211,-243.33197239456908,27.481879919597706,0.0,49364.57538568182,True,1.2369127944111824e-10
2019-12-05,-10.08484126,0.0,0.00403384,-1.298e-05,-0.0043162084984373905,64263.58400627359,0.8454061636695659,-74669.04000257193,0.0,29.866901477036713,-0.09610504659875863,-31.957582347633547,0.0,-10406.797376051545,True,3.183231456205249e-10
2019-12-06,-2.87313432,0.0,-0.10845259,0.03945836,-0.0022023658167995563,42916.51600976635,0.020203697457547472,-21646.79260145958,0.0,-817.104409800489,297.28750562338087,-16.593082939750662,0.0,20733.33362488728,True,-8.731149137020111e-11
2019-12-07,0.0,0.0,-0.0,2.607e-05,0.0002606102324875792,-7239.318790362212,0.04533698265885258,0.0,0.0,-0.0,0.19583944076656515,1.957720068600385,0.0,-7237.119893870316,True,-1.3096723705530167e-10
2019-12-08,0.0,0.0,-0.0,1.636e-05,-0.0001987579617548363,5517.305504081313,-0.030153888195057987,0.0,0.0,-0.0,0.12317346280792518,-1.496436822126427,0.0,5515.902086834423,True,6.230038707144558e-10
2019-12-09,3.2815825,0.0,-1.20966055,0.10130889,10.916172195525121,-61685.792741102545,0.37464129097818744,24087.561975763467,0.0,-8879.183585285795,743.630296227751,80127.18689772916,0.0,34393.77748462232,True,-6.912159733474255e-10
2019-12-10,30.87056935,0.0,-0.41114327,0.20398603,-11.34310104789597,-35582.02047361089,-1180.2129765658087,223258.7909558872,0.0,-2973.4258649120084,1475.2456915632279,-82034.34789075931,-79.55300962127409,102964.02944160294,True,5.093170329928398e-10
2019-12-11,4.0647968,0.0,-1.01142827,0.06695728,0.4293989425493123,-11376.422807355,13.565411047148556,29268.424838600306,0.0,-7282.753297810737,482.12351404063185,3091.871818974813,-7209.105003331687,14196.809477496325,True,-8.349161362275481e-10
2019-12-12,0.0,0.0,-0.0,6.86e-06,0.00013806960953388625,-2755.4219518018313,-0.003692295355888061,0.0,0.0,-0.0,0.04934294430638807,0.9931138562150577,0.0,-2754.3831872963347,True,3.310560714453459e-10
2019-12-13,0.69623677,0.0,-0.51982483,3.806e-05,-0.0010483764660307315,18834.499134048576,0.03242560453958077,5044.1683650063405,0.0,-3766.080844639675,0.2757410355849797,-7.595386558755523,0.0,20105.29943449609,True,-5.20230969414115e-10
2019-12-14,0.0,0.0,-0.0,-1.364e-05,0.003185568217247692,-62913.99370601618,0.07394392343278973,0.0,0.0,-0.0,-0.09644990071166568,22.525494007608337,0.0,-62891.4907179852,True,6.548361852765083e-10
2019-12-15,0.0,0.0,-0.0,-3.545e-05,-0.0007503007499281011,14544.917990124122,0.11089989335373726,0.0,0.0,-0.0,-0.2520951124500498,-5.335603721424015,0.0,14539.441191183403,True,-2.000888343900442e-10
2019-12-16,1.36923205,0.0,-0.48481143,0.03544136,0.0013862727876698955,-82857.97667154694,-0.46002604993982965,9423.596903743366,0.0,-3336.664147357195,243.9214670445773,9.540878005031882,0.0,-76518.0415961612,True,-1.0186340659856796e-10
2019-12-17,11.24860928,0.0,-0.55536875,2.75e-06,-0.0019674786665859756,-99233.94144805598,-0.9286025378118126,74341.63105755435,0.0,-3670.4109535392386,0.018174645444549963,-13.002991703605831,0.0,-28576.634763637092,True,-2.510205376893282e-10
2019-12-18,0.51607336,0.0,-1.16543355,-0.25995783,-0.010252050287078873,252435.20493471887,0.9652523633760012,3759.4011496812946,0.0,-8489.746937813554,-1893.695433088533,-74.68234678076536,0.0,245737.44661908038,True,-3.4924596548080444e-10
2019-12-19,3.52870719,0.0,0.4461202,-0.05560782,4.071366798549434,-51603.449056525955,1.2216760271862634,25216.733123881386,0.0,3188.0497357369536,-397.3828036836442,29094.669656751095,0.0,5499.842332187574,True,5.566107574850321e-10
2019-12-20,0.73139791,0.0,-0.73164392,-0.05029507,2.5076477694714185,14330.99687113257,154.5860080374736,5254.522887428896,0.0,-5256.290277187416,-361.33080615425666,18015.491182217884,0.0,32137.975865474902,True,-2.473825588822365e-10
2019-12-21,1.28980298,0.0,-0.26248321,0.01290934,-5.425703982135985,-16539.400042972597,-288.57042042446034,9209.577653036951,0.0,-1874.2083423573774,92.1765347289367,-38741.14335343928,0.0,-48141.56797142746,True,3.637978807091713e-10
2019-12-22,0.62538963,0.0,-0.26298132,-0.03329323,-1.1412332139516934,128049.35472990239,388.10061928493894,4677.540704491512,0.0,-1966.9431180381223,-249.01346462843958,-8535.742448394476,0.0,122363.29702261742,True,-3.92901711165905e-10
2019-12-23,0.0,0.0,0.08411836,-0.03364905,-4.9748598297148305,-59583.56056377198,-0.5129926141976634,0.0,0.0,615.8934949819932,-246.36988889612013,-36424.673609525795,0.0,-95639.22355982568,True,4.0745362639427185e-10
2019-12-24,3.22765475,0.0,-0.15203381,-0.05267758,5.826598187315824,-32552.36339480638,428.15291126510033,23354.112581599562,0.0,-1100.0602573585409,-381.1554299127617,42159.10330382073,0.0,31907.78971460741,True,-3.019522409886122e-10
2019-12-25,-0.66863421,0.0,0.1271196,-0.05323848,-0.8550294831958922,-16937.899538625425,-38.00861173141136,-4808.265057250267,0.0,914.1391834731744,-382.8471819967411,-6148.665930463778,0.0,-27401.547136594076,True,3.7834979593753815e-10
2019-12-26,-0.19982963,0.0,0.17358287,0.03485851,3.9009489569252764e-05,1318.374505231658,-0.00012893638868610344,-1437.7022008900656,0.0,1248.8662178667605,250.7944219620902,0.2806592246070453,0.0,1380.613474458456,True,-2.0554580260068178e-10
2019-12-27,1.29061724,0.0,-0.17472161,1.732e-05,0.0003182787816058408,16172.205775154203,7.672218137074724e-05,9340.391135736234,0.0,-1264.4865779613817,0.12534744574692927,2.3034314266591727,0.0,24250.539188523777,True,1.3460521586239338e-10
2019-12-28,0.0,0.0,-0.0,-1.044e-05,0.0003338015899316815,26514.495394365425,0.02224352203572176,0.0,0.0,-0.0,-0.07628135613864406,2.4389691533739675,0.0,26516.88032568479,True,9.458744898438454e-11
2019-12-29,0.0,0.0,-0.0,-1.035e-05,0.0003994536517666347,32406.41156176719,0.05553787416422553,0.0,0.0,-0.0,-0.07650283769639685,2.9525930326894576,0.0,32409.343189836014,True,-3.310560714453459e-10
2019-12-30,0.0,0.0,-0.25636345,-0.10299296,-3.9925231954172773,-61879.13745723636,-0.17083198265766555,0.0,0.0,-1853.353182140811,-744.5770064106301,-28863.53561319919,0.0,-93340.77409096947,True,1.7462298274040222e-10
2019-12-31,-1.58210864,0.0,-0.08465293,-0.03462309,3.991210547941307,-23634.147315206705,247.47929764376136,-11339.597642249357,0.0,-606.7409918433287,-248.1573640425776,28606.582743367115,0.0,-6974.581272331532,True,-4.43833414465189e-10
2020-01-01,-1.13673281,0.0,-0.17173421,-0.03473309,7.327678503088464e-05,1228.3125778611952,-0.0008393339990720099,-8151.092513685413,0.0,-1231.4427991875052,-249.05820205555753,0.5254408499849487,0.0,-8402.75633555092,True,3.765308065339923e-10
2020-01-02,11.48774142,0.0,0.09700956,0.05644888,0.00021952892893750686,-84629.95021445051,0.04163516556594018,79803.332381812,0.0,673.9084627562354,392.14050599869955,1.5250291108504985,0.0,-3759.00219960697,True,1.8417267710901797e-10
2020-01-03,6.06036505,0.0,-0.16502528,-0.0480595,1.2994881651762853,143627.7145029727,0.012343124569060303,44333.44517719452,0.0,-1207.2109754727028,-351.57011020208756,9506.157938333425,0.0,195908.54887595028,True,-1.4551915228366852e-10
2020-01-04,1.6444802,0.0,0.08518733,-0.13656293,0.6471176738240842,11020.13114666422,36.197960276014136,12075.688123022073,0.0,625.5445514716213,-1002.8040178568856,4751.891331981477,0.0,27506.649095559027,True,5.020410753786564e-10
2020-01-05,11.99499744,0.0,-0.0415469,-0.01331295,-1.9462436243259162,940.0209258263365,4.606716982750786,88109.62184379414,0.0,-305.1840290998787,-97.79068282363379,-14296.19227624044,0.0,74355.08249843912,True,-1.6007106751203537e-10
2020-01-06,0.0,0.0,-0.14943126,0.0398178,-6.091658229239215,171956.6662207695,0.1663045900291557,0.0,0.0,-1160.4529403951055,309.2169810390693,-47306.58567693727,0.0,123799.01088906545,True,-7.566995918750763e-10
2020-01-07,-5.9719924,0.0,-0.34751263,0.05569939,4.591971295374549,151467.0812858542,-2255.5281596244804,-48588.648785598576,0.0,-2827.392936338912,453.1750740811528,37360.6772347038,0.0,135609.36371307727,True,1.1641532182693481e-10
2020-01-08,24.35042732,0.0,0.55985482,0.08925859,-0.19151230449432433,-30767.821532841812,114.52682791485027,196257.12759883614,0.0,4512.261628990724,719.3974157707798,-1543.5316303060986,-161290.70697178665,169291.96030836526,True,6.693881005048752e-10
2020-01-09,8.94022738,0.0,-0.06184221,-0.00014184,1.6901098556589318,-98911.20906085176,410.12711243602604,69886.9741337947,0.0,-483.4289718755118,-1.108782583462373,13211.818754178854,0.0,-15886.826814901084,True,7.275957614183426e-11
2020-01-10,9.06409385,0.0,0.05097708,-0.01860148,3.3408255686709936,130279.77359135379,-0.2168983124184605,73689.43260965614,0.0,414.4343784896986,-151.22664544121707,27160.303575541344,0.0,231392.50061128708,True,-2.9103830456733704e-10
2020-01-11,4.76313387,0.0,0.18465693,-0.03707962,-4.910548686863649,-41643.57313050874,-326.70640039036095,38257.51741741375,0.0,1483.165476455767,-297.823711593704,-39441.554036511734,-241056.5489169049,-41968.97438513517,True,-1.4551915228366852e-10
2020-01-12,-0.43562539,0.0,-0.13921226,-0.01856064,1.5707627319150674,53103.69187082934,-208.1501051767872,-3556.6852749456457,0.0,-1136.6054564310512,-151.5392731850803,12824.570852116114,0.0,60875.282613207586,True,6.984919309616089e-10
2020-01-13,0.0,0.0,-0.0,-1.316e-05,-0.00022818894996134986,-17052.058794234526,-0.014745575627039964,0.0,0.0,-0.0,-0.1068845417858959,-1.853333689758633,0.0,-17054.033758042846,True,-1.1459633242338896e-09
2020-01-14,1.4245721,0.0,0.12485299,-8.06e-06,0.29033007647490194,283335.56447319716,0.08339819833527418,12579.210790855725,0.0,1102.472861204148,-0.07117115306013444,2563.663313989551,0.0,299580.92366629234,True,4.656612873077393e-10
2020-01-15,-0.36094023,0.0,0.11530841,-0.35157022,1.695954812040668,-7517.895372175057,-5.437087811324361,-3180.4061408481825,0.0,1016.0340820291492,-3097.8427830761525,14943.81798009927,0.0,2158.270678217057,True,-6.45741238258779e-10
2020-01-16,0.93675012,0.65628615,-0.01315471,-0.20229697,-1.9867727630989407,-37197.87675751384,-184.26110172208408,8167.231091630986,5721.953522980917,-114.69179903962974,-1763.7639620763973,-17322.049857636815,0.0,-42693.458863376174,True,6.83940015733242e-10
2020-01-17,4.59089143,0.0,-0.06636399,0.18544179,6.850854406454118,78004.19332639681,-0.0717497332021292,40916.512247276376,0.0,-591.4718418015664,1652.757724155514,61058.52697675041,-445734.0457103308,181040.44668304408,True,-2.3283064365386963e-10
2020-01-18,2.37065639,0.0,-0.09865232,0.10438454,-0.8684786268236167,5584.358736984737,107.13371278639265,21165.648761649798,0.0,-880.7857450154889,931.9640413119438,-7753.9341635033825,0.0,19154.38534421427,True,2.6921043172478676e-10
2020-01-19,23.78950872,0.0,0.33570837,0.07166259,10.775619427261518,-86566.99005063945,-1440.6220158131675,206667.90364010612,0.0,2916.4177318217894,622.5583478430248,93611.62954926875,0.0,215810.89720258722,True,1.7462298274040222e-10
2020-01-20,17.73549234,0.0,-0.00046735,0.03466847,-16.48610669320459,-19603.288657957597,-856.2484566256842,153168.30154903018,0.0,-4.036155543733795,299.4058786418503,-142378.2837795325,0.0,-9374.149621988181,True,-6.984919309616089e-10
2020-01-21,0.2375947,0.0,-0.22741918,0.14562535,-0.2714771425760887,37978.35999134917,25.68802226718024,2074.4078587051445,0.0,-1985.5667412289913,1271.4356442575831,-2370.230977453013,0.0,36994.093797897454,True,3.7834979593753815e-10
2020-01-22,4.03764325,0.0,-0.25936897,0.23761903,4.090910910974628,-33318.01776915065,-0.0034224180262561973,34917.13697548488,0.0,-2242.99703860177,2054.9057221664766,35377.790406075794,0.0,36788.81487355661,True,-1.0186340659856796e-10
2020-01-23,20.89884292,0.0,0.06969726,0.07008371,-4.089816189187786,-114182.00005652677,-1151.667915998552,174847.75785563124,0.0,583.1140836997579,586.347273033826,-34216.97523917973,0.0,26466.576000660192,True,4.220055416226387e-10
2020-01-24,-4.14421773,0.0,-0.32959866,5.75e-06,-0.0012159615158680026,24320.93960206896,0.0647576163370719,-34908.36615549989,0.0,-2776.3383724633877,0.048434498009380496,-10.242519238224707,0.0,-13373.894253018312,True,-1.127773430198431e-10
2020-01-25,0.0,0.0,-0.0,9.86e-06,0.0003053333010143433,-33188.840699918626,0.0062884792966359645,0.0,0.0,-0.0,0.08227947725000004,2.547937565362786,0.0,-33186.204194396734,True,-7.275957614183426e-12
2020-01-26,0.0,0.0,-0.0,9.69e-06,-0.0008741711018274145,96717.38484043042,0.05162633758684012,0.0,0.0,-0.0,0.08308084690487905,-7.495033589225269,0.0,96710.02451402554,True,-1.4551915228366852e-10
2020-01-27,-10.17762435,0.0,-0.16585965,0.06915035,-0.00025902673354494254,138504.75712347665,-0.21287013796505122,-90600.7975803267,0.0,-1476.4758513015695,615.573600234002,-2.305845435708045,0.0,47040.53857650934,True,6.330083124339581e-10
2020-01-28,6.13395887,0.0,-0.11793738,-0.2744002,9.462030062508404,162872.29195104152,-0.35899181069724007,57029.79753888666,0.0,-1096.5096190263077,-2551.205213840961,87972.16776442347,0.0,304226.18342967285,True,-8.149072527885437e-10
2020-01-29,13.33493225,0.0,-0.16112281,-4.562e-05,0.48065443377640804,6080.357312424443,137.74661541944667,124174.1896086837,0.0,-1500.3671547880506,-0.42481104693637645,4475.828873896693,0.0,133367.3304445888,True,-4.94765117764473e-10
2020-01-30,-0.82771946,0.0,-0.09000285,0.02544642,-6.673576710632631,84856.72629917097,1958.265759945147,-7870.718926276847,0.0,-855.8299872687011,241.96799662048505,-63458.513494821826,0.0,14871.897647370119,True,8.949427865445614e-10
2020-01-31,3.14425382,0.0,-0.06556451,0.15394598,4.5827572759890245,-65190.00982461563,-495.5773613707449,29421.678421914068,0.0,-613.505791689034,1440.5163759668787,42882.16492008141,0.0,7445.266740286723,True,-2.3283064365386963e-10
2020-02-01,0.20069958,0.0,0.04545552,0.20014032,-0.8327607040649241,10655.864619573498,193.14333140963873,1882.9405855555588,0.0,426.4585080124852,1877.6936719751827,-7812.866014665639,0.0,7223.234701859765,True,-9.613358997739851e-10
2020-02-02,0.74396451,0.0,-0.0051015,0.39859505,4.486993631551513,-18427.108648154157,-298.26609120069276,6948.1725201151385,0.0,-47.64488310251168,3722.63345339406,41905.770274818424,0.0,33803.55662587145,True,1.1932570487260818e-09
2020-02-03,1.43393385,0.0,-0.33847061,0.51379524,5.581957456235159,-25898.664505980596,-685.416439905658,13306.637294819304,0.0,-3140.9438045041197,4767.92350113266,51799.518691349294,0.0,40149.05473691085,True,-2.9103830456733704e-11
2020-02-04,3.83708739,0.0,-0.23114655,0.06710205,4.129198262566888,-51568.546161913604,-2019.4500537141619,35153.96419225487,0.0,-2117.678519139292,614.7639663028096,37830.17510711357,0.0,17893.228530904278,True,8.731149137020111e-11
2020-02-05,5.5605478,0.0,-0.56040874,5.434e-05,-21.703286843847252,205268.57174497188,9897.628554041454,53537.71476711893,0.0,-5395.691999108525,0.5231929524003449,-208962.21421832917,0.0,54346.53204164654,True,-4.0745362639427185e-10
2020-02-06,0.53033972,0.0,-0.18351673,-0.37194466,-0.5021040083705088,49459.988586358486,-54.12040411423951,5165.127259678924,0.0,-1787.3208982539288,-3622.4733505874487,-4890.131745796016,0.0,44271.06944728643,True,6.548361852765083e-10
2020-02-07,0.31479207,0.0,0.03374385,0.16544339,-2.60995784527222,27143.587845907045,-60.330719603928905,3085.0502388491623,0.0,330.69915802577333,1621.391446854157,-25578.31610543209,0.0,6542.08186460007,True,-4.729372449219227e-11
2020-02-08,-2.12810086,0.0,-0.29676407,0.32417594,-5.293181355045192,49456.56224925551,-399.53973259053447,-21092.232026162696,0.0,-2941.315770845743,3213.002857289103,-52462.27347381057,0.0,-24225.795896865427,True,-4.94765117764473e-10
2020-02-09,-9.09676392,0.0,-0.89801965,0.50982963,-8.219629228466204,106322.24383933767,-2132.2550196044144,-92342.0074271348,0.0,-9115.872184799206,5175.322993325894,-83438.14019341071,0.0,-75530.70799228549,True,8.731149137020111e-11
2020-02-10,9.53113805,0.0,0.17485285,0.31237536,11.278304321338055,-120940.73819496413,4769.427390791836,94094.84389165988,0.0,1726.2106097353005,3083.882594146358,111343.50157470832,0.0,94077.12786607724,True,-3.346940502524376e-10
2020-02-11,4.18773512,0.0,0.27378449,-0.41913907,-13.079761180360663,177510.5986556994,-2332.590934219768,43017.34715768887,0.0,2812.3752136264047,-4305.489808901967,-134358.21782234331,0.0,82344.02246155031,True,6.984919309616089e-10
2020-02-12,5.5425912,0.0,-0.18936486,-0.12347211,0.06317521303878948,39382.5447301041,-1662.716033234308,57421.99431731433,0.0,-1961.8455560675345,-1279.187755858092,654.5037498180438,0.0,92555.29345207661,True,5.820766091346741e-11
2020-02-13,-5.45069371,1.55,-0.4055624,0.49139569,2.6150689002295167,-56486.30142203582,2349.4362702081594,-55790.56087511795,15865.02085005852,-4151.132859354692,5029.679269341221,26766.53072676186,0.0,-66417.32804013789,True,8.294591680169106e-10
2020-02-14,3.41203062,0.0,-0.1064407,0.51996906,-8.758525854285608,56676.130031184795,-2047.5349982502455,35354.150007570686,0.0,-1102.89762719387,5387.719570504769,-90752.47891462345,0.0,3515.0880691912025,True,-1.469743438065052e-09
2020-02-15,8.72215722,0.0,0.25608667,0.17990835,18.45273007792332,-203897.04090015465,11244.383192152683,86451.61790140795,0.0,2538.2604768598694,1783.2019693257453,182898.37361294948,-495705.1570420115,81018.79625254066,True,-4.220055416226387e-10
2020-02-16,-3.41284382,0.0,-0.43974196,0.16006919,5.020623432899356,16627.301309384216,-263.74088395779484,-33964.78077465605,0.0,-4376.3324829841085,1593.0160399566034,49965.478423365916,0.0,29580.941631108988,True,2.0372681319713593e-10
2020-02-17,0.76155542,0.0,-0.43351469,0.41466379,-0.013325470025336017,-109918.08739285333,408.883209795899,7374.201772768878,0.0,-4197.757263049025,4015.2224972951562,-129.03158733189952,0.0,-102446.56876337482,True,-4.94765117764473e-10
2020-02-18,-12.7168686,0.0,-0.87938358,0.44451157,1.533300830637188,209709.84211303623,-785.5080399540324,-129652.33864053215,0.0,-8965.582746454069,4531.930494530282,15632.467770531335,0.0,90470.8109511584,True,8.003553375601768e-10
2020-02-19,0.0,0.0,0.03698153,0.17832467,7.738297460095794,-221627.99682376414,0.12481127693122714,0.0,0.0,356.35410808780694,1718.3369300270297,74566.2521131651,0.0,-144986.92886120733,True,-5.820766091346741e-11
2020-02-20,0.0,0.0,-0.33898181,0.2631464,-4.007906446630386,-8711.393379657125,-170.0223321649854,0.0,0.0,-3258.981332300257,2529.89741621244,-38532.133305838106,0.0,-48142.63293374842,True,-3.8562575355172157e-10
2020-02-21,0.03089052,0.0,0.03887974,0.29360845,-9.001819319230663,34790.815609463665,327.3870607580451,299.69356979274886,0.0,377.20336443717787,2848.5297269782386,-87333.82819096505,0.0,-48690.19885953376,True,1.418811734765768e-09
2020-02-22,0.0,0.0,-0.0,0.27912448,2.545533812805047,-10533.398176833942,139.95414951362548,0.0,0.0,-0.0,2700.598862064348,24628.673623351242,0.0,16935.828458094038,True,-1.2369127944111824e-09
2020-02-23,0.0,0.0,-0.0,0.27390433,-27.75851783953493,118156.6250666839,-811.2745258399608,0.0,0.0,-0.0,2731.604722090922,-276831.324312101,0.0,-156754.36904916493,True,1.2223608791828156e-09
2020-02-24,-4.79393202,0.0,0.38837445,0.17489643,27.00967195286222,-129061.4487697975,9902.462545140126,-46251.893920050046,0.0,3747.0397551982346,1687.4021353676721,260589.5279214106,0.0,100613.08966726856,True,-5.238689482212067e-10
2020-02-25,0.85565189,0.0,-0.00282376,0.06261942,-3.1011420749908893,-119387.69310642226,1055.41850688289,7995.456952123705,0.0,-26.386024254710446,585.1338410261143,-28977.962010940268,0.0,-138756.03184158495,True,-4.0745362639427185e-10
2020-02-26,10.0870019,0.0,-0.52565237,0.62648785,-29.175764963960944,-214886.45786722153,3586.5961071127495,88754.40954209534,0.0,-4625.156829181625,5512.397019777183,-256714.31590741602,0.0,-378372.5279348339,True,0.0
2020-02-27,-23.92757486,0.0,0.30572698,0.30237658,33.98398646239161,-8026.939248688987,710.0130826361692,-210060.88512587713,0.0,2683.9861708267304,2654.572910450633,298346.4190652127,0.0,86307.16685456038,True,2.3283064365386963e-10
2020-02-28,36.13491959,0.0,-0.3176994,0.20627578,1.768138862079752,-10830.364127271245,50.271616045128276,316201.9905358642,0.0,-2780.0582874370175,1805.0354885358138,15472.26433812677,0.0,319919.13956386317,True,-4.656612873077393e-10
2020-02-29,0.6721945,0.0,0.04267139,0.17452296,8.45824041260613,-70247.45771707813,-0.042926219722243183,5768.833897927631,0.0,366.2097221915534,1497.771802082088,72589.38299712901,0.0,9974.697776033077,True,6.475602276623249e-10
2020-03-01,8.82724358,0.0,-0.21121436,0.1221095,-7.332692427250265,-16843.406660661643,-341.0161228312343,75400.31876693184,0.0,-1804.1453062693777,1043.0317392998306,-62634.20074724359,0.0,-5179.4183307746425,True,-4.802132025361061e-10
2020-03-02,-3.27169915,0.0,-0.08513637,0.33064014,-21.87477201928749,155440.80718252843,410.28852001247714,-29138.455248421782,0.0,-758.242794805286,2944.752093945409,-194821.41735233742,0.0,-65922.2675990779,True,2.6193447411060333e-10
2020-03-03,0.0,0.0,-0.0,0.15302522,7.918862955033433,-58189.61087667559,2850.994327119277,0.0,0.0,-0.0,1341.8491733766298,69439.00953250992,0.0,15442.24215633003,True,-2.0372681319713593e-10
2020-03-04,-1.43811624,0.0,-0.08422175,0.17148746,4.880825503303981,-5270.590619416792,159.6198919840591,-12592.677285193926,0.0,-737.4767690157518,1501.6075767544366,42738.31192425117,0.0,25798.794719363097,True,-9.458744898438454e-11
2020-03-05,-30.23912058,0.0,0.20467451,0.13302496,7.033103805397388,129326.12369971072,-2434.4372884776217,-274045.53202947794,0.0,1854.8864487454846,1205.5541046557782,63738.31768915394,0.0,-80355.0873756893,True,3.4924596548080444e-10
2020-03-06,-1.44326917,0.0,0.11551298,0.16489082,-2.4047033252194296,33145.158385423776,-77.3887914442884,-13201.705860980994,0.0,1056.6070534752575,1508.2703559835356,-21996.025857373388,0.0,434.9152850843966,True,4.984030965715647e-10
2020-03-07,0.0,0.0,-0.0,0.099551,9.172121742421211,-97329.53026669884,826.1623099716368,0.0,0.0,-0.0,885.8353558514632,81616.35470874864,0.0,-14001.17789212754,True,-4.3655745685100555e-10
2020-03-08,22.95878724,0.0,0.81298797,0.12284451,-5.848485877498376,-308638.8813665254,-4614.82971189345,186186.91484857045,0.0,6593.019063288386,996.2216245958975,-47428.966115845105,0.0,-166906.52165780962,True,-3.4924596548080444e-10
2020-03-09,7.90978736,0.0,0.07360396,2.041e-05,-0.002991304617694368,-88537.98943252371,-0.5875573332485656,62458.72879280851,0.0,581.2052292284031,0.16116522437857567,-23.620493870425395,0.0,-25522.102296466008,True,8.003553375601768e-11
2020-03-10,2.72577279,0.0,0.49314153,-0.01651593,4.148537178916513,5731.316199928598,-0.003193129501337145,21560.66617377216,0.0,3900.713934690517,-130.63981509602965,32814.629873864666,0.0,63876.68317403039,True,-1.4551915228366852e-11
2020-03-11,19.75988951,0.0,0.17939192,0.03901995,-0.7658586922591439,12542.201296448982,122.01589430979858,156880.50755732972,0.0,1424.2536855806484,309.79270191585334,-6080.413572049741,0.0,165198.35756353475,True,-5.529727786779404e-10
2020-03-12,28.98675532,0.0,-0.41595614,-0.84177309,53.41932367950619,-1330250.4228064783,-10079.773690516193,143754.4044977561,0.0,-2062.8568648947103,-4174.616577099049,264923.16851075186,0.0,-937890.0969304796,True,6.984919309616089e-10
2020-03-13,185.31866403,0.0,-1.33062893,-4.80382171,-101.80062646549322,316890.23710475524,37965.10633486222,1042916.4349844134,0.0,-7488.370301105093,-27034.43087245058,-572902.6106910907,-281452.1517271294,790346.3665593846,True,1.1641532182693481e-10
2020-03-14,3.27005759,0.0,0.09533606,-6.13695062,50.00052667728505,-291099.3310237689,21712.84465527279,16825.010406507445,0.0,490.5204747832646,-31575.669603336348,257261.33516693633,0.0,-26385.28992360551,True,-1.1641532182693481e-10
2020-03-15,-75.51427726,0.0,0.38574973,-2.17407615,-0.7146192016401756,128173.51051008527,1067.5464991885829,-404651.61136096384,0.0,2067.0826165642197,-11650.027640335262,-3829.36607414711,0.0,-288822.8654496083,True,-1.7462298274040222e-10
2020-03-16,78.63070018,0.0,-0.38401567,-0.03164455,-6.209464449701613,-180866.90173673627,-1481.9605848031745,394169.99045302666,0.0,-1925.0426694815758,-158.6318313691293,-31127.594403386036,0.0,178609.85922725033,True,-1.7462298274040222e-10
2020-03-17,-0.23450759,0.0,0.41898755,-1.66527629,-11.27268994388453,242874.147797123,-776.3245341471737,-1270.270092826349,0.0,2269.552785185266,-9020.393188467026,-61061.396355746314,0.0,173015.31641112175,True,3.2014213502407074e-10
2020-03-18,-26.14970644,0.0,-0.67557232,-1.1053889,12.89180245958471,-14558.909067436816,320.20400895467674,-141011.97389120358,0.0,-3643.015517900393,-5960.796197237396,69518.88794670207,0.0,-95335.60271812184,True,-4.0745362639427185e-10
2020-03-19,-19.44537475,0.0,0.95705162,-0.46368032,-0.6223429649476202,463944.08961028757,-245.99933366061234,-120630.38626689611,0.0,5937.119139242029,-2876.4648059023903,-3860.736715918361,0.0,342267.6216271529,True,6.984919309616089e-10
2020-03-20,-52.59752628,0.0,0.17118241,-0.6408009,-9.845127583272586,-16261.368953584439,27.216032461632093,-324744.98932252586,0.0,1056.905787008321,-3956.400540979301,-60785.28930978388,0.0,-404663.92630740395,True,-4.656612873077393e-10
2020-03-21,24.69130678,0.0,0.77504541,-0.00091756,13.070198988950722,840.7732264584905,-18.111555621508465,152489.33839080934,0.0,4786.549486698879,-5.666695512738309,80719.3403824097,0.0,238812.22323524253,True,4.0745362639427185e-10
2020-03-22,43.52065662,0.0,0.05478085,-0.88728435,-2.3094541910681983,-181427.50186070235,-793.9221872986834,253749.84229525426,0.0,319.40308643946145,-5173.36550892203,-13465.413490621855,0.0,53209.042334148195,True,-6.111804395914078e-10
2020-03-23,34.32287097,0.0,0.05669116,0.24805356,-24.043126574612756,372622.26593687246,-6.578344291467766,222632.16740439637,0.0,367.7220310183574,1608.9767590667398,-155953.54436296676,0.0,441271.00942409644,True,8.149072527885437e-10
2020-03-24,-26.30559518,0.0,-0.02493265,-0.06107365,13.987810417220885,173992.19257107822,-6942.918753036982,-178221.92304491275,0.0,-168.9201403427719,-413.7774977487484,94768.22153942876,-338834.18163824175,83012.8746744655,True,-2.473825588822365e-10
2020-03-25,1.45357035,0.0,0.14939461,-0.45008361,9.786932514270234,-44788.74353332585,856.446299148793,9724.340599509127,0.0,999.4453115880029,-3011.045404095256,65474.2752514001,0.0,29254.718524225056,True,1.3096723705530167e-10
2020-03-26,0.30729534,0.0,0.04609495,-0.39067887,-9.82908113893177,34021.144288659416,-17.95528313076126,2075.6141854863113,0.0,311.3465114677049,-2638.8249315520457,-66390.13869283775,0.0,-32638.813921906985,True,1.382431946694851e-10
2020-03-27,-10.05806418,0.0,0.05093421,-0.54182216,24.385413381092235,-139081.47357490583,2664.9918908473987,-65284.836863525525,0.0,330.60353673568926,-3516.8567918844824,158280.72936737203,0.0,-46606.84243536182,True,-1.076841726899147e-09
2020-03-28,38.7121496,0.0,-0.15875,-1.60032765,11.057545133864096,-133875.92815493795,-3697.631386115637,241247.14387121212,0.0,-989.3014075755412,-9972.953680170445,68908.62970243671,0.0,161619.95894485014,True,8.731149137020111e-10
2020-03-29,13.70273822,0.0,0.08154981,-0.66058356,27.161139254630484,-181103.56916659395,-8283.74148528001,80912.7177381828,0.0,481.54001427989306,-3900.6518459756385,160382.65919360117,0.0,48488.9544482138,True,-4.511093720793724e-10
2020-03-30,48.31335866,0.0,-0.50301735,-9.55e-06,-52.49527663594881,301682.50788724,27930.718422759943,310988.53375316964,0.0,-3237.875247502094,-0.061472449436674494,-337907.14541022026,0.0,299456.67793299817,True,4.656612873077393e-10
2020-03-31,9.6281217,0.0,-0.89390774,0.05618665,-0.0010347059783271106,-2780.549361254407,-0.005997044851020943,61931.768676355816,0.0,-5749.957166794436,361.41406589193485,-6.655625395532449,0.0,53756.014591758605,True,8.003553375601768e-11
2020-04-01,0.0,0.0,-0.318984,-0.40209907,-23.146256954213868,131413.81284521663,0.06139581821244577,0.0,0.0,-2119.0458030178274,-2671.188356409323,-153763.13123667362,0.0,-27139.491155065596,True,3.346940502524376e-10
2020-04-02,-109.09290599,0.0,-1.17201572,-0.17354639,29.316514397479068,93206.0182253426,-3463.3820638598663,-741039.9886490233,0.0,-7961.200666199954,-1178.8558908447037,199139.52515233404,0.0,-461297.88389225164,True,-4.656612873077393e-10
2020-04-03,0.0,0.0,-0.0,-0.4293524,5.342885392217568,-20928.790716578478,-252.00317845862912,0.0,0.0,-0.0,-2898.9455651739754,36074.64151359567,0.0,11994.902053385042,True,4.511093720793724e-10
2020-04-04,0.0,0.0,-0.0,-0.89572603,-14.001909247632057,55343.90729165879,1244.448150197489,0.0,0.0,-0.0,-6144.670863898726,-96052.94577950228,0.0,-45609.26120154513,True,-4.0745362639427185e-10
2020-04-05,0.0,0.0,-0.0,0.04345962,8.910038456043083,-35358.78308331142,172.14448275317682,0.0,0.0,-0.0,295.1261295525242,60506.40027906695,0.0,25614.887808061205,True,-2.1827872842550278e-11
2020-04-06,-29.52908236,0.0,-0.38747364,0.04734503,-11.930540253553033,259353.27268240578,3258.0525765462535,-215508.3735989585,0.0,-2827.8499463966527,345.5322549106771,-87071.15564427312,0.0,-42450.521675765514,True,5.093170329928398e-11
2020-04-07,1.89730933,0.0,-0.32215633,0.05763502,4.622456656548081,-53223.617217153515,609.1849114384568,13637.087897862844,0.0,-2315.528690866085,414.25708570941515,33224.33866353642,0.0,-7654.277349472046,True,4.147295840084553e-10
2020-04-08,-2.62470387,0.0,-0.03859524,0.06973639,-12.266925466179543,89152.19641221646,-163.65289436756314,-19349.828127458393,0.0,-284.53162624323306,514.1102492180987,-90434.16369211838,0.0,-20565.869678753894,True,-8.87666828930378e-10
2020-04-09,-0.747536,0.0,-0.16748393,-0.38910001,6.2740075508767745,-34880.941306854686,955.145034722943,-5456.698227807367,0.0,-1222.5622097360035,-2840.2663350083862,45797.61494311891,0.0,2352.291898435913,True,5.093170329928398e-10
2020-04-10,35.0655311,0.0,-0.07205743,-1.42391543,49.70730137237382,-210663.84458954888,3025.2777181868114,240543.32534198777,0.0,-494.30119219832693,-9767.80735364269,340983.27305492177,0.0,363625.92297970597,True,-4.656612873077393e-10
2020-04-11,0.0,0.0,-0.0,-1.27192803,-4.065980181641805,11974.48398746976,1000.4397933599812,0.0,0.0,-0.0,-8754.912412611682,-27986.882529579085,0.0,-23766.87116136076,True,2.6557245291769505e-10
2020-04-12,23.93887577,0.0,-0.88887937,-0.61088819,-30.21678589204504,48825.21808104609,3701.1418784059756,167061.42527558788,0.0,-6203.192492287479,-4263.184816444877,-210872.864994709,0.0,-1751.4570684013888,True,2.9103830456733704e-11
2020-04-13,9.03061912,0.0,-0.64790495,-1.58705436,-13.397886549252462,-61433.521906307185,-983.461672830544,61982.33644165267,0.0,-4446.944562657201,-10892.86747514956,-91957.40631599785,0.0,-107731.86549129011,True,-4.3655745685100555e-10
2020-04-14,-0.92404775,0.0,-0.31730601,-0.26439356,2.914381865939731,6466.929988377652,-58.05377482438964,-6353.32588414975,0.0,-2181.649689130545,-1817.848101843763,20037.944733020064,0.0,16093.99727144977,True,5.020410753786564e-10
2020-04-15,0.54734841,0.0,-0.31109095,-0.09229693,8.594417772216616,-134802.11774335432,484.72346817439575,3626.4436309957505,0.0,-2061.1255530785543,-611.5110738313109,56942.10675092969,0.0,-76421.4805201646,True,-2.6193447411060333e-10
2020-04-16,-5.43047248,0.0,-0.66274028,0.08080979,-6.653448009521981,270857.68583100097,3343.4238312066705,-38707.27983182058,0.0,-4723.875052908678,575.995397490838,-47424.3953725067,0.0,183921.55480246292,True,3.7834979593753815e-10
2020-04-17,0.0,0.0,-0.0,-3.068e-05,-0.0007059566565885689,-24739.14630216916,-0.1188815025068925,0.0,0.0,-0.0,-0.21725720468758603,-4.9991580782603195,0.0,-24744.481598955113,True,-5.020410753786564e-10
2020-04-18,0.0,0.0,-0.0,1.206e-05,0.0027087517734116773,96721.81711816245,0.3367285592630457,0.0,0.0,-0.0,0.08758927566381877,19.673101640647875,0.0,96741.91453763796,True,-5.820766091346741e-11
2020-04-19,0.0,0.0,-0.0,5.94e-06,-0.0016644662520093334,-60011.19644195731,-0.513788676409703,0.0,0.0,-0.0,0.04247245063982527,-11.901340190256125,0.0,-60023.569098372944,True,4.001776687800884e-10
2020-04-20,11.89683747,0.0,-0.72010477,0.04119884,9.423435199723372,-158346.2430650216,-0.8613909051449623,81532.2799531889,0.0,-4935.0748761020695,282.34691489204965,64581.3779302291,0.0,-16886.17453371873,True,2.1827872842550278e-11
2020-04-21,6.20189441,0.0,-0.31814083,-0.46853051,-9.42679000942644,9337.003621848844,161.66433466050538,42609.64233102468,0.0,-2185.762297942013,-3219.0031194472695,-64766.04148301477,0.0,-18062.496612870134,True,-1.1641532182693481e-10
2020-04-22,-2.08351413,0.0,-0.60300235,3.638e-05,0.00024316940539392817,139237.22507221304,-0.11502320270652311,-14842.239849946165,0.0,-4295.581863311474,0.2591586387470487,1.7322554174496883,0.0,120101.27974980883,True,-5.820766091346741e-11
2020-04-23,0.0,0.0,-0.0,5.18e-06,-0.0029280003238909558,199681.95420442428,-0.07702198060349402,0.0,0.0,-0.0,0.03879097475616833,-21.926638349441458,0.0,199659.98933506943,True,4.3655745685100555e-10
2020-04-24,0.0,0.0,-0.0,1.708e-05,-0.00013581835537479492,9760.170023306298,-0.05599483735584654,0.0,0.0,-0.0,0.12821005184550555,-1.0195127859586508,0.0,9759.22272573458,True,-2.4920154828578234e-10
2020-04-25,-1.33444959,0.0,-0.87450424,1.538e-05,0.003323035419043663,17123.04594403384,-0.10248663399461427,-10058.731662684157,0.0,-6591.784023883243,0.11593041365622683,25.048171048376137,0.0,497.59187229396775,True,-5.126139512867667e-10
2020-04-26,-5.2444211,0.0,-0.6756159,0.05843456,7.77323471141608,79741.60832935137,0.00704839305167292,-40298.49108896129,0.0,-5191.478869938678,449.01516307440943,59730.06815764765,0.0,94430.7287395671,True,5.966285243630409e-10
2020-04-27,9.1241803,0.0,-0.71446851,-0.05902693,-7.77278071931778,50362.55428316711,726.2033823361539,70963.234897296,0.0,-5556.772776821505,-459.08144744314706,-60452.73612031987,0.0,55583.40221821517,True,4.220055416226387e-10
2020-04-28,0.00025386,0.0,-9.682e-05,2.374e-05,-0.0007116182008530814,-4156.002228048404,-0.0038123068019615966,1.9724667374414016,0.0,-0.7522816888012152,0.18445741884053757,-5.529202044199942,0.0,-4160.130599932745,True,-8.203642209991813e-10
2020-04-29,5.40635564,0.0,-1.34511627,0.04577563,-0.0006179438864819531,543018.0921849865,-0.20776964860685881,47369.60779835812,0.0,-11785.689731852412,401.0786163935667,-5.414323713273744,0.0,578997.4667745242,True,3.4924596548080444e-10
2020-04-30,18.02908456,0.0,0.34735224,0.1774103,-2.747504421638041,-60352.7821680855,0.09053947157485873,155995.0494088168,0.0,3005.4343392054725,1535.0268296779793,-23772.537456242804,0.0,76410.28149284329,True,-2.3283064365386963e-10
2020-05-01,20.0100149,0.0,-0.10181618,-0.16099868,4.087390585931757,115799.6493973049,-558.2528873112963,177199.39246545846,0.0,-901.6367718523669,-1425.7294872749324,36196.031448039634,0.0,326309.4541643644,True,0.0
2020-05-02,10.24671454,0.0,-0.00749495,-0.1356578,-1.3383967691115686,71810.9047396889,163.02564674021647,91987.64298016219,0.0,-67.28427751771513,-1217.838286131688,-12015.16482988093,-448971.81264931307,150661.28597306059,True,-3.7834979593753815e-10
2020-05-03,1.30496144,0.0,-0.0941276,-2.141e-05,-0.0003594152058212785,-44261.81554381026,-0.05328120348458653,11609.975247670356,0.0,-837.4340211329281,-0.19048039461811403,-3.197643635524886,0.0,-33492.715722505935,True,5.238689482212067e-10
2020-05-04,6.05631527,0.0,-0.29833357,-0.0100089,1.5661632362603086,-8179.68560932858,-0.004490656330591221,53791.915481787335,0.0,-2649.7851362384386,-88.89859243831295,13910.590297852354,0.0,56784.13195097726,True,-7.639755494892597e-10
2020-05-05,0.0,0.0,0.01540433,-0.04576039,2.847053815902086,57874.976767325,162.79542159652019,0.0,0.0,138.42145468876456,-411.19735495962465,25583.282802586342,0.0,83348.27909123804,True,1.0331859812140465e-09
2020-05-06,5.50547394,0.0,-0.62355404,-0.00601625,-8.110223615365612,156440.56634667306,1239.9054008520823,51018.197880564985,0.0,-5778.358729629322,-55.75146415077737,-75155.92622428323,0.0,127708.63321002666,True,-1.4551915228366852e-10
2020-05-07,-11.90037798,0.0,-0.23027509,5.582e-05,3.6998053410753755,408348.2323744468,-2687.2823789525737,-118929.44024340791,0.0,-2301.3124122382183,0.5578513023320818,36974.9413811195,0.0,321405.69657227024,True,3.4924596548080444e-10
2020-05-08,0.0,0.0,-0.0,-2.882e-05,-0.0013029340919956667,-73883.183358082,-0.41691389979700105,0.0,0.0,-0.0,-0.28414570628506713,-12.846048848473329,0.0,-73896.73046653625,True,3.055902197957039e-10
2020-05-09,-0.24449036,0.0,0.05897367,0.04128019,2.5248569517585793,-154980.2215551494,-0.5071273030433824,-2341.5670409758154,0.0,564.8108250868632,395.3543704104303,24181.410757530703,0.0,-132180.71977040078,True,-5.529727786779404e-10
2020-05-10,48.81781905,0.0,0.45941367,0.00079964,-2.5262655143501433,-473803.2019566809,-2178.749151281753,425448.91832315613,0.0,4003.8054294105427,6.968889222590713,-22016.488065075908,0.0,-68538.74653124902,True,3.2014213502407074e-10
2020-05-11,-28.78023577,0.0,0.06009299,-0.00897823,0.49019566487220345,-73872.65069508927,-0.04810094621169536,-247269.79566520936,0.0,516.2981108619135,-77.13783567573785,4211.590997988589,-429711.5190100976,-316491.74318807025,True,-1.7462298274040222e-10
2020-05-12,2.98095882,0.0,-0.08593884,0.01160458,-0.48891420655934326,117309.67720878773,110.67501329004864,26283.861186042082,0.0,-757.7442955248475,102.32049090913648,-4310.879120795665,0.0,138737.91048270836,True,-1.1641532182693481e-10
2020-05-13,0.0,0.0,-0.0,-7.19e-06,0.003082349548549246,264455.5672649573,0.8452628482307011,0.0,0.0,-0.0,-0.06703234988270779,28.736736216851106,0.0,264485.0822316725,True,-5.820766091346741e-11
2020-05-14,-23.98187975,0.0,-0.75192457,0.17858366,-7.776261991448337,250089.24756764024,2.2735470507641695,-235052.8662520003,0.0,-7369.815345012846,1750.346577764518,-76217.23938534965,0.0,-66798.05328990705,True,2.0372681319713593e-10
2020-05-15,6.05906219,0.0,0.10548463,1.58e-05,7.773128476502336,-236412.25222796944,3686.7540355193905,56512.12086756304,0.0,983.8420490333615,0.14736463857082413,72499.0043357182,0.0,-102730.3835754972,True,-2.9103830456733704e-10
2020-05-16,0.0,0.0,-0.0,1.595e-05,-0.0003906310244587985,34609.199947838104,0.11114165132196424,0.0,0.0,-0.0,0.1498578324594068,-3.6701641766014452,0.0,34605.790783145465,True,1.8189894035458565e-10
2020-05-17,0.0,0.0,-0.0,1.558e-05,-0.0015745668526392365,144823.39086815855,0.35294265269987557,0.0,0.0,-0.0,0.15085385605679374,-15.245794694469716,0.0,144808.64886997174,True,-1.1059455573558807e-09
2020-05-18,0.0,0.0,-0.0,2.575e-05,-0.00023480915086793175,22358.67682639165,-0.015291594491711257,0.0,0.0,-0.0,0.250466388068878,-2.283953394307228,0.0,22356.62804779224,True,1.3242242857813835e-09
2020-05-19,-9.55475946,0.0,-0.1024699,5.27e-06,0.00012572770356200635,13799.096802266438,-0.015859875955689638,-93199.04869389084,0.0,-999.5120483920718,0.051404641704795445,1.2263733498997476,0.0,-80398.2020219015,True,-6.693881005048752e-10
2020-05-20,0.0,0.0,-0.1031653,0.08665249,6.745694882676389,-118022.03904985993,0.10830892495802152,0.0,0.0,-981.6903083086476,824.5593200796392,64190.02599837979,0.0,-53989.03573078383,True,3.637978807091713e-10
2020-05-21,37.27346774,0.0,-0.34488535,0.13506499,-3.9926873868595294,-221143.33661838656,-3014.4570034153758,338025.6700622608,0.0,-3127.6966860612074,1224.8775473527367,-36208.888282320295,0.0,75756.16901942994,True,-1.7462298274040222e-10
2020-05-22,4.18506633,0.0,0.00562274,0.13696541,-6.303071576501907,49474.10862041603,256.0254610340673,38342.80362005562,0.0,51.514503863701385,1254.851752462046,-57747.57592933229,0.0,31631.72802849952,True,3.4924596548080444e-10
2020-05-23,0.13259704,0.0,0.12285497,-0.03587839,-1.041494717294995,11715.029954201262,-77.56849501274368,1217.726414144796,0.0,1128.2585348659857,-329.49501135159966,-9564.73558868571,0.0,4089.2158081615344,True,-4.5656634029001e-10
2020-05-24,6.7022376,0.0,-0.02221624,0.1810412,29.297955600545038,-202472.33247582006,1733.1701791581293,59021.45022468751,0.0,-195.6413337748145,1594.2905656489554,258004.55480161935,0.0,117685.4919615183,True,-7.8580342233181e-10
2020-05-25,14.72003443,0.0,0.10182754,-0.20965098,-18.570351457387574,55940.14016538039,2543.771401237343,131143.62154364088,0.0,907.2011639635786,-1867.8209557267605,-165446.83744058578,0.0,23220.07587791141,True,1.7462298274040222e-09
2020-05-26,4.46854331,0.0,-0.08633101,0.07837646,2.073941775113667,-41317.03837101471,-454.3732211428861,39480.19346643633,0.0,-762.7463225712473,692.4667815325276,18323.56023860759,0.0,15962.06257184688,True,-7.275957614183426e-10
2020-05-27,-8.0259105,0.0,-0.16563422,-0.05556351,-8.209728293278545,187790.63508465744,2741.328782730984,-73590.03437651346,0.0,-1518.7096770798769,-509.4650147144987,-75275.47028143452,0.0,39638.284517645836,True,-2.3283064365386963e-10
2020-05-28,0.0,0.0,-0.11347061,0.09632137,-19.265759647573873,221213.0146786922,-0.07796483403841929,0.0,0.0,-1085.7165091007682,921.6280902006562,-184339.83310513932,0.0,36709.01518981904,True,2.9103830456733704e-10
2020-05-29,-16.12988494,0.0,-0.04619659,1.52e-06,19.26582200362384,-75276.04778752732,2617.251457979626,-152143.7417747597,0.0,-435.74533147503325,0.014337268266814727,181723.19634648485,0.0,-43515.072752029635,True,-3.4924596548080444e-10
2020-05-30,0.0,0.0,-0.0,1.51e-06,-0.0001361340711127923,139470.5539476208,-0.034468137765967015,0.0,0.0,-0.0,0.01463443754167387,-1.3193679211880451,0.0,139469.2147459993,True,-5.820766091346741e-11
2020-05-31,0.0,0.0,-0.0,1.5e-06,0.0001353084853690234,-138647.227823365,0.06935140317709648,0.0,0.0,-0.0,0.014150915769959084,1.276492652945194,0.0,-138645.86782839336,True,-2.6193447411060333e-10
2020-06-01,0.0,0.0,-0.0,1.5e-06,-0.0003817284940623722,411628.07941163704,-0.10235967902823792,0.0,0.0,-0.0,0.01529870258135595,-3.8933004649927554,0.0,411624.0990501959,True,2.9103830456733704e-10
2020-06-02,-42.8492216,0.0,-0.58276708,-0.37767098,-1.0729575128321471,-369452.0244498214,0.3540384943690785,-407596.6445294355,0.0,-5543.482412997138,-3592.537237225881,-10206.343677268385,0.0,-796390.6782682538,True,1.1641532182693481e-10
2020-06-03,-1.46594124,0.0,-0.34362809,2.7e-07,1.0734581112303658,64200.997742841595,-139.4729855325778,-14135.006224929079,0.0,-3313.355991820306,0.002603413818094681,10350.576592307227,0.0,56963.74173628073,True,5.093170329928398e-11
2020-06-04,0.0,0.0,-0.0,2.7e-07,-1.6272827622287878e-05,84230.07198956881,-0.002549228296492753,0.0,0.0,-0.0,0.0026496073833664527,-0.15969112672690192,0.0,84229.91239882074,True,-4.220055416226387e-10
2020-06-05,0.0,0.0,-0.34315444,0.09271827,9.158380019930064,-84418.02973224738,0.0053452032479085225,0.0,0.0,-3308.657920280234,893.979510771247,88304.10759038366,0.0,1471.4047938305885,True,5.820766091346741e-11
2020-06-06,7.58232058,0.0,-0.2888624,0.09330777,-9.740292117283957,13177.149462111247,245.25065459937912,73310.95960586879,0.0,-2792.915376581758,902.1620868190323,-94175.67543148728,0.0,-9333.068998669274,True,1.3096723705530167e-09
2020-06-07,-6.13052797,0.0,-0.55194966,0.26337627,-3.856277750829747,39412.062074790505,-45.92089466596291,-59757.812510584256,0.0,-5380.173528114697,2567.2812911735264,-37589.376306657905,0.0,-60793.93987405952,True,-7.275957614183426e-10
2020-06-08,0.0,0.0,-0.0,0.0010075,-1.0283833664410054,10729.648350746158,-96.58567736349298,0.0,0.0,-0.0,9.842612429195643,-10046.629185618162,0.0,596.2761001940817,True,3.8198777474462986e-10
2020-06-09,0.0,0.0,-0.0,0.13897377,-0.47477402818952896,4969.751432380148,-55.10230175034834,0.0,0.0,-0.0,1359.0831667838004,-4643.015654957956,0.0,1630.7166424551979,True,-4.4565240386873484e-10
2020-06-10,0.0,0.0,-0.0,0.13801977,-5.0732516190191745,53767.41423208242,-647.7410112973595,0.0,0.0,-0.0,1364.80079064899,-50166.5654188428,0.0,4317.908592591062,True,-1.8189894035458565e-10
2020-06-11,-12.9098419,0.0,-0.41457154,0.09436058,12.679570049896085,-301413.52223163954,6729.861908092393,-119770.42783084213,0.0,-3846.1672185382135,875.4256732583539,117634.09198583497,0.0,-299790.73771383427,True,-1.1641532182693481e-10
2020-06-12,0.68644181,0.0,-0.25979565,-0.19390605,-5.166675097222367,85796.59666747523,297.54203612785574,6491.104638580336,0.0,-2456.6696320522683,-1833.6069310868322,-48856.914309484746,0.0,39438.052469559014,True,-5.456968210637569e-10
2020-06-13,0.0,0.0,0.07957032,0.30409325,-1.6405049415768076,2484.343290778689,-18.11190300195205,0.0,0.0,752.8413579858544,2877.1277441680754,-15521.364850602442,0.0,-9425.164360671304,True,4.711182555183768e-10
2020-06-14,0.0,0.0,-0.0,0.10773795,14.106404893769877,-56904.83516112042,608.7289295381188,0.0,0.0,-0.0,1006.5908870882773,131795.51509608486,0.0,76505.99975159112,True,2.9103830456733704e-10
2020-06-15,37.96480926,0.0,-0.62089603,0.07423253,-5.518968936722899,47325.11601191413,882.3210188340057,358440.3127668096,0.0,-5862.117353592373,700.8577624728352,-52106.70066275114,0.0,349379.78954368643,True,-5.820766091346741e-10
2020-06-16,6.66961422,0.0,0.06437006,-0.02038375,-3.4447648268047715,40789.20534101231,271.16702061507635,63495.34063392818,0.0,612.8088899160341,-194.05517425066805,-32794.47789136799,0.0,72179.9888198534,True,4.511093720793724e-10
2020-06-17,0.0,0.0,-0.23465729,-0.03222374,2.3821990132656765,-37480.10543847864,-0.030780310113243375,0.0,0.0,-2217.204824972684,-304.47224463670096,22508.668476729723,0.0,-17493.144811668433,True,-1.0913936421275139e-11
2020-06-18,0.04092717,0.0,-0.15534049,-0.06368779,-2.3826018981573043,-30799.972017229138,-139.86704560937324,384.30574839463424,0.0,-1458.645766747107,-598.027760032035,-22372.609823689712,0.0,-54984.81666491181,True,9.167706593871117e-10
2020-06-19,0.0,0.0,-0.35184843,-0.19326686,-4.457987859695322,-54547.39707683955,-0.002935025828955676,0.0,0.0,-3267.2615594485287,-1794.6744352200762,-41396.83774195254,0.0,-101006.1737484876,True,-1.076841726899147e-09
2020-06-20,0.0,0.0,-0.0,-0.19331485,4.9236035655798105,37358.32542543565,-317.85645202527206,0.0,0.0,-0.0,-1808.9035891742244,46071.598542214044,0.0,81303.16392645054,True,3.346940502524376e-10
2020-06-21,-0.1994241,0.0,-0.36982633,-0.12820283,-0.4658052035011906,-37984.68706059076,-33.76993769001705,-1851.6067756846312,0.0,-3433.75218168005,-1190.3337093658436,-4324.893886706587,0.0,-48819.043551717885,True,7.275957614183426e-12
2020-06-22,0.00060409,0.0,-0.19223968,3.71e-06,1.234976087906034,209146.94075245206,-0.06448633687417951,5.850382207403066,0.0,-1861.7682852370656,0.03592994088540677,11960.274348613131,0.0,219251.2686416395,True,-2.9103830456733704e-11
2020-06-23,0.0,0.0,-0.2332796,0.17265559,4.6032588943385235,-38114.24200377232,-90.01082119146925,0.0,0.0,-2242.219596180577,1659.5182231456126,44245.26319137367,0.0,5458.308993374929,True,1.4551915228366852e-11
2020-06-24,18.95197336,0.0,-0.33769322,0.26302056,9.73492045745661,-166662.7129681918,-1861.075466826734,176119.61847318802,0.0,-3138.1640284968375,2444.2352148707464,90466.06621201431,0.0,97367.96743655764,True,-7.275957614183426e-11
2020-06-25,13.65045584,0.0,-0.24901944,0.22581627,-0.45016330109399405,-24821.26395665362,-713.5874678909522,126227.42276139888,0.0,-2302.7130007320548,2088.1504701232157,-4162.714709669247,0.0,96315.29409657605,True,-1.7462298274040222e-10
2020-06-26,12.21977719,0.0,0.14517853,0.28215612,0.1084829166061354,-48692.02863585453,-1326.0251661354598,111926.28876028134,0.0,1329.7537113745989,2584.3914231467743,993.6425239858102,0.0,66816.02261679806,True,-4.802132025361061e-10
2020-06-27,16.70809011,0.0,-0.57696852,0.1475313,-15.231272852887287,-89324.58350451344,-2395.4615397143084,150408.99431703618,0.0,-5193.966172940922,1328.1011963183003,-137114.4407821937,0.0,-82291.35648600664,True,1.2514647096395493e-09
2020-06-28,0.00024745,0.0,-0.00016428,-1.1e-07,-6.0248432419029996e-05,61871.102427504055,0.004334101024123051,2.253790851173898,0.0,-1.4962730290193895,-0.0010018872242033897,-0.5487466792627953,0.0,61871.3145308597,True,-1.04046193882823e-09
2020-06-29,0.70698232,0.0,0.02633621,-0.0010328,0.0004032988972539897,44508.43593889652,-0.0014719902133811852,6493.100510464425,0.0,241.87826733021876,-9.485490679890916,3.7039968349273855,0.0,51237.631750855595,True,-3.8562575355172157e-10
2020-06-30,0.00031335,0.0,-0.34938029,-6.66e-06,0.3936767947933504,-23562.57901124403,-0.015466501320676122,2.8652622428540653,0.0,-3194.7220467030597,-0.06089882411810459,3599.7678506755856,0.0,-23154.744310353883,True,2.1100277081131935e-10
2020-07-01,-10.24202952,0.0,-0.65150943,-0.00241632,-0.5250431842951002,56926.00397269997,38.37049612626398,-94650.07311444794,0.0,-6020.819903304896,-22.330033732211195,-4852.102377241908,0.0,-48580.950959900394,True,3.2741809263825417e-10
2020-07-02,11.24165434,0.0,-0.16752374,0.31124889,10.173531393543954,-84310.64026222289,19.248170159401404,102235.95831219881,0.0,-1523.5257712917396,2830.6179482439197,92522.03456721883,0.0,111773.6929643061,True,-2.3283064365386963e-10
2020-07-03,0.0,0.0,-0.1612167,0.08806159,2.9156723614930797,-16205.641033464364,-278.14436349675617,0.0,0.0,-1461.7019540281929,798.4271987816992,26435.499474312714,0.0,9288.439322105609,True,5.129550117999315e-10
2020-07-04,0.0,0.0,-0.0,0.18018511,-8.633345301950385,34826.76707382814,771.3881224765815,0.0,0.0,-0.0,1644.4088743907682,-78789.80471919716,0.0,-41547.24064850155,True,1.1641532182693481e-10
2020-07-05,3.73014927,0.0,-1.27486726,0.09591897,-1.4358015598359088,-27274.503875352784,-201.5631696708401,33868.315601455855,0.0,-11575.302645098509,870.907224612643,-13036.52396987994,0.0,-17348.6708339341,True,-5.238689482212067e-10
2020-07-06,-11.95055598,0.0,-0.33648743,0.04504704,-0.8295223362011939,152425.93139801672,749.2195625791496,-111605.5562298401,0.0,-3142.436791421932,420.69172046235263,-7746.861475880109,0.0,31100.988183916546,True,4.69299266114831e-10
2020-07-07,0.0,0.0,-0.0,-0.09713458,-3.0137173389774716,-49946.66669181478,-178.7358819964567,0.0,0.0,-0.0,-898.7045525856485,-27883.39119544615,0.0,-78907.49832184333,True,-2.9103830456733704e-10
2020-07-08,0.0,0.0,0.04692379,-0.29387218,12.999994684026547,104964.1626717524,-174.04853257335694,0.0,0.0,442.70568552957417,-2772.557052722519,122649.33328004392,0.0,225109.5960520301,True,5.820766091346741e-11
2020-07-09,-7.63313194,0.0,-0.52848567,-0.50814937,-9.406879214586752,-116800.367523315,-2446.093700477132,-70465.2754230099,0.0,-4878.716703233604,-4690.982102043813,-86839.62755225773,0.0,-286121.0630043363,True,8.149072527885437e-10
2020-07-10,0.0,0.0,-0.0,-0.27042992,-0.48649819474997,30432.463575455266,141.76089345265154,0.0,0.0,-0.0,-2511.0015763849374,-4517.243261860969,0.0,23545.979630661197,True,-8.149072527885437e-10
2020-07-11,0.0,0.0,-0.0,-0.16824955,-1.360316288765489,-27208.084697105623,-103.42533804608571,0.0,0.0,-0.0,-1554.1498653997267,-12565.474184542783,0.0,-41431.134085093625,True,5.966285243630409e-10
2020-07-12,0.0,0.0,-0.0,-0.06981366,1.5776463020968094,29394.658736975376,41.133210465734805,0.0,0.0,-0.0,-648.5059278669673,14654.911073093452,0.0,43442.19709266722,True,-3.710738383233547e-10
2020-07-13,0.0,0.0,-0.0,-0.20360647,-1.5624222963084549,-29701.49239496329,-124.35544276299412,0.0,0.0,-0.0,-1880.6361021855726,-14431.504938410671,0.0,-46137.988878322765,True,-2.3283064365386963e-10
2020-07-14,-0.00142632,0.5051645,-0.14123179,2.99e-06,-0.8077529108934414,13429.05516293625,19.16226954314438,-13.208232377483606,4678.003607083486,-1307.8567932918036,0.027688467390680902,-7480.080312040343,0.0,9325.103390320204,True,-4.3655745685100555e-10
2020-07-15,0.0,0.0,-0.0,1.387e-05,0.0003182880342365024,-36025.95184506774,0.02501439320764307,0.0,0.0,-0.0,0.12755858350293275,2.9272076995775933,0.0,-36022.87206439022,True,1.2369127944111824e-09
2020-07-16,0.0,0.0,-0.0,1.4e-05,0.000325286117572432,-36310.06559426637,0.00479882010937799,0.0,0.0,-0.0,0.1278562923693745,2.970705496574257,0.0,-36306.96223365795,True,-6.330083124339581e-10
2020-07-17,0.0,0.0,-0.0,1.399e-05,-0.0001216343716805568,13518.005542756984,0.005980090660122777,0.0,0.0,-0.0,0.12809899724954757,-1.1137413183243812,0.0,13517.02588052582,True,-7.494236342608929e-10
2020-07-18,0.0,0.0,-0.0,1.029e-05,-9.854916106633027e-05,11004.342486708889,0.00250393865196433,0.0,0.0,-0.0,0.09442006562540621,-0.9042777701857757,0.0,11003.535132943653,True,6.71207089908421e-10
2020-07-19,0.0,0.0,-0.0,1.397e-05,-0.0002162300302188669,24309.47361135394,0.0012999953109134852,0.0,0.0,-0.0,0.1287872270820491,-1.9933905514499317,0.0,24307.610308025032,True,1.5279510989785194e-10
2020-07-20,0.0,0.0,-0.0,1.394e-05,0.0002603646007628413,-29243.465005964037,0.009604808175236242,0.0,0.0,-0.0,0.12779063651101122,2.3868119122251654,0.0,-29240.940798606724,True,4.0381564758718014e-10
2020-07-21,3.7674337,0.0,0.11303778,-0.06413,0.29297392169019076,125339.99116183989,0.01647347211084851,35370.83140037493,0.0,1061.2636018658202,-602.0892730523817,2750.607446339503,0.0,163920.62081083935,True,-5.238689482212067e-10
2020-07-22,-2.70195935,0.0,-0.35920491,-0.03204845,-0.2922070189671331,81326.84956111653,41.81303885709773,-25753.070130671844,0.0,-3423.6744673866638,-305.46202718754074,-2785.1003206747487,0.0,49101.35565405339,True,5.529727786779404e-10
2020-07-23,11.42938318,0.0,-0.07062176,-1.418e-05,-0.00024310474248068203,44165.93409440475,0.06554618018422356,109826.84843047864,0.0,-678.6162655729282,-0.1362579840239626,-2.33603399979424,0.0,153311.75951350573,True,-1.076841726899147e-09
2020-07-24,0.0,0.0,-0.2366547,-0.06274414,1.341087373301093,-35311.28374080963,-0.03653024564421006,0.0,0.0,-2259.6029131322134,-599.087368752767,12804.837324067421,0.0,-25365.17322887201,True,8.221832104027271e-10
2020-07-25,4.26009637,0.0,0.07781999,-0.03129806,-1.3407324840728734,89207.55441419424,207.09193813513704,41333.383912792146,0.0,755.0447791301128,-303.6679495834042,-13008.393631371197,0.0,118191.01346329693,True,-8.731149137020111e-11
2020-07-26,0.0,0.0,-0.0,-3.407e-05,0.0010830267428900697,134765.1549350106,0.2205982549469211,0.0,0.0,-0.0,-0.33844819630286443,10.758686459609928,0.0,134775.79577152897,True,1.1641532182693481e-10
2020-07-27,0.00568719,0.0,0.08972839,0.49977824,-13.182298524241787,647818.1188950195,2.2653966555107576,62.82359170653384,0.0,991.1854075289615,5520.8044910702965,-145618.37045018887,0.0,508776.82733179163,True,-4.656612873077393e-10
2020-07-28,5.91871582,0.0,0.20614525,2.13557496,17.28120572976593,-59389.74062795242,1343.0074583178111,64778.05398199985,0.0,2256.1799786888323,23373.04142463241,189136.10852105796,0.0,221496.65073674452,True,5.820766091346741e-11
2020-07-29,2.4313529,0.0,0.3303575,1.49954183,-9.919823568777133,101173.51884338478,701.9105016082086,27026.362742224497,0.0,3672.1784112929186,16668.564010069927,-110266.48994830769,0.0,38976.04456027225,True,-4.0745362639427185e-10
2020-07-30,4.30911444,0.0,-0.48390715,0.25531844,5.818784265114914,11680.868446698378,-114.16319604540818,47983.6729732394,0.0,-5388.495190443888,2843.070588999638,64794.43634342308,0.0,121799.38996587135,True,1.4551915228366852e-10
2020-07-31,14.68598609,0.0,-0.08941844,-0.59603802,6.679453149548294,121572.9448430633,-0.019463920544142168,166512.6084325889,0.0,-1013.8439186260284,-6757.996693376657,75732.95793817259,0.0,356046.6511379024,True,8.149072527885437e-10
2020-08-01,13.78258664,0.0,-0.6235093,0.10088438,-6.6792930926159215,281811.017339783,3068.395065512505,162601.19780147306,0.0,-7355.9021734078515,1190.1917583344843,-78799.50880732894,0.0,362515.3909843657,True,-5.820766091346741e-10
2020-08-02,45.39759776,0.0,-0.90768777,3.5e-05,0.0003705187001514787,-440931.1402163231,-0.04508711808057198,503641.88855934906,0.0,-10069.90689511374,0.38829072394462344,4.110542123338244,-798902.6175057208,52645.29519364145,True,3.637978807091713e-11
2020-08-03,6.32790343,0.0,-0.14186852,-0.00010851,1.920663347980394,85130.05902208989,0.06174619455076514,71100.9283966827,0.0,-1594.0482647762765,-1.219228742295146,21580.757148009587,0.0,176216.5388194574,True,-7.566995918750763e-10
2020-08-04,-0.31916201,0.0,-0.27519519,-0.38561041,1.0796630729690833,-20246.08754988343,-64.24876085487584,-3575.460900625608,0.0,-3082.9159206173545,-4319.859195739524,12095.089585537607,0.0,-19193.48274218291,True,2.6921043172478676e-10
2020-08-05,30.30935302,0.0,-0.80728972,-0.10773417,-4.7191942969150205,313553.0201135129,1556.7544965168588,355269.21653780027,0.0,-9462.59678173164,-1262.7994449434207,-55315.74558679427,0.0,604337.849334361,True,3.4924596548080444e-10
2020-08-06,12.25918771,0.0,-1.36900756,0.20337428,2.072485754719878,30339.99232855707,-82.26249461673112,144282.16957350358,0.0,-16112.273144998477,2393.57476596214,24391.725469481695,0.0,185212.92649788875,True,-5.238689482212067e-10
2020-08-07,17.26336503,0.0,-1.3458024,0.21552361,-0.353948001124877,-109849.71586629185,-60.3093172800447,200237.23682862654,0.0,-15609.920396460155,2499.8516837670404,-4105.431913366717,0.0,73111.71101899538,True,5.529727786779404e-10
2020-08-08,0.0,0.0,-0.28000768,-0.10238241,-2.458045281280306,95212.74234507424,0.015049320160751181,0.0,0.0,-3288.132604108781,-1202.2775247030113,-28864.846963317268,0.0,61857.5003022654,True,4.3655745685100555e-11
2020-08-09,0.0,0.0,-0.0,-0.30791435,-5.467452329940329,-41283.9529817935,153.59983939870705,0.0,0.0,-0.0,-3596.5989124648995,-63862.67188852051,0.0,-108589.62394338008,True,1.1641532182693481e-10
2020-08-10,0.0,0.0,-0.0,-0.66512488,16.432225573801702,125364.6378026745,-1504.6531517462518,0.0,0.0,-0.0,-7895.2781189813595,195056.59000307202,0.0,311021.29653501883,True,-5.820766091346741e-11
2020-08-11,-22.10683428,0.0,-1.43781784,-0.20354163,-8.506822201233149,-315137.5679548674,-4063.930410370488,-251855.29487389507,0.0,-16380.546915112027,-2318.8773477684585,-96915.1976621852,0.0,-686671.4151641978,True,8.149072527885437e-10
2020-08-12,14.45874725,0.0,-1.89689375,0.21943168,-5.906356702435346,116288.62202966897,0.0018729015423115068,167367.40914644478,0.0,-21957.517264407812,2540.034148964859,-68369.10568315959,0.0,195869.44425041135,True,-1.3969838619232178e-09
2020-08-13,11.49237731,0.0,-0.44080829,0.17844993,5.906523853358294,128399.97790062579,-1169.0764776558979,135304.90798356885,0.0,-5189.833531217775,2100.970992077905,69540.15213075167,0.0,328987.0989981517,True,1.1641532182693481e-09
2020-08-14,0.0,0.0,-0.0,4.414e-05,-6.240436164262064e-06,633.6185670925441,0.00017032120265893276,0.0,0.0,-0.0,0.519722380238844,-0.07347744306793931,0.0,634.0649823509157,True,-1.9326762412674725e-12
2020-08-15,0.0,0.0,-0.0,5.084e-05,-0.0005964852043689461,61044.514932022634,0.015831947615488333,0.0,0.0,-0.0,0.6033137227689597,-7.078436452093483,0.0,61038.05564124044,True,-4.874891601502895e-10
2020-08-16,0.0,0.0,-0.0,5.472e-05,-0.000208848304168896,21600.947008667874,-0.013922163889791084,0.0,0.0,-0.0,0.6511484514766855,-2.485220209303882,0.0,21599.099014746025,True,-1.3460521586239338e-10
2020-08-17,-0.00327281,0.0,-0.3239683,5.808e-05,3.068458239137726,274608.0841900608,-0.26389527605732505,-40.30715039485887,0.0,-3989.9166133282274,0.7152994811594328,37790.40265865362,0.0,308368.7144891964,True,-5.820766091346741e-11
2020-08-18,-11.55304338,0.0,-1.54534637,-0.32494655,0.8547374576943412,-213094.15061170462,-991.1109368001439,-138552.13708793832,0.0,-18532.869224333153,-3896.9851891833373,10250.606486743949,0.0,-364816.6465632161,True,-5.238689482212067e-10
2020-08-19,29.47756475,0.0,-0.95742013,0.11398485,1.8385240943828194,-165321.95225412148,-1003.5753283139854,345973.7282604743,0.0,-11237.09555714666,1337.8229800923743,21578.479797261276,-586983.2954149593,191327.40789824654,True,7.275957614183426e-10
2020-08-20,14.8266955,0.0,-0.75211566,-0.20400101,-0.626310717308229,81643.07151680291,752.8084275475193,175956.11047981525,0.0,-8925.747896054057,-2420.9861363615314,-7432.7551792898885,0.0,239572.50121246,True,-2.3283064365386963e-10
2020-08-21,3.61300037,0.0,-0.06725615,-0.19217867,-20.49022801673084,-218949.03649613267,-1760.3106906862595,41638.741567426594,0.0,-775.1068812290429,-2214.801316198525,-236143.70929231303,0.0,-418204.2231091326,True,2.9103830456733704e-10
2020-08-22,-4.3890033,0.0,-0.21174421,-0.22486167,14.041846927925349,101176.29939762359,-2419.8689477562093,-51273.605632571576,0.0,-2473.657087138763,-2626.8990477773054,164040.91601739763,0.0,206423.18469977658,True,-7.566995918750763e-10
2020-08-23,0.0,0.0,-0.18140689,-0.20130823,3.776986051053541,-10628.349205607972,21.910789588034145,0.0,0.0,-2116.2218982652025,-2348.383154724763,44060.84350314211,0.0,28989.800034131855,True,-3.4924596548080444e-10
2020-08-24,11.72688045,0.0,-0.15974228,-0.140834,-2.462517571493322,67374.05857100541,260.62258386113376,138041.894974382,0.0,-1880.39156131487,-1657.8144818404896,-28987.29917355399,-588593.9455031325,173151.07091253914,True,-2.9103830456733704e-11
2020-08-25,22.70219998,0.0,-0.83045656,0.06455689,0.023316640055782045,-247044.40610208546,-0.35608316595438727,257861.90144270286,0.0,-9432.702901737282,733.266486124373,264.8409909760229,0.0,2382.5438328161836,True,1.60889612743631e-09
2020-08-26,-17.42499064,0.0,-0.37677807,0.16807974,0.31366921491189714,70448.51808985516,2.7465999829887195,-199900.3485455643,0.0,-4322.416526550572,1928.2190334334564,3598.4286410441223,0.0,-128244.85270780046,True,-1.3096723705530167e-09
2020-08-27,-22.30870244,0.0,0.12925339,0.15881058,-0.33878550037240984,-94824.97749188592,-53.16897897075567,-252415.68969428868,0.0,1462.4599377719287,1796.8898993235218,-3833.2474049049406,0.0,-347867.7337329546,True,2.3283064365386963e-10
2020-08-28,-0.00103389,0.0,-0.00026201,2.297e-05,0.000960335781996946,123772.14378217183,-0.19985428004726077,-11.918562988194962,0.0,-3.0204206332752634,0.2647954732503828,11.07063856652842,0.0,123768.34037831146,True,1.367880031466484e-09
2020-08-29,0.00057005,0.0,-0.05037833,-0.00724848,0.27382621789297446,-21549.23266508508,-0.0008528038316025705,6.55030907633483,0.0,-578.8854175065192,-83.29056106241819,3146.471994391351,0.0,-19058.38719299063,True,-4.656612873077393e-10
2020-08-30,0.99106234,0.0,-0.03570512,0.10318242,-6.005675010840264,120859.8361303638,57.01909462888774,11594.414364619959,0.0,-417.71333599305103,1207.1286379666587,-70260.24681245125,0.0,63040.43807913363,True,-1.367880031466484e-09
2020-08-31,0.0,0.0,-0.00079926,0.41012692,3.2231403953019253,-11995.358793201254,118.23384510643939,0.0,0.0,-9.334036603820024,4789.604988979765,37640.95592047534,0.0,30544.101924757473,True,1.0040821507573128e-09
2020-09-01,-10.02904922,0.0,-0.80571103,0.8887707,-31.726262782700815,169932.94598661343,-732.5778613928319,-120051.37832384702,0.0,-9644.654997737309,10638.909552470055,-379774.94103152916,0.0,-329631.69667542353,True,-6.984919309616089e-10
2020-09-02,93.84872489,0.0,-0.58113945,0.73786649,29.29661877580145,-317933.2818947691,19029.287897752547,1071238.2348546255,0.0,-6633.428417403275,8422.392496354549,334406.8683019741,0.0,1108530.0732385349,True,4.656612873077393e-10
2020-09-03,65.99818912,0.0,-0.92028033,0.23588078,-16.278254473666834,-767902.3655490502,5694.024818559288,677240.0486937594,0.0,-9443.451461492294,2420.4893052847738,-167039.21727838358,0.0,-259030.47147132177,True,8.149072527885437e-10
2020-09-04,16.28898412,0.0,0.14246195,-0.39380699,28.815995024620065,153918.65101776013,-4465.496928125284,170577.69461183238,0.0,1491.8567555768566,-4123.933572612811,301760.132064376,0.0,619158.9039488062,True,-1.1641532182693481e-09
2020-09-05,65.52468619,0.0,0.01339739,0.03216574,-6.700709242626431,-256578.84538262276,-2609.0513111208893,663676.1925089034,0.0,135.6973882938463,325.79531614283854,-67869.09569258218,0.0,337080.6928270152,True,8.731149137020111e-10
2020-09-06,-1.30074613,0.0,0.38129224,0.08498887,-6.585014230576689,101334.3804159181,112.02886157975017,-13336.940162069674,0.0,3909.5036855051103,871.4163721032315,-67518.12573878546,0.0,25372.263434249908,True,-1.1641532182693481e-09
2020-09-07,5.78534557,0.0,-1.49244893,-0.11287346,5.685674171294977,93046.37767484374,-651.5288916785806,59981.75910766196,0.0,-15473.528956326085,-1170.2583027150645,58948.37817047994,0.0,194681.19880226627,True,3.4924596548080444e-10
2020-09-08,-37.69462273,0.0,-0.37427028,0.60095035,-8.035836191460476,-211608.49867994394,0.16544407268529684,-381041.19960836094,0.0,-3783.3618203441065,6074.788011787706,-81231.33859656438,0.0,-671589.4452493535,True,-5.820766091346741e-10
2020-09-09,-1.82288382,0.0,-0.11655716,0.04901378,-7.961606016229325,89152.47554900305,-919.9831106145896,-18635.544377737693,0.0,-1191.576832210334,501.07333352197514,-81392.38529941255,0.0,-12485.940737449564,True,5.820766091346741e-10
2020-09-10,-22.2271454,0.0,-0.38656796,0.08672084,15.995757385972297,86639.06300795781,-1784.0950639051819,-229709.33989582368,0.0,-3995.037118732987,896.2278580141622,165310.24583415207,0.0,17357.06462166179,True,-4.0745362639427185e-10
2020-09-11,0.0,0.0,-0.0,2.4e-06,-0.00040019935647706006,39521.47093796838,-0.12170217539602843,0.0,0.0,-0.0,0.024928849780713122,-4.156879016647788,0.0,39517.2172856275,True,1.3897079043090343e-09
2020-09-12,0.0,0.0,-0.0,2.274e-05,-0.00037787244866649417,37686.14727843961,-0.13604328598631227,0.0,0.0,-0.0,0.23733687590563332,-3.943846370154685,0.0,37682.30472565908,True,-2.9831426218152046e-10
2020-09-13,0.01687267,0.0,-0.84078173,0.17105071,14.880708668937018,-86340.86970433095,0.3549311357120274,174.16853452048846,0.0,-8678.989262855317,1765.674993311021,153606.46664073257,0.0,60526.8061325131,True,-4.220055416226387e-10
2020-09-14,-8.89473419,0.0,0.27773629,-0.98606623,-58.5166063829879,256411.90492287817,5061.307018850703,-94842.05936261325,0.0,2961.424269760215,-10514.148025499147,-623946.184081979,0.0,-464867.7552586021,True,2.3283064365386963e-10
2020-09-15,0.0,0.0,-0.0,0.10282995,-24.359967649938085,86809.21871878834,-5090.974152560625,0.0,0.0,-0.0,1108.4432118271948,-262585.37305428943,0.0,-179758.68527623452,True,0.0
2020-09-16,-62.25101915,0.0,-0.11098918,-0.00944098,14.822753919230536,140612.05533951562,-12847.692189995378,-682789.1323885461,0.0,-1217.364903442166,-103.55169491385935,162580.71636920885,0.0,-393764.9694681717,True,1.3969838619232178e-09
2020-09-17,-20.62679878,0.0,0.13129788,0.26622559,28.190000027694623,-21838.01892720898,1703.116888008699,-225580.70996487484,0.0,1435.9120532072666,2911.520989929281,308294.0929410276,0.0,66925.91398008727,True,-1.7462298274040222e-09
2020-09-18,0.0,0.0,0.06844466,0.1543668,1.7553313138380418,-10704.893943011908,404.27458452010984,0.0,0.0,747.4234107658524,1685.7028753595996,19168.416025632006,0.0,11300.92295326572,True,5.820766091346741e-11
2020-09-19,0.0,0.0,-0.0,-0.03695571,-11.436744581589892,101702.67274220871,-3569.8129383923665,0.0,0.0,-0.0,-409.2393855727347,-126647.98824111755,0.0,-28924.367822874337,True,-4.0745362639427185e-10
2020-09-20,0.0,0.0,-0.11912143,-0.05875577,12.500843206617446,-100965.53288680868,5288.943184102281,0.0,0.0,-1300.9511173930011,-641.6845787931371,136524.4350911811,0.0,38905.20969228912,True,5.675246939063072e-10
2020-09-21,28.72448859,0.0,-0.36996768,-0.03765231,29.33967571342339,-308209.93685618177,10326.132699532402,300325.4424312786,0.0,-3868.1526681716177,-393.6692075084096,306757.4575545861,0.0,304937.27395353466,True,-6.402842700481415e-10
2020-09-22,-3.69169231,0.0,0.12357783,-0.24326266,-8.583321504580226,44473.07158259175,462.35896777695353,-38836.0093445987,0.0,1300.0188958502963,-2559.0840578346942,-90295.16172207013,0.0,-85454.80567828473,True,-2.0372681319713593e-10
2020-09-23,26.25972246,0.0,0.03448296,-0.22480964,-2.8479822811769964,-196603.41753720492,404.1435671667454,268723.60652493214,0.0,352.87445969659245,-2300.5443920587286,-29144.25584972408,0.0,41432.40677280817,True,4.0745362639427185e-10
2020-09-24,-34.78269092,0.0,-0.16579854,-0.03089209,4.258585679453972,360189.96796010726,-2153.6619641567027,-373532.803338077,0.0,-1780.5176022177723,-331.7514738929283,45733.13349333673,0.0,28124.36707510054,True,9.531504474580288e-10
2020-09-25,4.36016297,0.0,0.44718027,0.05515629,1.3275527457767566,-37526.203582672446,-0.009700099114185892,46582.37044292979,0.0,4777.508807637381,589.2694265594536,14183.08311221254,0.0,28606.018506566063,True,-1.5352270565927029e-09
2020-09-26,0.0,0.0,-0.0,0.18056857,-4.5804243565996785,39833.510385697606,77.53909047975297,0.0,0.0,-0.0,1939.6730718760036,-49203.05777611998,0.0,-7352.335228065029,True,1.5934347175061703e-09
2020-09-27,0.0,0.0,-0.0,0.17872242,-1.3079733309863286,11457.83761356641,-54.62536223596992,0.0,0.0,-0.0,1922.843113454181,-14072.255244019123,0.0,-746.1998792346567,True,-1.546140993013978e-10
2020-09-28,0.0,0.0,-0.0,0.24827047,2.4527377724077724,-21462.27379985798,143.42958283970566,0.0,0.0,-0.0,2663.290446552747,26311.43799402598,0.0,7655.884223559871,True,-5.784386303275824e-10
2020-09-29,0.0,0.0,-0.0,0.21821553,-8.805412697548718,77668.07505526493,-239.81456822969332,0.0,0.0,-0.0,2365.7057097916813,-95460.73597815505,0.0,-15666.769781328738,True,-6.111804395914078e-10
2020-09-30,0.0,0.0,-0.0,0.25203295,5.3020667887013815,-46977.93017238821,750.7396593946837,0.0,0.0,-0.0,2714.987594225072,57115.728538974836,0.0,13603.52562020719,True,8.076312951743603e-10
2020-10-01,11.05794877,0.0,-0.23036967,-0.0241418,5.6116328628713745,-113223.1926169203,929.9819888090369,117287.43108637728,0.0,-2443.4429347167684,-256.0628343190546,59520.44238726171,0.0,61815.15707649104,True,-8.658389560878277e-10
2020-10-02,0.0,0.0,-0.0,-1.027e-05,0.00013971163605219772,-25337.765891525283,-0.0129557349565441,0.0,0.0,-0.0,-0.10855498531091151,1.4767667574887768,-528632.1251576735,-25336.410635486594,True,1.469743438065052e-09
2020-10-03,0.0,0.0,-0.0,-2.834e-05,5.536821811347181e-05,-9273.062477031452,-0.007121640239230031,0.0,0.0,-0.0,-0.2991486919983329,0.5844506008088742,0.0,-9272.78429676406,True,-1.1805241229012609e-09
2020-10-04,0.0,0.0,-0.0,-1.477e-05,-0.0004188261466424592,70778.78894062775,0.06044326209631431,0.0,0.0,-0.0,-0.1575311870534831,-4.467039949195856,0.0,70774.2248127535,True,-8.731149137020111e-11
2020-10-05,0.0,0.0,0.20966828,-0.04275559,-3.2263773579450117,68913.76703011412,0.014029074623818617,0.0,0.0,2258.6799772329928,-460.5903909155127,-34756.587583912464,0.0,35955.28306159377,True,1.4551915228366852e-11
2020-10-06,2.4712534,0.0,0.07050737,-0.04798725,10.34071539646527,-113533.67164013191,568.6647812920739,26186.324161590965,0.0,747.1224305047932,-508.49082660778777,109574.08310883626,0.0,23034.03201548569,True,1.2951204553246498e-09
2020-10-07,0.0,0.0,0.07072499,-0.63160201,-5.423464604047922,45793.63719447557,503.8527139111829,0.0,0.0,754.4372168547038,-6737.421420409347,-57853.15122120077,0.0,-17538.64551636856,True,1.0186340659856796e-10
2020-10-08,8.10447594,0.0,-0.10789275,-0.33948607,0.6089938140373761,152038.51810744306,397.95249875722794,88359.28691329392,0.0,-1176.3038750059256,-3701.2568467439464,6639.5729398574385,0.0,242557.76973760128,True,-4.94765117764473e-10
2020-10-09,0.0,0.0,-0.0,-0.026837,1.0403698278461206,112159.61131397713,394.62064224894345,0.0,0.0,-0.0,-297.1957204541995,11521.163338880624,0.0,123778.19957465306,True,5.529727786779404e-10
2020-10-10,0.0,0.0,-0.0,-0.0344503,-0.07299268514941559,149530.10699454087,764.1112449993132,0.0,0.0,-0.0,-389.38672102416814,-825.0256842198885,0.0,149079.80583429523,True,-8.731149137020111e-10
2020-10-11,0.0,0.0,-0.0,-0.05139574,0.5306890522905405,49290.39710824064,246.38704121858956,0.0,0.0,-0.0,-584.7942225646218,6038.319357942945,0.0,54990.309284836985,True,-5.675246939063072e-10
2020-10-12,-1.34285099,0.0,-0.02324282,-0.07478004,8.80803270669901,111202.17947952464,646.1990092289032,-15507.782463321395,0.0,-268.41741866991197,-863.5899303454902,101718.6986214369,0.0,196927.28729785513,True,1.4842953532934189e-09
2020-10-13,2.17475105,6.9701858,0.02540562,-0.20570768,-10.906542666153882,-73975.7577068437,-1429.9445514011486,24868.210371724384,79703.85704810031,290.5124716615672,-2352.2608996185386,-124715.9749388798,0.0,-97611.35820525698,True,-8.731149137020111e-11
2020-10-14,0.0,0.0,-0.13593235,-0.21114677,0.533120226440019,-11808.04162372495,-30.35518514894071,0.0,0.0,-1551.954336127854,-2410.685500992889,6086.691262977878,0.0,-9714.345383018255,True,-1.4988472685217857e-09
2020-10-15,-7.17950355,0.0,0.00928376,-0.20947794,9.042356820313103,56478.3016883143,190.83369277453517,-82582.82283986184,0.0,106.78720360376391,-2409.537022637061,104010.44391805244,0.0,75794.00664024614,True,0.0
2020-10-16,-3.50272154,0.0,-0.34772048,0.11638326,-15.415131065232458,-106891.20418616306,-1844.5282277498368,-39717.31462513241,0.0,-3942.79806374847,1319.668292706644,-174791.97347371496,0.0,-325868.15028380137,True,6.984919309616089e-10
2020-10-17,0.0,0.0,-0.0,-0.14887896,-2.7726292199777163,15471.652613587763,-98.59663735724331,0.0,0.0,-0.0,-1691.6821768146922,-31504.83744883713,0.0,-17823.463649421,True,3.055902197957039e-10
2020-10-18,0.0,0.0,-0.0,-0.25639006,-14.57128679427592,82371.08330120712,-876.674652054078,0.0,0.0,-0.0,-2945.825018830446,-167418.58555332333,0.0,-88870.00192300044,True,2.9103830456733704e-10
2020-10-19,0.0,0.0,-0.33310104,0.28942029,-36.021472016399,166331.8930163319,-5503.977083419752,0.0,0.0,-3912.5421820396155,3399.4763059374964,-423101.43709944794,0.0,-262786.58704263717,True,7.566995918750763e-10
2020-10-20,-53.87791086,0.0,-0.52000866,0.30738745,8.367951270591448,119224.34028241447,-10560.61153068928,-642734.2343630439,0.0,-6203.421079479704,3666.96544418609,99825.11695871748,0.0,-436781.8442878956,True,-6.984919309616089e-10
2020-10-21,-73.57228479,0.0,-0.57453519,-0.00129377,49.256489518385365,546934.5783245626,-45159.035344031385,-945292.8108520262,0.0,-7381.909998292211,-16.62299170654893,632871.5434411326,0.0,181955.74257963896,True,5.820766091346741e-11
2020-10-22,-13.23928059,0.0,0.19552905,0.26211083,-4.397917315899065,77629.26537593885,17.725081825416552,-172077.54075427694,0.0,2541.388698675511,3406.7853404006114,-57161.9274186379,0.0,-145644.30367607437,True,8.731149137020111e-11
2020-10-23,0.0,0.0,-0.0,-0.14979145,-2.617627666843191,-22395.73681735199,188.57242370853726,0.0,0.0,-0.0,-1940.3130167808188,-33907.255955272805,0.0,-58054.73336569872,True,-1.6443664208054543e-09
2020-10-24,0.0,0.0,-0.0,-0.23004683,9.44501166365717,81508.5036460826,-1106.4700371436188,0.0,0.0,-0.0,-3016.8035147112228,123860.62604474681,0.0,201245.85613897536,True,8.149072527885437e-10
2020-10-25,0.0,0.0,-0.0,-0.2288568,-4.22321080294779,-36677.012485881416,-184.0618913593418,0.0,0.0,-0.0,-2984.6682345825766,-55077.59931758307,0.0,-94923.34192940686,True,-4.511093720793724e-10
2020-10-26,0.0,0.0,-0.0,-0.22915681,2.287095032366551,19803.337650497106,-65.34218500657012,0.0,0.0,-0.0,-2997.5214405878564,29916.70374614097,0.0,46657.177771043964,True,3.2014213502407074e-10
2020-10-27,31.40704502,0.0,-0.20928451,-0.17486342,-0.6122114260174385,301807.2188970434,364.24004210136565,429507.7956639528,0.0,-2862.0753241659313,-2391.3488842593433,-8372.312005207395,0.0,718053.5183894644,True,-4.656612873077393e-10
2020-10-28,33.80048159,0.0,0.51831042,0.2234254,-4.141983991487905,-207379.27764392807,-0.03574619966630054,449219.51561255526,0.0,6888.5159280755715,2969.397039397077,-55048.329337462405,0.0,196649.78585243877,True,1.0186340659856796e-09
2020-10-29,31.7854412,0.0,1.35367438,0.07126197,4.141870219449629,105925.71810737983,-765.7878461686983,428315.7271686639,0.0,18241.056424892107,960.270531026057,55812.601238387135,0.0,608489.5856241798,True,-6.984919309616089e-10
2020-10-30,-21.32274756,0.0,0.55520107,-0.163294,18.957709175462924,77632.04838265505,-0.0026860412191048863,-290059.64852982236,0.0,7552.564545184781,-2221.336631864567,257887.3311186621,0.0,50790.95619877335,True,-4.656612873077393e-10
2020-10-31,17.01794395,0.0,0.25279798,0.13078518,-25.783554360734684,119343.51014797944,3866.1839202941073,234970.72769734033,0.0,3490.440766260585,1805.7815331227273,-355999.5583817728,0.0,7477.085683225654,True,1.2223608791828156e-09
2020-11-01,0.0,0.0,-0.0,0.09086897,3.708022164167801,-42383.24557868199,480.09183386798304,0.0,0.0,-0.0,1248.2579004966199,50936.72748396985,0.0,10281.83163965214,True,-3.2014213502407074e-10
2020-11-02,39.40088227,0.0,0.02055481,-0.18808747,-10.470605828364569,-85180.81581269878,440.6593923144225,535677.2465176607,0.0,279.45425049218517,-2557.1553789999207,-142353.799619881,0.0,306305.589348888,True,4.656612873077393e-10
2020-11-03,-0.18024847,0.0,-0.03584187,0.15695895,-9.852051841266984,257635.87766812005,-5453.733008225345,-2522.9225853166054,0.0,-501.675622117523,2196.941144202666,-137898.33612480885,0.0,113456.15147185326,True,-1.1350493878126144e-09
2020-11-04,-13.23717159,0.0,-0.01853328,-0.08852597,40.1683931336662,84875.34648715677,-3099.603095630632,-187029.95908436846,0.0,-261.85945966869076,-1250.7965492803608,567545.1793606625,0.0,460778.3076588698,True,-1.3387762010097504e-09
2020-11-05,14.06352749,0.0,0.10601034,0.08558075,-37.738389877040504,928522.5677771562,24712.425848495302,219481.97533783625,0.0,1654.4468552416954,1335.613136480137,-588962.9299741393,0.0,586744.0989810731,True,2.9103830456733704e-09
2020-11-06,-23.06296323,0.0,0.49175477,0.25820877,29.89832588865113,8038.297963927534,-262.74967967489823,-360219.7877973989,0.0,7680.7042152908425,4032.9556704941847,466981.12899464514,0.0,126250.5493672844,True,5.238689482212067e-10
2020-11-07,0.53646803,-1.47048795,0.04345525,-0.03220263,-11.20168095627696,-466968.9337780839,-6689.122651796029,7975.324879953354,-21860.797806174218,646.0212298011365,-478.7357715219904,-166528.18030534888,0.0,-653904.4242031723,True,-1.862645149230957e-09
2020-11-08,-37.73811368,0.0,0.38912067,0.55652672,-19.67662487568589,392566.89490163984,-1466.1603021394985,-584940.7887279707,0.0,6031.370660181774,8626.164553569455,-304987.6994882197,0.0,-484170.2184029389,True,-1.1641532182693481e-10
2020-11-09,-31.50848175,0.0,0.99615408,0.23229011,22.564653728478675,-104999.54936287145,3962.2605444436526,-482704.2680177685,0.0,15260.901170501927,3558.642666599349,345686.4328627865,0.0,-219235.58013630845,True,5.820766091346741e-11
2020-11-10,-1.19407826,0.0,0.15049782,-0.14915677,-0.5741753792692634,-300.705028931311,-0.3125215447897902,-18292.41404391243,0.0,2305.5175932490433,-2284.9736786034578,-8795.950921519852,0.0,-27368.83860126324,True,-4.43833414465189e-10
2020-11-11,0.0,0.0,-0.0,0.0,0.0,227105.38978214032,0.0,0.0,0.0,-0.0,0.0,0.0,0.0,227105.38978214003,True,-2.9103830456733704e-10
2020-11-12,0.0,0.0,-0.0,0.0,0.0,307926.61139251175,0.0,0.0,0.0,-0.0,0.0,0.0,0.0,307926.6113925129,True,1.1641532182693481e-09
2020-11-13,0.0,0.0,-0.0,0.0,0.0,22187.56139511908,0.0,0.0,0.0,-0.0,0.0,0.0,0.0,22187.561395118013,True,-1.0659277904778719e-09
2020-11-14,0.0,0.0,-0.0,0.0,0.0,-125719.30845158202,-0.0,0.0,0.0,-0.0,0.0,0.0,0.0,-125719.30845158175,True,2.764863893389702e-10
2020-11-15,0.0,0.0,-0.12178516,0.06297,-3.218178128522368,-63536.97617949843,-0.0,0.0,0.0,-1946.9495144098382,1006.6859617574711,-51448.225256763515,0.0,-115925.46498891339,True,9.313225746154785e-10
2020-11-16,0.0,0.0,-0.0,0.1835,-28.255207532737586,416882.65650930203,-2433.904736975263,0.0,0.0,-0.0,3072.350397953537,-473078.46380090516,0.0,-55557.36163062602,True,-1.1641532182693481e-09
2020-11-17,0.0,0.0,-0.0,0.1756,-31.72113174356116,517825.9082055232,-29557.136356245373,0.0,0.0,-0.0,3104.988909241613,-560898.4182935619,0.0,-69524.65753504261,True,-1.7462298274040222e-10
2020-11-18,-24.89630155,0.0,-0.06850001,0.17983303,59.529996241873164,67579.21202230232,-7742.645162297766,-443270.93184084946,0.0,-1219.621444688338,3201.871355219966,1059913.13021421,0.0,678461.0151438974,True,6.984919309616089e-10
2020-11-19,-8.17894287,0.0,0.01670677,0.1120684,3.664521162947949,7363.7823277359885,-51.225015598341336,-145737.87300747746,0.0,297.6923990453468,1996.9096871013094,65296.88840813749,0.0,-70833.82520105503,True,6.402842700481415e-10
2020-11-20,-0.44593521,0.0,-0.48178252,-0.03085818,2.020024277725156,438392.3936203866,0.0,-8322.837480068303,0.0,-8991.883853929714,-575.9303399045212,37701.2924574824,0.0,458203.0344039649,True,-1.6298145055770874e-09
2020-11-21,-1.39207107,0.0,-0.07805875,-0.14046735,-3.736744569773691,22164.83693016919,86.47215349620943,-26040.90183220576,0.0,-1460.2129802860504,-2627.6650314844105,-69901.74611810921,0.0,-77779.21687841974,True,2.9103830456733704e-10
2020-11-22,-7.02454492,0.0,0.10768045,0.0,1.6390532205888348,-115568.51668837154,384.3680145337664,-129832.50463418131,0.0,1990.2246597969977,0.0,30294.116883200128,0.0,-212732.3117650207,True,1.2514647096395493e-09
2020-11-23,-2.15983205,0.0,0.05846421,-0.33754642,-0.5705104863763495,-55729.93199805567,8.49948601963033,-39683.15097250478,0.0,1074.1780000524689,-6201.8273805542,-10482.136220855604,0.0,-111014.36908590049,True,-2.342858351767063e-09
2020-11-24,16.65849578,4.6772968,0.08943567,-0.3044427,6.082043589915145,393790.39884257514,-503.62961233755937,319014.3762775385,89571.40794839081,1712.7155331916626,-5830.154134886108,116472.66163485388,0.0,914227.7764893286,True,2.2118911147117615e-09
2020-11-25,-0.22670345,0.0,0.18280563,-0.13464523,-5.433728401023018,-212154.1156782009,-2183.6389249866543,-4250.325536702962,0.0,3427.3119241990944,-2524.3817836219246,-101873.67939207051,0.0,-319558.8293913845,True,-6.402842700481415e-10
2020-11-26,48.88599063,0.0,0.38432772,-0.26843597,0.7407099044787628,-862709.48167019,-0.22498230005619294,836621.002620722,0.0,6577.275785918468,-4593.937188685053,12676.299589106266,0.0,-11429.065845428035,True,3.0740920919924974e-10
2020-11-27,25.57089564,0.0,0.25047839,0.20518045,8.265912473647518,-6986.75278218011,-8.974518408038312,437303.30605151143,0.0,4283.581990382713,3508.9146029668295,141360.353706347,0.0,579460.4290506206,True,9.313225746154785e-10
2020-11-28,19.34900198,0.0,-0.4200747,-0.05855075,-7.7122074756259735,388056.7200464385,5798.3205696446375,343355.34075442003,0.0,-7454.384050913761,-1039.005150676865,-136856.03156687162,0.0,591860.9606020395,True,-1.6298145055770874e-09
2020-11-29,8.71863988,0.0,0.0197398,-0.08331321,3.479149484165873,276940.4536665536,576.7096488910249,158599.61743540803,0.0,359.0840740461306,-1515.5395124905435,63288.74512354612,0.0,498249.0704359561,True,1.8044374883174896e-09
2020-11-30,-65.39414055,0.0,0.3619588,0.21499169,-17.0044670834086,928786.3500609653,7034.244338057154,-1285937.034862594,0.0,7117.705380018527,4227.6842242052835,-334382.77186222665,0.0,-673153.8227215763,True,-1.862645149230957e-09
2020-12-01,31.99583801,0.0,-0.18973837,2.44055586,26.135053278251235,-477162.09676341974,10320.317325003796,602181.1180856811,0.0,-3570.991444407386,45932.74462966194,491877.5873101807,0.0,669578.6791427005,True,1.1641532182693481e-10
2020-12-02,18.34899564,0.0,-0.02268055,-2.912e-05,-13.901663244328574,236455.6484755465,5481.966398086515,352573.6067539465,0.0,-435.80387033451944,-0.5595370793098583,-267118.68301101716,0.0,326956.17520914786,True,-6.984919309616089e-10
2020-12-03,0.0,0.0,-0.0,-2.859e-05,0.0012569863571343376,157877.89293722724,0.6705192062402549,0.0,0.0,-0.0,-0.5566561974385915,24.473915557698067,0.0,157902.48071579635,True,2.6193447411060333e-09
2020-12-04,0.67457184,0.0,0.36747329,0.02065326,-0.003887189074930575,-455726.5717029077,-2.862336382200073,12636.732079234922,0.0,6883.865048391283,386.89683990185455,-72.81858501716691,0.0,-435894.7586567793,True,-2.9103830456733704e-10
2020-12-05,2.525e-05,0.0,0.2250927,0.17234171,-11.119555724513248,236300.00648974904,-0.001997823816580871,0.4826444865556691,0.0,4302.564380947693,3294.248559804991,-212546.22825286526,0.0,31351.07182429917,True,-2.9103830456733704e-11
2020-12-06,-2.51266681,0.0,0.00689057,0.23469622,-0.8995718001368687,149727.17182446664,-2687.3815625114626,-48635.96693963739,0.0,133.37603433192848,4542.853653078604,-17412.39393825035,0.0,85667.65907147527,True,-2.7212081477046013e-09
2020-12-07,-12.05408366,0.0,-0.03097135,-0.00203486,11.99024842670292,-107486.67233789655,2092.9738457021213,-231223.56432404305,0.0,-594.097912451974,-39.0330443500856,229999.06559077246,0.0,-107251.32818226516,True,1.949956640601158e-09
2020-12-08,0.0,0.0,-0.0,-0.00095109,-0.1433639080081548,-509065.6579573361,24.29746274925219,0.0,0.0,-0.0,-17.443920896982476,-2629.4343025124067,0.0,-511688.23871799745,True,-1.2223608791828156e-09
2020-12-09,-0.16202251,0.0,0.22022453,0.16028049,-14.28005908726368,141438.55112292434,-40.257617184541274,-3009.5189875328033,0.0,4090.603858411325,2977.161494326076,-265247.7669072674,0.0,-119791.22703632154,True,1.4551915228366852e-09
2020-12-10,-0.35618612,0.0,0.21456676,-0.07026484,21.481347682465866,-169416.7192962633,4044.475080377178,-6516.370551645179,0.0,3925.4660350771633,-1285.4844938709577,392997.96816246514,0.0,223749.3349361401,True,2.9103830456733704e-11
2020-12-11,-1.81020563,0.0,-0.2132639,-0.22352688,-6.913493126342701,-141057.8228175115,-1638.3774074361595,-32695.49968626005,0.0,-3851.921383948295,-4037.2888658570178,-124869.85378743893,0.0,-308150.7639484517,True,2.3283064365386963e-10
2020-12-12,12.0802866,0.0,0.06685074,-0.32374664,33.04166463906188,453112.9124568196,86.8364855790292,227269.8598112894,0.0,1257.6819417579843,-6090.737407436672,621622.2130401469,0.0,1297258.766328156,True,-2.3283064365386963e-10
2020-12-13,47.74836233,0.0,0.30295552,-0.02836076,-33.15721709100319,210735.18163677168,11366.250350479077,914671.5682984854,0.0,5803.440936632499,-543.2810584801674,-635162.3862497659,0.0,506870.7739141211,True,-1.280568540096283e-09
2020-12-14,0.0,0.0,-0.0,-1.217e-05,0.00014500733107070118,86603.61245371263,-0.0006825508815647549,0.0,0.0,-0.0,-0.23471976331175326,2.7967203309272,0.0,86606.1737717297,True,3.2014213502407074e-10
2020-12-15,0.0,0.0,-0.0,-6.32e-06,0.00015953733600326814,96656.78173562126,0.02038567488974121,0.0,0.0,-0.0,-0.12281395909283456,3.1002233952033507,0.0,96659.77953073196,True,-2.9103830456733704e-10
2020-12-16,0.00165882,0.0,0.03575572,0.07222364,-20.028245493131635,1284539.4114311745,0.5801238525010403,35.450178278973205,0.0,764.1254919117491,1543.471210834437,-428018.03290686035,0.0,858865.0055291932,True,1.3969838619232178e-09
2020-12-17,-43.97406076,0.0,1.01704361,0.65607576,30.58513360668735,940328.7402689542,-28410.584909719026,-1002136.6300302603,0.0,23177.678802097747,14951.485939843002,697012.788719104,0.0,644923.4787900187,True,-9.313225746154785e-10
2020-12-18,0.0,0.0,0.05417478,1.13297628,-9.672948830615042,161038.90378431883,2739.5599985662193,0.0,0.0,1248.6617493680565,26113.70353100304,-222949.5202081757,0.0,-31808.691144919023,True,5.238689482212067e-10
2020-12-19,0.44514239,0.0,0.03769023,0.46105167,-29.636100818182967,502393.94338688586,714.4727132487776,10619.661182038086,0.0,899.1672809976316,10999.205271852077,-707021.7452124135,0.0,-181395.29537739046,True,5.820766091346741e-10
2020-12-20,-25.87941521,0.0,0.59529818,1.12499315,22.36598354647549,-204388.2347948097,9437.019759310408,-608905.1306178013,0.0,14006.503358289734,26469.45826968251,526239.1758952831,-1176709.8732853276,-237141.2081300444,True,9.313225746154785e-10
2020-12-21,38.94992077,0.0,0.0192794,0.35539672,8.364935550105997,-324260.0201575556,3774.898952845565,893410.6271492977,0.0,442.21966321247976,8151.883244562589,191870.02612954623,0.0,773389.6349819079,True,-1.0477378964424133e-09
2020-12-22,0.0,0.0,-0.0,-0.14809541,15.039340855289538,481738.1012733408,1621.77858462019,0.0,0.0,-0.0,-3518.2861825037553,357287.94785151945,0.0,837129.541526977,True,2.3283064365386963e-10
2020-12-23,5.18729393,14.55567624,-0.14139872,-0.0014603,-2.7094257082185322,-264248.0866615971,-7651.775686270492,120901.66487383397,339253.0892847454,-3295.6182722094345,-34.03560769791577,-63149.318969782624,0.0,121775.91896102019,True,-1.6589183360338211e-09
2020-12-24,0.0,30.44904122,0.16532649,0.17542057,-31.140550769629044,243146.80001516084,5728.770695235259,0.0,721874.6957874545,3919.4997573837445,4158.806501941209,-738268.7504365285,0.0,240559.82232064568,True,-1.3969838619232178e-09
2020-12-25,0.0,0.0,-0.13840242,0.7752767,-30.047462545684652,613559.7914010095,-16184.089416126955,0.0,0.0,-3414.272041547151,19125.42830734418,-741245.7909996537,0.0,-128158.9327489715,True,2.561137080192566e-09
2020-12-26,0.0,0.0,-0.0,1.2264507,-77.39292821771471,1155426.1207577686,-84799.67513307722,0.0,0.0,-0.0,32474.045162272178,-2049215.2242096288,0.0,-946114.7334226631,True,2.0954757928848267e-09
2020-12-27,-130.38951827,0.03672544,0.1473652,1.61441266,120.69891227002353,-30213.961775623582,5867.067083258698,-3446306.6591716553,970.6848381088745,3894.9884686169016,42670.309505155485,3190175.641646364,0.0,-232941.92940577678,True,-9.313225746154785e-10
2020-12-28,0.1318384,0.0,0.09488856,-2.21592607,17.968411448709446,311170.40507248254,-2174.178252760275,3564.8245118368254,0.0,2565.724891844101,-59917.19840922103,485854.14849640836,0.0,741063.7263105903,True,-2.3283064365386963e-10
2020-12-29,0.75719397,1.57864699,0.03867659,-0.84910009,31.24147544811882,97728.74253946607,2761.812553927138,20619.30305218822,42988.45736877005,1053.2100912468075,-23122.017304694455,850742.974171149,0.0,992772.4824720528,True,0.0
2020-12-30,0.0,17.3176233,0.08073185,-0.19033739,-39.091394865543236,824316.256313308,73630.92752013037,0.0,499520.1539130933,2328.6790247763824,-5490.208483066869,-1127576.1830385618,0.0,266729.62524968013,True,6.984919309616089e-10
2020-12-31,-10.2895288,0.0,0.62607869,0.64345433,-12.102902537924024,94036.47326878473,1165.465290925142,-298629.6133531334,0.0,18170.47609831621,18674.76358862026,-351258.5634971844,0.0,-517840.99860367365,True,-2.2118911147117615e-09
2021-01-01,0.0,0.0,-0.0,0.19385507,-1.7017456560458868,185850.63970417957,-1989.6974945396823,0.0,0.0,-0.0,5695.59644021814,-49998.46793138625,0.0,139558.0707184747,True,2.939486876130104e-09
2021-01-02,-30.34604584,0.0,-0.14424053,0.04850145,14.309633006356648,1371977.031729797,-19178.749782579336,-971761.7473015465,0.0,-4618.968487806817,1553.1464641937876,458232.81381759816,0.0,836203.5264396518,True,-4.423782229423523e-09
2021-01-03,-19.46638192,0.0,0.38624029,0.8019284,2.512582516015641,613589.1459561333,8849.364118485226,-647799.0515196405,0.0,12853.240758808191,26686.441221670168,83613.3071584041,0.0,97792.44769386202,True,1.5425030142068863e-09
2021-01-04,33.19191576,0.0,0.02981763,-0.13350927,4.366244856105652,-694425.6379539801,-14112.01313786874,1055574.1747055629,0.0,948.2646439123715,-4245.881392168012,138855.959501451,0.0,482594.8663669098,True,4.0745362639427185e-10
2021-01-05,32.82052154,-4.97337469,0.35803032,0.55201274,-11.85282411827535,1113618.4311449383,30797.947558320055,1116330.1155694788,-169160.25955564447,12177.747633165047,18775.705471011373,-403152.1711698865,0.0,1719387.5166513845,True,1.3969838619232178e-09
2021-01-06,0.32146525,0.0,-0.0782597,1.50056295,-17.18715284204154,1400327.0216441522,5461.20714603485,11779.540433845796,0.0,-2867.691921570502,54985.54491677071,-629793.614848,0.0,839892.0073712356,True,2.7939677238464355e-09
2021-01-07,-19.60048448,5.65550746,0.09724477,0.7462649,-9.490812823300303,1374075.813133622,-38870.44025262893,-768645.7617197664,221784.4076221284,3813.5169763882022,29265.263983169938,-372188.4047993383,0.0,449234.39494356886,True,-6.05359673500061e-09
2021-01-08,0.0,0.0,0.00890212,1.68034023,-28.743136710787383,812733.0263191272,-38372.34038323815,0.0,0.0,362.98754447205187,68516.55268242878,-1172013.0278038492,0.0,-328772.8016410582,True,1.1641532182693481e-09
2021-01-09,0.0,0.0,-0.0,0.82100756,6.148307603931698,-211570.28373422928,21589.77679243932,0.0,0.0,-0.0,33144.63541130069,248211.37326536173,0.0,91375.50173487142,True,-1.0477378964424133e-09
2021-01-10,2.33759336,0.0,0.54110015,1.01019551,45.888299363372596,-1068796.3920686713,96343.94485749422,89598.4110665537,0.0,20740.011713531676,38720.12733753096,1758868.2359640738,0.0,935474.3388705179,True,4.889443516731262e-09
2021-01-11,56.2305701,13.75019,1.45465188,0.09201737,14.613200880356203,-1613948.9456951686,4002.4749694648503,1983224.8634965417,484962.5148261037,51304.86443615104,3245.407893482495,515400.48890935886,0.0,1428191.6688359305,True,-3.4924596548080444e-09
2021-01-12,20.86161173,6.8790267,0.35984584,1.1610721,-13.304407863729693,-932657.0429663478,-20716.68584329487,703296.4292517864,231908.97124599587,12131.29156215533,39142.60665006984,-448524.43161976547,0.0,-415418.8617193997,True,9.313225746154785e-10
2021-01-13,20.30223396,0.0,0.20970539,-0.13272134,0.8207356849511598,2251709.0804327466,2.5822280975620022,757203.2338088735,0.0,7821.28704496276,-4950.047765258193,30610.60748151082,0.0,3042396.7432309277,True,-5.587935447692871e-09
2021-01-14,0.0,0.0,0.14083914,1.46012195,-22.974778121023405,1134439.1625049505,1436.70284194397,0.0,0.0,5499.137223881235,57011.2183775835,-897062.1204853422,0.0,301324.10046302155,True,4.540197551250458e-09
2021-01-15,15.02577293,0.0,0.45118735,1.99822183,11.057294373903801,-1518425.5759083391,51732.45772672112,551600.8938147352,0.0,16563.230836598417,73355.35766465997,405916.786326544,0.0,-419256.8495390825,True,-2.2118911147117615e-09
2021-01-16,-6.89438785,0.0,0.14898047,-0.15799015,4.617600333618839,-355926.2723402974,5914.807721320321,-249420.06935356752,0.0,5389.705361546651,-5715.650907307243,167052.13291101216,0.0,-432705.3466072902,True,2.9103830456733704e-09
2021-01-17,-3.02081863,0.0,0.16078978,-0.12957394,8.54042908649808,-70918.68714137592,695.2753744242315,-108960.74512429077,0.0,5799.677631480571,-4673.724172275164,308052.76017050934,0.0,129994.55673847347,True,1.1932570487260818e-09
2021-01-18,4.7114232,0.0,0.02531703,-0.30571505,1.781783926689286,344930.1499408035,1081.2249594677376,172411.21705517263,0.0,926.4588998335614,-11187.427154194715,65203.12913725184,0.0,573364.7528383322,True,-2.3283064365386963e-09
2021-01-19,4.75141344,0.0,0.01214006,-0.18883146,-3.8228170440370377,-227912.30239131584,-1322.839684711234,172239.43180610368,0.0,440.07894974763695,-6845.168030150833,-138577.67670153079,0.0,-201978.4760518521,True,5.296897143125534e-09
2021-01-20,0.00964017,0.0,0.082913,0.33316973,4.1770949731673,-489891.0589236904,-15.40500381931731,342.37526495555335,0.0,2944.6949943060954,11832.682886704297,148351.5330313329,0.0,-326435.17775021866,True,-7.741618901491165e-09
2021-01-21,44.67595175,0.0,0.23089451,0.23227325,32.50082386567249,-2997626.615111472,-18859.92278779635,1385979.8632719447,0.0,7163.029076376479,7205.801659876897,1008271.4671561598,0.0,-607866.376734905,True,5.471520125865936e-09
2021-01-22,55.34573196,0.0,0.66830122,0.00873623,-103.63473569637097,1398759.3224395593,72057.70527144794,1825658.4317153373,0.0,22044.875259766042,288.1770896522168,-3418540.5512282634,0.0,-99732.03945250437,True,-3.259629011154175e-09
2021-01-23,-40.14214304,0.0,-0.49904077,-0.00298412,66.82570618970828,-730106.4103216917,63599.32935379244,-1286005.0254467027,0.0,-15987.41097313354,-95.60011065458089,2140847.1865429753,0.0,172252.06904458627,True,9.313225746154785e-10
2021-01-24,0.05131394,0.0,0.04245726,-0.0461633,-3.132976970201412,130868.1259505221,-19.805948690357592,1653.1352425950947,0.0,1367.8075160477445,-1487.2016871924106,-100932.31281166006,0.0,31449.748261623085,True,9.604264050722122e-10
2021-01-25,22.6361667,0.0,0.16216106,-0.09005438,3.2430654681535316,148183.80102457787,-660.3043830586389,733857.8681638503,0.0,5257.213881129009,-2919.536518770083,105139.2288419112,0.0,988858.2710096389,True,-8.149072527885437e-10
2021-01-26,-5.778e-05,0.0,0.15755178,0.02933874,-11.037265597595365,165814.92188035315,-0.011810513595775307,-1.885976129659815,0.0,5142.59079725536,957.6352252387608,-360263.4034922176,0.0,-188350.15337601304,True,4.94765117764473e-10
2021-01-27,53.69399217,0.0,-0.11264058,0.08917147,11.038151334835561,-1712892.536678815,25183.89966227623,1630092.4033360227,0.0,-3419.648015443206,2707.150836933309,335106.51584297774,0.0,276777.7849839516,True,-2.3283064365386963e-10
2021-01-28,-12.34177503,0.0,0.03358075,0.04691609,-20.00498000228174,2535683.255496911,2.6236397535765317,-413588.7724649587,0.0,1125.3341709107997,1572.218584829894,-670392.6381916679,0.0,1454402.021235779,True,0.0
2021-01-29,41.8959207,0.0,0.5612224,-0.50758126,20.00460626857989,518726.997792064,-13099.952801123756,1431422.286973939,0.0,19174.80837959011,-17342.097174971826,683480.3669795906,-3417024.9363880814,2622362.410149085,True,-3.259629011154175e-09
2021-01-30,0.0,0.0,0.02729986,0.05830818,-10.292866124362263,134895.44237155622,0.08426595566378532,0.0,0.0,937.7479277123656,2002.8811489758411,-353559.09804451454,0.0,-215722.94233031198,True,2.473825588822365e-09
2021-01-31,13.17940944,0.0,-0.01162817,0.14890031,15.613460748087846,-875156.7848184293,12269.41975522759,437000.6516425394,0.0,-385.56491400803066,4937.2115492737985,517708.51739390224,0.0,96373.4506085068,True,9.89530235528946e-10
2021-02-01,0.0,15.98584086,0.01628289,0.19281302,6.562014080163408,308280.4396164342,2194.611297544285,0.0,536649.0233710533,546.6210437527332,6472.785497016599,220288.59653409518,0.0,1074432.0773598999,True,3.4924596548080444e-09
2021-02-02,0.0,0.0,0.142336,0.72895346,-58.35343007428173,1547064.0505512808,24073.63337441508,0.0,0.0,5066.613451169738,25947.935910189426,-2077157.3862989587,0.0,-475005.1530119106,True,-7.2177499532699585e-09
2021-02-03,-17.36750132,0.0,-0.04324231,1.35095407,-54.011506219409625,1515455.6423321113,-92114.68230326315,-652642.4462742292,0.0,-1624.9756635083168,50766.65622783591,-2029664.5381795915,0.0,-1209824.3438606448,True,0.0
2021-02-04,-59.2455758,0.0,0.31126134,1.17434191,84.35079865907824,-336187.32558326895,45133.46816800005,-2199741.007038922,0.0,11556.885459519566,43602.37909463295,3131877.9213697524,0.0,696242.3214697167,True,3.259629011154175e-09
2021-02-05,0.0,0.0,0.0294941,1.45613267,-17.031666077604655,632829.4807583439,-14779.458816472426,0.0,0.0,1122.1152335079853,55399.16969887727,-647976.780362899,0.0,26594.526511356235,True,-1.5133991837501526e-09
2021-02-06,-9.02793156,0.0,-0.06092121,2.52091064,-25.363575045375114,897293.4735467709,-42989.30207160878,-355174.41954162426,0.0,-2396.7456172788484,99176.97839507154,-997846.8472396717,0.0,-401936.86252834275,True,-1.5133991837501526e-09
2021-02-07,-11.57169615,0.0,0.50646556,1.35966552,65.25933048236652,-232229.9493567991,19823.733718862004,-451331.0059021343,0.0,19753.682406324482,53031.05083968599,2545310.4617775762,0.0,1954357.9734835178,True,2.561137080192566e-09
2021-02-08,-65.15620074,0.0,0.57745191,0.38399152,-55.246678216703685,4811787.110824254,47931.836170278024,-3005129.9949430446,0.0,26633.198923043146,17710.43156982839,-2548083.6504338933,0.0,-649151.0678895377,True,-3.259629011154175e-09
2021-02-09,-21.84460415,-1.33974156,0.05925778,2.8244662,34.7142214857181,260732.30703960522,-20677.876010155465,-1016826.172608565,-62362.50716126748,2758.340742680859,131473.71021636287,1615883.2051167542,0.0,910981.007335417,True,1.7462298274040222e-09
2021-02-10,3.06337706,0.0,0.13365686,0.46954494,14.762035871829084,-869406.9495879691,20285.637728061345,138091.30429593133,0.0,6025.001089973132,21166.20707153654,665444.9477414981,0.0,-18393.8516609706,True,-1.979060471057892e-09
2021-02-11,3.14402347,0.0,0.02827482,2.26e-06,-0.9628214762167318,1674997.0093394613,2709.437013962696,150576.21589172326,0.0,1354.1614562500754,0.10823782047507889,-46112.255793051794,0.0,1783524.6761461683,True,2.0954757928848267e-09
2021-02-12,-8.89332041,0.0,0.24185315,0.21494661,-1.10651375568807,-219938.88712055143,0.08211444255116196,-422656.91246266,0.0,11494.121535689568,10215.382594869932,-52587.29765889339,0.0,-673473.5109970979,True,4.773028194904327e-09
2021-02-13,0.0,0.0,0.02666228,1.17705007,2.7911541935553714,-186728.31553189358,350.3753917395985,0.0,0.0,1258.6895788864867,55566.91539270496,131766.55171626215,0.0,2214.216547694057,True,-5.573383532464504e-09
2021-02-14,-22.40219057,0.0,0.24261053,0.02505805,-1.816260681657468,958172.5517834688,2730.781147421236,-1093895.1013712622,0.0,11846.63033192319,1223.5802592280222,-88687.6957978817,0.0,-208609.25364710018,True,2.5029294192790985e-09
2021-02-15,-1.23329759,0.0,0.23706964,1.51691293,-29.268395830657937,-409366.0973795332,94.87278237398276,-59334.24518422966,0.0,11405.477688071262,72979.04775095537,-1408109.5985644008,0.0,-1792330.542906765,True,-1.862645149230957e-09
2021-02-16,-27.88473123,0.0,-0.09884502,0.05897472,29.768837526775314,586574.6024395152,-30286.389826618222,-1370266.362952173,0.0,-4857.282106618132,2898.0403079367525,1462852.067343687,0.0,646914.6752057299,True,4.656612873077393e-10
2021-02-17,5.0048,0.0,0.06043706,-0.24641158,0.19145424056750926,1670248.4462254893,1136.961623662351,261375.37527758908,0.0,3156.321778727255,-12868.829762476753,9998.68605674923,0.0,1933046.9611997455,True,5.122274160385132e-09
2021-02-18,0.0,-0.57673537,0.04144791,2.34438427,-9.783679667217939,-314054.60214707226,-321.95681686440815,0.0,-29788.422202313304,2140.7874507219553,121087.61153182277,-505327.73916619003,0.0,-726264.3213498965,True,-1.1641532182693481e-09
2021-02-19,10.06934051,-0.40783188,0.36901672,1.81936371,-3.7509617093932093,2285879.0128720915,-38466.533240183904,562075.6662823947,-22765.38125357344,20598.699443857015,101557.79998627333,-209380.57461788412,0.0,2699498.6894729696,True,-5.587935447692871e-09
2021-02-20,0.0,0.0,0.08083695,2.13785577,7.918525894479103,23135.61395408351,-536.0602388984444,0.0,0.0,4515.699196091255,119424.51542206935,442343.27267328947,0.0,588883.0410066433,True,8.149072527885437e-09
2021-02-21,0.0,-2.02694383,0.01669056,1.11654627,-9.984917979090937,921360.6898518504,-8286.359362310794,0.0,-116550.72174032661,959.7191522817018,64202.21009526918,-574139.9341002025,0.0,287545.60389655456,True,-6.752088665962219e-09
2021-02-22,23.35819351,7.64285403,0.13685296,1.88981883,28.829424361050656,-1991773.486629306,53373.86568315617,1260224.837964968,412348.4325713446,7383.511882765726,101959.79529839488,1555409.5237919095,0.0,1398926.4805632345,True,1.862645149230957e-09
2021-02-23,51.71565343,0.0,-0.06048893,0.06720142,-13.788294747458849,-3204362.6784324683,-74342.65717653505,2511337.4213288506,0.0,-2937.3720220079476,3263.3338190509453,-669566.3358962501,0.0,-1436608.28837936,True,0.0
2021-02-24,8.03061776,0.0,0.0058587,0.19936479,17.702568695036234,650469.9539473492,0.14950280242361855,398056.40660671063,0.0,290.4002081885585,9881.983464158986,877469.3420913822,0.0,1936168.235820584,True,-8.149072527885437e-09
2021-02-25,10.70126858,6.84801125,0.67759175,0.15904567,-17.574419199277827,-1308038.319595105,-35391.52921137417,509039.34749965294,325747.0973941561,32231.773243761345,7565.505292592621,-835982.2777091496,0.0,-1304828.403085459,True,6.752088665962219e-09
2021-02-26,29.27707117,12.61123815,0.44505856,0.18314337,0.5621424739130134,-898921.0567298237,-171.4527499506741,1353530.7497104118,583039.8310278127,20575.84390473838,8467.041715381783,25988.840199944996,0.0,1092509.7970785163,True,9.313225746154785e-10
2021-02-27,-9.03131513,0.0,0.15358975,-1.5524743,-1.7570451251608574,-284107.69472451933,-274.280382291153,-413945.93399512314,0.0,7039.711448517185,-71156.90404625767,-80533.30826540312,0.0,-842978.4099650756,True,1.862645149230957e-09
2021-02-28,0.0,0.0,-0.0,-1.14829868,-8.226141108008278,-334790.1374182368,506.6896923359976,0.0,0.0,-0.0,-52086.21282529422,-373133.35279861226,0.0,-759503.013349805,True,2.3283064365386963e-09
2021-03-01,6.44892386,5.16930713,-0.04243533,-0.6458043,28.986862504048077,3007878.216758585,-39726.32971717611,320088.77024102636,256575.70133567517,-2106.254142450386,-32054.13937130386,1438746.893821517,0.0,4949402.858925868,True,-5.587935447692871e-09
2021-03-02,0.0,0.0,-0.0,-0.75069969,-11.487456429250642,-950140.3366215491,-26188.08670609031,0.0,0.0,-0.0,-36262.327435309184,-554898.1996200563,0.0,-1567488.9503830075,True,-2.561137080192566e-09
2021-03-03,2.63318091,28.81894737,0.11269798,-0.09647507,-0.12604217049954514,1702907.4140771762,19579.13578311996,133477.17050662212,1460845.9059225288,5712.713256838813,-4890.36636986264,-6389.136507446624,0.0,3311242.836668983,True,6.05359673500061e-09
2021-03-04,0.0,0.0,-0.0,0.34942619,31.590081214364545,-1652714.725660307,-17920.158202951377,0.0,0.0,-0.0,16937.664241534647,1531259.5457476089,0.0,-122437.67387411743,True,-2.561137080192566e-09
2021-03-05,0.0,0.0,-0.0,0.21857993,-4.8535052446563896,244572.17212295145,13012.857548094398,0.0,0.0,-0.0,10666.87924236894,-236855.0229975553,0.0,31396.885915867984,True,8.527422323822975e-09
2021-03-06,5.89095735,0.0,-0.03857424,0.1962899,-7.1042205176777316,126570.23996554958,5908.725994404463,288483.2711591628,0.0,-1889.000764481621,9612.419354471298,-347897.4048209181,0.0,80788.25088817626,True,-1.2165401130914688e-08
2021-03-07,0.0,0.0,-0.0,0.23758525,-25.37442226877704,1590902.67700359,58639.091643927815,0.0,0.0,-0.0,12137.391314026256,-1296289.615805227,0.0,365389.5441563204,True,3.4924596548080444e-09
2021-03-08,0.61446965,0.0,-0.02052587,0.68527114,-24.36024936450019,753611.3904948888,2343.2446691489286,32006.787083087736,0.0,-1069.161269047443,35694.728734226024,-1268888.2432199556,-2605048.8182766777,-446301.2535076472,True,4.423782229423523e-09
2021-03-09,0.0,0.0,-0.0,1.31448277,-46.482698701481354,1864392.617981796,-58372.03687130037,0.0,0.0,-0.0,71953.6501363945,-2544422.731202348,0.0,-666448.4999554679,True,-9.778887033462524e-09
2021-03-10,-10.57063799,0.0,-0.08532495,0.42460614,-19.757034936394234,970282.9125624968,-94324.09149939934,-593182.3539162909,0.0,-4788.098385042682,23827.21552386737,-1108686.5807970716,0.0,-806870.996511437,True,3.259629011154175e-09
2021-03-11,-9.66221033,0.0,0.04581156,1.54091421,-11.955953436554864,1202245.5582497204,-152799.42827143727,-558932.3442019616,0.0,2650.0729903225797,89137.65713992833,-691619.0864438686,0.0,-109317.57053729147,True,4.773028194904327e-09
2021-03-12,-13.14593165,0.0,-0.0149263,1.78159947,33.54962743161718,-351845.95307056635,51372.77462440582,-753717.2787934032,0.0,-855.794059940512,102147.36697099512,1923555.8624170253,0.0,970656.978088513,True,-3.14321368932724e-09
2021-03-13,-62.2218709,0.0,0.19563942,0.1927821,54.366468694719515,2669043.3352891146,-263614.48696459236,-3813503.4358269866,0.0,11990.504135631816,11815.382438395014,3332055.307277705,0.0,1947786.606349267,True,-4.656612873077393e-10
2021-03-14,0.0,0.0,0.04088677,0.60846503,5.264164074123187,-848113.6657888386,17014.843501805106,0.0,0.0,2449.347244110476,36450.47393981227,315353.00459045806,0.0,-476845.99651265144,True,1.3387762010097504e-09
2021-03-15,0.04315623,0.0,0.03462764,0.27045874,21.02147378539712,-2322974.912655396,26631.97499357292,2421.9760456110926,0.0,1943.3420063811066,15178.447922957093,1179748.693332883,0.0,-1097050.4783539847,True,5.587935447692871e-09
2021-03-16,24.52541277,0.0,-0.01873034,0.09135622,-10.517204241310651,232966.3354475807,5304.600567466752,1385696.7604697885,0.0,-1058.2725642133078,5161.667177223428,-594226.7305776027,0.0,1033844.3605202362,True,-6.984919309616089e-09
2021-03-17,0.0,0.0,-0.06754872,0.1426553,-21.2216052617365,1394169.754870495,7567.459028249843,0.0,0.0,-3963.9659927911484,8371.45038264854,-1245348.8618283393,0.0,160795.83646026254,True,-4.656612873077393e-10
2021-03-18,0.0,0.0,-0.10383976,1.27221549,13.743849190473725,-607906.3861028128,16894.898699704332,0.0,0.0,-5994.823011143323,73446.88291445374,793452.7524787751,0.0,269893.32497897744,True,4.656612873077393e-10
2021-03-19,0.0,0.0,-0.0,0.54023159,-6.502608040538348,279452.33870721026,-1751.201733347257,0.0,0.0,-0.0,31424.256993380535,-378244.4973147529,0.0,-69119.10334750265,True,6.693881005048752e-09
2021-03-20,-29.94444195,0.0,0.37499969,0.16256545,13.79736544482114,51091.52932697879,-838.5636594574432,-1744200.4023072054,0.0,21842.938708132355,9469.093588877246,803667.3516848279,0.0,-858968.0526578575,True,-1.1059455573558807e-08
2021-03-21,13.96191134,0.0,-0.09405842,0.67438085,5.946983484354291,-488879.7352193437,-2627.1580900864783,802082.947489703,0.0,-5403.461812114932,38741.78590068394,341641.90887946676,0.0,685556.2871483117,True,3.14321368932724e-09
2021-03-22,0.0,0.0,-0.0,0.18771405,38.29654734319615,-1873780.1912864668,-27645.346442367507,0.0,0.0,-0.0,10221.618947333855,2085367.152542294,0.0,194163.2337607965,True,2.7939677238464355e-09
2021-03-23,11.46888415,0.0,0.04580759,0.1456348,-12.996676581558177,69142.35078510258,5250.600841747126,625783.7442121783,0.0,2499.4275649332753,7946.360713007268,-709145.6175814811,0.0,1476.8665354847908,True,-2.6775524020195007e-09
2021-03-24,39.03457044,0.0,0.04165431,0.19913489,-19.105529388732748,-1254780.7444849482,-67963.93606005155,2053039.2881391493,0.0,2190.8255678585465,10473.58144846714,-1004863.1767591055,0.0,-261904.16214862466,True,5.820766091346741e-09
2021-03-25,20.63713266,0.0,-0.01335613,0.10590786,-15.420185940668489,-709482.5720127636,-16170.311696257142,1063784.8547076036,0.0,-688.4701012289692,5459.245686822717,-794866.2505936646,0.0,-451963.5040094927,True,-4.773028194904327e-09
2021-03-26,0.0,0.0,-0.0,1.552e-05,-0.0031715316526970128,2281440.040982922,17.28537486318996,0.0,0.0,-0.0,0.8507731423815783,-173.85656896441225,0.0,2281284.320561968,True,4.6566128730773926e-09
2021-03-27,0.0,0.0,-0.25718481,0.23571119,-13.28443644361505,838419.5405695378,2.540183592826054,0.0,0.0,-14407.451213659378,13204.502514898124,-744191.9682672649,0.0,93027.16378710419,True,-2.3283064365386963e-10
2021-03-28,0.0,0.0,-0.0,0.43180987,7.881006877112327,-213995.6202005269,4075.0056513326085,0.0,0.0,-0.0,24057.439756402164,439074.83672367415,0.0,253211.66193088144,True,-5.820766091346741e-10
2021-03-29,0.64078705,0.0,-0.03013887,0.83181493,-39.86974375773241,1296912.938305758,-10036.699943600719,36890.90078176622,0.0,-1735.1319176074962,47888.61143717216,-2295350.3213914037,0.0,-925429.7027279213,True,-5.820766091346741e-09
2021-03-30,-5.62543701,0.0,-0.04792507,2.08294625,-13.30534067489134,778635.5192566025,-50400.95216576922,-330126.23044043954,0.0,-2812.461089613053,122236.76000641048,-780817.9087099461,0.0,-263285.2731427476,True,7.275957614183426e-09
2021-03-31,0.0,0.0,-0.0,2.23393511,-1.872089533581402,74899.77552998792,-6305.540731392467,0.0,0.0,-0.0,131337.94821930522,-110064.25259300278,0.0,89867.93042489141,True,-6.490154191851616e-09
2021-04-01,0.0,0.0,-0.0,2.80799663,-0.4647085485327125,18694.78120461841,-1618.9478467585309,0.0,0.0,-0.0,165163.4894729084,-27333.681473668006,0.0,154905.6413571015,True,1.2223608791828156e-09
2021-04-02,0.0,0.0,-0.0,2.84102688,-3.6731961069533554,148967.59000370977,-12947.521951866385,0.0,0.0,-0.0,167710.1749162626,-216834.40094691468,0.0,86895.84202118963,True,-1.6298145055770874e-09
2021-04-03,-10.51634043,0.0,-0.09256196,1.40707885,42.22016890673308,-1230833.1218681564,112970.93051973438,-602401.1099380949,0.0,-5302.170257153375,80600.8389184885,2418472.1653395398,0.0,773507.5327143595,True,1.6298145055770874e-09
2021-04-04,-4.42740002,0.0,-0.1411195,0.450197,-5.556501828353589,638785.2827290747,-20572.67308369305,-257684.41875215384,0.0,-8213.465277098358,26202.455559677073,-323400.6273358093,0.0,55116.55383999646,True,-8.149072527885437e-10
2021-04-05,0.0,0.0,-0.0,0.61966892,-9.714437067765857,382218.3780408739,-15459.50584217863,0.0,0.0,-0.0,36409.17568064376,-570780.0317609039,-5876290.323181844,-167611.98388156015,True,4.71482053399086e-09
2021-04-06,0.0,0.0,-0.0,3.41203967,11.811179629675735,-397001.92550167156,25284.124426220777,0.0,0.0,-0.0,198185.13883068372,686041.3421457754,0.0,512508.67990100384,True,-4.540197551250458e-09
2021-04-07,0.0,0.0,-0.0,0.52850811,33.36347048983566,-1080120.4180762211,46931.80022954577,0.0,0.0,-0.0,29737.478450407634,1877256.8782762843,0.0,873805.7388800196,True,3.026798367500305e-09
2021-04-08,-0.81069417,0.0,-0.1935199,0.24365889,-23.03302225087907,1009262.7842258646,12787.418563765126,-46990.54554044713,0.0,-11217.060650544427,14123.284205781074,-1335071.0058937084,0.0,-357105.12508928776,True,1.5133991837501526e-09
2021-04-09,-8.96637547,0.0,-0.05047946,0.35686046,7.38470136457488,52533.06654389395,-1370.0837218480135,-520513.89977596764,0.0,-2930.4216258952815,20716.378689687608,428694.93016622256,0.0,-22870.029723908752,True,-1.862645149230957e-09
2021-04-10,-21.74979773,0.0,-0.05629593,0.13163041,7.448571772153173,936656.4513694051,-12975.685867237074,-1297409.342262215,0.0,-3358.139989163922,7851.959166693625,444318.91844090953,0.0,75084.16085838899,True,-3.3760443329811096e-09
2021-04-11,0.0,0.0,-0.0,0.03417129,-0.05904086761381677,158640.24252747587,-186.3422755023985,0.0,0.0,-0.0,2047.9855536881862,-3538.4922240370042,0.0,156963.3935816288,True,4.132743924856186e-09
2021-04-12,0.0,0.0,-0.0,0.04096956,0.005640218710027511,-15220.57160178005,19.47109585225053,0.0,0.0,-0.0,2454.319854649597,337.8825831809436,0.0,-12408.898068100214,True,-2.954038791358471e-09
2021-04-13,0.0,0.0,-0.0,0.03816251,-0.6986421026125527,1995986.4254664262,-2533.2389793842667,0.0,0.0,-0.0,2421.2448066310467,-44325.7941535931,0.0,1951548.6371400803,True,4.656612873077393e-10
2021-04-14,0.0,0.0,-0.0,0.03281597,0.10835476865349847,-324900.4886449993,814.8424564767092,0.0,0.0,-0.0,2063.123481110457,6812.209649732247,0.0,-315210.31305767596,True,3.958120942115784e-09
2021-04-15,0.0,0.0,-0.0,0.01573307,-0.06824925427940798,203964.65549656213,-472.3201999578653,0.0,0.0,-0.0,994.8203134581141,-4315.479721092144,0.0,200171.6758889705,True,2.6193447411060333e-10
2021-04-16,0.0,0.0,0.04161642,0.09243631,-8.235459298213414,-936223.6223144636,2281.246478385235,0.0,0.0,2562.369177396244,5691.406219377933,-507066.3710968736,0.0,-1432754.9715361744,True,3.259629011154175e-09
2021-04-17,0.0,0.0,-0.0,0.24440083,17.381345586484827,-727828.9707284669,12398.709725734265,0.0,0.0,-0.0,14732.696170493626,1047762.7410677422,0.0,347065.176235497,True,-6.28642737865448e-09
2021-04-18,90.73908595,0.0,0.04082449,0.0064395,-8.094446145673714,-2196067.821250008,-30242.100064437574,5116736.948347462,0.0,2302.0749459118997,363.12055862056525,-456442.24025795795,0.0,2436649.9822795987,True,7.450580596923828e-09
2021-04-19,9.6345622,0.0,0.11273606,0.2902059,9.805021296333166,-387461.69690957235,190.88756367221973,537590.6223139076,0.0,6290.46212941757,16192.948588797077,547101.9223371524,0.0,719905.1460233629,True,-1.1641532182693481e-08
2021-04-20,24.28067221,0.0,-0.05837323,0.0724122,-9.482285856238605,449815.3764569616,6412.25227998595,1371235.7574980948,0.0,-3296.5916085179306,4089.4336474839934,-535506.1555313016,0.0,1292750.0727427155,True,8.614733815193176e-09
2021-04-21,-4.66456016,0.0,-0.15694002,0.0939123,12.035799095393713,-1688216.438726858,0.06242480247900796,-252006.59230744065,0.0,-8478.810065740816,5073.687097381988,650243.6696469034,0.0,-1293384.4219309613,True,-9.778887033462524e-09
2021-04-22,23.83657031,0.0,0.19051676,0.2238119,-17.225081352976872,-1467907.7823762908,-25801.56645762712,1236690.3665038766,0.0,9884.401937248795,11611.82238213233,-893672.700998236,0.0,-1129195.4590088874,True,8.614733815193176e-09
2021-04-23,26.94839824,-36.1036171,0.21510035,-1.12982948,-1.4517804449981213,-657342.2122180142,4811.265384117941,1373153.2086013684,-1839656.5621994545,10960.418988292988,-57570.35953742145,-73975.34200288309,0.0,-1239619.5829840004,True,-6.51925802230835e-09
2021-04-24,22.43917416,0.0,-0.1447413,-0.8269093,11.354937043987661,-471745.8890753636,4482.479610623448,1128240.5199447167,0.0,-7277.5851020657265,-41576.95697385334,570925.6491838808,0.0,1183048.2175879404,True,2.0954757928848267e-09
2021-04-25,0.0,0.0,-0.00163883,-1.22052747,-0.3317070507155222,-960285.5105224495,-6283.596826570687,0.0,0.0,-80.21571489758914,-59741.085749098915,-16236.045355355021,0.0,-1042626.4541683719,True,-1.1641532182693481e-10
2021-04-26,-32.53892613,28.593146,-0.20719677,0.44963112,-18.429336783077133,3593257.1471032347,21894.97374267025,-1755258.6801510877,1542410.081660779,-11176.88787849891,24254.608867328814,-994140.1639588731,0.0,2421241.0793855563,True,3.259629011154175e-09
2021-04-27,0.0,0.0,-0.12606294,0.1255323,-6.885357083410099,775335.3502729126,-15222.678400728711,0.0,0.0,-6936.869305415514,6907.669761693737,-378880.7575702486,0.0,381202.71475821733,True,3.899913281202316e-09
2021-04-28,0.0,0.0,-0.0,0.14617374,2.1328348093996965,-171462.58326535526,5016.5337799131,0.0,0.0,-0.0,8008.476050426151,116852.42842245601,0.0,-41585.14501256496,True,-4.9622030928730965e-09
2021-04-29,0.0,0.0,-0.0,0.14237076,11.156282003257274,-873257.3466970045,22941.248225609073,0.0,0.0,-0.0,7626.386060543698,597609.4638894657,0.0,-245080.24852138758,True,-1.5133991837501526e-09
2021-04-30,-2.81311455,0.0,-0.04538663,0.09184522,-22.935224606801967,2987811.2048279447,-31906.475034213174,-162433.29742618493,0.0,-2620.689573399067,5303.275665554888,-1324312.9968145161,0.0,1471841.0216451883,True,2.561137080192566e-09
2021-05-01,0.0,0.0,-0.10047589,2.93038158,-45.345811245706386,87088.36049761256,-3735.060260402789,0.0,0.0,-5813.8957433072865,169562.39943958778,-2623871.447948638,0.0,-2376769.6440151483,True,-4.656612873077393e-10
2021-05-02,-1.82883006,0.0,-0.04397263,2.23015357,49.798282449110616,-924113.6075065106,98018.0026210747,-103461.66567513415,0.0,-2487.6458690297195,126165.57880919066,2817218.156369205,0.0,2011338.8187487945,True,-1.3969838619232178e-09
2021-05-03,0.0,-2.164e-05,0.0239575,4.93930428,-89.66232174354911,480154.5526926911,-17516.166403123094,0.0,-1.2387394203428879,1371.40016926362,282740.8004022341,-5132544.014011162,0.0,-4385794.6658895165,True,9.313225746154785e-10
2021-05-04,24.03538667,-3.40409557,0.23040294,3.02494954,53.95356248248163,-2537630.482780421,407451.97326587205,1291279.7315181398,-182882.00119443674,12378.192645244015,162512.71858016338,2898607.0677108876,0.0,2051717.199745454,True,5.122274160385132e-09
2021-05-05,-2.63733777,-61.76456408,-0.09639689,2.66863244,-120.99400615812846,2695431.377309029,-223713.69298196014,-151230.2900856506,-3541705.218452984,-5527.592940078567,153024.78985586198,-6938041.40601936,0.0,-8011762.033315156,True,-1.30385160446167e-08
2021-05-06,-8.22998029,-47.52150084,-0.07141848,2.53253485,67.30925821807551,-556578.9901976185,148945.75448499585,-465219.00086271117,-2686264.65207261,-4037.0976281807743,143157.49139746674,3804814.1980450987,0.0,384817.7031664476,True,6.984919309616089e-09
2021-05-07,0.0,0.0,-0.0,2.22584528,9.826480432005042,512561.83840883157,-94000.16430328936,0.0,0.0,-0.0,127632.34657058198,563460.8871227157,0.0,1109654.9077988416,True,1.862645149230957e-09
2021-05-08,0.0,-16.720526,-0.03219395,1.28485052,22.810373912604746,881856.081219493,-147448.10655921037,0.0,-982098.9201681355,-1890.9479002602518,75467.14189909262,1339792.9938448425,0.0,1165678.24233583,True,7.916241884231567e-09
2021-05-09,0.0,0.0,-0.0,1.23418818,-35.64171499689951,-276079.2925400511,37106.670086343416,0.0,0.0,-0.0,71938.88594383837,-2077499.4539363899,0.0,-2244533.1904462688,True,-9.778887033462524e-09
2021-05-10,-49.72832933,-30.33877209,-0.18996787,0.55699718,54.4093141420675,-1473987.6658616678,282740.0795341461,-2779959.201161845,-1696026.1838651171,-10619.760109516175,31137.77310487821,3041639.9568625093,0.0,-2605075.0014966093,True,2.7939677238464355e-09
2021-05-11,0.0,-16.7947589,0.03104205,0.90436934,-14.654582698519107,381674.47175212606,-45468.921163630046,0.0,-950786.6148076969,1757.355721027425,51198.249908456324,-829626.7400030628,0.0,-1391252.198592782,True,-2.3283064365386963e-09
2021-05-12,-24.01436352,-9.09780652,-0.10144252,0.94941249,56.85778910286774,-2945841.8752502194,444241.92933549196,-1224068.6643913926,-463736.62439785135,-5170.764149775689,48393.79055884328,2898175.415285576,0.0,-1248006.7930093259,True,2.3283064365386963e-09
2021-05-13,-22.34713201,41.16664613,0.65969444,1.50456411,23.667087573517847,-785947.6734494863,35141.22186914909,-1103246.9448010914,2032340.2819792165,32568.200478995917,74278.24549799459,1168411.3221392047,0.0,1453544.6537139826,True,-6.984919309616089e-10
2021-05-14,0.0,0.0,-0.0,2.26198394,-63.31627416027902,321342.10620417993,1103.5438532604337,0.0,0.0,-0.0,113093.30657013378,-3165648.8261747235,0.0,-2730109.8695471473,True,1.862645149230957e-09
2021-05-15,0.0,-6.8858306,0.0385897,1.25997816,61.28656323444818,-1513994.8337882077,181570.67472682914,0.0,-323964.30558700307,1815.5667906368146,59279.40627223531,2883407.979868392,0.0,1288114.4882828817,True,-9.313225746154785e-10
2021-05-16,19.58040117,7.7402812,0.09589772,1.01768932,1.5117601207025473,-520656.6780190466,281.65204325026326,901139.0854700446,356227.1202357076,4413.453174384701,46836.610504310294,69574.98576215218,0.0,857816.2291707993,True,-3.958120942115784e-09
2021-05-17,56.1412224,33.34248472,0.31371252,0.05993157,-1.2355251787087127,-1356553.7839142412,-3129.998911338712,2441716.2475391203,1450144.5318395644,13644.108987916181,2606.567544377661,-53735.949702027494,0.0,2494691.7233833745,True,3.259629011154175e-09
2021-05-18,16.50989563,0.0,-0.0772621,0.32836172,8.737862596268656,-439834.126624335,-1.1070099627804892,706455.2870922923,0.0,-3306.0305322386466,14050.53541048454,373891.4749892926,0.0,651256.0333255343,True,1.280568540096283e-09
2021-05-19,-167.86298916,-150.45913825,1.70688622,-2.0061902,-7.017522172325755,-3308588.4555176133,-44984.41761805973,-6318785.927009415,-5663661.121022205,64251.498677067255,-75518.05473082165,-264157.2187345202,0.0,-15611443.695955569,True,-3.725290298461914e-09
2021-05-20,59.08841376,-12.6308484,1.40267535,2.90160612,7.208506104270668,1023338.8497698157,5435.886021413797,2410771.9552565147,-515331.063336648,57228.31568713982,118383.79496374332,294102.7394313846,0.0,3393930.477793364,True,-4.656612873077393e-10
2021-05-21,19.44101579,103.35105095,0.40850546,0.23849419,24.95384983604174,-1359122.8482504645,-32373.41476611147,722706.757925058,3842006.18769324,15185.917226770816,8865.861984820844,927642.6760596992,0.0,4124911.1378730126,True,-4.656612873077393e-10
2021-05-22,0.0,2.24755642,0.11655891,-3.80134605,-23.841405551384867,233776.0558690097,15894.728993404915,0.0,84605.709838567,4387.67598036967,-143095.6651590009,-897472.0377538146,0.0,-701903.5322314613,True,3.026798367500305e-09
2021-05-23,-4.59946191,18.40067504,0.3651478,-3.09929843,6.529689153921879,-1425783.2543159022,-28815.118677933566,-159942.64156765415,639868.8868641158,12697.725263827106,-107775.64584738202,227064.76373318332,0.0,-842685.2845477425,True,3.259629011154175e-09
2021-05-24,0.0,112.36073759,0.49436532,-1.67360444,-41.92813225535366,1958919.6791006897,63907.12029435131,0.0,4340541.261974313,19097.534565669408,-64652.024219979256,-1619700.9026049299,0.0,4698112.669110108,True,-5.587935447692871e-09
2021-05-25,23.00128144,-5.2613993,0.45747472,-0.37827672,102.65640641670495,-223297.5160617333,9144.18557086646,880253.7751347328,-201352.54674385831,17507.45280688609,-14476.563477307911,3928637.1729239603,0.0,4396415.960153542,True,-3.725290298461914e-09
2021-05-26,0.0,70.79968869,0.06359458,-3.86979047,-34.86152506926487,589274.0696263817,71510.05632966888,0.0,2774983.8082277896,2492.580589778393,-151675.891436525,-1366392.556059376,0.0,1920192.067277722,True,4.889443516731262e-09
2021-05-27,19.2227712,0.0,-0.06433331,-0.57703514,-15.67877284084227,-481527.77342409827,-29028.563178462588,740285.3936302072,0.0,-2477.530904435056,-22222.117784628354,-603802.9794643512,0.0,-398773.57112577185,True,-3.6088749766349792e-09
2021-05-28,7.94437953,30.06583031,0.34266493,-0.22016368,-2.2950600796882554,-2105662.0958507387,-77983.91192414958,282793.8374252891,1070244.8815083825,12197.746864916971,-7837.10442001924,-81696.60633731475,0.0,-907943.2527336329,True,3.4924596548080444e-10
2021-05-29,16.48403445,0.0,0.24671272,-0.98335019,-22.389500930582926,-695964.2747617548,-22383.44993538233,571696.2887508774,0.0,8556.445743877608,-34104.37268077113,-776508.6046030784,0.0,-948707.9674862325,True,-8.149072527885437e-10
2021-05-30,3.45461385,14.77802721,0.12248484,-1.41807935,36.76727561693485,753426.2157749606,2014.4191316532476,123164.4760164497,526868.7201831505,4366.850187484392,-50557.60431589122,1310833.1155194577,0.0,2670116.1924972646,True,-4.656612873077393e-10
2021-05-31,25.72804,26.44176084,0.53219681,-0.78442929,-33.71797000749871,1317658.0373178897,64511.10167963731,959989.7106695086,986620.758455908,19857.84621180375,-29269.390406256673,-1258117.7684682491,0.0,2061250.2954602428,True,1.3969838619232178e-09
2021-06-01,29.20799689,6.2803761,0.32292158,-0.47991636,23.439214315754498,-550796.1826742493,-3339.6136168356934,1070805.418067348,230247.2429282938,11838.75014699334,-17594.395139199147,859313.8988297003,0.0,1600475.1185420528,True,1.3969838619232178e-09
2021-06-02,-9.16842757,0.0,0.18662674,-3.12253222,-4.213993002295183,861327.9252402612,27938.28727214301,-345094.62311478955,0.0,7024.528907680711,-117530.41308311137,-158612.40281744587,0.0,275053.30240473524,True,-3.0850060284137726e-09
2021-06-03,0.0,72.258649,0.0613354,-2.04142936,-44.797203727169745,1320767.8364987902,37029.67384655709,0.0,2829659.5634952453,2401.9034896543144,-79942.68079554016,-1754265.236047116,0.0,2355651.0604875907,True,0.0
2021-06-04,89.4884521,18.75976969,0.59720406,0.22769558,79.95695290731373,-2136517.0387800415,46532.14028030941,3300725.496130552,691942.3530549607,22027.497637705594,8398.408829581642,2949162.1193666877,0.0,4882270.976519771,True,1.4901161193847656e-08
2021-06-05,-5.66871131,-10.92792957,0.35220693,-1.53320512,115.0619559288325,-1545421.3867485868,-87766.08819332205,-200726.6142765761,-386953.25686623825,12471.494969047388,-54290.12978420867,4074294.064841901,0.0,1811608.083941996,True,-2.0489096641540527e-08
2021-06-06,0.15394633,0.0,-0.01044121,0.12462488,-69.59197537193586,320400.3525528076,54298.434861142916,5499.055945779831,0.0,-372.9663313937775,4451.6760312252845,-2485867.418519217,0.0,-2101590.8654596508,True,4.190951585769653e-09
2021-06-07,67.31397951,4.78674577,0.245569,2.42046246,129.77080370675162,-2056308.7040051322,-209508.68336866988,2270157.749380134,161432.55952448555,8281.791871697502,81629.87318015278,4376508.383884886,0.0,4632192.97046756,True,6.51925802230835e-09
2021-06-08,106.61374642,98.92903091,1.12214685,-0.22793025,-52.50556022521778,-276128.5251709173,-58654.61760771092,3568900.377320364,3311654.1496604215,37563.92070303028,-7629.9762698811355,-1757626.1972916122,0.0,4818079.131343693,True,-1.862645149230957e-09
2021-06-09,-44.03380739,19.44815014,0.72359174,-0.24881386,-250.9442693976548,5112441.208619566,710381.9060041645,-1645674.994607895,726835.4992179574,27042.78606381072,-9298.91762679733,-9378537.393558502,0.0,-4456809.905887693,True,2.7939677238464355e-09
2021-06-10,-119.38328888,82.48240022,0.37929573,-0.06812424,109.6966956092092,-704225.8036199942,37577.32745133632,-4396409.261156925,3037497.0534959855,13967.945394480044,-2508.743413379458,4039690.7558762473,0.0,2025589.2740277424,True,-8.381903171539307e-09
2021-06-11,-1.39423682,3.65448843,-0.04830135,-0.38397202,14.665172638856802,449552.9423448771,14734.271504414368,-51845.244263596294,135893.5889469886,-1796.1046883064362,-14278.15051340165,545330.2098486683,0.0,1077591.513179645,True,9.313225746154785e-10
2021-06-12,19.10918911,0.0,-0.09704752,-0.24358696,29.771409377181953,-1899374.9460321544,-84397.56242970817,681608.9394191125,0.0,-3461.6046133448467,-8688.544998230214,1061921.500372509,0.0,-252392.21828182042,True,-4.190951585769653e-09
2021-06-13,73.25369552,0.0,-0.17748804,-0.05116177,-14.972876642194933,4140225.3735484467,278195.86460456706,2851430.822839445,0.0,-6908.7964006291595,-1991.4933559794615,-582825.5033559487,0.0,6678126.267879903,True,1.862645149230957e-09
2021-06-14,0.0,20.81631185,0.27950913,0.15396988,-58.019482177529426,2057316.4607179516,107818.69221408083,0.0,842136.3020668774,11307.708436935724,6228.943258883819,-2347212.730136906,0.0,677595.3765578195,True,-4.190951585769653e-09
2021-06-15,0.0,0.0,0.00471726,-0.23581836,18.86824305910818,-274439.15294635424,-2500.175850455914,0.0,0.0,189.89165718352965,-9492.785891534955,759534.5481562779,0.0,473292.3251251355,True,1.9208528101444244e-08
2021-06-16,10.33895254,0.0,-0.02081743,-0.59692338,150.19751795625962,-2716156.042707427,-62279.684856125365,395625.6409826961,0.0,-796.5902788990275,-22841.597726306758,5747389.697898276,0.0,3340941.423312202,True,-1.257285475730896e-08
2021-06-17,28.71945945,23.69138131,-0.11117327,-1.299635,-29.95911976983666,-339546.51687195315,-44814.393565580925,1091874.88272178,900714.1737611368,-4226.656889360318,-49410.35940027488,-1139005.0861538122,0.0,415586.04360194504,True,9.778887033462524e-09
2021-06-18,59.68873423,45.20559039,0.10861507,-0.06927562,-99.96434632215323,-3286520.2057318576,-349218.5330541312,2131742.081874349,1614486.5628915124,3879.1125064326593,-2474.1311121272256,-3570157.8612952167,0.0,-3458262.973921038,True,0.0
2021-06-19,0.0,0.0,-0.03800886,0.73153687,-1.8345692860789313,-242438.80377146593,-8167.653580414226,0.0,0.0,-1351.4421290242813,26010.507683012827,-65229.90223387565,0.0,-291177.29403176904,True,-1.8044374883174896e-09
2021-06-20,-56.47392006,0.0,-0.30203711,-0.00275896,8.523503740963179,67349.10619953995,2187.2759478421067,-2010468.2717833112,0.0,-10752.503561130086,-98.21881564492345,303436.2377789014,-10680730.162309559,-1648346.3742338102,True,-7.450580596923828e-09
2021-06-21,-15.64240979,73.31759584,1.11591275,-0.05845946,25.803487327636958,-4564865.720724495,-226379.26114954523,-496101.5271233274,2325279.2727938704,35391.351258762275,-1854.051119370724,818361.7256039245,0.0,-2110168.210460171,True,1.0244548320770264e-08
2021-06-22,9.5466343,17.67157795,1.29859857,-0.1613074,-14.750021450514623,838235.8613339461,57121.44432206247,309258.97557623277,572462.9143521864,42067.52357141834,-5225.48153718066,-477820.3899057506,0.0,1336100.847712919,True,4.423782229423523e-09
2021-06-23,-69.82428179,-16.07938998,0.02251936,0.01829044,7.4100700153605885,1534702.2584622293,84297.33264250368,-2346828.8005710565,-540436.2856773705,756.8868775102345,614.7507753279087,249056.13463519796,0.0,-1017837.7228556648,True,-6.984919309616089e-09
2021-06-24,0.0,-0.98863583,0.17576012,-0.71617229,53.11931079273427,1233310.6752480883,80456.78775314149,0.0,-34265.10241619099,6091.665231758814,-24821.79597363777,1841060.7519560757,0.0,3101832.98179923,True,-5.587935447692871e-09
2021-06-25,0.0,139.92024794,0.00479489,-0.52983975,-324.17394542839156,-3495462.089796114,-386383.1746915681,0.0,4433163.62341721,151.91891266089007,-16787.179414859955,-10270966.237488654,0.0,-9736283.139061317,True,7.450580596923828e-09
2021-06-26,-81.36975775,-15.4497929,0.33625075,0.18901903,83.97245739754726,272257.7528559291,-40257.43882351208,-2594936.6169371665,-492704.34653968055,10723.263873150525,6027.94472796553,2677938.4692845745,0.0,-160950.97155874223,True,-2.7939677238464355e-09
2021-06-27,0.0,0.0,0.06846045,-0.22354248,-48.997852681589166,3185697.9793302272,-288642.841443004,0.0,0.0,2362.32991530499,-7713.666618397446,-1690743.972255878,0.0,1200959.8289282545,True,1.6298145055770874e-09
2021-06-28,-43.09341422,0.0,-0.00734779,0.05453044,-24.86087926567859,-158670.27914752925,20762.835322063605,-1481387.332015211,0.0,-252.5890143848539,1874.5486865537,-854622.2728818605,0.0,-2472295.089050375,True,-6.51925802230835e-09
2021-06-29,0.0,0.0,-0.0,0.58420594,-17.052834340634945,1829637.333848846,-286914.28587134037,0.0,0.0,-0.0,20992.72668153062,-612772.7671826973,0.0,950943.0074763447,True,5.820766091346741e-09
2021-06-30,8.76784368,-89.63641913,0.17425688,0.67179373,45.58751855410617,-1020478.1885155471,174753.75776217668,307448.5257989966,-3143142.8211114593,6110.39872763022,23556.76030135487,1598547.5888747082,0.0,-2053203.9781621434,True,-3.4924596548080444e-09
2021-07-01,24.49708107,-28.11132543,-0.03463975,2.53257672,69.69401035428939,-1708967.2454533644,242904.20475646007,820776.6731064537,-941872.2213114777,-1160.607612025153,84854.18685959611,2335103.4268361665,0.0,831638.4171818085,True,-6.984919309616089e-10
2021-07-02,0.0,-17.73108344,0.11382222,0.02648072,44.385375179252264,304013.9142747615,-23889.573726337956,0.0,-599008.2334257646,3845.2499057665445,894.5967323834507,1499468.7304942084,0.0,1185324.6842550114,True,-6.05359673500061e-09
2021-07-03,-2.25391123,0.0,-0.26782428,-0.01654934,26.04893001405503,866893.3947006206,-33491.48916301363,-77958.78715669137,0.0,-9263.566267387609,-572.4122837986475,900986.2338834284,0.0,1646593.373713158,True,4.656612873077393e-10
2021-07-04,5.03675614,0.0,0.06287598,0.66352005,31.650746165293185,824151.3301455374,-11925.926721019323,178077.575115177,0.0,2223.0184944769567,23459.15471387126,1119031.3707944173,0.0,2135016.5225424767,True,1.5832483768463135e-08
2021-07-05,-2.17007709,0.0,0.10877797,0.24085942,-5.569484089458683,-1558985.3024018519,-23260.08788466813,-73591.12009086748,0.0,3688.851741903224,8167.965361192163,-188870.97345999337,0.0,-1832850.666734293,True,-7.916241884231567e-09
2021-07-06,0.0,0.0,-0.0,0.25453107,-54.18354477357366,228764.17379404095,2236.9308234909877,0.0,0.0,-0.0,8685.613541185921,-1848958.2831471416,0.0,-1609271.5649884269,True,-3.259629011154175e-09
2021-07-07,0.0,0.0,-0.04645039,1.05244189,1.4380423227064512,-207400.5049879892,8395.354302048461,0.0,0.0,-1576.1369190767412,35711.05685037096,48795.10367970014,0.0,-116075.12707494944,True,-3.055902197957039e-09
2021-07-08,22.3881543,49.15226445,0.11910304,0.25561058,-16.003846821706702,-1200002.837208981,46930.52783516021,734771.6016581907,1613160.584436987,3908.9212219320616,8389.052208175064,-525240.803878048,0.0,681917.0462734178,True,1.6298145055770874e-09
2021-07-09,0.37367524,22.75156125,-0.07729779,-0.09044563,31.742654093173314,1260703.0130752318,-63751.87233567324,12673.151324982711,771616.4940467096,-2621.545355150465,-3067.4527851334115,1076548.3385502535,0.0,3052100.126521215,True,-5.587935447692871e-09
2021-07-10,0.0,0.0,-0.2029312,-0.29004704,-17.065190384924108,-356835.6354582194,8044.0888050550675,0.0,0.0,-6820.709572180531,-9748.755352112583,-573577.1897546313,0.0,-938938.2013320848,True,3.841705620288849e-09
2021-07-11,0.0,0.0,-0.0,-0.08098873,40.799871331369786,759873.9565150676,-28186.547936671832,0.0,0.0,-0.0,-2774.547659941807,1397740.0007183575,0.0,2126652.86163681,True,-1.3969838619232178e-09
2021-07-12,-18.1376374,0.0,-0.51266074,-0.29075187,-64.23495994704194,-1318056.4536542743,3068.3456914701014,-600994.8941307345,0.0,-16987.134562591047,-9634.131804231742,-2128440.5516268862,0.0,-4071044.8200872466,True,9.313225746154785e-10
2021-07-13,2.44026211,0.0,-0.12561579,-0.50923583,-4.428729225802272,-569486.6351451962,33032.008840176626,79654.97713320037,0.0,-4100.347597504147,-16622.463721348486,-144562.47292649074,0.0,-622084.9334171638,True,-1.1641532182693481e-09
2021-07-14,3.41374962,0.0,0.00020472,-0.58496349,-0.5160325080464645,180746.14227418788,-11159.722196657944,111965.13131337003,0.0,6.714464806728595,-19185.79897824411,-16924.981019958363,0.0,245447.48585750908,True,4.8603396862745285e-09
2021-07-15,13.54518765,0.0,-0.06622018,0.03248492,-19.415393428672587,-1264185.4287812174,78426.28250125384,429486.61149677046,0.0,-2099.6889416224667,1030.0217742309144,-615617.276779274,0.0,-1372959.4787298515,True,7.2177499532699585e-09
2021-07-16,0.0,0.0,-0.0,-0.197038,-4.289393199687311,-295483.66074727284,23011.860937606252,0.0,0.0,-0.0,-6197.971680898846,-134925.9410870088,0.0,-413595.7125775814,True,-7.159542292356491e-09
2021-07-17,0.0,0.0,-0.0,-0.18567925,1.5780671377608542,108142.56506811912,-8819.035751554247,0.0,0.0,-0.0,-5857.799917668109,49784.78505083513,0.0,143250.51444973052,True,-1.3969838619232178e-09
2021-07-18,7.06957774,0.0,-0.00170927,0.1088,-9.385091519341131,187277.9837146278,-15022.854732526705,224160.07734368526,0.0,-54.19702696433478,3449.7981791756856,-297579.702525921,0.0,102231.10495207459,True,-2.153683453798294e-09
2021-07-19,0.0,0.0,-0.0,-0.15640857,-22.708180081250248,-972164.6284757624,85245.01837252772,0.0,0.0,-0.0,-4830.439339646145,-701307.3925312415,0.0,-1593057.4419741184,True,4.190951585769653e-09
2021-07-20,0.0,0.0,-0.0,-0.08133926,-32.77529055202672,-1317078.685904298,140865.16368605878,0.0,0.0,-0.0,-2421.1979114792734,-975610.8554797949,0.0,-2154245.5756095164,True,-2.7939677238464355e-09
2021-07-21,11.84237357,0.0,-0.08864033,-0.01676979,55.92901983515776,2774747.8302240246,-373907.57333377516,380372.97980866185,0.0,-2847.0970159847043,-538.6399065491986,1796420.946082071,0.0,4574248.4458584525,True,3.725290298461914e-09
2021-07-22,11.46323559,0.0,-0.07516569,-0.06260405,7.207583121371499,223074.72722127195,-19288.16712897214,370342.31005285325,0.0,-2428.3750475825864,-2022.5466286228811,232855.10989543184,0.0,802533.0583643764,True,-3.026798367500305e-09
2021-07-23,0.0,0.0,-0.0026911,-0.02310669,55.848387651376925,1361767.346645188,-108472.58413087412,0.0,0.0,-89.98929599597678,-772.6783716314059,1867547.5037188556,0.0,3119979.598565541,True,-9.313225746154785e-10
2021-07-24,0.0,0.0,-0.0,0.05192265,32.53509715088262,874437.5564764393,-29035.873470404716,0.0,0.0,-0.0,1774.0367511900436,1111623.8876329358,0.0,1958799.6073901728,True,1.234002411365509e-08
2021-07-25,24.2183131,0.0,0.07183839,0.20646549,13.755984716612147,1145845.1626139292,-7039.68527601425,850545.6408775148,0.0,2522.959762303133,7251.055091493558,483109.32261802244,0.0,2482234.4556872398,True,-9.313225746154785e-09
2021-07-26,36.77642112,0.0,0.14153388,0.67769069,127.39118491301747,2852175.186607935,14807.619967684643,1377085.0903429522,0.0,5299.705354428695,25375.98049625628,4770135.212788166,0.0,9044878.795557417,True,-5.587935447692871e-09
2021-07-27,-5.46167124,22.87258726,-0.06976536,-0.69496599,-22.318826365161726,2126447.1781794745,224952.7244760364,-213696.2998124115,894925.206922287,-2729.6771687562837,-27191.614806619044,-873258.4589604033,-11739918.413455088,2129449.0588296093,True,9.313225746154785e-10
2021-07-28,-7.55042283,0.0,-0.1084248,0.87816661,19.460539574871518,797226.0072564555,90563.47678484875,-301557.80251595104,0.0,-4330.399126300519,35073.26663909261,777238.2662671298,0.0,1394212.8153052777,True,2.7939677238464355e-09
2021-07-29,0.0,0.0,-0.0,0.8131255,-28.403047739574845,143183.64811144583,19238.741118339734,0.0,0.0,-0.0,32595.08246684024,-1138569.2410102037,0.0,-943551.7693135813,True,-3.3760443329811096e-09
2021-07-30,11.83368002,0.0,0.02578609,0.69369658,-9.87250747092105,1660996.971227859,174607.56819233036,494525.54858228104,0.0,1077.5921168639197,28989.349145351676,-412568.8006341666,0.0,1947628.2286305279,True,8.847564458847046e-09
2021-07-31,0.0,0.0,-0.0,0.36530308,-27.95641762631533,3601.4358379786954,337.7769145269619,0.0,0.0,-0.0,15267.226235587457,-1168391.3331295236,0.0,-1149184.8941414356,True,-5.122274160385132e-09
2021-08-01,0.0,0.0,-0.05231102,0.34404313,-1.236088061135547,-1802391.5505374942,-117980.77643703952,0.0,0.0,-2090.817534353657,13751.049181948938,-49405.16534044674,0.0,-1958117.2606673911,True,-6.05359673500061e-09
2021-08-02,5.81966985,0.0,-0.31217743,0.34483941,-28.798516859332153,-656976.9506338731,-42169.910658898145,228737.38789331604,0.0,-12269.879862248286,13553.632408558751,-1131902.271329921,0.0,-1601027.9921830595,True,6.28642737865448e-09
2021-08-03,0.0042449,-17.90558029,-0.17915061,-0.02973533,59.179851095981576,-1009380.9885390569,-35167.6472978751,162.53223493004003,-685583.6373655385,-6859.466426153732,-1138.5308585083906,2265926.985666768,0.0,527959.2474145666,True,9.313225746154785e-10
2021-08-04,8.39843907,0.0,0.00075583,-0.28769733,69.02204296334492,1449444.4054247062,139324.02861924638,334038.7710394761,0.0,30.0623154148533,-11442.848098740636,2745276.6179453456,0.0,4656671.037245452,True,3.725290298461914e-09
2021-08-05,38.13508816,0.0,0.24837856,-0.11144857,2.555684852325612,1149185.8664669124,190151.72223399056,1561313.448725988,0.0,10169.028178882141,-4562.88839433693,104633.95584402049,0.0,3010891.1330554485,True,-7.916241884231567e-09
2021-08-06,27.46427833,0.0,-0.09512861,-0.08827362,42.18735848379549,1890088.097484645,305763.5352245372,1175206.2835090603,0.0,-4070.5872140599895,-3777.259742476949,1805212.14426557,0.0,5168422.213527277,True,1.862645149230957e-09
2021-08-07,6.63255499,14.92202663,-0.14356756,0.64059986,-10.19159753779968,1778702.3078383186,351754.2231026377,295048.5493627005,663804.871180282,-6386.588634004295,28497.02108763806,-453372.2032836498,0.0,2658048.1806539297,True,6.984919309616089e-09
2021-08-08,-6.35859136,36.05101455,-0.03966316,1.21721189,47.93977968768172,-549361.3400664586,-101181.49228018222,-279601.893333125,1585246.0638011554,-1744.0804108497814,53523.607629912454,2108022.4231690043,0.0,2814903.288509451,True,-5.587935447692871e-09
2021-08-09,69.7350376,28.54834959,-0.20242822,3.45317186,-120.87430541167782,2528606.910097893,562622.5497031764,3226336.316289269,1320807.734852915,-9365.47164961726,159763.21461546273,-5592327.396349416,0.0,2196443.8575596884,True,5.587935447692871e-09
2021-08-10,3.97821882,-5.22182199,-0.19979012,2.56735346,29.165355714296993,-935422.4144293963,-96682.57077659499,180964.36549920923,-237534.37051262252,-9088.211064973764,116785.80563879074,1326696.7781818728,0.0,345719.3825362772,True,-8.032657206058502e-09
2021-08-11,70.877304,0.0,-0.04699306,1.28912695,-85.07890667076435,226025.6307329547,28809.10125953165,3237414.8691054406,0.0,-2146.470345271092,58882.58328920843,-3886091.9075472536,0.0,-337106.1935053915,True,-1.862645149230957e-09
2021-08-12,38.05924026,-0.83507023,-0.17078065,0.67302783,60.77529436834925,-1622990.4280743042,-87086.53099599305,1690049.0453143534,-37081.91848656565,-7583.642566664958,29886.304450405518,2698772.4275168558,0.0,2663965.257158093,True,6.05359673500061e-09
2021-08-13,2.93041724,0.0,-0.14724874,1.31075368,-136.1617070942807,4355233.121485156,428261.1496137252,139832.14173647127,0.0,-7026.339594629468,62545.869530634234,-6497294.264310068,0.0,-1518448.321538709,True,2.7939677238464355e-09
2021-08-14,49.04224143,0.0,0.06214388,3.99403962,-17.04310606133572,-782645.9710043491,4061.321509028323,2311076.6424183375,0.0,2928.4809451917436,188215.94212512756,-803142.8251262001,0.0,920493.590867132,True,-4.0745362639427185e-09
2021-08-15,0.03930116,0.0,-0.00818023,0.35044829,-19.476620912309272,-68386.8308972955,1190.4752709202694,1850.077375177386,0.0,-385.07917951397127,16497.132718184486,-916849.6730063469,0.0,-966083.8977188691,True,5.122274160385132e-09
2021-08-16,0.0,0.0,-0.0,2.59239991,102.50691648535417,-1495724.6349097623,47252.993583772324,0.0,0.0,-0.0,119210.78374846841,4713751.843116622,0.0,3384490.985539086,True,-1.4901161193847656e-08
2021-08-17,33.62596403,15.91860475,-0.39060242,0.42775036,49.93719790123305,-1747432.8013405618,-75146.75169213196,1503554.6105717784,711786.0336845282,-17465.434417509376,19126.47100252483,2232896.7007889315,0.0,2627318.8285975605,True,9.313225746154785e-10
2021-08-18,9.79125089,25.52267845,0.19461034,0.87089215,-15.126805577408504,342341.5518565946,26208.042803753273,440159.4540465278,1147355.7708372725,8748.584013274032,39150.40249544732,-680015.9202559356,0.0,1323947.8857969493,True,1.5366822481155396e-08
2021-08-19,0.0,9.1005675,0.03483127,-0.18205251,53.502890948182994,2473107.7431983734,159013.62700085793,0.0,424512.91178911197,1624.7694277321432,-8492.178220601783,2495741.9441752927,-18661076.94506241,5545508.817370754,True,-1.30385160446167e-08
2021-08-20,48.15836975,0.0,-0.00298682,-0.24182237,20.28477468124879,2775866.3727401923,382494.28701941296,2371358.3678601915,0.0,-147.0735126014555,-11907.535566759576,998839.2553620002,0.0,6516503.673902445,True,8.381903171539307e-09
2021-08-21,0.0,0.0,-0.0,-0.24591425,-3.771480149132458,-190730.71159462823,-28615.494810995115,0.0,0.0,-0.0,-12067.071505504258,-185067.43973222876,0.0,-416480.71764336526,True,-8.905772119760513e-09
2021-08-22,2.97431259,0.0,-0.03995954,-0.26597223,4.610899406120552,327596.0716066905,48055.0099115005,146821.932546299,0.0,-1972.5354040414218,-13129.271262052764,227609.28486780263,0.0,734980.4922662005,True,2.0954757928848267e-09
2021-08-23,13.25774027,0.0,-0.00363912,-0.2797626,-8.11288279074597,254971.52511186493,38361.91290876484,657462.9586436042,0.0,-180.46715000693803,-13873.672508884289,-402324.9674608859,0.0,534417.2895444632,True,6.402842700481415e-09
2021-08-24,0.80882574,5.91100305,0.01347274,-0.34614236,-52.002206739644635,-1887179.4054054674,-267178.57424627437,38763.670969358354,283289.91771339235,645.6926808680855,-16589.171051353027,-2492250.5949626854,0.0,-4340498.464302167,True,-5.587935447692871e-09
2021-08-25,19.55054009,0.0,0.15370056,-0.00053312,15.265698961866292,1226962.7465445858,116756.59357196507,958021.7552871539,0.0,7531.683503471874,-26.1241150284093,748054.6137246088,0.0,3057301.2685167566,True,-4.656612873077393e-10
2021-08-26,4.50689527,40.07434345,0.14171024,-0.22229048,-26.544906113011393,-2101021.5186058832,-224194.77677421924,212681.9426385595,1891122.0927729327,6687.355114638928,-10489.964439856587,-1252663.2772794466,0.0,-1477878.1465732679,True,6.984919309616089e-09
2021-08-27,2.13800498,0.0,0.03346657,-0.4002256,51.14884642055745,2237231.9259277345,180582.11367883376,104865.88507096666,0.0,1641.4842416968836,-19630.455571744587,2508772.9450708306,0.0,5013463.89841833,True,1.1175870895385742e-08
2021-08-28,0.0,0.0,0.00061412,1.42710508,-0.39856381167851396,-236343.85391189807,-29074.40850333206,0.0,0.0,30.001278139168836,69717.6063943542,-19470.82617464731,0.0,-215141.48091739416,True,-1.0069925338029861e-08
2021-08-29,0.0,6.0332079,0.0340099,0.07110121,1.1936214784605,115747.42348506016,14183.89448367507,0.0,295315.5595916676,1664.7284192140398,3480.2867673090914,58425.79945773063,0.0,488817.6922046542,True,-2.3283064365386963e-09
2021-08-30,0.0,3.6082658,0.01352767,-0.35602219,-61.93045911303716,-2211445.458020339,-271798.97193042614,0.0,170042.29884580523,637.501845021349,-16777.81931356555,-2918520.480436055,0.0,-5247862.929009564,True,-5.587935447692871e-09
2021-08-31,-3.24529989,0.0,0.00710645,-0.2951294,5.995318224769335,113725.11996130513,8150.9309416417245,-153240.6084705653,0.0,335.56119895768666,-13935.787251252408,283094.3961663654,0.0,238129.6125464514,True,-8.731149137020111e-10
2021-09-01,0.0,0.0,-0.01508703,-0.2518568,34.23293638045129,1782388.8823030912,136928.72013874757,0.0,0.0,-734.5654267827558,-12262.53926585545,1666751.6086554565,0.0,3573072.1064046696,True,1.257285475730896e-08
2021-09-02,0.0,0.0,0.02278779,-2.35632065,21.541972113674774,825993.4299938683,86783.67731139368,0.0,0.0,1125.023764414591,-116330.57562101616,1063518.250793102,0.0,1861089.8062417656,True,3.259629011154175e-09
2021-09-03,7.66057141,20.21546812,0.0291161,-2.75897869,19.53340206561802,594288.6045903176,73135.77341088548,381960.182500467,1007954.0388290137,1451.7442987587588,-137564.15122919652,973945.8610227167,-14960653.275767207,2895172.05342295,True,-1.257285475730896e-08
2021-09-04,0.0,0.0,-0.0,-2.08932813,-1.2424390043463518,55240.32063384339,9948.925564789026,0.0,0.0,-0.0,-104298.37764144455,-62022.03024556806,0.0,-101131.16168837994,True,2.473825588822365e-10
2021-09-05,0.0,0.0,-0.0,-1.39663698,66.28932459255896,1706498.1997210905,305761.39713342773,0.0,0.0,-0.0,-72272.67303788103,3430316.360504775,0.0,5370303.284321412,True,0.0
2021-09-06,209.34787663,0.0,-0.02135949,-2.00450957,-215.96430133552133,832315.7648813907,208546.11466424557,11020195.400661293,0.0,-1124.3761209696436,-105518.56316621458,-11368487.890092539,0.0,585926.4508272186,True,1.1175870895385742e-08
2021-09-07,-24.0675342,-26.66257922,0.35407409,-0.5038994,-23.286790070021652,-6592923.813168296,-101747.17308292,-1127669.8889299252,-1249259.167879472,16589.929255954452,-23609.904351142708,-1091088.5906955854,0.0,-10169708.608851396,True,-9.313225746154785e-09
2021-09-08,0.0,0.0,-0.01150522,-0.90112376,0.5457762235068913,-725433.1362024891,3800.1532040409206,0.0,0.0,-531.402822135506,-41621.082357169915,25208.29896568868,0.0,-738577.1692120656,True,-6.984919309616089e-10
2021-09-09,-8.98747681,0.0,0.0054176,-2.25179455,0.21968968949863665,283653.41406317044,-1344.8162255771063,-417457.28662897437,0.0,251.64088251384666,-104593.0980142259,10204.316919785491,0.0,-229285.8290033117,True,-4.103640094399452e-09
2021-09-10,-13.9297917,0.0,-0.05533496,-1.77427144,-65.52724458710122,-1812115.2750869342,8311.153099034464,-623570.9641705552,0.0,-2477.0847334019436,-79425.74995870753,-2933345.1616953113,0.0,-5442623.0825458765,True,-9.313225746154785e-10
2021-09-11,0.0,0.0,-0.0,-1.12798,15.69688082151879,353527.89806860936,-23486.80900130518,0.0,0.0,-0.0,-50870.30940346664,707907.2182662835,0.0,987077.9979301244,True,3.3760443329811096e-09
2021-09-12,0.0,0.42912779,-0.00956728,-1.38799953,51.89707338876633,1146412.5728600835,-59259.24568753881,0.0,19817.38416426132,-441.82284994186466,-64098.668384595076,2396638.633787957,0.0,3439068.85389024,True,1.3969838619232178e-08
2021-09-13,0.0,0.0,0.0054148,-0.55421912,-38.43737747840726,-1258702.3049514315,3412.8348423482244,0.0,0.0,243.62009401708676,-24935.161801076138,-1729356.1193506368,0.0,-3009337.1311667934,True,-1.4435499906539917e-08
2021-09-14,21.87551066,0.0,-0.01846891,-0.47149585,52.70900970342416,2148885.785946651,-83899.48266825239,1028643.7760653828,0.0,-868.4564953699559,-22170.969129877092,2478515.6157811554,0.0,5549106.269499697,True,7.450580596923828e-09
2021-09-15,16.49880578,4.95005856,0.0711215,-0.654428,-18.898585440963416,1235426.502573225,13049.844379830207,794701.102344865,238430.40804033482,3425.7227586092786,-31521.957403473672,-910291.7437150558,0.0,1343219.8789783344,True,-4.656612873077393e-10
2021-09-16,5.2343734,0.0,0.0163556,-0.20627916,26.96799393101628,-406937.5828894515,2772.8762299162954,250189.06396909882,0.0,781.7539831325356,-9859.59273687505,1288998.0601546883,0.0,1125944.5787105113,True,1.862645149230957e-09
2021-09-17,8.66759822,13.70369774,0.00080769,0.82619568,15.379272408138831,-644973.9026012609,-11361.946605201825,409230.1979559236,647003.5639086583,38.134109380420725,39007.83274616632,726113.8013386976,0.0,1165057.6808523536,True,-1.0011717677116394e-08
2021-09-18,0.0,0.0,0.02461064,0.27585345,0.9192223128648038,1117450.1147856005,34509.33917177278,0.0,0.0,1186.3316265434212,13297.243469739687,44310.204918519325,0.0,1210753.233972177,True,1.1641532182693481e-09
2021-09-19,0.0,0.0,0.00043886,0.20368802,52.976422951086306,-1112465.0637363545,-35252.174954711,0.0,0.0,20.72229949810105,9617.837475767208,2501465.8495430998,0.0,1363387.1706273109,True,1.1408701539039612e-08
2021-09-20,55.60347387,123.65558656,-0.00930036,-0.03489729,-36.08674412151822,-4925750.40457682,-387194.8564493095,2382915.249644136,5299323.269017804,-398.57167419062085,-1495.5411726014486,-1546515.8360108708,0.0,820883.3087781444,True,-3.4924596548080444e-09
2021-09-21,27.10070735,30.09979129,0.11234329,0.47296676,-43.63709965757175,-3046840.8655003174,-122644.1290430344,1098296.5285044564,1219838.8719368859,4552.87914866065,19167.68237438645,-1768458.4556762152,0.0,-2596087.4882551804,True,-2.7939677238464355e-09
2021-09-22,7.68767938,22.75915309,0.08906595,-0.76529444,-56.549468346983986,4167756.7052865485,27526.847869801,335010.40540166595,991788.643412374,3881.277891818703,-33349.67392930491,-2464288.55571911,0.0,3028325.650213793,True,0.0
2021-09-23,0.0,0.0,-0.0,-1.31527856,-64.12852754395544,1791776.7869076275,-61012.235539915055,0.0,0.0,-0.0,-59005.10347644973,-2876888.9865607233,-13460632.474773055,-1205129.5386694614,True,-9.313225746154785e-10
2021-09-24,29.97993943,40.9931493,0.17699765,0.10092395,117.15019089601037,-2252260.1881000306,229786.97616668988,1283240.5722811916,1754642.3831230644,7576.084875313107,4319.878886255587,5014415.668158912,0.0,6041721.375391409,True,1.30385160446167e-08
2021-09-25,0.0,0.67760236,0.0022948,-0.65634104,3.130039759320198,-79312.93613609867,-373.8348073114008,0.0,28957.51697762361,98.06888801309763,-28048.908815652798,133763.08115448648,0.0,55082.98726104945,True,-1.0884832590818405e-08
2021-09-26,25.19031655,83.23379609,0.17575189,-0.17877995,14.917060509050089,461639.3263447242,3415.43838831172,1086490.9535394143,3589981.344657984,7580.406469820811,-7711.010616467573,643392.1250776411,0.0,5784788.5838614255,True,-3.725290298461914e-09
2021-09-27,14.74275168,15.37022876,0.00199698,-0.01733003,-17.591758456949947,-808423.7305828203,-14937.15762827152,626519.5517706831,653185.3104730626,84.86523015864967,-736.4705628530598,-747593.1808753362,0.0,-291900.8121753782,True,-1.6298145055770874e-09
2021-09-28,0.0,0.0,-0.0,-0.01554335,7.202244437153695,-1660233.9594554782,-7573.744147092942,0.0,0.0,-0.0,-640.7557383873014,296903.7853727961,0.0,-1371544.6739681587,True,3.725290298461914e-09
2021-09-29,0.0,0.0,0.03395468,0.2132365,21.87804328593529,300170.020082094,3027.021886063186,0.0,0.0,1407.5555055684708,8839.494572269603,906931.2471265681,0.0,1220375.3391725644,True,1.1641532182693481e-09
2021-09-30,0.0,0.0,-0.0,1.60957462,-72.58978150930056,3036173.1919393456,81535.36640755225,0.0,0.0,-0.0,70469.66529089161,-3178092.8594036624,0.0,10085.364234119654,True,-7.450580596923828e-09
2021-10-01,0.0,0.0,-0.0,1.06922925,-129.05413677262845,5611479.784608801,-161379.6016315535,0.0,0.0,-0.0,51406.54454326348,-6204681.765388051,0.0,-703175.0378675386,True,1.862645149230957e-09
2021-10-02,0.0,0.0,-0.0,0.49445192,-15.295490485696064,-373428.9400401425,47600.37589356062,0.0,0.0,-0.0,23631.063321120117,-731008.7989850944,0.0,-1033206.2998105586,True,-2.3283064365386963e-09
2021-10-03,0.0,0.0,-0.0,0.50759593,-11.902573427524658,536354.6160245958,-74616.35379168626,0.0,0.0,-0.0,24467.455208353764,-573735.258677313,0.0,-87529.54123604298,True,6.693881005048752e-09
2021-10-04,0.0,0.0,-0.0,0.49763449,-7.277922486239504,1420441.4836640975,-210456.44279568185,0.0,0.0,-0.0,24527.65821258322,-358717.892001731,0.0,875794.807079263,True,-5.005858838558197e-09
2021-10-05,0.0,0.0,-0.0,0.5449547,-55.61799308331365,2969933.444185551,-456383.6112715544,0.0,0.0,-0.0,28096.801306256868,-2867555.231131381,0.0,-325908.5969111249,True,2.3283064365386963e-09
2021-10-06,0.0,0.0,0.05145376,0.7643792,-70.61599588014667,5055596.882241018,-991342.7090967156,0.0,0.0,2851.5571096038825,42361.74270244445,-3913524.3975132373,0.0,195943.0754431188,True,5.587935447692871e-09
2021-10-07,0.0,0.0,-0.0,0.79180978,18.535118649542937,-2115121.7349066474,528511.6927701705,0.0,0.0,-0.0,42603.44945780421,997284.9673316824,0.0,-546721.6253469884,True,1.7462298274040222e-09
2021-10-08,0.0,0.0,-0.0,1.64718475,10.047293227664682,168262.36426977642,-39639.44803282438,0.0,0.0,-0.0,88838.4841614059,541885.96650794,0.0,759347.3669062927,True,-5.122274160385132e-09
2021-10-09,0.0,0.0,-0.0,1.39306783,-39.14564359236567,1413974.1898244813,-321862.7416625212,0.0,0.0,-0.0,76633.94639877035,-2153437.9648998994,0.0,-984692.5703391731,True,-4.190951585769653e-09
2021-10-10,0.0,0.0,-0.0,1.03517765,59.74624983886986,-406806.8572901645,104624.3631940466,0.0,0.0,-0.0,56625.54217413773,3268196.3235947904,0.0,3022639.3716728166,True,6.51925802230835e-09
2021-10-11,0.0,0.0,-0.0,1.14042208,-53.0777423783054,3402655.6450745915,-719803.124911416,0.0,0.0,-0.0,65333.853180848346,-3040780.6798296096,0.0,-292594.30648558587,True,-4.656612873077393e-10
2021-10-12,-42.78924656,-9.9791634,-0.0213845,1.33842933,92.93729731621943,-1438361.7533339201,362023.87113675935,-2404592.2556555886,-560790.8752474582,-1201.7272381499706,75214.61723209875,5222721.205777224,0.0,1255013.0826709792,True,1.3969838619232178e-08
2021-10-13,-47.39895414,-6.57979978,0.01691646,2.32277388,12.011292685181388,1457625.0082893386,-274669.8576837487,-2718277.543455392,-377344.23273514723,970.1402523975903,133208.51042154978,688834.3375164309,0.0,-1089653.6373945922,True,-2.0954757928848267e-08
2021-10-14,0.0,0.0,-0.0,3.24054894,-58.252130736757294,42625.475855177225,-7952.048832050531,0.0,0.0,-0.0,185955.77999675408,-3342742.420556252,0.0,-3122113.213536367,True,4.190951585769653e-09
2021-10-15,0.0,0.0,0.01082283,3.59954557,-69.67105408665827,4939936.098267732,-1155743.151838258,0.0,0.0,665.0205213767883,221177.97948234508,-4281013.442286343,0.0,-274977.49585314095,True,6.05359673500061e-09
2021-10-16,0.0,0.0,-0.0,3.37792601,16.493667952530018,-626966.6966701251,182062.77114131194,0.0,0.0,-0.0,205824.00116651817,1004993.2182800244,0.0,765913.2939177305,True,1.0477378964424133e-09
2021-10-17,0.0,0.0,-0.0,3.99150021,4.115401520245996,648441.9865319178,-179034.60429054563,0.0,0.0,-0.0,245326.47350608977,252941.72338864813,0.0,967675.5791361034,True,-6.752088665962219e-09
2021-10-18,0.0,0.0,-0.0,3.07931358,33.85554504213678,631754.0650094924,-171740.94651431104,0.0,0.0,-0.0,190846.7949665658,2098267.0635116063,0.0,2749126.976973355,True,1.3969838619232178e-09
2021-10-19,0.0,0.0,-0.0,3.36648076,-78.38517149261736,2846437.5325325616,-693524.5055466687,0.0,0.0,-0.0,216434.07034358862,-5039453.046132188,0.0,-2670105.9488027096,True,-2.7939677238464355e-09
2021-10-20,-34.38159809,-13.33111535,-0.01081907,1.73148781,-83.53998368649172,2184484.1444879067,-669601.5481011047,-2271310.138566712,-880677.430222887,-714.7272013516507,114385.19545726191,-5518801.407256703,0.0,-7042235.911403574,True,1.5832483768463135e-08
2021-10-21,-53.70697759,-50.62354542,0.01809716,5.98631038,183.18570803662396,-4379591.155983115,1702538.605117024,-3349912.8772316054,-3157587.23174087,1128.790187899321,373389.4389320675,11426004.400421442,0.0,2615969.969702825,True,-1.6763806343078613e-08
2021-10-22,-17.24338921,-25.47149238,0.0012905,2.68749868,91.07340625477559,-1767726.8268174962,451931.1699991662,-1047552.5752764634,-1547417.8024891787,78.3991233933457,163268.1446205143,5532797.531825226,0.0,1785378.0409851596,True,-1.862645149230957e-09
2021-10-23,0.0,-0.4073455,0.00031125,3.6646178,-55.16942873945186,523672.31949515245,-93531.61494680253,0.0,-24949.94553349918,19.06408821823641,224458.1430532351,-3379132.068879092,0.0,-2749464.102722779,True,9.313225746154785e-09
2021-10-24,0.0,0.0,-0.0,2.84222355,26.092832412383245,-404813.0855235263,93298.84058772956,0.0,0.0,-0.0,172993.20699334957,1588151.909640674,0.0,1449630.871698223,True,-3.725290298461914e-09
2021-10-25,0.0,0.0,-0.0,2.73232125,-34.50151069723336,2286020.289323059,-468925.982845269,0.0,0.0,-0.0,172222.77929187118,-2174687.9368762923,0.0,-185370.85110662878,True,2.561137080192566e-09
2021-10-26,0.0,0.0,-0.0,2.26094407,9.645737001264024,-2790766.6723603425,661989.4456752143,0.0,0.0,-0.0,136547.4115637824,582544.4501807614,0.0,-1409685.3649405912,True,-6.984919309616089e-09
2021-10-27,0.0,0.0,0.02567689,1.8466234,69.87419470405644,-1941021.6228339535,441784.24533026514,0.0,0.0,1503.7243362476704,108144.42662115295,4092065.9414827004,0.0,2702476.7149364203,True,7.450580596923828e-09
2021-10-28,0.0,0.0,-0.0,1.57733666,-96.00904543389629,2125646.084543855,-343117.93228588573,0.0,0.0,-0.0,95530.71988981051,-5814746.755606147,0.0,-3936687.883458376,True,-8.381903171539307e-09
2021-10-29,12.97387251,0.0,0.00116288,3.01427308,-43.967972694586024,1772445.6673962835,-445654.2046993095,807374.5376463564,0.0,72.3669591800386,187580.6419732468,-2736162.360018367,0.0,-414343.35074260086,True,8.847564458847046e-09
2021-10-30,0.0,0.0,-0.0,2.99926904,30.771544152466845,-526789.9927032278,151943.2904650844,0.0,0.0,-0.0,185183.6179941664,1899924.882170972,0.0,1710261.7979269922,True,-2.7939677238464355e-09
2021-10-31,6.17732048,0.0,-0.03252597,1.67593537,-10.198659326557845,-335589.1070932707,86989.10238315772,379491.14411633863,0.0,-1998.1669412744645,102957.68741244574,-626533.9330894168,0.0,-394683.2732120156,True,4.307366907596588e-09
2021-11-01,0.0,0.0,-0.0,2.13280123,-4.912653591371168,-371742.3268436915,99145.92558829712,0.0,0.0,-0.0,130297.29548554956,-300124.3001969927,0.0,-442423.4059668556,True,-1.8044374883174896e-08
2021-11-02,0.0,0.0,-0.0,3.12312918,-97.48336119459441,2111781.976709491,-571620.116181194,0.0,0.0,-0.0,196834.42713516962,-6143864.198389903,0.0,-4406867.910726421,True,1.4901161193847656e-08
2021-11-03,0.0,0.0,-0.0,2.59044917,-19.437346174637696,-75353.82642138167,27042.23609670062,0.0,0.0,-0.0,163084.2707045091,-1223697.2112916883,0.0,-1108924.5309118629,True,-2.561137080192566e-09
2021-11-04,0.0,0.0,-0.0,3.14283663,26.30417619288005,-1715800.9637452217,644660.4272524449,0.0,0.0,-0.0,192950.9662811256,1614915.6991482517,0.0,736726.1289366037,True,3.259629011154175e-09
2021-11-05,0.0,-24.51992303,-0.00869217,1.46006665,51.80848730674097,-427452.5929806887,149936.87920888799,0.0,-1495858.521623319,-530.2731395196621,89072.59365652714,3160620.330470998,0.0,1475788.4155928865,True,9.313225746154785e-10
2021-11-06,0.0,0.0,-0.0,1.96836224,-9.721972953351838,484464.2595532252,-150296.64085922448,0.0,0.0,-0.0,120965.8070163353,-597464.3692073618,0.0,-142330.94349702448,True,1.3387762010097504e-09
2021-11-07,0.0,0.0,-0.0,1.54061639,-47.24918994469522,1716580.0746412426,-547015.065801468,0.0,0.0,-0.0,97126.3563366996,-2978769.854050995,0.0,-1712078.4888745174,True,3.259629011154175e-09
2021-11-08,0.0,0.0,-0.0,2.56163981,-85.3267770354438,4866679.272967079,-1761158.5644351046,0.0,0.0,-0.0,173017.64974704682,-5763120.312829137,0.0,-2484581.9545501173,True,-9.313225746154785e-10
2021-11-09,-13.74691128,0.0,0.00193288,1.71249794,42.493291477074536,-483891.03825054737,212767.58410887286,-922357.0634942092,0.0,129.68771563110627,114901.05224409961,2851112.278728402,0.0,1772662.501052238,True,-1.1175870895385742e-08
2021-11-10,0.0,0.0,-0.02661391,2.42776226,50.60451923327355,-2509150.103196348,1016241.1502873785,0.0,0.0,-1723.4124310174764,157212.3621985301,3276950.193048921,0.0,1939530.1899074689,True,4.6566128730773926e-09
2021-11-11,0.0,0.0,-0.0,1.49221736,-38.8563034404724,222349.3605784685,-79385.74663955296,0.0,0.0,-0.0,96938.81383336437,-2524219.370741451,0.0,-2284316.942969173,True,-1.862645149230957e-09
2021-11-12,0.0,0.0,-0.0058237,1.14382236,27.3474477636114,-951502.7996368669,373593.15781615564,0.0,0.0,-373.1766861594355,73294.95644690916,1752396.2311490576,0.0,1247408.3690891042,True,8.149072527885437e-09
2021-11-13,0.0,0.0,-0.0,1.33534592,7.878434346615222,343545.79264891316,-126026.5944673538,0.0,0.0,-0.0,85993.32774436074,507353.77008596493,0.0,810866.29601188,True,-5.005858838558197e-09
2021-11-14,0.0,0.0,-0.0,1.08480704,17.005774726678055,684477.8247168489,-245785.22129676887,0.0,0.0,-0.0,70547.41621721919,1105923.3794603911,0.0,1615163.3990976885,True,-1.862645149230957e-09
2021-11-15,0.0,0.0,-0.0,1.06498687,3.3988769767759095,-1380973.654362357,473642.14253368945,0.0,0.0,-0.0,67896.64378111926,216690.31407683127,0.0,-622744.5539707243,True,-7.450580596923828e-09
2021-11-16,-10.59644921,-94.47722994,0.07575404,1.17623759,208.00378393950416,-3709014.56194715,1259191.7358661667,-639204.2847197534,-5699102.500213973,4569.672915256826,70953.58949740454,12547307.810108675,0.0,3834701.461506635,True,9.313225746154785e-09
2021-11-17,0.0,-39.54266755,0.02061129,1.04852308,44.952022550012316,-164355.9144075581,26742.11888711581,0.0,-2378661.8174232524,1239.857894484352,63073.18068335595,2704057.8261560234,0.0,252095.2517901659,True,-2.7939677238464355e-09
2021-11-18,0.0,-42.72337992,0.10068304,0.60690381,59.986660951544195,-3154287.2410327843,383218.43357656104,0.0,-2426438.2880929937,5718.208242771407,34468.58943583122,3406891.7576331994,0.0,-1750428.5402374193,True,-5.122274160385132e-09
2021-11-19,0.0,0.0,-0.0,-0.26806245,18.8613145174769,1093921.2450780107,-65950.26953166327,0.0,0.0,-0.0,-15551.394539882125,1094221.6770834173,0.0,2106641.258089885,True,2.3283064365386963e-09
2021-11-20,0.0,0.0,-0.0,-0.07869486,25.50415322123331,1555699.0990430412,-61086.014545847065,0.0,0.0,-0.0,-4701.976477567615,1523859.7352675807,0.0,3013770.8432872146,True,7.450580596923828e-09
2021-11-21,0.0,0.0,-0.0,-0.25928764,-10.353340465984502,-642563.1159042009,6950.425895539931,0.0,0.0,-0.0,-15306.429786350758,-611184.8559259354,0.0,-1262103.9757209495,True,-2.3283064365386963e-09
2021-11-22,0.0,0.0,-0.0,-0.26867988,-40.543891017604324,-2373851.417238573,53111.31966042281,0.0,0.0,-0.0,-15149.129713561515,-2286009.150064342,0.0,-4621898.37735606,True,-5.587935447692871e-09
2021-11-23,0.0,0.0,-0.0,-0.26834315,19.72909536600764,1127597.2293710874,-76268.43411356138,0.0,0.0,-0.0,-15467.907177391715,1137229.7590429091,0.0,2173090.647123046,True,2.7939677238464355e-09
2021-11-24,0.0,0.0,-0.0,-0.26981997,-7.739829578524564,-448177.1659739989,20449.757088124567,0.0,0.0,-0.0,-15418.00695845407,-442268.0289340346,0.0,-885413.4447783604,True,2.561137080192566e-09
2021-11-25,0.0,0.0,-0.0,-0.26242009,28.204104412171887,1671377.1199276806,-90734.71513186191,0.0,0.0,-0.0,-15485.056681644277,1664286.2803586994,0.0,3229443.628472872,True,-1.862645149230957e-09
2021-11-26,-1.69432027,11.23682953,0.04218425,0.08400015,-91.27930623771203,-4661413.417752642,106242.16290631512,-91155.47734311265,604548.37126533,2269.538713074123,4519.259968567256,-4910883.071502651,0.0,-8945872.633745119,True,0.0
2021-11-27,0.0,0.0,-0.0,0.02553442,14.398283111562023,755672.9963998536,-93281.48424396104,0.0,0.0,-0.0,1395.0955698779962,786662.9037506765,0.0,1450449.5114764422,True,-4.889443516731262e-09
2021-11-28,-12.60103981,6.70423087,0.04874247,-0.28906065,62.30345483076178,2363793.2904967032,-254163.98170065382,-721391.5058095986,383807.62822179316,2790.436690968536,-16548.308768004863,3566783.6762039047,0.0,5325071.235335119,True,6.51925802230835e-09
2021-11-29,-5.76791953,0.0,-0.01179881,-0.27581792,15.907347984818898,603985.456559635,-23509.62596245422,-334081.99861094664,0.0,-683.3954609680248,-15975.569958465454,921364.9011098654,0.0,1151099.767676659,True,-6.984919309616089e-09
2021-11-30,-0.57548903,0.0,-0.00227675,-0.25922342,-4.46204687454474,-735186.4486891816,15707.815633479298,-32858.70450887341,0.0,-129.9956238793597,-14800.882928315046,-254769.54748452417,0.0,-1022037.7636012882,True,6.170012056827545e-09
2021-12-01,0.0,0.0,-0.0,-0.26227749,1.2839259010164596,74544.05481595766,-1967.1991366029347,0.0,0.0,-0.0,-14997.186826540734,73415.6660145653,0.0,130995.33486738056,True,1.280568540096283e-09
2021-12-02,0.0,0.0,-0.0,-0.26643887,-9.263437556204622,-532830.7005832958,13297.984072267796,0.0,0.0,-0.0,-15075.882277179915,-524152.1031797954,0.0,-1058760.7019680068,True,-3.4924596548080444e-09
2021-12-03,0.0,0.0,-0.0,-0.26998699,-48.068988900935096,-2594466.7835839447,91738.53009363131,0.0,0.0,-0.0,-14490.63807065893,-2579940.3170722104,0.0,-5097159.208633177,True,5.587935447692871e-09
2021-12-04,-82.26338494,0.0,0.01519025,0.3665982,-19.804235948135783,-4019670.5100097246,359057.3321341152,-4044046.2695294744,0.0,746.7486767110912,18021.87065615562,-973571.0068988081,0.0,-8659461.834971026,True,0.0
2021-12-05,0.0,0.0,-0.0,0.69864482,2.080361506447275,135396.89079503852,-16632.79772591299,0.0,0.0,-0.0,34462.118429254355,102618.18675024026,0.0,255844.39824861288,True,-7.275957614183426e-09
2021-12-06,-84.00008081,0.0,-0.00121302,0.15948104,96.91172318738279,978416.4577931023,-117575.85747264558,-4244979.802521653,0.0,-61.300481504320295,8059.442171447928,4897475.140393372,0.0,1521334.07988213,True,1.0710209608078003e-08
2021-12-07,0.0,0.0,-0.0,0.00059065,0.0021862852028107227,28344.008819979943,-15.329015407214836,0.0,0.0,-0.0,29.871812379687267,110.57022159798262,0.0,28469.12183854729,True,-3.106833901256323e-09
2021-12-08,0.0,0.0,-0.0,-0.00085927,-0.0041359604806530115,-53583.64758765012,28.81771262795448,0.0,0.0,-0.0,-43.39369726450471,-208.86871064439833,0.0,-53807.09228293598,True,-4.9112713895738125e-09
2021-12-09,0.0,0.0,-0.0,-0.00087085,-0.1514901433115483,-1860315.8975277464,1011.0936668826992,0.0,0.0,-0.0,-41.7466530252834,-7262.107652957068,0.0,-1866608.6581668481,True,-2.0954757928848267e-09
2021-12-10,0.0,0.0,-0.0,-0.00079846,-0.03150123247155534,-363372.16138611804,273.3303836195362,0.0,0.0,-0.0,-37.87672984540686,-1494.3311776700898,0.0,-364631.0389100164,True,-2.3865140974521637e-09
2021-12-11,0.0,0.0,-0.0,-0.00046225,0.11526225590921513,1367952.714695587,-1088.3474488853478,0.0,0.0,-0.0,-22.798987870596072,5684.938397862058,0.0,1372526.5066566989,True,5.820766091346741e-09
2021-12-12,0.0,0.0,-0.0,0.00043365,0.047151870986454014,591449.8837047067,-376.6436488961026,0.0,0.0,-0.0,21.741724559190505,2364.0331867588366,0.0,593459.0149671286,True,0.0
2021-12-13,0.0,0.0,-0.0,0.0001461,-0.20444731966995278,-2432605.7592871347,1391.0993741483144,0.0,0.0,-0.0,6.835336397574278,-9565.134876978316,0.0,-2440772.959453568,True,-9.313225746154785e-10
2021-12-14,0.0,0.0,-0.0,-0.0001397,0.09546935860782924,1094160.6459982619,-933.8764021311686,0.0,0.0,-0.0,-6.74648771034541,4610.471399873148,0.0,1097830.4945082888,True,-4.6566128730773926e-09
2021-12-15,0.0,0.0,-0.0,-0.0008223,0.03264374636978573,390480.7056327471,-281.9222191957065,0.0,0.0,-0.0,-40.153420788033785,1594.014452248397,0.0,391752.64444502443,True,1.2689270079135895e-08
2021-12-16,0.0,0.0,-0.0,-0.00065701,-0.07176118797542586,-847213.8236355738,573.578294518326,0.0,0.0,-0.0,-31.3153758384597,-3420.387166199625,0.0,-850091.9478830993,True,-5.704350769519806e-09
2021-12-17,0.0,0.0,-0.0,-0.00053881,-0.08611322477668182,-964683.704481266,748.4775786059729,0.0,0.0,-0.0,-24.965483188786408,-3990.0118139871847,0.0,-967950.2041998431,True,-7.2177499532699585e-09
2021-12-18,0.0,0.0,-0.0,-0.00035504,0.03755685188525604,414034.2518460231,-370.3587286630911,0.0,0.0,-0.0,-16.653106349691328,1761.5993933212428,0.0,415408.8394043371,True,5.529727786779404e-09
2021-12-19,0.0,0.0,-0.0,-0.0003629,-0.0018513982049626065,-20648.898399374702,17.40233209683102,0.0,0.0,-0.0,-17.01145533072722,-86.78693266219328,0.0,-20735.29445527494,True,-4.143657861277461e-09
2021-12-20,0.0,0.0,-0.02001222,-0.02341372,2.0475048468456407,56862.82851773632,-48.06750731236144,0.0,0.0,-939.6690567760411,-1099.3856847475356,96140.10580434433,0.0,150915.81207324564,True,9.313225746154785e-10
2021-12-21,0.0,0.0,-0.0,-0.06756305,10.079633326248654,1544068.4357128995,3050.3389641208746,0.0,0.0,-0.0,-3316.1338405358906,494729.19255963876,0.0,2038531.8333961219,True,-1.3969838619232178e-09
2021-12-22,3.82945735,0.0,-0.01304868,-0.03288519,-5.3275953668237435,-283023.04364587704,-4489.861278693789,186464.31540359586,0.0,-635.3676149756814,-1601.2489185359846,-259411.79964366453,0.0,-362697.0056981519,True,-6.984919309616089e-10
2021-12-23,5.76602517,0.0,0.01232536,-0.01073512,-4.613294359510064,1474329.4855349872,12500.993693384245,292412.2658952856,0.0,625.0556213883328,-544.4098267538084,-233953.86199923197,0.0,1545369.5289190635,True,3.725290298461914e-09
2021-12-24,1.69606866,0.0,0.03075526,-0.03458361,1.8310970843748464,52107.37275741538,111.44343481533618,86132.86999625491,0.0,1561.870031417843,-1756.2883239238568,92990.13114184898,0.0,231147.39903783053,True,1.9208528101444244e-09
2021-12-25,0.0,0.0,-0.0,-0.01844916,2.1888768353097703,-142525.78248507282,-658.2278159011092,0.0,0.0,-0.0,-933.3513230831136,110736.26605776917,0.0,-33381.09556628764,True,2.1827872842550278e-10
2021-12-26,0.0,0.0,-0.0,-0.07350213,-2.3520146616798456,153188.0922726186,1162.4578468177115,0.0,0.0,-0.0,-3733.783734457759,-119478.36187857925,0.0,31138.404506400228,True,9.313225746154785e-10
2021-12-27,0.0,0.0,-0.0,0.14129821,0.02173834149130016,-1421.4522257198735,-6.250843299415464,0.0,0.0,-0.0,7177.4372397612,1104.2290043893959,0.0,6853.96317512542,True,-5.8862497098743916e-09
2021-12-28,0.0,0.0,-0.0,0.03272952,37.506681943468266,-2302085.343324837,-10189.3872352648,0.0,0.0,-0.0,1560.3158485394554,1788057.7002816466,0.0,-522656.7144299075,True,7.916241884231567e-09
2021-12-29,0.0,0.0,-0.0,0.17888434,15.787478024715256,-886518.396245669,-49033.82301502788,0.0,0.0,-0.0,8312.812804549936,733649.1806683788,0.0,-193590.22578777373,True,-5.587935447692871e-09
2021-12-30,0.0,0.0,-0.0,-0.03671287,-8.398289752975984,466060.1457010278,35751.708919539546,0.0,0.0,-0.0,-1729.2666009382785,-395580.13238473464,0.0,104502.45563489199,True,-2.444721758365631e-09
2021-12-31,0.0,0.0,-0.0,0.05407441,9.953506823657563,-550969.5670732566,-35990.83268254007,0.0,0.0,-0.0,2506.6256201153797,461395.9766583361,0.0,-123057.79747734219,True,2.9103830456733704e-09
