symbol,start,direction,peak_contracts,end,closed,duration_hours,exit_type,observed_hours,date,followup_hours,restricted_hours,horizon_observed,log_capital,log_price,log_vol,lag_return_30d,year_2019,year_2020,year_2021,log_holding_168h
XBTUSD,2018-03-05 07:28:18.063937,long,47000,2018-03-05 07:50:39.213592,True,0.3725415708333333,Trade,,2018-03-05,33544.52831557306,0.3725415708333333,True,,9.346843374775702,0.266252890012814,0.3046303488943946,0.0,0.0,0.0,0.31666418234602145
XBTUSD,2018-03-05 09:16:57.937933,short,17000,2018-03-05 10:09:59.096173,True,0.8836550666666667,Trade,,2018-03-05,33542.717239463054,0.8836550666666667,True,,9.346843374775702,0.266252890012814,0.3046303488943946,0.0,0.0,0.0,0.6332140737585467
XBTUSD,2018-03-05 10:18:04.332816,short,40000,2018-03-05 18:44:09.799976,True,8.434851988888889,Trade,,2018-03-05,33541.698796439996,8.434851988888889,True,,9.346843374775702,0.266252890012814,0.3046303488943946,0.0,0.0,0.0,2.244410491245306
XBTUSD,2018-03-05 18:47:26.817534,short,30000,2018-03-05 18:54:44.152336,True,0.1214818894444444,Trade,,2018-03-05,33533.209217351665,0.1214818894444444,True,,9.346843374775702,0.266252890012814,0.3046303488943946,0.0,0.0,0.0,0.11465092633631906
XBTUSD,2018-03-05 19:19:42.170261,short,5000,2018-03-05 19:31:57.817882,True,0.2043465613888888,Trade,,2018-03-05,33532.67161937195,0.2043465613888888,True,,9.346843374775702,0.266252890012814,0.3046303488943946,0.0,0.0,0.0,0.1859371471532828
XBTUSD,2018-03-05 19:48:49.921588,long,5000,2018-03-05 20:37:37.834668,True,0.8133091888888888,Trade,,2018-03-05,33532.186132892224,0.8133091888888888,True,,9.346843374775702,0.266252890012814,0.3046303488943946,0.0,0.0,0.0,0.5951534571601164
XBTUSD,2018-03-05 22:17:28.787751,long,9000,2018-03-06 00:03:12.792359,True,1.7622235022222223,Trade,,2018-03-05,33529.708670069165,1.7622235022222223,True,,9.346843374775702,0.266252890012814,0.3046303488943946,0.0,0.0,0.0,1.0160359721412504
XBTUSD,2018-03-06 00:09:37.019976,short,10000,2018-03-06 00:37:05.296465,True,0.4578545802777778,Trade,,2018-03-06,33527.839716673334,0.4578545802777778,True,7.002431791631876,9.353631931878995,0.262859322563378,0.2637467738235666,0.0,0.0,0.0,0.3769658894337049
XBTUSD,2018-03-06 01:00:29.349048,short,20000,2018-03-06 01:07:09.171943,True,0.1110619152777777,Trade,,2018-03-06,33526.991847486664,0.1110619152777777,True,7.002431791631876,9.353631931878995,0.262859322563378,0.2637467738235666,0.0,0.0,0.0,0.10531623842760415
XBTUSD,2018-03-06 01:14:23.643436,short,20000,2018-03-06 01:18:32.439675,True,0.0691100663888888,Trade,,2018-03-06,33526.760099045554,0.0691100663888888,True,7.002431791631876,9.353631931878995,0.262859322563378,0.2637467738235666,0.0,0.0,0.0,0.06682658875287018
XBTUSD,2018-03-06 01:19:47.450973,short,20000,2018-03-06 01:24:47.271616,True,0.0832835119444444,Trade,,2018-03-06,33526.6701525075,0.0832835119444444,True,7.002431791631876,9.353631931878995,0.262859322563378,0.2637467738235666,0.0,0.0,0.0,0.07999671764165212
XBTUSD,2018-03-06 01:27:47.356189,long,10000,2018-03-06 01:38:34.444920,True,0.1797468697222222,Trade,,2018-03-06,33526.536845503055,0.1797468697222222,True,7.002431791631876,9.353631931878995,0.262859322563378,0.2637467738235666,0.0,0.0,0.0,0.16529989828091365
XBTUSD,2018-03-06 02:10:36.563108,short,10000,2018-03-06 02:45:21.358774,True,0.5791099072222222,Trade,,2018-03-06,33525.82317691445,0.5791099072222222,True,7.002431791631876,9.353631931878995,0.262859322563378,0.2637467738235666,0.0,0.0,0.0,0.45686133843836974
XBTUSD,2018-03-06 07:16:01.443339,short,10000,2018-03-06 07:32:19.503912,True,0.2716834925,Trade,,2018-03-06,33520.73293240583,0.2716834925,True,7.002431791631876,9.353631931878995,0.262859322563378,0.2637467738235666,0.0,0.0,0.0,0.2403416073044996
XBTUSD,2018-03-06 14:18:57.009359,long,20000,2018-03-06 21:27:27.822729,True,7.141892602777777,Trade,,2018-03-06,33513.684164066945,7.141892602777777,True,7.002431791631876,9.353631931878995,0.262859322563378,0.2637467738235666,0.0,0.0,0.0,2.0970226594727617
XBTUSD,2018-03-06 22:27:21.943559,short,10000,2018-03-06 23:21:02.958930,True,0.8947264919444444,Trade,,2018-03-06,33505.54390456694,0.8947264919444444,True,7.002431791631876,9.353631931878995,0.262859322563378,0.2637467738235666,0.0,0.0,0.0,0.639074496689873
XBTUSD,2018-03-08 01:06:41.759573,long,10000,2018-03-08 01:17:45.155130,True,0.1842765436111111,Trade,,2018-03-08,33478.88840011861,0.1842765436111111,True,6.60082779795753,9.20060160869952,0.10733914040049211,0.4458023967770352,0.0,0.0,0.0,0.16913207642834702
XBTUSD,2018-03-08 01:35:23.169916,short,10000,2018-03-08 01:36:54.285272,True,0.0253098211111111,Trade,,2018-03-08,33478.41023057889,0.0253098211111111,True,6.60082779795753,9.20060160869952,0.10733914040049211,0.4458023967770352,0.0,0.0,0.0,0.024994831416306165
XBTUSD,2018-03-08 01:39:26.744470,short,10000,2018-03-08 01:41:29.398657,True,0.0340706074999999,Trade,,2018-03-08,33478.34257098055,0.0340706074999999,True,6.60082779795753,9.20060160869952,0.10733914040049211,0.4458023967770352,0.0,0.0,0.0,0.03350305953823489
XBTUSD,2018-03-08 01:48:18.932880,short,15000,2018-03-08 02:02:50.439644,True,0.2420852122222222,Trade,,2018-03-08,33478.19474086667,0.2420852122222222,True,6.60082779795753,9.20060160869952,0.10733914040049211,0.4458023967770352,0.0,0.0,0.0,0.21679159003238085
XBTUSD,2018-03-08 02:11:59.035899,long,20000,2018-03-08 02:23:34.758350,True,0.1932562363888889,Trade,,2018-03-08,33477.80026780583,0.1932562363888889,True,6.60082779795753,9.20060160869952,0.10733914040049211,0.4458023967770352,0.0,0.0,0.0,0.17668590327939124
XBTUSD,2018-03-08 02:24:08.882562,long,15000,2018-03-08 02:29:58.964910,True,0.0972450966666666,Trade,,2018-03-08,33477.597532621665,0.0972450966666666,True,6.60082779795753,9.20060160869952,0.10733914040049211,0.4458023967770352,0.0,0.0,0.0,0.09280258082859474
XBTUSD,2018-03-08 02:31:48.112765,long,15000,2018-03-08 03:12:43.040266,True,0.6819243058333334,Trade,,2018-03-08,33477.46996867639,0.6819243058333334,True,6.60082779795753,9.20060160869952,0.10733914040049211,0.4458023967770352,0.0,0.0,0.0,0.5199385580609048
XBTUSD,2018-03-08 03:20:15.276712,long,15000,2018-03-08 03:22:22.878716,True,0.0354450011111111,Trade,,2018-03-08,33476.66242313555,0.0354450011111111,True,6.60082779795753,9.20060160869952,0.10733914040049211,0.4458023967770352,0.0,0.0,0.0,0.03483128707848622
XBTUSD,2018-03-08 03:32:39.133287,short,10000,2018-03-08 03:34:27.641938,True,0.0301412919444444,Trade,,2018-03-08,33476.455796309165,0.0301412919444444,True,6.60082779795753,9.20060160869952,0.10733914040049211,0.4458023967770352,0.0,0.0,0.0,0.02969596947878042
XBTUSD,2018-03-08 03:35:44.730075,short,10000,2018-03-08 03:36:52.000555,True,0.0186862444444444,Trade,,2018-03-08,33476.40424164583,0.0186862444444444,True,6.60082779795753,9.20060160869952,0.10733914040049211,0.4458023967770352,0.0,0.0,0.0,0.01851380147416888
XBTUSD,2018-03-08 03:42:35.917330,short,10000,2018-03-08 03:44:25.623684,True,0.0304739872222222,Trade,,2018-03-08,33476.29002296389,0.0304739872222222,True,6.60082779795753,9.20060160869952,0.10733914040049211,0.4458023967770352,0.0,0.0,0.0,0.030018878159534447
XBTUSD,2018-03-08 03:50:28.992007,short,10000,2018-03-08 03:51:13.951500,True,0.0124887480555555,Trade,,2018-03-08,33476.15861333139,0.0124887480555555,True,6.60082779795753,9.20060160869952,0.10733914040049211,0.4458023967770352,0.0,0.0,0.0,0.012411406905256836
XBTUSD,2018-03-08 03:58:41.754451,short,15000,2018-03-08 04:02:23.044689,True,0.0614695105555555,Trade,,2018-03-08,33476.02173487472,0.0614695105555555,True,6.60082779795753,9.20060160869952,0.10733914040049211,0.4458023967770352,0.0,0.0,0.0,0.05965427876755457
XBTUSD,2018-03-08 04:05:37.192401,long,15000,2018-03-08 04:10:32.294106,True,0.0819726958333333,Trade,,2018-03-08,33475.90633544417,0.0819726958333333,True,6.60082779795753,9.20060160869952,0.10733914040049211,0.4458023967770352,0.0,0.0,0.0,0.07878594520138635
XBTUSD,2018-03-08 04:11:28.945187,long,20000,2018-03-08 04:30:37.751276,True,0.3191128024999999,Trade,,2018-03-08,33475.80862633694,0.3191128024999999,True,6.60082779795753,9.20060160869952,0.10733914040049211,0.4458023967770352,0.0,0.0,0.0,0.2769593913066489
XBTUSD,2018-03-08 04:31:06.462490,long,20000,2018-03-08 05:02:00.899680,True,0.5151214416666667,Trade,,2018-03-08,33475.48153819722,0.5151214416666667,True,6.60082779795753,9.20060160869952,0.10733914040049211,0.4458023967770352,0.0,0.0,0.0,0.41549559526468177
XBTUSD,2018-03-08 08:03:49.664932,short,10000,2018-03-08 08:19:30.949852,True,0.2614680333333333,Trade,,2018-03-08,33471.93620418556,0.2614680333333333,True,6.60082779795753,9.20060160869952,0.10733914040049211,0.4458023967770352,0.0,0.0,0.0,0.2322761485744455
XBTUSD,2018-03-08 08:20:51.867539,short,10000,2018-03-08 08:24:05.307229,True,0.0537332472222222,Trade,,2018-03-08,33471.65225901694,0.0537332472222222,True,6.60082779795753,9.20060160869952,0.10733914040049211,0.4458023967770352,0.0,0.0,0.0,0.05233933196054822
XBTUSD,2018-03-09 05:15:24.341111,long,10000,2018-03-09 05:49:16.663947,True,0.5645341211111111,Trade,,2018-03-09,33450.743238580275,0.5645341211111111,True,7.034375347683761,9.141041252130506,0.06506773333841616,0.2056990218924743,0.0,0.0,0.0,0.44758809348380374
XBTUSD,2018-03-09 05:50:48.917714,long,15000,2018-03-09 06:30:12.449429,True,0.6565365875,Trade,,2018-03-09,33450.153078412775,0.6565365875,True,7.034375347683761,9.141041252130506,0.06506773333841616,0.2056990218924743,0.0,0.0,0.0,0.5047290297460101
XBTUSD,2018-03-09 06:58:50.645272,short,10000,2018-03-09 06:59:11.975194,True,0.0059249783333333,Trade,,2018-03-09,33449.01926520222,0.0059249783333333,True,7.034375347683761,9.141041252130506,0.06506773333841616,0.2056990218924743,0.0,0.0,0.0,0.005907494675413301
XBTUSD,2018-03-09 07:08:43.313202,short,10000,2018-03-09 07:14:13.943000,True,0.0918416105555555,Trade,,2018-03-09,33448.854635221665,0.0918416105555555,True,7.034375347683761,9.141041252130506,0.06506773333841616,0.2056990218924743,0.0,0.0,0.0,0.08786582152383424
XBTUSD,2018-03-09 07:15:59.607689,short,10000,2018-03-09 07:41:35.613585,True,0.4266683044444444,Trade,,2018-03-09,33448.733442308614,0.4266683044444444,True,7.034375347683761,9.141041252130506,0.06506773333841616,0.2056990218924743,0.0,0.0,0.0,0.3553418689000147
XBTUSD,2018-03-09 07:45:25.861115,long,15000,2018-03-09 07:57:52.023828,True,0.2072674202777777,Trade,,2018-03-09,33448.24281635695,0.2072674202777777,True,7.034375347683761,9.141041252130506,0.06506773333841616,0.2056990218924743,0.0,0.0,0.0,0.18835947538600506
XBTUSD,2018-03-09 08:02:38.925286,long,15000,2018-03-09 09:06:17.057098,True,1.06059217,Trade,,2018-03-09,33447.955854087224,1.06059217,True,7.034375347683761,9.141041252130506,0.06506773333841616,0.2056990218924743,0.0,0.0,0.0,0.7229934026574939
XBTUSD,2018-03-09 09:07:52.386269,long,15000,2018-03-09 09:30:47.587491,True,0.3820003394444444,Trade,,2018-03-09,33446.86878159194,0.3820003394444444,True,7.034375347683761,9.141041252130506,0.06506773333841616,0.2056990218924743,0.0,0.0,0.0,0.32353197096371455
XBTUSD,2018-03-09 09:32:08.258181,long,20000,2018-03-09 11:26:17.719485,True,1.90262814,Trade,,2018-03-09,33446.464372727496,1.90262814,True,7.034375347683761,9.141041252130506,0.06506773333841616,0.2056990218924743,0.0,0.0,0.0,1.0656165817635568
XBTUSD,2018-03-09 11:26:38.348415,long,5000,2018-03-09 11:28:36.919479,True,0.0329364066666666,Trade,,2018-03-09,33444.556014329166,0.0329364066666666,True,7.034375347683761,9.141041252130506,0.06506773333841616,0.2056990218924743,0.0,0.0,0.0,0.032405626448369265
XBTUSD,2018-03-09 11:28:59.384697,short,11000,2018-03-09 11:39:56.727725,True,0.1825952855555555,Trade,,2018-03-09,33444.51683758417,0.1825952855555555,True,7.034375347683761,9.141041252130506,0.06506773333841616,0.2056990218924743,0.0,0.0,0.0,0.16771141788857555
XBTUSD,2018-03-09 11:43:25.671731,long,1000,2018-03-09 11:45:15.881772,True,0.0306139002777777,Trade,,2018-03-09,33444.27620229695,0.0306139002777777,True,7.034375347683761,9.141041252130506,0.06506773333841616,0.2056990218924743,0.0,0.0,0.0,0.030154644379518515
XBTUSD,2018-03-09 11:48:09.295088,short,2000,2018-03-09 11:49:44.964994,True,0.0265749738888888,Trade,,2018-03-09,33444.197418031115,0.0265749738888888,True,7.034375347683761,9.141041252130506,0.06506773333841616,0.2056990218924743,0.0,0.0,0.0,0.026227993181709194
XBTUSD,2018-03-09 11:55:43.331313,short,10000,2018-03-09 12:02:07.214490,True,0.1066342158333333,Trade,,2018-03-09,33444.0712968575,0.1066342158333333,True,7.034375347683761,9.141041252130506,0.06506773333841616,0.2056990218924743,0.0,0.0,0.0,0.10132317078818996
XBTUSD,2018-03-09 12:02:55.469271,short,6000,2018-03-09 12:08:42.852249,True,0.0964952716666666,Trade,,2018-03-09,33443.95125853583,0.0964952716666666,True,7.034375347683761,9.141041252130506,0.06506773333841616,0.2056990218924743,0.0,0.0,0.0,0.09211897666100584
XBTUSD,2018-03-09 12:14:55.660514,short,15000,2018-03-09 12:25:24.345454,True,0.1746347055555555,Trade,,2018-03-09,33443.75120541278,0.1746347055555555,True,7.034375347683761,9.141041252130506,0.06506773333841616,0.2056990218924743,0.0,0.0,0.0,0.1609572103712644
XBTUSD,2018-03-09 12:27:07.811748,short,10000,2018-03-09 12:32:49.580381,True,0.0949357313888888,Trade,,2018-03-09,33443.54783007,0.0949357313888888,True,7.034375347683761,9.141041252130506,0.06506773333841616,0.2056990218924743,0.0,0.0,0.0,0.09069566875043929
XBTUSD,2018-03-09 12:33:17.631973,short,8000,2018-03-09 12:41:44.370519,True,0.1407607072222222,Trade,,2018-03-09,33443.44510222972,0.1407607072222222,True,7.034375347683761,9.141041252130506,0.06506773333841616,0.2056990218924743,0.0,0.0,0.0,0.1316953269064381
XBTUSD,2018-03-09 12:42:09.506409,short,4000,2018-03-09 12:43:42.924143,True,0.0259493705555555,Trade,,2018-03-09,33443.297359330834,0.0259493705555555,True,7.034375347683761,9.141041252130506,0.06506773333841616,0.2056990218924743,0.0,0.0,0.0,0.0256183990939219
XBTUSD,2018-03-09 12:47:37.189223,short,15000,2018-03-09 12:53:15.468987,True,0.0939666011111111,Trade,,2018-03-09,33443.20633632694,0.0939666011111111,True,7.034375347683761,9.141041252130506,0.06506773333841616,0.2056990218924743,0.0,0.0,0.0,0.08981017438487256
XBTUSD,2018-03-09 12:53:47.642335,short,5000,2018-03-09 12:55:02.389413,True,0.0207630772222222,Trade,,2018-03-09,33443.10343268472,0.0207630772222222,True,7.034375347683761,9.141041252130506,0.06506773333841616,0.2056990218924743,0.0,0.0,0.0,0.020550462521446447
XBTUSD,2018-03-09 12:56:24.471875,short,15000,2018-03-09 13:19:18.241920,True,0.3816027902777777,Trade,,2018-03-09,33443.059868923614,0.3816027902777777,True,7.034375347683761,9.141041252130506,0.06506773333841616,0.2056990218924743,0.0,0.0,0.0,0.3232442674471472
XBTUSD,2018-03-09 13:20:05.729565,short,10000,2018-03-09 13:22:11.798874,True,0.0350192525,Trade,,2018-03-09,33442.665075120836,0.0350192525,True,7.034375347683761,9.141041252130506,0.06506773333841616,0.2056990218924743,0.0,0.0,0.0,0.03442002799360295
XBTUSD,2018-03-09 13:22:58.932480,short,5000,2018-03-09 13:24:04.569588,True,0.01823253,Trade,,2018-03-09,33442.616963199995,0.01823253,True,7.034375347683761,9.141041252130506,0.06506773333841616,0.2056990218924743,0.0,0.0,0.0,0.01806831051238823
XBTUSD,2018-03-09 13:29:02.735802,short,10000,2018-03-09 13:36:30.075358,True,0.1242609877777777,Trade,,2018-03-09,33442.51590672167,0.1242609877777777,True,7.034375347683761,9.141041252130506,0.06506773333841616,0.2056990218924743,0.0,0.0,0.0,0.11712592005011972
XBTUSD,2018-03-09 13:37:19.505478,short,10000,2018-03-09 13:47:17.728618,True,0.1661730944444444,Trade,,2018-03-09,33442.377915145,0.1661730944444444,True,7.034375347683761,9.141041252130506,0.06506773333841616,0.2056990218924743,0.0,0.0,0.0,0.15372752840656065
XBTUSD,2018-03-09 13:51:13.281359,short,5000,2018-03-09 13:58:50.423413,True,0.1269839038888889,Trade,,2018-03-09,33442.14631073361,0.1269839038888889,True,7.034375347683761,9.141041252130506,0.06506773333841616,0.2056990218924743,0.0,0.0,0.0,0.11954495269201666
XBTUSD,2018-03-09 14:02:11.795953,long,10000,2018-03-09 16:26:58.662496,True,2.413018484166667,Trade,,2018-03-09,33441.96339001306,2.413018484166667,True,7.034375347683761,9.141041252130506,0.06506773333841616,0.2056990218924743,0.0,0.0,0.0,1.2275970857219956
XBTUSD,2018-03-09 22:39:37.937011,long,5000,2018-03-09 22:40:12.001405,True,0.0094623316666666,Trade,,2018-03-09,33433.33946194139,0.0094623316666666,True,7.034375347683761,9.141041252130506,0.06506773333841616,0.2056990218924743,0.0,0.0,0.0,0.009417844222834197
XBTUSD,2018-03-09 22:41:57.544640,long,5000,2018-03-09 22:42:33.060565,True,0.0098655347222222,Trade,,2018-03-09,33433.30068204444,0.0098655347222222,True,7.034375347683761,9.141041252130506,0.06506773333841616,0.2056990218924743,0.0,0.0,0.0,0.009817188051664783
XBTUSD,2018-03-09 22:49:12.638352,long,5000,2018-03-09 23:01:49.270491,True,0.2101755941666666,Trade,,2018-03-09,33433.179822679995,0.2101755941666666,True,7.034375347683761,9.141041252130506,0.06506773333841616,0.2056990218924743,0.0,0.0,0.0,0.19076546822589052
XBTUSD,2018-03-09 23:32:18.203763,short,10000,2018-03-09 23:34:51.963421,True,0.0427110161111111,Trade,,2018-03-09,33432.46161006584,0.0427110161111111,True,7.034375347683761,9.141041252130506,0.06506773333841616,0.2056990218924743,0.0,0.0,0.0,0.04182406774380166
XBTUSD,2018-03-09 23:45:56.972181,short,5000,2018-03-09 23:48:19.357954,True,0.0395516036111111,Trade,,2018-03-09,33432.234174394165,0.0395516036111111,True,7.034375347683761,9.141041252130506,0.06506773333841616,0.2056990218924743,0.0,0.0,0.0,0.03878946980730294
XBTUSD,2018-03-10 00:01:42.119420,short,15000,2018-03-10 00:53:22.724672,True,0.8612792366666666,Trade,,2018-03-10,33431.971633494446,0.8612792366666666,True,6.999120924837569,9.135416286750695,0.06337059956556032,0.2168697105062964,0.0,0.0,0.0,0.6212640129741975
XBTUSD,2018-03-10 00:53:53.744962,short,10000,2018-03-10 01:04:11.711528,True,0.1716573794444444,Trade,,2018-03-10,33431.10173751055,0.1716573794444444,True,6.999120924837569,9.135416286750695,0.06337059956556032,0.2168697105062964,0.0,0.0,0.0,0.15841931005765075
XBTUSD,2018-03-10 01:04:44.264273,short,20000,2018-03-10 01:09:47.494003,True,0.0842304805555555,Trade,,2018-03-10,33430.92103770194,0.0842304805555555,True,6.999120924837569,9.135416286750695,0.06337059956556032,0.2168697105062964,0.0,0.0,0.0,0.08087050085563684
XBTUSD,2018-03-10 01:10:29.547392,short,5000,2018-03-10 01:10:53.497721,True,0.0066528691666666,Trade,,2018-03-10,33430.82512572445,0.0066528691666666,True,6.999120924837569,9.135416286750695,0.06337059956556032,0.2168697105062964,0.0,0.0,0.0,0.006630836498910897
XBTUSD,2018-03-10 01:11:49.720740,short,30000,2018-03-10 01:33:13.795588,True,0.3566874577777777,Trade,,2018-03-10,33430.80285535,0.3566874577777777,True,6.999120924837569,9.135416286750695,0.06337059956556032,0.2168697105062964,0.0,0.0,0.0,0.30504603581229023
XBTUSD,2018-03-10 01:35:08.252272,short,15000,2018-03-10 01:42:24.451728,True,0.1211665155555555,Trade,,2018-03-10,33430.41437436889,0.1211665155555555,True,6.999120924837569,9.135416286750695,0.06337059956556032,0.2168697105062964,0.0,0.0,0.0,0.11436967503516578
XBTUSD,2018-03-10 01:45:03.755016,short,20000,2018-03-10 01:52:06.690205,True,0.1174819969444444,Trade,,2018-03-10,33430.24895694,0.1174819969444444,True,6.999120924837569,9.135416286750695,0.06337059956556032,0.2168697105062964,0.0,0.0,0.0,0.11107793725898925
XBTUSD,2018-03-10 01:55:11.019028,short,30000,2018-03-10 04:07:12.490930,True,2.200408861666667,Trade,,2018-03-10,33430.080272492225,2.200408861666667,True,6.999120924837569,9.135416286750695,0.06337059956556032,0.2168697105062964,0.0,0.0,0.0,1.1632785709147162
XBTUSD,2018-03-10 04:08:55.281526,short,15000,2018-03-10 04:20:04.508194,True,0.1858962966666666,Trade,,2018-03-10,33427.85131068722,0.1858962966666666,True,6.999120924837569,9.135416286750695,0.06337059956556032,0.2168697105062964,0.0,0.0,0.0,0.17049885717967764
XBTUSD,2018-03-10 04:20:38.698358,short,10000,2018-03-10 04:30:38.834974,True,0.1667046155555555,Trade,,2018-03-10,33427.65591712278,0.1667046155555555,True,6.999120924837569,9.135416286750695,0.06337059956556032,0.2168697105062964,0.0,0.0,0.0,0.15418320691729434
XBTUSD,2018-03-10 04:33:48.835998,short,5000,2018-03-10 04:34:14.700151,True,0.0071844869444444,Trade,,2018-03-10,33427.436434445,0.0071844869444444,True,6.999120924837569,9.135416286750695,0.06337059956556032,0.2168697105062964,0.0,0.0,0.0,0.0071588014693823
XBTUSD,2018-03-10 04:44:07.897807,short,15000,2018-03-10 05:02:10.387030,True,0.3006914508333333,Trade,,2018-03-10,33427.26447283139,0.3006914508333333,True,6.999120924837569,9.135416286750695,0.06337059956556032,0.2168697105062964,0.0,0.0,0.0,0.2628960083230754
XBTUSD,2018-03-10 05:11:17.806124,short,10000,2018-03-10 05:25:54.090176,True,0.2434122366666666,Trade,,2018-03-10,33426.81172052111,0.2434122366666666,True,6.999120924837569,9.135416286750695,0.06337059956556032,0.2168697105062964,0.0,0.0,0.0,0.21785940410004773
XBTUSD,2018-03-10 08:45:27.033075,short,10000,2018-03-10 10:47:26.843842,True,2.033280768611111,Trade,,2018-03-10,33423.242490812496,2.033280768611111,True,6.999120924837569,9.135416286750695,0.06337059956556032,0.2168697105062964,0.0,0.0,0.0,1.1096447956752413
XBTUSD,2018-03-10 21:45:29.338553,long,15000,2018-03-11 01:21:35.766086,True,3.601785425833333,Trade,,2018-03-10,33410.241850401944,3.601785425833333,True,6.999120924837569,9.135416286750695,0.06337059956556032,0.2168697105062964,0.0,0.0,0.0,1.526444364240462
XBTUSD,2018-03-11 01:23:07.691743,long,10000,2018-03-11 01:26:27.655271,True,0.0555454244444444,Trade,,2018-03-11,33406.61453007139,0.0555454244444444,True,6.685916097841176,9.080978608427321,0.0548216130686205,0.0691092028590432,0.0,0.0,0.0,0.0540576233294788
XBTUSD,2018-03-11 04:09:34.681029,long,7000,2018-03-11 04:28:16.847359,True,0.3117128694444444,Trade,,2018-03-11,33403.840366380835,0.3117128694444444,True,6.685916097841176,9.080978608427321,0.0548216130686205,0.0691092028590432,0.0,0.0,0.0,0.2713338170620414
XBTUSD,2018-03-11 04:41:47.742190,long,6000,2018-03-11 04:45:25.043476,True,0.0603614683333333,Trade,,2018-03-11,33403.30340494722,0.0603614683333333,True,6.685916097841176,9.080978608427321,0.0548216130686205,0.0691092028590432,0.0,0.0,0.0,0.058609857855644924
XBTUSD,2018-03-11 05:11:17.453644,long,3000,2018-03-11 05:23:03.431801,True,0.1961050436111111,Trade,,2018-03-11,33402.81181843222,0.1961050436111111,True,6.685916097841176,9.080978608427321,0.0548216130686205,0.0691092028590432,0.0,0.0,0.0,0.17907048077797005
XBTUSD,2018-03-11 05:30:34.498389,long,10000,2018-03-11 06:21:55.753377,True,0.8559041633333334,Trade,,2018-03-11,33402.49041711417,0.8559041633333334,True,6.685916097841176,9.080978608427321,0.0548216130686205,0.0691092028590432,0.0,0.0,0.0,0.6183719968957604
XBTUSD,2018-03-11 11:30:25.169634,long,100,2018-03-11 11:40:53.688729,True,0.1745886375,Trade,,2018-03-11,33396.493008435,0.1745886375,True,6.685916097841176,9.080978608427321,0.0548216130686205,0.0691092028590432,0.0,0.0,0.0,0.16091799055361905
XBTUSD,2018-03-11 11:48:29.585899,short,3000,2018-03-11 11:49:02.146278,True,0.0090445497222222,Trade,,2018-03-11,33396.191781694724,0.0090445497222222,True,6.685916097841176,9.080978608427321,0.0548216130686205,0.0691092028590432,0.0,0.0,0.0,0.009003892747848177
XBTUSD,2018-03-11 12:21:10.572916,short,10000,2018-03-11 12:23:06.945603,True,0.0323257463888888,Trade,,2018-03-11,33395.64706307889,0.0323257463888888,True,6.685916097841176,9.080978608427321,0.0548216130686205,0.0691092028590432,0.0,0.0,0.0,0.03181426297940671
XBTUSD,2018-03-11 12:30:47.992234,short,10000,2018-03-11 12:34:23.383196,True,0.0598308227777777,Trade,,2018-03-11,33395.48666882388,0.0598308227777777,True,6.685916097841176,9.080978608427321,0.0548216130686205,0.0691092028590432,0.0,0.0,0.0,0.05810929423331653
XBTUSD,2018-03-11 13:13:03.754372,short,10000,2018-03-11 13:17:48.475100,True,0.0790890911111111,Trade,,2018-03-11,33394.782290452225,0.0790890911111111,True,6.685916097841176,9.080978608427321,0.0548216130686205,0.0691092028590432,0.0,0.0,0.0,0.07611725108903399
XBTUSD,2018-03-11 13:20:33.234218,short,10000,2018-03-11 13:36:22.905591,True,0.2637976036111111,Trade,,2018-03-11,33394.65743493944,0.2637976036111111,True,6.685916097841176,9.080978608427321,0.0548216130686205,0.0691092028590432,0.0,0.0,0.0,0.2341211591781065
XBTUSD,2018-03-11 13:37:42.936953,short,10000,2018-03-11 13:39:36.828426,True,0.0316365202777777,Trade,,2018-03-11,33394.371406401944,0.0316365202777777,True,6.685916097841176,9.080978608427321,0.0548216130686205,0.0691092028590432,0.0,0.0,0.0,0.031146395986040493
XBTUSD,2018-03-11 13:41:09.744267,short,10000,2018-03-11 13:45:08.751124,True,0.0663907936111111,Trade,,2018-03-11,33394.313959925836,0.0663907936111111,True,6.685916097841176,9.080978608427321,0.0548216130686205,0.0691092028590432,0.0,0.0,0.0,0.06427985669722572
XBTUSD,2018-03-11 13:52:18.502560,short,10000,2018-03-11 13:56:41.507216,True,0.0730568488888888,Trade,,2018-03-11,33394.12819373333,0.0730568488888888,True,6.685916097841176,9.080978608427321,0.0548216130686205,0.0691092028590432,0.0,0.0,0.0,0.0705114435022233
XBTUSD,2018-03-11 14:02:15.966430,short,10000,2018-03-11 14:03:35.524031,True,0.0220993336111111,Trade,,2018-03-11,33393.96223154722,0.0220993336111111,True,6.685916097841176,9.080978608427321,0.0548216130686205,0.0691092028590432,0.0,0.0,0.0,0.021858682372552913
XBTUSD,2018-03-11 22:32:56.663498,short,5000,2018-03-11 22:33:58.020192,True,0.0170435261111111,Trade,,2018-03-11,33385.45092680611,0.0170435261111111,True,6.685916097841176,9.080978608427321,0.0548216130686205,0.0691092028590432,0.0,0.0,0.0,0.016899914686590804
XBTUSD,2018-03-11 22:38:12.135861,short,10000,2018-03-11 23:02:39.804530,True,0.4076857413888888,Trade,,2018-03-11,33385.363295594165,0.4076857413888888,True,6.685916097841176,9.080978608427321,0.0548216130686205,0.0691092028590432,0.0,0.0,0.0,0.34194703778783114
XBTUSD,2018-03-12 00:06:43.412591,short,20000,2018-03-12 03:42:54.759180,True,3.603151830277778,Trade,,2018-03-12,33383.887940946945,3.603151830277778,True,6.8007718640633374,9.160470842476972,0.07380653094271702,0.0985031482563296,0.0,0.0,0.0,1.5267412493612322
XBTUSD,2018-03-12 05:36:11.921865,short,10000,2018-03-12 06:24:34.548503,True,0.8062851772222223,Trade,,2018-03-12,33378.396688370834,0.8062851772222223,True,6.8007718640633374,9.160470842476972,0.07380653094271702,0.0985031482563296,0.0,0.0,0.0,0.5912723479677034
XBTUSD,2018-03-12 06:28:03.912372,short,20000,2018-03-12 07:41:14.758075,True,1.2196793619444444,Trade,,2018-03-12,33377.532246563336,1.2196793619444444,True,6.8007718640633374,9.160470842476972,0.07380653094271702,0.0985031482563296,0.0,0.0,0.0,0.7973627538963898
XBTUSD,2018-03-12 07:43:59.625570,short,15000,2018-03-12 07:48:09.437145,True,0.0693921041666666,Trade,,2018-03-12,33376.266770675,0.0693921041666666,True,6.8007718640633374,9.160470842476972,0.07380653094271702,0.0985031482563296,0.0,0.0,0.0,0.06709036008150977
XBTUSD,2018-03-12 07:49:28.445360,short,25000,2018-03-12 09:41:01.278482,True,1.8591203116666664,Trade,,2018-03-12,33376.175431844444,1.8591203116666664,True,6.8007718640633374,9.160470842476972,0.07380653094271702,0.0985031482563296,0.0,0.0,0.0,1.0505139941849722
XBTUSD,2018-03-12 09:50:47.519366,short,45000,2018-03-12 14:21:07.591196,True,4.505575508333334,Trade,,2018-03-12,33374.15346684278,4.505575508333334,True,6.8007718640633374,9.160470842476972,0.07380653094271702,0.0985031482563296,0.0,0.0,0.0,1.705761307550264
XBTUSD,2018-03-12 14:27:49.285701,long,45000,2018-03-12 16:03:15.628659,True,1.5906508216666668,Trade,,2018-03-12,33369.536309527495,1.5906508216666668,True,6.8007718640633374,9.160470842476972,0.07380653094271702,0.0985031482563296,0.0,0.0,0.0,0.9519091266420703
XBTUSD,2018-03-13 00:39:24.858519,long,15000,2018-03-13 01:00:29.548771,True,0.3513028477777778,Trade,,2018-03-13,33359.34309485583,0.3513028477777778,True,3.5564585681352234,9.121278550325988,0.08155409012816145,0.0724004896357894,0.0,0.0,0.0,0.30106919949532085
XBTUSD,2018-03-13 01:00:29.548771,short,20000,2018-03-13 01:46:10.807267,True,0.7614606933333333,Trade,,2018-03-13,33358.991792008055,0.7614606933333333,True,3.5564585681352234,9.121278550325988,0.08155409012816145,0.0724004896357894,0.0,0.0,0.0,0.5661434042347363
XBTUSD,2018-03-13 01:48:07.668362,long,10000,2018-03-13 01:50:59.685624,True,0.0477825727777777,Trade,,2018-03-13,33358.19786989944,0.0477825727777777,True,3.5564585681352234,9.121278550325988,0.08155409012816145,0.0724004896357894,0.0,0.0,0.0,0.04667609565074307
XBTUSD,2018-03-13 01:53:51.455287,short,10000,2018-03-13 01:58:14.158818,True,0.0729732030555555,Trade,,2018-03-13,33358.102373531394,0.0729732030555555,True,3.5564585681352234,9.121278550325988,0.08155409012816145,0.0724004896357894,0.0,0.0,0.0,0.07043348948354601
XBTUSD,2018-03-13 02:02:02.685985,long,10000,2018-03-13 02:03:14.438484,True,0.0199312497222222,Trade,,2018-03-13,33357.96592055972,0.0199312497222222,True,3.5564585681352234,9.121278550325988,0.08155409012816145,0.0724004896357894,0.0,0.0,0.0,0.019735222791431632
XBTUSD,2018-03-13 02:05:33.518378,short,10000,2018-03-13 02:07:21.413880,True,0.0299709727777777,Trade,,2018-03-13,33357.90735600611,0.0299709727777777,True,3.5564585681352234,9.121278550325988,0.08155409012816145,0.0724004896357894,0.0,0.0,0.0,0.02953062007528302
XBTUSD,2018-03-13 02:08:32.188565,short,10000,2018-03-13 02:09:33.691460,True,0.0170841375,Trade,,2018-03-13,33357.85772539861,0.0170841375,True,3.5564585681352234,9.121278550325988,0.08155409012816145,0.0724004896357894,0.0,0.0,0.0,0.016939844716176263
XBTUSD,2018-03-13 02:14:35.690404,long,20000,2018-03-13 02:17:25.535009,True,0.0471790569444444,Trade,,2018-03-13,33357.756752665555,0.0471790569444444,True,3.5564585681352234,9.121278550325988,0.08155409012816145,0.0724004896357894,0.0,0.0,0.0,0.04609993631544435
XBTUSD,2018-03-13 02:21:48.389941,long,10000,2018-03-13 02:26:54.485909,True,0.0850266577777777,Trade,,2018-03-13,33357.63655834972,0.0850266577777777,True,3.5564585681352234,9.121278550325988,0.08155409012816145,0.0724004896357894,0.0,0.0,0.0,0.08160455607104086
XBTUSD,2018-03-13 02:27:27.405137,long,10000,2018-03-13 02:30:08.693633,True,0.04480236,Trade,,2018-03-13,33357.542387461945,0.04480236,True,3.5564585681352234,9.121278550325988,0.08155409012816145,0.0724004896357894,0.0,0.0,0.0,0.04382773834299148
XBTUSD,2018-03-13 02:31:06.906106,short,10000,2018-03-13 02:31:29.210156,True,0.0061955694444444,Trade,,2018-03-13,33357.481414970556,0.0061955694444444,True,3.5564585681352234,9.121278550325988,0.08155409012816145,0.0724004896357894,0.0,0.0,0.0,0.006176455810014467
XBTUSD,2018-03-13 03:18:08.940091,long,10000,2018-03-13 03:18:51.631067,True,0.0118586044444444,Trade,,2018-03-13,33356.69751664139,0.0118586044444444,True,3.5564585681352234,9.121278550325988,0.08155409012816145,0.0724004896357894,0.0,0.0,0.0,0.011788842175260434
XBTUSD,2018-03-13 03:33:07.102675,short,10000,2018-03-13 04:03:51.191930,True,0.5122470152777778,Trade,,2018-03-13,33356.44802703472,0.5122470152777778,True,3.5564585681352234,9.121278550325988,0.08155409012816145,0.0724004896357894,0.0,0.0,0.0,0.4135966343066438
XBTUSD,2018-03-13 04:13:47.931707,short,10000,2018-03-13 04:15:39.077772,True,0.0308739069444444,Trade,,2018-03-13,33355.77001897028,0.0308739069444444,True,3.5564585681352234,9.121278550325988,0.08155409012816145,0.0724004896357894,0.0,0.0,0.0,0.030406895852590047
XBTUSD,2018-03-13 04:15:57.644069,short,20000,2018-03-13 04:41:17.906436,True,0.4222951019444445,Trade,,2018-03-13,33355.73398775861,0.4222951019444445,True,3.5564585681352234,9.121278550325988,0.08155409012816145,0.0724004896357894,0.0,0.0,0.0,0.35227183583113353
XBTUSD,2018-03-13 04:43:08.656386,short,20000,2018-03-13 04:47:57.624560,True,0.0802689372222222,Trade,,2018-03-13,33355.28092878166,0.0802689372222222,True,3.5564585681352234,9.121278550325988,0.08155409012816145,0.0724004896357894,0.0,0.0,0.0,0.07721002608330566
XBTUSD,2018-03-13 04:49:55.868692,long,10000,2018-03-13 04:53:52.928471,True,0.0658499386111111,Trade,,2018-03-13,33355.16781425222,0.0658499386111111,True,3.5564585681352234,9.121278550325988,0.08155409012816145,0.0724004896357894,0.0,0.0,0.0,0.06377254530088439
XBTUSD,2018-03-13 04:54:09.640203,short,20000,2018-03-13 05:05:04.295358,True,0.1818486541666666,Trade,,2018-03-13,33355.097322165835,0.1818486541666666,True,3.5564585681352234,9.121278550325988,0.08155409012816145,0.0724004896357894,0.0,0.0,0.0,0.1670798686256287
XBTUSD,2018-03-13 05:05:08.888832,long,10000,2018-03-13 05:05:29.686559,True,0.0057771463888888,Trade,,2018-03-13,33354.91419754666,0.0057771463888888,True,3.5564585681352234,9.121278550325988,0.08155409012816145,0.0724004896357894,0.0,0.0,0.0,0.0057605226730538354
XBTUSD,2018-03-13 05:07:22.231069,short,20000,2018-03-13 05:11:17.453624,True,0.0653395986111111,Trade,,2018-03-13,33354.87715803639,0.0653395986111111,True,3.5564585681352234,9.121278550325988,0.08155409012816145,0.0724004896357894,0.0,0.0,0.0,0.06329362026785343
XBTUSD,2018-03-13 06:25:34.948687,short,20000,2018-03-13 07:13:07.886227,True,0.79248265,Trade,,2018-03-13,33353.57362536472,0.79248265,True,3.5564585681352234,9.121278550325988,0.08155409012816145,0.0724004896357894,0.0,0.0,0.0,0.5836016142258265
XBTUSD,2018-03-13 07:16:25.506245,long,10000,2018-03-13 07:18:29.022438,True,0.0343100536111111,Trade,,2018-03-13,33352.72624826528,0.0343100536111111,True,3.5564585681352234,9.121278550325988,0.08155409012816145,0.0724004896357894,0.0,0.0,0.0,0.03373458956235745
XBTUSD,2018-03-13 07:21:14.162167,long,20000,2018-03-13 07:23:05.053120,True,0.0308030425,Trade,,2018-03-13,33352.64606606472,0.0308030425,True,3.5564585681352234,9.121278550325988,0.08155409012816145,0.0724004896357894,0.0,0.0,0.0,0.03033815138271429
XBTUSD,2018-03-13 07:23:58.235287,long,20000,2018-03-13 07:25:27.770250,True,0.0248708230555555,Trade,,2018-03-13,33352.600490198056,0.0248708230555555,True,3.5564585681352234,9.121278550325988,0.08155409012816145,0.0724004896357894,0.0,0.0,0.0,0.024566578361128764
XBTUSD,2018-03-13 07:26:39.437770,short,10000,2018-03-13 07:27:48.380271,True,0.0191506947222222,Trade,,2018-03-13,33352.55571173056,0.0191506947222222,True,3.5564585681352234,9.121278550325988,0.08155409012816145,0.0724004896357894,0.0,0.0,0.0,0.018969628215644685
XBTUSD,2018-03-13 07:31:59.745156,long,15000,2018-03-13 07:32:58.640908,True,0.0163599311111111,Trade,,2018-03-13,33352.46673745666,0.0163599311111111,True,3.5564585681352234,9.121278550325988,0.08155409012816145,0.0724004896357894,0.0,0.0,0.0,0.01622754932464058
XBTUSD,2018-03-13 07:38:12.009553,long,30000,2018-03-13 07:42:19.944526,True,0.0688708258333333,Trade,,2018-03-13,33352.36333067972,0.0688708258333333,True,3.5564585681352234,9.121278550325988,0.08155409012816145,0.0724004896357894,0.0,0.0,0.0,0.06660278829008363
XBTUSD,2018-03-13 07:44:37.595596,long,15000,2018-03-13 07:45:17.979938,True,0.0112178727777777,Trade,,2018-03-13,33352.256223445554,0.0112178727777777,True,3.5564585681352234,9.121278550325988,0.08155409012816145,0.0724004896357894,0.0,0.0,0.0,0.011155419074054124
XBTUSD,2018-03-13 07:45:43.676258,short,15000,2018-03-13 07:46:19.801806,True,0.0100348744444444,Trade,,2018-03-13,33352.23786770611,0.0100348744444444,True,3.5564585681352234,9.121278550325988,0.08155409012816145,0.0724004896357894,0.0,0.0,0.0,0.009984859409965853
XBTUSD,2018-03-13 07:47:56.654994,long,30000,2018-03-13 07:49:39.667042,True,0.0286144577777777,Trade,,2018-03-13,33352.200929168335,0.0286144577777777,True,3.5564585681352234,9.121278550325988,0.08155409012816145,0.0724004896357894,0.0,0.0,0.0,0.02821271004229822
XBTUSD,2018-03-13 07:53:44.168356,short,20000,2018-03-13 07:55:28.466298,True,0.0289716505555555,Trade,,2018-03-13,33352.104397678886,0.0289716505555555,True,3.5564585681352234,9.121278550325988,0.08155409012816145,0.0724004896357894,0.0,0.0,0.0,0.028559905991881376
XBTUSD,2018-03-13 08:00:46.913846,short,20000,2018-03-13 08:04:28.529139,True,0.0615598036111111,Trade,,2018-03-13,33351.98696837611,0.0615598036111111,True,3.5564585681352234,9.121278550325988,0.08155409012816145,0.0724004896357894,0.0,0.0,0.0,0.05973933935056915
XBTUSD,2018-03-13 08:05:01.273165,long,60000,2018-03-13 08:31:59.760653,True,0.4495798577777777,Trade,,2018-03-13,33351.91631300972,0.4495798577777777,True,3.5564585681352234,9.121278550325988,0.08155409012816145,0.0724004896357894,0.0,0.0,0.0,0.3712737611891924
XBTUSD,2018-03-13 08:32:17.918893,short,20000,2018-03-13 08:35:37.992162,True,0.0555759080555555,Trade,,2018-03-13,33351.46168919639,0.0555759080555555,True,3.5564585681352234,9.121278550325988,0.08155409012816145,0.0724004896357894,0.0,0.0,0.0,0.05408650240018301
XBTUSD,2018-03-13 08:36:09.311232,short,20000,2018-03-13 08:37:17.886342,True,0.0190486416666666,Trade,,2018-03-13,33351.39741354666,0.0190486416666666,True,3.5564585681352234,9.121278550325988,0.08155409012816145,0.0724004896357894,0.0,0.0,0.0,0.018869487808552122
XBTUSD,2018-03-13 08:40:27.769926,long,20000,2018-03-13 08:53:29.814282,True,0.2172345433333333,Trade,,2018-03-13,33351.325619465,0.2172345433333333,True,3.5564585681352234,9.121278550325988,0.08155409012816145,0.0724004896357894,0.0,0.0,0.0,0.1965815179785561
XBTUSD,2018-03-13 08:55:59.175073,long,20000,2018-03-13 08:56:33.034498,True,0.0094053958333333,Trade,,2018-03-13,33351.066895813055,0.0094053958333333,True,3.5564585681352234,9.121278550325988,0.08155409012816145,0.0724004896357894,0.0,0.0,0.0,0.00936144049457321
XBTUSD,2018-03-13 09:05:24.156992,short,20000,2018-03-13 09:08:24.395425,True,0.0500662313888888,Trade,,2018-03-13,33350.90995639111,0.0500662313888888,True,3.5564585681352234,9.121278550325988,0.08155409012816145,0.0724004896357894,0.0,0.0,0.0,0.04885323969335675
XBTUSD,2018-03-13 09:11:53.537251,long,20000,2018-03-13 09:18:15.508228,True,0.1061030491666666,Trade,,2018-03-13,33350.801795208055,0.1061030491666666,True,3.5564585681352234,9.121278550325988,0.08155409012816145,0.0724004896357894,0.0,0.0,0.0,0.10084307160491048
XBTUSD,2018-03-13 09:19:03.399742,long,20000,2018-03-13 09:21:49.401753,True,0.0461116697222222,Trade,,2018-03-13,33350.68238896055,0.0461116697222222,True,3.5564585681352234,9.121278550325988,0.08155409012816145,0.0724004896357894,0.0,0.0,0.0,0.04508011876107028
XBTUSD,2018-03-13 09:23:29.812244,short,80000,2018-03-13 09:47:59.598876,True,0.4082740644444445,Trade,,2018-03-13,33350.60838548778,0.4082740644444445,True,3.5564585681352234,9.121278550325988,0.08155409012816145,0.0724004896357894,0.0,0.0,0.0,0.3423648868373076
XBTUSD,2018-03-13 09:49:07.815724,long,20000,2018-03-13 09:50:28.529057,True,0.0224203702777777,Trade,,2018-03-13,33350.18116229889,0.0224203702777777,True,3.5564585681352234,9.121278550325988,0.08155409012816145,0.0724004896357894,0.0,0.0,0.0,0.022172728423265432
XBTUSD,2018-03-13 09:52:37.756954,long,20000,2018-03-13 09:53:22.916352,True,0.0125442772222222,Trade,,2018-03-13,33350.122845290556,0.0125442772222222,True,3.5564585681352234,9.121278550325988,0.08155409012816145,0.0724004896357894,0.0,0.0,0.0,0.012466249632251871
XBTUSD,2018-03-13 10:05:17.365660,long,20000,2018-03-13 10:05:57.457285,True,0.0111365625,Trade,,2018-03-13,33349.91184287222,0.0111365625,True,3.5564585681352234,9.121278550325988,0.08155409012816145,0.0724004896357894,0.0,0.0,0.0,0.011075007573079672
XBTUSD,2018-03-13 10:06:47.899746,long,100000,2018-03-13 10:41:40.682630,True,0.5813285788888889,Trade,,2018-03-13,33349.886694515,0.5813285788888889,True,3.5564585681352234,9.121278550325988,0.08155409012816145,0.0724004896357894,0.0,0.0,0.0,0.4582653664179606
XBTUSD,2018-03-13 11:23:52.920973,long,130000,2018-03-14 09:40:49.480453,True,22.282377633333333,Trade,,2018-03-13,33348.60196639639,22.282377633333333,True,3.5564585681352234,9.121278550325988,0.08155409012816145,0.0724004896357894,0.0,0.0,0.0,3.1476967496641546
XBTUSD,2018-03-14 10:13:00.601326,long,20000,2018-03-14 10:21:20.335778,True,0.1388151255555555,Trade,,2018-03-14,33325.78316629833,0.1388151255555555,True,8.658119337117501,9.122660728050063,0.06489843221152344,0.1313881839989616,0.0,0.0,0.0,0.12998835834579486
XBTUSD,2018-03-14 10:28:08.590870,long,10000,2018-03-14 10:45:38.454054,True,0.2916286622222222,Trade,,2018-03-14,33325.53094698056,0.2916286622222222,True,8.658119337117501,9.122660728050063,0.06489843221152344,0.1313881839989616,0.0,0.0,0.0,0.25590395090864276
XBTUSD,2018-03-14 11:00:19.682937,short,10000,2018-03-14 11:10:02.923061,True,0.1620111455555555,Trade,,2018-03-14,33324.9945325175,0.1620111455555555,True,8.658119337117501,9.122660728050063,0.06489843221152344,0.1313881839989616,0.0,0.0,0.0,0.15015225008385324
XBTUSD,2018-03-14 11:15:07.696433,long,30000,2018-03-14 12:45:54.483828,True,1.5129964986111113,Trade,,2018-03-14,33324.74786210195,1.5129964986111113,True,8.658119337117501,9.122660728050063,0.06489843221152344,0.1313881839989616,0.0,0.0,0.0,0.9214758652501428
XBTUSD,2018-03-14 14:54:21.640170,long,60000,2018-03-14 15:55:55.513713,True,1.026075984166667,Trade,,2018-03-14,33321.09398884167,1.026075984166667,True,8.658119337117501,9.122660728050063,0.06489843221152344,0.1313881839989616,0.0,0.0,0.0,0.7061009096477293
XBTUSD,2018-03-14 17:05:52.394652,long,60000,2018-03-14 17:16:34.152717,True,0.1782661291666666,Trade,,2018-03-14,33318.90211259667,0.1782661291666666,True,8.658119337117501,9.122660728050063,0.06489843221152344,0.1313881839989616,0.0,0.0,0.0,0.16404397581493113
XBTUSD,2018-03-14 18:03:09.961753,long,60000,2018-03-14 18:34:54.658348,True,0.5290823874999999,Trade,,2018-03-14,33317.94723284639,0.5290823874999999,True,8.658119337117501,9.122660728050063,0.06489843221152344,0.1313881839989616,0.0,0.0,0.0,0.42466780875230536
XBTUSD,2018-03-14 18:41:42.051671,long,30000,2018-03-14 19:52:40.745416,True,1.1829704847222222,Trade,,2018-03-14,33317.304985646944,1.1829704847222222,True,8.658119337117501,9.122660728050063,0.06489843221152344,0.1313881839989616,0.0,0.0,0.0,0.7806865569643664
XBTUSD,2018-03-14 20:01:36.068466,long,60000,2018-03-14 22:17:38.976121,True,2.267474348611111,Trade,,2018-03-14,33315.973314315,2.267474348611111,True,8.658119337117501,9.122660728050063,0.06489843221152344,0.1313881839989616,0.0,0.0,0.0,1.1840173160221077
XBTUSD,2018-03-15 04:53:10.530848,short,30000,2018-03-15 05:04:37.753592,True,0.1908952066666666,Trade,,2018-03-15,33307.11374143111,0.1908952066666666,True,8.563838104029978,9.014584242774895,0.08047986595287511,-0.076960970299429,0.0,0.0,0.0,0.17470529881660113
XBTUSD,2018-03-15 05:12:57.155320,long,30000,2018-03-15 05:18:50.639774,True,0.0981901261111111,Trade,,2018-03-15,33306.78412352222,0.0981901261111111,True,8.563838104029978,9.014584242774895,0.08047986595287511,-0.076960970299429,0.0,0.0,0.0,0.0936634848470851
XBTUSD,2018-03-15 05:34:29.806758,long,60000,2018-03-15 06:24:08.837887,True,0.8275086469444445,Trade,,2018-03-15,33306.42505367834,0.8275086469444445,True,8.563838104029978,9.014584242774895,0.08047986595287511,-0.076960970299429,0.0,0.0,0.0,0.60295364420075
XBTUSD,2018-03-15 06:31:09.356675,long,30000,2018-03-15 06:35:44.565772,True,0.0764469713888888,Trade,,2018-03-15,33305.48073425695,0.0764469713888888,True,8.563838104029978,9.014584242774895,0.08047986595287511,-0.076960970299429,0.0,0.0,0.0,0.07366577640355866
XBTUSD,2018-03-15 06:40:24.800783,long,30000,2018-03-15 06:44:50.923664,True,0.0739230225,Trade,,2018-03-15,33305.32644422694,0.0739230225,True,8.563838104029978,9.014584242774895,0.08047986595287511,-0.076960970299429,0.0,0.0,0.0,0.07131831986808727
XBTUSD,2018-03-15 07:42:10.866952,short,30000,2018-03-15 08:02:10.716705,True,0.3332915980555555,Trade,,2018-03-15,33304.29698140222,0.3332915980555555,True,8.563838104029978,9.014584242774895,0.08047986595287511,-0.076960970299429,0.0,0.0,0.0,0.2876507705035467
XBTUSD,2018-03-15 09:32:50.242749,short,30000,2018-03-15 09:34:14.559374,True,0.0234212847222222,Trade,,2018-03-15,33302.4527103475,0.0234212847222222,True,8.563838104029978,9.014584242774895,0.08047986595287511,-0.076960970299429,0.0,0.0,0.0,0.023151215220479294
XBTUSD,2018-03-15 12:01:35.611106,long,30000,2018-03-15 12:11:22.627138,True,0.1630600088888888,Trade,,2018-03-15,33299.97344135945,0.1630600088888888,True,8.563838104029978,9.014584242774895,0.08047986595287511,-0.076960970299429,0.0,0.0,0.0,0.15105447056211813
XBTUSD,2018-03-15 12:16:46.868008,short,30000,2018-03-15 12:19:49.251608,True,0.0506621111111111,Trade,,2018-03-15,33299.720314442224,0.0506621111111111,True,8.563838104029978,9.014584242774895,0.08047986595287511,-0.076960970299429,0.0,0.0,0.0,0.04942054744671868
XBTUSD,2018-03-15 12:38:59.666474,short,30000,2018-03-15 13:06:34.585394,True,0.4596997,Trade,,2018-03-15,33299.35009264611,0.4596997,True,8.563838104029978,9.014584242774895,0.08047986595287511,-0.076960970299429,0.0,0.0,0.0,0.3782307296326916
XBTUSD,2018-03-15 19:18:37.379402,short,30000,2018-03-15 19:20:13.465819,True,0.0266906713888888,Trade,,2018-03-15,33292.68961683278,0.0266906713888888,True,8.563838104029978,9.014584242774895,0.08047986595287511,-0.076960970299429,0.0,0.0,0.0,0.02634068926698051
XBTUSD,2018-03-15 19:41:22.770529,short,30000,2018-03-15 19:42:53.925728,True,0.0253208886111111,Trade,,2018-03-15,33292.31034151972,0.0253208886111111,True,8.563838104029978,9.014584242774895,0.08047986595287511,-0.076960970299429,0.0,0.0,0.0,0.02500562565629061
XBTUSD,2018-03-15 22:46:24.824487,long,40000,2018-03-15 22:46:43.185839,True,0.0051003755555555,Trade,,2018-03-15,33289.2264376425,0.0051003755555555,True,8.563838104029978,9.014584242774895,0.08047986595287511,-0.076960970299429,0.0,0.0,0.0,0.0050874126984281004
XBTUSD,2018-03-16 01:50:02.868579,long,40000,2018-03-16 01:51:11.926959,True,0.0191828833333333,Trade,,2018-03-16,33286.16586983917,0.0191828833333333,True,8.772645021161834,9.020219171582447,0.07115703381357351,-0.0299599718661603,0.0,0.0,0.0,0.01900121147705029
XBTUSD,2018-03-16 01:52:01.968490,long,40000,2018-03-16 01:52:52.611568,True,0.0140675216666666,Trade,,2018-03-16,33286.13278653056,0.0140675216666666,True,8.772645021161834,9.020219171582447,0.07115703381357351,-0.0299599718661603,0.0,0.0,0.0,0.013969492366873332
XBTUSD,2018-03-16 03:01:09.483928,short,80000,2018-03-16 03:46:57.032494,True,0.763207935,Trade,,2018-03-16,33284.98069890889,0.763207935,True,8.772645021161834,9.020219171582447,0.07115703381357351,-0.0299599718661603,0.0,0.0,0.0,0.5671348403066221
XBTUSD,2018-03-16 04:27:27.521528,short,80000,2018-03-16 05:53:24.735212,True,1.4325593566666668,Trade,,2018-03-16,33283.54235513111,1.4325593566666668,True,8.772645021161834,9.020219171582447,0.07115703381357351,-0.0299599718661603,0.0,0.0,0.0,0.8889439362876768
XBTUSD,2018-03-16 05:53:44.888266,short,40000,2018-03-16 05:57:09.296985,True,0.0567801997222222,Trade,,2018-03-16,33282.10419770389,0.0567801997222222,True,8.772645021161834,9.020219171582447,0.07115703381357351,-0.0299599718661603,0.0,0.0,0.0,0.05522673798140073
XBTUSD,2018-03-16 05:59:33.507866,short,120000,2018-03-16 06:15:21.118419,True,0.2632251536111111,Trade,,2018-03-16,33282.007358926116,0.2632251536111111,True,8.772645021161834,9.020219171582447,0.07115703381357351,-0.0299599718661603,0.0,0.0,0.0,0.2336680963727511
XBTUSD,2018-03-16 06:16:08.275894,short,80000,2018-03-16 06:50:12.755156,True,0.5679109061111112,Trade,,2018-03-16,33281.73103447389,0.5679109061111112,True,8.772645021161834,9.020219171582447,0.07115703381357351,-0.0299599718661603,0.0,0.0,0.0,0.4497441002316946
XBTUSD,2018-03-16 06:53:37.290367,long,40000,2018-03-16 06:54:37.306647,True,0.0166711888888888,Trade,,2018-03-16,33281.106308231385,0.0166711888888888,True,8.772645021161834,9.020219171582447,0.07115703381357351,-0.0299599718661603,0.0,0.0,0.0,0.016533750028749458
XBTUSD,2018-03-16 06:57:22.743215,short,120000,2018-03-16 09:04:29.510770,True,2.1185465430555555,Trade,,2018-03-16,33281.04368244028,2.1185465430555555,True,8.772645021161834,9.020219171582447,0.07115703381357351,-0.0299599718661603,0.0,0.0,0.0,1.1373670416940724
XBTUSD,2018-03-16 09:10:05.551674,long,50000,2018-03-16 09:10:35.569248,True,0.008338215,Trade,,2018-03-16,33278.83179120167,0.008338215,True,8.772645021161834,9.020219171582447,0.07115703381357351,-0.0299599718661603,0.0,0.0,0.0,0.00830364412528998
XBTUSD,2018-03-16 09:22:04.291333,short,150000,2018-03-16 10:24:28.549098,True,1.0400716013888889,Trade,,2018-03-16,33278.63214129639,1.0400716013888889,True,8.772645021161834,9.020219171582447,0.07115703381357351,-0.0299599718661603,0.0,0.0,0.0,0.7129849059602229
XBTUSD,2018-03-16 10:35:28.991794,long,50000,2018-03-16 10:36:19.374632,True,0.0139952327777777,Trade,,2018-03-16,33277.40861339055,0.0139952327777777,True,8.772645021161834,9.020219171582447,0.07115703381357351,-0.0299599718661603,0.0,0.0,0.0,0.013898203755353698
XBTUSD,2018-03-16 11:02:16.184968,long,50000,2018-03-16 11:04:40.185483,True,0.0400001430555555,Trade,,2018-03-16,33276.96217084222,0.0400001430555555,True,8.772645021161834,9.020219171582447,0.07115703381357351,-0.0299599718661603,0.0,0.0,0.0,0.03922085070669059
XBTUSD,2018-03-16 11:16:48.270869,long,50000,2018-03-16 11:45:43.804555,True,0.4820926905555555,Trade,,2018-03-16,33276.71992475861,0.4820926905555555,True,8.772645021161834,9.020219171582447,0.07115703381357351,-0.0299599718661603,0.0,0.0,0.0,0.3934550691526039
XBTUSD,2018-03-16 11:47:56.897748,long,50000,2018-03-16 11:53:52.516412,True,0.0987829622222222,Trade,,2018-03-16,33276.20086173667,0.0987829622222222,True,8.772645021161834,9.020219171582447,0.07115703381357351,-0.0299599718661603,0.0,0.0,0.0,0.09420316931445372
XBTUSD,2018-03-16 13:40:47.482400,long,60000,2018-03-16 14:10:14.404152,True,0.4908115977777778,Trade,,2018-03-16,33274.320143777775,0.4908115977777778,True,8.772645021161834,9.020219171582447,0.07115703381357351,-0.0299599718661603,0.0,0.0,0.0,0.3993206681592322
XBTUSD,2018-03-16 14:28:56.244305,short,60000,2018-03-16 15:01:39.727683,True,0.5454120494444444,Trade,,2018-03-16,33273.51770991528,0.5454120494444444,True,8.772645021161834,9.020219171582447,0.07115703381357351,-0.0299599718661603,0.0,0.0,0.0,0.4352905734614839
XBTUSD,2018-03-16 15:04:07.809364,short,30000,2018-03-16 17:59:28.408916,True,2.9223887644444444,Trade,,2018-03-16,33272.93116406555,2.9223887644444444,True,8.772645021161834,9.020219171582447,0.07115703381357351,-0.0299599718661603,0.0,0.0,0.0,1.3667008468913826
XBTUSD,2018-03-16 23:39:42.145243,long,70000,2018-03-16 23:40:53.744646,True,0.0198887230555555,Trade,,2018-03-16,33264.33829298805,0.0198887230555555,True,8.772645021161834,9.020219171582447,0.07115703381357351,-0.0299599718661603,0.0,0.0,0.0,0.019693526301309567
XBTUSD,2018-03-17 03:20:46.775806,long,140000,2018-03-17 04:49:15.836638,True,1.47473912,Trade,,2018-03-17,33260.65367338723,1.47473912,True,9.421133788791161,9.033233733616893,0.00522966501895984,-0.1151750145805177,0.0,0.0,0.0,0.9061349844044384
XBTUSD,2018-03-17 04:50:51.564448,long,70000,2018-03-17 04:59:32.364154,True,0.144666585,Trade,,2018-03-17,33259.15234320889,0.144666585,True,9.421133788791161,9.033233733616893,0.00522966501895984,-0.1151750145805177,0.0,0.0,0.0,0.1351134024618017
XBTUSD,2018-03-17 05:00:39.132921,long,70000,2018-03-17 05:31:17.473794,True,0.5106502425,Trade,,2018-03-17,33258.989129744165,0.5106502425,True,9.421133788791161,9.033233733616893,0.00522966501895984,-0.1151750145805177,0.0,0.0,0.0,0.4125401823070389
XBTUSD,2018-03-17 05:41:20.911183,short,17131,2018-03-17 05:45:22.814507,True,0.0671953677777777,Trade,,2018-03-17,33258.31085800472,0.0671953677777777,True,9.421133788791161,9.033233733616893,0.00522966501895984,-0.1151750145805177,0.0,0.0,0.0,0.06503405563173768
XBTUSD,2018-03-17 06:10:24.272594,long,70000,2018-03-17 06:22:57.697068,True,0.2092845761111111,Trade,,2018-03-17,33257.82659094611,0.2092845761111111,True,9.421133788791161,9.033233733616893,0.00522966501895984,-0.1151750145805177,0.0,0.0,0.0,0.19002892533356894
XBTUSD,2018-03-17 08:59:34.222321,long,70000,2018-03-17 09:01:04.190086,True,0.0249910458333333,Trade,,2018-03-17,33255.00716046639,0.0249910458333333,True,9.421133788791161,9.033233733616893,0.00522966501895984,-0.1151750145805177,0.0,0.0,0.0,0.024683876779856666
XBTUSD,2018-03-17 09:05:34.168445,long,70000,2018-03-17 09:19:35.477913,True,0.2336970744444444,Trade,,2018-03-17,33254.907175431945,0.2336970744444444,True,9.421133788791161,9.033233733616893,0.00522966501895984,-0.1151750145805177,0.0,0.0,0.0,0.2100154127253991
XBTUSD,2018-03-19 05:17:17.964447,short,70000,2018-03-19 05:18:41.652560,True,0.0232466980555555,Trade,,2018-03-19,33210.7116765425,0.0232466980555555,True,9.416958846070964,9.0105491109301,0.003646796112451591,-0.1963134394189241,0.0,0.0,0.0,0.022980609466581477
XBTUSD,2018-03-19 05:20:20.636612,short,70000,2018-03-19 05:23:20.609662,True,0.0499925138888888,Trade,,2018-03-19,33210.66093427444,0.0499925138888888,True,9.416958846070964,9.0105491109301,0.003646796112451591,-0.1963134394189241,0.0,0.0,0.0,0.048783034514386356
XBTUSD,2018-03-19 10:47:11.041949,short,210000,2018-03-19 13:12:34.504461,True,2.423184031111111,Trade,,2018-03-19,33205.21359945861,2.423184031111111,True,9.416958846070964,9.0105491109301,0.003646796112451591,-0.1963134394189241,0.0,0.0,0.0,1.2305711212086519
XBTUSD,2018-03-19 13:20:30.740220,long,70000,2018-03-19 13:23:54.037774,True,0.0564715427777777,Trade,,2018-03-19,33202.65812771667,0.0564715427777777,True,9.416958846070964,9.0105491109301,0.003646796112451591,-0.1963134394189241,0.0,0.0,0.0,0.054934622337597494
XBTUSD,2018-03-19 13:24:35.378985,long,70000,2018-03-19 13:41:25.362136,True,0.2805508752777778,Trade,,2018-03-19,33202.59017250417,0.2805508752777778,True,9.416958846070964,9.0105491109301,0.003646796112451591,-0.1963134394189241,0.0,0.0,0.0,0.24729035665911958
XBTUSD,2018-03-19 13:42:48.838492,short,280000,2018-03-19 15:14:38.837857,True,1.5305553791666666,Trade,,2018-03-19,33202.28643375222,1.5305553791666666,True,9.416958846070964,9.0105491109301,0.003646796112451591,-0.1963134394189241,0.0,0.0,0.0,0.9284387961061777
XBTUSD,2018-03-19 15:26:02.060363,long,70000,2018-03-19 15:26:58.688441,True,0.0157300216666666,Trade,,2018-03-19,33200.566094343616,0.0157300216666666,True,9.416958846070964,9.0105491109301,0.003646796112451591,-0.1963134394189241,0.0,0.0,0.0,0.015607587138656561
XBTUSD,2018-03-19 15:40:04.354930,short,70000,2018-03-19 16:58:39.829010,True,1.3098539111111112,Trade,,2018-03-19,33200.33212363056,1.3098539111111112,True,9.416958846070964,9.0105491109301,0.003646796112451591,-0.1963134394189241,0.0,0.0,0.0,0.8371842805906042
XBTUSD,2018-03-19 16:58:47.425603,long,70000,2018-03-19 17:01:17.981490,True,0.0418210797222222,Trade,,2018-03-19,33199.02015955472,0.0418210797222222,True,9.416958846070964,9.0105491109301,0.003646796112451591,-0.1963134394189241,0.0,0.0,0.0,0.0409702200676392
XBTUSD,2018-03-19 17:01:51.758764,short,158793,2018-03-19 17:23:24.223814,True,0.3590180694444445,Trade,,2018-03-19,33198.96895589889,0.3590180694444445,True,9.416958846070964,9.0105491109301,0.003646796112451591,-0.1963134394189241,0.0,0.0,0.0,0.30676243121339125
XBTUSD,2018-03-19 17:28:02.555305,short,140000,2018-03-19 17:45:55.854054,True,0.2981385413888889,Trade,,2018-03-19,33198.532623526386,0.2981385413888889,True,9.416958846070964,9.0105491109301,0.003646796112451591,-0.1963134394189241,0.0,0.0,0.0,0.2609313470922539
XBTUSD,2018-03-19 19:15:49.566003,short,71500,2018-03-19 19:16:47.898297,True,0.016203415,Trade,,2018-03-19,33196.73623166583,0.016203415,True,9.416958846070964,9.0105491109301,0.003646796112451591,-0.1963134394189241,0.0,0.0,0.0,0.016073540730792892
XBTUSD,2018-03-19 19:23:57.218864,long,70000,2018-03-19 19:24:17.468721,True,0.0056249602777777,Trade,,2018-03-19,33196.60077253778,0.0056249602777777,True,9.416958846070964,9.0105491109301,0.003646796112451591,-0.1963134394189241,0.0,0.0,0.0,0.005609199264475218
XBTUSD,2018-03-19 20:08:51.797398,short,70000,2018-03-19 20:09:32.528423,True,0.0113141736111111,Trade,,2018-03-19,33195.852278500555,0.0113141736111111,True,9.416958846070964,9.0105491109301,0.003646796112451591,-0.1963134394189241,0.0,0.0,0.0,0.011250647066686539
XBTUSD,2018-03-20 04:00:55.480119,short,90000,2018-03-20 04:19:45.626022,True,0.3139294175,Trade,,2018-03-20,33187.984588855834,0.3139294175,True,10.028653643104843,9.05216676708005,-0.035711289990843186,-0.229900335172929,0.0,0.0,0.0,0.27302220286625134
XBTUSD,2018-03-20 04:38:39.863283,long,90000,2018-03-20 04:51:10.835634,True,0.2086034308333333,Trade,,2018-03-20,33187.3555935325,0.2086034308333333,True,10.028653643104843,9.05216676708005,-0.035711289990843186,-0.229900335172929,0.0,0.0,0.0,0.18946550362516867
XBTUSD,2018-03-20 05:05:07.896445,long,90000,2018-03-20 05:06:04.686884,True,0.0157751219444444,Trade,,2018-03-20,33186.91447320972,0.0157751219444444,True,10.028653643104843,9.05216676708005,-0.035711289990843186,-0.229900335172929,0.0,0.0,0.0,0.0156519879888607
XBTUSD,2018-03-20 05:19:05.091589,short,24185,2018-03-20 05:21:09.057232,True,0.0344349008333333,Trade,,2018-03-20,33186.68191900305,0.0344349008333333,True,10.028653643104843,9.05216676708005,-0.035711289990843186,-0.229900335172929,0.0,0.0,0.0,0.033855288077759796
XBTUSD,2018-03-20 05:28:13.828230,long,24185,2018-03-20 05:29:38.657825,True,0.0235637763888888,Trade,,2018-03-20,33186.52949215833,0.0235637763888888,True,10.028653643104843,9.05216676708005,-0.035711289990843186,-0.229900335172929,0.0,0.0,0.0,0.02329043623347429
XBTUSD,2018-03-20 06:24:36.841400,short,120304,2018-03-20 06:32:59.251706,True,0.1395584183333333,Trade,,2018-03-20,33185.58976627778,0.1395584183333333,True,10.028653643104843,9.05216676708005,-0.035711289990843186,-0.229900335172929,0.0,0.0,0.0,0.13064083502692678
XBTUSD,2018-03-20 06:46:00.883206,short,59610,2018-03-20 06:49:44.623863,True,0.0621501825,Trade,,2018-03-20,33185.233087998335,0.0621501825,True,10.028653643104843,9.05216676708005,-0.035711289990843186,-0.229900335172929,0.0,0.0,0.0,0.060295327605046675
XBTUSD,2018-03-20 07:56:53.158108,long,90000,2018-03-20 07:58:56.348773,True,0.0342196291666666,Trade,,2018-03-20,33184.051900525556,0.0342196291666666,True,10.028653643104843,9.05216676708005,-0.035711289990843186,-0.229900335172929,0.0,0.0,0.0,0.03364716084885631
XBTUSD,2018-03-20 13:12:39.157478,short,56635,2018-03-20 13:13:48.781892,True,0.019340115,Trade,,2018-03-20,33178.789122922775,0.019340115,True,10.028653643104843,9.05216676708005,-0.035711289990843186,-0.229900335172929,0.0,0.0,0.0,0.019155471857832892
XBTUSD,2018-03-20 16:17:33.604391,short,900000,2018-03-20 20:05:53.705011,True,3.805583505555555,Trade,,2018-03-20,33175.70733211361,3.805583505555555,True,10.028653643104843,9.05216676708005,-0.035711289990843186,-0.229900335172929,0.0,0.0,0.0,1.569778472209726
XBTUSD,2018-03-20 20:07:40.551610,short,500000,2018-03-21 16:20:57.797222,True,20.221457114444444,Trade,,2018-03-20,33171.872068997225,20.221457114444444,True,10.028653643104843,9.05216676708005,-0.035711289990843186,-0.229900335172929,0.0,0.0,0.0,3.0550127978615613
XBTUSD,2018-03-21 16:24:38.707247,short,500000,2018-03-22 06:24:00.638541,True,13.989425359444445,Trade,,2018-03-21,33151.58924798694,13.989425359444445,True,9.648148977532706,9.093306113568822,-0.03816532558396461,-0.1489218427723149,0.0,0.0,0.0,2.707344976452716
XBTUSD,2018-03-22 07:18:10.372188,short,247540,2018-03-22 07:26:02.488519,True,0.1311434252777777,Trade,,2018-03-22,33136.697118836666,0.1311434252777777,True,9.920289665060016,9.091511143115184,-0.07259962652269618,-0.2028628520939422,0.0,0.0,0.0,0.12322900189478435
XBTUSD,2018-03-22 07:52:45.886202,short,200000,2018-03-22 08:26:20.644905,True,0.5596551952777777,Trade,,2018-03-22,33136.120587166115,0.5596551952777777,True,9.920289665060016,9.091511143115184,-0.07259962652269618,-0.2028628520939422,0.0,0.0,0.0,0.44446476816291847
XBTUSD,2018-03-22 08:29:28.347738,long,100000,2018-03-22 08:34:19.441785,True,0.0808594575,Trade,,2018-03-22,33135.508792295004,0.0808594575,True,9.920289665060016,9.091511143115184,-0.07259962652269618,-0.2028628520939422,0.0,0.0,0.0,0.07775651864146806
XBTUSD,2018-03-22 08:39:48.841948,short,100000,2018-03-22 08:56:13.196298,True,0.2734317638888889,Trade,,2018-03-22,33135.336432792225,0.2734317638888889,True,9.920289665060016,9.091511143115184,-0.07259962652269618,-0.2028628520939422,0.0,0.0,0.0,0.241715432446189
XBTUSD,2018-03-22 08:58:02.645555,long,100000,2018-03-22 09:05:39.268065,True,0.1268395861111111,Trade,,2018-03-22,33135.03259845694,0.1268395861111111,True,9.920289665060016,9.091511143115184,-0.07259962652269618,-0.2028628520939422,0.0,0.0,0.0,0.1194168878469963
XBTUSD,2018-03-22 09:28:40.751649,long,200000,2018-03-22 09:35:57.736006,True,0.1213845436111111,Trade,,2018-03-22,33134.52201343083,0.1213845436111111,True,9.920289665060016,9.091511143115184,-0.07259962652269618,-0.2028628520939422,0.0,0.0,0.0,0.11456412149412273
XBTUSD,2018-03-22 09:36:24.067478,short,420307,2018-03-22 09:51:18.933017,True,0.2485737608333333,Trade,,2018-03-22,33134.39331458944,0.2485737608333333,True,9.920289665060016,9.091511143115184,-0.07259962652269618,-0.2028628520939422,0.0,0.0,0.0,0.22200190855470348
XBTUSD,2018-03-22 10:06:58.521169,short,400000,2018-03-22 10:12:59.296277,True,0.1002153077777777,Trade,,2018-03-22,33133.88374411972,0.1002153077777777,True,9.920289665060016,9.091511143115184,-0.07259962652269618,-0.2028628520939422,0.0,0.0,0.0,0.09550589499429184
XBTUSD,2018-03-22 10:12:59.296277,long,613532,2018-03-22 10:39:50.882308,True,0.4476627863888889,Trade,,2018-03-22,33133.783528811946,0.4476627863888889,True,9.920289665060016,9.091511143115184,-0.07259962652269618,-0.2028628520939422,0.0,0.0,0.0,0.36995038451410905
XBTUSD,2018-03-22 10:56:09.253809,long,120000,2018-03-22 10:58:11.996248,True,0.0340951219444444,Trade,,2018-03-22,33133.06409616416,0.0340951219444444,True,9.920289665060016,9.091511143115184,-0.07259962652269618,-0.2028628520939422,0.0,0.0,0.0,0.033526765998598905
XBTUSD,2018-03-22 11:19:17.923820,long,240000,2018-03-22 11:29:48.037688,True,0.17503163,Trade,,2018-03-22,33132.67835449444,0.17503163,True,9.920289665060016,9.091511143115184,-0.07259962652269618,-0.2028628520939422,0.0,0.0,0.0,0.16129506638274466
XBTUSD,2018-03-29 04:53:18.533042,long,180000,2018-03-29 09:02:42.371475,True,4.156621786944445,Trade,,2018-03-29,32971.11151859944,4.156621786944445,True,,8.978867569771781,-0.18015656861844373,-0.2306670505620942,0.0,0.0,0.0,1.6402816726361562
XBTUSD,2018-03-29 09:04:35.369332,long,50000,2018-03-29 09:07:56.827669,True,0.0559606491666666,Trade,,2018-03-29,32966.92350851889,0.0559606491666666,True,,8.978867569771781,-0.18015656861844373,-0.2306670505620942,0.0,0.0,0.0,0.054450920543030655
XBTUSD,2018-03-29 09:09:22.928880,long,50000,2018-03-29 09:11:23.954088,True,0.0336181133333333,Trade,,2018-03-29,32966.843630866664,0.0336181133333333,True,,8.978867569771781,-0.18015656861844373,-0.2306670505620942,0.0,0.0,0.0,0.03306537840245181
XBTUSD,2018-03-29 09:17:24.462097,long,50000,2018-03-29 09:23:52.096243,True,0.1076761516666666,Trade,,2018-03-29,32966.70987163972,0.1076761516666666,True,,8.978867569771781,-0.18015656861844373,-0.2306670505620942,0.0,0.0,0.0,0.10226426371312566
XBTUSD,2018-03-29 09:27:20.479849,long,270000,2018-03-29 15:07:57.553690,True,5.676964955833333,Trade,,2018-03-29,32966.544311153055,5.676964955833333,True,,8.978867569771781,-0.18015656861844373,-0.2306670505620942,0.0,0.0,0.0,1.8986635363721176
XBTUSD,2018-03-29 15:08:58.519622,long,100000,2018-03-29 15:17:40.830695,True,0.1450864091666666,Trade,,2018-03-29,32960.85041121611,0.1450864091666666,True,,8.978867569771781,-0.18015656861844373,-0.2306670505620942,0.0,0.0,0.0,0.13548010067985453
XBTUSD,2018-03-29 15:21:33.876191,short,50000,2018-03-29 15:31:16.675246,True,0.1618886263888888,Trade,,2018-03-29,32960.64058994695,0.1618886263888888,True,,8.978867569771781,-0.18015656861844373,-0.2306670505620942,0.0,0.0,0.0,0.15004680735498915
XBTUSD,2018-03-29 15:31:55.944918,long,200000,2018-03-29 16:19:43.028587,True,0.7964121302777778,Trade,,2018-03-29,32960.46779307833,0.7964121302777778,True,,8.978867569771781,-0.18015656861844373,-0.2306670505620942,0.0,0.0,0.0,0.5857914147569541
XBTUSD,2018-03-29 16:19:59.494685,short,150000,2018-03-29 16:53:57.120524,True,0.5660071775,Trade,,2018-03-29,32959.66680703194,0.5660071775,True,,8.978867569771781,-0.18015656861844373,-0.2306670505620942,0.0,0.0,0.0,0.4485291808914412
XBTUSD,2018-03-29 16:54:19.163895,long,100000,2018-03-29 20:09:56.625202,True,3.260405918611111,Trade,,2018-03-29,32959.09467669584,3.260405918611111,True,,8.978867569771781,-0.18015656861844373,-0.2306670505620942,0.0,0.0,0.0,1.4493644418007972
XBTUSD,2018-03-30 00:40:10.308218,short,6296,2018-03-30 00:41:17.253514,True,0.0185959155555555,Trade,,2018-03-30,32951.33046993944,0.0185959155555555,True,8.681777595678575,8.86905649179966,-0.11407406222592212,-0.332785880925123,0.0,0.0,0.0,0.01842512559929832
XBTUSD,2018-03-30 00:43:13.107560,long,50000,2018-03-30 00:46:36.377909,True,0.0564639858333333,Trade,,2018-03-30,32951.27969234445,0.0564639858333333,True,8.681777595678575,8.86905649179966,-0.11407406222592212,-0.332785880925123,0.0,0.0,0.0,0.05492746930870276
XBTUSD,2018-03-30 01:00:46.764850,short,50000,2018-03-30 01:11:29.703207,True,0.1785939880555555,Trade,,2018-03-30,32950.987009763885,0.1785939880555555,True,8.681777595678575,8.86905649179966,-0.11407406222592212,-0.332785880925123,0.0,0.0,0.0,0.16432219248855376
XBTUSD,2018-03-30 01:16:38.274165,long,50000,2018-03-30 01:23:23.613265,True,0.1125941944444444,Trade,,2018-03-30,32950.722701620834,0.1125941944444444,True,8.681777595678575,8.86905649179966,-0.11407406222592212,-0.332785880925123,0.0,0.0,0.0,0.10669440063757245
XBTUSD,2018-03-30 01:27:21.331141,long,50000,2018-03-30 01:36:23.947060,True,0.1507266441666666,Trade,,2018-03-30,32950.54407468306,0.1507266441666666,True,8.681777595678575,8.86905649179966,-0.11407406222592212,-0.332785880925123,0.0,0.0,0.0,0.14039360732559503
XBTUSD,2018-03-30 01:37:06.010553,short,100000,2018-03-30 01:44:51.808737,True,0.1293883844444444,Trade,,2018-03-30,32950.38166373528,0.1293883844444444,True,8.681777595678575,8.86905649179966,-0.11407406222592212,-0.332785880925123,0.0,0.0,0.0,0.12167623349009729
XBTUSD,2018-03-30 01:46:01.748824,short,200000,2018-03-30 02:19:17.112280,True,0.5542676266666666,Trade,,2018-03-30,32950.23284754889,0.5542676266666666,True,8.681777595678575,8.86905649179966,-0.11407406222592212,-0.332785880925123,0.0,0.0,0.0,0.4410044550498679
XBTUSD,2018-03-30 02:21:13.986978,short,50000,2018-03-30 02:22:53.897390,True,0.0277528922222222,Trade,,2018-03-30,32949.64611472833,0.0277528922222222,True,8.681777595678575,8.86905649179966,-0.11407406222592212,-0.332785880925123,0.0,0.0,0.0,0.027374760922002684
XBTUSD,2018-03-30 02:26:22.803740,long,50000,2018-03-30 02:28:24.202297,True,0.0337218213888888,Trade,,2018-03-30,32949.560332294444,0.0337218213888888,True,8.681777595678575,8.86905649179966,-0.11407406222592212,-0.332785880925123,0.0,0.0,0.0,0.033165708351968734
XBTUSD,2018-03-30 02:28:51.801260,short,50000,2018-03-30 02:43:16.372303,True,0.2401586230555555,Trade,,2018-03-30,32949.518944094445,0.2401586230555555,True,8.681777595678575,8.86905649179966,-0.11407406222592212,-0.332785880925123,0.0,0.0,0.0,0.2152392932546437
XBTUSD,2018-03-30 02:47:51.323757,short,250000,2018-03-30 03:14:23.201664,True,0.4421883075,Trade,,2018-03-30,32949.202410067504,0.4421883075,True,8.681777595678575,8.86905649179966,-0.11407406222592212,-0.332785880925123,0.0,0.0,0.0,0.36616161806230396
XBTUSD,2018-03-30 03:16:10.521342,short,250000,2018-03-30 04:05:05.452366,True,0.8152586177777777,Trade,,2018-03-30,32948.73041073833,0.8152586177777777,True,8.681777595678575,8.86905649179966,-0.11407406222592212,-0.332785880925123,0.0,0.0,0.0,0.5962279466999635
XBTUSD,2018-03-30 04:09:52.447777,long,210000,2018-03-30 04:22:55.998479,True,0.2176529727777778,Trade,,2018-03-30,32947.83543117306,0.2176529727777778,True,8.681777595678575,8.86905649179966,-0.11407406222592212,-0.332785880925123,0.0,0.0,0.0,0.1969252130739515
XBTUSD,2018-03-30 04:23:02.283692,short,150000,2018-03-30 04:26:03.980730,True,0.0504713994444444,Trade,,2018-03-30,32947.61603230778,0.0504713994444444,True,8.681777595678575,8.86905649179966,-0.11407406222592212,-0.332785880925123,0.0,0.0,0.0,0.04923901527255426
XBTUSD,2018-03-30 04:27:10.674259,long,150000,2018-03-30 04:29:12.108534,True,0.0337317430555555,Trade,,2018-03-30,32947.54703492805,0.0337317430555555,True,8.681777595678575,8.86905649179966,-0.11407406222592212,-0.332785880925123,0.0,0.0,0.0,0.03317530631038231
XBTUSD,2018-03-30 04:31:07.058191,long,50000,2018-03-30 04:33:29.840833,True,0.039661845,Trade,,2018-03-30,32947.481372724724,0.039661845,True,8.681777595678575,8.86905649179966,-0.11407406222592212,-0.332785880925123,0.0,0.0,0.0,0.038895511242409905
XBTUSD,2018-03-30 04:36:19.657146,short,100000,2018-03-30 04:47:08.329593,True,0.1801867908333333,Trade,,2018-03-30,32947.39453968166,0.1801867908333333,True,8.681777595678575,8.86905649179966,-0.11407406222592212,-0.332785880925123,0.0,0.0,0.0,0.16567272326625943
XBTUSD,2018-03-30 04:51:54.570647,short,50000,2018-03-30 04:54:49.537823,True,0.0486019933333333,Trade,,2018-03-30,32947.13484148694,0.0486019933333333,True,8.681777595678575,8.86905649179966,-0.11407406222592212,-0.332785880925123,0.0,0.0,0.0,0.04745784210178334
XBTUSD,2018-03-30 07:51:12.767645,short,154000,2018-03-30 08:16:06.954560,True,0.4150519208333333,Trade,,2018-03-30,32944.146453431946,0.4150519208333333,True,8.681777595678575,8.86905649179966,-0.11407406222592212,-0.332785880925123,0.0,0.0,0.0,0.3471662235904565
XBTUSD,2018-03-30 08:17:20.300637,short,150000,2018-03-30 08:41:58.184293,True,0.4105232377777777,Trade,,2018-03-30,32943.71102760083,0.4105232377777777,True,8.681777595678575,8.86905649179966,-0.11407406222592212,-0.332785880925123,0.0,0.0,0.0,0.3439607261755186
XBTUSD,2018-03-30 08:44:01.195830,short,100000,2018-03-30 08:51:34.443342,True,0.1259020866666666,Trade,,2018-03-30,32943.266334491665,0.1259020866666666,True,8.681777595678575,8.86905649179966,-0.11407406222592212,-0.332785880925123,0.0,0.0,0.0,0.11858456915737942
XBTUSD,2018-03-30 08:59:32.807729,long,101500,2018-03-30 10:10:50.294200,True,1.188190686388889,Trade,,2018-03-30,32943.007553408606,1.188190686388889,True,8.681777595678575,8.86905649179966,-0.11407406222592212,-0.332785880925123,0.0,0.0,0.0,0.7830750317627132
XBTUSD,2018-03-30 10:11:54.747271,long,100000,2018-03-30 15:04:17.231304,True,4.872912231388889,Trade,,2018-03-30,32941.80145909139,4.872912231388889,True,8.681777595678575,8.86905649179966,-0.11407406222592212,-0.332785880925123,0.0,0.0,0.0,1.7703506320031879
XBTUSD,2018-03-30 15:06:17.263068,short,20000,2018-03-30 15:37:48.846149,True,0.5254397447222222,Trade,,2018-03-30,32936.89520470333,0.5254397447222222,True,8.681777595678575,8.86905649179966,-0.11407406222592212,-0.332785880925123,0.0,0.0,0.0,0.4222827256873294
XBTUSD,2018-03-30 15:58:52.980586,short,180000,2018-03-30 16:49:53.250035,True,0.8500748469444445,Trade,,2018-03-30,32936.01861650389,0.8500748469444445,True,8.681777595678575,8.86905649179966,-0.11407406222592212,-0.332785880925123,0.0,0.0,0.0,0.6152260960796462
XBTUSD,2018-03-30 16:50:43.016282,short,100000,2018-03-30 16:52:29.292561,True,0.0295211886111111,Trade,,2018-03-30,32935.15471769944,0.0295211886111111,True,8.681777595678575,8.86905649179966,-0.11407406222592212,-0.332785880925123,0.0,0.0,0.0,0.029093828732009015
XBTUSD,2018-03-30 16:56:46.952160,short,100000,2018-03-31 01:54:22.633975,True,8.959911615277777,Trade,,2018-03-30,32935.0536244,8.959911615277777,True,8.681777595678575,8.86905649179966,-0.11407406222592212,-0.332785880925123,0.0,0.0,0.0,2.2985681975890384
XBTUSD,2018-03-31 02:22:29.840500,short,70000,2018-03-31 02:26:44.906686,True,0.0708517183333333,Trade,,2018-03-31,32925.625044305554,0.0708517183333333,True,9.739687930999336,8.829394554073394,-0.11172176733948323,-0.3371366530486021,0.0,0.0,0.0,0.06845433027744041
XBTUSD,2018-03-31 02:29:53.141991,long,70000,2018-03-31 02:31:37.260831,True,0.0289219,Trade,,2018-03-31,32925.5019050025,0.0289219,True,9.739687930999336,8.829394554073394,-0.11172176733948323,-0.3371366530486021,0.0,0.0,0.0,0.028511555040441967
XBTUSD,2018-03-31 02:36:13.278321,short,350000,2018-03-31 03:12:17.148509,True,0.6010750522222222,Trade,,2018-03-31,32925.396311577504,0.6010750522222222,True,9.739687930999336,8.829394554073394,-0.11172176733948323,-0.3371366530486021,0.0,0.0,0.0,0.4706753112557491
XBTUSD,2018-03-31 03:14:33.309373,short,349517,2018-03-31 03:48:01.720271,True,0.5578919161111111,Trade,,2018-03-31,32924.75741406305,0.5578919161111111,True,9.739687930999336,8.829394554073394,-0.11172176733948323,-0.3371366530486021,0.0,0.0,0.0,0.44333357155758074
XBTUSD,2018-03-31 03:50:42.839974,long,70000,2018-03-31 03:57:33.801320,True,0.1141559294444444,Trade,,2018-03-31,32924.15476667389,0.1141559294444444,True,9.739687930999336,8.829394554073394,-0.11172176733948323,-0.3371366530486021,0.0,0.0,0.0,0.1080971042811605
XBTUSD,2018-03-31 03:59:22.407073,long,140000,2018-03-31 04:02:29.236114,True,0.0518969558333333,Trade,,2018-03-31,32924.01044247972,0.0518969558333333,True,9.739687930999336,8.829394554073394,-0.11172176733948323,-0.3371366530486021,0.0,0.0,0.0,0.050595158789261574
XBTUSD,2018-03-31 04:09:12.475597,short,140000,2018-03-31 04:18:03.621207,True,0.1475404472222222,Trade,,2018-03-31,32923.84653455639,0.1475404472222222,True,9.739687930999336,8.829394554073394,-0.11172176733948323,-0.3371366530486021,0.0,0.0,0.0,0.13762091045530356
XBTUSD,2018-03-31 05:36:04.278277,long,140000,2018-03-31 05:38:38.132474,True,0.0427372769444444,Trade,,2018-03-31,32922.39881158972,0.0427372769444444,True,9.739687930999336,8.829394554073394,-0.11172176733948323,-0.3371366530486021,0.0,0.0,0.0,0.041849252576647566
XBTUSD,2018-03-31 05:39:13.468788,short,70000,2018-03-31 05:41:17.281967,True,0.0343925497222222,Trade,,2018-03-31,32922.34625867,0.0343925497222222,True,9.739687930999336,8.829394554073394,-0.11172176733948323,-0.3371366530486021,0.0,0.0,0.0,0.033814345938186344
XBTUSD,2018-03-31 05:51:47.971904,long,140000,2018-03-31 06:01:07.746024,True,0.1554928111111111,Trade,,2018-03-31,32922.13667447111,0.1554928111111111,True,9.739687930999336,8.829394554073394,-0.11172176733948323,-0.3371366530486021,0.0,0.0,0.0,0.14452692925999056
XBTUSD,2018-03-31 06:04:33.203761,long,140000,2018-03-31 06:15:46.687329,True,0.1870787688888888,Trade,,2018-03-31,32921.92411006639,0.1870787688888888,True,9.739687930999336,8.829394554073394,-0.11172176733948323,-0.3371366530486021,0.0,0.0,0.0,0.17149547306263374
XBTUSD,2018-03-31 06:18:18.226309,long,70000,2018-03-31 06:26:57.376696,True,0.1442084408333333,Trade,,2018-03-31,32921.69493713639,0.1442084408333333,True,9.739687930999336,8.829394554073394,-0.11172176733948323,-0.3371366530486021,0.0,0.0,0.0,0.1347130798862008
XBTUSD,2018-03-31 06:36:05.538453,long,5000,2018-03-31 06:36:18.713140,True,0.0036596352777777,Trade,,2018-03-31,32921.39846154083,0.0036596352777777,True,9.739687930999336,8.829394554073394,-0.11172176733948323,-0.3371366530486021,0.0,0.0,0.0,0.003652955105629578
XBTUSD,2018-03-31 06:47:58.331690,long,70000,2018-03-31 06:49:18.603719,True,0.0222977858333333,Trade,,2018-03-31,32921.200463419445,0.0222977858333333,True,9.739687930999336,8.829394554073394,-0.11172176733948323,-0.3371366530486021,0.0,0.0,0.0,0.02205282491067139
XBTUSD,2018-03-31 06:51:29.126277,long,140000,2018-03-31 07:04:17.254526,True,0.2133689580555555,Trade,,2018-03-31,32921.1419093675,0.2133689580555555,True,9.739687930999336,8.829394554073394,-0.11172176733948323,-0.3371366530486021,0.0,0.0,0.0,0.19340075358431133
XBTUSD,2018-03-31 09:39:09.348071,short,70000,2018-03-31 09:39:37.116587,True,0.0077134766666666,Trade,,2018-03-31,32918.347403313615,0.0077134766666666,True,9.739687930999336,8.829394554073394,-0.11172176733948323,-0.3371366530486021,0.0,0.0,0.0,0.007683879904052019
XBTUSD,2018-03-31 09:48:02.731616,short,70000,2018-03-31 09:50:27.760533,True,0.0402858102777777,Trade,,2018-03-31,32918.19924121778,0.0402858102777777,True,9.739687930999336,8.829394554073394,-0.11172176733948323,-0.3371366530486021,0.0,0.0,0.0,0.039495492972634924
XBTUSD,2018-03-31 09:50:27.760533,long,12586,2018-03-31 09:51:19.110607,True,0.0142639094444444,Trade,,2018-03-31,32918.158955407496,0.0142639094444444,True,9.739687930999336,8.829394554073394,-0.11172176733948323,-0.3371366530486021,0.0,0.0,0.0,0.01416313703004744
XBTUSD,2018-03-31 09:51:19.110607,short,57414,2018-03-31 09:55:22.846234,True,0.0677043408333333,Trade,,2018-03-31,32918.144691498055,0.0677043408333333,True,9.739687930999336,8.829394554073394,-0.11172176733948323,-0.3371366530486021,0.0,0.0,0.0,0.06551086778656218
XBTUSD,2018-03-31 09:55:22.846234,long,82586,2018-03-31 09:59:20.744272,True,0.0660827883333333,Trade,,2018-03-31,32918.07698715723,0.0660827883333333,True,9.739687930999336,8.829394554073394,-0.11172176733948323,-0.3371366530486021,0.0,0.0,0.0,0.06399098532969506
XBTUSD,2018-03-31 10:02:10.865559,short,70000,2018-03-31 10:02:37.853700,True,0.0074967058333333,Trade,,2018-03-31,32917.963648455836,0.0074967058333333,True,9.739687930999336,8.829394554073394,-0.11172176733948323,-0.3371366530486021,0.0,0.0,0.0,0.007468745189021503
XBTUSD,2018-03-31 10:06:21.640885,long,70000,2018-03-31 10:26:47.221089,True,0.3404389455555556,Trade,,2018-03-31,32917.89398864306,0.3404389455555556,True,9.739687930999336,8.829394554073394,-0.11172176733948323,-0.3371366530486021,0.0,0.0,0.0,0.2929971316331681
XBTUSD,2018-03-31 10:32:48.294291,short,70000,2018-03-31 10:34:42.890201,True,0.0318321972222222,Trade,,2018-03-31,32917.45325158583,0.0318321972222222,True,9.739687930999336,8.829394554073394,-0.11172176733948323,-0.3371366530486021,0.0,0.0,0.0,0.03133605424775441
XBTUSD,2018-03-31 12:48:51.827130,short,70000,2018-03-31 12:49:38.493091,True,0.0129627669444444,Trade,,2018-03-31,32915.185603574995,0.0129627669444444,True,9.739687930999336,8.829394554073394,-0.11172176733948323,-0.3371366530486021,0.0,0.0,0.0,0.012879469353587527
XBTUSD,2018-03-31 22:07:35.947807,short,70000,2018-03-31 22:11:31.736126,True,0.0654967552777777,Trade,,2018-03-31,32905.87334783139,0.0654967552777777,True,9.739687930999336,8.829394554073394,-0.11172176733948323,-0.3371366530486021,0.0,0.0,0.0,0.0634411272940638
XBTUSD,2018-03-31 22:22:22.865679,short,70000,2018-03-31 22:23:47.474717,True,0.0235025105555555,Trade,,2018-03-31,32905.626981755835,0.0235025105555555,True,9.739687930999336,8.829394554073394,-0.11172176733948323,-0.3371366530486021,0.0,0.0,0.0,0.02323057902831945
XBTUSD,2018-03-31 22:37:13.356534,short,70000,2018-03-31 22:37:36.474652,True,0.0064216994444444,Trade,,2018-03-31,32905.379623185,0.0064216994444444,True,9.739687930999336,8.829394554073394,-0.11172176733948323,-0.3371366530486021,0.0,0.0,0.0,0.006401168182751275
XBTUSD,2018-03-31 22:42:32.548003,long,70000,2018-03-31 22:45:38.101720,True,0.0515426991666666,Trade,,2018-03-31,32905.29095888806,0.0515426991666666,True,9.739687930999336,8.829394554073394,-0.11172176733948323,-0.3371366530486021,0.0,0.0,0.0,0.05025832319792521
XBTUSD,2018-03-31 22:47:52.364600,short,70000,2018-03-31 23:10:59.233585,True,0.3852413847222222,Trade,,2018-03-31,32905.20212094444,0.3852413847222222,True,9.739687930999336,8.829394554073394,-0.11172176733948323,-0.3371366530486021,0.0,0.0,0.0,0.3258744094514303
XBTUSD,2018-03-31 23:15:21.889576,short,70000,2018-03-31 23:16:59.971385,True,0.0272449469444444,Trade,,2018-03-31,32904.74391956222,0.0272449469444444,True,9.739687930999336,8.829394554073394,-0.11172176733948323,-0.3371366530486021,0.0,0.0,0.0,0.026880409756817797
XBTUSD,2018-03-31 23:17:27.582922,long,140000,2018-03-31 23:22:51.007269,True,0.0898400963888888,Trade,,2018-03-31,32904.70900474389,0.0898400963888888,True,9.739687930999336,8.829394554073394,-0.11172176733948323,-0.3371366530486021,0.0,0.0,0.0,0.08603098491882011
XBTUSD,2018-04-01 02:31:39.941837,long,280000,2018-04-01 03:03:37.166386,True,0.5325623747222222,Trade,,2018-04-01,32901.472238378614,0.5325623747222222,True,9.7804876574162,8.842500661465857,-0.14849073125514375,-0.3663021586417367,0.0,0.0,0.0,0.4269410892868858
XBTUSD,2018-04-01 03:18:48.851420,long,70000,2018-04-01 03:25:07.417593,True,0.1051572702777777,Trade,,2018-04-01,32900.68643016111,0.1051572702777777,True,9.7804876574162,8.842500661465857,-0.14849073125514375,-0.3663021586417367,0.0,0.0,0.0,0.09998765088556351
XBTUSD,2018-04-01 03:56:18.919121,long,180000,2018-04-01 04:11:33.427402,True,0.2540300780555555,Trade,,2018-04-01,32900.06141135528,0.2540300780555555,True,9.7804876574162,8.842500661465857,-0.14849073125514375,-0.3663021586417367,0.0,0.0,0.0,0.22636242761331252
XBTUSD,2018-04-01 04:21:40.219934,short,90000,2018-04-01 04:22:24.380673,True,0.0122668719444444,Trade,,2018-04-01,32899.63882779611,0.0122668719444444,True,9.7804876574162,8.842500661465857,-0.14849073125514375,-0.3663021586417367,0.0,0.0,0.0,0.012192243555559151
XBTUSD,2018-04-01 04:46:32.899969,long,180000,2018-04-01 05:01:52.139592,True,0.2553443397222222,Trade,,2018-04-01,32899.224194453054,0.2553443397222222,True,9.7804876574162,8.842500661465857,-0.14849073125514375,-0.3663021586417367,0.0,0.0,0.0,0.2274099092306631
XBTUSD,2018-04-01 06:05:54.403964,long,90000,2018-04-01 06:07:14.329671,True,0.0222015852777777,Trade,,2018-04-01,32897.901554454445,0.0222015852777777,True,9.7804876574162,8.842500661465857,-0.14849073125514375,-0.3663021586417367,0.0,0.0,0.0,0.021958718199770997
XBTUSD,2018-04-01 06:08:45.483273,short,180000,2018-04-01 06:25:37.896204,True,0.2812258141666666,Trade,,2018-04-01,32897.85403242417,0.2812258141666666,True,9.7804876574162,8.842500661465857,-0.14849073125514375,-0.3663021586417367,0.0,0.0,0.0,0.24781728697844566
XBTUSD,2018-04-01 06:25:40.640534,long,360000,2018-04-01 06:49:22.773233,True,0.3950368608333333,Trade,,2018-04-01,32897.57204429611,0.3950368608333333,True,9.7804876574162,8.842500661465857,-0.14849073125514375,-0.3663021586417367,0.0,0.0,0.0,0.3329208384606731
XBTUSD,2018-04-01 06:53:38.567508,long,90000,2018-04-01 07:02:22.886617,True,0.1456441969444444,Trade,,2018-04-01,32897.10595347,0.1456441969444444,True,9.7804876574162,8.842500661465857,-0.14849073125514375,-0.3663021586417367,0.0,0.0,0.0,0.13596709621509007
XBTUSD,2018-04-01 07:10:27.163834,long,540000,2018-04-01 07:35:44.845989,True,0.4215783763888889,Trade,,2018-04-01,32896.82578782389,0.4215783763888889,True,9.7804876574162,8.842500661465857,-0.14849073125514375,-0.3663021586417367,0.0,0.0,0.0,0.3517677869863514
XBTUSD,2018-04-01 07:35:56.913000,long,540000,2018-04-01 08:07:23.626815,True,0.5240871708333333,Trade,,2018-04-01,32896.4008575,0.5240871708333333,True,9.7804876574162,8.842500661465857,-0.14849073125514375,-0.3663021586417367,0.0,0.0,0.0,0.421395654338207
XBTUSD,2018-04-01 08:11:35.141968,long,550000,2018-04-01 09:22:29.412754,True,1.181741885,Trade,,2018-04-01,32895.80690500889,1.181741885,True,9.7804876574162,8.842500661465857,-0.14849073125514375,-0.3663021586417367,0.0,0.0,0.0,0.7801235875631323
XBTUSD,2018-04-01 09:25:26.886476,short,199084,2018-04-01 09:34:46.008331,True,0.1553116263888888,Trade,,2018-04-01,32894.57586486778,0.1553116263888888,True,9.7804876574162,8.842500661465857,-0.14849073125514375,-0.3663021586417367,0.0,0.0,0.0,0.14437011397986274
XBTUSD,2018-04-01 09:34:46.008331,long,916,2018-04-01 09:37:33.204838,True,0.0464434741666666,Trade,,2018-04-01,32894.42055324139,0.0464434741666666,True,9.7804876574162,8.842500661465857,-0.14849073125514375,-0.3663021586417367,0.0,0.0,0.0,0.045397247270867705
XBTUSD,2018-04-01 09:43:13.658259,short,139100,2018-04-01 09:44:50.390619,True,0.0268701,Trade,,2018-04-01,32894.279539372495,0.0268701,True,9.7804876574162,8.842500661465857,-0.14849073125514375,-0.3663021586417367,0.0,0.0,0.0,0.026515438039033116
XBTUSD,2018-04-01 09:46:04.826671,short,100000,2018-04-01 09:50:47.894035,True,0.0786298233333333,Trade,,2018-04-01,32894.23199259139,0.0786298233333333,True,9.7804876574162,8.842500661465857,-0.14849073125514375,-0.3663021586417367,0.0,0.0,0.0,0.07569155357890978
XBTUSD,2018-04-01 09:53:02.493978,short,400000,2018-04-01 10:10:24.976055,True,0.2895783547222222,Trade,,2018-04-01,32894.115973895,0.2895783547222222,True,9.7804876574162,8.842500661465857,-0.14849073125514375,-0.3663021586417367,0.0,0.0,0.0,0.2543153081397737
XBTUSD,2018-04-01 10:11:08.701071,long,400000,2018-04-01 10:42:14.321819,True,0.5182279855555556,Trade,,2018-04-01,32893.814249702504,0.5182279855555556,True,9.7804876574162,8.842500661465857,-0.14849073125514375,-0.3663021586417367,0.0,0.0,0.0,0.4175438558093469
XBTUSD,2018-04-01 10:43:47.656398,short,100000,2018-04-01 10:47:23.427026,True,0.0599362855555555,Trade,,2018-04-01,32893.270095445,0.0599362855555555,True,9.7804876574162,8.842500661465857,-0.14849073125514375,-0.3663021586417367,0.0,0.0,0.0,0.058208798350962494
XBTUSD,2018-04-01 11:26:22.460748,long,200000,2018-04-01 11:35:53.047057,True,0.1584961969444444,Trade,,2018-04-01,32892.56042757,0.1584961969444444,True,9.7804876574162,8.842500661465857,-0.14849073125514375,-0.3663021586417367,0.0,0.0,0.0,0.14712278214381316
XBTUSD,2018-04-01 14:42:38.874369,short,200000,2018-04-01 14:49:02.532958,True,0.1065718302777777,Trade,,2018-04-01,32889.28920156417,0.1065718302777777,True,9.7804876574162,8.842500661465857,-0.14849073125514375,-0.3663021586417367,0.0,0.0,0.0,0.10126679505608699
XBTUSD,2018-04-01 16:03:09.571107,long,100000,2018-04-01 16:04:13.353395,True,0.0177173022222222,Trade,,2018-04-01,32887.94734135917,0.0177173022222222,True,9.7804876574162,8.842500661465857,-0.14849073125514375,-0.3663021586417367,0.0,0.0,0.0,0.017562180370454268
XBTUSD,2018-04-01 16:09:46.465900,short,100000,2018-04-01 16:11:15.953182,True,0.0248575783333333,Trade,,2018-04-01,32887.83709280555,0.0248575783333333,True,9.7804876574162,8.842500661465857,-0.14849073125514375,-0.3663021586417367,0.0,0.0,0.0,0.024553654968728664
XBTUSD,2018-04-01 16:12:32.515293,short,200000,2018-04-01 16:24:59.511158,True,0.2074988513888888,Trade,,2018-04-01,32887.790967974164,0.2074988513888888,True,9.7804876574162,8.842500661465857,-0.14849073125514375,-0.3663021586417367,0.0,0.0,0.0,0.18855115531340438
XBTUSD,2018-04-01 16:26:12.582940,short,400000,2018-04-01 16:50:55.598967,True,0.4119488963888889,Trade,,2018-04-01,32887.563171405556,0.4119488963888889,True,9.7804876574162,8.842500661465857,-0.14849073125514375,-0.3663021586417367,0.0,0.0,0.0,0.3449709460569472
XBTUSD,2018-04-01 16:52:16.837663,long,300000,2018-04-01 16:59:13.303176,True,0.1156848647222222,Trade,,2018-04-01,32887.128656204724,0.1156848647222222,True,9.7804876574162,8.842500661465857,-0.14849073125514375,-0.3663021586417367,0.0,0.0,0.0,0.10946844480142003
XBTUSD,2018-04-01 16:59:20.266465,short,380000,2018-04-01 18:27:32.013163,True,1.4699296383333331,Trade,,2018-04-01,32887.011037093056,1.4699296383333331,True,9.7804876574162,8.842500661465857,-0.14849073125514375,-0.3663021586417367,0.0,0.0,0.0,0.9041896637294142
XBTUSD,2018-04-01 18:32:44.730469,short,100000,2018-04-01 18:35:32.247421,True,0.0465324866666666,Trade,,2018-04-01,32885.45424153639,0.0465324866666666,True,9.7804876574162,8.842500661465857,-0.14849073125514375,-0.3663021586417367,0.0,0.0,0.0,0.04548230558182721
XBTUSD,2018-04-01 18:39:13.674024,short,200000,2018-04-01 18:48:28.698891,True,0.1541735741666666,Trade,,2018-04-01,32885.34620166,0.1541735741666666,True,9.7804876574162,8.842500661465857,-0.14849073125514375,-0.3663021586417367,0.0,0.0,0.0,0.1433845676649832
XBTUSD,2018-04-01 18:49:05.856177,short,40000,2018-04-01 18:49:32.803554,True,0.0074853825,Trade,,2018-04-01,32885.1817066175,0.0074853825,True,9.7804876574162,8.842500661465857,-0.14849073125514375,-0.3663021586417367,0.0,0.0,0.0,0.0074575060485854855
XBTUSD,2018-04-01 19:04:49.104919,short,330000,2018-04-01 19:22:34.458526,True,0.2959315575,Trade,,2018-04-01,32884.91969307805,0.2959315575,True,9.7804876574162,8.842500661465857,-0.14849073125514375,-0.3663021586417367,0.0,0.0,0.0,0.259229785964568
XBTUSD,2018-04-01 19:23:52.741893,long,100000,2018-04-01 19:24:39.945837,True,0.0131122066666666,Trade,,2018-04-01,32884.60201614084,0.0131122066666666,True,9.7804876574162,8.842500661465857,-0.14849073125514375,-0.3663021586417367,0.0,0.0,0.0,0.013026985831940594
XBTUSD,2018-04-01 19:32:57.296816,short,300000,2018-04-01 19:49:37.035758,True,0.2777052616666666,Trade,,2018-04-01,32884.45075088444,0.2777052616666666,True,9.7804876574162,8.842500661465857,-0.14849073125514375,-0.3663021586417367,0.0,0.0,0.0,0.24506570468341363
XBTUSD,2018-04-01 19:56:53.551295,long,55770,2018-04-01 19:57:47.498314,True,0.0149852830555555,Trade,,2018-04-01,32884.05179130694,0.0149852830555555,True,9.7804876574162,8.842500661465857,-0.14849073125514375,-0.3663021586417367,0.0,0.0,0.0,0.014874112935977896
XBTUSD,2018-04-01 20:06:59.591602,long,100000,2018-04-01 20:07:57.304942,True,0.0160314833333333,Trade,,2018-04-01,32883.883446777225,0.0160314833333333,True,9.7804876574162,8.842500661465857,-0.14849073125514375,-0.3663021586417367,0.0,0.0,0.0,0.01590433620899484
XBTUSD,2018-04-02 02:02:34.119231,short,400000,2018-04-02 03:24:50.486981,True,1.371213263888889,Trade,,2018-04-02,32877.9571891025,1.371213263888889,True,9.586055285454192,8.825343093296187,-0.15332120185904646,-0.382196408387454,0.0,0.0,0.0,0.8634017498493
XBTUSD,2018-04-02 03:26:51.025734,short,400000,2018-04-02 04:58:17.928405,True,1.5241396308333333,Trade,,2018-04-02,32876.55249285167,1.5241396308333333,True,9.586055285454192,8.825343093296187,-0.15332120185904646,-0.382196408387454,0.0,0.0,0.0,0.9259002643981425
XBTUSD,2018-04-02 05:04:57.561199,long,100000,2018-04-02 05:05:55.428347,True,0.0160742077777777,Trade,,2018-04-02,32874.91734411139,0.0160742077777777,True,9.586055285454192,8.825343093296187,-0.15332120185904646,-0.382196408387454,0.0,0.0,0.0,0.01594638564041721
XBTUSD,2018-04-02 05:32:47.265622,short,80000,2018-04-02 05:36:20.474023,True,0.0592245558333333,Trade,,2018-04-02,32874.45353732722,0.0592245558333333,True,9.586055285454192,8.825343093296187,-0.15332120185904646,-0.382196408387454,0.0,0.0,0.0,0.05753708930926808
XBTUSD,2018-04-02 06:16:50.641806,short,160000,2018-04-02 06:58:39.623197,True,0.6969392752777778,Trade,,2018-04-02,32873.719266165,0.6969392752777778,True,9.586055285454192,8.825343093296187,-0.15332120185904646,-0.382196408387454,0.0,0.0,0.0,0.5288262020395248
XBTUSD,2018-04-02 07:03:13.528951,long,80000,2018-04-02 07:07:21.338572,True,0.0688360058333333,Trade,,2018-04-02,32872.94624195805,0.0688360058333333,True,9.586055285454192,8.825343093296187,-0.15332120185904646,-0.382196408387454,0.0,0.0,0.0,0.06657021132537802
XBTUSD,2018-04-02 07:10:23.733082,short,480000,2018-04-02 07:56:31.598157,True,0.7688514097222222,Trade,,2018-04-02,32872.82674081055,0.7688514097222222,True,9.586055285454192,8.825343093296187,-0.15332120185904646,-0.382196408387454,0.0,0.0,0.0,0.5703304148844438
XBTUSD,2018-04-02 08:00:57.517002,long,40000,2018-04-02 08:03:15.938764,True,0.0384504894444444,Trade,,2018-04-02,32871.984023054996,0.0384504894444444,True,9.586055285454192,8.825343093296187,-0.15332120185904646,-0.382196408387454,0.0,0.0,0.0,0.03772968813200529
XBTUSD,2018-04-02 08:12:52.447070,long,200000,2018-04-02 08:31:17.510182,True,0.3069619755555555,Trade,,2018-04-02,32871.78543136944,0.3069619755555555,True,9.586055285454192,8.825343093296187,-0.15332120185904646,-0.382196408387454,0.0,0.0,0.0,0.2677053413004045
XBTUSD,2018-04-02 10:19:59.195927,short,200000,2018-04-02 10:20:57.161528,True,0.0161015558333333,Trade,,2018-04-02,32869.66689002028,0.0161015558333333,True,9.586055285454192,8.825343093296187,-0.15332120185904646,-0.382196408387454,0.0,0.0,0.0,0.015973300689840552
XBTUSD,2018-04-02 10:43:39.372288,short,200000,2018-04-02 10:45:47.490908,True,0.0355885055555555,Trade,,2018-04-02,32869.27239658667,0.0355885055555555,True,9.586055285454192,8.825343093296187,-0.15332120185904646,-0.382196408387454,0.0,0.0,0.0,0.034969869524605145
XBTUSD,2018-04-02 11:02:12.668816,short,200000,2018-04-02 11:13:10.810100,True,0.1828170233333333,Trade,,2018-04-02,32868.96314755111,0.1828170233333333,True,9.586055285454192,8.825343093296187,-0.15332120185904646,-0.382196408387454,0.0,0.0,0.0,0.1678989012948249
XBTUSD,2018-04-02 11:13:53.288430,short,200000,2018-04-02 11:18:28.454226,True,0.0764349433333333,Trade,,2018-04-02,32868.76853099166,0.0764349433333333,True,9.586055285454192,8.825343093296187,-0.15332120185904646,-0.382196408387454,0.0,0.0,0.0,0.07365460249246454
XBTUSD,2018-04-02 11:22:48.820558,short,200000,2018-04-02 11:35:13.926379,True,0.2069738391666666,Trade,,2018-04-02,32868.61977206722,0.2069738391666666,True,9.586055285454192,8.825343093296187,-0.15332120185904646,-0.382196408387454,0.0,0.0,0.0,0.1881162676192504
XBTUSD,2018-04-02 11:36:33.879924,long,200000,2018-04-02 12:07:54.962212,True,0.5225228577777778,Trade,,2018-04-02,32868.39058891,0.5225228577777778,True,9.586055285454192,8.825343093296187,-0.15332120185904646,-0.382196408387454,0.0,0.0,0.0,0.4203687338079538
XBTUSD,2018-04-02 12:08:55.917081,long,200000,2018-04-02 12:12:34.743556,True,0.0607851319444444,Trade,,2018-04-02,32867.85113414417,0.0607851319444444,True,9.586055285454192,8.825343093296187,-0.15332120185904646,-0.382196408387454,0.0,0.0,0.0,0.05900932446176202
XBTUSD,2018-04-02 12:33:38.308237,long,100000,2018-04-02 12:36:18.763432,True,0.0445708875,Trade,,2018-04-02,32867.43935882305,0.0445708875,True,9.586055285454192,8.825343093296187,-0.15332120185904646,-0.382196408387454,0.0,0.0,0.0,0.04360616711226577
XBTUSD,2018-04-02 12:37:51.884387,long,100000,2018-04-02 12:47:25.936334,True,0.1594588741666666,Trade,,2018-04-02,32867.36892100361,0.1594588741666666,True,9.586055285454192,8.825343093296187,-0.15332120185904646,-0.382196408387454,0.0,0.0,0.0,0.14795340849163957
XBTUSD,2018-04-02 13:32:11.866865,short,100000,2018-04-02 13:41:10.258843,True,0.1495533272222222,Trade,,2018-04-02,32866.46337031528,0.1495533272222222,True,9.586055285454192,8.825343093296187,-0.15332120185904646,-0.382196408387454,0.0,0.0,0.0,0.13937345581291394
XBTUSD,2018-04-02 14:03:38.309016,long,100000,2018-04-02 14:14:40.344915,True,0.1838988608333333,Trade,,2018-04-02,32865.939358606665,0.1838988608333333,True,9.586055285454192,8.825343093296187,-0.15332120185904646,-0.382196408387454,0.0,0.0,0.0,0.16881311121971332
XBTUSD,2018-04-02 14:15:43.679669,long,300000,2018-04-02 14:47:21.723862,True,0.5272344980555556,Trade,,2018-04-02,32865.737866758616,0.5272344980555556,True,9.586055285454192,8.825343093296187,-0.15332120185904646,-0.382196408387454,0.0,0.0,0.0,0.4234585822625082
XBTUSD,2018-04-02 14:53:36.970914,long,100000,2018-04-02 15:12:46.947378,True,0.3194379066666667,Trade,,2018-04-02,32865.10639696833,0.3194379066666667,True,9.586055285454192,8.825343093296187,-0.15332120185904646,-0.382196408387454,0.0,0.0,0.0,0.2772058176248413
XBTUSD,2018-04-02 18:52:06.504441,short,100000,2018-04-02 19:07:27.854732,True,0.2559306363888888,Trade,,2018-04-02,32861.131526544166,0.2559306363888888,True,9.586055285454192,8.825343093296187,-0.15332120185904646,-0.382196408387454,0.0,0.0,0.0,0.2278768407159812
XBTUSD,2018-04-02 19:22:31.876390,short,200000,2018-04-02 20:52:32.512244,True,1.5001766261111111,Trade,,2018-04-02,32860.624478780555,1.5001766261111111,True,9.586055285454192,8.825343093296187,-0.15332120185904646,-0.382196408387454,0.0,0.0,0.0,0.9163613798229744
XBTUSD,2018-04-02 20:55:18.188432,short,200000,2018-04-02 21:09:23.102882,True,0.2346984583333333,Trade,,2018-04-02,32859.07828099111,0.2346984583333333,True,9.586055285454192,8.825343093296187,-0.15332120185904646,-0.382196408387454,0.0,0.0,0.0,0.21082677697438332
XBTUSD,2018-04-02 21:18:19.989408,short,200000,2018-04-02 21:27:04.428325,True,0.1456774769444444,Trade,,2018-04-02,32858.69444738667,0.1456774769444444,True,9.586055285454192,8.825343093296187,-0.15332120185904646,-0.382196408387454,0.0,0.0,0.0,0.1359961449517922
XBTUSD,2018-04-02 21:27:39.296539,short,200000,2018-04-03 02:57:15.180754,True,5.493301170833333,Trade,,2018-04-02,32858.53908429472,5.493301170833333,True,9.586055285454192,8.825343093296187,-0.15332120185904646,-0.382196408387454,0.0,0.0,0.0,1.8707710563769282
XBTUSD,2018-04-03 02:59:59.410895,short,100000,2018-04-03 03:04:57.909622,True,0.0829163130555555,Trade,,2018-04-03,32853.000163640274,0.0829163130555555,True,9.025657359412687,8.858405548691591,-0.15649561939215978,-0.3844340764394004,0.0,0.0,0.0,0.07965769176955279
XBTUSD,2018-04-03 03:08:47.417389,long,100000,2018-04-03 03:13:29.091587,True,0.0782428327777777,Trade,,2018-04-03,32852.85349516972,0.0782428327777777,True,9.025657359412687,8.858405548691591,-0.15649561939215978,-0.3844340764394004,0.0,0.0,0.0,0.07533270943610715
XBTUSD,2018-04-03 03:25:47.560616,short,70000,2018-04-03 04:01:25.367313,True,0.5938351936111111,Trade,,2018-04-03,32852.57012205111,0.5938351936111111,True,9.025657359412687,8.858405548691591,-0.15649561939215978,-0.3844340764394004,0.0,0.0,0.0,0.4661431833107563
XBTUSD,2018-04-03 04:04:27.558778,short,150000,2018-04-03 04:28:21.991714,True,0.3984535933333333,Trade,,2018-04-03,32851.92567811722,0.3984535933333333,True,9.025657359412687,8.858405548691591,-0.15649561939215978,-0.3844340764394004,0.0,0.0,0.0,0.335367049936857
XBTUSD,2018-04-03 04:32:10.528579,short,250000,2018-04-03 07:12:25.350385,True,2.670783835,Trade,,2018-04-03,32851.46374206139,2.670783835,True,9.025657359412687,8.858405548691591,-0.15649561939215978,-0.3844340764394004,0.0,0.0,0.0,1.3004052182808008
XBTUSD,2018-04-03 07:17:03.467593,short,50000,2018-04-03 07:18:51.790851,True,0.0300897938888888,Trade,,2018-04-03,32848.71570344639,0.0300897938888888,True,9.025657359412687,8.858405548691591,-0.15649561939215978,-0.3844340764394004,0.0,0.0,0.0,0.029645976974618692
XBTUSD,2018-04-03 07:40:52.563687,short,150000,2018-04-03 08:32:28.048675,True,0.8598569411111111,Trade,,2018-04-03,32848.31873230917,0.8598569411111111,True,9.025657359412687,8.858405548691591,-0.15649561939215978,-0.3844340764394004,0.0,0.0,0.0,0.6204995713860011
XBTUSD,2018-04-03 08:33:33.305080,long,150000,2018-04-03 13:02:12.590059,True,4.477579160833334,Trade,,2018-04-03,32847.44074858889,4.477579160833334,True,9.025657359412687,8.858405548691591,-0.15649561939215978,-0.3844340764394004,0.0,0.0,0.0,1.700663244383664
XBTUSD,2018-04-03 13:07:52.739115,short,50000,2018-04-03 13:10:32.129503,True,0.0442751077777777,Trade,,2018-04-03,32842.86868357917,0.0442751077777777,True,9.025657359412687,8.858405548691591,-0.15649561939215978,-0.3844340764394004,0.0,0.0,0.0,0.043322967944047705
XBTUSD,2018-04-03 13:10:32.129503,long,270000,2018-04-03 13:43:50.027847,True,0.5549717622222222,Trade,,2018-04-03,32842.82440847139,0.5549717622222222,True,9.025657359412687,8.858405548691591,-0.15649561939215978,-0.3844340764394004,0.0,0.0,0.0,0.44145738612369223
XBTUSD,2018-04-03 13:44:27.410129,long,50000,2018-04-03 13:46:10.899550,True,0.0287470613888888,Trade,,2018-04-03,32842.259052741945,0.0287470613888888,True,9.025657359412687,8.858405548691591,-0.15649561939215978,-0.3844340764394004,0.0,0.0,0.0,0.02834161651795587
XBTUSD,2018-04-03 13:47:02.887869,short,50000,2018-04-03 13:59:27.911943,True,0.2069511316666666,Trade,,2018-04-03,32842.21586448083,0.2069511316666666,True,9.025657359412687,8.858405548691591,-0.15649561939215978,-0.3844340764394004,0.0,0.0,0.0,0.18809745386134571
XBTUSD,2018-04-03 14:00:27.846635,long,50000,2018-04-03 14:03:15.610465,True,0.0466010638888888,Trade,,2018-04-03,32841.99226482361,0.0466010638888888,True,9.025657359412687,8.858405548691591,-0.15649561939215978,-0.3844340764394004,0.0,0.0,0.0,0.04554783147455253
XBTUSD,2018-04-03 14:16:14.791778,long,100000,2018-04-03 14:21:57.198028,True,0.0951128472222222,Trade,,2018-04-03,32841.72922450611,0.0951128472222222,True,9.025657359412687,8.858405548691591,-0.15649561939215978,-0.3844340764394004,0.0,0.0,0.0,0.0908574147824217
XBTUSD,2018-04-03 14:25:23.622641,long,100000,2018-04-03 14:31:30.723409,True,0.1019724355555555,Trade,,2018-04-03,32841.57677148861,0.1019724355555555,True,9.025657359412687,8.858405548691591,-0.15649561939215978,-0.3844340764394004,0.0,0.0,0.0,0.09710169731040835
XBTUSD,2018-04-03 14:34:02.137055,short,50000,2018-04-03 14:36:43.466501,True,0.044813735,Trade,,2018-04-03,32841.43273970694,0.044813735,True,9.025657359412687,8.858405548691591,-0.15649561939215978,-0.3844340764394004,0.0,0.0,0.0,0.04383862551028248
XBTUSD,2018-04-03 14:49:25.397793,short,50000,2018-04-03 14:58:42.764792,True,0.1548241663888888,Trade,,2018-04-03,32841.176278390834,0.1548241663888888,True,9.025657359412687,8.858405548691591,-0.15649561939215978,-0.3844340764394004,0.0,0.0,0.0,0.14394809549180793
XBTUSD,2018-04-03 14:59:40.212161,short,250000,2018-04-03 16:21:51.980073,True,1.3699355311111112,Trade,,2018-04-03,32841.00549662195,1.3699355311111112,True,9.025657359412687,8.858405548691591,-0.15649561939215978,-0.3844340764394004,0.0,0.0,0.0,0.8628627527142347
XBTUSD,2018-04-03 16:25:47.705111,short,50000,2018-04-03 16:28:04.345424,True,0.0379556425,Trade,,2018-04-03,32839.57008191361,0.0379556425,True,9.025657359412687,8.858405548691591,-0.15649561939215978,-0.3844340764394004,0.0,0.0,0.0,0.037253050208238964
XBTUSD,2018-04-03 16:28:42.324128,short,100000,2018-04-03 16:39:50.962727,True,0.1857329441666666,Trade,,2018-04-03,32839.52157663111,0.1857329441666666,True,9.025657359412687,8.858405548691591,-0.15649561939215978,-0.3844340764394004,0.0,0.0,0.0,0.17036110166760535
XBTUSD,2018-04-03 16:40:48.471277,short,50000,2018-04-03 16:42:27.451880,True,0.0274946119444444,Trade,,2018-04-03,32839.319869089726,0.0274946119444444,True,9.025657359412687,8.858405548691591,-0.15649561939215978,-0.3844340764394004,0.0,0.0,0.0,0.027123423524814446
XBTUSD,2018-04-03 16:44:24.079856,short,100000,2018-04-03 17:34:02.446456,True,0.8273240555555555,Trade,,2018-04-03,32839.25997781778,0.8273240555555555,True,9.025657359412687,8.858405548691591,-0.15649561939215978,-0.3844340764394004,0.0,0.0,0.0,0.6028526319771702
XBTUSD,2018-04-03 17:36:10.495719,short,150000,2018-04-03 21:10:59.793773,True,3.580360570555556,Trade,,2018-04-03,32838.3970845225,3.580360570555556,True,9.025657359412687,8.858405548691591,-0.15649561939215978,-0.3844340764394004,0.0,0.0,0.0,1.5217777222228066
XBTUSD,2018-04-03 23:16:08.341384,short,50000,2018-04-04 04:09:34.438979,True,4.890582665277778,Trade,,2018-04-03,32832.731016282225,4.890582665277778,True,9.025657359412687,8.858405548691591,-0.15649561939215978,-0.3844340764394004,0.0,0.0,0.0,1.7733549172661685
XBTUSD,2018-04-04 04:19:21.055339,long,50000,2018-04-04 05:11:12.949400,True,0.8644150169444444,Trade,,2018-04-04,32827.67748462806,0.8644150169444444,True,8.595297235491351,8.9120422165265,-0.11989516284313782,-0.3526066168856967,0.0,0.0,0.0,0.6229473400562295
XBTUSD,2018-04-04 06:01:08.219482,long,50000,2018-04-04 06:08:57.797139,True,0.1304382380555555,Trade,,2018-04-04,32825.981050143884,0.1304382380555555,True,8.595297235491351,8.9120422165265,-0.11989516284313782,-0.3526066168856967,0.0,0.0,0.0,0.12260537882911346
XBTUSD,2018-04-04 06:45:39.341727,long,50000,2018-04-04 07:17:31.833500,True,0.5312477147222222,Trade,,2018-04-04,32825.2390717425,0.5312477147222222,True,8.595297235491351,8.9120422165265,-0.11989516284313782,-0.3526066168856967,0.0,0.0,0.0,0.42608290288348255
XBTUSD,2018-04-04 11:02:06.283215,long,50000,2018-04-04 11:08:25.542079,True,0.1053496844444444,Trade,,2018-04-04,32820.96492132916,0.1053496844444444,True,8.595297235491351,8.9120422165265,-0.11989516284313782,-0.3526066168856967,0.0,0.0,0.0,0.10016174141872525
XBTUSD,2018-04-04 11:08:27.771500,short,50000,2018-04-04 11:09:09.576082,True,0.0116123838888888,Trade,,2018-04-04,32820.85895236111,0.0116123838888888,True,8.595297235491351,8.9120422165265,-0.11989516284313782,-0.3526066168856967,0.0,0.0,0.0,0.011545477621787264
XBTUSD,2018-04-04 11:52:42.750707,short,50000,2018-04-04 12:26:54.458675,True,0.56991888,Trade,,2018-04-04,32820.12145813694,0.56991888,True,8.595297235491351,8.9120422165265,-0.11989516284313782,-0.3526066168856967,0.0,0.0,0.0,0.45102394923552985
XBTUSD,2018-04-04 12:31:38.275225,long,50000,2018-04-04 12:47:10.258985,True,0.2588843777777778,Trade,,2018-04-04,32819.47270132639,0.2588843777777778,True,8.595297235491351,8.9120422165265,-0.11989516284313782,-0.3526066168856967,0.0,0.0,0.0,0.23022591429039077
XBTUSD,2018-04-04 13:43:08.414123,short,50000,2018-04-04 13:44:25.151741,True,0.021316005,Trade,,2018-04-04,32818.280996076945,0.021316005,True,8.595297235491351,8.9120422165265,-0.11989516284313782,-0.3526066168856967,0.0,0.0,0.0,0.021091996682492446
XBTUSD,2018-04-04 13:55:16.961293,long,100000,2018-04-04 14:04:34.040946,True,0.1547443480555555,Trade,,2018-04-04,32818.07862186305,0.1547443480555555,True,8.595297235491351,8.9120422165265,-0.11989516284313782,-0.3526066168856967,0.0,0.0,0.0,0.14387897579878658
XBTUSD,2018-04-04 14:05:49.912538,long,100000,2018-04-04 14:15:25.658954,True,0.15992956,Trade,,2018-04-04,32817.90280207278,0.15992956,True,8.595297235491351,8.9120422165265,-0.11989516284313782,-0.3526066168856967,0.0,0.0,0.0,0.14835927913655714
XBTUSD,2018-04-04 14:16:54.988546,long,100000,2018-04-04 14:28:40.909588,True,0.1960891783333333,Trade,,2018-04-04,32817.71805873722,0.1960891783333333,True,8.595297235491351,8.9120422165265,-0.11989516284313782,-0.3526066168856967,0.0,0.0,0.0,0.17905721657255352
XBTUSD,2018-04-04 14:29:12.463896,long,50000,2018-04-04 14:34:37.623918,True,0.0903222283333333,Trade,,2018-04-04,32817.51320447333,0.0903222283333333,True,8.595297235491351,8.9120422165265,-0.11989516284313782,-0.3526066168856967,0.0,0.0,0.0,0.08647327487754186
XBTUSD,2018-04-04 14:39:07.935648,long,100000,2018-04-04 15:05:14.377692,True,0.43512279,Trade,,2018-04-04,32817.34779565333,0.43512279,True,8.595297235491351,8.9120422165265,-0.11989516284313782,-0.3526066168856967,0.0,0.0,0.0,0.36125041349510756
XBTUSD,2018-04-04 15:06:50.768828,long,100000,2018-04-04 15:55:52.682983,True,0.8171983763888889,Trade,,2018-04-04,32816.88589754778,0.8171983763888889,True,8.595297235491351,8.9120422165265,-0.11989516284313782,-0.3526066168856967,0.0,0.0,0.0,0.597295961434128
XBTUSD,2018-04-04 15:57:38.389250,long,100000,2018-04-04 16:02:12.615636,True,0.0761739961111111,Trade,,2018-04-04,32816.039336319445,0.0761739961111111,True,8.595297235491351,8.9120422165265,-0.11989516284313782,-0.3526066168856967,0.0,0.0,0.0,0.07341215508948408
XBTUSD,2018-04-04 16:08:09.147672,long,50000,2018-04-04 16:12:48.492166,True,0.0775956927777777,Trade,,2018-04-04,32815.864125646665,0.0775956927777777,True,8.595297235491351,8.9120422165265,-0.11989516284313782,-0.3526066168856967,0.0,0.0,0.0,0.07473234905496891
XBTUSD,2018-04-04 16:14:20.312625,long,80000,2018-04-04 16:26:43.584822,True,0.2064644991666666,Trade,,2018-04-04,32815.76102427083,0.2064644991666666,True,8.595297235491351,8.9120422165265,-0.11989516284313782,-0.3526066168856967,0.0,0.0,0.0,0.18769418100574808
XBTUSD,2018-04-04 18:15:10.648353,long,27159,2018-04-04 18:15:40.632531,True,0.0083289383333333,Trade,,2018-04-04,32813.74704212417,0.0083289383333333,True,8.595297235491351,8.9120422165265,-0.11989516284313782,-0.3526066168856967,0.0,0.0,0.0,0.008294444127510046
XBTUSD,2018-04-04 18:17:50.958639,long,50000,2018-04-04 18:18:35.054787,True,0.01224893,Trade,,2018-04-04,32813.702511489166,0.01224893,True,8.595297235491351,8.9120422165265,-0.11989516284313782,-0.3526066168856967,0.0,0.0,0.0,0.012174518878451038
XBTUSD,2018-04-04 18:33:38.608223,long,25833,2018-04-04 18:36:08.548791,True,0.0416501577777777,Trade,,2018-04-04,32813.43927549361,0.0416501577777777,True,8.595297235491351,8.9120422165265,-0.11989516284313782,-0.3526066168856967,0.0,0.0,0.0,0.04080614586133239
XBTUSD,2018-04-04 20:55:54.653542,long,50000,2018-04-04 20:59:46.741335,True,0.0644688313888888,Trade,,2018-04-04,32811.06815179389,0.0644688313888888,True,8.595297235491351,8.9120422165265,-0.11989516284313782,-0.3526066168856967,0.0,0.0,0.0,0.06247592487471386
XBTUSD,2018-04-04 21:03:49.471225,long,100000,2018-04-04 21:34:48.963151,True,0.516525535,Trade,,2018-04-04,32810.93625799306,0.516525535,True,8.595297235491351,8.9120422165265,-0.11989516284313782,-0.3526066168856967,0.0,0.0,0.0,0.41642188611881775
XBTUSD,2018-04-04 21:35:32.630682,long,50000,2018-04-04 21:36:55.240157,True,0.0229470763888888,Trade,,2018-04-04,32810.40760258833,0.0229470763888888,True,8.595297235491351,8.9120422165265,-0.11989516284313782,-0.3526066168856967,0.0,0.0,0.0,0.02268775189605203
XBTUSD,2018-04-04 21:37:55.748719,long,50000,2018-04-04 21:39:47.514726,True,0.0310461130555555,Trade,,2018-04-04,32810.367847578054,0.0310461130555555,True,8.595297235491351,8.9120422165265,-0.11989516284313782,-0.3526066168856967,0.0,0.0,0.0,0.030573930567652844
XBTUSD,2018-04-05 03:50:41.711208,long,50000,2018-04-05 03:53:57.387963,True,0.0543546541666666,Trade,,2018-04-05,32804.15508022,0.0543546541666666,True,8.744599408545067,8.82181255491846,-0.08164924780548864,-0.4124649510526402,0.0,0.0,0.0,0.05292887755021098
XBTUSD,2018-04-05 04:04:37.908790,long,50000,2018-04-05 04:05:43.236539,True,0.0181465969444444,Trade,,2018-04-05,32803.922803113885,0.0181465969444444,True,8.744599408545067,8.82181255491846,-0.08164924780548864,-0.4124649510526402,0.0,0.0,0.0,0.017983912617644975
XBTUSD,2018-04-05 04:06:38.983151,long,50000,2018-04-05 04:08:58.203845,True,0.038672415,Trade,,2018-04-05,32803.88917134694,0.038672415,True,8.744599408545067,8.82181255491846,-0.08164924780548864,-0.4124649510526402,0.0,0.0,0.0,0.03794337366397377
XBTUSD,2018-04-05 04:18:19.488120,long,50000,2018-04-05 04:32:58.343336,True,0.2441264488888889,Trade,,2018-04-05,32803.69458663333,0.2441264488888889,True,8.744599408545067,8.82181255491846,-0.08164924780548864,-0.4124649510526402,0.0,0.0,0.0,0.21843363616807146
XBTUSD,2018-04-05 04:35:18.188077,long,50000,2018-04-05 04:36:23.695598,True,0.0181965336111111,Trade,,2018-04-05,32803.41161442306,0.0181965336111111,True,8.744599408545067,8.82181255491846,-0.08164924780548864,-0.4124649510526402,0.0,0.0,0.0,0.01803295805200955
XBTUSD,2018-04-05 04:48:47.771271,long,90000,2018-04-05 05:05:27.867252,True,0.2778044391666667,Trade,,2018-04-05,32803.1867302025,0.2778044391666667,True,8.744599408545067,8.82181255491846,-0.08164924780548864,-0.4124649510526402,0.0,0.0,0.0,0.24514332325008745
XBTUSD,2018-04-05 05:10:43.959500,long,50000,2018-04-05 05:33:39.368040,True,0.3820579277777777,Trade,,2018-04-05,32802.821122361114,0.3820579277777777,True,8.744599408545067,8.82181255491846,-0.08164924780548864,-0.4124649510526402,0.0,0.0,0.0,0.3235736403699095
XBTUSD,2018-04-05 06:00:20.354393,long,100000,2018-04-05 06:04:56.889053,True,0.0768151833333333,Trade,,2018-04-05,32801.99434600194,0.0768151833333333,True,8.744599408545067,8.82181255491846,-0.08164924780548864,-0.4124649510526402,0.0,0.0,0.0,0.07400778022991678
XBTUSD,2018-04-05 06:20:56.550017,long,50000,2018-04-05 06:23:01.882220,True,0.0348145008333333,Trade,,2018-04-05,32801.65095832861,0.0348145008333333,True,8.744599408545067,8.82181255491846,-0.08164924780548864,-0.4124649510526402,0.0,0.0,0.0,0.03422218440640197
XBTUSD,2018-04-05 06:24:20.715916,long,50000,2018-04-05 06:29:59.956068,True,0.0942333755555555,Trade,,2018-04-05,32801.59424557889,0.0942333755555555,True,8.744599408545067,8.82181255491846,-0.08164924780548864,-0.4124649510526402,0.0,0.0,0.0,0.0900540044265605
XBTUSD,2018-04-05 06:30:33.683339,long,662,2018-04-05 06:30:42.648347,True,0.0024902799999999,Trade,,2018-04-05,32801.49064351695,0.0024902799999999,True,8.744599408545067,8.82181255491846,-0.08164924780548864,-0.4124649510526402,0.0,0.0,0.0,0.0024871843909844045
XBTUSD,2018-04-05 06:49:39.261601,short,50000,2018-04-05 06:50:40.507501,True,0.01701275,Trade,,2018-04-05,32801.172427333055,0.01701275,True,8.744599408545067,8.82181255491846,-0.08164924780548864,-0.4124649510526402,0.0,0.0,0.0,0.016869653860993306
XBTUSD,2018-04-05 06:57:29.921552,short,50000,2018-04-05 07:04:07.200559,True,0.1103552797222222,Trade,,2018-04-05,32801.04168845778,0.1103552797222222,True,8.744599408545067,8.82181255491846,-0.08164924780548864,-0.4124649510526402,0.0,0.0,0.0,0.1046800359340064
XBTUSD,2018-04-05 07:40:07.768761,short,50000,2018-04-05 07:56:46.560736,True,0.2774422152777778,Trade,,2018-04-05,32800.33117534417,0.2774422152777778,True,8.744599408545067,8.82181255491846,-0.08164924780548864,-0.4124649510526402,0.0,0.0,0.0,0.24485980941342111
XBTUSD,2018-04-05 08:27:18.148963,short,50000,2018-04-05 08:32:36.978108,True,0.0885636513888888,Trade,,2018-04-05,32799.54495862139,0.0885636513888888,True,8.744599408545067,8.82181255491846,-0.08164924780548864,-0.4124649510526402,0.0,0.0,0.0,0.08485907622431106
XBTUSD,2018-04-05 08:44:31.286196,short,50000,2018-04-05 08:59:12.837294,True,0.244875305,Trade,,2018-04-05,32799.257976056666,0.244875305,True,8.744599408545067,8.82181255491846,-0.08164924780548864,-0.4124649510526402,0.0,0.0,0.0,0.21903536827415504
XBTUSD,2018-04-05 13:25:23.439079,short,50000,2018-04-05 13:43:26.677063,True,0.30089944,Trade,,2018-04-05,32794.576822478055,0.30089944,True,8.744599408545067,8.82181255491846,-0.08164924780548864,-0.4124649510526402,0.0,0.0,0.0,0.26305590215407143
XBTUSD,2018-04-05 13:45:17.759081,short,50000,2018-04-05 13:46:39.706846,True,0.0227632680555555,Trade,,2018-04-05,32794.24506692194,0.0227632680555555,True,8.744599408545067,8.82181255491846,-0.08164924780548864,-0.4124649510526402,0.0,0.0,0.0,0.022508050664812616
XBTUSD,2018-04-05 14:14:31.945576,short,50000,2018-04-05 14:15:26.865218,True,0.0152554561111111,Trade,,2018-04-05,32793.75779289556,0.0152554561111111,True,8.744599408545067,8.82181255491846,-0.08164924780548864,-0.4124649510526402,0.0,0.0,0.0,0.015140261725073033
XBTUSD,2018-04-05 15:21:53.340449,long,10100,2018-04-05 15:22:35.538238,True,0.0117216080555555,Trade,,2018-04-05,32792.63518320861,0.0117216080555555,True,8.744599408545067,8.82181255491846,-0.08164924780548864,-0.4124649510526402,0.0,0.0,0.0,0.011653442166650005
XBTUSD,2018-04-05 16:31:44.032283,short,70000,2018-04-05 16:35:09.309812,True,0.0570215358333333,Trade,,2018-04-05,32791.471102143616,0.0570215358333333,True,8.744599408545067,8.82181255491846,-0.08164924780548864,-0.4124649510526402,0.0,0.0,0.0,0.05545508116808687
XBTUSD,2018-04-05 16:36:17.987293,short,70000,2018-04-05 16:48:57.198754,True,0.2108920725,Trade,,2018-04-05,32791.395003529724,0.2108920725,True,8.744599408545067,8.82181255491846,-0.08164924780548864,-0.4124649510526402,0.0,0.0,0.0,0.191357337973369
XBTUSD,2018-04-05 16:56:17.032347,short,70000,2018-04-05 16:57:35.695158,True,0.0218507808333333,Trade,,2018-04-05,32791.06193545917,0.0218507808333333,True,8.744599408545067,8.82181255491846,-0.08164924780548864,-0.4124649510526402,0.0,0.0,0.0,0.021615474109057183
XBTUSD,2018-04-05 17:06:23.231596,short,70000,2018-04-05 17:13:55.238038,True,0.125557345,Trade,,2018-04-05,32790.89354677889,0.125557345,True,8.744599408545067,8.82181255491846,-0.08164924780548864,-0.4124649510526402,0.0,0.0,0.0,0.11827833075529047
XBTUSD,2018-04-05 17:22:58.640854,short,70000,2018-04-05 17:23:34.365102,True,0.0099234022222222,Trade,,2018-04-05,32790.617044207225,0.0099234022222222,True,8.744599408545067,8.82181255491846,-0.08164924780548864,-0.4124649510526402,0.0,0.0,0.0,0.00987448859327818
XBTUSD,2018-04-05 21:32:43.918394,short,30000,2018-04-05 22:36:34.530820,True,1.0640590072222222,Trade,,2018-04-05,32786.45446711278,1.0640590072222222,True,8.744599408545067,8.82181255491846,-0.08164924780548864,-0.4124649510526402,0.0,0.0,0.0,0.7246744359811217
XBTUSD,2018-04-05 22:37:51.172117,short,30000,2018-04-06 06:55:39.740845,True,8.296824646666666,Trade,,2018-04-05,32785.36911885639,8.296824646666666,True,8.744599408545067,8.82181255491846,-0.08164924780548864,-0.4124649510526402,0.0,0.0,0.0,2.229672906014428
XBTUSD,2018-04-06 08:02:33.775718,short,50000,2018-04-06 09:27:28.336275,True,1.4151557102777776,Trade,,2018-04-06,32775.957284522774,1.4151557102777776,True,8.888384242379423,8.824445896108143,-0.10755657590074319,-0.3632668180255257,0.0,0.0,0.0,0.8817637613315263
XBTUSD,2018-04-06 09:53:52.667276,short,20000,2018-04-06 15:21:39.800323,True,5.463092513055555,Trade,,2018-04-06,32774.10203686778,5.463092513055555,True,8.888384242379423,8.824445896108143,-0.10755657590074319,-0.3632668180255257,0.0,0.0,0.0,1.8661079204372544
XBTUSD,2018-04-06 16:26:42.653760,short,20000,2018-04-06 16:47:55.484934,True,0.3535642149999999,Trade,,2018-04-06,32767.5548184,0.3535642149999999,True,8.888384242379423,8.824445896108143,-0.10755657590074319,-0.3632668180255257,0.0,0.0,0.0,0.30274127261137707
XBTUSD,2018-04-06 17:04:07.963564,short,20000,2018-04-06 21:40:22.313080,True,4.603985976666666,Trade,,2018-04-06,32766.931121232225,4.603985976666666,True,8.888384242379423,8.824445896108143,-0.10755657590074319,-0.3632668180255257,0.0,0.0,0.0,1.7234781260923766
XBTUSD,2018-04-06 21:50:02.206579,long,50000,2018-04-06 21:50:59.036542,True,0.0157861008333333,Trade,,2018-04-06,32762.166053728055,0.0157861008333333,True,8.888384242379423,8.824445896108143,-0.10755657590074319,-0.3632668180255257,0.0,0.0,0.0,0.015662796315743407
XBTUSD,2018-04-06 21:54:35.021660,long,50000,2018-04-06 22:12:02.915637,True,0.2910816602777777,Trade,,2018-04-06,32762.09027176111,0.2910816602777777,True,8.888384242379423,8.824445896108143,-0.10755657590074319,-0.3632668180255257,0.0,0.0,0.0,0.25548036337127317
XBTUSD,2018-04-06 23:04:34.243805,long,17630,2018-04-06 23:06:09.407359,True,0.0264343205555555,Trade,,2018-04-06,32760.923821165277,0.0264343205555555,True,8.888384242379423,8.824445896108143,-0.10755657590074319,-0.3632668180255257,0.0,0.0,0.0,0.026090971557955242
XBTUSD,2018-04-07 01:04:50.517576,long,50000,2018-04-07 01:07:42.756919,True,0.0478442619444444,Trade,,2018-04-07,32758.919300673337,0.0478442619444444,True,9.025264360780904,8.796413415668708,-0.13589043279501042,-0.3324815128796511,0.0,0.0,0.0,0.046734969841188044
XBTUSD,2018-04-07 01:09:29.493756,long,50000,2018-04-07 01:27:56.179899,True,0.3074128175,Trade,,2018-04-07,32758.841807290002,0.3074128175,True,9.025264360780904,8.796413415668708,-0.13589043279501042,-0.3324815128796511,0.0,0.0,0.0,0.26805023595752187
XBTUSD,2018-04-07 01:38:47.586993,short,50000,2018-04-07 01:40:17.631165,True,0.02501227,Trade,,2018-04-07,32758.3534480575,0.02501227,True,9.025264360780904,8.796413415668708,-0.13589043279501042,-0.3324815128796511,0.0,0.0,0.0,0.024704583250430182
XBTUSD,2018-04-07 01:41:13.701682,short,100000,2018-04-07 01:56:50.908537,True,0.2603352375,Trade,,2018-04-07,32758.312860643888,0.2603352375,True,9.025264360780904,8.796413415668708,-0.13589043279501042,-0.3324815128796511,0.0,0.0,0.0,0.2313777470832369
XBTUSD,2018-04-07 03:06:21.182800,short,30000,2018-04-07 03:19:28.046706,True,0.2185733072222222,Trade,,2018-04-07,32756.894115888892,0.2185733072222222,True,9.025264360780904,8.796413415668708,-0.13589043279501042,-0.3324815128796511,0.0,0.0,0.0,0.1976807541300351
XBTUSD,2018-04-07 04:04:46.641325,short,50000,2018-04-07 04:18:42.574245,True,0.2322035888888888,Trade,,2018-04-07,32755.920377409722,0.2322035888888888,True,9.025264360780904,8.796413415668708,-0.13589043279501042,-0.3324815128796511,0.0,0.0,0.0,0.20880410218043224
XBTUSD,2018-04-07 21:49:24.429732,long,20000,2018-04-08 12:11:32.122586,True,14.368803570555556,Trade,,2018-04-07,32738.17654729667,14.368803570555556,True,9.025264360780904,8.796413415668708,-0.13589043279501042,-0.3324815128796511,0.0,0.0,0.0,2.73233971265701
XBTUSD,2018-04-08 16:52:13.178266,long,40000,2018-04-08 17:06:21.922768,True,0.2357623616666666,Trade,,2018-04-08,32719.129672703886,0.2357623616666666,True,9.032043629272094,8.837313819318624,-0.1318109498249719,-0.2619379894764261,0.0,0.0,0.0,0.21168807652666968
XBTUSD,2018-04-08 17:07:57.166729,long,20000,2018-04-08 17:20:11.916475,True,0.2040971516666666,Trade,,2018-04-08,32718.867453686387,0.2040971516666666,True,9.032043629272094,8.837313819318624,-0.1318109498249719,-0.2619379894764261,0.0,0.0,0.0,0.18573003438435096
XBTUSD,2018-04-08 18:23:02.968993,long,20000,2018-04-08 18:23:37.748278,True,0.0096609125,Trade,,2018-04-08,32717.61584194639,0.0096609125,True,9.032043629272094,8.837313819318624,-0.1318109498249719,-0.2619379894764261,0.0,0.0,0.0,0.009614544285148257
XBTUSD,2018-04-08 18:57:12.811535,long,30000,2018-04-08 23:35:17.706353,True,4.634693005,Trade,,2018-04-08,32717.046441240276,4.634693005,True,9.032043629272094,8.837313819318624,-0.1318109498249719,-0.2619379894764261,0.0,0.0,0.0,1.728942665972156
XBTUSD,2018-04-09 02:28:55.785118,short,50000,2018-04-09 02:41:24.301966,True,0.2079213466666666,Trade,,2018-04-09,32709.51783746722,0.2079213466666666,True,9.10006883862302,8.855092424297377,-0.1257852633767378,-0.2444609888893369,0.0,0.0,0.0,0.18890098701757468
XBTUSD,2018-04-09 03:22:00.960283,long,50000,2018-04-09 03:26:33.609347,True,0.0757358511111111,Trade,,2018-04-09,32708.633066588056,0.0757358511111111,True,9.10006883862302,8.855092424297377,-0.1257852633767378,-0.2444609888893369,0.0,0.0,0.0,0.07300494006918928
XBTUSD,2018-04-09 03:39:37.883324,short,50000,2018-04-09 10:32:05.049623,True,6.8742128608333335,Trade,,2018-04-09,32708.339476854446,6.8742128608333335,True,9.10006883862302,8.855092424297377,-0.1257852633767378,-0.2444609888893369,0.0,0.0,0.0,2.0635932255360507
XBTUSD,2018-04-09 11:03:09.487029,long,20000,2018-04-09 11:06:03.917191,True,0.0484528227777777,Trade,,2018-04-09,32700.947364714168,0.0484528227777777,True,9.10006883862302,8.855092424297377,-0.1257852633767378,-0.2444609888893369,0.0,0.0,0.0,0.04731557538117959
XBTUSD,2018-04-09 11:19:53.047553,long,20000,2018-04-09 11:22:35.979004,True,0.0452587363888888,Trade,,2018-04-09,32700.668597901942,0.0452587363888888,True,9.10006883862302,8.855092424297377,-0.1257852633767378,-0.2444609888893369,0.0,0.0,0.0,0.04426444940079789
XBTUSD,2018-04-09 12:37:27.766030,long,30000,2018-04-09 12:38:49.239294,True,0.0226314622222222,Trade,,2018-04-09,32699.375620547224,0.0226314622222222,True,9.10006883862302,8.855092424297377,-0.1257852633767378,-0.2444609888893369,0.0,0.0,0.0,0.022379170080967712
XBTUSD,2018-04-09 12:45:30.629536,long,30000,2018-04-09 12:51:24.737607,True,0.0983633530555555,Trade,,2018-04-09,32699.241491795554,0.0983633530555555,True,9.10006883862302,8.855092424297377,-0.1257852633767378,-0.2444609888893369,0.0,0.0,0.0,0.09382121098163772
XBTUSD,2018-04-09 14:10:13.472928,long,20000,2018-04-09 14:14:45.641568,True,0.0756024,Trade,,2018-04-09,32697.829590853333,0.0756024,True,9.10006883862302,8.855092424297377,-0.1257852633767378,-0.2444609888893369,0.0,0.0,0.0,0.07288087672283886
XBTUSD,2018-04-09 19:36:43.769889,long,40000,2018-04-09 21:41:45.892846,True,2.083923043611111,Trade,,2018-04-09,32692.387841697502,2.083923043611111,True,9.10006883862302,8.855092424297377,-0.1257852633767378,-0.2444609888893369,0.0,0.0,0.0,1.1262025019562492
XBTUSD,2018-04-09 23:59:24.465726,short,8200,2018-04-10 00:04:51.040895,True,0.0907153247222222,Trade,,2018-04-09,32688.009870631668,0.0907153247222222,True,9.10006883862302,8.855092424297377,-0.1257852633767378,-0.2444609888893369,0.0,0.0,0.0,0.08683374220887659
XBTUSD,2018-04-10 08:31:45.844925,long,50000,2018-04-10 08:32:25.284299,True,0.0109553816666666,Trade,,2018-04-10,32679.470598631946,0.0109553816666666,True,9.30569233129323,8.815354092237897,-0.13490663695354496,-0.2332730329786551,0.0,0.0,0.0,0.010895806192706314
XBTUSD,2018-04-10 08:33:39.011583,long,50000,2018-04-10 08:35:12.853665,True,0.026067245,Trade,,2018-04-10,32679.439163449166,0.026067245,True,9.30569233129323,8.815354092237897,-0.13490663695354496,-0.2332730329786551,0.0,0.0,0.0,0.02573328553653702
XBTUSD,2018-04-11 13:42:16.836771,short,30000,2018-04-11 15:13:12.164456,True,1.5153688013888889,Trade,,2018-04-11,32650.295323119168,1.5153688013888889,True,9.34785801127195,8.827133493619213,-0.20119451378244096,-0.283471566669413,0.0,0.0,0.0,0.9224194335122922
XBTUSD,2018-04-12 11:55:22.178849,long,180000,2018-04-12 16:55:24.116066,True,5.000538115833333,Trade,,2018-04-12,32628.077172541944,5.000538115833333,True,9.369055196602803,8.845746420602351,-0.20134887490948244,-0.2408319601571198,0.0,0.0,0.0,1.791849151178731
XBTUSD,2018-04-12 16:56:15.967070,long,60000,2018-04-12 17:02:44.000382,True,0.1077870311111111,Trade,,2018-04-12,32623.062231369444,0.1077870311111111,True,9.369055196602803,8.845746420602351,-0.20134887490948244,-0.2408319601571198,0.0,0.0,0.0,0.10236435966181849
XBTUSD,2018-04-12 17:07:53.899366,long,100000,2018-04-12 17:17:27.809040,True,0.1594193538888889,Trade,,2018-04-12,32622.86836128722,0.1594193538888889,True,9.369055196602803,8.845746420602351,-0.20134887490948244,-0.2408319601571198,0.0,0.0,0.0,0.14791932280546308
XBTUSD,2018-04-12 21:38:16.015278,short,50000,2018-04-12 21:39:43.953895,True,0.0244273936111111,Trade,,2018-04-12,32618.362217978334,0.0244273936111111,True,9.369055196602803,8.845746420602351,-0.20134887490948244,-0.2408319601571198,0.0,0.0,0.0,0.024133816113293263
XBTUSD,2018-04-12 21:45:59.376934,short,50000,2018-04-12 21:53:04.233023,True,0.1180155802777777,Trade,,2018-04-12,32618.23350640722,0.1180155802777777,True,9.369055196602803,8.845746420602351,-0.20134887490948244,-0.2408319601571198,0.0,0.0,0.0,0.1115553104835483
XBTUSD,2018-04-12 21:53:47.313040,long,50000,2018-04-12 21:54:45.567377,True,0.0161817602777777,Trade,,2018-04-12,32618.103524155555,0.0161817602777777,True,9.369055196602803,8.845746420602351,-0.20134887490948244,-0.2408319601571198,0.0,0.0,0.0,0.016052231067165613
XBTUSD,2018-04-12 21:57:34.269478,short,50000,2018-04-12 22:03:18.478863,True,0.0956137180555555,Trade,,2018-04-12,32618.040480700558,0.0956137180555555,True,9.369055196602803,8.845746420602351,-0.20134887490948244,-0.2408319601571198,0.0,0.0,0.0,0.09131467937216942
XBTUSD,2018-04-12 22:04:07.574259,long,50000,2018-04-12 22:04:48.409008,True,0.0113429858333333,Trade,,2018-04-12,32617.9312293725,0.0113429858333333,True,9.369055196602803,8.845746420602351,-0.20134887490948244,-0.2408319601571198,0.0,0.0,0.0,0.011279136543600226
XBTUSD,2018-04-12 22:06:28.938813,long,50000,2018-04-12 22:08:37.517613,True,0.0357163333333333,Trade,,2018-04-12,32617.891961440833,0.0357163333333333,True,9.369055196602803,8.845746420602351,-0.20134887490948244,-0.2408319601571198,0.0,0.0,0.0,0.03509329682081004
XBTUSD,2018-04-12 22:11:05.418297,short,50000,2018-04-12 22:11:37.676709,True,0.00896067,Trade,,2018-04-12,32617.815161584167,0.00896067,True,9.369055196602803,8.845746420602351,-0.20134887490948244,-0.2408319601571198,0.0,0.0,0.0,0.008920761424449468
XBTUSD,2018-04-12 23:03:17.607554,short,1100,2018-04-12 23:04:10.251288,True,0.0146232594444444,Trade,,2018-04-12,32616.945109012777,0.0146232594444444,True,9.369055196602803,8.845746420602351,-0.20134887490948244,-0.2408319601571198,0.0,0.0,0.0,0.014517370630878424
XBTUSD,2018-04-12 23:21:26.773833,short,50000,2018-04-12 23:25:49.677671,True,0.0730288438888888,Trade,,2018-04-12,32616.642562824163,0.0730288438888888,True,9.369055196602803,8.845746420602351,-0.20134887490948244,-0.2408319601571198,0.0,0.0,0.0,0.07048534482396843
XBTUSD,2018-04-12 23:26:52.507997,short,50155,2018-04-12 23:34:09.016693,True,0.1212524155555555,Trade,,2018-04-12,32616.552081111942,0.1212524155555555,True,9.369055196602803,8.845746420602351,-0.20134887490948244,-0.2408319601571198,0.0,0.0,0.0,0.11444628873018078
XBTUSD,2018-04-12 23:35:48.602714,short,50000,2018-04-12 23:37:12.807890,True,0.0233903266666666,Trade,,2018-04-12,32616.403165912776,0.0233903266666666,True,9.369055196602803,8.845746420602351,-0.20134887490948244,-0.2408319601571198,0.0,0.0,0.0,0.02312096519122823
XBTUSD,2018-04-12 23:40:31.765863,short,50000,2018-04-12 23:41:35.264372,True,0.0176384747222222,Trade,,2018-04-12,32616.3245094825,0.0176384747222222,True,9.369055196602803,8.845746420602351,-0.20134887490948244,-0.2408319601571198,0.0,0.0,0.0,0.0174847221678812
XBTUSD,2018-04-12 23:51:52.347781,short,100000,2018-04-13 00:08:34.657192,True,0.2784192808333333,Trade,,2018-04-12,32616.13545894972,0.2784192808333333,True,9.369055196602803,8.845746420602351,-0.20134887490948244,-0.2408319601571198,0.0,0.0,0.0,0.24562437791968697
XBTUSD,2018-04-13 00:14:24.429421,long,50000,2018-04-13 00:15:03.204893,True,0.0107709644444444,Trade,,2018-04-13,32615.759880716392,0.0107709644444444,True,9.476339777586947,8.975166024394479,-0.051556193599420735,-0.1371329916498643,0.0,0.0,0.0,0.010713370797244976
XBTUSD,2018-04-13 00:17:03.304899,short,50000,2018-04-13 00:24:32.135141,True,0.1246750672222222,Trade,,2018-04-13,32615.715748639166,0.1246750672222222,True,9.476339777586947,8.975166024394479,-0.051556193599420735,-0.1371329916498643,0.0,0.0,0.0,0.11749416480141278
XBTUSD,2018-04-13 00:30:03.654933,short,19832,2018-04-13 00:30:46.935898,True,0.0120224902777777,Trade,,2018-04-13,32615.498984740832,0.0120224902777777,True,9.476339777586947,8.975166024394479,-0.051556193599420735,-0.1371329916498643,0.0,0.0,0.0,0.011950794212975378
XBTUSD,2018-04-13 00:34:07.181408,short,50000,2018-04-13 00:35:39.853253,True,0.0257421791666666,Trade,,2018-04-13,32615.431338497776,0.0257421791666666,True,9.476339777586947,8.975166024394479,-0.051556193599420735,-0.1371329916498643,0.0,0.0,0.0,0.025416427808695064
XBTUSD,2018-04-13 00:36:33.645647,long,100000,2018-04-13 00:40:18.965476,True,0.0625888413888888,Trade,,2018-04-13,32615.390653986942,0.0625888413888888,True,9.476339777586947,8.975166024394479,-0.051556193599420735,-0.1371329916498643,0.0,0.0,0.0,0.06070823374569658
XBTUSD,2018-04-13 00:44:01.871947,long,100000,2018-04-13 00:49:09.871881,True,0.0855555372222222,Trade,,2018-04-13,32615.266146681388,0.0855555372222222,True,9.476339777586947,8.975166024394479,-0.051556193599420735,-0.1371329916498643,0.0,0.0,0.0,0.08209187183003784
XBTUSD,2018-04-13 00:54:06.512074,short,50000,2018-04-13 00:55:33.407681,True,0.0241376686111111,Trade,,2018-04-13,32615.098191090558,0.0241376686111111,True,9.476339777586947,8.975166024394479,-0.051556193599420735,-0.1371329916498643,0.0,0.0,0.0,0.02385095958383805
XBTUSD,2018-04-13 01:30:11.024500,long,50000,2018-04-13 01:32:30.675849,True,0.0387920413888888,Trade,,2018-04-13,32614.49693763889,0.0387920413888888,True,9.476339777586947,8.975166024394479,-0.051556193599420735,-0.1371329916498643,0.0,0.0,0.0,0.03805853942640414
XBTUSD,2018-04-13 01:35:44.412592,short,50000,2018-04-13 01:36:19.649251,True,0.0097879608333333,Trade,,2018-04-13,32614.404329835557,0.0097879608333333,True,9.476339777586947,8.975166024394479,-0.051556193599420735,-0.1371329916498643,0.0,0.0,0.0,0.009740369043753022
XBTUSD,2018-04-13 01:43:49.461160,long,50000,2018-04-13 01:48:32.860523,True,0.0787220452777777,Trade,,2018-04-13,32614.269594122223,0.0787220452777777,True,9.476339777586947,8.975166024394479,-0.051556193599420735,-0.1371329916498643,0.0,0.0,0.0,0.0757770490846197
XBTUSD,2018-04-13 01:49:27.981794,long,50000,2018-04-13 01:54:12.140639,True,0.0789330125,Trade,,2018-04-13,32614.175560612777,0.0789330125,True,9.476339777586947,8.975166024394479,-0.051556193599420735,-0.1371329916498643,0.0,0.0,0.0,0.07597260140159837
XBTUSD,2018-04-13 01:56:13.407905,long,150000,2018-04-13 02:03:18.385619,True,0.118049365,Trade,,2018-04-13,32614.062942248613,0.118049365,True,9.476339777586947,8.975166024394479,-0.051556193599420735,-0.1371329916498643,0.0,0.0,0.0,0.11158552849872379
XBTUSD,2018-04-13 02:26:56.854865,long,30000,2018-04-13 02:44:53.909231,True,0.2991817683333334,Trade,,2018-04-13,32613.55087364861,0.2991817683333334,True,9.476339777586947,8.975166024394479,-0.051556193599420735,-0.1371329916498643,0.0,0.0,0.0,0.26173465733214973
XBTUSD,2018-04-13 02:48:07.124726,long,250000,2018-04-13 06:10:58.985438,True,3.38107242,Trade,,2018-04-13,32613.198020909444,3.38107242,True,9.476339777586947,8.975166024394479,-0.051556193599420735,-0.1371329916498643,0.0,0.0,0.0,1.4772935391676296
XBTUSD,2018-04-13 06:17:04.754689,long,50000,2018-04-13 07:05:48.901001,True,0.8122628644444444,Trade,,2018-04-13,32609.715345919725,0.8122628644444444,True,9.476339777586947,8.975166024394479,-0.051556193599420735,-0.1371329916498643,0.0,0.0,0.0,0.5945762657772938
XBTUSD,2018-04-13 07:08:25.524518,long,50000,2018-04-13 07:13:49.900663,True,0.0901044847222222,Trade,,2018-04-13,32608.85957652278,0.0901044847222222,True,9.476339777586947,8.975166024394479,-0.051556193599420735,-0.1371329916498643,0.0,0.0,0.0,0.08627354919033471
XBTUSD,2018-04-13 07:24:54.921141,short,50000,2018-04-13 07:26:47.669709,True,0.0313190466666666,Trade,,2018-04-13,32608.5847441275,0.0313190466666666,True,9.476339777586947,8.975166024394479,-0.051556193599420735,-0.1371329916498643,0.0,0.0,0.0,0.030838610768845958
XBTUSD,2018-04-13 07:29:03.050776,short,50000,2018-04-13 07:31:35.848763,True,0.0424438852777777,Trade,,2018-04-13,32608.515819228887,0.0424438852777777,True,9.476339777586947,8.975166024394479,-0.051556193599420735,-0.1371329916498643,0.0,0.0,0.0,0.04156784617041458
XBTUSD,2018-04-13 09:42:20.155081,short,70000,2018-04-13 09:50:34.168383,True,0.1372259172222222,Trade,,2018-04-13,32606.294401366387,0.1372259172222222,True,9.476339777586947,8.975166024394479,-0.051556193599420735,-0.1371329916498643,0.0,0.0,0.0,0.12859189091684536
XBTUSD,2018-04-13 10:34:48.743701,short,190000,2018-04-13 17:18:25.010570,True,6.726740796944444,Trade,,2018-04-13,32605.41979341639,6.726740796944444,True,9.476339777586947,8.975166024394479,-0.051556193599420735,-0.1371329916498643,0.0,0.0,0.0,2.0446871432800156
XBTUSD,2018-04-13 17:21:33.134556,long,60000,2018-04-13 17:22:31.726370,True,0.0162755038888888,Trade,,2018-04-13,32598.640795956668,0.0162755038888888,True,9.476339777586947,8.975166024394479,-0.051556193599420735,-0.1371329916498643,0.0,0.0,0.0,0.016144477642609362
XBTUSD,2018-04-13 17:27:08.367060,short,60000,2018-04-13 17:27:41.837592,True,0.00929737,Trade,,2018-04-13,32598.547675816666,0.00929737,True,9.476339777586947,8.975166024394479,-0.051556193599420735,-0.1371329916498643,0.0,0.0,0.0,0.009254415492909012
XBTUSD,2018-04-13 17:28:00.056174,short,120000,2018-04-13 17:28:55.842336,True,0.0154961561111111,Trade,,2018-04-13,32598.533317729445,0.0154961561111111,True,9.476339777586947,8.975166024394479,-0.051556193599420735,-0.1371329916498643,0.0,0.0,0.0,0.015377316813128619
XBTUSD,2018-04-13 17:30:48.754116,short,120000,2018-04-13 17:32:13.269243,True,0.0234764241666666,Trade,,2018-04-13,32598.48645719,0.0234764241666666,True,9.476339777586947,8.975166024394479,-0.051556193599420735,-0.1371329916498643,0.0,0.0,0.0,0.023205091331843612
XBTUSD,2018-04-13 17:32:27.981775,short,60000,2018-04-13 17:33:39.860943,True,0.0199664355555555,Trade,,2018-04-13,32598.45889395139,0.0199664355555555,True,9.476339777586947,8.975166024394479,-0.051556193599420735,-0.1371329916498643,0.0,0.0,0.0,0.019769720436672106
XBTUSD,2018-04-13 17:34:02.846849,short,60000,2018-04-13 17:39:04.304355,True,0.0837381961111111,Trade,,2018-04-13,32598.432542541945,0.0837381961111111,True,9.476339777586947,8.975166024394479,-0.051556193599420735,-0.1371329916498643,0.0,0.0,0.0,0.08041635734498213
XBTUSD,2018-04-13 18:30:18.862993,short,60000,2018-04-13 20:37:09.186647,True,2.1139787927777776,Trade,,2018-04-13,32597.494760279722,2.1139787927777776,True,9.476339777586947,8.975166024394479,-0.051556193599420735,-0.1371329916498643,0.0,0.0,0.0,1.135901263105308
XBTUSD,2018-04-13 20:37:18.011637,long,60000,2018-04-13 20:39:22.770842,True,0.0346553347222222,Trade,,2018-04-13,32595.378330100833,0.0346553347222222,True,9.476339777586947,8.975166024394479,-0.051556193599420735,-0.1371329916498643,0.0,0.0,0.0,0.03406836132699263
XBTUSD,2018-04-13 20:39:57.918512,short,120000,2018-04-13 20:42:49.964512,True,0.0477905555555555,Trade,,2018-04-13,32595.333911524445,0.0477905555555555,True,9.476339777586947,8.975166024394479,-0.051556193599420735,-0.1371329916498643,0.0,0.0,0.0,0.046683714356738015
XBTUSD,2018-04-13 20:43:38.768567,long,120000,2018-04-13 20:57:43.837011,True,0.2347412344444444,Trade,,2018-04-13,32595.272564286945,0.2347412344444444,True,9.476339777586947,8.975166024394479,-0.051556193599420735,-0.1371329916498643,0.0,0.0,0.0,0.21086142136050903
XBTUSD,2018-04-13 21:06:02.740161,long,60000,2018-04-13 21:07:02.418333,True,0.01657727,Trade,,2018-04-13,32594.899238844166,0.01657727,True,9.476339777586947,8.975166024394479,-0.051556193599420735,-0.1371329916498643,0.0,0.0,0.0,0.016441366937499587
XBTUSD,2018-04-13 21:07:58.081611,long,120000,2018-04-13 21:21:10.979477,True,0.2202494072222222,Trade,,2018-04-13,32594.867199552504,0.2202494072222222,True,9.476339777586947,8.975166024394479,-0.051556193599420735,-0.1371329916498643,0.0,0.0,0.0,0.19905527000112327
XBTUSD,2018-04-13 21:31:53.533984,long,120000,2018-04-13 21:39:37.093402,True,0.128766505,Trade,,2018-04-13,32594.46846278222,0.128766505,True,9.476339777586947,8.975166024394479,-0.051556193599420735,-0.1371329916498643,0.0,0.0,0.0,0.12112544801203051
XBTUSD,2018-04-13 22:08:36.813751,long,210000,2018-04-13 22:50:57.628159,True,0.70578178,Trade,,2018-04-13,32593.856440624724,0.70578178,True,9.476339777586947,8.975166024394479,-0.051556193599420735,-0.1371329916498643,0.0,0.0,0.0,0.534023527640528
XBTUSD,2018-04-13 22:59:19.834194,short,70000,2018-04-13 23:00:37.242369,True,0.0215022708333333,Trade,,2018-04-13,32593.011157168334,0.0215022708333333,True,9.476339777586947,8.975166024394479,-0.051556193599420735,-0.1371329916498643,0.0,0.0,0.0,0.021274358311084707
XBTUSD,2018-04-13 23:11:27.468772,short,70000,2018-04-13 23:13:24.131205,True,0.0324062313888888,Trade,,2018-04-13,32592.809036452225,0.0324062313888888,True,9.476339777586947,8.975166024394479,-0.051556193599420735,-0.1371329916498643,0.0,0.0,0.0,0.031892224672165875
XBTUSD,2018-04-13 23:14:32.415782,short,70000,2018-04-13 23:16:47.652420,True,0.0375657327777777,Trade,,2018-04-13,32592.757662282776,0.0375657327777777,True,9.476339777586947,8.975166024394479,-0.051556193599420735,-0.1371329916498643,0.0,0.0,0.0,0.03687732800999663
XBTUSD,2018-04-13 23:22:25.448268,long,70000,2018-04-13 23:23:47.566465,True,0.0228106102777777,Trade,,2018-04-13,32592.62626437,0.0228106102777777,True,9.476339777586947,8.975166024394479,-0.051556193599420735,-0.1371329916498643,0.0,0.0,0.0,0.022554338137225224
XBTUSD,2018-04-13 23:26:38.221301,short,70000,2018-04-13 23:27:44.174628,True,0.0183203686111111,Trade,,2018-04-13,32592.55604963861,0.0183203686111111,True,9.476339777586947,8.975166024394479,-0.051556193599420735,-0.1371329916498643,0.0,0.0,0.0,0.01815457255962056
XBTUSD,2018-04-13 23:37:02.450512,long,350000,2018-04-14 00:20:48.989748,True,0.7295942322222222,Trade,,2018-04-13,32592.382652635555,0.7295942322222222,True,9.476339777586947,8.975166024394479,-0.051556193599420735,-0.1371329916498643,0.0,0.0,0.0,0.5478868331506127
XBTUSD,2018-04-14 00:23:50.960041,long,70000,2018-04-14 00:24:53.152175,True,0.0172755927777777,Trade,,2018-04-14,32591.60251109972,0.0172755927777777,True,9.841519761270995,8.977028383721558,-0.1348615198983212,-0.0368593839048628,0.0,0.0,0.0,0.017128066371858354
XBTUSD,2018-04-14 00:26:16.885563,long,140000,2018-04-14 00:31:32.015688,True,0.0875361458333333,Trade,,2018-04-14,32591.5619762325,0.0875361458333333,True,9.841519761270995,8.977028383721558,-0.1348615198983212,-0.0368593839048628,0.0,0.0,0.0,0.08391472097623974
XBTUSD,2018-04-14 00:54:02.345479,short,70000,2018-04-14 00:57:03.546382,True,0.0503335841666666,Trade,,2018-04-14,32591.099348478056,0.0503335841666666,True,9.841519761270995,8.977028383721558,-0.1348615198983212,-0.0368593839048628,0.0,0.0,0.0,0.049107812920074496
XBTUSD,2018-04-14 00:59:41.812246,short,100000,2018-04-14 01:26:19.149377,True,0.4437047586111111,Trade,,2018-04-14,32591.00505215389,0.4437047586111111,True,9.841519761270995,8.977028383721558,-0.1348615198983212,-0.0368593839048628,0.0,0.0,0.0,0.367212558770047
XBTUSD,2018-04-14 01:27:21.568573,long,140000,2018-04-14 01:29:24.257468,True,0.0340802486111111,Trade,,2018-04-14,32590.54400872972,0.0340802486111111,True,9.841519761270995,8.977028383721558,-0.1348615198983212,-0.0368593839048628,0.0,0.0,0.0,0.03351238295009605
XBTUSD,2018-04-14 01:30:13.975373,long,70000,2018-04-14 01:32:22.328309,True,0.0356535933333333,Trade,,2018-04-14,32590.496117951945,0.0356535933333333,True,9.841519761270995,8.977028383721558,-0.1348615198983212,-0.0368593839048628,0.0,0.0,0.0,0.035032718554020056
XBTUSD,2018-04-14 01:35:22.251966,short,30000,2018-04-14 01:37:19.627206,True,0.0326042333333333,Trade,,2018-04-14,32590.410485565,0.0326042333333333,True,9.841519761270995,8.977028383721558,-0.1348615198983212,-0.0368593839048628,0.0,0.0,0.0,0.032083993138654426
XBTUSD,2018-04-14 01:37:56.718116,short,30000,2018-04-14 01:42:21.362796,True,0.0735124111111111,Trade,,2018-04-14,32590.36757830111,0.0735124111111111,True,9.841519761270995,8.977028383721558,-0.1348615198983212,-0.0368593839048628,0.0,0.0,0.0,0.07093589962162372
XBTUSD,2018-04-14 01:45:34.743049,long,50000,2018-04-14 01:47:32.340618,True,0.0326659913888888,Trade,,2018-04-14,32590.240349153057,0.0326659913888888,True,9.841519761270995,8.977028383721558,-0.1348615198983212,-0.0368593839048628,0.0,0.0,0.0,0.03214379940984804
XBTUSD,2018-04-14 02:06:27.549007,long,50000,2018-04-14 20:19:50.266015,True,18.22297694666667,Trade,,2018-04-14,32589.892347498055,18.22297694666667,True,9.841519761270995,8.977028383721558,-0.1348615198983212,-0.0368593839048628,0.0,0.0,0.0,2.956106279512171
XBTUSD,2018-04-14 20:25:20.573860,short,1500000,2018-04-14 20:25:33.703381,True,0.0036470891666666,Trade,,2018-04-14,32571.57761837222,0.0036470891666666,True,9.841519761270995,8.977028383721558,-0.1348615198983212,-0.0368593839048628,0.0,0.0,0.0,0.003640454663162584
XBTUSD,2018-04-14 20:38:32.432663,short,180000,2018-04-14 20:39:31.474518,True,0.0164005152777777,Trade,,2018-04-14,32571.357657593613,0.0164005152777777,True,9.841519761270995,8.977028383721558,-0.1348615198983212,-0.0368593839048628,0.0,0.0,0.0,0.01626747942731853
XBTUSD,2018-04-14 20:40:22.545868,short,90000,2018-04-14 20:42:52.095644,True,0.0415416044444444,Trade,,2018-04-14,32571.327070592222,0.0415416044444444,True,9.841519761270995,8.977028383721558,-0.1348615198983212,-0.0368593839048628,0.0,0.0,0.0,0.04070192757917506
XBTUSD,2018-04-14 20:43:06.474664,short,469,2018-04-14 20:43:14.917355,True,0.0023451919444444,Trade,,2018-04-14,32571.281534815556,0.0023451919444444,True,9.841519761270995,8.977028383721558,-0.1348615198983212,-0.0368593839048628,0.0,0.0,0.0,0.0023424462737282577
XBTUSD,2018-04-14 20:48:35.966623,short,270000,2018-04-14 21:04:19.712000,True,0.2621514936111111,Trade,,2018-04-14,32571.19000927139,0.2621514936111111,True,9.841519761270995,8.977028383721558,-0.1348615198983212,-0.0368593839048628,0.0,0.0,0.0,0.23281779939556996
XBTUSD,2018-04-14 21:12:48.617748,short,95900,2018-04-14 21:17:16.775396,True,0.0744882355555555,Trade,,2018-04-14,32570.78649507,0.0744882355555555,True,9.841519761270995,8.977028383721558,-0.1348615198983212,-0.0368593839048628,0.0,0.0,0.0,0.07184448827879197
XBTUSD,2018-04-14 21:20:17.455858,short,90000,2018-04-14 21:28:32.796772,True,0.1375946983333333,Trade,,2018-04-14,32570.66181781722,0.1375946983333333,True,9.841519761270995,8.977028383721558,-0.1348615198983212,-0.0368593839048628,0.0,0.0,0.0,0.128916119659824
XBTUSD,2018-04-14 21:39:39.889028,long,121275,2018-04-14 21:59:28.788922,True,0.3302499705555555,Trade,,2018-04-14,32570.338919714446,0.3302499705555555,True,9.841519761270995,8.977028383721558,-0.1348615198983212,-0.0368593839048628,0.0,0.0,0.0,0.28536687235982194
XBTUSD,2018-04-14 23:34:58.893751,long,90000,2018-04-14 23:35:27.088466,True,0.0078318652777777,Trade,,2018-04-14,32568.416973958057,0.0078318652777777,True,9.841519761270995,8.977028383721558,-0.1348615198983212,-0.0368593839048628,0.0,0.0,0.0,0.007801355416791455
XBTUSD,2018-04-14 23:36:00.912330,short,351000,2018-04-15 00:01:34.928887,True,0.4261157102777778,Trade,,2018-04-14,32568.399746575,0.4261157102777778,True,9.841519761270995,8.977028383721558,-0.1348615198983212,-0.0368593839048628,0.0,0.0,0.0,0.35495446195246716
XBTUSD,2018-04-15 00:02:05.783440,short,190224,2018-04-15 00:18:21.920328,True,0.2711491355555555,Trade,,2018-04-15,32567.96506015556,0.2711491355555555,True,9.446932966526198,8.98799874195063,-0.13402977622019108,-0.031706881942339,0.0,0.0,0.0,0.2399213225036719
XBTUSD,2018-04-15 00:18:21.920328,long,259776,2018-04-15 00:28:42.470529,True,0.1723750558333333,Trade,,2018-04-15,32567.69391102,0.1723750558333333,True,9.446932966526198,8.98799874195063,-0.13402977622019108,-0.031706881942339,0.0,0.0,0.0,0.15903165347108916
XBTUSD,2018-04-15 00:28:42.470529,short,100224,2018-04-15 00:43:28.547070,True,0.2461323725,Trade,,2018-04-15,32567.521535964166,0.2461323725,True,9.446932966526198,8.98799874195063,-0.13402977622019108,-0.031706881942339,0.0,0.0,0.0,0.22004465268388557
XBTUSD,2018-04-15 00:47:18.291281,long,200000,2018-04-15 00:48:14.030633,True,0.0154831533333333,Trade,,2018-04-15,32567.211585755278,0.0154831533333333,True,9.446932966526198,8.98799874195063,-0.13402977622019108,-0.031706881942339,0.0,0.0,0.0,0.015364512371726865
XBTUSD,2018-04-15 01:20:09.686500,short,200000,2018-04-15 01:27:28.370807,True,0.1218567519444444,Trade,,2018-04-15,32566.663975972224,0.1218567519444444,True,9.446932966526198,8.98799874195063,-0.13402977622019108,-0.031706881942339,0.0,0.0,0.0,0.11498512688595783
XBTUSD,2018-04-15 01:27:56.512646,short,200000,2018-04-15 01:39:26.803852,True,0.1917475572222222,Trade,,2018-04-15,32566.534302042775,0.1917475572222222,True,9.446932966526198,8.98799874195063,-0.13402977622019108,-0.031706881942339,0.0,0.0,0.0,0.17542076536058585
XBTUSD,2018-04-15 01:50:51.536937,short,200000,2018-04-15 02:04:27.905449,True,0.2267690311111111,Trade,,2018-04-15,32566.152350850833,0.2267690311111111,True,9.446932966526198,8.98799874195063,-0.13402977622019108,-0.031706881942339,0.0,0.0,0.0,0.20438390930639508
XBTUSD,2018-04-15 02:35:57.118004,short,244863,2018-04-15 02:50:54.250786,True,0.2492035505555555,Trade,,2018-04-15,32565.400800554446,0.2492035505555555,True,9.446932966526198,8.98799874195063,-0.13402977622019108,-0.031706881942339,0.0,0.0,0.0,0.22250618868624028
XBTUSD,2018-04-15 02:59:16.766379,short,200000,2018-04-15 03:11:40.420090,True,0.2065704752777777,Trade,,2018-04-15,32565.012009339167,0.2065704752777777,True,9.446932966526198,8.98799874195063,-0.13402977622019108,-0.031706881942339,0.0,0.0,0.0,0.1877820173714051
XBTUSD,2018-04-15 04:27:03.358036,short,75344,2018-04-15 04:27:35.874358,True,0.0090323116666666,Trade,,2018-04-15,32563.54906721222,0.0090323116666666,True,9.446932966526198,8.98799874195063,-0.13402977622019108,-0.031706881942339,0.0,0.0,0.0,0.008991764314298498
XBTUSD,2018-04-15 04:31:45.970171,long,200000,2018-04-15 04:37:34.478809,True,0.096807955,Trade,,2018-04-15,32563.470563841387,0.096807955,True,9.446932966526198,8.98799874195063,-0.13402977622019108,-0.031706881942339,0.0,0.0,0.0,0.0924041021572437
XBTUSD,2018-04-15 04:38:42.412015,short,200000,2018-04-15 04:41:53.436748,True,0.0530624258333333,Trade,,2018-04-15,32563.354885551387,0.0530624258333333,True,9.446932966526198,8.98799874195063,-0.13402977622019108,-0.031706881942339,0.0,0.0,0.0,0.0517025151869632
XBTUSD,2018-04-15 05:01:40.965632,short,200000,2018-04-15 05:15:08.174234,True,0.2242246116666666,Trade,,2018-04-15,32562.97195399111,0.2242246116666666,True,9.446932966526198,8.98799874195063,-0.13402977622019108,-0.031706881942339,0.0,0.0,0.0,0.20230767351853599
XBTUSD,2018-04-15 08:43:44.612686,short,200000,2018-04-15 08:45:41.743589,True,0.0325363619444444,Trade,,2018-04-15,32559.270940920556,0.0325363619444444,True,9.446932966526198,8.98799874195063,-0.13402977622019108,-0.031706881942339,0.0,0.0,0.0,0.03201826261254058
XBTUSD,2018-04-15 18:40:29.750193,short,200000,2018-04-15 18:51:30.410271,True,0.1835166883333333,Trade,,2018-04-15,32549.325069390834,0.1835166883333333,True,9.446932966526198,8.98799874195063,-0.13402977622019108,-0.031706881942339,0.0,0.0,0.0,0.16849025070335466
XBTUSD,2018-04-15 19:16:34.399013,long,200000,2018-04-15 19:22:14.530147,True,0.0944808705555555,Trade,,2018-04-15,32548.723778051946,0.0944808705555555,True,9.446932966526198,8.98799874195063,-0.13402977622019108,-0.031706881942339,0.0,0.0,0.0,0.0902801600350367
XBTUSD,2018-04-15 22:08:32.058487,short,550000,2018-04-15 23:38:03.663354,True,1.4921124630555556,Trade,,2018-04-15,32545.857761531388,1.4921124630555556,True,9.446932966526198,8.98799874195063,-0.13402977622019108,-0.031706881942339,0.0,0.0,0.0,0.9131307295439561
XBTUSD,2018-04-15 23:42:26.899540,short,590000,2018-04-16 01:31:10.763769,True,1.8121845080555556,Trade,,2018-04-15,32544.292527905553,1.8121845080555556,True,9.446932966526198,8.98799874195063,-0.13402977622019108,-0.031706881942339,0.0,0.0,0.0,1.033961586324882
XBTUSD,2018-04-16 01:32:18.029481,long,200000,2018-04-16 01:34:42.141585,True,0.04003114,Trade,,2018-04-16,32542.461658477503,0.04003114,True,9.525784641248972,9.029090772598847,-0.12141092577590452,-0.0041343907944992,0.0,0.0,0.0,0.03925065501271166
XBTUSD,2018-04-16 01:35:04.287006,long,200000,2018-04-16 01:41:35.302736,True,0.1086154805555555,Trade,,2018-04-16,32542.415475831665,0.1086154805555555,True,9.525784641248972,9.029090772598847,-0.12141092577590452,-0.0041343907944992,0.0,0.0,0.0,0.10311192196484348
XBTUSD,2018-04-16 01:47:58.420948,long,400000,2018-04-16 02:12:26.807630,True,0.4078851894444444,Trade,,2018-04-16,32542.200438625558,0.4078851894444444,True,9.525784641248972,9.029090772598847,-0.12141092577590452,-0.0041343907944992,0.0,0.0,0.0,0.3420887128234021
XBTUSD,2018-04-16 02:14:12.854511,short,200000,2018-04-16 02:17:18.109487,True,0.0514597155555555,Trade,,2018-04-16,32541.763095969167,0.0514597155555555,True,9.525784641248972,9.029090772598847,-0.12141092577590452,-0.0041343907944992,0.0,0.0,0.0,0.050179404019731935
XBTUSD,2018-04-16 02:20:40.772588,long,200000,2018-04-16 02:29:53.856142,True,0.1536343205555555,Trade,,2018-04-16,32541.65534094778,0.1536343205555555,True,9.525784641248972,9.029090772598847,-0.12141092577590452,-0.0041343907944992,0.0,0.0,0.0,0.1429172379343253
XBTUSD,2018-04-16 02:30:29.556072,short,200000,2018-04-16 02:32:13.429459,True,0.0288537186111111,Trade,,2018-04-16,32541.491789980002,0.0288537186111111,True,9.525784641248972,9.029090772598847,-0.12141092577590452,-0.0041343907944992,0.0,0.0,0.0,0.028445287962246272
XBTUSD,2018-04-16 02:32:59.208262,short,400000,2018-04-16 03:01:28.592407,True,0.4748289291666667,Trade,,2018-04-16,32541.450219927225,0.4748289291666667,True,9.525784641248972,9.029090772598847,-0.12141092577590452,-0.0041343907944992,0.0,0.0,0.0,0.38854200283956797
XBTUSD,2018-04-16 03:04:12.625569,long,200000,2018-04-16 03:07:57.810168,True,0.0625512775,Trade,,2018-04-16,32540.929826230833,0.0625512775,True,9.525784641248972,9.029090772598847,-0.12141092577590452,-0.0041343907944992,0.0,0.0,0.0,0.06067288182837232
XBTUSD,2018-04-16 03:20:10.820562,short,200000,2018-04-16 03:33:42.202444,True,0.2253838561111111,Trade,,2018-04-16,32540.663660954997,0.2253838561111111,True,9.525784641248972,9.029090772598847,-0.12141092577590452,-0.0041343907944992,0.0,0.0,0.0,0.20325414683966628
XBTUSD,2018-04-16 04:24:37.902038,long,200000,2018-04-16 04:27:37.948952,True,0.0500130316666666,Trade,,2018-04-16,32539.589471656112,0.0500130316666666,True,9.525784641248972,9.029090772598847,-0.12141092577590452,-0.0041343907944992,0.0,0.0,0.0,0.04880257520352586
XBTUSD,2018-04-16 05:12:04.678944,long,200000,2018-04-16 05:15:31.020470,True,0.0573170905555555,Trade,,2018-04-16,32538.798700293333,0.0573170905555555,True,9.525784641248972,9.029090772598847,-0.12141092577590452,-0.0041343907944992,0.0,0.0,0.0,0.05573465296463681
XBTUSD,2018-04-16 05:18:32.837819,long,200000,2018-04-16 05:20:14.021353,True,0.0281065372222222,Trade,,2018-04-16,32538.69087838361,0.0281065372222222,True,9.525784641248972,9.029090772598847,-0.12141092577590452,-0.0041343907944992,0.0,0.0,0.0,0.027718797093370405
XBTUSD,2018-04-16 05:21:14.380571,long,200000,2018-04-16 05:47:07.317954,True,0.4313714952777777,Trade,,2018-04-16,32538.646005396946,0.4313714952777777,True,9.525784641248972,9.029090772598847,-0.12141092577590452,-0.0041343907944992,0.0,0.0,0.0,0.35863307224799523
XBTUSD,2018-04-16 05:55:25.828075,long,400000,2018-04-16 06:36:29.466442,True,0.6843439908333333,Trade,,2018-04-16,32538.076158868054,0.6843439908333333,True,9.525784641248972,9.029090772598847,-0.12141092577590452,-0.0041343907944992,0.0,0.0,0.0,0.5213761650508937
XBTUSD,2018-04-16 06:40:24.565888,short,600000,2018-04-16 09:35:15.218528,True,2.914070177777778,Trade,,2018-04-16,32537.326509475555,2.914070177777778,True,9.525784641248972,9.029090772598847,-0.12141092577590452,-0.0041343907944992,0.0,0.0,0.0,1.364577798751259
XBTUSD,2018-04-16 09:51:58.179370,short,400000,2018-04-16 12:39:07.257396,True,2.785855007222222,Trade,,2018-04-16,32534.13383906389,2.785855007222222,True,9.525784641248972,9.029090772598847,-0.12141092577590452,-0.0041343907944992,0.0,0.0,0.0,1.3312717549650894
XBTUSD,2018-04-16 12:51:17.966568,long,400000,2018-04-16 13:02:31.318707,True,0.1870422608333333,Trade,,2018-04-16,32531.14500928667,0.1870422608333333,True,9.525784641248972,9.029090772598847,-0.12141092577590452,-0.0041343907944992,0.0,0.0,0.0,0.17146471805469496
XBTUSD,2018-04-16 13:08:27.941014,long,600000,2018-04-16 13:37:34.025652,True,0.4850235105555556,Trade,,2018-04-16,32530.858905273886,0.4850235105555556,True,9.525784641248972,9.029090772598847,-0.12141092577590452,-0.0041343907944992,0.0,0.0,0.0,0.3954306041532809
XBTUSD,2018-04-16 22:13:43.938317,long,10,2018-04-16 22:13:46.912272,True,0.0008260986111111,Trade,,2018-04-16,32521.771128245276,0.0008260986111111,True,9.525784641248972,9.029090772598847,-0.12141092577590452,-0.0041343907944992,0.0,0.0,0.0,0.0008257575794577198
XBTUSD,2018-04-16 22:14:27.798191,short,10,2018-04-16 22:15:14.756559,True,0.0130439911111111,Trade,,2018-04-16,32521.758944946945,0.0130439911111111,True,9.525784641248972,9.029090772598847,-0.12141092577590452,-0.0041343907944992,0.0,0.0,0.0,0.012959650889396589
XBTUSD,2018-04-17 07:06:19.059618,short,200000,2018-04-17 10:20:33.186727,True,3.2372575302777777,Trade,,2018-04-17,32512.894705661667,3.2372575302777777,True,10.21797320204845,8.993052409881164,-0.14128525628996447,0.0209752986997597,0.0,0.0,0.0,1.4439162510759975
XBTUSD,2018-04-17 21:56:55.565391,long,600000,2018-04-18 01:13:02.370409,True,3.268556949444444,Trade,,2018-04-17,32498.05123183583,3.268556949444444,True,10.21797320204845,8.993052409881164,-0.14128525628996447,0.0209752986997597,0.0,0.0,0.0,1.4512758191724628
XBTUSD,2018-04-18 02:56:10.211432,long,200000,2018-04-18 03:04:07.153285,True,0.1324838480555555,Trade,,2018-04-18,32493.06383015778,0.1324838480555555,True,10.222379764324074,8.973064675385753,-0.15052293765655253,-0.0367905905657087,0.0,0.0,0.0,0.12441331607074585
XBTUSD,2018-04-18 06:42:13.893401,long,400000,2018-04-18 06:49:34.901664,True,0.1225022952777777,Trade,,2018-04-18,32489.296140721945,0.1225022952777777,True,10.222379764324074,8.973064675385753,-0.15052293765655253,-0.0367905905657087,0.0,0.0,0.0,0.11556038542307501
XBTUSD,2018-04-18 06:54:03.436846,long,200000,2018-04-18 07:01:57.851930,True,0.1317819677777777,Trade,,2018-04-18,32489.099045320556,0.1317819677777777,True,10.222379764324074,8.973064675385753,-0.15052293765655253,-0.0367905905657087,0.0,0.0,0.0,0.12379335325953295
XBTUSD,2018-04-18 08:08:47.047635,short,200000,2018-04-18 08:22:48.082135,True,0.2336206944444444,Trade,,2018-04-18,32487.853597879166,0.2336206944444444,True,10.222379764324074,8.973064675385753,-0.15052293765655253,-0.0367905905657087,0.0,0.0,0.0,0.20995349933832955
XBTUSD,2018-04-18 08:34:22.026779,long,160794,2018-04-18 08:37:33.949296,True,0.0533118102777777,Trade,,2018-04-18,32487.427214783613,0.0533118102777777,True,10.222379764324074,8.973064675385753,-0.15052293765655253,-0.0367905905657087,0.0,0.0,0.0,0.05193930544135794
XBTUSD,2018-04-18 12:08:26.678886,short,200000,2018-04-18 12:25:00.909415,True,0.2761751469444444,Trade,,2018-04-18,32483.859255865,0.2761751469444444,True,10.222379764324074,8.973064675385753,-0.15052293765655253,-0.0367905905657087,0.0,0.0,0.0,0.24386743799860983
XBTUSD,2018-04-18 15:01:24.846753,long,200000,2018-04-18 15:08:10.436189,True,0.1126637322222222,Trade,,2018-04-18,32480.9764314575,0.1126637322222222,True,10.222379764324074,8.973064675385753,-0.15052293765655253,-0.0367905905657087,0.0,0.0,0.0,0.10675689926028681
XBTUSD,2018-04-18 19:35:04.901713,short,200000,2018-04-18 19:52:49.568121,True,0.2957406688888889,Trade,,2018-04-18,32476.41530507972,0.2957406688888889,True,10.222379764324074,8.973064675385753,-0.15052293765655253,-0.0367905905657087,0.0,0.0,0.0,0.2590824767411927
XBTUSD,2018-04-18 21:34:42.252940,short,400000,2018-04-18 22:31:03.416544,True,0.9392121122222222,Trade,,2018-04-18,32474.421596405555,0.9392121122222222,True,10.222379764324074,8.973064675385753,-0.15052293765655253,-0.0367905905657087,0.0,0.0,0.0,0.6622817628625345
XBTUSD,2018-04-19 00:36:24.652218,short,600000,2018-04-19 01:37:14.742784,True,1.0139140461111111,Trade,,2018-04-19,32471.39315216167,1.0139140461111111,True,10.367955431336568,9.007346797156897,-0.155452858725477,-0.0438303943735147,0.0,0.0,0.0,0.7000801151885654
XBTUSD,2018-04-19 01:39:10.620600,short,476670,2018-04-19 01:41:19.243270,True,0.0357285194444444,Trade,,2018-04-19,32470.347049833334,0.0357285194444444,True,10.367955431336568,9.007346797156897,-0.155452858725477,-0.0438303943735147,0.0,0.0,0.0,0.03510506262871451
XBTUSD,2018-04-19 01:42:32.622776,short,200000,2018-04-19 01:45:38.977728,True,0.0517652644444444,Trade,,2018-04-19,32470.290938117778,0.0517652644444444,True,10.367955431336568,9.007346797156897,-0.155452858725477,-0.0438303943735147,0.0,0.0,0.0,0.050469956760350744
XBTUSD,2018-04-19 01:48:02.933321,short,1062098,2018-04-19 02:36:41.583848,True,0.8107362574999999,Trade,,2018-04-19,32470.199185188612,0.8107362574999999,True,10.367955431336568,9.007346797156897,-0.155452858725477,-0.0438303943735147,0.0,0.0,0.0,0.5937335346678398
XBTUSD,2018-04-19 02:38:19.651220,short,750000,2018-04-19 02:46:49.057144,True,0.1415016455555555,Trade,,2018-04-19,32469.361207994447,0.1415016455555555,True,10.367955431336568,9.007346797156897,-0.155452858725477,-0.0438303943735147,0.0,0.0,0.0,0.13234462855965307
XBTUSD,2018-04-19 02:47:20.866355,short,250000,2018-04-19 02:50:14.830561,True,0.0483233905555555,Trade,,2018-04-19,32469.210870456944,0.0483233905555555,True,10.367955431336568,9.007346797156897,-0.155452858725477,-0.0438303943735147,0.0,0.0,0.0,0.047192117072597545
XBTUSD,2018-04-19 02:50:14.830561,long,298042,2018-04-19 02:54:20.778946,True,0.0683189958333333,Trade,,2018-04-19,32469.16254706639,0.0683189958333333,True,10.367955431336568,9.007346797156897,-0.155452858725477,-0.0438303943735147,0.0,0.0,0.0,0.0660863811776513
XBTUSD,2018-04-19 02:58:18.141433,short,400000,2018-04-19 03:09:19.635300,True,0.1837482963888889,Trade,,2018-04-19,32469.028294046388,0.1837482963888889,True,10.367955431336568,9.007346797156897,-0.155452858725477,-0.0438303943735147,0.0,0.0,0.0,0.16868592635250196
XBTUSD,2018-04-19 03:14:42.762085,short,600000,2018-04-19 03:45:59.952582,True,0.5214418047222222,Trade,,2018-04-19,32468.75478830972,0.5214418047222222,True,10.367955431336568,9.007346797156897,-0.155452858725477,-0.0438303943735147,0.0,0.0,0.0,0.41965844100178273
XBTUSD,2018-04-19 11:28:21.923710,short,250000,2018-04-19 11:40:27.556484,True,0.2015646594444444,Trade,,2018-04-19,32460.52724341389,0.2015646594444444,True,10.367955431336568,9.007346797156897,-0.155452858725477,-0.0438303943735147,0.0,0.0,0.0,0.1836245903472483
XBTUSD,2018-04-19 16:18:56.770919,short,500000,2018-04-20 02:42:20.876797,True,10.390029410555556,Trade,,2018-04-19,32455.684230300278,10.390029410555556,True,10.367955431336568,9.007346797156897,-0.155452858725477,-0.0438303943735147,0.0,0.0,0.0,2.4327383595940852
XBTUSD,2018-04-20 02:45:08.817802,short,200000,2018-04-20 04:01:55.706471,True,1.2796912969444445,Trade,,2018-04-20,32445.247550610555,1.2796912969444445,True,9.812408023648386,9.020748528487001,-0.16957462200295528,-0.0699878097098023,0.0,0.0,0.0,0.824040037722475
XBTUSD,2018-04-20 04:37:39.676230,long,200000,2018-04-20 04:42:14.341978,True,0.0762960411111111,Trade,,2018-04-20,32443.372312158335,0.0762960411111111,True,9.812408023648386,9.020748528487001,-0.16957462200295528,-0.0699878097098023,0.0,0.0,0.0,0.07352555504211551
XBTUSD,2018-04-20 05:05:54.730775,long,200000,2018-04-20 05:08:39.004122,True,0.0456314852777777,Trade,,2018-04-20,32442.90146367361,0.0456314852777777,True,9.812408023648386,9.020748528487001,-0.16957462200295528,-0.0699878097098023,0.0,0.0,0.0,0.04462099503765164
XBTUSD,2018-04-20 07:31:34.951608,short,200000,2018-04-20 08:01:17.415701,True,0.4951289147222222,Trade,,2018-04-20,32440.47362455333,0.4951289147222222,True,9.812408023648386,9.020748528487001,-0.16957462200295528,-0.0699878097098023,0.0,0.0,0.0,0.4022124337084329
XBTUSD,2018-04-20 10:42:47.332747,short,200000,2018-04-20 10:47:14.562821,True,0.0742305761111111,Trade,,2018-04-20,32437.286852014724,0.0742305761111111,True,9.812408023648386,9.020748528487001,-0.16957462200295528,-0.0699878097098023,0.0,0.0,0.0,0.07160466216075327
XBTUSD,2018-04-20 11:24:01.864760,short,200000,2018-04-20 11:28:00.105212,True,0.0661779033333333,Trade,,2018-04-20,32436.599482011112,0.0661779033333333,True,9.812408023648386,9.020748528487001,-0.16957462200295528,-0.0699878097098023,0.0,0.0,0.0,0.06408020049971139
XBTUSD,2018-04-20 12:16:47.545119,short,202570,2018-04-20 12:50:24.910044,True,0.5603791458333334,Trade,,2018-04-20,32435.72012635583,0.5603791458333334,True,9.812408023648386,9.020748528487001,-0.16957462200295528,-0.0699878097098023,0.0,0.0,0.0,0.4449288339323293
XBTUSD,2018-04-20 22:22:57.935884,short,700000,2018-04-20 23:16:04.834619,True,0.8852496486111112,Trade,,2018-04-20,32425.61724003222,0.8852496486111112,True,9.812408023648386,9.020748528487001,-0.16957462200295528,-0.0699878097098023,0.0,0.0,0.0,0.6340602517121183
XBTUSD,2018-04-20 23:16:49.366658,short,200000,2018-04-20 23:21:55.712304,True,0.0850960127777777,Trade,,2018-04-20,32424.719620372776,0.0850960127777777,True,9.812408023648386,9.020748528487001,-0.16957462200295528,-0.0699878097098023,0.0,0.0,0.0,0.08166847411674825
XBTUSD,2018-04-20 23:24:04.960379,long,100000,2018-04-20 23:25:29.803875,True,0.0235676377777777,Trade,,2018-04-20,32424.598622116944,0.0235676377777777,True,9.812408023648386,9.020748528487001,-0.16957462200295528,-0.0699878097098023,0.0,0.0,0.0,0.023294208721026555
XBTUSD,2018-04-20 23:42:24.331576,short,400000,2018-04-21 00:06:56.938786,True,0.4090575583333333,Trade,,2018-04-20,32424.293241228886,0.4090575583333333,True,9.812408023648386,9.020748528487001,-0.16957462200295528,-0.0699878097098023,0.0,0.0,0.0,0.3429210825671623
XBTUSD,2018-04-21 02:21:05.309507,short,400000,2018-04-21 03:25:49.752836,True,1.0790120358333333,Trade,,2018-04-21,32421.648525136945,1.0790120358333333,True,9.970959571635726,9.086985721017397,-0.13084085878714094,-0.0045151978041014,0.0,0.0,0.0,0.7318927981007408
XBTUSD,2018-04-21 03:49:26.926923,short,200000,2018-04-21 04:27:47.879162,True,0.6391533997222223,Trade,,2018-04-21,32420.1758536325,0.6391533997222223,True,9.970959571635726,9.086985721017397,-0.13084085878714094,-0.0045151978041014,0.0,0.0,0.0,0.49417988886728315
XBTUSD,2018-04-21 06:22:09.676235,short,500000,2018-04-21 07:58:30.961643,True,1.6059126133333332,Trade,,2018-04-21,32417.630645490277,1.6059126133333332,True,9.970959571635726,9.086985721017397,-0.13084085878714094,-0.0045151978041014,0.0,0.0,0.0,0.9577829452675565
XBTUSD,2018-04-21 09:44:36.552031,long,300000,2018-04-21 10:06:40.080562,True,0.3676468141666666,Trade,,2018-04-21,32414.256513324723,0.3676468141666666,True,9.970959571635726,9.086985721017397,-0.13084085878714094,-0.0045151978041014,0.0,0.0,0.0,0.3130916090882443
XBTUSD,2018-04-21 10:16:50.387606,long,500000,2018-04-21 12:56:18.763395,True,2.657882163611111,Trade,,2018-04-21,32413.719336776114,2.657882163611111,True,9.970959571635726,9.086985721017397,-0.13084085878714094,-0.0045151978041014,0.0,0.0,0.0,1.2968843361122275
XBTUSD,2018-04-22 00:02:50.013164,short,200000,2018-04-22 00:06:33.177833,True,0.0619901858333333,Trade,,2018-04-22,32399.952774121113,0.0619901858333333,True,10.192440956488197,9.089701605868157,-0.13388292792123602,0.0175504275575117,0.0,0.0,0.0,0.06014468156549627
XBTUSD,2018-04-22 08:29:45.824222,short,200000,2018-04-22 08:47:39.706017,True,0.2983004986111111,Trade,,2018-04-22,32391.503937716112,0.2983004986111111,True,10.192440956488197,9.089701605868157,-0.13388292792123602,0.0175504275575117,0.0,0.0,0.0,0.2610561004332237
XBTUSD,2018-04-22 09:12:45.780938,long,200000,2018-04-22 09:22:20.670981,True,0.1596916786111111,Trade,,2018-04-22,32390.78728307278,0.1596916786111111,True,10.192440956488197,9.089701605868157,-0.13388292792123602,0.0175504275575117,0.0,0.0,0.0,0.14815417548794144
XBTUSD,2018-04-22 20:57:53.520853,short,200000,2018-04-22 22:20:42.462058,True,1.380261445833333,Trade,,2018-04-22,32379.03513309639,1.380261445833333,True,10.192440956488197,9.089701605868157,-0.13388292792123602,0.0175504275575117,0.0,0.0,0.0,0.8672103328406593
XBTUSD,2018-04-22 23:04:29.781998,long,200000,2018-04-22 23:05:05.582804,True,0.0099446683333333,Trade,,2018-04-22,32376.925060556114,0.0099446683333333,True,10.192440956488197,9.089701605868157,-0.13388292792123602,0.0175504275575117,0.0,0.0,0.0,0.009895545524096477
XBTUSD,2018-04-22 23:49:27.852263,long,200000,2018-04-22 23:51:34.258855,True,0.0351129422222222,Trade,,2018-04-22,32376.17559659361,0.0351129422222222,True,10.192440956488197,9.089701605868157,-0.13388292792123602,0.0175504275575117,0.0,0.0,0.0,0.03451054368388111
XBTUSD,2018-04-24 00:36:47.019397,short,400000,2018-04-24 00:39:45.070646,True,0.0494586802777777,Trade,,2018-04-24,32351.38693905639,0.0494586802777777,True,10.235485584477605,9.097259534909602,-0.1352052886888034,0.0371381423369889,0.0,0.0,0.0,0.04827448863906493
XBTUSD,2018-04-24 00:45:49.355912,short,600000,2018-04-24 01:08:29.440651,True,0.3778013163888888,Trade,,2018-04-24,32351.236290024444,0.3778013163888888,True,10.235485584477605,9.097259534909602,-0.1352052886888034,0.0371381423369889,0.0,0.0,0.0,0.3204889796046402
XBTUSD,2018-04-24 01:12:31.061126,long,103393,2018-04-24 01:13:23.589491,True,0.0145912125,Trade,,2018-04-24,32350.791371909447,0.0145912125,True,10.235485584477605,9.097259534909602,-0.1352052886888034,0.0371381423369889,0.0,0.0,0.0,0.014485785064256327
XBTUSD,2018-04-24 02:14:27.459662,short,100,2018-04-24 02:15:43.982622,True,0.0212563777777777,Trade,,2018-04-24,32349.759038982775,0.0212563777777777,True,10.235485584477605,9.097259534909602,-0.1352052886888034,0.0371381423369889,0.0,0.0,0.0,0.02103361224261458
XBTUSD,2018-04-24 02:26:47.092349,short,200000,2018-04-24 02:47:19.804136,True,0.3424199408333333,Trade,,2018-04-24,32349.553585458612,0.3424199408333333,True,10.235485584477605,9.097259534909602,-0.1352052886888034,0.0371381423369889,0.0,0.0,0.0,0.2944739112341033
XBTUSD,2018-04-24 05:50:32.168909,short,259070,2018-04-24 06:33:04.656365,True,0.7090242933333333,Trade,,2018-04-24,32346.157730858613,0.7090242933333333,True,10.235485584477605,9.097259534909602,-0.1352052886888034,0.0371381423369889,0.0,0.0,0.0,0.5359226189729335
XBTUSD,2018-04-24 06:41:38.445471,short,200000,2018-04-24 07:07:32.365548,True,0.4316444658333333,Trade,,2018-04-24,32345.305987369167,0.4316444658333333,True,10.235485584477605,9.097259534909602,-0.1352052886888034,0.0371381423369889,0.0,0.0,0.0,0.35882375966300833
XBTUSD,2018-04-24 10:33:32.940859,short,200000,2018-04-24 10:34:34.243215,True,0.0170284322222222,Trade,,2018-04-24,32341.440849761388,0.0170284322222222,True,10.235485584477605,9.097259534909602,-0.1352052886888034,0.0371381423369889,0.0,0.0,0.0,0.01688507362963867
XBTUSD,2018-04-24 13:37:33.694356,short,200000,2018-04-24 14:01:19.689140,True,0.3961096622222222,Trade,,2018-04-24,32338.373973790003,0.3961096622222222,True,10.235485584477605,9.097259534909602,-0.1352052886888034,0.0371381423369889,0.0,0.0,0.0,0.3336895558553754
XBTUSD,2018-04-24 14:02:13.196519,long,200000,2018-04-24 14:03:10.476487,True,0.0159111022222222,Trade,,2018-04-24,32337.963000966945,0.0159111022222222,True,10.235485584477605,9.097259534909602,-0.1352052886888034,0.0371381423369889,0.0,0.0,0.0,0.015785847515359795
XBTUSD,2018-04-24 14:09:38.455170,short,400000,2018-04-24 21:11:16.941761,True,7.027357386388889,Trade,,2018-04-24,32337.839318008333,7.027357386388889,True,10.235485584477605,9.097259534909602,-0.1352052886888034,0.0371381423369889,0.0,0.0,0.0,2.0828553811916923
XBTUSD,2018-04-24 22:21:34.313002,short,200000,2018-04-24 22:22:19.580841,True,0.0125743997222222,Trade,,2018-04-24,32329.640468610552,0.0125743997222222,True,10.235485584477605,9.097259534909602,-0.1352052886888034,0.0371381423369889,0.0,0.0,0.0,0.012495998506078536
XBTUSD,2018-04-24 22:29:53.243913,short,200000,2018-04-24 22:32:23.567329,True,0.0417565044444444,Trade,,2018-04-24,32329.501876690836,0.0417565044444444,True,10.235485584477605,9.097259534909602,-0.1352052886888034,0.0371381423369889,0.0,0.0,0.0,0.040908235068098805
XBTUSD,2018-04-24 23:51:57.597221,short,200000,2018-04-24 23:55:32.943600,True,0.0598184386111111,Trade,,2018-04-24,32328.134000771945,0.0598184386111111,True,10.235485584477605,9.097259534909602,-0.1352052886888034,0.0371381423369889,0.0,0.0,0.0,0.05809760912399932
XBTUSD,2018-04-24 23:59:24.271547,short,200000,2018-04-25 00:05:32.411049,True,0.1022609727777777,Trade,,2018-04-24,32328.009924570277,0.1022609727777777,True,10.235485584477605,9.097259534909602,-0.1352052886888034,0.0371381423369889,0.0,0.0,0.0,0.09736350009661003
XBTUSD,2018-04-25 03:57:37.978030,long,200000,2018-04-25 03:58:27.733279,True,0.0138209025,Trade,,2018-04-25,32324.039450547225,0.0138209025,True,10.222518736798413,9.174942576180522,-0.09497373039549212,0.1435444516133055,0.0,0.0,0.0,0.013726264815551054
XBTUSD,2018-04-25 04:02:43.319709,long,200000,2018-04-25 04:05:08.029750,True,0.0401972336111111,Trade,,2018-04-25,32323.954633414167,0.0401972336111111,True,10.222518736798413,9.174942576180522,-0.09497373039549212,0.1435444516133055,0.0,0.0,0.0,0.039410342875420425
XBTUSD,2018-04-25 04:40:05.216373,long,200000,2018-04-25 04:41:57.334664,True,0.0311439697222222,Trade,,2018-04-25,32323.331884340834,0.0311439697222222,True,10.222518736798413,9.174942576180522,-0.09497373039549212,0.1435444516133055,0.0,0.0,0.0,0.03066883614164177
XBTUSD,2018-04-25 04:46:44.694602,long,700000,2018-04-25 05:00:05.698260,True,0.2225010161111111,Trade,,2018-04-25,32323.220918166113,0.2225010161111111,True,10.222518736798413,9.174942576180522,-0.09497373039549212,0.1435444516133055,0.0,0.0,0.0,0.2008987735412776
XBTUSD,2018-04-25 05:03:43.502702,long,400000,2018-04-25 05:10:50.455102,True,0.1185978888888888,Trade,,2018-04-25,32322.93791591611,0.1185978888888888,True,10.222518736798413,9.174942576180522,-0.09497373039549212,0.1435444516133055,0.0,0.0,0.0,0.11207601612383496
XBTUSD,2018-04-25 08:58:09.724463,long,200000,2018-04-25 09:07:25.446518,True,0.1543672374999999,Trade,,2018-04-25,32319.03063209361,0.1543672374999999,True,10.222518736798413,9.174942576180522,-0.09497373039549212,0.1435444516133055,0.0,0.0,0.0,0.1435523475307832
XBTUSD,2018-04-25 10:24:14.103089,long,700000,2018-04-25 11:18:34.226477,True,0.90558983,Trade,,2018-04-25,32317.596082475276,0.90558983,True,10.222518736798413,9.174942576180522,-0.09497373039549212,0.1435444516133055,0.0,0.0,0.0,0.644791582702894
XBTUSD,2018-04-25 11:19:18.304159,long,600000,2018-04-25 11:36:47.230817,True,0.2913685161111111,Trade,,2018-04-25,32316.67824884472,0.2913685161111111,True,10.222518736798413,9.174942576180522,-0.09497373039549212,0.1435444516133055,0.0,0.0,0.0,0.2557025212561655
XBTUSD,2018-04-25 11:38:59.927497,long,200000,2018-04-25 11:45:40.169615,True,0.1111783661111111,Trade,,2018-04-25,32316.350020139722,0.1111783661111111,True,10.222518736798413,9.174942576180522,-0.09497373039549212,0.1435444516133055,0.0,0.0,0.0,0.10542104332599002
XBTUSD,2018-04-25 12:02:33.973070,short,200000,2018-04-25 12:04:52.854383,True,0.0385781425,Trade,,2018-04-25,32315.95722970278,0.0385781425,True,10.222518736798413,9.174942576180522,-0.09497373039549212,0.1435444516133055,0.0,0.0,0.0,0.037852607049687056
XBTUSD,2018-04-25 13:46:19.279810,long,200000,2018-04-25 13:56:34.648952,True,0.1709358727777777,Trade,,2018-04-25,32314.227977830556,0.1709358727777777,True,10.222518736798413,9.174942576180522,-0.09497373039549212,0.1435444516133055,0.0,0.0,0.0,0.15780332033020106
XBTUSD,2018-04-25 14:13:28.785594,long,200000,2018-04-25 14:17:23.396112,True,0.0651695883333333,Trade,,2018-04-25,32313.775337335,0.0651695883333333,True,10.222518736798413,9.174942576180522,-0.09497373039549212,0.1435444516133055,0.0,0.0,0.0,0.06313402435605878
XBTUSD,2018-04-25 14:27:06.714489,long,600000,2018-04-25 14:47:06.889727,True,0.3333820105555555,Trade,,2018-04-25,32313.548134864166,0.3333820105555555,True,10.222518736798413,9.174942576180522,-0.09497373039549212,0.1435444516133055,0.0,0.0,0.0,0.2877185797020497
XBTUSD,2018-04-25 14:48:20.810728,long,580000,2018-04-25 15:21:53.429858,True,0.5590608694444444,Trade,,2018-04-25,32313.19421924222,0.5590608694444444,True,10.222518736798413,9.174942576180522,-0.09497373039549212,0.1435444516133055,0.0,0.0,0.0,0.44408363321623284
XBTUSD,2018-04-25 16:14:05.622400,long,100000,2018-04-25 17:27:07.852971,True,1.2172862697222222,Trade,,2018-04-25,32311.765104888887,1.2172862697222222,True,10.222518736798413,9.174942576180522,-0.09497373039549212,0.1435444516133055,0.0,0.0,0.0,0.7962840471166057
XBTUSD,2018-04-25 23:28:21.102507,long,100000,2018-04-25 23:59:06.934501,True,0.5127311094444444,Trade,,2018-04-25,32304.527471525835,0.5127311094444444,True,10.222518736798413,9.174942576180522,-0.09497373039549212,0.1435444516133055,0.0,0.0,0.0,0.4139166988828752
XBTUSD,2018-04-26 00:05:38.024424,long,141962,2018-04-26 00:11:39.975753,True,0.1005420358333333,Trade,,2018-04-26,32303.906104326667,0.1005420358333333,True,10.30253291137183,9.088795023052837,-0.04605845911576439,0.0837485182599355,0.0,0.0,0.0,0.09580281828654351
XBTUSD,2018-04-26 00:27:11.013197,long,400000,2018-04-26 00:58:49.816470,True,0.5274453536111111,Trade,,2018-04-26,32303.54694077861,0.5274453536111111,True,10.30253291137183,9.088795023052837,-0.04605845911576439,0.0837485182599355,0.0,0.0,0.0,0.4235966363736619
XBTUSD,2018-04-26 01:06:55.478803,long,200000,2018-04-26 01:13:45.455000,True,0.1138822769444444,Trade,,2018-04-26,32302.88458922139,0.1138822769444444,True,10.30253291137183,9.088795023052837,-0.04605845911576439,0.0837485182599355,0.0,0.0,0.0,0.10785145992857144
XBTUSD,2018-04-26 01:59:24.075385,long,94950,2018-04-26 02:03:29.820536,True,0.0682625419444444,Trade,,2018-04-26,32302.00997905972,0.0682625419444444,True,10.30253291137183,9.088795023052837,-0.04605845911576439,0.0837485182599355,0.0,0.0,0.0,0.06603353611847254
XBTUSD,2018-04-26 09:31:17.282745,long,200000,2018-04-26 09:42:02.740597,True,0.1792938477777777,Trade,,2018-04-26,32294.478532570833,0.1792938477777777,True,10.30253291137183,9.088795023052837,-0.04605845911576439,0.0837485182599355,0.0,0.0,0.0,0.1649158252577965
XBTUSD,2018-04-26 22:54:26.995766,short,200000,2018-04-26 22:57:12.386787,True,0.0459419502777777,Trade,,2018-04-26,32281.09250117611,0.0459419502777777,True,10.30253291137183,9.088795023052837,-0.04605845911576439,0.0837485182599355,0.0,0.0,0.0,0.044917867236353784
XBTUSD,2018-04-26 23:01:07.821372,short,200000,2018-04-26 23:02:31.895991,True,0.0233540608333333,Trade,,2018-04-26,32280.98116073,0.0233540608333333,True,10.30253291137183,9.088795023052837,-0.04605845911576439,0.0837485182599355,0.0,0.0,0.0,0.023085527611862115
XBTUSD,2018-04-27 04:06:32.291227,long,14894,2018-04-27 04:08:18.719996,True,0.0295635469444444,Trade,,2018-04-27,32275.891030214723,0.0295635469444444,True,10.583251538462314,9.133969718636754,-0.04894955344781568,0.1821377801266053,0.0,0.0,0.0,0.029134971607392285
XBTUSD,2018-04-27 15:21:46.012114,long,200000,2018-04-27 16:19:32.612818,True,0.96294464,Trade,,2018-04-27,32264.63721885722,0.96294464,True,10.583251538462314,9.133969718636754,-0.04894955344781568,0.1821377801266053,0.0,0.0,0.0,0.674445713164605
XBTUSD,2018-04-27 20:37:02.405717,long,400000,2018-04-27 20:47:38.754080,True,0.1767634341666666,Trade,,2018-04-27,32259.38266507861,0.1767634341666666,True,10.583251538462314,9.133969718636754,-0.04894955344781568,0.1821377801266053,0.0,0.0,0.0,0.16276781756423697
XBTUSD,2018-04-27 21:03:30.603544,long,200000,2018-04-27 21:07:44.553072,True,0.0705415355555555,Trade,,2018-04-27,32258.941499015556,0.0705415355555555,True,10.583251538462314,9.133969718636754,-0.04894955344781568,0.1821377801266053,0.0,0.0,0.0,0.06816462844020535
XBTUSD,2018-04-28 09:48:04.886185,short,400000,2018-04-28 10:34:43.245445,True,0.7773220166666667,Trade,,2018-04-28,32246.198642726387,0.7773220166666667,True,10.419190818227392,9.102903345214148,-0.04044297206929966,0.1320563700921588,0.0,0.0,0.0,0.5751077464112776
XBTUSD,2018-04-28 13:11:57.791115,short,200000,2018-04-28 13:15:01.892372,True,0.0511392380555555,Trade,,2018-04-28,32242.800613579166,0.0511392380555555,True,10.419190818227392,9.102903345214148,-0.04044297206929966,0.1320563700921588,0.0,0.0,0.0,0.049874564619016605
XBTUSD,2018-04-28 13:16:47.341488,short,113825,2018-04-28 13:19:58.523287,True,0.0531060552777777,Trade,,2018-04-28,32242.72018292,0.0531060552777777,True,10.419190818227392,9.102903345214148,-0.04044297206929966,0.1320563700921588,0.0,0.0,0.0,0.05174394534304229
XBTUSD,2018-04-28 14:37:44.082854,long,200000,2018-04-28 14:38:42.739539,True,0.0162935236111111,Trade,,2018-04-28,32241.37108809611,0.0162935236111111,True,10.419190818227392,9.102903345214148,-0.04044297206929966,0.1320563700921588,0.0,0.0,0.0,0.01616220862441512
XBTUSD,2018-04-28 14:39:18.271946,long,200000,2018-04-28 14:39:45.192207,True,0.0074778502777777,Trade,,2018-04-28,32241.344924459445,0.0074778502777777,True,10.419190818227392,9.102903345214148,-0.04044297206929966,0.1320563700921588,0.0,0.0,0.0,0.007450029761078292
XBTUSD,2018-04-28 14:56:21.009872,long,200000,2018-04-28 14:57:50.887366,True,0.0249659705555555,Trade,,2018-04-28,32241.06083059111,0.0249659705555555,True,10.419190818227392,9.102903345214148,-0.04044297206929966,0.1320563700921588,0.0,0.0,0.0,0.024659412581262665
XBTUSD,2018-04-29 14:42:36.928684,short,200000,2018-04-29 14:43:14.956602,True,0.0105633105555555,Trade,,2018-04-29,32217.289742032222,0.0105633105555555,True,10.476644479447268,9.142256874528366,-0.1338342119712215,0.3141635541214813,0.0,0.0,0.0,0.010507908601122662
XBTUSD,2018-04-29 20:17:23.495954,long,320,2018-04-29 20:19:37.547421,True,0.0372365186111111,Trade,,2018-04-29,32211.710140012776,0.0372365186111111,True,10.476644479447268,9.142256874528366,-0.1338342119712215,0.3141635541214813,0.0,0.0,0.0,0.03655998290473746
XBTUSD,2018-05-01 13:09:05.853858,long,200000,2018-05-01 13:13:08.172389,True,0.0673107030555555,Trade,,2018-05-01,32170.848373928337,0.0673107030555555,True,10.550086503751418,9.130076342206543,-0.1476123805035881,0.3331914852644018,0.0,0.0,0.0,0.06514212304786363
XBTUSD,2018-05-01 21:11:17.424931,short,200000,2018-05-01 21:12:18.563813,True,0.0169830227777777,Trade,,2018-05-01,32162.811826408055,0.0169830227777777,True,10.550086503751418,9.130076342206543,-0.1476123805035881,0.3331914852644018,0.0,0.0,0.0,0.01684042349323908
XBTUSD,2018-05-01 21:19:40.663046,short,200000,2018-05-01 21:21:44.246350,True,0.0343286955555555,Trade,,2018-05-01,32162.672038042776,0.0343286955555555,True,10.550086503751418,9.130076342206543,-0.1476123805035881,0.3331914852644018,0.0,0.0,0.0,0.03375261295523106
XBTUSD,2018-05-02 06:51:58.127239,short,200000,2018-05-02 06:55:19.539243,True,0.0559477788888888,Trade,,2018-05-02,32153.13385354472,0.0559477788888888,True,10.528911371925645,9.112966627806399,-0.14763400152172795,0.3332552850289907,0.0,0.0,0.0,0.05443873225152428
XBTUSD,2018-05-02 06:59:40.215768,short,200000,2018-05-02 07:01:12.721105,True,0.0256959269444444,Trade,,2018-05-02,32153.00549562,0.0256959269444444,True,10.528911371925645,9.112966627806399,-0.14763400152172795,0.3332552850289907,0.0,0.0,0.0,0.025371335322509635
XBTUSD,2018-05-03 16:09:05.958881,short,200000,2018-05-03 16:09:18.759135,True,0.0035556261111111,Trade,,2018-05-03,32119.848344755275,0.0035556261111111,True,10.556774107718617,9.127407319003586,-0.15221266835558026,0.3086574577764123,0.0,0.0,0.0,0.0035493198167191875
XBTUSD,2018-05-03 16:10:02.260761,short,200000,2018-05-03 16:25:17.347159,True,0.2541906661111111,Trade,,2018-05-03,32119.832705344168,0.2541906661111111,True,10.556774107718617,9.127407319003586,-0.15221266835558026,0.3086574577764123,0.0,0.0,0.0,0.2264904769934546
XBTUSD,2018-05-03 16:52:23.647649,short,800000,2018-05-03 17:08:21.820714,True,0.2661591847222222,Trade,,2018-05-03,32119.126764541943,0.2661591847222222,True,10.556774107718617,9.127407319003586,-0.15221266835558026,0.3086574577764123,0.0,0.0,0.0,0.2359880541447733
XBTUSD,2018-05-03 17:20:42.278465,short,1000000,2018-05-03 18:28:25.872921,True,1.1287762377777777,Trade,,2018-05-03,32118.65492264861,1.1287762377777777,True,10.556774107718617,9.127407319003586,-0.15221266835558026,0.3086574577764123,0.0,0.0,0.0,0.7555472783575715
XBTUSD,2018-05-03 18:32:22.208841,short,400000,2018-05-03 18:41:52.151978,True,0.1583175380555555,Trade,,2018-05-03,32117.46049754417,0.1583175380555555,True,10.556774107718617,9.127407319003586,-0.15221266835558026,0.3086574577764123,0.0,0.0,0.0,0.14696855404464057
XBTUSD,2018-05-03 19:05:24.404118,short,400000,2018-05-03 19:38:54.635007,True,0.5583974691666667,Trade,,2018-05-03,32116.909887744998,0.5583974691666667,True,10.556774107718617,9.127407319003586,-0.15221266835558026,0.3086574577764123,0.0,0.0,0.0,0.4436580299101195
XBTUSD,2018-05-04 00:09:30.719425,short,200000,2018-05-04 00:10:44.468723,True,0.0204859161111111,Trade,,2018-05-04,32111.84146682639,0.0204859161111111,True,,9.18509437130144,-0.1490001268630833,0.3139687727833185,0.0,0.0,0.0,0.020278902203504274
XBTUSD,2018-05-04 00:11:52.249668,short,200000,2018-05-04 00:17:37.659974,True,0.0959473072222222,Trade,,2018-05-04,32111.80215287,0.0959473072222222,True,,9.18509437130144,-0.1490001268630833,0.3139687727833185,0.0,0.0,0.0,0.0916191100180838
XBTUSD,2018-05-05 18:29:32.891876,long,4,2018-05-05 18:32:16.679813,True,0.0454966491666666,Trade,,2018-05-05,32069.507530034447,0.0454966491666666,True,10.595782967187976,9.179535012834721,-0.24078379642903225,0.4300686611598834,0.0,0.0,0.0,0.04449203487583564
XBTUSD,2018-05-06 09:03:39.595565,long,153131,2018-05-06 09:06:33.315793,True,0.0482556188888888,Trade,,2018-05-06,32054.93900123194,0.0482556188888888,True,10.605969833844147,9.189721840671272,-0.24165242120140745,0.4409115650071793,0.0,0.0,0.0,0.04712746731088096
XBTUSD,2018-05-06 09:06:33.315793,short,93738,2018-05-06 09:08:09.501162,True,0.0267181580555555,Trade,,2018-05-06,32054.89074561306,0.0267181580555555,True,10.605969833844147,9.189721840671272,-0.24165242120140745,0.4409115650071793,0.0,0.0,0.0,0.02636746100992249
XBTUSD,2018-05-06 11:56:55.681804,long,200000,2018-05-06 12:01:27.746362,True,0.0755734883333333,Trade,,2018-05-06,32052.05119949889,0.0755734883333333,True,10.605969833844147,9.189721840671272,-0.24165242120140745,0.4409115650071793,0.0,0.0,0.0,0.07285399685046279
XBTUSD,2018-05-06 12:17:38.257716,long,200000,2018-05-06 12:18:47.934464,True,0.0193546522222222,Trade,,2018-05-06,32051.706039523335,0.0193546522222222,True,10.605969833844147,9.189721840671272,-0.24165242120140745,0.4409115650071793,0.0,0.0,0.0,0.019169733161149276
XBTUSD,2018-05-07 01:02:27.592188,long,200000,2018-05-07 01:05:35.983874,True,0.0523310238888888,Trade,,2018-05-07,32038.95900217,0.0523310238888888,True,10.612317690217004,9.169006456801474,-0.24715860888210986,0.4514935214622519,0.0,0.0,0.0,0.05100772631131284
XBTUSD,2018-05-07 01:18:49.314526,long,800000,2018-05-07 02:34:09.338505,True,1.2555622163888889,Trade,,2018-05-07,32038.686301520553,1.2555622163888889,True,10.612317690217004,9.169006456801474,-0.24715860888210986,0.4514935214622519,0.0,0.0,0.0,0.8133992617859797
XBTUSD,2018-05-07 02:50:56.740144,long,210000,2018-05-07 03:03:19.448059,True,0.2063077541666666,Trade,,2018-05-07,32037.150905515555,0.2063077541666666,True,10.612317690217004,9.169006456801474,-0.24715860888210986,0.4514935214622519,0.0,0.0,0.0,0.1875642516267908
XBTUSD,2018-05-11 12:44:56.622666,long,400000,2018-05-11 13:15:23.422718,True,0.5074444588888889,Trade,,2018-05-11,31931.250938148332,0.5074444588888889,True,10.732531455123645,9.109141242290814,-0.246748107952578,0.3257889930505091,0.0,0.0,0.0,0.41041580574902625
XBTUSD,2018-05-11 13:47:55.368952,long,200000,2018-05-11 14:06:07.733078,True,0.3034344794444444,Trade,,2018-05-11,31930.20128640222,0.3034344794444444,True,10.732531455123645,9.109141242290814,-0.246748107952578,0.3257889930505091,0.0,0.0,0.0,0.26500268802984717
XBTUSD,2018-05-11 20:38:28.037759,long,800000,2018-05-11 20:48:09.702961,True,0.1615736672222222,Trade,,2018-05-11,31923.358878400275,0.1615736672222222,True,10.732531455123645,9.109141242290814,-0.246748107952578,0.3257889930505091,0.0,0.0,0.0,0.1497756954290829
XBTUSD,2018-05-11 20:50:42.749669,long,400000,2018-05-11 20:55:19.321367,True,0.0768254716666666,Trade,,2018-05-11,31923.15479175861,0.0768254716666666,True,10.732531455123645,9.109141242290814,-0.246748107952578,0.3257889930505091,0.0,0.0,0.0,0.07401733459388134
XBTUSD,2018-05-11 21:15:31.977917,long,400000,2018-05-11 21:21:58.154355,True,0.1072712327777777,Trade,,2018-05-11,31922.741117245278,0.1072712327777777,True,10.732531455123645,9.109141242290814,-0.246748107952578,0.3257889930505091,0.0,0.0,0.0,0.10189863977438703
XBTUSD,2018-05-11 21:28:34.176878,long,200000,2018-05-11 21:31:49.670681,True,0.0543038341666666,Trade,,2018-05-11,31922.523839756108,0.0543038341666666,True,10.732531455123645,9.109141242290814,-0.246748107952578,0.3257889930505091,0.0,0.0,0.0,0.05288067628832717
XBTUSD,2018-05-11 21:46:55.018821,long,400000,2018-05-11 21:53:38.769250,True,0.1121528969444444,Trade,,2018-05-11,31922.2180503275,0.1121528969444444,True,10.732531455123645,9.109141242290814,-0.246748107952578,0.3257889930505091,0.0,0.0,0.0,0.10629768362870805
XBTUSD,2018-05-11 21:58:09.854169,long,200000,2018-05-11 22:04:37.242357,True,0.10760783,Trade,,2018-05-11,31922.030596064167,0.10760783,True,10.732531455123645,9.109141242290814,-0.246748107952578,0.3257889930505091,0.0,0.0,0.0,0.10220258162879366
XBTUSD,2018-05-11 22:08:23.554243,long,79951,2018-05-11 22:09:14.145799,True,0.01405321,Trade,,2018-05-11,31921.86012382139,0.01405321,True,10.732531455123645,9.109141242290814,-0.246748107952578,0.3257889930505091,0.0,0.0,0.0,0.013955379137376312
XBTUSD,2018-05-11 23:57:30.803160,long,200000,2018-05-11 23:59:19.004896,True,0.0300560377777777,Trade,,2018-05-11,31920.041443566668,0.0300560377777777,True,10.732531455123645,9.109141242290814,-0.246748107952578,0.3257889930505091,0.0,0.0,0.0,0.029613206371105823
XBTUSD,2018-05-12 05:18:11.885682,long,400000,2018-05-12 05:24:40.072520,True,0.1078296772222222,Trade,,2018-05-12,31914.696698421667,0.1078296772222222,True,10.959306371199563,9.038336435492303,-0.18768808300258985,0.212385631555007,0.0,0.0,0.0,0.10240285559024868
XBTUSD,2018-05-12 05:25:52.995730,long,200000,2018-05-12 05:28:08.948145,True,0.0377645597222222,Trade,,2018-05-12,31914.568612297222,0.0377645597222222,True,10.959306371199563,9.038336435492303,-0.18768808300258985,0.212385631555007,0.0,0.0,0.0,0.03706893793904874
XBTUSD,2018-05-12 05:35:42.220113,long,1400000,2018-05-12 06:53:03.938962,True,1.2893663469444443,Trade,,2018-05-12,31914.4049388575,1.2893663469444443,True,10.959306371199563,9.038336435492303,-0.18768808300258985,0.212385631555007,0.0,0.0,0.0,0.8282750748853525
XBTUSD,2018-05-12 07:14:47.508352,long,200000,2018-05-12 07:20:47.354468,True,0.0999572544444444,Trade,,2018-05-12,31912.75346990222,0.0999572544444444,True,10.959306371199563,9.038336435492303,-0.18768808300258985,0.212385631555007,0.0,0.0,0.0,0.09527131945331156
XBTUSD,2018-05-12 08:35:24.224640,long,200000,2018-05-12 08:41:56.780015,True,0.1090431597222222,Trade,,2018-05-12,31911.4099376,0.1090431597222222,True,10.959306371199563,9.038336435492303,-0.18768808300258985,0.212385631555007,0.0,0.0,0.0,0.10349762530457404
XBTUSD,2018-05-12 08:53:46.486828,long,400000,2018-05-12 09:43:38.369149,True,0.8310784225,Trade,,2018-05-12,31911.10375365889,0.8310784225,True,10.959306371199563,9.038336435492303,-0.18768808300258985,0.212385631555007,0.0,0.0,0.0,0.6049050951957126
XBTUSD,2018-05-12 09:55:12.059801,short,200000,2018-05-12 09:56:09.699883,True,0.0160111338888888,Trade,,2018-05-12,31910.079983388612,0.0160111338888888,True,10.959306371199563,9.038336435492303,-0.18768808300258985,0.212385631555007,0.0,0.0,0.0,0.015884307648301562
XBTUSD,2018-05-12 09:56:14.487582,long,200000,2018-05-12 09:56:41.471139,True,0.0074954325,Trade,,2018-05-12,31910.062642338333,0.0074954325,True,10.959306371199563,9.038336435492303,-0.18768808300258985,0.212385631555007,0.0,0.0,0.0,0.007467481329665354
XBTUSD,2018-05-12 09:58:46.676523,short,200000,2018-05-12 09:59:42.796261,True,0.0155888161111111,Trade,,2018-05-12,31910.0203676325,0.0155888161111111,True,10.959306371199563,9.038336435492303,-0.18768808300258985,0.212385631555007,0.0,0.0,0.0,0.015468558687625778
XBTUSD,2018-05-12 10:30:52.305715,short,200000,2018-05-12 10:36:43.644693,True,0.0975941605555555,Trade,,2018-05-12,31909.485470634725,0.0975941605555555,True,10.959306371199563,9.038336435492303,-0.18768808300258985,0.212385631555007,0.0,0.0,0.0,0.09312065778177779
XBTUSD,2018-05-12 14:06:38.517963,long,200000,2018-05-12 19:53:51.567139,True,5.7869581044444445,Trade,,2018-05-12,31905.889300565832,5.7869581044444445,True,10.959306371199563,9.038336435492303,-0.18768808300258985,0.212385631555007,0.0,0.0,0.0,1.9150028447903018
XBTUSD,2018-05-12 19:54:45.572240,short,200000,2018-05-12 19:55:36.780248,True,0.0142244466666666,Trade,,2018-05-12,31900.087341044447,0.0142244466666666,True,10.959306371199563,9.038336435492303,-0.18768808300258985,0.212385631555007,0.0,0.0,0.0,0.014124228472683638
XBTUSD,2018-05-12 20:02:17.323758,short,200000,2018-05-12 20:03:47.454323,True,0.0250362680555555,Trade,,2018-05-12,31899.961854511665,0.0250362680555555,True,10.959306371199563,9.038336435492303,-0.18768808300258985,0.212385631555007,0.0,0.0,0.0,0.02472799543322597
XBTUSD,2018-05-12 23:13:31.633348,short,200000,2018-05-12 23:22:47.390092,True,0.1543768733333333,Trade,,2018-05-12,31896.77454629222,0.1543768733333333,True,10.959306371199563,9.038336435492303,-0.18768808300258985,0.212385631555007,0.0,0.0,0.0,0.1435606947818174
XBTUSD,2018-05-13 14:52:55.996750,short,200000,2018-05-13 14:54:02.971120,True,0.0186039916666666,Trade,,2018-05-13,31881.117778680557,0.0186039916666666,True,10.796044605772162,9.046146542593192,-0.3562322093591908,0.0735603107759814,0.0,0.0,0.0,0.018433054238095638
XBTUSD,2018-05-13 14:55:35.819028,short,200000,2018-05-13 15:10:56.796657,True,0.2558271191666666,Trade,,2018-05-13,31881.073383603332,0.2558271191666666,True,10.796044605772162,9.046146542593192,-0.3562322093591908,0.0735603107759814,0.0,0.0,0.0,0.22779441459662167
XBTUSD,2018-05-13 16:22:47.273887,short,130848,2018-05-13 16:23:54.489904,True,0.0186711158333333,Trade,,2018-05-13,31879.620201698057,0.0186711158333333,True,10.796044605772162,9.046146542593192,-0.3562322093591908,0.0735603107759814,0.0,0.0,0.0,0.01849895026406079
XBTUSD,2018-05-14 04:36:18.974695,long,200000,2018-05-14 04:37:14.282113,True,0.0153631716666666,Trade,,2018-05-14,31867.39472925139,0.0153631716666666,True,10.830569186327766,9.070599235172137,-0.35023033244084584,0.098088401741329,0.0,0.0,0.0,0.015246353094651784
XBTUSD,2018-05-14 20:37:52.366049,short,200166,2018-05-14 20:41:49.149864,True,0.0657732819444444,Trade,,2018-05-14,31851.36878720861,0.0657732819444444,True,10.830569186327766,9.070599235172137,-0.35023033244084584,0.098088401741329,0.0,0.0,0.0,0.06370062202104719
XBTUSD,2018-05-15 22:47:41.941061,long,167453,2018-05-15 22:48:49.706912,True,0.0188238475,Trade,,2018-05-15,31825.205016371943,0.0188238475,True,10.840926979554204,9.067747957688583,-0.3506408657771045,0.0830154303897086,0.0,0.0,0.0,0.018648871289340677
XBTUSD,2018-05-15 22:48:55.753727,short,113523,2018-05-15 22:49:34.123187,True,0.0106581833333333,Trade,,2018-05-15,31825.18451285361,0.0106581833333333,True,10.840926979554204,9.067747957688583,-0.3506408657771045,0.0830154303897086,0.0,0.0,0.0,0.010601785277315073
XBTUSD,2018-05-16 02:23:23.557752,long,800000,2018-05-16 02:44:50.491302,True,0.3574815416666667,Trade,,2018-05-16,31821.61012284667,0.3574815416666667,True,10.834158924126518,9.04646327604555,-0.36393103830275103,0.0175242830413084,0.0,0.0,0.0,0.3056311754345529
XBTUSD,2018-05-16 02:49:09.911952,long,400000,2018-05-16 03:23:19.873671,True,0.5694338108333333,Trade,,2018-05-16,31821.180580013333,0.5694338108333333,True,10.834158924126518,9.04646327604555,-0.36393103830275103,0.0175242830413084,0.0,0.0,0.0,0.45071492427510207
XBTUSD,2018-05-16 03:48:23.234124,long,200000,2018-05-16 04:04:44.820473,True,0.2726628747222222,Trade,,2018-05-16,31820.193546076665,0.2726628747222222,True,10.834158924126518,9.04646327604555,-0.36393103830275103,0.0175242830413084,0.0,0.0,0.0,0.24111145710420454
XBTUSD,2018-05-16 04:24:24.018078,short,400000,2018-05-16 04:28:39.316067,True,0.0709161080555555,Trade,,2018-05-16,31819.59332831167,0.0709161080555555,True,10.834158924126518,9.04646327604555,-0.36393103830275103,0.0175242830413084,0.0,0.0,0.0,0.06851445791727909
XBTUSD,2018-05-16 05:55:47.596593,short,200000,2018-05-16 06:00:07.688857,True,0.0722478511111111,Trade,,2018-05-16,31818.0701120575,0.0722478511111111,True,10.834158924126518,9.04646327604555,-0.36393103830275103,0.0175242830413084,0.0,0.0,0.0,0.06975724031968637
XBTUSD,2018-05-16 06:55:18.877797,short,200000,2018-05-16 07:06:32.436701,True,0.1870996955555555,Trade,,2018-05-16,31817.078089500836,0.1870996955555555,True,10.834158924126518,9.04646327604555,-0.36393103830275103,0.0175242830413084,0.0,0.0,0.0,0.17151310161666256
XBTUSD,2018-05-16 10:21:41.965534,long,200000,2018-05-16 10:23:24.403736,True,0.0284550561111111,Trade,,2018-05-16,31813.638342907223,0.0284550561111111,True,10.834158924126518,9.04646327604555,-0.36393103830275103,0.0175242830413084,0.0,0.0,0.0,0.028057730673920627
XBTUSD,2018-05-16 22:36:25.269513,short,200000,2018-05-16 22:37:13.759420,True,0.0134694186111111,Trade,,2018-05-16,31801.392980690835,0.0134694186111111,True,10.834158924126518,9.04646327604555,-0.36393103830275103,0.0175242830413084,0.0,0.0,0.0,0.01337951241531462
XBTUSD,2018-05-17 00:19:52.442157,long,179505,2018-05-17 00:20:35.704504,True,0.0120173186111111,Trade,,2018-05-17,31799.6687660675,0.0120173186111111,True,10.953658093287356,9.027349335291877,-0.3766341139854453,0.034891846798823,0.0,0.0,0.0,0.01194568397092984
XBTUSD,2018-05-19 07:34:57.371306,long,92702,2018-05-19 07:35:23.446170,True,0.0072430177777777,Trade,,2018-05-19,31744.417396859444,0.0072430177777777,True,10.95292573371958,9.01591624831086,-0.37514986469022027,0.0086062740092331,0.0,0.0,0.0,0.007216913099820788
XBTUSD,2018-05-19 12:09:39.258219,long,200000,2018-05-19 13:06:52.305490,True,0.9536242419444444,Trade,,2018-05-19,31739.839094939165,0.9536242419444444,True,10.95292573371958,9.01591624831086,-0.37514986469022027,0.0086062740092331,0.0,0.0,0.0,0.6696862331550352
XBTUSD,2018-05-20 10:15:42.020893,short,338442,2018-05-20 10:36:38.290381,True,0.3489637466666666,Trade,,2018-05-20,31717.738327529725,0.3489637466666666,True,10.961723402223928,9.015478464930737,-0.37752618843164676,-0.0052562011339597,0.0,0.0,0.0,0.2993367026366771
XBTUSD,2018-05-20 16:04:05.967856,short,200000,2018-05-20 16:09:05.864660,True,0.0833046677777777,Trade,,2018-05-20,31711.931675595555,0.0833046677777777,True,10.961723402223928,9.015478464930737,-0.37752618843164676,-0.0052562011339597,0.0,0.0,0.0,0.0800162468106303
XBTUSD,2018-05-20 16:13:01.673258,long,200000,2018-05-20 16:16:51.447161,True,0.0638260841666666,Trade,,2018-05-20,31711.78286853944,0.0638260841666666,True,10.961723402223928,9.015478464930737,-0.37752618843164676,-0.0052562011339597,0.0,0.0,0.0,0.06187192282869579
XBTUSD,2018-05-21 02:36:38.107432,short,200000,2018-05-21 02:39:15.600177,True,0.0437479847222222,Trade,,2018-05-21,31701.389414602225,0.0437479847222222,True,10.992783820591622,9.049167457395662,-0.42377659510712323,-0.0371120832463557,0.0,0.0,0.0,0.04281806637600761
XBTUSD,2018-05-21 11:20:38.813142,short,200000,2018-05-21 11:26:56.255298,True,0.1048450433333333,Trade,,2018-05-21,31692.65588523833,0.1048450433333333,True,10.992783820591622,9.049167457395662,-0.42377659510712323,-0.0371120832463557,0.0,0.0,0.0,0.09970509285872456
XBTUSD,2018-05-21 11:53:26.833263,short,200000,2018-05-21 11:59:30.548266,True,0.1010319452777777,Trade,,2018-05-21,31692.1092129825,0.1010319452777777,True,10.992783820591622,9.049167457395662,-0.42377659510712323,-0.0371120832463557,0.0,0.0,0.0,0.09624787210416143
XBTUSD,2018-05-22 01:53:07.722621,long,200000,2018-05-22 02:17:28.396830,True,0.4057428358333333,Trade,,2018-05-22,31678.114521494168,0.4057428358333333,True,10.989860882011698,9.035823057888283,-0.4219936449524704,-0.0524528189670583,0.0,0.0,0.0,0.34056587184664056
XBTUSD,2018-05-22 10:02:34.722745,short,200000,2018-05-22 10:04:34.236522,True,0.0331982713888888,Trade,,2018-05-22,31669.957021459722,0.0331982713888888,True,10.989860882011698,9.035823057888283,-0.4219936449524704,-0.0524528189670583,0.0,0.0,0.0,0.03265910917280695
XBTUSD,2018-05-22 12:12:08.563477,long,200000,2018-05-22 12:18:37.874921,True,0.1081420677777777,Trade,,2018-05-22,31667.79762125639,0.1081420677777777,True,10.989860882011698,9.035823057888283,-0.4219936449524704,-0.0524528189670583,0.0,0.0,0.0,0.10268480012165326
XBTUSD,2018-05-22 12:27:27.923959,long,400000,2018-05-22 12:59:37.207260,True,0.5359120280555555,Trade,,2018-05-22,31667.54224334472,0.5359120280555555,True,10.989860882011698,9.035823057888283,-0.4219936449524704,-0.0524528189670583,0.0,0.0,0.0,0.42912435968396545
XBTUSD,2018-05-22 13:46:21.711528,short,200000,2018-05-22 13:48:16.701823,True,0.0319417486111111,Trade,,2018-05-22,31666.22730235333,0.0319417486111111,True,10.989860882011698,9.035823057888283,-0.4219936449524704,-0.0524528189670583,0.0,0.0,0.0,0.031442220322011695
XBTUSD,2018-05-22 18:02:57.532789,long,400000,2018-05-22 22:50:57.695986,True,4.800045332500001,Trade,,2018-05-22,31661.950685336386,4.800045332500001,True,10.989860882011698,9.035823057888283,-0.4219936449524704,-0.0524528189670583,0.0,0.0,0.0,1.7578657334701053
XBTUSD,2018-05-22 23:25:09.899373,long,300000,2018-05-22 23:31:39.503020,True,0.1082232352777777,Trade,,2018-05-22,31656.5805835075,0.1082232352777777,True,10.989860882011698,9.035823057888283,-0.4219936449524704,-0.0524528189670583,0.0,0.0,0.0,0.10275804391402305
XBTUSD,2018-05-22 23:59:24.721593,long,300000,2018-05-23 00:10:44.890485,True,0.1889358033333333,Trade,,2018-05-22,31656.009799557498,0.1889358033333333,True,10.989860882011698,9.035823057888283,-0.4219936449524704,-0.0524528189670583,0.0,0.0,0.0,0.1730586241007498
XBTUSD,2018-05-23 00:56:37.028614,long,900000,2018-05-23 03:18:27.511438,True,2.3640230066666668,Trade,,2018-05-23,31655.056380940554,2.3640230066666668,True,10.779196383651652,8.98813719488962,-0.3932303266009611,-0.0901529648175599,0.0,0.0,0.0,1.213137581167775
XBTUSD,2018-05-23 04:00:37.884952,short,300000,2018-05-23 04:05:06.812040,True,0.0747019688888889,Trade,,2018-05-23,31651.989476402225,0.0747019688888889,True,10.779196383651652,8.98813719488962,-0.3932303266009611,-0.0901529648175599,0.0,0.0,0.0,0.072043384899106
XBTUSD,2018-05-23 04:25:40.821433,long,600000,2018-05-23 05:11:59.466051,True,0.7718457272222222,Trade,,2018-05-23,31651.57199404639,0.7718457272222222,True,10.779196383651652,8.98813719488962,-0.3932303266009611,-0.0901529648175599,0.0,0.0,0.0,0.5720217870058188
XBTUSD,2018-05-23 11:17:38.953644,long,300000,2018-05-23 11:20:40.287413,True,0.0503704913888888,Trade,,2018-05-23,31644.70584621,0.0503704913888888,True,10.779196383651652,8.98813719488962,-0.3932303266009611,-0.0901529648175599,0.0,0.0,0.0,0.04914295087468263
XBTUSD,2018-05-23 14:18:38.126453,long,300000,2018-05-23 14:41:11.008041,True,0.3758004411111111,Trade,,2018-05-23,31641.689409318613,0.3758004411111111,True,10.779196383651652,8.98813719488962,-0.3932303266009611,-0.0901529648175599,0.0,0.0,0.0,0.3190357007312627
XBTUSD,2018-05-23 14:44:37.485383,long,300000,2018-05-23 15:07:55.551298,True,0.3883516430555555,Trade,,2018-05-23,31641.256254060278,0.3883516430555555,True,10.779196383651652,8.98813719488962,-0.3932303266009611,-0.0901529648175599,0.0,0.0,0.0,0.3281171751390419
XBTUSD,2018-05-23 15:21:38.910012,long,1200000,2018-05-23 18:24:14.360567,True,3.043180709722222,Trade,,2018-05-23,31640.639191663333,3.043180709722222,True,10.779196383651652,8.98813719488962,-0.3932303266009611,-0.0901529648175599,0.0,0.0,0.0,1.3970316865982224
XBTUSD,2018-05-24 01:31:53.355072,long,300000,2018-05-24 01:36:12.452542,True,0.0719715194444444,Trade,,2018-05-24,31630.468512479998,0.0719715194444444,True,10.242348988269155,8.925436793151492,-0.35302045361228385,-0.1578715658550764,0.0,0.0,0.0,0.06949949461326185
XBTUSD,2018-05-24 01:44:17.900405,long,300000,2018-05-24 01:49:29.932342,True,0.0866755380555555,Trade,,2018-05-24,31630.261694331944,0.0866755380555555,True,10.242348988269155,8.925436793151492,-0.35302045361228385,-0.1578715658550764,0.0,0.0,0.0,0.08312307053198818
XBTUSD,2018-05-24 02:33:30.893147,long,300000,2018-05-24 02:45:21.375478,True,0.1973562030555555,Trade,,2018-05-24,31629.441418570277,0.1973562030555555,True,10.242348988269155,8.925436793151492,-0.35302045361228385,-0.1578715658550764,0.0,0.0,0.0,0.18011596213694328
XBTUSD,2018-05-24 04:31:18.166095,short,61963,2018-05-24 04:31:55.924602,True,0.0104884741666666,Trade,,2018-05-24,31627.478287195834,0.0104884741666666,True,10.242348988269155,8.925436793151492,-0.35302045361228385,-0.1578715658550764,0.0,0.0,0.0,0.010433851726886368
XBTUSD,2018-05-24 04:57:33.067896,short,300000,2018-05-24 05:12:57.901473,True,0.2568982158333333,Trade,,2018-05-24,31627.040814473334,0.2568982158333333,True,10.242348988269155,8.925436793151492,-0.35302045361228385,-0.1578715658550764,0.0,0.0,0.0,0.2286469524499412
XBTUSD,2018-05-24 06:23:16.447721,short,78125,2018-05-24 06:29:37.963173,True,0.1059765144444444,Trade,,2018-05-24,31625.612097855275,0.1059765144444444,True,10.242348988269155,8.925436793151492,-0.35302045361228385,-0.1578715658550764,0.0,0.0,0.0,0.1007286681951582
XBTUSD,2018-05-24 06:34:27.468457,long,300000,2018-05-24 06:40:31.414694,True,0.1010961769444444,Trade,,2018-05-24,31625.42570320639,0.1010961769444444,True,10.242348988269155,8.925436793151492,-0.35302045361228385,-0.1578715658550764,0.0,0.0,0.0,0.09630620809836334
XBTUSD,2018-05-24 06:40:59.505434,long,300000,2018-05-24 06:48:23.190476,True,0.123245845,Trade,,2018-05-24,31625.31680404611,0.123245845,True,10.242348988269155,8.925436793151492,-0.35302045361228385,-0.1578715658550764,0.0,0.0,0.0,0.11622256987382125
XBTUSD,2018-05-24 07:54:17.167410,long,300000,2018-05-24 08:00:34.498903,True,0.1048143036111111,Trade,,2018-05-24,31624.095231275,0.1048143036111111,True,10.242348988269155,8.925436793151492,-0.35302045361228385,-0.1578715658550764,0.0,0.0,0.0,0.09967726981689082
XBTUSD,2018-05-24 08:01:19.989244,long,900000,2018-05-24 09:26:03.549937,True,1.4121001925,Trade,,2018-05-24,31623.977780765556,1.4121001925,True,10.242348988269155,8.925436793151492,-0.35302045361228385,-0.1578715658550764,0.0,0.0,0.0,0.8804978171813157
XBTUSD,2018-05-24 09:29:09.961632,short,300000,2018-05-24 09:30:25.548735,True,0.0209964175,Trade,,2018-05-24,31622.513899546666,0.0209964175,True,10.242348988269155,8.925436793151492,-0.35302045361228385,-0.1578715658550764,0.0,0.0,0.0,0.020779030361485235
XBTUSD,2018-05-24 09:44:58.293395,short,135593,2018-05-24 09:48:17.167460,True,0.0552427958333333,Trade,,2018-05-24,31622.250474056946,0.0552427958333333,True,10.242348988269155,8.925436793151492,-0.35302045361228385,-0.1578715658550764,0.0,0.0,0.0,0.05377087868093718
XBTUSD,2018-05-24 09:49:48.536133,long,200000,2018-05-24 09:50:29.638578,True,0.0114173458333333,Trade,,2018-05-24,31622.169851074166,0.0114173458333333,True,10.242348988269155,8.925436793151492,-0.35302045361228385,-0.1578715658550764,0.0,0.0,0.0,0.011352659836369398
XBTUSD,2018-05-24 09:57:39.988952,short,151338,2018-05-24 09:59:25.930277,True,0.0294281458333333,Trade,,2018-05-24,31622.038891957778,0.0294281458333333,True,10.242348988269155,8.925436793151492,-0.35302045361228385,-0.1578715658550764,0.0,0.0,0.0,0.029003449841878397
XBTUSD,2018-05-24 12:57:52.882520,short,300000,2018-05-24 12:58:35.947751,True,0.0119625641666666,Trade,,2018-05-24,31619.03531041111,0.0119625641666666,True,10.242348988269155,8.925436793151492,-0.35302045361228385,-0.1578715658550764,0.0,0.0,0.0,0.011891578250884135
XBTUSD,2018-05-24 13:12:01.935113,long,20100,2018-05-24 13:18:19.490414,True,0.1048764725,Trade,,2018-05-24,31618.79946246861,0.1048764725,True,10.242348988269155,8.925436793151492,-0.35302045361228385,-0.1578715658550764,0.0,0.0,0.0,0.09973353912803372
XBTUSD,2018-05-24 13:18:19.490414,short,30129,2018-05-24 13:19:52.485140,True,0.0258318683333333,Trade,,2018-05-24,31618.694585996112,0.0258318683333333,True,10.242348988269155,8.925436793151492,-0.35302045361228385,-0.1578715658550764,0.0,0.0,0.0,0.02550386230011216
XBTUSD,2018-05-24 14:04:09.295741,long,300000,2018-05-24 14:14:53.999361,True,0.1790843388888889,Trade,,2018-05-24,31617.930751183052,0.1790843388888889,True,10.242348988269155,8.925436793151492,-0.35302045361228385,-0.1578715658550764,0.0,0.0,0.0,0.16473815325368413
XBTUSD,2018-05-24 14:42:03.787659,long,300000,2018-05-24 14:43:13.453379,True,0.0193515888888888,Trade,,2018-05-24,31617.2989478725,0.0193515888888888,True,10.242348988269155,8.925436793151492,-0.35302045361228385,-0.1578715658550764,0.0,0.0,0.0,0.019166727987307522
XBTUSD,2018-05-24 14:45:17.355119,short,300000,2018-05-24 14:47:26.793364,True,0.0359550680555555,Trade,,2018-05-24,31617.24517913361,0.0359550680555555,True,10.242348988269155,8.925436793151492,-0.35302045361228385,-0.1578715658550764,0.0,0.0,0.0,0.035323772294013865
XBTUSD,2018-05-24 15:06:38.288484,short,300000,2018-05-24 15:18:57.312962,True,0.2052845772222222,Trade,,2018-05-24,31616.88936431,0.2052845772222222,True,10.242348988269155,8.925436793151492,-0.35302045361228385,-0.1578715658550764,0.0,0.0,0.0,0.18671570273026253
XBTUSD,2018-05-24 15:41:40.245469,short,140910,2018-05-24 15:50:02.294008,True,0.1394579275,Trade,,2018-05-24,31616.305487369722,0.1394579275,True,10.242348988269155,8.925436793151492,-0.35302045361228385,-0.1578715658550764,0.0,0.0,0.0,0.1305526471264037
XBTUSD,2018-05-24 18:04:32.963991,long,300000,2018-05-25 01:31:30.933781,True,7.449436052777777,Trade,,2018-05-24,31613.924176669167,7.449436052777777,True,10.242348988269155,8.925436793151492,-0.35302045361228385,-0.1578715658550764,0.0,0.0,0.0,2.134099699825676
XBTUSD,2018-05-25 02:59:02.049662,short,300000,2018-05-25 03:02:51.825910,True,0.0638267355555555,Trade,,2018-05-25,31605.01609731611,0.0638267355555555,True,10.714162765297853,8.932691067372039,-0.45061669968546886,-0.2151412461640367,0.0,0.0,0.0,0.06187253513619526
XBTUSD,2018-05-25 03:17:46.787972,short,235796,2018-05-25 03:23:56.289944,True,0.1026394366666666,Trade,,2018-05-25,31604.703670007777,0.1026394366666666,True,10.714162765297853,8.932691067372039,-0.45061669968546886,-0.2151412461640367,0.0,0.0,0.0,0.09770679350885182
XBTUSD,2018-05-25 06:07:53.005377,short,300000,2018-05-25 06:09:51.252350,True,0.0328463813888888,Trade,,2018-05-25,31601.8686096175,0.0328463813888888,True,10.714162765297853,8.932691067372039,-0.45061669968546886,-0.2151412461640367,0.0,0.0,0.0,0.032318467935523364
XBTUSD,2018-05-25 06:56:21.577949,long,600000,2018-05-25 07:14:28.548810,True,0.3019363502777777,Trade,,2018-05-25,31601.060672791944,0.3019363502777777,True,10.714162765297853,8.932691067372039,-0.45061669968546886,-0.2151412461640367,0.0,0.0,0.0,0.26385265647603434
XBTUSD,2018-05-25 07:14:28.548810,short,54751,2018-05-25 07:16:42.121476,True,0.0371035183333333,Trade,,2018-05-25,31600.758736441665,0.0371035183333333,True,10.714162765297853,8.932691067372039,-0.45061669968546886,-0.2151412461640367,0.0,0.0,0.0,0.03643174908039692
XBTUSD,2018-05-25 07:16:42.121476,long,1,2018-05-25 08:55:02.685420,True,1.63904554,Trade,,2018-05-25,31600.721632923334,1.63904554,True,10.714162765297853,8.932691067372039,-0.45061669968546886,-0.2151412461640367,0.0,0.0,0.0,0.9704173139088615
XBTUSD,2018-05-25 08:55:02.685420,short,299999,2018-05-25 08:55:46.707619,True,0.0122283886111111,Trade,,2018-05-25,31599.08258738333,0.0122283886111111,True,10.714162765297853,8.932691067372039,-0.45061669968546886,-0.2151412461640367,0.0,0.0,0.0,0.012154225849034738
XBTUSD,2018-05-25 08:55:46.707619,long,1,2018-05-25 09:03:38.659928,True,0.1310978636111111,Trade,,2018-05-25,31599.070358994722,0.1310978636111111,True,10.714162765297853,8.932691067372039,-0.45061669968546886,-0.2151412461640367,0.0,0.0,0.0,0.12318872178240504
XBTUSD,2018-05-25 09:03:38.659928,short,304453,2018-05-25 09:10:28.147310,True,0.113746495,Trade,,2018-05-25,31598.939261131112,0.113746495,True,10.714162765297853,8.932691067372039,-0.45061669968546886,-0.2151412461640367,0.0,0.0,0.0,0.10772955277211643
XBTUSD,2018-05-25 09:10:28.147310,long,600001,2018-05-26 22:41:53.924393,True,37.5238269675,Trade,,2018-05-25,31598.82551463611,37.5238269675,True,10.714162765297853,8.932691067372039,-0.45061669968546886,-0.2151412461640367,0.0,0.0,0.0,3.6512769321378094
XBTUSD,2018-05-28 11:09:18.270965,long,300000,2018-05-28 11:39:13.084776,True,0.4985593919444444,Trade,,2018-05-28,31524.844924731944,0.4985593919444444,True,10.818259345932681,8.900847912066938,-0.6194956950103327,-0.1829503649458126,0.0,0.0,0.0,0.4045042412530576
XBTUSD,2018-05-28 12:14:04.890799,long,600000,2018-05-28 12:14:58.595077,True,0.014917855,Trade,,2018-05-28,31523.76530811139,0.014917855,True,10.818259345932681,8.900847912066938,-0.6194956950103327,-0.1829503649458126,0.0,0.0,0.0,0.01480767818417502
XBTUSD,2018-05-28 12:49:17.691685,short,300000,2018-05-28 12:58:53.501980,True,0.1599473041666666,Trade,,2018-05-28,31523.178418976386,0.1599473041666666,True,10.818259345932681,8.900847912066938,-0.6194956950103327,-0.1829503649458126,0.0,0.0,0.0,0.14837457664388698
XBTUSD,2018-05-29 01:49:24.593041,long,114835,2018-05-29 03:04:46.735204,True,1.2561506008333334,Trade,,2018-05-29,31510.176501933056,1.2561506008333334,True,10.727016872647308,8.869373392546597,-0.6573785672946563,-0.238818526181091,0.0,0.0,0.0,0.813660087096285
XBTUSD,2018-05-29 11:07:37.211043,short,300000,2018-05-29 11:09:48.387865,True,0.0364380061111111,Trade,,2018-05-29,31500.8729969325,0.0364380061111111,True,10.727016872647308,8.869373392546597,-0.6573785672946563,-0.238818526181091,0.0,0.0,0.0,0.035789840310084385
XBTUSD,2018-05-29 11:27:24.493730,short,300000,2018-05-29 11:28:57.571783,True,0.0258550147222222,Trade,,2018-05-29,31500.543196186114,0.0258550147222222,True,10.727016872647308,8.869373392546597,-0.6573785672946563,-0.238818526181091,0.0,0.0,0.0,0.02552642557629338
XBTUSD,2018-05-29 11:32:33.983791,short,297258,2018-05-29 11:41:06.870441,True,0.1424685138888889,Trade,,2018-05-29,31500.457226724724,0.1424685138888889,True,10.727016872647308,8.869373392546597,-0.6573785672946563,-0.238818526181091,0.0,0.0,0.0,0.1331912844470706
XBTUSD,2018-05-29 11:44:27.609250,long,37127,2018-05-29 11:49:46.777711,True,0.0886579058333333,Trade,,2018-05-29,31500.258997430556,0.0886579058333333,True,10.727016872647308,8.869373392546597,-0.6573785672946563,-0.238818526181091,0.0,0.0,0.0,0.08494565854221135
XBTUSD,2018-05-29 11:52:32.831759,short,300000,2018-05-29 11:53:26.740803,True,0.0149747344444444,Trade,,2018-05-29,31500.124213400275,0.0149747344444444,True,10.727016872647308,8.869373392546597,-0.6573785672946563,-0.238818526181091,0.0,0.0,0.0,0.014863720010974192
XBTUSD,2018-05-29 12:02:28.881053,short,240998,2018-05-29 12:12:46.752330,True,0.1716309102777777,Trade,,2018-05-29,31499.958644151946,0.1716309102777777,True,10.727016872647308,8.869373392546597,-0.6573785672946563,-0.238818526181091,0.0,0.0,0.0,0.15839671858498908
XBTUSD,2018-05-29 13:23:45.167088,short,300000,2018-05-29 13:37:36.898153,True,0.2310364069444444,Trade,,2018-05-29,31498.604120253334,0.2310364069444444,True,10.727016872647308,8.869373392546597,-0.6573785672946563,-0.238818526181091,0.0,0.0,0.0,0.2078564218620123
XBTUSD,2018-05-29 14:17:10.383977,long,300000,2018-05-29 14:19:11.333911,True,0.0335972038888888,Trade,,2018-05-29,31497.713782228613,0.0335972038888888,True,10.727016872647308,8.869373392546597,-0.6573785672946563,-0.238818526181091,0.0,0.0,0.0,0.03304514882668289
XBTUSD,2018-05-29 17:59:33.638926,short,300000,2018-05-29 18:00:22.520750,True,0.0135782844444444,Trade,,2018-05-29,31494.007322520556,0.0135782844444444,True,10.727016872647308,8.869373392546597,-0.6573785672946563,-0.238818526181091,0.0,0.0,0.0,0.013486925608673478
XBTUSD,2018-05-29 18:03:03.298024,long,300000,2018-05-29 18:10:28.423817,True,0.1236460536111111,Trade,,2018-05-29,31493.949083882224,0.1236460536111111,True,10.727016872647308,8.869373392546597,-0.6573785672946563,-0.238818526181091,0.0,0.0,0.0,0.11657880295792356
XBTUSD,2018-05-29 18:12:54.827965,short,300000,2018-05-29 18:14:51.899202,True,0.0325197880555555,Trade,,2018-05-29,31493.78477000972,0.0325197880555555,True,10.727016872647308,8.869373392546597,-0.6573785672946563,-0.238818526181091,0.0,0.0,0.0,0.03200221085637961
XBTUSD,2018-05-29 18:36:12.860185,short,50000,2018-05-29 18:52:26.881138,True,0.2705613758333333,Trade,,2018-05-29,31493.39642772639,0.2705613758333333,True,10.727016872647308,8.869373392546597,-0.6573785672946563,-0.238818526181091,0.0,0.0,0.0,0.23945883102003104
XBTUSD,2018-05-29 18:53:53.010561,long,200000,2018-05-29 18:57:47.206559,True,0.0650544438888889,Trade,,2018-05-29,31493.10194151083,0.0650544438888889,True,10.727016872647308,8.869373392546597,-0.6573785672946563,-0.238818526181091,0.0,0.0,0.0,0.06302591887718438
XBTUSD,2018-05-30 14:55:47.722458,long,300000,2018-05-30 14:57:18.566084,True,0.0252343405555555,Trade,,2018-05-30,31473.070077095,0.0252343405555555,True,10.899620191319077,8.916456940787164,-0.5941720561692989,-0.2068068952770453,0.0,0.0,0.0,0.02492121139192362
XBTUSD,2018-05-30 16:41:18.808133,long,314308,2018-05-31 04:47:23.433768,True,12.10128489861111,Trade,,2018-05-30,31471.311442185277,12.10128489861111,True,10.899620191319077,8.916456940787164,-0.5941720561692989,-0.2068068952770453,0.0,0.0,0.0,2.572710309260642
XBTUSD,2018-05-31 04:47:23.433768,short,299999,2018-05-31 04:47:53.210361,True,0.0082712758333333,Trade,,2018-05-31,31459.210157286667,0.0082712758333333,True,10.921137754348392,8.905806305502017,-0.5962478805597431,-0.2009006809150623,0.0,0.0,0.0,0.008237256292647556
XBTUSD,2018-05-31 04:47:53.210361,long,1,2018-05-31 06:29:05.489240,True,1.6867441330555557,Trade,,2018-05-31,31459.201886010833,1.6867441330555557,True,10.921137754348392,8.905806305502017,-0.5962478805597431,-0.2009006809150623,0.0,0.0,0.0,0.9883301010782528
XBTUSD,2018-05-31 06:29:05.489240,short,299999,2018-05-31 06:30:27.372078,True,0.0227452327777777,Trade,,2018-05-31,31457.515141877775,0.0227452327777777,True,10.921137754348392,8.905806305502017,-0.5962478805597431,-0.2009006809150623,0.0,0.0,0.0,0.02249041663613865
XBTUSD,2018-05-31 06:30:27.372078,long,157889,2018-06-01 00:33:32.743577,True,18.05149208305556,Trade,,2018-05-31,31457.492396645,18.05149208305556,True,10.921137754348392,8.905806305502017,-0.5962478805597431,-0.2009006809150623,0.0,0.0,0.0,2.9471454230753467
XBTUSD,2018-06-01 00:33:32.743577,short,135147,2018-06-01 04:01:11.796628,True,3.4608480697222226,Trade,,2018-06-01,31439.440904561943,3.4608480697222226,True,10.962597211951325,8.919819857227377,-0.5893141687456322,-0.175639026677732,0.0,0.0,0.0,1.4953388981176554
XBTUSD,2018-06-01 04:01:11.796628,long,999,2018-06-01 04:05:10.332566,True,0.0662599827777777,Trade,,2018-06-01,31435.980056492223,0.0662599827777777,True,10.962597211951325,8.919819857227377,-0.5893141687456322,-0.175639026677732,0.0,0.0,0.0,0.06415718229132139
XBTUSD,2018-06-01 04:05:10.332566,short,1,2018-06-01 11:53:32.049666,True,7.806032527777778,Trade,,2018-06-01,31435.913796509445,7.806032527777778,True,10.962597211951325,8.919819857227377,-0.5893141687456322,-0.175639026677732,0.0,0.0,0.0,2.17543700114661
XBTUSD,2018-06-01 11:53:32.049666,long,299999,2018-06-01 11:54:36.920039,True,0.0180195480555555,Trade,,2018-06-01,31428.107763981665,0.0180195480555555,True,10.962597211951325,8.919819857227377,-0.5893141687456322,-0.175639026677732,0.0,0.0,0.0,0.017859120356104076
XBTUSD,2018-06-01 11:54:36.920039,short,328759,2018-06-03 06:46:02.235636,True,42.85703211027778,Trade,,2018-06-01,31428.08974443361,42.85703211027778,True,10.962597211951325,8.919819857227377,-0.5893141687456322,-0.175639026677732,0.0,0.0,0.0,3.7809350733558764
XBTUSD,2018-06-03 06:46:02.235636,long,80209,2018-06-03 11:28:48.717858,True,4.712911728333333,Trade,,2018-06-03,31385.232712323334,4.712911728333333,True,11.046246308971817,8.940818828081236,-0.678915929975278,-0.2167282207028216,0.0,0.0,0.0,1.7427288286048115
XBTUSD,2018-06-03 11:28:48.717858,short,362629,2018-06-04 06:39:49.829520,True,19.18364212833333,Trade,,2018-06-03,31380.519800595,19.18364212833333,True,11.046246308971817,8.940818828081236,-0.678915929975278,-0.2167282207028216,0.0,0.0,0.0,3.0048724807184968
XBTUSD,2018-06-04 06:39:49.829520,long,299999,2018-06-04 06:40:33.788412,True,0.0122108033333333,Trade,,2018-06-04,31361.336158466667,0.0122108033333333,True,11.055807510732055,8.949255819628146,-0.6725543584925678,-0.2056881949172748,0.0,0.0,0.0,0.012136852862137214
XBTUSD,2018-06-04 06:40:33.788412,short,1,2018-06-04 07:06:44.569769,True,0.4363281547222222,Trade,,2018-06-04,31361.32394766333,0.4363281547222222,True,11.055807510732055,8.949255819628146,-0.6725543584925678,-0.2056881949172748,0.0,0.0,0.0,0.36208996452086156
XBTUSD,2018-06-04 07:06:44.569769,long,67934,2018-06-04 07:08:09.311875,True,0.0235394738888888,Trade,,2018-06-04,31360.887619508612,0.0235394738888888,True,11.055807510732055,8.949255819628146,-0.6725543584925678,-0.2056881949172748,0.0,0.0,0.0,0.02326669292692847
XBTUSD,2018-06-04 07:08:09.311875,short,1,2018-06-04 08:13:52.096774,True,1.0952180275,Trade,,2018-06-04,31360.86408003472,1.0952180275,True,11.055807510732055,8.949255819628146,-0.6725543584925678,-0.2056881949172748,0.0,0.0,0.0,0.73965761836488
XBTUSD,2018-06-04 08:13:52.096774,long,300367,2018-06-04 15:10:10.613263,True,6.9384768025,Trade,,2018-06-04,31359.768862007222,6.9384768025,True,11.055807510732055,8.949255819628146,-0.6725543584925678,-0.2056881949172748,0.0,0.0,0.0,2.0717214183796195
XBTUSD,2018-06-04 15:10:10.613263,short,1,2018-06-04 16:39:06.483389,True,1.482186146111111,Trade,,2018-06-04,31352.830385204725,1.482186146111111,True,11.055807510732055,8.949255819628146,-0.6725543584925678,-0.2056881949172748,0.0,0.0,0.0,0.9091396824033368
XBTUSD,2018-06-04 16:39:06.483389,long,499999,2018-06-04 18:54:17.524314,True,2.253066923611111,Trade,,2018-06-04,31351.34819905861,2.253066923611111,True,11.055807510732055,8.949255819628146,-0.6725543584925678,-0.2056881949172748,0.0,0.0,0.0,1.1795982201695774
XBTUSD,2018-06-04 18:54:17.524314,short,300001,2018-06-05 02:50:27.423979,True,7.936083240277778,Trade,,2018-06-04,31349.095132135,7.936083240277778,True,11.055807510732055,8.949255819628146,-0.6725543584925678,-0.2056881949172748,0.0,0.0,0.0,2.190097376884411
XBTUSD,2018-06-05 02:50:27.423979,long,600001,2018-06-05 15:18:18.996966,True,12.464325829722222,Trade,,2018-06-05,31341.159048894722,12.464325829722222,True,11.082365505537444,8.92087714081472,-0.6711083579234634,-0.2357380635792511,0.0,0.0,0.0,2.6000436566641834
XBTUSD,2018-06-05 15:18:18.996966,short,264441,2018-06-05 15:22:21.788048,True,0.0674419672222222,Trade,,2018-06-05,31328.694723065,0.0674419672222222,True,11.082365505537444,8.92087714081472,-0.6711083579234634,-0.2357380635792511,0.0,0.0,0.0,0.06526510138503563
XBTUSD,2018-06-05 15:22:21.788048,long,1,2018-06-05 15:49:45.547455,True,0.4565998352777777,Trade,,2018-06-05,31328.62728109778,0.4565998352777777,True,11.082365505537444,8.92087714081472,-0.6711083579234634,-0.2357380635792511,0.0,0.0,0.0,0.3761048397148786
XBTUSD,2018-06-05 15:49:45.547455,short,599999,2018-06-05 16:28:48.908706,True,0.6509336808333333,Trade,,2018-06-05,31328.1706812625,0.6509336808333333,True,11.082365505537444,8.92087714081472,-0.6711083579234634,-0.2357380635792511,0.0,0.0,0.0,0.5013409950417507
XBTUSD,2018-06-05 16:28:48.908706,long,203325,2018-06-05 18:09:26.217173,True,1.677030129722222,Trade,,2018-06-05,31327.519747581668,1.677030129722222,True,11.082365505537444,8.92087714081472,-0.6711083579234634,-0.2357380635792511,0.0,0.0,0.0,0.9847080195074601
XBTUSD,2018-06-05 18:09:26.217173,short,600001,2018-06-06 16:29:03.086025,True,22.326908014444445,Trade,,2018-06-05,31325.842717451946,22.326908014444445,True,11.082365505537444,8.92087714081472,-0.6711083579234634,-0.2357380635792511,0.0,0.0,0.0,3.1496075446502223
XBTUSD,2018-06-06 16:29:03.086025,long,299999,2018-06-06 16:29:47.435309,True,0.0123192455555555,Trade,,2018-06-06,31303.5158094375,0.0123192455555555,True,11.133836402961657,8.937369537039237,-0.660064531328111,-0.2067659213540509,0.0,0.0,0.0,0.012243981153352675
XBTUSD,2018-06-06 16:29:47.435309,short,1,2018-06-06 16:30:49.526316,True,0.0172475019444444,Trade,,2018-06-06,31303.503490191946,0.0172475019444444,True,11.133836402961657,8.937369537039237,-0.660064531328111,-0.2067659213540509,0.0,0.0,0.0,0.017100452201827102
XBTUSD,2018-06-06 16:30:49.526316,long,299999,2018-06-06 16:33:27.470740,True,0.0438734511111111,Trade,,2018-06-06,31303.48624269,0.0438734511111111,True,11.133836402961657,8.937369537039237,-0.660064531328111,-0.2067659213540509,0.0,0.0,0.0,0.04293826670245222
XBTUSD,2018-06-06 16:33:27.470740,short,1,2018-06-06 16:35:56.772738,True,0.0414727772222222,Trade,,2018-06-06,31303.44236923889,0.0414727772222222,True,11.133836402961657,8.937369537039237,-0.660064531328111,-0.2067659213540509,0.0,0.0,0.0,0.040635843328530395
XBTUSD,2018-06-06 16:35:56.772738,long,304601,2018-06-06 16:38:58.285665,True,0.0504202574999999,Trade,,2018-06-06,31303.40089646167,0.0504202574999999,True,11.133836402961657,8.937369537039237,-0.660064531328111,-0.2067659213540509,0.0,0.0,0.0,0.049190329330768015
XBTUSD,2018-06-06 16:38:58.285665,short,1,2018-06-06 18:12:47.148352,True,1.563572968611111,Trade,,2018-06-06,31303.350476204167,1.563572968611111,True,11.133836402961657,8.937369537039237,-0.660064531328111,-0.2067659213540509,0.0,0.0,0.0,0.941401976283992
XBTUSD,2018-06-06 18:12:47.148352,long,299999,2018-06-06 18:15:49.738444,True,0.05071947,Trade,,2018-06-06,31301.786903235556,0.05071947,True,11.133836402961657,8.937369537039237,-0.660064531328111,-0.2067659213540509,0.0,0.0,0.0,0.049475139044378745
XBTUSD,2018-06-06 18:15:49.738444,short,1,2018-06-06 20:50:33.215280,True,2.5787435655555555,Trade,,2018-06-06,31301.736183765555,2.5787435655555555,True,11.133836402961657,8.937369537039237,-0.660064531328111,-0.2067659213540509,0.0,0.0,0.0,1.2750117794699423
XBTUSD,2018-06-06 20:50:33.215280,long,125821,2018-06-06 20:53:04.014503,True,0.0418886730555555,Trade,,2018-06-06,31299.1574402,0.0418886730555555,True,11.133836402961657,8.937369537039237,-0.660064531328111,-0.2067659213540509,0.0,0.0,0.0,0.04103509794544047
XBTUSD,2018-06-06 20:53:04.014503,short,384668,2018-06-10 03:47:23.324692,True,78.90536394138888,Trade,,2018-06-06,31299.115551526946,78.90536394138888,True,11.133836402961657,8.937369537039237,-0.660064531328111,-0.2067659213540509,0.0,0.0,0.0,4.380842983702738
XBTUSD,2018-06-10 03:47:23.324692,long,99999,2018-06-10 03:48:11.601516,True,0.0134102288888888,Trade,,2018-06-10,31220.210187585555,0.0134102288888888,True,11.15603865577613,8.930119951740348,-0.6819817620303975,-0.1639119015683131,0.0,0.0,0.0,0.013321107642922603
XBTUSD,2018-06-10 03:48:11.601516,short,1,2018-06-10 07:58:58.782343,True,4.179772451944444,Trade,,2018-06-10,31220.19677735667,4.179772451944444,True,11.15603865577613,8.930119951740348,-0.6819817620303975,-0.1639119015683131,0.0,0.0,0.0,1.644761127110467
XBTUSD,2018-06-10 07:58:58.782343,long,400001,2018-06-10 17:35:15.961816,True,9.604772075833331,Trade,,2018-06-10,31216.017004904723,9.604772075833331,True,11.15603865577613,8.930119951740348,-0.6819817620303975,-0.1639119015683131,0.0,0.0,0.0,2.361304095643615
XBTUSD,2018-06-10 20:37:04.597959,long,448499,2018-06-13 05:00:42.301415,True,56.39380651555555,Trade,,2018-06-10,31203.3820561225,56.39380651555555,True,11.15603865577613,8.930119951740348,-0.6819817620303975,-0.1639119015683131,0.0,0.0,0.0,4.04993639707799
XBTUSD,2018-06-13 05:00:42.301415,short,199999,2018-06-13 05:01:04.521964,True,0.0061723747222222,Trade,,2018-06-13,31146.988249606944,0.0061723747222222,True,11.059168926152637,8.783656685628067,-0.5137550444922182,-0.2494451526833541,0.0,0.0,0.0,0.006153403641756209
XBTUSD,2018-06-13 05:01:04.521964,long,850001,2018-06-13 18:06:31.831738,True,13.090919381666668,Trade,,2018-06-13,31146.982077232224,13.090919381666668,True,11.059168926152637,8.783656685628067,-0.5137550444922182,-0.2494451526833541,0.0,0.0,0.0,2.6455305744324376
XBTUSD,2018-06-13 18:06:31.831738,short,41442,2018-06-13 18:11:34.320230,True,0.0840245811111111,Trade,,2018-06-13,31133.891157850558,0.0840245811111111,True,11.059168926152637,8.783656685628067,-0.5137550444922182,-0.2494451526833541,0.0,0.0,0.0,0.08068057906211402
XBTUSD,2018-06-13 18:11:34.320230,long,600001,2018-06-14 02:42:57.103884,True,8.522995459444445,Trade,,2018-06-13,31133.80713326944,8.522995459444445,True,11.059168926152637,8.783656685628067,-0.5137550444922182,-0.2494451526833541,0.0,0.0,0.0,2.253709448412934
XBTUSD,2018-06-14 02:42:57.103884,short,199999,2018-06-14 02:43:37.548392,True,0.0112345855555555,Trade,,2018-06-14,31125.284137810002,0.0112345855555555,True,11.065795831937331,8.749338214534326,-0.5044409400920967,-0.2726952807769003,0.0,0.0,0.0,0.011171946313257512
XBTUSD,2018-06-14 02:43:37.548392,long,1,2018-06-14 03:58:18.101719,True,1.2445981463888889,Trade,,2018-06-14,31125.272903224446,1.2445981463888889,True,11.065795831937331,8.749338214534326,-0.5044409400920967,-0.2726952807769003,0.0,0.0,0.0,0.8085265057905751
XBTUSD,2018-06-14 03:58:18.101719,short,199999,2018-06-14 04:32:35.063048,True,0.5713781469444446,Trade,,2018-06-14,31124.028305078053,0.5713781469444446,True,11.065795831937331,8.749338214534326,-0.5044409400920967,-0.2726952807769003,0.0,0.0,0.0,0.4519530349201357
XBTUSD,2018-06-14 04:32:35.063048,long,100001,2018-06-14 08:14:37.336015,True,3.700631379722223,Trade,,2018-06-14,31123.45692693111,3.700631379722223,True,11.065795831937331,8.749338214534326,-0.5044409400920967,-0.2726952807769003,0.0,0.0,0.0,1.5476968358048369
XBTUSD,2018-06-14 08:14:37.336015,short,299999,2018-06-14 08:18:20.040967,True,0.0618624866666666,Trade,,2018-06-14,31119.75629555139,0.0618624866666666,True,11.065795831937331,8.749338214534326,-0.5044409400920967,-0.2726952807769003,0.0,0.0,0.0,0.06002442918784874
XBTUSD,2018-06-14 08:18:20.040967,long,305529,2018-06-14 20:46:14.505522,True,12.465129043055557,Trade,,2018-06-14,31119.69443306472,12.465129043055557,True,11.065795831937331,8.749338214534326,-0.5044409400920967,-0.2726952807769003,0.0,0.0,0.0,2.6001033098088437
XBTUSD,2018-06-14 20:46:14.505522,short,199999,2018-06-14 20:48:28.149070,True,0.0371232077777777,Trade,,2018-06-14,31107.22930402167,0.0371232077777777,True,11.065795831937331,8.749338214534326,-0.5044409400920967,-0.2726952807769003,0.0,0.0,0.0,0.03645073393311059
XBTUSD,2018-06-14 20:48:28.149070,long,1,2018-06-14 20:55:02.569241,True,0.1095611586111111,Trade,,2018-06-14,31107.19218081389,0.1095611586111111,True,11.065795831937331,8.749338214534326,-0.5044409400920967,-0.2726952807769003,0.0,0.0,0.0,0.1039645845491955
XBTUSD,2018-06-14 20:55:02.569241,short,43271,2018-06-14 20:58:51.243338,True,0.0635205824999999,Trade,,2018-06-14,31107.082619655277,0.0635205824999999,True,11.065795831937331,8.749338214534326,-0.5044409400920967,-0.2726952807769003,0.0,0.0,0.0,0.06158470902047758
XBTUSD,2018-06-14 20:58:51.243338,long,1,2018-06-14 21:38:44.997009,True,0.6649315752777778,Trade,,2018-06-14,31107.019099072775,0.6649315752777778,True,11.065795831937331,8.749338214534326,-0.5044409400920967,-0.2726952807769003,0.0,0.0,0.0,0.5097840266586837
XBTUSD,2018-06-14 21:38:44.997009,short,208608,2018-06-14 21:39:48.376069,True,0.0176052944444444,Trade,,2018-06-14,31106.354167497502,0.0176052944444444,True,11.065795831937331,8.749338214534326,-0.5044409400920967,-0.2726952807769003,0.0,0.0,0.0,0.01745211646405013
XBTUSD,2018-06-14 21:39:48.376069,long,400875,2018-06-14 23:38:32.465058,True,1.978913608055556,Trade,,2018-06-14,31106.336562203058,1.978913608055556,True,11.065795831937331,8.749338214534326,-0.5044409400920967,-0.2726952807769003,0.0,0.0,0.0,1.091558672993594
XBTUSD,2018-06-14 23:38:32.465058,short,309403,2018-06-15 00:31:46.043382,True,0.88710509,Trade,,2018-06-14,31104.357648595,0.88710509,True,11.065795831937331,8.749338214534326,-0.5044409400920967,-0.2726952807769003,0.0,0.0,0.0,0.635043956409622
XBTUSD,2018-06-15 00:31:46.043382,long,224734,2018-06-15 00:56:40.953352,True,0.4152527694444444,Trade,,2018-06-15,31103.470543505,0.4152527694444444,True,11.199867959273346,8.799325410511907,-0.44912165740080656,-0.2189669914239952,0.0,0.0,0.0,0.34730815079153715
XBTUSD,2018-06-15 00:56:40.953352,short,51256,2018-06-15 00:57:57.814112,True,0.0213502111111111,Trade,,2018-06-15,31103.055290735556,0.0213502111111111,True,11.199867959273346,8.799325410511907,-0.44912165740080656,-0.2189669914239952,0.0,0.0,0.0,0.021125488313033455
XBTUSD,2018-06-15 00:57:57.814112,long,600001,2018-06-16 10:15:38.992417,True,33.294771751388886,Trade,,2018-06-15,31103.033940524445,33.294771751388886,True,11.199867959273346,8.799325410511907,-0.44912165740080656,-0.2189669914239952,0.0,0.0,0.0,3.534992915480497
XBTUSD,2018-06-16 10:15:38.992417,short,49999,2018-06-16 10:18:54.844024,True,0.0544032241666666,Trade,,2018-06-16,31069.739168773056,0.0544032241666666,True,11.2105629046377,8.764002337810783,-0.4398362372461354,-0.2315248079151207,0.0,0.0,0.0,0.05297494258262426
XBTUSD,2018-06-16 10:18:54.844024,long,1,2018-06-16 10:35:50.983642,True,0.282261005,Trade,,2018-06-16,31069.68476554889,0.282261005,True,11.2105629046377,8.764002337810783,-0.4398362372461354,-0.2315248079151207,0.0,0.0,0.0,0.24862492982011242
XBTUSD,2018-06-16 10:35:50.983642,short,49999,2018-06-16 10:38:11.433102,True,0.0390137388888888,Trade,,2018-06-16,31069.40250454389,0.0390137388888888,True,11.2105629046377,8.764002337810783,-0.4398362372461354,-0.2315248079151207,0.0,0.0,0.0,0.03827193521435085
XBTUSD,2018-06-16 10:38:11.433102,long,1,2018-06-16 13:13:41.794541,True,2.591767066388889,Trade,,2018-06-16,31069.363490805,2.591767066388889,True,11.2105629046377,8.764002337810783,-0.4398362372461354,-0.2315248079151207,0.0,0.0,0.0,1.2786443004499577
XBTUSD,2018-06-16 13:13:41.794541,short,199999,2018-06-16 13:15:06.434491,True,0.0235110972222222,Trade,,2018-06-16,31066.77172373861,0.0235110972222222,True,11.2105629046377,8.764002337810783,-0.4398362372461354,-0.2315248079151207,0.0,0.0,0.0,0.02323896848565781
XBTUSD,2018-06-16 13:15:06.434491,long,428851,2018-06-16 16:48:47.546481,True,3.561419997222222,Trade,,2018-06-16,31066.748212641392,3.561419997222222,True,11.2105629046377,8.764002337810783,-0.4398362372461354,-0.2315248079151207,0.0,0.0,0.0,1.5176339779500854
XBTUSD,2018-06-16 16:48:47.546481,short,30060,2018-06-16 16:49:39.492742,True,0.0144295169444444,Trade,,2018-06-16,31063.186792644166,0.0144295169444444,True,11.2105629046377,8.764002337810783,-0.4398362372461354,-0.2315248079151207,0.0,0.0,0.0,0.014326402211679785
XBTUSD,2018-06-16 16:49:39.492742,long,1,2018-06-16 16:58:27.494375,True,0.1466671202777777,Trade,,2018-06-16,31063.17236312722,0.1466671202777777,True,11.2105629046377,8.764002337810783,-0.4398362372461354,-0.2315248079151207,0.0,0.0,0.0,0.13685957830820425
XBTUSD,2018-06-16 16:58:27.494375,short,299999,2018-06-16 17:11:48.295207,True,0.2224446755555555,Trade,,2018-06-16,31063.025696006942,0.2224446755555555,True,11.2105629046377,8.764002337810783,-0.4398362372461354,-0.2315248079151207,0.0,0.0,0.0,0.20085268617356422
XBTUSD,2018-06-16 17:11:48.295207,long,1,2018-06-18 01:28:23.805681,True,32.27653068722222,Trade,,2018-06-16,31062.803251331392,32.27653068722222,True,11.2105629046377,8.764002337810783,-0.4398362372461354,-0.2315248079151207,0.0,0.0,0.0,3.5048523643417804
XBTUSD,2018-06-18 01:28:23.805681,short,29500,2018-06-18 01:29:12.015263,True,0.0133915505555555,Trade,,2018-06-18,31030.526720644164,0.0133915505555555,True,11.304104588184565,8.771942996687862,-0.4560839050894026,-0.2164914084342343,0.0,0.0,0.0,0.013302676305903595
XBTUSD,2018-06-18 01:29:12.015263,long,1,2018-06-18 08:43:18.930310,True,7.235254179722221,Trade,,2018-06-18,31030.51332909361,7.235254179722221,True,11.304104588184565,8.771942996687862,-0.4560839050894026,-0.2164914084342343,0.0,0.0,0.0,2.1084242289361703
XBTUSD,2018-06-18 08:43:18.930310,short,291775,2018-06-18 08:47:47.029645,True,0.0744720375,Trade,,2018-06-18,31023.27807491389,0.0744720375,True,11.304104588184565,8.771942996687862,-0.4560839050894026,-0.2164914084342343,0.0,0.0,0.0,0.07182941302983654
XBTUSD,2018-06-18 08:47:47.029645,long,108225,2018-06-18 17:13:58.678458,True,8.436569114722221,Trade,,2018-06-18,31023.20360287639,8.436569114722221,True,11.304104588184565,8.771942996687862,-0.4560839050894026,-0.2164914084342343,0.0,0.0,0.0,2.2445924728595834
XBTUSD,2018-06-18 17:13:58.678458,short,399999,2018-06-18 17:15:39.334281,True,0.0279599508333333,Trade,,2018-06-18,31014.767033761666,0.0279599508333333,True,11.304104588184565,8.771942996687862,-0.4560839050894026,-0.2164914084342343,0.0,0.0,0.0,0.027576207940744422
XBTUSD,2018-06-18 17:15:39.334281,long,382427,2018-06-19 13:05:50.468791,True,19.83642625277778,Trade,,2018-06-18,31014.739073810833,19.83642625277778,True,11.304104588184565,8.771942996687862,-0.4560839050894026,-0.2164914084342343,0.0,0.0,0.0,3.0367027171884646
XBTUSD,2018-06-19 13:05:50.468791,short,299999,2018-06-19 13:27:57.349329,True,0.3685779272222222,Trade,,2018-06-19,30994.902647558058,0.3685779272222222,True,11.36566844009176,8.810431686776186,-0.4247506319267354,-0.185390790395368,0.0,0.0,0.0,0.31377219140841095
XBTUSD,2018-06-19 13:27:57.349329,long,99999,2018-06-19 13:32:18.702768,True,0.0725981775,Trade,,2018-06-19,30994.534069630834,0.0725981775,True,11.36566844009176,8.810431686776186,-0.4247506319267354,-0.185390790395368,0.0,0.0,0.0,0.0700839084229731
XBTUSD,2018-06-19 13:32:18.702768,short,1,2018-06-19 14:10:13.116038,True,0.6317814638888889,Trade,,2018-06-19,30994.461471453335,0.6317814638888889,True,11.36566844009176,8.810431686776186,-0.4247506319267354,-0.185390790395368,0.0,0.0,0.0,0.48967234064475385
XBTUSD,2018-06-19 14:10:13.116038,long,99999,2018-06-19 14:22:58.619816,True,0.2126399383333333,Trade,,2018-06-19,30993.829689989445,0.2126399383333333,True,11.36566844009176,8.810431686776186,-0.4247506319267354,-0.185390790395368,0.0,0.0,0.0,0.1927997502283458
XBTUSD,2018-06-19 14:22:58.619816,short,1,2018-06-20 01:02:19.841736,True,10.65589497777778,Trade,,2018-06-19,30993.61705005111,10.65589497777778,True,11.36566844009176,8.810431686776186,-0.4247506319267354,-0.185390790395368,0.0,0.0,0.0,2.455812058709706
XBTUSD,2018-06-20 01:02:19.841736,long,226205,2018-06-20 01:10:19.373710,True,0.1332033261111111,Trade,,2018-06-20,30982.96115507333,0.1332033261111111,True,11.37576972109426,8.81470313314029,-0.44806183008409173,-0.2090055472958923,0.0,0.0,0.0,0.12504842411915013
XBTUSD,2018-06-20 01:10:19.373710,short,200001,2018-06-20 01:26:48.019080,True,0.2746237138888889,Trade,,2018-06-20,30982.827951747222,0.2746237138888889,True,11.37576972109426,8.81470313314029,-0.44806183008409173,-0.2090055472958923,0.0,0.0,0.0,0.24265100869037867
XBTUSD,2018-06-20 01:26:48.019080,long,199999,2018-06-20 01:30:02.939615,True,0.0541445930555555,Trade,,2018-06-20,30982.553328033333,0.0541445930555555,True,11.37576972109426,8.81470313314029,-0.44806183008409173,-0.2090055472958923,0.0,0.0,0.0,0.05272962577235732
XBTUSD,2018-06-20 01:30:02.939615,short,500001,2018-06-22 07:09:36.909362,True,53.65943604083333,Trade,,2018-06-20,30982.49918344028,53.65943604083333,True,11.37576972109426,8.81470313314029,-0.44806183008409173,-0.2090055472958923,0.0,0.0,0.0,4.001121862862234
XBTUSD,2018-06-22 07:09:36.909362,long,399999,2018-06-22 07:12:06.805397,True,0.0416377875,Trade,,2018-06-22,30928.839747399445,0.0416377875,True,11.419850636528164,8.812898972803115,-0.47352331387659624,-0.1607429326162087,0.0,0.0,0.0,0.04079427013593794
XBTUSD,2018-06-22 07:12:06.805397,short,200001,2018-06-22 08:34:51.441956,True,1.3790657108333333,Trade,,2018-06-22,30928.798109611944,1.3790657108333333,True,11.419850636528164,8.812898972803115,-0.47352331387659624,-0.1607429326162087,0.0,0.0,0.0,0.8667078521387458
XBTUSD,2018-06-22 08:34:51.441956,long,399999,2018-06-22 08:36:58.926716,True,0.0354124333333333,Trade,,2018-06-22,30927.41904390111,0.0354124333333333,True,11.419850636528164,8.812898972803115,-0.47352331387659624,-0.1607429326162087,0.0,0.0,0.0,0.03479983365514689
XBTUSD,2018-06-22 08:36:58.926716,short,1,2018-06-22 08:44:23.181040,True,0.1234039788888888,Trade,,2018-06-22,30927.38363146778,0.1234039788888888,True,11.419850636528164,8.812898972803115,-0.47352331387659624,-0.1607429326162087,0.0,0.0,0.0,0.11636334293731203
XBTUSD,2018-06-22 08:44:23.181040,long,200001,2018-06-23 00:35:02.228291,True,15.844179791944445,Trade,,2018-06-22,30927.26022748889,15.844179791944445,True,11.419850636528164,8.812898972803115,-0.47352331387659624,-0.1607429326162087,0.0,0.0,0.0,2.824005184188598
XBTUSD,2018-06-23 00:35:02.228291,short,199999,2018-06-23 00:35:39.160127,True,0.0102588433333333,Trade,,2018-06-23,30911.416047696945,0.0102588433333333,True,11.354827740940909,8.70939508637411,-0.38120280714317833,-0.1942983020486242,0.0,0.0,0.0,0.010206578546976059
XBTUSD,2018-06-23 00:35:39.160127,long,500001,2018-06-23 11:02:26.185469,True,10.446395928333333,Trade,,2018-06-23,30911.40578885361,10.446395928333333,True,11.354827740940909,8.70939508637411,-0.38120280714317833,-0.1942983020486242,0.0,0.0,0.0,2.437674914366582
XBTUSD,2018-06-23 11:02:26.185469,short,399999,2018-06-23 11:06:03.952763,True,0.060490915,Trade,,2018-06-23,30900.959392925277,0.060490915,True,11.354827740940909,8.70939508637411,-0.38120280714317833,-0.1942983020486242,0.0,0.0,0.0,0.05873192827209134
XBTUSD,2018-06-23 11:06:03.952763,long,902811,2018-06-24 07:42:47.886190,True,20.61220372972222,Trade,,2018-06-23,30900.898902010274,20.61220372972222,True,11.354827740940909,8.70939508637411,-0.38120280714317833,-0.1942983020486242,0.0,0.0,0.0,3.07325814263192
XBTUSD,2018-06-24 07:42:47.886190,short,199999,2018-06-24 07:48:07.808922,True,0.0888674255555555,Trade,,2018-06-24,30880.286698280557,0.0888674255555555,True,11.468786905484388,8.72813877377616,-0.37503906539657555,-0.1849878791113699,0.0,0.0,0.0,0.08513809692154828
XBTUSD,2018-06-24 07:48:07.808922,long,600001,2018-06-24 09:39:59.361679,True,1.8643202102777776,Trade,,2018-06-24,30880.197830855002,1.8643202102777776,True,11.468786905484388,8.72813877377616,-0.37503906539657555,-0.1849878791113699,0.0,0.0,0.0,1.0523310481132435
XBTUSD,2018-06-24 09:39:59.361679,short,199999,2018-06-24 09:40:48.100062,True,0.0135384397222222,Trade,,2018-06-24,30878.333510644723,0.0135384397222222,True,11.468786905484388,8.72813877377616,-0.37503906539657555,-0.1849878791113699,0.0,0.0,0.0,0.013447613888975925
XBTUSD,2018-06-24 09:40:48.100062,long,1,2018-06-24 10:37:21.527431,True,0.9426187136111112,Trade,,2018-06-24,30878.319972205,0.9426187136111112,True,11.468786905484388,8.72813877377616,-0.37503906539657555,-0.1849878791113699,0.0,0.0,0.0,0.6640369152204054
XBTUSD,2018-06-24 10:37:21.527431,short,199999,2018-06-24 10:43:31.949959,True,0.1028951466666666,Trade,,2018-06-24,30877.37735349139,0.1028951466666666,True,11.468786905484388,8.72813877377616,-0.37503906539657555,-0.1849878791113699,0.0,0.0,0.0,0.09793867380044018
XBTUSD,2018-06-24 10:43:31.949959,long,1,2018-06-24 10:50:14.670147,True,0.1118667188888889,Trade,,2018-06-24,30877.274458344724,0.1118667188888889,True,11.468786905484388,8.72813877377616,-0.37503906539657555,-0.1849878791113699,0.0,0.0,0.0,0.10604033153064417
XBTUSD,2018-06-24 10:50:14.670147,short,599999,2018-06-24 11:22:14.592498,True,0.5333117641666667,Trade,,2018-06-24,30877.162591625834,0.5333117641666667,True,11.468786905484388,8.72813877377616,-0.37503906539657555,-0.1849878791113699,0.0,0.0,0.0,0.4274299478801745
XBTUSD,2018-06-24 11:22:14.592498,long,1,2018-06-24 11:31:23.647841,True,0.1525153730555555,Trade,,2018-06-24,30876.629279861667,0.1525153730555555,True,11.468786905484388,8.72813877377616,-0.37503906539657555,-0.1849878791113699,0.0,0.0,0.0,0.14194683467654223
XBTUSD,2018-06-24 11:31:23.647841,short,306862,2018-06-24 12:05:59.721032,True,0.5766869975,Trade,,2018-06-24,30876.47676448861,0.5766869975,True,11.468786905484388,8.72813877377616,-0.37503906539657555,-0.1849878791113699,0.0,0.0,0.0,0.4553258085728904
XBTUSD,2018-06-24 12:05:59.721032,long,1,2018-06-24 13:02:05.744369,True,0.9350064825,Trade,,2018-06-24,30875.900077491115,0.9350064825,True,11.468786905484388,8.72813877377616,-0.37503906539657555,-0.1849878791113699,0.0,0.0,0.0,0.6601106766053324
XBTUSD,2018-06-24 13:02:05.744369,short,199999,2018-06-24 13:33:11.054899,True,0.5181418138888889,Trade,,2018-06-24,30874.96507100861,0.5181418138888889,True,11.468786905484388,8.72813877377616,-0.37503906539657555,-0.1849878791113699,0.0,0.0,0.0,0.41748709614410084
XBTUSD,2018-06-24 13:33:11.054899,long,1,2018-06-24 13:56:27.020235,True,0.3877681488888889,Trade,,2018-06-24,30874.44692919472,0.3877681488888889,True,11.468786905484388,8.72813877377616,-0.37503906539657555,-0.1849878791113699,0.0,0.0,0.0,0.32769680842651594
XBTUSD,2018-06-24 13:56:27.020235,short,524565,2018-06-24 14:05:29.969002,True,0.1508191019444444,Trade,,2018-06-24,30874.059161045832,0.1508191019444444,True,11.468786905484388,8.72813877377616,-0.37503906539657555,-0.1849878791113699,0.0,0.0,0.0,0.1404739513969512
XBTUSD,2018-06-24 14:05:29.969002,long,600001,2018-06-24 16:18:40.272183,True,2.219528661388889,Trade,,2018-06-24,30873.90834194389,2.219528661388889,True,11.468786905484388,8.72813877377616,-0.37503906539657555,-0.1849878791113699,0.0,0.0,0.0,1.1692349703912903
XBTUSD,2018-06-24 16:18:40.272183,short,399999,2018-06-24 16:36:12.979492,True,0.2924186969444444,Trade,,2018-06-24,30871.6888132825,0.2924186969444444,True,11.468786905484388,8.72813877377616,-0.37503906539657555,-0.1849878791113699,0.0,0.0,0.0,0.25651542170389385
XBTUSD,2018-06-24 16:36:12.979492,long,1,2018-06-24 16:40:14.438395,True,0.0670719175,Trade,,2018-06-24,30871.396394585558,0.0670719175,True,11.468786905484388,8.72813877377616,-0.37503906539657555,-0.1849878791113699,0.0,0.0,0.0,0.06491837164148309
XBTUSD,2018-06-24 16:40:14.438395,short,226841,2018-06-24 16:43:49.921194,True,0.0598563330555555,Trade,,2018-06-24,30871.329322668058,0.0598563330555555,True,11.468786905484388,8.72813877377616,-0.37503906539657555,-0.1849878791113699,0.0,0.0,0.0,0.05813336408504803
XBTUSD,2018-06-24 16:44:27.271682,long,200000,2018-06-24 16:44:59.895011,True,0.0090620358333333,Trade,,2018-06-24,30871.259091199445,0.0090620358333333,True,11.468786905484388,8.72813877377616,-0.37503906539657555,-0.1849878791113699,0.0,0.0,0.0,0.00902122197241609
XBTUSD,2018-06-24 16:44:59.895011,short,803511,2018-06-24 22:18:38.424682,True,5.560702686388889,Trade,,2018-06-24,30871.250029163613,5.560702686388889,True,11.468786905484388,8.72813877377616,-0.37503906539657555,-0.1849878791113699,0.0,0.0,0.0,1.8810977140469745
XBTUSD,2018-06-24 22:18:38.424682,long,200175,2018-06-25 06:26:59.923575,True,8.139305248055555,Trade,,2018-06-24,30865.68932647722,8.139305248055555,True,11.468786905484388,8.72813877377616,-0.37503906539657555,-0.1849878791113699,0.0,0.0,0.0,2.21258437032923
XBTUSD,2018-06-25 06:26:59.923575,short,269356,2018-06-25 06:34:49.902683,True,0.1305497522222222,Trade,,2018-06-25,30857.550021229166,0.1305497522222222,True,11.338510440834838,8.723636009792001,-0.3774067839737795,-0.1722321584270861,0.0,0.0,0.0,0.12270402080973136
XBTUSD,2018-06-25 06:34:49.902683,long,1,2018-06-25 11:19:14.227420,True,4.740090204722222,Trade,,2018-06-25,30857.419471476944,4.740090204722222,True,11.338510440834838,8.723636009792001,-0.3774067839737795,-0.1722321584270861,0.0,0.0,0.0,1.747474925316395
XBTUSD,2018-06-25 11:19:14.227420,short,399999,2018-06-25 12:05:38.329592,True,0.7733617144444445,Trade,,2018-06-25,30852.67938127222,0.7733617144444445,True,11.338510440834838,8.723636009792001,-0.3774067839737795,-0.1722321584270861,0.0,0.0,0.0,0.5728770189433394
XBTUSD,2018-06-25 12:05:38.329592,long,800001,2018-06-25 14:10:59.995495,True,2.089351639722222,Trade,,2018-06-25,30851.906019557777,2.089351639722222,True,11.338510440834838,8.723636009792001,-0.3774067839737795,-0.1722321584270861,0.0,0.0,0.0,1.127961243560625
XBTUSD,2018-06-25 14:10:59.995495,short,199999,2018-06-25 14:11:23.482639,True,0.0065242066666666,Trade,,2018-06-25,30849.816667918054,0.0065242066666666,True,11.338510440834838,8.723636009792001,-0.3774067839737795,-0.1722321584270861,0.0,0.0,0.0,0.006503016147964454
XBTUSD,2018-06-25 14:11:23.482639,long,1,2018-06-25 14:17:38.563289,True,0.1041890694444444,Trade,,2018-06-25,30849.810143711387,0.1041890694444444,True,11.338510440834838,8.723636009792001,-0.3774067839737795,-0.1722321584270861,0.0,0.0,0.0,0.09911119174658173
XBTUSD,2018-06-25 14:17:38.563289,short,599999,2018-06-25 14:37:44.822469,True,0.3350719944444444,Trade,,2018-06-25,30849.705954641944,0.3350719944444444,True,11.338510440834838,8.723636009792001,-0.3774067839737795,-0.1722321584270861,0.0,0.0,0.0,0.28898521882093253
XBTUSD,2018-06-25 14:37:44.822469,long,371716,2018-06-27 14:55:43.731803,True,48.299697037222224,Trade,,2018-06-25,30849.3708826475,48.299697037222224,True,11.338510440834838,8.723636009792001,-0.3774067839737795,-0.1722321584270861,0.0,0.0,0.0,3.897917935740152
XBTUSD,2018-06-27 14:55:43.731803,short,199999,2018-06-27 14:56:47.492651,True,0.0177113466666666,Trade,,2018-06-27,30801.07118561028,0.0177113466666666,True,11.319916306162614,8.715409220210747,-0.3684124914855816,-0.1692602348673031,0.0,0.0,0.0,0.017556328477233776
XBTUSD,2018-06-27 14:56:47.492651,long,400001,2018-06-29 11:33:31.541770,True,44.61223586638889,Trade,,2018-06-27,30801.053474263612,44.61223586638889,True,11.319916306162614,8.715409220210747,-0.3684124914855816,-0.1692602348673031,0.0,0.0,0.0,3.820176010929442
XBTUSD,2018-06-29 11:33:31.541770,short,63978,2018-06-29 11:36:51.741804,True,0.0556111205555555,Trade,,2018-06-29,30756.441238397223,0.0556111205555555,True,11.187132889741934,8.675672053113415,-0.3920547510853407,-0.2139893112082862,0.0,0.0,0.0,0.05411986041112762
XBTUSD,2018-06-29 11:36:51.741804,long,200001,2018-06-30 01:35:04.386541,True,13.970179093611112,Trade,,2018-06-29,30756.385627276664,13.970179093611112,True,11.187132889741934,8.675672053113415,-0.3920547510853407,-0.2139893112082862,0.0,0.0,0.0,2.706060161861051
XBTUSD,2018-06-30 01:35:04.386541,short,849999,2018-06-30 01:49:49.548982,True,0.2458784558333333,Trade,,2018-06-30,30742.415448183056,0.2458784558333333,True,11.30950815586781,8.735672074474916,-0.33414078176880874,-0.1564484217982537,0.0,0.0,0.0,0.21984086812190973
XBTUSD,2018-06-30 01:49:49.548982,long,500001,2018-06-30 02:13:02.350177,True,0.3868892208333333,Trade,,2018-06-30,30742.169569727223,0.3868892208333333,True,11.30950815586781,8.735672074474916,-0.33414078176880874,-0.1564484217982537,0.0,0.0,0.0,0.3270632685202595
XBTUSD,2018-06-30 02:13:02.350177,short,99999,2018-06-30 02:15:56.446593,True,0.0483601155555555,Trade,,2018-06-30,30741.78268050639,0.0483601155555555,True,11.30950815586781,8.735672074474916,-0.33414078176880874,-0.1564484217982537,0.0,0.0,0.0,0.0472271485877468
XBTUSD,2018-06-30 02:15:56.446593,long,200001,2018-06-30 03:29:14.987174,True,1.2218168280555557,Trade,,2018-06-30,30741.73432039083,1.2218168280555557,True,11.30950815586781,8.735672074474916,-0.33414078176880874,-0.1564484217982537,0.0,0.0,0.0,0.7983252522008741
XBTUSD,2018-06-30 03:29:14.987174,short,199999,2018-06-30 03:47:31.235480,True,0.3045134183333333,Trade,,2018-06-30,30740.512503562775,0.3045134183333333,True,11.30950815586781,8.735672074474916,-0.33414078176880874,-0.1564484217982537,0.0,0.0,0.0,0.2658301117305771
XBTUSD,2018-06-30 03:47:31.235480,long,1,2018-06-30 03:54:02.044006,True,0.1085579238888888,Trade,,2018-06-30,30740.207990144445,0.1085579238888888,True,11.30950815586781,8.735672074474916,-0.33414078176880874,-0.1564484217982537,0.0,0.0,0.0,0.10306000300662013
XBTUSD,2018-06-30 03:54:02.044006,short,199999,2018-06-30 14:22:00.033799,True,10.466108275833331,Trade,,2018-06-30,30740.099432220555,10.466108275833331,True,11.30950815586781,8.735672074474916,-0.33414078176880874,-0.1564484217982537,0.0,0.0,0.0,2.4393955776505116
XBTUSD,2018-06-30 14:22:00.033799,long,200001,2018-07-02 04:35:31.308632,True,38.22535412027778,Trade,,2018-06-30,30729.633323944723,38.22535412027778,True,11.30950815586781,8.735672074474916,-0.33414078176880874,-0.1564484217982537,0.0,0.0,0.0,3.6693233265012966
XBTUSD,2018-07-02 04:35:31.308632,short,199999,2018-07-02 04:41:36.264414,True,0.1013766061111111,Trade,,2018-07-02,30691.407969824446,0.1013766061111111,True,11.445441997094896,8.758004157001064,-0.32909269056122986,-0.1540503328653483,0.0,0.0,0.0,0.09656085748185589
XBTUSD,2018-07-02 04:41:36.264414,long,100001,2018-07-02 19:19:24.447723,True,14.630050919166669,Trade,,2018-07-02,30691.306593218334,14.630050919166669,True,11.445441997094896,8.758004157001064,-0.32909269056122986,-0.1540503328653483,0.0,0.0,0.0,2.7491954022122544
XBTUSD,2018-07-02 19:19:24.447723,short,99999,2018-07-02 19:23:51.151207,True,0.0740843011111111,Trade,,2018-07-02,30676.676542299167,0.0740843011111111,True,11.445441997094896,8.758004157001064,-0.32909269056122986,-0.1540503328653483,0.0,0.0,0.0,0.07146848566095154
XBTUSD,2018-07-02 19:23:51.151207,long,1,2018-07-03 04:32:46.628855,True,9.14874379111111,Trade,,2018-07-02,30676.602457998055,9.14874379111111,True,11.445441997094896,8.758004157001064,-0.32909269056122986,-0.1540503328653483,0.0,0.0,0.0,2.3173499334057976
XBTUSD,2018-07-03 04:32:46.628855,short,383649,2018-07-03 10:10:49.529224,True,5.634138991388888,Trade,,2018-07-03,30667.453714206942,5.634138991388888,True,11.609838786478624,8.796091876190264,-0.31183709503592283,-0.1347414819389371,0.0,0.0,0.0,1.8922288916754302
XBTUSD,2018-07-03 10:10:49.529224,long,200001,2018-07-03 10:21:50.017272,True,0.1834689022222222,Trade,,2018-07-03,30661.81957521556,0.1834689022222222,True,11.609838786478624,8.796091876190264,-0.31183709503592283,-0.1347414819389371,0.0,0.0,0.0,0.16844987351533267
XBTUSD,2018-07-03 10:21:50.017272,short,199999,2018-07-03 10:25:32.523109,True,0.0618071769444444,Trade,,2018-07-03,30661.636106313334,0.0618071769444444,True,11.609838786478624,8.796091876190264,-0.31183709503592283,-0.1347414819389371,0.0,0.0,0.0,0.05997234036896846
XBTUSD,2018-07-03 10:25:32.523109,long,400001,2018-07-03 11:33:26.892045,True,1.1317691488888888,Trade,,2018-07-03,30661.574299136388,1.1317691488888888,True,11.609838786478624,8.796091876190264,-0.31183709503592283,-0.1347414819389371,0.0,0.0,0.0,0.7569522213081983
XBTUSD,2018-07-03 11:33:26.892045,short,199999,2018-07-03 11:42:18.586673,True,0.1476929522222222,Trade,,2018-07-03,30660.442529987497,0.1476929522222222,True,11.609838786478624,8.796091876190264,-0.31183709503592283,-0.1347414819389371,0.0,0.0,0.0,0.1377537989016475
XBTUSD,2018-07-03 11:42:18.586673,long,600001,2018-07-04 08:09:32.398675,True,20.453836667222223,Trade,,2018-07-03,30660.294837035275,20.453836667222223,True,11.609838786478624,8.796091876190264,-0.31183709503592283,-0.1347414819389371,0.0,0.0,0.0,3.0659034949842465
XBTUSD,2018-07-04 08:09:32.398675,short,399999,2018-07-04 08:32:31.839213,True,0.3831779272222222,Trade,,2018-07-04,30639.84100036806,0.3831779272222222,True,11.634992029337665,8.779297092630111,-0.3124690377022374,-0.1563003621053967,0.0,0.0,0.0,0.32438369749662
XBTUSD,2018-07-04 08:32:31.839213,long,200001,2018-07-04 08:47:28.392956,True,0.2490427063888889,Trade,,2018-07-04,30639.457822440832,0.2490427063888889,True,11.634992029337665,8.779297092630111,-0.3124690377022374,-0.1563003621053967,0.0,0.0,0.0,0.22237742302397479
XBTUSD,2018-07-04 08:47:28.392956,short,199999,2018-07-04 09:07:05.990295,True,0.3271103719444444,Trade,,2018-07-04,30639.208779734443,0.3271103719444444,True,11.634992029337665,8.779297092630111,-0.3124690377022374,-0.1563003621053967,0.0,0.0,0.0,0.28300392592630175
XBTUSD,2018-07-04 09:07:05.990295,long,1,2018-07-04 09:45:58.562054,True,0.6479365997222222,Trade,,2018-07-04,30638.8816693625,0.6479365997222222,True,11.634992029337665,8.779297092630111,-0.3124690377022374,-0.1563003621053967,0.0,0.0,0.0,0.49952395970490954
XBTUSD,2018-07-04 09:45:58.562054,short,199999,2018-07-04 14:44:14.162015,True,4.970999989166667,Trade,,2018-07-04,30638.23373276278,4.970999989166667,True,11.634992029337665,8.779297092630111,-0.3124690377022374,-0.1563003621053967,0.0,0.0,0.0,1.7869144157505306
XBTUSD,2018-07-04 14:44:14.162015,long,1,2018-07-04 18:32:48.332167,True,3.809491708888889,Trade,,2018-07-04,30633.262732773608,3.809491708888889,True,11.634992029337665,8.779297092630111,-0.3124690377022374,-0.1563003621053967,0.0,0.0,0.0,1.5705914047061236
XBTUSD,2018-07-04 18:32:48.332167,short,199999,2018-07-04 22:37:05.278501,True,4.0713739816666665,Trade,,2018-07-04,30629.453241064723,4.0713739816666665,True,11.634992029337665,8.779297092630111,-0.3124690377022374,-0.1563003621053967,0.0,0.0,0.0,1.6236117831897188
XBTUSD,2018-07-04 22:37:05.278501,long,400001,2018-07-04 23:01:38.358939,True,0.4091890105555555,Trade,,2018-07-04,30625.381867083055,0.4091890105555555,True,11.634992029337665,8.779297092630111,-0.3124690377022374,-0.1563003621053967,0.0,0.0,0.0,0.3430143690977084
XBTUSD,2018-07-04 23:01:38.358939,short,199999,2018-07-04 23:14:29.555112,True,0.2142211591666666,Trade,,2018-07-04,30624.9726780725,0.2142211591666666,True,11.634992029337665,8.779297092630111,-0.3124690377022374,-0.1563003621053967,0.0,0.0,0.0,0.19410284998853725
XBTUSD,2018-07-04 23:14:29.555112,long,200001,2018-07-05 00:38:24.365647,True,1.3985584819444443,Trade,,2018-07-04,30624.758456913332,1.3985584819444443,True,11.634992029337665,8.779297092630111,-0.3124690377022374,-0.1563003621053967,0.0,0.0,0.0,0.8748679243787773
XBTUSD,2018-07-05 00:38:24.365647,short,199999,2018-07-05 00:39:27.080892,True,0.0174209013888888,Trade,,2018-07-05,30623.359898431387,0.0174209013888888,True,11.686472968351131,8.791688708607781,-0.3153606639866136,-0.121191645854837,0.0,0.0,0.0,0.01727089712010481
XBTUSD,2018-07-05 00:39:27.080892,long,1,2018-07-05 01:48:22.274721,True,1.1486649525,Trade,,2018-07-05,30623.34247753,1.1486649525,True,11.686472968351131,8.791688708607781,-0.3153606639866136,-0.121191645854837,0.0,0.0,0.0,0.7648466969432481
XBTUSD,2018-07-05 01:48:22.274721,short,199999,2018-07-05 01:48:39.560449,True,0.0048015911111111,Trade,,2018-07-05,30622.1938125775,0.0048015911111111,True,11.686472968351131,8.791688708607781,-0.3153606639866136,-0.121191645854837,0.0,0.0,0.0,0.00479010024080527
XBTUSD,2018-07-05 01:48:39.560449,long,200001,2018-07-07 23:26:47.758365,True,69.63561053222223,Trade,,2018-07-05,30622.18901098639,69.63561053222223,True,11.686472968351131,8.791688708607781,-0.3153606639866136,-0.121191645854837,0.0,0.0,0.0,4.2575344158064485
XBTUSD,2018-07-07 23:26:47.758365,short,399999,2018-07-07 23:28:23.236852,True,0.0265218019444444,Trade,,2018-07-07,30552.553400454166,0.0265218019444444,True,11.699211397059017,8.794591430430378,-0.3193362630916372,-0.1375437913497892,0.0,0.0,0.0,0.02617619635938482
XBTUSD,2018-07-07 23:28:23.236852,long,400001,2018-07-09 22:10:39.609769,True,46.7045480325,Trade,,2018-07-07,30552.52687865222,46.7045480325,True,11.699211397059017,8.794591430430378,-0.3193362630916372,-0.1375437913497892,0.0,0.0,0.0,3.8650267399423894
XBTUSD,2018-07-09 22:10:39.609769,short,399999,2018-07-09 22:12:53.811524,True,0.0372782652777777,Trade,,2018-07-09,30505.82233061972,0.0372782652777777,True,11.749333095335798,8.81059686128641,-0.312161158934548,-0.1203896399593018,0.0,0.0,0.0,0.036600230067106665
XBTUSD,2018-07-09 22:12:53.811524,long,433635,2018-07-13 00:25:58.403489,True,74.2179422125,Trade,,2018-07-09,30505.785052354444,74.2179422125,True,11.749333095335798,8.81059686128641,-0.312161158934548,-0.1203896399593018,0.0,0.0,0.0,4.320389795748281
XBTUSD,2018-07-13 00:25:58.403489,short,199999,2018-07-13 01:26:41.162604,True,1.0118775319444444,Trade,,2018-07-13,30431.567110141947,1.0118775319444444,True,11.452352718469795,8.725745474242535,-0.45768186861288707,-0.0562662634721217,0.0,0.0,0.0,0.6990683815700228
XBTUSD,2018-07-13 01:26:41.162604,long,1,2018-07-13 02:43:20.355646,True,1.2775536227777775,Trade,,2018-07-13,30430.55523261,1.2775536227777775,True,11.452352718469795,8.725745474242535,-0.45768186861288707,-0.0562662634721217,0.0,0.0,0.0,0.8231018944534141
XBTUSD,2018-07-13 02:43:20.355646,short,45857,2018-07-13 06:36:53.676683,True,3.892589176944445,Trade,,2018-07-13,30429.277678987222,3.892589176944445,True,11.452352718469795,8.725745474242535,-0.45768186861288707,-0.0562662634721217,0.0,0.0,0.0,1.5877216473972875
XBTUSD,2018-07-13 06:36:53.676683,long,1,2018-07-13 18:21:49.722172,True,11.74890152472222,Trade,,2018-07-13,30425.38508981028,11.74890152472222,True,11.452352718469795,8.725745474242535,-0.45768186861288707,-0.0562662634721217,0.0,0.0,0.0,2.545445112969139
XBTUSD,2018-07-13 18:21:49.722172,short,199999,2018-07-13 18:22:43.844371,True,0.0150339441666666,Trade,,2018-07-13,30413.636188285553,0.0150339441666666,True,11.452352718469795,8.725745474242535,-0.45768186861288707,-0.0562662634721217,0.0,0.0,0.0,0.014922054463297325
XBTUSD,2018-07-13 18:22:43.844371,long,600001,2018-07-13 21:49:31.026813,True,3.446439567222222,Trade,,2018-07-13,30413.62115434139,3.446439567222222,True,11.452352718469795,8.725745474242535,-0.45768186861288707,-0.0562662634721217,0.0,0.0,0.0,1.4921036786760766
XBTUSD,2018-07-13 21:49:31.026813,short,199999,2018-07-13 21:49:47.705153,True,0.0046328722222222,Trade,,2018-07-13,30410.174714774166,0.0046328722222222,True,11.452352718469795,8.725745474242535,-0.45768186861288707,-0.0562662634721217,0.0,0.0,0.0,0.004622173500855262
XBTUSD,2018-07-13 21:49:47.705153,long,1,2018-07-14 16:05:15.828815,True,18.25781212833333,Trade,,2018-07-13,30410.170081901942,18.25781212833333,True,11.452352718469795,8.725745474242535,-0.45768186861288707,-0.0562662634721217,0.0,0.0,0.0,2.957916803257646
XBTUSD,2018-07-14 16:05:15.828815,short,199999,2018-07-14 18:16:08.593269,True,2.1813234594444446,Trade,,2018-07-14,30391.912269773613,2.1813234594444446,True,11.591667199864377,8.733752807620494,-0.4738138572766804,-0.0154645829706655,0.0,0.0,0.0,1.1572972924275227
XBTUSD,2018-07-14 18:16:08.593269,long,200001,2018-07-14 19:14:23.641252,True,0.9708466619444444,Trade,,2018-07-14,30389.730946314165,0.9708466619444444,True,11.591667199864377,8.733752807620494,-0.4738138572766804,-0.0154645829706655,0.0,0.0,0.0,0.6784632280587151
XBTUSD,2018-07-14 19:14:23.641252,short,199999,2018-07-14 20:45:16.612532,True,1.5147142444444444,Trade,,2018-07-14,30388.760099652223,1.5147142444444444,True,11.591667199864377,8.733752807620494,-0.4738138572766804,-0.0154645829706655,0.0,0.0,0.0,0.9221591765971777
XBTUSD,2018-07-14 20:45:16.612532,long,1,2018-07-15 14:04:12.927324,True,17.315642997777775,Trade,,2018-07-14,30387.245385407776,17.315642997777775,True,11.591667199864377,8.733752807620494,-0.4738138572766804,-0.0154645829706655,0.0,0.0,0.0,2.9077555033282905
XBTUSD,2018-07-15 14:04:12.927324,short,199999,2018-07-16 09:21:36.334061,True,19.289835204722223,Trade,,2018-07-15,30369.92974241,19.289835204722223,True,11.648498288930496,8.741154404940364,-0.5169997995507335,-0.0565114081650536,0.0,0.0,0.0,3.010120031809778
XBTUSD,2018-07-16 09:21:36.334061,long,1,2018-07-16 12:32:20.777656,True,3.1790121097222226,Trade,,2018-07-16,30350.639907205277,3.1790121097222226,True,11.742191537999334,8.7558327409849,-0.5335840180455327,-0.0081363163607293,0.0,0.0,0.0,1.4300748812175557
XBTUSD,2018-07-16 12:32:20.777656,short,199999,2018-07-16 12:48:54.236065,True,0.2759606691666666,Trade,,2018-07-16,30347.460895095555,0.2759606691666666,True,11.742191537999334,8.7558327409849,-0.5335840180455327,-0.0081363163607293,0.0,0.0,0.0,0.24369936091044803
XBTUSD,2018-07-16 12:48:54.236065,long,1,2018-07-16 15:01:05.053097,True,2.203004731111111,Trade,,2018-07-16,30347.18493442639,2.203004731111111,True,11.742191537999334,8.7558327409849,-0.5335840180455327,-0.0081363163607293,0.0,0.0,0.0,1.164089347713383
XBTUSD,2018-07-16 15:01:05.053097,short,599999,2018-07-16 17:40:56.755976,True,2.6643619108333336,Trade,,2018-07-16,30344.98192969528,2.6643619108333336,True,11.742191537999334,8.7558327409849,-0.5335840180455327,-0.0081363163607293,0.0,0.0,0.0,1.2986542167247324
XBTUSD,2018-07-16 17:40:56.755976,long,1,2018-07-16 17:41:53.380092,True,0.0157289211111111,Trade,,2018-07-16,30342.31756778444,0.0157289211111111,True,11.742191537999334,8.7558327409849,-0.5335840180455327,-0.0081363163607293,0.0,0.0,0.0,0.015606503626179566
XBTUSD,2018-07-16 17:41:53.380092,short,399999,2018-07-16 19:03:28.379183,True,1.359721969722222,Trade,,2018-07-16,30342.301838863335,1.359721969722222,True,11.742191537999334,8.7558327409849,-0.5335840180455327,-0.0081363163607293,0.0,0.0,0.0,0.8585438026577051
XBTUSD,2018-07-16 19:03:28.379183,long,1,2018-07-16 19:59:30.299058,True,0.9338666319444444,Trade,,2018-07-16,30340.942116893613,0.9338666319444444,True,11.742191537999334,8.7558327409849,-0.5335840180455327,-0.0081363163607293,0.0,0.0,0.0,0.6595214349554679
XBTUSD,2018-07-16 19:59:30.299058,short,599999,2018-07-17 04:52:39.155073,True,8.8857933375,Trade,,2018-07-16,30340.008250261664,8.8857933375,True,11.742191537999334,8.7558327409849,-0.5335840180455327,-0.0081363163607293,0.0,0.0,0.0,2.2910987101042575
XBTUSD,2018-07-17 04:52:39.155073,long,1,2018-07-17 04:53:24.453611,True,0.0125829272222222,Trade,,2018-07-17,30331.122456924168,0.0125829272222222,True,11.83828230751553,8.81147455617832,-0.48410816884751556,0.033176546176769,0.0,0.0,0.0,0.012504420074009672
XBTUSD,2018-07-17 04:53:24.453611,short,199999,2018-07-17 05:06:27.906417,True,0.2176257794444444,Trade,,2018-07-17,30331.109873996946,0.2176257794444444,True,11.83828230751553,8.81147455617832,-0.48410816884751556,0.033176546176769,0.0,0.0,0.0,0.19690288024383118
XBTUSD,2018-07-17 05:06:27.906417,long,200001,2018-07-17 14:30:24.552122,True,9.39906825138889,Trade,,2018-07-17,30330.8922482175,9.39906825138889,True,11.83828230751553,8.81147455617832,-0.48410816884751556,0.033176546176769,0.0,0.0,0.0,2.341716210921188
XBTUSD,2018-07-17 14:30:24.552122,short,599999,2018-07-17 17:44:13.555348,True,3.230278673888889,Trade,,2018-07-17,30321.493179966114,3.230278673888889,True,11.83828230751553,8.81147455617832,-0.48410816884751556,0.033176546176769,0.0,0.0,0.0,1.4422678712401547
XBTUSD,2018-07-17 21:18:17.064174,short,750000,2018-07-17 21:58:21.395251,True,0.6678697436111111,Trade,,2018-07-17,30314.695259951666,0.6678697436111111,True,11.83828230751553,8.81147455617832,-0.48410816884751556,0.033176546176769,0.0,0.0,0.0,0.5115472095270208
XBTUSD,2018-07-17 22:07:38.571592,short,250000,2018-07-17 22:12:06.588111,True,0.0744490330555555,Trade,,2018-07-17,30313.87261900222,0.0744490330555555,True,11.83828230751553,8.81147455617832,-0.48410816884751556,0.033176546176769,0.0,0.0,0.0,0.07180800280238746
XBTUSD,2018-07-17 22:43:44.520452,long,1000000,2018-07-17 22:54:03.103936,True,0.1718287455555555,Trade,,2018-07-17,30313.270966541113,0.1718287455555555,True,11.83828230751553,8.81147455617832,-0.48410816884751556,0.033176546176769,0.0,0.0,0.0,0.15856555893840021
XBTUSD,2018-07-17 22:54:03.103936,short,603630,2018-07-18 01:24:44.670673,True,2.5115463158333333,Trade,,2018-07-17,30313.099137795554,2.5115463158333333,True,11.83828230751553,8.81147455617832,-0.48410816884751556,0.033176546176769,0.0,0.0,0.0,1.2560564862874175
XBTUSD,2018-07-18 01:24:44.670673,long,8905,2018-07-18 02:52:05.612057,True,1.455817051111111,Trade,,2018-07-18,30310.58759147972,1.455817051111111,True,11.681107084229904,8.898446864293021,-0.3795377551254742,0.1348538403341492,0.0,0.0,0.0,0.8984595169203957
XBTUSD,2018-07-18 02:52:05.612057,short,241095,2018-07-18 02:53:00.917127,True,0.0153625194444444,Trade,,2018-07-18,30309.13177442861,0.0153625194444444,True,11.681107084229904,8.898446864293021,-0.3795377551254742,0.1348538403341492,0.0,0.0,0.0,0.015245710740812407
XBTUSD,2018-07-18 02:53:00.917127,long,8905,2018-07-18 03:03:35.145767,True,0.1761746222222222,Trade,,2018-07-18,30309.116411909166,0.1761746222222222,True,11.681107084229904,8.898446864293021,-0.3795377551254742,0.1348538403341492,0.0,0.0,0.0,0.16226732673734365
XBTUSD,2018-07-18 03:03:35.145767,short,991095,2018-07-18 03:40:27.463477,True,0.6145326972222221,Trade,,2018-07-18,30308.940237286944,0.6145326972222221,True,11.681107084229904,8.898446864293021,-0.3795377551254742,0.1348538403341492,0.0,0.0,0.0,0.47904556323919123
XBTUSD,2018-07-18 03:40:27.463477,long,258905,2018-07-18 04:40:13.088729,True,0.9960070144444444,Trade,,2018-07-18,30308.325704589723,0.9960070144444444,True,11.681107084229904,8.898446864293021,-0.3795377551254742,0.1348538403341492,0.0,0.0,0.0,0.6911486921338209
XBTUSD,2018-07-18 04:40:13.088729,short,251095,2018-07-18 08:14:06.446157,True,3.5648215077777774,Trade,,2018-07-18,30307.32969757528,3.5648215077777774,True,11.681107084229904,8.898446864293021,-0.3795377551254742,0.1348538403341492,0.0,0.0,0.0,1.518379413124292
XBTUSD,2018-07-18 08:14:06.446157,long,248905,2018-07-18 08:16:29.140993,True,0.0396374544444444,Trade,,2018-07-18,30303.7648760675,0.0396374544444444,True,11.681107084229904,8.898446864293021,-0.3795377551254742,0.1348538403341492,0.0,0.0,0.0,0.03887205088192862
XBTUSD,2018-07-18 08:16:29.140993,short,751095,2018-07-18 18:37:35.522496,True,10.35177263972222,Trade,,2018-07-18,30303.725238613057,10.35177263972222,True,11.681107084229904,8.898446864293021,-0.3795377551254742,0.1348538403341492,0.0,0.0,0.0,2.429373911443839
XBTUSD,2018-07-18 18:37:35.522496,long,213227,2018-07-18 18:38:13.895517,True,0.0106591725,Trade,,2018-07-18,30293.373465973335,0.0106591725,True,11.681107084229904,8.898446864293021,-0.3795377551254742,0.1348538403341492,0.0,0.0,0.0,0.010602764011964378
XBTUSD,2018-07-18 18:38:13.895517,short,36773,2018-07-18 18:47:34.053339,True,0.155599395,Trade,,2018-07-18,30293.362806800833,0.155599395,True,11.681107084229904,8.898446864293021,-0.3795377551254742,0.1348538403341492,0.0,0.0,0.0,0.14461916607224984
XBTUSD,2018-07-18 18:47:34.053339,long,463227,2018-07-18 18:48:43.519011,True,0.01929602,Trade,,2018-07-18,30293.20720740583,0.01929602,True,11.681107084229904,8.898446864293021,-0.3795377551254742,0.1348538403341492,0.0,0.0,0.0,0.019112212544167402
XBTUSD,2018-07-18 18:48:43.519011,short,36773,2018-07-18 19:08:49.911314,True,0.3351089730555556,Trade,,2018-07-18,30293.18791138583,0.3351089730555556,True,11.681107084229904,8.898446864293021,-0.3795377551254742,0.1348538403341492,0.0,0.0,0.0,0.2890129162778193
XBTUSD,2018-07-18 19:08:49.911314,long,714427,2018-07-18 19:20:52.892138,True,0.2008280066666666,Trade,,2018-07-18,30292.852802412777,0.2008280066666666,True,11.681107084229904,8.898446864293021,-0.3795377551254742,0.1348538403341492,0.0,0.0,0.0,0.18301132440512577
XBTUSD,2018-07-18 19:20:52.892138,short,35573,2018-07-18 19:32:36.841891,True,0.1955415980555555,Trade,,2018-07-18,30292.65197440611,0.1955415980555555,True,11.681107084229904,8.898446864293021,-0.3795377551254742,0.1348538403341492,0.0,0.0,0.0,0.17859930284042397
XBTUSD,2018-07-18 19:32:36.841891,long,214427,2018-07-18 19:37:55.490354,True,0.0885134619444444,Trade,,2018-07-18,30292.456432808052,0.0885134619444444,True,11.681107084229904,8.898446864293021,-0.3795377551254742,0.1348538403341492,0.0,0.0,0.0,0.08481296904313139
XBTUSD,2018-07-18 19:37:55.490354,short,35573,2018-07-18 19:44:33.883740,True,0.1106648294444444,Trade,,2018-07-18,30292.36791934611,0.1106648294444444,True,11.681107084229904,8.898446864293021,-0.3795377551254742,0.1348538403341492,0.0,0.0,0.0,0.10495878147345375
XBTUSD,2018-07-18 19:44:33.883740,long,1038845,2018-07-18 21:09:47.581280,True,1.4204715388888889,Trade,,2018-07-18,30292.25725451667,1.4204715388888889,True,11.681107084229904,8.898446864293021,-0.3795377551254742,0.1348538403341492,0.0,0.0,0.0,0.8839623719681798
XBTUSD,2018-07-18 21:09:47.581280,short,2888,2018-07-18 22:12:25.290570,True,1.0438081361111111,Trade,,2018-07-18,30290.836782977778,1.0438081361111111,True,11.681107084229904,8.898446864293021,-0.3795377551254742,0.1348538403341492,0.0,0.0,0.0,0.714814801062454
XBTUSD,2018-07-18 22:12:25.290570,long,497112,2018-07-18 22:38:23.548595,True,0.4328494513888889,Trade,,2018-07-18,30289.792974841665,0.4328494513888889,True,11.681107084229904,8.898446864293021,-0.3795377551254742,0.1348538403341492,0.0,0.0,0.0,0.35966508498011773
XBTUSD,2018-07-18 22:38:23.548595,short,502888,2018-07-18 22:51:32.759651,True,0.2192252933333333,Trade,,2018-07-18,30289.360125390278,0.2192252933333333,True,11.681107084229904,8.898446864293021,-0.3795377551254742,0.1348538403341492,0.0,0.0,0.0,0.19821565157932217
XBTUSD,2018-07-18 22:51:32.759651,long,6176,2018-07-18 23:02:16.743596,True,0.1788844291666666,Trade,,2018-07-18,30289.140900096943,0.1788844291666666,True,11.681107084229904,8.898446864293021,-0.3795377551254742,0.1348538403341492,0.0,0.0,0.0,0.1645685922947694
XBTUSD,2018-07-18 23:02:16.743596,short,257234,2018-07-19 00:42:26.406830,True,1.6693508983333332,Trade,,2018-07-18,30288.962015667777,1.6693508983333332,True,11.681107084229904,8.898446864293021,-0.3795377551254742,0.1348538403341492,0.0,0.0,0.0,0.9818353336178649
XBTUSD,2018-07-19 00:42:26.406830,long,127681,2018-07-19 00:57:20.217522,True,0.2482807477777777,Trade,,2018-07-19,30287.292664769444,0.2482807477777777,True,11.901244824987376,8.90599196306393,-0.39587263685338453,0.1002751405361672,0.0,0.0,0.0,0.2217672028032148
XBTUSD,2018-07-19 00:57:20.217522,short,2319,2018-07-19 01:22:59.234106,True,0.4275046066666667,Trade,,2018-07-19,30287.04438402167,0.4275046066666667,True,11.901244824987376,8.90599196306393,-0.39587263685338453,0.1002751405361672,0.0,0.0,0.0,0.3559278896298031
XBTUSD,2018-07-19 01:22:59.234106,long,247681,2018-07-19 01:26:58.653304,True,0.0665053327777777,Trade,,2018-07-19,30286.616879415,0.0665053327777777,True,11.901244824987376,8.90599196306393,-0.39587263685338453,0.1002751405361672,0.0,0.0,0.0,0.06438725917722425
XBTUSD,2018-07-19 01:26:58.653304,short,1004546,2018-07-20 06:40:55.649695,True,29.2324989975,Trade,,2018-07-19,30286.550374082224,29.2324989975,True,11.901244824987376,8.90599196306393,-0.39587263685338453,0.1002751405361672,0.0,0.0,0.0,3.4089174715176136
XBTUSD,2018-07-20 06:40:55.649695,long,246845,2018-07-20 06:43:10.861051,True,0.0375587099999999,Trade,,2018-07-20,30257.317875084726,0.0375587099999999,True,11.959635228949296,8.918253184311787,-0.3947756078320128,0.1091013037954404,0.0,0.0,0.0,0.0368705594734857
XBTUSD,2018-07-20 06:43:10.861051,short,253155,2018-07-20 12:29:13.415165,True,5.767376142777778,Trade,,2018-07-20,30257.280316374723,5.767376142777778,True,11.959635228949296,8.918253184311787,-0.3947756078320128,0.1091013037954404,0.0,0.0,0.0,1.9121134405697637
XBTUSD,2018-07-20 12:29:13.415165,long,520363,2018-07-20 17:05:15.826496,True,4.600669814166666,Trade,,2018-07-20,30251.512940231944,4.600669814166666,True,11.959635228949296,8.918253184311787,-0.3947756078320128,0.1091013037954404,0.0,0.0,0.0,1.722886200261056
XBTUSD,2018-07-20 17:05:15.826496,short,45807,2018-07-20 17:06:22.798610,True,0.018603365,Trade,,2018-07-20,30246.912270417775,0.018603365,True,11.959635228949296,8.918253184311787,-0.3947756078320128,0.1091013037954404,0.0,0.0,0.0,0.018432439016807977
XBTUSD,2018-07-20 17:06:22.798610,long,204193,2018-07-20 17:06:49.040372,True,0.0072893783333333,Trade,,2018-07-20,30246.893667052776,0.0072893783333333,True,11.959635228949296,8.918253184311787,-0.3947756078320128,0.1091013037954404,0.0,0.0,0.0,0.007262939220476161
XBTUSD,2018-07-20 17:06:49.040372,short,45807,2018-07-20 19:30:57.716285,True,2.4024099758333333,Trade,,2018-07-20,30246.886377674444,2.4024099758333333,True,11.959635228949296,8.918253184311787,-0.3947756078320128,0.1091013037954404,0.0,0.0,0.0,1.2244839969519694
XBTUSD,2018-07-20 19:30:57.716285,long,204193,2018-07-20 22:38:22.782393,True,3.123629474444445,Trade,,2018-07-20,30244.48396769861,3.123629474444445,True,11.959635228949296,8.918253184311787,-0.3947756078320128,0.1091013037954404,0.0,0.0,0.0,1.4167337159603146
XBTUSD,2018-07-20 22:38:22.782393,short,45807,2018-07-20 22:44:09.700233,True,0.0963660666666666,Trade,,2018-07-20,30241.360338224167,0.0963660666666666,True,11.959635228949296,8.918253184311787,-0.3947756078320128,0.1091013037954404,0.0,0.0,0.0,0.09200113519251817
XBTUSD,2018-07-20 22:44:09.700233,long,500001,2018-07-21 05:45:58.504221,True,7.03022333,Trade,,2018-07-20,30241.2639721575,7.03022333,True,11.959635228949296,8.918253184311787,-0.3947756078320128,0.1091013037954404,0.0,0.0,0.0,2.083212339527093
XBTUSD,2018-07-21 05:45:58.504221,short,2283,2018-07-22 00:03:04.718074,True,18.28505940361111,Trade,,2018-07-21,30234.233748827497,18.28505940361111,True,11.77890979868055,8.899356466019926,-0.3881226413186228,0.0850040391040911,0.0,0.0,0.0,2.959330671956775
XBTUSD,2018-07-22 00:03:04.718074,long,247717,2018-07-22 00:16:46.815924,True,0.2283605138888889,Trade,,2018-07-22,30215.94868942389,0.2283605138888889,True,11.86030105833248,8.91066204741443,-0.3880222843009736,0.1027014961761549,0.0,0.0,0.0,0.20568036472475146
XBTUSD,2018-07-22 00:16:46.815924,short,252283,2018-07-22 21:20:25.725523,True,21.060808221944445,Trade,,2018-07-22,30215.72032891,21.060808221944445,True,11.86030105833248,8.91066204741443,-0.3880222843009736,0.1027014961761549,0.0,0.0,0.0,3.09380265059504
XBTUSD,2018-07-22 21:20:25.725523,long,1049999,2018-07-23 02:20:39.447071,True,5.003811541111111,Trade,,2018-07-22,30194.659520688056,5.003811541111111,True,11.86030105833248,8.91066204741443,-0.3880222843009736,0.1027014961761549,0.0,0.0,0.0,1.7923945243896853
XBTUSD,2018-07-23 02:20:39.447071,short,249999,2018-07-23 02:28:08.356335,True,0.1246970177777777,Trade,,2018-07-23,30189.655709146944,0.1246970177777777,True,11.871103019152919,8.909165512830485,-0.5812859467689149,0.2211223885847355,0.0,0.0,0.0,0.11751368185304027
XBTUSD,2018-07-23 02:28:08.356335,long,1,2018-07-23 02:32:42.434983,True,0.0761329577777777,Trade,,2018-07-23,30189.531012129166,0.0761329577777777,True,11.871103019152919,8.909165512830485,-0.5812859467689149,0.2211223885847355,0.0,0.0,0.0,0.07337402081382771
XBTUSD,2018-07-23 02:32:42.434983,short,499999,2018-07-23 08:36:12.641963,True,6.058390827777777,Trade,,2018-07-23,30189.45487917139,6.058390827777777,True,11.871103019152919,8.909165512830485,-0.5812859467689149,0.2211223885847355,0.0,0.0,0.0,1.9542170974487967
XBTUSD,2018-07-23 08:36:12.641963,long,150570,2018-07-23 20:31:03.473503,True,11.914119872222225,Trade,,2018-07-23,30183.39648834361,11.914119872222225,True,11.871103019152919,8.909165512830485,-0.5812859467689149,0.2211223885847355,0.0,0.0,0.0,2.5583212765076575
XBTUSD,2018-07-23 20:31:03.473503,short,255970,2018-07-24 04:36:01.917139,True,8.08290101,Trade,,2018-07-23,30171.482368471392,8.08290101,True,11.871103019152919,8.909165512830485,-0.5812859467689149,0.2211223885847355,0.0,0.0,0.0,2.2063936360790968
XBTUSD,2018-07-24 04:36:01.917139,long,144030,2018-07-24 04:36:31.969581,True,0.0083479005555555,Trade,,2018-07-24,30163.39946746139,0.0083479005555555,True,11.792032398019678,8.951071932058323,-0.5600385486577663,0.2497370363737681,0.0,0.0,0.0,0.008313249542296489
XBTUSD,2018-07-24 04:36:31.969581,short,1575428,2018-07-24 14:22:24.305349,True,9.764537713333333,Trade,,2018-07-24,30163.391119560834,9.764537713333333,True,11.792032398019678,8.951071932058323,-0.5600385486577663,0.2497370363737681,0.0,0.0,0.0,2.376257186404524
XBTUSD,2018-07-24 14:22:24.305349,long,30406,2018-07-24 17:34:35.984553,True,3.2032442233333334,Trade,,2018-07-24,30153.626581847497,3.2032442233333334,True,11.792032398019678,8.951071932058323,-0.5600385486577663,0.2497370363737681,0.0,0.0,0.0,1.4358566612426031
XBTUSD,2018-07-24 17:34:35.984553,short,533805,2018-07-24 22:24:02.152661,True,4.823935585555556,Trade,,2018-07-24,30150.42333762417,4.823935585555556,True,11.792032398019678,8.951071932058323,-0.5600385486577663,0.2497370363737681,0.0,0.0,0.0,1.7619762506607544
XBTUSD,2018-07-24 22:24:02.152661,long,216195,2018-07-24 22:24:14.568884,True,0.0034489508333333,Trade,,2018-07-24,30145.599402038613,0.0034489508333333,True,11.792032398019678,8.951071932058323,-0.5600385486577663,0.2497370363737681,0.0,0.0,0.0,0.003443016842522026
XBTUSD,2018-07-24 22:24:14.568884,short,970039,2018-07-25 10:07:59.499612,True,11.729147424444443,Trade,,2018-07-24,30145.595953087777,11.729147424444443,True,11.792032398019678,8.951071932058323,-0.5600385486577663,0.2497370363737681,0.0,0.0,0.0,2.543894436598623
XBTUSD,2018-07-25 10:07:59.499612,long,1001105,2018-07-25 16:31:32.263012,True,6.392434277777777,Trade,,2018-07-25,30133.866805663332,6.392434277777777,True,11.924410636619912,9.035703197141865,-0.46299248144275046,0.3662464844263871,0.0,0.0,0.0,2.0004570823130616
XBTUSD,2018-07-25 16:31:32.263012,short,230150,2018-07-25 17:06:40.636808,True,0.5856593877777777,Trade,,2018-07-25,30127.474371385553,0.5856593877777777,True,11.924410636619912,9.035703197141865,-0.46299248144275046,0.3662464844263871,0.0,0.0,0.0,0.46100033834335763
XBTUSD,2018-07-25 17:06:40.636808,long,269850,2018-07-25 21:34:55.807295,True,4.470880690833333,Trade,,2018-07-25,30126.88871199778,4.470880690833333,True,11.924410636619912,9.035703197141865,-0.46299248144275046,0.3662464844263871,0.0,0.0,0.0,1.6994396072828208
XBTUSD,2018-07-25 21:34:55.807295,short,230150,2018-07-25 21:46:22.036150,True,0.1906191263888888,Trade,,2018-07-25,30122.417831306946,0.1906191263888888,True,11.924410636619912,9.035703197141865,-0.46299248144275046,0.3662464844263871,0.0,0.0,0.0,0.17447344610407908
XBTUSD,2018-07-25 21:46:22.036150,long,369850,2018-07-25 21:48:39.781828,True,0.0382626883333333,Trade,,2018-07-25,30122.227212180558,0.0382626883333333,True,11.924410636619912,9.035703197141865,-0.46299248144275046,0.3662464844263871,0.0,0.0,0.0,0.037548824338552604
XBTUSD,2018-07-25 21:48:39.781828,short,230150,2018-07-25 23:32:43.006421,True,1.7342290536111111,Trade,,2018-07-25,30122.18894949222,1.7342290536111111,True,11.924410636619912,9.035703197141865,-0.46299248144275046,0.3662464844263871,0.0,0.0,0.0,1.0058495144599982
XBTUSD,2018-07-25 23:32:43.006421,long,189850,2018-07-25 23:33:13.610938,True,0.0085012547222222,Trade,,2018-07-25,30120.45472043861,0.0085012547222222,True,11.924410636619912,9.035703197141865,-0.46299248144275046,0.3662464844263871,0.0,0.0,0.0,0.00846532255832839
XBTUSD,2018-07-25 23:33:13.610938,short,250150,2018-07-25 23:57:31.080590,True,0.4048526811111111,Trade,,2018-07-25,30120.44621918389,0.4048526811111111,True,11.924410636619912,9.035703197141865,-0.46299248144275046,0.3662464844263871,0.0,0.0,0.0,0.3399324439865171
XBTUSD,2018-07-25 23:57:31.080590,long,227927,2018-07-26 00:02:03.370664,True,0.0756361316666666,Trade,,2018-07-25,30120.04136650278,0.0756361316666666,True,11.924410636619912,9.035703197141865,-0.46299248144275046,0.3662464844263871,0.0,0.0,0.0,0.07291223695200251
XBTUSD,2018-07-26 00:02:03.370664,short,753650,2018-07-26 21:50:33.469599,True,21.80836081527778,Trade,,2018-07-26,30119.96573037111,21.80836081527778,True,12.146229862836188,9.012221133768135,-0.44628690243318786,0.3137941592445239,0.0,0.0,0.0,3.1271271711659576
XBTUSD,2018-07-26 21:50:33.469599,long,982333,2018-07-26 21:57:24.422473,True,0.1141535761111111,Trade,,2018-07-26,30098.157369555836,0.1141535761111111,True,12.146229862836188,9.012221133768135,-0.44628690243318786,0.3137941592445239,0.0,0.0,0.0,0.10809499206710098
XBTUSD,2018-07-26 21:57:24.422473,short,17667,2018-07-26 21:57:50.678326,True,0.0072932925,Trade,,2018-07-26,30098.043215979724,0.0072932925,True,12.146229862836188,9.012221133768135,-0.44628690243318786,0.3137941592445239,0.0,0.0,0.0,0.007266825054225625
XBTUSD,2018-07-26 21:57:50.678326,long,232333,2018-07-26 22:00:11.180973,True,0.0390285130555555,Trade,,2018-07-26,30098.035922687224,0.0390285130555555,True,12.146229862836188,9.012221133768135,-0.44628690243318786,0.3137941592445239,0.0,0.0,0.0,0.03828615452741162
XBTUSD,2018-07-26 22:00:11.180973,short,17667,2018-07-26 22:00:53.258430,True,0.0116881825,Trade,,2018-07-26,30097.996894174168,0.0116881825,True,12.146229862836188,9.012221133768135,-0.44628690243318786,0.3137941592445239,0.0,0.0,0.0,0.011620403327246776
XBTUSD,2018-07-26 22:00:53.258430,long,31601,2018-07-26 22:01:58.269925,True,0.0180587486111111,Trade,,2018-07-26,30097.985205991667,0.0180587486111111,True,12.146229862836188,9.012221133768135,-0.44628690243318786,0.3137941592445239,0.0,0.0,0.0,0.017897626297279937
XBTUSD,2018-07-26 22:01:58.269925,short,223894,2018-07-26 22:03:41.744623,True,0.0287429716666666,Trade,,2018-07-26,30097.967147243056,0.0287429716666666,True,12.146229862836188,9.012221133768135,-0.44628690243318786,0.3137941592445239,0.0,0.0,0.0,0.02833764107004944
XBTUSD,2018-07-26 22:03:41.744623,long,526106,2018-07-26 22:21:46.880568,True,0.3014266513888889,Trade,,2018-07-26,30097.938404271386,0.3014266513888889,True,12.146229862836188,9.012221133768135,-0.44628690243318786,0.3137941592445239,0.0,0.0,0.0,0.26346108688310776
XBTUSD,2018-07-26 22:21:46.880568,short,223894,2018-07-26 22:22:38.977226,True,0.0144712938888888,Trade,,2018-07-26,30097.63697762,0.0144712938888888,True,12.146229862836188,9.012221133768135,-0.44628690243318786,0.3137941592445239,0.0,0.0,0.0,0.014367584061701468
XBTUSD,2018-07-26 22:22:38.977226,long,2276106,2018-07-27 08:34:19.800343,True,10.194673088055556,Trade,,2018-07-26,30097.62250632611,10.194673088055556,True,12.146229862836188,9.012221133768135,-0.44628690243318786,0.3137941592445239,0.0,0.0,0.0,2.415438048021445
XBTUSD,2018-07-27 08:34:19.800343,short,508925,2018-07-27 10:12:43.857009,True,1.6400157405555558,Trade,,2018-07-27,30087.427833238053,1.6400157405555558,True,12.181611003621434,8.976379875154512,-0.4322528275145371,0.2981895694288092,0.0,0.0,0.0,0.9707848794721001
XBTUSD,2018-07-27 10:12:43.857009,long,241075,2018-07-27 10:26:16.360697,True,0.2256954688888889,Trade,,2018-07-27,30085.7878174975,0.2256954688888889,True,12.181611003621434,8.976379875154512,-0.4322528275145371,0.2981895694288092,0.0,0.0,0.0,0.20350841260436697
XBTUSD,2018-07-27 10:26:16.360697,short,8925,2018-07-27 12:49:50.056902,True,2.3926933902777776,Trade,,2018-07-27,30085.562122028612,2.3926933902777776,True,12.181611003621434,8.976379875154512,-0.4322528275145371,0.2981895694288092,0.0,0.0,0.0,1.221624116342468
XBTUSD,2018-07-27 12:49:50.056902,long,1389739,2018-07-27 13:12:04.684217,True,0.3707298097222222,Trade,,2018-07-27,30083.16942863833,0.3707298097222222,True,12.181611003621434,8.976379875154512,-0.4322528275145371,0.2981895694288092,0.0,0.0,0.0,0.315343305828029
XBTUSD,2018-07-27 13:12:04.684217,short,110261,2018-07-27 13:14:04.165032,True,0.0331891152777777,Trade,,2018-07-27,30082.79869882861,0.0331891152777777,True,12.181611003621434,8.976379875154512,-0.4322528275145371,0.2981895694288092,0.0,0.0,0.0,0.032650247222554794
XBTUSD,2018-07-27 13:14:04.165032,long,139739,2018-07-27 13:16:41.757562,True,0.0437757027777777,Trade,,2018-07-27,30082.765509713332,0.0437757027777777,True,12.181611003621434,8.976379875154512,-0.4322528275145371,0.2981895694288092,0.0,0.0,0.0,0.04284462229556254
XBTUSD,2018-07-27 13:16:41.757562,short,2716051,2018-07-27 23:40:44.644908,True,10.400802040555556,Trade,,2018-07-27,30082.721734010556,10.400802040555556,True,12.181611003621434,8.976379875154512,-0.4322528275145371,0.2981895694288092,0.0,0.0,0.0,2.4336837073603905
XBTUSD,2018-07-27 23:40:44.644908,long,283949,2018-07-28 00:02:53.716423,True,0.3691865319444444,Trade,,2018-07-27,30072.32093197,0.3691865319444444,True,12.181611003621434,8.976379875154512,-0.4322528275145371,0.2981895694288092,0.0,0.0,0.0,0.3142167911841219
XBTUSD,2018-07-28 00:02:53.716423,short,216051,2018-07-28 00:14:19.183352,True,0.1904074802777778,Trade,,2018-07-28,30071.951745438055,0.1904074802777778,True,12.238216813994548,9.008686089892626,-0.42434934481467895,0.3314093606964483,0.0,0.0,0.0,0.17429566891244597
XBTUSD,2018-07-28 00:14:19.183352,long,500001,2018-07-29 00:11:14.865330,True,23.94880054944444,Trade,,2018-07-28,30071.761337957778,23.94880054944444,True,12.238216813994548,9.008686089892626,-0.42434934481467895,0.3314093606964483,0.0,0.0,0.0,3.216825746871364
XBTUSD,2018-07-29 00:11:14.865330,short,249999,2018-07-29 00:12:07.900029,True,0.0147318608333333,Trade,,2018-07-29,30047.812537408336,0.0147318608333333,True,12.07603222204602,9.010713138846826,-0.47367907014521177,0.3979978218083653,0.0,0.0,0.0,0.014624401074103864
XBTUSD,2018-07-29 00:12:07.900029,long,1,2018-07-29 00:15:21.834553,True,0.0538707011111111,Trade,,2018-07-29,30047.7978055475,0.0538707011111111,True,12.07603222204602,9.010713138846826,-0.47367907014521177,0.3979978218083653,0.0,0.0,0.0,0.052469768126406115
XBTUSD,2018-07-29 00:15:21.834553,short,249999,2018-07-29 00:59:04.028222,True,0.7283871302777778,Trade,,2018-07-29,30047.74393484639,0.7283871302777778,True,12.07603222204602,9.010713138846826,-0.47367907014521177,0.3979978218083653,0.0,0.0,0.0,0.5471886790156222
XBTUSD,2018-07-29 00:59:04.028222,long,1819741,2018-08-01 08:21:17.269086,True,79.37034468444445,Trade,,2018-07-29,30047.015547716113,79.37034468444445,True,12.07603222204602,9.010713138846826,-0.47367907014521177,0.3979978218083653,0.0,0.0,0.0,4.386645260935655
XBTUSD,2018-08-01 08:21:17.269086,short,138295,2018-08-01 08:21:46.350418,True,0.0080781477777777,Trade,,2018-08-01,29967.645203031665,0.0080781477777777,True,11.822030713600832,8.952234323099068,-0.4497686190093246,0.2143757589219934,0.0,0.0,0.0,0.008045694201390268
XBTUSD,2018-08-01 08:21:46.350418,long,1,2018-08-01 08:49:04.354440,True,0.4550011172222222,Trade,,2018-08-01,29967.637124883888,0.4550011172222222,True,11.822030713600832,8.952234323099068,-0.4497686190093246,0.2143757589219934,0.0,0.0,0.0,0.37500666847348557
XBTUSD,2018-08-01 08:49:04.354440,short,249999,2018-08-01 08:49:50.840873,True,0.0129128980555555,Trade,,2018-08-01,29967.182123766666,0.0129128980555555,True,11.822030713600832,8.952234323099068,-0.4497686190093246,0.2143757589219934,0.0,0.0,0.0,0.012830237419209191
XBTUSD,2018-08-01 08:49:50.840873,long,949287,2018-08-01 13:59:56.111918,True,5.168130845833334,Trade,,2018-08-01,29967.16921086861,5.168130845833334,True,11.822030713600832,8.952234323099068,-0.4497686190093246,0.2143757589219934,0.0,0.0,0.0,1.8193958496925287
XBTUSD,2018-08-01 13:59:56.111918,short,50713,2018-08-01 20:34:23.304665,True,6.574220207500001,Trade,,2018-08-01,29962.001080022776,6.574220207500001,True,11.822030713600832,8.952234323099068,-0.4497686190093246,0.2143757589219934,0.0,0.0,0.0,2.024750403192158
XBTUSD,2018-08-01 20:34:23.304665,long,499287,2018-08-02 00:16:49.446612,True,3.707261651944445,Trade,,2018-08-01,29955.426859815278,3.707261651944445,True,11.822030713600832,8.952234323099068,-0.4497686190093246,0.2143757589219934,0.0,0.0,0.0,1.5491063487101422
XBTUSD,2018-08-02 00:16:49.446612,short,506378,2018-08-02 01:27:53.912111,True,1.1845737497222222,Trade,,2018-08-02,29951.719598163334,1.1845737497222222,True,11.802948680937499,8.935468959756346,-0.4585025087890151,0.1495574975255109,0.0,0.0,0.0,0.78142072929827
XBTUSD,2018-08-02 01:27:53.912111,long,16483,2018-08-02 02:36:01.391649,True,1.135410982777778,Trade,,2018-08-02,29950.53502441361,1.135410982777778,True,11.802948680937499,8.935468959756346,-0.4585025087890151,0.1495574975255109,0.0,0.0,0.0,0.7586591259434524
XBTUSD,2018-08-02 02:36:01.391649,short,53630,2018-08-02 09:58:26.295835,True,7.373584496111111,Trade,,2018-08-02,29949.399613430836,7.373584496111111,True,11.802948680937499,8.935468959756346,-0.4585025087890151,0.1495574975255109,0.0,0.0,0.0,2.1250820480367016
XBTUSD,2018-08-02 09:58:26.295835,long,496370,2018-08-03 13:58:41.820760,True,28.004312479166668,Trade,,2018-08-02,29942.02602893472,28.004312479166668,True,11.802948680937499,8.935468959756346,-0.4585025087890151,0.1495574975255109,0.0,0.0,0.0,3.3674445251089673
XBTUSD,2018-08-03 13:58:41.820760,short,253630,2018-08-03 18:49:42.584704,True,4.850212206666666,Trade,,2018-08-03,29914.021716455558,4.850212206666666,True,11.719092972875163,8.928334779370198,-0.4636304572036288,0.1607167320146123,0.0,0.0,0.0,1.7664779352297306
XBTUSD,2018-08-03 18:49:42.584704,long,1250436,2018-08-04 13:00:33.248315,True,18.180739891944445,Trade,,2018-08-03,29909.17150424889,18.180739891944445,True,11.719092972875163,8.928334779370198,-0.4636304572036288,0.1607167320146123,0.0,0.0,0.0,2.953906644933587
XBTUSD,2018-08-04 13:00:33.248315,short,499564,2018-08-04 13:09:10.657462,True,0.1437247630555555,Trade,,2018-08-04,29890.990764356942,0.1437247630555555,True,11.818629520057021,8.910767112113406,-0.4569497394325659,0.1264582331006287,0.0,0.0,0.0,0.13429027227611748
XBTUSD,2018-08-04 13:09:10.657462,long,436,2018-08-04 13:13:01.413337,True,0.0640988541666666,Trade,,2018-08-04,29890.84703959389,0.0640988541666666,True,11.818629520057021,8.910767112113406,-0.4569497394325659,0.1264582331006287,0.0,0.0,0.0,0.06212829465514532
XBTUSD,2018-08-04 13:13:01.413337,short,499564,2018-08-04 14:21:10.843183,True,1.135952735,Trade,,2018-08-04,29890.78294073972,1.135952735,True,11.818629520057021,8.910767112113406,-0.4569497394325659,0.1264582331006287,0.0,0.0,0.0,0.7589127930441361
XBTUSD,2018-08-04 14:21:10.843183,long,1693974,2018-08-05 16:38:29.202033,True,26.28843301388889,Trade,,2018-08-04,29889.646988004723,26.28843301388889,True,11.818629520057021,8.910767112113406,-0.4569497394325659,0.1264582331006287,0.0,0.0,0.0,3.306462913280128
XBTUSD,2018-08-05 16:38:29.202033,short,20450,2018-08-05 17:05:11.687773,True,0.4451349277777778,Trade,,2018-08-05,29863.358554990835,0.4451349277777778,True,11.473433069387323,8.85398090010442,-0.4049219340620696,0.0714443658692054,0.0,0.0,0.0,0.3682026928299229
XBTUSD,2018-08-05 17:05:11.687773,long,979550,2018-08-05 17:48:39.982446,True,0.7245262980555556,Trade,,2018-08-05,29862.913420063054,0.7245262980555556,True,11.473433069387323,8.85398090010442,-0.4049219340620696,0.0714443658692054,0.0,0.0,0.0,0.5449524029482751
XBTUSD,2018-08-05 17:48:39.982446,short,20450,2018-08-05 17:49:58.743652,True,0.0218781127777777,Trade,,2018-08-05,29862.188893765,0.0218781127777777,True,11.473433069387323,8.85398090010442,-0.4049219340620696,0.0714443658692054,0.0,0.0,0.0,0.0216422212422327
XBTUSD,2018-08-05 17:49:58.743652,long,229550,2018-08-05 18:47:30.352454,True,0.958780222777778,Trade,,2018-08-05,29862.167015652223,0.958780222777778,True,11.473433069387323,8.85398090010442,-0.4049219340620696,0.0714443658692054,0.0,0.0,0.0,0.6723219441939607
XBTUSD,2018-08-05 18:47:30.352454,short,270450,2018-08-05 20:54:42.039963,True,2.1199131969444447,Trade,,2018-08-05,29861.208235429443,2.1199131969444447,True,11.473433069387323,8.85398090010442,-0.4049219340620696,0.0714443658692054,0.0,0.0,0.0,1.1378051799422009
XBTUSD,2018-08-05 20:54:42.039963,long,229550,2018-08-05 21:00:59.751727,True,0.1049199344444444,Trade,,2018-08-05,29859.0883222325,0.1049199344444444,True,11.473433069387323,8.85398090010442,-0.4049219340620696,0.0714443658692054,0.0,0.0,0.0,0.09977287482820359
XBTUSD,2018-08-05 21:00:59.751727,short,250001,2018-08-06 07:38:35.532400,True,10.6266057425,Trade,,2018-08-05,29858.983402298054,10.6266057425,True,11.473433069387323,8.85398090010442,-0.4049219340620696,0.0714443658692054,0.0,0.0,0.0,2.4532960703216697
XBTUSD,2018-08-06 07:38:35.532400,long,749999,2018-08-06 07:55:04.415783,True,0.2746898286111111,Trade,,2018-08-06,29848.356796555556,0.2746898286111111,True,11.649299174877202,8.858167812934173,-0.40564345458202283,0.0656408790114035,0.0,0.0,0.0,0.2427028773374751
XBTUSD,2018-08-06 07:55:04.415783,short,1,2018-08-06 08:05:22.026271,True,0.1715584688888889,Trade,,2018-08-06,29848.082106726943,0.1715584688888889,True,11.649299174877202,8.858167812934173,-0.40564345458202283,0.0656408790114035,0.0,0.0,0.0,0.15833488714314667
XBTUSD,2018-08-06 08:05:22.026271,long,746787,2018-08-06 15:28:50.615633,True,7.391274822777778,Trade,,2018-08-06,29847.910548258056,7.391274822777778,True,11.649299174877202,8.858167812934173,-0.40564345458202283,0.0656408790114035,0.0,0.0,0.0,2.127192454440473
XBTUSD,2018-08-06 15:28:50.615633,short,111825,2018-08-06 15:30:44.866267,True,0.0317362872222222,Trade,,2018-08-06,29840.51927343528,0.0317362872222222,True,11.649299174877202,8.858167812934173,-0.40564345458202283,0.0656408790114035,0.0,0.0,0.0,0.03124309876719532
XBTUSD,2018-08-06 15:30:44.866267,long,750647,2018-08-07 11:26:05.713292,True,19.922457506944443,Trade,,2018-08-06,29840.487537148056,19.922457506944443,True,11.649299174877202,8.858167812934173,-0.40564345458202283,0.0656408790114035,0.0,0.0,0.0,3.040823103948732
XBTUSD,2018-08-07 11:26:05.713292,short,250261,2018-08-07 19:43:35.706981,True,8.291664913611111,Trade,,2018-08-07,29820.56507964111,8.291664913611111,True,11.710922119489206,8.843613778216838,-0.40730126018857243,0.0285157194751504,0.0,0.0,0.0,2.229117752442499
XBTUSD,2018-08-07 19:43:35.706981,long,59956,2018-08-07 19:44:59.418586,True,0.0232532236111111,Trade,,2018-08-07,29812.2734147275,0.0232532236111111,True,11.710922119489206,8.843613778216838,-0.40730126018857243,0.0285157194751504,0.0,0.0,0.0,0.02298698675053495
XBTUSD,2018-08-07 19:44:59.418586,short,1,2018-08-07 19:49:08.410508,True,0.0691644227777777,Trade,,2018-08-07,29812.25016150389,0.0691644227777777,True,11.710922119489206,8.843613778216838,-0.40730126018857243,0.0285157194751504,0.0,0.0,0.0,0.06687743011040029
XBTUSD,2018-08-07 19:49:08.410508,long,249999,2018-08-07 19:50:15.973895,True,0.0187676075,Trade,,2018-08-07,29812.18099708111,0.0187676075,True,11.710922119489206,8.843613778216838,-0.40730126018857243,0.0285157194751504,0.0,0.0,0.0,0.01859366885916138
XBTUSD,2018-08-07 19:50:15.973895,short,1,2018-08-07 19:53:01.039331,True,0.04585151,Trade,,2018-08-07,29812.16222947361,0.04585151,True,11.710922119489206,8.843613778216838,-0.40730126018857243,0.0285157194751504,0.0,0.0,0.0,0.044831395718442024
XBTUSD,2018-08-07 19:53:01.039331,long,249999,2018-08-07 19:54:54.770653,True,0.0315920338888888,Trade,,2018-08-07,29812.11637796361,0.0315920338888888,True,11.710922119489206,8.843613778216838,-0.40730126018857243,0.0285157194751504,0.0,0.0,0.0,0.031103272902263904
XBTUSD,2018-08-07 19:54:54.770653,short,1,2018-08-07 19:55:42.980769,True,0.0133916988888888,Trade,,2018-08-07,29812.084785929725,0.0133916988888888,True,11.710922119489206,8.843613778216838,-0.40730126018857243,0.0285157194751504,0.0,0.0,0.0,0.013302822679062482
XBTUSD,2018-08-07 19:55:42.980769,long,1499999,2018-08-07 20:22:55.287480,True,0.4534185308333333,Trade,,2018-08-07,29812.071394230836,0.4534185308333333,True,11.710922119489206,8.843613778216838,-0.40730126018857243,0.0285157194751504,0.0,0.0,0.0,0.3739183891076507
XBTUSD,2018-08-07 20:22:55.287480,short,250314,2018-08-07 21:01:12.912923,True,0.6382292897222221,Trade,,2018-08-07,29811.617975700003,0.6382292897222221,True,11.710922119489206,8.843613778216838,-0.40730126018857243,0.0285157194751504,0.0,0.0,0.0,0.4936159571497777
XBTUSD,2018-08-07 21:01:12.912923,long,1749997,2018-08-07 21:08:38.016160,True,0.1236397880555555,Trade,,2018-08-07,29810.97974641028,0.1236397880555555,True,11.710922119489206,8.843613778216838,-0.40730126018857243,0.0285157194751504,0.0,0.0,0.0,0.1165732268487883
XBTUSD,2018-08-07 21:08:38.016160,short,250003,2018-08-07 21:10:23.616193,True,0.0293333424999999,Trade,,2018-08-07,29810.856106622225,0.0293333424999999,True,11.710922119489206,8.843613778216838,-0.40730126018857243,0.0285157194751504,0.0,0.0,0.0,0.028911352399860327
XBTUSD,2018-08-07 21:10:23.616193,long,499997,2018-08-07 21:38:36.332973,True,0.4701991055555555,Trade,,2018-08-07,29810.826773279725,0.4701991055555555,True,11.710922119489206,8.843613778216838,-0.40730126018857243,0.0285157194751504,0.0,0.0,0.0,0.3853978375748298
XBTUSD,2018-08-07 21:38:36.332973,short,1494878,2018-08-08 00:08:58.133855,True,2.5060558005555555,Trade,,2018-08-07,29810.356574174166,2.5060558005555555,True,11.710922119489206,8.843613778216838,-0.40730126018857243,0.0285157194751504,0.0,0.0,0.0,1.2544917021041502
XBTUSD,2018-08-08 00:08:58.133855,long,2499491,2018-08-08 17:06:35.637547,True,16.960417692222222,Trade,,2018-08-08,29807.850518373612,16.960417692222222,True,11.863114128104531,8.81322705528029,-0.394318993864725,0.0026336559886761,0.0,0.0,0.0,2.8881703194088644
XBTUSD,2018-08-08 17:06:35.637547,short,491388,2018-08-08 17:17:27.610717,True,0.1811036583333333,Trade,,2018-08-08,29790.89010068139,0.1811036583333333,True,11.863114128104531,8.81322705528029,-0.394318993864725,0.0026336559886761,0.0,0.0,0.0,0.16644930502595123
XBTUSD,2018-08-08 17:17:27.610717,long,1258612,2018-08-08 18:51:55.736044,True,1.5744792575,Trade,,2018-08-08,29790.708997023055,1.5744792575,True,11.863114128104531,8.81322705528029,-0.394318993864725,0.0026336559886761,0.0,0.0,0.0,0.9456472835673487
XBTUSD,2018-08-08 18:51:55.736044,short,276388,2018-08-08 18:54:34.912257,True,0.0442156147222222,Trade,,2018-08-08,29789.134517765553,0.0442156147222222,True,11.863114128104531,8.81322705528029,-0.394318993864725,0.0026336559886761,0.0,0.0,0.0,0.04326599564828345
XBTUSD,2018-08-08 18:54:34.912257,long,223612,2018-08-08 18:54:52.952492,True,0.0050111763888888,Trade,,2018-08-08,29789.090302150835,0.0050111763888888,True,11.863114128104531,8.81322705528029,-0.394318993864725,0.0026336559886761,0.0,0.0,0.0,0.004998662234167582
XBTUSD,2018-08-08 18:54:52.952492,short,26388,2018-08-08 18:55:49.660236,True,0.0157521511111111,Trade,,2018-08-08,29789.085290974446,0.0157521511111111,True,11.863114128104531,8.81322705528029,-0.394318993864725,0.0026336559886761,0.0,0.0,0.0,0.01562937363990369
XBTUSD,2018-08-08 18:55:49.660236,long,248612,2018-08-08 18:59:22.826625,True,0.0592128858333333,Trade,,2018-08-08,29789.069538823333,0.0592128858333333,True,11.863114128104531,8.81322705528029,-0.394318993864725,0.0026336559886761,0.0,0.0,0.0,0.05752607175475306
XBTUSD,2018-08-08 18:59:22.826625,short,1388,2018-08-08 18:59:31.431110,True,0.0023901347222222,Trade,,2018-08-08,29789.0103259375,0.0023901347222222,True,11.863114128104531,8.81322705528029,-0.394318993864725,0.0026336559886761,0.0,0.0,0.0,0.0023872828934929794
XBTUSD,2018-08-08 18:59:31.431110,long,248612,2018-08-08 19:01:37.034551,True,0.0348898447222222,Trade,,2018-08-08,29789.00793580278,0.0348898447222222,True,11.863114128104531,8.81322705528029,-0.394318993864725,0.0026336559886761,0.0,0.0,0.0,0.03429499083315947
XBTUSD,2018-08-08 19:01:37.034551,short,652947,2018-08-08 19:04:58.117593,True,0.0558564005555555,Trade,,2018-08-08,29788.973045958057,0.0558564005555555,True,11.863114128104531,8.81322705528029,-0.394318993864725,0.0026336559886761,0.0,0.0,0.0,0.05435219171497285
XBTUSD,2018-08-08 19:04:58.117593,long,97053,2018-08-08 19:06:33.675635,True,0.0265439005555555,Trade,,2018-08-08,29788.9171895575,0.0265439005555555,True,11.863114128104531,8.81322705528029,-0.394318993864725,0.0026336559886761,0.0,0.0,0.0,0.02619772378647597
XBTUSD,2018-08-08 19:06:33.675635,short,502947,2018-08-08 20:05:45.630960,True,0.9866542569444444,Trade,,2018-08-08,29788.890645656946,0.9866542569444444,True,11.863114128104531,8.81322705528029,-0.394318993864725,0.0026336559886761,0.0,0.0,0.0,0.6864519458851649
XBTUSD,2018-08-08 20:05:45.630960,long,9768,2018-08-08 20:29:25.715690,True,0.3944679805555555,Trade,,2018-08-08,29787.9039914,0.3944679805555555,True,11.863114128104531,8.81322705528029,-0.394318993864725,0.0026336559886761,0.0,0.0,0.0,0.3325129665851892
XBTUSD,2018-08-08 20:29:25.715690,short,240232,2018-08-08 20:41:17.391044,True,0.1976875983333333,Trade,,2018-08-08,29787.509523419445,0.1976875983333333,True,11.863114128104531,8.81322705528029,-0.394318993864725,0.0026336559886761,0.0,0.0,0.0,0.18039269634923663
XBTUSD,2018-08-08 20:41:17.391044,long,1317937,2018-08-09 13:46:59.727903,True,17.095093571944446,Trade,,2018-08-08,29787.31183582111,17.095093571944446,True,11.863114128104531,8.81322705528029,-0.394318993864725,0.0026336559886761,0.0,0.0,0.0,2.8956408281515174
XBTUSD,2018-08-09 13:46:59.727903,short,499999,2018-08-09 13:49:04.568557,True,0.0346779594444444,Trade,,2018-08-09,29770.21674224917,0.0346779594444444,True,11.652854884235824,8.743115067382902,-0.33248858299982537,-0.0595189054487355,0.0,0.0,0.0,0.03409022800481285
XBTUSD,2018-08-09 13:49:04.568557,long,250001,2018-08-09 13:50:52.297917,True,0.0299248222222222,Trade,,2018-08-09,29770.182064289726,0.0299248222222222,True,11.652854884235824,8.743115067382902,-0.33248858299982537,-0.0595189054487355,0.0,0.0,0.0,0.0294858114440161
XBTUSD,2018-08-09 13:50:52.297917,short,249999,2018-08-09 13:52:34.503059,True,0.0283903172222222,Trade,,2018-08-09,29770.1521394675,0.0283903172222222,True,11.652854884235824,8.743115067382902,-0.33248858299982537,-0.0595189054487355,0.0,0.0,0.0,0.02799478098431381
XBTUSD,2018-08-09 13:52:34.503059,long,1,2018-08-09 13:57:07.918085,True,0.0759486183333333,Trade,,2018-08-09,29770.123749150276,0.0759486183333333,True,11.652854884235824,8.743115067382902,-0.33248858299982537,-0.0595189054487355,0.0,0.0,0.0,0.073202708121092
XBTUSD,2018-08-09 13:57:07.918085,short,1499999,2018-08-09 15:50:52.024757,True,1.8955851866666664,Trade,,2018-08-09,29770.047800531946,1.8955851866666664,True,11.652854884235824,8.743115067382902,-0.33248858299982537,-0.0595189054487355,0.0,0.0,0.0,1.0631872276158711
XBTUSD,2018-08-09 15:50:52.024757,long,1,2018-08-09 16:15:28.688973,True,0.4101845044444444,Trade,,2018-08-09,29768.15221534528,0.4101845044444444,True,11.652854884235824,8.743115067382902,-0.33248858299982537,-0.0595189054487355,0.0,0.0,0.0,0.3437205500453288
XBTUSD,2018-08-09 16:15:28.688973,short,499999,2018-08-09 16:27:27.920377,True,0.1997865011111111,Trade,,2018-08-09,29767.742030840836,0.1997865011111111,True,11.652854884235824,8.743115067382902,-0.33248858299982537,-0.0595189054487355,0.0,0.0,0.0,0.18214362522433097
XBTUSD,2018-08-09 16:27:27.920377,long,1,2018-08-09 19:07:22.675750,True,2.665209825833333,Trade,,2018-08-09,29767.542244339722,2.665209825833333,True,11.652854884235824,8.743115067382902,-0.33248858299982537,-0.0595189054487355,0.0,0.0,0.0,1.2988855849503929
XBTUSD,2018-08-09 19:07:22.675750,short,1249999,2018-08-10 04:08:56.646810,True,9.026103072222222,Trade,,2018-08-09,29764.877034513887,9.026103072222222,True,11.652854884235824,8.743115067382902,-0.33248858299982537,-0.0595189054487355,0.0,0.0,0.0,2.3051919992814085
XBTUSD,2018-08-10 04:08:56.646810,long,1000001,2018-08-10 23:10:52.720598,True,19.032242718888888,Trade,,2018-08-10,29755.85093144167,19.032242718888888,True,11.988303071355086,8.78845573435375,-0.3431788731211832,0.0394689472664995,0.0,0.0,0.0,2.997343111402235
XBTUSD,2018-08-10 23:10:52.720598,short,370426,2018-08-11 00:26:30.043167,True,1.2603673802777775,Trade,,2018-08-10,29736.81868872278,1.2603673802777775,True,11.988303071355086,8.78845573435375,-0.3431788731211832,0.0394689472664995,0.0,0.0,0.0,0.8155273577181665
XBTUSD,2018-08-11 00:26:30.043167,long,1000001,2018-08-12 14:01:29.185593,True,37.58309511833333,Trade,,2018-08-11,29735.5583213425,37.58309511833333,True,11.945939865517213,8.721887901968971,-0.2919720322725676,-0.0379782917672661,0.0,0.0,0.0,3.6528142302402973
XBTUSD,2018-08-12 14:01:29.185593,short,249999,2018-08-12 14:01:43.671819,True,0.0040239516666666,Trade,,2018-08-12,29697.975226224167,0.0040239516666666,True,12.068581956648346,8.750484964783002,-0.2961408786365015,0.0250480510251065,0.0,0.0,0.0,0.004015877226681645
XBTUSD,2018-08-12 14:01:43.671819,long,1000001,2018-08-12 19:47:37.210756,True,5.764871926944445,Trade,,2018-08-12,29697.9712022725,5.764871926944445,True,12.068581956648346,8.750484964783002,-0.2961408786365015,0.0250480510251065,0.0,0.0,0.0,1.911743329728015
XBTUSD,2018-08-12 19:47:37.210756,short,249999,2018-08-12 19:48:16.717755,True,0.0109741663888888,Trade,,2018-08-12,29692.206330345554,0.0109741663888888,True,12.068581956648346,8.750484964783002,-0.2961408786365015,0.0250480510251065,0.0,0.0,0.0,0.010914387178617325
XBTUSD,2018-08-12 19:48:16.717755,long,1,2018-08-12 19:53:21.663608,True,0.0847071813888888,Trade,,2018-08-12,29692.195356179167,0.0847071813888888,True,12.068581956648346,8.750484964783002,-0.2961408786365015,0.0250480510251065,0.0,0.0,0.0,0.08131007166430794
XBTUSD,2018-08-12 19:53:21.663608,short,46375,2018-08-12 19:58:49.456261,True,0.0910535147222222,Trade,,2018-08-12,29692.11064899778,0.0910535147222222,True,12.068581956648346,8.750484964783002,-0.2961408786365015,0.0250480510251065,0.0,0.0,0.0,0.08714375672241663
XBTUSD,2018-08-12 19:58:49.456261,long,1,2018-08-13 08:19:01.628741,True,12.336714577777778,Trade,,2018-08-12,29692.019595483056,12.336714577777778,True,12.068581956648346,8.750484964783002,-0.2961408786365015,0.0250480510251065,0.0,0.0,0.0,2.590520726629806
XBTUSD,2018-08-13 08:19:01.628741,short,249999,2018-08-13 13:35:35.836536,True,5.276168831944444,Trade,,2018-08-13,29679.68288090528,5.276168831944444,True,12.06519966736394,8.750634206317264,-0.2967465091908058,0.0170246947178751,0.0,0.0,0.0,1.8367597357110657
XBTUSD,2018-08-13 13:35:35.836536,long,1,2018-08-13 17:47:59.866139,True,4.206674889722223,Trade,,2018-08-13,29674.40671207333,4.206674889722223,True,12.06519966736394,8.750634206317264,-0.2967465091908058,0.0170246947178751,0.0,0.0,0.0,1.649941435074236
XBTUSD,2018-08-13 17:47:59.866139,short,249999,2018-08-13 17:51:08.669538,True,0.0524453886111111,Trade,,2018-08-13,29670.20003718361,0.0524453886111111,True,12.06519966736394,8.750634206317264,-0.2967465091908058,0.0170246947178751,0.0,0.0,0.0,0.051116397922849006
XBTUSD,2018-08-13 17:51:08.669538,long,500001,2018-08-14 12:50:28.250381,True,18.98877245638889,Trade,,2018-08-13,29670.147591794997,18.98877245638889,True,12.06519966736394,8.750634206317264,-0.2967465091908058,0.0170246947178751,0.0,0.0,0.0,2.9951707387422695
XBTUSD,2018-08-14 12:50:28.250381,short,249999,2018-08-14 12:51:04.229553,True,0.0099942144444444,Trade,,2018-08-14,29651.158819338612,0.0099942144444444,True,12.071838257926439,8.742869220313837,-0.2965766460826614,0.0017162865101456,0.0,0.0,0.0,0.009944602563934138
XBTUSD,2018-08-14 12:51:04.229553,long,250001,2018-08-14 17:34:39.798157,True,4.726546834444444,Trade,,2018-08-14,29651.148825124168,4.726546834444444,True,12.071838257926439,8.742869220313837,-0.2965766460826614,0.0017162865101456,0.0,0.0,0.0,1.745112702368325
XBTUSD,2018-08-14 17:34:39.798157,short,249999,2018-08-14 17:41:07.346266,True,0.1076522525,Trade,,2018-08-14,29646.42227828972,0.1076522525,True,12.071838257926439,8.742869220313837,-0.2965766460826614,0.0017162865101456,0.0,0.0,0.0,0.10224268752909575
XBTUSD,2018-08-14 17:41:07.346266,long,1,2018-08-14 19:03:49.667414,True,1.378422541111111,Trade,,2018-08-14,29646.314626037223,1.378422541111111,True,12.071838257926439,8.742869220313837,-0.2965766460826614,0.0017162865101456,0.0,0.0,0.0,0.8664374700833082
XBTUSD,2018-08-14 19:03:49.667414,short,85170,2018-08-14 19:04:47.434720,True,0.0160464738888888,Trade,,2018-08-14,29644.936203496112,0.0160464738888888,True,12.071838257926439,8.742869220313837,-0.2965766460826614,0.0017162865101456,0.0,0.0,0.0,0.015919090126778845
XBTUSD,2018-08-14 19:04:47.434720,long,1,2018-08-15 02:01:28.594080,True,6.944766488888889,Trade,,2018-08-14,29644.920157022225,6.944766488888889,True,12.071838257926439,8.742869220313837,-0.2965766460826614,0.0017162865101456,0.0,0.0,0.0,2.072513408605075
XBTUSD,2018-08-15 02:01:28.594080,short,72281,2018-08-15 02:02:43.278001,True,0.0207455336111111,Trade,,2018-08-15,29637.975390533335,0.0207455336111111,True,11.98153901313308,8.729854650753976,-0.29735704958775677,-0.0256435627005732,0.0,0.0,0.0,0.020533275612688445
XBTUSD,2018-08-15 02:02:43.278001,long,1,2018-08-15 02:22:09.518340,True,0.3239556497222222,Trade,,2018-08-15,29637.954644999725,0.3239556497222222,True,11.98153901313308,8.729854650753976,-0.29735704958775677,-0.0256435627005732,0.0,0.0,0.0,0.28062395976511917
XBTUSD,2018-08-15 02:22:09.518340,short,499999,2018-08-15 03:14:26.873102,True,0.8714874338888888,Trade,,2018-08-15,29637.630689349997,0.8714874338888888,True,11.98153901313308,8.729854650753976,-0.29735704958775677,-0.0256435627005732,0.0,0.0,0.0,0.6267335338802206
XBTUSD,2018-08-15 03:14:26.873102,long,1,2018-08-15 03:26:15.559049,True,0.1968572075,Trade,,2018-08-15,29636.759201916113,0.1968572075,True,11.98153901313308,8.729854650753976,-0.29735704958775677,-0.0256435627005732,0.0,0.0,0.0,0.17969912748003208
XBTUSD,2018-08-15 03:26:15.559049,short,499999,2018-08-15 04:13:51.675855,True,0.7933657794444444,Trade,,2018-08-15,29636.56234470861,0.7933657794444444,True,11.98153901313308,8.729854650753976,-0.29735704958775677,-0.0256435627005732,0.0,0.0,0.0,0.5840941779689274
XBTUSD,2018-08-15 04:13:51.675855,long,1,2018-08-15 04:14:37.589718,True,0.0127538508333333,Trade,,2018-08-15,29635.76897892917,0.0127538508333333,True,11.98153901313308,8.729854650753976,-0.29735704958775677,-0.0256435627005732,0.0,0.0,0.0,0.012673205446762323
XBTUSD,2018-08-15 04:14:37.589718,short,499999,2018-08-15 05:18:44.871011,True,1.0686892480555557,Trade,,2018-08-15,29635.756225078334,1.0686892480555557,True,11.98153901313308,8.729854650753976,-0.29735704958775677,-0.0256435627005732,0.0,0.0,0.0,0.7269151932132069
XBTUSD,2018-08-15 05:18:44.871011,long,1,2018-08-15 09:22:53.100659,True,4.06895268,Trade,,2018-08-15,29634.687535830275,4.06895268,True,11.98153901313308,8.729854650753976,-0.29735704958775677,-0.0256435627005732,0.0,0.0,0.0,1.6231342242720486
XBTUSD,2018-08-15 09:22:53.100659,short,250001,2018-08-15 10:44:49.774927,True,1.365742852222222,Trade,,2018-08-15,29630.618583150277,1.365742852222222,True,11.98153901313308,8.729854650753976,-0.29735704958775677,-0.0256435627005732,0.0,0.0,0.0,0.8610920750436029
XBTUSD,2018-08-15 10:44:49.774927,long,55017,2018-08-15 10:48:51.561411,True,0.0671629122222222,Trade,,2018-08-15,29629.252840298053,0.0671629122222222,True,11.98153901313308,8.729854650753976,-0.29735704958775677,-0.0256435627005732,0.0,0.0,0.0,0.06500364315988409
XBTUSD,2018-08-15 10:48:51.561411,short,750001,2018-08-15 19:53:51.342893,True,9.083272633888887,Trade,,2018-08-15,29629.185677385834,9.083272633888887,True,11.98153901313308,8.729854650753976,-0.29735704958775677,-0.0256435627005732,0.0,0.0,0.0,2.3108778760110074
XBTUSD,2018-08-15 19:53:51.342893,long,499999,2018-08-15 19:57:09.616819,True,0.0550760905555555,Trade,,2018-08-15,29620.102404751942,0.0550760905555555,True,11.98153901313308,8.729854650753976,-0.29735704958775677,-0.0256435627005732,0.0,0.0,0.0,0.05361288807657896
XBTUSD,2018-08-15 19:57:09.616819,short,1,2018-08-15 19:58:43.415283,True,0.0260551288888888,Trade,,2018-08-15,29620.04732866139,0.0260551288888888,True,11.98153901313308,8.729854650753976,-0.29735704958775677,-0.0256435627005732,0.0,0.0,0.0,0.02572147716558848
XBTUSD,2018-08-15 19:58:43.415283,long,749999,2018-08-15 20:09:44.843373,True,0.183730025,Trade,,2018-08-15,29620.0212735325,0.183730025,True,11.98153901313308,8.729854650753976,-0.29735704958775677,-0.0256435627005732,0.0,0.0,0.0,0.16867049103575654
XBTUSD,2018-08-15 20:09:44.843373,short,1,2018-08-15 20:24:46.826976,True,0.2505510008333333,Trade,,2018-08-15,29619.8375435075,0.2505510008333333,True,11.98153901313308,8.729854650753976,-0.29735704958775677,-0.0256435627005732,0.0,0.0,0.0,0.22358425485680306
XBTUSD,2018-08-15 20:24:46.826976,long,249999,2018-08-15 21:29:57.159665,True,1.086203524722222,Trade,,2018-08-15,29619.586992506665,1.086203524722222,True,11.98153901313308,8.729854650753976,-0.29735704958775677,-0.0256435627005732,0.0,0.0,0.0,0.7353459188001633
XBTUSD,2018-08-15 21:29:57.159665,short,250001,2018-08-15 22:56:56.187002,True,1.4497298158333334,Trade,,2018-08-15,29618.500788981943,1.4497298158333334,True,11.98153901313308,8.729854650753976,-0.29735704958775677,-0.0256435627005732,0.0,0.0,0.0,0.8959777392237311
XBTUSD,2018-08-15 22:56:56.187002,long,505154,2018-08-16 00:27:46.784037,True,1.5140547319444444,Trade,,2018-08-15,29617.05105916611,1.5140547319444444,True,11.98153901313308,8.729854650753976,-0.29735704958775677,-0.0256435627005732,0.0,0.0,0.0,0.9218968807920304
XBTUSD,2018-08-16 00:27:46.784037,short,750001,2018-08-16 12:28:09.584357,True,12.006333422222225,Trade,,2018-08-16,29615.53700443417,12.006333422222225,True,12.065323434935005,8.743565891198983,-0.33328397293919076,-0.0656541918261691,0.0,0.0,0.0,2.5654364251495965
XBTUSD,2018-08-16 12:28:09.584357,long,254786,2018-08-16 12:33:12.315575,True,0.084092005,Trade,,2018-08-16,29603.530671011948,0.084092005,True,12.065323434935005,8.743565891198983,-0.33328397293919076,-0.0656541918261691,0.0,0.0,0.0,0.08074277487699091
XBTUSD,2018-08-16 12:33:12.315575,short,250001,2018-08-16 12:55:50.680496,True,0.3773235891666667,Trade,,2018-08-16,29603.446579006944,0.3773235891666667,True,12.065323434935005,8.743565891198983,-0.33328397293919076,-0.0656541918261691,0.0,0.0,0.0,0.3201421879030759
XBTUSD,2018-08-16 12:55:50.680496,long,249999,2018-08-16 12:56:15.591814,True,0.0069198105555555,Trade,,2018-08-16,29603.069255417777,0.0069198105555555,True,12.065323434935005,8.743565891198983,-0.33328397293919076,-0.0656541918261691,0.0,0.0,0.0,0.006895978545325198
XBTUSD,2018-08-16 12:56:15.591814,short,250001,2018-08-16 14:59:30.815600,True,2.0542288294444444,Trade,,2018-08-16,29603.062335607225,2.0542288294444444,True,12.065323434935005,8.743565891198983,-0.33328397293919076,-0.0656541918261691,0.0,0.0,0.0,1.1165271317709107
XBTUSD,2018-08-16 14:59:30.815600,long,1,2018-08-16 15:06:22.951100,True,0.1144820833333333,Trade,,2018-08-16,29601.00810677778,0.1144820833333333,True,12.065323434935005,8.743565891198983,-0.33328397293919076,-0.0656541918261691,0.0,0.0,0.0,0.10838979774627001
XBTUSD,2018-08-16 15:06:22.951100,short,499999,2018-08-16 17:42:57.333324,True,2.609550617777778,Trade,,2018-08-16,29600.893624694443,2.609550617777778,True,12.065323434935005,8.743565891198983,-0.33328397293919076,-0.0656541918261691,0.0,0.0,0.0,1.2835832819861526
XBTUSD,2018-08-16 17:42:57.333324,long,250001,2018-08-16 17:53:18.243154,True,0.1724749527777778,Trade,,2018-08-16,29598.284074076666,0.1724749527777778,True,12.065323434935005,8.743565891198983,-0.33328397293919076,-0.0656541918261691,0.0,0.0,0.0,0.1591168588736847
XBTUSD,2018-08-16 17:53:18.243154,short,377179,2018-08-16 20:17:33.257032,True,2.4041705216666664,Trade,,2018-08-16,29598.111599123888,2.4041705216666664,True,12.065323434935005,8.743565891198983,-0.33328397293919076,-0.0656541918261691,0.0,0.0,0.0,1.225001303953111
XBTUSD,2018-08-16 20:17:33.257032,long,1,2018-08-16 20:18:02.360013,True,0.0080841613888888,Trade,,2018-08-16,29595.70742860222,0.0080841613888888,True,12.065323434935005,8.743565891198983,-0.33328397293919076,-0.0656541918261691,0.0,0.0,0.0,0.008051659605151439
XBTUSD,2018-08-16 20:18:02.360013,short,249999,2018-08-16 20:51:32.098386,True,0.5582606591666667,Trade,,2018-08-16,29595.699344440836,0.5582606591666667,True,12.065323434935005,8.743565891198983,-0.33328397293919076,-0.0656541918261691,0.0,0.0,0.0,0.44357023715617955
XBTUSD,2018-08-16 20:51:32.098386,long,1,2018-08-16 20:51:46.242044,True,0.0039287938888888,Trade,,2018-08-16,29595.141083781666,0.0039287938888888,True,12.065323434935005,8.743565891198983,-0.33328397293919076,-0.0656541918261691,0.0,0.0,0.0,0.0039210963329981054
XBTUSD,2018-08-16 20:51:46.242044,short,249999,2018-08-16 20:54:16.946107,True,0.0418622397222222,Trade,,2018-08-16,29595.137154987777,0.0418622397222222,True,12.065323434935005,8.743565891198983,-0.33328397293919076,-0.0656541918261691,0.0,0.0,0.0,0.04100972703073792
XBTUSD,2018-08-16 20:54:16.946107,long,321391,2018-08-16 21:03:22.993472,True,0.1516798236111111,Trade,,2018-08-16,29595.095292748054,0.1516798236111111,True,12.065323434935005,8.743565891198983,-0.33328397293919076,-0.0656541918261691,0.0,0.0,0.0,0.14122159275061827
XBTUSD,2018-08-16 21:03:22.993472,short,750001,2018-08-18 01:22:07.733771,True,28.31242786083333,Trade,,2018-08-16,29594.943612924446,28.31242786083333,True,12.065323434935005,8.743565891198983,-0.33328397293919076,-0.0656541918261691,0.0,0.0,0.0,3.378011585165801
XBTUSD,2018-08-18 01:22:07.733771,long,249999,2018-08-18 01:24:01.628620,True,0.0316374580555555,Trade,,2018-08-18,29566.631185063612,0.0316374580555555,True,12.085164991870215,8.789215023203436,-0.41448345610872867,-0.1102163537066303,0.0,0.0,0.0,0.031147305005189328
XBTUSD,2018-08-18 01:24:01.628620,short,1,2018-08-18 03:01:33.283298,True,1.6254596327777775,Trade,,2018-08-18,29566.599547605554,1.6254596327777775,True,12.085164991870215,8.789215023203436,-0.41448345610872867,-0.1102163537066303,0.0,0.0,0.0,0.9652559789167444
XBTUSD,2018-08-18 03:01:33.283298,long,249999,2018-08-18 03:01:56.638877,True,0.0064876608333333,Trade,,2018-08-18,29564.974087972776,0.0064876608333333,True,12.085164991870215,8.789215023203436,-0.41448345610872867,-0.1102163537066303,0.0,0.0,0.0,0.006466706542514685
XBTUSD,2018-08-18 03:01:56.638877,short,1,2018-08-18 03:25:49.246406,True,0.3979465358333334,Trade,,2018-08-18,29564.967600311942,0.3979465358333334,True,12.085164991870215,8.789215023203436,-0.41448345610872867,-0.1102163537066303,0.0,0.0,0.0,0.3350043997565281
XBTUSD,2018-08-18 03:25:49.246406,long,499999,2018-08-18 03:54:44.229126,True,0.4819396444444444,Trade,,2018-08-18,29564.56965377611,0.4819396444444444,True,12.085164991870215,8.789215023203436,-0.41448345610872867,-0.1102163537066303,0.0,0.0,0.0,0.3933518002985905
XBTUSD,2018-08-18 03:54:44.229126,short,418345,2018-08-18 13:13:12.647012,True,9.307893857222224,Trade,,2018-08-18,29564.087714131663,9.307893857222224,True,12.085164991870215,8.789215023203436,-0.41448345610872867,-0.1102163537066303,0.0,0.0,0.0,2.332909995610815
XBTUSD,2018-08-18 13:13:12.647012,long,231655,2018-08-18 13:14:05.744642,True,0.0147493416666666,Trade,,2018-08-18,29554.779820274445,0.0147493416666666,True,12.085164991870215,8.789215023203436,-0.41448345610872867,-0.1102163537066303,0.0,0.0,0.0,0.014641627972596147
XBTUSD,2018-08-18 13:14:05.744642,short,1018345,2018-08-18 13:48:52.495542,True,0.5796530277777778,Trade,,2018-08-18,29554.765070932775,0.5796530277777778,True,12.085164991870215,8.789215023203436,-0.41448345610872867,-0.1102163537066303,0.0,0.0,0.0,0.45720522025038535
XBTUSD,2018-08-18 13:48:52.495542,long,19218,2018-08-19 20:45:43.586329,True,30.94752521861111,Trade,,2018-08-18,29554.185417905,30.94752521861111,True,12.085164991870215,8.789215023203436,-0.41448345610872867,-0.1102163537066303,0.0,0.0,0.0,3.464094719877078
XBTUSD,2018-08-19 20:45:43.586329,short,499999,2018-08-19 21:05:51.133083,True,0.3354296538888889,Trade,,2018-08-19,29523.23789268639,0.3354296538888889,True,12.175982049909395,8.763941926714203,-0.41233671634148594,-0.1429947698957756,0.0,0.0,0.0,0.2892530781924526
XBTUSD,2018-08-19 21:05:51.133083,long,500001,2018-08-22 02:04:15.747397,True,52.97350397611111,Trade,,2018-08-19,29522.9024630325,52.97350397611111,True,12.175982049909395,8.763941926714203,-0.41233671634148594,-0.1429947698957756,0.0,0.0,0.0,3.988493259038724
XBTUSD,2018-08-22 02:04:15.747397,short,249999,2018-08-22 02:05:26.325683,True,0.0196050794444444,Trade,,2018-08-22,29469.928959056386,0.0196050794444444,True,12.18589720501791,8.775406705649479,-0.38357555910776725,-0.1251989651122848,0.0,0.0,0.0,0.01941537530855621
XBTUSD,2018-08-22 02:05:26.325683,long,500001,2018-08-22 02:37:29.277764,True,0.5341533558333333,Trade,,2018-08-22,29469.909353976946,0.5341533558333333,True,12.18589720501791,8.775406705649479,-0.38357555910776725,-0.1251989651122848,0.0,0.0,0.0,0.4279786691564466
XBTUSD,2018-08-22 02:37:29.277764,short,250001,2018-08-22 16:00:24.717527,True,13.382066600833332,Trade,,2018-08-22,29469.37520062111,13.382066600833332,True,12.18589720501791,8.775406705649479,-0.38357555910776725,-0.1251989651122848,0.0,0.0,0.0,2.6659820555160083
XBTUSD,2018-08-22 16:00:24.717527,long,499999,2018-08-22 16:03:04.019211,True,0.0442504677777777,Trade,,2018-08-22,29455.99313402028,0.0442504677777777,True,12.18589720501791,8.775406705649479,-0.38357555910776725,-0.1251989651122848,0.0,0.0,0.0,0.043299372350783696
XBTUSD,2018-08-22 16:03:04.019211,short,250001,2018-08-22 20:07:22.109114,True,4.071691639722222,Trade,,2018-08-22,29455.9488835525,4.071691639722222,True,12.18589720501791,8.775406705649479,-0.38357555910776725,-0.1251989651122848,0.0,0.0,0.0,1.6236744187020022
XBTUSD,2018-08-22 20:07:22.109114,long,499999,2018-08-22 20:09:15.026877,True,0.0313660452777777,Trade,,2018-08-22,29451.877191912776,0.0313660452777777,True,12.18589720501791,8.775406705649479,-0.38357555910776725,-0.1251989651122848,0.0,0.0,0.0,0.030884181090077036
XBTUSD,2018-08-22 20:09:15.026877,short,994044,2018-08-26 00:04:27.663871,True,75.92017694277777,Trade,,2018-08-22,29451.8458258675,75.92017694277777,True,12.18589720501791,8.775406705649479,-0.38357555910776725,-0.1251989651122848,0.0,0.0,0.0,4.342768221066058
XBTUSD,2018-08-26 00:04:27.663871,long,128883,2018-08-26 00:04:39.985849,True,0.0034227716666666,Trade,,2018-08-26,29375.92564892472,0.0034227716666666,True,12.212811286745447,8.816621842761233,-0.5300659203092116,-0.147649994892784,0.0,0.0,0.0,0.0034169273158475726
XBTUSD,2018-08-26 00:04:39.985849,short,500001,2018-08-26 02:16:14.420745,True,2.192898582222222,Trade,,2018-08-26,29375.922226153056,2.192898582222222,True,12.212811286745447,8.816621842761233,-0.5300659203092116,-0.147649994892784,0.0,0.0,0.0,1.1609291506921016
XBTUSD,2018-08-26 02:16:14.420745,long,249999,2018-08-26 02:17:44.609906,True,0.0250525447222222,Trade,,2018-08-26,29373.729327570833,0.0250525447222222,True,12.212811286745447,8.816621842761233,-0.5300659203092116,-0.147649994892784,0.0,0.0,0.0,0.024743874420092873
XBTUSD,2018-08-26 02:17:44.609906,short,1,2018-08-26 02:32:51.211920,True,0.2518338927777778,Trade,,2018-08-26,29373.70427502611,0.2518338927777778,True,12.212811286745447,8.816621842761233,-0.5300659203092116,-0.147649994892784,0.0,0.0,0.0,0.22460959037582195
XBTUSD,2018-08-26 02:32:51.211920,long,249999,2018-08-26 02:33:11.072676,True,0.0055168766666666,Trade,,2018-08-26,29373.452441133337,0.0055168766666666,True,12.212811286745447,8.816621842761233,-0.5300659203092116,-0.147649994892784,0.0,0.0,0.0,0.005501714442440617
XBTUSD,2018-08-26 02:33:11.072676,short,1,2018-08-26 02:35:33.874833,True,0.0396672658333333,Trade,,2018-08-26,29373.446924256667,0.0396672658333333,True,12.212811286745447,8.816621842761233,-0.5300659203092116,-0.147649994892784,0.0,0.0,0.0,0.038900725263898914
XBTUSD,2018-08-26 02:35:33.874833,long,249999,2018-08-26 02:36:49.294797,True,0.0209499899999999,Trade,,2018-08-26,29373.40725699083,0.0209499899999999,True,12.212811286745447,8.816621842761233,-0.5300659203092116,-0.147649994892784,0.0,0.0,0.0,0.02073355659210757
XBTUSD,2018-08-26 02:36:49.294797,short,250001,2018-08-26 03:04:53.540970,True,0.4678461591666666,Trade,,2018-08-26,29373.386307000834,0.4678461591666666,True,12.212811286745447,8.816621842761233,-0.5300659203092116,-0.147649994892784,0.0,0.0,0.0,0.3837961284928248
XBTUSD,2018-08-26 03:04:53.540970,long,499999,2018-08-26 03:27:46.017011,True,0.3812433447222222,Trade,,2018-08-26,29372.91846084167,0.3812433447222222,True,12.212811286745447,8.816621842761233,-0.5300659203092116,-0.147649994892784,0.0,0.0,0.0,0.3229840679716643
XBTUSD,2018-08-26 03:27:46.017011,short,1,2018-08-26 03:44:06.763587,True,0.2724296044444445,Trade,,2018-08-26,29372.537217496945,0.2724296044444445,True,12.212811286745447,8.816621842761233,-0.5300659203092116,-0.147649994892784,0.0,0.0,0.0,0.24092814723995365
XBTUSD,2018-08-26 03:44:06.763587,long,749999,2018-08-26 06:12:39.602501,True,2.475788587222222,Trade,,2018-08-26,29372.2647878925,2.475788587222222,True,12.212811286745447,8.816621842761233,-0.5300659203092116,-0.147649994892784,0.0,0.0,0.0,1.2458213848464206
XBTUSD,2018-08-26 06:12:39.602501,short,1399099,2018-08-28 16:20:11.795493,True,58.12560916444444,Trade,,2018-08-26,29369.788999305278,58.12560916444444,True,12.212811286745447,8.816621842761233,-0.5300659203092116,-0.147649994892784,0.0,0.0,0.0,4.079664149751739
XBTUSD,2018-08-28 16:20:11.795493,long,499999,2018-08-28 18:28:37.863686,True,2.1405744980555554,Trade,,2018-08-28,29311.66339014083,2.1405744980555554,True,12.16299168138197,8.830420042876115,-0.5434139178298174,-0.1649745670486051,0.0,0.0,0.0,1.144405744348999
XBTUSD,2018-08-28 18:28:37.863686,short,750001,2018-08-28 23:52:50.998960,True,5.403648687222223,Trade,,2018-08-28,29309.52281564278,5.403648687222223,True,12.16299168138197,8.830420042876115,-0.5434139178298174,-0.1649745670486051,0.0,0.0,0.0,1.8568679352946265
XBTUSD,2018-08-28 23:52:50.998960,long,1750001,2018-09-02 00:51:48.555936,True,96.98265471555555,Trade,,2018-08-28,29304.119166955556,96.98265471555555,True,12.16299168138197,8.830420042876115,-0.5434139178298174,-0.1649745670486051,0.0,0.0,0.0,4.584790470307103
XBTUSD,2018-09-02 00:51:48.555936,short,250001,2018-09-02 16:09:55.028109,True,15.301797825833336,Trade,,2018-09-02,29207.136512240002,15.301797825833336,True,12.275278101701884,8.880773594324454,-0.5517841319890824,-0.0464478717828589,0.0,0.0,0.0,2.7912753977939477
XBTUSD,2018-09-02 16:09:55.028109,long,249999,2018-09-02 21:18:04.632725,True,5.136001282222223,Trade,,2018-09-02,29191.834714414166,5.136001282222223,True,12.275278101701884,8.880773594324454,-0.5517841319890824,-0.0464478717828589,0.0,0.0,0.0,1.814173273032049
XBTUSD,2018-09-02 21:18:04.632725,short,1306049,2018-09-05 11:45:40.526751,True,62.45997056277778,Trade,,2018-09-02,29186.698713131944,62.45997056277778,True,12.275278101701884,8.880773594324454,-0.5517841319890824,-0.0464478717828589,0.0,0.0,0.0,4.150409322284437
XBTUSD,2018-09-05 11:45:40.526751,long,499999,2018-09-05 12:02:12.923772,True,0.2756658391666666,Trade,,2018-09-05,29124.238742569167,0.2756658391666666,True,12.3232857871784,8.903653714846001,-0.6157843169703181,0.0465362503496145,0.0,0.0,0.0,0.24346826909481653
XBTUSD,2018-09-05 12:02:12.923772,short,250001,2018-09-05 12:51:09.172967,True,0.8156247763888889,Trade,,2018-09-05,29123.963076729997,0.8156247763888889,True,12.3232857871784,8.903653714846001,-0.6157843169703181,0.0465362503496145,0.0,0.0,0.0,0.5964296378988275
XBTUSD,2018-09-05 12:51:09.172967,long,499999,2018-09-05 12:58:19.633944,True,0.1195724936111111,Trade,,2018-09-05,29123.14745195361,0.1195724936111111,True,12.3232857871784,8.903653714846001,-0.6157843169703181,0.0465362503496145,0.0,0.0,0.0,0.11294691030726464
XBTUSD,2018-09-05 12:58:19.633944,short,500001,2018-09-05 15:48:18.668356,True,2.8330651144444445,Trade,,2018-09-05,29123.027879459998,2.8330651144444445,True,12.3232857871784,8.903653714846001,-0.6157843169703181,0.0465362503496145,0.0,0.0,0.0,1.3436647741081424
XBTUSD,2018-09-05 15:48:18.668356,long,2299999,2018-09-06 00:58:29.245320,True,9.169604712222222,Trade,,2018-09-05,29120.194814345556,9.169604712222222,True,12.3232857871784,8.903653714846001,-0.6157843169703181,0.0465362503496145,0.0,0.0,0.0,2.3194033412836736
XBTUSD,2018-09-06 00:58:29.245320,short,489978,2018-09-06 01:06:32.935673,True,0.1343584313888889,Trade,,2018-09-06,29111.02520963333,0.1343584313888889,True,12.218600624900686,8.823338366233914,-0.4957065383152145,-0.0200712479820361,0.0,0.0,0.0,0.12606723242624124
XBTUSD,2018-09-06 01:06:32.935673,long,10022,2018-09-06 01:10:52.948998,True,0.0722259236111111,Trade,,2018-09-06,29110.890851201944,0.0722259236111111,True,12.218600624900686,8.823338366233914,-0.4957065383152145,-0.0200712479820361,0.0,0.0,0.0,0.06973679008125563
XBTUSD,2018-09-06 01:10:52.948998,short,1329517,2018-09-06 05:42:09.060376,True,4.521142049444444,Trade,,2018-09-06,29110.81862527833,4.521142049444444,True,12.218600624900686,8.823338366233914,-0.4957065383152145,-0.0200712479820361,0.0,0.0,0.0,1.7085847319048935
XBTUSD,2018-09-06 05:42:09.060376,long,249999,2018-09-06 07:47:25.674898,True,2.0879484783333333,Trade,,2018-09-06,29106.29748322889,2.0879484783333333,True,12.218600624900686,8.823338366233914,-0.4957065383152145,-0.0200712479820361,0.0,0.0,0.0,1.1275069475457948
XBTUSD,2018-09-06 07:47:25.674898,short,750001,2018-09-06 09:36:24.541040,True,1.816351706111111,Trade,,2018-09-06,29104.209534750556,1.816351706111111,True,12.218600624900686,8.823338366233914,-0.4957065383152145,-0.0200712479820361,0.0,0.0,0.0,1.0354423261330332
XBTUSD,2018-09-06 09:36:24.541040,long,249999,2018-09-06 09:37:10.827865,True,0.0128574513888888,Trade,,2018-09-06,29102.393183044445,0.0128574513888888,True,12.218600624900686,8.823338366233914,-0.4957065383152145,-0.0200712479820361,0.0,0.0,0.0,0.012775496103940407
XBTUSD,2018-09-06 09:37:10.827865,short,1500001,2018-09-06 17:40:28.447590,True,8.054894368055555,Trade,,2018-09-06,29102.380325593054,8.054894368055555,True,12.218600624900686,8.823338366233914,-0.4957065383152145,-0.0200712479820361,0.0,0.0,0.0,2.203305425674352
XBTUSD,2018-09-06 17:40:28.447590,long,999999,2018-09-06 20:24:34.990459,True,2.7351507969444446,Trade,,2018-09-06,29094.325431225003,2.7351507969444446,True,12.218600624900686,8.823338366233914,-0.4957065383152145,-0.0200712479820361,0.0,0.0,0.0,1.3177881917843488
XBTUSD,2018-09-06 20:24:34.990459,short,750001,2018-09-08 17:49:07.201145,True,45.40894741277778,Trade,,2018-09-06,29091.590280428056,45.40894741277778,True,12.218600624900686,8.823338366233914,-0.4957065383152145,-0.0200712479820361,0.0,0.0,0.0,3.8374922728144107
XBTUSD,2018-09-08 17:49:07.201145,long,249999,2018-09-09 05:48:12.650544,True,11.984847055277775,Trade,,2018-09-08,29046.18133301528,11.984847055277775,True,11.707506632771079,8.76540448455191,-0.5610046746244041,0.0225396821894496,0.0,0.0,0.0,2.5637830664760544
XBTUSD,2018-09-09 05:48:12.650544,short,1,2018-09-09 09:32:01.238134,True,3.730163219444444,Trade,,2018-09-09,29034.196485959998,3.730163219444444,True,11.70127939990598,8.730333355647613,-0.5791454891236586,-0.056465528156795,0.0,0.0,0.0,1.5539597091906026
XBTUSD,2018-09-09 09:32:56.768376,short,500000,2018-09-09 09:34:27.566308,True,0.0252216477777777,Trade,,2018-09-09,29030.450897673334,0.0252216477777777,True,11.70127939990598,8.730333355647613,-0.5791454891236586,-0.056465528156795,0.0,0.0,0.0,0.024908830947914896
XBTUSD,2018-09-09 09:34:43.054678,long,750001,2018-09-09 14:00:35.957213,True,4.431361815277778,Trade,,2018-09-09,29030.421373700556,4.431361815277778,True,11.70127939990598,8.730333355647613,-0.5791454891236586,-0.056465528156795,0.0,0.0,0.0,1.6921898972125642
XBTUSD,2018-09-09 14:00:35.957213,short,250001,2018-09-09 22:48:44.429714,True,8.8023534725,Trade,,2018-09-09,29025.99001188528,8.8023534725,True,11.70127939990598,8.730333355647613,-0.5791454891236586,-0.056465528156795,0.0,0.0,0.0,2.2826225071001716
XBTUSD,2018-09-09 22:48:44.429714,long,999999,2018-09-10 01:44:19.499144,True,2.926408175,Trade,,2018-09-09,29017.18765841278,2.926408175,True,11.70127939990598,8.730333355647613,-0.5791454891236586,-0.056465528156795,0.0,0.0,0.0,1.36772505759219
XBTUSD,2018-09-10 01:44:19.499144,short,1,2018-09-10 17:13:11.637664,True,15.481149588888888,Trade,,2018-09-10,29014.261250237778,15.481149588888888,True,11.755816678473018,8.74021614511402,-0.6720868445293634,0.0184972362635904,0.0,0.0,0.0,2.802217278655782
XBTUSD,2018-09-10 17:13:11.637664,long,173326,2018-09-10 17:18:40.820549,True,0.0914396902777777,Trade,,2018-09-10,28998.780100648888,0.0914396902777777,True,11.755816678473018,8.74021614511402,-0.6720868445293634,0.0184972362635904,0.0,0.0,0.0,0.08749764149850757
XBTUSD,2018-09-10 17:18:40.820549,short,1,2018-09-10 18:09:37.187551,True,0.8489908338888889,Trade,,2018-09-10,28998.68866095861,0.8489908338888889,True,11.755816678473018,8.74021614511402,-0.6720868445293634,0.0184972362635904,0.0,0.0,0.0,0.6146399950584054
XBTUSD,2018-09-10 18:09:37.187551,long,249999,2018-09-10 19:15:24.989611,True,1.0966116833333333,Trade,,2018-09-10,28997.839670124722,1.0966116833333333,True,11.755816678473018,8.74021614511402,-0.6720868445293634,0.0184972362635904,0.0,0.0,0.0,0.7403225575350382
XBTUSD,2018-09-10 19:15:24.989611,short,500001,2018-09-13 06:55:29.699306,True,59.667974915277775,Trade,,2018-09-10,28996.74305844139,59.667974915277775,True,11.755816678473018,8.74021614511402,-0.6720868445293634,0.0184972362635904,0.0,0.0,0.0,4.10541596271372
XBTUSD,2018-09-13 06:55:29.699306,long,1,2018-09-13 08:52:08.996445,True,1.9442492052777776,Trade,,2018-09-13,28937.075083526113,1.9442492052777776,True,11.92087530698083,8.752666239259797,-0.6904731079694861,0.0098451668429073,0.0,0.0,0.0,1.0798538458159987
XBTUSD,2018-09-13 08:52:08.996445,short,999999,2018-09-14 08:06:09.558571,True,23.233489479444447,Trade,,2018-09-13,28935.130834320833,23.233489479444447,True,11.92087530698083,8.752666239259797,-0.6904731079694861,0.0098451668429073,0.0,0.0,0.0,3.1877355392939797
XBTUSD,2018-09-14 08:06:09.558571,long,312819,2018-09-14 08:08:16.770936,True,0.0353367680555555,Trade,,2018-09-14,28911.89734484139,0.0353367680555555,True,11.708188281377462,8.778158372466121,-0.6804121730125499,0.0494893596284957,0.0,0.0,0.0,0.03472675355663885
XBTUSD,2018-09-14 08:08:16.770936,short,767421,2018-09-21 15:18:11.243797,True,175.16513135027776,Trade,,2018-09-14,28911.862008073334,168.0,True,11.708188281377462,8.778158372466121,-0.6804121730125499,0.0494893596284957,0.0,0.0,0.0,5.1298987149230735
XBTUSD,2018-09-24 00:03:50.717981,long,200000,2018-09-24 05:30:07.676989,True,5.438044168888889,Trade,,2018-09-24,28679.935911671946,5.438044168888889,True,10.114144397157546,8.810330882306975,-0.7644960965388983,0.0008069852414498,0.0,0.0,0.0,1.8622247935068394
XBTUSD,2018-09-24 05:30:07.676989,short,15714,2018-09-25 07:41:23.085795,True,26.187613557222225,Trade,,2018-09-24,28674.497867503054,26.187613557222225,True,10.114144397157546,8.810330882306975,-0.7644960965388983,0.0008069852414498,0.0,0.0,0.0,3.302761485657549
XBTUSD,2018-09-25 07:41:23.085795,long,1,2018-10-10 09:17:26.456324,True,361.6009362580555,Trade,,2018-09-25,28648.310253945834,168.0,True,10.029452539217134,8.791264810919632,-0.756097184543689,-0.025038242510863,0.0,0.0,0.0,5.1298987149230735
XBTUSD,2018-10-10 09:17:26.456324,short,499999,2018-10-10 10:28:32.799738,True,1.185095392777778,Trade,,2018-10-10,28286.70931768778,1.185095392777778,True,11.137834670488525,8.793373666678999,-1.2407620508556496,0.0545957536097074,0.0,0.0,0.0,0.7816594856164362
XBTUSD,2018-10-10 10:28:32.799738,long,1,2018-10-10 12:15:59.608189,True,1.7907801252777775,Trade,,2018-10-10,28285.524222295,1.7907801252777775,True,11.137834670488525,8.793373666678999,-1.2407620508556496,0.0545957536097074,0.0,0.0,0.0,1.0263211715432454
XBTUSD,2018-10-10 12:15:59.608189,short,999999,2018-10-10 16:03:12.850809,True,3.787011838888889,Trade,,2018-10-10,28283.733442169723,3.787011838888889,True,11.137834670488525,8.793373666678999,-1.2407620508556496,0.0545957536097074,0.0,0.0,0.0,1.5659063835405682
XBTUSD,2018-10-10 16:03:12.850809,long,1,2018-10-10 18:35:40.273364,True,2.540950709722222,Trade,,2018-10-10,28279.946430330834,2.540950709722222,True,11.137834670488525,8.793373666678999,-1.2407620508556496,0.0545957536097074,0.0,0.0,0.0,1.2643952531577705
XBTUSD,2018-10-10 18:35:40.273364,short,1000001,2018-10-11 13:46:25.357931,True,19.1791901575,Trade,,2018-10-10,28277.405479621113,19.1791901575,True,11.137834670488525,8.793373666678999,-1.2407620508556496,0.0545957536097074,0.0,0.0,0.0,3.0046518831737132
XBTUSD,2018-10-11 13:46:25.357931,long,499999,2018-10-11 14:06:26.134815,True,0.3335491344444444,Trade,,2018-10-11,28258.22628946361,0.3335491344444444,True,11.130629885553603,8.784024760449732,-1.2345404262170914,0.0371246078971629,0.0,0.0,0.0,0.2878439101886812
XBTUSD,2018-10-11 14:06:26.134815,short,1,2018-10-11 15:04:42.361986,True,0.9711742141666668,Trade,,2018-10-11,28257.892740329164,0.9711742141666668,True,11.130629885553603,8.784024760449732,-1.2345404262170914,0.0371246078971629,0.0,0.0,0.0,0.6786294129843005
XBTUSD,2018-10-11 15:04:42.361986,long,1087203,2018-10-11 22:36:46.783019,True,7.534561398055555,Trade,,2018-10-11,28256.921566115,7.534561398055555,True,11.130629885553603,8.784024760449732,-1.2345404262170914,0.0371246078971629,0.0,0.0,0.0,2.14412396629744
XBTUSD,2018-10-11 22:36:46.783019,short,750001,2018-10-11 23:47:37.867408,True,1.180856774722222,Trade,,2018-10-11,28249.387004716944,1.180856774722222,True,11.130629885553603,8.784024760449732,-1.2345404262170914,0.0371246078971629,0.0,0.0,0.0,0.779717815518092
XBTUSD,2018-10-11 23:47:37.867408,long,10922,2018-10-11 23:48:32.158182,True,0.0150807705555555,Trade,,2018-10-11,28248.20614794222,0.0150807705555555,True,11.130629885553603,8.784024760449732,-1.2345404262170914,0.0371246078971629,0.0,0.0,0.0,0.014968186229702073
XBTUSD,2018-10-11 23:48:32.158182,short,239078,2018-10-11 23:53:12.768527,True,0.0779473180555555,Trade,,2018-10-11,28248.19106717167,0.0779473180555555,True,11.130629885553603,8.784024760449732,-1.2345404262170914,0.0371246078971629,0.0,0.0,0.0,0.07505860121428982
XBTUSD,2018-10-11 23:53:12.768527,long,10922,2018-10-11 23:55:42.025948,True,0.0414603947222222,Trade,,2018-10-11,28248.11311985361,0.0414603947222222,True,11.130629885553603,8.784024760449732,-1.2345404262170914,0.0371246078971629,0.0,0.0,0.0,0.04062395384482835
XBTUSD,2018-10-11 23:55:42.025948,short,499078,2018-10-12 09:55:06.490090,True,9.990128928333332,Trade,,2018-10-11,28248.07165945889,9.990128928333332,True,11.130629885553603,8.784024760449732,-1.2345404262170914,0.0371246078971629,0.0,0.0,0.0,2.3969974997692227
XBTUSD,2018-10-12 09:55:06.490090,long,499999,2018-10-12 12:55:44.045220,True,3.010431980555556,Trade,,2018-10-12,28238.081530530555,3.010431980555556,True,11.253843827686696,8.725710562557644,-1.028744679278063,-0.0189813534313155,0.0,0.0,0.0,1.388898961340796
XBTUSD,2018-10-12 12:55:44.045220,short,1,2018-10-15 05:18:24.451101,True,64.37789052250001,Trade,,2018-10-12,28235.07109855,64.37789052250001,True,11.253843827686696,8.725710562557644,-1.028744679278063,-0.0189813534313155,0.0,0.0,0.0,4.180184135900963
XBTUSD,2018-10-15 05:18:24.451101,long,499999,2018-10-15 06:36:23.963567,True,1.299864573888889,Trade,,2018-10-15,28170.6932080275,1.299864573888889,True,11.289000562207315,8.729539355255781,-1.0668597015148786,-0.0480108937711869,0.0,0.0,0.0,0.8328502402836804
XBTUSD,2018-10-15 06:36:23.963567,short,250001,2018-10-15 07:23:00.001318,True,0.7766771530555555,Trade,,2018-10-15,28169.39334345361,0.7766771530555555,True,11.289000562207315,8.729539355255781,-1.0668597015148786,-0.0480108937711869,0.0,0.0,0.0,0.5747448517749016
XBTUSD,2018-10-15 07:23:00.001318,long,730552,2018-10-15 12:11:40.961321,True,4.811377778611111,Trade,,2018-10-15,28168.616666300557,4.811377778611111,True,11.289000562207315,8.729539355255781,-1.0668597015148786,-0.0480108937711869,0.0,0.0,0.0,1.7598176819265205
XBTUSD,2018-10-15 12:11:40.961321,short,250001,2018-10-15 22:59:19.056988,True,10.793915463055557,Trade,,2018-10-15,28163.805288521944,10.793915463055557,True,11.289000562207315,8.729539355255781,-1.0668597015148786,-0.0480108937711869,0.0,0.0,0.0,2.4675837597601493
XBTUSD,2018-10-15 22:59:19.056988,long,249999,2018-10-16 00:00:29.471666,True,1.0195596327777778,Trade,,2018-10-15,28153.01137305889,1.0195596327777778,True,11.289000562207315,8.729539355255781,-1.0668597015148786,-0.0480108937711869,0.0,0.0,0.0,0.7028794840715223
XBTUSD,2018-10-16 00:00:29.471666,short,250001,2018-10-16 06:18:02.336062,True,6.292462332222223,Trade,,2018-10-16,28151.991813426113,6.292462332222223,True,11.673147731096657,8.770705378379693,-0.9815705842935428,-0.0124843937926082,0.0,0.0,0.0,1.98684125747005
XBTUSD,2018-10-16 06:18:02.336062,long,249999,2018-10-16 08:05:36.688341,True,1.7928756330555555,Trade,,2018-10-16,28145.69935109389,1.7928756330555555,True,11.673147731096657,8.770705378379693,-0.9815705842935428,-0.0124843937926082,0.0,0.0,0.0,1.0270717578855468
XBTUSD,2018-10-16 08:05:36.688341,short,1,2018-10-16 08:09:52.014464,True,0.0709239230555555,Trade,,2018-10-16,28143.90647546083,0.0709239230555555,True,11.673147731096657,8.770705378379693,-0.9815705842935428,-0.0124843937926082,0.0,0.0,0.0,0.06852175538103598
XBTUSD,2018-10-16 08:09:52.014464,long,249999,2018-10-16 13:24:49.487943,True,5.249298188611111,Trade,,2018-10-16,28143.835551537777,5.249298188611111,True,11.673147731096657,8.770705378379693,-0.9815705842935428,-0.0124843937926082,0.0,0.0,0.0,1.8324691676211138
XBTUSD,2018-10-16 13:24:49.487943,short,1,2018-10-18 22:09:04.971135,True,56.73763422,Trade,,2018-10-16,28138.586253349167,56.73763422,True,11.673147731096657,8.770705378379693,-0.9815705842935428,-0.0124843937926082,0.0,0.0,0.0,4.055909200413039
XBTUSD,2018-10-18 22:09:04.971135,long,499999,2018-10-18 23:21:37.434072,True,1.2090174825,Trade,,2018-10-18,28081.848619129167,1.2090174825,True,11.651669479471803,8.770707750992932,-1.0498579290879702,0.0294212724945788,0.0,0.0,0.0,0.7925478386212396
XBTUSD,2018-10-18 23:21:37.434072,short,250001,2018-11-09 08:15:10.473819,True,512.8925110408334,Trade,,2018-10-18,28080.639601646664,168.0,True,11.651669479471803,8.770707750992932,-1.0498579290879702,0.0294212724945788,0.0,0.0,0.0,5.1298987149230735
XBTUSD,2018-11-09 08:15:10.473819,long,1,2018-11-15 01:30:49.245356,True,137.2607698713889,Trade,,2018-11-09,27567.747090605833,137.2607698713889,True,11.86996382073198,8.765107859550652,-1.2582861461752657,-0.0278700666099283,0.0,0.0,0.0,4.92914153878882
XBTUSD,2018-11-15 01:30:49.245356,short,499999,2018-11-15 02:06:36.765383,True,0.5965333408333333,Trade,,2018-11-15,27430.486320734446,0.5965333408333333,True,11.889611105957211,8.625914555894754,-0.8499059456934129,-0.1347967447495683,0.0,0.0,0.0,0.46783461665857384
XBTUSD,2018-11-15 02:06:36.765383,long,1,2018-11-17 18:11:49.299890,True,64.08681514083334,Trade,,2018-11-15,27429.88978739361,64.08681514083334,True,11.889611105957211,8.625914555894754,-0.8499059456934129,-0.1347967447495683,0.0,0.0,0.0,4.175721996303194
XBTUSD,2018-11-17 18:11:49.299890,short,199999,2018-11-17 18:35:09.487951,True,0.3889411280555556,Trade,,2018-11-17,27365.80297225278,0.3889411280555556,True,12.045033977051768,8.611778787164086,-0.8519812973595418,-0.1469430452832996,0.0,0.0,0.0,0.328541678464715
XBTUSD,2018-11-17 18:35:09.487951,long,1,2018-11-17 18:38:03.687601,True,0.0483887916666666,Trade,,2018-11-17,27365.414031124725,0.0483887916666666,True,12.045033977051768,8.611778787164086,-0.8519812973595418,-0.1469430452832996,0.0,0.0,0.0,0.04725450151590536
XBTUSD,2018-11-17 18:38:03.687601,short,199999,2018-11-18 00:47:14.117358,True,6.152897154722223,Trade,,2018-11-17,27365.365642333054,6.152897154722223,True,12.045033977051768,8.611778787164086,-0.8519812973595418,-0.1469430452832996,0.0,0.0,0.0,1.9675174711006442
XBTUSD,2018-11-18 00:47:14.117358,long,6248,2018-11-18 23:10:05.753281,True,22.38100997861111,Trade,,2018-11-18,27359.212745178334,22.38100997861111,True,12.034457938069703,8.61270195885422,-0.8508461418975511,-0.1399812862631865,0.0,0.0,0.0,3.1519241535117155
XBTUSD,2018-11-18 23:10:05.753281,short,7607,2018-11-19 04:26:53.765833,True,5.280003486666667,Trade,,2018-11-18,27336.831735199725,5.280003486666667,True,12.034457938069703,8.61270195885422,-0.8508461418975511,-0.1399812862631865,0.0,0.0,0.0,1.8373705356816517
XBTUSD,2018-11-19 04:27:03.730479,long,1,2018-11-19 04:27:13.080234,True,0.0025971541666666,Trade,,2018-11-19,27331.54896375583,0.0025971541666666,True,11.995361137430068,8.622521447465475,-0.8437506142037448,-0.1296712217022965,0.0,0.0,0.0,0.002593787389882884
XBTUSD,2018-11-19 05:18:23.124957,short,200001,2018-11-19 14:36:33.530908,True,9.302890541944445,Trade,,2018-11-19,27330.693576400834,9.302890541944445,True,11.995361137430068,8.622521447465475,-0.8437506142037448,-0.1296712217022965,0.0,0.0,0.0,2.332424491005152
XBTUSD,2018-11-19 14:36:33.530908,long,199999,2018-11-19 14:55:38.820415,True,0.3181359741666666,Trade,,2018-11-19,27321.39068585889,0.3181359741666666,True,11.995361137430068,8.622521447465475,-0.8437506142037448,-0.1296712217022965,0.0,0.0,0.0,0.27621859780499103
XBTUSD,2018-11-19 14:55:38.820415,short,1,2018-11-19 16:33:35.973841,True,1.6325426183333334,Trade,,2018-11-19,27321.07254988472,1.6325426183333334,True,11.995361137430068,8.622521447465475,-0.8437506142037448,-0.1296712217022965,0.0,0.0,0.0,0.9679501541953598
XBTUSD,2018-11-19 16:33:35.973841,long,199999,2018-11-19 16:39:43.247909,True,0.1020205744444444,Trade,,2018-11-19,27319.44000726639,0.1020205744444444,True,11.995361137430068,8.622521447465475,-0.8437506142037448,-0.1296712217022965,0.0,0.0,0.0,0.09714538065121582
XBTUSD,2018-11-19 16:39:43.247909,short,1,2018-11-19 17:02:18.847489,True,0.3765554388888889,Trade,,2018-11-19,27319.337986691946,0.3765554388888889,True,11.995361137430068,8.622521447465475,-0.8437506142037448,-0.1296712217022965,0.0,0.0,0.0,0.3195843200447757
XBTUSD,2018-11-19 17:02:18.847489,long,199999,2018-11-19 17:07:38.608963,True,0.0888226316666666,Trade,,2018-11-19,27318.961431253058,0.0888226316666666,True,11.995361137430068,8.622521447465475,-0.8437506142037448,-0.1296712217022965,0.0,0.0,0.0,0.08509695801957581
XBTUSD,2018-11-19 17:07:38.608963,short,1,2018-11-19 17:20:27.886884,True,0.2136883113888888,Trade,,2018-11-19,27318.87260862139,0.2136883113888888,True,11.995361137430068,8.622521447465475,-0.8437506142037448,-0.1296712217022965,0.0,0.0,0.0,0.19366391452344275
XBTUSD,2018-11-19 17:20:27.886884,long,199999,2018-11-19 18:15:07.802673,True,0.9110877191666668,Trade,,2018-11-19,27318.658920309997,0.9110877191666668,True,11.995361137430068,8.622521447465475,-0.8437506142037448,-0.1296712217022965,0.0,0.0,0.0,0.6476725664373487
XBTUSD,2018-11-19 18:15:07.802673,short,1,2018-11-19 18:32:27.311717,True,0.2887525122222222,Trade,,2018-11-19,27317.747832590834,0.2887525122222222,True,11.995361137430068,8.622521447465475,-0.8437506142037448,-0.1296712217022965,0.0,0.0,0.0,0.25367470569512274
XBTUSD,2018-11-19 18:32:27.311717,long,399999,2018-11-19 20:01:04.196745,True,1.4769125077777776,Trade,,2018-11-19,27317.45908007861,1.4769125077777776,True,11.995361137430068,8.622521447465475,-0.8437506142037448,-0.1296712217022965,0.0,0.0,0.0,0.9070128280334832
XBTUSD,2018-11-19 20:01:04.196745,short,1,2018-11-19 20:45:29.073462,True,0.7402435325000001,Trade,,2018-11-19,27315.982167570834,0.7402435325000001,True,11.995361137430068,8.622521447465475,-0.8437506142037448,-0.1296712217022965,0.0,0.0,0.0,0.5540250646396784
XBTUSD,2018-11-19 20:45:29.073462,long,800001,2018-11-19 22:37:44.797436,True,1.8710344372222223,Trade,,2018-11-19,27315.241924038335,1.8710344372222223,True,11.995361137430068,8.622521447465475,-0.8437506142037448,-0.1296712217022965,0.0,0.0,0.0,1.0546723959197313
XBTUSD,2018-11-19 22:37:44.797436,short,399999,2018-11-19 22:42:54.598178,True,0.0860557616666666,Trade,,2018-11-19,27313.370889601112,0.0860557616666666,True,11.995361137430068,8.622521447465475,-0.8437506142037448,-0.1296712217022965,0.0,0.0,0.0,0.08255256611132807
XBTUSD,2018-11-19 22:42:54.598178,long,1,2018-11-19 22:56:29.252267,True,0.2262928025,Trade,,2018-11-19,27313.284833839443,0.2262928025,True,11.995361137430068,8.622521447465475,-0.8437506142037448,-0.1296712217022965,0.0,0.0,0.0,0.20399563648704028
XBTUSD,2018-11-19 22:56:29.252267,short,133161,2018-11-20 11:05:39.990669,True,12.152982889444443,Trade,,2018-11-19,27313.058541036942,12.152982889444443,True,11.995361137430068,8.622521447465475,-0.8437506142037448,-0.1296712217022965,0.0,0.0,0.0,2.5766485685996434
XBTUSD,2018-11-20 11:05:39.990669,long,600001,2018-11-20 14:36:23.400575,True,3.5120583072222225,Trade,,2018-11-20,27300.9055581475,3.5120583072222225,True,11.871077541157359,8.474744880090752,-0.4193104127358891,-0.2521830499894034,0.0,0.0,0.0,1.506753436812221
XBTUSD,2018-11-20 14:36:23.400575,short,999999,2018-11-20 17:24:18.956788,True,2.798765614722222,Trade,,2018-11-20,27297.39349984028,2.798765614722222,True,11.871077541157359,8.474744880090752,-0.4193104127358891,-0.2521830499894034,0.0,0.0,0.0,1.3346761757299792
XBTUSD,2018-11-20 17:24:18.956788,long,799999,2018-11-20 18:07:24.765835,True,0.7182802908333333,Trade,,2018-11-20,27294.594734225553,0.7182802908333333,True,11.871077541157359,8.474744880090752,-0.4193104127358891,-0.2521830499894034,0.0,0.0,0.0,0.5413239597501694
XBTUSD,2018-11-20 18:07:24.765835,short,172852,2018-11-20 18:10:53.407630,True,0.0579560541666666,Trade,,2018-11-20,27293.87645393472,0.0579560541666666,True,11.871077541157359,8.474744880090752,-0.4193104127358891,-0.2521830499894034,0.0,0.0,0.0,0.05633879586896093
XBTUSD,2018-11-20 18:10:53.407630,long,26738,2018-11-20 18:12:07.653186,True,0.0206237655555555,Trade,,2018-11-20,27293.818497880555,0.0206237655555555,True,11.871077541157359,8.474744880090752,-0.4193104127358891,-0.2521830499894034,0.0,0.0,0.0,0.020413975243323893
XBTUSD,2018-11-20 18:12:07.653186,short,200001,2018-11-20 18:33:21.963937,True,0.3539752086111111,Trade,,2018-11-20,27293.797874115,0.3539752086111111,True,11.871077541157359,8.474744880090752,-0.4193104127358891,-0.2521830499894034,0.0,0.0,0.0,0.3030448645817719
XBTUSD,2018-11-20 18:33:21.963937,long,179654,2018-11-20 18:34:08.628915,True,0.0129624938888888,Trade,,2018-11-20,27293.44389890639,0.0129624938888888,True,11.871077541157359,8.474744880090752,-0.4193104127358891,-0.2521830499894034,0.0,0.0,0.0,0.012879199792255843
XBTUSD,2018-11-20 18:34:08.628915,short,232510,2018-11-20 21:04:47.403261,True,2.510770651666667,Trade,,2018-11-20,27293.4309364125,2.510770651666667,True,11.871077541157359,8.474744880090752,-0.4193104127358891,-0.2521830499894034,0.0,0.0,0.0,1.2558355722576433
XBTUSD,2018-11-20 21:04:47.403261,long,1,2018-11-20 21:14:23.233228,True,0.1599527686111111,Trade,,2018-11-20,27290.920165760832,0.1599527686111111,True,11.871077541157359,8.474744880090752,-0.4193104127358891,-0.2521830499894034,0.0,0.0,0.0,0.14837928757476596
XBTUSD,2018-11-20 21:14:23.233228,short,199999,2018-11-20 21:16:10.882926,True,0.0299026938888888,Trade,,2018-11-20,27290.760212992223,0.0299026938888888,True,11.871077541157359,8.474744880090752,-0.4193104127358891,-0.2521830499894034,0.0,0.0,0.0,0.029464325826253277
XBTUSD,2018-11-20 21:16:10.882926,long,1,2018-11-20 21:19:43.432698,True,0.0590416033333333,Trade,,2018-11-20,27290.73031029833,0.0590416033333333,True,11.871077541157359,8.474744880090752,-0.4193104127358891,-0.2521830499894034,0.0,0.0,0.0,0.057364351337070206
XBTUSD,2018-11-20 21:19:43.432698,short,199999,2018-11-20 21:21:18.508260,True,0.0264098783333333,Trade,,2018-11-20,27290.671268695,0.0264098783333333,True,11.871077541157359,8.474744880090752,-0.4193104127358891,-0.2521830499894034,0.0,0.0,0.0,0.0260671585260295
XBTUSD,2018-11-20 21:21:18.508260,long,1,2018-11-20 21:21:39.883168,True,0.0059374744444444,Trade,,2018-11-20,27290.644858816668,0.0059374744444444,True,11.871077541157359,8.474744880090752,-0.4193104127358891,-0.2521830499894034,0.0,0.0,0.0,0.005919917106274822
XBTUSD,2018-11-20 21:21:39.883168,short,199999,2018-11-20 21:27:07.959199,True,0.0911322308333333,Trade,,2018-11-20,27290.638921342223,0.0911322308333333,True,11.871077541157359,8.474744880090752,-0.4193104127358891,-0.2521830499894034,0.0,0.0,0.0,0.08721590100372317
XBTUSD,2018-11-20 21:27:07.959199,long,200001,2018-11-21 04:10:05.201581,True,6.715900661666667,Trade,,2018-11-20,27290.54778911139,6.715900661666667,True,11.871077541157359,8.474744880090752,-0.4193104127358891,-0.2521830499894034,0.0,0.0,0.0,2.043283220630212
XBTUSD,2018-11-21 04:10:05.201581,short,800001,2018-11-21 17:15:39.794581,True,13.0929425,Trade,,2018-11-21,27283.83188844972,13.0929425,True,12.04111522580217,8.370438913661145,-0.30914891602581324,-0.3269989849939704,0.0,0.0,0.0,2.6456741401613146
XBTUSD,2018-11-21 17:15:39.794581,long,199999,2018-11-21 17:16:04.927911,True,0.0069814805555555,Trade,,2018-11-21,27270.738945949724,0.0069814805555555,True,12.04111522580217,8.370438913661145,-0.30914891602581324,-0.3269989849939704,0.0,0.0,0.0,0.0069572228578359185
XBTUSD,2018-11-21 17:16:04.927911,short,1,2018-11-21 17:22:10.311416,True,0.1014954180555555,Trade,,2018-11-21,27270.731964469167,0.1014954180555555,True,12.04111522580217,8.370438913661145,-0.30914891602581324,-0.3269989849939704,0.0,0.0,0.0,0.09666872751992997
XBTUSD,2018-11-21 17:22:10.311416,long,199999,2018-11-21 17:25:20.948076,True,0.0529546277777777,Trade,,2018-11-21,27270.63046905111,0.0529546277777777,True,12.04111522580217,8.370438913661145,-0.30914891602581324,-0.3269989849939704,0.0,0.0,0.0,0.05160014369337543
XBTUSD,2018-11-21 17:25:20.948076,short,431987,2018-11-21 21:40:36.961988,True,4.254448308888889,Trade,,2018-11-21,27270.577514423334,4.254448308888889,True,12.04111522580217,8.370438913661145,-0.30914891602581324,-0.3269989849939704,0.0,0.0,0.0,1.6590750147813373
XBTUSD,2018-11-21 21:40:36.961988,long,199999,2018-11-21 21:41:49.281183,True,0.0200886652777777,Trade,,2018-11-21,27266.323066114444,0.0200886652777777,True,12.04111522580217,8.370438913661145,-0.30914891602581324,-0.3269989849939704,0.0,0.0,0.0,0.019889550261188643
XBTUSD,2018-11-21 21:41:49.281183,short,1,2018-11-21 21:42:33.654855,True,0.01232602,Trade,,2018-11-21,27266.302977449166,0.01232602,True,12.04111522580217,8.370438913661145,-0.30914891602581324,-0.3269989849939704,0.0,0.0,0.0,0.012250673134965234
XBTUSD,2018-11-21 21:42:33.654855,long,600001,2018-11-22 19:17:17.793405,True,21.578927375,Trade,,2018-11-21,27266.290651429168,21.578927375,True,12.04111522580217,8.370438913661145,-0.30914891602581324,-0.3269989849939704,0.0,0.0,0.0,3.117017054271674
XBTUSD,2018-11-22 19:17:17.793405,short,399999,2018-11-22 23:25:56.967541,True,4.144215037777777,Trade,,2018-11-22,27244.711724054167,4.144215037777777,True,12.114563552691891,8.422733492036743,-0.2639674729758298,-0.2900595925922353,0.0,0.0,0.0,1.6378727896731147
XBTUSD,2018-11-22 23:25:56.967541,long,199999,2018-11-22 23:26:38.886679,True,0.011644205,Trade,,2018-11-22,27240.56750901639,0.011644205,True,12.114563552691891,8.422733492036743,-0.2639674729758298,-0.2900595925922353,0.0,0.0,0.0,0.01157693296095539
XBTUSD,2018-11-22 23:26:38.886679,short,1,2018-11-22 23:27:55.686705,True,0.0213333405555555,Trade,,2018-11-22,27240.55586481139,0.0213333405555555,True,12.114563552691891,8.422733492036743,-0.2639674729758298,-0.2900595925922353,0.0,0.0,0.0,0.0211089702816015
XBTUSD,2018-11-22 23:27:55.686705,long,199999,2018-11-22 23:28:29.317812,True,0.0093419741666666,Trade,,2018-11-22,27240.534531470836,0.0093419741666666,True,12.114563552691891,8.422733492036743,-0.2639674729758298,-0.2900595925922353,0.0,0.0,0.0,0.009298607801755815
XBTUSD,2018-11-22 23:28:29.317812,short,395618,2018-11-23 01:20:50.189242,True,1.8724642861111112,Trade,,2018-11-22,27240.525189496668,1.8724642861111112,True,12.114563552691891,8.422733492036743,-0.2639674729758298,-0.2900595925922353,0.0,0.0,0.0,1.055170297629927
XBTUSD,2018-11-23 01:20:50.189242,long,199999,2018-11-23 02:18:32.689466,True,0.9618056177777776,Trade,,2018-11-23,27238.652725210555,0.9618056177777776,True,12.182261378716259,8.367210773620942,-0.2455512028401278,-0.3271382353022229,0.0,0.0,0.0,0.6738652827273086
XBTUSD,2018-11-23 02:18:32.689466,short,199999,2018-11-23 02:20:38.914110,True,0.0350624011111111,Trade,,2018-11-23,27237.690919592776,0.0350624011111111,True,12.182261378716259,8.367210773620942,-0.2455512028401278,-0.3271382353022229,0.0,0.0,0.0,0.03446171582851717
XBTUSD,2018-11-23 02:20:38.914110,long,600001,2018-11-23 05:46:12.486890,True,3.425992438888889,Trade,,2018-11-23,27237.655857191665,3.425992438888889,True,12.182261378716259,8.367210773620942,-0.2455512028401278,-0.3271382353022229,0.0,0.0,0.0,1.4874945332877894
XBTUSD,2018-11-23 05:46:12.486890,short,26780,2018-11-23 05:46:24.333782,True,0.0032908033333333,Trade,,2018-11-23,27234.22986475278,0.0032908033333333,True,12.182261378716259,8.367210773620942,-0.2455512028401278,-0.3271382353022229,0.0,0.0,0.0,0.003285400489929183
XBTUSD,2018-11-23 05:46:24.333782,long,400001,2018-11-24 00:47:02.125431,True,19.01049768027778,Trade,,2018-11-23,27234.226573949443,19.01049768027778,True,12.182261378716259,8.367210773620942,-0.2455512028401278,-0.3271382353022229,0.0,0.0,0.0,2.9962570198644496
XBTUSD,2018-11-24 00:47:02.125431,short,399999,2018-11-24 00:50:44.691299,True,0.0618238522222222,Trade,,2018-11-24,27215.216076269167,0.0618238522222222,True,12.292573576681622,8.364017035689917,-0.24716384065813876,-0.3311468368345669,0.0,0.0,0.0,0.059988044865228976
XBTUSD,2018-11-24 00:50:44.691299,long,1,2018-11-24 01:03:24.920347,True,0.2111747355555555,Trade,,2018-11-24,27215.15425241694,0.2111747355555555,True,12.292573576681622,8.364017035689917,-0.24716384065813876,-0.3311468368345669,0.0,0.0,0.0,0.19159074446397334
XBTUSD,2018-11-24 01:03:24.920347,short,249999,2018-11-24 03:24:00.834708,True,2.343309544722222,Trade,,2018-11-24,27214.943077681386,2.343309544722222,True,12.292573576681622,8.364017035689917,-0.24716384065813876,-0.3311468368345669,0.0,0.0,0.0,1.2069611980428006
XBTUSD,2018-11-24 03:24:20.904703,short,250001,2018-11-24 16:37:36.205751,True,13.220916957777778,Trade,,2018-11-24,27212.594193138055,13.220916957777778,True,12.292573576681622,8.364017035689917,-0.24716384065813876,-0.3311468368345669,0.0,0.0,0.0,2.6547139059654357
XBTUSD,2018-11-24 16:37:36.205751,long,1,2018-11-24 16:41:01.790267,True,0.05710681,Trade,,2018-11-24,27199.37327618028,0.05710681,True,12.292573576681622,8.364017035689917,-0.24716384065813876,-0.3311468368345669,0.0,0.0,0.0,0.055535751924789975
XBTUSD,2018-11-24 16:41:01.790267,short,249999,2018-11-24 16:55:14.450220,True,0.2368499869444444,Trade,,2018-11-24,27199.316169370275,0.2368499869444444,True,12.292573576681622,8.364017035689917,-0.24716384065813876,-0.3311468368345669,0.0,0.0,0.0,0.21256781438653682
XBTUSD,2018-11-24 16:55:14.450220,long,1,2018-11-24 19:39:37.291368,True,2.7396780966666667,Trade,,2018-11-24,27199.07931938333,2.7396780966666667,True,12.292573576681622,8.364017035689917,-0.24716384065813876,-0.3311468368345669,0.0,0.0,0.0,1.318999537312188
XBTUSD,2018-11-24 19:39:37.291368,short,249999,2018-11-24 19:40:34.507704,True,0.0158934266666666,Trade,,2018-11-24,27196.339641286668,0.0158934266666666,True,12.292573576681622,8.364017035689917,-0.24716384065813876,-0.3311468368345669,0.0,0.0,0.0,0.015768448641300087
XBTUSD,2018-11-24 19:40:34.507704,long,1,2018-11-24 19:41:13.720170,True,0.0108923516666666,Trade,,2018-11-24,27196.32374786,0.0108923516666666,True,12.292573576681622,8.364017035689917,-0.24716384065813876,-0.3311468368345669,0.0,0.0,0.0,0.01083345728385302
XBTUSD,2018-11-24 19:41:13.720170,short,249999,2018-11-24 19:41:33.809137,True,0.0055802686111111,Trade,,2018-11-24,27196.31285550833,0.0055802686111111,True,12.292573576681622,8.364017035689917,-0.24716384065813876,-0.3311468368345669,0.0,0.0,0.0,0.005564756592954674
XBTUSD,2018-11-24 19:41:33.809137,long,250001,2018-11-24 19:44:11.907326,True,0.0439161636111111,Trade,,2018-11-24,27196.30727523972,0.0439161636111111,True,12.292573576681622,8.364017035689917,-0.24716384065813876,-0.3311468368345669,0.0,0.0,0.0,0.04297918318149278
XBTUSD,2018-11-24 19:44:11.907326,short,500001,2018-11-24 21:21:10.617521,True,1.6163083875,Trade,,2018-11-24,27196.26335907611,1.6163083875,True,12.292573576681622,8.364017035689917,-0.24716384065813876,-0.3311468368345669,0.0,0.0,0.0,0.9617643117770157
XBTUSD,2018-11-24 21:21:10.617521,long,499999,2018-11-24 21:22:40.851846,True,0.0250650902777777,Trade,,2018-11-24,27194.64705068861,0.0250650902777777,True,12.292573576681622,8.364017035689917,-0.24716384065813876,-0.3311468368345669,0.0,0.0,0.0,0.02475611328418679
XBTUSD,2018-11-24 21:22:40.851846,short,1,2018-11-24 21:25:09.437842,True,0.0412738877777777,Trade,,2018-11-24,27194.621985598336,0.0412738877777777,True,12.292573576681622,8.364017035689917,-0.24716384065813876,-0.3311468368345669,0.0,0.0,0.0,0.0404448556790084
XBTUSD,2018-11-24 21:25:09.437842,long,249999,2018-11-24 21:26:27.858665,True,0.0217835619444444,Trade,,2018-11-24,27194.580711710558,0.0217835619444444,True,12.292573576681622,8.364017035689917,-0.24716384065813876,-0.3311468368345669,0.0,0.0,0.0,0.021549690433860402
XBTUSD,2018-11-24 21:26:27.858665,short,1,2018-11-24 21:28:48.482192,True,0.0390620908333333,Trade,,2018-11-24,27194.55892814861,0.0390620908333333,True,12.292573576681622,8.364017035689917,-0.24716384065813876,-0.3311468368345669,0.0,0.0,0.0,0.03831847051759788
XBTUSD,2018-11-24 21:28:48.482192,long,499999,2018-11-24 21:30:47.614280,True,0.0330922466666666,Trade,,2018-11-24,27194.51986605778,0.0330922466666666,True,12.292573576681622,8.364017035689917,-0.24716384065813876,-0.3311468368345669,0.0,0.0,0.0,0.03255648592463464
XBTUSD,2018-11-24 21:30:47.614280,short,1,2018-11-24 21:34:28.632096,True,0.0613938377777777,Trade,,2018-11-24,27194.48677381111,0.0613938377777777,True,12.292573576681622,8.364017035689917,-0.24716384065813876,-0.3311468368345669,0.0,0.0,0.0,0.05958298564558393
XBTUSD,2018-11-24 21:34:28.632096,long,249999,2018-11-24 21:35:55.522508,True,0.0241362255555555,Trade,,2018-11-24,27194.425379973334,0.0241362255555555,True,12.292573576681622,8.364017035689917,-0.24716384065813876,-0.3311468368345669,0.0,0.0,0.0,0.0238495505383391
XBTUSD,2018-11-24 21:35:55.522508,short,1,2018-11-24 21:36:42.071330,True,0.0129302283333333,Trade,,2018-11-24,27194.40124374778,0.0129302283333333,True,12.292573576681622,8.364017035689917,-0.24716384065813876,-0.3311468368345669,0.0,0.0,0.0,0.01284734661937625
XBTUSD,2018-11-24 21:36:42.071330,long,500001,2018-11-24 21:59:35.894328,True,0.3816174994444444,Trade,,2018-11-24,27194.388313519445,0.3816174994444444,True,12.292573576681622,8.364017035689917,-0.24716384065813876,-0.3311468368345669,0.0,0.0,0.0,0.3232549138416612
XBTUSD,2018-11-24 21:59:35.894328,short,249999,2018-11-24 22:01:43.464471,True,0.0354361508333333,Trade,,2018-11-24,27194.006696020002,0.0354361508333333,True,12.292573576681622,8.364017035689917,-0.24716384065813876,-0.3311468368345669,0.0,0.0,0.0,0.03482273972387869
XBTUSD,2018-11-24 22:01:43.464471,long,1,2018-11-24 22:19:38.415034,True,0.2985973786111111,Trade,,2018-11-24,27193.971259869166,0.2985973786111111,True,12.292573576681622,8.364017035689917,-0.24716384065813876,-0.3311468368345669,0.0,0.0,0.0,0.2612847424633145
XBTUSD,2018-11-24 22:19:38.415034,short,249999,2018-11-24 22:22:02.334666,True,0.0399776755555555,Trade,,2018-11-24,27193.672662490557,0.0399776755555555,True,12.292573576681622,8.364017035689917,-0.24716384065813876,-0.3311468368345669,0.0,0.0,0.0,0.0391992471109216
XBTUSD,2018-11-24 22:22:02.334666,long,1,2018-11-24 22:24:20.476708,True,0.0383727894444444,Trade,,2018-11-24,27193.632684815002,0.0383727894444444,True,12.292573576681622,8.364017035689917,-0.24716384065813876,-0.3311468368345669,0.0,0.0,0.0,0.03765486231429988
XBTUSD,2018-11-24 22:24:20.476708,short,252206,2018-11-24 22:31:08.162750,True,0.1132461227777777,Trade,,2018-11-24,27193.594312025558,0.1132461227777777,True,12.292573576681622,8.364017035689917,-0.24716384065813876,-0.3311468368345669,0.0,0.0,0.0,0.10728018241799125
XBTUSD,2018-11-24 22:31:08.162750,long,250001,2018-11-24 23:16:20.438189,True,0.7534098441666667,Trade,,2018-11-24,27193.481065902775,0.7534098441666667,True,12.292573576681622,8.364017035689917,-0.24716384065813876,-0.3311468368345669,0.0,0.0,0.0,0.5615623744868414
XBTUSD,2018-11-24 23:16:20.438189,short,749999,2018-11-24 23:23:18.861906,True,0.1162288102777777,Trade,,2018-11-24,27192.72765605861,0.1162288102777777,True,12.292573576681622,8.364017035689917,-0.24716384065813876,-0.3311468368345669,0.0,0.0,0.0,0.10995587007455464
XBTUSD,2018-11-24 23:23:18.861906,long,1,2018-11-24 23:25:56.225260,True,0.0437120427777777,Trade,,2018-11-24,27192.611427248332,0.0437120427777777,True,12.292573576681622,8.364017035689917,-0.24716384065813876,-0.3311468368345669,0.0,0.0,0.0,0.04278363032073033
XBTUSD,2018-11-24 23:25:56.225260,short,54205,2018-11-24 23:30:05.553053,True,0.0692577202777777,Trade,,2018-11-24,27192.567715205554,0.0692577202777777,True,12.292573576681622,8.364017035689917,-0.24716384065813876,-0.3311468368345669,0.0,0.0,0.0,0.06696468837263085
XBTUSD,2018-11-24 23:30:05.553053,long,1,2018-11-24 23:46:17.242807,True,0.2699138205555556,Trade,,2018-11-24,27192.498457485275,0.2699138205555556,True,12.292573576681622,8.364017035689917,-0.24716384065813876,-0.3311468368345669,0.0,0.0,0.0,0.23894904033778197
XBTUSD,2018-11-24 23:46:17.242807,short,249999,2018-11-24 23:53:14.470415,True,0.1158965577777777,Trade,,2018-11-24,27192.22854366472,0.1158965577777777,True,12.292573576681622,8.364017035689917,-0.24716384065813876,-0.3311468368345669,0.0,0.0,0.0,0.1096581694998389
XBTUSD,2018-11-24 23:53:14.470415,long,1,2018-11-25 00:09:56.938696,True,0.2784634113888889,Trade,,2018-11-24,27192.112647106944,0.2784634113888889,True,12.292573576681622,8.364017035689917,-0.24716384065813876,-0.3311468368345669,0.0,0.0,0.0,0.2456588969499845
XBTUSD,2018-11-25 00:09:56.938696,short,249999,2018-11-25 00:25:59.347163,True,0.2673356852777778,Trade,,2018-11-25,27191.834183695555,0.2673356852777778,True,12.359814019244796,8.244417314199582,-0.1475916101044769,-0.4054789457520553,0.0,0.0,0.0,0.23691681121790317
XBTUSD,2018-11-25 00:25:59.347163,long,1,2018-11-25 01:49:22.232268,True,1.3896903069444446,Trade,,2018-11-25,27191.566848010276,1.3896903069444446,True,12.359814019244796,8.244417314199582,-0.1475916101044769,-0.4054789457520553,0.0,0.0,0.0,0.8711637788630434
XBTUSD,2018-11-25 01:49:22.232268,short,249999,2018-11-25 02:04:34.966385,True,0.2535372547222222,Trade,,2018-11-25,27190.177157703332,0.2535372547222222,True,12.359814019244796,8.244417314199582,-0.1475916101044769,-0.4054789457520553,0.0,0.0,0.0,0.2259693587347731
XBTUSD,2018-11-25 02:04:34.966385,long,1,2018-11-25 02:36:58.768438,True,0.5399450147222222,Trade,,2018-11-25,27189.923620448608,0.5399450147222222,True,12.359814019244796,8.244417314199582,-0.1475916101044769,-0.4054789457520553,0.0,0.0,0.0,0.4317467110622792
XBTUSD,2018-11-25 02:36:58.768438,short,249999,2018-11-25 02:48:07.907915,True,0.1858720769444444,Trade,,2018-11-25,27189.383675433888,0.1858720769444444,True,12.359814019244796,8.244417314199582,-0.1475916101044769,-0.4054789457520553,0.0,0.0,0.0,0.170478433834386
XBTUSD,2018-11-25 02:48:07.907915,long,250001,2018-11-25 04:16:35.463065,True,1.474320875,Trade,,2018-11-25,27189.197803356947,1.474320875,True,12.359814019244796,8.244417314199582,-0.1475916101044769,-0.4054789457520553,0.0,0.0,0.0,0.9059659644283548
XBTUSD,2018-11-25 04:16:35.463065,short,249999,2018-11-25 04:23:02.877135,True,0.1076150194444444,Trade,,2018-11-25,27187.723482481946,0.1076150194444444,True,12.359814019244796,8.244417314199582,-0.1475916101044769,-0.4054789457520553,0.0,0.0,0.0,0.10220907257343721
XBTUSD,2018-11-25 04:23:02.877135,long,1,2018-11-25 06:10:11.813138,True,1.785815556388889,Trade,,2018-11-25,27187.6158674625,1.785815556388889,True,12.359814019244796,8.244417314199582,-0.1475916101044769,-0.4054789457520553,0.0,0.0,0.0,1.0245406694291113
XBTUSD,2018-11-25 06:10:11.813138,short,249999,2018-11-25 06:33:32.640488,True,0.3891187083333333,Trade,,2018-11-25,27185.830051906112,0.3891187083333333,True,12.359814019244796,8.244417314199582,-0.1475916101044769,-0.4054789457520553,0.0,0.0,0.0,0.32866952328338556
XBTUSD,2018-11-25 06:33:32.640488,long,1,2018-11-25 06:53:17.763804,True,0.3292009211111111,Trade,,2018-11-25,27185.440933197777,0.3292009211111111,True,12.359814019244796,8.244417314199582,-0.1475916101044769,-0.4054789457520553,0.0,0.0,0.0,0.28457795047963824
XBTUSD,2018-11-25 06:53:17.763804,short,249999,2018-11-25 07:33:32.037189,True,0.6706314958333334,Trade,,2018-11-25,27185.111732276666,0.6706314958333334,True,12.359814019244796,8.244417314199582,-0.1475916101044769,-0.4054789457520553,0.0,0.0,0.0,0.5132016961688569
XBTUSD,2018-11-25 07:33:32.037189,long,1,2018-11-25 07:34:54.796392,True,0.0229886675,Trade,,2018-11-25,27184.44110078083,0.0229886675,True,12.359814019244796,8.244417314199582,-0.1475916101044769,-0.4054789457520553,0.0,0.0,0.0,0.02272840919552115
XBTUSD,2018-11-25 07:34:54.796392,short,249999,2018-11-25 07:43:46.835013,True,0.1477885058333333,Trade,,2018-11-25,27184.418112113333,0.1477885058333333,True,12.359814019244796,8.244417314199582,-0.1475916101044769,-0.4054789457520553,0.0,0.0,0.0,0.13783705255706777
XBTUSD,2018-11-25 07:43:46.835013,long,1,2018-11-25 07:51:12.847750,True,0.1238924269444444,Trade,,2018-11-25,27184.2703236075,0.1238924269444444,True,12.359814019244796,8.244417314199582,-0.1475916101044769,-0.4054789457520553,0.0,0.0,0.0,0.11679804132598855
XBTUSD,2018-11-25 07:51:12.847750,short,1000001,2018-11-25 09:48:45.903809,True,1.959182238611111,Trade,,2018-11-25,27184.146431180558,1.959182238611111,True,12.359814019244796,8.244417314199582,-0.1475916101044769,-0.4054789457520553,0.0,0.0,0.0,1.0849129594266884
XBTUSD,2018-11-25 09:48:45.903809,long,749999,2018-11-25 11:03:22.462914,True,1.2434886402777778,Trade,,2018-11-25,27182.187248941944,1.2434886402777778,True,12.359814019244796,8.244417314199582,-0.1475916101044769,-0.4054789457520553,0.0,0.0,0.0,0.8080320830280701
XBTUSD,2018-11-25 11:03:22.462914,short,749999,2018-11-25 11:06:13.469934,True,0.04750195,Trade,,2018-11-25,27180.943760301667,0.04750195,True,12.359814019244796,8.244417314199582,-0.1475916101044769,-0.4054789457520553,0.0,0.0,0.0,0.04640823438760201
XBTUSD,2018-11-25 11:06:13.469934,long,750001,2018-11-25 11:08:24.109099,True,0.0362886569444444,Trade,,2018-11-25,27180.896258351666,0.0362886569444444,True,12.359814019244796,8.244417314199582,-0.1475916101044769,-0.4054789457520553,0.0,0.0,0.0,0.03564573142241754
XBTUSD,2018-11-25 11:08:24.109099,short,78096,2018-11-25 11:09:04.485284,True,0.0112156069444444,Trade,,2018-11-25,27180.85996969472,0.0112156069444444,True,12.359814019244796,8.244417314199582,-0.1475916101044769,-0.4054789457520553,0.0,0.0,0.0,0.011153178374069653
XBTUSD,2018-11-25 11:09:04.485284,long,1,2018-11-25 11:10:32.069613,True,0.0243289802777777,Trade,,2018-11-25,27180.848754087776,0.0243289802777777,True,12.359814019244796,8.244417314199582,-0.1475916101044769,-0.4054789457520553,0.0,0.0,0.0,0.02403774482374087
XBTUSD,2018-11-25 11:10:32.069613,short,499999,2018-11-25 11:15:35.966610,True,0.0844158325,Trade,,2018-11-25,27180.8244251075,0.0844158325,True,12.359814019244796,8.244417314199582,-0.1475916101044769,-0.4054789457520553,0.0,0.0,0.0,0.08104143877555486
XBTUSD,2018-11-25 11:15:35.966610,long,1,2018-11-25 11:18:22.826252,True,0.0463499005555555,Trade,,2018-11-25,27180.740009275,0.0463499005555555,True,12.359814019244796,8.244417314199582,-0.1475916101044769,-0.4054789457520553,0.0,0.0,0.0,0.045307822665167315
XBTUSD,2018-11-25 11:18:22.826252,short,749999,2018-11-25 11:31:37.860636,True,0.2208428844444444,Trade,,2018-11-25,27180.693659374443,0.2208428844444444,True,12.359814019244796,8.244417314199582,-0.1475916101044769,-0.4054789457520553,0.0,0.0,0.0,0.19954150908019547
XBTUSD,2018-11-25 11:31:37.860636,long,1,2018-11-25 11:32:14.993500,True,0.0103146844444444,Trade,,2018-11-25,27180.47281649,0.0103146844444444,True,12.359814019244796,8.244417314199582,-0.1475916101044769,-0.4054789457520553,0.0,0.0,0.0,0.010261851082578096
XBTUSD,2018-11-25 11:32:14.993500,short,25174,2018-11-25 11:33:55.156230,True,0.0278229805555555,Trade,,2018-11-25,27180.462501805556,0.0278229805555555,True,12.359814019244796,8.244417314199582,-0.1475916101044769,-0.4054789457520553,0.0,0.0,0.0,0.02744295430205608
XBTUSD,2018-11-25 11:33:55.156230,long,1,2018-11-25 11:37:57.233758,True,0.0672437577777777,Trade,,2018-11-25,27180.434678825,0.0672437577777777,True,12.359814019244796,8.244417314199582,-0.1475916101044769,-0.4054789457520553,0.0,0.0,0.0,0.06507939775410503
XBTUSD,2018-11-25 11:37:57.233758,short,62083,2018-11-25 11:40:34.554975,True,0.0437003380555555,Trade,,2018-11-25,27180.367435067223,0.0437003380555555,True,12.359814019244796,8.244417314199582,-0.1475916101044769,-0.4054789457520553,0.0,0.0,0.0,0.042772415744894904
XBTUSD,2018-11-25 11:40:34.554975,long,1,2018-11-25 11:45:58.332892,True,0.0899383102777777,Trade,,2018-11-25,27180.323734729165,0.0899383102777777,True,12.359814019244796,8.244417314199582,-0.1475916101044769,-0.4054789457520553,0.0,0.0,0.0,0.08612109856400071
XBTUSD,2018-11-25 11:45:58.332892,short,499999,2018-11-25 11:51:57.742553,True,0.0998360169444444,Trade,,2018-11-25,27180.23379641889,0.0998360169444444,True,12.359814019244796,8.244417314199582,-0.1475916101044769,-0.4054789457520553,0.0,0.0,0.0,0.09516109318641676
XBTUSD,2018-11-25 11:51:57.742553,long,1,2018-11-25 11:55:42.379205,True,0.06239907,Trade,,2018-11-25,27180.133960401945,0.06239907,True,12.359814019244796,8.244417314199582,-0.1475916101044769,-0.4054789457520553,0.0,0.0,0.0,0.060529624363143186
XBTUSD,2018-11-25 11:55:42.379205,short,499999,2018-11-25 12:02:36.758684,True,0.1151054108333333,Trade,,2018-11-25,27180.071561331944,0.1151054108333333,True,12.359814019244796,8.244417314199582,-0.1475916101044769,-0.4054789457520553,0.0,0.0,0.0,0.10894893930754136
XBTUSD,2018-11-25 12:02:36.758684,long,250001,2018-11-25 12:14:29.797247,True,0.1980662674999999,Trade,,2018-11-25,27179.956455921114,0.1980662674999999,True,12.359814019244796,8.244417314199582,-0.1475916101044769,-0.4054789457520553,0.0,0.0,0.0,0.1807088132719475
XBTUSD,2018-11-25 12:14:29.797247,short,1200001,2018-11-25 20:58:57.365061,True,8.740991059444445,Trade,,2018-11-25,27179.758389653613,8.740991059444445,True,12.359814019244796,8.244417314199582,-0.1475916101044769,-0.4054789457520553,0.0,0.0,0.0,2.276342863961115
XBTUSD,2018-11-25 20:58:57.365061,long,1247873,2018-11-25 21:16:47.266097,True,0.2971947322222222,Trade,,2018-11-25,27171.017398594166,0.2971947322222222,True,12.359814019244796,8.244417314199582,-0.1475916101044769,-0.4054789457520553,0.0,0.0,0.0,0.26020403455951047
XBTUSD,2018-11-25 21:16:47.266097,short,900749,2018-11-25 21:35:46.696672,True,0.3165084930555555,Trade,,2018-11-25,27170.720203861947,0.3165084930555555,True,12.359814019244796,8.244417314199582,-0.1475916101044769,-0.4054789457520553,0.0,0.0,0.0,0.27498315117197125
XBTUSD,2018-11-25 21:35:46.696672,long,2441,2018-11-25 21:36:37.539416,True,0.0141229844444444,Trade,,2018-11-25,27170.40369536889,0.0141229844444444,True,12.359814019244796,8.244417314199582,-0.1475916101044769,-0.4054789457520553,0.0,0.0,0.0,0.014024184248749823
XBTUSD,2018-11-25 21:36:37.539416,short,1912073,2018-11-25 22:04:17.255581,True,0.4610322680555556,Trade,,2018-11-25,27170.389572384443,0.4610322680555556,True,12.359814019244796,8.244417314199582,-0.1475916101044769,-0.4054789457520553,0.0,0.0,0.0,0.37914321880498963
XBTUSD,2018-11-25 22:04:17.255581,long,686040,2018-11-25 22:07:46.929016,True,0.0582426208333333,Trade,,2018-11-25,27169.928540116387,0.0582426208333333,True,12.359814019244796,8.244417314199582,-0.1475916101044769,-0.4054789457520553,0.0,0.0,0.0,0.056609627404585375
XBTUSD,2018-11-25 22:07:46.929016,short,1200001,2018-11-25 22:54:10.291528,True,0.7731562533333334,Trade,,2018-11-25,27169.870297495556,0.7731562533333334,True,12.359814019244796,8.244417314199582,-0.1475916101044769,-0.4054789457520553,0.0,0.0,0.0,0.5727611525565298
XBTUSD,2018-11-25 22:54:10.291528,long,299999,2018-11-25 22:55:35.486674,True,0.0236653183333333,Trade,,2018-11-25,27169.097141242222,0.0236653183333333,True,12.359814019244796,8.244417314199582,-0.1475916101044769,-0.4054789457520553,0.0,0.0,0.0,0.023389635629174108
XBTUSD,2018-11-25 22:55:35.486674,short,1,2018-11-25 22:59:19.674911,True,0.0622745102777777,Trade,,2018-11-25,27169.07347592389,0.0622745102777777,True,12.359814019244796,8.244417314199582,-0.1475916101044769,-0.4054789457520553,0.0,0.0,0.0,0.06041237367247595
XBTUSD,2018-11-25 22:59:19.674911,long,299999,2018-11-25 23:01:04.008735,True,0.0289816177777777,Trade,,2018-11-25,27169.01120141361,0.0289816177777777,True,12.359814019244796,8.244417314199582,-0.1475916101044769,-0.4054789457520553,0.0,0.0,0.0,0.028569592530808815
XBTUSD,2018-11-25 23:01:04.008735,short,1,2018-11-25 23:22:13.188334,True,0.3525498886111111,Trade,,2018-11-25,27168.982219795835,0.3525498886111111,True,12.359814019244796,8.244417314199582,-0.1475916101044769,-0.4054789457520553,0.0,0.0,0.0,0.3019916172771558
XBTUSD,2018-11-25 23:22:13.188334,long,162185,2018-11-25 23:34:43.540161,True,0.2084310630555555,Trade,,2018-11-25,27168.629669907223,0.2084310630555555,True,12.359814019244796,8.244417314199582,-0.1475916101044769,-0.4054789457520553,0.0,0.0,0.0,0.18932287613805104
XBTUSD,2018-11-25 23:34:43.540161,short,600001,2018-11-26 14:08:10.053826,True,14.557364906944445,Trade,,2018-11-25,27168.421238844167,14.557364906944445,True,12.359814019244796,8.244417314199582,-0.1475916101044769,-0.4054789457520553,0.0,0.0,0.0,2.7445341539553967
XBTUSD,2018-11-26 14:08:10.053826,long,1200001,2018-11-26 14:34:52.916974,True,0.4452397633333333,Trade,,2018-11-26,27153.86387393722,0.4452397633333333,True,12.51675985211807,8.280673292922863,-0.12674120690209423,-0.3837001915091358,0.0,0.0,0.0,0.36827523398240664
XBTUSD,2018-11-26 14:34:52.916974,short,299999,2018-11-26 14:35:23.489543,True,0.0084923802777777,Trade,,2018-11-26,27153.41863417389,0.0084923802777777,True,12.51675985211807,8.280673292922863,-0.12674120690209423,-0.3837001915091358,0.0,0.0,0.0,0.008456522883118154
XBTUSD,2018-11-26 14:35:23.489543,long,1,2018-11-26 14:38:38.706249,True,0.0542268627777777,Trade,,2018-11-26,27153.41014179361,0.0542268627777777,True,12.51675985211807,8.280673292922863,-0.12674120690209423,-0.3837001915091358,0.0,0.0,0.0,0.05280766678551592
XBTUSD,2018-11-26 14:38:38.706249,short,599999,2018-11-26 14:47:02.166981,True,0.1398502033333333,Trade,,2018-11-26,27153.355914930835,0.1398502033333333,True,12.51675985211807,8.280673292922863,-0.12674120690209423,-0.3837001915091358,0.0,0.0,0.0,0.13089685318779556
XBTUSD,2018-11-26 14:47:02.166981,long,77313,2018-11-26 15:01:15.345931,True,0.2369941527777777,Trade,,2018-11-26,27153.2160647275,0.2369941527777777,True,12.51675985211807,8.280673292922863,-0.12674120690209423,-0.3837001915091358,0.0,0.0,0.0,0.2126843664612465
XBTUSD,2018-11-26 15:01:15.345931,short,299999,2018-11-26 15:05:06.962386,True,0.0643379041666666,Trade,,2018-11-26,27152.979070574725,0.0643379041666666,True,12.51675985211807,8.280673292922863,-0.12674120690209423,-0.3837001915091358,0.0,0.0,0.0,0.062352919605893044
XBTUSD,2018-11-26 15:05:06.962386,long,1,2018-11-26 15:29:45.232907,True,0.4106307002777777,Trade,,2018-11-26,27152.914732670557,0.4106307002777777,True,12.51675985211807,8.280673292922863,-0.12674120690209423,-0.3837001915091358,0.0,0.0,0.0,0.3440369095404902
XBTUSD,2018-11-26 15:29:45.232907,short,299999,2018-11-26 16:07:18.939956,True,0.6260297358333333,Trade,,2018-11-26,27152.50410197028,0.6260297358333333,True,12.51675985211807,8.280673292922863,-0.12674120690209423,-0.3837001915091358,0.0,0.0,0.0,0.4861412986787777
XBTUSD,2018-11-26 16:07:18.939956,long,1,2018-11-26 16:08:08.068831,True,0.0136469097222222,Trade,,2018-11-26,27151.878072234445,0.0136469097222222,True,12.51675985211807,8.280673292922863,-0.12674120690209423,-0.3837001915091358,0.0,0.0,0.0,0.013554629263897855
XBTUSD,2018-11-26 16:08:08.068831,short,602737,2018-11-26 16:24:18.916103,True,0.2696797977777778,Trade,,2018-11-26,27151.864425324722,0.2696797977777778,True,12.51675985211807,8.280673292922863,-0.12674120690209423,-0.3837001915091358,0.0,0.0,0.0,0.23876474094692607
XBTUSD,2018-11-26 16:24:18.916103,long,610234,2018-11-26 17:01:52.734407,True,0.62606064,Trade,,2018-11-26,27151.59474552694,0.62606064,True,12.51675985211807,8.280673292922863,-0.12674120690209423,-0.3837001915091358,0.0,0.0,0.0,0.4861603044031556
XBTUSD,2018-11-26 17:01:52.734407,short,329999,2018-11-26 17:07:08.168596,True,0.0876206080555555,Trade,,2018-11-26,27150.968684886946,0.0876206080555555,True,12.51675985211807,8.280673292922863,-0.12674120690209423,-0.3837001915091358,0.0,0.0,0.0,0.08399238179044417
XBTUSD,2018-11-26 17:07:08.168596,long,1,2018-11-26 17:07:55.986226,True,0.013282675,Trade,,2018-11-26,27150.88106427889,0.013282675,True,12.51675985211807,8.280673292922863,-0.12674120690209423,-0.3837001915091358,0.0,0.0,0.0,0.013195233724074351
XBTUSD,2018-11-26 17:07:55.986226,short,329999,2018-11-26 17:42:04.876916,True,0.5691363027777778,Trade,,2018-11-26,27150.867781603887,0.5691363027777778,True,12.51675985211807,8.280673292922863,-0.12674120690209423,-0.3837001915091358,0.0,0.0,0.0,0.45052534236634917
XBTUSD,2018-11-26 17:42:04.876916,long,330001,2018-11-26 19:40:11.539949,True,1.968517509166667,Trade,,2018-11-26,27150.29864530111,1.968517509166667,True,12.51675985211807,8.280673292922863,-0.12674120690209423,-0.3837001915091358,0.0,0.0,0.0,1.0880626730324603
XBTUSD,2018-11-26 19:40:11.539949,short,329999,2018-11-26 19:56:44.286431,True,0.2757629116666666,Trade,,2018-11-26,27148.330127791945,0.2757629116666666,True,12.51675985211807,8.280673292922863,-0.12674120690209423,-0.3837001915091358,0.0,0.0,0.0,0.24354436175467634
XBTUSD,2018-11-26 19:56:44.286431,long,1,2018-11-26 19:58:04.830115,True,0.0223732455555555,Trade,,2018-11-26,27148.054364880278,0.0223732455555555,True,12.51675985211807,8.280673292922863,-0.12674120690209423,-0.3837001915091358,0.0,0.0,0.0,0.02212663602365537
XBTUSD,2018-11-26 19:58:04.830115,short,329999,2018-11-26 20:01:22.610537,True,0.0549390061111111,Trade,,2018-11-26,27148.03199163472,0.0549390061111111,True,12.51675985211807,8.280673292922863,-0.12674120690209423,-0.3837001915091358,0.0,0.0,0.0,0.053482951144038685
XBTUSD,2018-11-26 20:01:22.610537,long,1,2018-11-26 20:53:12.896102,True,0.8639682125,Trade,,2018-11-26,27147.977052628612,0.8639682125,True,12.51675985211807,8.280673292922863,-0.12674120690209423,-0.3837001915091358,0.0,0.0,0.0,0.6227076627381606
XBTUSD,2018-11-26 20:53:12.896102,short,329999,2018-11-26 20:55:47.753134,True,0.0430158422222222,Trade,,2018-11-26,27147.113084416113,0.0430158422222222,True,12.51675985211807,8.280673292922863,-0.12674120690209423,-0.3837001915091358,0.0,0.0,0.0,0.04211636499457876
XBTUSD,2018-11-26 20:55:47.753134,long,330013,2018-11-26 23:44:33.868350,True,2.812809782222222,Trade,,2018-11-26,27147.07006857389,2.812809782222222,True,12.51675985211807,8.280673292922863,-0.12674120690209423,-0.3837001915091358,0.0,0.0,0.0,1.3383663929859435
XBTUSD,2018-11-26 23:44:33.868350,short,329999,2018-11-26 23:50:35.066871,True,0.1003329225,Trade,,2018-11-26,27144.257258791666,0.1003329225,True,12.51675985211807,8.280673292922863,-0.12674120690209423,-0.3837001915091358,0.0,0.0,0.0,0.09561279083117102
XBTUSD,2018-11-26 23:50:35.066871,long,1,2018-11-27 00:02:11.388721,True,0.1934227361111111,Trade,,2018-11-26,27144.156925869167,0.1934227361111111,True,12.51675985211807,8.280673292922863,-0.12674120690209423,-0.3837001915091358,0.0,0.0,0.0,0.17682542746711047
XBTUSD,2018-11-27 00:02:11.388721,short,661513,2018-11-27 01:29:08.523044,True,1.4492039786111113,Trade,,2018-11-27,27143.963503133054,1.4492039786111113,True,12.64297314727428,8.216165390967978,-0.11148805588760181,-0.4226787348323526,0.0,0.0,0.0,0.8957630650736793
XBTUSD,2018-11-27 01:29:08.523044,long,1,2018-11-27 01:31:22.038580,True,0.0370876488888888,Trade,,2018-11-27,27142.51429915444,0.0370876488888888,True,12.64297314727428,8.216165390967978,-0.11148805588760181,-0.4226787348323526,0.0,0.0,0.0,0.03641644726569864
XBTUSD,2018-11-27 01:31:22.038580,short,329999,2018-11-27 01:47:05.729836,True,0.2621364599999999,Trade,,2018-11-27,27142.477211505557,0.2621364599999999,True,12.64297314727428,8.216165390967978,-0.11148805588760181,-0.4226787348323526,0.0,0.0,0.0,0.23280588822585582
XBTUSD,2018-11-27 01:47:05.729836,long,1,2018-11-27 01:50:23.036883,True,0.0548075130555555,Trade,,2018-11-27,27142.215075045555,0.0548075130555555,True,12.64297314727428,8.216165390967978,-0.11148805588760181,-0.4226787348323526,0.0,0.0,0.0,0.05335829820158207
XBTUSD,2018-11-27 01:50:23.036883,short,329999,2018-11-27 02:15:15.270451,True,0.4145093244444445,Trade,,2018-11-27,27142.1602675325,0.4145093244444445,True,12.64297314727428,8.216165390967978,-0.11148805588760181,-0.4226787348323526,0.0,0.0,0.0,0.3467827037804895
XBTUSD,2018-11-27 02:15:15.270451,long,1,2018-11-27 02:17:36.613912,True,0.0392620724999999,Trade,,2018-11-27,27141.745758208057,0.0392620724999999,True,12.64297314727428,8.216165390967978,-0.11148805588760181,-0.4226787348323526,0.0,0.0,0.0,0.038510915633534995
XBTUSD,2018-11-27 02:17:36.613912,short,1319999,2018-11-27 04:47:48.357174,True,2.503262017222222,Trade,,2018-11-27,27141.706496135554,2.503262017222222,True,12.64297314727428,8.216165390967978,-0.11148805588760181,-0.4226787348323526,0.0,0.0,0.0,1.2536945393690853
XBTUSD,2018-11-27 04:47:48.357174,long,25612,2018-11-27 04:48:16.864207,True,0.0079186202777777,Trade,,2018-11-27,27139.203234118337,0.0079186202777777,True,12.64297314727428,8.216165390967978,-0.11148805588760181,-0.4226787348323526,0.0,0.0,0.0,0.007887432538613062
XBTUSD,2018-11-27 04:48:16.864207,short,1080389,2018-11-27 21:57:25.530466,True,17.152407294166665,Trade,,2018-11-27,27139.195315498055,17.152407294166665,True,12.64297314727428,8.216165390967978,-0.11148805588760181,-0.4226787348323526,0.0,0.0,0.0,2.8988031852032625
XBTUSD,2018-11-27 21:57:25.530466,long,659999,2018-11-27 22:36:00.817344,True,0.6431352438888889,Trade,,2018-11-27,27122.042908203886,0.6431352438888889,True,12.64297314727428,8.216165390967978,-0.11148805588760181,-0.4226787348323526,0.0,0.0,0.0,0.49660615087672555
XBTUSD,2018-11-27 22:36:00.817344,short,1,2018-11-27 22:46:36.837011,True,0.1766721297222222,Trade,,2018-11-27,27121.39977296,0.1766721297222222,True,12.64297314727428,8.216165390967978,-0.11148805588760181,-0.4226787348323526,0.0,0.0,0.0,0.16269022508973613
XBTUSD,2018-11-27 22:46:36.837011,long,329999,2018-11-27 22:51:47.234504,True,0.0862215258333333,Trade,,2018-11-27,27121.22310083028,0.0862215258333333,True,12.64297314727428,8.216165390967978,-0.11148805588760181,-0.4226787348323526,0.0,0.0,0.0,0.08270518398193077
XBTUSD,2018-11-27 22:51:47.234504,short,1,2018-11-27 22:59:03.235941,True,0.1211115102777777,Trade,,2018-11-27,27121.136879304446,0.1211115102777777,True,12.64297314727428,8.216165390967978,-0.11148805588760181,-0.4226787348323526,0.0,0.0,0.0,0.11432061307482444
XBTUSD,2018-11-27 22:59:03.235941,long,660001,2018-11-28 03:49:13.245406,True,4.836113740277778,Trade,,2018-11-27,27121.015767794168,4.836113740277778,True,12.64297314727428,8.216165390967978,-0.11148805588760181,-0.4226787348323526,0.0,0.0,0.0,1.7640651198945052
XBTUSD,2018-11-28 03:49:13.245406,short,115706,2018-11-28 03:49:55.335020,True,0.0116915594444444,Trade,,2018-11-28,27116.17965405389,0.0116915594444444,True,12.691703363632046,8.23656773711766,-0.10241088646375326,-0.4105240996103853,0.0,0.0,0.0,0.011623741251784026
XBTUSD,2018-11-28 03:49:55.335020,long,1,2018-11-28 04:28:12.606412,True,0.6381309422222222,Trade,,2018-11-28,27116.167962494445,0.6381309422222222,True,12.691703363632046,8.23656773711766,-0.10241088646375326,-0.4105240996103853,0.0,0.0,0.0,0.49355592254242864
XBTUSD,2018-11-28 04:28:12.606412,short,1649999,2018-11-28 06:00:55.514162,True,1.5452521527777778,Trade,,2018-11-28,27115.529831552223,1.5452521527777778,True,12.691703363632046,8.23656773711766,-0.10241088646375326,-0.4105240996103853,0.0,0.0,0.0,0.9342297228069036
XBTUSD,2018-11-28 06:00:55.514162,long,330001,2018-11-28 12:55:12.375213,True,6.9046836252777775,Trade,,2018-11-28,27113.984579399443,6.9046836252777775,True,12.691703363632046,8.23656773711766,-0.10241088646375326,-0.4105240996103853,0.0,0.0,0.0,2.067455447757782
XBTUSD,2018-11-28 12:55:12.375213,short,659999,2018-11-28 13:01:00.954765,True,0.0968276533333333,Trade,,2018-11-28,27107.079895774168,0.0968276533333333,True,12.691703363632046,8.23656773711766,-0.10241088646375326,-0.4105240996103853,0.0,0.0,0.0,0.09242206168822416
XBTUSD,2018-11-28 13:01:00.954765,long,1,2018-11-28 13:14:28.920736,True,0.2244349919444444,Trade,,2018-11-28,27106.983068120833,0.2244349919444444,True,12.691703363632046,8.23656773711766,-0.10241088646375326,-0.4105240996103853,0.0,0.0,0.0,0.20247950653116478
XBTUSD,2018-11-28 13:14:28.920736,short,659999,2018-11-28 13:20:55.929845,True,0.1075025302777777,Trade,,2018-11-28,27106.758633128888,0.1075025302777777,True,12.691703363632046,8.23656773711766,-0.10241088646375326,-0.4105240996103853,0.0,0.0,0.0,0.10210750760973811
XBTUSD,2018-11-28 13:20:55.929845,long,1,2018-11-28 13:24:13.157327,True,0.0547854116666666,Trade,,2018-11-28,27106.65113059861,0.0547854116666666,True,12.691703363632046,8.23656773711766,-0.10241088646375326,-0.4105240996103853,0.0,0.0,0.0,0.05333734497536416
XBTUSD,2018-11-28 13:24:13.157327,short,1649999,2018-11-28 22:10:44.815735,True,8.775460668888888,Trade,,2018-11-28,27106.596345186947,8.775460668888888,True,12.691703363632046,8.23656773711766,-0.10241088646375326,-0.4105240996103853,0.0,0.0,0.0,2.2798752320130355
XBTUSD,2018-11-28 22:10:44.815735,long,164128,2018-11-28 22:12:03.166770,True,0.0217641763888888,Trade,,2018-11-28,27097.820884518056,0.0217641763888888,True,12.691703363632046,8.23656773711766,-0.10241088646375326,-0.4105240996103853,0.0,0.0,0.0,0.02153071798198904
XBTUSD,2018-11-28 22:12:03.166770,short,1,2018-11-28 22:40:11.529489,True,0.4689896441666666,Trade,,2018-11-28,27097.799120341668,0.4689896441666666,True,12.691703363632046,8.23656773711766,-0.10241088646375326,-0.4105240996103853,0.0,0.0,0.0,0.38457484758667854
XBTUSD,2018-11-28 22:40:11.529489,long,659999,2018-11-29 00:03:07.145435,True,1.3821155405555556,Trade,,2018-11-28,27097.3301306975,1.3821155405555556,True,12.691703363632046,8.23656773711766,-0.10241088646375326,-0.4105240996103853,0.0,0.0,0.0,0.8679889754475748
XBTUSD,2018-11-29 00:03:07.145435,short,350405,2018-11-29 01:35:44.949668,True,1.5438345091666663,Trade,,2018-11-29,27095.948015156944,1.5438345091666663,True,12.726033976928404,8.344855692227295,0.0033860471875389194,-0.3280461080353009,0.0,0.0,0.0,0.9336725919337425
XBTUSD,2018-11-29 01:35:44.949668,long,349999,2018-11-29 01:40:05.682750,True,0.0724258561111111,Trade,,2018-11-29,27094.404180647776,0.0724258561111111,True,12.726033976928404,8.344855692227295,0.0033860471875389194,-0.3280461080353009,0.0,0.0,0.0,0.06992323759918798
XBTUSD,2018-11-29 01:40:05.682750,short,1050001,2018-11-29 04:13:01.622558,True,2.5488721688888885,Trade,,2018-11-29,27094.331754791667,2.5488721688888885,True,12.726033976928404,8.344855692227295,0.0033860471875389194,-0.3280461080353009,0.0,0.0,0.0,1.2666298541057976
XBTUSD,2018-11-29 04:13:01.622558,long,349999,2018-11-29 05:34:29.576730,True,1.3577650477777776,Trade,,2018-11-29,27091.782882622778,1.3577650477777776,True,12.726033976928404,8.344855692227295,0.0033860471875389194,-0.3280461080353009,0.0,0.0,0.0,0.8577141566832985
XBTUSD,2018-11-29 05:34:29.576730,short,2505202,2018-11-29 11:30:38.356623,True,5.9357721925,Trade,,2018-11-29,27090.425117575,5.9357721925,True,12.726033976928404,8.344855692227295,0.0033860471875389194,-0.3280461080353009,0.0,0.0,0.0,1.9366923947202879
XBTUSD,2018-11-29 11:30:38.356623,long,548935,2018-11-29 11:39:50.521067,True,0.1533790122222222,Trade,,2018-11-29,27084.489345382503,0.1533790122222222,True,12.726033976928404,8.344855692227295,0.0033860471875389194,-0.3280461080353009,0.0,0.0,0.0,0.14269590559025236
XBTUSD,2018-11-29 11:39:50.521067,short,575740,2018-11-29 11:54:22.450367,True,0.2422025833333333,Trade,,2018-11-29,27084.33596637028,0.2422025833333333,True,12.726033976928404,8.344855692227295,0.0033860471875389194,-0.3280461080353009,0.0,0.0,0.0,0.21688608078454605
XBTUSD,2018-11-29 11:54:22.450367,long,344260,2018-11-29 11:55:32.956094,True,0.0195849241666666,Trade,,2018-11-29,27084.093763786943,0.0195849241666666,True,12.726033976928404,8.344855692227295,0.0033860471875389194,-0.3280461080353009,0.0,0.0,0.0,0.019395607383308675
XBTUSD,2018-11-29 11:55:32.956094,short,818409,2018-11-29 21:47:05.999328,True,9.85917867611111,Trade,,2018-11-29,27084.07417886278,9.85917867611111,True,12.726033976928404,8.344855692227295,0.0033860471875389194,-0.3280461080353009,0.0,0.0,0.0,2.385010683295095
XBTUSD,2018-11-29 21:47:05.999328,long,77361,2018-11-29 21:57:33.349159,True,0.1742638419444444,Trade,,2018-11-29,27074.215000186665,0.1742638419444444,True,12.726033976928404,8.344855692227295,0.0033860471875389194,-0.3280461080353009,0.0,0.0,0.0,0.16064143375793424
XBTUSD,2018-11-29 21:57:33.349159,short,1054882,2018-11-30 10:09:53.217243,True,12.205518912222225,Trade,,2018-11-29,27074.040736344723,12.205518912222225,True,12.726033976928404,8.344855692227295,0.0033860471875389194,-0.3280461080353009,0.0,0.0,0.0,2.580634841623896
XBTUSD,2018-11-30 10:09:53.217243,long,350001,2018-11-30 10:33:53.353851,True,0.4000379466666667,Trade,,2018-11-30,27061.8352174325,0.4000379466666667,True,12.663063906779765,8.352091986787174,0.004649150889784335,-0.3241508084625497,0.0,0.0,0.0,0.33649934101579027
XBTUSD,2018-11-30 10:33:53.353851,short,120508,2018-11-30 11:00:29.955938,True,0.4435005797222222,Trade,,2018-11-30,27061.43517948583,0.4435005797222222,True,12.663063906779765,8.352091986787174,0.004649150889784335,-0.3241508084625497,0.0,0.0,0.0,0.3670711217295162
XBTUSD,2018-11-30 11:00:29.955938,long,349999,2018-11-30 11:01:08.160905,True,0.0106124908333333,Trade,,2018-11-30,27060.991678906114,0.0106124908333333,True,12.663063906779765,8.352091986787174,0.004649150889784335,-0.3241508084625497,0.0,0.0,0.0,0.010556573618538474
XBTUSD,2018-11-30 11:01:08.160905,short,1,2018-11-30 11:05:08.247838,True,0.0666908147222222,Trade,,2018-11-30,27060.981066415276,0.0666908147222222,True,12.663063906779765,8.352091986787174,0.004649150889784335,-0.3241508084625497,0.0,0.0,0.0,0.06456115968340066
XBTUSD,2018-11-30 11:05:08.247838,long,699999,2018-11-30 11:28:57.832169,True,0.3971067586111111,Trade,,2018-11-30,27060.914375600554,0.3971067586111111,True,12.663063906779765,8.352091986787174,0.004649150889784335,-0.3241508084625497,0.0,0.0,0.0,0.3344034972627112
XBTUSD,2018-11-30 11:28:57.832169,short,350001,2018-11-30 12:02:09.079588,True,0.5531242830555556,Trade,,2018-11-30,27060.517268841944,0.5531242830555556,True,12.663063906779765,8.352091986787174,0.004649150889784335,-0.3241508084625497,0.0,0.0,0.0,0.44026856868862074
XBTUSD,2018-11-30 12:02:09.079588,long,349999,2018-11-30 12:14:18.078282,True,0.2024996372222222,Trade,,2018-11-30,27059.96414455889,0.2024996372222222,True,12.663063906779765,8.352091986787174,0.004649150889784335,-0.3241508084625497,0.0,0.0,0.0,0.18440242131143197
XBTUSD,2018-11-30 12:14:18.078282,short,1,2018-11-30 12:50:35.160235,True,0.6047449869444445,Trade,,2018-11-30,27059.761644921666,0.6047449869444445,True,12.663063906779765,8.352091986787174,0.004649150889784335,-0.3241508084625497,0.0,0.0,0.0,0.4729648573191846
XBTUSD,2018-11-30 12:50:35.160235,long,699999,2018-11-30 13:16:53.353581,True,0.4383870405555555,Trade,,2018-11-30,27059.156899934722,0.4383870405555555,True,12.663063906779765,8.352091986787174,0.004649150889784335,-0.3241508084625497,0.0,0.0,0.0,0.36352237506974
XBTUSD,2018-11-30 13:16:53.353581,short,42081,2018-11-30 14:04:52.632357,True,0.79979966,Trade,,2018-11-30,27058.718512894167,0.79979966,True,12.663063906779765,8.352091986787174,0.004649150889784335,-0.3241508084625497,0.0,0.0,0.0,0.5876753587078144
XBTUSD,2018-11-30 14:04:52.632357,long,349999,2018-11-30 16:58:35.579774,True,2.895263171388889,Trade,,2018-11-30,27057.918713234165,2.895263171388889,True,12.663063906779765,8.352091986787174,0.004649150889784335,-0.3241508084625497,0.0,0.0,0.0,1.359761243507181
XBTUSD,2018-11-30 16:58:35.579774,short,1058501,2018-11-30 23:00:22.916649,True,6.029815798611112,Trade,,2018-11-30,27055.023450062778,6.029815798611112,True,12.663063906779765,8.352091986787174,0.004649150889784335,-0.3241508084625497,0.0,0.0,0.0,1.9501605032902591
XBTUSD,2018-11-30 23:00:22.916649,long,162384,2018-11-30 23:01:35.370927,True,0.0201261883333333,Trade,,2018-11-30,27048.993634264167,0.0201261883333333,True,12.663063906779765,8.352091986787174,0.004649150889784335,-0.3241508084625497,0.0,0.0,0.0,0.019926333696514996
XBTUSD,2018-11-30 23:01:35.370927,short,349999,2018-11-30 23:07:30.559205,True,0.0986634105555555,Trade,,2018-11-30,27048.973508075833,0.0986634105555555,True,12.663063906779765,8.352091986787174,0.004649150889784335,-0.3241508084625497,0.0,0.0,0.0,0.09409435968135808
XBTUSD,2018-11-30 23:07:30.559205,long,1,2018-11-30 23:20:50.190320,True,0.2221197541666666,Trade,,2018-11-30,27048.87484466528,0.2221197541666666,True,12.663063906779765,8.352091986787174,0.004649150889784335,-0.3241508084625497,0.0,0.0,0.0,0.20058685444759147
XBTUSD,2018-11-30 23:20:50.190320,short,350001,2018-12-01 03:05:49.230776,True,3.74973346,Trade,,2018-11-30,27048.65272491111,3.74973346,True,12.663063906779765,8.352091986787174,0.004649150889784335,-0.3241508084625497,0.0,0.0,0.0,1.5580885027879077
XBTUSD,2018-12-01 03:05:49.230776,long,349999,2018-12-01 03:16:41.621496,True,0.1812196444444444,Trade,,2018-12-01,27044.902991451112,0.1812196444444444,True,12.665539260070751,8.287360832901363,0.017962672130510737,-0.3699438046681412,0.0,0.0,0.0,0.16654750167081173
XBTUSD,2018-12-01 03:16:41.621496,short,1138134,2018-12-02 05:02:48.907747,True,25.768690625277777,Trade,,2018-12-01,27044.721771806664,25.768690625277777,True,12.665539260070751,8.287360832901363,0.017962672130510737,-0.3699438046681412,0.0,0.0,0.0,3.2872329443180157
XBTUSD,2018-12-02 05:02:48.907747,long,349999,2018-12-02 05:04:10.814807,True,0.0227519611111111,Trade,,2018-12-02,27018.95308118139,0.0227519611111111,True,12.61127434004459,8.330399342961732,0.0353795673719174,-0.3460368217896326,0.0,0.0,0.0,0.022496995313785854
XBTUSD,2018-12-02 05:04:10.814807,short,374343,2018-12-02 07:07:44.499199,True,2.0593567755555555,Trade,,2018-12-02,27018.93032922028,2.0593567755555555,True,12.61127434004459,8.330399342961732,0.0353795673719174,-0.3460368217896326,0.0,0.0,0.0,1.1182046898015061
XBTUSD,2018-12-02 07:07:44.499199,long,299999,2018-12-02 07:34:02.855408,True,0.4384322802777778,Trade,,2018-12-02,27016.87097244472,0.4384322802777778,True,12.61127434004459,8.330399342961732,0.0353795673719174,-0.3460368217896326,0.0,0.0,0.0,0.3635538262783011
XBTUSD,2018-12-02 07:34:02.855408,short,299999,2018-12-02 08:00:40.451471,True,0.4437766841666666,Trade,,2018-12-02,27016.432540164446,0.4437766841666666,True,12.61127434004459,8.330399342961732,0.0353795673719174,-0.3460368217896326,0.0,0.0,0.0,0.3672623776568491
XBTUSD,2018-12-02 08:00:40.451471,long,1,2018-12-02 08:07:34.039382,True,0.1148855308333333,Trade,,2018-12-02,27015.988763480276,0.1148855308333333,True,12.61127434004459,8.330399342961732,0.0353795673719174,-0.3460368217896326,0.0,0.0,0.0,0.10875173671213689
XBTUSD,2018-12-02 08:07:34.039382,short,637641,2018-12-02 15:12:05.783937,True,7.075484598611111,Trade,,2018-12-02,27015.873877949445,7.075484598611111,True,12.61127434004459,8.330399342961732,0.0353795673719174,-0.3460368217896326,0.0,0.0,0.0,2.0888328795199618
XBTUSD,2018-12-02 15:12:05.783937,long,599999,2018-12-02 15:36:20.535252,True,0.4040975874999999,Trade,,2018-12-02,27008.798393350833,0.4040975874999999,True,12.61127434004459,8.330399342961732,0.0353795673719174,-0.3460368217896326,0.0,0.0,0.0,0.3393948099545177
XBTUSD,2018-12-02 15:36:20.535252,short,600001,2018-12-03 02:13:07.699756,True,10.613101251111113,Trade,,2018-12-02,27008.394295763334,10.613101251111113,True,12.61127434004459,8.330399342961732,0.0353795673719174,-0.3460368217896326,0.0,0.0,0.0,2.452133878998635
XBTUSD,2018-12-03 02:13:07.699756,long,349999,2018-12-03 02:13:53.074817,True,0.0126041836111111,Trade,,2018-12-03,26997.781194512223,0.0126041836111111,True,12.69336218654273,8.31843653862046,0.03405932076682111,-0.3543418530108763,0.0,0.0,0.0,0.012525412098673442
XBTUSD,2018-12-03 02:13:53.074817,short,700001,2018-12-03 02:52:38.914077,True,0.6460664611111112,Trade,,2018-12-03,26997.76859032861,0.6460664611111112,True,12.69336218654273,8.31843653862046,0.03405932076682111,-0.3543418530108763,0.0,0.0,0.0,0.4983884787854891
XBTUSD,2018-12-03 02:52:38.914077,long,700604,2018-12-03 03:47:25.134513,True,0.91283901,Trade,,2018-12-03,26997.1225238675,0.91283901,True,12.69336218654273,8.31843653862046,0.03405932076682111,-0.3543418530108763,0.0,0.0,0.0,0.6485885311405523
XBTUSD,2018-12-03 03:47:25.134513,short,705560,2018-12-03 15:48:49.768745,True,12.023509508888887,Trade,,2018-12-03,26996.2096848575,12.023509508888887,True,12.69336218654273,8.31843653862046,0.03405932076682111,-0.3543418530108763,0.0,0.0,0.0,2.5667561479927223
XBTUSD,2018-12-03 15:48:49.768745,long,361068,2018-12-03 18:00:22.360294,True,2.1923865413888888,Trade,,2018-12-03,26984.18617534861,2.1923865413888888,True,12.69336218654273,8.31843653862046,0.03405932076682111,-0.3543418530108763,0.0,0.0,0.0,1.160768769182265
XBTUSD,2018-12-03 18:00:22.360294,short,349999,2018-12-04 00:15:22.142608,True,6.249939531666667,Trade,,2018-12-03,26981.993788807224,6.249939531666667,True,12.69336218654273,8.31843653862046,0.03405932076682111,-0.3543418530108763,0.0,0.0,0.0,1.9809931283720315
XBTUSD,2018-12-04 00:15:22.142608,long,352098,2018-12-04 06:44:04.190645,True,6.478346676944445,Trade,,2018-12-04,26975.743849275554,6.478346676944445,True,12.699166345668678,8.254262699828471,0.04674758997594538,-0.3929701303997517,0.0,0.0,0.0,2.012011735061046
XBTUSD,2018-12-04 06:44:04.190645,short,1049999,2018-12-04 09:43:43.643704,True,2.9942925163888887,Trade,,2018-12-04,26969.265502598613,2.9942925163888887,True,12.699166345668678,8.254262699828471,0.04674758997594538,-0.3929701303997517,0.0,0.0,0.0,1.3848664712674377
XBTUSD,2018-12-04 09:43:43.643704,long,1,2018-12-04 10:05:13.119493,True,0.3581877191666667,Trade,,2018-12-04,26966.271210082225,0.3581877191666667,True,12.699166345668678,8.254262699828471,0.04674758997594538,-0.3929701303997517,0.0,0.0,0.0,0.306151251664823
XBTUSD,2018-12-04 10:05:13.119493,short,699999,2018-12-04 16:38:46.774854,True,6.559348711388889,Trade,,2018-12-04,26965.913022363056,6.559348711388889,True,12.699166345668678,8.254262699828471,0.04674758997594538,-0.3929701303997517,0.0,0.0,0.0,2.0227850371931946
XBTUSD,2018-12-04 16:38:46.774854,long,1050001,2018-12-05 05:30:36.659251,True,12.863856776944443,Trade,,2018-12-04,26959.353673651665,12.863856776944443,True,12.699166345668678,8.254262699828471,0.04674758997594538,-0.3929701303997517,0.0,0.0,0.0,2.6292852217875584
XBTUSD,2018-12-05 05:30:36.659251,short,350001,2018-12-06 00:04:29.853223,True,18.564776103333333,Trade,,2018-12-05,26946.48981687472,18.564776103333333,True,12.773543213700636,8.266922927032438,0.04635724520429767,-0.3936610947360049,0.0,0.0,0.0,2.973730811862336
XBTUSD,2018-12-06 00:04:29.853223,long,305719,2018-12-06 00:10:39.594685,True,0.1027059616666666,Trade,,2018-12-06,26927.92504077139,0.1027059616666666,True,12.725506762766711,8.218657998546787,0.050549787178277246,-0.4206541219918692,0.0,0.0,0.0,0.09776712419453076
XBTUSD,2018-12-06 00:10:39.594685,short,1052986,2018-12-06 05:06:21.999266,True,4.928445716944444,Trade,,2018-12-06,26927.82233480972,4.928445716944444,True,12.725506762766711,8.218657998546787,0.050549787178277246,-0.4206541219918692,0.0,0.0,0.0,1.779762073585707
XBTUSD,2018-12-06 05:06:21.999266,long,349999,2018-12-06 05:07:21.360492,True,0.0164892294444444,Trade,,2018-12-06,26922.89388909278,0.0164892294444444,True,12.725506762766711,8.218657998546787,0.050549787178277246,-0.4206541219918692,0.0,0.0,0.0,0.016354758304053814
XBTUSD,2018-12-06 05:07:21.360492,short,1,2018-12-06 05:08:19.510712,True,0.0161528388888888,Trade,,2018-12-06,26922.877399863333,0.0161528388888888,True,12.725506762766711,8.218657998546787,0.050549787178277246,-0.4206541219918692,0.0,0.0,0.0,0.016023769819787634
XBTUSD,2018-12-06 05:08:19.510712,long,357973,2018-12-06 05:13:56.829798,True,0.0936997461111111,Trade,,2018-12-06,26922.861247024444,0.0936997461111111,True,12.725506762766711,8.218657998546787,0.050549787178277246,-0.4206541219918692,0.0,0.0,0.0,0.08956621122141996
XBTUSD,2018-12-06 05:13:56.829798,short,350496,2018-12-06 05:33:33.976536,True,0.326985205,Trade,,2018-12-06,26922.767547278334,0.326985205,True,12.725506762766711,8.218657998546787,0.050549787178277246,-0.4206541219918692,0.0,0.0,0.0,0.28290960607917603
XBTUSD,2018-12-06 05:33:33.976536,long,349504,2018-12-06 06:02:09.769969,True,0.4766092869444444,Trade,,2018-12-06,26922.44056207333,0.4766092869444444,True,12.725506762766711,8.218657998546787,0.050549787178277246,-0.4206541219918692,0.0,0.0,0.0,0.38974843703425943
XBTUSD,2018-12-06 06:02:09.769969,short,700404,2018-12-06 14:52:54.228625,True,8.84568296,Trade,,2018-12-06,26921.963952786387,8.84568296,True,12.725506762766711,8.218657998546787,0.050549787178277246,-0.4206541219918692,0.0,0.0,0.0,2.2870330809394583
XBTUSD,2018-12-06 14:52:54.228625,long,347924,2018-12-06 15:28:16.727304,True,0.5895829663888889,Trade,,2018-12-06,26913.118269826387,0.5895829663888889,True,12.725506762766711,8.218657998546787,0.050549787178277246,-0.4206541219918692,0.0,0.0,0.0,0.4634716965393308
XBTUSD,2018-12-06 15:28:16.727304,short,127967,2018-12-06 16:16:38.411192,True,0.8060233022222222,Trade,,2018-12-06,26912.52868686,0.8060233022222222,True,12.725506762766711,8.218657998546787,0.050549787178277246,-0.4206541219918692,0.0,0.0,0.0,0.5911273575816669
XBTUSD,2018-12-06 16:16:38.411192,long,15617,2018-12-06 23:36:42.924261,True,7.334586963611112,Trade,,2018-12-06,26911.72266355778,7.334586963611112,True,12.725506762766711,8.218657998546787,0.050549787178277246,-0.4206541219918692,0.0,0.0,0.0,2.1204139605191195
XBTUSD,2018-12-06 23:36:42.924261,short,349383,2018-12-06 23:38:49.875793,True,0.0352643144444444,Trade,,2018-12-06,26904.388076594165,0.0352643144444444,True,12.725506762766711,8.218657998546787,0.050549787178277246,-0.4206541219918692,0.0,0.0,0.0,0.034656770389187595
XBTUSD,2018-12-06 23:38:49.875793,long,350617,2018-12-06 23:54:46.642726,True,0.2657685925,Trade,,2018-12-06,26904.352812279725,0.2657685925,True,12.725506762766711,8.218657998546787,0.050549787178277246,-0.4206541219918692,0.0,0.0,0.0,0.23567952067961329
XBTUSD,2018-12-06 23:54:46.642726,short,706851,2018-12-07 00:54:12.261320,True,0.9904496094444444,Trade,,2018-12-06,26904.08704368722,0.9904496094444444,True,12.725506762766711,8.218657998546787,0.050549787178277246,-0.4206541219918692,0.0,0.0,0.0,0.6883605476112626
XBTUSD,2018-12-07 00:54:12.261320,long,347129,2018-12-07 00:54:41.629384,True,0.0081577955555555,Trade,,2018-12-07,26903.09659407778,0.0081577955555555,True,12.75904665396146,8.163932122594623,0.05411414069307317,-0.4547601610817974,0.0,0.0,0.0,0.00812470060744367
XBTUSD,2018-12-07 00:54:41.629384,short,2871,2018-12-07 00:56:44.484014,True,0.0341262861111111,Trade,,2018-12-07,26903.08843628222,0.0341262861111111,True,12.75904665396146,8.163932122594623,0.05411414069307317,-0.4547601610817974,0.0,0.0,0.0,0.033556902198280114
XBTUSD,2018-12-07 00:56:44.484014,long,347129,2018-12-07 00:58:05.913079,True,0.0226191847222222,Trade,,2018-12-07,26903.05430999611,0.0226191847222222,True,12.75904665396146,8.163932122594623,0.05411414069307317,-0.4547601610817974,0.0,0.0,0.0,0.02236716421751182
XBTUSD,2018-12-07 00:58:05.913079,short,352871,2018-12-07 00:59:32.815139,True,0.0241394611111111,Trade,,2018-12-07,26903.03169081139,0.0241394611111111,True,12.75904665396146,8.163932122594623,0.05411414069307317,-0.4547601610817974,0.0,0.0,0.0,0.023852709835280095
XBTUSD,2018-12-07 00:59:32.815139,long,347129,2018-12-07 01:01:43.011134,True,0.0361655541666666,Trade,,2018-12-07,26903.007551350278,0.0361655541666666,True,12.75904665396146,8.163932122594623,0.05411414069307317,-0.4547601610817974,0.0,0.0,0.0,0.03552693238959686
XBTUSD,2018-12-07 01:01:43.011134,short,2871,2018-12-07 01:02:05.644971,True,0.0062871769444444,Trade,,2018-12-07,26902.97138579611,0.0062871769444444,True,12.75904665396146,8.163932122594623,0.05411414069307317,-0.4547601610817974,0.0,0.0,0.0,0.006267495099894241
XBTUSD,2018-12-07 01:02:05.644971,long,347129,2018-12-07 01:02:54.786196,True,0.0136503402777777,Trade,,2018-12-07,26902.965098619166,0.0136503402777777,True,12.75904665396146,8.163932122594623,0.05411414069307317,-0.4547601610817974,0.0,0.0,0.0,0.013558013627543102
XBTUSD,2018-12-07 01:02:54.786196,short,1400286,2018-12-07 16:21:00.016123,True,15.3014527575,Trade,,2018-12-07,26902.95144827889,15.3014527575,True,12.75904665396146,8.163932122594623,0.05411414069307317,-0.4547601610817974,0.0,0.0,0.0,2.7912542300682044
XBTUSD,2018-12-07 16:21:00.016123,long,345126,2018-12-07 16:23:02.381632,True,0.0339904191666666,Trade,,2018-12-07,26887.64999552139,0.0339904191666666,True,12.75904665396146,8.163932122594623,0.05411414069307317,-0.4547601610817974,0.0,0.0,0.0,0.03342551024704909
XBTUSD,2018-12-07 16:23:02.381632,short,4874,2018-12-07 16:34:21.995498,True,0.1887816294444444,Trade,,2018-12-07,26887.616005102223,0.1887816294444444,True,12.75904665396146,8.163932122594623,0.05411414069307317,-0.4547601610817974,0.0,0.0,0.0,0.1729289418374332
XBTUSD,2018-12-07 16:34:21.995498,long,345126,2018-12-07 16:43:53.423986,True,0.1587301355555555,Trade,,2018-12-07,26887.427223472776,0.1587301355555555,True,12.75904665396146,8.163932122594623,0.05411414069307317,-0.4547601610817974,0.0,0.0,0.0,0.14732469475685822
XBTUSD,2018-12-07 16:43:53.423986,short,342075,2018-12-07 16:48:49.918959,True,0.0823597147222222,Trade,,2018-12-07,26887.268493337222,0.0823597147222222,True,12.75904665396146,8.163932122594623,0.05411414069307317,-0.4547601610817974,0.0,0.0,0.0,0.07914357870641212
XBTUSD,2018-12-07 16:48:49.918959,long,7925,2018-12-07 17:03:13.490555,True,0.2398809988888889,Trade,,2018-12-07,26887.186133622497,0.2398809988888889,True,12.75904665396146,8.163932122594623,0.05411414069307317,-0.4547601610817974,0.0,0.0,0.0,0.21501540637366828
XBTUSD,2018-12-07 17:03:13.490555,short,10765,2018-12-07 17:42:09.221893,True,0.6488142605555556,Trade,,2018-12-07,26886.94625262361,0.6488142605555556,True,12.75904665396146,8.163932122594623,0.05411414069307317,-0.4547601610817974,0.0,0.0,0.0,0.5000563996078712
XBTUSD,2018-12-07 17:42:09.221893,long,699235,2018-12-07 19:12:28.355010,True,1.5053147547222223,Trade,,2018-12-07,26886.297438363057,1.5053147547222223,True,12.75904665396146,8.163932122594623,0.05411414069307317,-0.4547601610817974,0.0,0.0,0.0,0.9184143772311677
XBTUSD,2018-12-07 19:12:28.355010,short,30984,2018-12-08 10:54:56.305905,True,15.7077641375,Trade,,2018-12-07,26884.79212360833,15.7077641375,True,12.75904665396146,8.163932122594623,0.05411414069307317,-0.4547601610817974,0.0,0.0,0.0,2.815873529794803
XBTUSD,2018-12-08 10:54:56.305905,long,1050027,2018-12-09 14:06:13.501575,True,27.18810990833333,Trade,,2018-12-08,26869.084359470835,27.18810990833333,True,12.819987086595924,8.123556558030725,0.05103906885212627,-0.4811470166747221,0.0,0.0,0.0,3.338900254575002
XBTUSD,2018-12-09 14:06:13.501575,short,1744306,2018-12-09 17:57:47.220651,True,3.85936641,Trade,,2018-12-09,26841.896249562502,3.85936641,True,12.823712262534999,8.133866567020087,0.05647509823879701,-0.4680688910766255,0.0,0.0,0.0,1.580908061100958
XBTUSD,2018-12-09 17:57:47.220651,long,355694,2018-12-09 18:10:57.048171,True,0.2193965333333333,Trade,,2018-12-09,26838.0368831525,0.2193965333333333,True,12.823712262534999,8.133866567020087,0.05647509823879701,-0.4680688910766255,0.0,0.0,0.0,0.19835609155932146
XBTUSD,2018-12-09 18:10:57.048171,short,353493,2018-12-09 19:58:09.409151,True,1.786766938888889,Trade,,2018-12-09,26837.817486619166,1.786766938888889,True,12.823712262534999,8.133866567020087,0.05647509823879701,-0.4680688910766255,0.0,0.0,0.0,1.0248821206359977
XBTUSD,2018-12-09 19:58:09.409151,long,350048,2018-12-10 06:19:14.720633,True,10.351475411666666,Trade,,2018-12-09,26836.03071968028,10.351475411666666,True,12.823712262534999,8.133866567020087,0.05647509823879701,-0.4680688910766255,0.0,0.0,0.0,2.429347727696483
XBTUSD,2018-12-10 06:19:14.720633,short,349286,2018-12-10 06:22:23.912602,True,0.0525533247222222,Trade,,2018-12-10,26825.679244268613,0.0525533247222222,True,12.89430936886296,8.172006172424222,0.0748747830294195,-0.4408106502206226,0.0,0.0,0.0,0.05121895011019432
XBTUSD,2018-12-10 06:22:23.912602,long,714,2018-12-10 07:06:03.571422,True,0.7276830055555555,Trade,,2018-12-10,26825.626690943885,0.7276830055555555,True,12.89430936886296,8.172006172424222,0.0748747830294195,-0.4408106502206226,0.0,0.0,0.0,0.5467812076945607
XBTUSD,2018-12-10 07:06:03.571422,short,737086,2018-12-10 07:46:51.758802,True,0.6800520499999999,Trade,,2018-12-10,26824.899007938333,0.6800520499999999,True,12.89430936886296,8.172006172424222,0.0748747830294195,-0.4408106502206226,0.0,0.0,0.0,0.5188247750780879
XBTUSD,2018-12-10 07:46:51.758802,long,263,2018-12-10 08:20:26.457158,True,0.5596384322222222,Trade,,2018-12-10,26824.218955888333,0.5596384322222222,True,12.89430936886296,8.172006172424222,0.0748747830294195,-0.4408106502206226,0.0,0.0,0.0,0.44445402018112673
XBTUSD,2018-12-10 08:20:26.457158,short,699737,2018-12-10 09:08:35.737264,True,0.8025778072222223,Trade,,2018-12-10,26823.659317456113,0.8025778072222223,True,12.89430936886296,8.172006172424222,0.0748747830294195,-0.4408106502206226,0.0,0.0,0.0,0.5892177555267293
XBTUSD,2018-12-10 09:08:35.737264,long,1412595,2018-12-11 01:31:13.375147,True,16.377121634166667,Trade,,2018-12-10,26822.856739648887,16.377121634166667,True,12.89430936886296,8.172006172424222,0.0748747830294195,-0.4408106502206226,0.0,0.0,0.0,2.855154492437474
XBTUSD,2018-12-11 01:31:13.375147,short,349923,2018-12-11 04:04:43.671530,True,2.5584156619444447,Trade,,2018-12-11,26806.47961801472,2.5584156619444447,True,12.823549085768779,8.13552055943216,0.073353853566874,-0.4626897511430587,0.0,0.0,0.0,1.2693154070251398
XBTUSD,2018-12-11 04:04:43.671530,long,706993,2018-12-11 16:39:56.398070,True,12.586868483333337,Trade,,2018-12-11,26803.92120235278,12.586868483333337,True,12.823549085768779,8.13552055943216,0.073353853566874,-0.4626897511430587,0.0,0.0,0.0,2.609103773599647
XBTUSD,2018-12-11 16:39:56.398070,short,725695,2018-12-12 12:11:45.325545,True,19.530257631944444,Trade,,2018-12-11,26791.334333869447,19.530257631944444,True,12.823549085768779,8.13552055943216,0.073353853566874,-0.4626897511430587,0.0,0.0,0.0,3.021899779999568
XBTUSD,2018-12-12 12:11:45.325545,long,23761,2018-12-12 13:41:02.175240,True,1.4880138041666666,Trade,,2018-12-12,26771.804076237502,1.4880138041666666,True,12.787333642268427,8.117480764912921,0.07160289027302204,-0.4708216239323015,0.0,0.0,0.0,0.9114847231600407
XBTUSD,2018-12-12 13:41:02.175240,short,1049239,2018-12-12 15:46:52.483376,True,2.097307815555556,Trade,,2018-12-12,26770.316062433336,2.097307815555556,True,12.787333642268427,8.117480764912921,0.07160289027302204,-0.4708216239323015,0.0,0.0,0.0,1.1305332875779048
XBTUSD,2018-12-12 15:46:52.483376,long,358534,2018-12-12 15:56:17.120634,True,0.1568436827777777,Trade,,2018-12-12,26768.218754617777,0.1568436827777777,True,12.787333642268427,8.117480764912921,0.07160289027302204,-0.4708216239323015,0.0,0.0,0.0,0.1456953334467664
XBTUSD,2018-12-12 15:56:17.120634,short,696713,2018-12-12 16:08:04.918742,True,0.1966105855555555,Trade,,2018-12-12,26768.061910934997,0.1966105855555555,True,12.787333642268427,8.117480764912921,0.07160289027302204,-0.4708216239323015,0.0,0.0,0.0,0.17949304829565124
XBTUSD,2018-12-12 16:08:04.918742,long,1050095,2018-12-12 18:34:28.443762,True,2.439868061111111,Trade,,2018-12-12,26767.865300349444,2.439868061111111,True,12.787333642268427,8.117480764912921,0.07160289027302204,-0.4708216239323015,0.0,0.0,0.0,1.2354331163215955
XBTUSD,2018-12-12 18:34:28.443762,short,352771,2018-12-13 12:56:05.519359,True,18.360298776944447,Trade,,2018-12-12,26765.42543228833,18.360298776944447,True,12.787333642268427,8.117480764912921,0.07160289027302204,-0.4708216239323015,0.0,0.0,0.0,2.96322451442276
XBTUSD,2018-12-13 12:56:05.519359,long,697229,2018-12-13 13:23:16.248135,True,0.4529802155555555,Trade,,2018-12-13,26747.06513351139,0.4529802155555555,True,12.774818711078789,8.138276412371816,0.07912883926367041,-0.4584402491189578,0.0,0.0,0.0,0.37361676822259804
XBTUSD,2018-12-13 13:23:16.248135,short,1051386,2018-12-14 12:07:04.087710,True,22.729955437500003,Trade,,2018-12-13,26746.612153295835,22.729955437500003,True,12.774818711078789,8.138276412371816,0.07912883926367041,-0.4584402491189578,0.0,0.0,0.0,3.1667381925487326
XBTUSD,2018-12-14 12:07:04.087710,long,238,2018-12-14 12:09:29.742196,True,0.0404595794444444,Trade,,2018-12-14,26723.882197858336,0.0404595794444444,True,12.777758917062064,8.089587248751464,0.08233110557285633,-0.4798382519150469,0.0,0.0,0.0,0.039662518854733715
XBTUSD,2018-12-14 12:09:29.742196,short,352887,2018-12-14 18:40:51.034170,True,6.522581103888889,Trade,,2018-12-14,26723.84173827889,6.522581103888889,True,12.777758917062064,8.089587248751464,0.08233110557285633,-0.4798382519150469,0.0,0.0,0.0,2.017909310971273
XBTUSD,2018-12-14 18:40:51.034170,long,349913,2018-12-14 18:53:42.591130,True,0.2143213777777777,Trade,,2018-12-14,26717.319157175,0.2143213777777777,True,12.777758917062064,8.089587248751464,0.08233110557285633,-0.4798382519150469,0.0,0.0,0.0,0.19418538394430984
XBTUSD,2018-12-14 18:53:42.591130,short,350201,2018-12-14 21:17:28.112280,True,2.395978097222222,Trade,,2018-12-14,26717.10483579722,2.395978097222222,True,12.777758917062064,8.089587248751464,0.08233110557285633,-0.4798382519150469,0.0,0.0,0.0,1.2225918188470957
XBTUSD,2018-12-14 21:17:28.112280,long,228,2018-12-14 22:24:57.041265,True,1.1247024958333334,Trade,,2018-12-14,26714.7088577,1.1247024958333334,True,12.777758917062064,8.089587248751464,0.08233110557285633,-0.4798382519150469,0.0,0.0,0.0,0.7536317906144065
XBTUSD,2018-12-14 22:24:57.041265,short,349772,2018-12-14 23:08:34.240466,True,0.7269997780555555,Trade,,2018-12-14,26713.584155204167,0.7269997780555555,True,12.777758917062064,8.089587248751464,0.08233110557285633,-0.4798382519150469,0.0,0.0,0.0,0.5463856706500895
XBTUSD,2018-12-14 23:08:34.240466,long,228,2018-12-15 00:46:22.672096,True,1.6301198972222222,Trade,,2018-12-14,26712.85715542611,1.6301198972222222,True,12.777758917062064,8.089587248751464,0.08233110557285633,-0.4798382519150469,0.0,0.0,0.0,0.9670294334479812
XBTUSD,2018-12-15 00:46:22.672096,short,349772,2018-12-15 02:04:30.418796,True,1.302151861111111,Trade,,2018-12-15,26711.22703552889,1.302151861111111,True,12.81082087820211,8.070577120214711,0.02925142857588608,-0.4261214185883418,0.0,0.0,0.0,0.8338442773293403
XBTUSD,2018-12-15 02:04:30.418796,long,228,2018-12-15 03:51:05.253916,True,1.776343088888889,Trade,,2018-12-15,26709.924883667776,1.776343088888889,True,12.81082087820211,8.070577120214711,0.02925142857588608,-0.4261214185883418,0.0,0.0,0.0,1.0211346261061105
XBTUSD,2018-12-15 03:51:05.253916,short,349772,2018-12-15 10:38:22.483496,True,6.788119327777777,Trade,,2018-12-15,26708.14854057889,6.788119327777777,True,12.81082087820211,8.070577120214711,0.02925142857588608,-0.4261214185883418,0.0,0.0,0.0,2.0525994093979367
XBTUSD,2018-12-15 10:38:22.483496,long,228,2018-12-15 11:10:44.332136,True,0.5394024,Trade,,2018-12-15,26701.360421251113,0.5394024,True,12.81082087820211,8.070577120214711,0.02925142857588608,-0.4261214185883418,0.0,0.0,0.0,0.43139428916584477
XBTUSD,2018-12-15 11:10:44.332136,short,349772,2018-12-15 11:11:53.754007,True,0.0192838530555555,Trade,,2018-12-15,26700.82101885111,0.0192838530555555,True,12.81082087820211,8.070577120214711,0.02925142857588608,-0.4261214185883418,0.0,0.0,0.0,0.01910027585764807
XBTUSD,2018-12-15 11:11:53.754007,long,228,2018-12-15 11:13:19.832665,True,0.0239107383333333,Trade,,2018-12-15,26700.80173499806,0.0239107383333333,True,12.81082087820211,8.070577120214711,0.02925142857588608,-0.4261214185883418,0.0,0.0,0.0,0.023629353221471777
XBTUSD,2018-12-15 11:13:19.832665,short,699772,2018-12-15 13:54:06.508541,True,2.6796321877777776,Trade,,2018-12-15,26700.777824259723,2.6796321877777776,True,12.81082087820211,8.070577120214711,0.02925142857588608,-0.4261214185883418,0.0,0.0,0.0,1.302812798212178
XBTUSD,2018-12-15 13:54:06.508541,long,228,2018-12-15 14:36:16.005585,True,0.7026380677777778,Trade,,2018-12-15,26698.098192071942,0.7026380677777778,True,12.81082087820211,8.070577120214711,0.02925142857588608,-0.4261214185883418,0.0,0.0,0.0,0.5321788528327983
XBTUSD,2018-12-15 14:36:16.005585,short,349772,2018-12-15 15:58:27.810973,True,1.369945941111111,Trade,,2018-12-15,26697.395554004168,1.369945941111111,True,12.81082087820211,8.070577120214711,0.02925142857588608,-0.4261214185883418,0.0,0.0,0.0,0.8628671452291365
XBTUSD,2018-12-15 15:58:27.810973,long,228,2018-12-15 16:11:26.960288,True,0.2164303652777778,Trade,,2018-12-15,26696.025608063053,0.2164303652777778,True,12.81082087820211,8.070577120214711,0.02925142857588608,-0.4261214185883418,0.0,0.0,0.0,0.195920639743447
XBTUSD,2018-12-15 16:11:26.960288,short,349772,2018-12-15 16:28:08.168843,True,0.2781134875,Trade,,2018-12-15,26695.809177697778,0.2781134875,True,12.81082087820211,8.070577120214711,0.02925142857588608,-0.4261214185883418,0.0,0.0,0.0,0.24538515287349988
XBTUSD,2018-12-15 16:28:08.168843,long,228,2018-12-16 02:26:37.347363,True,9.974771811111111,Trade,,2018-12-15,26695.531064210278,9.974771811111111,True,12.81082087820211,8.070577120214711,0.02925142857588608,-0.4261214185883418,0.0,0.0,0.0,2.3955991670467807
XBTUSD,2018-12-16 02:26:37.347363,short,349772,2018-12-16 02:44:47.727830,True,0.3028834630555555,Trade,,2018-12-16,26685.556292399167,0.3028834630555555,True,12.843267951089212,8.066230815407632,0.02957430609515836,-0.4249274731542639,0.0,0.0,0.0,0.26457985673354734
XBTUSD,2018-12-16 02:44:47.727830,long,228,2018-12-16 03:19:13.417905,True,0.573802798611111,Trade,,2018-12-16,26685.253408936114,0.573802798611111,True,12.843267951089212,8.066230815407632,0.02957430609515836,-0.4249274731542639,0.0,0.0,0.0,0.45349485536796613
XBTUSD,2018-12-16 03:19:13.417905,short,349772,2018-12-16 07:19:15.312645,True,4.000526316666667,Trade,,2018-12-16,26684.6796061375,4.000526316666667,True,12.843267951089212,8.066230815407632,0.02957430609515836,-0.4249274731542639,0.0,0.0,0.0,1.609543170227638
XBTUSD,2018-12-16 07:19:15.312645,long,700228,2018-12-16 10:21:10.922809,True,3.0321139344444443,Trade,,2018-12-16,26680.67907982083,3.0321139344444443,True,12.843267951089212,8.066230815407632,0.02957430609515836,-0.4249274731542639,0.0,0.0,0.0,1.394290787920536
XBTUSD,2018-12-16 10:21:10.922809,short,699545,2018-12-16 14:17:52.962888,True,3.945011133055556,Trade,,2018-12-16,26677.646965886386,3.945011133055556,True,12.843267951089212,8.066230815407632,0.02957430609515836,-0.4249274731542639,0.0,0.0,0.0,1.598379216448391
XBTUSD,2018-12-16 14:17:52.962888,long,1050455,2018-12-16 16:01:53.795221,True,1.7335645369444446,Trade,,2018-12-16,26673.70195475333,1.7335645369444446,True,12.843267951089212,8.066230815407632,0.02957430609515836,-0.4249274731542639,0.0,0.0,0.0,1.0056064487118377
XBTUSD,2018-12-16 16:01:53.795221,short,1594229,2018-12-17 02:22:55.082959,True,10.350357705,Trade,,2018-12-16,26671.96839021639,10.350357705,True,12.843267951089212,8.066230815407632,0.02957430609515836,-0.4249274731542639,0.0,0.0,0.0,2.4292492592898283
XBTUSD,2018-12-17 02:22:55.082959,long,32,2018-12-17 02:23:27.080744,True,0.0088882736111111,Trade,,2018-12-17,26661.61803251139,0.0088882736111111,True,12.892687073418521,8.069472109640635,0.0316520863686996,-0.418594410780798,0.0,0.0,0.0,0.008849005419968374
XBTUSD,2018-12-17 02:23:27.080744,short,2100261,2018-12-17 16:02:15.742852,True,13.646850585555557,Trade,,2018-12-17,26661.609144237776,13.646850585555557,True,12.892687073418521,8.069472109640635,0.0316520863686996,-0.418594410780798,0.0,0.0,0.0,2.6842253352570045
XBTUSD,2018-12-17 16:02:15.742852,long,4557,2018-12-17 16:04:17.471021,True,0.0338133802777777,Trade,,2018-12-17,26647.96229365222,0.0338133802777777,True,12.892687073418521,8.069472109640635,0.0316520863686996,-0.418594410780798,0.0,0.0,0.0,0.03325427650681798
XBTUSD,2018-12-17 16:04:17.471021,short,1045443,2018-12-17 16:13:51.721852,True,0.1595141197222222,Trade,,2018-12-17,26647.928480271945,0.1595141197222222,True,12.892687073418521,8.069472109640635,0.0316520863686996,-0.418594410780798,0.0,0.0,0.0,0.14800105506252387
XBTUSD,2018-12-17 16:13:51.721852,long,48,2018-12-17 16:26:47.852192,True,0.2155917611111111,Trade,,2018-12-17,26647.76896615222,0.2155917611111111,True,12.892687073418521,8.069472109640635,0.0316520863686996,-0.418594410780798,0.0,0.0,0.0,0.19523100440600186
XBTUSD,2018-12-17 16:26:47.852192,short,3378837,2018-12-17 19:13:38.066578,True,2.7806151072222223,Trade,,2018-12-17,26647.55337439111,2.7806151072222223,True,12.892687073418521,8.069472109640635,0.0316520863686996,-0.418594410780798,0.0,0.0,0.0,1.3298867231712959
XBTUSD,2018-12-17 19:13:38.066578,long,909686,2018-12-17 19:30:01.857847,True,0.2732753525,Trade,,2018-12-17,26644.77275928389,0.2732753525,True,12.892687073418521,8.069472109640635,0.0316520863686996,-0.418594410780798,0.0,0.0,0.0,0.24159259822777499
XBTUSD,2018-12-17 19:30:01.857847,short,14603,2018-12-17 19:41:55.906169,True,0.1983467561111111,Trade,,2018-12-17,26644.499483931388,0.1983467561111111,True,12.892687073418521,8.069472109640635,0.0316520863686996,-0.418594410780798,0.0,0.0,0.0,0.18094290364754512
XBTUSD,2018-12-17 19:41:55.906169,long,1395397,2018-12-17 20:22:04.109413,True,0.6689453455555555,Trade,,2018-12-17,26644.30113717528,0.6689453455555555,True,12.892687073418521,8.069472109640635,0.0316520863686996,-0.418594410780798,0.0,0.0,0.0,0.512191897322392
XBTUSD,2018-12-17 20:22:04.109413,short,1404316,2018-12-17 21:13:40.804430,True,0.8601930602777778,Trade,,2018-12-17,26643.63219182972,0.8601930602777778,True,12.892687073418521,8.069472109640635,0.0316520863686996,-0.418594410780798,0.0,0.0,0.0,0.6206802781869613
XBTUSD,2018-12-17 21:13:40.804430,long,700523,2018-12-17 21:26:05.033345,True,0.2067302541666666,Trade,,2018-12-17,26642.771998769447,0.2067302541666666,True,12.892687073418521,8.069472109640635,0.0316520863686996,-0.418594410780798,0.0,0.0,0.0,0.18791443260434557
XBTUSD,2018-12-17 21:26:05.033345,short,699477,2018-12-17 21:30:51.720609,True,0.0796353511111111,Trade,,2018-12-17,26642.565268515278,0.0796353511111111,True,12.892687073418521,8.069472109640635,0.0316520863686996,-0.418594410780798,0.0,0.0,0.0,0.07662334626355033
XBTUSD,2018-12-17 21:30:51.720609,long,1403328,2018-12-18 06:50:05.767879,True,9.320568686111113,Trade,,2018-12-17,26642.485633164168,9.320568686111113,True,12.892687073418521,8.069472109640635,0.0316520863686996,-0.418594410780798,0.0,0.0,0.0,2.334138863778503
XBTUSD,2018-12-18 06:50:05.767879,short,946,2018-12-18 08:30:29.963628,True,1.6733877080555557,Trade,,2018-12-18,26633.165064478057,1.6733877080555557,True,12.679594024875714,8.160277213254503,0.09391606346563214,-0.3639160615145383,0.0,0.0,0.0,0.9833464726751194
XBTUSD,2018-12-18 08:30:29.963628,long,349054,2018-12-18 08:31:24.261953,True,0.0150828680555555,Trade,,2018-12-18,26631.49167677,0.0150828680555555,True,12.679594024875714,8.160277213254503,0.09391606346563214,-0.3639160615145383,0.0,0.0,0.0,0.014970252565597475
XBTUSD,2018-12-18 08:31:24.261953,short,946,2018-12-18 08:50:01.835887,True,0.3104372038888889,Trade,,2018-12-18,26631.476593901945,0.3104372038888889,True,12.679594024875714,8.160277213254503,0.09391606346563214,-0.3639160615145383,0.0,0.0,0.0,0.27036082495974373
XBTUSD,2018-12-18 08:50:01.835887,long,210702,2018-12-18 09:24:18.276505,True,0.571233505,Trade,,2018-12-18,26631.166156698055,0.571233505,True,12.679594024875714,8.160277213254503,0.09391606346563214,-0.3639160615145383,0.0,0.0,0.0,0.451860982856078
XBTUSD,2018-12-18 09:24:18.276505,short,1749298,2018-12-18 11:16:39.695914,True,1.8726165025,Trade,,2018-12-18,26630.594923193057,1.8726165025,True,12.679594024875714,8.160277213254503,0.09391606346563214,-0.3639160615145383,0.0,0.0,0.0,1.0552232877947394
XBTUSD,2018-12-18 11:16:39.695914,long,253117,2018-12-18 13:50:18.048688,True,2.5606535483333337,Trade,,2018-12-18,26628.722306690557,2.5606535483333337,True,12.679594024875714,8.160277213254503,0.09391606346563214,-0.3639160615145383,0.0,0.0,0.0,1.2699441090075203
XBTUSD,2018-12-18 13:50:18.048688,short,349883,2018-12-18 13:53:11.339951,True,0.0481364619444444,Trade,,2018-12-18,26626.161653142222,0.0481364619444444,True,12.679594024875714,8.160277213254503,0.09391606346563214,-0.3639160615145383,0.0,0.0,0.0,0.04701378920108257
XBTUSD,2018-12-18 13:53:11.339951,long,700117,2018-12-18 14:30:26.854793,True,0.620976345,Trade,,2018-12-18,26626.113516680278,0.620976345,True,12.679594024875714,8.160277213254503,0.09391606346563214,-0.3639160615145383,0.0,0.0,0.0,0.4830286498031389
XBTUSD,2018-12-18 14:30:26.854793,short,349804,2018-12-18 14:50:32.301858,True,0.3348464069444444,Trade,,2018-12-18,26625.49254033528,0.3348464069444444,True,12.679594024875714,8.160277213254503,0.09391606346563214,-0.3639160615145383,0.0,0.0,0.0,0.28881623425539715
XBTUSD,2018-12-18 14:50:32.301858,long,349494,2018-12-18 14:52:05.309128,True,0.0258353527777777,Trade,,2018-12-18,26625.157693928337,0.0258353527777777,True,12.679594024875714,8.160277213254503,0.09391606346563214,-0.3639160615145383,0.0,0.0,0.0,0.02550725899564694
XBTUSD,2018-12-18 14:52:05.309128,short,506,2018-12-18 15:14:32.890667,True,0.3743282052777777,Trade,,2018-12-18,26625.131858575554,0.3743282052777777,True,12.679594024875714,8.160277213254503,0.09391606346563214,-0.3639160615145383,0.0,0.0,0.0,0.3179650337456253
XBTUSD,2018-12-18 15:14:32.890667,long,349494,2018-12-18 15:29:27.022762,True,0.2483700263888889,Trade,,2018-12-18,26624.757530370276,0.2483700263888889,True,12.679594024875714,8.160277213254503,0.09391606346563214,-0.3639160615145383,0.0,0.0,0.0,0.22183872150504771
XBTUSD,2018-12-18 15:29:27.022762,short,506,2018-12-18 15:46:22.569427,True,0.2820962958333333,Trade,,2018-12-18,26624.50916034389,0.2820962958333333,True,12.679594024875714,8.160277213254503,0.09391606346563214,-0.3639160615145383,0.0,0.0,0.0,0.24849646943213163
XBTUSD,2018-12-18 15:46:22.569427,long,2105390,2018-12-18 23:11:52.738171,True,7.425046873333333,Trade,,2018-12-18,26624.227064048056,7.425046873333333,True,12.679594024875714,8.160277213254503,0.09391606346563214,-0.3639160615145383,0.0,0.0,0.0,2.1312090398233443
XBTUSD,2018-12-18 23:11:52.738171,short,699839,2018-12-18 23:14:48.384291,True,0.0487905888888888,Trade,,2018-12-18,26616.802017174723,0.0487905888888888,True,12.679594024875714,8.160277213254503,0.09391606346563214,-0.3639160615145383,0.0,0.0,0.0,0.047637680209024064
XBTUSD,2018-12-18 23:14:48.384291,long,13248,2018-12-18 23:17:37.013800,True,0.0468415302777777,Trade,,2018-12-18,26616.753226585835,0.0468415302777777,True,12.679594024875714,8.160277213254503,0.09391606346563214,-0.3639160615145383,0.0,0.0,0.0,0.04577756444226471
XBTUSD,2018-12-18 23:17:37.013800,short,673615,2018-12-18 23:18:14.598424,True,0.0104401733333333,Trade,,2018-12-18,26616.706385055557,0.0104401733333333,True,12.679594024875714,8.160277213254503,0.09391606346563214,-0.3639160615145383,0.0,0.0,0.0,0.010386051094833133
XBTUSD,2018-12-18 23:18:14.598424,long,1076385,2018-12-18 23:31:33.787140,True,0.2219968655555555,Trade,,2018-12-18,26616.69594488222,0.2219968655555555,True,12.679594024875714,8.160277213254503,0.09391606346563214,-0.3639160615145383,0.0,0.0,0.0,0.20048629573429355
XBTUSD,2018-12-18 23:31:33.787140,short,3615,2018-12-18 23:40:07.599722,True,0.1427257172222222,Trade,,2018-12-18,26616.473948016668,0.1427257172222222,True,12.679594024875714,8.160277213254503,0.09391606346563214,-0.3639160615145383,0.0,0.0,0.0,0.13341638858125554
XBTUSD,2018-12-18 23:40:07.599722,long,352246,2018-12-19 01:12:38.144782,True,1.5418180722222223,Trade,,2018-12-18,26616.331222299446,1.5418180722222223,True,12.679594024875714,8.160277213254503,0.09391606346563214,-0.3639160615145383,0.0,0.0,0.0,0.9328796014500866
XBTUSD,2018-12-19 01:12:38.144782,short,1747951,2018-12-19 04:43:40.859056,True,3.5174206316666665,Trade,,2018-12-19,26614.78940422722,3.5174206316666665,True,12.84017719068207,8.205089286721273,0.10894978344990412,-0.3412638214956197,0.0,0.0,0.0,1.5079411742467135
XBTUSD,2018-12-19 04:43:40.859056,long,3130,2018-12-19 04:44:31.822857,True,0.0141566113888888,Trade,,2018-12-19,26611.271983595558,0.0141566113888888,True,12.84017719068207,8.205089286721273,0.10894978344990412,-0.3412638214956197,0.0,0.0,0.0,0.014057342344425154
XBTUSD,2018-12-19 04:44:31.822857,short,346870,2018-12-19 04:57:28.231026,True,0.2156689358333333,Trade,,2018-12-19,26611.257826984165,0.2156689358333333,True,12.84017719068207,8.205089286721273,0.10894978344990412,-0.3412638214956197,0.0,0.0,0.0,0.1952944897593785
XBTUSD,2018-12-19 04:57:28.231026,long,3130,2018-12-19 05:10:14.393671,True,0.2128229569444444,Trade,,2018-12-19,26611.042158048334,0.2128229569444444,True,12.84017719068207,8.205089286721273,0.10894978344990412,-0.3412638214956197,0.0,0.0,0.0,0.19295066460581556
XBTUSD,2018-12-19 05:10:14.393671,short,346870,2018-12-19 05:22:33.909276,True,0.2054210013888889,Trade,,2018-12-19,26610.82933509139,0.2054210013888889,True,12.84017719068207,8.205089286721273,0.10894978344990412,-0.3412638214956197,0.0,0.0,0.0,0.18682888467004213
XBTUSD,2018-12-19 05:22:33.909276,long,3130,2018-12-19 06:00:48.559119,True,0.6374027341666667,Trade,,2018-12-19,26610.623914090003,0.6374027341666667,True,12.84017719068207,8.205089286721273,0.10894978344990412,-0.3412638214956197,0.0,0.0,0.0,0.49311128778089225
XBTUSD,2018-12-19 06:00:48.559119,short,349870,2018-12-19 06:21:59.860934,True,0.3531393930555556,Trade,,2018-12-19,26609.986511355833,0.3531393930555556,True,12.84017719068207,8.205089286721273,0.10894978344990412,-0.3412638214956197,0.0,0.0,0.0,0.30242736905232587
XBTUSD,2018-12-19 06:21:59.860934,long,130,2018-12-19 10:40:20.979140,True,4.305866168333333,Trade,,2018-12-19,26609.633371962776,4.305866168333333,True,12.84017719068207,8.205089286721273,0.10894978344990412,-0.3412638214956197,0.0,0.0,0.0,1.6688130326935928
XBTUSD,2018-12-19 10:40:20.979140,short,2452073,2018-12-19 14:29:16.495017,True,3.815421076944444,Trade,,2018-12-19,26605.327505794445,3.815421076944444,True,12.84017719068207,8.205089286721273,0.10894978344990412,-0.3412638214956197,0.0,0.0,0.0,1.5718234925052708
XBTUSD,2018-12-19 14:29:16.495017,long,1047927,2018-12-19 14:44:43.221088,True,0.2574239086111111,Trade,,2018-12-19,26601.5120847175,0.2574239086111111,True,12.84017719068207,8.205089286721273,0.10894978344990412,-0.3412638214956197,0.0,0.0,0.0,0.22906511111014394
XBTUSD,2018-12-19 14:44:43.221088,short,352073,2018-12-19 14:48:39.786893,True,0.0657127236111111,Trade,,2018-12-19,26601.25466080889,0.0657127236111111,True,12.84017719068207,8.205089286721273,0.10894978344990412,-0.3412638214956197,0.0,0.0,0.0,0.06364379937882318
XBTUSD,2018-12-19 14:48:39.786893,long,697927,2018-12-19 15:01:34.400119,True,0.2151703405555555,Trade,,2018-12-19,26601.18894808528,0.2151703405555555,True,12.84017719068207,8.205089286721273,0.10894978344990412,-0.3412638214956197,0.0,0.0,0.0,0.19488426495380382
XBTUSD,2018-12-19 15:01:34.400119,short,1402073,2018-12-19 15:34:32.885945,True,0.5495793961111112,Trade,,2018-12-19,26600.97377774472,0.5495793961111112,True,12.84017719068207,8.205089286721273,0.10894978344990412,-0.3412638214956197,0.0,0.0,0.0,0.43798353675941815
XBTUSD,2018-12-19 15:34:32.885945,long,692483,2018-12-19 16:07:52.377628,True,0.5554143563888889,Trade,,2018-12-19,26600.42419834861,0.5554143563888889,True,12.84017719068207,8.205089286721273,0.10894978344990412,-0.3412638214956197,0.0,0.0,0.0,0.4417419772662553
XBTUSD,2018-12-19 16:07:52.377628,short,350117,2018-12-19 16:16:09.377447,True,0.1380555052777777,Trade,,2018-12-19,26599.868783992224,0.1380555052777777,True,12.84017719068207,8.205089286721273,0.10894978344990412,-0.3412638214956197,0.0,0.0,0.0,0.12932110892400137
XBTUSD,2018-12-19 16:16:09.377447,long,699883,2018-12-19 16:49:35.347100,True,0.5572137925,Trade,,2018-12-19,26599.730728486946,0.5572137925,True,12.84017719068207,8.205089286721273,0.10894978344990412,-0.3412638214956197,0.0,0.0,0.0,0.44289819395870933
XBTUSD,2018-12-19 16:49:35.347100,short,531825,2018-12-19 17:45:27.772331,True,0.9312292308333334,Trade,,2018-12-19,26599.173514694445,0.9312292308333334,True,12.84017719068207,8.205089286721273,0.10894978344990412,-0.3412638214956197,0.0,0.0,0.0,0.658156707345034
XBTUSD,2018-12-19 17:45:27.772331,long,2100175,2018-12-20 00:18:22.950298,True,6.548660546388889,Trade,,2018-12-19,26598.24228546361,6.548660546388889,True,12.84017719068207,8.205089286721273,0.10894978344990412,-0.3412638214956197,0.0,0.0,0.0,2.0213701364474077
XBTUSD,2018-12-20 00:18:22.950298,short,350151,2018-12-20 00:30:06.740359,True,0.1954972391666666,Trade,,2018-12-20,26591.693624917225,0.1954972391666666,True,12.883665480698868,8.215473126692421,0.007377910303277968,-0.2283866939887697,0.0,0.0,0.0,0.17856219855905184
XBTUSD,2018-12-20 00:30:06.740359,long,700147,2018-12-20 01:07:24.627800,True,0.6216354002777777,Trade,,2018-12-20,26591.498127678056,0.6216354002777777,True,12.883665480698868,8.215473126692421,0.007377910303277968,-0.2283866939887697,0.0,0.0,0.0,0.4834351463797413
XBTUSD,2018-12-20 01:07:24.627800,short,48188,2018-12-20 01:08:24.702366,True,0.0166873794444444,Trade,,2018-12-20,26590.876492277777,0.0166873794444444,True,12.883665480698868,8.215473126692421,0.007377910303277968,-0.2283866939887697,0.0,0.0,0.0,0.016549674967722926
XBTUSD,2018-12-20 01:08:24.702366,long,1812,2018-12-20 01:20:37.970623,True,0.2036856269444444,Trade,,2018-12-20,26590.859804898333,0.2036856269444444,True,12.883665480698868,8.215473126692421,0.007377910303277968,-0.2283866939887697,0.0,0.0,0.0,0.18538820560321256
XBTUSD,2018-12-20 01:20:37.970623,short,348188,2018-12-20 01:22:31.489730,True,0.0315330852777777,Trade,,2018-12-20,26590.65611927139,0.0315330852777777,True,12.883665480698868,8.215473126692421,0.007377910303277968,-0.2283866939887697,0.0,0.0,0.0,0.03104612793264524
XBTUSD,2018-12-20 01:22:31.489730,long,749983,2018-12-20 02:05:37.128552,True,0.7182330061111111,Trade,,2018-12-20,26590.62458618611,0.7182330061111111,True,12.883665480698868,8.215473126692421,0.007377910303277968,-0.2283866939887697,0.0,0.0,0.0,0.5412964407399755
XBTUSD,2018-12-20 02:05:37.128552,short,700017,2018-12-20 02:44:35.469124,True,0.6495390477777778,Trade,,2018-12-20,26589.90635318,0.6495390477777778,True,12.883665480698868,8.215473126692421,0.007377910303277968,-0.2283866939887697,0.0,0.0,0.0,0.5004958838996582
XBTUSD,2018-12-20 02:44:35.469124,long,1423947,2018-12-20 03:31:34.001442,True,0.7829256438888889,Trade,,2018-12-20,26589.256814132223,0.7829256438888889,True,12.883665480698868,8.215473126692421,0.007377910303277968,-0.2283866939887697,0.0,0.0,0.0,0.5782556352009227
XBTUSD,2018-12-20 03:31:34.001442,short,1400045,2018-12-20 08:10:44.747587,True,4.652985040277778,Trade,,2018-12-20,26588.473888488334,4.652985040277778,True,12.883665480698868,8.215473126692421,0.007377910303277968,-0.2283866939887697,0.0,0.0,0.0,1.7321837313563384
XBTUSD,2018-12-20 08:10:44.747587,long,1409955,2018-12-20 08:36:24.302274,True,0.4276540797222222,Trade,,2018-12-20,26583.820903448057,0.4276540797222222,True,12.883665480698868,8.215473126692421,0.007377910303277968,-0.2283866939887697,0.0,0.0,0.0,0.35603259348139965
XBTUSD,2018-12-20 08:36:24.302274,short,335819,2018-12-20 08:38:42.442828,True,0.0383723761111111,Trade,,2018-12-20,26583.39324936833,0.0383723761111111,True,12.883665480698868,8.215473126692421,0.007377910303277968,-0.2283866939887697,0.0,0.0,0.0,0.03765446425551042
XBTUSD,2018-12-20 08:38:42.442828,long,354181,2018-12-20 09:35:01.468775,True,0.9386183186111112,Trade,,2018-12-20,26583.354876992224,0.9386183186111112,True,12.883665480698868,8.215473126692421,0.007377910303277968,-0.2283866939887697,0.0,0.0,0.0,0.6619755124339285
XBTUSD,2018-12-20 09:35:01.468775,short,349819,2018-12-20 09:36:32.158961,True,0.0251917183333333,Trade,,2018-12-20,26582.41625867361,0.0251917183333333,True,12.883665480698868,8.215473126692421,0.007377910303277968,-0.2283866939887697,0.0,0.0,0.0,0.024879637376568554
XBTUSD,2018-12-20 09:36:32.158961,long,181,2018-12-20 09:59:43.730256,True,0.3865475819444444,Trade,,2018-12-20,26582.39106695528,0.3865475819444444,True,12.883665480698868,8.215473126692421,0.007377910303277968,-0.2283866939887697,0.0,0.0,0.0,0.32681690351185205
XBTUSD,2018-12-20 09:59:43.730256,short,349819,2018-12-20 10:14:49.148202,True,0.251504985,Trade,,2018-12-20,26582.00451937333,0.251504985,True,12.883665480698868,8.215473126692421,0.007377910303277968,-0.2283866939887697,0.0,0.0,0.0,0.22434681510189472
XBTUSD,2018-12-20 10:14:49.148202,long,181,2018-12-20 11:22:27.736686,True,1.12738569,Trade,,2018-12-20,26581.753014388334,1.12738569,True,12.883665480698868,8.215473126692421,0.007377910303277968,-0.2283866939887697,0.0,0.0,0.0,0.7548938502921688
XBTUSD,2018-12-20 11:22:27.736686,short,349819,2018-12-20 11:26:23.928503,True,0.0656088380555555,Trade,,2018-12-20,26580.62562869833,0.0656088380555555,True,12.883665480698868,8.215473126692421,0.007377910303277968,-0.2283866939887697,0.0,0.0,0.0,0.06354631474064718
XBTUSD,2018-12-20 11:26:23.928503,long,181,2018-12-20 16:36:07.312397,True,5.162051081666666,Trade,,2018-12-20,26580.560019860277,5.162051081666666,True,12.883665480698868,8.215473126692421,0.007377910303277968,-0.2283866939887697,0.0,0.0,0.0,1.8184096899269817
XBTUSD,2018-12-20 16:36:07.312397,short,349819,2018-12-20 16:38:08.008944,True,0.0335268186111111,Trade,,2018-12-20,26575.39796877861,0.0335268186111111,True,12.883665480698868,8.215473126692421,0.007377910303277968,-0.2283866939887697,0.0,0.0,0.0,0.032977049112259585
XBTUSD,2018-12-20 16:38:08.008944,long,181,2018-12-20 16:49:11.454986,True,0.1842905672222222,Trade,,2018-12-20,26575.36444196,0.1842905672222222,True,12.883665480698868,8.215473126692421,0.007377910303277968,-0.2283866939887697,0.0,0.0,0.0,0.16914391785859162
XBTUSD,2018-12-20 16:49:11.454986,short,449819,2018-12-20 17:51:26.763636,True,1.0375857361111112,Trade,,2018-12-20,26575.180151392775,1.0375857361111112,True,12.883665480698868,8.215473126692421,0.007377910303277968,-0.2283866939887697,0.0,0.0,0.0,0.7117656443205194
XBTUSD,2018-12-20 17:51:26.763636,long,181,2018-12-20 17:54:24.010865,True,0.0492353413888888,Trade,,2018-12-20,26574.142565656668,0.0492353413888888,True,12.883665480698868,8.215473126692421,0.007377910303277968,-0.2283866939887697,0.0,0.0,0.0,0.0480616525729912
XBTUSD,2018-12-20 17:54:24.010865,short,449819,2018-12-20 18:04:12.955661,True,0.1635957766666666,Trade,,2018-12-20,26574.093330315278,0.1635957766666666,True,12.883665480698868,8.215473126692421,0.007377910303277968,-0.2283866939887697,0.0,0.0,0.0,0.1515150180918162
XBTUSD,2018-12-20 18:04:12.955661,long,181,2018-12-20 18:06:01.865325,True,0.0302526844444444,Trade,,2018-12-20,26573.92973453861,0.0302526844444444,True,12.883665480698868,8.215473126692421,0.007377910303277968,-0.2283866939887697,0.0,0.0,0.0,0.029804096857704097
XBTUSD,2018-12-20 18:06:01.865325,short,449819,2018-12-20 18:44:40.739202,True,0.6441316325,Trade,,2018-12-20,26573.899481854165,0.6441316325,True,12.883665480698868,8.215473126692421,0.007377910303277968,-0.2283866939887697,0.0,0.0,0.0,0.4972123618593394
XBTUSD,2018-12-20 18:44:40.739202,long,181,2018-12-20 18:56:44.343232,True,0.2010011194444444,Trade,,2018-12-20,26573.25535022167,0.2010011194444444,True,12.883665480698868,8.215473126692421,0.007377910303277968,-0.2283866939887697,0.0,0.0,0.0,0.18315547519103773
XBTUSD,2018-12-20 18:56:44.343232,short,224819,2018-12-20 19:03:32.079023,True,0.1132599419444444,Trade,,2018-12-20,26573.05434910222,0.1132599419444444,True,12.883665480698868,8.215473126692421,0.007377910303277968,-0.2283866939887697,0.0,0.0,0.0,0.10729259573847201
XBTUSD,2018-12-20 19:03:32.079023,long,181,2018-12-20 19:35:17.588583,True,0.5293082111111111,Trade,,2018-12-20,26572.94108916028,0.5293082111111111,True,12.883665480698868,8.215473126692421,0.007377910303277968,-0.2283866939887697,0.0,0.0,0.0,0.42481548355330967
XBTUSD,2018-12-20 19:35:17.588583,short,449819,2018-12-20 20:09:21.713468,True,0.5678124680555555,Trade,,2018-12-20,26572.41178094917,0.5678124680555555,True,12.883665480698868,8.215473126692421,0.007377910303277968,-0.2283866939887697,0.0,0.0,0.0,0.449681315321266
XBTUSD,2018-12-20 20:09:21.713468,long,250181,2018-12-20 20:10:36.036869,True,0.0206453891666666,Trade,,2018-12-20,26571.843968481113,0.0206453891666666,True,12.883665480698868,8.215473126692421,0.007377910303277968,-0.2283866939887697,0.0,0.0,0.0,0.020435161681243545
XBTUSD,2018-12-20 20:10:36.036869,short,449819,2018-12-20 20:17:05.392659,True,0.1081543861111111,Trade,,2018-12-20,26571.823323091943,0.1081543861111111,True,12.883665480698868,8.215473126692421,0.007377910303277968,-0.2283866939887697,0.0,0.0,0.0,0.10269591626391113
XBTUSD,2018-12-20 20:17:05.392659,long,181,2018-12-20 20:17:24.362980,True,0.0052695336111111,Trade,,2018-12-20,26571.715168705836,0.0052695336111111,True,12.883665480698868,8.215473126692421,0.007377910303277968,-0.2283866939887697,0.0,0.0,0.0,0.00525569820169146
XBTUSD,2018-12-20 20:17:24.362980,short,449819,2018-12-20 20:43:14.931465,True,0.4307134680555555,Trade,,2018-12-20,26571.709899172223,0.4307134680555555,True,12.883665480698868,8.215473126692421,0.007377910303277968,-0.2283866939887697,0.0,0.0,0.0,0.35817324855844956
XBTUSD,2018-12-20 20:43:14.931465,long,181,2018-12-20 20:44:11.196498,True,0.0156291758333333,Trade,,2018-12-20,26571.279185704167,0.0156291758333333,True,12.883665480698868,8.215473126692421,0.007377910303277968,-0.2283866939887697,0.0,0.0,0.0,0.015508298117256248
XBTUSD,2018-12-20 20:44:11.196498,short,408761,2018-12-20 20:45:58.953047,True,0.0299323747222222,Trade,,2018-12-20,26571.26355652833,0.0299323747222222,True,12.883665480698868,8.215473126692421,0.007377910303277968,-0.2283866939887697,0.0,0.0,0.0,0.02949314447662752
XBTUSD,2018-12-20 20:45:58.953047,long,901222,2018-12-20 21:02:18.854105,True,0.2721947383333333,Trade,,2018-12-20,26571.23362415361,0.2721947383333333,True,12.883665480698868,8.215473126692421,0.007377910303277968,-0.2283866939887697,0.0,0.0,0.0,0.2407435493739113
XBTUSD,2018-12-20 21:02:18.854105,short,1368264,2018-12-21 12:46:24.573277,True,15.73492199222222,Trade,,2018-12-20,26570.961429415278,15.73492199222222,True,12.883665480698868,8.215473126692421,0.007377910303277968,-0.2283866939887697,0.0,0.0,0.0,2.8174976732973147
XBTUSD,2018-12-21 12:46:24.573277,long,105438,2018-12-21 12:50:31.464488,True,0.0685808919444444,Trade,,2018-12-21,26555.226507423056,0.0685808919444444,True,13.041795519582534,8.310842278141156,0.009468679946942072,-0.0578555154301554,0.0,0.0,0.0,0.06633149898959965
XBTUSD,2018-12-21 12:50:31.464488,short,894562,2018-12-21 15:44:15.330704,True,2.895518393333333,Trade,,2018-12-21,26555.157926531112,2.895518393333333,True,13.041795519582534,8.310842278141156,0.009468679946942072,-0.0578555154301554,0.0,0.0,0.0,1.3598267624650457
XBTUSD,2018-12-21 15:44:15.330704,long,6922,2018-12-21 15:45:23.789219,True,0.0190162541666666,Trade,,2018-12-21,26552.262408137776,0.0190162541666666,True,13.041795519582534,8.310842278141156,0.009468679946942072,-0.0578555154301554,0.0,0.0,0.0,0.018837705209215922
XBTUSD,2018-12-21 15:45:23.789219,short,907469,2018-12-21 20:46:48.869340,True,5.023633366944444,Trade,,2018-12-21,26552.24339188361,5.023633366944444,True,13.041795519582534,8.310842278141156,0.009468679946942072,-0.0578555154301554,0.0,0.0,0.0,1.7956906265844068
XBTUSD,2018-12-21 20:46:48.869340,long,454849,2018-12-21 21:06:55.819269,True,0.3352638691666667,Trade,,2018-12-21,26547.219758516665,0.3352638691666667,True,13.041795519582534,8.310842278141156,0.009468679946942072,-0.0578555154301554,0.0,0.0,0.0,0.28912892712756705
XBTUSD,2018-12-21 21:06:55.819269,short,1802216,2018-12-21 22:21:14.525480,True,1.2385295030555554,Trade,,2018-12-21,26546.8844946475,1.2385295030555554,True,13.041795519582534,8.310842278141156,0.009468679946942072,-0.0578555154301554,0.0,0.0,0.0,0.8058191784447551
XBTUSD,2018-12-21 22:21:14.525480,long,768893,2018-12-21 22:50:24.732684,True,0.4861686677777778,Trade,,2018-12-21,26545.645965144446,0.4861686677777778,True,13.041795519582534,8.310842278141156,0.009468679946942072,-0.0578555154301554,0.0,0.0,0.0,0.3962014444155008
XBTUSD,2018-12-21 22:50:24.732684,short,902348,2018-12-22 03:33:38.579951,True,4.720513129722223,Trade,,2018-12-21,26545.159796476666,4.720513129722223,True,13.041795519582534,8.310842278141156,0.009468679946942072,-0.0578555154301554,0.0,0.0,0.0,1.7440585093615808
XBTUSD,2018-12-22 03:33:38.579951,long,95,2018-12-22 04:00:56.477707,True,0.4549715988888889,Trade,,2018-12-22,26540.439283346943,0.4549715988888889,True,13.043865928809154,8.252989364178381,0.008047593024683353,-0.1561192854602123,0.0,0.0,0.0,0.3749863807689508
XBTUSD,2018-12-22 04:00:56.477707,short,1349905,2018-12-22 23:10:39.167602,True,19.161858304166667,Trade,,2018-12-22,26539.984311748056,19.161858304166667,True,13.043865928809154,8.252989364178381,0.008047593024683353,-0.1561192854602123,0.0,0.0,0.0,3.003792616741102
XBTUSD,2018-12-22 23:10:39.167602,long,808,2018-12-22 23:11:28.717422,True,0.0137638388888888,Trade,,2018-12-22,26520.82245344389,0.0137638388888888,True,13.043865928809154,8.252989364178381,0.008047593024683353,-0.1561192854602123,0.0,0.0,0.0,0.013669977539402807
XBTUSD,2018-12-22 23:11:28.717422,short,449192,2018-12-22 23:13:22.940333,True,0.0317285863888888,Trade,,2018-12-22,26520.808689605,0.0317285863888888,True,13.043865928809154,8.252989364178381,0.008047593024683353,-0.1561192854602123,0.0,0.0,0.0,0.031235634784229662
XBTUSD,2018-12-22 23:13:22.940333,long,444063,2018-12-22 23:41:05.486754,True,0.4618184502777778,Trade,,2018-12-22,26520.77696101861,0.4618184502777778,True,13.043865928809154,8.252989364178381,0.008047593024683353,-0.1561192854602123,0.0,0.0,0.0,0.3796811746001665
XBTUSD,2018-12-22 23:41:05.486754,short,900473,2018-12-23 15:02:59.718738,True,15.36506444,Trade,,2018-12-22,26520.31514256833,15.36506444,True,13.043865928809154,8.252989364178381,0.008047593024683353,-0.1561192854602123,0.0,0.0,0.0,2.795148845617252
XBTUSD,2018-12-23 15:02:59.718738,long,1386018,2018-12-23 16:36:52.951435,True,1.564786860277778,Trade,,2018-12-23,26504.95007812833,1.564786860277778,True,13.063507323520405,8.285247544142116,-0.00010407707665065711,-0.0786941650307663,0.0,0.0,0.0,0.9418753797618444
XBTUSD,2018-12-23 16:36:52.951435,short,62451,2018-12-23 17:13:45.815430,True,0.6146844430555556,Trade,,2018-12-23,26503.385291268056,0.6146844430555556,True,13.063507323520405,8.285247544142116,-0.00010407707665065711,-0.0786941650307663,0.0,0.0,0.0,0.4791395462863839
XBTUSD,2018-12-23 17:13:45.815430,long,449949,2018-12-23 17:45:04.305314,True,0.5218027455555556,Trade,,2018-12-23,26502.770606825,0.5218027455555556,True,13.063507323520405,8.285247544142116,-0.00010407707665065711,-0.0786941650307663,0.0,0.0,0.0,0.4198956489087141
XBTUSD,2018-12-23 17:45:04.305314,short,450051,2018-12-24 02:13:35.646666,True,8.475372597777778,Trade,,2018-12-23,26502.24880407944,8.475372597777778,True,13.063507323520405,8.285247544142116,-0.00010407707665065711,-0.0786941650307663,0.0,0.0,0.0,2.248696074499033
XBTUSD,2018-12-24 02:13:35.646666,long,449814,2018-12-24 05:43:17.846835,True,3.4950556025,Trade,,2018-12-24,26493.773431481666,3.4950556025,True,12.992989784070543,8.279612675811736,-5.363443006608076e-05,-0.0809404498590335,0.0,0.0,0.0,1.5029780377024724
XBTUSD,2018-12-24 05:43:17.846835,short,186,2018-12-24 10:18:17.343910,True,4.583193631944444,Trade,,2018-12-24,26490.278375879167,4.583193631944444,True,12.992989784070543,8.279612675811736,-5.363443006608076e-05,-0.0809404498590335,0.0,0.0,0.0,1.719760948145653
XBTUSD,2018-12-24 10:18:17.343910,long,449814,2018-12-24 11:08:15.809312,True,0.832907056111111,Trade,,2018-12-24,26485.695182247226,0.832907056111111,True,12.992989784070543,8.279612675811736,-5.363443006608076e-05,-0.0809404498590335,0.0,0.0,0.0,0.6059032616860625
XBTUSD,2018-12-24 11:08:15.809312,short,450186,2018-12-24 15:02:46.843915,True,3.9086207230555554,Trade,,2018-12-24,26484.86227519111,3.9086207230555554,True,12.992989784070543,8.279612675811736,-5.363443006608076e-05,-0.0809404498590335,0.0,0.0,0.0,1.5909929905420062
XBTUSD,2018-12-24 15:02:46.843915,long,14268,2018-12-24 15:32:18.511291,True,0.4921298266666667,Trade,,2018-12-24,26480.953654468056,0.4921298266666667,True,12.992989784070543,8.279612675811736,-5.363443006608076e-05,-0.0809404498590335,0.0,0.0,0.0,0.40020451318810274
XBTUSD,2018-12-24 15:32:18.511291,short,435732,2018-12-24 15:51:58.898864,True,0.3278854369444444,Trade,,2018-12-24,26480.46152464139,0.3278854369444444,True,12.992989784070543,8.279612675811736,-5.363443006608076e-05,-0.0809404498590335,0.0,0.0,0.0,0.28358777997188817
XBTUSD,2018-12-24 15:51:58.898864,long,368077,2018-12-24 15:58:04.409823,True,0.1015308219444444,Trade,,2018-12-24,26480.133639204443,0.1015308219444444,True,12.992989784070543,8.279612675811736,-5.363443006608076e-05,-0.0809404498590335,0.0,0.0,0.0,0.09670086866128284
XBTUSD,2018-12-24 15:58:04.409823,short,441923,2018-12-24 16:00:18.238098,True,0.0371745208333333,Trade,,2018-12-24,26480.0321083825,0.0371745208333333,True,12.992989784070543,8.279612675811736,-5.363443006608076e-05,-0.0809404498590335,0.0,0.0,0.0,0.03650020904447796
XBTUSD,2018-12-24 16:00:18.238098,long,109978,2018-12-24 16:01:57.303677,True,0.0275182163888888,Trade,,2018-12-24,26479.994933861668,0.0275182163888888,True,12.992989784070543,8.279612675811736,-5.363443006608076e-05,-0.0809404498590335,0.0,0.0,0.0,0.027146396076732367
XBTUSD,2018-12-24 16:01:57.303677,short,1340022,2018-12-25 03:29:33.442840,True,11.460038656388887,Trade,,2018-12-24,26479.96741564528,11.460038656388887,True,12.992989784070543,8.279612675811736,-5.363443006608076e-05,-0.0809404498590335,0.0,0.0,0.0,2.52252661579341
XBTUSD,2018-12-25 03:29:33.442840,long,278,2018-12-25 03:30:41.338129,True,0.0188598025,Trade,,2018-12-25,26468.50737698889,0.0188598025,True,13.067601383917522,8.304011304949562,-0.09385815417978638,0.0614055185920416,0.0,0.0,0.0,0.018684161360008646
XBTUSD,2018-12-25 03:30:41.338129,short,450542,2018-12-25 04:28:24.626772,True,0.9620246230555556,Trade,,2018-12-25,26468.48851718639,0.9620246230555556,True,13.067601383917522,8.304011304949562,-0.09385815417978638,0.0614055185920416,0.0,0.0,0.0,0.6739769110417684
XBTUSD,2018-12-25 04:28:24.626772,long,449458,2018-12-25 04:43:22.548832,True,0.2494227944444444,Trade,,2018-12-25,26467.526492563335,0.2494227944444444,True,13.067601383917522,8.304011304949562,-0.09385815417978638,0.0614055185920416,0.0,0.0,0.0,0.22268168022373272
XBTUSD,2018-12-25 04:43:22.548832,short,542,2018-12-25 06:19:23.093875,True,1.6001514008333333,Trade,,2018-12-25,26467.27706976889,1.6001514008333333,True,13.067601383917522,8.304011304949562,-0.09385815417978638,0.0614055185920416,0.0,0.0,0.0,0.9555696744218158
XBTUSD,2018-12-25 06:19:23.093875,long,899458,2018-12-25 07:56:06.967892,True,1.6121872269444444,Trade,,2018-12-25,26465.676918368055,1.6121872269444444,True,13.067601383917522,8.304011304949562,-0.09385815417978638,0.0614055185920416,0.0,0.0,0.0,0.9601878883799561
XBTUSD,2018-12-25 07:56:06.967892,short,542,2018-12-25 08:01:07.146525,True,0.0833829536111111,Trade,,2018-12-25,26464.06473114111,0.0833829536111111,True,13.067601383917522,8.304011304949562,-0.09385815417978638,0.0614055185920416,0.0,0.0,0.0,0.08008850995792911
XBTUSD,2018-12-25 08:01:07.146525,long,364791,2018-12-25 08:02:13.303910,True,0.0183770513888888,Trade,,2018-12-25,26463.981348187503,0.0183770513888888,True,13.067601383917522,8.304011304949562,-0.09385815417978638,0.0614055185920416,0.0,0.0,0.0,0.018210234021392664
XBTUSD,2018-12-25 08:02:13.303910,short,5209,2018-12-25 08:23:27.535963,True,0.3539533480555555,Trade,,2018-12-25,26463.962971136112,0.3539533480555555,True,13.067601383917522,8.304011304949562,-0.09385815417978638,0.0614055185920416,0.0,0.0,0.0,0.3030287189892286
XBTUSD,2018-12-25 08:23:27.535963,long,1350608,2018-12-25 20:45:43.470972,True,12.371093058055555,Trade,,2018-12-25,26463.609017788054,12.371093058055555,True,13.067601383917522,8.304011304949562,-0.09385815417978638,0.0614055185920416,0.0,0.0,0.0,2.5930951423013435
XBTUSD,2018-12-25 20:45:43.470972,short,1350043,2018-12-26 14:44:53.891494,True,17.98622792277778,Trade,,2018-12-25,26451.237924729998,17.98622792277778,True,13.067601383917522,8.304011304949562,-0.09385815417978638,0.0614055185920416,0.0,0.0,0.0,2.943713870168851
XBTUSD,2018-12-26 14:44:53.891494,long,1349589,2018-12-26 14:48:28.681640,True,0.0596639294444444,Trade,,2018-12-26,26433.25169680722,0.0596639294444444,True,13.092507368787748,8.232595427142039,-0.06561386569279555,-0.0469404265396685,0.0,0.0,0.0,0.05795181015980963
XBTUSD,2018-12-26 14:48:28.681640,short,411,2018-12-26 14:48:55.903741,True,0.0075616947222222,Trade,,2018-12-26,26433.192032877778,0.0075616947222222,True,13.092507368787748,8.232595427142039,-0.06561386569279555,-0.0469404265396685,0.0,0.0,0.0,0.007533248420186928
XBTUSD,2018-12-26 14:48:55.903741,long,449589,2018-12-26 14:54:27.229995,True,0.0920350705555555,Trade,,2018-12-26,26433.184471183056,0.0920350705555555,True,13.092507368787748,8.232595427142039,-0.06561386569279555,-0.0469404265396685,0.0,0.0,0.0,0.08804299270037488
XBTUSD,2018-12-26 14:54:27.229995,short,455917,2018-12-26 21:24:49.781322,True,6.506264257500001,Trade,,2018-12-26,26433.0924361125,6.506264257500001,True,13.092507368787748,8.232595427142039,-0.06561386569279555,-0.0469404265396685,0.0,0.0,0.0,2.015737906261505
XBTUSD,2018-12-26 21:24:49.781322,long,448459,2018-12-26 21:45:24.823167,True,0.3430671791666667,Trade,,2018-12-26,26426.586171855,0.3430671791666667,True,13.092507368787748,8.232595427142039,-0.06561386569279555,-0.0469404265396685,0.0,0.0,0.0,0.29495593800760395
XBTUSD,2018-12-26 21:45:24.823167,short,456806,2018-12-27 23:29:03.373263,True,25.727375026666667,Trade,,2018-12-26,26426.243104675836,25.727375026666667,True,13.092507368787748,8.232595427142039,-0.06561386569279555,-0.0469404265396685,0.0,0.0,0.0,3.285688322061331
XBTUSD,2018-12-27 23:29:03.373263,long,24363,2018-12-28 09:01:27.412017,True,9.540010765,Trade,,2018-12-27,26400.515729649167,9.540010765,True,13.135651192514143,8.244769437436526,-0.09489350760072192,0.0290170708571173,0.0,0.0,0.0,2.3551785644599432
XBTUSD,2018-12-28 09:01:27.412017,short,449637,2018-12-28 09:14:50.662771,True,0.2231252094444444,Trade,,2018-12-28,26390.975718884165,0.2231252094444444,True,13.111077260785954,8.184642206692232,-0.0715825457526635,-0.0506004344078476,0.0,0.0,0.0,0.2014092304053433
XBTUSD,2018-12-28 09:14:50.662771,long,363,2018-12-28 15:36:58.775673,True,6.368920250555556,Trade,,2018-12-28,26390.752593674722,6.368920250555556,True,13.111077260785954,8.184642206692232,-0.0715825457526635,-0.0506004344078476,0.0,0.0,0.0,1.9972711894377346
XBTUSD,2018-12-28 15:36:58.775673,short,900137,2018-12-29 23:46:21.569832,True,32.156331710833335,Trade,,2018-12-28,26384.383673424167,32.156331710833335,True,13.111077260785954,8.184642206692232,-0.0715825457526635,-0.0506004344078476,0.0,0.0,0.0,3.5012337002284366
XBTUSD,2018-12-29 23:46:21.569832,long,750456,2018-12-29 23:53:54.980896,True,0.1259475177777777,Trade,,2018-12-29,26352.227341713333,0.1259475177777777,True,13.18874043890417,8.263862273207238,-0.11383352430570744,-0.077800239597236,0.0,0.0,0.0,0.11862491919765529
XBTUSD,2018-12-29 23:53:54.980896,short,449544,2018-12-29 23:59:29.954782,True,0.0930483016666666,Trade,,2018-12-29,26352.101394195557,0.0930483016666666,True,13.18874043890417,8.263862273207238,-0.11383352430570744,-0.077800239597236,0.0,0.0,0.0,0.08897040004474789
XBTUSD,2018-12-29 23:59:29.954782,long,456,2018-12-30 00:03:11.927304,True,0.0616590338888888,Trade,,2018-12-29,26352.00834589389,0.0616590338888888,True,13.18874043890417,8.263862273207238,-0.11383352430570744,-0.077800239597236,0.0,0.0,0.0,0.05983281090055482
XBTUSD,2018-12-30 00:03:11.927304,short,900664,2018-12-30 09:30:49.821270,True,9.460526101666668,Trade,,2018-12-30,26351.94668686,9.460526101666668,True,13.070201464152586,8.24882691565368,-0.11354197136194293,-0.0981121226477601,0.0,0.0,0.0,2.347608753898399
XBTUSD,2018-12-30 09:30:49.821270,long,549,2018-12-30 09:34:47.818214,True,0.0661102622222222,Trade,,2018-12-30,26342.486160758333,0.0661102622222222,True,13.070201464152586,8.24882691565368,-0.11354197136194293,-0.0981121226477601,0.0,0.0,0.0,0.06401675587508096
XBTUSD,2018-12-30 09:34:47.818214,short,454933,2019-01-01 13:06:01.033977,True,51.52033771194444,Trade,,2018-12-30,26342.42005049611,51.52033771194444,True,13.070201464152586,8.24882691565368,-0.11354197136194293,-0.0981121226477601,0.0,0.0,0.0,3.961200479572803
XBTUSD,2019-01-01 13:06:01.033977,long,191,2019-01-01 13:53:46.315336,True,0.7959114886111112,Trade,,2019-01-01,26290.899712784165,0.7959114886111112,True,13.028072622516826,8.212622625159149,-0.15292045204523855,-0.1111054952233258,1.0,0.0,0.0,0.5855126861550679
XBTUSD,2019-01-01 13:53:46.315336,short,450423,2019-01-04 13:30:52.163310,True,71.6182911038889,Trade,,2019-01-01,26290.103801295554,71.6182911038889,True,13.028072622516826,8.212622625159149,-0.15292045204523855,-0.1111054952233258,1.0,0.0,0.0,4.285216833678033
XBTUSD,2019-01-04 13:30:52.163310,long,449577,2019-01-04 13:51:45.589697,True,0.3481739963888889,Trade,,2019-01-04,26218.485510191666,0.3481739963888889,True,13.037156919375283,8.238639629632814,-0.16608189918523322,-0.0278870692774872,1.0,0.0,0.0,0.2987510816001679
XBTUSD,2019-01-04 13:51:45.589697,short,423,2019-01-04 14:07:30.031710,True,0.2623450036111111,Trade,,2019-01-04,26218.137336195276,0.2623450036111111,True,13.037156919375283,8.238639629632814,-0.16608189918523322,-0.0278870692774872,1.0,0.0,0.0,0.23297110521365444
XBTUSD,2019-01-04 14:07:30.031710,long,899577,2019-01-04 14:48:20.725720,True,0.6807483361111112,Trade,,2019-01-04,26217.874991191668,0.6807483361111112,True,13.037156919375283,8.238639629632814,-0.16608189918523322,-0.0278870692774872,1.0,0.0,0.0,0.5192391323984161
XBTUSD,2019-01-04 14:48:20.725720,short,450403,2019-01-07 05:14:50.772684,True,62.44167971222223,Trade,,2019-01-04,26217.194242855556,62.44167971222223,True,13.037156919375283,8.238639629632814,-0.16608189918523322,-0.0278870692774872,1.0,0.0,0.0,4.150121054154865
XBTUSD,2019-01-07 05:14:50.772684,long,900246,2019-01-10 06:42:29.207373,True,73.4606763025,Trade,,2019-01-07,26154.752563143335,73.4606763025,True,13.040965608809795,8.305482479166297,-0.20118965923650609,0.1995253311141009,1.0,0.0,0.0,4.31027115116588
XBTUSD,2019-01-10 06:42:29.207373,short,450960,2019-01-10 16:10:44.987207,True,9.471049953888889,Trade,,2019-01-10,26081.291886840834,9.471049953888889,True,13.058017974364,8.29511383256123,-0.22528812743385096,0.1730336696391323,1.0,0.0,0.0,2.3486143019833627
XBTUSD,2019-01-10 16:10:44.987207,long,899284,2019-01-10 16:36:12.255763,True,0.4242412655555556,Trade,,2019-01-10,26071.820836886945,0.4242412655555556,True,13.058017974364,8.29511383256123,-0.22528812743385096,0.1730336696391323,1.0,0.0,0.0,0.35363922669714815
XBTUSD,2019-01-10 16:36:12.255763,short,487,2019-01-10 17:10:18.091048,True,0.5682875791666667,Trade,,2019-01-10,26071.39659562139,0.5682875791666667,True,13.058017974364,8.29511383256123,-0.22528812743385096,0.1730336696391323,1.0,0.0,0.0,0.4499843101923428
XBTUSD,2019-01-10 17:10:18.091048,long,449513,2019-01-10 17:25:37.042729,True,0.2552643558333333,Trade,,2019-01-10,26070.828308042222,0.2552643558333333,True,13.058017974364,8.29511383256123,-0.22528812743385096,0.1730336696391323,1.0,0.0,0.0,0.2273461925000889
XBTUSD,2019-01-10 17:25:37.042729,short,487,2019-01-10 19:17:28.116891,True,1.8641872672222224,Trade,,2019-01-10,26070.57304368639,1.8641872672222224,True,13.058017974364,8.29511383256123,-0.22528812743385096,0.1730336696391323,1.0,0.0,0.0,1.0522846335607265
XBTUSD,2019-01-10 19:17:28.116891,long,449513,2019-01-11 01:21:01.227937,True,6.059197512777779,Trade,,2019-01-10,26068.70885641917,6.059197512777779,True,13.058017974364,8.29511383256123,-0.22528812743385096,0.1730336696391323,1.0,0.0,0.0,1.9543313782992395
XBTUSD,2019-01-11 01:21:01.227937,short,1442241,2019-01-12 06:34:51.439459,True,29.230614311666667,Trade,,2019-01-11,26062.64965890639,29.230614311666667,True,13.071945194612201,8.196410198430309,-0.1346874616273723,0.0821279574122637,1.0,0.0,0.0,3.4088551298441274
XBTUSD,2019-01-12 06:34:51.439459,long,2759,2019-01-13 09:05:54.501775,True,26.51751731,Trade,,2019-01-12,26033.419044594724,26.51751731,True,13.094410070056743,8.195378208416692,-0.1374336556496826,0.0587635828551933,1.0,0.0,0.0,3.31482279496945
XBTUSD,2019-01-13 09:05:54.501775,short,447241,2019-01-13 16:08:47.131357,True,7.047952661666667,Trade,,2019-01-13,26006.901527284725,7.047952661666667,True,13.091952932851811,8.193406335974599,-0.15959975652043526,0.1093997321732744,1.0,0.0,0.0,2.085417731340416
XBTUSD,2019-01-13 16:08:47.131357,long,900708,2019-01-14 15:35:19.150395,True,23.442227510555558,Trade,,2019-01-13,25999.853574623055,23.442227510555558,True,13.091952932851811,8.193406335974599,-0.15959975652043526,0.1093997321732744,1.0,0.0,0.0,3.196312272153306
XBTUSD,2019-01-14 15:35:19.150395,short,1541820,2019-01-21 22:25:13.034896,True,174.83163458361113,Trade,,2019-01-14,25976.4113471125,168.0,True,13.10702768638486,8.16299235808987,-0.15410343445270158,0.0968201688119982,1.0,0.0,0.0,5.1298987149230735
XBTUSD,2019-01-21 22:25:13.034896,long,499251,2019-01-21 22:25:59.963077,True,0.0130356058333333,Trade,,2019-01-21,25801.57971252889,0.0130356058333333,True,13.20324746584444,8.171405543193606,-0.3372126860096526,-0.078344547451616,1.0,0.0,0.0,0.012951373546501973
XBTUSD,2019-01-21 22:25:59.963077,short,749,2019-01-23 10:24:02.042610,True,35.96724431472222,Trade,,2019-01-21,25801.566676923056,35.96724431472222,True,13.20324746584444,8.171405543193606,-0.3372126860096526,-0.078344547451616,1.0,0.0,0.0,3.61003223175338
XBTUSD,2019-01-23 10:24:02.042610,long,499251,2019-01-23 17:13:05.990718,True,6.817763363333333,Trade,,2019-01-23,25765.59943260833,6.817763363333333,True,13.219789846297472,8.18236593900903,-0.3500721681160199,-0.0926678937106557,1.0,0.0,0.0,2.0563984987281407
XBTUSD,2019-01-23 17:13:05.990718,short,1500128,2019-01-29 17:41:44.943676,True,144.4774869327778,Trade,,2019-01-23,25758.781669245,144.4774869327778,True,13.219789846297472,8.18236593900903,-0.3500721681160199,-0.0926678937106557,1.0,0.0,0.0,4.980021345655438
XBTUSD,2019-01-29 17:41:44.943676,long,523,2019-01-29 17:44:02.655476,True,0.0382532777777777,Trade,,2019-01-29,25614.304182312222,0.0382532777777777,True,13.221786975600976,8.141787492465905,-0.5904533946147306,-0.1015097490577912,1.0,0.0,0.0,0.03753976054544024
XBTUSD,2019-01-29 17:44:02.655476,short,826361,2019-02-01 02:30:15.955759,True,56.770361189722216,Trade,,2019-01-29,25614.26592903444,56.770361189722216,True,13.221786975600976,8.141787492465905,-0.5904533946147306,-0.1015097490577912,1.0,0.0,0.0,4.056475861975849
XBTUSD,2019-02-01 02:30:15.955759,long,499639,2019-02-01 12:14:22.010539,True,9.735015216666666,Trade,,2019-02-01,25557.495567844722,9.735015216666666,True,13.260534126441636,8.134506166604277,-0.6348078396378644,-0.1045099530147802,1.0,0.0,0.0,2.373510848811497
XBTUSD,2019-02-01 12:14:22.010539,short,361,2019-02-01 12:56:37.996017,True,0.7044404105555556,Trade,,2019-02-01,25547.760552628057,0.7044404105555556,True,13.260534126441636,8.134506166604277,-0.6348078396378644,-0.1045099530147802,1.0,0.0,0.0,0.5332368519116938
XBTUSD,2019-02-01 12:56:37.996017,long,1000652,2019-02-10 10:04:17.038577,True,213.1275118222222,Trade,,2019-02-01,25547.056112217502,168.0,True,13.260534126441636,8.134506166604277,-0.6348078396378644,-0.1045099530147802,1.0,0.0,0.0,5.1298987149230735
XBTUSD,2019-02-10 10:04:17.038577,short,999348,2019-02-10 22:29:39.207730,True,12.422824764722224,Trade,,2019-02-10,25333.928600395277,12.422824764722224,True,13.225904001948654,8.194579553139215,-0.8967912392169579,-0.0018289706820302,1.0,0.0,0.0,2.59695659856833
XBTUSD,2019-02-10 22:29:39.207730,long,1000652,2019-02-11 00:07:40.740917,True,1.6337592186111112,Trade,,2019-02-10,25321.505775630558,1.6337592186111112,True,13.225904001948654,8.194579553139215,-0.8967912392169579,-0.0018289706820302,1.0,0.0,0.0,0.9684121863147062
XBTUSD,2019-02-11 00:07:40.740917,short,500043,2019-02-12 00:11:12.721091,True,24.058883381666664,Trade,,2019-02-11,25319.872016411944,24.058883381666664,True,13.227261359611125,8.200294399518214,-0.8956237125450582,0.004928295396543,1.0,0.0,0.0,3.221228390680568
XBTUSD,2019-02-12 00:11:12.721091,long,999957,2019-02-13 06:23:42.498994,True,30.20827163972222,Trade,,2019-02-12,25295.81313303028,30.20827163972222,True,13.216925439197206,8.186079746208055,-0.8882369461786096,-0.0072998157350915,1.0,0.0,0.0,3.4406831763359893
XBTUSD,2019-02-13 06:23:42.498994,short,499943,2019-02-13 06:34:02.609858,True,0.1722530177777777,Trade,,2019-02-13,25265.60486139056,0.1722530177777777,True,13.227032075144166,8.185323039367034,-0.9244444011499587,0.0225818772480539,1.0,0.0,0.0,0.15892755333082442
XBTUSD,2019-02-13 06:34:02.609858,long,57,2019-02-13 06:46:45.939976,True,0.2120361438888889,Trade,,2019-02-13,25265.432608372776,0.2120361438888889,True,13.227032075144166,8.185323039367034,-0.9244444011499587,0.0225818772480539,1.0,0.0,0.0,0.19230170889296733
XBTUSD,2019-02-13 06:46:45.939976,short,1500506,2019-02-18 05:22:29.911893,True,118.59554775472223,Trade,,2019-02-13,25265.220572228885,118.59554775472223,True,13.227032075144166,8.185323039367034,-0.9244444011499587,0.0225818772480539,1.0,0.0,0.0,4.784115614692537
XBTUSD,2019-02-18 05:22:29.911893,long,500094,2019-02-18 13:19:26.798951,True,7.949135293888889,Trade,,2019-02-18,25146.625024474168,7.949135293888889,True,13.213543703941491,8.194990735572995,-1.0372761125458192,0.0036932991979781,1.0,0.0,0.0,2.191556912411269
XBTUSD,2019-02-18 13:19:26.798951,short,2000403,2019-02-20 15:41:35.445292,True,50.36906842805556,Trade,,2019-02-18,25138.67588918028,50.36906842805556,True,13.213543703941491,8.194990735572995,-1.0372761125458192,0.0036932991979781,1.0,0.0,0.0,3.939036209762584
XBTUSD,2019-02-20 15:41:35.445292,long,500062,2019-02-21 13:17:16.630942,True,21.594773791666668,Trade,,2019-02-20,25088.306820752223,21.594773791666668,True,13.285140665762091,8.267560687874866,-0.953524056541336,0.1009298541563568,1.0,0.0,0.0,3.1177186313799203
XBTUSD,2019-02-21 13:17:16.630942,short,1000076,2019-02-22 08:33:52.164204,True,19.27653701722222,Trade,,2019-02-21,25066.712046960554,19.27653701722222,True,13.299921336946936,8.276805264095826,-0.9527868924710474,0.112000174221412,1.0,0.0,0.0,3.009464405622472
XBTUSD,2019-02-22 08:33:52.164204,long,500124,2019-02-22 13:34:19.906255,True,5.007706125277778,Trade,,2019-02-22,25047.435509943334,5.007706125277778,True,13.294564751098312,8.266745705759131,-0.948483559093837,0.0880420175395084,1.0,0.0,0.0,1.7930429993636752
XBTUSD,2019-02-22 13:34:19.906255,short,76,2019-02-23 05:53:50.912715,True,16.32527957222222,Trade,,2019-02-22,25042.427803818053,16.32527957222222,True,13.294564751098312,8.266745705759131,-0.948483559093837,0.0880420175395084,1.0,0.0,0.0,2.8521666818705715
XBTUSD,2019-02-23 05:53:50.912715,long,124,2019-02-23 22:18:17.200749,True,16.407302231666666,Trade,,2019-02-23,25026.10252424583,16.407302231666666,True,13.315267731156618,8.281040514809638,-0.9477421248795787,0.111604318519237,1.0,0.0,0.0,2.856889786670884
XBTUSD,2019-02-23 22:18:17.200749,short,500076,2019-02-24 14:05:13.754832,True,15.782376134166668,Trade,,2019-02-23,25009.69522201417,15.782376134166668,True,13.315267731156618,8.281040514809638,-0.9477421248795787,0.111604318519237,1.0,0.0,0.0,2.820329296149081
XBTUSD,2019-02-24 14:05:13.754832,long,499836,2019-02-24 14:06:53.462119,True,0.0276964686111111,Trade,,2019-02-24,24993.91284588,0.0276964686111111,True,13.356593994509401,8.321215075980762,-0.8960704642181746,0.1520809145049921,1.0,0.0,0.0,0.02731985943700342
XBTUSD,2019-02-24 14:06:53.462119,short,164,2019-02-24 14:09:42.383041,True,0.0469224783333333,Trade,,2019-02-24,24993.885149411388,0.0469224783333333,True,13.356593994509401,8.321215075980762,-0.8960704642181746,0.1520809145049921,1.0,0.0,0.0,0.045854887440714406
XBTUSD,2019-02-24 14:09:42.383041,long,2500036,2019-02-24 14:22:19.598892,True,0.2103377363888889,Trade,,2019-02-24,24993.838226933058,0.2103377363888889,True,13.356593994509401,8.321215075980762,-0.8960704642181746,0.1520809145049921,1.0,0.0,0.0,0.1908994416441882
XBTUSD,2019-02-24 14:22:19.598892,short,500083,2019-02-24 14:27:43.434758,True,0.0899544072222222,Trade,,2019-02-24,24993.627889196665,0.0899544072222222,True,13.356593994509401,8.321215075980762,-0.8960704642181746,0.1520809145049921,1.0,0.0,0.0,0.08613586712973385
XBTUSD,2019-02-24 14:27:43.434758,long,362903,2019-02-24 14:30:07.740750,True,0.0400849977777777,Trade,,2019-02-24,24993.537934789445,0.0400849977777777,True,13.356593994509401,8.321215075980762,-0.8960704642181746,0.1520809145049921,1.0,0.0,0.0,0.03930243844615713
XBTUSD,2019-02-24 14:30:07.740750,short,600880,2019-02-24 16:01:40.241209,True,1.5256945719444444,Trade,,2019-02-24,24993.497849791667,1.5256945719444444,True,13.356593994509401,8.321215075980762,-0.8960704642181746,0.1520809145049921,1.0,0.0,0.0,0.9265161028981073
XBTUSD,2019-02-24 16:01:40.241209,long,599120,2019-02-24 17:19:03.864910,True,1.2898954725,Trade,,2019-02-24,24991.972155219722,1.2898954725,True,13.356593994509401,8.321215075980762,-0.8960704642181746,0.1520809145049921,1.0,0.0,0.0,0.8285061713278681
XBTUSD,2019-02-24 17:19:03.864910,short,1800342,2019-02-28 02:47:38.248003,True,81.47621752583333,Trade,,2019-02-24,24990.68225974722,81.47621752583333,True,13.356593994509401,8.321215075980762,-0.8960704642181746,0.1520809145049921,1.0,0.0,0.0,4.412509979368014
XBTUSD,2019-02-28 02:47:38.248003,long,174483,2019-02-28 15:39:18.437682,True,12.861163799722222,Trade,,2019-02-28,24909.206042221387,12.861163799722222,True,13.361056207789867,8.242593698909808,-0.6596335826599293,0.1060622732512781,1.0,0.0,0.0,2.629090958470549
XBTUSD,2019-02-28 15:39:18.437682,short,599918,2019-02-28 15:40:33.300955,True,0.0207953536111111,Trade,,2019-02-28,24896.344878421667,0.0207953536111111,True,13.361056207789867,8.242593698909808,-0.6596335826599293,0.1060622732512781,1.0,0.0,0.0,0.020582081884776067
XBTUSD,2019-02-28 15:40:33.300955,long,82,2019-03-01 22:07:16.121638,True,30.4452279675,Trade,,2019-02-28,24896.324083068055,30.4452279675,True,13.361056207789867,8.242593698909808,-0.6596335826599293,0.1060622732512781,1.0,0.0,0.0,3.448247237690924
XBTUSD,2019-03-01 22:07:16.121638,short,1200118,2019-03-04 05:18:54.537420,True,55.19400438388889,Trade,,2019-03-01,24865.878855100556,55.19400438388889,True,13.374726974227746,8.240898759091683,-0.6643175529025195,0.1169448084924209,1.0,0.0,0.0,4.0288100676478535
XBTUSD,2019-03-04 05:18:54.537420,long,598081,2019-03-04 05:23:27.326015,True,0.0757746097222222,Trade,,2019-03-04,24810.684850716665,0.0757746097222222,True,13.374447471522858,8.23810921457372,-0.6674407904694643,0.0979178791611652,1.0,0.0,0.0,0.07304096927919859
XBTUSD,2019-03-04 05:23:27.326015,short,1919,2019-03-04 10:03:20.202412,True,4.664687888055555,Trade,,2019-03-04,24810.609076106946,4.664687888055555,True,13.374447471522858,8.23810921457372,-0.6674407904694643,0.0979178791611652,1.0,0.0,0.0,1.734251798179417
XBTUSD,2019-03-04 10:03:20.202412,long,600381,2019-03-05 13:50:42.961023,True,27.78965516972222,Trade,,2019-03-04,24805.94438821889,27.78965516972222,True,13.374447471522858,8.23810921457372,-0.6674407904694643,0.0979178791611652,1.0,0.0,0.0,3.36001612711999
XBTUSD,2019-03-05 13:50:42.961023,short,2108529,2019-03-12 03:08:01.688413,True,157.2885353861111,Trade,,2019-03-05,24778.154733049167,157.2885353861111,True,13.334935476512051,8.215591179257391,-0.6526271605793191,0.0682354606786055,1.0,0.0,0.0,5.064419540929533
XBTUSD,2019-03-12 03:08:01.688413,long,700132,2019-03-12 13:08:05.113295,True,10.000951356111113,Trade,,2019-03-12,24620.866197663057,10.000951356111113,True,13.423357806095842,8.25623585639683,-0.7509511377492265,0.06359672717051,1.0,0.0,0.0,2.3979817559777845
XBTUSD,2019-03-12 13:08:05.113295,short,68,2019-03-13 19:27:18.912482,True,30.320499774166667,Trade,,2019-03-12,24610.865246306945,30.320499774166667,True,13.423357806095842,8.25623585639683,-0.7509511377492265,0.06359672717051,1.0,0.0,0.0,3.4442728280248773
XBTUSD,2019-03-13 19:27:18.912482,long,700132,2019-03-14 14:28:35.723624,True,19.02133642833333,Trade,,2019-03-13,24580.544746532778,19.02133642833333,True,13.458779948329838,8.258141289199509,-0.7513427759686255,0.0595527548302521,1.0,0.0,0.0,2.996798526321086
XBTUSD,2019-03-14 14:28:35.723624,short,1622913,2019-03-28 10:37:21.704221,True,332.1461057213889,Trade,,2019-03-14,24561.523410104444,168.0,True,13.456975106677353,8.256336730903243,-0.7585145549620179,0.0727838348601239,1.0,0.0,0.0,5.1298987149230735
XBTUSD,2019-03-28 10:37:21.704221,long,1400063,2019-03-30 00:49:17.213991,True,38.198752713888894,Trade,,2019-03-28,24229.377304383055,38.198752713888894,True,13.527940297164717,8.300778927048746,-1.4324489121522361,0.0536337567878317,1.0,0.0,0.0,3.6686449277669544
XBTUSD,2019-03-30 00:49:17.213991,short,699937,2019-03-30 04:11:41.337103,True,3.373367531111111,Trade,,2019-03-30,24191.178551669167,3.373367531111111,True,13.562179594750308,8.316168465301201,-1.4049825031386995,0.0763490083948026,1.0,0.0,0.0,1.4755333144310814
XBTUSD,2019-03-30 04:11:41.337103,long,63,2019-03-30 04:33:26.237336,True,0.3624722869444444,Trade,,2019-03-30,24187.80518413806,0.3624722869444444,True,13.562179594750308,8.316168465301201,-1.4049825031386995,0.0763490083948026,1.0,0.0,0.0,0.3093009074911159
XBTUSD,2019-03-30 04:33:26.237336,short,2100137,2019-04-02 03:13:46.799024,True,70.67237824666667,Trade,,2019-03-30,24187.442711851112,70.67237824666667,True,13.562179594750308,8.316168465301201,-1.4049825031386995,0.0763490083948026,1.0,0.0,0.0,4.272105432749075
XBTUSD,2019-04-02 03:13:46.799024,long,78,2019-04-02 04:30:37.715635,True,1.280810169722222,Trade,,2019-04-02,24116.770333604443,1.280810169722222,True,13.559981527572015,8.328068821723443,-1.4005144529830955,0.0863005754008696,1.0,0.0,0.0,0.8245307174463627
XBTUSD,2019-04-02 04:30:37.715635,short,3500122,2019-04-02 05:57:19.353425,True,1.444899386111111,Trade,,2019-04-02,24115.48952343472,1.444899386111111,True,13.559981527572015,8.328068821723443,-1.4005144529830955,0.0863005754008696,1.0,0.0,0.0,0.8940039712053136
XBTUSD,2019-04-02 05:57:19.353425,long,2100595,2019-04-02 09:37:09.955198,True,3.664056048055556,Trade,,2019-04-02,24114.044624048613,3.664056048055556,True,13.559981527572015,8.328068821723443,-1.4005144529830955,0.0863005754008696,1.0,0.0,0.0,1.539885466140556
XBTUSD,2019-04-02 09:37:09.955198,short,541840,2019-04-02 14:10:20.614585,True,4.552960940833334,Trade,,2019-04-02,24110.380568000553,4.552960940833334,True,13.559981527572015,8.328068821723443,-1.4005144529830955,0.0863005754008696,1.0,0.0,0.0,1.7143312883491448
XBTUSD,2019-04-02 14:10:20.614585,long,1201389,2019-04-02 23:54:16.598747,True,9.73221782277778,Trade,,2019-04-02,24105.827607059724,9.73221782277778,True,13.559981527572015,8.328068821723443,-1.4005144529830955,0.0863005754008696,1.0,0.0,0.0,2.3732502289263375
XBTUSD,2019-04-02 23:54:16.598747,short,1198611,2019-04-03 00:28:45.405439,True,0.5746685255555556,Trade,,2019-04-02,24096.095389236943,0.5746685255555556,True,13.559981527572015,8.328068821723443,-1.4005144529830955,0.0863005754008696,1.0,0.0,0.0,0.45404479016306354
XBTUSD,2019-04-03 00:28:45.405439,long,1389,2019-04-03 00:33:37.010608,True,0.0810014358333333,Trade,,2019-04-03,24095.52072071139,0.0810014358333333,True,13.399692825387065,8.497749270039465,-0.46182650304481354,0.2964633477748619,1.0,0.0,0.0,0.07788786690164082
XBTUSD,2019-04-03 00:33:37.010608,short,598611,2019-04-03 00:34:42.350272,True,0.0181499066666666,Trade,,2019-04-03,24095.439719275553,0.0181499066666666,True,13.399692825387065,8.497749270039465,-0.46182650304481354,0.2964633477748619,1.0,0.0,0.0,0.017987163344851287
XBTUSD,2019-04-03 00:34:42.350272,long,601389,2019-04-03 03:13:36.888049,True,2.648482715833333,Trade,,2019-04-03,24095.42156936889,2.648482715833333,True,13.399692825387065,8.497749270039465,-0.46182650304481354,0.2964633477748619,1.0,0.0,0.0,1.2943113868773386
XBTUSD,2019-04-03 03:13:36.888049,short,55890,2019-04-03 03:47:45.111070,True,0.5689508391666666,Trade,,2019-04-03,24092.773086653055,0.5689508391666666,True,13.399692825387065,8.497749270039465,-0.46182650304481354,0.2964633477748619,1.0,0.0,0.0,0.45040714067025966
XBTUSD,2019-04-03 03:47:45.111070,long,3049378,2019-04-03 16:25:52.279822,True,12.635324653333331,Trade,,2019-04-03,24092.20413581389,12.635324653333331,True,13.399692825387065,8.497749270039465,-0.46182650304481354,0.2964633477748619,1.0,0.0,0.0,2.6126638263062314
XBTUSD,2019-04-03 16:25:52.279822,short,2800584,2019-04-03 22:43:43.778758,True,6.297638593333334,Trade,,2019-04-03,24079.568811160552,6.297638593333334,True,13.399692825387065,8.497749270039465,-0.46182650304481354,0.2964633477748619,1.0,0.0,0.0,1.9875508154579897
XBTUSD,2019-04-03 22:43:43.778758,long,1196083,2019-04-04 01:19:40.242190,True,2.59901762,Trade,,2019-04-03,24073.27117256722,2.59901762,True,13.399692825387065,8.497749270039465,-0.46182650304481354,0.2964633477748619,1.0,0.0,0.0,1.2806609248892993
XBTUSD,2019-04-04 01:19:40.242190,short,718707,2019-04-04 02:26:23.350201,True,1.1119744475,Trade,,2019-04-04,24070.67215494722,1.1119744475,True,13.473132620637124,8.509206906316757,-0.47797076087665485,0.3412683914756518,1.0,0.0,0.0,0.747623267049234
XBTUSD,2019-04-04 02:26:23.350201,long,1293,2019-04-04 02:53:11.919788,True,0.4468248852777777,Trade,,2019-04-04,24069.560180499724,0.4468248852777777,True,13.473132620637124,8.509206906316757,-0.47797076087665485,0.3412683914756518,1.0,0.0,0.0,0.3693714211675255
XBTUSD,2019-04-04 02:53:11.919788,short,698707,2019-04-04 03:28:35.741774,True,0.5899505516666667,Trade,,2019-04-04,24069.113355614445,0.5899505516666667,True,13.473132620637124,8.509206906316757,-0.47797076087665485,0.3412683914756518,1.0,0.0,0.0,0.4637029161678254
XBTUSD,2019-04-04 03:28:35.741774,long,700287,2019-04-04 04:30:02.406433,True,1.024073516388889,Trade,,2019-04-04,24068.52340506278,1.024073516388889,True,13.473132620637124,8.509206906316757,-0.47797076087665485,0.3412683914756518,1.0,0.0,0.0,0.7051120730921056
XBTUSD,2019-04-04 04:30:02.406433,short,2100013,2019-04-04 08:43:58.355830,True,4.232208165833334,Trade,,2019-04-04,24067.499331546387,4.232208165833334,True,13.473132620637124,8.509206906316757,-0.47797076087665485,0.3412683914756518,1.0,0.0,0.0,1.6548334004110694
XBTUSD,2019-04-04 08:43:58.355830,long,2801092,2019-04-04 12:55:18.595672,True,4.188955511666667,Trade,,2019-04-04,24063.267123380556,4.188955511666667,True,13.473132620637124,8.509206906316757,-0.47797076087665485,0.3412683914756518,1.0,0.0,0.0,1.6465324267637012
XBTUSD,2019-04-04 12:55:18.595672,short,698354,2019-04-04 13:03:09.122312,True,0.1307018444444444,Trade,,2019-04-04,24059.07816786889,0.1307018444444444,True,13.473132620637124,8.509206906316757,-0.47797076087665485,0.3412683914756518,1.0,0.0,0.0,0.12283854119894921
XBTUSD,2019-04-04 13:03:09.122312,long,1401646,2019-04-05 05:07:01.739758,True,16.06461595722222,Trade,,2019-04-04,24058.947466024445,16.06461595722222,True,13.473132620637124,8.509206906316757,-0.47797076087665485,0.3412683914756518,1.0,0.0,0.0,2.8370070774012
XBTUSD,2019-04-05 05:07:01.739758,short,1400067,2019-04-05 05:33:53.846915,True,0.4478075436111111,Trade,,2019-04-05,24042.88285006722,0.4478075436111111,True,13.493309675675015,8.499287782563215,-0.485634144852682,0.2789338375352603,1.0,0.0,0.0,0.37005037325917955
XBTUSD,2019-04-05 05:33:53.846915,long,208272,2019-04-05 11:21:38.544671,True,5.795749376666668,Trade,,2019-04-05,24042.435042523608,5.795749376666668,True,13.493309675675015,8.499287782563215,-0.485634144852682,0.2789338375352603,1.0,0.0,0.0,1.9162973250641444
XBTUSD,2019-04-05 11:21:38.544671,short,1400028,2019-04-05 11:52:34.740346,True,0.5156099097222222,Trade,,2019-04-05,24036.639293146945,0.5156099097222222,True,13.493309675675015,8.499287782563215,-0.485634144852682,0.2789338375352603,1.0,0.0,0.0,0.4158179386222091
XBTUSD,2019-04-05 11:52:34.740346,long,122,2019-04-05 12:39:36.987335,True,0.7839574969444445,Trade,,2019-04-05,24036.123683237223,0.7839574969444445,True,13.493309675675015,8.499287782563215,-0.485634144852682,0.2789338375352603,1.0,0.0,0.0,0.5788342092912973
XBTUSD,2019-04-05 12:39:36.987335,short,1400078,2019-04-05 13:35:22.426584,True,0.9292886802777778,Trade,,2019-04-05,24035.33972574028,0.9292886802777778,True,13.493309675675015,8.499287782563215,-0.485634144852682,0.2789338375352603,1.0,0.0,0.0,0.6571513755405047
XBTUSD,2019-04-05 13:35:22.426584,long,2100155,2019-04-07 05:38:47.520807,True,40.0569706175,Trade,,2019-04-05,24034.41043706,40.0569706175,True,13.493309675675015,8.499287782563215,-0.485634144852682,0.2789338375352603,1.0,0.0,0.0,3.7149606294607698
XBTUSD,2019-04-07 05:38:47.520807,short,2551474,2019-04-08 16:41:28.287626,True,35.04465744972222,Trade,,2019-04-07,23994.3534664425,35.04465744972222,True,13.595180634963496,8.526025441199764,-0.48219411831657416,0.3082098957206183,1.0,0.0,0.0,3.584758654405148
XBTUSD,2019-04-08 16:41:28.287626,long,850026,2019-04-09 02:01:12.823706,True,9.3290378,Trade,,2019-04-08,23959.308808992777,9.3290378,True,13.661992595830577,8.554317854695123,-0.4795314259852392,0.3516010120486925,1.0,0.0,0.0,2.3349591326169867
XBTUSD,2019-04-09 02:01:12.823706,short,900174,2019-04-09 12:54:33.489095,True,10.889073719166667,Trade,,2019-04-09,23949.97977119278,10.889073719166667,True,13.698721254063214,8.572329466803495,-0.47962384142895803,0.351134281408249,1.0,0.0,0.0,2.475619803476804
XBTUSD,2019-04-09 12:54:33.489095,long,900680,2019-04-10 05:40:18.839297,True,16.762597278333335,Trade,,2019-04-09,23939.09069747361,16.762597278333335,True,13.698721254063214,8.572329466803495,-0.47962384142895803,0.351134281408249,1.0,0.0,0.0,2.8770949700209365
XBTUSD,2019-04-10 05:40:18.839297,short,900051,2019-04-10 12:01:36.435914,True,6.354887949166667,Trade,,2019-04-10,23922.32810019528,6.354887949166667,True,13.692399231114251,8.55556314062349,-0.47028406467170497,0.330864521065753,1.0,0.0,0.0,1.9953651192897204
XBTUSD,2019-04-10 12:01:36.435914,long,278623,2019-04-10 12:34:33.079368,True,0.5490676261111112,Trade,,2019-04-10,23915.973212246114,0.5490676261111112,True,13.692399231114251,8.55556314062349,-0.47028406467170497,0.330864521065753,1.0,0.0,0.0,0.4376532183972536
XBTUSD,2019-04-10 12:34:33.079368,short,800077,2019-04-10 17:02:29.257398,True,4.465605008333333,Trade,,2019-04-10,23915.424144620003,4.465605008333333,True,13.692399231114251,8.55556314062349,-0.47028406467170497,0.330864521065753,1.0,0.0,0.0,1.6984748215089733
XBTUSD,2019-04-10 17:02:29.257398,long,141,2019-04-10 23:24:41.943694,True,6.370190637777778,Trade,,2019-04-10,23910.958539611667,6.370190637777778,True,13.692399231114251,8.55556314062349,-0.47028406467170497,0.330864521065753,1.0,0.0,0.0,1.9974435725936786
XBTUSD,2019-04-10 23:24:41.943694,short,2442938,2019-04-11 03:22:33.337725,True,3.9642761197222223,Trade,,2019-04-10,23904.58834897389,3.9642761197222223,True,13.692399231114251,8.55556314062349,-0.47028406467170497,0.330864521065753,1.0,0.0,0.0,1.6022674902357945
XBTUSD,2019-04-11 03:22:33.337725,long,2400910,2019-04-11 03:52:11.784578,True,0.4940130147222222,Trade,,2019-04-11,23900.624072854167,0.4940130147222222,True,13.5892390653998,8.577675046010942,-0.4770042237866711,0.379111139195603,1.0,0.0,0.0,0.4014657979994708
XBTUSD,2019-04-11 03:52:11.784578,short,1989,2019-04-11 03:52:35.738968,True,0.0066539972222222,Trade,,2019-04-11,23900.130059839445,0.0066539972222222,True,13.5892390653998,8.577675046010942,-0.4770042237866711,0.379111139195603,1.0,0.0,0.0,0.0066319570986311215
XBTUSD,2019-04-11 03:52:35.738968,long,1600064,2019-04-11 04:13:39.914981,True,0.3511600036111111,Trade,,2019-04-11,23900.123405842223,0.3511600036111111,True,13.5892390653998,8.577675046010942,-0.4770042237866711,0.379111139195603,1.0,0.0,0.0,0.3009634854302958
XBTUSD,2019-04-11 04:13:39.914981,short,339152,2019-04-11 05:24:41.697172,True,1.183828386388889,Trade,,2019-04-11,23899.772245838612,1.183828386388889,True,13.5892390653998,8.577675046010942,-0.4770042237866711,0.379111139195603,1.0,0.0,0.0,0.7810794771345074
XBTUSD,2019-04-11 05:24:41.697172,long,3202541,2019-04-11 11:52:18.187523,True,6.460136208611111,Trade,,2019-04-11,23898.58841745222,6.460136208611111,True,13.5892390653998,8.577675046010942,-0.4770042237866711,0.379111139195603,1.0,0.0,0.0,2.009573672575943
XBTUSD,2019-04-11 11:52:18.187523,short,159,2019-04-11 12:22:24.682270,True,0.5018040963888889,Trade,,2019-04-11,23892.128281243607,0.5018040963888889,True,13.5892390653998,8.577675046010942,-0.4770042237866711,0.379111139195603,1.0,0.0,0.0,0.40666711633266905
XBTUSD,2019-04-11 12:22:24.682270,long,41,2019-04-11 13:00:59.682213,True,0.6430555397222222,Trade,,2019-04-11,23891.62647714722,0.6430555397222222,True,13.5892390653998,8.577675046010942,-0.4770042237866711,0.379111139195603,1.0,0.0,0.0,0.49655764233176836
XBTUSD,2019-04-11 13:00:59.682213,short,800159,2019-04-11 13:49:42.398265,True,0.81186557,Trade,,2019-04-11,23890.983421607503,0.81186557,True,13.5892390653998,8.577675046010942,-0.4770042237866711,0.379111139195603,1.0,0.0,0.0,0.5943570161269449
XBTUSD,2019-04-11 13:49:42.398265,long,2400041,2019-04-11 15:30:03.824578,True,1.672618420277778,Trade,,2019-04-11,23890.171556037498,1.672618420277778,True,13.5892390653998,8.577675046010942,-0.4770042237866711,0.379111139195603,1.0,0.0,0.0,0.9830586736099405
XBTUSD,2019-04-11 15:30:03.824578,short,800159,2019-04-11 15:56:10.669696,True,0.435234755,Trade,,2019-04-11,23888.498937617223,0.435234755,True,13.5892390653998,8.577675046010942,-0.4770042237866711,0.379111139195603,1.0,0.0,0.0,0.36132842816631244
XBTUSD,2019-04-11 15:56:10.669696,long,3200041,2019-04-12 04:17:39.633918,True,12.358045617222222,Trade,,2019-04-11,23888.063702862222,12.358045617222222,True,13.5892390653998,8.577675046010942,-0.4770042237866711,0.379111139195603,1.0,0.0,0.0,2.592118871271578
XBTUSD,2019-04-12 04:17:39.633918,short,800148,2019-04-12 08:44:32.520320,True,4.448024000555556,Trade,,2019-04-12,23875.705657245,4.448024000555556,True,13.611678055410328,8.527275396463022,-0.42189396802401746,0.3088306529747624,1.0,0.0,0.0,1.6952529742258253
XBTUSD,2019-04-12 08:44:32.520320,long,793733,2019-04-12 23:04:09.346108,True,14.326896052222224,Trade,,2019-04-12,23871.257633244444,14.326896052222224,True,13.611678055410328,8.527275396463022,-0.42189396802401746,0.3088306529747624,1.0,0.0,0.0,2.7296091969896117
XBTUSD,2019-04-12 23:04:09.346108,short,1600267,2019-04-15 17:29:35.607338,True,66.42396145277777,Trade,,2019-04-12,23856.930737192222,66.42396145277777,True,13.611678055410328,8.527275396463022,-0.42189396802401746,0.3088306529747624,1.0,0.0,0.0,4.211000465907949
XBTUSD,2019-04-15 17:29:35.607338,long,799586,2019-04-15 17:47:37.952253,True,0.3006513652777777,Trade,,2019-04-15,23790.506775739446,0.3006513652777777,True,13.627125260115845,8.548072294612588,-0.422407624094043,0.3216087712807676,1.0,0.0,0.0,0.2628651891974219
XBTUSD,2019-04-15 17:47:37.952253,short,414,2019-04-16 18:10:44.330027,True,24.38510493722222,Trade,,2019-04-15,23790.206124374166,24.38510493722222,True,13.627125260115845,8.548072294612588,-0.422407624094043,0.3216087712807676,1.0,0.0,0.0,3.234162582218752
XBTUSD,2019-04-16 18:10:44.330027,long,3200086,2019-04-17 11:43:51.913172,True,17.552106429166667,Trade,,2019-04-16,23765.821019436946,17.552106429166667,True,13.61016150464895,8.525736143952633,-0.41131494471543384,0.2639487435737191,1.0,0.0,0.0,2.9205833367396354
XBTUSD,2019-04-17 11:43:51.913172,short,800114,2019-04-17 14:32:22.519697,True,2.8085018125,Trade,,2019-04-17,23748.268913007774,2.8085018125,True,13.649578109842459,8.557559970172258,-0.40636067027822464,0.3122698900954577,1.0,0.0,0.0,1.3372358867397431
XBTUSD,2019-04-17 14:32:22.519697,long,1600086,2019-04-18 07:13:34.082425,True,16.68654520222222,Trade,,2019-04-17,23745.46041119528,16.68654520222222,True,13.649578109842459,8.557559970172258,-0.40636067027822464,0.3122698900954577,1.0,0.0,0.0,2.872804192446599
XBTUSD,2019-04-18 07:13:34.082425,short,3200114,2019-04-21 12:27:30.892117,True,77.23244713666666,Trade,,2019-04-18,23728.773865993055,77.23244713666666,True,13.670542022087725,8.56146884051746,-0.4070101612312609,0.3166471903343468,1.0,0.0,0.0,4.359684486514996
XBTUSD,2019-04-21 12:27:30.892117,long,1600086,2019-04-21 23:48:41.627769,True,11.352982125555556,Trade,,2019-04-21,23651.541418856392,11.352982125555556,True,13.62762635531503,8.578095094716474,-0.4135920017168288,0.3364203428821297,1.0,0.0,0.0,2.5138975015816842
XBTUSD,2019-04-21 23:48:41.627769,short,114,2019-04-22 01:12:15.482274,True,1.3927373625,Trade,,2019-04-21,23640.188436730834,1.3927373625,True,13.62762635531503,8.578095094716474,-0.4135920017168288,0.3364203428821297,1.0,0.0,0.0,0.8724380505001589
XBTUSD,2019-04-22 01:12:15.482274,long,1600087,2019-04-22 15:39:01.779952,True,14.446193799444446,Trade,,2019-04-22,23638.795699368333,14.446193799444446,True,13.674803036748976,8.574656837322596,-0.41200192693312265,0.3292879465929572,1.0,0.0,0.0,2.7373626169701115
XBTUSD,2019-04-22 15:39:01.779952,short,844682,2019-04-22 15:48:56.572245,True,0.1652200813888888,Trade,,2019-04-22,23624.349505568887,0.1652200813888888,True,13.674803036748976,8.574656837322596,-0.41200192693312265,0.3292879465929572,1.0,0.0,0.0,0.15290998023963973
XBTUSD,2019-04-22 15:48:56.572245,long,2400087,2019-04-22 17:39:55.687045,True,1.849754111111111,Trade,,2019-04-22,23624.1842854875,1.849754111111111,True,13.674803036748976,8.574656837322596,-0.41200192693312265,0.3292879465929572,1.0,0.0,0.0,1.047232713755383
XBTUSD,2019-04-22 17:39:55.687045,short,1700087,2019-04-22 18:10:54.918910,True,0.5164532958333333,Trade,,2019-04-22,23622.33453137639,0.5164532958333333,True,13.674803036748976,8.574656837322596,-0.41200192693312265,0.3292879465929572,1.0,0.0,0.0,0.4163742503318838
XBTUSD,2019-04-22 18:10:54.918910,long,146,2019-04-22 18:16:14.258757,True,0.0887055130555555,Trade,,2019-04-22,23621.818078080556,0.0887055130555555,True,13.674803036748976,8.574656837322596,-0.41200192693312265,0.3292879465929572,1.0,0.0,0.0,0.08498938778080954
XBTUSD,2019-04-22 18:16:14.258757,short,54,2019-04-22 18:18:17.010881,True,0.0340978122222222,Trade,,2019-04-22,23621.7293725675,0.0340978122222222,True,13.674803036748976,8.574656837322596,-0.41200192693312265,0.3292879465929572,1.0,0.0,0.0,0.03352936757191768
XBTUSD,2019-04-22 18:18:17.010881,long,850146,2019-04-22 19:01:09.657132,True,0.7146239586111112,Trade,,2019-04-22,23621.695274755275,0.7146239586111112,True,13.674803036748976,8.574656837322596,-0.41200192693312265,0.3292879465929572,1.0,0.0,0.0,0.5391937904596038
XBTUSD,2019-04-22 19:01:09.657132,short,850054,2019-04-22 19:09:37.669798,True,0.1411146294444444,Trade,,2019-04-22,23620.980650796668,0.1411146294444444,True,13.674803036748976,8.574656837322596,-0.41200192693312265,0.3292879465929572,1.0,0.0,0.0,0.13200552985168507
XBTUSD,2019-04-22 19:09:37.669798,long,1700146,2019-04-22 19:28:50.918711,True,0.3203469202777777,Trade,,2019-04-22,23620.839536167223,0.3203469202777777,True,13.674803036748976,8.574656837322596,-0.41200192693312265,0.3292879465929572,1.0,0.0,0.0,0.27789452045983176
XBTUSD,2019-04-22 19:28:50.918711,short,850054,2019-04-22 20:02:33.586461,True,0.5618521527777778,Trade,,2019-04-22,23620.51918924694,0.5618521527777778,True,13.674803036748976,8.574656837322596,-0.41200192693312265,0.3292879465929572,1.0,0.0,0.0,0.44587239442663684
XBTUSD,2019-04-22 20:02:33.586461,long,2550146,2019-04-23 04:24:20.420829,True,8.363009546666667,Trade,,2019-04-22,23619.95733709417,8.363009546666667,True,13.674803036748976,8.574656837322596,-0.41200192693312265,0.3292879465929572,1.0,0.0,0.0,2.2367667715724524
XBTUSD,2019-04-23 04:24:20.420829,short,1699854,2019-04-23 04:31:05.508047,True,0.1125242272222222,Trade,,2019-04-23,23611.5943275475,0.1125242272222222,True,13.725798043318033,8.591149718950927,-0.41287719772922243,0.3521101967280875,1.0,0.0,0.0,0.10663151209953872
XBTUSD,2019-04-23 04:31:05.508047,long,850146,2019-04-23 05:06:40.233709,True,0.5929793505555555,Trade,,2019-04-23,23611.48180332028,0.5929793505555555,True,13.725798043318033,8.591149718950927,-0.41287719772922243,0.3521101967280875,1.0,0.0,0.0,0.46560606822968104
XBTUSD,2019-04-23 05:06:40.233709,short,4402393,2019-04-24 08:13:48.558393,True,27.11897907888889,Trade,,2019-04-23,23610.888823969723,27.11897907888889,True,13.725798043318033,8.591149718950927,-0.41287719772922243,0.3521101967280875,1.0,0.0,0.0,3.336444760411729
XBTUSD,2019-04-24 08:13:48.558393,long,1051407,2019-04-24 08:21:10.743340,True,0.1228291519444444,Trade,,2019-04-24,23583.769844890834,0.1228291519444444,True,13.696630305066616,8.620627140571633,-0.41033445530739737,0.3964562449069062,1.0,0.0,0.0,0.11585152878133498
XBTUSD,2019-04-24 08:21:10.743340,short,2000153,2019-04-24 09:07:20.762588,True,0.7694497911111111,Trade,,2019-04-24,23583.64701573889,0.7694497911111111,True,13.696630305066616,8.620627140571633,-0.41033445530739737,0.3964562449069062,1.0,0.0,0.0,0.5706686457814927
XBTUSD,2019-04-24 09:07:20.762588,long,47,2019-04-24 09:17:28.631560,True,0.1688524922222222,Trade,,2019-04-24,23582.87756594778,0.1688524922222222,True,13.696630305066616,8.620627140571633,-0.41033445530739737,0.3964562449069062,1.0,0.0,0.0,0.1560224916558524
XBTUSD,2019-04-24 09:17:28.631560,short,1000153,2019-04-24 09:53:52.933990,True,0.606750675,Trade,,2019-04-24,23582.708713455555,0.606750675,True,13.696630305066616,8.620627140571633,-0.41033445530739737,0.3964562449069062,1.0,0.0,0.0,0.4742139253718621
XBTUSD,2019-04-24 09:53:52.933990,long,1561839,2019-04-24 10:22:32.754515,True,0.4777279236111111,Trade,,2019-04-24,23582.101962780554,0.4777279236111111,True,13.696630305066616,8.620627140571633,-0.41033445530739737,0.3964562449069062,1.0,0.0,0.0,0.3905057214201647
XBTUSD,2019-04-24 10:22:32.754515,short,153,2019-04-24 10:52:13.602000,True,0.4946798569444444,Trade,,2019-04-24,23581.624234856943,0.4946798569444444,True,13.696630305066616,8.620627140571633,-0.41033445530739737,0.3964562449069062,1.0,0.0,0.0,0.40191204139879083
XBTUSD,2019-04-24 10:52:13.602000,long,2000047,2019-04-24 11:25:45.898286,True,0.5589711905555556,Trade,,2019-04-24,23581.129555,0.5589711905555556,True,13.696630305066616,8.620627140571633,-0.41033445530739737,0.3964562449069062,1.0,0.0,0.0,0.4440261104665061
XBTUSD,2019-04-24 11:25:45.898286,short,3000153,2019-04-24 16:22:53.320726,True,4.952061788888888,Trade,,2019-04-24,23580.570583809444,4.952061788888888,True,13.696630305066616,8.620627140571633,-0.41033445530739737,0.3964562449069062,1.0,0.0,0.0,1.7837376786746364
XBTUSD,2019-04-24 16:22:53.320726,long,5005196,2019-04-24 23:14:50.484793,True,6.865878907500001,Trade,,2019-04-24,23575.618522020555,6.865878907500001,True,13.696630305066616,8.620627140571633,-0.41033445530739737,0.3964562449069062,1.0,0.0,0.0,2.062534279472104
XBTUSD,2019-04-24 23:14:50.484793,short,1002726,2019-04-25 03:03:30.456141,True,3.811103152222222,Trade,,2019-04-24,23568.752643113054,3.811103152222222,True,13.696630305066616,8.620627140571633,-0.41033445530739737,0.3964562449069062,1.0,0.0,0.0,1.570926403398339
XBTUSD,2019-04-25 03:03:30.456141,long,1000274,2019-04-25 03:27:17.305944,True,0.3963471675,Trade,,2019-04-25,23564.941539960833,0.3963471675,True,13.746523546689003,8.600053081496995,-0.40639456273953256,0.38987102473431,1.0,0.0,0.0,0.3338596607435316
XBTUSD,2019-04-25 03:27:17.305944,short,26,2019-04-25 03:38:28.071014,True,0.1863236305555555,Trade,,2019-04-25,23564.545192793335,0.1863236305555555,True,13.746523546689003,8.600053081496995,-0.40639456273953256,0.38987102473431,1.0,0.0,0.0,0.17085913903095754
XBTUSD,2019-04-25 03:38:28.071014,long,3000074,2019-04-25 19:20:13.278457,True,15.695890956388888,Trade,,2019-04-25,23564.358869162777,15.695890956388888,True,13.746523546689003,8.600053081496995,-0.40639456273953256,0.38987102473431,1.0,0.0,0.0,2.8151626386316795
XBTUSD,2019-04-25 19:20:13.278457,short,2000026,2019-04-25 21:34:58.140482,True,2.2457950069444443,Trade,,2019-04-25,23548.66297820639,2.2457950069444443,True,13.746523546689003,8.600053081496995,-0.40639456273953256,0.38987102473431,1.0,0.0,0.0,1.1773603145857015
XBTUSD,2019-04-25 21:34:58.140482,long,3800074,2019-04-25 22:31:02.843869,True,0.9346398297222224,Trade,,2019-04-25,23546.417183199446,0.9346398297222224,True,13.746523546689003,8.600053081496995,-0.40639456273953256,0.38987102473431,1.0,0.0,0.0,0.6599211746460879
XBTUSD,2019-04-25 22:31:02.843869,short,5007702,2019-04-26 18:45:56.686255,True,20.24828955166667,Trade,,2019-04-25,23545.482543369722,20.24828955166667,True,13.746523546689003,8.600053081496995,-0.40639456273953256,0.38987102473431,1.0,0.0,0.0,3.056276400444522
XBTUSD,2019-04-26 18:45:56.686255,long,1000042,2019-04-27 03:59:25.583295,True,9.224693622222222,Trade,,2019-04-26,23525.234253818056,9.224693622222222,True,13.767538771180288,8.542407261660514,-0.3461230873344849,0.3088266546759,1.0,0.0,0.0,2.324805737883099
XBTUSD,2019-04-27 03:59:25.583295,short,58,2019-04-27 04:20:31.562102,True,0.3516607797222222,Trade,,2019-04-27,23516.00956019583,0.3516607797222222,True,13.69908467526353,8.546783966091567,-0.3504187351694447,0.2789060179876892,1.0,0.0,0.0,0.30133404356713517
XBTUSD,2019-04-27 04:20:31.562102,long,421957,2019-04-27 13:26:41.820665,True,9.102849600833334,Trade,,2019-04-27,23515.65789941611,9.102849600833334,True,13.69908467526353,8.546783966091567,-0.3504187351694447,0.2789060179876892,1.0,0.0,0.0,2.3128175227499463
XBTUSD,2019-04-27 13:26:41.820665,short,3000058,2019-04-29 10:51:18.306327,True,45.41013490611111,Trade,,2019-04-27,23506.555049815277,45.41013490611111,True,13.69908467526353,8.546783966091567,-0.3504187351694447,0.2789060179876892,1.0,0.0,0.0,3.8375178600816784
XBTUSD,2019-04-29 10:51:18.306327,long,1000042,2019-04-29 14:03:20.450517,True,3.200595608333334,Trade,,2019-04-29,23461.144914909168,3.200595608333334,True,13.698791618586124,8.546493633184534,-0.3512343285753867,0.2590093327763838,1.0,0.0,0.0,1.435226326742958
XBTUSD,2019-04-29 14:03:20.450517,short,2000058,2019-04-30 14:17:19.489678,True,24.23306643361111,Trade,,2019-04-29,23457.944319300834,24.23306643361111,True,13.698791618586124,8.546493633184534,-0.3512343285753867,0.2590093327763838,1.0,0.0,0.0,3.2281552944516303
XBTUSD,2019-04-30 14:17:19.489678,long,2088,2019-04-30 22:24:40.764554,True,8.122576354444444,Trade,,2019-04-30,23433.711252867222,8.122576354444444,True,13.707253169168677,8.54651905260267,-0.3511280312945719,0.2582936459049405,1.0,0.0,0.0,2.2107522591969127
XBTUSD,2019-04-30 22:24:40.764554,short,4000067,2019-05-03 06:42:11.691588,True,56.29192417611111,Trade,,2019-04-30,23425.58867651278,56.29192417611111,True,13.707253169168677,8.54651905260267,-0.3511280312945719,0.2582936459049405,1.0,0.0,0.0,4.048159674452928
XBTUSD,2019-05-03 06:42:11.691588,long,90531,2019-05-03 07:26:42.698607,True,0.7419463941666667,Trade,,2019-05-03,23369.296752336668,0.7419463941666667,True,13.66300847305075,8.592881084737607,-0.9157826861776818,0.0998038158799197,1.0,0.0,0.0,0.5550031053774149
XBTUSD,2019-05-03 07:26:42.698607,short,4000067,2019-05-05 10:12:15.341491,True,50.759067467777776,Trade,,2019-05-03,23368.554805942502,50.759067467777776,True,13.66300847305075,8.592881084737607,-0.9157826861776818,0.0998038158799197,1.0,0.0,0.0,3.946599633565466
XBTUSD,2019-05-05 10:12:15.341491,long,71,2019-05-05 10:58:26.919448,True,0.7698827658333334,Trade,,2019-05-05,23317.795738474724,0.7698827658333334,True,13.760342862721393,8.661243738253457,-0.8456054212958632,0.1758084525088088,1.0,0.0,0.0,0.5709133103997031
XBTUSD,2019-05-05 10:58:26.919448,short,2000029,2019-05-05 16:05:41.744459,True,5.120784725277778,Trade,,2019-05-05,23317.02585570889,5.120784725277778,True,13.760342862721393,8.661243738253457,-0.8456054212958632,0.1758084525088088,1.0,0.0,0.0,1.811690311388962
XBTUSD,2019-05-05 16:05:41.744459,long,3000082,2019-05-05 18:30:15.878973,True,2.4094818094444443,Trade,,2019-05-05,23311.905070983612,2.4094818094444443,True,13.760342862721393,8.661243738253457,-0.8456054212958632,0.1758084525088088,1.0,0.0,0.0,1.2265603177082725
XBTUSD,2019-05-05 18:30:15.878973,short,4546862,2019-05-06 01:26:16.924515,True,6.9336237616666665,Trade,,2019-05-05,23309.495589174163,6.9336237616666665,True,13.760342862721393,8.661243738253457,-0.8456054212958632,0.1758084525088088,1.0,0.0,0.0,2.0711098999526856
XBTUSD,2019-05-06 01:26:16.924515,long,1385935,2019-05-06 01:48:33.690734,True,0.3713239497222222,Trade,,2019-05-06,23302.5619654125,0.3713239497222222,True,13.79478744291398,8.653183107282942,-0.8531819518809228,0.1381075059679295,1.0,0.0,0.0,0.31577665984762227
XBTUSD,2019-05-06 01:48:33.690734,short,3000478,2019-05-06 07:47:19.718591,True,5.9794521825,Trade,,2019-05-06,23302.190641462777,5.9794521825,True,13.79478744291398,8.653183107282942,-0.8531819518809228,0.1381075059679295,1.0,0.0,0.0,1.9429704298117385
XBTUSD,2019-05-06 07:47:19.718591,long,1000522,2019-05-06 08:15:19.606954,True,0.4666356563888889,Trade,,2019-05-06,23296.211189280275,0.4666356563888889,True,13.79478744291398,8.653183107282942,-0.8531819518809228,0.1381075059679295,1.0,0.0,0.0,0.3829711086613694
XBTUSD,2019-05-06 08:15:19.606954,short,5632186,2019-05-06 17:38:45.821867,True,9.390615253611111,Trade,,2019-05-06,23295.744553623892,9.390615253611111,True,13.79478744291398,8.653183107282942,-0.8531819518809228,0.1381075059679295,1.0,0.0,0.0,2.3409030192974134
XBTUSD,2019-05-06 17:38:45.821867,long,1000814,2019-05-06 18:33:49.551785,True,0.917702755,Trade,,2019-05-06,23286.353938370277,0.917702755,True,13.79478744291398,8.653183107282942,-0.8531819518809228,0.1381075059679295,1.0,0.0,0.0,0.6511279879130814
XBTUSD,2019-05-06 18:33:49.551785,short,5000186,2019-05-07 07:20:05.012990,True,12.770961445833333,Trade,,2019-05-06,23285.436235615274,12.770961445833333,True,13.79478744291398,8.653183107282942,-0.8531819518809228,0.1381075059679295,1.0,0.0,0.0,2.6225621320775256
XBTUSD,2019-05-07 07:20:05.012990,long,1000314,2019-05-07 09:41:38.086558,True,2.359187102222222,Trade,,2019-05-07,23272.665274169445,2.359187102222222,True,13.777669030888818,8.64676220965238,-0.8494416229641165,0.1283278617835037,1.0,0.0,0.0,1.211699010841961
XBTUSD,2019-05-07 09:41:38.086558,short,3000186,2019-05-07 14:46:13.572574,True,5.076523893333333,Trade,,2019-05-07,23270.306087067223,5.076523893333333,True,13.777669030888818,8.64676220965238,-0.8494416229641165,0.1283278617835037,1.0,0.0,0.0,1.8044328044090863
XBTUSD,2019-05-07 14:46:13.572574,long,1000314,2019-05-07 16:18:15.691339,True,1.533921879166667,Trade,,2019-05-07,23265.22956317389,1.533921879166667,True,13.777669030888818,8.64676220965238,-0.8494416229641165,0.1283278617835037,1.0,0.0,0.0,0.9297682523655796
XBTUSD,2019-05-07 16:18:15.691339,short,2000186,2019-05-08 03:27:01.789043,True,11.146138251111111,Trade,,2019-05-07,23263.695641294722,11.146138251111111,True,13.777669030888818,8.64676220965238,-0.8494416229641165,0.1283278617835037,1.0,0.0,0.0,2.497011279850182
XBTUSD,2019-05-08 03:27:01.789043,long,314,2019-05-08 04:50:34.315521,True,1.392368466111111,Trade,,2019-05-08,23252.549503043614,1.392368466111111,True,13.836635365417653,8.67004214889246,-0.8570345854219898,0.1226862983325485,1.0,0.0,0.0,0.872283865241637
XBTUSD,2019-05-08 04:50:34.315521,short,6000269,2019-05-10 20:57:38.178928,True,64.11773983527777,Trade,,2019-05-08,23251.1571345775,64.11773983527777,True,13.836635365417653,8.67004214889246,-0.8570345854219898,0.1226862983325485,1.0,0.0,0.0,4.176197013402736
XBTUSD,2019-05-10 20:57:38.178928,long,3114020,2019-05-11 02:00:58.964200,True,5.055773686666667,Trade,,2019-05-10,23187.03939474222,5.055773686666667,True,13.86185857981584,8.72423019708764,-0.8390323020739103,0.1837259594014484,1.0,0.0,0.0,1.8010121453355912
XBTUSD,2019-05-11 02:00:58.964200,short,276,2019-05-11 02:03:12.992075,True,0.0372299652777777,Trade,,2019-05-11,23181.983621055555,0.0372299652777777,True,13.894893046507322,8.757384755018052,-0.8230450474069481,0.196869872143955,1.0,0.0,0.0,0.036553664814390555
XBTUSD,2019-05-11 02:03:12.992075,long,2105557,2019-05-11 03:09:48.377599,True,1.1098293122222225,Trade,,2019-05-11,23181.946391090278,1.1098293122222225,True,13.894893046507322,8.757384755018052,-0.8230450474069481,0.196869872143955,1.0,0.0,0.0,0.7466070495344128
XBTUSD,2019-05-11 03:09:48.377599,short,2010606,2019-05-11 06:42:15.559913,True,3.540883976111111,Trade,,2019-05-11,23180.836561778055,3.540883976111111,True,13.894893046507322,8.757384755018052,-0.8230450474069481,0.196869872143955,1.0,0.0,0.0,1.5131217014945553
XBTUSD,2019-05-11 06:42:15.559913,long,2000224,2019-05-11 06:58:50.880522,True,0.2764779469444444,Trade,,2019-05-11,23177.295677801947,0.2764779469444444,True,13.894893046507322,8.757384755018052,-0.8230450474069481,0.196869872143955,1.0,0.0,0.0,0.24410468136093363
XBTUSD,2019-05-11 06:58:50.880522,short,276,2019-05-11 07:01:51.831405,True,0.0502641341666666,Trade,,2019-05-11,23177.019199855,0.0502641341666666,True,13.894893046507322,8.757384755018052,-0.8230450474069481,0.196869872143955,1.0,0.0,0.0,0.04904168888364509
XBTUSD,2019-05-11 07:01:51.831405,long,3000234,2019-05-11 09:41:46.123149,True,2.66508104,Trade,,2019-05-11,23176.968935720834,2.66508104,True,13.894893046507322,8.757384755018052,-0.8230450474069481,0.196869872143955,1.0,0.0,0.0,1.2988504469631825
XBTUSD,2019-05-11 09:41:46.123149,short,2000266,2019-05-11 10:26:44.535223,True,0.7495589094444444,Trade,,2019-05-11,23174.303854680835,0.7495589094444444,True,13.894893046507322,8.757384755018052,-0.8230450474069481,0.196869872143955,1.0,0.0,0.0,0.559363704419011
XBTUSD,2019-05-11 10:26:44.535223,long,234,2019-05-11 10:33:29.941335,True,0.1126128088888888,Trade,,2019-05-11,23173.554295771388,0.1126128088888888,True,13.894893046507322,8.757384755018052,-0.8230450474069481,0.196869872143955,1.0,0.0,0.0,0.10671113116593853
XBTUSD,2019-05-11 10:33:29.941335,short,266,2019-05-11 10:40:11.563325,True,0.1115616638888888,Trade,,2019-05-11,23173.4416829625,0.1115616638888888,True,13.894893046507322,8.757384755018052,-0.8230450474069481,0.196869872143955,1.0,0.0,0.0,0.10576593096593329
XBTUSD,2019-05-11 10:40:11.563325,long,3000234,2019-05-11 20:11:47.215272,True,9.526569985277778,Trade,,2019-05-11,23173.33012129861,9.526569985277778,True,13.894893046507322,8.757384755018052,-0.8230450474069481,0.196869872143955,1.0,0.0,0.0,2.3539025356914123
XBTUSD,2019-05-11 20:11:47.215272,short,5600266,2019-05-11 23:52:58.321077,True,3.6864182791666655,Trade,,2019-05-11,23163.803551313336,3.6864182791666655,True,13.894893046507322,8.757384755018052,-0.8230450474069481,0.196869872143955,1.0,0.0,0.0,1.544668597554591
XBTUSD,2019-05-11 23:52:58.321077,long,1399934,2019-05-12 00:35:12.212038,True,0.7038586002777778,Trade,,2019-05-11,23160.117133034164,0.7038586002777778,True,13.894893046507322,8.757384755018052,-0.8230450474069481,0.196869872143955,1.0,0.0,0.0,0.5328954439063635
XBTUSD,2019-05-12 00:35:12.212038,short,519755,2019-05-12 00:37:31.547556,True,0.0387043105555555,Trade,,2019-05-12,23159.41327443389,0.0387043105555555,True,14.01677460382281,8.899059745809767,-0.49845419723112117,0.4503201850716771,1.0,0.0,0.0,0.03797408119541535
XBTUSD,2019-05-12 00:37:31.547556,long,2399634,2019-05-12 00:41:10.035618,True,0.0606911283333333,Trade,,2019-05-12,23159.374570123335,0.0606911283333333,True,14.01677460382281,8.899059745809767,-0.49845419723112117,0.4503201850716771,1.0,0.0,0.0,0.058920703520832604
XBTUSD,2019-05-12 00:41:10.035618,short,1575190,2019-05-12 00:52:47.368993,True,0.1937037152777778,Trade,,2019-05-12,23159.313878995,0.1937037152777778,True,14.01677460382281,8.899059745809767,-0.49845419723112117,0.4503201850716771,1.0,0.0,0.0,0.17706083951895282
XBTUSD,2019-05-12 00:52:47.368993,long,700707,2019-05-12 01:07:26.511033,True,0.2442061222222222,Trade,,2019-05-12,23159.120175279724,0.2442061222222222,True,14.01677460382281,8.899059745809767,-0.49845419723112117,0.4503201850716771,1.0,0.0,0.0,0.21849767369608158
XBTUSD,2019-05-12 01:07:26.511033,short,412,2019-05-12 01:22:20.878604,True,0.2484354363888888,Trade,,2019-05-12,23158.8759691575,0.2484354363888888,True,14.01677460382281,8.899059745809767,-0.49845419723112117,0.4503201850716771,1.0,0.0,0.0,0.22189111645610818
XBTUSD,2019-05-12 01:22:20.878604,long,88,2019-05-12 01:41:27.002128,True,0.3183676455555556,Trade,,2019-05-12,23158.627533721112,0.3183676455555556,True,14.01677460382281,8.899059745809767,-0.49845419723112117,0.4503201850716771,1.0,0.0,0.0,0.2763943391828919
XBTUSD,2019-05-12 01:41:27.002128,short,2400412,2019-05-12 08:36:48.247736,True,6.922568224444444,Trade,,2019-05-12,23158.309166075553,6.922568224444444,True,14.01677460382281,8.899059745809767,-0.49845419723112117,0.4503201850716771,1.0,0.0,0.0,2.069715424025121
XBTUSD,2019-05-12 08:36:48.247736,long,588,2019-05-12 08:41:39.915865,True,0.0810189247222222,Trade,,2019-05-12,23151.38659785111,0.0810189247222222,True,14.01677460382281,8.899059745809767,-0.49845419723112117,0.4503201850716771,1.0,0.0,0.0,0.0779040451848877
XBTUSD,2019-05-12 08:41:39.915865,short,3600412,2019-05-12 12:10:44.071090,True,3.4844875625,Trade,,2019-05-12,23151.30557892639,3.4844875625,True,14.01677460382281,8.899059745809767,-0.49845419723112117,0.4503201850716771,1.0,0.0,0.0,1.5006242331302195
XBTUSD,2019-05-12 12:10:44.071090,long,2600596,2019-05-12 12:48:16.310435,True,0.6256220402777778,Trade,,2019-05-12,23147.82109136389,0.6256220402777778,True,14.01677460382281,8.899059745809767,-0.49845419723112117,0.4503201850716771,1.0,0.0,0.0,0.4858905365518568
XBTUSD,2019-05-12 12:48:16.310435,short,1300404,2019-05-12 13:42:06.009547,True,0.8971386422222222,Trade,,2019-05-12,23147.19546932361,0.8971386422222222,True,14.01677460382281,8.899059745809767,-0.49845419723112117,0.4503201850716771,1.0,0.0,0.0,0.6403467732702923
XBTUSD,2019-05-12 13:42:06.009547,long,5238949,2019-05-12 17:33:37.155270,True,3.858651589722222,Trade,,2019-05-12,23146.29833068139,3.858651589722222,True,14.01677460382281,8.899059745809767,-0.49845419723112117,0.4503201850716771,1.0,0.0,0.0,1.5807609487414034
XBTUSD,2019-05-12 17:33:37.155270,short,2747490,2019-05-13 11:54:26.877616,True,18.34714509611111,Trade,,2019-05-12,23142.43967909167,18.34714509611111,True,14.01677460382281,8.899059745809767,-0.49845419723112117,0.4503201850716771,1.0,0.0,0.0,2.9625448683380013
XBTUSD,2019-05-13 11:54:26.877616,long,1299687,2019-05-13 12:04:23.382456,True,0.1656957888888888,Trade,,2019-05-13,23124.092533995554,0.1656957888888888,True,14.019867896174146,8.84543496112192,-0.4314874836637656,0.3658887355793485,1.0,0.0,0.0,0.15331815242008648
XBTUSD,2019-05-13 12:04:23.382456,short,3900313,2019-05-13 20:00:56.404306,True,7.942506069444445,Trade,,2019-05-13,23123.926838206666,7.942506069444445,True,14.019867896174146,8.84543496112192,-0.4314874836637656,0.3658887355793485,1.0,0.0,0.0,2.190815870869782
XBTUSD,2019-05-13 20:00:56.404306,long,1300187,2019-05-13 21:32:42.405574,True,1.5294447966666669,Trade,,2019-05-13,23115.984332137225,1.5294447966666669,True,14.019867896174146,8.84543496112192,-0.4314874836637656,0.3658887355793485,1.0,0.0,0.0,0.9279998306993633
XBTUSD,2019-05-13 21:32:42.405574,short,1300313,2019-05-13 22:57:10.811610,True,1.4078905655555556,Trade,,2019-05-13,23114.45488734056,1.4078905655555556,True,14.019867896174146,8.84543496112192,-0.4314874836637656,0.3658887355793485,1.0,0.0,0.0,0.8787510802160059
XBTUSD,2019-05-13 22:57:10.811610,long,2608167,2019-05-13 23:33:46.195109,True,0.6098287497222222,Trade,,2019-05-13,23113.046996775,0.6098287497222222,True,14.019867896174146,8.84543496112192,-0.4314874836637656,0.3658887355793485,1.0,0.0,0.0,0.47612780670688015
XBTUSD,2019-05-13 23:33:46.195109,short,459580,2019-05-13 23:44:34.332299,True,0.1800381083333333,Trade,,2019-05-13,23112.43716802528,0.1800381083333333,True,14.019867896174146,8.84543496112192,-0.4314874836637656,0.3658887355793485,1.0,0.0,0.0,0.1655467331538348
XBTUSD,2019-05-13 23:44:34.332299,long,1200420,2019-05-13 23:51:01.530605,True,0.107555085,Trade,,2019-05-13,23112.257129916947,0.107555085,True,14.019867896174146,8.84543496112192,-0.4314874836637656,0.3658887355793485,1.0,0.0,0.0,0.10215495984923713
XBTUSD,2019-05-13 23:51:01.530605,short,2492353,2019-05-14 16:05:39.871788,True,16.243983661944444,Trade,,2019-05-13,23112.149574831943,16.243983661944444,True,14.019867896174146,8.84543496112192,-0.4314874836637656,0.3658887355793485,1.0,0.0,0.0,2.8474633094212316
XBTUSD,2019-05-14 16:05:39.871788,long,1200420,2019-05-14 16:32:37.013506,True,0.4492060327777778,Trade,,2019-05-14,23095.90559117,0.4492060327777778,True,13.938906460190086,8.961738712579974,-0.29399190280498155,0.5367935760206393,1.0,0.0,0.0,0.37101584286325456
XBTUSD,2019-05-14 16:32:37.013506,short,1200580,2019-05-14 17:51:22.733774,True,1.3127000744444444,Trade,,2019-05-14,23095.456385137222,1.3127000744444444,True,13.938906460190086,8.961738712579974,-0.29399190280498155,0.5367935760206393,1.0,0.0,0.0,0.8384157053405968
XBTUSD,2019-05-14 17:51:22.733774,long,3600420,2019-05-14 23:46:42.998712,True,5.922295816111111,Trade,,2019-05-14,23094.143685062776,5.922295816111111,True,13.938906460190086,8.961738712579974,-0.29399190280498155,0.5367935760206393,1.0,0.0,0.0,1.9347474799416047
XBTUSD,2019-05-14 23:46:42.998712,short,3750580,2019-05-16 17:43:11.637065,True,41.94128843138888,Trade,,2019-05-14,23088.221389246664,41.94128843138888,True,13.938906460190086,8.961738712579974,-0.29399190280498155,0.5367935760206393,1.0,0.0,0.0,3.759833797389138
XBTUSD,2019-05-16 17:43:11.637065,long,1300420,2019-05-16 23:11:11.211177,True,5.466548364444444,Trade,,2019-05-16,23046.28010081528,5.466548364444444,True,14.114041706222121,9.013742208291788,-0.3067592377664262,0.6290647291436418,1.0,0.0,0.0,1.8666424830757569
XBTUSD,2019-05-16 23:11:11.211177,short,3900580,2019-05-17 02:37:12.560433,True,3.4337081266666667,Trade,,2019-05-16,23040.813552450833,3.4337081266666667,True,14.114041706222121,9.013742208291788,-0.3067592377664262,0.6290647291436418,1.0,0.0,0.0,1.4892362828359307
XBTUSD,2019-05-17 02:37:12.560433,long,2600420,2019-05-17 03:03:39.769440,True,0.4408913908333333,Trade,,2019-05-17,23037.379844324165,0.4408913908333333,True,14.129313920520662,8.969805413335122,-0.270980323927322,0.510205060349902,1.0,0.0,0.0,0.3652619434852224
XBTUSD,2019-05-17 03:03:39.769440,short,1055148,2019-05-17 03:04:42.648613,True,0.0174664369444444,Trade,,2019-05-17,23036.938952933335,0.0174664369444444,True,14.129313920520662,8.969805413335122,-0.270980323927322,0.510205060349902,1.0,0.0,0.0,0.01731565198658356
XBTUSD,2019-05-17 03:04:42.648613,long,1300420,2019-05-17 03:18:39.319285,True,0.2324085199999999,Trade,,2019-05-17,23036.921486496387,0.2324085199999999,True,14.129313920520662,8.969805413335122,-0.270980323927322,0.510205060349902,1.0,0.0,0.0,0.20897040105630343
XBTUSD,2019-05-17 03:18:39.319285,short,2653051,2019-05-17 03:38:29.184516,True,0.3305181197222222,Trade,,2019-05-17,23036.68907797639,0.3305181197222222,True,14.129313920520662,8.969805413335122,-0.270980323927322,0.510205060349902,1.0,0.0,0.0,0.2855684300743438
XBTUSD,2019-05-17 03:38:29.184516,long,1202355,2019-05-17 03:39:49.860929,True,0.0224101147222222,Trade,,2019-05-17,23036.358559856668,0.0224101147222222,True,14.129313920520662,8.969805413335122,-0.270980323927322,0.510205060349902,1.0,0.0,0.0,0.02216269770861127
XBTUSD,2019-05-17 03:39:49.860929,short,355,2019-05-17 03:40:44.035830,True,0.0150485836111111,Trade,,2019-05-17,23036.336149741946,0.0150485836111111,True,14.129313920520662,8.969805413335122,-0.270980323927322,0.510205060349902,1.0,0.0,0.0,0.014936476974938542
XBTUSD,2019-05-17 03:40:44.035830,long,1299645,2019-05-17 04:06:46.205161,True,0.4339359252777778,Trade,,2019-05-17,23036.321101158333,0.4339359252777778,True,14.129313920520662,8.969805413335122,-0.270980323927322,0.510205060349902,1.0,0.0,0.0,0.36042305866712554
XBTUSD,2019-05-17 04:06:46.205161,short,355,2019-05-17 04:49:21.639960,True,0.7098429997222222,Trade,,2019-05-17,23035.887165233053,0.7098429997222222,True,14.129313920520662,8.969805413335122,-0.270980323927322,0.510205060349902,1.0,0.0,0.0,0.5364015532715541
XBTUSD,2019-05-17 04:49:21.639960,long,1299645,2019-05-17 05:21:01.544486,True,0.5277512572222223,Trade,,2019-05-17,23035.177322233332,0.5277512572222223,True,14.129313920520662,8.969805413335122,-0.270980323927322,0.510205060349902,1.0,0.0,0.0,0.42379688771660246
XBTUSD,2019-05-17 05:21:01.544486,short,355,2019-05-17 05:58:02.430252,True,0.6169127127777777,Trade,,2019-05-17,23034.64957097611,0.6169127127777777,True,14.129313920520662,8.969805413335122,-0.270980323927322,0.510205060349902,1.0,0.0,0.0,0.48051859817182113
XBTUSD,2019-05-17 05:58:02.430252,long,1300645,2019-05-17 21:14:53.934479,True,15.280973396388887,Trade,,2019-05-17,23034.03265826333,15.280973396388887,True,14.129313920520662,8.969805413335122,-0.270980323927322,0.510205060349902,1.0,0.0,0.0,2.789997149719966
XBTUSD,2019-05-17 21:14:53.934479,short,6500436,2019-05-19 01:26:41.087021,True,28.196431261666664,Trade,,2019-05-17,23018.751684866944,28.196431261666664,True,14.129313920520662,8.969805413335122,-0.270980323927322,0.510205060349902,1.0,0.0,0.0,3.3740464847389116
XBTUSD,2019-05-19 01:26:41.087021,long,564,2019-05-19 01:30:33.809715,True,0.0646451927777777,Trade,,2019-05-19,22990.55525360528,0.0646451927777777,True,14.063124975688753,8.892609669378835,-0.19927061170119204,0.378797828478284,1.0,0.0,0.0,0.06264159133248967
XBTUSD,2019-05-19 01:30:33.809715,short,1300436,2019-05-19 01:41:51.411276,True,0.1882226558333333,Trade,,2019-05-19,22990.4906084125,0.1882226558333333,True,14.063124975688753,8.892609669378835,-0.19927061170119204,0.378797828478284,1.0,0.0,0.0,0.17245862411451043
XBTUSD,2019-05-19 01:41:51.411276,long,2600564,2019-05-19 02:06:46.258372,True,0.4152353044444444,Trade,,2019-05-19,22990.302385756666,0.4152353044444444,True,14.063124975688753,8.892609669378835,-0.19927061170119204,0.378797828478284,1.0,0.0,0.0,0.34729581016367067
XBTUSD,2019-05-19 02:06:46.258372,short,436,2019-05-19 02:18:05.931424,True,0.1887980699999999,Trade,,2019-05-19,22989.887150452225,0.1887980699999999,True,14.063124975688753,8.892609669378835,-0.19927061170119204,0.378797828478284,1.0,0.0,0.0,0.17294277149417164
XBTUSD,2019-05-19 02:18:05.931424,long,564,2019-05-19 02:31:02.757278,True,0.2157849594444444,Trade,,2019-05-19,22989.69835238222,0.2157849594444444,True,14.063124975688753,8.892609669378835,-0.19927061170119204,0.378797828478284,1.0,0.0,0.0,0.1953899253433511
XBTUSD,2019-05-19 02:31:02.757278,short,436,2019-05-19 03:00:12.564817,True,0.4860576497222222,Trade,,2019-05-19,22989.48256742278,0.4860576497222222,True,14.063124975688753,8.892609669378835,-0.19927061170119204,0.378797828478284,1.0,0.0,0.0,0.39612674078007876
XBTUSD,2019-05-19 03:00:12.564817,long,1299564,2019-05-19 03:01:54.845666,True,0.0284113469444444,Trade,,2019-05-19,22988.996509773056,0.0284113469444444,True,14.063124975688753,8.892609669378835,-0.19927061170119204,0.378797828478284,1.0,0.0,0.0,0.028015229939202666
XBTUSD,2019-05-19 03:01:54.845666,short,1300436,2019-05-19 04:09:45.883024,True,1.1308437105555555,Trade,,2019-05-19,22988.96809842611,1.1308437105555555,True,14.063124975688753,8.892609669378835,-0.19927061170119204,0.378797828478284,1.0,0.0,0.0,0.7565180095332195
XBTUSD,2019-05-19 04:09:45.883024,long,1300564,2019-05-19 04:51:10.708576,True,0.6902293199999999,Trade,,2019-05-19,22987.837254715552,0.6902293199999999,True,14.063124975688753,8.892609669378835,-0.19927061170119204,0.378797828478284,1.0,0.0,0.0,0.5248642120373059
XBTUSD,2019-05-19 04:51:10.708576,short,1300436,2019-05-19 06:57:50.659541,True,2.111097490277778,Trade,,2019-05-19,22987.147025395556,2.111097490277778,True,14.063124975688753,8.892609669378835,-0.19927061170119204,0.378797828478284,1.0,0.0,0.0,1.1349755547044005
XBTUSD,2019-05-19 06:57:50.659541,long,564,2019-05-19 14:15:54.737267,True,7.301132701666667,Trade,,2019-05-19,22985.03592790528,7.301132701666667,True,14.063124975688753,8.892609669378835,-0.19927061170119204,0.378797828478284,1.0,0.0,0.0,2.116391975571679
XBTUSD,2019-05-19 14:15:54.737267,short,1300436,2019-05-19 22:41:53.512190,True,8.432993034166667,Trade,,2019-05-19,22977.73479520361,8.432993034166667,True,14.063124975688753,8.892609669378835,-0.19927061170119204,0.378797828478284,1.0,0.0,0.0,2.244213441213788
XBTUSD,2019-05-19 22:41:53.512190,long,564,2019-05-19 22:42:47.312953,True,0.0149446563888888,Trade,,2019-05-19,22969.301802169444,0.0149446563888888,True,14.063124975688753,8.892609669378835,-0.19927061170119204,0.378797828478284,1.0,0.0,0.0,0.014834085281936553
XBTUSD,2019-05-19 22:42:47.312953,short,1436,2019-05-19 22:49:13.498676,True,0.1072738119444444,Trade,,2019-05-19,22969.286857513056,0.1072738119444444,True,14.063124975688753,8.892609669378835,-0.19927061170119204,0.378797828478284,1.0,0.0,0.0,0.1019009690714793
XBTUSD,2019-05-19 22:49:13.498676,long,1300564,2019-05-19 23:06:04.666328,True,0.2808799033333333,Trade,,2019-05-19,22969.179583701112,0.2808799033333333,True,14.063124975688753,8.892609669378835,-0.19927061170119204,0.378797828478284,1.0,0.0,0.0,0.2475472662427107
XBTUSD,2019-05-19 23:06:04.666328,short,436,2019-05-19 23:07:39.978607,True,0.0264756330555555,Trade,,2019-05-19,22968.89870379778,0.0264756330555555,True,14.063124975688753,8.892609669378835,-0.19927061170119204,0.378797828478284,1.0,0.0,0.0,0.02613121930475281
XBTUSD,2019-05-19 23:07:39.978607,long,564,2019-05-19 23:12:17.185797,True,0.0770019972222222,Trade,,2019-05-19,22968.872228164724,0.0770019972222222,True,14.063124975688753,8.892609669378835,-0.19927061170119204,0.378797828478284,1.0,0.0,0.0,0.07418125260356474
XBTUSD,2019-05-19 23:12:17.185797,short,436,2019-05-19 23:15:28.406699,True,0.0531169172222222,Trade,,2019-05-19,22968.7952261675,0.0531169172222222,True,14.063124975688753,8.892609669378835,-0.19927061170119204,0.378797828478284,1.0,0.0,0.0,0.051754259487922866
XBTUSD,2019-05-19 23:15:28.406699,long,3603904,2019-05-20 00:41:52.467611,True,1.44001692,Trade,,2019-05-19,22968.742109250277,1.44001692,True,14.063124975688753,8.892609669378835,-0.19927061170119204,0.378797828478284,1.0,0.0,0.0,0.8920049737072969
XBTUSD,2019-05-20 00:41:52.467611,short,1400436,2019-05-20 00:45:36.642719,True,0.0622708633333333,Trade,,2019-05-20,22967.30209233028,0.0622708633333333,True,14.227409410285368,9.014294196437374,-0.09959186783045529,0.5538409422888924,1.0,0.0,0.0,0.06040894051968034
XBTUSD,2019-05-20 00:45:36.642719,long,1325601,2019-05-20 00:53:36.904311,True,0.1334059977777777,Trade,,2019-05-20,22967.239821466945,0.1334059977777777,True,14.227409410285368,9.014294196437374,-0.09959186783045529,0.5538409422888924,1.0,0.0,0.0,0.1252272565849577
XBTUSD,2019-05-20 00:53:36.904311,short,2800399,2019-05-20 08:57:14.953504,True,8.060569220277777,Trade,,2019-05-20,22967.106415469167,8.060569220277777,True,14.227409410285368,9.014294196437374,-0.09959186783045529,0.5538409422888924,1.0,0.0,0.0,2.2039319459265307
XBTUSD,2019-05-20 08:57:14.953504,long,2800601,2019-05-20 10:36:56.579191,True,1.6615626908333332,Trade,,2019-05-20,22959.04584624889,1.6615626908333332,True,14.227409410285368,9.014294196437374,-0.09959186783045529,0.5538409422888924,1.0,0.0,0.0,0.9789134280529981
XBTUSD,2019-05-20 10:36:56.579191,short,2800684,2019-05-21 02:39:33.575366,True,16.04361004861111,Trade,,2019-05-20,22957.384283558054,16.04361004861111,True,14.227409410285368,9.014294196437374,-0.09959186783045529,0.5538409422888924,1.0,0.0,0.0,2.835775356275437
XBTUSD,2019-05-21 02:39:33.575366,long,4593,2019-05-21 02:40:19.457425,True,0.0127450163888888,Trade,,2019-05-21,22941.340673509443,0.0127450163888888,True,14.224424068934669,8.984836459570111,-0.08590016731518267,0.5019156072615389,1.0,0.0,0.0,0.0126644822185369
XBTUSD,2019-05-21 02:40:19.457425,short,407,2019-05-21 05:18:21.444523,True,2.633885305,Trade,,2019-05-21,22941.327928493058,2.633885305,True,14.224424068934669,8.984836459570111,-0.08590016731518267,0.5019156072615389,1.0,0.0,0.0,1.2903024078358345
XBTUSD,2019-05-21 05:18:21.444523,long,593,2019-05-21 08:47:49.220079,True,3.4910487655555555,Trade,,2019-05-21,22938.694043188054,3.4910487655555555,True,14.224424068934669,8.984836459570111,-0.08590016731518267,0.5019156072615389,1.0,0.0,0.0,1.5020862525537857
XBTUSD,2019-05-21 08:47:49.220079,short,1400407,2019-05-21 20:35:45.400260,True,11.798938939166668,Trade,,2019-05-21,22935.2029944225,11.798938939166668,True,14.224424068934669,8.984836459570111,-0.08590016731518267,0.5019156072615389,1.0,0.0,0.0,2.5493622721119555
XBTUSD,2019-05-21 20:35:45.400260,long,1400593,2019-05-21 21:07:03.407212,True,0.5216685977777777,Trade,,2019-05-21,22923.404055483334,0.5216685977777777,True,14.224424068934669,8.984836459570111,-0.08590016731518267,0.5019156072615389,1.0,0.0,0.0,0.419807494454322
XBTUSD,2019-05-21 21:07:03.407212,short,4200534,2019-05-22 22:31:34.964646,True,25.40876595388889,Trade,,2019-05-21,22922.882386885554,25.40876595388889,True,14.224424068934669,8.984836459570111,-0.08590016731518267,0.5019156072615389,1.0,0.0,0.0,3.273695998745871
XBTUSD,2019-05-22 22:31:34.964646,long,652638,2019-05-22 22:40:52.447916,True,0.1548564638888888,Trade,,2019-05-22,22897.47362093167,0.1548564638888888,True,14.221193613782432,8.985170829399674,-0.08675639671242355,0.5075924765915869,1.0,0.0,0.0,0.14397606256186835
XBTUSD,2019-05-22 22:40:52.447916,short,1400362,2019-05-22 23:59:39.177328,True,1.312980392222222,Trade,,2019-05-22,22897.31876446778,1.312980392222222,True,14.221193613782432,8.985170829399674,-0.08675639671242355,0.5075924765915869,1.0,0.0,0.0,0.8385369060072407
XBTUSD,2019-05-22 23:59:39.177328,long,1400463,2019-05-23 07:44:22.722650,True,7.745429256111111,Trade,,2019-05-22,22896.005784075554,7.745429256111111,True,14.221193613782432,8.985170829399674,-0.08675639671242355,0.5075924765915869,1.0,0.0,0.0,2.1685311931562423
XBTUSD,2019-05-23 07:44:22.722650,short,1400309,2019-05-23 09:11:21.777204,True,1.4497373761111112,Trade,,2019-05-23,22888.260354819442,1.4497373761111112,True,14.221146907461723,8.94479833867523,-0.06617840760522914,0.4242546435552679,1.0,0.0,0.0,0.8959808253869738
XBTUSD,2019-05-23 09:11:21.777204,long,1400691,2019-05-23 10:02:25.770258,True,0.8511091816666667,Trade,,2019-05-23,22886.81061744333,0.8511091816666667,True,14.221146907461723,8.94479833867523,-0.06617840760522914,0.4242546435552679,1.0,0.0,0.0,0.6157850170850073
XBTUSD,2019-05-23 10:02:25.770258,short,1400779,2019-05-23 12:25:54.882141,True,2.3914199675,Trade,,2019-05-23,22885.95950826167,2.3914199675,True,14.221146907461723,8.94479833867523,-0.06617840760522914,0.4242546435552679,1.0,0.0,0.0,1.2212487031600587
XBTUSD,2019-05-23 12:25:54.882141,long,1400221,2019-05-23 12:40:25.195983,True,0.241753845,Trade,,2019-05-23,22883.568088294167,0.241753845,True,14.221146907461723,8.94479833867523,-0.06617840760522914,0.4242546435552679,1.0,0.0,0.0,0.21652477143700966
XBTUSD,2019-05-23 12:40:25.195983,short,2800177,2019-05-24 21:44:27.570604,True,33.06732628361111,Trade,,2019-05-23,22883.326334449168,33.06732628361111,True,14.221146907461723,8.94479833867523,-0.06617840760522914,0.4242546435552679,1.0,0.0,0.0,3.528338751446659
XBTUSD,2019-05-24 21:44:27.570604,long,1400823,2019-05-26 22:02:32.866316,True,48.30147103111111,Trade,,2019-05-24,22850.259008165558,48.30147103111111,True,14.249147784214761,8.974297897808968,-0.06617277807336513,0.4242861733599976,1.0,0.0,0.0,3.8979539189627412
XBTUSD,2019-05-26 22:02:32.866316,short,4200637,2019-06-04 00:05:52.014806,True,194.055319025,Trade,,2019-05-26,22801.957537134444,168.0,True,14.267849764951462,8.994866304925965,-0.11272115661093139,0.5721734786057042,1.0,0.0,0.0,5.1298987149230735
XBTUSD,2019-06-04 00:05:52.014806,long,2798520,2019-06-04 00:14:18.128726,True,0.1405872,Trade,,2019-06-04,22607.902218109444,0.1405872,True,14.121200067920078,9.008640413404207,-0.012581353024077988,0.4153780593345051,1.0,0.0,0.0,0.13154321751355902
XBTUSD,2019-06-04 00:14:18.128726,short,1513803,2019-06-04 04:03:21.310154,True,3.817550396666667,Trade,,2019-06-04,22607.761630909445,3.817550396666667,True,14.121200067920078,9.008640413404207,-0.012581353024077988,0.4153780593345051,1.0,0.0,0.0,1.572265582417555
XBTUSD,2019-06-04 04:03:21.310154,long,811991,2019-06-04 04:33:12.191905,True,0.4974671530555555,Trade,,2019-06-04,22603.944080512778,0.4974671530555555,True,14.121200067920078,9.008640413404207,-0.012581353024077988,0.4153780593345051,1.0,0.0,0.0,0.4037751162464051
XBTUSD,2019-06-04 04:33:12.191905,short,1400663,2019-06-04 07:21:42.024838,True,2.8082869258333334,Trade,,2019-06-04,22603.44661335972,2.8082869258333334,True,14.121200067920078,9.008640413404207,-0.012581353024077988,0.4153780593345051,1.0,0.0,0.0,1.3371794622611062
XBTUSD,2019-06-04 07:21:42.024838,long,1399337,2019-06-04 07:38:08.152929,True,0.2739244697222222,Trade,,2019-06-04,22600.638326433887,0.2739244697222222,True,14.121200067920078,9.008640413404207,-0.012581353024077988,0.4153780593345051,1.0,0.0,0.0,0.24210226946016958
XBTUSD,2019-06-04 07:38:08.152929,short,1400663,2019-06-12 03:08:51.504390,True,187.5120420725,Trade,,2019-06-04,22600.36440196417,168.0,True,14.121200067920078,9.008640413404207,-0.012581353024077988,0.4153780593345051,1.0,0.0,0.0,5.1298987149230735
XBTUSD,2019-06-12 03:08:51.504390,long,337,2019-06-12 03:09:50.356862,True,0.0163479088888888,Trade,,2019-06-12,22412.852359891665,0.0163479088888888,True,14.184874764941608,8.977460024932286,-0.1067484944153164,0.1411369201481773,1.0,0.0,0.0,0.016215720549264342
XBTUSD,2019-06-12 03:09:50.356862,short,663,2019-06-12 03:13:30.975986,True,0.06128309,Trade,,2019-06-12,22412.83601198278,0.06128309,True,14.184874764941608,8.977460024932286,-0.1067484944153164,0.1411369201481773,1.0,0.0,0.0,0.05947863836934145
XBTUSD,2019-06-12 03:13:30.975986,long,248958,2019-06-12 03:30:09.898614,True,0.2774785077777777,Trade,,2019-06-12,22412.77472889278,0.2774785077777777,True,14.184874764941608,8.977460024932286,-0.1067484944153164,0.1411369201481773,1.0,0.0,0.0,0.24488821929688628
XBTUSD,2019-06-12 03:30:09.898614,short,1400162,2019-06-15 06:57:57.730289,True,75.4632865763889,Trade,,2019-06-12,22412.497250385,75.4632865763889,True,14.184874764941608,8.977460024932286,-0.1067484944153164,0.1411369201481773,1.0,0.0,0.0,4.3368107116027605
XBTUSD,2019-06-15 06:57:57.730289,long,2800338,2019-06-16 04:53:29.916563,True,21.925607298333336,Trade,,2019-06-15,22337.03396380861,21.925607298333336,True,14.261826942710476,9.070848946735317,-0.1967289797131229,0.0587688156998336,1.0,0.0,0.0,3.1322545084496
XBTUSD,2019-06-16 04:53:29.916563,short,3200662,2019-06-16 17:38:34.596306,True,12.751299928611113,Trade,,2019-06-16,22315.108356510278,12.751299928611113,True,14.298480873546644,9.08823881672427,-0.21561271293348633,0.1257319016761779,1.0,0.0,0.0,2.621133359906558
XBTUSD,2019-06-16 17:38:34.596306,long,3200338,2019-06-17 04:58:02.251649,True,11.32434870638889,Trade,,2019-06-16,22302.357056581666,11.32434870638889,True,14.298480873546644,9.08823881672427,-0.21561271293348633,0.1257319016761779,1.0,0.0,0.0,2.5115768752374787
XBTUSD,2019-06-17 04:58:02.251649,short,4800662,2019-06-18 07:24:37.187516,True,26.443037740833333,Trade,,2019-06-17,22291.032707875274,26.443037740833333,True,14.243102947940237,9.107146064696286,-0.2728579599995225,0.2310105975385721,1.0,0.0,0.0,3.3121125015712205
XBTUSD,2019-06-18 07:24:37.187516,long,1600338,2019-06-18 08:13:02.543435,True,0.8070433108333334,Trade,,2019-06-18,22264.589670134443,0.8070433108333334,True,14.30012487520286,9.142122791528289,-0.2669939765712945,0.2834004053172596,1.0,0.0,0.0,0.5916919796866252
XBTUSD,2019-06-18 08:13:02.543435,short,3200662,2019-06-18 17:29:02.428791,True,9.266634821111111,Trade,,2019-06-18,22263.78262682361,9.266634821111111,True,14.30012487520286,9.142122791528289,-0.2669939765712945,0.2834004053172596,1.0,0.0,0.0,2.3288992994667814
XBTUSD,2019-06-18 17:29:02.428791,long,1600338,2019-06-19 07:18:57.676241,True,13.832013180555556,Trade,,2019-06-18,22254.5159920025,13.832013180555556,True,14.30012487520286,9.142122791528289,-0.2669939765712945,0.2834004053172596,1.0,0.0,0.0,2.696787897479763
XBTUSD,2019-06-19 07:18:57.676241,short,4800627,2019-06-24 20:45:29.189270,True,133.4420869525,Trade,,2019-06-19,22240.683978821944,133.4420869525,True,14.280715073341039,9.110203162679998,-0.4162270588642548,0.1006588623213537,1.0,0.0,0.0,4.9011335260367765
XBTUSD,2019-06-24 20:45:29.189270,long,3600373,2019-06-26 16:45:15.650771,True,43.996239305833335,Trade,,2019-06-24,22107.241891869442,43.996239305833335,True,14.38518147309261,9.286785325923002,-0.392365600525039,0.3514826657413361,1.0,0.0,0.0,3.806578915296589
XBTUSD,2019-06-26 16:45:15.650771,short,3599627,2019-06-26 17:03:48.561705,True,0.3091419261111111,Trade,,2019-06-26,22063.245652563608,0.3091419261111111,True,14.42099957723092,9.36958637691293,-0.41963328452696136,0.3429800510290426,1.0,0.0,0.0,0.2693719043590982
XBTUSD,2019-06-26 17:03:48.561705,long,1800373,2019-06-27 02:26:09.424269,True,9.372461823333332,Trade,,2019-06-26,22062.9365106375,9.372461823333332,True,14.42099957723092,9.36958637691293,-0.41963328452696136,0.3429800510290426,1.0,0.0,0.0,2.3391543926525142
XBTUSD,2019-06-27 02:26:09.424269,short,627,2019-06-27 02:26:49.996928,True,0.0112701830555555,Trade,,2019-06-27,22053.564048814165,0.0112701830555555,True,14.380026883136676,9.462146066175741,-0.3315117144983646,0.4589737860830694,1.0,0.0,0.0,0.011207147713576704
XBTUSD,2019-06-27 02:26:49.996928,long,373,2019-06-27 02:35:50.192426,True,0.150054305,Trade,,2019-06-27,22053.55277863111,0.150054305,True,14.380026883136676,9.462146066175741,-0.3315117144983646,0.4589737860830694,1.0,0.0,0.0,0.1398091629993779
XBTUSD,2019-06-27 02:35:50.192426,short,3600627,2019-06-27 05:13:35.581493,True,2.629274740833333,Trade,,2019-06-27,22053.40272432611,2.629274740833333,True,14.380026883136676,9.462146066175741,-0.3315117144983646,0.4589737860830694,1.0,0.0,0.0,1.2890328324012146
XBTUSD,2019-06-27 05:13:35.581493,long,5400373,2019-06-27 18:13:04.099459,True,12.991254990555555,Trade,,2019-06-27,22050.773449585275,12.991254990555555,True,14.380026883136676,9.462146066175741,-0.3315117144983646,0.4589737860830694,1.0,0.0,0.0,2.6384324909124626
XBTUSD,2019-06-27 18:13:04.099459,short,1800627,2019-06-28 05:19:46.708225,True,11.111835768333332,Trade,,2019-06-27,22037.78219459472,11.111835768333332,True,14.380026883136676,9.462146066175741,-0.3315117144983646,0.4589737860830694,1.0,0.0,0.0,2.4941831371855057
XBTUSD,2019-06-28 05:19:46.708225,long,1800373,2019-06-28 06:01:32.958819,True,0.6961807205555556,Trade,,2019-06-28,22026.670358826388,0.6961807205555556,True,14.420194093812361,9.315582686414741,-0.09964026738630308,0.2741871186512694,1.0,0.0,0.0,0.5283790886242665
XBTUSD,2019-06-28 06:01:32.958819,short,1800627,2019-06-28 06:14:03.474830,True,0.2084766697222222,Trade,,2019-06-28,22025.974178105833,0.2084766697222222,True,14.420194093812361,9.315582686414741,-0.09964026738630308,0.2741871186512694,1.0,0.0,0.0,0.18936061582174157
XBTUSD,2019-06-28 06:14:03.474830,long,1800373,2019-06-28 06:38:16.703891,True,0.4036747391666667,Trade,,2019-06-28,22025.76570143611,0.4036747391666667,True,14.420194093812361,9.315582686414741,-0.09964026738630308,0.2741871186512694,1.0,0.0,0.0,0.33909361150440553
XBTUSD,2019-06-28 06:38:16.703891,short,5400627,2019-06-28 10:24:54.202676,True,3.777082995833333,Trade,,2019-06-28,22025.362026696945,3.777082995833333,True,14.420194093812361,9.315582686414741,-0.09964026738630308,0.2741871186512694,1.0,0.0,0.0,1.5638301083061616
XBTUSD,2019-06-28 10:24:54.202676,long,1666965,2019-06-28 13:43:02.198117,True,3.302220955833333,Trade,,2019-06-28,22021.584943701113,3.302220955833333,True,14.420194093812361,9.315582686414741,-0.09964026738630308,0.2741871186512694,1.0,0.0,0.0,1.459131390715192
XBTUSD,2019-06-28 13:43:02.198117,short,1800309,2019-07-01 05:13:24.977076,True,63.50632748861111,Trade,,2019-06-28,22018.282722745276,63.50632748861111,True,14.420194093812361,9.315582686414741,-0.09964026738630308,0.2741871186512694,1.0,0.0,0.0,4.166763319588799
XBTUSD,2019-07-01 05:13:24.977076,long,3600691,2019-07-01 15:20:40.028085,True,10.1208475025,Trade,,2019-07-01,21954.776395256667,10.1208475025,True,14.427601342873027,9.291239639865347,0.026607627437466683,0.2672200973557337,1.0,0.0,0.0,2.4088215001718747
XBTUSD,2019-07-01 15:20:40.028085,short,1800633,2019-07-01 16:14:47.340273,True,0.9020311633333332,Trade,,2019-07-01,21944.65554775417,0.9020311633333332,True,14.427601342873027,9.291239639865347,0.026607627437466683,0.2672200973557337,1.0,0.0,0.0,0.6429223484965099
XBTUSD,2019-07-01 16:14:47.340273,long,367,2019-07-01 16:20:52.172308,True,0.1013422319444444,Trade,,2019-07-01,21943.753516590834,0.1013422319444444,True,14.427601342873027,9.291239639865347,0.026607627437466683,0.2672200973557337,1.0,0.0,0.0,0.09652964681068386
XBTUSD,2019-07-01 16:20:52.172308,short,968995,2019-07-01 16:30:01.984993,True,0.1527257458333333,Trade,,2019-07-01,21943.65217435889,0.1527257458333333,True,14.427601342873027,9.291239639865347,0.026607627437466683,0.2672200973557337,1.0,0.0,0.0,0.14212935161729784
XBTUSD,2019-07-01 16:30:01.984993,long,367,2019-07-01 16:32:02.769817,True,0.03355134,Trade,,2019-07-01,21943.499448613056,0.03355134,True,14.427601342873027,9.291239639865347,0.026607627437466683,0.2672200973557337,1.0,0.0,0.0,0.03300077476461375
XBTUSD,2019-07-01 16:32:02.769817,short,633,2019-07-01 16:47:02.231992,True,0.2498506041666666,Trade,,2019-07-01,21943.465897273058,0.2498506041666666,True,14.427601342873027,9.291239639865347,0.026607627437466683,0.2672200973557337,1.0,0.0,0.0,0.22302402750485711
XBTUSD,2019-07-01 16:47:02.231992,long,1800367,2019-07-01 17:59:04.016903,True,1.200495808611111,Trade,,2019-07-01,21943.216046668887,1.200495808611111,True,14.427601342873027,9.291239639865347,0.026607627437466683,0.2672200973557337,1.0,0.0,0.0,0.7886827025233236
XBTUSD,2019-07-01 17:59:04.016903,short,1800633,2019-07-01 19:57:34.884427,True,1.975240978888889,Trade,,2019-07-01,21942.015550860277,1.975240978888889,True,14.427601342873027,9.291239639865347,0.026607627437466683,0.2672200973557337,1.0,0.0,0.0,1.090325037024354
XBTUSD,2019-07-01 19:57:34.884427,long,174062,2019-07-01 20:02:07.948108,True,0.0758510224999999,Trade,,2019-07-01,21940.04030988139,0.0758510224999999,True,14.427601342873027,9.291239639865347,0.026607627437466683,0.2672200973557337,1.0,0.0,0.0,0.07311199722817399
XBTUSD,2019-07-01 20:02:07.948108,short,173446,2019-07-01 20:02:57.371542,True,0.0137287316666666,Trade,,2019-07-01,21939.96445885889,0.0137287316666666,True,14.427601342873027,9.291239639865347,0.026607627437466683,0.2672200973557337,1.0,0.0,0.0,0.013635346367150384
XBTUSD,2019-07-01 20:02:57.371542,long,554,2019-07-01 20:53:47.639730,True,0.8472967188888889,Trade,,2019-07-01,21939.95073012722,0.8472967188888889,True,14.427601342873027,9.291239639865347,0.026607627437466683,0.2672200973557337,1.0,0.0,0.0,0.6137233374150617
XBTUSD,2019-07-01 20:53:47.639730,short,1800446,2019-07-02 04:27:02.591270,True,7.554153205555555,Trade,,2019-07-01,21939.10343340833,7.554153205555555,True,14.427601342873027,9.291239639865347,0.026607627437466683,0.2672200973557337,1.0,0.0,0.0,2.1464169200436207
XBTUSD,2019-07-02 04:27:02.591270,long,1800554,2019-07-02 04:32:41.617193,True,0.0941738675,Trade,,2019-07-02,21931.549280202777,0.0941738675,True,14.301606923254582,9.265732668147468,0.03271186159053332,0.2355102015703756,1.0,0.0,0.0,0.08999961961700642
XBTUSD,2019-07-02 04:32:41.617193,short,1600446,2019-07-02 04:36:33.023313,True,0.0642794777777777,Trade,,2019-07-02,21931.455106335277,0.0642794777777777,True,14.301606923254582,9.265732668147468,0.03271186159053332,0.2355102015703756,1.0,0.0,0.0,0.0622980235128712
XBTUSD,2019-07-02 04:36:33.023313,long,1600554,2019-07-02 04:41:01.903279,True,0.0746888794444444,Trade,,2019-07-02,21931.3908268575,0.0746888794444444,True,14.301606923254582,9.265732668147468,0.03271186159053332,0.2355102015703756,1.0,0.0,0.0,0.07203120522089175
XBTUSD,2019-07-02 04:41:01.903279,short,1600446,2019-07-02 04:54:43.922792,True,0.2283387536111111,Trade,,2019-07-02,21931.316137978054,0.2283387536111111,True,14.301606923254582,9.265732668147468,0.03271186159053332,0.2355102015703756,1.0,0.0,0.0,0.20566264967263564
XBTUSD,2019-07-02 04:54:43.922792,long,554,2019-07-02 04:56:26.047503,True,0.0283679752777777,Trade,,2019-07-02,21931.087799224442,0.0283679752777777,True,14.301606923254582,9.265732668147468,0.03271186159053332,0.2355102015703756,1.0,0.0,0.0,0.02797305558806589
XBTUSD,2019-07-02 04:56:26.047503,short,1600446,2019-07-02 05:49:54.391979,True,0.891206798888889,Trade,,2019-07-02,21931.059431249167,0.891206798888889,True,14.301606923254582,9.265732668147468,0.03271186159053332,0.2355102015703756,1.0,0.0,0.0,0.6372151432363404
XBTUSD,2019-07-02 05:49:54.391979,long,1600554,2019-07-02 07:08:47.730901,True,1.3148163672222222,Trade,,2019-07-02,21930.16822445028,1.3148163672222222,True,14.301606923254582,9.265732668147468,0.03271186159053332,0.2355102015703756,1.0,0.0,0.0,0.8393303613778018
XBTUSD,2019-07-02 07:08:47.730901,short,5100446,2019-07-03 01:15:05.894379,True,18.105045410555554,Trade,,2019-07-02,21928.853408083054,18.105045410555554,True,14.301606923254582,9.265732668147468,0.03271186159053332,0.2355102015703756,1.0,0.0,0.0,2.9499524577898124
XBTUSD,2019-07-03 01:15:05.894379,long,1699554,2019-07-03 01:34:44.526775,True,0.3273978877777778,Trade,,2019-07-03,21910.748362672497,0.3273978877777778,True,14.36342478660105,9.284156037918619,0.0321691528831854,0.2312040008440135,1.0,0.0,0.0,0.2832205504807025
XBTUSD,2019-07-03 01:34:44.526775,short,4000874,2019-07-16 16:19:00.870472,True,326.7378732491667,Trade,,2019-07-03,21910.42096478472,168.0,True,14.36342478660105,9.284156037918619,0.0321691528831854,0.2312040008440135,1.0,0.0,0.0,5.1298987149230735
XBTUSD,2019-07-16 16:19:00.870472,long,1999896,2019-07-16 16:19:23.612924,True,0.0063173477777777,Trade,,2019-07-16,21583.683091535557,0.0063173477777777,True,14.471046270657252,9.29893535286297,0.17103806888202666,0.2345376606457436,1.0,0.0,0.0,0.00629747697955808
XBTUSD,2019-07-16 16:19:23.612924,short,2000104,2019-07-16 17:04:09.687858,True,0.7461319261111111,Trade,,2019-07-16,21583.676774187777,0.7461319261111111,True,14.471046270657252,9.29893535286297,0.17103806888202666,0.2345376606457436,1.0,0.0,0.0,0.557403013618588
XBTUSD,2019-07-16 17:04:09.687858,long,4000170,2019-07-16 17:12:33.855359,True,0.1400465280555555,Trade,,2019-07-16,21582.93064226167,0.1400465280555555,True,14.471046270657252,9.29893535286297,0.17103806888202666,0.2345376606457436,1.0,0.0,0.0,0.13106907565735265
XBTUSD,2019-07-16 17:12:33.855359,short,2000406,2019-07-17 11:33:01.745356,True,18.341080554722225,Trade,,2019-07-16,21582.79059573361,18.341080554722225,True,14.471046270657252,9.29893535286297,0.17103806888202666,0.2345376606457436,1.0,0.0,0.0,2.9622313599598558
XBTUSD,2019-07-17 11:33:01.745356,long,2000650,2019-07-17 12:24:59.529488,True,0.8660511477777778,Trade,,2019-07-17,21564.44951517889,0.8660511477777778,True,14.520202845162894,9.15600465038732,0.25883623349199936,0.0500718450555275,1.0,0.0,0.0,0.6238245124341556
XBTUSD,2019-07-17 12:24:59.529488,short,8000350,2019-07-17 19:42:22.525291,True,7.289721056388889,Trade,,2019-07-17,21563.58346403111,7.289721056388889,True,14.520202845162894,9.15600465038732,0.25883623349199936,0.0500718450555275,1.0,0.0,0.0,2.1150163203770957
XBTUSD,2019-07-17 19:42:22.525291,long,761,2019-07-17 19:46:05.202884,True,0.0618548869444444,Trade,,2019-07-17,21556.29374297472,0.0618548869444444,True,14.520202845162894,9.15600465038732,0.25883623349199936,0.0500718450555275,1.0,0.0,0.0,0.060017272188224724
XBTUSD,2019-07-17 19:46:05.202884,short,239,2019-07-17 19:58:58.588428,True,0.2148293177777777,Trade,,2019-07-17,21556.231888087776,0.2148293177777777,True,14.520202845162894,9.15600465038732,0.25883623349199936,0.0500718450555275,1.0,0.0,0.0,0.19460358772914074
XBTUSD,2019-07-17 19:58:58.588428,long,4000761,2019-07-18 02:38:57.004938,True,6.666226808333333,Trade,,2019-07-17,21556.017058769998,6.666226808333333,True,14.520202845162894,9.15600465038732,0.25883623349199936,0.0500718450555275,1.0,0.0,0.0,2.0368245527890694
XBTUSD,2019-07-18 02:38:57.004938,short,10001384,2019-07-19 01:10:02.115428,True,22.518086247222225,Trade,,2019-07-18,21549.350831961667,22.518086247222225,True,14.536207710151313,9.17728836910417,0.2560835111041217,0.0357911983975651,1.0,0.0,0.0,3.1577697526800774
XBTUSD,2019-07-19 01:10:02.115428,long,8000616,2019-07-19 09:16:20.672660,True,8.105154786666667,Trade,,2019-07-19,21526.832745714444,8.105154786666667,True,14.582291347017945,9.276117877410796,0.28491966112972794,0.1804724205218559,1.0,0.0,0.0,2.2088407132181196
XBTUSD,2019-07-19 09:16:20.672660,short,2018408,2019-07-21 17:01:32.627516,True,55.75332079333333,Trade,,2019-07-19,21518.72759092778,55.75332079333333,True,14.582291347017945,9.276117877410796,0.28491966112972794,0.1804724205218559,1.0,0.0,0.0,4.038714170831592
XBTUSD,2019-07-21 17:01:32.627516,long,2000592,2019-07-24 06:07:09.419522,True,61.093553335,Trade,,2019-07-21,21462.974270134444,61.093553335,True,14.423661218927496,9.293085444778203,0.28514676933059674,0.1378409338807942,1.0,0.0,0.0,4.1286421725201
XBTUSD,2019-07-24 06:07:09.419522,short,4000408,2019-07-27 10:27:55.905488,True,76.34624610166667,Trade,,2019-07-24,21401.880716799446,76.34624610166667,True,14.415355505493276,9.196915555059903,0.2749267410773017,-0.0859497865090253,1.0,0.0,0.0,4.348292044511937
XBTUSD,2019-07-27 10:27:55.905488,long,1999592,2019-07-27 10:28:27.217479,True,0.0086977752777777,Trade,,2019-07-27,21325.534470697778,0.0086977752777777,True,14.450213402593436,9.193875241426396,0.21766203213756705,-0.2352993468062777,1.0,0.0,0.0,0.008660167542144622
XBTUSD,2019-07-27 10:28:27.217479,short,6000408,2019-08-01 01:45:54.125961,True,111.29080791166666,Trade,,2019-07-27,21325.525772922498,111.29080791166666,True,14.450213402593436,9.193875241426396,0.21766203213756705,-0.2352993468062777,1.0,0.0,0.0,4.721092005426021
XBTUSD,2019-08-01 01:45:54.125961,long,2000592,2019-08-02 07:07:35.478450,True,29.3614868025,Trade,,2019-08-01,21214.234965010834,29.3614868025,True,14.351135561841451,9.21622343467643,0.034915362986857976,-0.0483036293649836,1.0,0.0,0.0,3.4131749237426807
XBTUSD,2019-08-02 07:07:35.478450,short,2000408,2019-08-02 18:06:33.999058,True,10.98292239111111,Trade,,2019-08-02,21184.873478208334,10.98292239111111,True,14.372480293660418,9.24959060530697,0.03968038564571912,-0.0339748719285848,1.0,0.0,0.0,2.48348250209684
XBTUSD,2019-08-02 18:06:33.999058,long,1000592,2019-08-05 09:00:17.324920,True,62.895368295,Trade,,2019-08-02,21173.890555817223,62.895368295,True,14.372480293660418,9.24959060530697,0.03968038564571912,-0.0339748719285848,1.0,0.0,0.0,4.157246875110101
XBTUSD,2019-08-05 09:00:17.324920,short,2000408,2019-08-05 11:11:01.563862,True,2.1789552616666668,Trade,,2019-08-05,21110.99518752222,2.1789552616666668,True,14.443415409867754,9.304423338071329,-0.05282572396784382,-0.0010810820059526,1.0,0.0,0.0,1.15655260874586
XBTUSD,2019-08-05 11:11:01.563862,long,457453,2019-08-05 17:12:54.551255,True,6.031385386944445,Trade,,2019-08-05,21108.816232260557,6.031385386944445,True,14.443415409867754,9.304423338071329,-0.05282572396784382,-0.0010810820059526,1.0,0.0,0.0,1.9503837542514166
XBTUSD,2019-08-05 17:12:54.551255,short,2001408,2019-08-06 01:34:24.731685,True,8.358383452777778,Trade,,2019-08-05,21102.784846873612,8.358383452777778,True,14.443415409867754,9.304423338071329,-0.05282572396784382,-0.0010810820059526,1.0,0.0,0.0,2.236272567537188
XBTUSD,2019-08-06 01:34:24.731685,long,328951,2019-08-06 08:44:30.973054,True,7.168400380277777,Trade,,2019-08-06,21094.426463420834,7.168400380277777,True,14.530972917426606,9.375009023858482,-0.02203971420955121,0.0519081572579245,1.0,0.0,0.0,2.1002730978145125
XBTUSD,2019-08-06 08:44:30.973054,short,2000424,2019-08-07 05:56:13.189098,True,21.19506001222222,Trade,,2019-08-06,21087.258063040554,21.19506001222222,True,14.530972917426606,9.375009023858482,-0.02203971420955121,0.0519081572579245,1.0,0.0,0.0,3.0998697421445742
XBTUSD,2019-08-07 05:56:13.189098,long,6000576,2019-08-08 03:13:26.534126,True,21.287040285555555,Trade,,2019-08-07,21066.063003028332,21.287040285555555,True,14.53456831487932,9.343427653651458,-0.018085254109842557,-0.0028531842097248,1.0,0.0,0.0,3.104005356417047
XBTUSD,2019-08-08 03:13:26.534126,short,2000424,2019-08-08 06:12:05.778659,True,2.977567925833333,Trade,,2019-08-08,21044.775962742777,2.977567925833333,True,14.63083690871311,9.38993099878479,-0.03904073395228152,-0.0286006586415021,1.0,0.0,0.0,1.3806705586033654
XBTUSD,2019-08-08 06:12:05.778659,long,6000576,2019-08-08 23:53:08.322738,True,17.684040021944444,Trade,,2019-08-08,21041.798394816946,17.684040021944444,True,14.63083690871311,9.38993099878479,-0.03904073395228152,-0.0286006586415021,1.0,0.0,0.0,2.927669684681265
XBTUSD,2019-08-08 23:53:08.322738,short,424,2019-08-09 00:31:26.578056,True,0.638404255,Trade,,2019-08-08,21024.114354794998,0.638404255,True,14.63083690871311,9.38993099878479,-0.03904073395228152,-0.0286006586415021,1.0,0.0,0.0,0.4937227529055777
XBTUSD,2019-08-09 00:31:26.578056,long,6000576,2019-08-14 05:23:34.683352,True,124.86891813777778,Trade,,2019-08-09,21023.475950540003,124.86891813777778,True,14.612762968327715,9.387501520979013,-0.042397220277915,-0.0509474141335214,1.0,0.0,0.0,4.835241033190427
XBTUSD,2019-08-14 05:23:34.683352,short,2000424,2019-08-14 08:39:40.446544,True,3.2682675533333336,Trade,,2019-08-14,20898.607032402226,3.2682675533333336,True,14.522751958711364,9.293490992000189,-0.15369086730918458,0.0567903009873909,1.0,0.0,0.0,1.4512080196971129
XBTUSD,2019-08-14 08:39:40.446544,long,2000576,2019-08-14 12:48:14.055726,True,4.142669217222222,Trade,,2019-08-14,20895.338764848886,4.142669217222222,True,14.522751958711364,9.293490992000189,-0.15369086730918458,0.0567903009873909,1.0,0.0,0.0,1.6375722476374757
XBTUSD,2019-08-14 12:48:14.055726,short,2000424,2019-08-15 02:13:11.594886,True,13.4159831,Trade,,2019-08-14,20891.196095631665,13.4159831,True,14.522751958711364,9.293490992000189,-0.15369086730918458,0.0567903009873909,1.0,0.0,0.0,2.6683375285567488
XBTUSD,2019-08-15 02:13:11.594886,long,576,2019-08-15 03:02:52.009275,True,0.8278928858333333,Trade,,2019-08-15,20877.780112531666,0.8278928858333333,True,14.473307172166662,9.212775364145111,-0.13120831663068655,-0.0825525617614915,1.0,0.0,0.0,0.603163874943862
XBTUSD,2019-08-15 03:02:52.009275,short,424,2019-08-15 03:08:35.634128,True,0.0954513480555555,Trade,,2019-08-15,20876.95221964583,0.0954513480555555,True,14.473307172166662,9.212775364145111,-0.13120831663068655,-0.0825525617614915,1.0,0.0,0.0,0.09116646834657408
XBTUSD,2019-08-15 03:08:35.634128,long,576,2019-08-15 08:09:47.817367,True,5.020050899722222,Trade,,2019-08-15,20876.856768297777,5.020050899722222,True,14.473307172166662,9.212775364145111,-0.13120831663068655,-0.0825525617614915,1.0,0.0,0.0,1.7950957143883446
XBTUSD,2019-08-15 08:09:47.817367,short,10000424,2019-08-18 20:10:54.594969,True,84.01854933388888,Trade,,2019-08-15,20871.836717398055,84.01854933388888,True,14.473307172166662,9.212775364145111,-0.13120831663068655,-0.0825525617614915,1.0,0.0,0.0,4.4428694601396845
XBTUSD,2019-08-18 20:10:54.594969,long,576,2019-08-19 03:18:00.619864,True,7.118340248611111,Trade,,2019-08-18,20787.818168064165,7.118340248611111,True,14.52624349376522,9.230844278971185,-0.4589243209539887,-0.04426404180834,1.0,0.0,0.0,2.0941257304000658
XBTUSD,2019-08-19 03:18:00.619864,short,6000424,2019-08-21 03:45:40.549386,True,48.46109153388888,Trade,,2019-08-19,20780.699827815555,48.46109153388888,True,14.500136869634758,9.24293436685556,-0.4587947811428247,-0.0190741441496593,1.0,0.0,0.0,3.9011863308729815
XBTUSD,2019-08-21 03:45:40.549386,long,443217,2019-08-21 03:48:45.824916,True,0.051465425,Trade,,2019-08-21,20732.23873628167,0.051465425,True,14.51026613268629,9.284649044929541,-0.4397522039247266,0.0171568389323759,1.0,0.0,0.0,0.050184834022288294
XBTUSD,2019-08-21 03:48:45.824916,short,66901,2019-08-21 04:20:44.541006,True,0.5329766916666666,Trade,,2019-08-21,20732.187270856666,0.5329766916666666,True,14.51026613268629,9.284649044929541,-0.4397522039247266,0.0171568389323759,1.0,0.0,0.0,0.42721139538182995
XBTUSD,2019-08-21 04:20:44.541006,long,1999576,2019-08-21 04:54:06.643914,True,0.5561396966666667,Trade,,2019-08-21,20731.654294165,0.5561396966666667,True,14.51026613268629,9.284649044929541,-0.4397522039247266,0.0171568389323759,1.0,0.0,0.0,0.4422082010750329
XBTUSD,2019-08-21 04:54:06.643914,short,2000424,2019-08-21 10:44:49.187539,True,5.845151006944444,Trade,,2019-08-21,20731.098154468335,5.845151006944444,True,14.51026613268629,9.284649044929541,-0.4397522039247266,0.0171568389323759,1.0,0.0,0.0,1.9235405194093373
XBTUSD,2019-08-21 10:44:49.187539,long,1000576,2019-08-21 10:50:10.902219,True,0.0893651888888888,Trade,,2019-08-21,20725.25300346139,0.0893651888888888,True,14.51026613268629,9.284649044929541,-0.4397522039247266,0.0171568389323759,1.0,0.0,0.0,0.0855951310681283
XBTUSD,2019-08-21 10:50:10.902219,short,424,2019-08-21 13:57:47.071810,True,3.1267137752777776,Trade,,2019-08-21,20725.1636382725,3.1267137752777776,True,14.51026613268629,9.284649044929541,-0.4397522039247266,0.0171568389323759,1.0,0.0,0.0,1.4174813941801558
XBTUSD,2019-08-21 13:57:47.071810,long,576,2019-08-21 15:55:59.877903,True,1.9702239147222225,Trade,,2019-08-21,20722.03692449722,1.9702239147222225,True,14.51026613268629,9.284649044929541,-0.4397522039247266,0.0171568389323759,1.0,0.0,0.0,1.0886373421351263
XBTUSD,2019-08-21 15:55:59.877903,short,424,2019-08-21 16:06:17.617398,True,0.1715943041666666,Trade,,2019-08-21,20720.0667005825,0.1715943041666666,True,14.51026613268629,9.284649044929541,-0.4397522039247266,0.0171568389323759,1.0,0.0,0.0,0.1583654743743273
XBTUSD,2019-08-21 16:06:17.617398,long,1741717,2019-08-21 16:11:03.109476,True,0.0793033549999999,Trade,,2019-08-21,20719.895106278334,0.0793033549999999,True,14.51026613268629,9.284649044929541,-0.4397522039247266,0.0171568389323759,1.0,0.0,0.0,0.07631579134057967
XBTUSD,2019-08-21 16:11:03.109476,short,2000424,2019-08-23 02:33:16.517808,True,34.370391203333334,Trade,,2019-08-21,20719.815802923335,34.370391203333334,True,14.51026613268629,9.284649044929541,-0.4397522039247266,0.0171568389323759,1.0,0.0,0.0,3.565875063470992
XBTUSD,2019-08-23 02:33:16.517808,long,2000576,2019-08-23 06:42:41.900976,True,4.15705088,Trade,,2019-08-23,20685.44541172,4.15705088,True,14.516388198943705,9.222240733435601,-0.41754401097101324,0.0256485850446877,1.0,0.0,0.0,1.640364881221431
XBTUSD,2019-08-23 06:42:41.900976,short,2000424,2019-08-25 03:28:17.965517,True,44.760017928055554,Trade,,2019-08-23,20681.28836084,44.760017928055554,True,14.516388198943705,9.222240733435601,-0.41754401097101324,0.0256485850446877,1.0,0.0,0.0,3.8234107388558964
XBTUSD,2019-08-25 03:28:17.965517,long,4000576,2019-08-26 23:45:18.895460,True,44.28359165083333,Trade,,2019-08-25,20636.528342911944,44.28359165083333,True,14.551924432885,9.224941963468588,-0.39862668385701744,0.0252496365130077,1.0,0.0,0.0,3.8129447516598205
XBTUSD,2019-08-26 23:45:18.895460,short,2000424,2019-08-27 02:26:29.263323,True,2.6862132952777777,Trade,,2019-08-26,20592.244751261114,2.6862132952777777,True,14.572779602265005,9.220326026797055,-0.3988903374693154,0.0268037122540587,1.0,0.0,0.0,1.3045997238994786
XBTUSD,2019-08-27 02:26:29.263323,long,4000576,2019-08-28 18:23:23.425759,True,39.948378454444445,Trade,,2019-08-27,20589.558537965833,39.948378454444445,True,14.632235789763133,9.245962644689591,-0.41655120550127905,0.0969623392482765,1.0,0.0,0.0,3.7123122113329847
XBTUSD,2019-08-28 18:23:23.425759,short,4000424,2019-08-29 07:21:11.372467,True,12.96331853,Trade,,2019-08-28,20549.610159511387,12.96331853,True,14.60406130799835,9.227022603707201,-0.4104030163553226,0.0669933818742962,1.0,0.0,0.0,2.6364337861327165
XBTUSD,2019-08-29 07:21:11.372467,long,4000576,2019-08-29 08:27:13.168801,True,1.1004989816666666,Trade,,2019-08-29,20536.64684098139,1.1004989816666666,True,14.551788489516241,9.182434600468751,-0.3811938027050532,0.0232152117908084,1.0,0.0,0.0,0.742174926821977
XBTUSD,2019-08-29 08:27:13.168801,short,2000424,2019-09-04 15:22:45.853114,True,150.92574564249998,Trade,,2019-08-29,20535.546341999725,150.92574564249998,True,14.551788489516241,9.182434600468751,-0.3811938027050532,0.0232152117908084,1.0,0.0,0.0,5.0233918859738305
XBTUSD,2019-09-04 15:22:45.853114,long,2000576,2019-09-05 10:26:07.173597,True,19.05592235638889,Trade,,2019-09-04,20384.620596357225,19.05592235638889,True,14.641416051199414,9.270379552417088,-0.37240833989900285,-0.0334708164016601,1.0,0.0,0.0,2.9985244895076972
XBTUSD,2019-09-05 10:26:07.173597,short,249704,2019-09-05 17:57:56.606852,True,7.530398126388889,Trade,,2019-09-05,20365.564674000834,7.530398126388889,True,14.644707977066963,9.26645990429203,-0.44842939370409857,-0.1028651731390625,1.0,0.0,0.0,2.1436360340825056
XBTUSD,2019-09-05 17:57:56.606852,long,2000576,2019-09-06 04:34:52.316976,True,10.615475034444444,Trade,,2019-09-05,20358.034275874445,10.615475034444444,True,14.644707977066963,9.26645990429203,-0.44842939370409857,-0.1028651731390625,1.0,0.0,0.0,2.4523382637454585
XBTUSD,2019-09-06 04:34:52.316976,short,2000424,2019-09-08 15:18:35.268741,True,58.7285977125,Trade,,2019-09-06,20347.41880084,58.7285977125,True,14.650082088123272,9.266738162688164,-0.46093756221761395,-0.0738226045871118,1.0,0.0,0.0,4.089810929363316
XBTUSD,2019-09-08 15:18:35.268741,long,8000576,2019-09-09 11:21:37.487753,True,20.050616392222224,Trade,,2019-09-08,20288.690203127502,20.050616392222224,True,14.597030190325706,9.258607253060022,-0.48875786073246136,-0.1209330937945684,1.0,0.0,0.0,3.0469298419905146
XBTUSD,2019-09-09 11:21:37.487753,short,4000424,2019-09-11 06:42:35.814138,True,43.34953510694445,Trade,,2019-09-09,20268.639586735277,43.34953510694445,True,14.592112885835007,9.250259462110682,-0.4885826638987761,-0.1223674904471291,1.0,0.0,0.0,3.7921022263318647
XBTUSD,2019-09-11 06:42:35.814138,long,2000576,2019-09-11 07:07:01.617942,True,0.4071677233333333,Trade,,2019-09-11,20225.290051628333,0.4071677233333333,True,14.515562735371132,9.218898836049195,-0.524660220415748,-0.1252574902331072,1.0,0.0,0.0,0.3415789773769461
XBTUSD,2019-09-11 07:07:01.617942,short,3733212,2019-09-19 23:04:43.337948,True,207.9615888905556,Trade,,2019-09-11,20224.882883905,168.0,True,14.515562735371132,9.218898836049195,-0.524660220415748,-0.1252574902331072,1.0,0.0,0.0,5.1298987149230735
XBTUSD,2019-09-19 23:04:43.337948,long,2000576,2019-09-23 07:30:24.509975,True,80.42810334083333,Trade,,2019-09-19,20016.921295014447,80.42810334083333,True,14.521228925676159,9.226343522398121,-0.7927068727180441,-0.0664525043974967,1.0,0.0,0.0,4.399720463310854
XBTUSD,2019-09-23 07:30:24.509975,short,2000424,2019-09-24 03:20:34.318940,True,19.836058045833333,Trade,,2019-09-23,19936.49319167361,19.836058045833333,True,14.49815402464995,9.215030702644704,-0.9516981249141524,-0.035253083847919,1.0,0.0,0.0,3.0366850457224768
XBTUSD,2019-09-24 03:20:34.318940,long,576,2019-09-24 19:45:00.887980,True,16.407380288888888,Trade,,2019-09-24,19916.657133627778,16.407380288888888,True,14.474494513823545,9.179132538766426,-0.927518867226136,-0.0447760130587322,1.0,0.0,0.0,2.856894270826221
XBTUSD,2019-09-25 00:11:51.126085,short,6557503,2019-10-10 10:55:25.803972,True,370.72629941305553,Trade,,2019-09-25,19895.80246497639,168.0,True,14.356407681234414,9.061105900097004,-0.5669856040001214,-0.147191387639745,1.0,0.0,0.0,5.1298987149230735
XBTUSD,2019-10-10 10:55:25.803972,long,4000497,2019-10-13 01:26:45.796533,True,62.52222015583333,Trade,,2019-10-10,19525.076165563332,62.52222015583333,True,14.448525123834633,9.059323500724691,-0.5689360138695406,-0.167833388766557,1.0,0.0,0.0,4.151389768403533
XBTUSD,2019-10-13 01:26:45.796533,short,2000503,2019-10-13 21:04:51.627490,True,19.634953043611112,Trade,,2019-10-13,19462.5539454075,19.634953043611112,True,14.418747294694636,9.026868170732872,-0.5809170459697485,-0.1998979015001937,1.0,0.0,0.0,3.026986387631862
XBTUSD,2019-10-13 21:04:51.627490,long,4000497,2019-10-17 16:09:29.390981,True,91.07715652527776,Trade,,2019-10-13,19442.918992363888,91.07715652527776,True,14.418747294694636,9.026868170732872,-0.5809170459697485,-0.1998979015001937,1.0,0.0,0.0,4.52262688345547
XBTUSD,2019-10-17 16:09:29.390981,short,6000503,2019-10-25 15:59:18.162368,True,191.83021427416665,Trade,,2019-10-17,19351.84183583861,168.0,True,14.389123258817468,8.98767869493496,-0.5717398349578366,-0.2197315054856333,1.0,0.0,0.0,5.1298987149230735
XBTUSD,2019-10-25 15:59:18.162368,long,2000497,2019-10-25 16:05:32.412455,True,0.1039583575,Trade,,2019-10-25,19160.011621564445,0.1039583575,True,14.459853306047021,8.916555869269892,-0.7384866668503086,-0.1345883859388543,1.0,0.0,0.0,0.09890222748770236
XBTUSD,2019-10-25 16:05:32.412455,short,2000503,2019-10-25 16:23:58.881673,True,0.3073525605555555,Trade,,2019-10-25,19159.90766320694,0.3073525605555555,True,14.459853306047021,8.916555869269892,-0.7384866668503086,-0.1345883859388543,1.0,0.0,0.0,0.26800414620510205
XBTUSD,2019-10-25 16:23:58.881673,long,2000497,2019-10-27 15:40:56.011308,True,47.28253600972222,Trade,,2019-10-25,19159.60031064639,47.28253600972222,True,14.459853306047021,8.916555869269892,-0.7384866668503086,-0.1345883859388543,1.0,0.0,0.0,3.8770699219774647
XBTUSD,2019-10-27 15:40:56.011308,short,4000503,2019-10-28 06:35:16.612710,True,14.905722611666668,Trade,,2019-10-27,19112.317774636667,14.905722611666668,True,14.483662862246534,9.132340641772805,-0.30844817171540345,0.1431036907466139,1.0,0.0,0.0,2.7666789571565906
XBTUSD,2019-10-28 06:35:16.612710,long,6000497,2019-11-02 19:44:34.840505,True,133.1550632763889,Trade,,2019-10-28,19097.412052025,133.1550632763889,True,14.558632334597286,9.165150105015439,-0.29992933186899967,0.1675110929033714,1.0,0.0,0.0,4.898996319553993
XBTUSD,2019-11-02 19:44:34.840505,short,4000512,2019-11-13 04:10:44.372264,True,248.43598104416668,Trade,,2019-11-02,18964.25698874861,168.0,True,14.50199736842682,9.13252814838007,-0.28830528545632367,0.1062896615373296,1.0,0.0,0.0,5.1298987149230735
XBTUSD,2019-11-13 04:10:44.372264,long,2000488,2019-11-14 04:45:10.834672,True,24.57401733555556,Trade,,2019-11-13,18715.821007704446,24.57401733555556,True,14.516483854669323,9.08125145611814,-0.3090429846401086,0.0600280358717024,1.0,0.0,0.0,3.241576888247336
XBTUSD,2019-11-14 04:45:10.834672,short,2000512,2019-11-15 03:56:54.309861,True,23.195409774722226,Trade,,2019-11-14,18691.246990368887,23.195409774722226,True,14.518795303621495,9.078719088845709,-0.30909776271101674,0.0503645384355442,1.0,0.0,0.0,3.186162936440869
XBTUSD,2019-11-15 03:56:54.309861,long,2000488,2019-11-16 06:02:19.896826,True,26.09044082361111,Trade,,2019-11-15,18668.051580594165,26.09044082361111,True,14.500118150759313,9.064786807907943,-0.3131122953665493,0.0593971627503191,1.0,0.0,0.0,3.299180928523157
XBTUSD,2019-11-16 06:02:19.896826,short,2000512,2019-11-18 00:37:23.454074,True,42.584321457777776,Trade,,2019-11-16,18641.961139770556,42.584321457777776,True,14.488730263758402,9.043798997228288,-0.31229122582740665,0.0577249228168068,1.0,0.0,0.0,3.774697486091298
XBTUSD,2019-11-18 00:37:23.454074,long,2000488,2019-11-19 00:37:39.350613,True,24.004415705277776,Trade,,2019-11-18,18599.376818312776,24.004415705277776,True,14.494903547832273,9.048428460942034,-0.31584646256826515,0.0685772662996244,1.0,0.0,0.0,3.219052437482386
XBTUSD,2019-11-19 00:37:39.350613,short,4000703,2019-11-21 08:46:32.377398,True,56.148062995833335,Trade,,2019-11-19,18575.3724026075,56.148062995833335,True,14.450804566931726,9.009879293970643,-0.2972300217969787,0.0295724660584002,1.0,0.0,0.0,4.045645496330178
XBTUSD,2019-11-21 08:46:32.377398,long,1999297,2019-11-21 12:59:34.443901,True,4.217240695277778,Trade,,2019-11-21,18519.22433961167,4.217240695277778,True,14.463712668203511,8.996720657124117,-0.3083761088317786,-0.0164522140683582,1.0,0.0,0.0,1.651968659697818
XBTUSD,2019-11-21 12:59:34.443901,short,4000703,2019-11-22 11:35:25.256742,True,22.59744801138889,Trade,,2019-11-21,18515.007098916387,22.59744801138889,True,14.463712668203511,8.996720657124117,-0.3083761088317786,-0.0164522140683582,1.0,0.0,0.0,3.1611385710739017
XBTUSD,2019-11-22 11:35:25.256742,long,297,2019-11-22 15:38:17.114839,True,4.047738360277778,Trade,,2019-11-22,18492.409650905,4.047738360277778,True,14.459305209689962,8.937517681774034,-0.27549633974949284,-0.0519264193030649,1.0,0.0,0.0,1.618940293522807
XBTUSD,2019-11-22 15:38:17.114839,short,4000703,2019-11-23 08:46:34.869088,True,17.138265069166668,Trade,,2019-11-22,18488.361912544722,17.138265069166668,True,14.459305209689962,8.937517681774034,-0.27549633974949284,-0.0519264193030649,1.0,0.0,0.0,2.898023798942557
XBTUSD,2019-11-23 08:46:34.869088,long,2000297,2019-11-23 10:47:55.025438,True,2.022265652777778,Trade,,2019-11-23,18471.223647475555,2.022265652777778,True,14.469713212731989,8.892546010994776,-0.31345926086860576,-0.0242036357886452,1.0,0.0,0.0,1.1060067662668909
XBTUSD,2019-11-23 10:47:55.025438,short,4000703,2019-11-25 02:06:17.033622,True,39.30611338444445,Trade,,2019-11-23,18469.201381822775,39.30611338444445,True,14.469713212731989,8.892546010994776,-0.31345926086860576,-0.0242036357886452,1.0,0.0,0.0,3.696503154332306
XBTUSD,2019-11-25 02:06:17.033622,long,2000297,2019-11-25 12:22:05.013114,True,10.263327636666666,Trade,,2019-11-25,18429.895268438333,10.263327636666666,True,14.511531634713572,8.84554406112524,-0.6561532826343249,-0.1979141465574011,1.0,0.0,0.0,2.421552106287023
XBTUSD,2019-11-25 12:22:05.013114,short,5292460,2019-11-25 12:44:29.399833,True,0.3734407552777778,Trade,,2019-11-25,18419.631940801668,0.3734407552777778,True,14.511531634713572,8.84554406112524,-0.6561532826343249,-0.1979141465574011,1.0,0.0,0.0,0.31731909149677096
XBTUSD,2019-11-25 12:44:29.399833,long,540,2019-11-25 13:10:21.288927,True,0.4310803038888889,Trade,,2019-11-25,18419.258500046388,0.4310803038888889,True,14.511531634713572,8.84554406112524,-0.6561532826343249,-0.1979141465574011,1.0,0.0,0.0,0.35842961632256937
XBTUSD,2019-11-25 13:10:21.288927,short,887436,2019-11-25 23:14:54.874705,True,10.075996049444443,Trade,,2019-11-25,18418.8274197425,10.075996049444443,True,14.511531634713572,8.84554406112524,-0.6561532826343249,-0.1979141465574011,1.0,0.0,0.0,2.404780248631552
XBTUSD,2019-11-25 23:14:54.874705,long,2000565,2019-11-27 11:41:05.243634,True,36.436213591388885,Trade,,2019-11-25,18408.751423693055,36.436213591388885,True,14.511531634713572,8.84554406112524,-0.6561532826343249,-0.1979141465574011,1.0,0.0,0.0,3.622638513786504
XBTUSD,2019-11-27 11:41:05.243634,short,6000435,2019-12-01 15:20:33.375063,True,99.65781428583334,Trade,,2019-11-27,18372.315210101668,99.65781428583334,True,14.567988695235988,8.8770244312468,-0.8151647523747434,-0.2503326272052564,1.0,0.0,0.0,4.6117267872820795
XBTUSD,2019-12-01 15:20:33.375063,long,2086615,2019-12-04 13:28:06.191777,True,70.12578242055555,Trade,,2019-12-01,18272.657395815833,70.12578242055555,True,14.685622187978266,8.93012286635729,-0.6780194802009752,-0.1746624952333614,1.0,0.0,0.0,4.264449893026488
XBTUSD,2019-12-04 13:28:06.191777,short,3751038,2019-12-05 14:12:48.617587,True,24.745118280555555,Trade,,2019-12-04,18202.531613395277,24.745118280555555,True,14.692248986402175,8.896512283140467,-0.6845013815072926,-0.2066522396344958,1.0,0.0,0.0,3.2482450277992836
XBTUSD,2019-12-05 14:12:48.617587,long,2500334,2019-12-06 08:36:44.216019,True,18.39877734222222,Trade,,2019-12-05,18177.786495114724,18.39877734222222,True,14.712583309495603,8.883920290999919,-0.7079190402448288,-0.2339409148980461,1.0,0.0,0.0,2.9652100404864195
XBTUSD,2019-12-06 08:36:44.216019,short,7500939,2019-12-18 15:25:54.199645,True,294.8194398961111,Trade,,2019-12-06,18159.3877177725,168.0,True,14.708330788672786,8.909787396338576,-0.6785653402555957,-0.2064885182734079,1.0,0.0,0.0,5.1298987149230735
XBTUSD,2019-12-18 15:25:54.199645,long,24600,2019-12-18 15:26:28.896431,True,0.0096379961111111,Trade,,2019-12-18,17864.56827787639,0.0096379961111111,True,14.719400410403606,8.796181882667758,-0.7025196158688465,-0.2229468899706306,1.0,0.0,0.0,0.009591846913508863
XBTUSD,2019-12-18 15:26:28.896431,short,2570709,2019-12-19 01:02:54.400134,True,9.607084361944445,Trade,,2019-12-18,17864.558639880277,9.607084361944445,True,14.719400410403606,8.796181882667758,-0.7025196158688465,-0.2229468899706306,1.0,0.0,0.0,2.3615221139134492
XBTUSD,2019-12-19 01:02:54.400134,long,5000531,2019-12-24 14:32:21.443204,True,133.49084529722222,Trade,,2019-12-19,17854.951555518335,133.49084529722222,True,14.814275506623519,8.893521308060762,-0.5013028371276996,-0.1098434972334316,1.0,0.0,0.0,4.9014961320207195
XBTUSD,2019-12-24 14:32:21.443204,short,2500522,2019-12-24 19:26:45.154882,True,4.906586577222222,Trade,,2019-12-24,17721.460710221112,4.906586577222222,True,14.820232227951136,8.898604475124317,-0.5399629512173112,-0.0004215049496808,1.0,0.0,0.0,1.7760680972558756
XBTUSD,2019-12-24 19:26:45.154882,long,2505254,2019-12-26 00:14:50.858042,True,28.801584211111116,Trade,,2019-12-24,17716.554123643888,28.801584211111116,True,14.820232227951136,8.898604475124317,-0.5399629512173112,-0.0004215049496808,1.0,0.0,0.0,3.394561553545021
XBTUSD,2019-12-26 00:14:50.858042,short,2500746,2019-12-27 16:43:10.173672,True,40.47203211944444,Trade,,2019-12-26,17687.75253943278,40.47203211944444,True,14.821880813371262,8.880609742763664,-0.6084991773366726,0.007302024572263,1.0,0.0,0.0,3.7250192752145703
XBTUSD,2019-12-27 16:43:10.173672,long,2500254,2020-01-02 03:55:58.175565,True,131.21333385916665,Trade,,2019-12-27,17647.280507313335,131.21333385916665,True,14.822385360214671,8.881091549732838,-0.6087579296381155,0.0040754004365133,1.0,0.0,0.0,4.8844167835959285
XBTUSD,2020-01-02 03:55:58.175565,short,4018196,2020-01-03 00:48:32.056067,True,20.876077917222226,Trade,,2020-01-02,17516.06717345417,20.876077917222226,True,14.813009784390468,8.877749056459711,-0.7173013814427577,-0.0201796045973742,0.0,1.0,0.0,3.0853937072455184
XBTUSD,2020-01-03 00:48:32.056067,long,2500804,2020-01-03 08:45:09.549927,True,7.943748294444444,Trade,,2020-01-03,17495.191095536946,7.943748294444444,True,14.811622500381752,8.846040038388779,-0.6932724423479569,-0.0492196825500889,0.0,1.0,0.0,2.1909547736245703
XBTUSD,2020-01-03 08:45:09.549927,short,2499196,2020-01-03 08:46:25.813622,True,0.0211843597222222,Trade,,2020-01-03,17487.247347242497,0.0211843597222222,True,14.811622500381752,8.846040038388779,-0.6932724423479569,-0.0492196825500889,0.0,1.0,0.0,0.020963090680580422
XBTUSD,2020-01-03 08:46:25.813622,long,804,2020-01-03 09:53:05.180758,True,1.1109353155555557,Trade,,2020-01-03,17487.22616288278,1.1109353155555557,True,14.811622500381752,8.846040038388779,-0.6932724423479569,-0.0492196825500889,0.0,1.0,0.0,0.7471311267840034
XBTUSD,2020-01-03 09:53:05.180758,short,2500196,2020-01-03 10:36:31.368179,True,0.7239409502777778,Trade,,2020-01-03,17486.11522756722,0.7239409502777778,True,14.811622500381752,8.846040038388779,-0.6932724423479569,-0.0492196825500889,0.0,1.0,0.0,0.5446129200758875
XBTUSD,2020-01-03 10:36:31.368179,long,5000804,2020-01-05 12:18:45.033956,True,49.70379604916666,Trade,,2020-01-03,17485.391286616945,49.70379604916666,True,14.811622500381752,8.846040038388779,-0.6932724423479569,-0.0492196825500889,0.0,1.0,0.0,3.9260007805589403
XBTUSD,2020-01-05 12:18:45.033956,short,3000196,2020-01-07 00:56:44.708031,True,36.63324279861111,Trade,,2020-01-05,17435.68749056778,36.63324279861111,True,14.890904955245155,8.901525117870177,-0.6466505546322573,-0.0082282396562136,0.0,1.0,0.0,3.6278877767789734
XBTUSD,2020-01-07 00:56:44.708031,long,1499804,2020-01-07 01:08:14.967103,True,0.191738631111111,Trade,,2020-01-07,17399.054247769167,0.191738631111111,True,14.956320791079442,8.957484464968932,-0.5872687008237695,0.0337771908971915,0.0,1.0,0.0,0.17541327539806378
XBTUSD,2020-01-07 01:08:14.967103,short,196,2020-01-07 01:40:26.483757,True,0.5365324038888889,Trade,,2020-01-07,17398.862509138056,0.5365324038888889,True,14.956320791079442,8.957484464968932,-0.5872687008237695,0.0337771908971915,0.0,1.0,0.0,0.4295281917828078
XBTUSD,2020-01-07 01:40:26.483757,long,804,2020-01-07 02:14:45.236912,True,0.5718758763888888,Trade,,2020-01-07,17398.325976734166,0.5718758763888888,True,14.956320791079442,8.957484464968932,-0.5872687008237695,0.0337771908971915,0.0,1.0,0.0,0.45226973184943864
XBTUSD,2020-01-07 02:14:45.236912,short,196,2020-01-07 13:35:19.364124,True,11.342813114444445,Trade,,2020-01-07,17397.75410085778,11.342813114444445,True,14.956320791079442,8.957484464968932,-0.5872687008237695,0.0337771908971915,0.0,1.0,0.0,2.5130739596315648
XBTUSD,2020-01-07 13:35:19.364124,long,4500804,2020-01-07 18:50:11.125973,True,5.247711624722222,Trade,,2020-01-07,17386.411287743333,5.247711624722222,True,14.956320791079442,8.957484464968932,-0.5872687008237695,0.0337771908971915,0.0,1.0,0.0,1.8322152566582337
XBTUSD,2020-01-07 18:50:11.125973,short,6000196,2020-01-08 19:50:19.348100,True,25.002283924166665,Trade,,2020-01-07,17381.16357611861,25.002283924166665,True,14.956320791079442,8.957484464968932,-0.5872687008237695,0.0337771908971915,0.0,1.0,0.0,3.2581843774006702
XBTUSD,2020-01-08 19:50:19.348100,long,4500408,2020-01-08 20:54:06.230210,True,1.0630228083333333,Trade,,2020-01-08,17356.161292194443,1.0630228083333333,True,14.998743418884038,9.004064611455272,-0.5480880009941413,0.0806417039775448,0.0,1.0,0.0,0.7241722899336377
XBTUSD,2020-01-08 20:54:06.230210,short,1514846,2020-01-08 21:14:32.216262,True,0.3405516811111111,Trade,,2020-01-08,17355.09826938611,0.3405516811111111,True,14.998743418884038,9.004064611455272,-0.5480880009941413,0.0806417039775448,0.0,1.0,0.0,0.2930812315583977
XBTUSD,2020-01-08 21:14:32.216262,long,408,2020-01-08 21:25:43.883562,True,0.18657425,Trade,,2020-01-08,17354.757717705,0.18657425,True,14.998743418884038,9.004064611455272,-0.5480880009941413,0.0806417039775448,0.0,1.0,0.0,0.17107037394960284
XBTUSD,2020-01-08 21:25:43.883562,short,6000592,2020-01-09 16:11:57.563530,True,18.770466657777774,Trade,,2020-01-08,17354.571143455,18.770466657777774,True,14.998743418884038,9.004064611455272,-0.5480880009941413,0.0806417039775448,0.0,1.0,0.0,2.984189241242732
XBTUSD,2020-01-09 16:11:57.563530,long,6000355,2020-01-10 12:49:16.488077,True,20.62192348527778,Trade,,2020-01-09,17335.800676797222,20.62192348527778,True,15.001191100372314,8.994631555509507,-0.560411471083601,0.0980176804865837,0.0,1.0,0.0,3.0737077761203437
XBTUSD,2020-01-10 12:49:16.488077,short,6000645,2020-01-10 14:02:36.394247,True,1.2221961583333334,Trade,,2020-01-10,17315.178753311946,1.2221961583333334,True,14.996325249192168,8.964073537972878,-0.5451414275254068,0.0808955869147742,0.0,1.0,0.0,0.7984959673989893
XBTUSD,2020-01-10 14:02:36.394247,long,1500355,2020-01-10 14:37:24.716603,True,0.5800895433333334,Trade,,2020-01-10,17313.95655715361,0.5800895433333334,True,14.996325249192168,8.964073537972878,-0.5451414275254068,0.0808955869147742,0.0,1.0,0.0,0.4574815184288025
XBTUSD,2020-01-10 14:37:24.716603,short,7960840,2020-01-10 16:58:36.550451,True,2.35328718,Trade,,2020-01-10,17313.376467610276,2.35328718,True,14.996325249192168,8.964073537972878,-0.5451414275254068,0.0808955869147742,0.0,1.0,0.0,1.2099411124892836
XBTUSD,2020-01-10 16:58:36.550451,long,3000355,2020-01-14 04:03:04.066391,True,83.07430998333334,Trade,,2020-01-10,17311.02318043028,83.07430998333334,True,14.996325249192168,8.964073537972878,-0.5451414275254068,0.0808955869147742,0.0,1.0,0.0,4.431701050436345
XBTUSD,2020-01-14 04:03:04.066391,short,645,2020-01-14 12:46:01.095269,True,8.715841355,Trade,,2020-01-14,17227.948870446944,8.715841355,True,14.993923931105803,9.002322556224712,-0.5289317234729878,0.1486073628788593,0.0,1.0,0.0,2.2737576827851287
XBTUSD,2020-01-14 12:46:01.095269,long,1215038,2020-01-14 16:11:08.288444,True,3.4186647708333333,Trade,,2020-01-14,17219.233029091945,3.4186647708333333,True,14.993923931105803,9.002322556224712,-0.5289317234729878,0.1486073628788593,0.0,1.0,0.0,1.4858375624050641
XBTUSD,2020-01-14 16:11:08.288444,short,645,2020-01-14 18:11:36.464213,True,2.0078266025,Trade,,2020-01-14,17215.81436432111,2.0078266025,True,14.993923931105803,9.002322556224712,-0.5289317234729878,0.1486073628788593,0.0,1.0,0.0,1.101217758980552
XBTUSD,2020-01-14 18:11:36.464213,long,355,2020-01-14 18:12:14.933212,True,0.0106858330555555,Trade,,2020-01-14,17213.80653771861,0.0106858330555555,True,14.993923931105803,9.002322556224712,-0.5289317234729878,0.1486073628788593,0.0,1.0,0.0,0.010629143037300254
XBTUSD,2020-01-14 18:12:14.933212,short,645,2020-01-14 18:37:14.670642,True,0.4165937305555555,Trade,,2020-01-14,17213.795851885556,0.4165937305555555,True,14.993923931105803,9.002322556224712,-0.5289317234729878,0.1486073628788593,0.0,1.0,0.0,0.34825520862912746
XBTUSD,2020-01-14 18:37:14.670642,long,1336040,2020-01-16 02:21:18.396520,True,31.734368299444444,Trade,,2020-01-14,17213.379258155,31.734368299444444,True,14.993923931105803,9.002322556224712,-0.5289317234729878,0.1486073628788593,0.0,1.0,0.0,3.4884255443017693
XBTUSD,2020-01-16 02:21:18.396520,short,1500645,2020-01-17 03:32:45.911152,True,25.190976286666668,Trade,,2020-01-16,17181.644889855554,25.190976286666668,True,15.082726861632095,9.08380708709109,-0.4534220538074979,0.2802879207411033,0.0,1.0,0.0,3.2654149349026125
XBTUSD,2020-01-17 03:32:45.911152,long,1500355,2020-01-17 06:15:50.111073,True,2.7178333113888886,Trade,,2020-01-17,17156.45391356889,2.7178333113888886,True,15.07063090421528,9.073223931943302,-0.48651867561427353,0.3192218421914343,0.0,1.0,0.0,1.3131410554241076
XBTUSD,2020-01-17 06:15:50.111073,short,6000273,2020-01-24 06:51:29.787785,True,168.59435464222224,Trade,,2020-01-17,17153.7360802575,168.0,True,15.07063090421528,9.073223931943302,-0.48651867561427353,0.3192218421914343,0.0,1.0,0.0,5.1298987149230735
XBTUSD,2020-01-24 06:51:29.787785,long,3000727,2020-01-24 12:14:18.790522,True,5.380278538055555,Trade,,2020-01-24,16985.141725615278,5.380278538055555,True,15.087910194190652,9.031977124405644,-0.6465802421309407,0.1562760496786392,0.0,1.0,0.0,1.8532117544061537
XBTUSD,2020-01-24 12:14:18.790522,short,3000273,2020-01-28 06:37:14.689461,True,90.3821941497222,Trade,,2020-01-24,16979.76144707722,90.3821941497222,True,15.087910194190652,9.031977124405644,-0.6465802421309407,0.1562760496786392,0.0,1.0,0.0,4.515050647115433
XBTUSD,2020-01-28 06:37:14.689461,long,4500727,2020-01-29 14:43:39.140976,True,32.1067920875,Trade,,2020-01-28,16889.3792529275,32.1067920875,True,15.114774825052894,9.094026675858606,-0.6129628028152103,0.2183377385825544,0.0,1.0,0.0,3.4997384603507053
XBTUSD,2020-01-29 14:43:39.140976,short,7500749,2020-02-06 11:57:03.601498,True,189.2234612561111,Trade,,2020-01-29,16857.272460840002,168.0,True,15.19448424360504,9.13748881364324,-0.585808257846522,0.25783529062759,0.0,1.0,0.0,5.1298987149230735
XBTUSD,2020-02-06 11:57:03.601498,long,3000251,2020-02-06 12:07:00.297205,True,0.1657488074999999,Trade,,2020-02-06,16668.048999583887,0.1657488074999999,True,15.269445885872537,9.172445004853374,-0.6682217989804115,0.2398129728376143,0.0,1.0,0.0,0.15336363375916898
XBTUSD,2020-02-06 12:07:00.297205,short,7500749,2020-02-10 07:14:44.179725,True,91.12885625555556,Trade,,2020-02-06,16667.883250776387,91.12885625555556,True,15.269445885872537,9.172445004853374,-0.6682217989804115,0.2398129728376143,0.0,1.0,0.0,4.523188208581125
XBTUSD,2020-02-10 07:14:44.179725,long,6000251,2020-02-11 15:16:41.627626,True,32.032624416944444,Trade,,2020-02-10,16576.754394520834,32.032624416944444,True,15.25794443205042,9.225335698252515,-0.7735208555231967,0.2486236841545481,0.0,1.0,0.0,3.4974956918001463
XBTUSD,2020-02-11 15:16:41.627626,short,1500561,2020-02-11 15:40:04.794878,True,0.3897686811111111,Trade,,2020-02-11,16544.72177010389,0.3897686811111111,True,15.279936131401055,9.19749440198232,-0.7489105532647391,0.2291278783565091,0.0,1.0,0.0,0.3291373168270172
XBTUSD,2020-02-11 15:40:04.794878,long,4500439,2020-02-12 13:31:54.286596,True,21.86374769944445,Trade,,2020-02-11,16544.33200142278,21.86374769944445,True,15.279936131401055,9.19749440198232,-0.7489105532647391,0.2291278783565091,0.0,1.0,0.0,3.1295525862877738
XBTUSD,2020-02-12 13:31:54.286596,short,6000561,2020-02-15 16:06:26.178933,True,74.57552564916666,Trade,,2020-02-12,16522.468253723335,74.57552564916666,True,15.2987959855897,9.237198691960005,-0.7223471289724541,0.2581492629082023,0.0,1.0,0.0,4.3251324959726825
XBTUSD,2020-02-15 16:06:26.178933,long,439,2020-02-15 16:17:34.463184,True,0.1856345141666666,Trade,,2020-02-15,16447.892728074166,0.1856345141666666,True,15.305501465326971,9.245863458304507,-0.906420327000031,0.17592652785792,0.0,1.0,0.0,0.17027808627519062
XBTUSD,2020-02-15 16:17:34.463184,short,561,2020-02-15 16:29:45.188019,True,0.2029791208333333,Trade,,2020-02-15,16447.70709356,0.2029791208333333,True,15.305501465326971,9.245863458304507,-0.906420327000031,0.17592652785792,0.0,1.0,0.0,0.18480108092616002
XBTUSD,2020-02-15 16:29:45.188019,long,439,2020-02-15 16:31:31.868884,True,0.0296335736111111,Trade,,2020-02-15,16447.504114439165,0.0296335736111111,True,15.305501465326971,9.245863458304507,-0.906420327000031,0.17592652785792,0.0,1.0,0.0,0.029202985170537515
XBTUSD,2020-02-15 16:31:31.868884,short,12000241,2020-02-18 05:21:08.909308,True,60.82695567333334,Trade,,2020-02-15,16447.474480865556,60.82695567333334,True,15.305501465326971,9.245863458304507,-0.906420327000031,0.17592652785792,0.0,1.0,0.0,4.124339445310475
XBTUSD,2020-02-18 05:21:08.909308,long,759,2020-02-18 09:06:00.262093,True,3.747597995833333,Trade,,2020-02-18,16386.64752519222,3.747597995833333,True,15.189100353363122,9.178135273031515,-0.8088232003971709,0.0845523731777113,0.0,1.0,0.0,1.557638805057006
XBTUSD,2020-02-18 09:06:00.262093,short,12000874,2020-03-09 15:10:59.434891,True,486.083103555,Trade,,2020-02-18,16382.89992719639,168.0,True,15.189100353363122,9.178135273031515,-0.8088232003971709,0.0845523731777113,0.0,1.0,0.0,5.1298987149230735
XBTUSD,2020-03-09 15:10:59.434891,long,3000126,2020-03-09 20:36:26.109934,True,5.424076400833333,Trade,,2020-03-09,15896.81682364139,5.424076400833333,True,15.029631508070176,9.000805617144605,-0.4771005317984238,-0.1725119039676949,0.0,1.0,0.0,1.8600528696050798
XBTUSD,2020-03-09 20:36:26.109934,short,6000874,2020-03-11 19:05:22.319171,True,46.48228034361111,Trade,,2020-03-09,15891.392747240556,46.48228034361111,True,15.029631508070176,9.000805617144605,-0.4771005317984238,-0.1725119039676949,0.0,1.0,0.0,3.860356596044191
XBTUSD,2020-03-11 19:05:22.319171,long,3000126,2020-03-12 10:48:12.744702,True,15.714007091944444,Trade,,2020-03-11,15844.910466896945,15.714007091944444,True,15.040957324580239,8.975873942572587,-0.4914316371340713,-0.2207799189983965,0.0,1.0,0.0,2.8162471158907763
XBTUSD,2020-03-12 10:55:54.033785,short,32361,2020-03-12 10:57:46.030114,True,0.0311100913888888,Trade,,2020-03-12,15829.068323948612,0.0311100913888888,True,15.088324203633842,8.979585595482188,-0.49598919914963124,-0.1958012239763246,0.0,1.0,0.0,0.030635980506659343
XBTUSD,2020-03-12 10:57:46.030114,long,5967639,2020-03-12 11:05:47.552268,True,0.1337561538888889,Trade,,2020-03-12,15829.037213857222,0.1337561538888889,True,15.088324203633842,8.979585595482188,-0.49598919914963124,-0.1958012239763246,0.0,1.0,0.0,0.12553615033888524
XBTUSD,2020-03-12 11:05:47.552268,short,193427,2020-03-12 11:27:48.139595,True,0.3668298130555555,Trade,,2020-03-12,15828.903457703334,0.3668298130555555,True,15.088324203633842,8.979585595482188,-0.49598919914963124,-0.1958012239763246,0.0,1.0,0.0,0.3124940533239796
XBTUSD,2020-03-12 11:27:48.139595,long,3006573,2020-03-12 11:51:14.136881,True,0.3905548016666667,Trade,,2020-03-12,15828.536627890277,0.3905548016666667,True,15.088324203633842,8.979585595482188,-0.49598919914963124,-0.1958012239763246,0.0,1.0,0.0,0.3297028053979505
XBTUSD,2020-03-12 11:51:14.136881,short,260866,2020-03-12 11:51:31.873192,True,0.0049267530555555,Trade,,2020-03-12,15828.14607308861,0.0049267530555555,True,15.088324203633842,8.979585595482188,-0.49598919914963124,-0.1958012239763246,0.0,1.0,0.0,0.004914656323192728
XBTUSD,2020-03-12 12:19:33.454101,short,1500000,2020-03-12 12:26:09.260600,True,0.1099462497222222,Trade,,2020-03-12,15827.6740405275,0.1099462497222222,True,15.088324203633842,8.979585595482188,-0.49598919914963124,-0.1958012239763246,0.0,1.0,0.0,0.10431159047810512
XBTUSD,2020-03-12 12:33:52.603063,long,51956,2020-03-12 12:37:42.147796,True,0.0637624258333333,Trade,,2020-03-12,15827.435388038055,0.0637624258333333,True,15.088324203633842,8.979585595482188,-0.49598919914963124,-0.1958012239763246,0.0,1.0,0.0,0.061812081996642884
XBTUSD,2020-03-12 12:51:43.293931,long,1500000,2020-03-12 13:01:47.202062,True,0.1677522586111111,Trade,,2020-03-12,15827.137973908055,0.1677522586111111,True,15.088324203633842,8.979585595482188,-0.49598919914963124,-0.1958012239763246,0.0,1.0,0.0,0.15508075455458845
XBTUSD,2020-03-12 14:35:03.422929,short,4500573,2020-03-12 20:45:57.527596,True,6.181695740833333,Trade,,2020-03-12,15825.415715853056,6.181695740833333,True,15.088324203633842,8.979585595482188,-0.49598919914963124,-0.1958012239763246,0.0,1.0,0.0,1.9715355307785936
XBTUSD,2020-03-12 20:45:57.527596,long,3000427,2020-03-12 22:05:52.182128,True,1.331848481111111,Trade,,2020-03-12,15819.234020112222,1.331848481111111,True,15.088324203633842,8.979585595482188,-0.49598919914963124,-0.1958012239763246,0.0,1.0,0.0,0.8466612925828083
XBTUSD,2020-03-12 22:05:52.182128,short,3000573,2020-03-12 23:26:33.608606,True,1.3448406883333337,Trade,,2020-03-12,15817.902171631113,1.3448406883333337,True,15.088324203633842,8.979585595482188,-0.49598919914963124,-0.1958012239763246,0.0,1.0,0.0,0.8522174628455904
XBTUSD,2020-03-12 23:26:33.608606,long,3937383,2020-03-13 00:31:48.180387,True,1.087381050277778,Trade,,2020-03-12,15816.557330942776,1.087381050277778,True,15.088324203633842,8.979585595482188,-0.49598919914963124,-0.1958012239763246,0.0,1.0,0.0,0.7359101942164824
XBTUSD,2020-03-13 00:31:48.180387,short,1200483,2020-03-13 00:48:31.772645,True,0.2787756272222222,Trade,,2020-03-13,15815.4699498925,0.2787756272222222,True,14.783632748758803,8.509022585616762,0.5384258588132794,-0.517211257115749,0.0,1.0,0.0,0.24590307892137672
XBTUSD,2020-03-13 00:48:31.772645,long,480,2020-03-13 01:02:07.839889,True,0.2266853455555555,Trade,,2020-03-13,15815.19117426528,0.2266853455555555,True,14.783632748758803,8.509022585616762,0.5384258588132794,-0.517211257115749,0.0,1.0,0.0,0.20431569075186728
XBTUSD,2020-03-13 01:02:07.839889,short,2399520,2020-03-13 02:01:05.275130,True,0.9826209002777778,Trade,,2020-03-13,15814.964488919722,0.9826209002777778,True,14.783632748758803,8.509022585616762,0.5384258588132794,-0.517211257115749,0.0,1.0,0.0,0.6844196564141052
XBTUSD,2020-03-13 02:01:05.275130,long,480,2020-03-13 03:13:43.705932,True,1.2106752227777775,Trade,,2020-03-13,15813.981868019444,1.2106752227777775,True,14.783632748758803,8.509022585616762,0.5384258588132794,-0.517211257115749,0.0,1.0,0.0,0.7932979995333491
XBTUSD,2020-03-13 03:13:43.705932,short,2225259,2020-03-13 03:47:56.221922,True,0.5701433305555555,Trade,,2020-03-13,15812.771192796667,0.5701433305555555,True,14.783632748758803,8.509022585616762,0.5384258588132794,-0.517211257115749,0.0,1.0,0.0,0.4511669085407203
XBTUSD,2020-03-13 03:47:56.221922,long,2125952,2020-03-13 05:07:58.253506,True,1.3338976622222225,Trade,,2020-03-13,15812.20104946611,1.3338976622222225,True,14.783632748758803,8.509022585616762,0.5384258588132794,-0.517211257115749,0.0,1.0,0.0,0.8475396863830357
XBTUSD,2020-03-13 05:07:58.253506,short,3029110,2020-03-13 05:31:46.259437,True,0.3966683141666666,Trade,,2020-03-13,15810.86715180389,0.3966683141666666,True,14.783632748758803,8.509022585616762,0.5384258588132794,-0.517211257115749,0.0,1.0,0.0,0.33408962485951293
XBTUSD,2020-03-13 05:31:46.259437,long,600890,2020-03-13 05:41:38.569212,True,0.1645304930555555,Trade,,2020-03-13,15810.470483489722,0.1645304930555555,True,14.783632748758803,8.509022585616762,0.5384258588132794,-0.517211257115749,0.0,1.0,0.0,0.1523179955344647
XBTUSD,2020-03-13 05:41:38.569212,short,4009670,2020-03-13 15:33:33.768427,True,9.865333115277778,Trade,,2020-03-13,15810.305952996667,9.865333115277778,True,14.783632748758803,8.509022585616762,0.5384258588132794,-0.517211257115749,0.0,1.0,0.0,2.385577272720939
XBTUSD,2020-03-13 15:33:33.768427,long,499523,2020-03-13 15:34:31.896811,True,0.0161467733333333,Trade,,2020-03-13,15800.440619881389,0.0161467733333333,True,14.783632748758803,8.509022585616762,0.5384258588132794,-0.517211257115749,0.0,1.0,0.0,0.016017800664925783
XBTUSD,2020-03-13 15:34:31.896811,short,4621994,2020-03-15 22:07:19.363455,True,54.54651851222222,Trade,,2020-03-13,15800.424473108054,54.54651851222222,True,14.783632748758803,8.509022585616762,0.5384258588132794,-0.517211257115749,0.0,1.0,0.0,4.0172208410742964
XBTUSD,2020-03-15 22:07:19.363455,long,999912,2020-03-15 22:09:34.258943,True,0.0374709688888888,Trade,,2020-03-15,15745.877954595833,0.0374709688888888,True,14.951901647614584,8.54581417665242,0.5907066788353302,-0.4973207120030025,0.0,1.0,0.0,0.0367859909373765
XBTUSD,2020-03-15 22:09:34.258943,short,88,2020-03-15 22:17:39.638377,True,0.1348276205555555,Trade,,2020-03-15,15745.840483626946,0.1348276205555555,True,14.951901647614584,8.54581417665242,0.5907066788353302,-0.4973207120030025,0.0,1.0,0.0,0.1264807632365076
XBTUSD,2020-03-15 22:17:39.638377,long,999912,2020-03-15 22:27:51.508781,True,0.1699640011111111,Trade,,2020-03-15,15745.705656006388,0.1699640011111111,True,14.951901647614584,8.54581417665242,0.5907066788353302,-0.4973207120030025,0.0,1.0,0.0,0.15697298005520985
XBTUSD,2020-03-15 22:27:51.508781,short,3000933,2020-03-16 10:04:36.674235,True,11.612545959444445,Trade,,2020-03-15,15745.535692005278,11.612545959444445,True,14.951901647614584,8.54581417665242,0.5907066788353302,-0.4973207120030025,0.0,1.0,0.0,2.5346920296330047
XBTUSD,2020-03-16 10:04:36.674235,long,999375,2020-03-16 11:28:14.396182,True,1.3938116519444443,Trade,,2020-03-16,15733.923146045832,1.3938116519444443,True,14.854614005795074,8.586460015867537,0.5960413750736728,-0.4828402419486907,0.0,1.0,0.0,0.872886928996646
XBTUSD,2020-03-16 11:28:14.396182,short,4043450,2020-03-19 14:01:20.193242,True,74.55161029444444,Trade,,2020-03-16,15732.529334393888,74.55161029444444,True,14.854614005795074,8.586460015867537,0.5960413750736728,-0.4828402419486907,0.0,1.0,0.0,4.324816002779418
XBTUSD,2020-03-19 14:01:20.193242,long,1000471,2020-03-19 15:51:10.927172,True,1.830759425,Trade,,2020-03-19,15657.977724099444,1.830759425,True,14.941404359873982,8.592762122524817,0.6162674419418634,-0.4431019837411966,0.0,1.0,0.0,1.0405450237127838
XBTUSD,2020-03-19 15:51:10.927172,short,3000529,2020-03-19 18:08:44.652009,True,2.292701343611111,Trade,,2020-03-19,15656.146964674444,2.292701343611111,True,14.941404359873982,8.592762122524817,0.6162674419418634,-0.4431019837411966,0.0,1.0,0.0,1.1917083049633355
XBTUSD,2020-03-19 18:08:44.652009,long,1000471,2020-03-19 18:15:06.823063,True,0.1061586261111111,Trade,,2020-03-19,15653.854263330833,0.1061586261111111,True,14.941404359873982,8.592762122524817,0.6162674419418634,-0.4431019837411966,0.0,1.0,0.0,0.10089331606294838
XBTUSD,2020-03-19 18:15:06.823063,short,1000529,2020-03-19 19:01:31.683533,True,0.7735723527777778,Trade,,2020-03-19,15653.748104704722,0.7735723527777778,True,14.941404359873982,8.592762122524817,0.6162674419418634,-0.4431019837411966,0.0,1.0,0.0,0.5729957910037098
XBTUSD,2020-03-19 19:01:31.683533,long,1000471,2020-03-19 19:07:53.687419,True,0.1061121905555555,Trade,,2020-03-19,15652.974532351946,0.1061121905555555,True,14.941404359873982,8.592762122524817,0.6162674419418634,-0.4431019837411966,0.0,1.0,0.0,0.1008513360709758
XBTUSD,2020-03-19 19:07:53.687419,short,8346450,2020-03-20 18:41:06.476215,True,23.55355244333333,Trade,,2020-03-19,15652.86842016139,23.55355244333333,True,14.941404359873982,8.592762122524817,0.6162674419418634,-0.4431019837411966,0.0,1.0,0.0,3.2008565461482537
XBTUSD,2020-03-20 18:41:06.476215,long,3005607,2020-03-20 21:04:23.936208,True,2.388183331388889,Trade,,2020-03-20,15629.314867718056,2.388183331388889,True,15.046681751329132,8.732877250905677,0.6519692769697979,-0.3915285155226895,0.0,1.0,0.0,1.2202938873059992
XBTUSD,2020-03-20 21:04:23.936208,short,3016462,2020-03-21 08:27:34.975176,True,11.386399713333333,Trade,,2020-03-20,15626.926684386666,11.386399713333333,True,15.046681751329132,8.732877250905677,0.6519692769697979,-0.3915285155226895,0.0,1.0,0.0,2.5165990733768266
XBTUSD,2020-03-21 08:27:34.975176,long,1000538,2020-03-21 15:01:19.042938,True,6.562241045,Trade,,2020-03-21,15615.540284673334,6.562241045,True,14.920957728411244,8.728126415335508,0.6493342378911953,-0.3592623491903156,0.0,1.0,0.0,2.0231675807872187
XBTUSD,2020-03-21 15:01:19.042938,short,3000462,2020-03-21 17:57:23.210970,True,2.93449112,Trade,,2020-03-21,15608.978043628333,2.93449112,True,14.920957728411244,8.728126415335508,0.6493342378911953,-0.3592623491903156,0.0,1.0,0.0,1.3697815520326722
XBTUSD,2020-03-21 17:57:23.210970,long,1638715,2020-03-21 19:32:31.122338,True,1.5855309355555556,Trade,,2020-03-21,15606.043552508334,1.5855309355555556,True,14.920957728411244,8.728126415335508,0.6493342378911953,-0.3592623491903156,0.0,1.0,0.0,0.9499308778011454
XBTUSD,2020-03-21 19:32:31.122338,short,7149164,2020-03-22 20:02:01.912883,True,24.4918862625,Trade,,2020-03-21,15604.458021572778,24.4918862625,True,14.920957728411244,8.728126415335508,0.6493342378911953,-0.3592623491903156,0.0,1.0,0.0,3.2383602157482296
XBTUSD,2020-03-22 20:02:01.912883,long,991755,2020-03-22 21:14:52.522469,True,1.2140582183333333,Trade,,2020-03-22,15579.966135310278,1.2140582183333333,True,14.997049730117393,8.728398730936728,0.6494552464627061,-0.3576230838103615,0.0,1.0,0.0,0.7948271294842344
XBTUSD,2020-03-22 21:14:52.522469,short,441022,2020-03-22 21:22:29.329731,True,0.1268909061111111,Trade,,2020-03-22,15578.752077091945,0.1268909061111111,True,14.997049730117393,8.728398730936728,0.6494552464627061,-0.3576230838103615,0.0,1.0,0.0,0.11946243011585762
XBTUSD,2020-03-22 21:22:29.329731,long,1000734,2020-03-22 21:35:04.709593,True,0.2098277394444444,Trade,,2020-03-22,15578.625186185833,0.2098277394444444,True,14.997049730117393,8.728398730936728,0.6494552464627061,-0.3576230838103615,0.0,1.0,0.0,0.19047798537841948
XBTUSD,2020-03-22 21:35:04.709593,short,6001333,2020-03-22 22:05:46.255897,True,0.51154064,Trade,,2020-03-22,15578.41535844639,0.51154064,True,14.997049730117393,8.728398730936728,0.6494552464627061,-0.3576230838103615,0.0,1.0,0.0,0.413129422074069
XBTUSD,2020-03-22 22:05:46.255897,long,3002431,2020-03-23 13:26:19.409652,True,15.342542709722222,Trade,,2020-03-22,15577.90381780639,15.342542709722222,True,14.997049730117393,8.728398730936728,0.6494552464627061,-0.3576230838103615,0.0,1.0,0.0,2.793771689915573
XBTUSD,2020-03-23 13:26:19.409652,short,8006315,2020-03-30 17:57:19.905126,True,172.51680429833334,Trade,,2020-03-23,15562.561275096667,168.0,True,15.013242773531745,8.670868497631803,0.6513636302818973,-0.3990226060699733,0.0,1.0,0.0,5.1298987149230735
XBTUSD,2020-03-30 17:57:19.905126,long,685,2020-03-31 00:41:13.940840,True,6.731676587222223,Trade,,2020-03-30,15390.044470798333,6.731676587222223,True,15.112471891583155,8.683530610947129,0.6787622646536263,-0.3252048991611079,0.0,1.0,0.0,2.0453257326417655
XBTUSD,2020-03-31 00:41:13.940840,short,10000831,2020-04-16 10:37:56.667900,True,393.9452019611111,Trade,,2020-03-31,15383.312794211111,168.0,True,15.19115351883818,8.769803222291019,0.693857104623386,-0.2499606185175706,0.0,1.0,0.0,5.1298987149230735
XBTUSD,2020-04-16 10:37:56.667900,long,3000768,2020-04-20 10:32:09.237136,True,95.90349145444443,Trade,,2020-04-16,14989.367592249999,95.90349145444443,True,15.101064143089442,8.79867746338562,-0.0829777442264202,0.3216779862494481,0.0,1.0,0.0,4.573715549769215
XBTUSD,2020-04-20 10:32:09.237136,short,6000232,2020-04-21 17:55:39.990883,True,31.39187604083333,Trade,,2020-04-20,14893.464100795556,31.39187604083333,True,15.153812737456324,8.874901791112974,-0.2339046538721837,0.1580937978922809,0.0,1.0,0.0,3.4779076518774317
XBTUSD,2020-04-21 17:55:39.990883,long,209572,2020-04-22 17:51:57.229502,True,23.93812183861111,Trade,,2020-04-21,14862.072224754722,23.93812183861111,True,15.14937381492901,8.832481687884172,-0.21269594097646305,0.1096925078003663,0.0,1.0,0.0,3.216397630223343
XBTUSD,2020-04-22 17:51:57.229502,short,6000428,2020-04-25 21:19:29.975719,True,75.4590961713889,Trade,,2020-04-22,14838.13410291611,75.4590961713889,True,15.14460375626836,8.834981057063667,-0.25111394411354515,0.1783469416906895,0.0,1.0,0.0,4.336755907264432
XBTUSD,2020-04-25 21:19:29.975719,long,6001572,2020-04-26 15:10:38.777874,True,17.852445043055553,Trade,,2020-04-25,14762.675006744723,17.852445043055553,True,15.228236695746515,8.923517039565818,-0.3566621752244445,0.1220445568663119,0.0,1.0,0.0,2.9366426159892653
XBTUSD,2020-04-26 15:10:38.777874,short,4009826,2020-04-26 18:45:51.591455,True,3.586892661388889,Trade,,2020-04-26,14744.822561701667,3.586892661388889,True,15.22835784139113,8.927677443735735,-0.35709908638422766,0.1159645381104585,0.0,1.0,0.0,1.5232028147283934
XBTUSD,2020-04-26 18:45:51.591455,long,6000426,2020-04-28 11:53:12.332217,True,41.122427989444446,Trade,,2020-04-26,14741.235669040278,41.122427989444446,True,15.22835784139113,8.927677443735735,-0.35709908638422766,0.1159645381104585,0.0,1.0,0.0,3.740580330178095
XBTUSD,2020-04-28 11:53:12.332217,short,3639889,2020-04-29 06:39:21.859349,True,18.769313092222223,Trade,,2020-04-28,14700.113241050833,18.769313092222223,True,15.264227570473663,8.958989138264688,-0.41082092073764287,0.2480289314469508,0.0,1.0,0.0,2.9841308916230243
XBTUSD,2020-04-29 06:39:21.859349,long,6007795,2020-04-29 13:10:09.628119,True,6.513269102777778,Trade,,2020-04-29,14681.343927958611,6.513269102777778,True,15.263249996973125,8.958012534452372,-0.46805235713030846,0.315848787920399,0.0,1.0,0.0,2.0166706710309064
XBTUSD,2020-04-29 13:10:09.628119,short,8000322,2020-04-30 12:25:24.123511,True,23.254026497777776,Trade,,2020-04-29,14674.830658855833,23.254026497777776,True,15.263249996973125,8.958012534452372,-0.46805235713030846,0.315848787920399,0.0,1.0,0.0,3.188582644745662
XBTUSD,2020-04-30 12:25:24.123511,long,8005920,2020-04-30 19:25:17.828598,True,6.998251413055555,Trade,,2020-04-30,14651.576632358056,6.998251413055555,True,15.390871559054409,9.078160884493103,-0.37551522415668087,0.3611877472915752,0.0,1.0,0.0,2.0792229444211405
XBTUSD,2020-04-30 19:25:17.828598,short,5994080,2020-04-30 22:47:12.278870,True,3.3651250755555555,Trade,,2020-04-30,14644.578380945,3.3651250755555555,True,15.390871559054409,9.078160884493103,-0.37551522415668087,0.3611877472915752,0.0,1.0,0.0,1.4736468430747545
XBTUSD,2020-04-30 22:47:12.278870,long,8002695,2020-05-06 13:22:36.166948,True,134.58996891055554,Trade,,2020-04-30,14641.213255869445,134.58996891055554,True,15.390871559054409,9.078160884493103,-0.37551522415668087,0.3611877472915752,0.0,1.0,0.0,4.909635397184093
XBTUSD,2020-05-06 13:22:36.166948,short,7032244,2020-05-07 17:05:31.878632,True,27.71547546777777,Trade,,2020-05-06,14506.62328695889,27.71547546777777,True,15.433617731569605,9.103409690848721,-0.3791346271054682,0.3232407220124156,0.0,1.0,0.0,3.3574361923466056
XBTUSD,2020-05-07 17:05:31.878632,long,955,2020-05-09 10:33:48.891228,True,41.471392387777776,Trade,,2020-05-07,14478.90781149111,41.471392387777776,True,15.458623715330704,9.134194810136535,-0.428957976348406,0.2697441026502112,0.0,1.0,0.0,3.7488307289956158
XBTUSD,2020-05-09 10:33:48.891228,short,2000721,2020-05-10 00:19:23.323442,True,13.759564503888887,Trade,,2020-05-09,14437.436419103335,13.759564503888887,True,15.50537615125813,9.196172845306192,-0.3716075771034622,0.337366133185397,0.0,1.0,0.0,2.691891313580461
XBTUSD,2020-05-10 00:19:23.323442,long,3999279,2020-05-10 01:48:11.780128,True,1.4801268572222224,Trade,,2020-05-10,14423.676854599446,1.4801268572222224,True,15.480680506733416,9.167155058097125,-0.35722901495719683,0.3120398691280557,0.0,1.0,0.0,0.9083097109744013
XBTUSD,2020-05-10 01:48:11.780128,short,721,2020-05-10 03:14:22.009900,True,1.4361749366666663,Trade,,2020-05-10,14422.19672774222,1.4361749366666663,True,15.480680506733416,9.167155058097125,-0.35722901495719683,0.3120398691280557,0.0,1.0,0.0,0.890429160350769
XBTUSD,2020-05-10 03:14:22.009900,long,4085645,2020-05-10 08:05:58.737346,True,4.860202068333334,Trade,,2020-05-10,14420.760552805554,4.860202068333334,True,15.480680506733416,9.167155058097125,-0.35722901495719683,0.3120398691280557,0.0,1.0,0.0,1.7681840856451478
XBTUSD,2020-05-10 08:05:58.737346,short,2000069,2020-05-10 11:42:39.613727,True,3.611354550277778,Trade,,2020-05-10,14415.900350737222,3.611354550277778,True,15.480680506733416,9.167155058097125,-0.35722901495719683,0.3120398691280557,0.0,1.0,0.0,1.5285216425430217
XBTUSD,2020-05-10 11:42:39.613727,long,8001043,2020-05-11 18:04:14.284473,True,30.35963076277778,Trade,,2020-05-10,14412.288996186944,30.35963076277778,True,15.480680506733416,9.167155058097125,-0.35722901495719683,0.3120398691280557,0.0,1.0,0.0,3.4455214212667746
XBTUSD,2020-05-11 18:04:14.284473,short,6131541,2020-05-11 21:44:27.477178,True,3.670331306944444,Trade,,2020-05-11,14381.929365424166,3.670331306944444,True,15.467631044626133,9.072804778167173,-0.29007647978488776,0.2704458564646361,0.0,1.0,0.0,1.5412300128356098
XBTUSD,2020-05-11 21:44:27.477178,long,1370501,2020-05-14 00:02:21.103107,True,50.29822942472222,Trade,,2020-05-11,14378.259034117222,50.29822942472222,True,15.467631044626133,9.072804778167173,-0.29007647978488776,0.2704458564646361,0.0,1.0,0.0,3.9376562374431288
XBTUSD,2020-05-14 00:02:21.103107,short,12000499,2020-05-19 08:09:47.346514,True,128.12395650194443,Trade,,2020-05-14,14327.9608046925,128.12395650194443,True,15.39964145286764,9.140239444183551,-0.2649590465453482,0.3583295116303708,0.0,1.0,0.0,4.860772846105654
XBTUSD,2020-05-19 08:09:47.346514,long,501,2020-05-19 15:49:52.475766,True,7.668091458888888,Trade,,2020-05-19,14199.836848190555,7.668091458888888,True,15.406233479265888,9.1826453840287,-0.27765199553329145,0.3392713934143221,0.0,1.0,0.0,2.159648634943885
XBTUSD,2020-05-19 15:49:52.475766,short,10507589,2020-06-02 00:59:42.012557,True,321.16376021972223,Trade,,2020-05-19,14192.168756731666,168.0,True,15.406233479265888,9.1826453840287,-0.27765199553329145,0.3392713934143221,0.0,1.0,0.0,5.1298987149230735
XBTUSD,2020-06-02 00:59:42.012557,long,6000052,2020-06-02 14:50:24.501647,True,13.845135858333334,Trade,,2020-06-02,13871.004996511945,13.845135858333334,True,15.517806995172503,9.230058197072571,-0.3171195868573968,0.1361050470465348,0.0,1.0,0.0,2.6976722599645724
XBTUSD,2020-06-02 14:50:24.501647,short,10500009,2020-06-11 12:28:43.957385,True,213.638737705,Trade,,2020-06-02,13857.15986065361,168.0,True,15.517806995172503,9.230058197072571,-0.3171195868573968,0.1361050470465348,0.0,1.0,0.0,5.1298987149230735
XBTUSD,2020-06-11 12:28:43.957385,long,58649,2020-06-11 12:54:33.685889,True,0.4304801399999999,Trade,,2020-06-11,13643.52112294861,0.4304801399999999,True,15.377694310060555,9.199122099268383,-0.472422739829438,0.1509361828060671,0.0,1.0,0.0,0.35801015015405224
XBTUSD,2020-06-11 12:54:33.685889,short,4500351,2020-06-11 16:42:11.818416,True,3.793925701944445,Trade,,2020-06-11,13643.090642808611,3.793925701944445,True,15.377694310060555,9.199122099268383,-0.472422739829438,0.1509361828060671,0.0,1.0,0.0,1.5673496377578535
XBTUSD,2020-06-11 16:42:11.818416,long,3818313,2020-06-11 17:00:48.062738,True,0.3100678672222222,Trade,,2020-06-11,13639.296717106667,0.3100678672222222,True,15.377694310060555,9.199122099268383,-0.472422739829438,0.1509361828060671,0.0,1.0,0.0,0.2700789429109861
XBTUSD,2020-06-11 17:00:48.062738,short,681687,2020-06-11 17:02:25.928711,True,0.0271849924999999,Trade,,2020-06-11,13638.986649239445,0.0271849924999999,True,15.377694310060555,9.199122099268383,-0.472422739829438,0.1509361828060671,0.0,1.0,0.0,0.026822043741690768
XBTUSD,2020-06-11 17:02:25.928711,long,524885,2020-06-11 17:03:50.803518,True,0.0235763352777777,Trade,,2020-06-11,13638.959464246946,0.0235763352777777,True,15.377694310060555,9.199122099268383,-0.472422739829438,0.1509361828060671,0.0,1.0,0.0,0.023302705925047896
XBTUSD,2020-06-11 17:03:50.803518,short,11928091,2020-06-15 16:32:15.735473,True,95.4735922097222,Trade,,2020-06-11,13638.935887911668,95.4735922097222,True,15.377694310060555,9.199122099268383,-0.472422739829438,0.1509361828060671,0.0,1.0,0.0,4.569269315036542
XBTUSD,2020-06-15 16:32:15.735473,long,6000213,2020-06-22 17:51:41.002125,True,169.32368518111113,Trade,,2020-06-15,13543.462295701944,168.0,True,15.336325505233443,9.142377930339105,-0.5325083374460379,0.001724025990194,0.0,1.0,0.0,5.1298987149230735
XBTUSD,2020-06-22 17:51:41.002125,short,10500917,2020-06-27 22:55:27.090133,True,125.06280222444444,Trade,,2020-06-22,13374.138610520833,125.06280222444444,True,15.395831166241285,9.136130634687724,-0.6010271396787235,0.0134203034525477,0.0,1.0,0.0,4.836780213129064
XBTUSD,2020-06-27 22:55:27.090133,long,3000083,2020-06-28 14:23:37.562416,True,15.469575634166668,Trade,,2020-06-27,13249.07580829639,15.469575634166668,True,15.49105853006956,9.122540077188704,-0.6063808072615381,-0.0010491446059183,0.0,1.0,0.0,2.8015147778689338
XBTUSD,2020-06-28 14:23:37.562416,short,917,2020-06-28 19:47:00.717596,True,5.389765327777778,Trade,,2020-06-28,13233.606232662221,5.389765327777778,True,15.475533233806177,9.10522045150445,-0.6423543529094632,-0.0591639573125739,0.0,1.0,0.0,1.8546975427976615
XBTUSD,2020-06-28 19:47:00.717596,long,478839,2020-06-30 21:58:50.820039,True,50.19725067861111,Trade,,2020-06-28,13228.216467334443,50.19725067861111,True,15.475533233806177,9.10522045150445,-0.6423543529094632,-0.0591639573125739,0.0,1.0,0.0,3.935685832920313
XBTUSD,2020-06-30 21:58:50.820039,short,20000277,2020-07-06 06:24:08.000854,True,128.4214391152778,Trade,,2020-06-30,13178.019216655834,128.4214391152778,True,15.496811176226597,9.125245052678006,-0.6586731790422292,-0.052357599423525,0.0,1.0,0.0,4.863074049295915
XBTUSD,2020-07-06 06:24:08.000854,long,6000574,2020-07-14 05:27:54.455455,True,191.0629040558333,Trade,,2020-07-06,13049.597777540555,168.0,True,15.495028405175473,9.113786961670751,-1.0752076379443614,-0.0583161091704718,0.0,1.0,0.0,5.1298987149230735
XBTUSD,2020-07-14 05:27:54.455455,short,426,2020-07-21 07:38:32.730470,True,170.17729861527778,Trade,,2020-07-14,12858.534873484723,168.0,True,15.470604328441112,9.130931567636766,-1.245851941912843,-0.0237504882788066,0.0,1.0,0.0,5.1298987149230735
XBTUSD,2020-07-21 07:38:32.730470,long,7500451,2020-07-27 17:20:10.265584,True,153.69375975388888,Trade,,2020-07-21,12688.357574869444,153.69375975388888,True,15.462273763993881,9.123386146172054,-1.2806688421024912,-0.0203159084406894,0.0,1.0,0.0,5.041447419040086
XBTUSD,2020-07-27 17:20:10.265584,short,7500549,2020-07-28 08:54:17.674522,True,15.568724705,Trade,,2020-07-27,12534.663815115555,15.568724705,True,15.570621347887728,9.203709088962825,-1.4358916950887495,0.0845541835041829,0.0,1.0,0.0,2.807516864384852
XBTUSD,2020-07-28 08:54:17.674522,long,10500356,2020-07-28 10:43:53.683065,True,1.8266690397222225,Trade,,2020-07-28,12519.095090410556,1.8266690397222225,True,15.654927065890002,9.309869668731888,-0.8577797736341122,0.2270945458312629,0.0,1.0,0.0,1.039099000659721
XBTUSD,2020-07-28 10:43:53.683065,short,19500854,2020-07-30 20:19:46.634011,True,57.59804192944444,Trade,,2020-07-28,12517.268421370834,57.59804192944444,True,15.654927065890002,9.309869668731888,-0.8577797736341122,0.2270945458312629,0.0,1.0,0.0,4.070701281851398
XBTUSD,2020-07-30 20:19:46.634011,long,9000471,2020-08-01 07:59:32.799889,True,35.662823855,Trade,,2020-07-30,12459.670379441388,35.662823855,True,15.695485103416818,9.316120215083856,-0.8473194619438082,0.2103083506672514,0.0,1.0,0.0,3.601763267677443
XBTUSD,2020-08-01 07:59:32.799889,short,7880474,2020-08-02 04:38:52.869760,True,20.655574964166668,Trade,,2020-08-01,12424.00755558639,20.655574964166668,True,15.765865683304408,9.335932599988988,-0.8467058421942337,0.2268997587312027,0.0,1.0,0.0,3.0752629254185564
XBTUSD,2020-08-02 04:38:52.869760,long,8999526,2020-08-02 05:35:52.828460,True,0.949988527777778,Trade,,2020-08-02,12403.351980622223,0.949988527777778,True,15.816138773874247,9.375649884926954,-0.8313075996178523,0.297237708764499,0.0,1.0,0.0,0.6678234893674663
XBTUSD,2020-08-02 05:35:52.828460,short,15414352,2020-08-03 12:13:01.615624,True,30.619107545555558,Trade,,2020-08-02,12402.401992094445,30.619107545555558,True,15.816138773874247,9.375649884926954,-0.8313075996178523,0.297237708764499,0.0,1.0,0.0,3.453761607017279
XBTUSD,2020-08-03 12:13:01.615624,long,13382150,2020-08-05 15:13:05.627072,True,51.00111429111112,Trade,,2020-08-03,12371.782884548888,51.00111429111112,True,15.70974270068346,9.314161565056573,-0.6962785434936462,0.2236019795270949,0.0,1.0,0.0,3.9512651470270503
XBTUSD,2020-08-05 15:13:05.627072,short,15000285,2020-08-07 17:12:52.009620,True,49.99621737444444,Trade,,2020-08-05,12320.781770257778,49.99621737444444,True,15.733089603715355,9.323905806850348,-0.6965943062010943,0.2338246853600323,0.0,1.0,0.0,3.9317514608451196
XBTUSD,2020-08-07 17:12:52.009620,long,12000715,2020-08-11 16:51:55.151937,True,95.65087286583334,Trade,,2020-08-07,12270.785552883332,95.65087286583334,True,15.842871125315428,9.373250499136704,-0.6784962249621459,0.2720608723063518,0.0,1.0,0.0,4.571105236817215
XBTUSD,2020-08-11 16:51:55.151937,short,285,2020-08-11 20:35:05.651959,True,3.7195833394444446,Trade,,2020-08-11,12175.1346800175,3.7195833394444446,True,15.886342250212428,9.381800619782178,-0.6890828476630539,0.2850654745046774,0.0,1.0,0.0,1.5517205201595177
XBTUSD,2020-08-11 20:35:05.651959,long,9000715,2020-08-11 23:58:09.698155,True,3.3844572766666663,Trade,,2020-08-11,12171.415096678054,3.3844572766666663,True,15.886342250212428,9.381800619782178,-0.6890828476630539,0.2850654745046774,0.0,1.0,0.0,1.478065850015244
XBTUSD,2020-08-11 23:58:09.698155,short,6000285,2020-08-12 02:23:18.801491,True,2.419195371111111,Trade,,2020-08-11,12168.030639401388,2.419195371111111,True,15.886342250212428,9.381800619782178,-0.6890828476630539,0.2850654745046774,0.0,1.0,0.0,1.2294052517888696
XBTUSD,2020-08-12 02:23:18.801491,long,7000016,2020-08-12 09:46:59.090100,True,7.394524613611111,Trade,,2020-08-12,12165.611444030277,7.394524613611111,True,15.7957869996826,9.340723170714655,-0.6332921479805173,0.2264532160971497,0.0,1.0,0.0,2.127579661601651
XBTUSD,2020-08-12 09:46:59.090100,short,21000639,2020-08-13 21:02:05.688161,True,35.25183279472222,Trade,,2020-08-12,12158.216919416667,35.25183279472222,True,15.7957869996826,9.340723170714655,-0.6332921479805173,0.2264532160971497,0.0,1.0,0.0,3.5904899398769836
XBTUSD,2020-08-13 21:02:05.688161,long,99,2020-08-13 22:16:32.889903,True,1.240889372777778,Trade,,2020-08-13,12122.965086621944,1.240889372777778,True,15.822464051579374,9.356647152160072,-0.6352579448458593,0.2532191796551932,0.0,1.0,0.0,0.8068728284855126
XBTUSD,2020-08-13 22:16:32.889903,short,901,2020-08-17 19:15:46.644569,True,92.98715407388887,Trade,,2020-08-13,12121.724197249167,92.98715407388887,True,15.822464051579374,9.356647152160072,-0.6352579448458593,0.2532191796551932,0.0,1.0,0.0,4.5431581141429245
XBTUSD,2020-08-17 19:15:46.644569,long,99,2020-08-17 19:36:50.623522,True,0.3511052647222222,Trade,,2020-08-17,12028.737043175277,0.3511052647222222,True,15.876390038222482,9.384263657942638,-0.6430381857798679,0.299588643917926,0.0,1.0,0.0,0.3009229720954002
XBTUSD,2020-08-17 19:36:50.623522,short,9000901,2020-08-18 01:48:04.113037,True,6.187080420833333,Trade,,2020-08-17,12028.385937910556,6.187080420833333,True,15.876390038222482,9.384263657942638,-0.6430381857798679,0.299588643917926,0.0,1.0,0.0,1.9722850281876263
XBTUSD,2020-08-18 01:48:04.113037,long,7500099,2020-08-18 17:54:14.492420,True,16.102883161944444,Trade,,2020-08-18,12022.198857489722,16.102883161944444,True,15.914906913352501,9.41863521823287,-0.630028165431858,0.342184994555857,0.0,1.0,0.0,2.83924705525789
XBTUSD,2020-08-18 17:54:14.492420,short,18001230,2020-08-19 06:21:54.136537,True,12.461012254722224,Trade,,2020-08-18,12006.095974327776,12.461012254722224,True,15.914906913352501,9.41863521823287,-0.630028165431858,0.342184994555857,0.0,1.0,0.0,2.599797526048751
XBTUSD,2020-08-19 06:21:54.136537,long,3000770,2020-08-19 07:13:04.096675,True,0.852766705,Trade,,2020-08-19,11993.634962073056,0.852766705,True,15.869175890335741,9.392053076478817,-0.6027126128952353,0.3008895902464645,0.0,1.0,0.0,0.6166800381357657
XBTUSD,2020-08-19 07:13:04.096675,short,10500174,2020-08-19 20:18:04.707241,True,13.083502935,Trade,,2020-08-19,11992.782195368056,13.083502935,True,15.869175890335741,9.392053076478817,-0.6027126128952353,0.3008895902464645,0.0,1.0,0.0,2.6450041077844535
XBTUSD,2020-08-19 20:18:04.707241,long,10502858,2020-08-25 07:36:11.164586,True,131.30179370694444,Trade,,2020-08-19,11979.698692433056,131.30179370694444,True,15.869175890335741,9.392053076478817,-0.6027126128952353,0.3008895902464645,0.0,1.0,0.0,4.885085628904622
XBTUSD,2020-08-25 07:36:11.164586,short,10500142,2020-08-25 18:10:50.788953,True,10.577673435277775,Trade,,2020-08-25,11848.39689872611,10.577673435277775,True,15.767418085281326,9.37342882383325,-0.5705103427265517,0.213240435995581,0.0,1.0,0.0,2.4490785396343746
XBTUSD,2020-08-25 18:10:50.788953,long,3000812,2020-08-25 18:48:33.445996,True,0.6285158452777778,Trade,,2020-08-25,11837.819225290834,0.6285158452777778,True,15.767418085281326,9.37342882383325,-0.5705103427265517,0.213240435995581,0.0,1.0,0.0,0.48766907567009904
XBTUSD,2020-08-25 18:48:33.445996,short,23000147,2020-08-26 14:08:36.131529,True,19.33407931472222,Trade,,2020-08-25,11837.190709445555,19.33407931472222,True,15.767418085281326,9.37342882383325,-0.5705103427265517,0.213240435995581,0.0,1.0,0.0,3.0122982624415173
XBTUSD,2020-08-26 14:08:36.131529,long,3727451,2020-08-26 15:10:09.332503,True,1.0258891594444444,Trade,,2020-08-26,11817.856630130833,1.0258891594444444,True,15.767756356286812,9.337717619662094,-0.5442969110521068,0.1434025736265429,0.0,1.0,0.0,0.7060086952698986
XBTUSD,2020-08-26 15:10:09.332503,short,7500549,2020-08-27 13:18:11.394483,True,22.13390610555556,Trade,,2020-08-26,11816.830740971389,22.13390610555556,True,15.767756356286812,9.337717619662094,-0.5442969110521068,0.1434025736265429,0.0,1.0,0.0,3.1412993381442833
XBTUSD,2020-08-27 13:18:11.394483,long,13631682,2020-08-27 17:51:00.847069,True,4.547070162777778,Trade,,2020-08-27,11794.696834865834,4.547070162777778,True,15.749383619793315,9.347668844599403,-0.7972171244014431,0.0385226515245553,0.0,1.0,0.0,1.7132698897722223
XBTUSD,2020-08-27 17:51:00.847069,short,3000877,2020-08-28 07:57:00.454341,True,14.09989090888889,Trade,,2020-08-27,11790.149764703056,14.09989090888889,True,15.749383619793315,9.347668844599403,-0.7972171244014431,0.0385226515245553,0.0,1.0,0.0,2.7146875192178865
XBTUSD,2020-08-28 07:57:00.454341,long,123,2020-08-28 09:16:51.054641,True,1.3307223055555557,Trade,,2020-08-28,11776.049873794167,1.3307223055555557,True,15.697777441734463,9.333855723452066,-0.7936438348006282,0.0338121377924278,0.0,1.0,0.0,0.846178221921157
XBTUSD,2020-08-28 09:16:51.054641,short,877,2020-08-28 14:39:37.768894,True,5.379642848055555,Trade,,2020-08-28,11774.71915148861,5.379642848055555,True,15.697777441734463,9.333855723452066,-0.7936438348006282,0.0338121377924278,0.0,1.0,0.0,1.8531121158611674
XBTUSD,2020-08-28 14:39:37.768894,long,123,2020-08-28 15:43:57.187626,True,1.0720607588888889,Trade,,2020-08-28,11769.339508640554,1.0720607588888889,True,15.697777441734463,9.333855723452066,-0.7936438348006282,0.0338121377924278,0.0,1.0,0.0,0.7285436477553765
XBTUSD,2020-08-28 15:43:57.187626,short,877,2020-08-29 14:06:11.285677,True,22.370582791944443,Trade,,2020-08-28,11768.267447881668,22.370582791944443,True,15.697777441734463,9.333855723452066,-0.7936438348006282,0.0338121377924278,0.0,1.0,0.0,3.1514780858497757
XBTUSD,2020-08-29 14:06:11.285677,long,837418,2020-08-30 08:19:41.775996,True,18.225136199722225,Trade,,2020-08-29,11745.896865089722,18.225136199722225,True,15.716445171030074,9.352523991221966,-0.7905636026352885,0.0370745079022258,0.0,1.0,0.0,2.9562185998775217
XBTUSD,2020-08-30 08:19:41.775996,short,24010268,2020-09-03 15:09:02.852710,True,102.82252130944444,Trade,,2020-08-30,11727.67172889,102.82252130944444,True,15.71359323436917,9.349298717445116,-0.789995912319171,0.0319137092092141,0.0,1.0,0.0,4.642682915496651
XBTUSD,2020-09-03 15:09:02.852710,long,6458855,2020-09-03 15:45:55.969014,True,0.6147545288888889,Trade,,2020-09-03,11624.849207580555,0.6147545288888889,True,15.836471275811501,9.342641589941685,-0.8774111052834906,0.0158796487854633,0.0,1.0,0.0,0.47918295062624183
XBTUSD,2020-09-03 15:45:55.969014,short,7145,2020-09-03 15:48:48.195218,True,0.0478406122222222,Trade,,2020-09-03,11624.234453051668,0.0478406122222222,True,15.836471275811501,9.342641589941685,-0.8774111052834906,0.0158796487854633,0.0,1.0,0.0,0.04673148675814708
XBTUSD,2020-09-03 15:48:48.195218,long,12000863,2020-09-04 09:47:53.156189,True,17.984711380833332,Trade,,2020-09-03,11624.186612439446,17.984711380833332,True,15.836471275811501,9.342641589941685,-0.8774111052834906,0.0158796487854633,0.0,1.0,0.0,2.943633991083789
XBTUSD,2020-09-04 09:47:53.156189,short,12000246,2020-09-04 18:24:43.725908,True,8.614047144166667,Trade,,2020-09-04,11606.20190105861,8.614047144166667,True,15.801539388508251,9.236153762068215,-0.5816987421237868,-0.0840120274353375,0.0,1.0,0.0,2.263225273159212
XBTUSD,2020-09-04 18:24:43.725908,long,5687516,2020-09-04 20:00:43.173129,True,1.5998464502777778,Trade,,2020-09-04,11597.587853914445,1.5998464502777778,True,15.801539388508251,9.236153762068215,-0.5816987421237868,-0.0840120274353375,0.0,1.0,0.0,0.9554523856979984
XBTUSD,2020-09-04 20:00:43.173129,short,21915259,2020-09-05 18:19:42.412062,True,22.316455259166663,Trade,,2020-09-04,11595.988007464166,22.316455259166663,True,15.801539388508251,9.236153762068215,-0.5816987421237868,-0.0840120274353375,0.0,1.0,0.0,3.149159345604564
XBTUSD,2020-09-05 18:19:42.412062,long,9000675,2020-09-05 19:45:18.694044,True,1.4267449950000002,Trade,,2020-09-05,11573.671552205002,1.4267449950000002,True,15.883094456014145,9.256457100300931,-0.6194221268211344,-0.1065971605189866,0.0,1.0,0.0,0.8865508511788971
XBTUSD,2020-09-05 19:45:18.694044,short,30284820,2020-09-23 19:49:21.714604,True,432.0675057111112,Trade,,2020-09-05,11572.24480721,168.0,True,15.883094456014145,9.256457100300931,-0.6194221268211344,-0.1065971605189866,0.0,1.0,0.0,5.1298987149230735
XBTUSD,2020-09-23 19:49:21.714604,long,5,2020-09-23 20:53:22.401358,True,1.0668574316666666,Trade,,2020-09-23,11140.17730149889,1.0668574316666666,True,15.790027592855308,9.261018197592566,-0.6231918973793525,-0.0982177683603789,0.0,1.0,0.0,0.7260293047681935
XBTUSD,2020-09-23 20:53:22.401358,short,12000995,2020-09-24 19:20:27.304540,True,22.451361995,Trade,,2020-09-23,11139.110444067222,22.451361995,True,15.790027592855308,9.261018197592566,-0.6231918973793525,-0.0982177683603789,0.0,1.0,0.0,3.154928574015898
XBTUSD,2020-09-24 19:20:27.304540,long,3280155,2020-09-25 00:03:25.809007,True,4.716251240833333,Trade,,2020-09-24,11116.659082072221,4.716251240833333,True,15.795763105783998,9.233402345429264,-0.6148617864942099,-0.130664783515006,0.0,1.0,0.0,1.7433132130613194
XBTUSD,2020-09-25 00:03:25.809007,short,845,2020-09-25 09:48:58.855062,True,9.759179459722224,Trade,,2020-09-25,11111.942830831389,9.759179459722224,True,15.79963771913041,9.28164123088818,-0.5815479991925309,-0.0545330899262271,0.0,1.0,0.0,2.3757592934356917
XBTUSD,2020-09-25 09:48:58.855062,long,3062146,2020-09-25 12:07:45.589402,True,2.312981761111111,Trade,,2020-09-25,11102.183651371666,2.312981761111111,True,15.79963771913041,9.28164123088818,-0.5815479991925309,-0.0545330899262271,0.0,1.0,0.0,1.1978486180539212
XBTUSD,2020-09-25 12:07:45.589402,short,854,2020-09-25 14:10:28.320844,True,2.0452031783333333,Trade,,2020-09-25,11099.870669610556,2.0452031783333333,True,15.79963771913041,9.28164123088818,-0.5815479991925309,-0.0545330899262271,0.0,1.0,0.0,1.113567624168453
XBTUSD,2020-09-25 14:10:28.320844,long,1976287,2020-09-25 19:00:42.264173,True,4.8372064802777786,Trade,,2020-09-25,11097.825466432221,4.8372064802777786,True,15.79963771913041,9.28164123088818,-0.5815479991925309,-0.0545330899262271,0.0,1.0,0.0,1.764252339979716
XBTUSD,2020-09-25 19:00:42.264173,short,9001177,2020-10-08 13:26:32.542095,True,306.4306327561111,Trade,,2020-09-25,11092.988259951944,168.0,True,15.79963771913041,9.28164123088818,-0.5815479991925309,-0.0545330899262271,0.0,1.0,0.0,5.1298987149230735
XBTUSD,2020-10-08 13:26:32.542095,long,571,2020-10-12 10:45:01.760680,True,93.30811627361112,Trade,,2020-10-08,10786.557627195834,93.30811627361112,True,15.748421666824054,9.274928366342012,-1.093224664311114,0.0288695555224756,0.0,1.0,0.0,4.546567254584828
XBTUSD,2020-10-12 10:45:01.760680,short,9000429,2020-10-12 13:35:05.922253,True,2.834489325833333,Trade,,2020-10-12,10693.249510922224,2.834489325833333,True,15.82774357206707,9.339460018384441,-1.0920486848455415,0.0954308084217507,0.0,1.0,0.0,1.3440362645009034
XBTUSD,2020-10-12 13:35:05.922253,long,12000257,2020-10-15 10:29:06.970506,True,68.90029118138888,Trade,,2020-10-12,10690.41502159639,68.90029118138888,True,15.82774357206707,9.339460018384441,-1.0920486848455415,0.0954308084217507,0.0,1.0,0.0,4.247069814916194
XBTUSD,2020-10-15 10:29:06.970506,short,743,2020-10-15 12:24:36.190419,True,1.9247833091666664,Trade,,2020-10-15,10621.514730415001,1.9247833091666664,True,15.839651212565927,9.34286822118654,-1.1361209432163033,0.0707500720060656,0.0,1.0,0.0,1.0732203956034054
XBTUSD,2020-10-15 12:24:36.190419,long,12000757,2020-10-16 04:23:19.423484,True,15.97867585138889,Trade,,2020-10-15,10619.589947105833,15.97867585138889,True,15.839651212565927,9.34286822118654,-1.1361209432163033,0.0707500720060656,0.0,1.0,0.0,2.8319581950030934
XBTUSD,2020-10-16 04:23:19.423484,short,30000915,2020-10-21 03:33:03.319514,True,119.16219334166666,Trade,,2020-10-16,10603.611271254445,119.16219334166666,True,15.849614358294946,9.350326744733785,-1.1390335916333667,0.0670910706663918,0.0,1.0,0.0,4.788842441358441
XBTUSD,2020-10-21 03:33:03.319514,long,8352601,2020-10-21 14:21:41.858046,True,10.810705147777778,Trade,,2020-10-21,10484.449077912777,10.810705147777778,True,15.689351763033365,9.386766019566746,-1.1245067102707054,0.0923192945777799,0.0,1.0,0.0,2.469006336113356
XBTUSD,2020-10-21 14:21:41.858046,short,10000399,2020-10-21 20:59:24.477060,True,6.6285052816666665,Trade,,2020-10-21,10473.638372764999,6.6285052816666665,True,15.689351763033365,9.386766019566746,-1.1245067102707054,0.0923192945777799,0.0,1.0,0.0,2.031891925930671
XBTUSD,2020-10-21 20:59:24.477060,long,9066604,2020-10-21 22:50:28.178279,True,1.8510281163888889,Trade,,2020-10-21,10467.009867483333,1.8510281163888889,True,15.689351763033365,9.386766019566746,-1.1245067102707054,0.0923192945777799,0.0,1.0,0.0,1.047679671821187
XBTUSD,2020-10-21 22:50:28.178279,short,123,2020-10-21 23:05:17.506177,True,0.2470355272222222,Trade,,2020-10-21,10465.158839366944,0.2470355272222222,True,15.689351763033365,9.386766019566746,-1.1245067102707054,0.0923192945777799,0.0,1.0,0.0,0.22076915644621037
XBTUSD,2020-10-21 23:05:17.506177,long,16803846,2020-10-21 23:12:30.277536,True,0.1202142663888889,Trade,,2020-10-21,10464.911803839723,0.1202142663888889,True,15.689351763033365,9.386766019566746,-1.1245067102707054,0.0923192945777799,0.0,1.0,0.0,0.11351997628551092
XBTUSD,2020-10-21 23:12:30.277536,short,15000858,2020-10-22 20:55:44.025107,True,21.720485436388888,Trade,,2020-10-21,10464.791589573335,21.720485436388888,True,15.689351763033365,9.386766019566746,-1.1245067102707054,0.0923192945777799,0.0,1.0,0.0,3.1232669596629434
XBTUSD,2020-10-22 20:55:44.025107,long,13246499,2020-10-27 17:27:27.621689,True,116.52877682833332,Trade,,2020-10-22,10443.071104136945,116.52877682833332,True,15.716904837101671,9.460981621771863,-0.9962266296414936,0.2288879662043041,0.0,1.0,0.0,4.766683212776162
XBTUSD,2020-10-27 17:27:27.621689,short,268898,2020-10-27 17:28:20.607948,True,0.0147184052777777,Trade,,2020-10-27,10326.54232730861,0.0147184052777777,True,15.70930054487297,9.478889789643,-1.1411218728393877,0.2177079805338837,0.0,1.0,0.0,0.01461114077817005
XBTUSD,2020-10-27 17:28:20.607948,long,102,2020-10-27 17:42:06.652228,True,0.2294567444444444,Trade,,2020-10-27,10326.527608903334,0.2294567444444444,True,15.70930054487297,9.478889789643,-1.1411218728393877,0.2177079805338837,0.0,1.0,0.0,0.2065724006355015
XBTUSD,2020-10-27 17:42:06.652228,short,20001602,2020-10-29 10:41:13.112655,True,40.985127896388896,Trade,,2020-10-27,10326.29815215889,40.985127896388896,True,15.70930054487297,9.478889789643,-1.1411218728393877,0.2177079805338837,0.0,1.0,0.0,3.737315457870946
XBTUSD,2020-10-29 10:41:13.112655,long,587,2020-10-29 16:28:44.681578,True,5.792102478611111,Trade,,2020-10-29,10285.313024262501,5.792102478611111,True,15.838276836085756,9.494791895554313,-1.0045645952669287,0.2389171426136132,0.0,1.0,0.0,1.915760537029955
XBTUSD,2020-10-29 16:28:44.681578,short,20000554,2020-10-29 23:10:05.778993,True,6.689193726388889,Trade,,2020-10-29,10279.520921783887,6.689193726388889,True,15.838276836085756,9.494791895554313,-1.0045645952669287,0.2389171426136132,0.0,1.0,0.0,2.0398159309971677
XBTUSD,2020-10-29 23:10:05.778993,long,114005,2020-10-29 23:19:17.021976,True,0.1531230508333333,Trade,,2020-10-29,10272.8317280575,0.1531230508333333,True,15.838276836085756,9.494791895554313,-1.0045645952669287,0.2389171426136132,0.0,1.0,0.0,0.14247395791108966
XBTUSD,2020-10-29 23:19:17.021976,short,3195157,2020-10-29 23:26:13.836200,True,0.1157817288888889,Trade,,2020-10-29,10272.678605006666,0.1157817288888889,True,15.838276836085756,9.494791895554313,-1.0045645952669287,0.2389171426136132,0.0,1.0,0.0,0.10955526139729008
XBTUSD,2020-10-29 23:26:13.836200,long,692,2020-10-30 01:12:11.220475,True,1.765940076388889,Trade,,2020-10-29,10272.562823277778,1.765940076388889,True,15.838276836085756,9.494791895554313,-1.0045645952669287,0.2389171426136132,0.0,1.0,0.0,1.0173805686510178
XBTUSD,2020-10-30 01:12:11.220475,short,2968997,2020-10-30 01:27:14.589885,True,0.2509359472222222,Trade,,2020-10-30,10270.796883201388,0.2509359472222222,True,15.915697479955375,9.508607521858771,-1.0030382776980231,0.2429701940384789,0.0,1.0,0.0,0.2238920289127315
XBTUSD,2020-10-30 01:27:14.589885,long,20000184,2020-10-31 02:38:26.368076,True,25.18660505305556,Trade,,2020-10-30,10270.545947254168,25.18660505305556,True,15.915697479955375,9.508607521858771,-1.0030382776980231,0.2429701940384789,0.0,1.0,0.0,3.2652480225134015
XBTUSD,2020-10-31 02:38:26.368076,short,30000336,2020-11-03 03:01:07.304657,True,72.37803793916666,Trade,,2020-10-31,10245.359342201113,72.37803793916666,True,15.921896741363126,9.518067401983508,-1.0119524612411819,0.2627972410633286,0.0,1.0,0.0,4.295624680209979
XBTUSD,2020-11-03 03:01:07.304657,long,9577655,2020-11-03 08:52:41.996726,True,5.859636685833333,Trade,,2020-11-03,10172.981304261944,5.859636685833333,True,15.960570344878649,9.51749889797454,-1.0225345359835343,0.287982583962457,0.0,1.0,0.0,1.9256544790865122
XBTUSD,2020-11-03 08:52:41.996726,short,2250844,2020-11-03 08:54:03.896026,True,0.0227498055555555,Trade,,2020-11-03,10167.121667576112,0.0227498055555555,True,15.960570344878649,9.51749889797454,-1.0225345359835343,0.287982583962457,0.0,1.0,0.0,0.02249488770812085
XBTUSD,2020-11-03 08:54:15.064449,long,1000,2020-11-03 08:54:21.350985,True,0.00174626,Trade,,2020-11-03,10167.095815430834,0.00174626,True,15.960570344878649,9.51749889797454,-1.0225345359835343,0.287982583962457,0.0,1.0,0.0,0.0017447370607137404
XBTUSD,2020-11-03 08:54:21.350985,short,10000674,2020-11-04 02:26:02.126364,True,17.527993160833333,Trade,,2020-11-03,10167.094069170835,17.527993160833333,True,15.960570344878649,9.51749889797454,-1.0225345359835343,0.287982583962457,0.0,1.0,0.0,2.919282732264509
XBTUSD,2020-11-04 07:55:43.137473,long,7359577,2020-11-05 07:38:32.309287,True,23.713658837222223,Trade,,2020-11-04,10144.071350701945,23.713658837222223,True,15.973764216565298,9.546592255649847,-1.0029157211106452,0.3123397614409791,0.0,1.0,0.0,3.2073560801528824
XBTUSD,2020-11-05 07:38:32.309287,short,20000453,2020-11-06 20:53:20.343310,True,37.2466761175,Trade,,2020-11-05,10120.357691864723,37.2466761175,True,16.025627933066538,9.55599519045733,-1.0029506443066354,0.3115776603486215,0.0,1.0,0.0,3.6440566576077287
XBTUSD,2020-11-06 20:54:05.706106,long,16786894,2020-11-07 18:53:17.572141,True,21.986629454166668,Trade,,2020-11-06,10083.098414970556,21.986629454166668,True,16.08800034766079,9.655440647962669,-0.749044510890147,0.4728120673536311,0.0,1.0,0.0,3.1349127188127577
XBTUSD,2020-11-07 18:53:17.572141,short,6537093,2020-11-07 19:05:52.428980,True,0.2096824552777778,Trade,,2020-11-07,10061.111785516388,0.2096824552777778,True,16.100927219477366,9.65624163834652,-0.7460586553431442,0.4642062283892878,0.0,1.0,0.0,0.19035789151218313
XBTUSD,2020-11-07 19:05:52.428980,long,1099206,2020-11-07 19:14:12.925648,True,0.1390268522222222,Trade,,2020-11-07,10060.902103061111,0.1390268522222222,True,16.100927219477366,9.65624163834652,-0.7460586553431442,0.4642062283892878,0.0,1.0,0.0,0.13017425944810312
XBTUSD,2020-11-07 19:14:12.925648,short,5482328,2020-11-07 19:33:19.459492,True,0.3184816233333333,Trade,,2020-11-07,10060.76307620889,0.3184816233333333,True,16.100927219477366,9.65624163834652,-0.7460586553431442,0.4642062283892878,0.0,1.0,0.0,0.27648078915877294
XBTUSD,2020-11-07 19:37:05.614867,long,7433643,2020-11-07 19:47:05.705176,True,0.1666917525,Trade,,2020-11-07,10060.381773648056,0.1666917525,True,16.100927219477366,9.65624163834652,-0.7460586553431442,0.4642062283892878,0.0,1.0,0.0,0.1541721817389477
XBTUSD,2020-11-07 20:09:20.011240,long,8000000,2020-11-07 20:20:56.496055,True,0.1934680041666666,Trade,,2020-11-07,10059.844441322222,0.1934680041666666,True,16.100927219477366,9.65624163834652,-0.7460586553431442,0.4642062283892878,0.0,1.0,0.0,0.17686335803074882
XBTUSD,2020-11-07 20:20:56.496055,short,35253136,2020-11-09 11:59:26.744147,True,39.64173558111111,Trade,,2020-11-07,10059.650973318056,39.64173558111111,True,16.100927219477366,9.65624163834652,-0.7460586553431442,0.4642062283892878,0.0,1.0,0.0,3.704795508586469
XBTUSD,2020-11-09 12:00:37.111298,long,6547006,2020-11-09 12:04:42.428195,True,0.0681435825,Trade,,2020-11-09,10019.989691306111,0.0681435825,True,15.97787984387019,9.64859534853242,-0.6328710801579632,0.3996618738086124,0.0,1.0,0.0,0.06592217204475433
XBTUSD,2020-11-09 12:11:35.097405,long,12138003,2020-11-09 17:19:16.386819,True,5.128135948333333,Trade,,2020-11-09,10019.8069173875,5.128135948333333,True,15.97787984387019,9.64859534853242,-0.6328710801579632,0.3996618738086124,0.0,1.0,0.0,1.8128906169724552
XBTUSD,2020-11-09 17:43:22.792086,short,11940739,2020-11-09 22:37:11.479386,True,4.896857583333333,Trade,,2020-11-09,10014.277002198334,4.896857583333333,True,15.97787984387019,9.64859534853242,-0.6328710801579632,0.3996618738086124,0.0,1.0,0.0,1.7744195960286393
XBTUSD,2020-11-09 22:37:11.479386,long,11429638,2020-11-10 12:45:06.203766,True,14.131867883333332,Trade,,2020-11-09,10009.380144615,14.131867883333332,True,15.97787984387019,9.64859534853242,-0.6328710801579632,0.3996618738086124,0.0,1.0,0.0,2.71680297578721
XBTUSD,2020-11-15 17:47:37.560683,short,20000000,2020-11-19 17:13:13.461868,True,95.42663921805556,Trade,,2020-11-15,9870.206233143612,95.42663921805556,True,15.998929412817347,9.686699388953208,-0.6021288532298638,0.3998605775803174,0.0,1.0,0.0,4.568782503877776
XBTUSD,2020-11-20 15:07:51.345045,long,5000597,2020-11-20 22:10:01.142448,True,7.036054834166666,Trade,,2020-11-20,9752.869070820832,7.036054834166666,True,16.039401079903293,9.788001987918799,-0.5511041511041487,0.4936696856929163,0.0,1.0,0.0,2.0839382704941993
XBTUSD,2020-11-20 22:14:07.420281,long,10000597,2020-11-22 01:44:27.469137,True,27.505569126666664,Trade,,2020-11-20,9745.7646054775,27.505569126666664,True,16.039401079903293,9.788001987918799,-0.5511041511041487,0.4936696856929163,0.0,1.0,0.0,3.350099476138174
XBTUSD,2020-11-22 23:13:50.345450,long,15000538,2020-11-25 04:11:05.123574,True,52.954105034444446,Trade,,2020-11-22,9696.769348486112,52.954105034444446,True,16.07973372989284,9.836631111652602,-0.6017384770370552,0.4392452612229895,0.0,1.0,0.0,3.988133778419197
XBTUSD,2020-11-25 04:11:05.123574,short,462,2020-11-25 16:33:15.799267,True,12.369632136944444,Trade,,2020-11-25,9643.815243451665,12.369632136944444,True,16.139282307696178,9.86007110410561,-0.5771476153793925,0.468392742408606,0.0,1.0,0.0,2.5929858766698466
XBTUSD,2020-11-25 16:33:15.799267,long,5000538,2020-11-25 23:42:19.005678,True,7.150890669722222,Trade,,2020-11-25,9631.445611314723,7.150890669722222,True,16.139282307696178,9.86007110410561,-0.5771476153793925,0.468392742408606,0.0,1.0,0.0,2.098127205910135
XBTUSD,2020-11-25 23:42:19.005678,short,5674573,2020-11-26 02:49:17.523748,True,3.1162550194444445,Trade,,2020-11-25,9624.294720645,3.1162550194444445,True,16.139282307696178,9.86007110410561,-0.5771476153793925,0.468392742408606,0.0,1.0,0.0,1.4149437741293625
XBTUSD,2020-11-26 02:49:17.523748,long,5000427,2020-11-26 03:08:14.258634,True,0.3157596905555555,Trade,,2020-11-26,9621.178465625555,0.3157596905555555,True,16.10749648216635,9.838863359090567,-0.5567891509768821,0.433291531372733,0.0,1.0,0.0,0.27441421026780294
XBTUSD,2020-11-26 03:08:14.258634,short,573,2020-11-26 03:31:01.385681,True,0.3797575130555555,Trade,,2020-11-26,9620.862705935,0.3797575130555555,True,16.10749648216635,9.838863359090567,-0.5567891509768821,0.433291531372733,0.0,1.0,0.0,0.3219077685522592
XBTUSD,2020-11-26 03:31:01.385681,long,9999427,2020-11-26 03:31:48.035545,True,0.0129582955555555,Trade,,2020-11-26,9620.482948421943,0.0129582955555555,True,16.10749648216635,9.838863359090567,-0.5567891509768821,0.433291531372733,0.0,1.0,0.0,0.01287505517480073
XBTUSD,2020-11-26 03:31:48.035545,short,573,2020-11-26 03:32:58.530071,True,0.0195818127777777,Trade,,2020-11-26,9620.469990126388,0.0195818127777777,True,16.10749648216635,9.838863359090567,-0.5567891509768821,0.433291531372733,0.0,1.0,0.0,0.019392555755570213
XBTUSD,2020-11-26 03:32:58.530071,long,9999427,2020-11-26 03:47:03.265467,True,0.2346487211111111,Trade,,2020-11-26,9620.450408313613,0.2346487211111111,True,16.10749648216635,9.838863359090567,-0.5567891509768821,0.433291531372733,0.0,1.0,0.0,0.2107864932729719
XBTUSD,2020-11-26 03:47:03.265467,short,573,2020-11-26 03:48:48.207720,True,0.0291506258333333,Trade,,2020-11-26,9620.2157595925,0.0291506258333333,True,16.10749648216635,9.838863359090567,-0.5567891509768821,0.433291531372733,0.0,1.0,0.0,0.028733826929701427
XBTUSD,2020-11-26 03:48:48.207720,long,15381188,2020-11-26 10:18:04.895541,True,6.487968839166666,Trade,,2020-11-26,9620.186608966667,6.487968839166666,True,16.10749648216635,9.838863359090567,-0.5567891509768821,0.433291531372733,0.0,1.0,0.0,2.0132975777305564
XBTUSD,2020-11-26 10:18:04.895541,short,11463654,2020-11-26 11:50:56.241502,True,1.5475961002777778,Trade,,2020-11-26,9613.6986401275,1.5475961002777778,True,16.10749648216635,9.838863359090567,-0.5567891509768821,0.433291531372733,0.0,1.0,0.0,0.9351502087703701
XBTUSD,2020-11-26 11:50:56.241502,long,346,2020-11-26 12:08:32.331685,True,0.2933583841666666,Trade,,2020-11-26,9612.151044027221,0.2933583841666666,True,16.10749648216635,9.838863359090567,-0.5567891509768821,0.433291531372733,0.0,1.0,0.0,0.2572422339805227
XBTUSD,2020-11-26 12:08:32.331685,short,654,2020-11-26 16:54:04.835186,True,4.7590287502777775,Trade,,2020-11-26,9611.857685643055,4.7590287502777775,True,16.10749648216635,9.838863359090567,-0.5567891509768821,0.433291531372733,0.0,1.0,0.0,1.7507688407464512
XBTUSD,2020-11-26 16:54:04.835186,long,15004358,2020-11-26 20:52:24.962981,True,3.972257720833333,Trade,,2020-11-26,9607.098656892778,3.972257720833333,True,16.10749648216635,9.838863359090567,-0.5567891509768821,0.433291531372733,0.0,1.0,0.0,1.6038740067446347
XBTUSD,2020-11-26 20:52:24.962981,short,20270531,2020-11-27 11:28:38.467490,True,14.6037512525,Trade,,2020-11-26,9603.126399171944,14.6037512525,True,16.10749648216635,9.838863359090567,-0.5567891509768821,0.433291531372733,0.0,1.0,0.0,2.7475113502522865
XBTUSD,2020-11-27 11:28:38.467490,long,10007770,2020-11-30 00:30:48.172301,True,61.036029114166666,Trade,,2020-11-27,9588.522647919444,61.036029114166666,True,16.106340729671476,9.7476355771588,-0.40878958780014607,0.2514121551841681,0.0,1.0,0.0,4.127715331007926
XBTUSD,2020-11-30 00:30:48.172301,short,33869191,2020-11-30 19:41:22.120342,True,19.176096678055558,Trade,,2020-11-30,9527.486618805277,19.176096678055558,True,16.262430550876804,9.808674927354115,-0.4124284718479263,0.3372396483094335,0.0,1.0,0.0,3.004498570946589
XBTUSD,2020-11-30 19:41:22.120342,long,44,2020-11-30 19:44:58.629358,True,0.0601413933333333,Trade,,2020-11-30,9508.310522127222,0.0601413933333333,True,16.262430550876804,9.808674927354115,-0.4124284718479263,0.3372396483094335,0.0,1.0,0.0,0.05840228916543605
XBTUSD,2020-11-30 19:44:58.629358,short,35000956,2020-12-02 00:20:53.316887,True,28.59852431361111,Trade,,2020-11-30,9508.250380733889,28.59852431361111,True,16.262430550876804,9.808674927354115,-0.4124284718479263,0.3372396483094335,0.0,1.0,0.0,3.387724505817354
XBTUSD,2020-12-02 00:20:53.316887,long,1841,2020-12-04 12:05:24.553830,True,59.74201026194444,Trade,,2020-12-02,9479.651856420278,59.74201026194444,True,16.262121039337504,9.842707707495517,-0.317826361779615,0.3700768438431063,0.0,1.0,0.0,4.106635555249463
XBTUSD,2020-12-04 12:05:24.553830,short,13939899,2020-12-04 23:35:14.562658,True,11.497224674444444,Trade,,2020-12-04,9419.909846158334,11.497224674444444,True,16.303245949026245,9.876646082217212,-0.32592006212915775,0.3910430015185102,0.0,1.0,0.0,2.5255065936123797
XBTUSD,2020-12-04 23:35:14.562658,long,101,2020-12-05 02:44:30.911663,True,3.1545413902777777,Trade,,2020-12-04,9408.412621483889,3.1545413902777777,True,16.303245949026245,9.876646082217212,-0.32592006212915775,0.3910430015185102,0.0,1.0,0.0,1.424202046831191
XBTUSD,2020-12-05 02:44:30.911663,short,20000899,2020-12-07 01:21:01.296677,True,46.60844028166667,Trade,,2020-12-05,9405.25808009361,46.60844028166667,True,16.26635169372136,9.83804019672004,-0.297955290340159,0.3258383896749046,0.0,1.0,0.0,3.863010062360338
XBTUSD,2020-12-07 01:21:01.296677,long,59960,2020-12-09 10:26:07.824078,True,57.08514650027778,Trade,,2020-12-07,9358.649639811943,57.08514650027778,True,16.276390610539337,9.870773933444081,-0.40175492636820104,0.2392821430659435,0.0,1.0,0.0,4.0619099771328315
XBTUSD,2020-12-09 10:26:07.824078,short,24187975,2020-12-10 10:43:12.081713,True,24.28451600972222,Trade,,2020-12-09,9301.564493311666,24.28451600972222,True,16.222111224680308,9.81689307795955,-0.42327231136391763,0.1832888581218477,0.0,1.0,0.0,3.2301921929495867
XBTUSD,2020-12-10 10:43:12.081713,long,20000410,2020-12-13 10:04:10.136604,True,71.34945969194445,Trade,,2020-12-10,9277.279977301945,71.34945969194445,True,16.211256807771,9.829555542951606,-0.4272410833419708,0.2124618153834736,0.0,1.0,0.0,4.281507985073719
XBTUSD,2020-12-13 10:04:10.136604,short,4999590,2020-12-13 20:10:08.761455,True,10.099618014166667,Trade,,2020-12-13,9205.93051761,10.099618014166667,True,16.316064437749016,9.842318482739344,-0.4172709041991965,0.1549108376417993,0.0,1.0,0.0,2.4069106945880048
XBTUSD,2020-12-13 20:10:08.761455,long,410,2020-12-16 16:27:58.423710,True,68.29712840416667,Trade,,2020-12-13,9195.830899595834,68.29712840416667,True,16.316064437749016,9.842318482739344,-0.4172709041991965,0.1549108376417993,0.0,1.0,0.0,4.238403468168002
XBTUSD,2020-12-16 16:27:58.423710,short,15000590,2020-12-17 03:57:01.389859,True,11.484157263611111,Trade,,2020-12-16,9127.533771191667,11.484157263611111,True,16.37113815590555,9.8747067534705,-0.4231775464071004,0.2155430214257989,0.0,1.0,0.0,2.5244604215425106
XBTUSD,2020-12-17 03:57:01.389859,long,5000410,2020-12-17 05:37:38.707461,True,1.6770326672222222,Trade,,2020-12-17,9116.049613928057,1.6770326672222222,True,16.435694121872768,9.969777054747656,-0.33977809917291063,0.2763932073253377,0.0,1.0,0.0,0.984708967385771
XBTUSD,2020-12-17 05:37:38.707461,short,25659727,2020-12-17 09:39:32.886459,True,4.031716388333333,Trade,,2020-12-17,9114.372581260834,4.031716388333333,True,16.435694121872768,9.969777054747656,-0.33977809917291063,0.2763932073253377,0.0,1.0,0.0,1.6157611561907916
XBTUSD,2020-12-17 09:39:32.886459,long,14844118,2020-12-17 10:03:07.330987,True,0.3929012577777778,Trade,,2020-12-17,9110.3408648725,0.3929012577777778,True,16.435694121872768,9.969777054747656,-0.33977809917291063,0.2763932073253377,0.0,1.0,0.0,0.33138880770359963
XBTUSD,2020-12-17 10:03:07.330987,short,45140069,2020-12-21 17:22:29.292951,True,103.32276721222225,Trade,,2020-12-17,9109.947963614723,103.32276721222225,True,16.435694121872768,9.969777054747656,-0.33977809917291063,0.2763932073253377,0.0,1.0,0.0,4.64748962401731
XBTUSD,2020-12-21 17:22:29.292951,long,10000682,2020-12-23 22:23:31.718349,True,53.01734038833333,Trade,,2020-12-21,9006.6251964025,53.01734038833333,True,16.36152121350619,10.065969882440417,-0.3316413799775593,0.2606528943981121,0.0,1.0,0.0,3.9893051133192965
XBTUSD,2020-12-23 22:23:31.718349,short,27946004,2020-12-27 20:55:00.955108,True,94.52478798861112,Trade,,2020-12-23,8953.607856014167,94.52478798861112,True,16.4804189081881,10.07562782081833,-0.31462225375669917,0.2853586456209571,0.0,1.0,0.0,4.559385773896961
XBTUSD,2020-12-27 20:55:00.955108,long,178160,2020-12-28 20:54:13.566439,True,23.986836480833333,Trade,,2020-12-27,8859.083068025555,23.986836480833333,True,16.429593966399914,10.184072050637266,-0.412495987215208,0.5471839521559325,0.0,1.0,0.0,3.218349145430265
XBTUSD,2020-12-28 20:54:13.566439,short,20000597,2021-01-02 05:37:41.258294,True,104.7243588486111,Trade,,2020-12-28,8835.096231544723,104.7243588486111,True,16.412387301892863,10.18228741710699,-0.4120084505192056,0.5455192457270304,0.0,1.0,0.0,4.660835319009221
XBTUSD,2021-01-03 00:34:08.370328,short,20000593,2021-01-03 15:25:22.316846,True,14.853874032777776,Trade,,2021-01-03,8711.431008242222,14.853874032777776,True,16.580586087049326,10.374199713771933,-0.4269379385146438,0.6446928205541826,0.0,0.0,1.0,2.7634138889297453
XBTUSD,2021-01-03 15:25:22.316846,long,99241,2021-01-03 23:20:14.917711,True,7.914611351388889,Trade,,2021-01-03,8696.577134209445,7.914611351388889,True,16.580586087049326,10.374199713771933,-0.4269379385146438,0.6446928205541826,0.0,0.0,1.0,2.1876916554561125
XBTUSD,2021-01-03 23:20:14.917711,short,14900759,2021-01-04 09:35:56.916943,True,10.261666453333332,Trade,,2021-01-03,8688.662522858056,10.261666453333332,True,16.580586087049326,10.374199713771933,-0.4269379385146438,0.6446928205541826,0.0,0.0,1.0,2.42140460939271
XBTUSD,2021-01-04 09:35:56.916943,long,10099241,2021-01-05 01:02:19.222409,True,15.439529296111113,Trade,,2021-01-04,8678.400856404722,15.439529296111113,True,16.586725325070017,10.412646847900305,-0.4695903383583712,0.7764316321824816,0.0,0.0,1.0,2.7996887575947293
XBTUSD,2021-01-05 01:02:19.222409,short,19601262,2021-01-05 05:52:22.325208,True,4.834195221944444,Trade,,2021-01-05,8662.961327108611,4.834195221944444,True,16.616481825351737,10.367289073207333,-0.40877302600569654,0.6637591993423289,0.0,0.0,1.0,1.763736333680391
XBTUSD,2021-01-05 05:52:22.325208,long,232474,2021-01-05 07:19:54.775174,True,1.4590138794444445,Trade,,2021-01-05,8658.127131886666,1.4590138794444445,True,16.616481825351737,10.367289073207333,-0.40877302600569654,0.6637591993423289,0.0,0.0,1.0,0.8997604075631627
XBTUSD,2021-01-05 07:19:54.775174,short,526,2021-01-05 20:02:31.248749,True,12.710131548611113,Trade,,2021-01-05,8656.668118007223,12.710131548611113,True,16.616481825351737,10.367289073207333,-0.40877302600569654,0.6637591993423289,0.0,0.0,1.0,2.6181350886128816
XBTUSD,2021-01-05 20:02:31.248749,long,474,2021-01-06 04:34:30.339886,True,8.533080871388888,Trade,,2021-01-05,8643.957986458612,8.533080871388888,True,16.616481825351737,10.367289073207333,-0.40877302600569654,0.6637591993423289,0.0,0.0,1.0,2.254767946784898
XBTUSD,2021-01-06 04:34:30.339886,short,25007076,2021-01-10 20:37:51.064661,True,112.05575688194445,Trade,,2021-01-06,8635.424905587222,112.05575688194445,True,16.715833427570352,10.434503204208221,-0.3756096201825093,0.7572134209204344,0.0,0.0,1.0,4.727881120752901
XBTUSD,2021-01-10 20:37:51.064661,long,14999008,2021-01-10 20:57:27.646864,True,0.3268283897222222,Trade,,2021-01-10,8523.369148705278,0.3268283897222222,True,16.77207276859851,10.60585911609461,-0.389137610287265,1.2066695860614711,0.0,0.0,1.0,0.28279142499948595
XBTUSD,2021-01-10 20:57:27.646864,short,25000403,2021-01-11 00:01:38.286682,True,3.0696221716666665,Trade,,2021-01-10,8523.042320315555,3.0696221716666665,True,16.77207276859851,10.60585911609461,-0.389137610287265,1.2066695860614711,0.0,0.0,1.0,1.4035501626309665
XBTUSD,2021-01-11 00:01:38.286682,long,10001551,2021-01-11 03:56:14.691344,True,3.910112406111111,Trade,,2021-01-11,8519.972698143889,3.910112406111111,True,16.819568954815637,10.553970943683494,-0.3305153460399181,1.122126532076425,0.0,0.0,1.0,1.5912968348460335
XBTUSD,2021-01-11 03:56:14.691344,short,14847328,2021-01-11 07:49:13.295848,True,3.882945695555556,Trade,,2021-01-11,8516.062585737778,3.882945695555556,True,16.819568954815637,10.553970943683494,-0.3305153460399181,1.122126532076425,0.0,0.0,1.0,1.585748663894512
XBTUSD,2021-01-11 07:49:13.295848,long,21980,2021-01-11 08:08:30.538866,True,0.3214563938888888,Trade,,2021-01-11,8512.179640042223,0.3214563938888888,True,16.819568954815637,10.553970943683494,-0.3305153460399181,1.122126532076425,0.0,0.0,1.0,0.27873445708220534
XBTUSD,2021-01-11 08:08:30.538866,short,23159802,2021-01-11 11:19:06.940263,True,3.1767781658333334,Trade,,2021-01-11,8511.858183648334,3.1767781658333334,True,16.819568954815637,10.553970943683494,-0.3305153460399181,1.122126532076425,0.0,0.0,1.0,1.42954017561379
XBTUSD,2021-01-11 11:19:06.940263,long,15000198,2021-01-11 23:20:40.212807,True,12.02590904,Trade,,2021-01-11,8508.6814054825,12.02590904,True,16.819568954815637,10.553970943683494,-0.3305153460399181,1.122126532076425,0.0,0.0,1.0,2.566940377142666
XBTUSD,2021-01-11 23:20:40.212807,short,40000313,2021-01-13 06:19:59.362391,True,30.988652662222226,Trade,,2021-01-11,8496.6554964425,30.988652662222226,True,16.819568954815637,10.553970943683494,-0.3305153460399181,1.122126532076425,0.0,0.0,1.0,3.465381235607197
XBTUSD,2021-01-13 06:19:59.362391,long,10000487,2021-01-13 22:02:57.987539,True,15.716284763333332,Trade,,2021-01-13,8465.666843780278,15.716284763333332,True,16.86856744697487,10.4256230344196,-0.1729766142826222,0.7598832399852009,0.0,0.0,1.0,2.816383379815858
XBTUSD,2021-01-13 22:02:57.987539,short,60031517,2021-01-15 14:35:20.603528,True,40.5396155525,Trade,,2021-01-13,8449.950559016945,40.5396155525,True,16.86856744697487,10.4256230344196,-0.1729766142826222,0.7598832399852009,0.0,0.0,1.0,3.7266475635303205
XBTUSD,2021-01-15 14:35:20.603528,long,20000094,2021-01-15 16:30:44.515270,True,1.9233088172222224,Trade,,2021-01-15,8409.410943464445,1.9233088172222224,True,17.01515101516741,10.572483381463952,-0.11727127909570186,1.0092803597613034,0.0,0.0,1.0,1.0727161313258182
XBTUSD,2021-01-15 16:30:44.515270,short,363798,2021-01-15 16:34:32.277906,True,0.0632673988888888,Trade,,2021-01-15,8407.487634647223,0.0632673988888888,True,17.01515101516741,10.572483381463952,-0.11727127909570186,1.0092803597613034,0.0,0.0,1.0,0.06134661889158587
XBTUSD,2021-01-15 16:34:32.277906,long,4636202,2021-01-15 17:16:02.966627,True,0.6918579780555556,Trade,,2021-01-15,8407.424367248334,0.6918579780555556,True,17.01515101516741,10.572483381463952,-0.11727127909570186,1.0092803597613034,0.0,0.0,1.0,0.525827320341686
XBTUSD,2021-01-15 17:16:02.966627,short,52862796,2021-01-16 02:38:27.871017,True,9.373584552777778,Trade,,2021-01-15,8406.732509270278,9.373584552777778,True,17.01515101516741,10.572483381463952,-0.11727127909570186,1.0092803597613034,0.0,0.0,1.0,2.3392626281616025
XBTUSD,2021-01-16 02:38:27.871017,long,20000893,2021-01-20 00:04:34.881876,True,93.43528079416666,Trade,,2021-01-16,8397.358924717499,93.43528079416666,True,16.997907212855996,10.510813123277188,-0.1075225620158019,0.7177856842228725,0.0,0.0,1.0,4.547914740555436
XBTUSD,2021-01-20 00:04:34.881876,short,14958310,2021-01-21 04:43:23.643797,True,28.64687831138889,Trade,,2021-01-20,8303.923643923334,28.64687831138889,True,17.000752240590714,10.4981986930847,-0.12006493643003423,0.5406876005559076,0.0,0.0,1.0,3.3893568352934635
XBTUSD,2021-01-21 04:43:23.643797,long,41690,2021-01-21 09:30:50.858692,True,4.790893026388889,Trade,,2021-01-21,8275.276765611945,4.790893026388889,True,16.987156180692704,10.477723937118638,-0.12305249063790398,0.5483643137571168,0.0,0.0,1.0,1.7562865156829288
XBTUSD,2021-01-21 09:30:50.858692,short,55002547,2021-01-23 02:46:24.380566,True,41.25931163166667,Trade,,2021-01-21,8270.485872585556,41.25931163166667,True,16.987156180692704,10.477723937118638,-0.12305249063790398,0.5483643137571168,0.0,0.0,1.0,3.7438247231689856
XBTUSD,2021-01-23 02:46:24.380566,long,20000469,2021-01-26 19:11:59.505500,True,88.42642359277778,Trade,,2021-01-23,8229.226560953888,88.42642359277778,True,16.957034226742174,10.40385171827879,0.03332529763752165,0.415285208458408,0.0,0.0,1.0,4.493416204423209
XBTUSD,2021-01-26 19:11:59.505500,short,30070082,2021-01-29 06:11:44.871969,True,58.99593513027778,Trade,,2021-01-26,8140.800137361111,58.99593513027778,True,17.0072887938162,10.386521725113749,0.013523647147887292,0.2243984650776491,0.0,0.0,1.0,4.094276812098409
XBTUSD,2021-01-29 06:11:44.871969,long,30026613,2021-01-29 09:01:01.584422,True,2.8213090147222224,Trade,,2021-01-29,8081.804202230834,2.8213090147222224,True,17.06876794742681,10.419637604199343,0.0948430574168561,0.2306208813051879,0.0,0.0,1.0,1.3405930379302073
XBTUSD,2021-01-29 09:01:01.584422,short,4973387,2021-01-29 09:02:48.263016,True,0.0296329427777777,Trade,,2021-01-29,8078.982893216111,0.0296329427777777,True,17.06876794742681,10.419637604199343,0.0948430574168561,0.2306208813051879,0.0,0.0,1.0,0.029202372492840502
XBTUSD,2021-01-29 09:02:48.263016,long,20026613,2021-01-29 21:06:34.256901,True,12.062776079166667,Trade,,2021-01-29,8078.953260273333,12.062776079166667,True,17.06876794742681,10.419637604199343,0.0948430574168561,0.2306208813051879,0.0,0.0,1.0,2.5697666647488924
XBTUSD,2021-01-29 21:06:34.256901,short,55001150,2021-02-14 11:07:34.846106,True,374.0168303347223,Trade,,2021-01-29,8066.890484194167,168.0,True,17.06876794742681,10.419637604199343,0.0948430574168561,0.2306208813051879,0.0,0.0,1.0,5.1298987149230735
XBTUSD,2021-02-14 11:07:34.846106,long,1019783,2021-02-15 02:29:50.043289,True,15.370888106388888,Trade,,2021-02-14,7692.873653859444,15.370888106388888,True,17.14703755523714,10.762331888504049,0.03188661366914357,0.2090664187319488,0.0,0.0,1.0,2.7955046419816356
XBTUSD,2021-02-15 02:29:50.043289,short,44478811,2021-02-16 12:00:27.220450,True,33.510326989166664,Trade,,2021-02-15,7677.502765753056,33.510326989166664,True,17.1395542450927,10.796096624582612,0.006610022449447477,0.3301390708358762,0.0,0.0,1.0,3.5412586122654477
XBTUSD,2021-02-16 12:00:27.220450,long,3680897,2021-02-19 00:41:56.561943,True,60.69148374805556,Trade,,2021-02-16,7643.992438763889,60.69148374805556,True,17.0728412746295,10.781250359280527,0.006676020963671421,0.3298475416496658,0.0,0.0,1.0,4.122145894610955
XBTUSD,2021-02-19 00:41:56.561943,short,23210014,2021-02-19 09:04:06.815823,True,8.369514966666667,Trade,,2021-02-19,7583.300955015834,8.369514966666667,True,17.14176143690072,10.852246828826985,0.021973573283985935,0.4248237697790056,0.0,0.0,1.0,2.2374613304138826
XBTUSD,2021-02-19 09:04:06.815823,long,20002993,2021-02-19 19:24:17.560081,True,10.336317849444445,Trade,,2021-02-19,7574.931440049167,10.336317849444445,True,17.14176143690072,10.852246828826985,0.021973573283985935,0.4248237697790056,0.0,0.0,1.0,2.428011540937113
XBTUSD,2021-02-19 19:24:17.560081,short,50234429,2021-02-23 08:18:02.640782,True,84.89585575027778,Trade,,2021-02-19,7564.595122199722,84.89585575027778,True,17.14176143690072,10.852246828826985,0.021973573283985935,0.4248237697790056,0.0,0.0,1.0,4.453135582777227
XBTUSD,2021-02-23 08:18:02.640782,long,945,2021-02-24 08:29:03.856842,True,24.183671127777775,Trade,,2021-02-23,7479.699266449445,24.183671127777775,True,17.306202678761586,10.89585288348813,-0.09473865135105129,0.6840953291633565,0.0,0.0,1.0,3.2261958133734305
XBTUSD,2021-02-24 08:29:03.856842,short,50000845,2021-02-25 23:59:26.991558,True,39.50642631,Trade,,2021-02-24,7455.515595321666,39.50642631,True,17.26142757992483,10.790565496421287,0.004904886616860282,0.5073358528152949,0.0,0.0,1.0,3.7014606358460425
XBTUSD,2021-02-25 23:59:26.991558,long,518330,2021-02-26 01:24:11.902788,True,1.4124753416666669,Trade,,2021-02-25,7416.009169011667,1.4124753416666669,True,17.321314391384465,10.811087542860562,0.004815516935594171,0.5289264428024307,0.0,0.0,1.0,0.8806533331079568
XBTUSD,2021-02-26 01:24:11.902788,short,50295232,2021-02-26 22:11:07.286113,True,20.782050923611116,Trade,,2021-02-26,7414.596693670001,20.782050923611116,True,17.28135204710871,10.769918302761743,0.022749626656801886,0.4573284230817662,0.0,0.0,1.0,3.0810862785265822
XBTUSD,2021-02-26 22:11:07.286113,long,9999162,2021-02-26 22:20:57.533148,True,0.1639575097222222,Trade,,2021-02-26,7393.814642746389,0.1639575097222222,True,17.28135204710871,10.769918302761743,0.022749626656801886,0.4573284230817662,0.0,0.0,1.0,0.15182584496790388
XBTUSD,2021-02-26 22:20:57.533148,short,15544794,2021-02-27 07:06:17.262046,True,8.755480249444444,Trade,,2021-02-26,7393.650685236667,8.755480249444444,True,17.28135204710871,10.769918302761743,0.022749626656801886,0.4573284230817662,0.0,0.0,1.0,2.2778292039698185
XBTUSD,2021-02-27 07:06:17.262046,long,19998864,2021-03-01 13:04:42.462011,True,53.973666656944445,Trade,,2021-02-27,7384.895204987221,53.973666656944445,True,17.31491962533659,10.741422450698511,-0.012162899737169367,0.5228389269740719,0.0,0.0,1.0,4.006854282521315
XBTUSD,2021-03-01 13:04:42.462011,short,80172646,2021-04-24 12:04:08.502373,True,1294.9905667672224,Trade,,2021-03-01,7330.921538330278,168.0,True,17.26528879030962,10.722374125374,-0.05757225104129505,0.3276141715220684,0.0,0.0,1.0,5.1298987149230735
XBTUSD,2021-04-24 12:04:08.502373,long,20002775,2021-04-26 01:09:53.052902,True,37.09570848027778,Trade,,2021-04-24,6035.930971563056,37.09570848027778,True,17.37868900612294,10.838696404189765,-0.6120560055729438,-0.0311909579507776,0.0,0.0,1.0,3.640101637475565
XBTUSD,2021-04-26 01:09:53.052902,short,80019777,2021-05-04 16:07:56.037301,True,206.96749566638888,Trade,,2021-04-26,5998.8352630827785,168.0,True,17.382661861030027,10.798492148412963,-0.6978787828203732,-0.1070986112674309,0.0,0.0,1.0,5.1298987149230735
XBTUSD,2021-05-04 16:07:56.037301,long,1902,2021-05-05 10:05:36.801631,True,17.961323425,Trade,,2021-05-04,5791.867767416389,17.961323425,True,17.3608647046882,10.955061370020575,-0.42599703197781463,-0.0006869130206447,0.0,0.0,1.0,2.942401295287531
XBTUSD,2021-05-05 10:05:36.801631,short,26565110,2021-05-06 16:07:32.641604,True,30.032177770277777,Trade,,2021-05-05,5773.906443991389,30.032177770277777,True,17.418387369206954,10.891617135522816,-0.3760854038475199,-0.0769402275787376,0.0,0.0,1.0,3.4350246587329414
XBTUSD,2021-05-06 16:07:32.641604,long,66626353,2021-05-13 12:13:56.319753,True,164.10657726361111,Trade,,2021-05-06,5743.874266221112,164.10657726361111,True,17.172125766859363,10.956789066012558,-0.32111985995995596,-0.0240627411065695,0.0,0.0,1.0,5.106591188191993
XBTUSD,2021-05-13 12:13:56.319753,short,19998620,2021-05-13 17:09:36.820109,True,4.927916765555556,Trade,,2021-05-13,5579.7676889575005,4.927916765555556,True,16.987847824939667,10.839038707509722,-0.21075281388686465,-0.1491268116965648,0.0,0.0,1.0,1.7796728469970258
XBTUSD,2021-05-13 17:09:36.820109,long,10035488,2021-05-13 21:52:39.374290,True,4.717376161388889,Trade,,2021-05-13,5574.839772191945,4.717376161388889,True,16.987847824939667,10.839038707509722,-0.21075281388686465,-0.1491268116965648,0.0,0.0,1.0,1.7435099871067927
XBTUSD,2021-05-13 21:52:39.374290,short,10413618,2021-05-17 04:04:36.235444,True,78.19912809833333,Trade,,2021-05-13,5570.122396030555,78.19912809833333,True,16.987847824939667,10.839038707509722,-0.21075281388686465,-0.1491268116965648,0.0,0.0,1.0,4.371965289900355
XBTUSD,2021-05-17 04:04:36.235444,long,14996382,2021-05-17 12:02:05.893110,True,7.958238240555556,Trade,,2021-05-17,5491.923267932221,7.958238240555556,True,17.02363112721409,10.736885766911742,-0.21760356517290508,-0.2525308762293363,0.0,0.0,1.0,2.192573582715626
XBTUSD,2021-05-17 12:02:05.893110,short,23702676,2021-05-17 17:25:36.943582,True,5.3919584644444445,Trade,,2021-05-17,5483.965029691667,5.3919584644444445,True,17.02363112721409,10.736885766911742,-0.21760356517290508,-0.2525308762293363,0.0,0.0,1.0,1.855040710389739
XBTUSD,2021-05-17 17:25:36.943582,long,4997324,2021-05-17 18:08:28.333138,True,0.7142748766666667,Trade,,2021-05-17,5478.5730712272225,0.7142748766666667,True,17.02363112721409,10.736885766911742,-0.21760356517290508,-0.2525308762293363,0.0,0.0,1.0,0.5389901787682589
XBTUSD,2021-05-17 18:08:28.333138,short,29721673,2021-05-19 01:55:01.316645,True,31.775828751944445,Trade,,2021-05-17,5477.858796350555,31.775828751944445,True,17.02363112721409,10.736885766911742,-0.21760356517290508,-0.2525308762293363,0.0,0.0,1.0,3.4896913154305924
XBTUSD,2021-05-19 01:55:01.316645,long,40702992,2021-05-19 13:33:45.158649,True,11.645511667777775,Trade,,2021-05-19,5446.0829675986115,11.645511667777775,True,17.143366596525112,10.66405525490616,-0.22895372416392157,-0.2411749457876539,0.0,0.0,1.0,2.5373023433426467
XBTUSD,2021-05-19 13:33:45.158649,short,30466395,2021-05-19 16:53:33.526333,True,3.3301021344444446,Trade,,2021-05-19,5434.437455930833,3.3301021344444446,True,17.143366596525112,10.66405525490616,-0.22895372416392157,-0.2411749457876539,0.0,0.0,1.0,1.4655911293677262
XBTUSD,2021-05-19 16:53:33.526333,long,5345653,2021-05-19 16:59:02.612348,True,0.0914127819444444,Trade,,2021-05-19,5431.107353796388,0.0914127819444444,True,17.143366596525112,10.66405525490616,-0.22895372416392157,-0.2411749457876539,0.0,0.0,1.0,0.08747298721364216
XBTUSD,2021-05-19 16:59:02.612348,short,22362982,2021-05-20 00:39:19.561953,True,7.671374890277778,Trade,,2021-05-19,5431.015941014444,7.671374890277778,True,17.143366596525112,10.66405525490616,-0.22895372416392157,-0.2411749457876539,0.0,0.0,1.0,2.160027358413456
XBTUSD,2021-05-20 00:39:19.561953,long,20005019,2021-05-20 04:02:23.985319,True,3.3845620461111112,Trade,,2021-05-20,5423.344566124167,3.3845620461111112,True,16.322428459959802,10.535889541557976,-0.10851170030116022,-0.3253803446930869,0.0,0.0,1.0,1.4780897453769928
XBTUSD,2021-05-20 04:02:23.985319,short,20001043,2021-05-20 16:15:06.589855,True,12.211834593333332,Trade,,2021-05-20,5419.960004078056,12.211834593333332,True,16.322428459959802,10.535889541557976,-0.10851170030116022,-0.3253803446930869,0.0,0.0,1.0,2.5811129880233907
XBTUSD,2021-05-20 16:15:06.589855,long,39173264,2021-05-20 20:06:52.714196,True,3.862812316944445,Trade,,2021-05-20,5407.748169484722,3.862812316944445,True,16.322428459959802,10.535889541557976,-0.10851170030116022,-0.3253803446930869,0.0,0.0,1.0,1.581616936587724
XBTUSD,2021-05-20 20:06:52.714196,short,8341500,2021-05-21 14:37:44.416684,True,18.514361802222226,Trade,,2021-05-20,5403.885357167777,18.514361802222226,True,16.322428459959802,10.535889541557976,-0.10851170030116022,-0.3253803446930869,0.0,0.0,1.0,2.9711506971627615
XBTUSD,2021-05-21 14:37:44.416684,long,10130409,2021-05-23 22:57:55.363498,True,56.336374115,Trade,,2021-05-21,5385.370995365555,56.336374115,True,16.566683715363805,10.61642270703917,-0.04970870383109393,-0.2775590160245635,0.0,0.0,1.0,4.048935223628472
XBTUSD,2021-05-23 22:57:55.363498,short,20000591,2021-05-25 20:32:25.864638,True,45.57513920555556,Trade,,2021-05-23,5329.034621250556,45.57513920555556,True,16.7643609256772,10.535913445001635,-0.014137191054188843,-0.27444245784078,0.0,0.0,1.0,3.841066905330326
XBTUSD,2021-05-25 20:32:25.864638,long,47773161,2021-05-31 12:15:43.609963,True,135.72159592361112,Trade,,2021-05-25,5283.459482045,135.72159592361112,True,16.948367774517326,10.561795046301738,0.09038344524093925,-0.2316935416148841,0.0,0.0,1.0,4.917946711673753
XBTUSD,2021-05-31 12:15:43.609963,short,28419029,2021-06-01 08:18:48.525428,True,20.051365406944445,Trade,,2021-05-31,5147.737886121389,20.051365406944445,True,17.205671540027467,10.481565259063867,0.013567440550532224,-0.382554954581336,0.0,0.0,1.0,3.04696542296273
XBTUSD,2021-06-01 08:18:48.525428,long,20378806,2021-06-01 13:42:08.850358,True,5.388979147222222,Trade,,2021-06-01,5127.686520714444,5.388979147222222,True,17.272835520154487,10.527096397612269,0.03397762694144863,-0.3551562451663452,0.0,0.0,1.0,1.854574497758599
XBTUSD,2021-06-01 13:42:08.850358,short,58401516,2021-06-08 14:19:43.859466,True,168.6263914188889,Trade,,2021-06-01,5122.297541567223,168.0,True,17.272835520154487,10.527096397612269,0.03397762694144863,-0.3551562451663452,0.0,0.0,1.0,5.1298987149230735
XBTUSD,2021-06-08 14:19:43.859466,long,17374300,2021-06-08 20:27:31.268747,True,6.129835911388889,Trade,,2021-06-08,4953.671150148333,6.129835911388889,True,17.626334140221118,10.425991945765547,0.018768881673264147,-0.4258234223343378,0.0,0.0,1.0,1.964288220330932
XBTUSD,2021-06-08 20:27:31.268747,short,64947200,2021-06-12 03:39:50.405293,True,79.20531570722223,Trade,,2021-06-08,4947.541314236945,79.20531570722223,True,17.626334140221118,10.425991945765547,0.018768881673264147,-0.4258234223343378,0.0,0.0,1.0,4.384589793314685
XBTUSD,2021-06-12 03:39:50.405293,long,52467100,2021-06-13 20:13:09.519346,True,40.555309459166665,Trade,,2021-06-12,4868.335998529723,40.555309459166665,True,17.700205311121643,10.523671305269936,0.05651904764745911,-0.2704792025488942,0.0,0.0,1.0,3.7270252979551617
XBTUSD,2021-06-13 20:13:09.519346,short,70002900,2021-06-18 14:09:40.954653,True,113.94206536305556,Trade,,2021-06-13,4827.780689070556,113.94206536305556,True,17.69500411294286,10.48204204516201,0.05934816022628817,-0.277492964675002,0.0,0.0,1.0,4.744428221972057
XBTUSD,2021-06-18 14:09:40.954653,long,35122200,2021-06-21 04:58:02.225727,True,62.80590863166666,Trade,,2021-06-18,4713.8386237075,62.80590863166666,True,17.90960906515424,10.545831929836451,0.09703254220270562,-0.1115023933334804,0.0,0.0,1.0,4.155845797844147
XBTUSD,2021-06-21 04:58:02.225727,short,28027000,2021-06-21 10:57:19.914666,True,5.9882469275,Trade,,2021-06-21,4651.032715075834,5.9882469275,True,17.59757798044124,10.480099284210523,-0.0688401506860385,-0.0423515145080738,0.0,0.0,1.0,1.9442297275805387
XBTUSD,2021-06-21 10:57:19.914666,long,17996800,2021-06-21 14:00:24.966534,True,3.051403296666667,Trade,,2021-06-21,4645.044468148333,3.051403296666667,True,17.59757798044124,10.480099284210523,-0.0688401506860385,-0.0423515145080738,0.0,0.0,1.0,1.3990633141077249
XBTUSD,2021-06-21 14:00:24.966534,short,505700,2021-06-21 14:22:30.987206,True,0.3683390755555555,Trade,,2021-06-21,4641.9930648516665,0.3683390755555555,True,17.59757798044124,10.480099284210523,-0.0688401506860385,-0.0423515145080738,0.0,0.0,1.0,0.31359765073579965
XBTUSD,2021-06-21 14:22:30.987206,long,9494300,2021-06-21 14:43:01.886525,True,0.3419164775,Trade,,2021-06-21,4641.624725776111,0.3419164775,True,17.59757798044124,10.480099284210523,-0.0688401506860385,-0.0423515145080738,0.0,0.0,1.0,0.29409879928032706
XBTUSD,2021-06-21 14:43:01.886525,short,5505700,2021-06-21 15:46:13.611565,True,1.0532569555555555,Trade,,2021-06-21,4641.282809298611,1.0532569555555555,True,17.59757798044124,10.480099284210523,-0.0688401506860385,-0.0423515145080738,0.0,0.0,1.0,0.7194272912157973
XBTUSD,2021-06-21 15:46:13.611565,long,9494300,2021-06-21 18:54:31.558977,True,3.138318725555556,Trade,,2021-06-21,4640.229552343056,3.138318725555556,True,17.59757798044124,10.480099284210523,-0.0688401506860385,-0.0423515145080738,0.0,0.0,1.0,1.4202896004160093
XBTUSD,2021-06-21 18:54:31.558977,short,49343600,2021-06-22 10:25:46.896331,True,15.520927042777778,Trade,,2021-06-21,4637.0912336175,15.520927042777778,True,17.59757798044124,10.480099284210523,-0.0688401506860385,-0.0423515145080738,0.0,0.0,1.0,2.804627882909273
XBTUSD,2021-06-22 10:25:46.896331,long,28207200,2021-06-22 15:29:40.875255,True,5.064994145555556,Trade,,2021-06-22,4621.570306574722,5.064994145555556,True,17.54832444192478,10.364550074648692,0.012790048621808218,-0.1574846272654968,0.0,0.0,1.0,1.8025335771120448
XBTUSD,2021-06-22 15:29:40.875255,short,53657400,2021-06-23 19:52:39.647796,True,28.3829923725,Trade,,2021-06-22,4616.505312429167,28.3829923725,True,17.54832444192478,10.364550074648692,0.012790048621808218,-0.1574846272654968,0.0,0.0,1.0,3.3804160162230215
XBTUSD,2021-06-23 19:52:39.647796,long,30021800,2021-06-26 11:29:54.249993,True,63.6207228325,Trade,,2021-06-23,4588.1223200566665,63.6207228325,True,17.579790909669637,10.38574565046842,-0.01902563813694664,-0.0684315133845376,0.0,0.0,1.0,4.16853514622825
XBTUSD,2021-06-26 11:29:54.249993,short,19978200,2021-06-28 10:13:52.280386,True,46.732786220277774,Trade,,2021-06-26,4524.501597224166,46.732786220277774,True,17.384490044181344,10.363551420637595,-0.03700068224162187,-0.1916413506447426,0.0,0.0,1.0,3.8656185039270587
XBTUSD,2021-06-28 10:13:52.280386,long,20021800,2021-06-30 21:40:03.875300,True,59.43655414277777,Trade,,2021-06-28,4477.768811003889,59.43655414277777,True,17.41338089086232,10.448902735974825,-0.02871983383731236,-0.0306271705997596,0.0,0.0,1.0,4.101594122919843
XBTUSD,2021-06-30 21:40:03.875300,short,19690300,2021-07-01 13:59:47.866758,True,16.328886516111112,Trade,,2021-06-30,4418.332256861111,16.328886516111112,True,17.370830711711402,10.489433029543942,-0.024943130119221106,0.0078988027176909,0.0,0.0,1.0,2.852374849852033
XBTUSD,2021-07-01 13:59:47.866758,long,22084800,2021-07-05 18:00:12.989355,True,100.00697849916666,Trade,,2021-07-01,4402.003370345,100.00697849916666,True,17.310374929663524,10.464972054861274,-0.035649752532260034,-0.0602339735671476,0.0,0.0,1.0,4.61518960850553
XBTUSD,2021-07-05 18:00:12.989355,short,20004000,2021-07-09 01:31:06.884108,True,79.51497076472222,Trade,,2021-07-05,4301.996391845833,79.51497076472222,True,17.472496587476577,10.473212297734946,-0.05572216600203769,-0.0414475161009917,0.0,0.0,1.0,4.3884431393664
XBTUSD,2021-07-09 01:31:06.884108,long,32555500,2021-07-12 22:14:30.994395,True,92.72336396861112,Trade,,2021-07-09,4222.481421081111,92.72336396861112,True,17.395359212206106,10.398782990769732,-0.07097829780902988,-0.0195784446417328,0.0,0.0,1.0,4.540347506813301
XBTUSD,2021-07-12 22:14:30.994395,short,42514700,2021-07-22 11:14:23.703218,True,228.99797467305555,Trade,,2021-07-12,4129.7580571125,168.0,True,17.507084546968297,10.441688277259782,-0.15904180083698655,-0.0787124053526364,0.0,0.0,1.0,5.1298987149230735
XBTUSD,2021-07-22 11:14:23.703218,long,20008800,2021-07-26 06:40:00.561049,True,91.42690495305555,Trade,,2021-07-22,3900.7600824394444,91.42690495305555,True,17.369317899588566,10.377223496329808,-0.37283207006816743,0.0127540698255317,0.0,0.0,1.0,4.526418115408841
XBTUSD,2021-07-26 06:40:00.561049,short,29891400,2021-07-26 08:08:13.223723,True,1.4701840761111111,Trade,,2021-07-26,3809.333177486389,1.4701840761111111,True,17.583886333091538,10.466524266312453,-0.5042928465697128,0.1084613091485409,0.0,0.0,1.0,0.9042926726043958
XBTUSD,2021-07-26 08:08:13.223723,long,108600,2021-07-26 10:59:09.571905,True,2.848985606111111,Trade,,2021-07-26,3807.862993410278,2.848985606111111,True,17.583886333091538,10.466524266312453,-0.5042928465697128,0.1084613091485409,0.0,0.0,1.0,1.347809634650842
XBTUSD,2021-07-26 10:59:09.571905,short,83345200,2021-08-03 07:53:17.471519,True,188.90219433722223,Trade,,2021-07-26,3805.014007804167,168.0,True,17.583886333091538,10.466524266312453,-0.5042928465697128,0.1084613091485409,0.0,0.0,1.0,5.1298987149230735
XBTUSD,2021-08-03 07:53:17.471519,long,40261300,2021-08-05 17:58:33.848421,True,58.08788247277778,Trade,,2021-08-03,3616.111813466944,58.08788247277778,True,17.51518235501725,10.57908631339498,-0.5261515958363947,0.1363458832743298,0.0,0.0,1.0,4.0790258690880865
XBTUSD,2021-08-05 17:58:33.848421,short,20249100,2021-08-06 04:36:17.351664,True,10.628750900833332,Trade,,2021-08-05,3558.0239309941667,10.628750900833332,True,17.635827442922423,10.590966482596816,-0.5332286370475899,0.1728650643094493,0.0,0.0,1.0,2.4534805575666785
XBTUSD,2021-08-06 04:36:17.351664,long,10813500,2021-08-07 04:17:08.684329,True,23.68092574027777,Trade,,2021-08-06,3547.3951800933337,23.68092574027777,True,17.699741991128374,10.619903171891941,-0.523453352468229,0.1997911308373163,0.0,0.0,1.0,3.206030708069443
XBTUSD,2021-08-07 04:17:08.684329,short,70174900,2021-08-08 17:05:50.817517,True,36.81170366333333,Trade,,2021-08-07,3523.714254353056,36.81170366333333,True,17.800746389572804,10.664068060122966,-0.5018588848223228,0.2610762187531015,0.0,0.0,1.0,3.6326186754260417
XBTUSD,2021-08-08 17:05:50.817517,long,308700,2021-08-08 19:30:58.272284,True,2.418737435277777,Trade,,2021-08-08,3486.9025506897224,2.418737435277777,True,17.848972546599487,10.702905097905255,-0.5174015026935389,0.3554345542160197,0.0,0.0,1.0,1.2292713119427248
XBTUSD,2021-08-08 19:30:58.272284,short,85169400,2021-08-12 15:54:21.810472,True,92.38987171888888,Trade,,2021-08-08,3484.4838132544446,92.38987171888888,True,17.848972546599487,10.702905097905255,-0.5174015026935389,0.3554345542160197,0.0,0.0,1.0,4.536782899514182
XBTUSD,2021-08-12 15:54:21.810472,long,5569900,2021-08-13 02:53:46.292037,True,10.990133768055555,Trade,,2021-08-12,3392.0939415355556,10.990133768055555,True,17.9341571485537,10.729335419931145,-0.5167396556155894,0.3784820027491817,0.0,0.0,1.0,2.484084125612347
XBTUSD,2021-08-13 02:53:46.292037,short,70039500,2021-08-18 19:59:34.066307,True,137.0966039638889,Trade,,2021-08-13,3381.1038077675,137.0966039638889,True,17.976577957372847,10.701124207344975,-0.5019626761059196,0.3603878760699548,0.0,0.0,1.0,4.927953468975217
XBTUSD,2021-08-18 19:59:34.066307,long,74452600,2021-09-07 08:33:58.154893,True,468.5733579405556,Trade,,2021-08-18,3244.007203803611,168.0,True,18.04362407089533,10.70804409549871,-0.4283201460093825,0.4101966199111613,0.0,0.0,1.0,5.1298987149230735
XBTUSD,2021-09-07 08:33:58.154893,short,29780200,2021-09-07 14:29:38.431522,True,5.927854619166666,Trade,,2021-09-07,2775.4338458630555,5.927854619166666,True,17.92483619826541,10.871242743255317,-0.624570524533368,0.1833360911313841,0.0,0.0,1.0,1.9355501865085853
XBTUSD,2021-09-07 14:29:38.431522,long,80091300,2021-09-15 14:56:26.306164,True,192.446631845,Trade,,2021-09-07,2769.5059912438887,168.0,True,17.92483619826541,10.871242743255317,-0.624570524533368,0.1833360911313841,0.0,0.0,1.0,5.1298987149230735
XBTUSD,2021-09-15 14:56:26.306164,short,80272100,2021-09-20 12:32:23.501293,True,117.59922086916669,Trade,,2021-09-15,2577.059359398889,117.59922086916669,True,17.75303273287293,10.758383993870382,-0.43957373289745966,-0.0010993869815083,0.0,0.0,1.0,4.775749917142103
XBTUSD,2021-09-20 12:32:23.501293,long,27900,2021-09-20 13:27:21.818167,True,0.9161991316666668,Trade,,2021-09-20,2459.4601385297224,0.9161991316666668,True,17.867290553723613,10.76254049322813,-0.5054112133555476,-0.0410708222874768,0.0,0.0,1.0,0.650343605080722
XBTUSD,2021-09-20 13:27:21.818167,short,30072100,2021-09-20 19:10:13.772896,True,5.714431869166667,Trade,,2021-09-20,2458.543939398056,5.714431869166667,True,17.867290553723613,10.76254049322813,-0.5054112133555476,-0.0410708222874768,0.0,0.0,1.0,1.9042592201660582
XBTUSD,2021-09-20 19:10:13.772896,long,31561200,2021-09-21 06:30:09.421915,True,11.332124727499998,Trade,,2021-09-20,2452.8295075288893,11.332124727499998,True,17.867290553723613,10.76254049322813,-0.5054112133555476,-0.0410708222874768,0.0,0.0,1.0,2.5122076241067166
XBTUSD,2021-09-21 06:30:09.421915,short,50038800,2021-09-21 18:35:35.286752,True,12.090518010277778,Trade,,2021-09-21,2441.497382801389,12.090518010277778,True,17.881465909105753,10.665589511903486,-0.37209792545443526,-0.1266496862964329,0.0,0.0,1.0,2.571888152116495
XBTUSD,2021-09-21 18:35:35.286752,long,30241700,2021-09-22 07:52:45.361127,True,13.286131770833332,Trade,,2021-09-21,2429.406864791111,13.286131770833332,True,17.881465909105753,10.665589511903486,-0.37209792545443526,-0.1266496862964329,0.0,0.0,1.0,2.6592892604641
XBTUSD,2021-09-22 07:52:45.361127,short,62745800,2021-09-24 13:03:07.636502,True,53.17285427083333,Trade,,2021-09-22,2416.120733020278,53.17285427083333,True,17.83593066337448,10.609711097960513,-0.3412628221524262,-0.1790160673589265,0.0,0.0,1.0,3.992179939269933
XBTUSD,2021-09-24 13:03:07.636502,long,23354000,2021-09-24 14:08:02.856828,True,1.0820056461111112,Trade,,2021-09-24,2362.9478787494445,1.0820056461111112,True,17.60167720710558,10.711330742851855,-0.27080693695035374,-0.0639438507383115,0.0,0.0,1.0,0.7333316820580295
XBTUSD,2021-09-24 14:08:02.856828,short,42111600,2021-09-26 07:50:55.387275,True,41.71459179083333,Trade,,2021-09-24,2361.8658731033333,41.71459179083333,True,17.60167720710558,10.711330742851855,-0.27080693695035374,-0.0639438507383115,0.0,0.0,1.0,3.7545405899813833
XBTUSD,2021-09-26 07:50:55.387275,long,15088400,2021-09-27 13:31:37.857286,True,29.678463891944443,Trade,,2021-09-26,2320.1512813125,29.678463891944443,True,17.731204399185508,10.662779755870453,-0.2695915040933879,-0.0944065818880791,0.0,0.0,1.0,3.423560906534508
XBTUSD,2021-09-27 13:31:37.857286,short,60092400,2021-10-22 20:27:34.539427,True,606.9324117058333,Trade,,2021-09-27,2290.4728174205557,168.0,True,17.840302586081535,10.672004095622997,-0.28749111159019664,-0.1206394559805452,0.0,0.0,1.0,5.1298987149230735
XBTUSD,2021-10-22 20:27:34.539427,long,35015100,2021-10-31 05:30:51.270200,True,201.0546474369445,Trade,,2021-10-22,1683.5404057147223,168.0,True,17.73887287407254,11.040901967093658,-0.3757096516605273,0.5390892865613077,0.0,0.0,1.0,5.1298987149230735
XBTUSD,2021-10-31 05:30:51.270200,short,9984900,2021-11-09 16:45:44.851671,True,227.24821707527775,Trade,,2021-10-31,1482.4857582777777,168.0,True,17.717935409942363,11.030734535880253,-0.42589703517644023,0.4102498004593753,0.0,0.0,1.0,5.1298987149230735
XBTUSD,2021-11-09 16:45:44.851671,long,70942300,2021-12-24 03:28:15.683307,True,1066.7085643433334,Trade,,2021-11-09,1255.2375412025,168.0,True,17.53013115104409,11.120501285727656,-0.564255118884937,0.2277880913318584,0.0,0.0,1.0,5.1298987149230735
XBTUSD,2021-12-24 03:28:15.683307,short,29080100,2022-01-01 00:00:00.000000,False,,right_censored,188.52897685916668,2021-12-24,188.52897685916668,168.0,True,17.43637751479378,10.83393699055299,-0.35816244972816413,-0.1202120515886965,0.0,0.0,1.0,5.1298987149230735
