time,CapMrktCurUSD,PriceUSD,SplyCur
2009-01-03,,,0.0
2009-01-04,,,0.0
2009-01-05,,,0.0
2009-01-06,,,0.0
2009-01-07,,,0.0
2009-01-08,,,0.0
2009-01-09,,,950.0
2009-01-10,,,4000.0
2009-01-11,,,8650.0
2009-01-12,,,13350.0
2009-01-13,,,19500.0
2009-01-14,,,25950.0
2009-01-15,,,32250.0
2009-01-16,,,37650.0
2009-01-17,,,43100.0
2009-01-18,,,48450.0
2009-01-19,,,54200.0
2009-01-20,,,59900.0
2009-01-21,,,65000.0
2009-01-22,,,69550.0
2009-01-23,,,73750.0
2009-01-24,,,83800.0
2009-01-25,,,93350.0
2009-01-26,,,98150.0
2009-01-27,,,103000.0
2009-01-28,,,108600.0
2009-01-29,,,114650.0
2009-01-30,,,120500.0
2009-01-31,,,127400.0
2009-02-01,,,133050.0
2009-02-02,,,139450.0
2009-02-03,,,146400.0
2009-02-04,,,152350.0
2009-02-05,,,158650.0
2009-02-06,,,164750.0
2009-02-07,,,171200.0
2009-02-08,,,177800.0
2009-02-09,,,184500.0
2009-02-10,,,190500.0
2009-02-11,,,197150.0
2009-02-12,,,203100.0
2009-02-13,,,209300.0
2009-02-14,,,216100.0
2009-02-15,,,222500.0
2009-02-16,,,228600.0
2009-02-17,,,234450.0
2009-02-18,,,240350.0
2009-02-19,,,246550.0
2009-02-20,,,252650.0
2009-02-21,,,258350.0
2009-02-22,,,264400.0
2009-02-23,,,269800.0
2009-02-24,,,275100.0
2009-02-25,,,280350.0
2009-02-26,,,285700.0
2009-02-27,,,291450.0
2009-02-28,,,296400.0
2009-03-01,,,301650.0
2009-03-02,,,307050.0
2009-03-03,,,312300.0
2009-03-04,,,317500.0
2009-03-05,,,323100.0
2009-03-06,,,328950.0
2009-03-07,,,334400.0
2009-03-08,,,340150.0
2009-03-09,,,345550.0
2009-03-10,,,350900.0
2009-03-11,,,356600.0
2009-03-12,,,362500.0
2009-03-13,,,368150.0
2009-03-14,,,373650.0
2009-03-15,,,379800.0
2009-03-16,,,385850.0
2009-03-17,,,391550.0
2009-03-18,,,397250.0
2009-03-19,,,403350.0
2009-03-20,,,409250.0
2009-03-21,,,411750.0
2009-03-22,,,417700.0
2009-03-23,,,424200.0
2009-03-24,,,429450.0
2009-03-25,,,435300.0
2009-03-26,,,441150.0
2009-03-27,,,446450.0
2009-03-28,,,452400.0
2009-03-29,,,458200.0
2009-03-30,,,464200.0
2009-03-31,,,469700.0
2009-04-01,,,475400.0
2009-04-02,,,481150.0
2009-04-03,,,486950.0
2009-04-04,,,492600.0
2009-04-05,,,499100.0
2009-04-06,,,504550.0
2009-04-07,,,509550.0
2009-04-08,,,514800.0
2009-04-09,,,519750.0
2009-04-10,,,525150.0
2009-04-11,,,531150.0
2009-04-12,,,537050.0
2009-04-13,,,542800.0
2009-04-14,,,549000.0
2009-04-15,,,554650.0
2009-04-16,,,560800.0
2009-04-17,,,566400.0
2009-04-18,,,572700.0
2009-04-19,,,578650.0
2009-04-20,,,584600.0
2009-04-21,,,590750.0
2009-04-22,,,596800.0
2009-04-23,,,600550.0
2009-04-24,,,606300.0
2009-04-25,,,612200.0
2009-04-26,,,617800.0
2009-04-27,,,623000.0
2009-04-28,,,628850.0
2009-04-29,,,635250.0
2009-04-30,,,641800.0
2009-05-01,,,647850.0
2009-05-02,,,654150.0
2009-05-03,,,659450.0
2009-05-04,,,665850.0
2009-05-05,,,672600.0
2009-05-06,,,679350.0
2009-05-07,,,685450.0
2009-05-08,,,690800.0
2009-05-09,,,694700.0
2009-05-10,,,698950.0
2009-05-11,,,704950.0
2009-05-12,,,711450.0
2009-05-13,,,717000.0
2009-05-14,,,723950.0
2009-05-15,,,730750.0
2009-05-16,,,736700.0
2009-05-17,,,743050.0
2009-05-18,,,748950.0
2009-05-19,,,753250.0
2009-05-20,,,759250.0
2009-05-21,,,763350.0
2009-05-22,,,766400.0
2009-05-23,,,768000.0
2009-05-24,,,773000.0
2009-05-25,,,778450.0
2009-05-26,,,784700.0
2009-05-27,,,790650.0
2009-05-28,,,795400.0
2009-05-29,,,800700.0
2009-05-30,,,806150.0
2009-05-31,,,810950.0
2009-06-01,,,814500.0
2009-06-02,,,820050.0
2009-06-03,,,823600.0
2009-06-04,,,826900.0
2009-06-05,,,828400.0
2009-06-06,,,829800.0
2009-06-07,,,830600.0
2009-06-08,,,834700.0
2009-06-09,,,839250.0
2009-06-10,,,843350.0
2009-06-11,,,847800.0
2009-06-12,,,852100.0
2009-06-13,,,856000.0
2009-06-14,,,859600.0
2009-06-15,,,863800.0
2009-06-16,,,867350.0
2009-06-17,,,871300.0
2009-06-18,,,875300.0
2009-06-19,,,879650.0
2009-06-20,,,883550.0
2009-06-21,,,887600.0
2009-06-22,,,891400.0
2009-06-23,,,895200.0
2009-06-24,,,899950.0
2009-06-25,,,903350.0
2009-06-26,,,907850.0
2009-06-27,,,912050.0
2009-06-28,,,914350.0
2009-06-29,,,918500.0
2009-06-30,,,922750.0
2009-07-01,,,926450.0
2009-07-02,,,930600.0
2009-07-03,,,934700.0
2009-07-04,,,939150.0
2009-07-05,,,943100.0
2009-07-06,,,947300.0
2009-07-07,,,950750.0
2009-07-08,,,954450.0
2009-07-09,,,958750.0
2009-07-10,,,962800.0
2009-07-11,,,966950.0
2009-07-12,,,970800.0
2009-07-13,,,974700.0
2009-07-14,,,978150.0
2009-07-15,,,980400.0
2009-07-16,,,983950.0
2009-07-17,,,986300.0
2009-07-18,,,986500.0
2009-07-19,,,990000.0
2009-07-20,,,993500.0
2009-07-21,,,997600.0
2009-07-22,,,1000600.0
2009-07-23,,,1004400.0
2009-07-24,,,1008050.0
2009-07-25,,,1009650.0
2009-07-26,,,1010700.0
2009-07-27,,,1014400.0
2009-07-28,,,1016450.0
2009-07-29,,,1017400.0
2009-07-30,,,1018150.0
2009-07-31,,,1019000.0
2009-08-01,,,1020400.0
2009-08-02,,,1021550.0
2009-08-03,,,1022150.0
2009-08-04,,,1026200.0
2009-08-05,,,1030550.0
2009-08-06,,,1035050.0
2009-08-07,,,1039050.0
2009-08-08,,,1043050.0
2009-08-09,,,1048100.0
2009-08-10,,,1051850.0
2009-08-11,,,1055350.0
2009-08-12,,,1058500.0
2009-08-13,,,1062750.0
2009-08-14,,,1065900.0
2009-08-15,,,1067200.0
2009-08-16,,,1068150.0
2009-08-17,,,1069000.0
2009-08-18,,,1069500.0
2009-08-19,,,1070400.0
2009-08-20,,,1071500.0
2009-08-21,,,1072200.0
2009-08-22,,,1072550.0
2009-08-23,,,1073300.0
2009-08-24,,,1074050.0
2009-08-25,,,1076550.0
2009-08-26,,,1078950.0
2009-08-27,,,1080400.0
2009-08-28,,,1084150.0
2009-08-29,,,1088050.0
2009-08-30,,,1092900.0
2009-08-31,,,1097200.0
2009-09-01,,,1101100.0
2009-09-02,,,1104400.0
2009-09-03,,,1107450.0
2009-09-04,,,1110650.0
2009-09-05,,,1114450.0
2009-09-06,,,1117850.0
2009-09-07,,,1121750.0
2009-09-08,,,1125200.0
2009-09-09,,,1127900.0
2009-09-10,,,1131250.0
2009-09-11,,,1134600.0
2009-09-12,,,1138050.0
2009-09-13,,,1141800.0
2009-09-14,,,1145500.0
2009-09-15,,,1147700.0
2009-09-16,,,1151300.0
2009-09-17,,,1155500.0
2009-09-18,,,1159400.0
2009-09-19,,,1163100.0
2009-09-20,,,1167000.0
2009-09-21,,,1170450.0
2009-09-22,,,1171700.0
2009-09-23,,,1173500.0
2009-09-24,,,1178350.0
2009-09-25,,,1182900.0
2009-09-26,,,1187900.0
2009-09-27,,,1192250.0
2009-09-28,,,1196500.0
2009-09-29,,,1200900.0
2009-09-30,,,1205150.0
2009-10-01,,,1209250.0
2009-10-02,,,1212850.0
2009-10-03,,,1215750.0
2009-10-04,,,1218400.0
2009-10-05,,,1221150.0
2009-10-06,,,1223300.0
2009-10-07,,,1226300.0
2009-10-08,,,1229800.0
2009-10-09,,,1233750.0
2009-10-10,,,1237600.0
2009-10-11,,,1241300.0
2009-10-12,,,1244200.0
2009-10-13,,,1247050.0
2009-10-14,,,1250500.0
2009-10-15,,,1254050.0
2009-10-16,,,1257050.0
2009-10-17,,,1259900.0
2009-10-18,,,1263600.0
2009-10-19,,,1269200.0
2009-10-20,,,1273950.0
2009-10-21,,,1277950.0
2009-10-22,,,1282450.0
2009-10-23,,,1286900.0
2009-10-24,,,1290000.0
2009-10-25,,,1293800.0
2009-10-26,,,1297350.0
2009-10-27,,,1300550.0
2009-10-28,,,1303850.0
2009-10-29,,,1306150.0
2009-10-30,,,1309150.0
2009-10-31,,,1311450.0
2009-11-01,,,1312700.0
2009-11-02,,,1314350.0
2009-11-03,,,1317450.0
2009-11-04,,,1320600.0
2009-11-05,,,1323450.0
2009-11-06,,,1326550.0
2009-11-07,,,1330000.0
2009-11-08,,,1333650.0
2009-11-09,,,1336850.0
2009-11-10,,,1340750.0
2009-11-11,,,1343950.0
2009-11-12,,,1347250.0
2009-11-13,,,1351250.0
2009-11-14,,,1355200.0
2009-11-15,,,1360000.0
2009-11-16,,,1364850.0
2009-11-17,,,1369450.0
2009-11-18,,,1373400.0
2009-11-19,,,1376900.0
2009-11-20,,,1381200.0
2009-11-21,,,1384850.0
2009-11-22,,,1390150.0
2009-11-23,,,1394950.0
2009-11-24,,,1399600.0
2009-11-25,,,1404100.0
2009-11-26,,,1408300.0
2009-11-27,,,1412000.0
2009-11-28,,,1415550.0
2009-11-29,,,1418550.0
2009-11-30,,,1422300.0
2009-12-01,,,1425950.0
2009-12-02,,,1430650.0
2009-12-03,,,1435050.0
2009-12-04,,,1436850.0
2009-12-05,,,1440050.0
2009-12-06,,,1445200.0
2009-12-07,,,1450800.0
2009-12-08,,,1456050.0
2009-12-09,,,1460850.0
2009-12-10,,,1466050.0
2009-12-11,,,1471650.0
2009-12-12,,,1477150.0
2009-12-13,,,1482850.0
2009-12-14,,,1487950.0
2009-12-15,,,1493450.0
2009-12-16,,,1500250.0
2009-12-17,,,1508700.0
2009-12-18,,,1519950.0
2009-12-19,,,1529850.0
2009-12-20,,,1538600.0
2009-12-21,,,1547350.0
2009-12-22,,,1555450.0
2009-12-23,,,1563150.0
2009-12-24,,,1570850.0
2009-12-25,,,1578300.0
2009-12-26,,,1587000.0
2009-12-27,,,1595350.0
2009-12-28,,,1602200.0
2009-12-29,,,1610750.0
2009-12-30,,,1617800.0
2009-12-31,,,1624700.0
2010-01-01,,,1631300.0
2010-01-02,,,1637600.0
2010-01-03,,,1646900.0
2010-01-04,,,1655950.0
2010-01-05,,,1665850.0
2010-01-06,,,1674000.0
2010-01-07,,,1681700.0
2010-01-08,,,1689350.0
2010-01-09,,,1696900.0
2010-01-10,,,1706400.0
2010-01-11,,,1714350.0
2010-01-12,,,1722300.0
2010-01-13,,,1730500.0
2010-01-14,,,1737650.0
2010-01-15,,,1744700.0
2010-01-16,,,1750950.0
2010-01-17,,,1757500.0
2010-01-18,,,1763750.0
2010-01-19,,,1769950.0
2010-01-20,,,1777850.0
2010-01-21,,,1786600.0
2010-01-22,,,1793250.0
2010-01-23,,,1801250.0
2010-01-24,,,1808950.0
2010-01-25,,,1819500.0
2010-01-26,,,1829250.0
2010-01-27,,,1837450.0
2010-01-28,,,1846300.0
2010-01-29,,,1856150.0
2010-01-30,,,1866650.0
2010-01-31,,,1874900.0
2010-02-01,,,1884100.0
2010-02-02,,,1891350.0
2010-02-03,,,1904850.0
2010-02-04,,,1916300.0
2010-02-05,,,1927450.0
2010-02-06,,,1937050.0
2010-02-07,,,1947900.0
2010-02-08,,,1957900.0
2010-02-09,,,1968250.0
2010-02-10,,,1976650.0
2010-02-11,,,1985100.0
2010-02-12,,,1994250.0
2010-02-13,,,2005850.0
2010-02-14,,,2016250.0
2010-02-15,,,2025050.0
2010-02-16,,,2034800.0
2010-02-17,,,2046750.0
2010-02-18,,,2057150.0
2010-02-19,,,2066750.0
2010-02-20,,,2077150.0
2010-02-21,,,2088300.0
2010-02-22,,,2101300.0
2010-02-23,,,2113800.0
2010-02-24,,,2122350.0
2010-02-25,,,2130050.0
2010-02-26,,,2138650.0
2010-02-27,,,2147250.0
2010-02-28,,,2155050.0
2010-03-01,,,2164800.0
2010-03-02,,,2174200.0
2010-03-03,,,2181800.0
2010-03-04,,,2191050.0
2010-03-05,,,2199600.0
2010-03-06,,,2208450.0
2010-03-07,,,2217400.0
2010-03-08,,,2223650.0
2010-03-09,,,2230950.0
2010-03-10,,,2239050.0
2010-03-11,,,2245700.0
2010-03-12,,,2251750.0
2010-03-13,,,2259400.0
2010-03-14,,,2265650.0
2010-03-15,,,2272400.0
2010-03-16,,,2278700.0
2010-03-17,,,2285500.0
2010-03-18,,,2292500.0
2010-03-19,,,2300150.0
2010-03-20,,,2309750.0
2010-03-21,,,2318900.0
2010-03-22,,,2327850.0
2010-03-23,,,2338200.0
2010-03-24,,,2346750.0
2010-03-25,,,2356100.0
2010-03-26,,,2365950.0
2010-03-27,,,2374850.0
2010-03-28,,,2384150.0
2010-03-29,,,2393900.0
2010-03-30,,,2404650.0
2010-03-31,,,2415100.0
2010-04-01,,,2423500.0
2010-04-02,,,2431300.0
2010-04-03,,,2439350.0
2010-04-04,,,2447900.0
2010-04-05,,,2455550.0
2010-04-06,,,2463500.0
2010-04-07,,,2473150.0
2010-04-08,,,2482300.0
2010-04-09,,,2491750.0
2010-04-10,,,2504750.0
2010-04-11,,,2515900.0
2010-04-12,,,2526050.0
2010-04-13,,,2535500.0
2010-04-14,,,2544500.0
2010-04-15,,,2555300.0
2010-04-16,,,2565400.0
2010-04-17,,,2576450.0
2010-04-18,,,2588700.0
2010-04-19,,,2600300.0
2010-04-20,,,2610550.0
2010-04-21,,,2621500.0
2010-04-22,,,2629450.0
2010-04-23,,,2636950.0
2010-04-24,,,2645350.0
2010-04-25,,,2653250.0
2010-04-26,,,2661450.0
2010-04-27,,,2670450.0
2010-04-28,,,2679450.0
2010-04-29,,,2686800.0
2010-04-30,,,2694000.0
2010-05-01,,,2703150.0
2010-05-02,,,2710900.0
2010-05-03,,,2718850.0
2010-05-04,,,2725650.0
2010-05-05,,,2732500.0
2010-05-06,,,2739950.0
2010-05-07,,,2746550.0
2010-05-08,,,2754250.0
2010-05-09,,,2761400.0
2010-05-10,,,2767800.0
2010-05-11,,,2773350.0
2010-05-12,,,2779700.0
2010-05-13,,,2786100.0
2010-05-14,,,2792250.0
2010-05-15,,,2796800.0
2010-05-16,,,2802450.0
2010-05-17,,,2809600.0
2010-05-18,,,2818000.0
2010-05-19,,,2826200.0
2010-05-20,,,2836350.0
2010-05-21,,,2845150.0
2010-05-22,,,2854900.0
2010-05-23,,,2865450.0
2010-05-24,,,2874850.0
2010-05-25,,,2885350.0
2010-05-26,,,2896500.0
2010-05-27,,,2906100.0
2010-05-28,,,2917250.0
2010-05-29,,,2926450.0
2010-05-30,,,2933900.0
2010-05-31,,,2941000.0
2010-06-01,,,2947750.0
2010-06-02,,,2955100.0
2010-06-03,,,2962700.0
2010-06-04,,,2968950.0
2010-06-05,,,2976200.0
2010-06-06,,,2983600.0
2010-06-07,,,2991450.0
2010-06-08,,,2999450.0
2010-06-09,,,3007850.0
2010-06-10,,,3015850.0
2010-06-11,,,3024250.0
2010-06-12,,,3031000.0
2010-06-13,,,3039600.0
2010-06-14,,,3047650.0
2010-06-15,,,3056850.0
2010-06-16,,,3063950.0
2010-06-17,,,3071250.0
2010-06-18,,,3078750.0
2010-06-19,,,3086250.0
2010-06-20,,,3095500.0
2010-06-21,,,3103200.0
2010-06-22,,,3111000.0
2010-06-23,,,3120350.0
2010-06-24,,,3128800.0
2010-06-25,,,3136300.0
2010-06-26,,,3144250.0
2010-06-27,,,3153150.0
2010-06-28,,,3160750.0
2010-06-29,,,3169200.0
2010-06-30,,,3178300.0
2010-07-01,,,3188850.0
2010-07-02,,,3197200.0
2010-07-03,,,3207800.0
2010-07-04,,,3216100.0
2010-07-05,,,3225050.0
2010-07-06,,,3233500.0
2010-07-07,,,3241300.0
2010-07-08,,,3248850.0
2010-07-09,,,3258800.0
2010-07-10,,,3268700.0
2010-07-11,,,3277650.0
2010-07-12,,,3310600.0
2010-07-13,,,3345200.0
2010-07-14,,,3374100.0
2010-07-15,,,3405300.0
2010-07-16,,,3430550.0
2010-07-17,,,3439200.0
2010-07-18,295959.152,0.08584,3447800.0
2010-07-19,279285.2,0.0808,3456500.0
2010-07-20,259000.40498983045,0.0747357288135593,3465550.0
2010-07-21,275266.47129701945,0.0791928626534191,3475900.0
2010-07-22,203749.57397545307,0.0584697603740503,3484700.0
2010-07-23,211735.7237638808,0.0605928696668615,3494400.0
2010-07-24,191099.979,0.05454,3503850.0
2010-07-25,177670.48975406183,0.050540618351841,3515400.0
2010-07-26,197542.8,0.056,3527550.0
2010-07-27,207278.65656312092,0.058622016364699,3535850.0
2010-07-28,208769.15183050855,0.0589110987726476,3543800.0
2010-07-29,248340.72,0.0699,3552800.0
2010-07-30,230303.12769257755,0.064657381648159,3561900.0
2010-07-31,241276.9711321448,0.0675457989479836,3572050.0
2010-08-01,218982.4,0.0611,3584000.0
2010-08-02,215766.0,0.06,3596100.0
2010-08-03,216490.8333638224,0.0600121507890123,3607450.0
2010-08-04,206374.31817650504,0.0570157802454705,3619600.0
2010-08-05,221460.5,0.061,3630500.0
2010-08-06,224350.99334716547,0.0616713150204559,3637850.0
2010-08-07,215104.78211572167,0.0590039450613676,3645600.0
2010-08-08,222622.995,0.0609,3655550.0
2010-08-09,258019.52,0.0704,3665050.0
2010-08-10,254792.092898305,0.0693387288135593,3674600.0
2010-08-11,246978.75,0.067,3686250.0
2010-08-12,258797.0,0.07,3697100.0
2010-08-13,239156.325,0.0645,3707850.0
2010-08-14,249354.02645599077,0.0669964336645237,3721900.0
2010-08-15,243036.4024661016,0.0651179322033898,3732250.0
2010-08-16,244943.8,0.0655,3739600.0
2010-08-17,262223.5,0.07,3746050.0
2010-08-18,255183.6,0.068,3752700.0
2010-08-19,250755.315,0.0667,3759450.0
2010-08-20,246876.05,0.0655,3769100.0
2010-08-21,250842.6,0.0664,3777750.0
2010-08-22,249762.08508182343,0.0659289888953828,3788350.0
2010-08-23,246593.09,0.06491,3799000.0
2010-08-24,247633.75,0.065,3809750.0
2010-08-25,247571.64,0.0648,3820550.0
2010-08-26,245474.96536879012,0.0640751139684395,3831050.0
2010-08-27,249574.0,0.065,3839600.0
2010-08-28,248587.26,0.0646,3848100.0
2010-08-29,246796.8,0.064,3856200.0
2010-08-30,251021.3405,0.06497,3863650.0
2010-08-31,232371.0,0.06,3872850.0
2010-09-01,240699.74841379313,0.0620248275862069,3880700.0
2010-09-02,246530.9,0.0634,3888500.0
2010-09-03,237114.195,0.06085,3896700.0
2010-09-04,242852.800948276,0.062178275862069,3905750.0
2010-09-05,241298.1,0.06165,3914000.0
2010-09-06,241589.04,0.0616,3921900.0
2010-09-07,240663.61006247785,0.0612391180596142,3929900.0
2010-09-08,240227.15,0.061,3938150.0
2010-09-09,241092.44821946227,0.0611149707773232,3944900.0
2010-09-10,241224.31402250167,0.0610115242548218,3953750.0
2010-09-11,252049.9618790181,0.0636208649912332,3961750.0
2010-09-12,244191.9,0.0615,3970600.0
2010-09-13,247423.547,0.06218,3979150.0
2010-09-14,247296.707,0.06199,3989300.0
2010-09-15,241464.1,0.0604,3997750.0
2010-09-16,248138.53,0.0619,4008700.0
2010-09-17,241148.11407948547,0.0600005260081823,4019100.0
2010-09-18,245887.95,0.061,4030950.0
2010-09-19,253395.78,0.0627,4041400.0
2010-09-20,251608.28778988915,0.0621017358270018,4051550.0
2010-09-21,254368.3975,0.06265,4060150.0
2010-09-22,251788.04777206303,0.061881870251315,4068850.0
2010-09-23,253620.51570017525,0.062153512565751,4080550.0
2010-09-24,254519.29,0.0622,4091950.0
2010-09-25,254424.646,0.06202,4102300.0
2010-09-26,254978.1,0.062,4112550.0
2010-09-27,256514.62217650507,0.0622004418468732,4124000.0
2010-09-28,255947.85551572172,0.0619038977206312,4134600.0
2010-09-29,256480.748,0.06191,4142800.0
2010-09-30,256891.19,0.0619,4150100.0
2010-10-01,257672.6443319696,0.0619733138515488,4157800.0
2010-10-02,255595.92,0.0614,4162800.0
2010-10-03,254573.3302811221,0.0610648684979544,4168900.0
2010-10-04,255999.44755552293,0.0612944769140853,4176550.0
2010-10-05,256826.99,0.0614,4182850.0
2010-10-06,263261.834,0.06281,4191400.0
2010-10-07,281359.8,0.067,4199400.0
2010-10-08,355302.6711880769,0.0844531081239041,4207100.0
2010-10-09,395367.0,0.0938,4215000.0
2010-10-10,410335.8386236121,0.0971462010520164,4223900.0
2010-10-11,402025.75,0.095,4231850.0
2010-10-12,402338.04,0.0949,4239600.0
2010-10-13,445510.96885634033,0.104865589129164,4248400.0
2010-10-14,434382.3,0.102,4258650.0
2010-10-15,448087.5,0.105,4267500.0
2010-10-16,432320.4,0.101,4280400.0
2010-10-17,437977.8,0.102,4293900.0
2010-10-18,440970.24,0.1024,4306350.0
2010-10-19,421311.0197466396,0.0975448918760959,4319150.0
2010-10-20,428902.65,0.099,4332350.0
2010-10-21,464556.55,0.107,4341650.0
2010-10-22,445808.375,0.1025,4349350.0
2010-10-23,455667.3527996489,0.104556424313267,4358100.0
2010-10-24,502403.9335,0.11501,4368350.0
2010-10-25,609130.5838421975,0.139118552893045,4378500.0
2010-10-26,662973.05,0.151,4390550.0
2010-10-27,826105.24,0.1877,4401200.0
2010-10-28,763743.165,0.1731,4412150.0
2010-10-29,840427.0,0.19,4423300.0
2010-10-30,876580.6100970218,0.197610543541789,4435900.0
2010-10-31,855633.625,0.1925,4444850.0
2010-11-01,866356.2658129736,0.194525061367621,4453700.0
2010-11-02,864832.5,0.1938,4462500.0
2010-11-03,863543.2,0.1931,4472000.0
2010-11-04,1027622.7341262402,0.229275160724722,4482050.0
2010-11-05,1164192.0751724162,0.259112413793104,4493000.0
2010-11-06,1805984.193341907,0.400982302746932,4503900.0
2010-11-07,1535423.0,0.34,4515950.0
2010-11-08,1101553.413401521,0.243184628872005,4529700.0
2010-11-09,986537.5322437184,0.217272694330801,4540550.0
2010-11-10,1044611.9615505532,0.229549731151373,4550700.0
2010-11-11,1017704.115,0.2231,4561650.0
2010-11-12,1225700.82,0.2682,4570100.0
2010-11-13,1264425.0,0.276,4581250.0
2010-11-14,1281895.808,0.27904,4593950.0
2010-11-15,1235997.3917459103,0.268464555815313,4603950.0
2010-11-16,1038105.0,0.225,4613800.0
2010-11-17,1119247.648702513,0.241939333722969,4626150.0
2010-11-18,1248159.091361776,0.269057790765634,4639000.0
2010-11-19,1293074.485,0.27829,4646500.0
2010-11-20,1316675.1736568096,0.283015964932788,4652300.0
2010-11-21,1289461.275,0.27675,4659300.0
2010-11-22,1330223.25,0.285,4667450.0
2010-11-23,1322635.6275,0.28295,4674450.0
2010-11-24,1324932.4353357672,0.282905736411455,4683300.0
2010-11-25,1313858.0,0.28,4692350.0
2010-11-26,1337263.02,0.2844,4702050.0
2010-11-27,1333227.15,0.283,4711050.0
2010-11-28,1280717.9899795451,0.271358679135009,4719650.0
2010-11-29,1090569.2849929885,0.230559456458212,4730100.0
2010-11-30,986909.64,0.2082,4740200.0
2010-12-01,1080534.0,0.2275,4749600.0
2010-12-02,1213545.0,0.255,4759000.0
2010-12-03,1197167.4555320588,0.251060083576856,4768450.0
2010-12-04,979882.0142665091,0.205000526008182,4779900.0
2010-12-05,972026.8565184099,0.202850017533606,4791850.0
2010-12-06,979995.6,0.204,4803900.0
2010-12-07,1124117.5646627715,0.233420385739334,4815850.0
2010-12-08,1152866.7,0.2388,4827750.0
2010-12-09,967739.8096973128,0.199991694330801,4838900.0
2010-12-10,988635.0,0.204,4846250.0
2010-12-11,1106940.0,0.228,4855000.0
2010-12-12,1069269.034267387,0.219853611922852,4863550.0
2010-12-13,1108574.0658889536,0.227605236703682,4870600.0
2010-12-14,1203637.5135,0.24669,4879150.0
2010-12-15,1173348.0,0.24,4888950.0
2010-12-16,1224204.096,0.24996,4897600.0
2010-12-17,1190445.1643424917,0.242655815312683,4905900.0
2010-12-18,1184261.95,0.241,4913950.0
2010-12-19,1182048.315,0.2401,4923150.0
2010-12-20,1316603.7,0.267,4931100.0
2010-12-21,1192911.1439509052,0.241436002337814,4940900.0
2010-12-22,1237187.5,0.25,4948750.0
2010-12-23,1238851.9543448256,0.249970127995324,4956000.0
2010-12-24,1230923.2,0.248,4963400.0
2010-12-25,1242452.82,0.2499,4971800.0
2010-12-26,1319259.6804850972,0.264962127410871,4979050.0
2010-12-27,1320577.4081414356,0.264785388661601,4987350.0
2010-12-28,1403819.8,0.281,4995800.0
2010-12-29,1501215.0,0.3,5004050.0
2010-12-30,1503750.0,0.3,5012500.0
2010-12-31,1506180.0,0.3,5020600.0
2011-01-01,1508895.0,0.3,5029650.0
2011-01-02,1511368.848,0.29997,5038400.0
2011-01-03,1488629.0,0.295,5046200.0
2011-01-04,1510669.0875,0.29895,5053250.0
2011-01-05,1512800.459429193,0.298916302162478,5060950.0
2011-01-06,1510264.0,0.298,5068000.0
2011-01-07,1624384.0,0.32,5076200.0
2011-01-08,1641849.63,0.3229,5084700.0
2011-01-09,1644990.55,0.323,5092850.0
2011-01-10,1665919.2605,0.32659,5100950.0
2011-01-11,1668727.9345,0.32659,5109550.0
2011-01-12,1631584.5817187624,0.318799621274109,5117900.0
2011-01-13,1628430.48,0.3176,5127300.0
2011-01-14,2054488.6665195771,0.399990005844535,5136350.0
2011-01-15,1985661.2,0.386,5144200.0
2011-01-16,1993090.191,0.38679,5152900.0
2011-01-17,1804101.525,0.3495,5161950.0
2011-01-18,1617845.31,0.31299,5169000.0
2011-01-19,1620490.0755,0.31299,5177450.0
2011-01-20,2022832.5,0.39,5186750.0
2011-01-21,2181621.4095,0.41991,5195450.0
2011-01-22,2289812.8818953824,0.44003552893045,5203700.0
2011-01-23,2305877.28,0.4424,5212200.0
2011-01-24,2192549.84,0.4199,5221600.0
2011-01-25,2144054.0,0.41,5229400.0
2011-01-26,2174381.9436755115,0.415085129748685,5238400.0
2011-01-27,2209783.68,0.4212,5246400.0
2011-01-28,2335452.5145879616,0.444484044418469,5254300.0
2011-01-29,2310171.65,0.439,5262350.0
2011-01-30,2514610.089949152,0.477142033898305,5270150.0
2011-01-31,2772013.740152104,0.525136870251315,5278650.0
2011-02-01,3740499.8614836335,0.707510116890707,5286850.0
2011-02-02,3840996.0224167127,0.725434821741671,5294750.0
2011-02-03,3679569.568903711,0.693898367621274,5302750.0
2011-02-04,4308178.987410872,0.810958971361777,5312450.0
2011-02-05,4851368.600360725,0.911671477498539,5321400.0
2011-02-06,4786564.5,0.898,5330250.0
2011-02-07,4749865.884129514,0.889421369959088,5340400.0
2011-02-08,4910198.4,0.918,5348800.0
2011-02-09,5444403.635329073,1.01605024547049,5358400.0
2011-02-10,5258483.21045821,0.979652963179427,5367700.0
2011-02-11,5667731.451662749,1.05406945353594,5377000.0
2011-02-12,5810758.850490482,1.07870328404442,5386800.0
2011-02-13,5666535.0,1.05,5396700.0
2011-02-14,5785023.252717728,1.07001262419638,5406500.0
2011-02-15,5688637.5,1.05,5417750.0
2011-02-16,5601393.227816192,1.031687628872,5429350.0
2011-02-17,5658118.125524223,1.0399231975453,5440900.0
2011-02-18,4900658.168822328,0.898955914669784,5451500.0
2011-02-19,5153968.70557066,0.944028116890707,5459550.0
2011-02-20,4731074.25,0.865,5469450.0
2011-02-21,4579185.5223421985,0.835747428404442,5479150.0
2011-02-22,4814696.257805085,0.877041779661017,5489700.0
2011-02-23,4951665.0,0.9,5501850.0
2011-02-24,5452090.924839276,0.989095265926359,5512200.0
2011-02-25,5052034.599084602,0.914652001753361,5523450.0
2011-02-26,5304685.5,0.958,5537250.0
2011-02-27,4966941.517555552,0.895033114552893,5549450.0
2011-02-28,4780204.660490942,0.860220923436587,5556950.0
2011-03-01,5124476.503108066,0.921096891876096,5563450.0
2011-03-02,5236981.815,0.9399,5571850.0
2011-03-03,5241109.413771388,0.939073383401519,5581150.0
2011-03-04,5039131.42,0.9011,5592200.0
2011-03-05,5089399.832981821,0.90784060666277,5606050.0
2011-03-06,4972191.676163796,0.884770973115138,5619750.0
2011-03-07,4941060.431769488,0.877583864406779,5630300.0
2011-03-08,4884340.650816748,0.866071591466979,5639650.0
2011-03-09,4856979.0,0.86,5647650.0
2011-03-10,5204687.361621858,0.920670309760374,5653150.0
2011-03-11,4980492.0,0.88,5659650.0
2011-03-12,5200939.277592609,0.917815513150205,5666650.0
2011-03-13,5062649.525,0.89249,5672500.0
2011-03-14,5075795.104446696,0.893924922852133,5678100.0
2011-03-15,4957550.488,0.87224,5683700.0
2011-03-16,4843819.9836236155,0.851211665692578,5690500.0
2011-03-17,4702871.721,0.82542,5697550.0
2011-03-18,4574014.441161749,0.801959208065459,5703550.0
2011-03-19,4367614.5,0.765,5709300.0
2011-03-20,4238525.225,0.7415,5716150.0
2011-03-21,4344002.7435,0.75897,5723550.0
2011-03-22,4635912.012661896,0.809130292811222,5729500.0
2011-03-23,4875083.6685,0.84971,5737350.0
2011-03-24,5011747.113192873,0.872374365867914,5744950.0
2011-03-25,5084859.072,0.88377,5753600.0
2011-03-26,4926379.6,0.8552,5760500.0
2011-03-27,4741008.3,0.822,5767650.0
2011-03-28,4590460.866712918,0.794740500292227,5776050.0
2011-03-29,4584036.003940383,0.792509941554646,5784200.0
2011-03-30,4573978.959672711,0.789706312098189,5792000.0
2011-03-31,4552346.4505,0.78461,5802050.0
2011-04-01,4498237.0935,0.77411,5810850.0
2011-04-02,4551064.5015,0.78199,5819850.0
2011-04-03,4540479.4,0.779,5828600.0
2011-04-04,3969500.0,0.68,5837500.0
2011-04-05,4184793.295271068,0.715691834599649,5847200.0
2011-04-06,4332404.0,0.74,5854600.0
2011-04-07,4418737.91,0.7538,5861950.0
2011-04-08,4402628.7975,0.74999,5870250.0
2011-04-09,4314844.423370688,0.734060517241379,5878050.0
2011-04-10,4315874.255665696,0.733156820572765,5886700.0
2011-04-11,4539706.1201396845,0.770113933372297,5894850.0
2011-04-12,5084735.631030389,0.861381607831677,5903000.0
2011-04-13,5500703.409569839,0.930320058445353,5912700.0
2011-04-14,5912587.256850382,0.998629766218586,5920700.0
2011-04-15,5830722.518157508,0.983673136762127,5927500.0
2011-04-16,6212969.639884857,1.04663285797779,5936150.0
2011-04-17,6528500.590306225,1.09812209789597,5945150.0
2011-04-18,6842059.258451054,1.14943331151373,5952550.0
2011-04-19,7063863.127258933,1.18516222092344,5960250.0
2011-04-20,6815579.708019882,1.14212598480421,5967450.0
2011-04-21,7213608.292453562,1.20733887200468,5974800.0
2011-04-22,8403996.607599033,1.40450508182349,5983600.0
2011-04-23,10958848.75801367,1.82885230099357,5992200.0
2011-04-24,9792394.913793106,1.63198421975453,6000300.0
2011-04-25,9402390.199795421,1.56448363530099,6009900.0
2011-04-26,10659842.364227353,1.77084089012274,6019650.0
2011-04-27,11473867.218627708,1.9031759585038,6028800.0
2011-04-28,13799039.34009177,2.28574446580947,6037000.0
2011-04-29,17237608.979265373,2.85060509000585,6047000.0
2011-04-30,21197575.0,3.5,6056450.0
2011-05-01,18767727.802862428,3.0942275534775,6065400.0
2011-05-02,19440800.0,3.2,6075250.0
2011-05-03,20449332.03619052,3.36058570368206,6085050.0
2011-05-04,20775521.35623708,3.40867304734074,6094900.0
2011-05-05,20416354.63441376,3.34373668439509,6105850.0
2011-05-06,21133833.58120619,3.45507558445354,6116750.0
2011-05-07,22311656.833264053,3.64126297779077,6127450.0
2011-05-08,23624665.965208177,3.84866837697253,6138400.0
2011-05-09,23396482.361365415,3.80408958211572,6150350.0
2011-05-10,34811442.90089974,5.65166700233781,6159500.0
2011-05-11,33558096.17696426,5.43975104383402,6169050.0
2011-05-12,39133713.13422852,6.3348786943308,6177500.0
2011-05-13,50363126.90380207,8.13903486732905,6187850.0
2011-05-14,43444561.37971386,7.00724382933957,6199950.0
2011-05-15,43010361.96316689,6.92492484453536,6210950.0
2011-05-16,49071596.39946786,7.88514074517826,6223300.0
2011-05-17,45256984.84266235,7.25719954061952,6236149.98999999
2011-05-18,42273490.68697504,6.76316336236119,6250549.98999999
2011-05-19,43126097.9405202,6.89014363237873,6259099.98999999
2011-05-20,35226025.04397268,5.61809621858562,6270099.98999999
2011-05-21,38219241.41144663,6.08480066744594,6281099.98999999
2011-05-22,42243037.66020989,6.71195603974284,6293699.98999999
2011-05-23,44567639.721256174,7.06525678375219,6307999.98999999
2011-05-24,46806652.653661974,7.40266058211573,6322949.98999999
2011-05-25,54314728.42084867,8.56928963705436,6338299.98999999
2011-05-26,55793911.601505555,8.78215543424898,6353099.98999999
2011-05-27,54254634.32690885,8.52865846814728,6361449.98999999
2011-05-28,53178164.794420056,8.34926911981298,6369199.98999999
2011-05-29,53582961.35262173,8.40095347223846,6378199.98999999
2011-05-30,56064002.95715464,8.77934246464056,6385899.98999999
2011-05-31,55760526.60904199,8.72157642197545,6393399.98999999
2011-06-01,61619120.76499133,9.62377723202805,6402799.98999999
2011-06-02,68629309.30257209,10.7027602279369,6412299.98999999
2011-06-03,91613267.2975125,14.2646467738165,6422399.98999999
2011-06-04,117816835.68376668,18.3127387258913,6433599.98999999
2011-06-05,106605298.23606262,16.5433423962595,6443999.98999999
2011-06-06,118797507.92755511,18.4020986440678,6455649.98999999
2011-06-07,150213131.8334933,23.2378784628872,6464149.98999999
2011-06-08,187922292.42602175,29.0299213267095,6473399.98999999
2011-06-09,186692282.39758107,28.7905440181181,6484499.98999999
2011-06-10,156216479.85825014,24.0493992285213,6495649.98999999
2011-06-11,95995038.34225108,14.7497466277031,6508249.98999999
2011-06-12,122901058.44413236,18.8501447311514,6519899.98999999
2011-06-13,127635836.83400014,19.5423291145529,6531249.98999999
2011-06-14,126014917.86155447,19.2577355055523,6543599.98999999
2011-06-15,127637088.27065748,19.4641426241964,6557549.98999999
2011-06-16,117734055.42332496,17.9293625423729,6566549.98999999
2011-06-17,101507246.36163746,15.4363689129164,6575849.98999999
2011-06-18,111136351.47976218,16.8754045353594,6585699.98999999
2011-06-19,115515571.88991056,17.5107167913501,6596849.98999999
2011-06-20,115720447.27636936,17.5107167913501,6608549.98999999
2011-06-21,115941957.84377992,17.5107167913501,6621199.98999999
2011-06-22,116169597.16206747,17.5107167913501,6634199.98999999
2011-06-23,116379725.76356368,17.5107167913501,6646199.98999999
2011-06-24,116568841.50491028,17.5107167913501,6656999.98999999
2011-06-25,116694043.12996842,17.5107167913501,6664149.98999999
2011-06-26,109156329.2288656,16.3613420157802,6671599.98999999
2011-06-27,111906106.67939186,16.7522858132671,6680049.98999999
2011-06-28,113441602.45623428,16.9618353071303,6688049.98999999
2011-06-29,112869144.75780512,16.8545683179427,6696649.98999999
2011-06-30,108541609.09894869,16.1852627808299,6706199.98999999
2011-07-01,103545386.72769219,15.4203573991818,6714849.98999999
2011-07-02,103423475.37897693,15.38284406955,6723299.98999999
2011-07-03,104053274.32089683,15.4575505604909,6731549.98999999
2011-07-04,93368543.01682381,13.8527968123904,6740049.98999999
2011-07-05,87473624.99201757,12.9648177147867,6746999.98999999
2011-07-06,99396155.740402,14.7147835832846,6754849.98999999
2011-07-07,100050390.78730299,14.7972891613092,6761399.98999999
2011-07-08,96799480.40224017,14.2990376969608,6769649.98999999
2011-07-09,97464868.04537664,14.3815006697838,6777099.98999999
2011-07-10,99201277.05382463,14.6229375511397,6783949.98999999
2011-07-11,97191713.52729172,14.3101554330801,6791799.98999999
2011-07-12,95328529.22292317,14.0212726215663,6798849.98999999
2011-07-13,95123250.83128451,13.9714545225015,6808399.98999999
2011-07-14,95404595.1868676,13.997974547633,6815599.98999999
2011-07-15,94210666.07270236,13.8063904056108,6823699.98999999
2011-07-16,93681586.74959344,13.7130792992402,6831549.98999999
2011-07-17,90686308.30094048,13.2581353109293,6840049.98999999
2011-07-18,93349306.17338388,13.6305212504383,6848549.98999999
2011-07-19,94777954.59762248,13.8247948386908,6855649.98999999
2011-07-20,93875750.54952452,13.6783305920514,6863099.98999999
2011-07-21,93522652.12527928,13.6118084418469,6870699.98999999
2011-07-22,94222033.04310414,13.6985473310929,6878249.98999999
2011-07-23,94206155.59631331,13.6817183424898,6885549.98999999
2011-07-24,96462300.6096237,13.992515176505,6893849.98999999
2011-07-25,96860105.16616963,14.0334253787259,6902099.98999999
2011-07-26,95909693.44364177,13.8780323232028,6910899.98999999
2011-07-27,96031763.87670445,13.878224755114,6919599.98999999
2011-07-28,93460973.3032422,13.4915910756867,6927349.98999999
2011-07-29,93715345.80439219,13.5123163901227,6935549.98999999
2011-07-30,94012199.62541157,13.5402806738749,6943149.98999999
2011-07-31,92967105.79870696,13.3729061022794,6951899.98999999
2011-08-01,90614985.11112323,13.0191138468732,6960149.98999999
2011-08-02,85106409.82081906,12.2141564389246,6967849.98999999
2011-08-03,64778839.828644425,9.28635691350088,6975699.98999999
2011-08-04,75187308.33711475,10.7685037481005,6982149.98999999
2011-08-05,68005505.44994488,9.73015395967271,6989149.98999999
2011-08-06,48716108.274902046,6.964169735827,6995249.98999999
2011-08-07,59525730.74017232,8.50179329222677,7001549.98999999
2011-08-08,54492287.45704055,7.77533763793104,7008349.98999999
2011-08-09,68770905.38588946,9.80249948100526,7015649.98999999
2011-08-10,70592463.42657597,10.0512531274109,7023249.98999999
2011-08-11,66352987.09993689,9.43841299473992,7030099.98999999
2011-08-12,66517405.10586635,9.45299328521333,7036649.98999999
2011-08-13,70459846.77984548,10.0040247445938,7043149.98999999
2011-08-14,76185384.59064119,10.8068207665108,7049749.98999999
2011-08-15,78540420.88459688,11.1306965499708,7056199.98999999
2011-08-16,77642298.27029729,10.9919655669199,7063549.98999999
2011-08-17,77519063.15445991,10.9639640561075,7070349.98999999
2011-08-18,76851374.54393478,10.8584714558738,7077549.98999999
2011-08-19,82674797.96897964,11.6704730432496,7084099.98999999
2011-08-20,81268979.46123536,11.4597317393337,7091699.98999999
2011-08-21,80613411.0612813,11.3544813407364,7099699.98999999
2011-08-22,77627365.54687563,10.9208958246639,7108149.98999999
2011-08-23,77686023.97310649,10.9172450543542,7115899.98999999
2011-08-24,77425826.39045885,10.870444289889,7122599.98999999
2011-08-25,68057442.8362958,9.5460936735827,7129349.98999999
2011-08-26,57999391.046459146,8.12692016306254,7136699.98999999
2011-08-27,61403063.01890577,8.59649760666277,7142799.98999999
2011-08-28,64558051.45506005,9.03086639976622,7148599.98999999
2011-08-29,64121560.76018088,8.96115727060199,7155499.98999999
2011-08-30,63103900.73362733,8.80994873816481,7162799.98999999
2011-08-31,58792427.60269456,8.19915176446523,7170549.98999999
2011-09-01,59097439.42813815,8.23428166510813,7176999.98999999
2011-09-02,61943210.21417282,8.6214244377557,7184799.98999999
2011-09-03,60770329.9435313,8.44965344067796,7192049.98999999
2011-09-04,59054733.91612383,8.20347060227937,7198749.98999999
2011-09-05,54750556.63301301,7.5973325251315,7206549.98999999
2011-09-06,49391552.21324179,6.84653002893045,7214099.98999999
2011-09-07,51723091.97646155,7.16297027352426,7220899.98999999
2011-09-08,48265544.15833017,6.67818000029223,7227349.98999999
2011-09-09,36079581.18632356,4.98677704178843,7235049.98999999
2011-09-10,34346272.5753336,4.74284665517242,7241699.98999999
2011-09-11,42421555.28917464,5.85290397253068,7247949.98999999
2011-09-12,44185080.50839478,6.09062947223846,7254599.98999999
2011-09-13,42136183.22279058,5.80252327703098,7261699.98999999
2011-09-14,40687737.58734764,5.59743261016949,7268999.98999999
2011-09-15,35421680.879255086,4.86775518468732,7276799.98999999
2011-09-16,35184189.43579407,4.83116810052601,7282749.98999999
2011-09-17,34809205.82649197,4.775285635301,7289449.98999999
2011-09-18,38214268.23795452,5.23673227819988,7297349.98999999
2011-09-19,40319175.19010538,5.52037669199299,7303699.98999999
2011-09-20,44936427.78752295,6.14666555172414,7310699.98999999
2011-09-21,40959339.89405964,5.59706749795441,7317999.98999999
2011-09-22,40106922.254371494,5.47504877673875,7325399.98999999
2011-09-23,40791283.96421989,5.56342141963764,7332049.98999999
2011-09-24,40052723.41579949,5.45788968731736,7338499.98999999
2011-09-25,39232651.95435618,5.34115488135593,7345349.98999999
2011-09-26,35832612.99183517,4.87382608123904,7352049.98999999
2011-09-27,36139736.79869786,4.91115779251899,7358699.98999999
2011-09-28,35087555.38092852,4.76341532144945,7366049.98999999
2011-09-29,35222349.98309898,4.77766097837522,7372299.98999999
2011-09-30,37952172.066864,5.14368590999416,7378399.98999999
2011-10-01,37179379.66114728,5.03407054471069,7385549.98999999
2011-10-02,37010203.83989706,5.00706259672706,7391599.98999999
2011-10-03,37163275.644517645,5.02284486031561,7398849.98999999
2011-10-04,36702419.32854745,4.95680562068966,7404449.98999999
2011-10-05,36206652.00537118,4.88506713091759,7411699.98999999
2011-10-06,35088846.551078886,4.73016629573349,7418099.98999999
2011-10-07,31749565.451979525,4.27603575686733,7424999.98999999
2011-10-08,29584491.897106946,3.98125299415546,7430949.98999999
2011-10-09,30579460.292862255,4.11163464348334,7437299.98999999
2011-10-10,30331779.460240707,4.07496248392753,7443449.98999999
2011-10-11,29858870.497889273,4.00892449590883,7448099.98999999
2011-10-12,31055534.8247906,4.16623534248977,7454099.98999999
2011-10-13,30111640.06092921,4.03698109000584,7458949.98999999
2011-10-14,29761174.422796726,3.98628088544711,7465899.98999999
2011-10-15,28674896.08875117,3.83733856049094,7472599.98999999
2011-10-16,26995633.878132988,3.60974171654003,7478549.98999999
2011-10-17,19319212.00116441,2.58124672180012,7484449.98999999
2011-10-18,18143927.788263906,2.42227473816482,7490449.98999999
2011-10-19,16622980.28690946,2.21725471303331,7497099.98999999
2011-10-20,17677641.241997246,2.35612350847458,7502849.98999999
2011-10-21,19298566.083949927,2.57009230508475,7508899.98999999
2011-10-22,23709691.716022797,3.15548613851549,7513799.98999999
2011-10-23,23668568.76036773,3.14775092986558,7519199.98999999
2011-10-24,18986480.97197731,2.52293599766219,7525549.98999999
2011-10-25,21104090.26777268,2.80192383109293,7531999.98999999
2011-10-26,20936417.83833389,2.7775052390415,7537849.98999999
2011-10-27,22971054.401854534,3.04540782758621,7542849.98999999
2011-10-28,24000236.399504323,3.17963943658679,7548099.98999999
2011-10-29,26960761.136865452,3.56918896873174,7553749.98999999
2011-10-30,24623691.930465642,3.25740372296902,7559299.98999999
2011-10-31,24703243.28021616,3.26509821274109,7565849.98999999
2011-11-01,24015151.457530536,3.17100774284044,7573349.98999999
2011-11-02,24682386.85307489,3.2558005666277,7581049.98999999
2011-11-03,24038966.877402425,3.16831638515488,7587299.98999999
2011-11-04,23696205.442482483,3.12011817182934,7594649.98999999
2011-11-05,22637220.458547063,2.97781759789597,7601949.98999999
2011-11-06,22543785.247753855,2.96272057685564,7609149.98999999
2011-11-07,22982488.077009577,3.01775768731736,7615749.98999999
2011-11-08,23300822.37036146,3.05656711104617,7623199.98999999
2011-11-09,22279947.3477768,2.9195672238457,7631249.98999999
2011-11-10,21820347.509810768,2.85670208533022,7638299.98999999
2011-11-11,23451502.02554609,3.06786173348919,7644249.98999999
2011-11-12,23149486.62064156,3.02552299590883,7651399.98999999
2011-11-13,22871438.55103002,2.98637330333139,7658599.98999999
2011-11-14,17050348.665335946,2.22422446434833,7665749.98999999
2011-11-15,17821975.68082523,2.3223841157218,7673999.98999999
2011-11-16,19561187.608330775,2.54678093074226,7680749.98999999
2011-11-17,17521005.033846974,2.27909583576856,7687699.98999999
2011-11-18,16197114.58078273,2.10506600321449,7694349.98999999
2011-11-19,16967718.464187235,2.20345672180012,7700499.98999999
2011-11-20,16972164.42198365,2.20198950964348,7707649.98999999
2011-11-21,17585961.913475055,2.27987916540035,7713549.98999999
2011-11-22,17930657.691224217,2.32245859614261,7720549.98999999
2011-11-23,18006992.76369496,2.33032356750438,7727249.98999999
2011-11-24,18859607.39697097,2.43887900029223,7732899.98999999
2011-11-25,19319412.48130571,2.49616100292227,7739649.98999999
2011-11-26,19145697.405352406,2.47179996902396,7745649.98999999
2011-11-27,19204473.05969395,2.47756495119813,7751349.98999999
2011-11-28,19714179.479015123,2.5412402521917,7757699.98999999
2011-11-29,21412425.611650568,2.75769848275862,7764599.98999999
2011-11-30,23054151.09399792,2.9660415458796,7772699.98999999
2011-12-01,23988094.551411457,3.08258945002922,7781799.98999999
2011-12-02,24149343.782045193,3.10040233313852,7789099.98999999
2011-12-03,21860825.491669815,2.80385618527177,7796699.98999999
2011-12-04,22003481.91381096,2.81969397603741,7803499.98999999
2011-12-05,22456183.221592706,2.87479622735242,7811399.98999999
2011-12-06,23658167.432378404,3.02536045149036,7819949.98999999
2011-12-07,23367079.594721854,2.98550242109877,7826849.98999999
2011-12-08,23441533.14880873,2.99188048305085,7835049.98999999
2011-12-09,23180502.77539354,2.95579195207481,7842399.98999999
2011-12-10,24090228.22590125,3.06897526709527,7849599.98999999
2011-12-11,25530155.153455257,3.2492688471654,7857199.98999999
2011-12-12,25063770.9108632,3.18733535651666,7863549.98999999
2011-12-13,25507851.906005234,3.24108840853302,7870149.98999999
2011-12-14,24855140.432680648,3.1550865043834,7877799.98999999
2011-12-15,25251622.339088503,3.20313854061952,7883399.98999999
2011-12-16,25317850.63454451,3.2091377773232,7889299.98999999
2011-12-17,25210863.29832633,3.19254170426651,7896799.98999999
2011-12-18,25245461.401476543,3.19401080888369,7903999.98999999
2011-12-19,27895746.925907142,3.52577391934541,7911949.98999999
2011-12-20,31298866.569025926,3.95255082729398,7918649.98999999
2011-12-21,30824549.3657256,3.88899325073057,7926099.98999999
2011-12-22,30964929.807119716,3.90306042051432,7933499.98999999
2011-12-23,31269805.44293884,3.93796507597896,7940599.98999999
2011-12-24,31309912.20272104,3.93941911864407,7947849.98999999
2011-12-25,33686973.46461242,4.23386687784921,7956549.98999999
2011-12-26,31854606.05250128,3.99912196405611,7965399.98999999
2011-12-27,32652135.89385177,4.0955185458796,7972649.98999999
2011-12-28,33575903.96752232,4.20729587609585,7980399.98999999
2011-12-29,33333816.19913024,4.17335222676797,7987299.98999999
2011-12-30,34460941.12043629,4.31063509000584,7994399.98999999
2011-12-31,37723643.50128429,4.71430633138515,8001949.98999999
2012-01-01,42409572.65629943,5.2948427773232,8009599.98999999
2012-01-02,41728286.73880565,5.2048778918761,8017149.98999999
2012-01-03,39086320.3529375,4.87050882875511,8025099.98999999
2012-01-04,44867464.81989899,5.58570626709527,8032549.98999999
2012-01-05,55266279.58438087,6.87400087726476,8039899.98999999
2012-01-06,53790339.744186595,6.68331663997662,8048449.98999999
2012-01-07,54761626.32083,6.79622798071303,8057649.98999999
2012-01-08,57240164.066982135,7.09665056633548,8065799.98999999
2012-01-09,50773658.51437696,6.28853834248977,8073999.98999999
2012-01-10,52756929.23926353,6.52847455523086,8081049.98999999
2012-01-11,55724087.32970576,6.88912772121566,8088699.98999999
2012-01-12,54841823.765283935,6.77356419579194,8096449.98999999
2012-01-13,52302655.51812128,6.45436889012273,8103449.98999999
2012-01-14,54844030.69970815,6.76172714260666,8110949.98999999
2012-01-15,57206212.56436192,7.04692255815312,8117899.98999999
2012-01-16,54575392.97636893,6.71560766656926,8126649.98999999
2012-01-17,45550124.69889356,5.59962195032145,8134499.98999999
2012-01-18,48033192.7342768,5.9002312881356,8140899.97299999
2012-01-19,51462900.777829215,6.31570634161309,8148399.87710466
2012-01-20,53023889.701581515,6.50149198831093,8155649.47198481
2012-01-21,50457226.83712716,6.18056832554062,8163849.04744397
2012-01-22,51499331.87281447,6.30296722676797,8170648.84204106
2012-01-23,52141059.21099972,6.37487607714787,8179148.67363629
2012-01-24,51363476.588777415,6.27447647574518,8186097.56325165
2012-01-25,47608030.13956038,5.81046507247224,8193497.34414703
2012-01-26,44013389.23156589,5.36722695441262,8200396.51861203
2012-01-27,43525207.67456645,5.30313719696084,8207445.1514304
2012-01-28,46493492.38791757,5.65979677498539,8214692.90088381
2012-01-29,44333949.5254596,5.39142945733489,8223041.75104146
2012-01-30,45302689.83311997,5.50348193863238,8231641.41143302
2012-01-31,45630179.81315586,5.53822029573349,8239141.34443302
2012-02-01,50097529.46582305,6.07523265225015,8246191.10632214
2012-02-02,50346734.51625903,6.09957291291642,8254140.94315441
2012-02-03,49172452.217667244,5.95161092752776,8262040.7846608
2012-02-04,48754423.46308414,5.8954132390415,8269890.75849937
2012-02-05,46997711.316329435,5.67811571712449,8276990.75849937
2012-02-06,45419983.191335455,5.48266405844535,8284290.75849937
2012-02-07,46944668.62652113,5.66202770017534,8291140.75599937
2012-02-08,46624742.39378138,5.6185281899474,8298390.75599937
2012-02-09,48469226.54864735,5.83569985417884,8305640.75599937
2012-02-10,49358488.226060405,5.93783415546464,8312540.72339413
2012-02-11,46693173.29529812,5.61213285330216,8320040.61839413
2012-02-12,45962713.33737823,5.51909716949152,8327940.58989413
2012-02-13,44577415.17757766,5.34835455932203,8334790.57589413
2012-02-14,37401255.08279696,4.48365409175921,8341690.57589413
2012-02-15,36111133.05854844,4.3255203220339,8348390.56808977
2012-02-16,35553758.09455886,4.25523904500292,8355290.43575376
2012-02-17,36725954.175571695,4.39153837288136,8362890.41725376
2012-02-18,35746730.99238838,4.27008127761543,8371440.41725376
2012-02-19,36781545.94740739,4.38955145821157,8379340.41725376
2012-02-20,36607515.9514104,4.36513593892461,8386340.41725376
2012-02-21,36215860.87369986,4.31511560198714,8392790.41725376
2012-02-22,37125478.5490162,4.41931028755114,8400740.41725376
2012-02-23,42377486.31112461,5.03951511805961,8409040.41725376
2012-02-24,42297987.96025715,5.02560875891292,8416490.41725376
2012-02-25,40207641.30931437,4.77256738106371,8424740.41725376
2012-02-26,41540764.98480974,4.9264208515488,8432240.41075376
2012-02-27,41798937.866346516,4.95251575628287,8439940.41075376
2012-02-28,41033824.24768437,4.85725777556984,8447940.41075376
2012-02-29,41208302.22607829,4.87274875569842,8456890.41075376
2012-03-01,41662586.18774531,4.92207212361192,8464440.41075376
2012-03-02,39939932.61811872,4.71482358708358,8471140.41075376
2012-03-03,39232224.08226488,4.62819325248393,8476790.38925376
2012-03-04,41011143.32751193,4.83414448158971,8483640.38015376
2012-03-05,42304951.977509074,4.98239290385739,8490890.38015376
2012-03-06,42385380.61093899,4.98784135242548,8497740.32815376
2012-03-07,42094384.31701072,4.94911288457043,8505440.32815376
2012-03-08,42012666.455719486,4.93497949503214,8513240.32815376
2012-03-09,41519969.8276717,4.87229784745763,8521640.32815376
2012-03-10,41296814.08699309,4.84142380479252,8529890.32815376
2012-03-11,41761245.32602048,4.89202875160724,8536590.32815376
2012-03-12,41962583.91538562,4.91083937931035,8544890.32815376
2012-03-13,45252318.763834044,5.29088027878434,8552890.32815376
2012-03-14,46141650.809132226,5.39054329222677,8559740.32815376
2012-03-15,45748352.00010949,5.34082089888954,8565790.32815376
2012-03-16,45778525.85135406,5.33957479135009,8573440.32815376
2012-03-17,44935070.058960654,5.23600355406195,8581940.32815376
2012-03-18,45270265.30496867,5.27014898538866,8589940.32815376
2012-03-19,40222970.5530753,4.67867255289305,8597090.32815376
2012-03-20,41569730.370786965,4.83083021624781,8605090.32815376
2012-03-21,41490751.30593745,4.81722952483928,8612990.32815376
2012-03-22,40773436.2164311,4.72960850496785,8620890.32815376
2012-03-23,40475698.63549226,4.69164317650497,8627190.32815376
2012-03-24,40176369.193750545,4.65198626592636,8636390.32815376
2012-03-25,39350918.18706295,4.55227026241964,8644240.32815376
2012-03-26,40081342.504943624,4.63272235973115,8651790.32815376
2012-03-27,41664239.696358584,4.81134073524255,8659590.32815376
2012-03-28,41520470.98195257,4.79058939158387,8667090.32815376
2012-03-29,41584406.18960048,4.79406657218001,8674140.32815376
2012-03-30,42205979.80307036,4.86140935651666,8681840.32815376
2012-03-31,42493825.15661396,4.88977687317358,8690340.32815376
2012-04-01,41689664.052434094,4.79332567738165,8697440.32815376
2012-04-02,43368642.366962805,4.98304547866745,8703240.32815376
2012-04-03,43168247.550650164,4.95623319286967,8709890.32815376
2012-04-04,42867553.23762533,4.91784217767387,8716740.32815376
2012-04-05,42922552.029745616,4.92084924488603,8722590.32815376
2012-04-06,43202690.55167016,4.94910743220339,8729390.32815376
2012-04-07,41143291.23986584,4.70971191028638,8735840.32815376
2012-04-08,41782839.56524779,4.77881884921099,8743340.32815376
2012-04-09,42462896.807013005,4.85254738106371,8750640.32815376
2012-04-10,42401088.4610958,4.84141759380479,8757990.32815376
2012-04-11,43082370.75858284,4.91525071712449,8765040.32815376
2012-04-12,42989971.16982388,4.90115814728229,8771390.32815376
2012-04-13,43311954.09871482,4.93440673348919,8777540.32815376
2012-04-14,43539137.42750649,4.95636466101695,8784490.32815376
2012-04-15,43611674.74663736,4.9616003383986,8789840.32815376
2012-04-16,43553560.800325885,4.95076456925774,8797340.32815376
2012-04-17,43745275.46240979,4.9687445075979,8804090.32815376
2012-04-18,45148790.33724413,5.12437744301578,8810590.32815376
2012-04-19,45246592.90008861,5.13090651139684,8818440.32815376
2012-04-20,47365623.00814583,5.36651596814728,8826140.32815376
2012-04-21,46665206.22001079,5.28255033898305,8833840.32815376
2012-04-22,45933549.5300151,5.19560899473992,8840840.32815376
2012-04-23,45219044.9331669,5.11088819170076,8847590.32815376
2012-04-24,45050471.466024846,5.08786726241964,8854490.32815376
2012-04-25,45622838.63011806,5.14881624547048,8860840.32815376
2012-04-26,45206923.37657064,5.09741928579778,8868590.32815376
2012-04-27,45227734.41518525,5.09588733985973,8875340.32815376
2012-04-28,44154757.07409649,4.9707366528346,8882940.32815376
2012-04-29,43593436.45400516,4.90260617767387,8891890.32815376
2012-04-30,43988992.6093628,4.9421168100526,8900840.32815376
2012-05-01,44432102.82168793,4.98713722735243,8909340.32815376
2012-05-02,45060693.99293484,5.05343735388662,8916840.32815376
2012-05-03,45684356.16636899,5.11887297895967,8924690.32815376
2012-05-04,45427514.25634473,5.08550708825248,8932740.32815376
2012-05-05,45211871.10384483,5.05663956458212,8941090.32815376
2012-05-06,45174234.63571722,5.0478007729398,8949290.32815376
2012-05-07,45394102.93312127,5.06755586703682,8957790.32815376
2012-05-08,45043365.44095108,5.02346642285213,8966590.32815376
2012-05-09,45245170.57456233,5.04130623553478,8974890.32815376
2012-05-10,44255453.155254096,4.92748871975453,8981340.32815376
2012-05-11,44616259.12450594,4.96370997749854,8988490.32815376
2012-05-12,44493514.95805544,4.94653223495032,8994890.32815376
2012-05-13,44512502.76923229,4.94479505376973,9001890.32815376
2012-05-14,45147226.035850845,5.01143592197545,9008840.32815376
2012-05-15,45379981.29870543,5.03364040035067,9015340.32815376
2012-05-16,45898889.95921177,5.08778450905903,9021390.32765376
2012-05-17,45945344.73414308,5.08966168644068,9027190.32515376
2012-05-18,46240989.25070914,5.11830148275862,9034440.31315376
2012-05-19,46227078.43836977,5.11254581122151,9041890.31165376
2012-05-20,46096356.36361108,5.09420096843951,9048790.31062876
2012-05-21,46128634.017214514,5.0942213100526,9055090.30912876
2012-05-22,46111877.49790641,5.08913918877849,9060840.30862876
2012-05-23,46505109.03655517,5.12885889976622,9067340.30812876
2012-05-24,46449140.22970589,5.11915775920514,9073590.30812876
2012-05-25,46644625.559023045,5.13727680654588,9079640.30662876
2012-05-26,46378529.921980076,5.10397880479252,9086740.30511876
2012-05-27,46697743.55276292,5.13461613500877,9094690.29911876
2012-05-28,46749756.86198268,5.13632541905318,9101790.29711876
2012-05-29,46892736.00025146,5.14847069783752,9108090.29561876
2012-05-30,46833433.28993764,5.13826456925774,9114640.29511876
2012-05-31,47264535.5087476,5.18163972121566,9121540.29451876
2012-06-01,48082668.48518576,5.26694375803624,9129140.29351876
2012-06-02,47911865.72850138,5.24363906019871,9137140.29101876
2012-06-03,47669093.91673817,5.21270498480421,9144790.28751876
2012-06-04,48131066.361903146,5.25876585739334,9152540.28551876
2012-06-05,49701695.6204058,5.42601429485681,9159890.28401876
2012-06-06,49927977.56410493,5.44616942197545,9167540.28301876
2012-06-07,51259435.12363512,5.58716980976037,9174490.28201876
2012-06-08,51623477.428412125,5.62252910169492,9181540.28101876
2012-06-09,51069353.14652407,5.55700233547633,9190090.27951876
2012-06-10,50203835.13773467,5.45789356925774,9198390.27651876
2012-06-11,51430487.68591338,5.58699698158971,9205390.27591876
2012-06-12,52768467.13245697,5.72749129865575,9213190.27491876
2012-06-13,54487837.22417253,5.90930132378726,9220690.27091876
2012-06-14,55020472.86502545,5.96202318205728,9228490.25991876
2012-06-15,60252816.28575017,6.52338071917008,9236440.25691876
2012-06-16,59571347.40222315,6.44415828229106,9244240.25491876
2012-06-17,57364819.48809164,6.1999664880187,9252440.25091876
2012-06-18,58445933.08848426,6.31084466861485,9261190.24591876
2012-06-19,60197562.784370765,6.49482671595558,9268540.24241876
2012-06-20,62087975.56125932,6.69355105552309,9275790.24141876
2012-06-21,61935878.79594004,6.67226250379895,9282590.23991876
2012-06-22,60974000.209522955,6.56376169783752,9289490.23691876
2012-06-23,59947245.3952569,6.44754168907072,9297690.23391876
2012-06-24,59086522.12308456,6.35049403857393,9304240.23141876
2012-06-25,58827936.836920895,6.31747363004091,9311940.22831876
2012-06-26,59950340.33476917,6.43286082875511,9319390.22631876
2012-06-27,61708332.83546785,6.61571340151958,9327540.21981876
2012-06-28,61514234.841429844,6.59006463296318,9334390.21731876
2012-06-29,62204229.6617025,6.65877675715956,9341690.21281876
2012-06-30,62450576.142410286,6.68042762302747,9348290.20931876
2012-07-01,61996862.02312367,6.62686009234366,9355390.20881876
2012-07-02,63139118.93312333,6.74347805084746,9362990.20431876
2012-07-03,60442815.61287616,6.44999240327294,9370990.20181876
2012-07-04,61099319.27315391,6.51483533313852,9378490.19181876
2012-07-05,62343495.4174786,6.64239860432496,9385690.18981876
2012-07-06,62674734.90788985,6.67218118936295,9393440.18531876
2012-07-07,64009620.52906012,6.80827371186441,9401740.18231876
2012-07-08,63949204.91826815,6.79631768790181,9409390.18081876
2012-07-09,66227870.77138379,7.03239588603156,9417540.17331876
2012-07-10,67658405.19468668,7.17858003565167,9425040.16931876
2012-07-11,67768447.00974861,7.18514778901227,9431740.16731876
2012-07-12,71322291.27975276,7.55593565020456,9439240.16581876
2012-07-13,72092290.42540485,7.63092125599065,9447390.16521876
2012-07-14,71673457.79762772,7.58012917825833,9455440.15307876
2012-07-15,72172253.37461399,7.62723485973115,9462440.15057876
2012-07-16,80432043.4088138,8.49340567738165,9469940.14697876
2012-07-17,82956039.79251386,8.75198485505552,9478540.14447876
2012-07-18,86279636.68617417,9.09519268614845,9486290.13847876
2012-07-19,84293767.0609294,8.87953341350087,9493040.13347876
2012-07-20,81062036.8474379,8.53245067913501,9500440.13095376
2012-07-21,84385115.1861667,8.87564584102864,9507490.12495376
2012-07-22,80941985.21977906,8.50656254412624,9515240.12195376
2012-07-23,81236668.77362959,8.53121126943308,9522290.11895376
2012-07-24,81718713.03818189,8.57458517066043,9530340.11695376
2012-07-25,83645016.87544204,8.7693472729398,9538340.11495376
2012-07-26,84735065.96550438,8.87576504617183,9546790.11045376
2012-07-27,84964035.35196172,8.89145989421391,9555690.10745376
2012-07-28,84564417.21244654,8.84256089421391,9563340.10295376
2012-07-29,83729650.97979732,8.74768065926359,9571640.09995376
2012-07-30,87070078.9902547,9.08831724897721,9580440.09742876
2012-07-31,89359853.31987952,9.32099840210403,9586940.09642876
2012-08-01,91792148.9819308,9.56802090385739,9593640.09592876
2012-08-02,101309923.54375552,10.5510396960842,9601890.09442876
2012-08-03,104901352.0491232,10.9158647466394,9609990.09092876
2012-08-04,105023525.55421202,10.9197148807715,9617790.08892876
2012-08-05,103996446.38395108,10.805117377557,9624740.08842876
2012-08-06,104691683.56105743,10.8694465017534,9631740.08392876
2012-08-07,105473278.2221404,10.9412794400935,9639940.08192876
2012-08-08,106809795.88965744,11.0703915967271,9648240.07862876
2012-08-09,107225783.72411522,11.1037247440094,9656740.07561876
2012-08-10,110635487.42798108,11.4475688045003,9664540.07111866
2012-08-11,111650254.36542945,11.5425355271771,9672940.06611866
2012-08-12,112226225.21950372,11.5925523898305,9680890.06161866
2012-08-13,116120988.80014005,11.9849629903565,9688890.06111866
2012-08-14,118175116.36672884,12.1870974810053,9696740.06061866
2012-08-15,127816786.7655184,13.1700773538866,9705090.05611866
2012-08-16,130644707.35527684,13.4507908246639,9712790.05511866
2012-08-17,117384750.6537378,12.0770055423729,9719690.05411866
2012-08-18,112617191.42044298,11.5775071648159,9727240.05411866
2012-08-19,76241597.06059201,7.83062184190532,9736340.05061866
2012-08-20,97254297.62726884,9.97987664874343,9745040.04911866
2012-08-21,96590617.15186468,9.90298201811806,9753690.04761866
2012-08-22,95394694.25352702,9.772554578609,9761490.04706866
2012-08-23,98563560.45137784,10.0886574260666,9769740.04456866
2012-08-24,103579438.0834687,10.5940425943892,9777140.04456866
2012-08-25,103551116.36779428,10.5836766715371,9784040.04406866
2012-08-26,103272277.54724193,10.545530742256,9792990.04206866
2012-08-27,106826341.31240284,10.9003800806546,9800240.03951866
2012-08-28,107228161.791973,10.9329585336061,9807790.03801866
2012-08-29,106680232.0397012,10.8677839018118,9816190.03501866
2012-08-30,105388224.84199664,10.7277488383986,9823890.02851866
2012-08-31,99315679.95897572,10.1024098205728,9830890.02751866
2012-09-01,98453677.43007715,10.0065329374635,9838940.02501866
2012-09-02,100697998.07804376,10.2261162016365,9847140.01801866
2012-09-03,103449153.79694,10.4971343091759,9854990.01441866
2012-09-04,102216419.7810208,10.3640018942139,9862640.01341866
2012-09-05,108839992.77701966,11.0255228784337,9871640.00991866
2012-09-06,110270518.50370324,11.1607690157802,9880190.00731866
2012-09-07,109527232.63583648,11.0761223366452,9888590.00531866
2012-09-08,109282433.32888374,11.0432700333139,9895840.00021866
2012-09-09,109556670.67691284,11.0620954932788,9903789.99561866
2012-09-10,110265963.61254425,11.1252888047925,9911289.99411183
2012-09-11,111763030.6118705,11.2680929552893,9918539.99211183
2012-09-12,112318809.25188173,11.3152859082408,9926289.99061183
2012-09-13,113038122.8594748,11.38029928872,9932789.99011183
2012-09-14,116607709.44687808,11.730107622443,9940889.99011183
2012-09-15,116575632.23739052,11.7183934155465,9948089.99011183
2012-09-16,118347752.1589786,11.8869112238457,9956139.98711183
2012-09-17,118660902.48040032,11.908317157218,9964539.98611183
2012-09-18,122264149.0640175,12.2596508386908,9972889.98461183
2012-09-19,124797693.40999308,12.5048540981882,9979939.98411183
2012-09-20,123517671.27573656,12.3671766493279,9987539.98411183
2012-09-21,123287120.19380532,12.3336578357686,9995989.98411183
2012-09-22,122184176.7524369,12.2137276250731,10003839.98261183
2012-09-23,121797452.58739762,12.1654630263004,10011739.98261183
2012-09-24,121370769.43998057,12.11358871654,10019389.98261183
2012-09-25,122144938.29132256,12.1824053945061,10026339.98261183
2012-09-26,123608911.07719636,12.3198168597312,10033339.98261183
2012-09-27,123697386.92443845,12.3187514018118,10041389.98261183
2012-09-28,124424855.71188603,12.3814573892461,10049289.98261183
2012-09-29,124763144.95418239,12.4047515055523,10057689.98261183
2012-09-30,124729610.61187744,12.3916224728229,10065639.98261183
2012-10-01,124788341.8225846,12.3893951601403,10072189.98261183
2012-10-02,129090428.09204872,12.8072380958504,10079489.98261183
2012-10-03,130670285.50199749,12.9554304944477,10086139.98261183
2012-10-04,129816072.09317791,12.8623857779077,10092689.98261183
2012-10-05,128790912.27879584,12.7522194190532,10099489.98261183
2012-10-06,126392347.02922504,12.5051297136178,10107239.98261183
2012-10-07,120087550.57604904,11.8739970853302,10113489.98261183
2012-10-08,118769339.49312057,11.7333297481005,10122389.98161183
2012-10-09,119818327.7471808,11.8286634354179,10129489.98011183
2012-10-10,122750116.81018908,12.109188478083,10136939.98011183
2012-10-11,122411314.48906244,12.0675518082992,10143839.97961183
2012-10-12,122100407.82956965,12.0280681648159,10151289.97911183
2012-10-13,121160702.5379814,11.9268038293396,10158689.97861183
2012-10-14,118428590.74006346,11.6505779608416,10165039.97811183
2012-10-15,121149067.61015467,11.9083095268849,10173489.97661183
2012-10-16,120627515.20144685,11.8480180689655,10181239.97611183
2012-10-17,121438778.88274582,11.9193881607247,10188339.97561183
2012-10-18,121599076.91927172,11.9259328445354,10196189.97561183
2012-10-19,119960921.8528851,11.7574857971946,10202939.97561183
2012-10-20,119409417.79504204,11.6943775517241,10210839.97561183
2012-10-21,119125804.49907812,11.657411405903,10218889.97061183
2012-10-22,120072950.74899608,11.7410779129164,10226739.96711183
2012-10-23,119808539.91377082,11.7077817299825,10233239.96611183
2012-10-24,119151358.07987152,11.6343523869082,10241339.96611183
2012-10-25,110208467.30059668,10.7536298202805,10248489.96501183
2012-10-26,103907129.81990696,10.130619493571,10256739.96401183
2012-10-27,107358406.44493102,10.4581862957335,10265489.96251183
2012-10-28,110031900.95078166,10.7099620838691,10273789.96201183
2012-10-29,109301962.21337628,10.6307389760374,10281689.96151183
2012-10-30,111729837.03327024,10.8593230584454,10288839.96101183
2012-10-31,114760401.03673296,11.1460718381064,10296039.95951183
2012-11-01,109350090.90821236,10.6135357510228,10302889.95801183
2012-11-02,108569913.2783006,10.5305036388077,10310039.95651183
2012-11-03,109887377.78346366,10.650747019287,10317339.95601183
2012-11-04,111479866.79207066,10.7968828924605,10325189.95551183
2012-11-05,110986940.92462017,10.7408207352425,10333189.95451183
2012-11-06,112376509.54384236,10.8681974991233,10339939.95351183
2012-11-07,113350715.0074326,10.9540989444769,10347789.95351183
2012-11-08,112799238.90434064,10.892699371128,10355489.95351183
2012-11-09,112085804.89997824,10.8158672180012,10363089.95301183
2012-11-10,112655160.61829431,10.8632604430158,10370289.95201183
2012-11-11,112512718.56121533,10.8418406388077,10377639.95151183
2012-11-12,114552107.04302377,11.0313424552893,10384239.95151183
2012-11-13,114282885.84278288,10.9980027790766,10391239.94951183
2012-11-14,113955460.67442434,10.9589524184687,10398389.94851183
2012-11-15,116279140.7682393,11.1751098585622,10405189.94801183
2012-11-16,121878076.38037,11.705044829924,10412439.94801183
2012-11-17,122428861.15311757,11.7500423991818,10419439.94701183
2012-11-18,121634501.08996607,11.6656310321449,10426739.94701183
2012-11-19,122605492.63169713,11.7505293506721,10434039.94601183
2012-11-20,122155599.30469324,11.6991703167738,10441389.94451183
2012-11-21,122557615.51101328,11.7291351759205,10448989.94451183
2012-11-22,128527465.32024261,12.2919979465225,10456189.94401183
2012-11-23,128505104.2609044,12.2802876195207,10464339.94401183
2012-11-24,129989710.32066847,12.4132043997662,10471889.94351183
2012-11-25,131300996.09654567,12.5296894897721,10479189.94351183
2012-11-26,127780662.07478452,12.1846262399182,10487039.94351183
2012-11-27,127604785.27999575,12.1592753845704,10494439.94351183
2012-11-28,129500185.07707688,12.3316598270018,10501439.94351183
2012-11-29,131295308.57732429,12.4976616534191,10505589.94301183
2012-11-30,132264146.2162412,12.5861389275278,10508714.94251183
2012-12-01,132382377.27418672,12.5923868702513,10512889.94201183
2012-12-02,131434197.8797226,12.4979447565751,10516464.94201183
2012-12-03,133152967.67206888,12.6569578369375,10520139.94101183
2012-12-04,140687388.18906176,13.3695895815313,10522939.94001183
2012-12-05,140129874.8850083,13.3127502220923,10525989.93801183
2012-12-06,141914659.9815795,13.4779245403273,10529414.93751183
2012-12-07,141951363.36267227,13.4772824494448,10532639.93651183
2012-12-08,142237049.86246952,13.4999844091175,10536089.93551183
2012-12-09,140662080.57908487,13.3465108907072,10539239.93551183
2012-12-10,142246364.18187144,13.4922565809468,10542814.93451183
2012-12-11,143593823.10198697,13.615415666277,10546414.93301183
2012-12-12,144195074.1623218,13.6682136426067,10549664.93301183
2012-12-13,145158343.0619243,13.7552515207481,10552939.93301183
2012-12-14,143565757.99748012,13.6009222527762,10555589.93201183
2012-12-15,142866381.2634929,13.5309482887201,10558489.93101183
2012-12-16,140811878.1046288,13.3328610765634,10561264.93001183
2012-12-17,140721431.00088724,13.3200719514904,10564614.92951183
2012-12-18,140255402.26413545,13.2720338690824,10567739.92951183
2012-12-19,143119865.17911875,13.5385431800117,10571289.92951183
2012-12-20,143488650.60438243,13.5700270263004,10573939.92851183
2012-12-21,142039402.18769133,13.4289680023378,10577089.92701183
2012-12-22,142072208.10593084,13.4272139129164,10580914.92601183
2012-12-23,140958364.20494068,13.3181057568673,10583964.92551183
2012-12-24,142151634.76233035,13.4266626715371,10587264.92501183
2012-12-25,141546232.00921187,13.3655670046756,10590364.92501183
2012-12-26,142541973.1363691,13.4546990175336,10594214.92451183
2012-12-27,142007355.02252895,13.3993031811806,10598114.92451183
2012-12-28,142659861.3989672,13.4555072215079,10602339.92301183
2012-12-29,141843881.44588754,13.3740038603156,10605939.92101183
2012-12-30,142652805.32885808,13.445013798948,10610089.91601183
2012-12-31,143773034.30048576,13.5455524436002,10614039.91451183
2013-01-01,141553700.3889638,13.3313714219755,10618089.91051183
2013-01-02,141065475.5141025,13.2806068129749,10621914.90951183
2013-01-03,142218776.59604105,13.3840811484512,10625964.90701183
2013-01-04,142988969.6610883,13.4517211496201,10629789.90351183
2013-01-05,143118110.5322258,13.459406766803,10633314.90101183
2013-01-06,143646517.73434663,13.5044965078901,10636939.90001183
2013-01-07,144251948.58030665,13.5560616578025,10641139.89901183
2013-01-08,146684458.57620788,13.7803506312098,10644464.89801183
2013-01-09,147161591.17636865,13.8209552565751,10647714.89701183
2013-01-10,150431420.63300768,14.12317285564,10651389.89451183
2013-01-11,151585555.62008733,14.2276211227352,10654314.89301183
2013-01-12,151486828.9300193,14.2142856560491,10657364.89301183
2013-01-13,150963772.34194258,14.1607882670953,10660689.89201183
2013-01-14,152695639.4724109,14.3179703202805,10664614.89001183
2013-01-15,152692733.03591055,14.3136377516072,10667639.88901183
2013-01-16,156945831.87205285,14.7078140479252,10670914.88651183
2013-01-17,166494616.2611942,15.598599739626,10673689.88501183
2013-01-18,167793020.99875107,15.7157911239042,10676714.88351183
2013-01-19,166489995.40949845,15.5881263997662,10680564.88251183
2013-01-20,167945212.40042016,15.7195921373466,10683814.88101183
2013-01-21,179340683.40517497,16.7810195207481,10687114.87901183
2013-01-22,184951279.27710688,17.3001788386908,10690714.87651183
2013-01-23,187531843.02921993,17.5363954228521,10693864.87401183
2013-01-24,180803844.8818156,16.90108607218,10697764.87201183
2013-01-25,186277774.0203673,17.4072020292227,10701189.87001183
2013-01-26,187913177.8219317,17.5536291760608,10705089.86701183
2013-01-27,191309887.26549783,17.8646280148217,10708864.86451183
2013-01-28,201334311.6529999,18.7942648743425,10712539.86251183
2013-01-29,209129236.71640304,19.5147141861484,10716489.86101183
2013-01-30,211591642.9422604,19.7374466864407,10720314.85651183
2013-01-31,219990240.12939495,20.5116430306838,10725139.85351183
2013-02-01,219330148.6105789,20.443091956166,10728814.85251183
2013-02-02,210745061.1346712,19.6359017054354,10732639.85001183
2013-02-03,220962040.1641314,20.5789396832262,10737289.84901183
2013-02-04,219559249.87727037,20.4404879614261,10741389.84801183
2013-02-05,221996328.467677,20.6593447276446,10745564.84701183
2013-02-06,227975427.46700156,21.2085655318527,10749214.84551183
2013-02-07,237833763.17360315,22.1177651789246,10753064.84401183
2013-02-08,245120036.30912855,22.7873650499299,10756839.84401183
2013-02-09,255386181.09182903,23.7338601537113,10760414.84351183
2013-02-10,257273226.9911904,23.9002893571011,10764439.84201183
2013-02-11,263796794.8644884,24.4972726949153,10768414.84151183
2013-02-12,269078968.80016905,24.9797364073641,10771889.83951183
2013-02-13,265542492.30472648,24.6416509347867,10776164.83601183
2013-02-14,294102520.84549767,27.2823898203039,10779939.83601183
2013-02-15,293026238.9197121,27.1712692291058,10784414.83351183
2013-02-16,295041582.57998717,27.3461635619521,10789139.83351183
2013-02-17,290648438.39227146,26.9272513763881,10793839.82901183
2013-02-18,290774272.72980016,26.9288676370544,10797864.82851183
2013-02-19,317721259.2488633,29.4136243807715,10801839.82551183
2013-02-20,322252661.8258017,29.8198072276447,10806664.82401183
2013-02-21,322365075.93125725,29.8180689158387,10811064.82251183
2013-02-22,329571373.87658,30.4726565324372,10815314.82251183
2013-02-23,322488396.10531163,29.8064545458796,10819414.82201183
2013-02-24,323431477.0117495,29.8828484924021,10823314.82201183
2013-02-25,328664404.9982788,30.3520330949737,10828414.82051183
2013-02-26,337494377.83787733,31.1555373506721,10832564.81951183
2013-02-27,338562887.3884732,31.2402610829924,10837389.81851183
2013-02-28,361841246.9160514,33.3752939365868,10841589.81801183
2013-03-01,375318347.57353085,34.6062570341204,10845389.81501183
2013-03-02,370423510.0792244,34.143515924021,10849014.81451183
2013-03-03,373906111.1576378,34.451740484512,10853039.81451183
2013-03-04,394955838.76547873,36.3762652507306,10857514.81201183
2013-03-05,441748538.91279936,40.6729539902747,10860989.81201183
2013-03-06,470285631.9407903,43.2849961852133,10864864.81201183
2013-03-07,455921062.30838406,41.9474407158387,10868864.81101183
2013-03-08,477350610.89984405,43.902928914962,10872864.81101183
2013-03-09,510011367.6934876,46.8885866123086,10877089.81101183
2013-03-10,501275189.68221486,46.0660384590181,10881664.81101183
2013-03-11,525511108.0816515,48.275074577218,10885764.81101183
2013-03-12,483625303.7749541,44.4135452582116,10889139.81001183
2013-03-13,512150414.042648,47.0161908515809,10893064.80951183
2013-03-14,511373186.01099753,46.9255625535453,10897539.80951183
2013-03-15,511323729.65172184,46.9025172478223,10901839.80851183
2013-03-16,514304542.94810313,47.1570156995909,10906214.80851183
2013-03-17,516476633.81661993,47.3334997837522,10911439.80851183
2013-03-18,560714853.2440112,51.3654363912578,10916189.80851183
2013-03-19,649750892.1279707,59.4986011114249,10920439.80851183
2013-03-20,695831303.4244559,63.6874854981899,10925714.80851183
2013-03-21,775211153.6449282,70.9175250053215,10931164.80851183
2013-03-22,763898930.1196951,69.8460845417884,10936889.80751183
2013-03-23,704500327.6151553,64.3831163705435,10942314.80751183
2013-03-24,784797927.6057001,71.6904242064758,10947039.80751183
2013-03-25,813786823.9952371,74.3140892495617,10950639.80751183
2013-03-26,861172528.4298557,78.6141974320088,10954414.80751183
2013-03-27,973613530.4479171,88.8520799138223,10957689.80751183
2013-03-28,961096549.4737965,87.6731739608416,10962264.80751183
2013-03-29,990238153.5467443,90.29569935827,10966614.80651183
2013-03-30,1011410501.7964928,92.1899599883109,10970939.80651183
2013-03-31,1030559616.8999578,93.8992384231444,10975164.80651183
2013-04-01,1137324100.7828927,103.580346911163,10980114.80651183
2013-04-02,1281687160.0164895,116.679944241173,10984639.80551183
2013-04-03,1443789615.4101913,131.384809378154,10989014.80501183
2013-04-04,1462129293.4937856,133.007120475745,10992864.80501183
2013-04-05,1568432428.539234,142.626065488019,10996814.80501183
2013-04-06,1574027367.5374389,143.081822964933,11000889.80501183
2013-04-07,1792186961.141899,162.852214576856,11004989.80501183
2013-04-08,2051514747.0419729,186.351161848042,11008864.80501183
2013-04-09,2540572928.617984,230.682996695207,11013264.80501183
2013-04-10,1776029674.5699651,161.192889661017,11018039.80501183
2013-04-11,913744570.1872934,82.9015850379895,11022039.80501183
2013-04-12,1229179118.960385,111.476373194039,11026364.45501183
2013-04-13,1076680752.5950675,97.6090718702513,11030539.80501183
2013-04-14,980530113.2224425,88.8614913997663,11034364.80501183
2013-04-15,892732454.128854,80.8746931659848,11038464.80501183
2013-04-16,754043176.5032614,68.2831387270602,11042889.80501183
2013-04-17,1025884320.2421464,92.8640369135009,11047164.80501183
2013-04-18,1200434439.8990364,108.628345092344,11050839.80501183
2013-04-19,1315593293.9734411,119.012283239042,11054264.80501183
2013-04-20,1417741977.5334146,128.208288893045,11058114.80501183
2013-04-21,1310722638.199706,118.483243756283,11062514.80501183
2013-04-22,1397836653.5164456,126.31427175979,11066339.80501183
2013-04-23,1573425024.8333805,142.127218053185,11070539.80501183
2013-04-24,1706962826.9867718,154.1332778045,11074589.80501183
2013-04-25,1562219397.6988719,141.008659278492,11078889.80501183
2013-04-26,1520716614.2806685,137.209600419638,11083164.80501183
2013-04-27,1421628544.643054,128.226669605202,11086839.80501183
2013-04-28,1493145659.0043013,134.62356956166,11091264.80501183
2013-04-29,1595664561.2153351,143.810378192577,11095614.80381183
2013-04-30,1544247234.8898036,139.129647545295,11099339.80381183
2013-05-01,1289224863.257716,116.113801040327,11103114.80381183
2013-05-02,1181072403.7427328,106.340984697253,11106464.80381183
2013-05-03,1070069481.6966928,96.3168402741087,11109889.80381183
2013-05-04,1250283521.354362,112.497636369082,11113864.80381183
2013-05-05,1295120354.823742,116.488715827002,11117989.80381183
2013-05-06,1246998701.4902172,112.118596195207,11122139.80381183
2013-05-07,1241802027.6661525,111.609212873466,11126339.80381183
2013-05-08,1259256954.5163176,113.136061854763,11130464.80381183
2013-05-09,1246787690.843792,111.974532710696,11134564.80381183
2013-05-10,1310944548.467899,117.691036883694,11138864.80381183
2013-05-11,1287061932.244286,115.49977766277,11143414.80381183
2013-05-12,1280701257.614276,114.885675559614,11147614.80381183
2013-05-13,1309290368.328104,117.404456646113,11151964.80381183
2013-05-14,1203328284.354879,107.865566569258,11155814.80381183
2013-05-15,1216221320.3093536,108.986852425482,11159339.80331183
2013-05-16,1260506722.5284379,112.917874050263,11163039.80331183
2013-05-17,1309724907.460184,117.284616014027,11167064.80331183
2013-05-18,1320050853.4789565,118.169876680304,11170789.80331183
2013-05-19,1307817307.5679667,117.033880187025,11174689.80331183
2013-05-20,1316966680.7029214,117.818636469901,11177914.80331183
2013-05-21,1311075950.280394,117.252040911748,11181689.80331183
2013-05-22,1330841045.243314,118.9781735827,11185589.80331183
2013-05-23,1384488238.2845275,123.726156049094,11189939.80331183
2013-05-24,1443723531.7086802,128.971080654588,11194164.80331183
2013-05-25,1442842700.700099,128.844915254237,11198289.80331183
2013-05-26,1458084131.9281435,130.158601110462,11202364.80331183
2013-05-27,1416455569.2618315,126.392905902981,11206764.80331183
2013-05-28,1411480509.952701,125.904595265926,11210714.80331183
2013-05-29,1453058332.4655852,129.564812390415,11214914.80331183
2013-05-30,1419399429.3802016,126.513068381064,11219389.80331183
2013-05-31,1434582209.346897,127.816488895383,11223764.80331183
2013-06-01,1446207401.3631341,128.791151081239,11229089.80331183
2013-06-02,1377596394.8728476,122.626708942139,11234064.80331183
2013-06-03,1381873848.829096,122.949187901812,11239389.80331183
2013-06-04,1351501920.6073377,120.189968731736,11244714.80331183
2013-06-05,1359703823.5926516,120.869923845704,11249314.80331183
2013-06-06,1339814370.1351333,119.053975669784,11253839.80331183
2013-06-07,1240591162.2237136,110.1977314436,11257864.80331183
2013-06-08,1229611335.792512,109.178545341321,11262389.80331183
2013-06-09,1125550441.613678,99.9036034482759,11266364.80331183
2013-06-10,1176184371.0284529,104.357566627703,11270714.80331183
2013-06-11,1212170386.11142,107.507520455874,11275214.80331183
2013-06-12,1199975980.6649568,106.378116306254,11280289.80331183
2013-06-13,1143434086.4142456,101.323897720631,11284939.80331183
2013-06-14,1120061949.2339363,99.2132443015781,11289439.80331183
2013-06-15,1127965182.1743383,99.8750374050263,11293764.80331183
2013-06-16,1118973897.9741035,99.0383512565751,11298389.80331183
2013-06-17,1131628982.2687159,100.126305084746,11302014.80331183
2013-06-18,1179042827.4145336,104.289176382233,11305514.80331183
2013-06-19,1180844662.277501,104.417150789012,11308914.80331183
2013-06-20,1180187215.6524065,104.323499707773,11312764.80331183
2013-06-21,1147731005.58289,101.416857393337,11316964.80331183
2013-06-22,1132583770.1846802,100.039508474576,11321364.80331183
2013-06-23,1136113617.018969,100.314744593805,11325489.80331183
2013-06-24,1122112296.7522929,99.0456832261835,11329239.80331183
2013-06-25,1108755117.731877,97.8327887200468,11333164.80331183
2013-06-26,1118465117.7360034,98.6517007597896,11337514.80331183
2013-06-27,1097920368.0880265,96.8039495990649,11341689.80331183
2013-06-28,1014602834.5870994,89.4245067212157,11345914.80331183
2013-06-29,1007861667.6620926,88.7972910578609,11350139.80331183
2013-06-30,1015963076.0984952,89.4809076563413,11353964.80331183
2013-07-01,941200729.8550057,82.8675701344243,11357889.80331183
2013-07-02,997745649.5225524,87.8164666861484,11361714.80331183
2013-07-03,883064123.3690087,77.6913308007014,11366314.80331183
2013-07-04,899798285.1809639,79.1348708357686,11370439.80331183
2013-07-05,767222778.3446608,67.4476238527177,11375089.80331183
2013-07-06,754952725.1660112,66.3416808883694,11379764.80331183
2013-07-07,820924713.9615766,72.1095223728814,11384414.80331183
2013-07-08,842671531.8697888,73.9885537697253,11389214.80331183
2013-07-09,853306435.0262109,74.8919108708358,11393839.80331183
2013-07-10,969046682.8402269,85.0136791350088,11398714.80331183
2013-07-11,997740225.7832276,87.4975493863238,11403064.80331183
2013-07-12,1027155020.5523934,90.0466987142022,11406914.80331183
2013-07-13,1045148461.760039,91.5925978959673,11410839.80331183
2013-07-14,1026132821.0209174,89.892269275862,11415139.80331183
2013-07-15,1071080758.5093728,93.7961525423729,11419239.80331183
2013-07-16,1048445957.7488548,91.7810356516657,11423339.80331183
2013-07-17,1040300802.3742748,91.0313512565751,11427939.80331183
2013-07-18,971279496.8994904,84.9617291174752,11431964.80331183
2013-07-19,986247535.3901426,86.2387945996493,11436239.80331183
2013-07-20,971455782.516991,84.9108591466978,11440889.80231183
2013-07-21,980502571.4748515,85.6643502618352,11445864.80231183
2013-07-22,980680504.4855705,85.6490286382233,11449989.80231183
2013-07-23,996193006.283257,86.977056691993,11453514.80231183
2013-07-24,1009997554.026626,88.15173056692,11457489.80231183
2013-07-25,1033406188.43913,90.166092226768,11461139.80231183
2013-07-26,1031687977.5496286,89.9839859731151,11465239.80231183
2013-07-27,1011234977.8688718,88.165275862069,11469764.80231183
2013-07-28,1064162528.935402,92.7458421975453,11473964.80231183
2013-07-29,1070921147.5860304,93.2986972530684,11478414.80231183
2013-07-30,1109974490.9137096,96.659552893045,11483339.80131183
2013-07-31,1126113338.875797,98.0244199298656,11488089.80131183
2013-08-01,1109809374.1967292,96.5680178258329,11492514.80131183
2013-08-02,1104599123.6600633,96.0745306838106,11497314.80131183
2013-08-03,1098476608.5801706,95.5067095265926,11501564.80131183
2013-08-04,1108785073.3685734,96.3654821741672,11506039.80131183
2013-08-05,1122611899.2791588,97.5271338398598,11510764.80031183
2013-08-06,1124734225.1187468,97.6712066043249,11515514.79931183
2013-08-07,1118080457.817728,97.0542068965517,11520164.79831183
2013-08-08,1086342372.663535,94.2572717708942,11525289.79731183
2013-08-09,1066226355.0628034,92.4727767387493,11530164.79731183
2013-08-10,1076179830.5362253,93.293552893045,11535414.79731183
2013-08-11,1087967756.9501717,94.271312390415,11540814.79681183
2013-08-12,1102045453.0971503,95.4464707773232,11546214.79581183
2013-08-13,1129194526.9368842,97.7590750847458,11550789.79581183
2013-08-14,1145345466.2011495,99.1212875511397,11554989.79581183
2013-08-15,1134034630.235901,98.1063331385155,11559239.79581183
2013-08-16,1136581601.4061985,98.2909602571596,11563439.79581183
2013-08-17,1152544584.159651,99.6305043834015,11568189.79581183
2013-08-18,1147791400.8145003,99.1780397428405,11573039.79581183
2013-08-19,1189978283.6690152,102.784012273524,11577464.79581183
2013-08-20,1210343889.867498,104.500210987726,11582214.79581183
2013-08-21,1283870902.1012616,110.801603740503,11587114.79581183
2013-08-22,1269649511.6129043,109.523216832262,11592514.79581183
2013-08-23,1249013410.2953281,107.697571595558,11597414.79581183
2013-08-24,1263255684.7992575,108.882675043834,11601989.79581183
2013-08-25,1312409633.4811797,113.082563413209,11605764.79581183
2013-08-26,1301681760.4188886,112.11811484512,11609914.79581183
2013-08-27,1367678672.2776241,117.759790765634,11614139.79581183
2013-08-28,1374681503.3539236,118.317414377557,11618589.79581183
2013-08-29,1381264032.0301714,118.835638223261,11623314.79581183
2013-08-30,1452222118.0856152,124.885379602572,11628439.79581183
2013-08-31,1493551306.6732554,128.377978959673,11634014.79581183
2013-09-01,1519383296.7493236,130.536372004676,11639539.79581183
2013-09-02,1508777714.0791569,129.565371712449,11644914.79581183
2013-09-03,1504949277.878628,129.182803623612,11649764.79581183
2013-09-04,1427936118.68676,122.529238749269,11653839.79581183
2013-09-05,1426628972.963139,122.370085037989,11658314.79581183
2013-09-06,1374607454.794005,117.861146405611,11662939.79581183
2013-09-07,1397829338.2760193,119.814989479836,11666564.79581183
2013-09-08,1377787522.411971,118.057386323787,11670489.79581183
2013-09-09,1415770494.889775,121.259272647575,11675564.79581183
2013-09-10,1427518920.9370587,122.215530189363,11680339.79581183
2013-09-11,1485069117.2457132,127.088227060199,11685339.79581183
2013-09-12,1482150941.6341968,126.780723553478,11690664.79581183
2013-09-13,1490131020.7568936,127.407745178258,11695764.79571183
2013-09-14,1455028244.730144,124.348477498539,11701214.79571183
2013-09-15,1464112002.3330758,125.076417884278,11705739.79571183
2013-09-16,1477804868.9868808,126.204665984804,11709589.79571183
2013-09-17,1486482610.60922,126.897250146113,11714064.79571183
2013-09-18,1487083041.575134,126.903819403857,11718189.79571183
2013-09-19,1455765886.6107981,124.180957334892,11722939.79571183
2013-09-20,1441617545.254933,122.921635885447,11727939.79571183
2013-09-21,1449080977.3270447,123.508256867329,11732664.79571183
2013-09-22,1445208450.8688731,123.124935125658,11737739.79571183
2013-09-23,1442810649.6754968,122.865699006429,11742989.79571183
2013-09-24,1454407234.033399,123.797357685564,11748289.79571183
2013-09-25,1452890630.8332827,123.614078609001,11753439.79571183
2013-09-26,1465990545.1276073,124.68567445938,11757489.79571183
2013-09-27,1489124478.0489428,126.605347749854,11761939.79571183
2013-09-28,1491934482.4245515,126.796551724138,11766364.79571183
2013-09-29,1496146693.904712,127.108627703098,11770614.79571183
2013-09-30,1484673719.3693738,126.090261835184,11774689.79571183
2013-10-01,1502757461.9536965,127.575424313267,11779364.79571183
2013-10-02,1226788968.5104427,104.105092928112,11784139.79571183
2013-10-03,1386111008.0966032,117.575495032145,11789114.79571183
2013-10-04,1437999553.268967,121.930347749854,11793614.79571183
2013-10-05,1432331658.928452,121.393402688486,11799089.79571183
2013-10-06,1445663053.3216777,122.475261250731,11803714.79561183
2013-10-07,1463044622.0613894,123.906872589129,11807614.79561183
2013-10-08,1473700417.438481,124.76652893045,11811664.79561183
2013-10-09,1488044932.6301763,125.933520312683,11816114.79561183
2013-10-10,1497764877.7302716,126.704650496785,11820914.79561183
2013-10-11,1504862605.3675952,127.25529924021,11825539.79561183
2013-10-12,1512594202.8311844,127.851263004091,11830889.79561183
2013-10-13,1567326661.5603995,132.415658679135,11836414.79561183
2013-10-14,1602776719.089326,135.339194915254,11842664.79561183
2013-10-15,1676584639.7830043,141.493908533022,11849164.79561183
2013-10-16,1639796564.2192175,138.327921917008,11854414.79561183
2013-10-17,1704638294.5018115,143.74713383986,11858589.79561183
2013-10-18,1812436164.0191128,152.775572180012,11863389.79561183
2013-10-19,1967550543.6234784,165.772717124489,11868964.79561183
2013-10-20,1977012769.8989055,166.500151081239,11873939.79561183
2013-10-21,2137197000.9127235,179.910628579778,11879214.79561183
2013-10-22,2263001755.1394854,190.402781414378,11885339.79561182
2013-10-23,2432875110.4517865,204.600350964348,11890864.79561181
2013-10-24,2312748499.3044214,194.41004376505,11896239.79561181
2013-10-25,2209553671.416236,185.64378762595,11902114.79561181
2013-10-26,2140916179.2362127,179.808218001169,11906664.79561181
2013-10-27,2317266189.9008646,194.546133255406,11911139.79561181
2013-10-28,2338713940.734061,196.274687317358,11915514.79561181
2013-10-29,2436684646.420872,204.428174167154,11919514.79461181
2013-10-30,2359843888.0831175,197.900599420982,11924389.79461181
2013-10-31,2425105801.6793394,203.283649912332,11929664.79461181
2013-11-01,2423220454.341168,203.037109849386,11934864.79461181
2013-11-02,2445209553.9328732,204.792881355932,11939914.79461181
2013-11-03,2511679473.6252046,210.275382611748,11944714.79461181
2013-11-04,2733959063.1336994,228.79103886616,11949589.79461181
2013-11-05,2912477841.5738826,243.641668907072,11953939.79461181
2013-11-06,3147464099.401864,263.209583987142,11958014.79461181
2013-11-07,3470354236.192072,290.124226183518,11961614.79461181
2013-11-08,3993314855.344432,333.750656511981,11964964.79461181
2013-11-09,3962240225.6836553,331.051148451198,11968664.79461179
2013-11-10,3921840037.556108,327.558653499708,11972939.79461179
2013-11-11,4104700956.1950502,342.697692869667,11977614.79461179
2013-11-12,4249589141.214068,354.645488310929,11982639.79461179
2013-11-13,4728862182.509434,394.50449522443,11986839.79461179
2013-11-14,4996898130.432548,416.706303302747,11991414.79461179
2013-11-15,4898974235.472225,408.398797334892,11995564.79461179
2013-11-16,5229762080.054529,435.798442767387,12000414.79461179
2013-11-17,5826497052.347043,485.33657685564,12005064.79461179
2013-11-18,7899238895.686413,657.778503874927,12008964.79461179
2013-11-19,6569644605.796868,546.878397311514,12012989.79461179
2013-11-20,7154243418.729311,595.339099649328,12017089.79461179
2013-11-21,8664193685.70689,720.764425260082,12020839.79461179
2013-11-22,9655188371.423534,802.916933718294,12025139.79461179
2013-11-23,10036063848.557402,834.295339989129,12029389.79461179
2013-11-24,9713112909.515808,807.166695499708,12033589.79461179
2013-11-25,9825868339.748945,816.243386616014,12037914.79461179
2013-11-26,11031541043.565948,916.097160140269,12041889.79461179
2013-11-27,11599427444.743036,962.910560911748,12046214.79461179
2013-11-28,12139760581.54188,1007.38716364699,12050739.79461179
2013-11-29,13606858893.395243,1128.7254880187,12055064.79461179
2013-11-30,13498119326.69448,1119.29671478667,12059464.79461179
2013-12-01,11635884342.126692,964.485793687902,12064339.79461179
2013-12-02,12560801212.130327,1040.80821770894,12068314.79461179
2013-12-03,12720698338.605392,1053.62102744828,12073314.79461179
2013-12-04,13707245929.353369,1134.93223088837,12077589.79461179
2013-12-05,12413024442.393896,1027.411772827,12081839.79461179
2013-12-06,9966751946.762209,824.581710337814,12087039.79461179
2013-12-07,8509665399.288916,703.748376025716,12091914.79395749
2013-12-08,9478722082.947542,783.573348334307,12096789.79395749
2013-12-09,10843625557.380884,896.079289888954,12101189.79395749
2013-12-10,11829553963.894163,977.165367329047,12105989.79395749
2013-12-11,10601969953.019352,875.464034272355,12110114.79395749
2013-12-12,10579622451.506428,873.324805987727,12114189.79395749
2013-12-13,10654088610.746971,879.156135300994,12118539.79395749
2013-12-14,10339592472.911236,852.856120526008,12123489.79395749
2013-12-15,10479266163.262644,864.0616578609,12127914.79395749
2013-12-16,8224848384.49859,677.894106801286,12132939.79395749
2013-12-17,8285733865.857126,682.62677270602,12138014.79395749
2013-12-18,6388681645.92219,526.12097632671,12142989.79395749
2013-12-19,8328197861.437324,685.525128959673,12148639.79395749
2013-12-20,7294490540.985549,600.216954260666,12153089.79395749
2013-12-21,7258204826.317185,597.033502548217,12157114.79395749
2013-12-22,7479382499.65317,615.013035271771,12161339.79395749
2013-12-23,8004081993.820382,657.926634155465,12165614.79395749
2013-12-24,7918485708.395575,650.664745178258,12169839.79395749
2013-12-25,8257429632.97065,678.290158094681,12173889.79395749
2013-12-26,9133750877.51704,749.996594956166,12178389.79395749
2013-12-27,8803069849.17756,722.570567492694,12182989.79395749
2013-12-28,8723906479.732147,715.852363078901,12186739.79395749
2013-12-29,8866119604.030233,727.271215663355,12190939.79395749
2013-12-30,8972568474.398039,735.741997077732,12195264.79395749
2013-12-31,8900503870.915495,729.557582910579,12199864.79395749
2014-01-01,9183089853.000948,752.404549944594,12204989.79395749
2014-01-02,9582996402.3458,784.954921314436,12208339.79395749
2014-01-03,9858101001.48251,807.222939029807,12212364.79395749
2014-01-04,10122111479.991652,828.602062618352,12215889.79395749
2014-01-05,11029040879.340033,902.487380263004,12220714.79395749
2014-01-06,11179606610.7568,914.459960841613,12225364.79395749
2014-01-07,9824823598.10845,803.351796198714,12229789.79395749
2014-01-08,10040826131.521135,820.690009503214,12234614.79395749
2014-01-09,10175362594.378292,831.334750487434,12239789.79395749
2014-01-10,10448187786.868984,853.298854844603,12244464.79395749
2014-01-11,10896805298.01208,889.555837119345,12249714.79395749
2014-01-12,10357726631.175535,845.191332220924,12254889.79395749
2014-01-13,10087743753.83846,822.877012197545,12259114.79395749
2014-01-14,9998079805.514896,815.293602711864,12263164.79395749
2014-01-15,10318292540.726215,841.089857364115,12267764.79395749
2014-01-16,10012488124.529272,815.854800298071,12272389.79395749
2014-01-17,9732925495.745893,792.829506475745,12276189.79395749
2014-01-18,9944578844.4719,809.783528356386,12280539.79395749
2014-01-19,10299896608.664616,838.428474734073,12284764.79395749
2014-01-20,10186700742.459932,828.885216592636,12289639.79395749
2014-01-21,10127844874.99924,823.817963763881,12293789.79395749
2014-01-22,10072254626.333912,818.976386323787,12298589.79395749
2014-01-23,9976790593.935715,810.922425195792,12303014.79395749
2014-01-24,9612868029.726164,781.042513950906,12307739.79395749
2014-01-25,9903703940.55946,804.403240800701,12311864.79395749
2014-01-26,10031101355.88135,814.499381373466,12315664.79395749
2014-01-27,9150091927.132542,742.701374970777,12320014.79395749
2014-01-28,9738027140.096825,790.176401876096,12323864.79395749
2014-01-29,9780577243.029943,793.38442490941,12327664.79395749
2014-01-30,9859171086.457367,799.474479836353,12332064.79395749
2014-01-31,9909273006.112879,803.237598784921,12336664.79395748
2014-02-01,10036259444.951324,813.219549216833,12341389.79395748
2014-02-02,10055736698.102497,814.490870426651,12346039.79395748
2014-02-03,9966874027.672003,806.997428372531,12350564.79395748
2014-02-04,9884858379.634344,800.078231893629,12354864.79395748
2014-02-05,9695361198.195812,784.473692777791,12359064.79395748
2014-02-06,9440477710.384096,763.569382232612,12363614.79395748
2014-02-07,8800350461.683466,711.571273419053,12367489.79395748
2014-02-08,8384312394.90741,677.682300941379,12372039.79395748
2014-02-09,8506986612.71322,687.406054576271,12375489.79395748
2014-02-10,8485545565.293612,685.457498836938,12379389.79395748
2014-02-11,8320462974.609264,671.89969169024,12383489.79395748
2014-02-12,8098811133.284318,653.765780911747,12387939.79395748
2014-02-13,7595523910.103821,612.918414962011,12392389.79395748
2014-02-14,8291082519.487445,668.788602659264,12397164.79395748
2014-02-15,8115479465.42532,654.377060198714,12401839.79395748
2014-02-16,7732488989.658062,623.250321948568,12406714.79395748
2014-02-17,7835234697.490661,631.334596306254,12410589.79395748
2014-02-18,7787368652.688505,627.271761415484,12414664.79395748
2014-02-19,7744159486.450519,623.54013694623,12419664.79395748
2014-02-20,7004311226.10136,563.768561098773,12424089.79395748
2014-02-21,7212206643.66763,580.324315973115,12427889.79395748
2014-02-22,7548010095.161955,607.12463333723,12432389.79395748
2014-02-23,7587343600.977681,610.082323746347,12436589.79395748
2014-02-24,6746537217.627368,542.266650753945,12441364.79395748
2014-02-25,6642199671.020906,533.707644436002,12445389.79395748
2014-02-26,7315347427.473483,587.57858829924,12449989.79395748
2014-02-27,7290899751.2384815,585.393925650058,12454689.79395748
2014-02-28,6868699958.074753,551.29477030976,12459214.79395748
2014-03-01,7073074065.534708,567.534235441262,12462814.79395748
2014-03-02,6962782218.561885,558.527707156633,12466314.79395748
2014-03-03,8436036495.988573,676.505732781999,12470014.79395748
2014-03-04,8413679684.586358,674.51139943308,12473739.79395748
2014-03-05,8364246723.915033,670.338851099514,12477639.79395748
2014-03-06,8334368086.505349,667.712834003507,12481964.79395748
2014-03-07,7888356429.445993,631.770295213326,12486114.79395748
2014-03-08,7763031842.093223,621.524114496201,12490314.79395748
2014-03-09,8003898568.525568,640.578889322034,12494789.79395748
2014-03-10,7850957580.555816,628.151241165985,12498514.79395748
2014-03-11,7923393434.7315645,633.73383823495,12502714.79395748
2014-03-12,7937695874.874136,634.646823717125,12507264.79395748
2014-03-13,8050181562.351056,643.432100859147,12511314.79390288
2014-03-14,7863055683.338157,628.308590005845,12514639.79390288
2014-03-15,7964671637.61267,636.218650061368,12518764.79390288
2014-03-16,7941722382.91416,634.168900970894,12523039.79390288
2014-03-17,7801357484.821923,622.760208649912,12527064.79390288
2014-03-18,7697737311.570462,614.309513717125,12530714.79390288
2014-03-19,7652583814.03622,610.511203474576,12534714.79390288
2014-03-20,7355554646.774345,586.607595710111,12539139.79390288
2014-03-21,7146128280.472166,569.694517995324,12543789.79390288
2014-03-22,7085878406.695821,564.700026703682,12548039.79390288
2014-03-23,7016828469.400794,558.958861691408,12553389.79360286
2014-03-24,7346774511.36296,585.023250518995,12558089.79360286
2014-03-25,7333342313.479179,583.771189094097,12562014.79360286
2014-03-26,7278772312.146112,579.243850400994,12565989.79360286
2014-03-27,6073523735.479516,483.164012612507,12570314.79360286
2014-03-28,6270499057.068129,498.661328949153,12574664.79360286
2014-03-29,6157654118.851704,489.517023547633,12579039.79360286
2014-03-30,5774962089.454827,458.966328275862,12582539.79360286
2014-03-31,5731575961.734351,455.355354056108,12587039.79360286
2014-04-01,6031346382.543664,479.008465867913,12591314.79360286
2014-04-02,5529894031.990361,439.011492524839,12596239.79360286
2014-04-03,5663560667.076927,449.441151519579,12601339.79260287
2014-04-04,5669265274.405954,449.719869736996,12606214.79260287
2014-04-05,5821952055.152502,461.675331482174,12610489.79260287
2014-04-06,5785324166.341841,458.633480544535,12614264.79260287
2014-04-07,5661150113.948946,448.655275066394,12618039.79260287
2014-04-08,5715004409.203112,452.803098796026,12621389.79260287
2014-04-09,5591013245.689483,442.837984932203,12625414.79260287
2014-04-10,4633836284.859532,366.911866063413,12629289.79260287
2014-04-11,5330629803.531851,421.943528071303,12633514.79260287
2014-04-12,5361782245.308981,424.274212647575,12637539.79260287
2014-04-13,5263741901.896724,416.362321654004,12642214.79260287
2014-04-14,5831654343.278687,461.108246586649,12647039.79260287
2014-04-15,6599262800.161744,521.615299606078,12651589.79260287
2014-04-16,6726202947.40904,531.481846731999,12655564.79260287
2014-04-17,6327838333.005469,499.837551544721,12659789.79260287
2014-04-18,6116863917.00978,483.020013533606,12663789.79260287
2014-04-19,6389184729.202242,504.365595178488,12667764.79260287
2014-04-20,6355840372.112892,501.55718444916,12672214.79260287
2014-04-21,6313963464.213944,498.084530300994,12676489.79260287
2014-04-22,6207070836.842335,489.503510029223,12680339.79260287
2014-04-23,6223416602.893509,490.63296754332,12684464.79260287
2014-04-24,6385887057.10233,503.291801028638,12688239.79260287
2014-04-25,5920249346.641045,466.426171344243,12692789.79260287
2014-04-26,5830739443.721431,459.22670981882,12696864.79260287
2014-04-27,5572174763.277724,438.709363717287,12701289.79254827
2014-04-28,5609904516.174706,441.547805468089,12705089.79254827
2014-04-29,5690108831.428476,447.709930772047,12709364.79254827
2014-04-30,5706462614.309296,448.875715514009,12712789.79254827
2014-05-01,5852383319.24592,460.194698255991,12717189.79254827
2014-05-02,5753039376.083323,452.239779761701,12721214.79254827
2014-05-03,5585899281.339316,438.978588005844,12724764.79254827
2014-05-04,5558240188.076006,436.675398644705,12728539.79254827
2014-05-05,5504384772.499356,432.338179035394,12731664.79254827
2014-05-06,5478334250.699367,430.128205394506,12736514.79254827
2014-05-07,5633626419.338813,442.18287609585,12740489.79254827
2014-05-08,5612785584.474883,440.402762711864,12744664.79254827
2014-05-09,5771408225.232617,452.697999723553,12748914.79254827
2014-05-10,5825185347.699633,456.75584628872,12753389.79244827
2014-05-11,5601866711.420653,439.114476037405,12757189.79244827
2014-05-12,5631314154.064409,441.280955581531,12761289.79244827
2014-05-13,5604057888.535578,439.005774985389,12765339.79244827
2014-05-14,5680306682.9458,444.848205727645,12769089.79244827
2014-05-15,5709203037.712362,446.96155873758,12773364.79190227
2014-05-16,5733977785.103604,448.74215371128,12777889.79190227
2014-05-17,5742055791.200181,449.2222893045,12782214.79190227
2014-05-18,5715094426.171577,446.962641437756,12786514.79190227
2014-05-19,5722627919.563457,447.404856808884,12790714.79102867
2014-05-20,6273913162.718684,490.335648158971,12795139.79102867
2014-05-21,6322109034.304463,493.933491817651,12799514.79102867
2014-05-22,6745232578.297365,526.81428842782,12803814.79102867
2014-05-23,6707509362.755702,523.699320280538,12807939.79102854
2014-05-24,6760669281.582314,527.691243132671,12811789.79102854
2014-05-25,7347466289.31905,573.312458796026,12815814.79102854
2014-05-26,7497613476.323515,584.847974868498,12819764.79102854
2014-05-27,7359576774.76447,573.928269245471,12823164.79102854
2014-05-28,7429487155.296797,579.189318819404,12827389.79102854
2014-05-29,7318103409.655446,570.349310929281,12830914.79102854
2014-05-30,7968618784.834808,620.846360607832,12835089.79102854
2014-05-31,8061363103.304023,627.892420689655,12838764.79102854
2014-06-01,8092140707.087939,630.074953535944,12843139.79102854
2014-06-02,8524698178.61551,663.505723845704,12847964.79102854
2014-06-03,8641808154.46159,672.387897136178,12852414.79102854
2014-06-04,8278421132.739145,643.887368790181,12856939.79102854
2014-06-05,8507425132.2468815,661.503558153127,12860739.79102854
2014-06-06,8363454618.504367,650.133315897136,12864214.79102854
2014-06-07,8451764871.919811,656.800271770894,12868089.79102854
2014-06-08,8467123090.854522,657.819974868498,12871489.79102854
2014-06-09,8347582865.630777,648.336322326125,12875389.79102854
2014-06-10,8383780238.002946,650.936609585038,12879564.79102854
2014-06-11,8135608711.298166,631.489022209235,12883214.79102854
2014-06-12,7629087562.663397,591.975077147867,12887514.79102854
2014-06-13,7696859223.017364,597.044999707773,12891589.79102854
2014-06-14,7422437719.846514,575.559461718293,12896039.79002854
2014-06-15,7607913697.277698,589.724646405611,12900789.79002854
2014-06-16,7621562611.521574,590.567482174167,12905489.79002854
2014-06-17,7863277527.037325,609.080002922268,12910089.79002854
2014-06-18,7846955363.483023,607.629796025716,12914039.79002854
2014-06-19,7696045540.252878,595.751476914085,12918214.79002854
2014-06-20,7644281888.102515,591.531522793688,12922864.79002854
2014-06-21,7662969895.204457,592.764349503215,12927514.79002854
2014-06-22,7754483949.454893,599.634633547633,12932014.78970094
2014-06-23,7626693090.721795,589.552299824664,12936414.78964634
2014-06-24,7505506467.194577,579.973718585622,12941114.78964634
2014-06-25,7278599165.190247,562.236779953244,12945789.78948254
2014-06-26,7520740158.499389,580.749230274693,12950064.78948254
2014-06-27,7781263113.330781,600.638305376973,12954989.78948254
2014-06-28,7703024797.867049,594.390304208065,12959539.78948254
2014-06-29,7788974904.506178,600.840518410286,12963464.78948254
2014-06-30,8285063972.982667,638.94611396844,12966764.78948254
2014-07-01,8339204790.290083,642.95659672706,12970089.78948254
2014-07-02,8449628746.898273,651.298347749854,12973514.78948254
2014-07-03,8388499950.529135,646.413389130333,12976989.78948254
2014-07-04,8186367619.644586,630.635502922268,12981139.78948254
2014-07-05,8186593458.815447,630.468341905318,12984939.78948254
2014-07-06,8243439551.879233,634.67267445938,12988489.78948254
2014-07-07,8092281240.717175,622.854978959673,12992239.78948254
2014-07-08,8121120346.3892145,624.894331092928,12995989.78948254
2014-07-09,8085295133.413473,621.939091759205,13000139.78948254
2014-07-10,8017179778.299044,616.522849795441,13003864.78937334
2014-07-11,8253353630.980082,634.494378141438,13007764.78927334
2014-07-12,8287456960.000429,636.923957934541,13011689.78927334
2014-07-13,8198267373.456794,629.87575043834,13015689.78921874
2014-07-14,8061371837.189572,619.197459088252,13019064.78921874
2014-07-15,8099479060.359117,621.934601402689,13023039.78921874
2014-07-16,8028993953.251206,616.351882232612,13026639.78921874
2014-07-17,8134685025.076653,624.259274985389,13030939.78902764
2014-07-18,8221979325.367266,630.750140268849,13035239.78902764
2014-07-19,8204209766.049146,629.17336440678,13039664.78902764
2014-07-20,8155455986.217747,625.248676212741,13043539.78902764
2014-07-21,8106428368.504002,621.305331385155,13047414.78788104
2014-07-22,8089291599.24513,619.823264465225,13050964.78788104
2014-07-23,8090895378.982157,619.772816773817,13054614.78788104
2014-07-24,7872516830.5178385,602.87964552893,13058189.78779914
2014-07-25,7857977844.637789,601.578514319112,13062264.78771724
2014-07-26,7770155179.104973,594.702607247224,13065614.78698014
2014-07-27,7731559647.227797,591.575444184687,13069439.78698014
2014-07-28,7680407552.468034,587.493004967855,13073189.78698014
2014-07-29,7638387993.689982,584.11239333723,13076914.78698014
2014-07-30,7363607117.266952,562.914625073057,13081214.78689824
2014-07-31,7615187932.454973,581.975561952075,13085064.78676174
2014-08-01,7807670878.872717,596.506759205143,13088989.78659788
2014-08-02,7721730033.748467,589.757261542957,13093064.78659785
2014-08-03,7684663690.325994,586.753736703682,13096914.78659785
2014-08-04,7697736644.30162,587.60833547633,13100114.78659785
2014-08-05,7624684694.6667,581.881988603156,13103489.78659785
2014-08-06,7631872806.490932,582.248371420222,13107589.78659785
2014-08-07,7684003054.893186,586.046633547633,13111589.78659783
2014-08-08,7725373119.050059,589.024412624196,13115539.78659783
2014-08-09,7727451082.260733,588.978521332554,13120089.78659783
2014-08-10,7735241242.426254,589.373502045587,13124514.78659783
2014-08-11,7528750393.807314,573.441483927528,13129064.78659783
2014-08-12,7463818388.651987,568.307520163647,13133414.78659783
2014-08-13,7203960811.173461,548.370175336061,13137039.78659783
2014-08-14,6637890303.918651,505.107499707773,13141539.78659783
2014-08-15,6577079233.508922,500.323060132671,13145664.78659783
2014-08-16,6860784727.658821,521.7479628872,13149614.78659783
2014-08-17,6547529019.656276,497.764658971362,13153864.78659783
2014-08-18,6170930387.993115,468.957918176505,13158814.7865978
2014-08-19,6407900293.387209,486.794350672122,13163464.78659778
2014-08-20,6782945022.741428,515.120353886616,13167689.78659778
2014-08-21,6840226845.525137,519.307852133255,13171814.78659777
2014-08-22,6800781531.593973,516.159368790181,13175739.78659776
2014-08-23,6552013007.6780815,497.12575949737,13179789.78659774
2014-08-24,6702866072.334485,508.430741963764,13183439.78659772
2014-08-25,6614667025.942611,501.610286674459,13186864.78659772
2014-08-26,6751941118.805074,511.852321741672,13191189.78659772
2014-08-27,6731803470.867446,510.162323787259,13195414.78659771
2014-08-28,6682832259.805304,506.285151665693,13199739.78659771
2014-08-29,6719069017.947292,508.866571887785,13203989.78659769
2014-08-30,6621120334.482542,501.275723261251,13208539.78606061
2014-08-31,6322686205.265619,478.511425482174,13213239.78606057
2014-09-01,6271843933.857898,474.541489772063,13216639.78606056
2014-09-02,6272122810.292736,474.430670660433,13220314.78606053
2014-09-03,6267892342.198352,473.95920338983,13224539.78606051
2014-09-04,6476075980.695105,489.555201344243,13228489.78606049
2014-09-05,6334872080.810288,478.749782875511,13232114.78606047
2014-09-06,6362067497.940154,480.64249181765,13236589.78606046
2014-09-07,6333781569.22385,478.36550087668,13240464.78606045
2014-09-08,6211141850.891306,468.975495908825,13244064.78606045
2014-09-09,6272952283.811393,473.51202717709,13247714.78606045
2014-09-10,6331347487.483828,477.778417592051,13251639.78606045
2014-09-11,6326647559.469149,477.270682057276,13255889.78606045
2014-09-12,6285080622.479268,473.997282291058,13259739.78606045
2014-09-13,6339800916.430825,477.960973991818,13264264.78606045
2014-09-14,6311000675.694806,475.648063997662,13268214.78606045
2014-09-15,6273163405.083723,472.655629748685,13272164.78606045
2014-09-16,6162628008.039854,464.177754529515,13276439.78606045
2014-09-17,6060691069.1306095,456.339891291642,13281089.78589664
2014-09-18,5671343316.691176,426.880106954997,13285564.78573284
2014-09-19,5234786700.077503,393.893890707189,13289839.78573284
2014-09-20,5464482172.793501,411.041342781999,13294239.78573284
2014-09-21,5324715500.714623,400.404530683811,13298339.78556904
2014-09-22,5332743727.964326,400.881622150789,13302539.78556904
2014-09-23,5834698972.616527,438.491800993571,13306289.78556904
2014-09-24,5639528633.478035,423.700091759205,13310189.78556904
2014-09-25,5452786187.234508,409.537749853887,13314489.78556904
2014-09-26,5397697184.168388,405.298251899474,13317839.78556902
2014-09-27,5336459764.17459,400.599334599649,13321189.78556902
2014-09-28,5003993225.188914,375.549989772063,13324439.78556902
2014-09-29,4972153983.458165,373.0645578609,13327864.78556902
2014-09-30,5189547431.442713,389.264040411455,13331689.785569
2014-10-01,5106312655.53271,382.909365867914,13335564.785569
2014-10-02,4969125807.05118,372.525699006429,13339014.78556899
2014-10-03,4772213722.0931835,357.665713617767,13342664.78556899
2014-10-04,4388682580.260336,328.826113091759,13346514.78556897
2014-10-05,4309969413.808049,322.826261542957,13350739.78556897
2014-10-06,4364384310.694091,326.803532729398,13354764.78556894
2014-10-07,4455868952.722568,333.570194915254,13358114.78556894
2014-10-08,4735489718.929568,354.407334307423,13361714.78556894
2014-10-09,4834490053.511129,361.716424897721,13365414.78556892
2014-10-10,4798109635.995668,358.890390810053,13369289.78556889
2014-10-11,4839760837.727771,361.908376972531,13372889.78556888
2014-10-12,5054628618.96669,377.871243717124,13376589.78556888
2014-10-13,5245064708.897221,391.994208942139,13380464.78556888
2014-10-14,5365291551.155064,400.880592054354,13383764.78556887
2014-10-15,5283069667.50673,394.625879894798,13387539.78556887
2014-10-16,5119758564.702795,382.321476329632,13391239.78556887
2014-10-17,5119499232.526596,382.200789596727,13394789.78556887
2014-10-18,5242894153.666234,391.293177089421,13398889.78556887
2014-10-19,5209233125.406047,388.684497954413,13402214.78556887
2014-10-20,5110107339.437175,381.190858562244,13405639.78556887
2014-10-21,5165387968.708736,385.204633541204,13409464.78556887
2014-10-22,5107553013.098543,380.778763296318,13413439.78556887
2014-10-23,4794571841.573631,357.344793103448,13417214.78556887
2014-10-24,4797920118.279345,357.48843395675,13421189.78556887
2014-10-25,4642538389.7121725,345.811246639392,13425064.78556887
2014-10-26,4741251517.256755,353.081956165985,13428189.78556887
2014-10-27,4701468719.300908,350.015711864407,13432164.78556887
2014-10-28,4764991907.390335,354.653805084746,13435614.78566886
2014-10-29,4483405058.008984,333.599350087668,13439489.78566886
2014-10-30,4632838862.435347,344.609382232613,13443739.78566886
2014-10-31,4534584097.182944,337.182912624196,13448439.78566886
2014-11-01,4363577474.228034,324.371315020456,13452414.78566886
2014-11-02,4363182675.130129,324.248566627703,13456289.78566886
2014-11-03,4379538202.274339,325.361865575687,13460514.78566886
2014-11-04,4438697512.256594,329.657703974284,13464564.78566886
2014-11-05,4563041057.094631,338.805765341905,13468014.78566886
2014-11-06,4710975207.975009,349.689911747516,13471864.78566885
2014-11-07,4610456396.269498,342.133288135593,13475614.78566885
2014-11-08,4660062487.584745,345.716332554062,13479439.78566885
2014-11-09,4902623335.337055,363.610051724138,13483189.78556884
2014-11-10,4929479477.777682,365.502253945061,13486864.78556884
2014-11-11,4961998574.957065,367.825466978375,13490089.78556884
2014-11-12,5702349216.989918,422.591419637639,13493764.78556884
2014-11-13,5694744080.086427,421.914471654004,13497389.78556884
2014-11-14,5378743834.818093,398.388882817066,13501239.78556884
2014-11-15,5104708459.692981,377.993840736411,13504739.78556884
2014-11-16,5271091380.888202,390.205823495032,13508489.78540504
2014-11-17,5235948730.382425,387.501031560491,13512089.78540504
2014-11-18,5053130942.788553,373.864564582116,13515939.78540504
2014-11-19,5105131036.931972,377.613398012858,13519464.78540504
2014-11-20,4816608899.340705,356.181265341905,13522914.78530504
2014-11-21,4744260556.958859,350.748858854471,13526089.78530504
2014-11-22,4768701889.690104,352.455514611338,13529939.78530504
2014-11-23,4977255417.37997,367.773242255991,13533489.78530504
2014-11-24,5103432931.307469,376.994223845704,13537164.78530504
2014-11-25,5101446341.234384,376.755630040912,13540464.78530504
2014-11-26,4977788630.808806,367.530208065459,13543889.78530504
2014-11-27,5006179265.651375,369.530227352425,13547414.78530504
2014-11-28,5120924701.3427725,377.896931911163,13551114.78530504
2014-11-29,5097729689.693371,376.07633547633,13555039.78530502
2014-11-30,5134678161.082396,378.690397136178,13559039.78530502
2014-12-01,5141626519.7315445,379.111978959673,13562289.78530502
2014-12-02,5195071474.5043125,382.946796317943,13566039.78530502
2014-12-03,5100781830.036416,375.916019286967,13568939.78530502
2014-12-04,5006189589.777437,368.845568088837,13572589.78525042
2014-12-05,5137728351.695431,378.428329631794,13576489.78525042
2014-12-06,5094341409.984036,375.13795119813,13579914.78525042
2014-12-07,5115922710.427437,376.639793103448,13583064.78525039
2014-12-08,4935062172.837815,363.215676797195,13587139.78525039
2014-12-09,4771784114.212252,351.106837814144,13590689.78525039
2014-12-10,4729191782.833354,347.881393921683,13594264.78525039
2014-12-11,4740155421.832263,348.593006136762,13597964.78525039
2014-12-12,4803918508.264444,353.190612507306,13601489.78525037
2014-12-13,4751499086.572427,349.242945061368,13605139.78525037
2014-12-14,4845769566.82618,356.07972150789,13608664.78525037
2014-12-15,4724725483.753984,347.095181472823,13612189.78525037
2014-12-16,4474321674.239947,328.613320280538,13615764.78525036
2014-12-17,4362121917.476236,320.297613383986,13618964.78525035
2014-12-18,4270715212.2533607,313.511651179427,13622189.78525035
2014-12-19,4336255009.048292,318.242888661601,13625614.78525035
2014-12-20,4498454597.075575,330.065758328463,13628964.78525035
2014-12-21,4375857072.600248,320.992670075979,13632264.78525034
2014-12-22,4525126532.888657,331.842584453536,13636364.78525033
2014-12-23,4584226091.329002,336.084128579778,13640114.78525033
2014-12-24,4407433219.58878,323.032297779077,13643939.78525033
2014-12-25,4353624220.145397,318.996144360023,13647889.78525033
2014-12-26,4494277461.787612,329.210341905319,13651689.78525033
2014-12-27,4314703858.034944,315.968443892461,13655489.78525033
2014-12-28,4330272746.483408,317.010480420807,13659714.78525033
2014-12-29,4277669438.88849,313.065531560491,13663814.78525033
2014-12-30,4243025008.2295938,310.442004091175,13667689.78525033
2014-12-31,4383931184.775236,320.662287258913,13671489.78525033
2015-01-01,4304761773.784208,314.77647194623,13675614.78521033
2015-01-02,4322014357.174626,315.942731735827,13679739.78521033
2015-01-03,3908737739.4016304,285.647309760374,13683789.78496462
2015-01-04,3604547303.485488,263.334574810053,13688089.78496462
2015-01-05,3765349926.232124,275.003851548802,13691989.78496462
2015-01-06,3938260925.363736,287.549521040327,13695939.78496462
2015-01-07,4076070558.8848286,297.535565166569,13699439.78496462
2015-01-08,3896376434.109535,284.342391876096,13703114.78496462
2015-01-09,4009200101.349313,292.501114552893,13706614.78496462
2015-01-10,3787200643.162167,276.230532144944,13710289.78496462
2015-01-11,3685757426.270804,268.755515488019,13714164.78496462
2015-01-12,3684814575.287508,268.617232028054,13717714.78496462
2015-01-13,3074962783.802202,224.108117767388,13720889.78496462
2015-01-14,2410541394.6767755,175.637640561075,13724514.78496462
2015-01-15,2915078937.6187863,212.341011396844,13728289.78463702
2015-01-16,2850648523.431976,207.595204850964,13731764.78463702
2015-01-17,2744637050.627337,199.824836645237,13735214.78463702
2015-01-18,2900758070.2695274,211.132518410286,13739039.78463702
2015-01-19,2980705663.4190784,216.894694915254,13742639.78463702
2015-01-20,2912963378.745639,211.919853886616,13745589.78463702
2015-01-21,3133526729.5787454,227.904210403273,13749314.78463701
2015-01-22,3213279974.8754363,233.647382817066,13752689.78463701
2015-01-23,3206926509.857733,233.132852425482,13755789.78463701
2015-01-24,3427105944.2266946,249.08212390415,13758939.78463701
2015-01-25,3502692396.505861,254.51794126242,13762064.78463701
2015-01-26,3771018340.3958287,273.952244886032,13765239.78463701
2015-01-27,3645385810.763192,264.753804500292,13768964.78463701
2015-01-28,3246805002.4986134,235.735840444185,13773064.78463701
2015-01-29,3223269286.8193126,233.957373465809,13777164.78463701
2015-01-30,3154330219.336208,228.896189947399,13780614.78463701
2015-01-31,2995872651.2747865,217.332156049094,13784764.78463701
2015-02-01,3131555924.450037,227.111301285798,13788639.78463701
2015-02-02,3311502260.8039474,240.092419929866,13792614.78463701
2015-02-03,3142345617.194964,227.775695791935,13795789.78463701
2015-02-04,3129526308.6160164,226.781134132087,13799764.78463701
2015-02-05,2995565459.889972,217.011151081239,13803739.78463701
2015-02-06,3075423077.971155,222.724969316189,13808164.78463699
2015-02-07,3158106085.154654,228.647127410871,13812139.78463699
2015-02-08,3095155714.175765,224.035988895383,13815439.78463699
2015-02-09,3050902424.29268,220.768493863238,13819464.77463699
2015-02-10,3053351264.7799406,220.888154295734,13823064.77463699
2015-02-11,3034972495.4742727,219.495859731151,13827014.77463699
2015-02-12,3078323766.3727307,222.583227936879,13829989.77463699
2015-02-13,3272421689.8762527,236.555363822326,13833639.77463699
2015-02-14,3564959250.338558,257.627695791935,13837639.77463699
2015-02-15,3244997129.4419994,234.445803039158,13841139.77463699
2015-02-16,3254782653.5302696,235.086126826417,13845064.77463699
2015-02-17,3377800069.693703,243.905794272355,13848789.77463699
2015-02-18,3269233640.315125,235.995232320281,13852964.77463699
2015-02-19,3351651583.637617,241.872253945061,13857114.77430939
2015-02-20,3403317980.169206,245.530775277615,13861064.77414559
2015-02-21,3405093966.41488,245.596002630041,13864614.77365419
2015-02-22,3282518444.046001,236.690668322618,13868389.77349039
2015-02-23,3316309401.1681356,239.066017825833,13871939.77349039
2015-02-24,3328225536.1133857,239.869262127411,13875164.77349039
2015-02-25,3306512284.3025994,238.236111046172,13879139.77349039
2015-02-26,3290861309.890165,237.044402396259,13882889.77349039
2015-02-27,3542727502.119319,255.116774400935,13886689.77349039
2015-02-28,3541295080.490139,254.948448568089,13890239.77349039
2015-03-01,3621421761.2892585,260.651330800701,13893739.77168859
2015-03-02,3840245961.7741632,276.322613676213,13897689.77168859
2015-03-03,3930075596.1308017,282.705900935126,13901639.77168859
2015-03-04,3802326215.650573,273.447536528346,13905139.77168859
2015-03-05,3842468093.2194247,276.268809175921,13908439.77168859
2015-03-06,3802439815.859744,273.31811484512,13912139.77168859
2015-03-07,3846329553.170976,276.403357393337,13915639.77168859
2015-03-08,3832578713.5059977,275.338033898305,13919539.77168859
2015-03-09,4039521363.792741,290.130059029807,13923139.77152479
2015-03-10,4071128369.552176,292.320383109293,13926939.77152479
2015-03-11,4133172397.6432896,296.693329339568,13930789.77152479
2015-03-12,4121701164.266951,295.800344827586,13934064.77152479
2015-03-13,3984946334.609023,285.911026300409,13937714.77152479
2015-03-14,3953780496.6016474,283.608306253653,13940989.77152479
2015-03-15,4005857102.306764,287.270142022209,13944564.77136099
2015-03-16,4064348851.756613,291.392118059614,13948039.77136099
2015-03-17,3979568774.68936,285.248396551724,13951239.77136098
2015-03-18,3590445029.5322075,257.286160140269,13955064.77136098
2015-03-19,3658421733.575415,262.092947983635,13958489.77136098
2015-03-20,3671509176.3995695,262.966492109877,13961889.77136098
2015-03-21,3647612342.244767,261.18429748685,13965664.77136098
2015-03-22,3756313691.7441807,268.899415838691,13969214.77136098
2015-03-23,3727646150.526438,266.777992986558,13972839.77136098
2015-03-24,3450054626.3373647,246.835082992402,13977164.77136098
2015-03-25,3449433239.27608,246.719136762127,13981214.77136098
2015-03-26,3489697647.733156,249.532993571011,13984914.77136098
2015-03-27,3460630353.820043,247.378898305085,13989189.77136098
2015-03-28,3543442060.8842163,253.23161396844,13992889.77136098
2015-03-29,3400748395.4846005,242.967614260666,13996714.77136098
2015-03-30,3476782836.084996,248.336934541204,14000264.77136098
2015-03-31,3426957264.2116175,244.712485680888,14004014.77136098
2015-04-01,3462409579.406614,247.185819403857,14007314.77136098
2015-04-02,3553728796.7408247,253.630070426651,14011464.77136098
2015-04-03,3571516036.0615797,254.83316364699,14015114.77136098
2015-04-04,3560051556.9785414,253.945848626534,14018939.77095148
2015-04-05,3661481425.4431505,261.112136177674,14022639.77095148
2015-04-06,3595755072.903167,256.367386908241,14025789.77095148
2015-04-07,3575186989.6733437,254.831898012858,14029589.77095148
2015-04-08,3449595061.098264,245.825210403273,14032714.77095148
2015-04-09,3422837587.959361,243.860636177674,14036039.77095148
2015-04-10,3311603691.496089,235.871900642899,14039839.77095148
2015-04-11,3334016203.7726493,237.40906779661,14043339.77095148
2015-04-12,3331011083.015563,237.141042372881,14046539.77095148
2015-04-13,3168453355.018588,225.505635885447,14050439.77095148
2015-04-14,3088504414.231545,219.757236703682,14054164.77090148
2015-04-15,3139171565.362344,223.313907948568,14057214.77090148
2015-04-16,3212774939.335911,228.493815312683,14060664.77090148
2015-04-17,3133207820.358849,222.785060198714,14063814.77090148
2015-04-18,3142644115.634204,223.398044126242,14067464.77090148
2015-04-19,3141851112.238399,223.284135300994,14071089.77090148
2015-04-20,3165382222.462422,224.894903565167,14074939.77090148
2015-04-21,3307655935.8249736,234.939356516657,14078764.77090148
2015-04-22,3292819357.09004,233.822418760958,14082564.77090148
2015-04-23,3323312673.176487,235.933293687902,14085814.77090148
2015-04-24,3261000380.522641,231.458592343659,14088914.77090148
2015-04-25,3191301062.82119,226.445992986558,14092989.77090148
2015-04-26,3108346068.4578934,220.503406779661,14096589.77089602
2015-04-27,3205299821.835456,227.325990356517,14100014.77089602
2015-04-28,3181112157.843448,225.549368790181,14103839.77089602
2015-04-29,3183519985.1888514,225.66928842782,14107014.77089602
2015-04-30,3334673947.4553585,236.327976037405,14110364.77089602
2015-05-01,3285000343.4349766,232.746582700175,14114064.77089602
2015-05-02,3325293514.790359,235.540077147867,14117739.77089602
2015-05-03,3395659327.7417884,240.464248977206,14121264.77089602
2015-05-04,3375417433.7278066,238.976661309176,14124464.77089602
2015-05-05,3334612653.988549,236.02338340152,14128314.77089602
2015-05-06,3243106562.193164,229.481219300429,14132339.77089602
2015-05-07,3352047328.9478006,237.130687317358,14135864.77089602
2015-05-08,3455488162.0896983,244.383472822911,14139614.77089602
2015-05-09,3432551362.7063966,242.705950029223,14142839.77089602
2015-05-10,3405403163.984579,240.731483927528,14146064.77069602
2015-05-11,3427838774.99882,242.24983722969,14150014.77069602
2015-05-12,3428170514.219828,242.209092051432,14153764.77069602
2015-05-13,3349034848.944277,236.550265926359,14157814.77069602
2015-05-14,3355591126.3026547,236.948916715371,14161664.77069602
2015-05-15,3364048665.8897886,237.484502337814,14165339.77069602
2015-05-16,3341137186.2170367,235.812134424313,14168639.77069602
2015-05-17,3358466081.9732075,236.963682933957,14172914.77069602
2015-05-18,3301481333.929694,232.88384961543,14176514.77069602
2015-05-19,3289343088.6451774,231.974446814728,14179764.77069602
2015-05-20,3321612394.0908113,234.190306253653,14183389.77059602
2015-05-21,3341864436.7513223,235.553821741672,14187264.77049602
2015-05-22,3410358036.1838894,240.323203682057,14190714.77049602
2015-05-23,3391728868.508885,238.963281706604,14193514.77049602
2015-05-24,3417424495.160936,240.711758328463,14197164.77039602
2015-05-25,3365613792.1716657,237.003543249562,14200689.77039602
2015-05-26,3363522711.3517814,236.796261250731,14204289.77039602
2015-05-27,3370126970.7481446,237.203596434833,14207739.77039602
2015-05-28,3367403673.12386,236.956881940386,14211039.77039602
2015-05-29,3363904289.7064414,236.646526592636,14214889.76889602
2015-05-30,3309858187.054192,232.788770017534,14218289.76889602
2015-05-31,3263243345.059638,229.45054792519,14221989.76889602
2015-06-01,3176261135.317753,223.282701928697,14225289.76889602
2015-06-02,3206098638.097028,225.320800993571,14229039.76889602
2015-06-03,3205365142.156569,225.213063413209,14232589.76889602
2015-06-04,3182342189.564728,223.54007685564,14236114.76889602
2015-06-05,3200072653.718305,224.731071887785,14239564.76884602
2015-06-06,3207189674.672468,225.160513150205,14244014.76884602
2015-06-07,3183111561.3986707,223.411685856225,14247739.76884602
2015-06-08,3260414508.051764,228.774291350088,14251664.76884602
2015-06-09,3269777768.2480297,229.370529514904,14255439.76884601
2015-06-10,3259595200.829957,228.588487434249,14259664.768846
2015-06-11,3274571594.9491158,229.584411747516,14263039.76835459
2015-06-12,3278622378.6497383,229.811218510228,14266589.76834858
2015-06-13,3325260566.2108974,233.015344535359,14270564.76834857
2015-06-14,3318868030.226305,232.507108708358,14274264.76834857
2015-06-15,3380869346.470486,236.7909628872,14277864.76834857
2015-06-16,3590663484.050795,251.432676797195,14280814.76834857
2015-06-17,3542183372.32402,247.969317650497,14284764.76802097
2015-06-18,3558055843.2596903,249.012479544126,14288664.76802095
2015-06-19,3498814572.862747,244.803484219755,14292339.76801545
2015-06-20,3510771420.444903,245.582513150205,14295689.76801544
2015-06-21,3493198059.142505,244.300260081824,14298789.76785584
2015-06-22,3533001756.575591,247.017892460549,14302614.76763204
2015-06-23,3493335248.1509166,244.184763296318,14306114.76733197
2015-06-24,3440865164.001367,240.451545295149,14310014.76733194
2015-06-25,3468922344.1708727,242.347857685564,14313814.76733189
2015-06-26,3478734335.532736,242.967997369959,14317664.7673306
2015-06-27,3602123761.058016,251.529326709527,14320889.76733058
2015-06-28,3567614187.007736,249.058285797779,14324414.76733054
2015-06-29,3677262511.34254,256.65022238457,14327914.76733051
2015-06-30,3781439208.194029,263.854356864991,14331539.76733049
2015-07-01,3699019359.3169966,258.042647574518,14334914.76733042
2015-07-02,3652758933.862812,254.747113383986,14338764.76691191
2015-07-03,3673002617.364455,256.087042833431,14342789.7668119
2015-07-04,3737419191.3775535,260.50923962595,14346589.76681171
2015-07-05,3893228194.4129295,271.302458211572,14350139.76680168
2015-07-06,3863384906.069908,269.137940093513,14354664.76680159
2015-07-07,3825979032.67402,266.469919053185,14358014.76680146
2015-07-08,3886025324.2615986,270.576142898889,14362039.76680146
2015-07-09,3874055948.766721,269.680304792519,14365364.76680142
2015-07-10,4103255450.276876,285.558780829924,14369214.76675142
2015-07-11,4224450512.3152328,293.917453828171,14372914.76669132
2015-07-12,4477953762.4413595,311.481879894798,14376289.76669132
2015-07-13,4208292844.131372,292.649223845704,14379989.76669129
2015-07-14,4138747805.314685,287.740951490357,14383589.76669119
2015-07-15,4113691144.216647,285.922885447107,14387414.76669114
2015-07-16,4008299274.556174,278.532749269433,14390764.76669114
2015-07-17,4031374810.7913055,280.064724722385,14394439.76669114
2015-07-18,3993397737.8692417,277.354635300994,14398164.76669114
2015-07-19,3964601513.393176,275.281989479836,14401964.76669091
2015-07-20,4020884200.643299,279.114393045003,14405864.76669081
2015-07-21,3986295615.0528727,276.652412624196,14409039.76669037
2015-07-22,4003387232.698968,277.764369082408,14412889.76669009
2015-07-23,3990624329.558321,276.811628579778,14416389.76669006
2015-07-24,4171970034.347817,289.305976329632,14420614.76667983
2015-07-25,4175992752.5274096,289.507639976622,14424464.76667982
2015-07-26,4231965548.687132,293.314842781999,14428064.76667962
2015-07-27,4249105128.489564,294.426761835184,14431789.76667941
2015-07-28,4264301217.254372,295.410125268849,14435189.76667941
2015-07-29,4185225454.907616,289.85583635301,14438989.76665941
2015-07-30,4162806009.563684,288.236260666277,14442339.76648561
2015-07-31,4111325610.108484,284.597324371712,14446114.76648561
2015-08-01,4070111946.409812,281.66884628872,14449989.76648561
2015-08-02,4082075699.521997,282.423006428989,14453764.7663218
2015-08-03,4079743942.9708977,282.185052308591,14457689.7663218
2015-08-04,4125555384.437055,285.286617475161,14461089.76631634
2015-08-05,4083866764.853092,282.338886908241,14464414.76614708
2015-08-06,4036507636.772833,278.99574868498,14467989.76614708
2015-08-07,4044597118.3642817,279.488715078901,14471414.76614708
2015-08-08,3784607715.853803,261.450275569842,14475439.76614708
2015-08-09,3856363388.431896,266.342020455874,14478989.76598323
2015-08-10,3837007827.3308535,264.928825248393,14483164.76598323
2015-08-11,3932144983.270839,271.421736119229,14487214.76581943
2015-08-12,3885502464.253271,268.143868497954,14490364.76581943
2015-08-13,3836450981.8437095,264.691627995324,14494039.76581943
2015-08-14,3861519172.3478336,266.355941554646,14497589.76581943
2015-08-15,3798349935.904611,261.936836645237,14501014.76581942
2015-08-16,3755652917.488387,258.930817389831,14504464.76532802
2015-08-17,3743236411.37836,258.009398305085,14508139.76532802
2015-08-18,3161886892.890434,217.885883116937,14511664.76532802
2015-08-19,3298201251.3114314,227.218251899474,14515564.76532802
2015-08-20,3419645393.4232545,235.523883109293,14519314.76450902
2015-08-21,3381065750.1088943,232.80061783986,14523439.76352622
2015-08-22,3350585165.1281605,230.639173290473,14527389.76352619
2015-08-23,3322788928.251413,228.673073933372,14530739.76352619
2015-08-24,3080697609.0501647,211.955917592051,14534614.76352619
2015-08-25,3236956684.2576046,222.655039450614,14537989.76319859
2015-08-26,3288192392.142522,226.116700175336,14542014.76314126
2015-08-27,3271849435.0457935,224.939877264757,14545439.76297625
2015-08-28,3377926168.673827,232.17080829924,14549314.76277625
2015-08-29,3344733031.8844867,229.826200175336,14553314.76277625
2015-08-30,3333852748.421697,229.019572472238,14557064.76277625
2015-08-31,3359066951.9227314,230.689466101695,14560989.75252711
2015-09-01,3320136353.914489,227.955570426651,14564839.75232711
2015-09-02,3343580491.3405457,229.502180709527,14568839.74262711
2015-09-03,3309516199.153644,227.107121566335,14572489.74108889
2015-09-04,3369734261.0245614,231.177563413209,14576389.72948887
2015-09-05,3439481099.355,235.903006136762,14580064.72948887
2015-09-06,3511826272.0757103,240.805472238457,14583664.72917249
2015-09-07,3510234381.8466825,240.6336157218,14587464.72855611
2015-09-08,3562723704.108738,244.174952659264,14590864.72755611
2015-09-09,3484056329.6194606,238.722463179427,14594589.39563973
2015-09-10,3485485743.3847775,238.750477206312,14598863.98623973
2015-09-11,3517014443.8737726,240.845008116891,14602812.28733973
2015-09-12,3452198889.67502,236.351832176505,14606186.28543973
2015-09-13,3368309570.3646874,230.548837317358,14609961.21063972
2015-09-14,3375030516.0714784,230.948793980129,14613761.16283971
2015-09-15,3367911560.96047,230.398590005845,14617761.16283971
2015-09-16,3348913151.4073014,229.043285797779,14621311.16283425
2015-09-17,3410568738.8057647,233.202697837522,14624911.16282879
2015-09-18,3411022493.6568775,233.175130917592,14628586.16282879
2015-09-19,3398091544.278299,232.241568088837,14631711.16282879
2015-09-20,3385967055.005891,231.362323787259,14634911.16262878
2015-09-21,3319557617.5923657,226.773447983635,14638211.16232232
2015-09-22,3376861757.3471384,230.626304792519,14642136.1621568
2015-09-23,3370539512.0771394,230.132437755698,14646086.1621568
2015-09-24,3432689103.0621896,234.319868497954,14649586.16214042
2015-09-25,3451503181.4239817,235.538221800117,14653686.16204042
2015-09-26,3438496949.835321,234.591814436002,14657361.16199128
2015-09-27,3419600261.1048646,233.243309760374,14661086.16199128
2015-09-28,3519771869.2667894,240.017265341905,14664661.16199128
2015-09-29,3481487862.484529,237.336233781414,14669011.16199126
2015-09-30,3473615410.713113,236.739848042081,14672711.16139126
2015-10-01,3496364654.7323823,238.229813851549,14676436.16139126
2015-10-02,3492888180.8293414,237.937007305669,14679886.16139126
2015-10-03,3520164729.941746,239.735897720631,14683511.16128576
2015-10-04,3517865592.290263,239.516924897721,14687336.16128576
2015-10-05,3540000026.045972,240.961213833431,14691161.16128575
2015-10-06,3628719295.758303,246.940498246639,14694711.16128556
2015-10-07,3582418301.470667,243.734486849795,14698036.16128556
2015-10-08,3572908937.268152,243.029632963179,14701536.16126918
2015-10-09,3594544173.051464,244.448887492694,14704686.16126918
2015-10-10,3617688500.22872,245.955924313267,14708686.16126918
2015-10-11,3656429914.913464,248.528165400351,14712336.16126915
2015-10-12,3621485952.20494,246.093637346581,14715886.16126915
2015-10-13,3686765011.986784,250.471300701344,14719311.16125274
2015-10-14,3727042598.5500207,253.142325540619,14723111.1612427
2015-10-15,3750930547.892338,254.693015002922,14727261.1612427
2015-10-16,3870347619.255164,262.737363237873,14730861.15944267
2015-10-17,4006701466.036159,271.930938924605,14734261.13954267
2015-10-18,3883162961.001024,263.481677381648,14737886.13914257
2015-10-19,3897238283.402315,264.362728229106,14742011.13564251
2015-10-20,3993478146.273724,270.832211864407,14745211.13564243
2015-10-21,3953274547.7456384,268.040217708942,14748811.13564233
2015-10-22,4063062212.072203,275.414956458212,14752511.13564227
2015-10-23,4111275942.971991,278.612778026885,14756236.13564224
2015-10-24,4186061085.708384,283.61114289889,14759861.13564217
2015-10-25,4223162195.8379135,286.04969345412,14763736.13564202
2015-10-26,4233988576.976577,286.703382817066,14767836.13564168
2015-10-27,4365910872.377493,295.562913793104,14771511.13564153
2015-10-28,4498127762.504589,304.442097019287,14774986.13544113
2015-10-29,4653528359.828375,314.879462302747,14778761.13544093
2015-10-30,4856113853.881978,328.492321157218,14783036.1354408
2015-10-31,4644794429.499121,314.119508182349,14786711.13544078
2015-11-01,4878720873.406128,329.854227644652,14790536.13544076
2015-11-02,5394270070.549457,364.616627995324,14794361.13544069
2015-11-03,5932954782.927945,400.923105201637,14798236.13544067
2015-11-04,6001984912.541993,405.481681472823,14802111.13543059
2015-11-05,5690464341.778327,384.341222969024,14805761.13542978
2015-11-06,5523536982.471544,372.975417884278,14809386.13542975
2015-11-07,5725363853.894037,386.504550847458,14813186.13542967
2015-11-08,5517726529.270193,372.400129748685,14816661.13541325
2015-11-09,5639092372.258233,380.495644360023,14820386.13541277
2015-11-10,5008011574.29464,337.830502337814,14824036.13539571
2015-11-11,4580771119.302635,308.922185856225,14828236.13527895
2015-11-12,5006229106.120829,337.522988603156,14832261.1352761
2015-11-13,5003958699.46066,337.278958211572,14836261.13527581
2015-11-14,4942356322.479359,333.047117475161,14839811.13527567
2015-11-15,4748951129.880329,319.928021624781,14843811.1352747
2015-11-16,4916703779.861369,331.132725014611,14848136.13527453
2015-11-17,4987994385.318497,335.849786090006,14851861.13526879
2015-11-18,4987714987.43995,335.744504967855,14855686.13525778
2015-11-19,4847511550.504216,326.232145528931,14859086.13525741
2015-11-20,4785085356.666097,321.940475452951,14863261.13525728
2015-11-21,4845432243.699364,325.905231151373,14867611.13524075
2015-11-22,4814289952.834088,323.716966101695,14871911.13524056
2015-11-23,4805130309.641994,323.012556341321,14875986.13524023
2015-11-24,4760988552.801359,319.961356527177,14879886.13524011
2015-11-25,4896111301.831781,328.960457334892,14883586.13523992
2015-11-26,5303923855.628612,356.255292518995,14887986.13523984
2015-11-27,5349983844.881412,359.268824371712,14891311.13515748
2015-11-28,5311127725.817877,356.567322618352,14895161.13483732
2015-11-29,5538029394.198577,371.707612507306,14898886.1348373
2015-11-30,5624216681.366006,377.389839859731,14902936.13483719
2015-12-01,5404310416.077196,362.532375803624,14907111.13482619
2015-12-02,5356414170.9545,359.22240414962,14911136.13482609
2015-12-03,5387334794.284119,361.210068088837,14914686.13482596
2015-12-04,5419024328.555151,363.241631794272,14918511.13482583
2015-12-05,5810419099.219202,389.362958796026,14922886.13479302
2015-12-06,5871020031.333293,393.319129748685,14926861.13458208
2015-12-07,5902736521.563241,395.346588252484,14930536.13452083
2015-12-08,6180046220.944394,413.798660432496,14934911.13404066
2015-12-09,6239060888.933594,417.632671244886,14939111.1340406
2015-12-10,6212880482.65345,415.729924313267,14944511.13404054
2015-12-11,6784553388.968775,453.86148012858,14948511.13394046
2015-12-12,6517159334.528693,435.85572238457,14952561.13393043
2015-12-13,6496986520.352054,434.403466393922,14956111.1339303
2015-12-14,6627592526.377309,442.991689655173,14960986.1339301
2015-12-15,6953267162.993504,464.617871712449,14965561.13385338
2015-12-16,6798347864.165865,454.142492402104,14969636.13382056
2015-12-17,6831516735.298596,456.240134611338,14973511.13382042
2015-12-18,6937324462.524802,463.175769725307,14977736.13382039
2015-12-19,6912537068.061339,461.399907948568,14981661.13382033
2015-12-20,6626025133.292232,442.15399006429,14985786.13376031
2015-12-21,6560011593.067867,437.640129456458,14989511.13376028
2015-12-22,6526092469.887121,435.268379018118,14993261.13376013
2015-12-23,6638740303.75793,442.665727060199,14997186.13375983
2015-12-24,6838470695.339431,455.878713033314,15000636.13375977
2015-12-25,6837917946.867378,455.718825832846,15004686.13375975
2015-12-26,6277070712.492882,418.221531560491,15008961.13375974
2015-12-27,6346542709.362944,422.705894506137,15014086.13375937
2015-12-28,6323313675.840925,421.052879602572,15017861.13375936
2015-12-29,6479519118.389768,431.340021332554,15021836.13375907
2015-12-30,6401715280.957624,426.043646990064,15025961.13375896
2015-12-31,6457837561.22856,429.677153419053,15029511.13374743
2016-01-01,6534464975.488938,434.678006428989,15032886.13374194
2016-01-02,6532460051.432983,434.439877264757,15036511.1337419
2016-01-03,6469306703.42351,430.136180011689,15040136.13374189
2016-01-04,6521092888.510424,433.44897106955,15044661.13374178
2016-01-05,6511064277.770981,432.669502630041,15048586.13374084
2016-01-06,6482611157.065961,430.677869666862,15052111.13373527
2016-01-07,6913751592.747049,459.208940093513,15055786.13373498
2016-01-08,6839314891.010368,454.134423728814,15060111.1337344
2016-01-09,6776417115.362054,449.845216247808,15063886.13373428
2016-01-10,6759323837.84895,448.580216247808,15068261.13373425
2016-01-11,6768055781.641483,449.033059029807,15072511.13373418
2016-01-12,6660432982.865688,441.768157218001,15076761.13373409
2016-01-13,6519443883.191552,432.310645236704,15080461.13373393
2016-01-14,6483361597.024275,429.823224722385,15083786.13373384
2016-01-15,5549288342.816036,367.823199883109,15086836.13371737
2016-01-16,5856144324.168158,388.071204558738,15090386.13371732
2016-01-17,5773246244.378153,382.482086499123,15094161.13371728
2016-01-18,5810881380.773609,384.865166569258,15098486.1336572
2016-01-19,5710926949.146569,378.161725014611,15101811.13365166
2016-01-20,6353766326.386117,420.622924168323,15105611.13365161
2016-01-21,6184105216.642784,409.298459672706,15109036.13365142
2016-01-22,5758921327.7966585,381.046459380479,15113436.13364037
2016-01-23,5841116434.328447,386.370602571596,15117911.13364031
2016-01-24,6100999519.862752,403.446926651081,15122186.13364025
2016-01-25,5929274269.037929,391.986097311514,15126236.13363995
2016-01-26,5918084970.456128,391.142935125657,15130236.13363976
2016-01-27,5972336901.073852,394.62753037405,15134111.13363768
2016-01-28,5735712764.941532,378.900995616599,15137761.13363757
2016-01-29,5738812666.135165,378.99999482291,15141986.13331554
2016-01-30,5714271472.877842,377.262779076564,15146661.13329498
2016-01-31,5550511097.358207,366.341687609585,15151186.13329493
2016-02-01,5625969536.424808,371.22343509059,15155211.13329469
2016-02-02,5653475162.744131,372.927631209819,15159711.13323951
2016-02-03,5581909720.258204,368.098206604325,15164186.13323562
2016-02-04,5911470181.268046,389.723081239042,15168386.13323537
2016-02-05,5832510244.835424,384.398413983051,15173086.13321332
2016-02-06,5686190017.949058,374.631555523086,15178086.13321324
2016-02-07,5695769151.661701,375.153917592051,15182486.13321261
2016-02-08,5631255744.936521,370.814350327294,15186186.13321241
2016-02-09,5673860326.918466,373.5116128609,15190586.13321208
2016-02-10,5760041302.285284,379.082611630625,15194686.13321104
2016-02-11,5739921253.413235,377.639165108124,15199486.13319756
2016-02-12,5812313598.536132,382.294456458212,15203761.13319725
2016-02-13,5924880939.0625105,389.598432472238,15207661.13319695
2016-02-14,6178287275.926559,406.150669491525,15211811.13319691
2016-02-15,6075100823.409976,399.26761864699,15215611.13319645
2016-02-16,6194695258.165143,407.035309468147,15219061.13319615
2016-02-17,6322452452.613729,415.324113383986,15222936.13317928
2016-02-18,6415045581.96784,421.289662981882,15227161.13317911
2016-02-19,6391241912.019306,419.626528541204,15230786.13317875
2016-02-20,6706178212.63841,440.195760081823,15234536.13317828
2016-02-21,6685078456.754302,438.718612681473,15237736.13317822
2016-02-22,6668436550.1579485,437.535295094097,15240911.13317801
2016-02-23,6403107527.81566,420.032592609585,15244311.13317739
2016-02-24,6464764199.589457,423.995112507306,15247261.13317653
2016-02-25,6467867594.878764,424.090870251315,15251136.13279608
2016-02-26,6586375896.899228,431.762241963764,15254636.13247588
2016-02-27,6606052938.349628,432.947845996493,15258311.13247562
2016-02-28,6609859969.216784,433.102262711864,15261661.13247535
2016-02-29,6682642624.205122,437.775872589129,15264986.13247483
2016-03-01,6608331737.858998,432.807867153711,15268511.13247454
2016-03-02,6461459062.390081,423.079789392168,15272436.13237389
2016-03-03,6404671328.368861,419.268821332554,15275811.1323733
2016-03-04,6233961495.206634,407.990154295734,15279686.11391517
2016-03-05,6072330074.004093,397.314453945061,15283436.11391432
2016-03-06,6171496150.647176,403.705187463472,15287136.11391378
2016-03-07,6318467554.398566,413.22936616014,15290461.11391307
2016-03-08,6292476529.245212,411.425953243717,15294311.11390712
2016-03-09,6311258537.536386,412.540703506721,15298511.11390652
2016-03-10,6371009645.926016,416.340928696669,15302386.11387569
2016-03-11,6421211644.9934,419.511934248977,15306386.11387504
2016-03-12,6281138643.087117,410.264163296318,15309986.11387486
2016-03-13,6306111596.723382,411.805882466394,15313311.11385472
2016-03-14,6357014019.848284,415.026957276446,15317111.11385454
2016-03-15,6362353042.38724,415.266400292227,15321136.11385364
2016-03-16,6390867973.469016,417.024118468732,15324936.1138526
2016-03-17,6416576041.29153,418.605363822326,15328461.11359194
2016-03-18,6269222347.2202015,408.901587405026,15331861.11358966
2016-03-19,6274029959.932988,409.124429865576,15335261.11357959
2016-03-20,6320504988.49434,412.056953828171,15338911.11355934
2016-03-21,6314953342.505004,411.601774050263,15342386.113559
2016-03-22,6392897932.954729,416.581653828171,15346086.11350809
2016-03-23,6406678060.699834,417.378299532437,15349811.11350743
2016-03-24,6349591400.682366,413.560239918177,15353486.11350703
2016-03-25,6394300579.581249,416.373243834015,15357136.11350662
2016-03-26,6402803379.137973,416.823096668615,15360961.11350654
2016-03-27,6536896822.507703,425.454959848042,15364486.11350649
2016-03-28,6499706636.847799,422.917446814728,15368736.11103397
2016-03-29,6392933707.780906,415.863828755114,15372661.11101347
2016-03-30,6347008620.180961,412.777697779076,15376336.11101238
2016-03-31,6397181203.121416,415.956811221508,15379436.11101189
2016-04-01,6417906692.422298,417.20066025716,15383261.11101152
2016-04-02,6458783382.4675455,419.763056691993,15386736.11100266
2016-04-03,6465052566.962721,420.073578901227,15390286.11100263
2016-04-04,6458592931.288058,419.540727878434,15394436.11100255
2016-04-05,6505807453.958602,422.50136440678,15398311.11100242
2016-04-06,6498314176.299217,421.907191233197,15402236.11099215
2016-04-07,6493002234.767619,421.467220046756,15405711.11093126
2016-04-08,6451007327.9403925,418.643460549386,15409311.11040104
2016-04-09,6454478064.876991,418.758635359439,15413361.11036093
2016-04-10,6505561857.240202,421.954488544711,15417686.11036084
2016-04-11,6527509950.9064245,423.273044009351,15421511.11036076
2016-04-12,6593161960.587394,427.427664582116,15425211.11036026
2016-04-13,6555490264.285652,424.87251811806,15429311.11036009
2016-04-14,6572419903.533022,425.8565949737,15433411.10858908
2016-04-15,6649043796.601012,430.724418760959,15436886.10858875
2016-04-16,6673565144.849325,432.216313033314,15440336.10858863
2016-04-17,6630849314.945406,429.339968731736,15444286.10858858
2016-04-18,6637183962.781343,429.656933664524,15447636.1085881
2016-04-19,6761043337.303436,437.568726183518,15451386.10858544
2016-04-20,6841562099.94025,442.661653302163,15455511.10854901
2016-04-21,6990143508.851016,452.164702805377,15459286.10853941
2016-04-22,6929440315.019797,448.134421332554,15462861.10853681
2016-04-23,7020454409.392548,453.914722969024,15466461.10853654
2016-04-24,7168422322.656764,463.382871420222,15469761.10853271
2016-04-25,7199804841.369286,465.31600666277,15472936.10852984
2016-04-26,7267999182.169207,469.60876452367,15476711.10768392
2016-04-27,6900043951.22367,445.741113091759,15479936.10767344
2016-04-28,6983903264.735502,451.060061776739,15483311.10767311
2016-04-29,7077832660.236305,457.009965225015,15487261.10764661
2016-04-30,6969368412.86222,449.900484511981,15490911.10764657
2016-05-01,7050293955.87122,455.010731151374,15494786.10763954
2016-05-02,6895888977.656668,444.933061192285,15498711.10763895
2016-05-03,7001369978.82311,451.628850379895,15502486.10763859
2016-05-04,6952690123.641801,448.367967562829,15506661.10568555
2016-05-05,6969443375.667429,449.336072472238,15510536.1056852
2016-05-06,7162989182.068793,461.693862361192,15514586.10568457
2016-05-07,7159568138.094168,461.361842489772,15518336.10568453
2016-05-08,7161770203.628641,461.378872296902,15522536.10568446
2016-05-09,7196090525.87272,463.462231677382,15526811.10568239
2016-05-10,7005610568.348992,451.079668322618,15530761.10568231
2016-05-11,7050864288.957931,453.896305260082,15534086.10567516
2016-05-12,7079025579.234456,455.607255932203,15537561.10567268
2016-05-13,7106161522.326545,457.241902688486,15541361.10567254
2016-05-14,7121450195.375673,458.119524839275,15544961.10567245
2016-05-15,7165616823.04019,460.85772063121,15548436.1056724
2016-05-16,7079627144.895794,455.224077323203,15551961.10567182
2016-05-17,7055125032.8823,453.545777030976,15555486.10565159
2016-05-18,7071491931.675455,454.486184102864,15559311.1056484
2016-05-19,6811999978.674024,437.724187142022,15562311.10542638
2016-05-20,6886364549.898186,442.396799240211,15566036.10542637
2016-05-21,6914102782.413871,444.078207188778,15569561.10542637
2016-05-22,6861331685.040703,440.558668848627,15574161.10542637
2016-05-23,6920120048.621805,444.205057276447,15578661.1054163
2016-05-24,6944649150.4519615,445.674454938632,15582336.10541627
2016-05-25,7022168560.478537,450.54952717709,15585786.10541622
2016-05-26,7084240509.987028,454.43372238457,15589161.10541617
2016-05-27,7356919396.270896,471.820117299825,15592636.10541607
2016-05-28,8280061035.238691,530.910597895967,15595961.10541607
2016-05-29,8229583541.719103,527.54971244886,15599636.10541607
2016-05-30,8324219565.025169,533.493149035652,15603236.10541601
2016-05-31,8286125543.839599,530.943692811221,15606411.10541596
2016-06-01,8392142056.815208,537.613678842782,15609986.10541191
2016-06-02,8412070380.875515,538.771243191116,15613436.10518488
2016-06-03,8904430485.98866,570.175988252484,15616986.10507888
2016-06-04,8970015733.465609,574.26620163647,15619961.10497886
2016-06-05,8986071871.279703,575.137638047925,15624211.10497886
2016-06-06,9156045666.777384,585.857149035652,15628461.10497868
2016-06-07,9042608670.669744,578.469240677966,15631961.10491857
2016-06-08,9117057925.561043,583.097585330216,15635561.10491854
2016-06-09,9025689433.957924,577.101699707773,15639686.10476847
2016-06-10,9070211832.259975,579.814993571011,15643286.1047584
2016-06-11,9473581895.175615,605.44955698422,15647186.1047584
2016-06-12,10492201176.714144,670.39237434249,15650836.10475839
2016-06-13,11026059609.860653,704.321778141438,15654861.10475837
2016-06-14,10725031133.659044,684.948319403857,15658161.10475831
2016-06-15,10885085966.449415,695.001468439509,15661961.10475819
2016-06-16,12022161320.349192,767.420031268264,15665686.10475409
2016-06-17,11752287633.59202,750.014633927528,15669411.10475401
2016-06-18,11884933872.638653,758.28878012858,15673361.10475401
2016-06-19,12021211098.17071,766.767132670952,15677786.10475399
2016-06-20,11330122758.994787,722.497452367037,15681886.10475398
2016-06-21,10503151148.649952,669.604204675628,15685611.10475393
2016-06-22,9332237048.747288,594.832974634716,15688836.10475389
2016-06-23,9849731876.213673,627.677855639977,15692336.10475383
2016-06-24,10423845685.070345,664.126985680889,15695561.1047538
2016-06-25,10501041019.00779,668.872684102864,15699611.10475378
2016-06-26,9899873513.681553,630.4342421391,15703261.10474378
2016-06-27,10244767519.42704,652.244807714787,15706936.10474376
2016-06-28,10168218550.195312,647.218768381064,15710636.10474373
2016-06-29,10034928538.061169,638.586345645821,15714286.10474368
2016-06-30,10598433062.777256,674.284814728229,15718036.10474153
2016-07-01,10651789500.955149,677.512385739334,15721911.10474151
2016-07-02,11051022772.079668,702.739316773817,15725636.10474144
2016-07-03,10421572370.090048,662.55008591467,15729486.10474144
2016-07-04,10696138828.810429,679.842453360608,15733261.10474141
2016-07-05,10514851946.741264,668.165981297487,15736886.10474131
2016-07-06,10666493627.992905,677.651333138515,15740386.10474131
2016-07-07,10076877246.439484,640.053236119229,15743811.10474124
2016-07-08,10472859283.711636,665.051708357685,15747436.10474122
2016-07-09,10268410207.252647,651.941914026885,15750498.60474103
2016-07-10,10238451113.804316,649.959340970193,15752448.60474103
2016-07-11,10244547989.054478,650.272594681473,15754236.10474101
2016-07-12,10556900220.416677,670.023127995324,15756023.60474093
2016-07-13,10373781515.222033,658.333613383986,15757636.10473786
2016-07-14,10415480467.018541,660.905960198714,15759398.60473785
2016-07-15,10508840826.728903,666.758671127995,15761086.10473783
2016-07-16,10486771967.510086,665.275622150789,15763048.60473783
2016-07-17,10737317029.688564,681.089601987142,15764911.10473783
2016-07-18,10644433355.51182,675.118579193454,15766761.10473576
2016-07-19,10638288184.507572,674.660360315605,15768361.10473572
2016-07-20,10523563158.02516,667.305364874343,15770236.10473565
2016-07-21,10517518017.163048,666.851739333723,15771898.60473559
2016-07-22,10261661310.934748,650.562911630625,15773511.10473554
2016-07-23,10370234739.627321,657.377942957335,15775148.60473554
2016-07-24,10434613478.864668,661.393979836353,15776698.60473553
2016-07-25,10336696888.097298,655.119577849211,15778336.10473552
2016-07-26,10329969987.225431,654.626339158387,15779948.6047354
2016-07-27,10357038128.458858,656.275146873174,15781548.6047354
2016-07-28,10356911756.936108,656.196453360608,15783248.60473536
2016-07-29,10379602821.876986,657.557567504383,15785086.10473531
2016-07-30,10345916190.862837,655.361730157803,15786573.60473531
2016-07-31,9864724773.474176,624.804487142022,15788498.60473531
2016-08-01,9577030363.562576,606.50924792519,15790411.1047353
2016-08-02,8322263415.354218,526.981148334307,15792336.1047343
2016-08-03,9008295636.527138,570.347040911748,15794411.10473128
2016-08-04,9217820765.337202,583.542158036236,15796323.60472027
2016-08-05,9183311868.828962,581.279805669199,15798436.10472011
2016-08-06,9334869325.414349,590.795402980713,15800511.10472011
2016-08-07,9398174944.82988,594.73232402104,15802361.10472011
2016-08-08,9350234098.001303,591.629283869083,15804211.10472
2016-08-09,9292714922.542728,587.932138223261,15805761.1047177
2016-08-10,9326018819.417814,589.968758328463,15807648.60471745
2016-08-11,9321071960.972263,589.585884687317,15809523.60471729
2016-08-12,9284313888.685236,587.19164956166,15811386.10471726
2016-08-13,9256602279.37682,585.363581648159,15813423.60471723
2016-08-14,9036749863.28509,571.387062536528,15815461.10471723
2016-08-15,8961511865.13138,566.564441320865,15817286.1047172
2016-08-16,9149930417.512432,578.414924137931,15818973.6047172
2016-08-17,9075653638.94603,573.663744418469,15820511.10471718
2016-08-18,9070420226.495249,573.263191992987,15822436.10471717
2016-08-19,9082525897.222313,573.958457919345,15824361.10471714
2016-08-20,9207694159.296354,581.797070134424,15826298.60471611
2016-08-21,9192974031.110723,580.79219257744,15828336.10471611
2016-08-22,9260287128.25507,584.971897720631,15830311.10441064
2016-08-23,9224249077.876867,582.627747399182,15832148.60441063
2016-08-24,9163192930.241121,578.701831677382,15834048.60441062
2016-08-25,9121877486.946257,576.033436586791,15835673.60429061
2016-08-26,9167825212.519114,578.874653419053,15837323.60429061
2016-08-27,9031484019.237728,570.200993746347,15839123.60429061
2016-08-28,9110255563.839924,575.105232554062,15841023.60429059
2016-08-29,9084774574.864628,573.429267562829,15842886.10429051
2016-08-30,9121861557.011091,575.695698421976,15844936.10429048
2016-08-31,9068583846.810713,572.272758328463,15846611.10429039
2016-09-01,9068776165.730122,572.221702045587,15848361.10429038
2016-09-02,9143179090.84213,576.846767387493,15850273.60429024
2016-09-03,9517044202.16175,600.374406779661,15851848.60429024
2016-09-04,9679536501.882921,610.538913325541,15854086.10429024
2016-09-05,9632847972.864058,607.526964172998,15855836.10429023
2016-09-06,9720597611.282673,612.995458270017,15857536.10429014
2016-09-07,9764017563.17909,615.659819111631,15859436.10428909
2016-09-08,10001305153.766212,630.550172004676,15861236.10428901
2016-09-09,9882305092.323006,622.977884044418,15863011.1042889
2016-09-10,9911668531.040775,624.752640444185,15864948.6042889
2016-09-11,9651049157.894152,608.246675920514,15866998.60428889
2016-09-12,9643730238.313738,607.70737270602,15869036.10428784
2016-09-13,9660647196.728384,608.694296317943,15871098.60428572
2016-09-14,9673243560.642334,609.41308766803,15873048.60428549
2016-09-15,9637224394.641556,607.070262594974,15874973.60428497
2016-09-16,9649967224.211348,607.806438047925,15876711.10428491
2016-09-17,9644457346.260689,607.381449678551,15878748.60413484
2016-09-18,9711494483.764973,611.533460315605,15880561.10413482
2016-09-19,9670230232.928843,608.871306312098,15882223.60403371
2016-09-20,9663444447.739107,608.371748626534,15884111.10403367
2016-09-21,9483191383.893663,596.945756633548,15886186.10403355
2016-09-22,9462301606.76385,595.564716540035,15887948.60403349
2016-09-23,9571587218.917587,602.378784921099,15889648.60402794
2016-09-24,9577740940.488804,602.687359731151,15891723.60402793
2016-09-25,9546117896.707888,600.610054880187,15894036.10402793
2016-09-26,9645324787.899807,606.778810637055,15895948.6040279
2016-09-27,9620722203.564297,605.151613734658,15898036.10402783
2016-09-28,9614446389.372383,604.686494389246,15899886.10392779
2016-09-29,9623733604.422766,605.202561952075,15901673.60392776
2016-09-30,9683066604.838776,608.865840736412,15903448.60392773
2016-10-01,9788324852.837257,615.408478842782,15905411.10392773
2016-10-02,9731190837.240904,611.748578316774,15907173.60392773
2016-10-03,9745737268.449846,612.590347399182,15909061.10392764
2016-10-04,9705857423.9346,610.007881355932,15911036.10392757
2016-10-05,9741183302.076601,612.147780946815,15913123.6039275
2016-10-06,9736257394.045553,611.76086277031,15915136.10392743
2016-10-07,9835157903.195011,617.905705143191,15916923.60392732
2016-10-08,9858675006.110096,619.301001753361,15919036.1039273
2016-10-09,9824887958.640614,617.101041320865,15921036.10392728
2016-10-10,9841514816.562908,618.0852,15922586.10392695
2016-10-11,10239043682.012732,642.981387258913,15924323.60392684
2016-10-12,10138537354.268984,636.59793220339,15926123.60391672
2016-10-13,10121177916.067327,635.444095324372,15927723.60391644
2016-10-14,10188237763.530691,639.586090298071,15929423.60391639
2016-10-15,10152694136.809776,637.283759322034,15931198.60391639
2016-10-16,10243420099.577934,642.913042548217,15932823.60391639
2016-10-17,10184264279.6167,639.137536469901,15934386.10391538
2016-10-18,10128752915.953718,635.576508591467,15936323.60390499
2016-10-19,10035141891.057276,629.640708036236,15937886.10389491
2016-10-20,10019590594.072344,628.598901110462,15939561.10386459
2016-10-21,10057661337.450005,630.90620338983,15941611.10385451
2016-10-22,10435141081.461397,654.508630976037,15943473.60385451
2016-10-23,10395711779.677055,651.961956750438,15945273.60383451
2016-10-24,10366022953.71365,650.027167153711,15947061.10377447
2016-10-25,10459102589.22524,655.792505084746,15948798.60341442
2016-10-26,10768355905.425896,675.109869316189,15950523.60341442
2016-10-27,10951796742.256786,686.523327060199,15952548.60334332
2016-10-28,11014802220.446806,690.390654938632,15954448.60334313
2016-10-29,11415870485.88642,715.445469316189,15956311.1033431
2016-10-30,11160250070.845316,699.333410987726,15958411.10334308
2016-10-31,11154581487.060925,698.897727995325,15960248.60326279
2016-11-01,11661529206.407904,730.578480011689,15962048.60321279
2016-11-02,11819005784.7067,740.367055523086,15963711.10321259
2016-11-03,11015326935.81564,689.939206954997,15965648.60320243
2016-11-04,11263702567.809874,705.432016656926,15967098.60319222
2016-11-05,11287152646.526196,706.819325569842,15968936.10319218
2016-11-06,11433480682.430628,715.896879777908,15970848.60319216
2016-11-07,11279602080.23292,706.181216773816,15972673.60319169
2016-11-08,11371425389.707573,711.835846580947,15974786.10318125
2016-11-09,11527158053.369602,721.50150993571,15976623.60318101
2016-11-10,11399343106.154873,713.407615604909,15978723.60318049
2016-11-11,11437483628.03898,715.703310637055,15980761.10317047
2016-11-12,11249497647.672243,703.847551139685,15982861.10317045
2016-11-13,11247212520.857395,703.626435300994,15984636.10317045
2016-11-14,11280973045.061352,705.643584161309,15986786.10317038
2016-11-15,11389530640.510002,712.3471528346,15988736.10316028
2016-11-16,11866029637.542957,742.050117592051,15990873.60305011
2016-11-17,11759839928.483047,735.318080537697,15992861.10288997
2016-11-18,11989295191.841568,749.57872729398,15994711.10275978
2016-11-19,12016781422.212252,751.213819403858,15996486.10264975
2016-11-20,11684215201.375418,730.350813617767,15998086.10261974
2016-11-21,11783981824.937866,736.506983927528,15999823.60261964
2016-11-22,11969083798.737316,747.997677966102,16001498.60261964
2016-11-23,11862317940.850012,741.240317942724,16003336.10261958
2016-11-24,11801632651.3492,737.35497597896,16005361.10260949
2016-11-25,11840334132.942488,739.685200175336,16007261.10260938
2016-11-26,11761186228.25124,734.652925891292,16009173.60259934
2016-11-27,11651843795.124857,727.741115838691,16010973.60246933
2016-11-28,11690828044.04396,730.082483752192,16013023.60242917
2016-11-29,11717234335.108929,731.646435710111,16014886.10237892
2016-11-30,11887637165.36728,742.20445131502,16016661.10234862
2016-12-01,12072731073.248068,753.674910111046,16018486.10227622
2016-12-02,12372495475.0148,772.302382729398,16020273.60227622
2016-12-03,12274946446.740051,766.110468147283,16022423.60220592
2016-12-04,12280685032.174324,766.380139099942,16024273.60212792
2016-12-05,12062431723.948215,752.670726241964,16026173.60206787
2016-12-06,12167169392.183828,759.117325774401,16028048.60206779
2016-12-07,12262923083.656824,764.987650087668,16030223.60197774
2016-12-08,12307255552.189903,767.659224634717,16032186.10190764
2016-12-09,12376584249.493677,771.902321098773,16033873.60187762
2016-12-10,12435140630.466925,775.474561309176,16035523.60179759
2016-12-11,12357110240.990784,770.496150496786,16037861.10160758
2016-12-12,12487098790.320066,778.506599064874,16039811.10156203
2016-12-13,12495634322.765184,778.930694564582,16042036.1014919
2016-12-14,12465433894.538868,776.963961484512,16043773.60144439
2016-12-15,12454036745.728294,776.176781998831,16045361.10144435
2016-12-16,12552466736.264204,782.230215897136,16047023.60144429
2016-12-17,12672198174.115372,789.60293220339,16048823.60144428
2016-12-18,12690122503.858097,790.632966526008,16050586.10143428
2016-12-19,12685933293.70491,790.279031677382,16052473.60135417
2016-12-20,12839787154.972616,799.777520748101,16054198.6013341
2016-12-21,13302288135.98647,828.4836792519,16056186.10133407
2016-12-22,13785965063.437328,858.50143395675,16058173.601294
2016-12-23,14704000146.30472,915.562438340152,16060073.60127399
2016-12-24,14313545362.84699,891.155272063121,16061786.10121397
2016-12-25,14393261024.898216,896.003279310345,16063848.60106397
2016-12-26,14510491264.44795,903.201246639392,16065623.60098396
2016-12-27,14877782797.919584,925.950810461719,16067573.60091394
2016-12-28,15747603995.545294,979.960973991818,16069623.6008239
2016-12-29,15645002161.928385,973.462559438925,16071498.60077382
2016-12-30,15449532066.495375,961.182658153127,16073461.10070381
2016-12-31,15576503794.393776,968.970597019287,16075311.10057381
2017-01-01,16033166928.507767,997.257357977791,16077261.10040376
2017-01-02,16353848176.394016,1017.07788609001,16079248.60038371
2017-01-03,16605694521.70078,1032.60905318527,16081298.60035364
2017-01-04,18246345823.222515,1134.49644535359,16083211.10035356
2017-01-05,16092973484.822357,1000.49812893045,16084961.10035311
2017-01-06,14357044093.610928,892.463955639977,16086973.60031267
2017-01-07,14535387579.870792,903.453283635301,16088698.60031227
2017-01-08,14682600907.602928,912.484997077732,16090786.10018194
2017-01-09,14539700661.885653,903.508666803039,16092486.10014191
2017-01-10,14589634708.700304,906.498947399182,16094486.10013187
2017-01-11,12689026925.135504,788.314655990649,16096398.60011181
2017-01-12,12993296880.857473,807.109833547633,16098548.59994176
2017-01-13,13310975741.1082,826.746927410871,16100423.59975171
2017-01-14,13204837500.057323,820.045157276447,16102573.59962168
2017-01-15,13279051045.178684,824.547065166569,16104661.09960157
2017-01-16,13382120128.68228,830.838035067212,16106773.59950151
2017-01-17,14594958398.362688,906.026828112215,16108748.59939031
2017-01-18,14197645178.668123,881.259815371128,16110623.59934002
2017-01-19,14537996019.982504,902.263869959088,16112798.59919661
2017-01-20,14425881540.143623,895.174516189363,16115161.09903648
2017-01-21,14900046542.109077,924.46825949737,16117423.59895642
2017-01-22,14869799008.144333,922.467077381648,16119598.59895609
2017-01-23,14817362335.954388,919.115744126242,16121323.598956
2017-01-24,14313248721.796082,887.743193804792,16123186.09895584
2017-01-25,14443045315.825674,895.690033255406,16125048.59893561
2017-01-26,14783083522.672855,916.6674685564,16126986.09884539
2017-01-27,14846112302.752869,920.454463471654,16129111.098835
2017-01-28,14885292937.069485,922.774948568089,16131011.09882497
2017-01-29,14771981709.629528,915.63202314436,16133098.59882495
2017-01-30,14849161141.890284,920.313260783168,16134898.59882487
2017-01-31,15628390267.653969,968.499105669199,16136711.09882471
2017-02-01,15937898190.3776,987.532590414962,16139111.09878458
2017-02-02,16265430337.177128,1007.7043659848,16141073.5987845
2017-02-03,16389955943.816654,1015.30203945061,16142936.09878438
2017-02-04,16690201716.68176,1033.78597299825,16144736.09878436
2017-02-05,16381947061.863184,1014.56787574518,16146723.59878433
2017-02-06,16524823455.991669,1023.3174811806,16148286.09878432
2017-02-07,17016217921.256577,1053.62445902981,16150173.59878425
2017-02-08,16997840733.154907,1052.36764535359,16151998.5987822
2017-02-09,15875484012.417988,982.751939450614,16154111.0987711
2017-02-10,16101828644.843328,996.650153126827,16155948.59873996
2017-02-11,16341484984.268703,1011.37532220923,16157686.09873994
2017-02-12,16261183420.522734,1006.29646487434,16159436.09873789
2017-02-13,16160716998.968723,999.953184979545,16161473.59868583
2017-02-14,16360999468.01771,1012.2134635301,16163586.09868578
2017-02-15,16390083679.675186,1013.90384050263,16165323.59868566
2017-02-16,16762275451.099981,1036.80686475745,16167211.09868552
2017-02-17,17117738325.423428,1058.66992033898,16169098.59868544
2017-02-18,17152060499.02682,1060.66880488019,16170986.09868541
2017-02-19,17123393628.768436,1058.78640035067,16172661.09868541
2017-02-20,17609003081.472546,1088.68842922268,16174511.09868534
2017-02-21,18260629743.43725,1128.85529316189,16176236.09868522
2017-02-22,18276271622.23027,1129.70179064874,16177961.09868515
2017-02-23,19235588833.46992,1188.86178550555,16179836.0986851
2017-02-24,19183431396.255405,1185.48889158387,16181873.59868503
2017-02-25,18637526262.688423,1151.60473687902,16183961.09866502
2017-02-26,19127391989.752533,1181.71086586791,16186186.09866499
2017-02-27,19330923262.65187,1194.15245014611,16187986.09866491
2017-02-28,19240074535.18168,1188.39994073641,16189898.59866475
2017-03-01,19890848403.357536,1228.45965061368,16191698.59866461
2017-03-02,20451484173.712143,1262.93146738749,16193661.09866456
2017-03-03,20881944223.053173,1289.36319111631,16195548.59866437
2017-03-04,20553283951.317654,1268.94066440678,16197198.59866431
2017-03-05,20674403461.6224,1276.27368293396,16199036.09866426
2017-03-06,20773565472.502632,1282.25465663355,16200811.09866417
2017-03-07,20001880903.960197,1234.47646206897,16202723.59866404
2017-03-08,18669841118.503212,1152.13938924606,16204498.59866386
2017-03-09,19341556300.89032,1193.45552659264,16206348.59860357
2017-03-10,17805304675.138165,1098.53014903565,16208298.59860345
2017-03-11,19076489140.277233,1176.822921391,16210161.09860343
2017-03-12,19969225806.410828,1231.74835663355,16212098.59860341
2017-03-13,20095461364.369675,1239.39629631794,16213911.09854876
2017-03-14,20213663790.264263,1246.53656487434,16215861.09854864
2017-03-15,20412350079.661594,1258.65138147282,16217636.09854854
2017-03-16,19106964810.72016,1178.02075037989,16219548.5984084
2017-03-17,17390758588.155197,1072.08253816482,16221473.59840831
2017-03-18,15616177573.012672,962.569056165985,16223436.09840687
2017-03-19,16553582293.813684,1020.22025353594,16225498.59840686
2017-03-20,16839878321.345238,1037.7563458796,16227198.59840683
2017-03-21,18043669246.004883,1111.81826358854,16228973.59840678
2017-03-22,16836417663.129028,1037.30257013442,16230961.09840667
2017-03-23,16690135752.548922,1028.17285628288,16232811.09840638
2017-03-24,15180766238.53874,935.063496201052,16235011.09840637
2017-03-25,15725921903.451391,968.543329281122,16236673.59840636
2017-03-26,15637233759.264332,962.95805458796,16238748.59840634
2017-03-27,16937423477.86234,1042.91919777908,16240398.59840625
2017-03-28,16975887612.950308,1045.16293161894,16242336.09840615
2017-03-29,16888765398.051573,1039.68861578025,16244061.09840603
2017-03-30,16863262866.30244,1037.98766142607,16246111.09840588
2017-03-31,17575951028.326202,1081.74353109293,16247798.59840576
2017-04-01,17704176776.530594,1089.52477182934,16249448.59840573
2017-04-02,17966971908.710365,1105.56295575687,16251423.59840571
2017-04-03,18604950334.220818,1144.6647710111,16253623.59827566
2017-04-04,18562153298.20923,1141.92191870251,16255186.09827559
2017-04-05,18465129660.738804,1135.81164377557,16257211.09827556
2017-04-06,19423001888.39507,1194.59645938048,16259048.5982755
2017-04-07,19378832835.411617,1191.73145108124,16261073.59827543
2017-04-08,19261932036.87983,1184.41772033898,16262786.09827542
2017-04-09,19739484515.005707,1213.63413980129,16264773.59827541
2017-04-10,19709437323.626095,1211.64987621274,16266611.09827534
2017-04-11,20007000413.811848,1229.78493290473,16268698.59801882
2017-04-12,19786756714.344746,1216.11436785506,16270473.59800866
2017-04-13,19079940944.324066,1172.5583396844,16272061.09800859
2017-04-14,19110862529.702183,1174.33323354763,16273798.59800848
2017-04-15,19133066482.241875,1175.56218901227,16275673.59776844
2017-04-16,19104759790.45048,1173.6913798948,16277498.59776841
2017-04-17,19403226165.034466,1191.90120146113,16279223.59776834
2017-04-18,19571960689.193977,1202.13145803624,16281048.59776821
2017-04-19,19695082029.620502,1209.56090888369,16282836.09776807
2017-04-20,20124510671.795033,1235.80307451783,16284561.09776791
2017-04-21,20314924259.503906,1247.33607025132,16286648.59776784
2017-04-22,20255522192.61148,1243.55039257744,16288461.09776778
2017-04-23,20362991159.51824,1250.00148322618,16290373.59776771
2017-04-24,20482848937.33465,1257.23944225599,16291923.59776769
2017-04-25,20853825941.358646,1279.86471741672,16293773.59776745
2017-04-26,21127120044.9545,1296.48545745178,16295686.09776734
2017-04-27,21934673309.824898,1345.8899556692,16297523.59576723
2017-04-28,21971111453.645767,1347.98515552309,16299223.59576713
2017-04-29,22132640553.97397,1357.71525341905,16301386.09567707
2017-04-30,22530412834.84568,1381.9563722969,16303273.59567704
2017-05-01,23429544485.437237,1436.9414880187,16305148.59567638
2017-05-02,23870678471.227383,1463.81906846873,16307123.59567634
2017-05-03,24779696474.70419,1519.40894447691,16308773.59566627
2017-05-04,25115973329.482086,1539.8300515488,16310873.59557622
2017-05-05,24955664079.914165,1529.85044301578,16312486.09551617
2017-05-06,25667501899.429752,1573.28550961426,16314586.09551609
2017-05-07,24903613050.38768,1526.26777171245,16316673.59551607
2017-05-08,27498797785.21458,1685.08649631794,16318923.59549604
2017-05-09,28059281600.752792,1719.22801355932,16320861.095476
2017-05-10,29095216204.956818,1782.499,16322711.09546587
2017-05-11,29963230354.11553,1835.48754821742,16324398.59546586
2017-05-12,27830857573.165257,1704.66164108708,16326323.59546569
2017-05-13,29061763163.496807,1779.84025669199,16328298.59546552
2017-05-14,29306338267.74101,1794.59355055523,16330348.59546548
2017-05-15,28367593222.56364,1736.88284611338,16332473.59546544
2017-05-16,28699495338.47457,1757.02694856809,16334123.59546538
2017-05-17,29547786219.069427,1808.74606469901,16336061.09544538
2017-05-18,30947901332.491673,1894.24726455289,16337836.09543524
2017-05-19,32149470136.858223,1967.54554769141,16339886.09543516
2017-05-20,33470233811.201008,2048.11767799532,16341948.5954349
2017-05-21,33426678945.809875,2045.22249316189,16343786.09543484
2017-05-22,33981601940.85976,2078.94350002922,16345611.09543484
2017-05-23,36901498030.8539,2257.28836382233,16347711.09543468
2017-05-24,39484489321.17492,2415.00722665108,16349636.09443461
2017-05-25,37929364613.17057,2319.60137866745,16351673.59443457
2017-05-26,37276668052.73387,2279.4185836353,16353586.09443452
2017-05-27,33435937257.82765,2044.30049982466,16355686.09443448
2017-05-28,36407455222.71084,2225.7008666277,16357748.59443447
2017-05-29,37377119026.09048,2284.71579748685,16359636.09443446
2017-05-30,35460507433.233086,2167.26447790766,16361873.59443444
2017-05-31,37627739544.79904,2299.43261025716,16363923.59443441
2017-06-01,39276677605.51852,2399.88763194039,16366048.5944344
2017-06-02,40582896889.35235,2479.4238943308,16367873.59440437
2017-06-03,41736862989.52304,2549.55195151958,16370273.59440434
2017-06-04,41339921429.44849,2524.99383354763,16372286.09440431
2017-06-05,43970314462.95908,2685.31891671537,16374336.09440428
2017-06-06,47021733324.255165,2871.34167735243,16376223.59440426
2017-06-07,44332089813.91061,2706.76000885447,16378286.09440422
2017-06-08,45906967852.94542,2802.56354681473,16380348.5937442
2017-06-09,45950079689.465645,2804.87226691993,16382236.09373987
2017-06-10,47781111553.67634,2916.3278597896,16383998.59373957
2017-06-11,48734955097.06732,2974.21455920514,16385823.59373957
2017-06-12,43680217096.06593,2665.43326995909,16387661.09373894
2017-06-13,44368428524.51289,2707.13782402104,16389423.59373871
2017-06-14,40057150815.085464,2443.82445137347,16391173.59373857
2017-06-15,39505481201.248474,2409.886764173,16393086.09373833
2017-06-16,40599749113.94862,2476.35909538282,16394936.09373818
2017-06-17,43496562773.6185,2652.75536335476,16396748.59373815
2017-06-18,41131103916.58712,2508.21420742256,16398561.09373267
2017-06-19,42471293996.764114,2589.64221338399,16400448.59373263
2017-06-20,44830856447.15172,2733.22655628288,16402173.59373259
2017-06-21,43294240942.067116,2639.26131420222,16403923.59373245
2017-06-22,44076228598.23767,2686.64751431911,16405661.09373232
2017-06-23,44068852430.01314,2685.87047101111,16407661.09373219
2017-06-24,42044207205.81661,2562.18914874342,16409486.09373217
2017-06-25,40990257366.11177,2497.72894137931,16411011.09373217
2017-06-26,39823410570.62217,2426.36505119813,16412786.09373207
2017-06-27,41534163466.451126,2530.34553600234,16414423.59373195
2017-06-28,42071787287.172806,2562.79226420222,16416386.09373182
2017-06-29,41708704320.70873,2540.44303161894,16417886.09372168
2017-06-30,40273068762.93179,2452.71206428989,16419811.09372154
2017-07-01,39615542859.29813,2412.3662131502,16421861.09362143
2017-07-02,41370488523.31204,2518.8721873758,16424211.09362141
2017-07-03,41918817680.22454,2551.92743173583,16426336.09362129
2017-07-04,42709253031.521,2599.74474991233,16428248.59362107
2017-07-05,42851453105.79121,2608.10489117475,16430111.09361094
2017-07-06,42775411503.23489,2603.19547369959,16431886.09361081
2017-07-07,41015005023.0548,2495.78092220923,16433736.09361069
2017-07-08,41968715692.8856,2553.4941581239,16435798.59361057
2017-07-09,41195281327.55584,2506.17321355932,16437523.59361045
2017-07-10,38130359538.742516,2319.36689736996,16439986.09361043
2017-07-11,38132095672.12927,2319.16744061952,16442148.5936104
2017-07-12,39053487321.79894,2374.88626645237,16444361.09361037
2017-07-13,38545879294.01801,2343.73834824664,16446323.59361033
2017-07-14,36429580814.58528,2214.82523728814,16448061.09361031
2017-07-15,32728766809.625706,1989.63319023963,16449648.5936103
2017-07-16,31435051662.128307,1910.74954161309,16451686.09361029
2017-07-17,36456861657.86568,2215.74629614261,16453536.09361026
2017-07-18,37909768672.15024,2303.7611458796,16455598.59361023
2017-07-19,37145563305.32494,2257.06523588545,16457461.09361021
2017-07-20,46479908648.67812,2823.89792635885,16459486.09361018
2017-07-21,43888421935.82964,2666.1397182934,16461411.09361016
2017-07-22,46587404300.74615,2829.75405496786,16463411.09361014
2017-07-23,45333705063.6581,2753.24386493279,16465561.09361012
2017-07-24,45371377698.71976,2755.1595242256,16467786.0936101
2017-07-25,42140742567.94084,2558.69299894798,16469636.09360999
2017-07-26,41546403805.856255,2522.32464628872,16471473.59360997
2017-07-27,43904037844.165405,2665.14754649328,16473398.59360995
2017-07-28,46029171038.01704,2793.83348486265,16475273.59357994
2017-07-29,44594828238.11445,2706.4507654588,16477236.09357981
2017-07-30,45307309969.06875,2749.3845277031,16479073.5935797
2017-07-31,47178370615.22996,2862.61129088252,16480886.0935797
2017-08-01,44954870203.73565,2727.38918199883,16482748.59357968
2017-08-02,44346106068.054535,2690.14567197545,16484648.59357967
2017-08-03,45992799938.31519,2789.74631244886,16486373.59356965
2017-08-04,47161926533.84064,2860.27284324956,16488611.09356963
2017-08-05,53387777581.82047,3237.42336329632,16490823.59356962
2017-08-06,53272937538.04711,3230.11670894214,16492573.59356961
2017-08-07,55958573635.89146,3392.56241864407,16494486.0935696
2017-08-08,56511797950.614174,3425.67661659848,16496536.09356959
2017-08-09,55223234127.2744,3347.21543161894,16498261.09356956
2017-08-10,56710810916.71009,3437.03215546464,16499936.09356953
2017-08-11,60404943871.399925,3660.52053728813,16501736.09356403
2017-08-12,63886112715.03264,3871.08240619521,16503423.59356403
2017-08-13,67074148204.91928,4063.80105271771,16505273.59356402
2017-08-14,71055660577.93753,4304.60393120982,16506898.59356402
2017-08-15,68677106425.000496,4160.0305458796,16508798.59356402
2017-08-16,72062692116.97244,4364.67857463472,16510423.59356402
2017-08-17,71145078748.63457,4308.51686142607,16512661.09356396
2017-08-18,67850038464.24486,4108.50716218586,16514523.59356395
2017-08-19,68713761143.51765,4160.33245686733,16516411.09356393
2017-08-20,67489563565.01475,4085.8103943308,16518036.09356391
2017-08-21,65956080358.16499,3992.62603524255,16519473.59356389
2017-08-22,67310327158.72248,4074.33046125073,16520586.09356387
2017-08-23,68517713977.949295,4146.9153452367,16522573.59356305
2017-08-24,71479081623.50026,4325.81642799532,16523836.09274545
2017-08-25,71935931728.76527,4353.13177255991,16525098.59274545
2017-08-26,71757325229.35551,4341.97871677382,16526411.09274545
2017-08-27,71814078736.96461,4344.90344476914,16528348.59274539
2017-08-28,72397327204.40999,4379.76392068966,16529961.09274537
2017-08-29,76053940775.73611,4600.45683097604,16531823.59274533
2017-08-30,75835035216.64296,4586.63273670368,16533923.59274531
2017-08-31,78386345981.64598,4740.35621770894,16535961.09271528
2017-09-01,81337302684.4743,4918.16624488603,16538136.09270525
2017-09-02,76002486194.54488,4595.02001782583,16540186.09270522
2017-09-03,76512165470.08018,4625.296314436,16542111.09270519
2017-09-04,72377228115.37831,4374.75349649328,16544298.59268517
2017-09-05,73700143235.54442,4454.05253769725,16546761.09268515
2017-09-06,76248805470.28902,4607.51652980713,16548786.09268512
2017-09-07,76715672194.46527,4635.11187580362,16550986.0926851
2017-09-08,71931114925.08025,4345.45765634132,16553173.59268506
2017-09-09,71776989941.96732,4335.593449737,16555286.09268504
2017-09-10,70563390453.15257,4261.84352104033,16557011.09268503
2017-09-11,69756359191.37338,4212.54757334892,16559186.092685
2017-09-12,68967526611.78394,4164.31943424898,16561536.09268497
2017-09-13,64385886678.335045,3887.11858679135,16563911.09268494
2017-09-14,53797846714.2644,3247.4687390415,16566086.09268491
2017-09-15,61289969016.14447,3699.22294389246,16568336.09267488
2017-09-16,61496818023.18139,3711.23435067212,16570448.59267485
2017-09-17,61515288495.00573,3711.85620397428,16572648.59267484
2017-09-18,67629984373.809135,4080.42844301578,16574236.09267484
2017-09-19,65073733640.120926,3925.73619023963,16576186.09266477
2017-09-20,64582823404.49912,3895.777078609,16577648.59265475
2017-09-21,59973348985.81828,3617.24346580947,16579848.59263472
2017-09-22,60012303857.5266,3619.2137182934,16581586.09263471
2017-09-23,62613280673.65517,3775.60059409702,16583661.09263469
2017-09-24,60983077170.61433,3676.89694418469,16585473.59263468
2017-09-25,65000249826.28987,3918.73807130333,16587036.09263466
2017-09-26,64531789180.50936,3890.09093687902,16588761.09263465
2017-09-27,69809713133.19463,4207.78748538866,16590598.59263461
2017-09-28,69486873129.74437,4187.76979631794,16592811.09263458
2017-09-29,68952075464.79512,4155.01011981298,16594923.59260456
2017-09-30,71938913742.75099,4334.54461250731,16596648.59260453
2017-10-01,72735077239.78511,4382.08689801286,16598273.59260452
2017-10-02,72822788727.59785,4386.8757150789,16600148.5926045
2017-10-03,71499464247.84378,4306.56464202221,16602436.09260447
2017-10-04,70014303217.84541,4216.68482144944,16604111.09260444
2017-10-05,71726893837.48569,4319.42091583869,16605673.59260441
2017-10-06,72507648477.25464,4365.91571040327,16607661.09260439
2017-10-07,73727781715.95786,4438.85593308007,16609636.09260439
2017-10-08,76427080461.49495,4600.73979661017,16611911.09260439
2017-10-09,79373595751.18407,4777.53465692577,16613923.59260437
2017-10-10,78777388381.59265,4741.07791496201,16615923.59260434
2017-10-11,80013491738.5039,4814.96711805962,16617661.0923043
2017-10-12,89640478588.78908,5393.66898275862,16619573.59180429
2017-10-13,93313118335.9517,5614.07751461134,16621273.59180429
2017-10-14,96176536827.74106,5785.73831502046,16623036.09170422
2017-10-15,94596701288.40845,5689.86505961426,16625473.59160422
2017-10-16,95711219683.11389,5756.14881180596,16627648.59150419
2017-10-17,92966938475.27011,5590.41632437171,16629698.59149415
2017-10-18,92868621710.0148,5583.8704257744,16631586.09149411
2017-10-19,94950999937.29616,5708.31299094097,16633811.09059408
2017-10-20,99830983341.49811,6000.88313033314,16636048.59039406
2017-10-21,100330364282.38658,6030.20789275278,16637961.08969403
2017-10-22,99784808761.18233,5996.59813880772,16640236.08909403
2017-10-23,97994456562.60483,5888.25001665693,16642373.58899401
2017-10-24,91840397164.74435,5517.77535330216,16644461.088794
2017-10-25,95486189643.46216,5736.01780157802,16646773.58867213
2017-10-26,98234529051.36247,5900.31772910579,16649023.58847211
2017-10-27,96104752753.63956,5771.94504617183,16650323.58847211
2017-10-28,95951756985.02435,5762.38857685564,16651386.08847207
2017-10-29,102829680333.08315,6174.72884482758,16653311.08737205
2017-10-30,101917124316.81868,6119.25638398597,16655148.58693202
2017-10-31,107078955661.09212,6428.51463705435,16656873.58692201
2017-11-01,112054108123.36008,6726.41183459965,16658823.58659198
2017-11-02,117354261151.30888,7043.77793892461,16660698.58659196
2017-11-03,119944947796.13876,7198.63211075394,16662186.08629195
2017-11-04,123653778148.13254,7420.498078609,16663811.08629192
2017-11-05,122844259916.039,7371.13902980713,16665573.5862919
2017-11-06,116425041611.90804,6985.26384395091,16667236.08625459
2017-11-07,118654642802.81985,7118.20254383402,16669186.08625456
2017-11-08,124219064692.37192,7451.21278667446,16670986.08625455
2017-11-09,118673324665.81557,7117.73804967855,16672898.58625453
2017-11-10,110393978633.4874,6620.56733635301,16674398.58625451
2017-11-11,105834109880.54944,6346.72144915254,16675398.58625451
2017-11-12,97208358771.0979,5829.09782758621,16676398.58625451
2017-11-13,108732275280.58282,6519.44517212157,16678148.58625446
2017-11-14,109959147530.69208,6592.37439713618,16679748.58625443
2017-11-15,121064949584.29532,7257.37321215664,16681648.58622711
2017-11-16,130693988524.30933,7833.7044333723,16683548.58622709
2017-11-17,128963836441.85413,7729.03327001753,16685636.08622707
2017-11-18,130097046001.08447,7796.15424108708,16687336.08622705
2017-11-19,133820448817.2945,8018.32068848626,16689336.08622703
2017-11-20,138036801223.38797,8269.87425745178,16691523.58622701
2017-11-21,135085275817.58247,8091.99808357686,16693686.08622699
2017-11-22,137731449923.46707,8249.59733021625,16695536.08622697
2017-11-23,134776695432.14291,8071.66982144945,16697498.58622695
2017-11-24,137476193155.39874,8232.42233313851,16699361.08622693
2017-11-25,146306248215.9796,8760.1654421391,16701311.08622691
2017-11-26,155672428867.92273,9319.90331472823,16703223.58622689
2017-11-27,162555212918.2686,9730.72857948568,16705348.58622688
2017-11-28,165940133781.83997,9932.19418001169,16707298.58622686
2017-11-29,163753179019.47836,9800.02755172414,16709461.08622612
2017-11-30,167060587956.13336,9996.71497194623,16711548.5862061
2017-12-01,180659157832.9406,10808.9583325541,16713836.08620608
2017-12-02,182785463832.00537,10934.8599856809,16715848.58620607
2017-12-03,187475238156.98575,11213.9426554646,16718048.58620606
2017-12-04,193322386457.61035,11562.1285669199,16720311.08620604
2017-12-05,196268293423.8813,11736.7540672122,16722536.08620602
2017-12-06,234016819443.28604,13992.1323372297,16724886.086206
2017-12-07,284895527864.3471,17032.2933763881,16726786.086206
2017-12-08,272653093293.3282,16298.4873386908,16728736.08620599
2017-12-09,251800579159.83597,15050.0219541204,16730911.08620595
2017-12-10,258942565166.25024,15474.9995432496,16732961.08620594
2017-12-11,282379648924.78217,16873.4977849211,16735098.58620594
2017-12-12,291792545813.21326,17433.9307381648,16737048.58620593
2017-12-13,276453308738.91064,16515.15257218,16739373.58620592
2017-12-14,277960419436.3016,16602.8928033314,16741686.08620591
2017-12-15,296398758942.56946,17702.0021721216,16743798.58620511
2017-12-16,328898790191.6652,19640.5138834015,16745936.08620509
2017-12-17,322411617616.1133,19250.467650789,16748248.58620507
2017-12-18,317958857882.7149,18982.0250242548,16750523.58620507
2017-12-19,295733348356.47894,17653.3260894214,16752273.58620507
2017-12-20,275663636517.5712,16453.6272603741,16753973.58620506
2017-12-21,261954631857.0704,15633.8336504968,16755623.58620505
2017-12-22,239728949025.90448,14305.7183436587,16757561.08620503
2017-12-23,249895523156.7115,14910.8581049094,16759298.586205
2017-12-24,235098385262.4229,14026.3468661601,16761198.58618499
2017-12-25,236037231091.89944,14080.9422600818,16762886.08618499
2017-12-26,263660263812.78415,15727.1454792519,16764661.08618497
2017-12-27,258021387628.21832,15389.0005739334,16766611.08618495
2017-12-28,239612301936.4987,14289.4522095266,16768473.58618493
2017-12-29,244375993508.8451,14571.7460821157,16770536.08618492
2017-12-30,217180538389.026,12948.7158828171,16772361.08618491
2017-12-31,233524465189.3348,13921.4806414378,16774398.58618491
2018-01-01,225887722580.94852,13464.6536116306,16776348.58618491
2018-01-02,247555189825.1814,14754.322204851,16778486.0861849
2018-01-03,251879335164.34857,15010.2861595558,16780448.58618488
2018-01-04,252918055361.86145,15070.3007986558,16782548.58618486
2018-01-05,285287177348.3089,16997.2274079486,16784336.08618409
2018-01-06,287108308287.3724,17103.589279661,16786436.08618407
2018-01-07,272505179860.49533,16231.6949994155,16788461.08618405
2018-01-08,250807207092.34375,14937.4150894214,16790536.08612404
2018-01-09,241453646852.43872,14378.5862174167,16792586.08610402
2018-01-10,246362365863.32315,14669.0882656341,16794661.086094
2018-01-11,221498893134.71692,13186.7549427236,16797073.58609399
2018-01-12,231652981446.49847,13789.4436639392,16799298.58608398
2018-01-13,239101104762.3596,14231.2250645821,16801161.08608397
2018-01-14,229884291706.09927,13681.0654611338,16803098.58608395
2018-01-15,228408095575.09323,13591.6961966686,16804973.58608393
2018-01-16,192121046221.5878,11431.0401052016,16806961.08608391
2018-01-17,187582403000.91153,11159.6085905903,16809048.58608389
2018-01-18,189059547788.1338,11246.0397302747,16811211.08608388
2018-01-19,192348146652.9038,11440.2555616598,16813273.58608387
2018-01-20,214707089256.08,12768.4045856224,16815498.58608385
2018-01-21,192099954357.02213,11422.3942589129,16817836.08608383
2018-01-22,180601416229.53214,10737.3505774401,16819923.58608351
2018-01-23,182509946645.00696,10849.3918793103,16822136.08608349
2018-01-24,188868250111.49985,11225.8961747516,16824336.08608348
2018-01-25,187284665737.6832,11130.4649473992,16826311.08608316
2018-01-26,185709056259.20752,11035.5546098773,16828248.58598315
2018-01-27,190534317916.2448,11320.9701852718,16830211.08598303
2018-01-28,195521978595.36047,11615.95871128,16832186.08598302
2018-01-29,187405821048.53973,11132.5543138515,16834036.08598281
2018-01-30,167680159360.35452,9959.54671537113,16836123.58598251
2018-01-31,169219353157.635,10050.0957971946,16837586.0859825
2018-02-01,152227586137.8496,9039.86507510228,16839586.08598229
2018-02-02,147972357159.3378,8786.0773798948,16841686.08598227
2018-02-03,153818002832.4506,9132.10032232613,16843661.08598225
2018-02-04,138987436238.7948,8250.52689596727,16845886.08598194
2018-02-05,115402453262.58664,6849.54255932203,16848198.58598108
2018-02-06,130398654837.18138,7738.64395967271,16850323.58598086
2018-02-07,128490337875.27019,7624.59538953828,16852086.08598064
2018-02-08,138513689945.96112,8218.58085184103,16853723.58598053
2018-02-09,145975503391.69897,8660.45346785505,16855411.08598012
2018-02-10,143796839806.93958,8530.29280479252,16857198.5859795
2018-02-11,136503442480.99644,8096.72848129749,16859086.0859795
2018-02-12,150193661791.17108,8907.67017913501,16861161.08597948
2018-02-13,143741453662.46915,8523.96693191116,16863211.08594926
2018-02-14,159670278815.20184,9467.3010327294,16865448.58594924
2018-02-15,170471136968.4026,10106.7330835769,16867086.08594922
2018-02-16,171884074815.1278,10189.3164833431,16869048.5859492
2018-02-17,187024145183.5038,11085.5984143776,16870911.08594919
2018-02-18,176357479895.8642,10452.0919772063,16872936.08594919
2018-02-19,187976194475.8602,11139.3557305669,16874961.08594907
2018-02-20,189794491196.21036,11245.9323179427,16876723.58594906
2018-02-21,176533469479.5317,10458.8650888369,16878836.08594893
2018-02-22,166750223696.01343,9878.15894272355,16880698.58592881
2018-02-23,171510918790.7929,10159.0656125073,16882548.58592879
2018-02-24,163552082148.23413,9686.60177995325,16884361.08591877
2018-02-25,162164887219.03528,9603.22747749854,16886498.58591876
2018-02-26,174157924575.1811,10312.3657130333,16888261.08591856
2018-02-27,179950653847.5196,10654.1072948568,16890261.08591844
2018-02-28,174108312562.12915,10307.0249663939,16892198.58589749
2018-03-01,184546671784.81287,10923.6308617767,16894261.08589657
2018-03-02,186095856775.3983,11014.0584672706,16896211.08589546
2018-03-03,193076418415.27505,11425.6805654588,16898461.08589524
2018-03-04,193721221886.46198,11462.5831975453,16900311.08589442
2018-03-05,195062277838.50427,11540.6623205728,16902173.5858937
2018-03-06,180485923073.3736,10677.0352308591,16904123.58589279
2018-03-07,167422408355.89157,9903.0850490941,16906086.08589167
2018-03-08,157760715442.68665,9330.47545295149,16908111.0858914
2018-03-09,156892740604.1144,9278.13918439509,16909936.0858902
2018-03-10,148595551650.91345,8786.56042314436,16911686.085889
2018-03-11,160908118884.2804,9513.53539976622,16913598.5858879
2018-03-12,154742152551.3773,9147.89018059615,16915611.0858879
2018-03-13,154974273658.91028,9160.54293278784,16917586.0858879
2018-03-14,139113345204.6385,8222.12723904149,16919386.0858879
2018-03-15,139914335208.6044,8268.58912244302,16921186.0858876
2018-03-16,141763494802.30853,8376.90449824664,16923136.0858872
2018-03-17,133397116859.14584,7881.66192051432,16924998.5858872
2018-03-18,138614553160.81683,8189.01671917008,16926886.0858871
2018-03-19,144521631437.1412,8537.0156233197,16928823.5858871
2018-03-20,150605270576.6591,8895.54717913501,16930411.0858871
2018-03-21,150352052268.78598,8879.5942565751,16932311.0858871
2018-03-22,147507258760.04517,8710.66493512566,16934098.5858868
2018-03-23,148556200040.7051,8771.74632349503,16935761.08588536
2018-03-24,145850435654.0619,8610.9885163647,16937711.08588536
2018-03-25,142978872725.61987,8440.61092255991,16939398.58588536
2018-03-26,138430269669.80035,8171.18435447107,16941273.58588535
2018-03-27,132788146745.2988,7837.26531940386,16943173.58588535
2018-03-28,134434473959.64536,7933.64272969024,16944861.08588535
2018-03-29,120467251234.39308,7108.5708132671,16946761.08586535
2018-03-30,115796633032.06471,6832.14906633548,16948786.08586535
2018-03-31,117335340577.4604,6922.2812969024,16950386.08586535
2018-04-01,115353102998.06737,6804.52487931035,16952411.08586535
2018-04-02,119244423031.53572,7033.25960958504,16954361.08586515
2018-04-03,125830051366.80844,7420.80051548802,16956398.58586515
2018-04-04,114986059183.08643,6780.54360140269,16958236.08586475
2018-04-05,115302512667.8604,6798.42261659848,16960186.08586455
2018-04-06,112126583471.01808,6610.49234979544,16961911.08586455
2018-04-07,116823177434.98444,6886.46947194623,16964161.08586455
2018-04-08,118932810742.21152,7009.99610432496,16966173.58586455
2018-04-09,114311672118.16814,6736.89282378726,16968011.08584445
2018-04-10,115680131308.85144,6816.71861542957,16970061.08584425
2018-04-11,117867416604.65047,6944.78585710111,16972073.58584425
2018-04-12,134168090914.6082,7904.33027527762,16973998.58584425
2018-04-13,134434525998.67308,7919.06469462303,16976061.08584425
2018-04-14,135931151075.12416,8006.41794330801,16977773.58584425
2018-04-15,141650187328.7155,8342.27110140269,16979811.08584425
2018-04-16,136650419244.81303,8046.98213354763,16981573.58584425
2018-04-17,133962175227.62907,7887.73795791935,16983598.58584425
2018-04-18,138650636284.6751,8162.83486177674,16985598.58584425
2018-04-19,140539709293.91605,8272.96731589714,16987823.58584425
2018-04-20,150179023464.4438,8839.5011320865,16989536.08584415
2018-04-21,150605063050.8505,8863.54082904734,16991523.58584415
2018-04-22,149559305824.3162,8800.95908708358,16993523.58583415
2018-04-23,151782579435.7192,8930.78463354763,16995436.08582415
2018-04-24,164062766307.80725,9652.21378872005,16997423.58582415
2018-04-25,150534451808.20685,8855.50893658679,16998961.08582415
2018-04-26,157507070083.4661,9264.72742694331,17000723.58582405
2018-04-27,152705064058.8726,8981.33079018118,17002498.58582395
2018-04-28,158849307909.90692,9341.82468468732,17004098.58582395
2018-04-29,159806033177.31946,9396.99762974869,17006073.58582395
2018-04-30,156962282341.70627,9228.7264836353,17008011.08582395
2018-05-01,154317464332.452,9072.16875745178,17009986.08581849
2018-05-02,156578190321.4114,9204.12764056108,17011736.08581839
2018-05-03,165894741989.12933,9750.70014640561,17013623.58581839
2018-05-04,164991759225.75504,9696.64290999416,17015348.58581839
2018-05-05,166700806032.87646,9795.92577206312,17017361.08579839
2018-05-06,163299488641.55853,9595.08681940386,17019073.58579839
2018-05-07,158967333946.10675,9339.5108471654,17020948.58579819
2018-05-08,156819276398.11127,9212.36963471654,17022686.08579735
2018-05-09,158211127488.7949,9293.04227352425,17024686.08579735
2018-05-10,153878517153.77625,9037.53050905903,17026611.08579735
2018-05-11,143373321270.30786,8419.75858737581,17028198.58579735
2018-05-12,144514968309.05743,8485.77526680304,17030261.08579735
2018-05-13,148108395237.23605,8695.83309380479,17032111.08579735
2018-05-14,147701005849.94635,8671.07417475161,17033761.08579735
2018-05-15,144605949351.0157,8488.463421391,17035586.08576995
2018-05-16,141886841023.80402,8327.75620134424,17037823.58576985
2018-05-17,137176558811.93735,8050.51623933372,17039473.58576975
2018-05-18,140302690393.97842,8233.08645528931,17041323.58574245
2018-05-19,140257123405.43295,8229.48293571011,17043248.58574245
2018-05-20,145078058846.0959,8511.44883021625,17045048.58574235
2018-05-21,143171421543.0004,8398.62312653419,17047011.08574235
2018-05-22,136519507769.17958,8007.52653214495,17048898.58574225
2018-05-23,128237740095.40971,7520.86767913501,17050923.58574225
2018-05-24,129184935653.3735,7575.62448597312,17052711.08574215
2018-05-25,126639121906.13664,7425.37567445938,17054911.08574205
2018-05-26,124964285195.887,7326.30318644068,17056936.08574205
2018-05-27,125182133039.21864,7338.19304441847,17058986.08574135
2018-05-28,121317311761.56834,7110.82388164816,17060936.08571405
2018-05-29,127178919277.39346,7453.63372501461,17062673.58571395
2018-05-30,125847610692.34056,7374.6690490941,17064848.58568665
2018-05-31,127639489898.68208,7478.74186703682,17066973.58565935
2018-06-01,128356441555.94876,7519.83573728814,17069048.58565935
2018-06-02,130378486453.76411,7637.44825306838,17070948.58565935
2018-06-03,131498835221.0268,7702.15793308007,17072986.08565935
2018-06-04,127836651623.76183,7486.65319959088,17075273.58563205
2018-06-05,129979115426.493,7611.14985271771,17077461.08560475
2018-06-06,130669884421.28532,7650.77580713033,17079298.58557668
2018-06-07,130942715943.34392,7665.9478962595,17081086.08554928
2018-06-08,130216094923.58316,7622.60233021625,17082892.33552198
2018-06-09,129094774239.7812,7556.17169783752,17084679.83552127
2018-06-10,115242359003.23732,6744.73580099357,17086267.33552127
2018-06-11,117043566259.5198,6849.45268731736,17088017.33549324
2018-06-12,111540186918.58978,6526.69968001169,17089829.83546594
2018-06-13,107788509788.87521,6306.51316803039,17091617.33543784
2018-06-14,113326173419.85922,6629.77012419638,17093529.83540978
2018-06-15,109405258626.73557,6399.67404646406,17095442.33540832
2018-06-16,111053766097.57834,6495.31530917592,17097517.33540832
2018-06-17,110303511512.67044,6450.69397282291,17099479.83540756
2018-06-18,114645451013.78528,6703.81258971362,17101529.83538026
2018-06-19,115149244502.8952,6732.50880917592,17103467.33537952
2018-06-20,115516336692.91388,6753.20682583285,17105404.83537873
2018-06-21,114968985603.38635,6720.37323436587,17107529.83412755
2018-06-22,103675812241.77995,6059.5758591467,17109417.33410025
2018-06-23,105649754025.73972,6174.22577936879,17111417.33410025
2018-06-24,105188245647.2729,6146.48719491526,17113554.83409953
2018-06-25,106861339065.99004,6243.53544097019,17115517.33409953
2018-06-26,104349523004.1154,6096.12876621859,17117342.33409953
2018-06-27,105095896985.98283,6139.18968322618,17118854.83407223
2018-06-28,100304632985.26031,5858.63577819988,17120817.33404493
2018-06-29,106518869341.18803,6220.9137150789,17122704.83401763
2018-06-30,109177747554.53374,6375.5412314436,17124467.33401689
2018-07-01,108947319052.50592,6361.40253886616,17126304.83401612
2018-07-02,113188557636.7306,6608.367157218,17128067.33401612
2018-07-03,111312877114.31288,6498.3078591467,17129517.33390629
2018-07-04,112711825499.79326,6579.33337638808,17131192.33390629
2018-07-05,111968645594.2585,6535.29840268849,17132904.83387826
2018-07-06,113063968657.09964,6598.45909585038,17134904.83379718
2018-07-07,115465661540.18742,6737.85608036236,17136854.83379718
2018-07-08,114914482588.6505,6704.91998012858,17138829.83379718
2018-07-09,114224903787.80823,6664.02409351257,17140529.83376909
2018-07-10,108152793264.32472,6309.08400409118,17142392.33368776
2018-07-11,109344538488.59863,6377.97651139684,17144079.83366046
2018-07-12,105609244489.61111,6159.46667621274,17145842.33363316
2018-07-13,106469386228.2422,6208.98557188779,17147629.83349486
2018-07-14,107270752475.55956,6255.11247866744,17149292.33349486
2018-07-15,108867474201.12538,6347.60427381648,17150954.83349486
2018-07-16,115106821467.19034,6710.80743746347,17152454.83346756
2018-07-17,125580721821.32156,7320.59482787843,17154442.33344026
2018-07-18,126547867223.51788,7376.03833927528,17156617.33341148
2018-07-19,128125010853.07112,7467.0342980713,17158754.83338348
2018-07-20,125740705992.6491,7327.25668293396,17160679.83335618
2018-07-21,127183034589.34172,7410.56562039743,17162392.33335618
2018-07-22,127009676954.65717,7399.48374693162,17164667.33335618
2018-07-23,132461306959.85504,7716.15862741087,17166742.33332888
2018-07-24,144176409303.4392,8397.61652162478,17168729.83330082
2018-07-25,140848438885.07907,8202.72039538282,17170942.3332728
2018-07-26,135905971504.21307,7913.93077819989,17173004.8332728
2018-07-27,140385333661.0855,8173.7746113384,17175092.33327127
2018-07-28,140685035244.0186,8190.36005669199,17176904.83327054
2018-07-29,141376644218.03387,8229.60583869083,17179029.83316199
2018-07-30,140397962724.8378,8171.83951928697,17180704.83316199
2018-07-31,132737425419.3308,7725.13303594389,17182542.33315121
2018-08-01,130544828991.5115,7596.6980119813,17184417.33311234
2018-08-02,129631238285.9974,7542.69466189363,17186329.83261354
2018-08-03,127389185324.80109,7411.34425014611,17188404.83253624
2018-08-04,120372201905.84554,7002.2086528346,17190604.83253624
2018-08-05,120891309546.94946,7031.58775102279,17192604.83229624
2018-08-06,119155942795.52562,6929.99089421391,17194242.33226815
2018-08-07,115602331537.64192,6722.57843278784,17196129.83224085
2018-08-08,107787129090.23807,6267.3886735827,17198092.33222845
2018-08-09,112798970602.05664,6558.09690794857,17199954.83222299
2018-08-10,105548153481.91736,6135.75185856224,17202154.83203226
2018-08-11,108623509949.61084,6313.74931180596,17204279.83203226
2018-08-12,108651957013.71867,6314.69165575687,17206217.33203152
2018-08-13,107823291676.77013,6265.84804383402,17208092.33203076
2018-08-14,106439624172.66588,6184.82908562244,17209792.33203076
2018-08-15,107921713369.36864,6270.21479865576,17211804.83202991
2018-08-16,108287593315.59192,6290.7504552893,17213779.83202991
2018-08-17,112987854531.1153,6563.07828872005,17215679.83202445
2018-08-18,110180882411.00536,6399.28744681473,17217679.83181445
2018-08-19,111766836577.27116,6490.71612711865,17219492.33156289
2018-08-20,108028823193.54256,6272.95272881356,17221367.33110289
2018-08-21,111487195428.2082,6473.07603945061,17223217.33110221
2018-08-22,109638677665.2356,6365.00983167738,17225217.33110071
2018-08-23,112258698492.89713,6516.40902542373,17227079.83107268
2018-08-24,115394585122.42712,6697.73187872589,17228904.83104538
2018-08-25,116227908455.6044,6745.43893921683,17230592.33104538
2018-08-26,115284878069.69078,6689.86933313852,17232754.83104323
2018-08-27,117873365030.6772,6839.15895236704,17235067.33088593
2018-08-28,122261446474.46252,7092.97380829924,17236979.83085863
2018-08-29,121247278332.5186,7033.42806808884,17238717.33083133
2018-08-30,120114930037.10117,6966.96374371713,17240642.33080327
2018-08-31,121131550725.81134,7025.14078024547,17242579.83077441
2018-09-01,124028288534.02948,7192.35254734074,17244467.33077441
2018-09-02,125667820675.12167,7286.66779105786,17246267.33077364
2018-09-03,125177334900.4002,7257.47021391,17248067.33074558
2018-09-04,126936865991.23833,7358.81147895967,17249642.33071828
2018-09-05,117151754999.24129,6790.89732846289,17251292.3304288
2018-09-06,111939859791.32008,6488.07593687902,17253167.33040071
2018-09-07,110581749752.2956,6408.65362244301,17255067.33037341
2018-09-08,106782343851.2759,6187.79050233781,17256942.33037341
2018-09-09,107855616025.27689,6249.24631034483,17258979.83037341
2018-09-10,108662608384.24086,6295.3886025716,17260667.33034611
2018-09-11,108380864787.66785,6278.42463968439,17262429.83034611
2018-09-12,109241940295.64648,6327.53636323787,17264529.8303345
2018-09-13,112074557501.76231,6490.91231648159,17266379.8303337
2018-09-14,112150595269.43169,6494.69547895967,17268029.8303064
2018-09-15,112670904653.23538,6524.16566744594,17269779.8303064
2018-09-16,112220037901.27625,6497.40470134424,17271517.33030562
2018-09-17,108105991224.44568,6258.59487492694,17273204.8302947
2018-09-18,109529380192.13356,6340.34779018118,17274979.8302474
2018-09-19,110295088597.76112,6383.95187580362,17276929.8302201
2018-09-20,112288488870.2254,6498.60711104617,17278854.8301928
2018-09-21,116491363596.52646,6741.14289888954,17280654.83016477
2018-09-22,115888008971.5252,6705.47605113969,17282592.330164
2018-09-23,115860149884.85667,6703.13684950321,17284467.330164
2018-09-24,113684243861.49072,6576.5450032145,17286317.3301367
2018-09-25,110930242226.68497,6416.44402162478,17288429.8301094
2018-09-26,111750680973.86244,6463.25040356517,17290167.3300821
2018-09-27,115473953608.52664,6677.90048860316,17291954.83005479
2018-09-28,114539547907.19228,6623.12615984804,17293879.82997749
2018-09-29,113884047547.05753,6584.49914757452,17295779.82996749
2018-09-30,114243175578.83426,6604.485028346,17297817.32996749
2018-10-01,113518016605.85883,6561.81383226184,17299792.32994019
2018-10-02,112610666756.30328,6508.72093863238,17301504.82991289
2018-10-03,111856548131.17673,6464.45684365868,17303317.32988559
2018-10-04,113267427334.0738,6545.28566773816,17305192.32985829
2018-10-05,113967980867.00935,6585.14957977791,17306817.32985829
2018-10-06,113378166758.79816,6550.47831589714,17308379.82985829
2018-10-07,113633692973.18517,6564.56826008182,17310154.82985759
2018-10-08,114339270103.70224,6604.68527410871,17311842.32985759
2018-10-09,114103170639.18616,6590.42862215079,17313467.32983029
2018-10-10,113053154102.98314,6529.10243600234,17315267.32979299
2018-10-11,106661330255.67244,6159.25164260666,17317254.82976569
2018-10-12,107233068566.12044,6191.67722326125,17318904.82973839
2018-10-13,107348052161.21346,6197.68569637639,17320667.32973839
2018-10-14,107100406864.61185,6182.87934424313,17322092.32973839
2018-10-15,111614357755.55241,6442.71541408533,17324117.32971109
2018-10-16,111958262043.08224,6461.93715926359,17325804.82968379
2018-10-17,111636608391.73184,6442.73070017534,17327529.82965649
2018-10-18,110846228676.42816,6396.47981209819,17329254.82962919
2018-10-19,110625312452.34442,6383.07784015196,17331029.82960189
2018-10-20,111073074254.35512,6408.25274634717,17332817.32960189
2018-10-21,111206991506.71556,6415.34050292227,17334542.32960189
2018-10-22,111092745870.69737,6408.03363559322,17336479.82957459
2018-10-23,110896223452.83104,6395.98766686149,17338404.82954649
2018-10-24,111214183524.86855,6413.80364114553,17339817.32951919
2018-10-25,111026107522.98996,6402.3248591467,17341529.82949189
2018-10-26,111068486835.02596,6404.10855230859,17343317.32946459
2018-10-27,111171246478.54549,6409.40532758621,17345017.32946459
2018-10-28,111134376406.18802,6406.63325306838,17346767.32946459
2018-10-29,108654957796.83511,6263.0417346581,17348592.32943729
2018-10-30,108825354861.77647,6272.16772822911,17350517.32943729
2018-10-31,109430710322.48328,6306.31693132671,17352554.82940999
2018-11-01,110079075092.29424,6342.97750058445,17354479.82940999
2018-11-02,110180510973.50604,6348.16858270018,17356267.32940999
2018-11-03,109920163681.27742,6332.43413296318,17358279.82940925
2018-11-04,111457353102.79344,6420.42200029223,17359817.32940925
2018-11-05,111165512798.97427,6402.94683898305,17361617.32940925
2018-11-06,111839004285.48557,6441.14521887785,17363217.32938195
2018-11-07,112886579168.95436,6500.86980508475,17364842.32935391
2018-11-08,111261944815.82117,6406.75293746347,17366354.82932661
2018-11-09,109963021291.8608,6331.37876709527,17367942.32929931
2018-11-10,110350898799.03008,6353.11273407364,17369579.82929931
2018-11-11,110055044898.53024,6335.41420397428,17371404.82929931
2018-11-12,109809736244.71677,6320.65605376972,17373154.82927201
2018-11-13,108903259088.7863,6267.9379912332,17374654.82924471
2018-11-14,96860221302.46275,5574.25834891876,17376342.32924471
2018-11-15,96248717597.61153,5538.56060783168,17377929.8291894
2018-11-16,95518040630.44853,5496.01623115137,17379504.8291621
2018-11-17,95616231626.28333,5501.09234044418,17381317.3291621
2018-11-18,96568300411.74496,5555.3763383986,17382854.8291621
2018-11-19,83309665038.67566,4792.20002367037,17384429.8291348
2018-11-20,75064932894.56097,4317.53067007598,17386079.8291075
2018-11-21,79100846618.07187,4549.32200993571,17387392.3290802
2018-11-22,74835214989.06079,4303.61554850964,17388917.3290529
2018-11-23,74603295134.03229,4289.89285330216,17390479.8290256
2018-11-24,66200481496.8158,3806.31692489772,17392267.3290256
2018-11-25,68650951140.12603,3946.85087434249,17393854.8290256
2018-11-26,64367371529.51591,3700.28599269433,17395242.3289983
2018-11-27,65700289252.32034,3776.55590531853,17396879.8289983
2018-11-28,73220546017.23143,4208.47526914085,17398354.82796581
2018-11-29,73757876886.60486,4239.03948831093,17399667.32793851
2018-11-30,69139707027.07185,3973.33405230859,17400929.82791121
2018-12-01,72186769334.42615,4148.07372559906,17402479.82791121
2018-12-02,71334198592.28998,4098.74676388077,17403904.82791121
2018-12-03,66905681722.15498,3843.9766659848,17405329.82788391
2018-12-04,67764822761.35066,3892.95164699006,17407054.82785661
2018-12-05,64577860936.27737,3709.52085827002,17408679.82782931
2018-12-06,61144670013.32359,3511.96898158971,17410367.32780201
2018-12-07,58729900521.63701,3372.99569257744,17411792.32777471
2018-12-08,59343948586.4894,3407.95119462303,17413379.82777471
2018-12-09,61656683797.12884,3540.43957597896,17414979.82777471
2018-12-10,59452937061.822815,3413.59258416131,17416529.82774741
2018-12-11,58395272773.26061,3352.56420017534,17418092.32771934
2018-12-12,59627489561.96775,3423.01291788428,17419592.32769204
2018-12-13,56799160023.82104,3260.34158240795,17421229.82766474
2018-12-14,55735437225.00024,3198.94747369959,17423054.82763744
2018-12-15,55499651896.21167,3185.07404383402,17424917.32763744
2018-12-16,55684427860.85024,3195.41455523086,17426354.82763744
2018-12-17,60984540763.57042,3499.15648188194,17428354.82761014
2018-12-18,63785396911.68198,3659.52737931035,17429954.82758283
2018-12-19,64458072015.1525,3697.72530333139,17431817.32755549
2018-12-20,70914924965.58305,4067.73770777323,17433504.82752819
2018-12-21,66935427169.69911,3839.08510841613,17435254.82750089
2018-12-22,69138519234.73888,3964.94611630625,17437442.32750089
2018-12-23,68758702225.0924,3942.66699590883,17439642.32750089
2018-12-24,70464629644.18283,4040.04578959673,17441542.32747359
2018-12-25,65615302891.15366,3761.58401081239,17443529.82747359
2018-12-26,66426458891.30887,3807.65745353594,17445492.32747359
2018-12-27,62557922646.83627,3585.46053594389,17447667.32744629
2018-12-28,67723456212.58877,3881.05488486265,17449754.8274135
2018-12-29,66719421375.7622,3823.13832612507,17451479.82740804
2018-12-30,66767437066.61049,3825.4074628872,17453679.82740804
2018-12-31,64362351163.8135,3687.19994009351,17455617.32738074
2019-01-01,66480140226.796745,3808.11783167738,17457479.82738074
2019-01-02,68060061857.88494,3898.1974880187,17459367.32735344
2019-01-03,66080363535.854095,3784.38863471654,17461304.82732614
2019-01-04,66840702441.1711,3827.52459438925,17463167.32729884
2019-01-05,66343570783.85974,3798.61395499708,17465204.82729884
2019-01-06,70671241074.1243,4045.99377498539,17466967.32729884
2019-01-07,69892707335.84886,4001.01827819988,17468729.82727154
2019-01-08,69754483224.10101,3992.6227893045,17470842.32724424
2019-01-09,69965986980.18709,4004.25903565167,17472892.32720693
2019-01-10,63397040767.491615,3627.90345002922,17474842.32717963
2019-01-11,63338354100.47836,3624.16142109877,17476692.32715233
2019-01-12,63219821366.34437,3617.02207831677,17478417.32715233
2019-01-13,61332009010.65437,3508.6701081239,17480129.82715233
2019-01-14,64105507741.0617,3666.94519374635,17481992.32712503
2019-01-15,62614046151.325806,3581.29301548802,17483642.32709773
2019-01-16,63069259783.033424,3606.98657568673,17485304.82707043
2019-01-17,63654546163.77879,3640.12913062536,17486892.32704313
2019-01-18,63123882957.88896,3609.42673611923,17488617.32701583
2019-01-19,64491943106.93511,3687.30196113384,17490279.82701583
2019-01-20,61893041071.17983,3538.31372296903,17492242.32701583
2019-01-21,61852610462.07104,3535.623393045,17494117.32701583
2019-01-22,62587665112.30323,3577.30834979544,17495742.32701583
2019-01-23,62149501274.109985,3551.89382115722,17497567.32701583
2019-01-24,62431351929.4994,3567.58893366452,17499592.32701504
2019-01-25,62328325177.42316,3561.35049795441,17501317.32701504
2019-01-26,62259553751.56424,3557.03991525424,17503192.32701504
2019-01-27,61925598671.30048,3537.61413062536,17504904.82701504
2019-01-28,60136493366.521126,3435.05251402689,17506717.32701504
2019-01-29,59455924094.6892,3395.82376329632,17508542.32699504
2019-01-30,60198389711.43856,3437.89586616014,17510242.32699504
2019-01-31,59718838093.35889,3410.13161601403,17512179.82699504
2019-02-01,60337137182.80421,3445.04989129164,17514154.82699504
2019-02-02,60639099131.68266,3461.93511747516,17515954.82699504
2019-02-03,59788219917.066,3413.02161630625,17517679.82699504
2019-02-04,59765870504.42587,3411.38796171829,17519517.32699504
2019-02-05,60036309266.96764,3426.46501139684,17521354.82699504
2019-02-06,59010177291.22384,3367.50636499123,17523404.82699504
2019-02-07,58866207389.19751,3358.87359906487,17525579.82699504
2019-02-08,63318160367.38653,3612.47961922852,17527617.32698958
2019-02-09,63478991740.72384,3621.26812098188,17529492.32698958
2019-02-10,63849176538.515076,3642.0223591467,17531242.32698958
2019-02-11,62954510736.379906,3590.6184836353,17533054.82698958
2019-02-12,62912631290.85425,3587.90246580947,17534654.82698412
2019-02-13,62712261903.432846,3576.08537258913,17536567.32697866
2019-02-14,62470064348.19538,3561.91638340152,17538329.8269732
2019-02-15,62529926712.27091,3565.00692372881,17539917.32696774
2019-02-16,62882694505.14064,3584.73600263004,17541792.32696774
2019-02-17,63556858700.69298,3622.7574289889,17543779.82696774
2019-02-18,67834010393.17628,3866.12921712449,17545717.32696228
2019-02-19,68355801176.12653,3895.43521098773,17547667.32695682
2019-02-20,68997040402.63634,3931.61382904734,17549292.32695136
2019-02-21,68312229780.10759,3892.26179427236,17550779.8269459
2019-02-22,69303748259.26967,3948.30051052016,17552804.82694044
2019-02-23,72152027336.08412,4110.15112127411,17554592.32694044
2019-02-24,65909594991.648926,3754.18378988895,17556304.82694044
2019-02-25,67107357151.37915,3822.01869666861,17558092.32693498
2019-02-26,66661232142.14775,3796.17506838106,17560104.82692952
2019-02-27,66724242474.867226,3799.3819924021,17561867.32692331
2019-02-28,66618356465.697655,3792.94772296902,17563742.32691785
2019-03-01,66936687246.140976,3810.63269257744,17565767.32691239
2019-03-02,66925595316.40048,3809.64339099942,17567417.32691239
2019-03-03,66453583651.36554,3782.38187025132,17569242.32691239
2019-03-04,64980234897.77088,3698.16185505552,17570954.82690693
2019-03-05,67481868718.641136,3840.1280490941,17572817.32690147
2019-03-06,67696627871.99121,3851.99842548218,17574417.32690147
2019-03-07,67772447204.172585,3855.92316832262,17576192.32689601
2019-03-08,67486113914.754395,3839.23355289304,17578017.32689601
2019-03-09,68743141713.30267,3910.36116656926,17579742.32687417
2019-03-10,68636402814.046906,3903.9119509059,17581442.32687417
2019-03-11,67722973399.3696,3851.56892168323,17583217.32686871
2019-03-12,67859035802.77418,3858.91482378726,17585004.82686871
2019-03-13,67743190817.63356,3851.95746639392,17586692.32686325
2019-03-14,67782767281.89608,3853.78326504968,17588629.82685724
2019-03-15,68636787012.15806,3901.91420689655,17590542.32685178
2019-03-16,70190805974.9429,3989.79607685564,17592579.82685178
2019-03-17,69799528647.52408,3967.14349444769,17594404.82685178
2019-03-18,69847925359.80466,3969.44014582116,17596417.32684577
2019-03-19,70326929804.44753,3996.16790356517,17598592.32684031
2019-03-20,70941970703.6453,4030.65527586207,17600604.82683485
2019-03-21,69991932308.15556,3976.27385008767,17602392.32682939
2019-03-22,70133970901.15828,3983.88764582116,17604404.82670847
2019-03-23,70104014183.65793,3981.77603302163,17606217.32670847
2019-03-24,69915870923.6467,3970.6669880187,17608092.32670847
2019-03-25,68823860548.3261,3908.23883869082,17609942.32670301
2019-03-26,68998149814.37549,3917.76340210403,17611617.32669209
2019-03-27,70929622723.5621,4027.00791788428,17613479.82668663
2019-03-28,70653886033.99002,4010.93746201052,17615304.82666117
2019-03-29,72044617181.57042,4089.46104003507,17617142.32664571
2019-03-30,72094536468.24364,4091.89103834015,17618879.82664571
2019-03-31,72144407426.98993,4094.31781472823,17620617.32664461
2019-04-01,72928511837.76436,4138.41780771479,17622317.32663915
2019-04-02,86424523990.81316,4903.71946206897,17624279.82663369
2019-04-03,87429243678.5721,4960.22760274693,17626054.82662823
2019-04-04,86574903765.80412,4911.26970245471,17627804.82662823
2019-04-05,88734657095.24022,5033.22548369375,17629779.82661731
2019-04-06,88939665130.79738,5044.35684593805,17631517.32661731
2019-04-07,91501063164.41447,5189.11195558153,17633279.82661731
2019-04-08,93173850971.95097,5283.42302483928,17635129.82661185
2019-04-09,91633263649.93097,5195.57790882525,17636779.82660639
2019-04-10,93691843864.06364,5311.74160327294,17638629.82460093
2019-04-11,89096740025.25392,5050.66600859147,17640592.32459547
2019-04-12,89674280265.74156,5082.86143202805,17642479.82459001
2019-04-13,89540456117.10837,5074.79069257744,17644167.32459001
2019-04-14,90995377478.9746,5156.80404061952,17645692.32459001
2019-04-15,88994562169.30713,5042.89773845704,17647504.82458455
2019-04-16,91881692216.0707,5205.96295745178,17649317.32457909
2019-04-17,92250564153.54716,5226.35221519579,17651042.32457308
2019-04-18,93180899416.67139,5278.5023395675,17652904.82457308
2019-04-19,93393056304.89935,5289.95121911163,17654804.82456762
2019-04-20,93825862417.04706,5313.97326212741,17656442.32456762
2019-04-21,93514542764.35901,5295.73382817066,17658467.32456762
2019-04-22,95078673811.43846,5383.79997533606,17660142.32456762
2019-04-23,97931104712.61537,5544.86271186441,17661592.32456216
2019-04-24,95947917278.7501,5431.94791963764,17663629.8245567
2019-04-25,90582486405.83148,5127.67316738749,17665417.3245567
2019-04-26,90989528956.62265,5150.16466066628,17667304.82455124
2019-04-27,91557451148.37279,5181.80776364699,17669017.32455124
2019-04-28,90982423047.7571,5148.66961542957,17671054.82455124
2019-04-29,90995226478.38272,5148.80049327878,17673092.32454578
2019-04-30,93086646312.97389,5266.61820251315,17674842.32454032
2019-05-01,93956247055.4643,5315.17532904734,17676979.82454032
2019-05-02,95346643375.08403,5393.12937638808,17679279.82453486
2019-05-03,100047725220.71832,5658.43038836938,17681179.8244194
2019-05-04,102113257161.60286,5774.71242869667,17682829.8244194
2019-05-05,101302705291.91556,5728.35170222092,17684442.3244194
2019-05-06,100665077841.2352,5691.68837405026,17686329.82441394
2019-05-07,103045294021.27489,5825.744893045,17687917.32440848
2019-05-08,104932468929.86987,5931.8005949737,17689817.32440302
2019-05-09,108806392500.68918,6150.14044476914,17691692.32439756
2019-05-10,112484221628.55664,6357.46349357101,17693254.82439756
2019-05-11,129616460917.03905,7325.08286031561,17694879.82439756
2019-05-12,122862594419.89809,6942.62317451783,17696854.8243915
2019-05-13,138032382814.8289,7798.90573600234,17698942.32438604
2019-05-14,140820072137.7831,7955.5576823495,17700842.32438058
2019-05-15,145431381731.40323,8215.2068383986,17702704.82438058
2019-05-16,139194281165.00555,7862.07160233782,17704529.82438058
2019-05-17,129733515296.03603,7326.92068188194,17706417.32438048
2019-05-18,128881004230.6199,7277.98756341321,17708329.82437492
2019-05-19,145574664069.0613,8219.74278696669,17710367.32437492
2019-05-20,141364972111.36505,7981.13937895967,17712379.82436936
2019-05-21,141427517230.1168,7983.80847738165,17714292.32436936
2019-05-22,135847466322.59747,7667.90211484512,17716379.82435844
2019-05-23,139930198596.70416,7897.4712936879,17718354.82435298
2019-05-24,141533553660.64325,7987.10036762127,17720267.32434752
2019-05-25,142867668845.3807,8061.59176072472,17722017.32434752
2019-05-26,154758245306.18896,8731.52495587376,17724079.82434752
2019-05-27,156287836455.38348,8816.78670835769,17726167.32434206
2019-05-28,154574557917.51135,8719.12584833431,17728217.3243366
2019-05-29,153465206972.54276,8655.48850613676,17730392.32433104
2019-05-30,146675645809.6508,8271.62196317942,17732392.32433104
2019-05-31,151734802083.5124,8556.222185564,17733854.82433104
2019-06-01,151725858432.60037,8554.80732963179,17735742.32432548
2019-06-02,155101923701.62546,8744.35374547049,17737379.82432002
2019-06-03,144986880726.59973,8173.40127054354,17738867.32431992
2019-06-04,135715984982.11952,7649.93933196961,17740792.32431992
2019-06-05,138367954899.15903,7798.54446639392,17742792.32431446
2019-06-06,137995871311.0676,7776.71332612507,17744754.82431436
2019-06-07,142398874425.05167,8023.950093045,17746729.82431436
2019-06-08,140917883639.34723,7939.80515488019,17748279.82431436
2019-06-09,135505562736.9976,7634.06575073057,17750117.32431436
2019-06-10,141897744724.659,7993.30253857393,17752079.82431436
2019-06-11,140654723194.9171,7922.48362711864,17753867.32431436
2019-06-12,144649767681.24728,8146.75612507306,17755504.82431436
2019-06-13,146192657169.59814,8232.77734137931,17757392.32431436
2019-06-14,154472258474.2654,8698.00481502046,17759504.82431436
2019-06-15,157198156055.2938,8850.58481601403,17761329.82431436
2019-06-16,160213273127.52393,9019.51700672121,17762954.82431436
2019-06-17,165931690523.78326,9340.57218877849,17764617.32431436
2019-06-18,160737284620.8722,9047.13274447691,17766654.82431426
2019-06-19,164984922415.72528,9285.05567656341,17768867.32431416
2019-06-20,169651581216.84033,9546.71977819988,17770667.32431416
2019-06-21,179207044545.61115,10083.4863136762,17772329.82431416
2019-06-22,189921423980.12433,10685.2952327878,17774092.32431416
2019-06-23,191885576856.1899,10794.4276963764,17776354.82431406
2019-06-24,195639033390.66055,11004.2069094681,17778567.32431406
2019-06-25,208497571410.05035,11726.2638308007,17780392.32431406
2019-06-26,228743908514.98795,12863.4606849795,17782454.82431406
2019-06-27,197579198121.0736,11109.7978418469,17784229.82431406
2019-06-28,219806390394.21692,12358.2079582116,17786267.32431406
2019-06-29,212471408601.20145,11944.3515473407,17788442.32431406
2019-06-30,192893862979.7983,10842.6167109877,17790342.32431396
2019-07-01,188054836533.4531,10569.5517282291,17792129.82431386
2019-07-02,191572815076.09036,10766.0833162186,17794104.82431386
2019-07-03,212701280671.49292,11952.0248935126,17796254.82431386
2019-07-04,198932256881.84424,11177.0103787551,17798342.32416642
2019-07-05,195779255924.42004,10998.3991004676,17800704.82404084
2019-07-06,199539253818.1824,11208.225600526,17802929.82404084
2019-07-07,203975542702.9202,11456.1836039158,17804842.32403538
2019-07-08,219376353956.16104,12319.6228758036,17807067.32403538
2019-07-09,224021230975.77808,12579.107616014,17808992.32395348
2019-07-10,215629126479.1789,12106.7829313267,17810604.82394802
2019-07-11,201183259641.46625,11294.678028346,17812217.32364226
2019-07-12,210445706655.5204,11813.3237158971,17814267.32362588
2019-07-13,202155589033.93988,11346.837148159,17816029.82349484
2019-07-14,183222223011.25137,10283.0757891292,17817842.32349484
2019-07-15,194704461534.61337,10926.3802741087,17819667.32349484
2019-07-16,168791758444.18518,9471.14086475745,17821692.32349474
2019-07-17,172438862979.07385,9674.88246113384,17823354.82335824
2019-07-18,190367634570.6064,10679.8906896552,17824867.32331456
2019-07-19,187750651266.9553,10532.2027291058,17826342.3232545
2019-07-20,193665325162.4292,10862.6485479252,17828554.8232544
2019-07-21,188818886061.12646,10589.7064907656,17830417.3232544
2019-07-22,184004626629.3892,10318.5609251899,17832392.3232544
2019-07-23,175963591454.6841,9866.64894038574,17834179.82314518
2019-07-24,174663348864.6462,9792.78753652835,17835917.32314518
2019-07-25,176543962471.5269,9897.18678603156,17837792.32303598
2019-07-26,175485365597.111,9836.69678813559,17839867.3230195
2019-07-27,168545324729.98972,9446.67205207481,17841767.32301948
2019-07-28,170049120676.19733,9529.78879193454,17843954.82301948
2019-07-29,169611741059.69104,9504.15891595558,17846054.82289936
2019-07-30,171144789262.24023,9589.10920601987,17847829.82289936
2019-07-31,179552893039.96872,10059.0040189947,17849967.32289936
2019-08-01,185663600899.71167,10400.3070143776,17851742.32289936
2019-08-02,187995636118.57104,10529.6944544126,17853854.82289936
2019-08-03,193031076581.09784,10810.4216686148,17856017.3227574
2019-08-04,196198228092.13153,10986.5089291058,17858104.8227574
2019-08-05,210568558007.91812,11790.0239375804,17859892.3227574
2019-08-06,204045416188.37363,11423.4970017534,17861904.82275739
2019-08-07,213781188501.16107,11967.2735473407,17863817.32275739
2019-08-08,213283632611.2499,11938.2346108708,17865592.32275739
2019-08-09,211878077389.7985,11858.3410984804,17867429.82262079
2019-08-10,201989948339.88333,11303.7305618936,17869317.32262079
2019-08-11,206058769073.2262,11530.195242256,17871229.82254971
2019-08-12,203477450140.01297,11384.6962465809,17872892.32254415
2019-08-13,194247026152.7128,10867.05475827,17874854.82254405
2019-08-14,179203376208.94943,10024.3795917008,17876754.82254405
2019-08-15,184331110834.93024,10310.0858696669,17878717.32254405
2019-08-16,185480750975.00888,10373.3219028054,17880554.82254405
2019-08-17,182525936050.27747,10207.1555616598,17882154.82243485
2019-08-18,184762356323.27872,10331.3099760374,17883729.82243485
2019-08-19,194679955535.78104,10884.6297744009,17885767.32243485
2019-08-20,192675218123.96375,10771.3923793688,17887679.82243485
2019-08-21,180626030877.0156,10096.8302238457,17889379.82243485
2019-08-22,181053252826.25583,10119.7145248393,17891142.32242939
2019-08-23,186340852608.8203,10414.1441725891,17893054.82242939
2019-08-24,181582680924.55023,10147.0871548802,17895054.82242939
2019-08-25,180766007715.36856,10100.3567783752,17896992.32232939
2019-08-26,185477896690.726,10362.6434723553,17898704.82232939
2019-08-27,182015155352.9793,10168.221571654,17900392.32232939
2019-08-28,174096090423.8244,9724.79997808299,17902279.82232939
2019-08-29,169774555309.59164,9482.31173495032,17904342.32232939
2019-08-30,171501195666.0512,9577.67882349503,17906342.32224839
2019-08-31,172010786445.15015,9605.02446142607,17908417.32219925
2019-09-01,174856193400.15393,9762.93655689655,17910204.82219925
2019-09-02,185879583769.6674,10377.3383845704,17912067.32219925
2019-09-03,190226097714.498,10618.7815058445,17914117.32219925
2019-09-04,189499919032.4481,10577.2410839275,17915817.32219379
2019-09-05,189574477943.65216,10580.1846995909,17917879.82217195
2019-09-06,185127327372.95367,10330.8497312098,17919854.82217195
2019-09-07,188079718442.25552,10494.5069649328,17921729.82215557
2019-09-08,186539229374.468,10407.2656573933,17923942.32215557
2019-09-09,185217353459.46936,10332.4644424313,17925767.32215557
2019-09-10,180821372958.31525,10085.9519243133,17928042.32215557
2019-09-11,181852186603.98663,10142.1480603741,17930342.32210557
2019-09-12,186556352212.0695,10403.3599707773,17932317.32210557
2019-09-13,185535294724.80197,10345.3387469316,17934192.32210557
2019-09-14,185880236553.63385,10363.4528963179,17936129.82210557
2019-09-15,184871734710.72015,10306.1696674459,17937967.32210557
2019-09-16,184025389806.38568,10257.822761543,17940004.82210557
2019-09-17,182928175635.3786,10195.6111811806,17941854.82210557
2019-09-18,182335008771.54584,10161.3188664524,17944029.82210557
2019-09-19,184275340089.0727,10268.3926291642,17945879.82209557
2019-09-20,182531039220.8065,10170.1251161309,17947767.32208465
2019-09-21,179254415005.12704,9986.4061081239,17949842.32208465
2019-09-22,180363155234.7097,10047.0134748685,17951917.32208465
2019-09-23,174017098072.72244,9692.74104792519,17953342.32208465
2019-09-24,154661092904.12317,8613.67124850965,17955304.82207373
2019-09-25,151274745517.82642,8424.15764640561,17957254.82207373
2019-09-26,145321930429.69052,8091.69529924021,17959392.32206827
2019-09-27,147043095582.4701,8186.77963927528,17961042.32206827
2019-09-28,147332393618.44443,8201.97901344243,17963029.82206827
2019-09-29,144876708488.21005,8064.50806236119,17964729.82206827
2019-09-30,148803916514.7677,8282.3654541204,17966354.82206827
2019-10-01,149397042721.8758,8314.55139012273,17968142.32206827
2019-10-02,150274613052.58777,8362.53073232028,17969992.32203627
2019-10-03,148345592160.90897,8254.33991028638,17971829.82203627
2019-10-04,146767326338.79993,8165.68615125658,17973667.32203081
2019-10-05,146351095556.08783,8141.63371379311,17975642.32202535
2019-10-06,141206285787.88336,7854.60981297487,17977504.82202535
2019-10-07,147899313786.38907,8226.02342928112,17979442.32202535
2019-10-08,147270287407.1788,8190.1151207481,17981467.32200351
2019-10-09,154625456579.23492,8598.3319207481,17983192.32200351
2019-10-10,154278819679.684,8578.09037931034,17985217.32200351
2019-10-11,149110991493.22113,8289.85402893045,17987167.32198713
2019-10-12,149734524822.10382,8323.7501440678,17988829.82195437
2019-10-13,149164613949.68323,8291.25065143191,17990604.82195437
2019-10-14,150170300737.75723,8346.36843658679,17992292.32194891
2019-10-15,146845534512.75482,8160.71262752776,17994204.82194345
2019-10-16,144037329738.8034,8003.85592314436,17995992.32193794
2019-10-17,145287592860.18317,8072.48938229106,17997867.32193248
2019-10-18,143266919855.44705,7959.33199357101,17999867.32192702
2019-10-19,143085646028.75168,7948.47733722969,18001642.32192701
2019-10-20,147875242280.4089,8213.70903927528,18003467.321927
2019-10-21,147854575170.57556,8211.65455873758,18005454.82192154
2019-10-22,144586456293.4322,8029.20537288136,18007567.32188878
2019-10-23,134316744655.84584,7458.03585680889,18009667.32188878
2019-10-24,134263137184.01082,7454.37113816482,18011329.82185602
2019-10-25,155932804286.95422,8656.65517755699,18013054.82182326
2019-10-26,166630581069.47726,9249.64676095851,18014804.82182326
2019-10-27,172202055438.67203,9558.15604400935,18016242.32182326
2019-10-28,167912181263.83615,9319.17814167154,18017917.32180779
2019-10-29,169946389584.88412,9431.20712390415,18019579.82177503
2019-10-30,165486571120.74417,9182.85506516657,18021254.82176957
2019-10-31,165004691372.6371,9155.27729877265,18022904.82176411
2019-11-01,166751798016.3744,9251.38129345412,18024529.82176411
2019-11-02,167647144918.66403,9300.19083752192,18026204.82176411
2019-11-03,166030720096.80835,9209.63869608416,18027929.82176411
2019-11-04,169809075765.17932,9418.36013062537,18029579.82175865
2019-11-05,168246968452.96805,9330.78722296902,18031379.82171589
2019-11-06,168697792662.7137,9354.93338229106,18033029.82168313
2019-11-07,166113240511.8508,9210.74822238457,18034717.32167767
2019-11-08,158563288531.54916,8791.33393495032,18036317.32167221
2019-11-09,158929965624.4699,8810.78456195208,18038117.32167221
2019-11-10,163135487790.4442,9042.89072320281,18040192.32167221
2019-11-11,157204392968.14203,8713.20792957335,18042079.82166675
2019-11-12,158585915731.34253,8788.95814295734,18043767.32166129
2019-11-13,158199619871.92133,8766.72943050848,18045454.82165583
2019-11-14,156029084690.90356,8645.43580362361,18047567.32165037
2019-11-15,152805221239.1656,8465.87788854471,18049542.32164491
2019-11-16,153034112554.8939,8477.69024284044,18051392.32164491
2019-11-17,153546374435.2849,8505.16122326125,18053317.32164491
2019-11-18,147754246709.6443,8183.53341350088,18055067.32163945
2019-11-19,146564658339.2131,8116.82067258913,18056904.82163399
2019-11-20,145851914668.3435,8076.55466008182,18058679.82163399
2019-11-21,137480717894.71863,7612.2774880187,18060392.32162853
2019-11-22,131446951419.7561,7277.52427323203,18062042.32162307
2019-11-23,132317341014.17212,7324.83617855056,18064204.82162307
2019-11-24,125438020111.1906,6943.38065604909,18065842.32162307
2019-11-25,128984010381.1333,7139.04468597312,18067404.82162307
2019-11-26,129471791489.54346,7165.43773027469,18068929.82162307
2019-11-27,136015452003.775,7526.86381654004,18070667.32161215
2019-11-28,134394712380.75812,7436.3363817066,18072704.82160669
2019-11-29,140035753824.32825,7747.73804208066,18074404.82160669
2019-11-30,136585605232.84554,7556.19372121567,18075979.82160668
2019-12-01,134095575599.21852,7417.72720601987,18077717.32160668
2019-12-02,132311649481.68288,7318.31252180012,18079529.82160122
2019-12-03,132111542796.43443,7306.44623331385,18081504.82160122
2019-12-04,130473486507.8814,7215.02034482759,18083592.32159576
2019-12-05,133905907021.29042,7404.0867949737,18085404.8215903
2019-12-06,136272863879.84612,7534.2083559322,18087217.32158484
2019-12-07,135886841741.42656,7512.06140263004,18089154.82158484
2019-12-08,136206094715.73811,7528.94026943308,18091004.82158484
2019-12-09,132805669774.6542,7340.22745908825,18092854.82157938
2019-12-10,130862566069.28896,7232.09178375219,18094704.82154116
2019-12-11,130302159494.60497,7200.46444599649,18096354.8215357
2019-12-12,130176306232.1156,7192.84902425482,18098017.32153024
2019-12-13,131132158335.25366,7244.90372004676,18099917.32152478
2019-12-14,127999800420.60497,7071.10709029807,18101804.82151478
2019-12-15,128738145823.27988,7111.28666995909,18103354.82144478
2019-12-16,124607959806.08746,6882.39579532437,18105317.32143932
2019-12-17,119669002105.71834,6608.96197983635,18107079.82143386
2019-12-18,131915496849.08092,7284.6254836353,18108754.8214284
2019-12-19,129422222016.77724,7146.16763763881,18110717.32142294
2019-12-20,130125371827.7286,7184.21917206312,18112667.32141748
2019-12-21,129345551109.71738,7140.29801127995,18114867.32141748
2019-12-22,135504182500.0066,7479.40240789012,18116979.82141748
2019-12-23,132661061513.20563,7321.7487238457,18118767.32141202
2019-12-24,131111985464.01056,7235.62908381064,18120329.82140656
2019-12-25,130317953564.1928,7191.17416569258,18121929.82140656
2019-12-26,130395775601.22533,7194.63975832846,18124017.32140656
2019-12-27,131179357399.31564,7237.15044728229,18125829.8214011
2019-12-28,132452581795.07286,7306.64330829924,18127692.3214011
2019-12-29,134006582388.63812,7391.578521391,18129629.8214011
2019-12-30,131081294265.51051,7229.3971006429,18131704.82139564
2019-12-31,129970082372.677,7167.39505464641,18133517.32139018
2020-01-01,130044373322.33379,7170.63186879018,18135692.32139018
2020-01-02,125997729470.88753,6946.82526914085,18137454.82135472
2020-01-03,132696546617.9412,7315.3093603156,18139567.32134926
2020-01-04,133217241900.65343,7343.16419438925,18141667.32134926
2020-01-05,133275140628.50085,7345.53069181765,18143704.82134926
2020-01-06,140913446583.57416,7765.7977346581,18145392.3213438
2020-01-07,147650387097.9029,8136.08684190532,18147592.32133834
2020-01-08,146278447249.1157,8059.69952887201,18149367.32133834
2020-01-09,141891415486.24527,7817.13609322034,18151329.82132742
2020-01-10,147582148237.8166,8129.81791992987,18153192.32132196
2020-01-11,145822905688.42953,8032.00549503215,18155229.82132196
2020-01-12,148244692101.63885,8164.54999316189,18157117.32132196
2020-01-13,147485275164.18643,8121.92566762127,18158904.82132196
2020-01-14,160362182649.78302,8830.16787346581,18160717.3213165
2020-01-15,160038851605.64972,8811.44820251315,18162604.82130558
2020-01-16,158371394895.9236,8718.68699801286,18164592.32130012
2020-01-17,161910403912.36755,8912.54190414962,18166579.82129466
2020-01-18,162209239871.51685,8928.1807565751,18168229.82129466
2020-01-19,157850148001.62515,8687.35483664524,18170104.82129466
2020-01-20,156938136300.68027,8636.2587862069,18172004.8212692
2020-01-21,158674065182.0027,8730.86756019871,18173917.3212692
2020-01-22,157183091622.76913,8647.90047399182,18175867.32126374
2020-01-23,152082924891.57297,8366.38461396844,18177854.82126374
2020-01-24,153135182382.82776,8423.39095815313,18179754.82125828
2020-01-25,151723062490.33075,8344.77456896552,18181804.82125828
2020-01-26,155903844151.0003,8573.87480958504,18183592.32125828
2020-01-27,161883952905.72916,8901.95928486265,18185204.82125828
2020-01-28,169091413723.46133,9297.3883176505,18186979.82125282
2020-01-29,169374825966.0464,9311.94754354179,18188979.82125282
2020-01-30,172976113948.88013,9508.92096493279,18190929.82124736
2020-01-31,170234553906.81723,9357.28478240795,18192729.82124736
2020-02-01,170699826042.5783,9381.88602863822,18194617.3212419
2020-02-02,169943267782.81882,9339.38706312098,18196404.8212419
2020-02-03,168876392941.6707,9279.81252051432,18198254.8212419
2020-02-04,166740743006.20743,9161.62719772063,18199904.8212409
2020-02-05,175250308848.13208,9628.13677586207,18201892.3212109
2020-02-06,177289768826.43756,9739.2804364699,18203579.8212109
2020-02-07,178417196310.33414,9800.27939982466,18205317.32121089
2020-02-08,180455462436.1386,9911.29340841613,18207054.82121089
2020-02-09,184840742312.64767,10151.0832026885,18208967.32121089
2020-02-10,179780570081.514,9872.36187305669,18210492.32121089
2020-02-11,187081233587.23752,10272.2225558738,18212342.32121089
2020-02-12,188700718413.703,10360.1352229106,18214117.32121089
2020-02-13,186448589139.1426,10235.4973226184,18215879.82121089
2020-02-14,188763431392.39105,10361.6156901812,18217567.32121089
2020-02-15,180585098507.11847,9911.72432700175,18219342.32121089
2020-02-16,181337408895.616,9952.04661157218,18221117.32121089
2020-02-17,176455532970.7746,9683.0796277031,18223079.82121089
2020-02-18,185808950969.89783,10195.3037904734,18224954.82121089
2020-02-19,175632690004.13687,9636.00229865576,18226717.32121089
2020-02-20,175247351456.81827,9614.03012244302,18228292.32121089
2020-02-21,176865876880.39227,9701.79750268849,18230217.32121089
2020-02-22,176399792167.0473,9675.24905756868,18232067.32120809
2020-02-23,181843236236.80328,9972.84242308591,18233842.32120809
2020-02-24,175937259068.28143,9648.00788310929,18235604.82120809
2020-02-25,170415547339.4431,9344.28714009351,18237404.82120263
2020-02-26,160483857843.0548,8798.88894856809,18239104.82120263
2020-02-27,160137770415.14587,8779.02948188194,18240942.32120263
2020-02-28,159636352746.77155,8750.59344599649,18242917.32120263
2020-02-29,156577275161.4932,8582.09029964933,18244654.8212026
2020-03-01,155860614930.0949,8541.77389392169,18246867.32120187
2020-03-02,162527106819.9153,8906.21475645821,18248729.82116911
2020-03-03,160036426101.82803,8768.81061420222,18250642.32116365
2020-03-04,159827648015.21225,8756.36957218001,18252729.82115819
2020-03-05,165435942800.14697,9062.61580274693,18254767.32115273
2020-03-06,166995631895.5666,9147.08505897136,18256704.82114727
2020-03-07,162471226444.75668,8898.30695675044,18258667.32114727
2020-03-08,148086770498.23337,8109.61454114553,18260642.32114727
2020-03-09,144207873678.32483,7896.38531987142,18262517.32111181
2020-03-10,144468246215.19913,7909.92787545295,18264167.32111181
2020-03-11,145017268327.98505,7939.34133477499,18265654.82111181
2020-03-12,90594467680.79959,4959.31341437756,18267542.32111181
2020-03-13,102812902144.09328,5627.69238836938,18269104.82111181
2020-03-14,94005928118.49551,5145.17250642899,18270704.82107905
2020-03-15,97913564614.60318,5358.61066335476,18272192.32107905
2020-03-16,91604630050.69981,5012.92738778492,18273679.82107905
2020-03-17,98992369512.90936,5416.7547106955,18275217.32107359
2020-03-18,98555627712.75357,5392.48783594389,18276467.32104359
2020-03-19,113387305928.47572,6203.5516320865,18277804.82103267
2020-03-20,112858311337.38544,6174.14947603741,18279167.32100537
2020-03-21,112898621139.26904,6175.83102220924,18280717.32099991
2020-03-22,106596093106.52202,5830.56097960257,18282304.82099991
2020-03-23,118595581239.08948,6486.40865733489,18283704.82099991
2020-03-24,123884332494.96886,6775.05761893629,18285354.82099991
2020-03-25,122336150605.96745,6689.96901285798,18286504.82099991
2020-03-26,123528980419.07896,6754.46033606078,18288504.82096715
2020-03-27,118719519155.59431,6490.79541502046,18290442.32096169
2020-03-28,113993258453.11453,6231.81989023963,18292129.82096169
2020-03-29,108023566970.573,5904.85758679135,18294017.32096169
2020-03-30,117768692186.59364,6436.90570017534,18295854.82095623
2020-03-31,117698734312.41174,6432.3832421391,18297842.32092347
2020-04-01,121567284407.78577,6643.11000870836,18299754.82092347
2020-04-02,124318508345.339,6792.74222209234,18301667.32089617
2020-04-03,123582214925.00829,6751.90255178258,18303317.32089071
2020-04-04,125574021300.844,6859.98916867329,18305279.82089071
2020-04-05,124322577425.2926,6790.81247264758,18307467.32089071
2020-04-06,133622754419.986,7298.17374517826,18309067.32088525
2020-04-07,131613224221.5547,7187.59333664524,18311167.32085239
2020-04-08,135006761796.008,7372.19476399766,18312967.32084693
2020-04-09,133691006813.91692,7299.57918790181,18314892.32084693
2020-04-10,125650890516.87971,6859.82267475161,18316929.82084693
2020-04-11,126092446156.63509,6883.18222895967,18318917.32084693
2020-04-12,127854957413.5737,6978.66628661601,18320829.82084693
2020-04-13,125761070198.93243,6863.57553319696,18322967.32084693
2020-04-14,125994705942.76488,6875.53850344828,18325067.32084693
2020-04-15,121426285928.7838,6625.47577510228,18327179.82081963
2020-04-16,130646051882.06584,7127.79228223261,18329104.82081895
2020-04-17,129806876584.3978,7081.39519842197,18330692.32081895
2020-04-18,133146355855.414,7262.79234360023,18332667.32081895
2020-04-19,131096633928.62564,7150.2442154588,18334567.32081895
2020-04-20,125665595004.13223,6853.27341478667,18336579.82081895
2020-04-21,125992868717.38625,6870.42369865576,18338442.32081895
2020-04-22,130648436527.64308,7123.65691992987,18340079.82081895
2020-04-23,137354908752.06412,7488.60516528346,18341854.82081895
2020-04-24,137695605129.5817,7506.44331648159,18343654.82081895
2020-04-25,138282481992.70456,7537.73820911748,18345354.82081895
2020-04-26,140980122465.1078,7684.06852168322,18347067.32081895
2020-04-27,142707868307.3903,7777.49151858562,18348829.82081895
2020-04-28,142583524348.09668,7769.89969842197,18350754.82081895
2020-04-29,160802206508.21957,8761.83716954997,18352567.32081895
2020-04-30,158808556147.54883,8652.4109912332,18354254.82081895
2020-05-01,162552358585.9274,8855.53525827002,18356017.32081895
2020-05-02,164803746448.9257,8977.28170537697,18357867.32081895
2020-05-03,163344877181.00287,8896.7956383986,18359967.32081895
2020-05-04,163089932635.14145,8881.95430450029,18361942.32079165
2020-05-05,165015950017.1822,8985.8795993571,18363917.32079165
2020-05-06,170192827716.01007,9266.8130730567,18365842.32079165
2020-05-07,183562058560.50375,9993.75317685564,18367679.82079165
2020-05-08,181109783310.85468,9859.32360461718,18369392.32079165
2020-05-09,175946177530.54236,9577.33892238457,18371092.32078165
2020-05-10,160123200654.1847,8715.03329322034,18373217.32078165
2020-05-11,157871609470.3379,8591.65288433665,18374998.57078164
2020-05-12,162025014405.08948,8817.25068112215,18375911.07078164
2020-05-13,171325501477.10483,9322.99720204559,18376654.82078164
2020-05-14,180121529585.91864,9801.26948772647,18377367.32078164
2020-05-15,171410710236.33826,9326.87585891292,18378148.57078164
2020-05-16,172678841534.62964,9395.4753893045,18378936.07078164
2020-05-17,177960818089.3417,9682.5324811806,18379573.57078164
2020-05-18,178783137073.02304,9726.85002209235,18380373.57078164
2020-05-19,179292877588.7186,9754.20146201052,18381092.32078164
2020-05-20,174915846484.68948,9515.702550263,18381811.07078164
2020-05-21,166708415917.14926,9068.80122933957,18382629.82077618
2020-05-22,168424610263.70425,9161.81503389831,18383323.57077071
2020-05-23,168833062758.505,9183.66212507305,18384067.32076525
2020-05-24,161900721760.6346,8806.23065715956,18384792.32076525
2020-05-25,163800615663.85913,8909.19258153127,18385573.57076525
2020-05-26,162445913210.84167,8835.13725336061,18386348.57076525
2020-05-27,168593394454.69797,9169.05743921683,18387211.07074865
2020-05-28,175941484285.8252,9568.26185300994,18388029.82074308
2020-05-29,173450984634.78247,9432.41333343074,18388823.57074308
2020-05-30,178228052044.65002,9691.68049117475,18389798.57073751
2020-05-31,173497171389.7032,9433.94384663939,18390736.07073751
2020-06-01,187578142707.6148,10199.1350542373,18391573.57071021
2020-06-02,174954690421.54977,9512.34653302163,18392379.82071021
2020-06-03,177352731439.34332,9642.27340035067,18393248.57070464
2020-06-04,180508843644.39648,9813.36067913501,18394192.32069918
2020-06-05,177365595706.9578,9641.8916225599,18395311.07069918
2020-06-06,177870046318.47617,9668.67053857393,18396536.07068826
2020-06-07,179331395772.25357,9747.58011104617,18397529.82066096
2020-06-08,179741658882.79865,9769.34236148451,18398542.32066096
2020-06-09,179936892008.73267,9779.42216566335,18399542.32066096
2020-06-10,181952982732.76923,9888.44417469316,18400567.32063366
2020-06-11,170721091857.55527,9277.45116931619,18401723.57060636
2020-06-12,174019304039.34656,9456.16153331385,18402742.32057906
2020-06-13,174123830972.77356,9461.33379865576,18403729.82057906
2020-06-14,171955158128.0987,9342.955635301,18404792.32057906
2020-06-15,173774840415.629,9441.38321127995,18405654.82057906
2020-06-16,175232451346.34097,9520.09194827586,18406592.32057906
2020-06-17,173926399830.38492,9448.69356060783,18407454.82057906
2020-06-18,172853049353.45227,9389.99076639392,18408223.57057906
2020-06-19,170946908488.14093,9285.99158293396,18409117.32057906
2020-06-20,172267506962.98328,9357.29246446522,18409973.57057906
2020-06-21,170940831096.1998,9284.76937182934,18410886.07056268
2020-06-22,178311094487.316,9684.62018474576,18411779.82056268
2020-06-23,176978474354.71844,9611.72599824664,18412767.32056268
2020-06-24,171116880435.0637,9292.94354354179,18413636.07056268
2020-06-25,170281277784.0368,9247.12143249561,18414517.32056268
2020-06-26,168676013923.73868,9159.43777206312,18415542.32053538
2020-06-27,165787526267.54556,9002.16561718293,18416404.82053538
2020-06-28,167746363406.58917,9108.06567457627,18417342.32053538
2020-06-29,169157750925.37515,9184.24736627703,18418248.57053537
2020-06-30,168424268927.21072,9143.96758530099,18419167.32053537
2020-07-01,170227137442.6157,9241.33961239041,18420179.82050807
2020-07-02,167529570926.75983,9094.38728679135,18421204.82048077
2020-07-03,167028603057.3506,9066.69069661017,18422223.57048077
2020-07-04,168134212097.31125,9126.21955493863,18423204.82048077
2020-07-05,167284838602.93985,9079.61401808884,18424223.57048075
2020-07-06,172071754943.9324,9338.94259117475,18425186.07048075
2020-07-07,170482056186.43045,9252.15873261251,18426192.32044799
2020-07-08,173852067499.54385,9434.56795645821,18427136.07044799
2020-07-09,170119612182.24487,9231.50234751607,18428161.07044799
2020-07-10,171118891700.69153,9285.22101542957,18429167.32044799
2020-07-11,170242376319.11676,9237.17100818235,18430142.32044799
2020-07-12,171208222386.19006,9289.09797691408,18431092.32044799
2020-07-13,170249528195.09436,9236.62250116891,18432011.07044799
2020-07-14,170695336818.95126,9260.3569868498,18432911.07042069
2020-07-15,169530356543.2783,9196.72555897136,18433773.57040977
2020-07-16,168355901495.54816,9132.59231209818,18434623.57040977
2020-07-17,168802806794.04153,9156.46870976037,18435361.07037701
2020-07-18,169168582934.48605,9175.90530859147,18436173.57037155
2020-07-19,169967724887.16434,9218.84231081239,18436992.32037155
2020-07-20,169023500679.14856,9167.19056750439,18437873.57037155
2020-07-21,173112681691.1186,9388.57434979544,18438654.82035517
2020-07-22,175752143889.948,9531.2574301578,18439554.82031695
2020-07-23,177196924217.30652,9609.16671537113,18440404.82031149
2020-07-24,176080450187.27267,9548.1007270602,18441411.04295689
2020-07-25,178935530196.2443,9702.45279047341,18442298.46415089
2020-07-26,183213878780.3678,9933.90655423729,18443285.90973289
2020-07-27,203744198144.59204,11046.5083295149,18444217.12879289
2020-07-28,201874736728.9706,10944.6129789012,18445123.37879289
2020-07-29,205042054834.9217,11115.7712819988,18446048.37875467
2020-07-30,205413351537.4421,11135.3907261835,18446892.12875467
2020-07-31,209165345431.38367,11338.1973407949,18447848.37875467
2020-08-01,217650107985.90485,11797.5821265342,18448704.62875467
2020-08-02,204680087352.3437,11094.0206841321,18449585.87873375
2020-08-03,207312688746.43088,11236.0956805377,18450598.37871637
2020-08-04,206705783553.83923,11202.651909059,18451504.62871091
2020-08-05,216287626623.5641,11721.4384715956,18452310.87871091
2020-08-06,217182425567.12643,11769.3091081239,18453285.87871091
2020-08-07,214050110955.4352,11598.9690585038,18454235.87870545
2020-08-08,216718673196.2909,11743.0086350088,18455123.37870545
2020-08-09,215576777624.0283,11680.5173661601,18456098.37870545
2020-08-10,219090872112.69235,11870.3695447107,18456954.62870545
2020-08-11,210284480461.0364,11392.6440884278,18457917.12870545
2020-08-12,213671208433.45825,11575.5124736996,18458898.37870545
2020-08-13,217335699187.2392,11773.4481155465,18459817.12870112
2020-08-14,217365712666.77783,11774.4082518995,18460860.87865277
2020-08-15,219084951477.17447,11866.9103613092,18461835.87865277
2020-08-16,219700556192.07544,11899.6427535944,18462785.87865277
2020-08-17,227392906120.48355,12315.7624166569,18463567.12865277
2020-08-18,221438441189.4593,11992.6959962595,18464442.12865277
2020-08-19,216724493356.56393,11736.8490645237,18465304.62862001
2020-08-20,219148207449.6477,11867.5203439509,18466217.12861455
2020-08-21,212828757688.5696,11524.6989491525,18467185.87857087
2020-08-22,215748935172.86252,11682.2891503799,18468035.87855438
2020-08-23,215452337487.74313,11665.6092735243,18469017.12855438
2020-08-24,217417299095.42203,11771.4080537405,18469948.37854892
2020-08-25,209799151719.14304,11358.4543202805,18470748.37854892
2020-08-26,211907514133.8888,11472.0491204559,18471635.87854892
2020-08-27,209009655884.56287,11314.6737410286,18472442.12854892
2020-08-28,212959896208.12207,11527.8830322326,18473460.87852162
2020-08-29,212284634016.18933,11490.7623477499,18474373.37852162
2020-08-30,216140533746.53052,11698.9758329632,18475167.12852162
2020-08-31,215770383728.23532,11678.3482268849,18476104.62852162
2020-09-01,221177235000.2752,11970.364856166,18477067.12852162
2020-09-02,210917142600.07452,11414.5209336645,18477967.12852162
2020-09-03,189619829718.60855,10261.4944095266,18478773.37852162
2020-09-04,193517929900.99304,10471.9664133255,18479617.12852162
2020-09-05,187182381369.08316,10128.64358609,18480498.37849432
2020-09-06,189495704608.09775,10253.2998980129,18481435.87849432
2020-09-07,191624618868.97644,10367.8783543542,18482529.62849432
2020-09-08,186842946951.56564,10108.6354501461,18483498.37849432
2020-09-09,188968383425.97815,10223.1114091175,18484429.6284834
2020-09-10,191039959916.77655,10334.6307302162,18485417.12847248
2020-09-11,192017369942.6865,10387.0207419638,18486279.62847248
2020-09-12,192951979972.30692,10436.9778322618,18487342.12847248
2020-09-13,190846477252.03787,10322.5236148451,18488354.62847248
2020-09-14,197147876035.17255,10662.719912332,18489454.62847248
2020-09-15,199315386280.44415,10779.3810249562,18490429.62847248
2020-09-16,202819584769.55252,10968.3205465809,18491398.37846702
2020-09-17,202239512659.74203,10936.2927505552,18492510.87846702
2020-09-18,201951566927.1664,10920.1128439509,18493542.12846213
2020-09-19,204803721045.65717,11073.7795478083,18494473.37844029
2020-09-20,201991869981.6736,10921.2180998247,18495360.87782331
2020-09-21,193385500705.58487,10455.3799623027,18496267.12781785
2020-09-22,194586236941.46973,10519.8391641146,18497073.37781785
2020-09-23,189295175073.38928,10233.2995687317,18497960.87781785
2020-09-24,198659587209.1956,10739.0427094097,18498817.12781785
2020-09-25,197645812953.4677,10683.6305806546,18499873.37744111
2020-09-26,198736273241.69925,10742.0304202221,18500810.87720381
2020-09-27,199057194328.15533,10758.8242899474,18501760.87680381
2020-09-28,198483977030.04517,10727.3750541204,18502567.12650381
2020-09-29,200598525114.73715,10841.1427444769,18503448.37650381
2020-09-30,199336157853.55048,10772.351766803,18504423.37650371
2020-10-01,196277557842.57623,10606.6173325541,18505198.37650371
2020-10-02,195610887017.89536,10570.1056777908,18506048.37649825
2020-10-03,195354357355.87143,10555.7054339567,18506992.12649825
2020-10-04,197399052168.17535,10665.618622443,18507979.62649825
2020-10-05,199389146257.06775,10772.6355995909,18508854.62649825
2020-10-06,196135347147.1712,10596.3735493863,18509667.12649825
2020-10-07,197456284574.17596,10667.1943941555,18510610.87649825
2020-10-08,201823517432.12747,10902.5293637054,18511623.37649825
2020-10-09,205009453844.92087,11074.1036797779,18512509.88549825
2020-10-10,209254297811.47684,11302.8542864407,18513403.11999825
2020-10-11,210660289442.9037,11378.2625284629,18514275.70034825
2020-10-12,213821025341.36935,11548.401556692,18515205.2681668
2020-10-13,211732652073.08148,11434.9687849211,18516242.24390416
2020-10-14,211412571561.06912,11417.10811391,18517173.47788756
2020-10-15,213006147807.5566,11502.5812390415,18518117.22786026
2020-10-16,209987678424.63257,11338.9871765634,18519085.97786026
2020-10-17,210439860963.4369,11362.8022174167,18520067.22786026
2020-10-18,212797199544.3845,11489.6225650497,18520817.22786026
2020-10-19,217551213059.644,11745.8119675628,18521598.47786026
2020-10-20,220963353768.35657,11929.4572507306,18522498.47786026
2020-10-21,237996587309.02545,12848.4906177674,18523310.97786026
2020-10-22,240767851351.292,12997.4993417884,18524167.22786026
2020-10-23,239962077749.97925,12953.4296969608,18524983.98986026
2020-10-24,242946632969.98505,13113.8669231444,18525933.98986026
2020-10-25,241618117679.51007,13041.6410374635,18526665.23986026
2020-10-26,242349930927.49588,13080.6561698422,18527352.73986026
2020-10-27,253379717438.13687,13675.5239275278,18527971.48986026
2020-10-28,246251140475.4076,13290.3288497954,18528596.48986026
2020-10-29,249685959749.5563,13475.2173007013,18529271.48986026
2020-10-30,252068603711.57968,13603.2960908825,18529965.23986026
2020-10-31,255857310085.0028,13807.2336110462,18530671.4793548
2020-11-01,254564701609.4508,13736.89941128,18531452.69451533
2020-11-02,251953637578.66876,13595.5647603741,18532046.44451533
2020-11-03,259403733547.6545,13996.915398597312,18532921.44450987
2020-11-04,261868434425.51367,14129.148195499703,18533915.19447165
2020-11-05,289263271222.87427,15606.46683372297,18534833.94446619
2020-11-06,289509996782.30493,15618.972471361778,18535790.19446619
2020-11-07,275573226966.525,14866.356304500296,18536702.69446619
2020-11-08,287332273623.7841,15500.000707188785,18537565.19446619
2020-11-09,284009875050.116,15319.819972530682,18538721.44446619
2020-11-10,284013859076.82196,15319.27567621274,18539640.19446619
2020-11-11,291666002991.43646,15731.241105786092,18540558.94446619
2020-11-12,302038563120.44165,16289.814897720637,18541558.94446073
2020-11-13,302799008120.85767,16330.06276797195,18542427.69444435
2020-11-14,298584647008.3884,16102.010016949156,18543315.19444435
2020-11-15,296462424309.67584,15986.7549905903,18544252.69444435
2020-11-16,310504166190.32697,16743.05393980129,18545252.69444435
2020-11-17,327937646387.3307,17682.16918702513,18546233.94441705
2020-11-18,330228752696.0765,17804.690023962594,18547290.19441705
2020-11-19,330503275790.76807,17818.668662185857,18548146.44441705
2020-11-20,346198155989.3956,18663.78185312683,18549196.44441705
2020-11-21,347011959222.6888,18706.58933541788,18550252.69441705
2020-11-22,342878718720.17664,18482.692631735823,18551340.19441705
2020-11-23,340865435612.13654,18373.2577597896,18552258.94441705
2020-11-24,355296694015.8317,19150.251048509646,18553108.94441159
2020-11-25,347859153595.5024,18748.393713033314,18554077.69432969
2020-11-26,317545276569.07196,17113.716871420223,18555015.19365265
2020-11-27,317336964123.96155,17101.603018059614,18555977.69336873
2020-11-28,329299905495.87573,17745.377312448858,18556940.19336873
2020-11-29,337583882703.102,18190.866880420806,18557877.69336327
2020-11-30,364943559264.7621,19664.407606662764,18558583.94336327
2020-12-01,349301709105.5421,18820.60778959673,18559533.94335235
2020-12-02,356634805528.82007,19214.872229047334,18560352.69335235
2020-12-03,361394948313.3676,19470.31120806546,18561333.94332505
2020-12-04,347725717595.1268,18732.967090999413,18562233.94329229
2020-12-05,354827495085.072,19114.633130917588,18563133.94323769
2020-12-06,359330296296.33527,19356.3136767972,18563983.94323769
2020-12-07,356115606012.0854,19182.176832846293,18564921.44323769
2020-12-08,340515325198.1123,18340.97813769725,18565821.44319947
2020-12-09,344870639715.8821,18574.69673524255,18566690.19319947
2020-12-10,339689620040.4412,18294.84695149036,18567502.69303395
2020-12-11,335377356184.366,18061.760025716,18568365.19291929
2020-12-12,349347444447.4736,18813.2837685564,18569190.19269543
2020-12-13,355731616571.54486,19156.0825055523,18570165.19261899
2020-12-14,358175636273.79315,19286.7512992402,18571071.44259715
2020-12-15,360900992195.48114,19432.5884640561,18571946.44259715
2020-12-16,396914973278.86566,21370.7203186441,18572840.19259715
2020-12-17,423279795671.93005,22789.2674160725,18573646.44259715
2020-12-18,428122220496.30286,23048.7645610754,18574627.69259715
2020-12-19,443154244629.2185,23856.7735192285,18575615.19255893
2020-12-20,437079507304.86615,23528.5506135593,18576558.94252071
2020-12-21,426117800653.27625,22937.4183435418,18577408.94250433
2020-12-22,441362670574.13776,23756.8887685564,18578302.69249341
2020-12-23,433031966997.9192,23307.2709018118,18579265.19248795
2020-12-24,440489071172.9482,23707.6330440678,18580052.69248795
2020-12-25,458376575230.92346,24669.1643220339,18580952.69248795
2020-12-26,492010402696.75085,26478.0681052016,18581808.94247703
2020-12-27,491157576017.431,26430.8565971946,18582733.94247703
2020-12-28,502492068165.2396,27039.3490199883,18583733.94247703
2020-12-29,506083309589.8401,27231.2034552893,18584683.94247703
2020-12-30,536099036611.89905,28844.6136781999,18585758.94247703
2020-12-31,539438485763.34326,29022.6714126242,18586796.44247703
2021-01-01,546120334521.1261,29380.6937327878,18587727.69247703
2021-01-02,595259096891.809,32022.6810578609,18588671.44247703
2021-01-03,618623608665.4474,33277.8353050848,18589658.94247703
2021-01-04,591225447115.9056,31802.1467136178,18590740.19247703
2021-01-05,632363459585.743,34013.1741724138,18591721.44241151
2021-01-06,681302148777.4781,36643.2777223846,18592827.69241151
2021-01-07,729171021092.3743,39215.6511490356,18593877.69238421
2021-01-08,758210602558.811,40775.4045634132,18594802.69238421
2021-01-09,750719944876.221,40370.6823495032,18595671.44238421
2021-01-10,712797906122.6932,38329.3401665693,18596665.19238421
2021-01-11,655929285013.3878,35269.5137177089,18597627.69238421
2021-01-12,627003122628.9136,33712.4685452952,18598552.69235145
2021-01-13,693697236158.0138,37296.5475277615,18599502.69235145
2021-01-14,726263096560.8242,39045.518340152,18600421.44232415
2021-01-15,682862938504.5984,36710.3174248977,18601390.19232415
2021-01-16,672980587612.2975,36177.2610970193,18602308.94228047
2021-01-17,671014140602.7698,36069.939466803,18603140.19158081
2021-01-18,680801989756.2803,36594.2964018118,18604046.44158081
2021-01-19,674433161169.6399,36250.1461893629,18604977.69158081
2021-01-20,660796011360.799,35515.480012858,18605858.94155351
2021-01-21,577233663032.7885,31022.9510280538,18606665.19154805
2021-01-22,613796635287.0496,32986.4357568673,18607546.44154805
2021-01-23,596147845572.6093,32036.2822723553,18608521.44154805
2021-01-24,599522055193.0248,32216.1042904734,18609390.19154805
2021-01-25,603339325091.353,32419.7059462303,18610265.19154805
2021-01-26,607483795108.3151,32640.6391426067,18611271.44153713
2021-01-27,565045318370.5283,30358.9347235535,18612158.94153713
2021-01-28,623747780660.8578,33511.287595149,18613065.19153713
2021-01-29,635969224450.955,34166.1494259497,18614015.19153712
2021-01-30,639419076068.8511,34349.9170952659,18614865.19153712
2021-01-31,617258425467.524,33157.8325745178,18615765.19153712
2021-02-01,624961266006.2303,33570.2718468732,18616508.94150982
2021-02-02,662710063272.541,35596.1489094097,18617465.19150436
2021-02-03,699649284857.6385,37578.3732068966,18618402.69150435
2021-02-04,691323581111.5704,37129.2029376972,18619402.69150435
2021-02-05,708423060288.5243,38045.4136084161,18620458.89630735
2021-02-06,732600102916.4371,39341.727081239,18621452.52046635
2021-02-07,726330767434.7867,39003.0121817651,18622427.52046635
2021-02-08,858949072826.5892,46121.9340724722,18623440.02046635
2021-02-09,866928505326.4625,46548.1619912332,18624333.77046635
2021-02-10,839590396720.4327,45078.128350263,18625227.52046635
2021-02-11,892053672305.5282,47892.8409181765,18626033.77046635
2021-02-12,885248328501.2935,47525.2091431911,18626921.25844379
2021-02-13,879397542244.0934,47208.6250270602,18627899.91744133
2021-02-14,909642134133.6622,48829.8275096435,18628821.36853781
2021-02-15,896282713832.7703,48110.2417334892,18629769.49477421
2021-02-16,915511120381.0225,49140.3826578024,18630524.85277421
2021-02-17,973022997734.0732,52224.9391139684,18631385.96697421
2021-02-18,962356492673.0547,51650.0699485681,18632239.87172421
2021-02-19,1040114403936.8182,55820.5044038574,18633196.08170618
2021-02-20,1040935228534.234,55861.8205670953,18634108.55512618
2021-02-21,1071525228027.2616,57500.7161102864,18634989.27512617
2021-02-22,1005442646562.84,53952.1533386324,18635820.52512617
2021-02-23,905003103158.0413,48560.4890350672,18636614.27512617
2021-02-24,923816728819.2362,49567.3456890707,18637607.40012617
2021-02-25,886602532433.4717,47568.131170076,18638582.40012617
2021-02-26,861734772437.3928,46231.7675784921,18639451.13009887
2021-02-27,854375146984.0432,45834.5133611923,18640432.38009887
2021-02-28,845557162612.1533,45359.4641642314,18641251.13009877
2021-03-01,925288521256.2084,49634.4471092928,18642063.63009877
2021-03-02,900542565669.1763,48304.7054879018,18642957.38009877
2021-03-03,945068375223.4531,50690.4671835184,18643907.38009877
2021-03-04,903761087528.4237,48472.7954751607,18644707.38007147
2021-03-05,909922405336.2163,48800.8173594389,18645638.63007147
2021-03-06,913133225105.1299,48970.5244868498,18646588.63007147
2021-03-07,952634973107.2288,51086.4681794272,18647501.13007147
2021-03-08,971370359588.6669,52088.475131502,18648469.88007147
2021-03-09,1020849011792.8512,54739.1352542373,18649344.88006601
2021-03-10,1046579658341.0732,56116.040912332,18650276.13006601
2021-03-11,1078915001902.6392,57847.2549357101,18651101.13006601
2021-03-12,1069407948747.6104,57334.641534775,18652038.63006601
2021-03-13,1143215732518.7432,61288.7941276447,18652932.38006601
2021-03-14,1117474232904.1155,59905.6184704851,18653913.630066
2021-03-15,1046930473230.8708,56121.121924021,18654838.630066
2021-03-16,1054059319176.5367,56500.4460257159,18655769.88006054
2021-03-17,1094827655431.387,58683.0659824664,18656619.88006054
2021-03-18,1077129119414.3888,57731.4798410871,18657569.88006054
2021-03-19,1085329605069.3691,58168.1219222677,18658494.88006054
2021-03-20,1086873922161.563,58247.8847066043,18659457.38006054
2021-03-21,1072003269491.2437,57447.9330198714,18660432.38005508
2021-03-22,1016170477565.7162,54453.1373508475,18661376.13005508
2021-03-23,1018286990169.8544,54563.6119458211,18662382.38005508
2021-03-24,981605643201.5552,52595.4113237873,18663332.38005508
2021-03-25,962090739266.12,51547.1248953828,18664294.88004862
2021-03-26,1023183245013.2983,54817.8571122151,18665144.88004862
2021-03-27,1045674049178.2084,56019.8373055523,18666138.63004862
2021-03-28,1040002658248.1864,55713.0381396844,18667132.38004862
2021-03-29,1074744167036.5872,57571.2333477498,18668076.13004862
2021-03-30,1095581166692.6075,58684.5483921683,18668988.63004316
2021-03-31,1097648506570.546,58792.1948275862,18669969.87932678
2021-04-01,1098201835461.6188,58818.9770985973,18670876.12932678
2021-04-02,1102222111989.422,59031.5340192285,18671751.12932678
2021-04-03,1069609423123.5428,57282.3896247808,18672569.87932678
2021-04-04,1086837744784.4452,58202.199391993,18673482.37932678
2021-04-05,1097233663848.4355,58755.8525295149,18674457.37932678
2021-04-06,1084740698496.7766,58084.0664231444,18675357.37932678
2021-04-07,1050858458013.2948,56266.8346762127,18676338.62932678
2021-04-08,1082591596128.1456,57963.3445994155,18677176.12932678
2021-04-09,1084298143058.165,58051.7625563998,18678126.12932678
2021-04-10,1114237875675.663,59651.5589877265,18679107.37932132
2021-04-11,1119547961330.9443,59932.9306469901,18680013.62932132
2021-04-12,1119097619041.5125,59905.9363744594,18680913.55832031
2021-04-13,1185278789468.1714,63445.638314436,18681801.00252031
2021-04-14,1174568449691.4597,62869.4955873758,18682644.71851931
2021-04-15,1181393313259.5356,63231.162987142,18683719.50551931
2021-04-16,1150416986978.1597,61571.1100905903,18684363.25551931
2021-04-17,1126344072578.0193,60280.8761758036,18684932.00551931
2021-04-18,1053678758609.268,56389.5579812975,18685707.00551931
2021-04-19,1042661468497.9922,55798.1370771479,18686313.25551931
2021-04-20,1055343018461.8728,56474.3737586207,18687113.25551931
2021-04-21,1009620339154.9824,54025.7995745178,18687744.50551931
2021-04-22,969605047752.2135,51882.0598106371,18688638.25551931
2021-04-23,952320874673.5841,50954.9100607832,18689482.00551385
2021-04-24,939751744133.4489,50279.9484464056,18690387.98110839
2021-04-25,914880447463.5385,48946.9407428404,18691269.23110839
2021-04-26,1008308106916.2404,53943.3499783752,18691981.63110839
2021-04-27,1028613088872.3912,55027.0309848042,18692869.13110839
2021-04-28,1024181924008.5573,54787.3787071888,18693756.63110839
2021-04-29,1001410824175.2202,53567.0811938048,18694519.13110839
2021-04-30,1079500865486.8406,57741.44441654,18695425.38110838
2021-05-01,1081834705464.8834,57863.5903927528,18696294.13110838
2021-05-02,1057763322365.5808,56572.5968410286,18697450.38110838
2021-05-03,1070362250436.1664,57243.0416054939,18698556.54793575
2021-05-04,1004624064123.3464,53724.10892519,18699687.79793575
2021-05-05,1072334244435.8468,57342.0256616014,18700669.04793575
2021-05-06,1057159380527.9104,56527.3529789597,18701731.54793575
2021-05-07,1072438910564.6576,57341.0684549386,18702806.54793575
2021-05-08,1098593174225.6294,58736.1258950906,18703875.29793575
2021-05-09,1090287204598.6418,58288.4256303916,18705037.79793575
2021-05-10,1045729267184.1482,55902.9277399182,18706162.79793575
2021-05-11,1059056066491.1912,56612.1026487434,18707237.79793575
2021-05-12,953606762907.2688,50972.355081239,18708312.79793575
2021-05-13,923653159148.4512,49368.6144739918,18709319.04793575
2021-05-14,935459104298.8986,49997.3959011105,18710156.54793575
2021-05-15,880310927346.3748,47047.9633331385,18710925.29793575
2021-05-16,861161597488.6411,46022.5037090006,18711750.29793575
2021-05-17,813851735267.4691,43492.3954833431,18712506.54793575
2021-05-18,800731332066.7421,42789.8093921683,18713131.54793575
2021-05-19,704438836807.3655,37642.5200017534,18713912.79793575
2021-05-20,763545013579.125,40799.4021475745,18714612.79793575
2021-05-21,695728769937.6442,37174.3311014027,18715300.29793575
2021-05-22,704535197246.9867,37643.4197983635,18716025.29793575
2021-05-23,650860805397.6799,34774.207221917,18716769.04793575
2021-05-24,723066857297.3594,38630.4091186441,18717556.29293575
2021-05-25,716346014295.941,38269.7710747516,18718325.04293575
2021-05-26,733691994944.9177,39194.8588980129,18719087.54293575
2021-05-27,720916265382.9325,38510.8570417884,18719818.79293575
2021-05-28,666390584725.3661,35596.7179510228,18720562.54293575
2021-05-29,649288294161.1663,34681.8183670368,18721287.54293575
2021-05-30,667486590030.1371,35652.1687703098,18722187.54293575
2021-05-31,698613395865.977,37312.9748970193,18723068.79293575
2021-06-01,686446041528.999,36661.3781184687,18723956.29293575
2021-06-02,704798573851.8448,37639.4556732905,18724993.79293575
2021-06-03,733309551805.9535,39160.1504132086,18725912.54293575
2021-06-04,690723752475.9788,36884.3735551724,18726731.29293575
2021-06-05,663134442422.8171,35409.5672366452,18727550.0429314
2021-06-06,668992893681.9762,35720.6043546464,18728487.5429314
2021-06-07,631644548545.3397,33724.9077517826,18729318.7929314
2021-06-08,626996036535.329,33475.0489234366,18730250.0429314
2021-06-09,700034858090.9735,37372.9888953828,18731037.5429314
2021-06-10,689816389289.0381,36826.0022185856,18731775.0429314
2021-06-11,696572821848.9191,37185.3931268264,18732431.2929314
2021-06-12,668199727376.6781,35669.1712817066,18733256.2929314
2021-06-13,729231971944.1294,38925.4194289889,18734081.2929314
2021-06-14,757932558315.0496,40455.5959833431,18734925.0429314
2021-06-15,754200836376.5773,40254.6514679135,18735743.7929314
2021-06-16,716962840858.3024,38265.5437726476,18736512.5429314
2021-06-17,712367675979.0337,38018.6432346581,18737325.0429314
2021-06-18,669218352695.6392,35714.3120787259,18738100.0429314
2021-06-19,666274332004.6891,35555.9763966686,18738743.7929314
2021-06-20,667121552365.0758,35599.9418784337,18739400.0429314
2021-06-21,594343881161.0618,31715.1598624196,18740056.2929314
2021-06-22,607094219837.7976,32394.5555949737,18740625.0429314
2021-06-23,629902934904.7167,33610.4968129749,18741256.2929314
2021-06-24,649575438469.43,34658.972875979,18741912.5429314
2021-06-25,593831228445.3011,31683.5032004676,18742600.0429314
2021-06-26,597731932924.4774,31890.6764465225,18743156.2929314
2021-06-27,646773066239.3123,34506.4911975453,18743518.7929314
2021-06-28,644349642813.4773,34376.188538983,18744068.7929314
2021-06-29,673565423656.2108,35933.7782178843,18744631.2929314
2021-06-30,657308520165.8943,35065.4661533606,18745181.2929314
2021-07-01,628078911133.4493,33505.0804935126,18745781.2929314
2021-07-02,633306719050.4343,33782.9459464641,18746343.7929314
2021-07-03,648430198161.1792,34588.2242916423,18747137.5429314
2021-07-04,662841855840.3812,35355.6078883694,18747856.2929314
2021-07-05,635800664838.8307,33911.7538404442,18748681.2929314
2021-07-06,639809939899.6041,34123.9815680888,18749568.7929314
2021-07-07,636229302844.7092,33931.6186382233,18750337.5429314
2021-07-08,615408206333.4872,32819.6595312098,18751206.2929314
2021-07-09,635972699231.9186,33914.8810742256,18752025.0429314
2021-07-10,630307119097.991,33610.9458386908,18753031.2929314
2021-07-11,642476387837.8834,34258.4413898305,18753812.5429314
2021-07-12,621438096852.9285,33135.2359117475,18754600.04292919
2021-07-13,612214949439.348,32641.9759610169,18755450.04292919
2021-07-14,615181434967.0844,32798.2845189947,18756512.54292919
2021-07-15,594751052034.9653,31707.6900368206,18757312.54292917
2021-07-16,590054215680.704,31455.7175818819,18758250.04292917
2021-07-17,591812552914.4733,31547.9511990064,18759143.79292917
2021-07-18,594837912850.213,31707.7038527177,18760043.79292917
2021-07-19,579408058603.4889,30883.4697462303,18761106.29292917
2021-07-20,558478126514.6532,29766.6577182934,18761868.79292917
2021-07-21,602653902984.2952,32119.6572258328,18762775.04292917
2021-07-22,606199143136.722,32306.9614285798,18763731.29292371
2021-07-23,627479802970.8693,33439.5957028638,18764575.04290733
2021-07-24,641160519675.9818,34166.914654588,18765537.54290733
2021-07-25,659078087900.0309,35119.9374360023,18766493.79290733
2021-07-26,702742383037.9468,37444.7825102279,18767431.29289095
2021-07-27,734346228533.4615,39126.5402881356,18768493.79284727
2021-07-28,749637705826.2058,39939.1940432495,18769475.04284727
2021-07-29,752436348341.3021,40086.1643950906,18770475.04284181
2021-07-30,784455260094.1389,41789.6670981882,18771512.54282543
2021-07-31,784564984126.0333,41793.3137481005,18772500.04282543
2021-08-01,750355941541.017,39968.9689544126,18773462.54282542
2021-08-02,737910797087.4546,39304.1862835769,18774356.29282542
2021-08-03,718888492618.7064,38288.8253975453,18775412.5428145
2021-08-04,746805401841.9286,39773.9113489188,18776262.5428145
2021-08-05,768772119139.358,40941.650434249,18777262.54279812
2021-08-06,803528296774.2887,42790.3573284629,18778256.29279812
2021-08-07,835395295482.4253,44484.9005862069,18779300.04279812
2021-08-08,825812457038.7324,43972.3010181181,18780287.54279812
2021-08-09,868926021044.1494,46265.6424564582,18781237.54278174
2021-08-10,854382704549.5062,45488.7912624196,18782268.79278174
2021-08-11,857947004307.331,45676.3263611923,18783187.54277628
2021-08-12,834123407129.0948,44405.7483483343,18784131.29277628
2021-08-13,896373859155.2133,47717.4853559322,18785018.79277628
2021-08-14,885277380213.1919,47124.2050736411,18786043.79277628
2021-08-15,884394736774.213,47074.370710111,18787181.29277628
2021-08-16,863969541715.8536,45984.7199070719,18788187.54277082
2021-08-17,840144904105.1235,44714.0967982466,18789262.54277082
2021-08-18,844697273128.4824,44954.3637469316,18790106.29276536
2021-08-19,876544383505.9407,46646.8615049679,18791068.79275444
2021-08-20,925337170100.1696,49240.8356049094,18792068.79275444
2021-08-21,922183481119.9331,49070.2409701929,18793131.29275444
2021-08-22,927741877823.068,49363.3160952659,18794156.29275444
2021-08-23,932079739908.4381,49590.8763676213,18795387.54263694
2021-08-24,900831282245.6066,47925.8622127411,18796350.04263148
2021-08-25,921113698122.0674,49002.3166049094,18797350.04262602
2021-08-26,887096494654.2286,47190.3449929866,18798262.54260418
2021-08-27,922070878172.4023,49048.4755891292,18799175.04259326
2021-08-28,918429163463.365,48852.4687995324,18800056.29259326
2021-08-29,920279421677.584,48948.3479579193,18801031.29259326
2021-08-30,886052810980.3136,47125.7685189947,18801875.04259326
2021-08-31,887852829053.0802,47219.2443424898,18802775.04259326
2021-09-01,915521308402.3389,48688.5375572764,18803631.2925878
2021-09-02,928373472804.1523,49369.5862746932,18804562.5425878
2021-09-03,937651654078.7664,49860.5341635301,18805487.54258234
2021-09-04,938810353594.9011,49919.577563647,18806456.29258234
2021-09-05,973242843766.6514,51747.6438565167,18807481.29258234
2021-09-06,990093469707.9805,52640.5883740503,18808556.29258234
2021-09-07,881308435814.7443,46854.4006028638,18809512.54258234
2021-09-08,868814300650.1482,46187.9757306254,18810400.04258234
2021-09-09,873759807785.6561,46448.7748290473,18811256.29258234
2021-09-10,842129122357.554,44765.2755762712,18812106.29258234
2021-09-11,848441215860.3611,45098.5916447691,18813031.29249204
2021-09-12,868839735686.3914,46180.6124563998,18813950.04249204
2021-09-13,846512959971.3956,44991.5221277031,18814943.79249204
2021-09-14,884777283874.6703,47022.6177597896,18815993.79248658
2021-09-15,906356284523.2515,48167.1893676213,18816881.29248658
2021-09-16,899437280895.7874,47797.3283237873,18817731.29248658
2021-09-17,888499868900.2493,47213.7941294565,18818650.04248658
2021-09-18,907181161197.6664,48204.0136519579,18819618.79248658
2021-09-19,888680899050.9407,47218.4739964933,18820618.79248658
2021-09-20,806611150255.1008,42855.5103448276,18821643.79247566
2021-09-21,762806301935.1322,40526.4893760958,18822412.54247566
2021-09-22,820271543076.0717,43577.5724821742,18823250.04247566
2021-09-23,844481693316.983,44861.2980329047,18824281.29247566
2021-09-24,805781097472.616,42803.307701052,18825206.29247566
2021-09-25,804538656841.3232,42735.2658240795,18826106.29247566
2021-09-26,812031799027.239,43131.2941773816,18826975.04247566
2021-09-27,800127083577.4851,42496.7852250146,18827943.79247566
2021-09-28,776198293483.3026,41223.7862743425,18828893.79247546
2021-09-29,780565646921.4586,41453.9470131502,18829706.29247546
2021-09-30,824440444029.2034,43781.546015488,18830775.04247
2021-10-01,905390548127.1699,48078.1315543542,18831650.04246454
2021-10-02,900066645699.4569,47792.4391943308,18832825.04246454
2021-10-03,907836753956.0886,48202.6229177089,18833762.54246454
2021-10-04,928335986047.2692,49288.5013106371,18834737.54246454
2021-10-05,971135174368.552,51558.0493319112,18835762.54246454
2021-10-06,1043919575657.0316,55419.800411163,18836581.29246454
2021-10-07,1013552627931.8853,53805.1569125658,18837462.54246454
2021-10-08,1016011255921.6256,53933.5275908825,18838212.54245908
2021-10-09,1036359022483.6368,55010.9224751607,18839150.04245908
2021-10-10,1030579975221.3647,54701.2797022209,18840143.79245908
2021-10-11,1079388786986.324,57289.1864570426,18841056.29245908
2021-10-12,1058842478838.182,56196.1812597896,18841893.79244924
2021-10-13,1080622323470.5658,57348.8928769725,18842950.04244924
2021-10-14,1081333675898.4808,57384.0369146698,18843806.29244378
2021-10-15,1157932253824.4275,61446.0840073057,18844687.54244378
2021-10-16,1148296342322.6633,60932.0632119228,18845518.79244378
2021-10-17,1158348928964.852,61462.2223722969,18846518.79244378
2021-10-18,1168109108621.0642,61977.0575514319,18847443.79243407
2021-10-19,1211781363655.901,64290.8977574518,18848412.54243407
2021-10-20,1245221514980.2715,66061.7965639977,18849343.79242861
2021-10-21,1175764509578.1985,62373.8856206897,18850268.79242861
2021-10-22,1145232055939.3223,60750.9673718293,18851256.29242861
2021-10-23,1154696513456.678,61250.082628872,18852162.54242861
2021-10-24,1147503503631.4478,60865.4470523086,18853118.79242861
2021-10-25,1188415315425.7778,63031.6729015196,18854256.29242861
2021-10-26,1138740201958.921,60393.9802738165,18855193.79242861
2021-10-27,1104280514495.558,58563.3359899766,18856175.04242861
2021-10-28,1142074087989.8003,60564.5721122151,18857131.29242861
2021-10-29,1173560980221.0315,62230.8055689655,18858200.04242861
2021-10-30,1164420084616.5515,61742.9165321449,18859168.79242861
2021-10-31,1158628121727.842,61432.9700628287,18860037.54242861
2021-11-01,1152255716550.1553,61092.0950592051,18860962.54242861
2021-11-02,1188769633683.1074,63024.7472296902,18861950.04242861
2021-11-03,1187535932342.479,62955.9817630041,18862956.29242861
2021-11-04,1158125134065.476,61393.8899780246,18863850.04240677
2021-11-05,1150864132606.2607,61005.840833723,18864818.79240131
2021-11-06,1159397601037.2688,61455.0536268849,18865781.29239585
2021-11-07,1189431376523.6956,63043.8290590298,18866737.54238493
2021-11-08,1274349562679.1753,67541.7555081824,18867581.29235763
2021-11-09,1265995157805.92,67095.5856706605,18868531.29235763
2021-11-10,1221912387623.9292,64756.0779689071,18869462.54235217
2021-11-11,1225879749587.1582,64962.9312939801,18870450.04234217
2021-11-12,1209255835198.8247,64078.968037405,18871337.54234217
2021-11-13,1215334035223.431,64397.7912063121,18872293.79234217
2021-11-14,1227371081397.81,65032.2256548217,18873275.04232217
2021-11-15,1203297567403.2034,63753.5031592636,18874218.79229487
2021-11-16,1138596574917.1836,60322.4978530099,18875156.29229487
2021-11-17,1135477990765.8389,60154.3083661601,18876087.54229487
2021-11-18,1072102568248.274,56794.1556271186,18876987.54229487
2021-11-19,1095180607639.1604,58014.0729888954,18877843.79229487
2021-11-20,1127995381461.3696,59749.4738229106,18878750.04229487
2021-11-21,1114510856672.638,59032.6241017534,18879575.04229487
2021-11-22,1064547451127.3552,56383.5658760958,18880456.29229487
2021-11-23,1088359834858.612,57642.2657980713,18881281.29229487
2021-11-24,1078967043352.8656,57141.8303784337,18882262.54229487
2021-11-25,1114264869559.638,59008.6554792519,18883075.04229487
2021-11-26,1015965489485.063,53800.6178389831,18883900.04229487
2021-11-27,1031787373971.6844,54635.8824628872,18884793.79229487
2021-11-28,1081177168314.8127,57248.5696963764,18885662.54229487
2021-11-29,1093922763691.2256,57920.7107299825,18886556.29228941
2021-11-30,1078413765008.8096,57097.0127942724,18887393.79228941
2021-12-01,1080041656303.1398,57180.6098439509,18888250.04228941
2021-12-02,1068806660306.1696,56582.8937691408,18889218.79228941
2021-12-03,1013871254042.7568,53671.6160680888,18890268.79228941
2021-12-04,928688246483.0732,49159.7357983635,18891237.54228941
2021-12-05,931901019326.8503,49327.0935999416,18892275.04228941
2021-12-06,954783478279.0153,50535.4252232612,18893350.04228941
2021-12-07,955569896395.9672,50574.4728344828,18894312.54228395
2021-12-08,954228172561.4713,50500.6543513735,18895362.54168395
2021-12-09,905851378783.0408,47937.8228458212,18896381.29158394
2021-12-10,896438217378.8429,47437.2289725307,18897356.29157302
2021-12-11,932097595289.7968,49321.7693252484,18898300.04157302
2021-12-12,947539855067.0088,50136.5722568673,18899175.04157302
2021-12-13,884245329814.8835,46785.3278410286,18900056.29156756
2021-12-14,912779083729.6282,48292.6822501461,18900981.29156756
2021-12-15,922989712159.9609,48830.6223860316,18901862.54156756
2021-12-16,900962599446.6979,47663.4691077148,18902581.29156756
2021-12-17,875884494655.8488,46334.4837489772,18903512.54156756
2021-12-18,886704391681.2982,46904.8736753361,18904312.54156756
2021-12-19,886210279075.9624,46876.426924021,18905243.7915621
2021-12-20,887733510019.3331,46954.7634783168,18906143.79155118
2021-12-21,928001919405.3176,49082.0624666277,18907150.04155118
2021-12-22,920673856889.829,48692.0987391584,18908075.0415348
2021-12-23,958932834186.8992,50712.9707682642,18909025.04151842
2021-12-24,960320724015.7853,50783.8344210988,18909968.79150204
2021-12-25,956710327599.571,50590.4508976622,18910887.54150204
2021-12-26,960683606726.741,50798.3065859147,18911725.04150204
2021-12-27,960694114316.4371,50796.3776735827,18912650.04150204
2021-12-28,901663524613.2401,47673.0440452367,18913487.54146382
2021-12-29,878957961885.9197,46470.3215751023,18914393.79143106
2021-12-30,890949566257.0243,47102.4630037989,18915137.54143106
2021-12-31,876856588254.3342,46355.1173302747,18916068.79143106
2022-01-01,899699536194.4493,47560.0093816482,18917143.79143106
2022-01-02,895821904623.9598,47352.5577565751,18918131.29143106
2022-01-03,878852778922.5397,46453.432351841,18919006.29142014
2022-01-04,868537343384.6884,45905.9611221508,18919925.04140376
2022-01-05,823643008455.5006,43530.9440388662,18920862.541371
2022-01-06,816379327436.9196,43144.9652928112,18921775.04133824
2022-01-07,785531894863.5997,41512.7845808299,18922650.0413164
2022-01-08,791000850844.3613,41799.8128848627,18923550.0413164
2022-01-09,792678163975.4711,41886.4985569842,18924431.2913164
2022-01-10,791399129617.2528,41816.9510561075,18925318.79130548
2022-01-11,809443647923.8131,42768.1786116306,18926306.29127818
2022-01-12,832058044393.2726,43961.0265441262,18927175.04123996
2022-01-13,806853831547.6661,42626.8653924605,18928293.79122904
2022-01-14,815902410549.5798,43102.6476180596,18929287.5412072
2022-01-15,817916391880.5941,43206.6744812975,18930325.0412072
2022-01-16,817247761097.5043,43168.8596671537,18931418.79120174
2022-01-17,799161712730.7869,42211.270399474,18932425.04117444
2022-01-18,803362185167.5491,42431.2319670368,18933275.04116898
2022-01-19,791223617186.8657,41787.722012858,18934356.29114714
2022-01-20,771734062475.5161,40756.1261630625,18935412.54111984
2022-01-21,691027075447.2772,36492.2872241379,18936250.04108254
2022-01-22,662729719330.2249,34996.390965225,18937087.54107708
2022-01-23,686900017938.7032,36271.0502650497,18937968.79106616
2022-01-24,694295100608.7682,36659.7252206312,18938906.29103886
2022-01-25,699876683066.1487,36952.586773232,18939856.29101156
2022-01-26,697505746691.7056,36825.8245993571,18940668.79099518
2022-01-27,701250560952.0532,37021.9371332554,18941487.54096788
2022-01-28,715434506562.4597,37768.8474836353,18942450.04093512
2022-01-29,721521023451.4706,38088.2912279953,18943381.29091874
2022-01-30,719570704158.332,37983.5063845704,18944293.79091328
2022-01-31,728682541998.9691,38462.6724029807,18945187.54090782
2022-02-01,734882587285.7963,38787.9640824079,18946150.04088598
2022-02-02,699950267339.7744,36942.3307493279,18947106.29086414
2022-02-03,702169321610.3784,37057.6521879018,18948025.04082046
2022-02-04,778416466655.57,41079.9060881356,18948837.54080408
2022-02-05,786570243049.2509,41508.5816925774,18949581.29079862
2022-02-06,802711930524.7646,42358.2251732905,18950556.29079862
2022-02-07,831757893938.8805,43888.980119813,18951406.2907877
2022-02-08,837077702292.8624,44167.4447945646,18952368.79077678
2022-02-09,841620177986.7826,44405.0732042665,18953243.79075494
2022-02-10,826673340569.5298,43614.3426960842,18954162.54074948
2022-02-11,802885153204.8153,42357.3217416715,18955050.0407331
2022-02-12,799449167809.6085,42173.4593962595,18956215.09959684
2022-02-13,799910438394.8269,42195.5947451782,18957202.59959684
2022-02-14,808492710849.5155,42646.1618590883,18958158.84958046
2022-02-15,843912516712.541,44511.9084880187,18959252.59955316
2022-02-16,835495877044.4435,44065.7092673875,18960227.59953132
2022-02-17,770015151406.7638,40610.024261543,18961208.84950948
2022-02-18,759320197985.6616,40044.2204856809,18962042.18177205
2022-02-19,760337246150.2621,40095.887329398,18962973.43176113
2022-02-20,731088089618.0752,38551.6224967855,18963873.43176113
2022-02-21,703550978541.0667,37098.0360081824,18964642.18175567
2022-02-22,724534819639.9742,38202.5940818235,18965592.18172837
2022-02-23,707608386323.9312,37308.2687344243,18966529.68169015
2022-02-24,726142231115.2035,38283.790402104,18967354.68166434
2022-02-25,745900830759.9186,39323.7702158387,18968192.18162065
2022-02-26,740863193300.3043,39056.5781523086,18968973.43159881
2022-02-27,714494212585.6721,37664.7792828755,18969823.43158243
2022-02-28,819144394069.7399,43179.2545140269,18970785.93155513
2022-03-01,841104392825.5334,44334.457582408,18971798.43154967
2022-03-02,834504066221.5271,43984.584926768,18972648.43151145
2022-03-03,806239776434.6935,42492.7744552893,18973573.43147869
2022-03-04,742022224694.9856,39106.4052159556,18974442.18146231
2022-03-05,747317522202.4407,39383.8848433665,18975210.93144047
2022-03-06,728667065433.831,38399.3426268264,18976029.68142409
2022-03-07,723908847546.8259,38146.734273232,18976954.68140771
2022-03-08,734927448074.0189,38725.477261543,18977879.68139133
2022-03-09,796906050430.487,41989.4028179427,18978742.18134765
2022-03-10,749359384983.7483,39482.2584672706,18979648.43133127
2022-03-11,736925253813.8165,38825.3644214494,18980510.93132035
2022-03-12,739350326402.7109,38951.1300157802,18981485.93129851
2022-03-13,717693726421.2742,37808.3174004091,18982429.68129305
2022-03-14,752673129199.2286,39649.0453243717,18983385.93127667
2022-03-15,747159778521.4589,39356.8139000584,18984254.68125483
2022-03-16,780326259892.9254,41101.768579135,18985223.43121391
2022-03-17,777797289016.2966,40966.4169324956,18986217.18120845
2022-03-18,794157105661.4315,41826.1160710111,18987110.93119753
2022-03-19,801167113251.2291,42193.1615362361,18988079.68118661
2022-03-20,784147246647.208,41294.7235129164,18989042.18118661
2022-03-21,779813454595.2153,41064.429648159,18989998.43116477
2022-03-22,804895791994.0563,42383.169518761,18990929.68112655
2022-03-23,811600915721.3618,42734.2000355932,18991835.93106649
2022-03-24,835197568855.9592,43974.5935882525,18992729.68105557
2022-03-25,842314472588.2867,44347.034279661,18993704.68105011
2022-03-26,845643141455.347,44519.9268641145,18994710.93105011
2022-03-27,888557797875.1592,46777.2056265342,18995529.68104465
2022-03-28,897085228548.5029,47223.6528860316,18996523.43103373
2022-03-29,901690266879.8414,47463.7096770894,18997467.18101735
2022-03-30,895263051309.1227,47123.2971478667,18998310.93100097
2022-03-31,865644342353.4548,45562.2106665693,18999173.43099005
2022-04-01,878758918482.4454,46250.3362878434,19000054.68097367
2022-04-02,872899323456.1626,45939.8973489188,19000898.43097367
2022-04-03,882452402068.5901,46440.5438538866,19001767.18095729
2022-04-04,886725621050.4031,46663.0041770894,19002754.68088631
2022-04-05,868334945220.4375,45693.0350619521,19003660.93088631
2022-04-06,822992941537.3002,43304.9371990064,19004598.43078085
2022-04-07,828049823775.4825,43569.0471697837,19005460.93075355
2022-04-08,802485243344.183,42222.0689772063,19006298.43074263
2022-04-09,811248536966.8553,42680.9947355932,19007254.68074263
2022-04-10,803368401022.6544,42264.4633909994,19008129.68073171
2022-04-11,751691818357.7859,39544.0251835184,19008985.93072625
2022-04-12,762229617848.9938,40096.3669748685,19009942.18071533
2022-04-13,782347510376.0757,41152.7554517826,19010817.18070441
2022-04-14,758879643233.893,39916.4963842782,19011679.68070441
2022-04-15,770532674214.2937,40527.3319567504,19012667.18067165
2022-04-16,768898298022.5022,40439.5881209819,19013504.68066619
2022-04-17,754968041603.9386,39704.7839798364,19014535.93066619
2022-04-18,776186219648.7059,40818.8786025716,19015373.43066073
2022-04-19,788973605180.1066,41489.6638011689,19016148.43063343
2022-04-20,787227117424.9535,41395.64458346,19017148.43062251
2022-04-21,769428938686.3944,40457.4959418469,19018204.68059521
2022-04-22,755778442607.8029,39737.9735040912,19019048.43058975
2022-04-23,752860950838.1914,39582.4548720047,19020067.18058975
2022-04-24,751556383525.8639,39511.6456928697,19021135.92958975
2022-04-25,769897647999.5433,40473.7483176505,19022148.42957337
2022-04-26,724259783050.5642,38072.800873758,19023023.42956245
2022-04-27,746096829666.1973,39218.5376174752,19024085.92955153
2022-04-28,756201958477.4653,39747.9894270018,19024910.92955153
2022-04-29,734578607327.6136,38609.5059070719,19025848.42954607
2022-04-30,717578011718.2109,37714.0949804208,19026785.92952423
2022-05-01,731795620564.7079,38459.226979135,19027829.67951289
2022-05-02,733867042100.8314,38566.0628877849,19028829.67950743
2022-05-03,717506054791.5656,37704.4053153127,19029767.17949105
2022-05-04,754411390672.5853,39641.852176505,19030679.67948559
2022-05-05,694694154668.1464,36502.0245601403,19031660.92948013
2022-05-06,685990134639.4475,36042.9995584453,19032548.42946921
2022-05-07,675852998119.4371,35508.7110227937,19033442.17945829
2022-05-08,648291225672.0372,34058.9066861484,19034410.92945283
2022-05-09,579778106079.444,30457.9218194039,19035379.67945283
2022-05-10,589950045319.7169,30990.7351659848,19036335.92943099
2022-05-11,548207026149.2423,28796.5568217417,19037242.17943099
2022-05-12,552689095253.7048,29030.7070417884,19038085.92943099
2022-05-13,557575962443.4471,29285.9346718293,19039035.92941461
2022-05-14,572186367858.1311,30051.935755114,19039917.17940369
2022-05-15,593738302710.1289,31182.6212460549,19040679.67939823
2022-05-16,569149173743.4916,29889.6124757452,19041704.67935455
2022-05-17,579623074735.8607,30438.1944476914,19042623.42932179
2022-05-18,547903613073.46497,28771.2204786675,19043460.92928903
2022-05-19,576237927167.5203,30257.8852483928,19044223.42926719
2022-05-20,556576449741.6575,29224.245998422,19045023.42923443
2022-05-21,560330903433.8232,29420.0782857978,19045867.17922897
2022-05-22,577719993300.8108,30331.87514173,19046629.67921805
2022-05-23,554062243386.7935,29088.2515419638,19047629.67920167
2022-05-24,564664143267.9167,29643.6837556984,19048379.67917437
2022-05-25,563425495600.498,29577.259880187,19049279.67914707
2022-05-26,558788579642.6685,29332.4860467563,19050160.92914707
2022-05-27,545088669358.9464,28612.0413103448,19051023.42914161
2022-05-28,553373761224.6202,29045.5206344243,19051948.42914161
2022-05-29,560727563224.8401,29430.0689800117,19052879.67913615
2022-05-30,604691877439.0,31735.9549719462,19053842.17911617
2022-05-31,606539699591.0908,31831.4095251315,19054754.67909193
2022-06-01,568350982618.1753,29825.9221992987,19055604.67905797
2022-06-02,581301103485.3453,30504.2679997078,19056385.92904159
2022-06-03,565289816719.395,29662.6709708942,19057279.67903067
2022-06-04,567788127583.5594,29792.4076779077,19058148.42902401
2022-06-05,570159608584.3286,29915.4093009936,19059060.92902401
2022-06-06,597219834771.5532,31333.6770197545,19059998.42900763
2022-06-07,594227633838.3704,31175.0324289889,19061010.92891928
2022-06-08,576218725147.5542,30228.464698422,19062123.4289029
2022-06-09,573120367821.6552,30064.4855289305,19063035.92889198
2022-06-10,554196788670.7576,29070.4000300994,19063954.67888106
2022-06-11,540696111012.39246,28360.7899231444,19064917.17888106
2022-06-12,511538437846.9446,26830.2839456458,19065710.92886106
2022-06-13,425493856127.20056,22316.2570400351,19066542.17881922
2022-06-14,420873377970.2221,22072.8663085915,19067454.67879738
2022-06-15,429437386455.3185,22520.7910087668,19068485.92876462
2022-06-16,387299429738.925,20310.1769848042,19069229.67873186
2022-06-17,390264246951.8146,20464.9290873174,19069904.67871548
2022-06-18,362611174621.4809,19013.8672536528,19070879.67871548
2022-06-19,390823129715.5468,20492.2951683226,19071710.92868548
2022-06-20,392353137499.7772,20571.6292247224,19072535.9286691
2022-06-21,394600889959.4376,20688.4651312098,19073473.42863818
2022-06-22,381546027327.4448,20003.1683375219,19074279.6785718
2022-06-23,402432082094.104,21097.1028331385,19075229.67854996
2022-06-24,406301957818.1101,21299.0769853887,19076035.9285445
2022-06-25,409551146129.82904,21468.3431566335,19076979.6784845
2022-06-26,401905669584.8117,21066.6209430158,19077842.1784845
2022-06-27,395902927689.18256,20751.0516960842,19078692.17847358
2022-06-28,386614220232.3532,20263.2196393922,19079604.6784572
2022-06-29,383155502450.5327,20080.9480864991,19080548.42829544
2022-06-30,368903228195.36633,19332.9121294565,19081617.17826714
2022-07-01,369090226458.1767,19341.8631240795,19082454.67825076
2022-07-02,367007144409.2252,19231.8317083577,19083317.1782453
2022-07-03,367878517546.52386,19276.5146639392,19084285.92823984
2022-07-04,386022540612.4449,20226.2984745763,19085179.67821254
2022-07-05,385408468112.8211,20193.3427938048,19085917.1781634
2022-07-06,392438882291.5653,20560.8438126826,19086710.92815248
2022-07-07,413275623808.41907,21651.4191423144,19087692.17814156
2022-07-08,416395031613.0832,21813.7871239042,19088617.17811416
2022-07-09,412048402705.4956,21585.1321922852,19089454.67810324
2022-07-10,397677569200.7721,20831.2733915839,19090410.92809232
2022-07-11,381276239330.9752,19971.3294704851,19091179.67807048
2022-07-12,369225505108.16406,19339.1534734074,19092123.42804318
2022-07-13,384825682177.9338,20155.5278386908,19092810.92798858
2022-07-14,392428543677.9312,20552.8990289304,19093585.92797766
2022-07-15,397770775563.73773,20831.722700526,19094473.42795582
2022-07-16,404755787365.4628,21196.5091428989,19095398.42795582
2022-07-17,397732973007.4676,20827.8886085915,19096173.42793944
2022-07-18,425971905281.9996,22305.7066428989,19096992.17790122
2022-07-19,446339832050.2446,23371.2026601403,19097854.677863
2022-07-20,444634259889.05206,23280.9356680304,19098642.17784116
2022-07-21,442199694644.768,23152.4093112215,19099510.9278084
2022-07-22,433693823514.26,22706.0835554646,19100335.9278084
2022-07-23,429482365773.2771,22484.4592317358,19101298.4278084
2022-07-24,432730761552.05457,22653.3570260082,19102279.6778084
2022-07-25,410911525111.4701,21510.1255874342,19103167.17776472
2022-07-26,404657958397.2495,21181.6591967855,19104167.17773742
2022-07-27,437478763559.1204,22898.4150683226,19105198.42765552
2022-07-28,455461367222.4853,23838.5568838691,19106079.67761184
2022-07-29,457626609085.485,23950.7403798948,19106992.1775627
2022-07-30,451391833403.0792,23623.4349611338,19107798.42752448
2022-07-31,446307219209.83734,23356.1722215079,19108748.42748626
2022-08-01,445854500671.93616,23331.4426969608,19109598.42744804
2022-08-02,440143630646.2181,23031.4268834015,19110567.17738252
2022-08-03,435927882119.2917,22809.7474418469,19111473.4273443
2022-08-04,432479435664.96185,22628.3320821157,19112298.42727878
2022-08-05,444363077389.24005,23248.9715023378,19113235.92721326
2022-08-06,439556370388.69934,22996.2750452952,19114242.17717504
2022-08-07,442587644255.7988,23153.6584713618,19115235.92710952
2022-08-08,455033818812.5433,23803.6505154296,19116135.92703308
2022-08-09,443253027415.8556,23186.2917464641,19117029.6769621
2022-08-10,457359947811.3196,23923.0584830508,19117954.6768802
2022-08-11,457598463723.4284,23934.4390561075,19118829.6767983
2022-08-12,466452355020.96,24396.3088462887,19119792.17675461
2022-08-13,467045519559.256,24426.2225748101,19120660.92613532
2022-08-14,464923825825.5608,24314.2021315021,19121492.1760971
2022-08-15,460542963581.37933,24083.9539748685,19122398.42602066
2022-08-16,456451152283.436,23868.8193530099,19123323.4259606
2022-08-17,446287363119.0393,23336.3489310345,19124129.67589508
2022-08-18,444105576817.22424,23221.1706028638,19125029.67281305
2022-08-19,399865784896.4949,20906.7663141438,19126142.17273661
2022-08-20,404473619044.496,21146.6548021625,19127073.42265471
2022-08-21,412284535348.17566,21553.9961717125,19127985.92259465
2022-08-22,407466140105.92474,21301.0840581531,19128892.17250729
2022-08-23,411954552631.3741,21534.5143521333,19129967.17246907
2022-08-24,409878577064.975,21424.9728232028,19130879.67239263
2022-08-25,413015814390.91345,21587.8395844535,19131873.42231073
2022-08-26,387369347817.7026,20246.1655733489,19132973.42226705
2022-08-27,383519310960.92694,20043.9909485681,19133879.67221791
2022-08-28,376450966908.2225,19673.5412188778,19134885.92216423
2022-08-29,387902405358.73914,20270.960383986,19135867.17209417
2022-08-30,379397503826.90955,19825.4632066043,19136879.67202319
2022-08-31,383228003505.9351,20024.6716059614,19137792.17192491
2022-09-01,384791505857.64453,20105.4626072472,19138654.67183744
2022-09-02,381810364146.53986,19948.8567472823,19139460.92166686
2022-09-03,379052887734.96625,19803.8332697253,19140379.6715677
2022-09-04,382099532564.477,19961.9118907072,19141429.67149126
2022-09-05,378977066517.5076,19797.7967884278,19142385.92139844
2022-09-06,360777012676.7327,18846.150537405,19143273.42131108
2022-09-07,369346999995.14307,19292.9070745178,19144185.92120723
2022-09-08,369864252540.9233,19319.1248512566,19144979.67110895
2022-09-09,409017455131.7917,21363.3136152542,19145898.42104343
2022-09-10,415785927560.1788,21715.2107980713,19146879.67098883
2022-09-11,416141395725.3066,21732.7705686733,19148023.42095061
2022-09-12,428261637184.8132,22365.2145601987,19148979.67086225
2022-09-13,386157248713.93646,20165.0421607247,19149835.92080219
2022-09-14,387730658256.55914,20246.3660424313,19150629.67072575
2022-09-15,377225556977.2085,19696.8698661601,19151548.42066023
2022-09-16,378097572891.12006,19741.5776168907,19152348.42060563
2022-09-17,385380080042.85614,20120.7023459965,19153410.92054557
2022-09-18,372113932908.2874,19427.1002626534,19154373.42049643
2022-09-19,374636684861.29944,19557.9769582116,19155185.92039269
2022-09-20,361532792864.2618,18872.9498667446,19156135.92029441
2022-09-21,354534333416.6793,18506.7607481005,19157017.17022889
2022-09-22,371940200960.5232,19414.5396449445,19157817.17015245
2022-09-23,370276849734.61835,19326.8648199883,19158660.92009239
2022-09-24,362590477877.56635,18924.7677872589,19159573.42005963
2022-09-25,360086121322.07837,18793.1561531268,19160492.17002687
2022-09-26,367921135053.928,19201.1317209234,19161429.66995043
2022-09-27,366127838719.62805,19106.7389135009,19162235.91985761
2022-09-28,372818335629.0543,19454.937210111,19163173.41981939
2022-09-29,374482476447.1954,19540.8664105786,19164067.16973749
2022-09-30,372477904951.7994,19435.1946917008,19165123.41967197
2022-10-01,370136058133.8757,19311.861629398,19166254.66963921
2022-10-02,364470603274.7758,19015.2928050847,19167235.91957081
2022-10-03,376337531461.188,19633.4325859147,19168198.4194235
2022-10-04,389901326705.8898,20339.9712811221,19169217.16933614
2022-10-05,386379527832.91864,20155.0996987142,19170310.91925424
2022-10-06,382478030109.5452,19950.5477957335,19171304.6692051
2022-10-07,374611763556.60834,19539.1439216832,19172373.41912866
2022-10-08,372275436651.0157,19416.1772291058,19173467.16906542
2022-10-09,372528344873.01337,19428.3671323787,19174454.6690272
2022-10-10,367295367833.38873,19154.4042346581,19175504.66898898
2022-10-11,365106524490.82605,19039.2820683811,19176485.91892892
2022-10-12,367378647972.2289,19156.9115645821,19177342.16884156
2022-10-13,371824448281.4801,19387.8336806546,19178235.91877058
2022-10-14,367813040138.8371,19177.6941031561,19179210.91870506
2022-10-15,365763269803.227,19069.8749272355,19180160.91866684
2022-10-16,369460796080.11127,19261.7497878434,19181060.91863408
2022-10-17,375142761443.2314,19557.0218106371,19181998.41855218
2022-10-18,371024014617.1823,19341.4075543542,19182885.91843752
2022-10-19,367027991687.44006,19132.1544254822,19183829.668372
2022-10-20,365150292653.8844,19033.3760239626,19184735.91832412
2022-10-21,367883634520.1516,19174.8763487434,19185710.91824852
2022-10-22,368528334460.5667,19207.6285078901,19186560.91818846
2022-10-23,375411929443.3675,19565.4123243717,19187529.66814478
2022-10-24,371131281846.5523,19341.460210111,19188379.6680738
2022-10-25,385605065822.4446,20094.9611215663,19189142.16801374
2022-10-26,399097328311.379,20797.0308258328,19190110.91793184
2022-10-27,389195921538.64905,20280.1751280538,19190954.6678554
2022-10-28,395442686247.225,20604.6138535944,19191948.41781718
2022-10-29,399285967648.70013,20803.8999205143,19192842.16777896
2022-10-30,395710529271.3392,20616.7033766803,19193685.9177462
2022-10-31,393317251848.5653,20490.8581808884,19194767.16770252
2022-11-01,393203403802.07855,20483.966530976,19195667.16765884
2022-11-02,386775127359.09686,20148.2845537697,19196429.66759332
2022-11-03,387752323864.0792,20198.1111860316,19197454.6675551
2022-11-04,406182308414.37366,21157.2449275278,19198260.91751142
2022-11-05,408625727281.5159,21283.4715999416,19199204.66746774
2022-11-06,402179894315.6349,20946.8030359439,19200060.91743498
2022-11-07,394936214963.7293,20568.5651183518,19200960.917364
2022-11-08,355639311703.4768,18520.971163647,19201979.66732578
2022-11-09,302605063696.8061,15758.2912819988,19202910.9172821
2022-11-10,336865135843.0826,17541.5602866745,19203829.66724934
2022-11-11,324882485889.16296,16916.8506312098,19204667.1671729
2022-11-12,322103638475.01587,16771.2426718293,19205710.91706008
2022-11-13,313459931493.43146,16320.4983375219,19206517.1669891
2022-11-14,319407146559.77606,16629.4784146698,19207285.91691782
2022-11-15,323766538003.8617,16855.59378609,19208254.66683046
2022-11-16,320017579504.2511,16659.6063345996,19209192.16678132
2022-11-17,320331100560.6855,16675.1790204559,19210054.6667431
2022-11-18,320083241544.82635,16661.5229576271,19210923.4167158
2022-11-19,320760994779.17206,16696.0040581531,19211842.16666119
2022-11-20,312146945942.77655,16246.8446992987,19212773.41662843
2022-11-21,303152194386.4471,15778.0174047341,19213579.66657383
2022-11-22,310751834009.56635,16172.8893445354,19214367.16653015
2022-11-23,318474713411.88574,16574.0617299825,19215248.41649193
2022-11-24,318669910367.05646,16583.5243445354,19216054.66645361
2022-11-25,317507827540.0432,16522.3887767388,19216823.41642085
2022-11-26,316101841086.03455,16448.6413077148,19217504.66634441
2022-11-27,315874237356.33,16436.0707688486,19218354.66631165
2022-11-28,311593224390.96533,16212.5814161309,19219223.41626251
2022-11-29,316035861020.9537,16443.0368199883,19220042.16622429
2022-11-30,330155532207.7363,17176.8986914085,19220904.66615331
2022-12-01,326027592017.76044,16961.2918042081,19221860.91609325
2022-12-02,328228712887.5605,17075.1091370544,19222642.16603319
2022-12-03,324867019678.67773,16899.5073831093,19223460.91598951
2022-12-04,329153600280.11,17121.7149824664,19224335.91595128
2022-12-05,326086201568.41547,16961.3517866745,19225248.4159076
2022-12-06,328199310631.1556,17070.5158281707,19226092.16585846
2022-12-07,323944154279.1225,16848.2518243717,19227167.1658257
2022-12-08,331330076551.5836,17231.4563223261,19228210.9157711
2022-12-09,329513766613.9268,17136.1490008767,19229160.91573834
2022-12-10,329300761676.0754,17124.2146797195,19230123.4150067
2022-12-11,328742369908.81226,17094.3606592636,19231042.12327845
2022-12-12,330703233431.764,17195.5249962011,19231935.83823839
2022-12-13,341864385936.1696,17774.9166320865,19232967.05195517
2022-12-14,342550310001.91003,17809.7240835769,19233892.02406511
2022-12-15,333608737800.18677,17344.0544569258,19234760.74344143
2022-12-16,319428047892.88965,16606.1101750438,19235573.20322591
2022-12-17,322679384960.55084,16774.3853702513,19236435.66296085
2022-12-18,322727877320.70087,16776.1159254822,19237341.87068242
2022-12-19,315970590232.1877,16424.1313857393,19238191.82952578
2022-12-20,325175184915.4376,16901.8169362946,19239066.79033799
2022-12-21,323241590694.86566,16800.5329707773,19239960.49750977
2022-12-22,323519164532.47,16814.2225791935,19240804.20660089
2022-12-23,322884484946.6077,16780.5169798363,19241629.1664071
2022-12-24,323992454902.6669,16837.612170076,19242185.39006796
2022-12-25,323761497306.50684,16824.8389736996,19243066.62385341
2022-12-26,324835384948.265,16879.9382273524,19243872.84912565
2022-12-27,321363727065.9362,16698.9112708942,19244591.56963517
2022-12-28,318251590263.80304,16536.2942001753,19245641.52108695
2022-12-29,320081089139.22046,16630.5931551724,19246522.72788417
2022-12-30,319387194706.514,16593.6888287551,19247510.18309141
2022-12-31,318066160917.6291,16524.2178024547,19248485.14586753
2023-01-01,319670907154.7215,16606.7520432496,19249453.85600931
2023-01-02,321265002247.2439,16688.7192729398,19250428.80721017
2023-01-03,320922182113.7682,16670.0773836937,19251391.26394741
2023-01-04,324369544293.4295,16848.3660391584,19252284.97170235
2023-01-05,323932356386.7127,16824.8001826417,19253266.18267459
2023-01-06,326513313120.37085,16957.8622738165,19254391.14012137
2023-01-07,326236304322.311,16942.6285891292,19255353.59558269
2023-01-08,328498009829.2725,17059.2399444769,19256309.82965493
2023-01-09,330884397269.81604,17182.3198521333,19257259.79479625
2023-01-10,335747837175.3695,17433.9146320865,19258316.00422303
2023-01-11,343463621577.3181,17833.7107656341,19259234.72075027
2023-01-12,363433875432.7606,18869.7044842198,19260178.43770103
2023-01-13,382694927746.06995,19868.7247454705,19261172.15113735
2023-01-14,404717454271.446,21010.9227200468,19262240.86699913
2023-01-15,402139971938.0668,20876.0085561075,19263259.58610591
2023-01-16,408023232448.03577,21180.4119485681,19264178.30960177
2023-01-17,408003184105.71906,21178.2993962595,19265153.28127717
2023-01-18,398993060386.0528,20709.6686040327,19266028.25060941
2023-01-19,405989633549.5902,21071.8334152542,19266934.46881981
2023-01-20,436621242754.64154,22660.7169421391,19267759.43892205
2023-01-21,439385714224.06366,22803.172761543,19268621.90708291
2023-01-22,437732794648.68384,22716.2771966686,19269565.64488826
2023-01-23,441854991915.7521,22929.0248936295,19270553.10749456
2023-01-24,435747150905.5123,22611.1268787259,19271359.3286451
2023-01-25,445368746306.4168,23109.0845189947,19272453.04504998
2023-01-26,443456176561.58954,23008.6894766219,19273421.76581441
2023-01-27,444669613307.60205,23070.4964582116,19274384.23846005
2023-01-28,443504792891.1736,23008.8094649328,19275434.20128317
2023-01-29,458297300768.152,23774.9963679135,19276440.41143432
2023-01-30,439511464587.8264,22799.427261543,19277302.87019857
2023-01-31,445901640172.674,23130.0519132087,19278021.59051949
2023-02-01,457433839815.10974,23727.2026075395,19278877.80878799
2023-02-02,453182984739.08746,23505.6048430742,19279784.02447344
2023-02-03,452049702984.0979,23445.8131773816,19280615.24520696
2023-02-04,450328730991.77454,23355.5243863238,19281465.21323545
2023-02-05,442670747793.2454,22957.2251905319,19282415.19257359
2023-02-06,438602754424.7974,22745.1650371128,19283340.16082709
2023-02-07,448672031309.6344,23266.2692036821,19284227.62505593
2023-02-08,442353295733.7822,22937.5799453536,19285090.09179011
2023-02-09,420788022144.0468,21818.1989456458,19286102.54184259
2023-02-10,416996331015.9051,21620.5667837522,19287021.25095429
2023-02-11,421728294573.3244,21864.8626414378,19287946.21257187
2023-02-12,419961857108.6628,21772.1373252484,19288958.67387569
2023-02-13,420495779524.61456,21798.7157168323,19289933.6358573
2023-02-14,428690299515.88525,22222.415043834,19290896.09163937
2023-02-15,468882522753.51,24304.6129827586,19291914.79354679
2023-02-16,458063860579.9492,23742.4488354763,19293033.49263214
2023-02-17,474775525177.3805,24607.3356054939,19294064.69635749
2023-02-18,475364602543.9585,24636.5266127995,19295114.52710183
2023-02-19,470188548638.2596,24366.9907606663,19296127.01282949
2023-02-20,478525110573.91046,24797.8430359439,19297045.7099958
2023-02-21,470880895681.777,24400.3893898305,19298089.39352537
2023-02-22,466335136342.27606,24163.7389812975,19298964.31604459
2023-02-23,461464448220.81104,23910.0342104033,19300032.95520284
2023-02-24,447313723306.11865,23175.8242036821,19300876.6106817
2023-02-25,447020226642.79895,23159.8154403857,19301545.29052475
2023-02-26,454423557531.8094,23542.0964281122,19302595.20087476
2023-02-27,453712418114.22455,23504.1894178843,19303470.11962878
2023-02-28,446816954241.5268,23145.9491277031,19304326.2895077
2023-03-01,455812950761.41614,23610.6590902981,19305388.68136532
2023-03-02,453119084947.0604,23470.0254815897,19306288.58083239
2023-03-03,431520872630.53033,22350.0962340736,19307338.46114988
2023-03-04,431236820216.16016,22334.2852638808,19308288.36119328
2023-03-05,432910012445.1529,22419.8171390999,19309257.06303656
2023-03-06,432829758358.50635,22414.7033056692,19310081.97860168
2023-03-07,428217144455.89264,22174.6484725307,19311113.09324048
2023-03-08,419095929575.50745,21701.3846227352,19311944.23126562
2023-03-09,393011644658.6809,20349.8141732905,19312787.88651131
2023-03-10,390915883867.3412,20240.406694623,19313637.80210951
2023-03-11,397596985986.37195,20585.2343290473,19314668.93361194
2023-03-12,426219300507.4272,22065.9800359439,19315675.07145146
2023-03-13,466582802785.16895,24154.4290946815,19316656.21059554
2023-03-14,478477196465.55774,24769.0175691409,19317568.61691925
2023-03-15,471560444512.56,24409.8017518995,19318487.27431244
2023-03-16,483818462449.3984,25043.2388468732,19319324.68510582
2023-03-17,530352818442.7366,27450.6282933957,19320243.33921469
2023-03-18,521398305888.95514,26985.7359915254,19321255.72015879
2023-03-19,544599611414.525,28185.2043319696,19322180.70872038
2023-03-20,537846862752.9635,27834.3361090006,19323143.20868762
2023-03-21,544412485046.96814,28172.7950558153,19324049.4586494
2023-03-22,528376772923.254,27341.5571297487,19325043.20861664
2023-03-23,548629664659.69635,28387.8897495617,19326186.95858388
2023-03-24,530804620773.4184,27464.1249453536,19327199.45855112
2023-03-25,531309425740.7959,27488.954880187,19328105.7085129
2023-03-26,542166852116.8292,28049.3916911163,19329005.70847468
2023-03-27,524904198224.35614,27154.9963702513,19329930.70842007
2023-03-28,527419972348.9932,27283.9634029807,19330768.20838185
2023-03-29,548812901630.88776,28389.2917784921,19331686.95834363
2023-03-30,541731139042.2273,28021.5583009936,19332655.70826653
2023-03-31,551289644886.5577,28514.6813062537,19333536.95822831
2023-04-01,550925636746.9945,28494.5638863238,19334411.95818462
2023-04-02,544521897457.7699,28161.9980362361,19335343.2081464
2023-04-03,538531058881.4758,27850.9799436002,19336161.95810817
2023-04-04,543644520583.2456,28113.9585187025,19337174.45807541
2023-04-05,545145463891.8711,28190.3116063705,19338043.20803173
2023-04-06,542442263241.96606,28049.0744763296,19339043.20799351
2023-04-07,540295858608.64746,27936.8042609585,19339930.70795529
2023-04-08,540848505456.9017,27964.0512498539,19340849.45791706
2023-04-09,548489957869.8929,28357.8072703098,19341761.9578843
2023-04-10,574232641225.8341,29687.5651846873,19342530.70784062
2023-04-11,585084494471.6055,30247.0959193454,19343493.2078024
2023-04-12,578651893926.3026,29913.0035463472,19344493.20776964
2023-04-13,587535115392.9287,30370.82207218,19345380.70772596
2023-04-14,589267023015.4193,30458.9700414962,19346255.70768228
2023-04-15,587035196990.9066,30342.0591084161,19347243.20763314
2023-04-16,586495138075.4224,30312.9308533022,19348018.20760038
2023-04-17,570205069298.4104,29469.5050727645,19348986.95755124
2023-04-18,587599723277.2472,30366.8723813559,19350024.45750755
2023-04-19,557242719709.9989,28796.7440952659,19350893.20745841
2023-04-20,546710916057.33606,28251.2763790181,19351724.45742565
2023-04-21,528172405706.8922,27292.0211052016,19352630.70737651
2023-04-22,538562166443.6984,27827.5475920514,19353561.95734374
2023-04-23,534274354377.7351,27604.6855742256,19354480.70731098
2023-04-24,532663425806.69855,27520.1996729982,19355361.95725092
2023-04-25,547831002433.11847,28302.6942180012,19356143.20719632
2023-04-26,549432360964.4666,28384.2340333139,19356955.7071581
2023-04-27,570387314623.2344,29465.5514272355,19357768.20711442
2023-04-28,568193179248.3892,29350.811886616,19358686.95705436
2023-04-29,565715172681.3684,29221.5145075979,19359543.20691614
2023-04-30,568463747930.4902,29362.0867974868,19360468.20688327
2023-05-01,544350638079.246,28114.9531873174,19361605.70684505
2023-05-02,555518848523.076,28690.5809959088,19362411.95681229
2023-05-03,562407679427.0454,29045.0427735243,19363293.20677407
2023-05-04,558770759439.337,28855.8574465225,19364205.70675768
2023-05-05,572291761122.6547,29552.9695236704,19364949.45674676
2023-05-06,559663552176.2677,28899.4629602572,19365880.70670801
2023-05-07,557021382195.3127,28761.738434249,19366749.45670255
2023-05-08,537011131120.9944,27727.2854091175,19367605.70670255
2023-05-09,535393735937.8805,27642.4281092928,19368549.45669163
2023-05-10,535492387106.549,27646.004902104,19369611.95669163
2023-05-11,522739066994.568,26986.271065751,19370555.70667524
2023-05-12,518638152372.56696,26773.3443591467,19371436.95667524
2023-05-13,519980779846.8074,26841.3982913501,19372343.20666432
2023-05-14,521499075810.7013,26918.261597896,19373430.70666432
2023-05-15,527594953250.6773,27231.6216052016,19374349.45665886
2023-05-16,523631551804.1511,27025.7181864407,19375305.7066534
2023-05-17,530931006408.4277,27401.0440610754,19376305.70663702
2023-05-18,520146384933.0292,26843.2350938048,19377186.95661518
2023-05-19,521068147947.558,26889.503631502,19378124.45660426
2023-05-20,525185993610.3449,27100.8582878434,19378943.20660416
2023-05-21,518937128063.57935,26777.0977831677,19379886.95659869
2023-05-22,520543460954.97534,26858.7370637054,19380786.95659869
2023-05-23,527704099086.77527,27226.8558763881,19381749.45658765
2023-05-24,510566222468.4846,26341.4306446522,19382630.70658765
2023-05-25,513370789092.2958,26484.8359234366,19383574.45658218
2023-05-26,517962100400.9786,26720.3838071303,19384530.70658218
2023-05-27,520586999345.351,26854.5403702513,19385436.95657672
2023-05-28,544710821944.3064,28097.5211259497,19386436.95657672
2023-05-29,538293946912.9947,27765.0728693746,19387449.45657042
2023-05-30,537301203182.37537,27712.4915844535,19388411.95657042
2023-05-31,527731641093.4781,27217.6832580362,19389293.20656496
2023-06-01,520147121316.72687,26825.3713451198,19390118.2065595
2023-06-02,528510029107.58826,27255.2279941555,19391143.2045595
2023-06-03,525122689418.9404,27079.4084643483,19391955.70354857
2023-06-04,526676790956.72736,27158.25456955,19392880.70254856
2023-06-05,500084181918.0878,25785.8514842198,19393743.2015431
2023-06-06,527802559981.0705,27213.7705187025,19394686.95153218
2023-06-07,510870113654.00055,26339.5790292227,19395530.69877126
2023-06-08,514427849387.03986,26521.693600526,19396493.19290972
2023-06-09,513466277051.1745,26470.6775780245,19397549.4407988
2023-06-10,501707862683.3152,25863.2138506721,19398511.9397788
2023-06-11,502580307777.0159,25906.8281516657,19399530.68877334
2023-06-12,502604249932.6571,25906.7519354179,19400511.92776242
2023-06-13,502125710654.5159,25880.8599734074,19401430.67774604
2023-06-14,486948042919.9202,25097.5853796026,19402186.92574603
2023-06-15,495926918719.6621,25559.1433293396,19403111.92474055
2023-06-16,510944432248.7327,26331.8200943892,19404068.17368485
2023-06-17,514505988281.25287,26514.1713495032,19404943.17167839
2023-06-18,511422019499.6096,26353.962682934,19405886.91167839
2023-06-19,519675836338.162,26778.0634415547,19406774.40967293
2023-06-20,549340968935.672,28305.4204573349,19407624.40761833
2023-06-21,584182850882.5013,30099.5153509643,19408380.6357296
2023-06-22,581355386790.9049,29952.5112866745,19409236.8825696
2023-06-23,594691002089.546,30638.3537644652,19410018.13156414
2023-06-24,592984835953.4076,30549.0162872589,19410930.62956414
2023-06-25,591430505950.9973,30467.4403705435,19411886.87851847
2023-06-26,587351447287.8134,30255.8861241964,19412799.37651846
2023-06-27,595360633206.1908,30667.0762948568,19413674.37449651
2023-06-28,584450413633.0168,30104.0432717709,19414349.3734965
2023-06-29,591404272513.048,30460.792978083,19415261.87248547
2023-06-30,591894717187.0422,30484.503257744,19416249.37046277
2023-07-01,593807120118.1417,30581.6889655172,19417080.61931102
2023-07-02,594083065323.3347,30594.2164736996,19418149.36931102
2023-07-03,604617684181.0029,31135.3575993571,19419005.61930554
2023-07-04,598131495142.3197,30799.9474558738,19419886.86828916
2023-07-05,592293990836.9595,30497.8221282876,19420861.8682837
2023-07-06,582258236308.4534,29979.7298094681,19421730.61628349
2023-07-07,589091989840.958,30329.8829786674,19422824.35627257
2023-07-08,587838636815.4672,30263.6196341321,19423936.8562671
2023-07-09,585920361083.212,30163.2210563998,19424993.10626164
2023-07-10,590445229947.0143,30394.6555806546,19425955.60526164
2023-07-11,594775689277.0168,30616.247094097,19426799.35424526
2023-07-12,590322472174.5057,30385.6087852133,19427699.35423434
2023-07-13,610728166020.4672,31434.7354704851,19428449.35322888
2023-07-14,588915499105.7461,30310.6720204559,19429311.85122857
2023-07-15,588557285440.3251,30290.8905958504,19430174.34822311
2023-07-16,587787667157.1555,30249.7729658095,19431143.09722311
2023-07-17,585753069498.2948,30143.7462744009,19431993.09621765
2023-07-18,579798246310.3221,29835.7474076563,19433005.59521218
2023-07-19,581327738448.3727,29913.0294646406,19433930.59320671
2023-07-20,579263933757.5835,29805.6065707189,19434730.58946748
2023-07-21,581502126093.2744,29919.6934921099,19435430.58843908
2023-07-22,577762692312.1978,29726.0096271186,19436268.08843907
2023-07-23,584409586208.3058,30066.5724482759,19437186.83643361
2023-07-24,567172583835.5377,29178.3597042665,19438124.3354336
2023-07-25,568031588349.4268,29221.2548533022,19438986.83342257
2023-07-26,570786020995.8512,29361.5917580362,19439886.83241699
2023-07-27,567702667641.671,29201.6865175336,19440749.33140607
2023-07-28,569956745528.741,29316.3130751023,19441624.32938379
2023-07-29,570837626124.9584,29360.376179135,19442449.32837833
2023-07-30,568971946350.4604,29262.8367337814,19443499.32737833
2023-07-31,568161304123.1444,29219.8201887785,19444380.57635069
2023-08-01,573626834711.752,29499.5875385739,19445249.32633966
2023-08-02,566723906311.3193,29143.1519620105,19446211.82533966
2023-08-03,567708072135.62,29192.3448617767,19447155.57532874
2023-08-04,565102898970.0577,29057.2532437171,19447911.82532874
2023-08-05,565050006983.1484,29053.0956975453,19448874.32532326
2023-08-06,564981518319.1797,29048.0433275862,19449899.32532326
2023-08-07,567270450866.943,29164.3585873758,19450811.82455677
2023-08-08,579258937400.4265,29779.511383986,19451593.07455677
2023-08-09,575465345987.5969,29582.9442375804,19452605.57455131
2023-08-10,572516652889.1097,29430.1599117475,19453399.32252903
2023-08-11,571953498583.0272,29399.784739626,19454343.07252357
2023-08-12,572294481733.854,29415.733902104,19455386.82252357
2023-08-13,569797456814.3981,29286.1176110462,19456230.57251811
2023-08-14,572219165382.1079,29408.9717127411,19457299.32251254
2023-08-15,567553842371.7332,29167.59721654,19458368.07050708
2023-08-16,559540898713.4391,28754.2924079486,19459386.82040961
2023-08-17,518824196992.3581,26660.5627264757,19460361.82038766
2023-08-18,506719180176.8718,26037.3658474576,19461230.56938765
2023-08-19,507843828672.9706,26093.981808007,19462105.56938219
2023-08-20,509475768372.07227,26176.4721642315,19463118.06937219
2023-08-21,508576908784.24,26128.9050160725,19464149.31936116
2023-08-22,505666970507.7364,25978.2096914085,19465043.06934478
2023-08-23,514916563795.6458,26452.1935882525,19465930.56933932
2023-08-24,508605062140.85895,26126.7943331385,19466799.31933932
2023-08-25,506954581484.77936,26040.881255114,19467643.06930749
2023-08-26,506301182375.6108,26006.1740800701,19468499.31930649
2023-08-27,507881219035.4736,26086.3612594974,19469224.31930082
2023-08-28,508229798236.06354,26103.2765730567,19469961.81930082
2023-08-29,538804434657.69055,27672.2221306254,19470949.31929536
2023-08-30,531558900196.0871,27298.997779661,19471736.81929535
2023-08-31,505409690842.3523,25954.8665935126,19472636.81827897
2023-09-01,502472681320.6064,25802.7885298071,19473580.56824577
2023-09-02,503772923101.216,25868.2960976037,19474530.56824577
2023-09-03,505634064276.9361,25962.5475689655,19475518.06824031
2023-09-04,502483154477.98334,25799.5256870251,19476449.31824031
2023-09-05,502168852413.6942,25782.3622200468,19477224.31822939
2023-09-06,501653557916.837,25754.7902676797,19478068.06822939
2023-09-07,510555856977.8189,26210.6045637054,19478980.56822393
2023-09-08,504618646366.032,25904.6982127411,19479811.81721846
2023-09-09,504446774367.6367,25894.6205976037,19480755.567213
2023-09-10,503240183985.3009,25831.4647802455,19481674.317213
2023-09-11,489697629060.51953,25135.0393781414,19482668.06720754
2023-09-12,503838775481.52295,25859.7018068381,19483549.3171964
2023-09-13,511016547221.9484,26226.8667524839,19484468.04739079
2023-09-14,517457530984.23016,26556.056943308,19485480.54739079
2023-09-15,519760082134.145,26672.6160818235,19486655.54738533
2023-09-16,517506259356.38794,26555.6361031561,19487624.29738533
2023-09-17,516494120490.55426,26502.4321189363,19488555.54737986
2023-09-18,521630111130.5716,26764.6319064874,19489530.54736894
2023-09-19,530432200788.9904,27215.0504848042,19490399.29524153
2023-09-20,528865632041.9488,27133.4037235535,19491311.79524153
2023-09-21,517938166731.5329,26571.5952919345,19492174.29518607
2023-09-22,518145793262.0893,26581.1476116306,19492980.54518061
2023-09-23,518067003459.20776,26575.776386616,19493955.54517515
2023-09-24,512454598334.4112,26286.6410488019,19494868.03517515
2023-09-25,512520696246.095,26288.8095005845,19495774.28505082
2023-09-26,510705063524.10785,26194.5378880772,19496624.28504082
2023-09-27,513490549820.47455,26336.0825973115,19497605.53503481
2023-09-28,527111733520.92126,27033.4254415546,19498518.03503481
2023-09-29,524754246922.81,26911.2514739918,19499436.78501742
2023-09-30,526073093616.7237,26977.6933126826,19500299.28501742
2023-10-01,545060830633.9652,27950.1453594389,19501180.53500196
2023-10-02,537594432787.1499,27565.8892954413,19502161.78500196
2023-10-03,535150716312.29047,27439.1422393337,19503186.78494104
2023-10-04,542157740802.6999,27797.251176505,19504005.53494104
2023-10-05,534947755956.13696,27426.3450926359,19504886.78492465
2023-10-06,545032774162.6376,27941.9633760959,19505886.78492465
2023-10-07,545663221045.67993,27972.7515704266,19506955.53391919
2023-10-08,544978512422.1076,27936.3261157218,19507880.53391919
2023-10-09,538275597960.00214,27591.3467618352,19508855.53381373
2023-10-10,534956624501.6669,27419.7971803039,19509868.03381373
2023-10-11,523440934621.2323,26828.1725710111,19510868.03380827
2023-10-12,521774344475.74725,26741.3405990649,19511899.28353827
2023-10-13,523770269515.9214,26842.4467703098,19512761.78352188
2023-10-14,524176108562.75214,26861.9892375804,19513674.28252188
2023-10-15,529440285566.39777,27130.3067092344,19514718.03251642
2023-10-16,556327162174.4191,28506.7936741671,19515599.28251642
2023-10-17,554919826688.8004,28433.2051522501,19516611.7825055
2023-10-18,552893715020.0322,28328.0750195792,19517518.0324782
2023-10-19,559989684490.2711,28690.358041204,19518393.03246182
2023-10-20,579818457347.6527,29704.9853673291,19519230.53243997
2023-10-21,584093133773.0231,29922.5464044418,19520168.03243451
2023-10-22,585324500584.1046,29984.1593196961,19521124.28243451
2023-10-23,643334765892.806,32954.1690482174,19522105.53242902
2023-10-24,661454292586.7697,33880.9566537113,19522893.03242901
2023-10-25,673349438741.381,34488.6589210988,19523793.03242355
2023-10-26,667384425419.4128,34181.4922521917,19524730.53240151
2023-10-27,661861216442.4817,33896.938528346,19525693.03239602
2023-10-28,665695994028.7043,34091.5890327294,19526693.03239598
2023-10-29,675152083745.6385,34574.3377206312,19527549.2823905
2023-10-30,673638496021.2749,34495.1050207481,19528524.28239007
2023-10-31,676431849484.7964,34636.4264736996,19529493.03238398
2023-11-01,692001591886.2856,35431.9794532437,19530424.28237621
2023-11-02,681309570415.5433,34882.9173366452,19531324.28232469
2023-11-03,677927038798.8893,34708.2218804792,19532174.28231819
2023-11-04,685441863797.9692,35091.0763062537,19533224.28231745
2023-11-05,685750422606.9633,35105.0420265926,19534243.03231134
2023-11-06,684072353457.0869,35017.7151484512,19535036.78229968
2023-11-07,691930690430.0776,35418.4768901227,19535868.03228795
2023-11-08,699376281704.5089,35797.8946090006,19536799.28228701
2023-11-09,716551269713.5323,36675.3264333723,19537693.03227018
2023-11-10,730110600644.3363,37367.4943722969,19538655.53226972
2023-11-11,722575118046.0164,36979.9312405026,19539655.53225825
2023-11-12,724046805388.6791,37053.3410514319,19540661.78225779
2023-11-13,714107277954.3352,36543.2680870836,19541418.03225147
2023-11-14,695523122553.6345,35590.6835645821,19542280.53225089
2023-11-15,739525714298.6049,37840.5534894798,19543205.53223946
2023-11-16,706723664687.0618,36160.4044509059,19544130.53223902
2023-11-17,714757510003.9954,36569.7120534775,19545068.03222224
2023-11-18,714942322047.2709,36577.4249617183,19545999.28222189
2023-11-19,731895327518.4427,37442.7285119813,19547061.7822161
2023-11-20,733367477325.5005,37516.0503708358,19548099.28221029
2023-11-21,704450637687.3756,36035.0330862069,19549049.28218361
2023-11-22,731226964175.8768,37403.0347168323,19549936.78218325
2023-11-23,729476032042.607,37311.7192156634,19550855.53217752
2023-11-24,737474104744.7794,37718.7841630625,19551905.5321772
2023-11-25,739102058354.121,37800.1260932203,19552899.28217154
2023-11-26,732929768941.7416,37482.7055260082,19553811.7821613
2023-11-27,728003902580.5377,37229.2452197545,19554624.28215563
2023-11-28,739756186708.6306,37828.4655911748,19555543.03215545
2023-11-29,740147934698.2544,37846.8531227352,19556393.03214977
2023-11-30,737556192386.4604,37712.7114789597,19557230.53214963
2023-12-01,756975202401.7816,38703.5536820573,19558286.78214399
2023-12-02,771845911078.7955,39462.2799272355,19559080.53214366
2023-12-03,781978503111.6078,39978.2226104617,19560111.7821325
2023-12-04,819810743285.1487,41910.2994815897,19561080.53213206
2023-12-05,862036250724.3539,44067.0054763296,19561943.03212622
2023-12-06,855790704203.0582,43745.8343907072,19562793.03212585
2023-12-07,846760011628.9463,43282.6182261835,19563511.78212008
2023-12-08,864843357731.6556,44205.0522089421,19564355.53211968
2023-12-09,855787955926.2657,43740.0063927528,19565336.78211944
2023-12-10,855683506559.4653,43732.7120900059,19566211.7821184
2023-12-11,806362223760.3176,41209.8947904734,19567199.2821182
2023-12-12,811435726173.2714,41467.2735698422,19568099.28211442
2023-12-13,840275791000.0148,42939.0607583285,19569030.53211368
2023-12-14,842156042637.0099,43033.1371560491,19569943.03211355
2023-12-15,821551732456.0333,41978.0970195792,19570961.78211341
2023-12-16,825997582210.4384,42203.2140450029,19571911.78211322
2023-12-17,810877031378.7363,41428.6657855056,19572849.28211309
2023-12-18,834547547301.949,42635.7331911163,19573899.28211291
2023-12-19,827467989591.4052,42271.863025716,19574911.78205268
2023-12-20,853606590402.8163,43605.1555549386,19575818.03205239
2023-12-21,858835832285.3038,43870.2382340736,19576730.53205018
2023-12-22,861608364729.856,44009.5016551724,19577780.53204999
2023-12-23,856939861545.1432,43768.8067518995,19578780.53204988
2023-12-24,843848610986.327,43097.8093258329,19579849.28204977
2023-12-25,854184356141.2782,43623.7504029807,19580718.03204967
2023-12-26,832043610688.7291,42491.1229079486,19581586.78204955
2023-12-27,850599611615.5895,43436.9594269433,19582393.03204946
2023-12-28,835626290884.1329,42670.6797180012,19583149.28204935
2023-12-29,822504553591.4152,41998.6033442431,19584092.99589623
2023-12-30,826574939575.0736,42204.4917744009,19584999.24589619
2023-12-31,826864184822.2916,42217.1587913501,19585974.24589616
2024-01-01,862794527491.1962,44049.4735534775,19586942.99589609
2024-01-02,880296744332.1411,44941.160493571,19587761.74589597
2024-01-03,837882334394.8176,42773.6515423729,19588749.24589465
2024-01-04,866863769397.9294,44250.7452670953,19589811.74589451
2024-01-05,864856217418.0073,44146.3222022209,19590674.24589445
2024-01-06,860421264320.4421,43917.9798147282,19591549.24589436
2024-01-07,859008059190.415,43844.195949737,19592286.74589408
2024-01-08,920507694271.3322,46981.3242995324,19593055.49589401
2024-01-09,902970262822.9578,46084.005795149,19594005.49589394
2024-01-10,917394187765.1335,46818.1592764465,19594836.7458919
2024-01-11,908875740937.4847,46380.8708082992,19595917.99589184
2024-01-12,839091815873.3529,42817.4305356517,19596967.99588868
2024-01-13,839712974628.9417,42846.9544699006,19597961.74588858
2024-01-14,820955897438.4493,41888.1513068381,19598761.74588853
2024-01-15,833544457525.6849,42528.9192489772,19599474.24588579
2024-01-16,846171395720.248,43171.4472241379,19600255.49588569
2024-01-17,836753555542.931,42689.304327294,19601011.74588458
2024-01-18,808811755816.4711,41261.9076177674,19601899.24588451
2024-01-19,815607676546.7239,41606.8535330216,19602724.24588441
2024-01-20,816857089192.0227,41668.6904102864,19603617.99588432
2024-01-21,814314028256.8574,41537.1123562244,19604492.99588423
2024-01-22,775928554108.8254,39577.0998603156,19605492.99588416
2024-01-23,779107885559.9141,39737.3143617767,19606455.49587864
2024-01-24,786292868063.8228,40101.8568980129,19607392.99587857
2024-01-25,782726426382.1895,39917.6611461134,19608524.244873
2024-01-26,820866927315.7286,41860.7310458796,19609474.24487293
2024-01-27,826100034581.4243,42125.3014155465,19610542.9948698
2024-01-28,823351807165.9026,41983.0202744009,19611542.99486977
2024-01-29,847620609856.2833,43218.3470821157,19612517.99486426
2024-01-30,842397364504.3269,42950.0541277031,19613417.99476277
2024-01-31,835359963215.0078,42589.4708059614,19614236.7445918
2024-02-01,843852657325.6138,43020.3596548802,19615192.99455433
2024-02-02,846551917090.7051,43155.3852030976,19616367.99455428
2024-02-03,843198728324.983,42982.3789979544,19617311.74454332
2024-02-04,835273625240.0701,42576.2913050847,19618280.49453234
2024-02-05,836158430969.5535,42619.2742738165,19619255.4945323
2024-02-06,845688803310.792,43102.7062632963,19620317.99453229
2024-02-07,868302802756.0364,44253.0314731151,19621317.99453227
2024-02-08,889514483023.9789,45332.09157218,19622180.49453222
2024-02-09,925763898219.7604,47176.9665137347,19623217.99453217
2024-02-10,937895843905.5869,47792.8972156634,19624167.99453216
2024-02-11,945941841244.1549,48200.7986057861,19625024.24452782
2024-02-12,981107036008.364,49989.80371654,19626142.99451125
2024-02-13,974049946091.3964,49628.0941528346,19626986.74447811
2024-02-14,1017592289633.9614,51844.2929193454,19627855.49447146
2024-02-15,1019505042839.3536,51939.1472919345,19628836.74445056
2024-02-16,1023831051832.7769,52157.3123977206,19629674.24444057
2024-02-17,1014408246958.517,51674.8158521333,19630611.74443719
2024-02-18,1023737845114.2452,52148.0645365283,19631367.99443716
2024-02-19,1017043227936.4346,51804.8051537113,19632217.99442621
2024-02-20,1026969199193.7712,52308.0531712449,19633099.24442615
2024-02-21,1015946034869.6826,51744.321808007,19633961.7444261
2024-02-22,1007114829786.9012,51292.3252574518,19634805.49442602
2024-02-23,997285419197.9481,50789.1431759205,19635799.24440955
2024-02-24,1012824030063.5236,51578.2349164231,19636655.4944095
2024-02-25,1016180820662.2231,51746.4789669784,19637680.49437124
2024-02-26,1071316673976.7393,54551.8259184687,19638511.74437117
2024-02-27,1120420896302.564,57049.888220339,19639317.99437111
2024-02-28,1226744513760.7969,62460.740619813,19640249.24436558
2024-02-29,1205859852279.2776,61394.7818515488,19641080.49434917
2024-03-01,1228106988685.405,62524.401817066,19642042.99432728
2024-03-02,1218830448923.2932,62049.6145637054,19642836.74432721
2024-03-03,1237391640177.7898,62991.4422913501,19643805.49431723
2024-03-04,1337637736660.5847,68091.8388243717,19644611.74430514
2024-03-05,1256349969665.857,63950.524329924,19645655.494305
2024-03-06,1298708781023.34,66103.7215400351,19646530.49430491
2024-03-07,1317775703379.3416,67070.3791484512,19647655.49427749
2024-03-08,1342859547465.889,68343.7149552893,19648617.99427193
2024-03-09,1346049345988.8496,68502.5053392753,19649636.74426524
2024-03-10,1353572780460.2922,68882.2513395675,19650530.49424315
2024-03-11,1418807431184.4077,72198.0875341905,19651592.99423977
2024-03-12,1403829853146.6147,71432.7283018702,19652474.24421644
2024-03-13,1436306869781.038,73081.5759053185,19653474.24420429
2024-03-14,1405390053436.6956,71505.2729076563,19654355.49419763
2024-03-15,1364557049381.3796,69424.9141753361,19655149.24419096
2024-03-16,1286167673667.403,65433.6819006429,19656049.24418545
2024-03-17,1342277385497.008,68285.0891691993,19656961.74418201
2024-03-18,1332230717578.118,67770.8865245471,19657861.74415137
2024-03-19,1218244887373.998,61969.3075394506,19658842.99414585
2024-03-20,1333878479086.9724,67848.1076396844,19659774.24412035
2024-03-21,1286874418578.5916,65454.7357232612,19660524.24410392
2024-03-22,1248231144166.5354,63486.4849997078,19661367.993082
2024-03-23,1265492833453.943,64361.2429047341,19662342.99308194
2024-03-24,1323142018390.2087,67289.5658310929,19663405.49308191
2024-03-25,1377322433812.7395,70042.0204237288,19664230.49307314
2024-03-26,1377951907816.7256,70071.0472144945,19665067.9930425
2024-03-27,1362216604596.2065,69267.8879815897,19665917.9930282
2024-03-28,1392943231125.4192,70826.8968714202,19666867.99301939
2024-03-29,1375112180619.6648,69917.0430070134,19667767.99301605
2024-03-30,1370183441931.534,69663.0119073641,19668736.74301601
2024-03-31,1401014986716.4766,71227.4517939801,19669592.99300506
2024-04-01,1372838341430.1897,69791.6277305669,19670530.49299956
2024-04-02,1289144341529.4673,65533.7548351841,19671455.49299954
2024-04-03,1300936296061.3972,66130.2162393337,19672342.99299949
2024-04-04,1346397493893.6897,68438.135024547,19673205.49297218
2024-04-05,1335970050153.9253,67904.9094766219,19674130.49293393
2024-04-06,1360259059730.4453,69136.0710783168,19675099.24290541
2024-04-07,1365381654693.3076,69392.6830108124,19676161.74288233
2024-04-08,1411103414779.7263,71712.7972840444,19677149.24284075
2024-04-09,1359253099652.0125,69074.5418638223,19678061.74280136
2024-04-10,1388933299151.329,70579.4456767972,19679005.49278382
2024-04-11,1378504301565.5657,70046.5536057861,19679830.49278382
2024-04-12,1320536537240.2312,67098.113691993,19680680.49277836
2024-04-13,1270486530668.2883,64551.6482875512,19681705.49276744
2024-04-14,1292144961483.2134,65648.8099602572,19682686.74276744
2024-04-15,1247806826197.3333,63393.325166277,19683567.99275647
2024-04-16,1255578626046.309,63784.8203340152,19684599.24275641
2024-04-17,1207195172504.9727,61324.2184286967,19685455.4927367
2024-04-18,1250283688855.0876,63510.14500263,19686361.74273122
2024-04-19,1255313599075.9373,63762.6310300994,19687292.99271483
2024-04-20,1277889041416.1592,64907.9928366452,19687699.24271483
2024-04-21,1279102660225.9148,64968.192619813,19688136.74271483
2024-04-22,1318046160711.64,66944.5960911748,19688611.74270937
2024-04-23,1307069255153.7227,66385.3002919345,19689136.74270937
2024-04-24,1263876147635.96,64189.9679064874,19689621.11769845
2024-04-25,1270312365909.4153,64515.3874725307,19690067.99269845
2024-04-26,1255809257754.7332,63777.4715002922,19690483.61769845
2024-04-27,1248981539069.536,63429.3099649328,19690921.11769845
2024-04-28,1240133745037.1575,62978.5770049678,19691358.61769844
2024-04-29,1258469166546.7375,63908.3888766803,19691767.99269843
2024-04-30,1194063184619.588,60636.3261633548,19692208.61769843
2024-05-01,1144963991083.4077,58141.7772799532,19692621.11769297
2024-05-02,1165241347389.504,59170.1088936295,19693074.24267659
2024-05-03,1240367193696.9216,62983.6554783752,19693477.36767659
2024-05-04,1258069746191.7712,63881.1305429573,19693917.99266567
2024-05-05,1261769810812.1023,64067.5959918177,19694352.36766567
2024-05-06,1245260648377.0237,63228.1031341321,19694733.61766567
2024-05-07,1228916076889.098,62396.999720339,19695114.86765475
2024-05-08,1202987566725.9587,61079.27442782,19695511.74265472
2024-05-09,1240816052414.6277,62998.4903381064,19695964.8676547
2024-05-10,1199445712976.238,60896.6418880772,19696417.99264919
2024-05-11,1198430676128.048,60843.5729240211,19696914.86764918
2024-05-12,1210031928139.5818,61431.2746879018,19697327.36764917
2024-05-13,1238733522166.955,62886.9394491526,19697786.7426437
2024-05-14,1212534592795.9192,61555.5670046756,19698211.74263277
2024-05-15,1305656862270.2595,66281.5322542373,19698652.36763277
2024-05-16,1285745432661.9907,65269.2603246639,19699096.11762728
2024-05-17,1319013797948.891,66956.4409476914,19699580.49262727
2024-05-18,1319457427063.7263,66977.6006914085,19699980.49262727
2024-05-19,1305342162215.1062,66259.4704260666,19700461.74262181
2024-05-20,1402750979194.1008,71202.2025902981,19700949.24261848
2024-05-21,1383376851822.5369,70217.2546914085,19701380.49261845
2024-05-22,1360904192311.322,69074.9141350088,19701858.61760751
2024-05-23,1335008716623.4392,67758.7306586791,19702386.74257751
2024-05-24,1351795322625.1067,68608.998279661,19702886.74256659
2024-05-25,1365105657154.5444,69282.7925976037,19703386.74255113
2024-05-26,1348634376225.0068,68445.0069532437,19703911.74255105
2024-05-27,1366449886995.254,69347.815260374,19704296.11754556
2024-05-28,1346675790188.2783,68342.8204488603,19704714.86754006
2024-05-29,1331757571193.812,67584.2632402104,19705142.99254002
2024-05-30,1347374814099.0803,68375.4760260082,19705527.36754001
2024-05-31,1327745507331.984,67377.7626122151,19705989.86751266
2024-06-01,1334408183644.8196,67714.3526399766,19706430.49250719
2024-06-02,1336233753379.1138,67805.4855742256,19706867.99250718
2024-06-03,1356522583774.186,68833.3028351841,19707358.61712567
2024-06-04,1390464286885.4888,70554.0894330801,19707777.36709835
2024-06-05,1401002830701.5593,71087.4433158971,19708161.74209288
2024-06-06,1395140656059.825,70788.5013755114,19708577.36709285
2024-06-07,1366587206919.3804,69338.1573240795,19709021.11707542
2024-06-08,1366071661252.042,69310.1092618352,19709558.61707541
2024-06-09,1372686175118.295,69644.0190894214,19710036.74207538
2024-06-10,1369206330030.37,69465.9362478083,19710471.11703716
2024-06-11,1327886106724.7012,67368.263506429,19710855.49203714
2024-06-12,1344584160572.374,68213.8346838106,19711311.74203711
2024-06-13,1316420457334.039,66783.4902767388,19711764.86702071
2024-06-14,1300651738960.456,65982.1865195792,19712164.8670207
2024-06-15,1305069712028.442,66204.904308007,19712583.6170207
2024-06-16,1313337507861.0647,66622.5999336645,19713092.99199885
2024-06-17,1310631966548.8096,66483.8785260082,19713530.49199884
2024-06-18,1283620750458.029,65112.1230020456,19714005.49199881
2024-06-19,1279047103315.121,64878.7141525424,19714433.61697697
2024-06-20,1279448394407.8145,64897.7011542957,19714849.24197697
2024-06-21,1263474830674.3933,64086.0489228521,19715286.74197697
2024-06-22,1266898089628.074,64258.135506429,19715761.74197151
2024-06-23,1248917529606.7346,63345.0218760959,19716111.74197148
2024-06-24,1188100921863.343,60258.9554374635,19716586.74197148
2024-06-25,1217319401227.3342,61739.6658477498,19716974.24196055
2024-06-26,1198706106409.1135,60794.4760584454,19717352.36696053
2024-06-27,1214020888208.736,61569.9234275278,19717758.61696053
2024-06-28,1189071644235.0774,60303.3147364115,19718180.49194415
2024-06-29,1200656669706.713,60889.3298430742,19718671.11694415
2024-06-30,1237632202717.0747,62763.2796861485,19719049.24194414
2024-07-01,1239082028945.8328,62835.3997647575,19719489.86693321
2024-07-02,1223201373387.4175,62028.6170385739,19719952.36693319
2024-07-03,1187491669195.1455,60216.3920859147,19720405.49192773
2024-07-04,1132336135774.266,57418.2420213326,19720842.99191134
2024-07-05,1118607148795.7935,56720.9881256575,19721221.11691133
2024-07-06,1148973034600.3093,58259.221773232,19721736.74191132
2024-07-07,1106662108515.9316,56112.5725587376,19722177.36689043
2024-07-08,1118116169843.2405,56691.9149061952,19722674.2418795
2024-07-09,1143576800885.025,57981.4320967271,19723155.49186956
2024-07-10,1138484737067.4297,57722.0113527177,19723580.49186079
2024-07-11,1130338357125.1465,57307.712738457,19724017.99185086
2024-07-12,1141241450890.7737,57859.1202819988,19724486.74173565
2024-07-13,1170263359782.1216,59329.0372016365,19724967.99172466
2024-07-14,1203551433724.7993,61015.0339412624,19725489.86670117
2024-07-15,1276955826783.0232,64734.7611697837,19725967.99166178
2024-07-16,1284561804277.9807,65118.8266583869,19726427.36664754
2024-07-17,1266495577595.2537,64201.3707805377,19726924.24161113
2024-07-18,1262239275865.3447,63984.3022022209,19727327.36657918
2024-07-19,1316943858342.9053,66755.7833828171,19727786.7415737
2024-07-20,1325455815468.5513,67185.4978112215,19728302.36657367
2024-07-21,1342677522206.0012,68056.6201215663,19728830.49154719
2024-07-22,1332428244617.5244,67535.1976738749,19729389.86647783
2024-07-23,1300525327320.5208,65916.4081616014,19729917.9914679
2024-07-24,1289445533977.663,65353.3857784921,19730355.49142156
2024-07-25,1296753108115.7764,65722.0611917007,19730864.8664161
2024-07-26,1340001251630.1753,67912.2433091759,19731364.8664161
2024-07-27,1343292249647.731,68077.3730812391,19731846.11639955
2024-07-28,1345164681876.9836,68170.6691309176,19732308.61638863
2024-07-29,1319480775875.413,66867.167277031,19732864.866382
2024-07-30,1306088468540.5605,66186.9146861484,19733333.61637869
2024-07-31,1276590367647.944,64690.6340385739,19733774.24136445
2024-08-01,1286237547913.6736,65178.0554891876,19734211.74135899
2024-08-02,1213811646574.5771,61506.7698877849,19734602.36635898
2024-08-03,1197683974936.4004,60688.2444272355,19735024.24134891
2024-08-04,1150701598520.431,58306.2644786675,19735471.11634013
2024-08-05,1072523586902.1216,54343.6276773816,19735958.61633134
2024-08-06,1106175094630.1853,56047.4712866744,19736396.11628981
2024-08-07,1088083425121.3396,55129.7410376973,19736777.36627343
2024-08-08,1221904955759.4966,61908.7896724138,19737180.49125374
2024-08-09,1198484835251.109,60720.9407594974,19737586.74125373
2024-08-10,1201482137168.4636,60871.5550727645,19737989.86623947
2024-08-11,1161336033784.414,58836.1043722969,19738492.99123943
2024-08-12,1172376697310.6843,59394.1629538282,19738921.11623942
2024-08-13,1194948367404.5227,60536.2457846289,19739386.74122304
2024-08-14,1161502552681.3992,58840.6466797195,19739799.24122303
2024-08-15,1137913514476.404,57644.1876879018,19740299.241223
2024-08-16,1163268220731.6543,58927.2765087668,19740742.99121208
2024-08-17,1172917480915.17,59414.6743351841,19741208.61621206
2024-08-18,1160677609428.6133,58793.2061458212,19741696.11621206
2024-08-19,1172908290164.1162,59411.5190169492,19742102.36620113
2024-08-20,1167245960130.3333,59123.3002662186,19742571.11620112
2024-08-21,1206951189414.0603,61133.0256493279,19743030.49120111
2024-08-22,1192400134476.1396,60394.4737749854,19743530.49119564
2024-08-23,1265727472786.8767,64106.8029152543,19744042.99119548
2024-08-24,1264107951577.8176,64023.226703682,19744521.11619545
2024-08-25,1273509292081.1409,64498.0183413209,19744936.74118453
2024-08-26,1243630467610.3733,62983.4427729398,19745355.49118453
2024-08-27,1175823003704.9958,59548.0076215663,19745799.24113451
2024-08-28,1167021768381.1953,59100.7747548217,19746302.36612904
2024-08-29,1171765932988.4949,59339.7909947399,19746714.86612355
2024-08-30,1167905016492.7952,59142.9399640561,19747158.61610169
2024-08-31,1164318100826.983,58959.926273232,19747617.99109622
2024-09-01,1132533186813.884,57349.0807180012,19748061.74109074
2024-09-02,1168306929893.2593,59159.0238877849,19748583.61607434
2024-09-03,1138291265398.3296,57637.7754444769,19749049.24106341
2024-09-04,1146131838403.5774,58033.3989704851,19749521.11604703
2024-09-05,1108231128685.7102,56112.9529400935,19750005.49104703
2024-09-06,1063344022288.4587,53838.9534623028,19750458.61604639
2024-09-07,1067863679558.0648,54066.4399248977,19750952.36604087
2024-09-08,1083551229332.9728,54859.2584082408,19751474.24104087
2024-09-09,1128541804948.6787,57135.7814371712,19751927.36603539
2024-09-10,1139009699685.7004,57664.4998214494,19752355.49102993
2024-09-11,1133986205007.4746,57409.1950663355,19752692.99102992
2024-09-12,1148145814023.139,58124.6418065459,19753167.99102987
2024-09-13,1195818457804.4065,60536.8814503215,19753552.36601894
2024-09-14,1185380845498.9973,60007.1702507306,19753986.74101892
2024-09-15,1168079552742.0537,59129.9197536528,19754458.61601892
2024-09-16,1150274777284.253,58227.46421654,19754849.24101345
2024-09-17,1190025146381.112,60238.2177255991,19755317.99101343
2024-09-18,1211150580513.792,61306.2337317358,19755749.24099158
2024-09-19,1244529728528.069,62994.6096528346,19756130.49095334
2024-09-20,1247706329948.0483,63153.9518270018,19756583.61595331
2024-09-21,1251956581811.1748,63367.7296078317,19757005.4909533
2024-09-22,1256018426232.2217,63571.9521729983,19757430.4909533
2024-09-23,1251385764258.587,63336.0126347165,19757886.740926
2024-09-24,1271306695183.4255,64342.7891113384,19758339.86592598
2024-09-25,1245981917271.069,63059.6269167154,19758789.86592598
2024-09-26,1285489555328.316,65057.7861461134,19759196.11591505
2024-09-27,1299545301087.6182,65767.7132542373,19759624.24090959
2024-09-28,1299627426191.8,65770.5276478667,19760027.36590413
2024-09-29,1296640538015.1345,65617.7610689655,19760511.74090413
2024-09-30,1250077896709.859,63260.0425482174,19760939.8659041
2024-10-01,1202646051653.5708,60858.2487086499,19761430.49089476
2024-10-02,1199273528113.5735,60686.0993135593,19761914.86483653
2024-10-03,1200867438226.5305,60765.2367498539,19762408.61481409
2024-10-04,1226339830656.776,62052.5100496785,19762936.73978672
2024-10-05,1225933206941.3413,62030.4538977206,19763408.61478671
2024-10-06,1240971909274.3645,62789.8814555815,19763883.61478667
2024-10-07,1233622849152.0457,62416.508829924,19764367.9897812
2024-10-08,1227920018306.1497,62126.3273769725,19764889.86473206
2024-10-09,1198077958961.5269,60615.2581917008,19765286.73972658
2024-10-10,1190316820566.9536,60221.1172869667,19765771.11472103
2024-10-11,1234647595504.9775,62462.539962595,19766208.61470463
2024-10-12,1249309568739.9368,63202.8806992987,19766655.48970459
2024-10-13,1240571118552.432,62759.431113384,19767086.7396991
2024-10-14,1306430701379.4463,66089.7587410871,19767521.11469362
2024-10-15,1323151391127.9893,66933.974833723,19768008.61468267
2024-10-16,1337591659770.797,67662.9534038574,19768449.23967718
2024-10-17,1331199044933.5325,67337.9075482174,19768939.8646717
2024-10-18,1352037490364.0715,68390.5375625365,19769364.86466077
2024-10-19,1351429188789.67,68357.8982963179,19769905.48965524
2024-10-20,1364405010361.8098,69012.3532089421,19770446.1146388
2024-10-21,1333364068408.307,67440.4625058445,19770980.48953557
2024-10-22,1333102370303.0415,67425.7553211572,19771411.73952461
2024-10-23,1317742395147.647,66647.2866642315,19771883.61450366
2024-10-24,1347109398128.7732,68130.9948369374,19772342.98945587
2024-10-25,1310177531436.6272,66261.5376861485,19772821.11445039
2024-10-26,1325271090943.35,67023.3399611338,19773277.36445039
2024-10-27,1344619989932.5825,68000.1475008767,19773780.48945036
2024-10-28,1381482823559.9583,69862.5205470485,19774305.4894449
2024-10-29,1437208187257.8213,72678.7866201052,19774796.11444483
2024-10-30,1432727864892.0596,72450.2843819404,19775324.23943382
2024-10-31,1391566605240.4385,70367.0819576271,19775817.98941723
2024-11-01,1374127913099.3047,69483.5830303916,19776296.11441125
2024-11-02,1369374466600.2305,69241.6794865576,19776736.73940964
2024-11-03,1359535717301.9387,68742.7546227352,19777149.23940946
2024-11-04,1340509299537.1174,67779.0969795441,19777621.11439293
2024-11-05,1375326900715.9143,69538.0241729982,19778055.48938731
2024-11-06,1497156604749.206,75696.0366192285,19778533.61438602
2024-11-07,1502657637883.2903,75972.2955546464,19779021.11438028
2024-11-08,1513276367734.307,76507.4474012273,19779464.86435818
2024-11-09,1519081480991.7898,76799.2527469316,19779899.23935142
2024-11-10,1590524775490.166,80409.2865666277,19780361.73934022
2024-11-11,1757720678966.796,88859.998448568,19780786.73931287
2024-11-12,1741713696652.337,88048.7488877849,19781242.98929098
2024-11-13,1787657675322.5647,90369.3819693162,19781674.2392854
2024-11-14,1725080813100.306,87204.2569827586,19782071.11427343
2024-11-15,1802962571173.1035,91139.0844427236,19782539.86418062
2024-11-16,1791703486489.722,90567.6957568673,19783030.48914509
2024-11-17,1775232152213.3113,89732.9704292811,19783499.2391384
2024-11-18,1792185787343.0757,90587.6965534775,19783986.73913822
2024-11-19,1825205105778.552,92254.1385800701,19784533.61411426
2024-11-20,1862955744741.5972,94160.0406858562,19784992.98823511
2024-11-21,1949767734681.4053,98545.5688798948,19785442.9868657
2024-11-22,1957583287126.9268,98938.3495450029,19785889.86100384
2024-11-23,1933263035602.3704,97707.0484590883,19786321.11082408
2024-11-24,1938708892763.704,97980.2082819988,19786739.86060396
2024-11-25,1847003530882.5168,93343.0290745178,19787267.98557194
2024-11-26,1818006432546.3628,91875.5699593805,19787702.3603786
2024-11-27,1899443244839.8489,95989.0802273524,19788117.98530596
2024-11-28,1894516141679.9128,95737.9402822911,19788561.73523034
2024-11-29,1927421800509.8127,97398.9417399182,19788939.85990686
2024-11-30,1908962307847.3225,96463.6248980129,19789452.34398553
2024-12-01,1928918216380.8752,97469.6044529515,19789946.07813313
2024-12-02,1894459110890.3767,95726.4417258913,19790342.94740718
2024-12-03,1900135290511.2388,96010.8774228521,19790833.51298461
2024-12-04,1957759688318.8247,98920.2528255406,19791292.8080724
2024-12-05,1918806150363.6316,96949.6644117475,19791777.12482239
2024-12-06,1978292068450.6504,99953.1056580947,19792202.10743335
2024-12-07,1978823210378.297,99977.7002282291,19792645.81862795
2024-12-08,1995124567555.0056,100798.98356429,19793102.04336046
2024-12-09,1927704967520.9807,97390.1988597311,19793623.89738428
2024-12-10,1916772101161.006,96835.5017387493,19794105.12409209
2024-12-11,2005389739960.3047,101310.201899766,19794548.84459111
2024-12-12,1981300299243.624,100090.890479544,19795011.21182003
2024-12-13,2005087006885.8284,101289.823976914,19795542.41641123
2024-12-14,2006662563398.3247,101366.87166803,19796039.18299872
2024-12-15,2069747720545.494,104551.367141146,19796467.29775711
2024-12-16,2095617308590.057,105855.672229982,19796929.76713727
2024-12-17,2100814326264.9368,106115.910582992,19797354.74843723
2024-12-18,1989080900958.2937,100469.770656926,19797804.73223539
2024-12-19,1934231301840.7524,97697.045779661,19798257.83271974
2024-12-20,1932701352301.5583,97617.4422051432,19798729.70078425
2024-12-21,1922362435573.652,97093.0190832846,19799182.82203878
2024-12-22,1883920629195.2527,95149.1058252484,19799667.19451128
2024-12-23,1877064601089.3376,94800.7562060199,19800101.56258799
2024-12-24,1953077820204.931,98637.7330543542,19800514.0601588
2024-12-25,1964958123095.0613,99235.3678869082,19800985.92806539
2024-12-26,1893573831131.2705,95628.3030902981,19801395.29761646
2024-12-27,1865733631847.3723,94219.9821461134,19801889.04041662
2024-12-28,1883669106004.3423,95123.5811098773,19802335.90899522
2024-12-29,1850724503071.0576,93457.5783202806,19802829.65099519
2024-12-30,1832266408959.4832,92523.163085038,19803326.51700902
2024-12-31,1849465014110.3464,93389.7326016949,19803729.6240934
2025-01-01,1870618380200.1172,94455.7965718878,19804167.11404725
2025-01-02,1918111729016.921,96851.393682934,19804688.97841898
2025-01-03,1943293181040.9524,98120.6846759205,19805132.70427525
2025-01-04,1945504870252.1655,98230.0478571011,19805598.31429955
2025-01-05,1949212211950.715,98414.8120964348,19806085.7957105
2025-01-06,2023819606221.713,102179.560366745,19806501.40750046
2025-01-07,1920775996884.6812,96974.9957857978,19806920.1377164
2025-01-08,1882472571006.6912,95039.2809210988,19807310.75363998
2025-01-09,1829173131917.1704,92346.1691589714,19807785.73248988
2025-01-10,1877010385895.2708,94759.1196358854,19808229.46759886
2025-01-11,1874028218724.514,94606.5080099357,19808660.71631881
2025-01-12,1869072635804.9492,94353.7752586207,19809198.20835871
2025-01-13,1869545289653.9631,94375.7299102864,19809598.20317314
2025-01-14,1913048986189.611,96569.475726768,19810079.44583192
2025-01-15,1984466832794.948,100172.405985096,19810513.81645165
2025-01-16,1980650188550.284,99977.7298234951,19810913.81097578
2025-01-17,2066259604648.9436,104296.588034191,19811382.55425549
2025-01-18,2068314222988.1396,104398.156261251,19811788.80029538
2025-01-19,2000137986542.0996,100954.572281999,19812257.54644438
2025-01-20,2032568393070.4937,102588.998699006,19812732.54293092
2025-01-21,2099953742682.1108,105987.888705435,19813148.1656208
2025-01-22,2056477666295.4968,103791.128861485,19813616.91363797
2025-01-23,2064318362060.2715,104184.616743717,19814041.90542135
2025-01-24,2074895497988.584,104716.12488194,19814479.38727566
2025-01-25,2077908832637.7983,104866.085348919,19814879.38377799
2025-01-26,2037674834179.0256,102833.369273232,19815307.50747697
2025-01-27,2019377065358.7551,101907.44629661,19815795.00560923
2025-01-28,2004179506349.8545,101138.144066043,19816257.50459816
2025-01-29,2059331945599.1267,103918.795458796,19816741.87530066
2025-01-30,2080556697805.9504,104987.446410871,19817194.99742512
2025-01-31,2026606623485.5928,102263.043670953,19817585.61779669
2025-02-01,1993910895067.3057,100610.290439801,19818160.61111899
2025-02-02,1930832016063.4487,97424.7809000584,19818694.97909532
2025-02-03,2013279341602.0896,101582.408702221,19819173.09623779
2025-02-04,1939309473574.1904,97848.1497592051,19819582.46882179
2025-02-05,1913809109907.9287,96559.3327562829,19820032.46375376
2025-02-06,1913495458438.8672,96541.3006811806,19820485.58427882
2025-02-07,1910431989078.9983,96384.1109836353,19821026.2000898
2025-02-08,1914825201259.5168,96603.318157218,19821526.19378163
2025-02-09,1909049334363.78,96309.7532405026,19821973.06223539
2025-02-10,1930211390619.1672,97375.2253535944,19822407.43074098
2025-02-11,1899147805926.7595,95806.2580385739,19822794.92809454
2025-02-12,1937847635266.7156,97756.4976548802,19823210.54614802
2025-02-13,1913676151860.9067,96534.7406332554,19823704.28829496
2025-02-14,1931159716999.0176,97414.3589821742,19824179.2809251
2025-02-15,1934556498527.5264,97583.2431767972,19824679.27431535
2025-02-16,1906827963922.086,96182.2661706604,19825151.14105045
2025-02-17,1899102368220.6968,95790.5109985389,19825579.26066042
2025-02-18,1892274974606.2864,95444.031886616,19826016.7472204
2025-02-19,1916181201685.9424,96647.9132977791,19826410.48629836
2025-02-20,1950804507961.5483,98392.2197247224,19826816.72818671
2025-02-21,1904384514551.3691,96048.9937247224,19827219.84583575
2025-02-22,1915464594989.7837,96605.7091057861,19827654.2113292
2025-02-23,1905310407147.9172,96091.6329774985,19828057.32517917
2025-02-24,1821634093760.3489,91869.6543430742,19828463.56379784
2025-02-25,1760208246634.8357,88769.7356265342,19828922.93427864
2025-02-26,1665430715502.8591,83987.89564173,19829413.54557975
2025-02-27,1678112099535.171,84625.4191364699,19829882.28192984
2025-02-28,1670585267601.7073,84243.7779114553,19830369.77944628
2025-03-01,1702364201940.7178,85844.3685628288,19830819.77817533
2025-03-02,1870638896492.398,94328.0094444769,19831213.52299381
2025-03-03,1711790108875.507,86315.9305511397,19831682.26242224
2025-03-04,1731815528260.4128,87323.690650789,19832138.51079673
2025-03-05,1797214619202.8445,90619.4090976038,19832557.25345893
2025-03-06,1789382285455.2207,90222.0693275862,19833088.49809435
2025-03-07,1716663461110.232,86553.5921937464,19833532.23824098
2025-03-08,1709117730734.5408,86171.2789362946,19833960.3616429
2025-03-09,1599605268650.108,80647.7964108709,19834457.23055726
2025-03-10,1567078358406.0225,79005.9601291642,19834938.47608533
2025-03-11,1641320516183.5276,82747.1601917008,19835369.72605551
2025-03-12,1658875091592.0261,83630.1581101695,19835847.84578215
2025-03-13,1608931653806.9155,81110.2890490941,19836344.71864683
2025-03-14,1668389628844.3645,84105.8335517241,19836788.46507507
2025-03-15,1673324978903.161,84352.8773018703,19837200.96369563
2025-03-16,1636449800880.6472,82492.1028287551,19837654.08766151
2025-03-17,1666676385336.546,84013.947518118,19838091.58565153
2025-03-18,1640266102189.8103,82680.8065514319,19838535.33370501
2025-03-19,1721514946126.3872,86774.23507218,19839010.3317466
2025-03-20,1668993504738.9026,84124.9712878434,19839454.07872113
2025-03-21,1667929256877.527,84069.4081800117,19839907.20270222
2025-03-22,1663044522837.712,83821.220305377,19840375.94273762
2025-03-23,1701569937335.213,85760.8814506137,19840863.43976163
2025-03-24,1732597247212.6855,87322.5718568089,19841344.68753153
2025-03-25,1734627459888.4236,87422.8426084161,19841810.31104373
2025-03-26,1723038102417.2332,86836.6760955582,19842285.30950609
2025-03-27,1730512308533.819,87211.3240169492,19842747.80873067
2025-03-28,1672964353420.1504,84309.0783550555,19843229.05742965
2025-03-29,1637046774655.5232,82497.1792472238,19843669.68171961
2025-03-30,1631511606002.1655,82216.4666765049,19844097.80611996
2025-03-31,1636411209942.2063,82461.4496279953,19844560.30453595
2025-04-01,1691322616301.7249,85226.7137936879,19844982.17772405
2025-04-02,1638359405101.183,82555.631296318,19845519.67412857
2025-04-03,1645862024148.4058,82931.697399474,19845994.66498855
2025-04-04,1662629046893.7307,83774.1797375804,19846557.16238412
2025-04-05,1653304002042.126,83302.1715756867,19847069.65940218
2025-04-06,1547096309796.6248,77949.0884926943,19847522.78330522
2025-04-07,1576362060476.6785,79421.8044105786,19847975.9075672
2025-04-08,1515457839297.2393,76351.4295303916,19848454.03181368
2025-04-09,1641909959540.38,82720.6034891876,19848863.40626122
2025-04-10,1579190648363.4094,79558.9558252484,19849313.40516973
2025-04-11,1654675324685.486,83359.8995157802,19849775.90300781
2025-04-12,1692613865286.0972,85269.2495119813,19850225.90175683
2025-04-13,1658907541993.389,83568.9544360023,19850763.39879054
2025-04-14,1679196255170.0217,84589.0324135009,19851229.02176633
2025-04-15,1661016663554.037,83671.3439713618,19851679.01835727
2025-04-16,1670588196755.446,84151.5357562829,19852141.51758029
2025-04-17,1686293103287.5042,84940.5838538866,19852619.64043287
2025-04-18,1676287312525.932,84434.7727463472,19853044.64028952
2025-04-19,1690021871643.1616,85124.721496201,19853479.01218784
2025-04-20,1689598441895.586,85101.7461545879,19853863.38402997
2025-04-21,1734482195997.8015,87360.7198933372,19854257.13198692
2025-04-22,1856331181814.378,93495.6106890707,19854741.50212034
2025-04-23,1860338085945.4592,93695.7404772063,19855097.75012697
2025-04-24,1863439928975.8303,93849.8817790766,19855538.37310508
2025-04-25,1881780070424.8152,94771.4128007014,19855988.37048136
2025-04-26,1880292468574.824,94694.5111014027,19856403.99538397
2025-04-27,1862825953569.6736,93812.876534775,19856825.86845264
2025-04-28,1887751317170.654,95066.0211867329,19857266.4933841
2025-04-29,1868668111983.048,94102.8403024547,19857722.7422359
2025-04-30,1871365778928.6255,94236.7325143191,19858135.24088683
2025-05-01,1914598090283.48,96411.7422635885,19858557.11484803
2025-05-02,1923192534185.832,96842.1021057861,19859053.98960692
2025-05-03,1905398528848.1636,95943.61135301,19859566.48887791
2025-05-04,1874342989258.676,94377.7899196376,19860000.86307036
2025-05-05,1883847029957.3728,94853.7298594389,19860547.73754278
2025-05-06,1920118226994.4229,96677.9245029223,19860978.98632881
2025-05-07,1929289214331.7031,97137.3757086499,19861450.86025732
2025-05-08,2047161802262.9504,103069.539295733,19861947.7320949
2025-05-09,2044649883878.203,102940.802949445,19862385.22816211
2025-05-10,2077313318157.566,104582.821806254,19862853.9781219
2025-05-11,2065311256125.5452,103976.137798948,19863319.60241787
2025-05-12,2044380972696.56,102920.074689071,19863772.72726223
2025-05-13,2068769059377.2952,104145.711825248,19864178.97693762
2025-05-14,2057433647794.164,103572.719642022,19864628.9766771
2025-05-15,2060332819995.956,103716.283947399,19865085.22654822
2025-05-16,2057396779611.088,103566.269191116,19865510.22528842
2025-05-17,2049968934871.8545,103190.041364991,19865957.09968716
2025-05-18,2106156816753.277,106015.689848919,19866463.3485357
2025-05-19,2098259532017.2595,105615.828960257,19866903.97333178
2025-05-20,2123688965537.7637,106893.330247516,19867366.47291531
2025-05-21,2179595937622.9265,109704.855619521,19867816.47279327
2025-05-22,2214857125536.5435,111477.014787843,19868285.22231008
2025-05-23,2131757821570.904,107291.888969901,19868769.59700965
2025-05-24,2144232082359.298,107917.328289304,19869210.22183811
2025-05-25,2164103972791.515,108914.876558445,19869682.09646027
2025-05-26,2173238869041.109,109371.985172122,19870160.22083733
2025-05-27,2167213819846.428,109066.345636762,19870600.84569245
2025-05-28,2144001770511.488,107895.402399474,19871113.34525168
2025-05-29,2101084126510.376,105732.957892168,19871610.21876614
2025-05-30,2066326288336.2883,103981.302957919,19872094.59351097
2025-05-31,2080839122058.3977,104708.964150205,19872597.71831411
2025-06-01,2101574335240.2612,105750.15972443,19873013.34311615
2025-06-02,2104590104579.1655,105899.696926651,19873428.96776052
2025-06-03,2096375961866.664,105483.98555114,19873878.96763072
2025-06-04,2082482835627.2383,104782.844900351,19874272.71713886
2025-06-05,2020643792695.6504,101669.190496785,19874691.46574495
2025-06-06,2075379908381.1829,104421.051549094,19875110.21573494
2025-06-07,2100553227975.266,105685.250402104,19875557.09035296
2025-06-08,2101448276113.1248,105727.739632379,19876035.21478822
2025-06-09,2190350694809.1885,110198.15871391,19876472.71399197
2025-06-10,2187943357305.6516,110074.119081824,19877000.8386734
2025-06-11,2159600242681.196,108645.785558153,19877441.4634359
2025-06-12,2107037660426.0664,105998.985830801,19877903.96211326
2025-06-13,2107599273522.1548,106024.822087376,19878357.08684579
2025-06-14,2096562615729.3809,105467.108742256,19878828.96129285
2025-06-15,2097515696363.0132,105512.797437756,19879253.96064281
2025-06-16,2131978316689.5857,107243.933345997,19879710.20991244
2025-06-17,2080020784384.478,104628.396527469,19880078.95961965
2025-06-18,2083743868284.6492,104813.367028638,19880516.45850964
2025-06-19,2081724883731.6504,104709.720767095,19880913.33336677
2025-06-20,2053249239006.785,103274.958839567,19881385.20777738
2025-06-21,2018963554074.3127,101548.196381648,19881825.8325973
2025-06-22,2006094738210.3289,100899.234151958,19882160.2073716
2025-06-23,2097542487005.0583,105496.947495324,19882494.58211129
2025-06-24,2106868694059.577,105964.065136762,19882860.20681027
2025-06-25,2133579562773.2737,107305.065199591,19883307.08158785
2025-06-26,2127821320993.0576,107012.822824079,19883797.70610327
2025-06-27,2129413451733.8088,107090.95905114,19884157.08105605
2025-06-28,2134764370076.9768,107357.617171245,19884610.20583045
2025-06-29,2154771519854.225,108360.901696376,19885138.33053762
2025-06-30,2130802792373.5325,107153.101135885,19885591.45545754
2025-07-01,2099293644623.7915,105566.356597896,19886010.20512658
2025-07-02,2166178189392.104,108927.13451841,19886488.32973747
2025-07-03,2180250385703.646,109632.159126826,19886960.20463724
2025-07-04,2149464119255.1885,108081.395758621,19887457.07962176
2025-07-05,2152766699219.0437,108244.788813852,19887947.70454165
2025-07-06,2171420830654.5227,109180.005545587,19888447.70435433
2025-07-07,2152963631063.5625,108249.401004091,19888919.57916882
2025-07-08,2167078035042.8596,108956.631703098,19889363.3289624
2025-07-09,2216066450892.2695,111416.806720047,19889875.8287024
2025-07-10,2304779478142.8335,115873.903783752,19890410.20352689
2025-07-11,2339537436457.521,117618.605087084,19890878.9534219
2025-07-12,2334893219628.712,117382.372540912,19891344.57829192
2025-07-13,2365126544898.0674,118899.737107832,19891772.70218098
2025-07-14,2384502915692.5654,119871.096197838,19892225.82695938
2025-07-15,2341591953037.3784,117710.89100789,19892738.32682504
2025-07-16,2361917162381.5225,118730.187791642,19893147.70163102
2025-07-17,2377315036151.2236,119501.663770894,19893572.70128858
2025-07-18,2346669299827.5835,117958.511213033,19894022.70082487
2025-07-19,2345727189536.0054,117908.52473232,19894466.45067739
2025-07-20,2333788554645.3423,117305.680953828,19894932.07548858
2025-07-21,2336365376851.485,117432.435634717,19895400.82536427
2025-07-22,2388857383305.068,120068.00578872,19895869.57501957
2025-07-23,2360708516578.7466,118650.587165693,19896307.07248054
2025-07-24,2355321152006.9604,118377.081936879,19896766.44726607
2025-07-25,2338330202043.7227,117520.17335038,19897266.4469454
2025-07-26,2347599668866.052,117983.204598773,19897744.57177667
2025-07-27,2376601218524.4136,119438.164235535,19898172.69660724
2025-07-28,2348488298493.529,118022.637320281,19898625.82142083
2025-07-29,2345519559459.0205,117871.370895383,19898975.82120082
2025-07-30,2342809433816.109,117732.643660725,19899403.94583748
2025-07-31,2305368665823.8267,115848.339985096,19899885.19576901
2025-08-01,2254355122015.228,113282.144336061,19900357.07063855
2025-08-02,2239750089818.0874,112545.673659264,19900810.19550347
2025-08-03,2273995431945.6807,114263.693947691,19901294.57031818
2025-08-04,2292689374189.235,115199.933659264,19901828.94523624
2025-08-05,2271073998199.12,114111.36101841,19902260.19504508
2025-08-06,2289501873478.173,115034.678748977,19902710.19467278
2025-08-07,2337531175120.7417,117444.913924313,19903213.31945593
2025-08-08,2323564790361.1636,116740.687720923,19903641.44432498
2025-08-09,2319048455360.759,116511.655739375,19904003.94401947
2025-08-10,2372392553182.501,119189.198160275,19904425.81879206
2025-08-11,2363546734531.7153,118742.043048644,19904885.19355745
2025-08-12,2391709484341.113,120154.32493507,19905313.31796475
2025-08-13,2457225396914.5664,123442.67982225,19905800.81745489
2025-08-14,2359101850712.3994,118510.27128083,19906307.067023
2025-08-15,2335282091620.0776,117311.209947715,19906725.81640664
2025-08-16,2338348119563.3086,117462.42684623,19907200.81600595
2025-08-17,2341181540292.769,117601.952231888,19907675.81541859
2025-08-18,2315575768549.4985,116312.914397989,19908157.06522726
2025-08-19,2247401509643.068,112886.10147543,19908575.81464288
2025-08-20,2275149059638.6846,114277.320860316,19909016.43922556
2025-08-21,2236772618107.5776,112347.102298302,19909482.06361869
2025-08-22,2325500247698.137,116800.977035073,19909938.31327144
2025-08-23,2295281301319.894,115280.444723834,19910413.31266958
2025-08-24,2260210071457.8794,113516.122474401,19910916.8124341
2025-08-25,2192032047921.661,110089.533314144,19911357.43728359
2025-08-26,2228039674983.534,111895.295495307,19911826.18644571
2025-08-27,2215288753962.2065,111252.307236061,19912294.93570583
2025-08-28,2239813780373.477,112481.152904109,19912791.81040165
2025-08-29,2160062777589.67,108473.330441642,19913307.43506369
2025-08-30,2165549227144.0293,108746.150824851,19913801.18485216
2025-08-31,2157036868947.128,108316.44689481,19914213.68392839
2025-09-01,2170551279014.5664,108992.324614863,19914716.80858685
2025-09-02,2213397100781.9453,111140.947159836,19915226.18210888
2025-09-03,2226186647369.0947,111780.743587376,19915654.30613677
2025-09-04,2208707196345.665,110900.633412981,19916091.80554179
2025-09-05,2204984484343.3813,110711.229484804,19916538.6799903
2025-09-06,2195720165768.225,110243.650741672,19916976.17954741
2025-09-07,2216968057740.0366,111307.784421087,19917457.42915028
2025-09-08,2233048249212.6406,112112.311575102,19917957.42893734
2025-09-09,2220639486843.1694,111486.396779836,19918479.3031611
2025-09-10,2269387779972.4683,113930.748423437,19919010.55137479
2025-09-11,2299620481124.1,115445.812932648,19919479.30121742
2025-09-12,2313674623907.2764,116149.174031958,19919854.30107904
2025-09-13,2310069502058.3306,115965.627551268,19920294.92564128
2025-09-14,2298776200578.8613,115395.933423437,19920773.04963312
2025-09-15,2299332980316.204,115420.931814144,19921282.42404674
2025-09-16,2326841616711.2607,116798.867050906,19921782.4236011
2025-09-17,2322443908090.3315,116575.777628866,19922182.42355741
2025-09-18,2331240531967.0737,117014.426762174,19922676.17312867
2025-09-19,2303368556120.7207,115612.372541695,19923201.17200279
2025-09-20,2306228956192.6875,115753.165960549,19923679.29684702
2025-09-21,2297674188701.304,115320.858829047,19924185.54658358
2025-09-22,2246060606259.752,112727.70773813,19924654.29597328
2025-09-23,2232655622694.466,112052.393282022,19925104.29540892
2025-09-24,2258059127591.7627,113324.623592192,19925582.41991233
2025-09-25,2175251165398.7356,109166.347974874,19926023.0442022
2025-09-26,2185314295488.7644,109669.102166861,19926435.54393123
2025-09-27,2184881768009.1887,109644.73069287,19926919.91856265
2025-09-28,2235260600040.185,112170.00778609,19927435.54322349
2025-09-29,2278575750081.584,114341.141435418,19927873.04269274
2025-09-30,2271271762904.084,113971.742796902,19928376.16734086
2025-10-01,2359441494737.089,118393.270386324,19928848.04210659
2025-10-02,2402645137487.716,120558.594007013,19929273.04168753
2025-10-03,2438354357753.2856,122348.127640269,19929641.79167985
2025-10-04,2439035713312.36,122379.744317651,19930060.5415677
2025-10-05,2461893696556.56,123523.768313852,19930526.16644049
2025-10-06,2487865019395.093,124824.453666861,19930910.54125385
2025-10-07,2423405991080.0264,121587.699236704,19931341.79109844
2025-10-08,2459392369263.4487,123390.353094682,19931804.2908611
2025-10-09,2423819431448.1187,121603.33278609,19932179.29077496
2025-10-10,2267429035644.953,113754.852328171,19932591.79049044
2025-10-11,2211374961639.216,110940.113648159,19933051.16535648
2025-10-12,2295401165962.697,115152.917045003,19933504.29034837
2025-10-13,2299030741394.9785,115332.252929573,19933979.29024129
2025-10-14,2259119504832.801,113327.079410286,19934507.41507201
2025-10-15,2210046641902.439,110862.872485389,19934957.41501474
2025-10-16,2155719311026.7776,108135.049605786,19935435.53996235
2025-10-17,2125682123928.4111,106625.668651373,19935932.41491048
2025-10-18,2136069072945.8809,107143.913935126,19936448.03977609
2025-10-19,2167271973156.9053,108706.663763881,19936882.41471914
2025-10-20,2205873161783.9478,110640.249515488,19937348.03964951
2025-10-21,2167248302706.2048,108700.382071888,19937816.78957591
2025-10-22,2146708963448.5056,107667.630188486,19938294.91454782
2025-10-23,2194476255972.5571,110060.936797195,19938738.66452939
2025-10-24,2213759431224.074,111024.94314699,19939298.03947926
2025-10-25,2225571303267.163,111614.535857686,19939798.03943167
2025-10-26,2284298071832.6084,114557.100460549,19940257.41441729
2025-10-27,2274991986566.8306,114087.773805085,19940716.78928169
2025-10-28,2252973055585.6294,112980.685846289,19941223.0392265
2025-10-29,2197691726032.41,110206.347983051,19941607.41421538
2025-10-30,2154140935697.1548,108019.723841905,19942107.41410432
2025-10-31,2184790344305.3535,109554.239627703,19942544.91409829
2025-11-01,2193832993167.6711,110005.295855348,19942976.16409725
2025-11-02,2201542028456.724,110389.168627119,19943460.53907935
2025-11-03,2123942098026.172,106495.802789889,19943904.28904138
2025-11-04,2021350949128.4888,101349.73723232,19944313.66403078
2025-11-05,2072575814667.2568,103915.88479135,19944744.91391502
2025-11-06,2019281654873.9136,101241.573677966,19945182.41386627
2025-11-07,2062945632162.0864,103428.471746932,19945626.16384477
2025-11-08,2041174456726.6416,102335.021439217,19946001.16382464
2025-11-09,2088104138262.236,104685.54544097,19946441.78875368
2025-11-10,2116014386447.3752,106082.478156926,19946879.2887473
2025-11-11,2054067273200.924,102974.405611631,19947357.41372336
2025-11-12,2028334526602.0332,101682.126652835,19947798.03856002
2025-11-13,1995531055051.6216,100035.310145237,19948266.78854092
2025-11-14,1885204557913.1167,94502.5476025716,19948716.78847541
2025-11-15,1905969346288.112,95541.3158389831,19949163.66339631
2025-11-16,1878905175037.5244,94182.3130996493,19949660.53816872
2025-11-17,1833638268626.4453,91911.4713471654,19950048.03807872
2025-11-18,1852130060915.0713,92836.4419111631,19950463.66261439
2025-11-19,1821925037070.4468,91320.4811332554,19950891.78748284
2025-11-20,1733993481993.45,86911.2980590298,19951301.16243033
2025-11-21,1694864140154.9482,84948.0463205727,19951773.03735691
2025-11-22,1691449473896.7937,84775.0015452952,19952219.912294
2025-11-23,1733336869377.817,86872.4546630625,19952663.66192388
2025-11-24,1763408070508.766,88377.6024421391,19953110.53683846
2025-11-25,1744622674821.233,87434.550610754,19953469.91131734
2025-11-26,1804823283719.3835,90449.2770675044,19953982.41129558
2025-11-27,1822561745081.4656,91336.2000452952,19954429.28628108
2025-11-28,1815698698812.7932,90990.1266104617,19954898.03620112
2025-11-29,1812783212323.288,90842.0738243717,19955326.16117954
2025-11-30,1808153535032.7244,90607.7021513735,19955848.03609673
2025-12-01,1726309340197.7156,86504.6368156049,19956263.66107464
2025-12-02,1826593716093.038,91528.0245809468,19956660.53600458
2025-12-03,1868163523113.6948,93609.0938658679,19957073.03598707
2025-12-04,1840191787722.4072,92205.5929544126,19957485.53596111
2025-12-05,1781834205884.992,89279.8344634717,19957857.4108358
2025-12-06,1779678725951.9172,89169.5570610754,19958366.7857961
2025-12-07,1797652167928.569,90067.847399474,19958866.78578562
2025-12-08,1809775147324.2783,90673.1444436003,19959329.28575096
2025-12-09,1852439848225.965,92808.8518477498,19959732.41070624
2025-12-10,1838394451226.9824,92102.9300917592,19960216.78567065
2025-12-11,1848835839973.176,92623.7198708358,19960716.78562884
2025-12-12,1803124581759.215,90331.6083091759,19961169.91062201
2025-12-13,1801441441839.3125,90245.267264173,19961616.78557605
2025-12-14,1758581468490.5964,88096.3826142607,19962016.78553285
2025-12-15,1723807816697.5964,86352.5802565751,19962435.53551883
2025-12-16,1751792518937.351,87752.4290336061,19962894.91048135
2025-12-17,1718034910274.9507,86059.5522241379,19963326.16047563
2025-12-18,1705589102848.2754,85434.1928673291,19963776.16040556
2025-12-19,1760207641640.7705,88168.0738325541,19964229.28534992
2025-12-20,1762731347927.292,88292.4536373466,19964688.66034185
2025-12-21,1767580565650.2673,88533.4309830508,19965119.91033828
2025-12-22,1766441678579.3882,88474.4622331969,19965554.28529741
2025-12-23,1744350079363.6633,87365.9937872589,19966007.41028888
2025-12-24,1749578331319.5293,87625.6707895967,19966504.28526302
2025-12-25,1741741838969.6328,87231.3047685564,19966935.53525139
2025-12-26,1743851052661.9036,87334.8077808299,19967423.03524805
2025-12-27,1751088738231.2805,87695.4159076564,19967848.03524033
2025-12-28,1752174226540.3965,87747.6491548802,19968332.41022443
2025-12-29,1739952832712.9773,87133.5103991818,19968813.66011527
2025-12-30,1765844968792.5852,88428.4922735243,19969185.53502561
2025-12-31,1747679146138.2644,87516.9780376972,19969601.1599654
2026-01-01,1771030307456.4983,88684.2178474576,19970073.03489761
2026-01-02,1796152439786.1328,89940.1801671537,19970523.03484367
2026-01-03,1809335929206.2751,90598.1301832262,19971007.40983355
2026-01-04,1824587914852.661,91359.7636823495,19971460.53482149
2026-01-05,1876329155088.757,93948.5821794272,19971873.03481877
2026-01-06,1868891796056.5051,93574.2871122151,19972279.28453587
2026-01-07,1821692646787.202,91208.9562606663,19972738.65935909
2026-01-08,1819492476510.6,91096.9161554647,19973151.15920587
2026-01-09,1808401358128.12,90539.6032288136,19973594.90915693
2026-01-10,1805781433869.588,90406.1424114553,19974101.15842725
2026-01-11,1812029241680.1577,90717.2063153127,19974482.40835316
2026-01-12,1820537738213.6345,91141.1498489188,19974926.15828822
2026-01-13,1903740522551.245,95304.4982942724,19975348.03313325
2026-01-14,1938525133766.5828,97043.9927258913,19975735.5330804
2026-01-15,1908645921457.2373,95546.1397381648,19976169.90793874
2026-01-16,1907545876899.8357,95489.1299602572,19976576.15787012
2026-01-17,1899956122538.015,95106.980462595,19977041.78280853
2026-01-18,1883103755876.9592,94261.3294313267,19977479.28273045
2026-01-19,1848484453618.508,92526.2419643483,19977948.03263225
2026-01-20,1762822147346.9717,88236.5631922852,19978363.65753988
2026-01-21,1790086994742.5425,89599.361874927,19978791.78248334
2026-01-22,1786063068452.813,89395.700735827,19979294.90737819
2026-01-23,1786982708956.3025,89439.7718909994,19979732.40734676
2026-01-24,1781920520861.2185,89185.0386990064,19980038.6573255
2026-01-25,1727217015608.661,86445.6705926359,19980376.15727396
2026-01-26,1765049801467.8804,88337.4545511397,19980763.65723296
2026-01-27,1783524598036.6025,89260.3805397429,19981144.90720207
2026-01-28,1781904984387.2815,89177.7892507306,19981488.65719592
2026-01-29,1688877168322.3572,84520.3973106371,19981888.65718699
2026-01-30,1678853413751.91,84017.0340292227,19982298.03218206
2026-01-31,1572688463359.5845,78702.38550263,19982729.28216426
2026-02-01,1536921339757.8943,76911.0523772648,19983101.15715195
2026-02-02,1573030843440.0928,78716.6018088837,19983469.90713928
2026-02-03,1512475464307.3,75684.7660277616,19983882.40709518
2026-02-04,1460758146742.2793,73095.1914646406,19984326.1570621
2026-02-05,1268923762593.2031,63494.6884456458,19984723.0320605
2026-02-06,1411906693993.6548,70647.6982188778,19985176.15703973
2026-02-07,1382335759076.3145,69166.2594424313,19985694.90702132
2026-02-08,1409480417712.4243,70522.5892393337,19986226.15697003
2026-02-09,1403950284903.542,70244.1017773232,19986735.53196145
2026-02-10,1372895651922.4705,68688.793113384,19987185.53194323
2026-02-11,1338968761086.8115,66989.7165920514,19987676.15693549
2026-02-12,1323651411101.5576,66221.5443115137,19988229.28192297
2026-02-13,1376438775426.905,68860.8411633548,19988701.15689779
2026-02-14,1395209152714.0444,69798.0791253653,19989219.90687007
2026-02-15,1371901612478.9856,68629.9599760374,19989835.53185801
2026-02-16,1374287575683.3733,68747.4380286383,19990382.40684522
2026-02-17,1348806897572.9492,67471.0508465809,19990898.03180826
2026-02-18,1327041682412.6785,66380.7069611339,19991376.15677497
2026-02-19,1338103087136.072,66932.3522118644,19991873.03175161
2026-02-20,1359022838573.6174,67977.3092612507,19992301.15670826
2026-02-21,1359914969948.6675,68020.6677612507,19992673.03170125
2026-02-22,1350540164036.8376,67550.0240768556,19993185.53166242
2026-02-23,1293387338339.2383,64689.9123308007,19993648.03163321
2026-02-24,1282100773328.0007,64123.7510780245,19994163.65658282
2026-02-25,1360406516183.8442,68038.5221794272,19994651.15653541
2026-02-26,1350053680284.782,67519.2645292227,19995088.65651923
2026-02-27,1316988256328.348,65864.1358170661,19995529.28146219
2026-02-28,1339043246944.108,66965.6353091759,19995976.15645449
2026-03-01,1314436530955.2664,65733.5212597896,19996441.78136143
2026-03-02,1378236536262.6736,68922.6242974869,19996866.78083916
2026-03-03,1368437726302.048,68431.1740306838,19997285.53083797
2026-03-04,1453181528720.1433,72667.4630575687,19997691.78083047
2026-03-05,1419621513717.0713,70987.427176505,19998210.530821
2026-03-06,1364443146701.8782,68226.7053927528,19998666.78080593
2026-03-07,1346249079545.666,67315.5529135009,19999079.28076545
2026-03-08,1324020725745.869,66202.6978731736,19999498.03076505
2026-03-09,1370565923110.882,68528.5384699007,19999929.2807458
2026-03-10,1397861675303.8767,69891.8238576856,20000360.5307284
2026-03-11,1406027387800.1365,70298.5753530099,20000794.90572402
2026-03-12,1410846656064.088,70538.1074623027,20001198.0306968
2026-03-13,1418712062331.4456,70930.0132793688,20001576.15569067
2026-03-14,1422864934640.0215,71136.2179199299,20001976.1556846
2026-03-15,1454415017618.7727,72712.1461957919,20002366.78068161
2026-03-16,1494685195333.6306,74723.9575534775,20002757.40566783
2026-03-17,1481953960271.912,74086.013609585,20003154.28066414
2026-03-18,1425334864470.0562,71253.9579275278,20003588.65566121
2026-03-19,1399258410166.362,69948.9048267095,20004007.40558936
2026-03-20,1410520483673.4092,70510.4196797194,20004426.15545956
2026-03-21,1394484296727.609,69707.285009059,20004857.40545461
2026-03-22,1360727895569.4656,68018.1534815897,20005363.65542135
2026-03-23,1414938935053.9592,70726.2110461718,20005863.65541698
2026-03-24,1412641989096.3225,70610.0187121566,20006254.28035915
2026-03-25,1426105842430.46,71281.2973921683,20006732.40533844
2026-03-26,1374957542916.4944,68722.9718366452,20007248.03032055
2026-03-27,1324794804322.246,66214.1715134424,20007723.03030771
2026-03-28,1327569960241.544,66351.0725251315,20008266.78029517
2026-03-29,1319910065564.9556,65966.7523939217,20008716.7802818
2026-03-30,1333633950994.4387,66651.2320037989,20009141.78028136
2026-03-31,1364949957429.4087,68214.8680388662,20009566.78024669
2026-04-01,1363022478623.5503,68116.8167933957,20010073.03024329
2026-04-02,1338870647177.839,66908.3179918177,20010526.15523187
2026-04-03,1338566550263.67,66891.7422279369,20010938.65521455
2026-04-04,1346663972184.613,67295.1309137931,20011313.65521417
2026-04-05,1379250124896.7249,68921.8060911748,20011810.53021379
2026-04-06,1375697653591.4316,68742.9133085915,20012210.53020889
2026-04-07,1442053417557.3213,72057.1243614845,20012641.78019458
2026-04-08,1422632685924.1665,71085.0583702513,20013104.28014687
2026-04-09,1436746639526.9473,71788.6797825833,20013554.28012088
2026-04-10,1459918626570.64,72945.0707241379,20013944.90508795
2026-04-11,1463429926532.0017,73119.1091168907,20014329.28008618
2026-04-12,1414754502718.0571,70685.3697019287,20014813.65498828
2026-04-13,1493795013094.8875,74632.7455856224,20015276.1549035
2026-04-14,1484641267129.7373,74173.5083603156,20015788.65486228
2026-04-15,1496448887839.818,74761.964654588,20016179.279847
2026-04-16,1503165549783.1584,75095.7442159556,20016654.27884235
2026-04-17,1543607893397.0964,77114.481438048,20017094.90372694
2026-04-18,1517173171126.9143,75792.0637510228,20017573.0286331
2026-04-19,1479439310993.9817,73905.2041016949,20018066.77860258
2026-04-20,1517683423347.0813,75814.1453237873,20018473.02855363
2026-04-21,1523586908754.2576,76107.4432977791,20018894.90352539
2026-04-22,1567866712950.4104,78317.7422720631,20019304.27851069
2026-04-23,1566213501915.1277,78233.6837492694,20019682.40348588
2026-04-24,1550445734881.661,77444.269277031,20020148.02845462
2026-04-25,1554092175350.093,77624.7114821742,20020585.52844961
2026-04-26,1572428798917.5513,78538.7733573933,20021051.15344954
2026-04-27,1546785594139.162,77256.297159848,20021482.40341843
2026-04-28,1527582774590.8953,76295.531117183,20021916.77838466
2026-04-29,1517591460634.257,75795.0098530099,20022313.65333073
2026-04-30,1527728226837.0825,76299.6161285798,20022751.15332902
2026-05-01,1564469061455.333,78132.6437852133,20023244.90332184
2026-05-02,1576113892815.107,78712.5387317358,20023669.90330144
2026-05-03,1574882442469.4604,78649.1732893045,20024144.90329587
2026-05-04,1598486719022.307,79826.107817066,20024610.52824333
2026-05-05,1620764931897.133,80936.7548252484,20025079.27821603
2026-05-06,1629368819802.4692,81364.6201285798,20025519.90321582
2026-05-07,1601856781311.401,79988.9987343659,20025963.65321411
2026-05-08,1605712436185.0662,80179.6922957335,20026423.02819749
2026-05-09,1615447075021.543,80663.6296519579,20026957.40312911
2026-05-10,1647391609832.0415,82256.781137931,20027426.1531051
2026-05-11,1636578096185.1265,81714.7420499708,20027941.77804923
2026-05-12,1612795007979.5327,80525.563024547,20028360.52804619
2026-05-13,1588121422920.642,79291.9110017534,20028794.90299488
2026-05-14,1625892297141.8928,81175.8271116306,20029266.7779783
2026-05-15,1583618048523.5847,79063.4145756868,20029719.90297231
2026-05-16,1565649830508.3457,78164.4952711864,20030191.77794765
2026-05-17,1552327640770.8088,77497.697113384,20030629.27792107
2026-05-18,1541909617519.7688,76975.9111998831,20031066.77770786
2026-05-19,1538569462749.442,76807.460956166,20031510.52770125
2026-05-20,1550639385411.9675,77408.1722089421,20031985.52765776
2026-05-21,1554420448473.3013,77595.3861717446,20032382.40264502
2026-05-22,1513834758642.7256,75567.5430431093,20032869.90261312
2026-05-23,1534955087416.121,76619.8666090415,20033382.40261292
2026-05-24,,,
