date,symbol,position,kind,quote,reference_contract_price,unrealised_btc,signed_reference_value_usd,missing_reference
2018-03-05,XBTUSD,9000,inverse,USD,11540.6623205728,-0.0035112554999791085,9000.0,False
2018-03-10,XBTUSD,15000,inverse,USD,8786.56042314436,-0.0016026601568737626,15000.0,False
2018-03-13,XBTUSD,100000,inverse,USD,9160.54293278784,0.11916411970995903,100000.0,False
2018-03-20,XBTUSD,-500000,inverse,USD,8895.54717913501,0.27118483457722664,-500000.00000000006,False
2018-03-21,XBTUSD,-500000,inverse,USD,8879.5942565751,0.04183916187876701,-499999.99999999994,False
2018-03-30,XBTUSD,-50000,inverse,USD,6832.14906633548,-0.1404085067839849,-50000.0,False
2018-03-31,XBTM18,25000,inverse,USD,6922.2812969024,0.09833011864809632,25000.000000000004,False
2018-04-01,XBTM18,-30000,inverse,USD,6804.52487931035,-0.003924723532794118,-29999.999999999996,False
2018-04-02,XBTM18,-50000,inverse,USD,7033.25960958504,-0.09423192294269085,-50000.0,False
2018-04-02,XBTUSD,-100000,inverse,USD,7033.25960958504,-0.0614138958853817,-100000.0,False
2018-04-03,XBTUSD,-50000,inverse,USD,7420.80051548802,0.01581755696633339,-50000.0,False
2018-04-04,XBTM18,20000,inverse,USD,6780.54360140269,0.0419839845727706,20000.0,False
2018-04-05,XBTUSD,-30000,inverse,USD,6798.42261659848,0.013588332216126323,-30000.000000000004,False
2018-04-07,XBTUSD,20000,inverse,USD,6886.46947194623,-0.03984579408578574,20000.0,False
2018-04-09,XBTUSD,-8200,inverse,USD,6736.89282378726,0.005054336435257345,-8200.0,False
2018-04-12,XBTUSD,-50000,inverse,USD,7904.33027527762,-0.000853391281607151,-50000.0,False
2018-04-13,XBTUSD,210000,inverse,USD,7919.06469462303,0.07611683171271325,210000.0,False
2018-04-14,XBTUSD,-351000,inverse,USD,8006.41794330801,-0.10408019279192925,-351000.0,False
2018-04-15,XBTUSD,-400000,inverse,USD,8342.27110140269,0.006573612375535965,-400000.0,False
2018-04-16,ADAM18,-100000,linear_btc,XBT,3.1589592231484155e-05,0.12304077685158432,-25420.0884292808,False
2018-04-17,XBTUSD,600000,inverse,USD,7887.73795791935,-0.0014357085601902008,600000.0000000001,False
2018-04-19,XBTUSD,-5000,inverse,USD,8272.96731589714,-0.0026719823637218775,-5000.0,False
2018-04-20,XBTUSD,-400000,inverse,USD,8839.5011320865,0.03342245279434204,-400000.00000000006,False
2018-04-24,XBTUSD,-200000,inverse,USD,9652.21378872005,0.056791288311173915,-200000.00000000003,False
2018-05-03,XBT7D_U110,5,option,XBT,,,,True
2018-05-22,XBTUSD,300000,inverse,USD,8007.52653214495,0.07724745803870678,300000.0,False
2018-05-24,XBTUSD,300000,inverse,USD,7575.62448597312,0.4433043008567524,299999.99999999994,False
2018-05-25,XBTUSD,200001,inverse,USD,7425.37567445938,0.011336103870372772,200001.0,False
2018-05-30,XBTUSD,1,inverse,USD,7374.6690490941,1.110694682991998e-06,1.0,False
2018-05-31,XBTUSD,1,inverse,USD,7478.74186703682,-8.52329931800923e-07,1.0,False
2018-06-01,XBTUSD,-1,inverse,USD,7519.83573728814,-2.0683718187669367e-06,-1.0,False
2018-06-02,XBTUSD,-328759,inverse,USD,7637.44825306838,0.038030169288949964,-328759.0,False
2018-06-03,XBTUSD,-1,inverse,USD,7702.15793308007,3.537438271800056e-07,-1.0,False
2018-06-04,XBTUSD,-76243,inverse,USD,7486.65319959088,0.05116141290702939,-76243.0,False
2018-06-05,XBTUSD,-100001,inverse,USD,7611.14985271771,0.013619700193042756,-100001.0,False
2018-06-06,XBTUSD,-1,inverse,USD,7650.77580713033,5.35699030943415e-07,-1.0,False
2018-06-07,XBTUSD,-1,inverse,USD,7665.9478962595,2.770123633291405e-07,-1.0,False
2018-06-08,XBTUSD,-1,inverse,USD,7622.60233021625,1.0187931023197417e-06,-0.9999999999999999,False
2018-06-09,XBTUSD,-1,inverse,USD,7556.17169783752,2.172148906725779e-06,-1.0,False
2018-06-10,XBTUSD,1,inverse,USD,6744.73580099357,7.622370016486457e-08,1.0,False
2018-06-11,XBTUSD,107455,inverse,USD,6849.45268731736,-0.08457219893294811,107455.0,False
2018-06-12,XBTUSD,448499,inverse,USD,6526.69968001169,-0.2873829866281414,448499.0,False
2018-06-13,XBTUSD,1,inverse,USD,6306.51316803039,8.937727748987527e-07,1.0,False
2018-06-14,XBTUSD,-224732,inverse,USD,6629.77012419638,0.05164169401395321,-224732.0,False
2018-06-15,XBTUSD,400001,inverse,USD,6399.67404646406,0.019097349915990828,400000.99999999994,False
2018-06-16,XBTUSD,1,inverse,USD,6495.31530917592,-3.3711407378510556e-07,1.0,False
2018-06-17,XBTUSD,1,inverse,USD,6450.69397282291,-1.4020804479408071e-06,1.0,False
2018-06-18,XBTUSD,1,inverse,USD,6703.81258971362,-5.488478186886459e-07,1.0,False
2018-06-19,XBTUSD,-1,inverse,USD,6732.50880917592,2.730399623202538e-07,-1.0,False
2018-06-20,XBTUSD,-1,inverse,USD,6753.20682583285,8.977985615261241e-07,-1.0,False
2018-06-21,XBTUSD,-1,inverse,USD,6720.37323436587,1.6212592643389507e-06,-1.0,False
2018-06-22,ADAM18,200000,linear_btc,XBT,2.2843509731689266e-05,-0.03856056366214693,27684.396021665398,False
2018-06-22,XBTUSD,1,inverse,USD,6059.5758591467,-1.7080520031014748e-06,1.0,False
2018-06-23,ADAM18,500000,linear_btc,XBT,2.232081068188684e-05,-0.08685716905658007,68906.862364258,False
2018-06-23,XBTU18,100000,inverse,USD,6174.22577936879,0.5516373185200715,100000.00000000001,False
2018-06-23,XBTUSD,321713,inverse,USD,6174.22577936879,-0.1725542334695244,321713.0,False
2018-06-24,ADAM18,500000,linear_btc,XBT,2.128174157142085e-05,-0.6063917242895758,65403.97602711701,False
2018-06-24,EOSM18,18807,linear_btc,XBT,0.0013095774517825826,0.5153209656750297,151383.20462413726,False
2018-06-24,XBTU18,100000,inverse,USD,6146.48719491526,0.4785444835668182,100000.0,False
2018-06-24,XBTUSD,200001,inverse,USD,6146.48719491526,0.12583290257846833,200001.0,False
2018-06-25,ADAM18,500000,linear_btc,XBT,2.16274291085514e-05,-0.43354795572429894,67515.81006815551,False
2018-06-25,EOSM18,16193,linear_btc,XBT,0.0013346156966712642,0.8493715661977815,134931.74147350728,False
2018-06-25,XBTU18,100000,inverse,USD,6243.53544097019,0.731433593761921,100000.00000000001,False
2018-06-25,XBTUSD,1,inverse,USD,6243.53544097019,-6.056640623807834e-07,0.9999999999999999,False
2018-06-26,ADAM18,500000,linear_btc,XBT,2.0726199855766052e-05,-0.8841625821169734,63174.79157756551,False
2018-06-26,EOSM18,25000,linear_btc,XBT,0.0012493771580504224,-0.5162700587394381,190409.10082619023,False
2018-06-26,XBTU18,100000,inverse,USD,6096.12876621859,0.34414702462564706,99999.99999999999,False
2018-06-26,XBTUSD,1,inverse,USD,6096.12876621859,-1.6785297537435327e-06,1.0,False
2018-06-27,ADAM18,504000,linear_btc,XBT,2.075759184247509e-05,-0.868196221392554,64227.13601872327,False
2018-06-27,EOSM18,8000,linear_btc,XBT,0.0013050286017226042,-0.004371186219166517,64094.54502408399,False
2018-06-27,XBTU18,100000,inverse,USD,6139.18968322618,0.45920536099001646,99999.99999999999,False
2018-06-27,XBTUSD,200001,inverse,USD,6139.18968322618,0.20041210403364182,200001.0,False
2018-06-28,ADAM18,800000,linear_btc,XBT,2.0186065612013574e-05,-1.3054100203891421,94610.24497250638,False
2018-06-28,EOSM18,15000,linear_btc,XBT,0.0012572724840898405,-0.5554139386523914,110488.52337352469,False
2018-06-28,XBTU18,100000,inverse,USD,5858.63577819988,-0.3208200778929329,100000.00000000001,False
2018-06-28,XBTUSD,200001,inverse,USD,5858.63577819988,-1.3596465739866448,200001.0,False
2018-06-29,EOSU18,15001,linear_btc,XBT,0.001251341196547078,0.23695758940271855,116775.06866325623,False
2018-06-29,XBTU18,100000,inverse,USD,6220.9137150789,0.6731909638917566,100000.0,False
2018-06-29,XBTUSD,1,inverse,USD,6220.9137150789,1.0021909638917568e-05,1.0,False
2018-06-30,EOSU18,15001,linear_btc,XBT,0.001270979830508475,-0.08473201254236698,121555.86789041346,False
2018-06-30,XBTU18,100000,inverse,USD,6375.5412314436,1.0630571269449354,100000.0,False
2018-06-30,XBTUSD,1,inverse,USD,6375.5412314436,1.805712694493559e-07,1.0,False
2018-07-01,EOSU18,15001,linear_btc,XBT,0.0012786026846813895,0.029618422905523776,122013.72917436373,False
2018-07-01,XBTU18,100000,inverse,USD,6361.40253886616,1.0281961691574169,100000.0,False
2018-07-01,XBTUSD,1,inverse,USD,6361.40253886616,-1.68038308425821e-07,0.9999999999999999,False
2018-07-02,EOSU18,1,linear_btc,XBT,0.0013512796253088925,7.464962530889258e-05,8.92975189610913,False
2018-07-02,XBTU18,100000,inverse,USD,6608.367157218,1.6156688778142667,100000.00000000001,False
2018-07-02,XBTUSD,1,inverse,USD,6608.367157218,-4.4331122185732964e-07,1.0,False
2018-07-03,EOSU18,1,linear_btc,XBT,0.001353539043264947,7.690904326494696e-05,8.79571340251051,False
2018-07-03,XBTU18,100000,inverse,USD,6498.3078591467,1.3593785053681493,100000.0,False
2018-07-03,XBTUSD,1,inverse,USD,6498.3078591467,4.237850536814767e-07,1.0,False
2018-07-04,EOSU18,1,linear_btc,XBT,0.0013506934221990264,1.585342219902639e-05,8.88666231394189,False
2018-07-04,XBTU18,100000,inverse,USD,6579.33337638808,1.5488917804833962,100000.0,False
2018-07-04,XBTUSD,1,inverse,USD,6579.33337638808,2.689178048339636e-07,1.0,False
2018-07-05,EOSU18,1,linear_btc,XBT,0.0013514807024766608,1.6640702476660663e-05,8.832329676160038,False
2018-07-05,XBTU18,100000,inverse,USD,6535.29840268849,1.446479879838078,99999.99999999999,False
2018-07-05,XBTUSD,1,inverse,USD,6535.29840268849,-1.6520120161922022e-07,1.0,False
2018-07-06,EOSU18,15001,linear_btc,XBT,0.001304259907753121,-0.30363196379543067,129100.19088065007,False
2018-07-06,XBTU18,100000,inverse,USD,6598.45909585038,1.592946593229971,100000.0,False
2018-07-06,XBTUSD,1,inverse,USD,6598.45909585038,1.2994659322996994e-06,1.0,False
2018-07-07,EOSU18,15001,linear_btc,XBT,0.0013027660466219337,-0.32604137462437394,131676.52977794697,False
2018-07-07,XBTU18,100000,inverse,USD,6737.85608036236,1.9064838252256011,100000.0,False
2018-07-07,XBTUSD,400001,inverse,USD,6737.85608036236,-0.18228492425933837,400001.0,False
2018-07-08,EOSU18,15001,linear_btc,XBT,0.0012958565375044623,-0.42969092089555977,130337.90445979837,False
2018-07-08,XBTU18,100000,inverse,USD,6704.91998012858,1.8335789037944197,100000.0,False
2018-07-08,XBTUSD,1,inverse,USD,6704.91998012858,-7.142109620558039e-07,1.0,False
2018-07-09,EOSU18,35001,linear_btc,XBT,0.0011619716477244012,-2.4347484479982326,271026.9903815433,False
2018-07-09,XBTU18,100000,inverse,USD,6664.02409351257,1.7420518526411033,100000.0,False
2018-07-09,XBTUSD,1,inverse,USD,6664.02409351257,-1.939481473588967e-06,1.0,False
2018-07-10,EOSU18,35001,linear_btc,XBT,0.0011353320391264013,-1.58924825853683,250708.84516366836,False
2018-07-10,XBTU18,100000,inverse,USD,6309.08400409118,0.8978385605336475,100000.0,False
2018-07-10,XBTUSD,1,inverse,USD,6309.08400409118,4.283856053364616e-07,1.0,False
2018-07-11,EOSU18,40001,linear_btc,XBT,0.0011180387547802633,-1.484430550034685,285240.12749771244,False
2018-07-11,XBTU18,100000,inverse,USD,6377.97651139684,1.069046052567067,100000.0,False
2018-07-11,XBTUSD,1,inverse,USD,6377.97651139684,1.3904605256706783e-06,0.9999999999999999,False
2018-07-12,EOSU18,40001,linear_btc,XBT,0.0010936245873599823,-2.139915911013346,269452.5042294309,False
2018-07-12,XBTU18,100000,inverse,USD,6159.46667621274,0.5128281488086868,100000.0,False
2018-07-12,XBTUSD,1,inverse,USD,6159.46667621274,-1.51171851191315e-06,1.0,False
2018-07-13,ADAU18,-1,linear_btc,XBT,2.2078882877581838e-05,1.0811171224181634e-06,-0.137087465230306,False
2018-07-13,EOSU18,41906,linear_btc,XBT,0.001100527489772062,-1.2931835636119746,286350.3738546327,False
2018-07-13,XBTU18,100000,inverse,USD,6208.98557188779,0.6423094903028035,100000.0,False
2018-07-13,XBTUSD,1,inverse,USD,6208.98557188779,-2.169050969719683e-07,1.0,False
2018-07-14,ADAU18,-1,linear_btc,XBT,2.1887949401812035e-05,1.272050598187966e-06,-0.136911585435716,False
2018-07-14,EOSU18,27701,linear_btc,XBT,0.0011109120777323205,-0.5248119247369909,192490.92488348507,False
2018-07-14,XBTU18,100000,inverse,USD,6255.11247866744,0.7610772482442189,100000.0,False
2018-07-14,XBTUSD,1,inverse,USD,6255.11247866744,3.207724824421712e-07,1.0,False
2018-07-15,ADAU18,-1,linear_btc,XBT,2.2447317560449664e-05,7.126824395503354e-07,-0.142486688882426,False
2018-07-15,EOSU18,1,linear_btc,XBT,0.0011608567786303245,3.117677863032455e-05,7.368659449322679,False
2018-07-15,XBTU18,100000,inverse,USD,6347.60427381648,0.9940248486985039,100000.0,False
2018-07-15,XBTUSD,-199999,inverse,USD,6347.60427381648,0.005950272851481438,-199999.0,False
2018-07-16,ADAU18,-200000,linear_btc,XBT,2.3462890095514543e-05,0.16142198089709162,-31490.987471473396,False
2018-07-16,EOSU18,-14911,linear_btc,XBT,0.0012001043401560574,0.24463881393302678,-120088.26042205493,False
2018-07-16,XBTU18,100000,inverse,USD,6710.80743746347,1.846663472037027,100000.0,False
2018-07-16,XBTUSD,-599999,inverse,USD,6710.80743746347,-0.1545858155874443,-599998.9999999999,False
2018-07-17,EOSU18,-1,linear_btc,XBT,0.0012033354384652839,1.3174561534716195e-05,-8.80913118703178,False
2018-07-17,XBTU18,100000,inverse,USD,7320.59482787843,3.0879078420269774,100000.0,False
2018-07-17,XBTUSD,-353630,inverse,USD,7320.59482787843,0.04565457823999405,-353630.0,False
2018-07-18,EOSU18,1,linear_btc,XBT,0.0011678699465984931,-1.1030053401506884e-05,8.61425350139786,False
2018-07-18,ETHU18,200,linear_btc,XBT,0.06494023202062049,-0.20795359587590218,95800.32822910578,False
2018-07-18,XBTU18,100000,inverse,USD,7376.03833927528,3.190586738259101,100000.0,False
2018-07-18,XBTUSD,-257234,inverse,USD,7376.03833927528,0.03869457970658302,-257234.0,False
2018-07-18,XRPU18,301504,linear_btc,XBT,6.589056282285013e-05,-0.1878935666593957,146534.35629496764,False
2018-07-19,EOSU18,5001,linear_btc,XBT,0.001123092898889539,-0.0890913126534152,41939.25215283848,False
2018-07-19,ETHU18,573,linear_btc,XBT,0.06272978375574288,-1.1823739079593276,268396.3210248392,False
2018-07-19,TRXU18,1,linear_btc,XBT,5.082944884761688e-06,-1.870551152383115e-07,0.0379545237897216,False
2018-07-19,XBTU18,100000,inverse,USD,7467.0342980713,3.355802240063431,100000.0,False
2018-07-19,XBTUSD,-253155,inverse,USD,7467.0342980713,-0.04139819083257675,-253155.0,False
2018-07-19,XRPU18,103482,linear_btc,XBT,6.376499146751938e-05,-0.17436911295815943,49271.44121767429,False
2018-07-20,ADAU18,200000,linear_btc,XBT,2.1998628332208626e-05,-0.2602743335582751,32237.9192925112,False
2018-07-20,EOSU18,9721,linear_btc,XBT,0.0010718888603156046,-0.4740636588720083,76348.7808076841,False
2018-07-20,ETHU18,573,linear_btc,XBT,0.06108124654465088,-2.1269857299150465,256450.71792518976,False
2018-07-20,TRXU18,172291,linear_btc,XBT,4.757622251582938e-06,-0.010747124652524143,6006.119296255655,False
2018-07-20,XBTU18,100000,inverse,USD,7327.25668293396,3.1003274361451365,100000.0,False
2018-07-20,XBTUSD,1,inverse,USD,7327.25668293396,-3.267256385486326e-07,1.0,False
2018-07-21,ADAU18,400000,linear_btc,XBT,2.2135732308075505e-05,-0.1597070767697978,65615.318729818,False
2018-07-21,EOSU18,14721,linear_btc,XBT,0.001085702267196905,-0.28727219459436176,118440.27708637167,False
2018-07-21,ETHU18,573,linear_btc,XBT,0.062341638033786215,-1.404781406640501,264718.4361320864,False
2018-07-21,XBTU18,100000,inverse,USD,7410.56562039743,3.253753390166056,100000.0,False
2018-07-21,XBTUSD,-2283,inverse,USD,7410.56562039743,-0.003715659897491075,-2283.0,False
2018-07-22,ADAU18,200000,linear_btc,XBT,2.286677604431606e-05,0.06635520886321188,33840.467536928394,False
2018-07-22,EOSU18,14721,linear_btc,XBT,0.0010597926154295733,-0.6686881782612515,115440.8783078352,False
2018-07-22,ETHU18,573,linear_btc,XBT,0.061779347525051126,-1.7269738681457043,261938.51424108687,False
2018-07-22,XBTU18,100000,inverse,USD,7399.48374693162,3.233543664925611,100000.0,False
2018-07-22,XBTUSD,1,inverse,USD,7399.48374693162,5.454366492561167e-07,1.0,False
2018-07-23,ADAU18,200000,linear_btc,XBT,2.1447273370923266e-05,-0.21754532581534683,33098.1126910978,False
2018-07-23,EOSU18,14721,linear_btc,XBT,0.0010270230654587963,-1.1510887233810592,116659.10957084969,False
2018-07-23,ETHU18,573,linear_btc,XBT,0.05818383148521643,-3.7872045589709855,257251.60079544102,False
2018-07-23,TRXU18,1521240,linear_btc,XBT,4.4128849864529205e-06,-0.3431203732083595,51799.0138966801,False
2018-07-23,XBTUSD,-5970,inverse,USD,7716.15862741087,0.0027946058535911144,-5970.000000000001,False
2018-07-24,ADAU18,300000,linear_btc,XBT,2.062135913455927e-05,-0.4141176496322191,51951.079850019894,False
2018-07-24,EOSU18,10001,linear_btc,XBT,0.001021678701097126,-0.35079653032764313,85805.23906719382,False
2018-07-24,ETHU18,508,linear_btc,XBT,0.056925317617859614,-2.8335772001273156,242842.78976504982,False
2018-07-24,TRXU18,1,linear_btc,XBT,4.544188187416886e-06,-2.0581181258311402e-07,0.0381603498000242,False
2018-07-24,XBTUSD,-720039,inverse,USD,8397.61652162478,0.2957416101505184,-720039.0,False
2018-07-25,ADAU18,300000,linear_btc,XBT,2.1080193384218003e-05,-0.2764673747345996,51874.4796634017,False
2018-07-25,EOSU18,1,linear_btc,XBT,0.001045355810993478,-4.294418900652192e-05,8.57476143126815,False
2018-07-25,ETHU18,333,linear_btc,XBT,0.057626797658573044,-1.623850469695177,157407.9373220338,False
2018-07-25,TRXU18,1,linear_btc,XBT,4.544241288860483e-06,-2.0575871113951678e-07,0.0372751407016766,False
2018-07-25,XBTUSD,227927,inverse,USD,8202.72039538282,0.11150760073029518,227927.0,False
2018-07-26,ADAU18,300000,linear_btc,XBT,2.0696412210285196e-05,-0.39160172691444156,49136.9920767864,False
2018-07-26,EOSU18,1,linear_btc,XBT,0.001048447143226791,-3.985285677320906e-05,8.29733811609825,False
2018-07-26,ETHU18,135,linear_btc,XBT,0.05855918527458197,-0.5324454079314339,62563.50072326124,False
2018-07-26,TRXU18,1,linear_btc,XBT,4.526055608771827e-06,-2.239443912281729e-07,0.0358188907861036,False
2018-07-26,XBTUSD,855693,inverse,USD,7913.93077819989,-0.0055073753730392454,855693.0,False
2018-07-27,ADAU18,500000,linear_btc,XBT,2.0294713176342962e-05,-0.6061688018285191,82942.2056525935,False
2018-07-27,EOSU18,9268,linear_btc,XBT,0.0010318196769416698,-0.16550733410460353,78165.02818612278,False
2018-07-27,ETHU18,135,linear_btc,XBT,0.05741677684141261,-0.4755092764092982,63357.09202951483,False
2018-07-27,TRXU18,1,linear_btc,XBT,4.470504905236857e-06,-2.7949509476314347e-07,0.0365408994942888,False
2018-07-27,XBTUSD,33949,inverse,USD,8173.7746113384,0.01599301217825234,33949.0,False
2018-07-28,ADAU18,600000,linear_btc,XBT,1.9923471926857394e-05,-0.8334422338855648,97908.2451962142,False
2018-07-28,EOSU18,14268,linear_btc,XBT,0.0010128323248620452,-0.43082048886833907,118359.64350740946,False
2018-07-28,ETHU18,185,linear_btc,XBT,0.05705753900843364,-0.5606294334397769,86454.5308591467,False
2018-07-28,TRXU18,1,linear_btc,XBT,4.496114784225969e-06,-2.5388521577403084e-07,0.0368247989390267,False
2018-07-28,XBTUSD,1,inverse,USD,8190.36005669199,1.4752455474233829e-06,1.0,False
2018-07-29,ADAU18,400000,linear_btc,XBT,1.9833680018301785e-05,-0.591544922679286,65289.347552536805,False
2018-07-29,EOSU18,14268,linear_btc,XBT,0.0010152940794697675,-0.3956961741253567,119215.84716411406,False
2018-07-29,ETHU18,185,linear_btc,XBT,0.056736467425130374,-0.6200276763508809,86379.97126388083,False
2018-07-29,TRXU18,-10810,linear_btc,XBT,4.785298946851733e-06,0.00303664838453277,-425.70995209276356,False
2018-07-29,XBTUSD,250001,inverse,USD,8229.60583869083,0.1374740539536524,250001.0,False
2018-07-30,ADAU18,762453,linear_btc,XBT,1.8771175165664343e-05,-1.4100946014137243,116956.50160324445,False
2018-07-30,EOSU18,28823,linear_btc,XBT,0.0009482835804798164,-2.2501369598302507,223355.8037560147,False
2018-07-30,ETHU18,185,linear_btc,XBT,0.05578862292959945,-0.7953789080241025,84340.6996127995,False
2018-07-30,TRXU18,1,linear_btc,XBT,4.458569981395069e-06,-5.014300186049308e-07,0.0364347183734708,False
2018-07-30,XBTUSD,250001,inverse,USD,8171.83951928697,0.7858843845525313,250001.00000000003,False
2018-07-31,ADAU18,646254,linear_btc,XBT,1.8351859670237104e-05,-0.9533388306705904,91619.78980815456,False
2018-07-31,EOSU18,20520,linear_btc,XBT,0.0009458956179817736,-1.2193770290140056,149943.1178737645,False
2018-07-31,ETHU18,262,linear_btc,XBT,0.05589528641918191,-0.6863641781743407,113131.21320163642,False
2018-07-31,TRXU18,1,linear_btc,XBT,4.362777389129353e-06,-9.722261087064681e-08,0.0337030357372322,False
2018-07-31,XBTUSD,819741,inverse,USD,7725.13303594389,0.042907536055412296,819741.0000000001,False
2018-08-01,ADAU18,777009,linear_btc,XBT,1.8376971872780517e-05,-0.8215785221026826,108473.80196158132,False
2018-08-01,EOSU18,13572,linear_btc,XBT,0.0009516686766016883,-0.5059005011618852,98119.31068580598,False
2018-08-01,ETHU18,312,linear_btc,XBT,0.055158165559591084,-0.9065815654075813,130734.21711513729,False
2018-08-01,TRXU18,1,linear_btc,XBT,4.27858377971711e-06,-1.814162202828902e-07,0.0325031088934724,False
2018-08-01,XBTUSD,256083,inverse,USD,7596.6980119813,0.5671368029552126,256083.0,False
2018-08-02,ADAU18,979509,linear_btc,XBT,1.7312181362930865e-05,-1.8478386053769518,127904.77296838036,False
2018-08-02,EOSU18,19857,linear_btc,XBT,0.0009326198418752568,-0.8166820798830271,139683.4053192585,False
2018-08-02,ETHU18,312,linear_btc,XBT,0.05448639071046645,-1.1161753183344674,128223.95300759801,False
2018-08-02,TRXU18,1,linear_btc,XBT,4.1569569070301805e-06,-3.0304309296981957e-07,0.0313546566723784,False
2018-08-02,XBTUSD,246370,inverse,USD,7542.69466189363,-0.01607316729092121,246370.0,False
2018-08-03,ADAU18,779509,linear_btc,XBT,1.749139849407148e-05,-1.3308382812848354,101051.47433687265,False
2018-08-03,EOSU18,11704,linear_btc,XBT,0.0009686831102888043,-0.05927962717983484,84025.8717719338,False
2018-08-03,ETHU18,144,linear_btc,XBT,0.05629930030687376,-0.2540988358101785,60084.503368790116,False
2018-08-03,TRXU18,1,linear_btc,XBT,4.095937690121079e-06,4.5937690121079414e-08,0.0303564042486356,False
2018-08-03,XBTUSD,250436,inverse,USD,7411.34425014611,0.08566347754880428,250435.99999999997,False
2018-08-04,ADAU18,779509,linear_btc,XBT,1.803379741456453e-05,-0.778750941170218,98433.59987535022,False
2018-08-04,EOSU18,1,linear_btc,XBT,0.000994563680577956,2.1283680577955967e-05,6.96414240993799,False
2018-08-04,TRXU18,1,linear_btc,XBT,4.1086814166482645e-06,5.868141664826453e-08,0.0287698445673952,False
2018-08-04,XBTUSD,1693974,inverse,USD,7002.2086528346,-4.3348147266193005,1693974.0,False
2018-08-05,ADAU18,400842,linear_btc,XBT,1.8561284243150305e-05,-0.18901334140714526,52316.01345265206,False
2018-08-05,EOSU18,1,linear_btc,XBT,0.001001059694200977,2.7779694200976955e-05,7.03903908378621,False
2018-08-05,TRXU18,1,linear_btc,XBT,4.3079272094179004e-06,2.5792720941790035e-07,0.0302915681980407,False
2018-08-05,XBTUSD,-1,inverse,USD,7031.58775102279,5.25390806229152e-07,-1.0,False
2018-08-06,ADAU18,400842,linear_btc,XBT,1.8672898410366175e-05,-0.14427369539200185,51870.16372039953,False
2018-08-06,EOSU18,1,linear_btc,XBT,0.0010175232875511398,4.4243287551139803e-05,7.051427117380001,False
2018-08-06,TRXU18,1,linear_btc,XBT,4.1964950532035184e-06,1.4649505320351864e-07,0.0290816725063141,False
2018-08-06,XBTUSD,750647,inverse,USD,6929.99089421391,0.5301579445285416,750647.0,False
2018-08-07,ADAU18,500842,linear_btc,XBT,1.841946977086089e-05,-0.24791156102248907,62017.42688253793,False
2018-08-07,EOSU18,1,linear_btc,XBT,0.000977018085422114,3.738085422113945e-06,6.568080709502371,False
2018-08-07,TRXU18,1,linear_btc,XBT,4.1212571983687505e-06,7.125719836875021e-08,0.0277054747577254,False
2018-08-07,XBTUSD,-250509,inverse,USD,6722.57843278784,-0.006781787358207702,-250509.0,False
2018-08-08,XBTUSD,1317937,inverse,USD,6267.3886735827,0.5685078686767959,1317937.0,False
2018-08-09,XBTUSD,-749999,inverse,USD,6558.09690794857,0.16796216334754943,-749999.0,False
2018-08-10,XBTUSD,-172090,inverse,USD,6135.75185856224,-0.011980359266524314,-172090.0,False
2018-08-11,EOSU18,10000,linear_btc,XBT,0.0007983369376743951,0.24186937674395084,50404.99290830989,False
2018-08-11,XBTUSD,500001,inverse,USD,6313.74931180596,1.087831113046217,500001.0,False
2018-08-12,EOSU18,13154,linear_btc,XBT,0.0007915887768908774,0.29041957122260215,65752.09798771738,False
2018-08-12,XBTUSD,1,inverse,USD,6314.69165575687,-1.308598035562136e-07,0.9999999999999999,False
2018-08-13,ADAU18,300000,linear_btc,XBT,1.6238858341060706e-05,0.0966575023182118,30525.065631129895,False
2018-08-13,EOSU18,15000,linear_btc,XBT,0.0007338068468731728,0.4361027030975914,68968.8329404842,False
2018-08-13,TRXU18,3000000,linear_btc,XBT,3.055439788724637e-06,0.0763191761739111,57434.764269698695,False
2018-08-13,XBTUSD,1,inverse,USD,6265.84804383402,1.0446837707688246e-06,1.0,False
2018-08-14,ADAU18,800000,linear_btc,XBT,1.5021316054746228e-05,-0.18378975620301724,74323.41795177743,False
2018-08-14,EOSU18,20000,linear_btc,XBT,0.0007270725318221014,0.5343256364420271,89936.3868434096,False
2018-08-14,TRXU18,4000000,linear_btc,XBT,2.990209894086196e-06,0.040839386344783304,73975.7485002412,False
2018-08-14,XBTUSD,1,inverse,USD,6184.82908562244,2.074044550616691e-06,0.9999999999999999,False
2018-08-15,XBTUSD,505154,inverse,USD,6270.21479865576,-0.6626482997259998,505154.0,False
2018-08-16,XBTUSD,-250001,inverse,USD,6290.7504552893,0.0308864084278059,-250001.0,False
2018-08-17,EOSU18,-15000,linear_btc,XBT,0.0008361885377276749,-0.318849065915122,-82319.56255855603,False
2018-08-17,ETHUSD,-100000,quanto,USD,314.950714786674,-0.1175714786673975,-206704.6198233281,False
2018-08-17,TRXU18,-2000000,linear_btc,XBT,3.522013155402295e-06,-0.22402631080458998,-46230.496145614394,False
2018-08-17,XBTUSD,-750001,inverse,USD,6563.07828872005,-0.7783628077804947,-750001.0,False
2018-08-17,XRPU18,-647430,linear_btc,XBT,5.494859665484281e-05,-0.6531376322448826,-233483.93801550046,False
2018-08-18,XBTUSD,1,inverse,USD,6399.28744681473,1.842601744940548e-06,1.0,False
2018-08-19,XBTUSD,1,inverse,USD,6490.71612711865,-2.1620477853477495e-07,1.0,False
2018-08-20,XBTUSD,1,inverse,USD,6272.95272881356,1.035439866827128e-06,1.0,False
2018-08-21,XBTUSD,1,inverse,USD,6473.07603945061,5.9639420724504275e-06,1.0,False
2018-08-22,XBTUSD,-1,inverse,USD,6365.00983167738,-6.210517901794629e-07,-1.0,False
2018-08-23,XBTUSD,-250001,inverse,USD,6516.40902542373,-0.09781149939041138,-250001.0,False
2018-08-24,XBTUSD,-500001,inverse,USD,6697.73187872589,-0.3265435072428799,-500001.0,False
2018-08-25,XBTUSD,-250001,inverse,USD,6745.43893921683,-0.03732518593735218,-250000.99999999997,False
2018-08-26,XBTUSD,-550001,inverse,USD,6689.86933313852,0.017609373806266784,-550001.0,False
2018-08-27,XBTUSD,-250001,inverse,USD,6839.15895236704,-0.1847927495459175,-250001.0,False
2018-08-28,XBTUSD,1,inverse,USD,7092.97380829924,6.554105983113731e-07,1.0,False
2018-08-29,XBTUSD,1,inverse,USD,7033.42806808884,-2.881797324508989e-07,0.9999999999999999,False
2018-08-30,XBTUSD,1,inverse,USD,6966.96374371713,1.3854508354792233e-06,1.0,False
2018-08-31,XBTUSD,1,inverse,USD,7025.14078024547,2.574098148185658e-06,1.0,False
2018-09-01,XBTUSD,1,inverse,USD,7192.35254734074,5.134339504485979e-07,1.0,False
2018-09-02,XBTUSD,-500001,inverse,USD,7286.66779105786,0.11847085284193992,-500001.0,False
2018-09-03,XBTUSD,-500001,inverse,USD,7257.47021391,0.016197224995222092,-500001.0,False
2018-09-04,XBTUSD,-750001,inverse,USD,7358.81147895967,-0.3567478036695862,-750001.0,False
2018-09-05,XBTUSD,2299999,inverse,USD,6790.89732846289,-1.9611576683815766,2299999.0,False
2018-09-06,XBTUSD,-500001,inverse,USD,6488.07593687902,0.3469480988227558,-500001.00000000006,False
2018-09-07,XBTUSD,-1,inverse,USD,6408.65362244301,2.319015199388341e-06,-1.0,False
2018-09-08,XBTUSD,249999,inverse,USD,6187.79050233781,0.5303543500323057,249999.00000000003,False
2018-09-09,XBTUSD,999999,inverse,USD,6249.24631034483,0.09320323711881638,999998.9999999999,False
2018-09-10,ADAU18,1110716,linear_btc,XBT,1.1608542153509344e-05,0.15187515657728434,81171.44068521833,False
2018-09-10,ETHUSD,1,quanto,USD,196.122111922852,7.3821119228520184e-06,1.2346649081113943,False
2018-09-10,XBTUSD,-1,inverse,USD,6295.3886025716,-4.2357079124385563e-07,-0.9999999999999999,False
2018-09-11,ADAU18,1110716,linear_btc,XBT,1.1117517585316417e-05,-0.3935136877076912,77528.52809252962,False
2018-09-11,XBTUSD,-1,inverse,USD,6278.42463968439,5.623645977048e-09,-1.0,False
2018-09-12,ADAU18,573081,linear_btc,XBT,1.0421077356532645e-05,-0.19204296744091512,37788.81553018985,False
2018-09-12,XBTUSD,-1,inverse,USD,6327.53636323787,-1.230607953221006e-06,-1.0,False
2018-09-13,ADAU18,1,linear_btc,XBT,1.0753474391065866e-05,1.8347439106586534e-07,0.0697998593699388,False
2018-09-13,ETHUSD,-300000,quanto,USD,212.601965517241,-1.8916422651723004,-413994.2149452162,False
2018-09-13,XBTUSD,-750001,inverse,USD,6490.91231648159,-0.9490798602126121,-750001.0,False
2018-09-14,ADAU18,1,linear_btc,XBT,1.0498250151714294e-05,-7.174984828570586e-08,0.0681829377973265,False
2018-09-14,ETHUSD,1,quanto,USD,211.697804208065,-2.3221957919350097e-06,1.3749127718958092,False
2018-09-14,XBTUSD,-500001,inverse,USD,6494.69547895967,0.0909031534087944,-500001.0,False
2018-09-15,ADAU18,1,linear_btc,XBT,1.0620129493634647e-05,5.012949363464713e-08,0.0692874842262012,False
2018-09-15,ETHUSD,1,quanto,USD,222.813010520164,8.41301052016399e-06,1.4536689934959248,False
2018-09-15,XBTUSD,-1,inverse,USD,6524.16566744594,-5.136960290928801e-07,-1.0,False
2018-09-16,ADAU18,1,linear_btc,XBT,1.0732447990338422e-05,1.6244799033842356e-07,0.06973305802935742,False
2018-09-16,ETHUSD,-199907,quanto,USD,220.022490356517,-0.04945877970025062,-285782.0821585986,False
2018-09-16,XBTUSD,-1,inverse,USD,6497.40470134424,1.1760556951474428e-07,-1.0,False
2018-09-17,ADAU18,1,linear_btc,XBT,1.0132710127324115e-05,-4.3728987267588537e-07,0.063416527671991,False
2018-09-17,ETHUSD,399612,quanto,USD,196.811666861485,-3.071564592148256,492227.8711961038,False
2018-09-17,XBTUSD,-1,inverse,USD,6258.59487492694,5.990273365540943e-06,-1.0,False
2018-09-18,ADAU18,1,linear_btc,XBT,1.0873921610091843e-05,3.0392161009184294e-07,0.0689444448511492,False
2018-09-18,ETHUSD,205609,quanto,USD,209.519992986558,0.5328945379732036,273137.08667021483,False
2018-09-18,XBTUSD,-1,inverse,USD,6340.34779018118,3.930054655144431e-06,-0.9999999999999999,False
2018-09-19,ADAU18,1,linear_btc,XBT,1.1257616639996671e-05,6.876166399966701e-07,0.07186808286598478,False
2018-09-19,ETHUSD,305836,quanto,USD,209.085130625365,-0.05179947006087303,408226.65456513903,False
2018-09-19,XBTUSD,-1,inverse,USD,6383.95187580362,2.852784822703361e-06,-0.9999999999999999,False
2018-09-20,ADAU18,1,linear_btc,XBT,1.2466939593975789e-05,1.8969395939757897e-06,0.08101774229839412,False
2018-09-20,ETHUSD,17,quanto,USD,223.652088544711,0.0002694855052600871,24.70825990128877,False
2018-09-20,XBTUSD,-1,inverse,USD,6498.60711104617,8.912869824442169e-08,-0.9999999999999999,False
2018-09-24,XBTUSD,-1,inverse,USD,6576.5450032145,2.2455245210391696e-06,-1.0,False
2018-09-25,ETHUSD,-75803,quanto,USD,217.622940093513,0.028022342091434,-105848.68739644114,False
2018-09-25,XBTUSD,1,inverse,USD,6416.44402162478,4.904364988165616e-07,1.0,False
2018-09-26,ETHUSD,-1,quanto,USD,215.031261835184,3.1873816481598624e-07,-1.3898008898353809,False
2018-09-26,XBTUSD,1,inverse,USD,6463.25040356517,1.6190875240740025e-06,1.0,False
2018-09-27,ETHUSD,-1,quanto,USD,228.436735242548,3.243264757452016e-06,-1.525477785891122,False
2018-09-27,XBTUSD,1,inverse,USD,6677.90048860316,6.592335789272365e-06,1.0,False
2018-09-28,ETHUSD,-2089,quanto,USD,221.042023962595,-0.0021767880578609554,-3058.2734624734258,False
2018-09-28,XBTUSD,1,inverse,USD,6623.12615984804,5.353898291355526e-06,1.0,False
2018-09-29,XBTUSD,1,inverse,USD,6584.49914757452,4.46816015499644e-06,1.0,False
2018-09-30,XBTUSD,1,inverse,USD,6604.485028346,4.927740647746487e-06,0.9999999999999999,False
2018-10-01,XBTUSD,1,inverse,USD,6561.81383226184,3.9431131691978044e-06,1.0,False
2018-10-02,ETHUSD,100000,quanto,USD,225.34053798948,-0.09761287105199813,146667.8677934814,False
2018-10-02,XBTUSD,1,inverse,USD,6508.72093863238,2.6999823331615882e-06,1.0,False
2018-10-02,XRPZ18,100000,linear_btc,XBT,7.977490256322186e-05,-0.091509743677814,51923.257869060006,False
2018-10-03,ETHUSD,-1,quanto,USD,218.985656049094,-4.3565604909399555e-07,-1.4156233229096515,False
2018-10-03,XBTUSD,1,inverse,USD,6464.45684365868,1.6479625736922025e-06,1.0,False
2018-10-04,ETHUSD,-1,quanto,USD,220.934906487434,-2.384906487434018e-06,-1.4460820769352725,False
2018-10-04,XBTUSD,1,inverse,USD,6545.28566773816,3.5582803374007927e-06,1.0,False
2018-10-05,ETHUSD,-1,quanto,USD,226.533247516073,-7.983247516072989e-06,-1.4917553196861932,False
2018-10-05,XBTUSD,1,inverse,USD,6585.14957977791,4.483160928209945e-06,1.0,False
2018-10-06,ETHUSD,-1,quanto,USD,223.670021040327,2.929978959673026e-06,-1.465145622740919,False
2018-10-06,XBTUSD,1,inverse,USD,6550.47831589714,3.6793923657249798e-06,1.0,False
2018-10-07,ETHUSD,-1,quanto,USD,224.381154003507,2.2188459964930005e-06,-1.472965401731953,False
2018-10-07,XBTUSD,1,inverse,USD,6564.56826008182,4.007057393423147e-06,1.0,False
2018-10-08,ADAZ18,2250000,linear_btc,XBT,1.3052575670494297e-05,-0.7842047413878298,193968.34722023245,False
2018-10-08,ETHUSD,-1,quanto,USD,227.629361484512,-1.0293614845120101e-06,-1.5034202917515247,False
2018-10-08,XBTUSD,1,inverse,USD,6604.68527410871,4.932331277291905e-06,1.0,False
2018-10-09,ETHUSD,-1,quanto,USD,226.366257451783,2.3374254821697832e-07,-1.4918506621993854,False
2018-10-09,XBTUSD,1,inverse,USD,6590.42862215079,4.604800768959776e-06,1.0,False
2018-10-10,ETHUSD,-1,quanto,USD,223.637414962011,2.9625850379889746e-06,-1.4601515908097322,False
2018-10-10,XBTUSD,-1,inverse,USD,6529.10243600234,-1.0959092357521513e-07,-1.0,False
2018-10-11,ETHUSD,-1,quanto,USD,190.503173290473,3.6096826709527015e-05,-1.173356983011127,False
2018-10-11,XBTUSD,-139078,inverse,USD,6159.25164260666,-0.033742188824596404,-139078.0,False
2018-10-12,ETHUSD,-1,quanto,USD,194.233684102864,3.236631589713601e-05,-1.2026322778498237,False
2018-10-12,XBTUSD,-1,inverse,USD,6191.67722326125,6.071270581002318e-07,-1.0,False
2018-10-13,ETHUSD,-1,quanto,USD,196.640900350672,2.9959099649327983e-05,-1.2187184954259351,False
2018-10-13,XBTUSD,-1,inverse,USD,6197.68569637639,4.505506716275522e-07,-1.0000000000000002,False
2018-10-14,ETHUSD,-1,quanto,USD,192.082561659848,3.0174383401520025e-06,-1.1876233028759815,False
2018-10-14,XBTUSD,-1,inverse,USD,6182.87934424313,8.369423408041439e-07,-1.0,False
2018-10-15,ETHUSD,-1,quanto,USD,204.845595265926,-9.745595265925985e-06,-1.3197618741272663,False
2018-10-15,XBTUSD,249999,inverse,USD,6442.71541408533,0.09898525769347667,249999.0,False
2018-10-16,ETHUSD,-1,quanto,USD,205.678965517241,-1.0578965517241012e-05,-1.3290845501547544,False
2018-10-16,XBTUSD,-1,inverse,USD,6461.93715926359,-7.764395666745258e-08,-0.9999999999999999,False
2018-10-17,ETHUSD,-1,quanto,USD,203.589184395091,-8.489184395090998e-06,-1.311670288525911,False
2018-10-17,XBTUSD,-1,inverse,USD,6442.73070017534,3.836891229653338e-07,-1.0,False
2018-10-18,ETHUSD,-1,quanto,USD,199.104167738165,-4.0041677381649785e-06,-1.2735657894417842,False
2018-10-18,XBTUSD,-1,inverse,USD,6396.47981209819,-1.840106158675917e-07,-1.0,False
2018-10-19,ETHUSD,-1,quanto,USD,200.18542226768,-5.085422267680006e-06,-1.2777991327982912,False
2018-10-19,XBTUSD,-1,inverse,USD,6383.07784015196,1.442339389352128e-07,-1.0,False
2018-10-20,ETHUSD,-1,quanto,USD,202.620590298071,-7.5205902980710015e-06,-1.2984439542440982,False
2018-10-20,XBTUSD,-1,inverse,USD,6408.25274634717,-4.7122358898535824e-07,-0.9999999999999999,False
2018-10-21,ETHUSD,-1,quanto,USD,202.197792518995,-7.097792518994975e-06,-1.297167687948582,False
2018-10-21,XBTUSD,-1,inverse,USD,6415.34050292227,-6.436284271291515e-07,-1.0,False
2018-10-22,ETHUSD,-1,quanto,USD,200.986967855056,-5.886967855055991e-06,-1.2879312503310922,False
2018-10-22,XBTUSD,-1,inverse,USD,6408.03363559322,-4.6588779223448e-07,-1.0,False
2018-10-23,ETHUSD,-1,quanto,USD,201.106208649912,-6.006208649912005e-06,-1.2862728302541107,False
2018-10-23,XBTUSD,-1,inverse,USD,6395.98766686149,-1.719811973465221e-07,-0.9999999999999999,False
2018-10-24,ETHUSD,-1,quanto,USD,200.548608123904,-5.448608123903978e-06,-1.2862793930117633,False
2018-10-24,XBTUSD,-1,inverse,USD,6413.80364114553,-6.062776676156136e-07,-1.0,False
2018-10-25,ETHUSD,-1,quanto,USD,199.862744593805,-4.762744593805e-06,-1.2795862181302053,False
2018-10-25,XBTUSD,-1,inverse,USD,6402.3248591467,-3.2673864567383137e-07,-1.0,False
2018-10-26,ETHUSD,-1,quanto,USD,200.622661601403,-5.522661601402979e-06,-1.284809302948457,False
2018-10-26,XBTUSD,-1,inverse,USD,6404.10855230859,-3.7024210129695346e-07,-1.0,False
2018-10-27,ETHUSD,-1,quanto,USD,201.418418468732,-6.318418468732016e-06,-1.2909722844074796,False
2018-10-27,XBTUSD,-1,inverse,USD,6409.40532758621,-4.992853018703864e-07,-0.9999999999999999,False
2018-10-28,ETHUSD,-1,quanto,USD,202.451103156049,-7.351103156048994e-06,-1.2970299695999203,False
2018-10-28,XBTUSD,-1,inverse,USD,6406.63325306838,-4.317769819176101e-07,-1.0,False
2018-10-29,ETHUSD,-1,quanto,USD,194.321351256575,7.786487434250012e-07,-1.2170427328550855,False
2018-10-29,XBTUSD,-1,inverse,USD,6263.0417346581,3.1468268177507345e-06,-0.9999999999999999,False
2018-10-30,ETHUSD,-1,quanto,USD,195.65895295149,-5.589529514899914e-07,-1.2272057704414334,False
2018-10-30,XBTUSD,-1,inverse,USD,6272.16772822911,4.0451185135014384e-07,-1.0,False
2018-10-31,ETHUSD,-1,quanto,USD,196.897931911163,-1.7979319111629956e-06,-1.241700761754581,False
2018-10-31,XBTUSD,-1,inverse,USD,6306.31693132671,-4.588385931751691e-07,-0.9999999999999999,False
2018-11-01,ETHUSD,-1,quanto,USD,197.8192106955,-2.7192106955000053e-06,-1.2547628026249313,False
2018-11-01,XBTUSD,-1,inverse,USD,6342.97750058445,-1.375333889666381e-06,-1.0,False
2018-11-02,ETHUSD,-1,quanto,USD,199.850372589129,-4.750372589129001e-06,-1.268683856511234,False
2018-11-02,XBTUSD,-1,inverse,USD,6348.16858270018,-1.504252696255262e-06,-0.9999999999999999,False
2018-11-03,ETHUSD,-1,quanto,USD,198.354677381648,-3.254677381647998e-06,-1.2560679294844475,False
2018-11-03,XBTUSD,-1,inverse,USD,6332.43413296318,-1.1128422368345854e-06,-1.0,False
2018-11-04,BCHZ18,1,linear_btc,XBT,0.08853492093509077,0.003934920935090781,568.43155416579,False
2018-11-04,ETHUSD,-1,quanto,USD,209.989572764465,-1.4889572764465011e-05,-1.3482216728089373,False
2018-11-04,XBTUSD,-1,inverse,USD,6420.42200029223,-3.2769981016069867e-06,-1.0,False
2018-11-05,BCHZ18,-1,linear_btc,XBT,0.08641359575427231,-0.00031359575427230445,-553.301659779977,False
2018-11-05,ETHUSD,-1,quanto,USD,208.075581531268,1.4244184687320012e-06,-1.3322968870351923,False
2018-11-05,XBTUSD,-1,inverse,USD,6402.94683898305,-2.851911200058421e-06,-1.0,False
2018-11-06,XBTUSD,-1,inverse,USD,6441.14521887785,-3.778105186453813e-06,-1.0,False
2018-11-07,XBTUSD,-1,inverse,USD,6500.86980508475,-5.204430501925217e-06,-1.0000000000000002,False
2018-11-08,BCHZ18,287,linear_btc,XBT,0.08928038150704004,0.6261694925204897,164163.23843921124,False
2018-11-08,ETHUSD,400000,quanto,USD,210.643103448276,-0.24854149068959236,539815.3287094656,False
2018-11-08,XBTUSD,-1,inverse,USD,6406.75293746347,-2.944692862198135e-06,-0.9999999999999999,False
2018-11-08,XRPZ18,200000,linear_btc,XBT,7.662192518003353e-05,-0.18761496399329425,98179.54884425721,False
2018-11-09,ETHUSD,182526,quanto,USD,208.102855932203,-0.2210237681187153,240492.24265242802,False
2018-11-09,XBTUSD,1,inverse,USD,6331.37876709527,-2.1534806833999026e-06,1.0,False
2018-11-10,ETHUSD,-6400,quanto,USD,210.56486528346,0.010144862185856104,-8561.550892677442,False
2018-11-10,XBTUSD,1,inverse,USD,6353.11273407364,-1.6131568236939165e-06,1.0,False
2018-11-11,XBTUSD,1,inverse,USD,6335.41420397428,-2.0528762199459923e-06,1.0,False
2018-11-12,BCHZ18,501,linear_btc,XBT,0.08086240855588993,6.194677656500854,256062.8395527542,False
2018-11-12,XBTUSD,1,inverse,USD,6320.65605376972,-2.4214248098640383e-06,1.0,False
2018-11-12,XRPZ18,431798,linear_btc,XBT,8.128642146269041e-05,-0.9183298852532052,221850.69287460492,False
2018-11-13,EOSZ18,15286,linear_btc,XBT,0.0008196396462346496,-0.35172826765714643,78531.06800296446,False
2018-11-13,XBTUSD,1,inverse,USD,6267.9379912332,-3.7521016287451675e-06,1.0,False
2018-11-14,BCHZ18,1,linear_btc,XBT,0.07660700885790045,0.03350700885790046,427.027258711845,False
2018-11-14,ETHUSD,-355449,quanto,USD,176.673708649912,0.0752382540974331,-350055.0242721243,False
2018-11-14,XBTUSD,1,inverse,USD,5574.25834891876,-2.3606062651809116e-05,0.9999999999999999,False
2018-11-15,ETHUSD,-1,quanto,USD,177.585899766219,-2.6058997662190085e-06,-0.9835702689515257,False
2018-11-15,XBTUSD,1,inverse,USD,5538.56060783168,-1.3423259212821358e-06,0.9999999999999999,False
2018-11-16,ETHUSD,200001,quanto,USD,172.027222969024,-0.23387527897222996,189093.82739194,False
2018-11-16,XBTUSD,1,inverse,USD,5496.01623115137,-2.739972114712655e-06,1.0,False
2018-11-17,ETHUSD,1,quanto,USD,172.325834307423,-8.741656925770076e-07,0.9479803271692174,False
2018-11-17,XBTUSD,-199999,inverse,USD,5501.09234044418,-0.09968309994906903,-199999.0,False
2018-11-18,ETHUSD,1,quanto,USD,174.887517533606,-2.5324824663939944e-06,0.971565976787465,False
2018-11-18,XBTUSD,-7607,inverse,USD,5555.3763383986,-0.000716527495855391,-7606.999999999999,False
2018-11-18,XRPZ18,-250001,linear_btc,XBT,9.095108910530643e-05,-0.3762266174157143,-126317.38735932889,False
2018-11-19,ETHUSD,1,quanto,USD,146.837374634717,1.1573746347170164e-06,0.7036740702001859,False
2018-11-19,XBTUSD,-1,inverse,USD,4792.20002367037,4.924249949181103e-07,-1.0,False
2018-11-20,ETHUSD,1,quanto,USD,126.699694038574,-3.5003059614260018e-06,0.5470298149007861,False
2018-11-20,XBTUSD,1,inverse,USD,4317.53067007598,-1.0638729322337167e-06,1.0,False
2018-11-20,XBTZ18,-1,inverse,USD,4317.53067007598,-1.2376127067766284e-05,-1.0,False
2018-11-21,ETHUSD,1,quanto,USD,134.894838690824,4.6948386908239995e-06,0.6136800586828929,False
2018-11-21,XBTUSD,1,inverse,USD,4549.32200993571,4.827026151149112e-06,1.0000000000000002,False
2018-11-21,XBTZ18,-200001,inverse,USD,4549.32200993571,0.3045705927440262,-200001.0,False
2018-11-22,ETHUSD,1,quanto,USD,124.98310666277,-5.216893337229995e-06,0.5378792411349358,False
2018-11-22,XBTUSD,-1,inverse,USD,4303.61554850964,2.4276306007497625e-07,-1.0,False
2018-11-22,XBTZ18,1339,inverse,USD,4303.61554850964,0.0063163802625596155,1339.0,False
2018-11-23,ETHUSD,1,quanto,USD,121.464526884863,4.014526884863008e-06,0.5210698058131019,False
2018-11-23,XBTUSD,1,inverse,USD,4289.89285330216,4.353944861525742e-06,1.0,False
2018-11-23,XBTZ18,1,inverse,USD,4289.89285330216,3.9739448615257425e-06,1.0,False
2018-11-24,ETHUSD,1,quanto,USD,111.207919345412,-8.920806545880078e-07,0.42329258558710225,False
2018-11-24,XBTUSD,1,inverse,USD,3806.31692489772,1.4788394316715859e-06,1.0,False
2018-11-24,XBTZ18,1,inverse,USD,3806.31692489772,-2.5641160568328413e-05,1.0,False
2018-11-25,ETHUSD,-1,quanto,USD,114.328124196376,1.611875803624007e-06,-0.4512360569464034,False
2018-11-25,XBTUSD,-300001,inverse,USD,3946.85087434249,0.0409659425137043,-300001.0,False
2018-11-25,XBTZ18,1,inverse,USD,3946.85087434249,-1.6286552686536707e-05,1.0,False
2018-11-26,ETHUSD,1,quanto,USD,105.976193161894,2.376193161894007e-06,0.39214222311602503,False
2018-11-26,XBTUSD,1,inverse,USD,3700.28599269433,-2.289381257111672e-06,1.0,False
2018-11-26,XBTZ18,1,inverse,USD,3700.28599269433,-3.316938125711167e-05,1.0,False
2018-11-27,ETHUSD,1,quanto,USD,108.939132963179,5.339132963179e-06,0.4114147259123742,False
2018-11-27,XBTUSD,347500,inverse,USD,3776.55590531853,0.22482276482963562,347500.0,False
2018-11-27,XBTZ18,1,inverse,USD,3776.55590531853,-2.7711525683943474e-05,1.0,False
2018-11-28,ETHUSD,1,quanto,USD,120.843035651666,1.7243035651665997e-05,0.5085649269879424,False
2018-11-28,XBTUSD,529875,inverse,USD,4208.47526914085,-0.1334533653412056,529875.0,False
2018-11-28,XBTZ18,1,inverse,USD,4208.47526914085,-5.357482337177862e-07,1.0,False
2018-11-29,ETHUSD,1,quanto,USD,116.45006779661,1.2850067796610001e-05,0.4936364358063148,False
2018-11-29,XBTUSD,-732328,inverse,USD,4239.03948831093,-0.356439907069931,-732328.0000000001,False
2018-11-29,XBTZ18,1,inverse,USD,4239.03948831093,1.1775030410826002e-06,1.0,False
2018-11-30,ETHUSD,1,quanto,USD,111.631448568089,8.031448568089e-06,0.443549035904123,False
2018-11-30,XBTUSD,-349999,inverse,USD,3973.33405230859,-0.4067664550569344,-349999.0,False
2018-11-30,XBTZ18,1,inverse,USD,3973.33405230859,-1.4597806807856795e-05,1.0,False
2018-12-01,ETHUSD,1,quanto,USD,116.974022793688,1.3374022793688e-05,0.4852168705281227,False
2018-12-01,XBTUSD,-1,inverse,USD,4148.07372559906,-1.1242462522574352e-06,-1.0,False
2018-12-01,XBTZ18,1,inverse,USD,4148.07372559906,-3.995753747742565e-06,1.0,False
2018-12-02,ETHUSD,1,quanto,USD,114.873848918761,1.1273848918760995e-05,0.47083881651030013,False
2018-12-02,XBTUSD,-350001,inverse,USD,4098.74676388077,0.9664567178774738,-350001.0,False
2018-12-02,XBTZ18,1,inverse,USD,4098.74676388077,-6.89701483103614e-06,1.0,False
2018-12-03,ETHUSD,1,quanto,USD,107.436093804792,3.836093804791999e-06,0.4129818376701746,False
2018-12-03,XBTUSD,-349999,inverse,USD,3843.9766659848,-0.15495829866352082,-349999.0,False
2018-12-03,XBTZ18,1,inverse,USD,3843.9766659848,-2.306726073884918e-05,1.0,False
2018-12-04,ETHUSD,1,quanto,USD,108.393074225599,4.793074225598994e-06,0.4219689968288614,False
2018-12-04,XBTUSD,350001,inverse,USD,3892.95164699006,0.24342442079252244,350001.0,False
2018-12-04,XBTZ18,1,inverse,USD,3892.95164699006,-1.9794497984884256e-05,1.0,False
2018-12-05,ETHUSD,1,quanto,USD,101.132688778492,-2.467311221508007e-06,0.3751538184767465,False
2018-12-05,XBTUSD,-350001,inverse,USD,3709.52085827002,-0.4339253971956444,-350001.0,False
2018-12-05,XBTZ18,1,inverse,USD,3709.52085827002,-3.249659444631405e-05,1.0,False
2018-12-06,ETHUSD,1,quanto,USD,90.8128144360023,-1.27871855639977e-05,0.3189317874301023,False
2018-12-06,XBTUSD,-356851,inverse,USD,3511.96898158971,-1.8870755588656616,-356851.0,False
2018-12-06,XBTZ18,1,inverse,USD,3511.96898158971,-4.766055586542942e-05,1.0000000000000002,False
2018-12-07,ETHUSD,1,quanto,USD,92.1289161309176,8.528916130917605e-06,0.3107504372714133,False
2018-12-07,XBTUSD,-765,inverse,USD,3372.99569257744,0.003933906931301951,-765.0,False
2018-12-07,XBTZ18,1,inverse,USD,3372.99569257744,-5.939236200170191e-05,1.0,False
2018-12-08,ETHUSD,1,quanto,USD,90.5991420222092,6.999142022209198e-06,0.3087574542864094,False
2018-12-08,XBTUSD,350027,inverse,USD,3407.95119462303,-0.31545883833055494,350027.0,False
2018-12-08,XBTZ18,1,inverse,USD,3407.95119462303,-5.6351432227601146e-05,0.9999999999999999,False
2018-12-09,ETHUSD,-1,quanto,USD,92.9939959088252,2.7360040911748e-06,-0.32923962344403024,False
2018-12-09,XBTUSD,48,inverse,USD,3540.43957597896,0.00010789147238083649,48.00000000000001,False
2018-12-09,XBTZ18,1,inverse,USD,3540.43957597896,-4.537080265873257e-05,1.0,False
2018-12-10,ETHUSD,1,quanto,USD,89.3385888369375,-2.761411163062494e-06,0.3049655443332063,False
2018-12-10,XBTUSD,77,inverse,USD,3413.59258416131,0.00011064949900774751,77.0,False
2018-12-10,XBTZ18,1,inverse,USD,3413.59258416131,-5.586650001288639e-05,1.0,False
2018-12-11,ETHUSD,1,quanto,USD,87.1420371127995,-4.9579628872005015e-06,0.29214927395472245,False
2018-12-11,XBTUSD,-700930,inverse,USD,3352.56420017534,-0.3938680997808838,-700930.0,False
2018-12-11,XBTZ18,1,inverse,USD,3352.56420017534,-6.119915001529269e-05,1.0,False
2018-12-12,ETHUSD,1,quanto,USD,88.8542311513735,-3.2457688486265032e-06,0.3041491810398273,False
2018-12-12,XBTUSD,-2771,inverse,USD,3423.01291788428,0.005429354514919967,-2771.0,False
2018-12-12,XBTZ18,1,inverse,USD,3423.01291788428,-5.5060293942591125e-05,1.0,False
2018-12-13,ETHUSD,1,quanto,USD,85.0300748100526,-7.069925189947408e-06,0.2772270886584733,False
2018-12-13,XBTUSD,-701386,inverse,USD,3260.34158240795,-0.7710301982652664,-701385.9999999999,False
2018-12-13,XBTZ18,1,inverse,USD,3260.34158240795,-6.963632855764834e-05,0.9999999999999999,False
2018-12-14,ETHUSD,1,quanto,USD,83.0865353594389,-9.013464640561105e-06,0.2657894623865287,False
2018-12-14,XBTUSD,228,inverse,USD,3198.94747369959,-7.816286660558544e-05,228.0,False
2018-12-14,XBTZ18,1,inverse,USD,3198.94747369959,-7.55228195903754e-05,1.0000000000000002,False
2018-12-15,ETHUSD,1,quanto,USD,82.8301902396259,-9.269809760374101e-06,0.2638202889780664,False
2018-12-15,XBTUSD,228,inverse,USD,3185.07404383402,0.0008995868589959945,228.0,False
2018-12-15,XBTZ18,1,inverse,USD,3185.07404383402,-7.688444360089478e-05,0.9999999999999999,False
2018-12-16,ETHUSD,1,quanto,USD,83.7853918760959,-8.314608123904108e-06,0.26772906071659824,False
2018-12-16,XBTUSD,-700087,inverse,USD,3195.41455523086,0.11961578765926362,-700087.0,False
2018-12-16,XBTZ18,1,inverse,USD,3195.41455523086,-7.586843993340725e-05,1.0,False
2018-12-17,XBTUSD,701237,inverse,USD,3499.15648188194,1.2484814251057434,701237.0,False
2018-12-17,XBTZ18,1,inverse,USD,3499.15648188194,-4.870316093545298e-05,0.9999999999999999,False
2018-12-18,XBTUSD,2246,inverse,USD,3659.52737931035,0.0011918846892745793,2246.0,False
2018-12-18,XBTZ18,1,inverse,USD,3659.52737931035,-3.6179330058203635e-05,0.9999999999999999,False
2018-12-19,XBTUSD,1400175,inverse,USD,3697.72530333139,-0.7812622207182311,1400175.0,False
2018-12-19,XBTZ18,1,inverse,USD,3697.72530333139,-3.335653001997482e-05,1.0,False
2018-12-20,XBTUSD,-899779,inverse,USD,4067.73770777323,-0.6783305488357544,-899778.9999999999,False
2018-12-20,XBTZ18,1,inverse,USD,4067.73770777323,-8.75689309393114e-06,1.0,False
2018-12-21,XBTUSD,-902348,inverse,USD,3839.08510841613,0.3303951079666901,-902347.9999999999,False
2018-12-21,XBTZ18,1,inverse,USD,3839.08510841613,-2.3398726509026128e-05,1.0,False
2018-12-22,XBTUSD,-445675,inverse,USD,3964.94611630625,0.37849935028902054,-445674.99999999994,False
2018-12-22,XBTZ18,1,inverse,USD,3964.94611630625,-1.5130237079237158e-05,1.0,False
2018-12-23,XBTUSD,-186,inverse,USD,3942.66699590883,0.0004064481470095739,-185.99999999999997,False
2018-12-23,XBTZ18,1,inverse,USD,3942.66699590883,-1.6555420145212776e-05,1.0,False
2018-12-24,XBTUSD,-470022,inverse,USD,4040.04578959673,-0.2739950050769615,-470022.0,False
2018-12-24,XBTZ18,1,inverse,USD,4040.04578959673,-1.0441947046995739e-05,0.9999999999999999,False
2018-12-25,XBTUSD,-450043,inverse,USD,3761.58401081239,0.04295129415842056,-450042.99999999994,False
2018-12-25,XBTZ18,1,inverse,USD,3761.58401081239,-2.8765451577201346e-05,1.0,False
2018-12-26,XBTUSD,-293,inverse,USD,3807.65745353594,-0.0006655006778659392,-293.0,False
2018-12-26,XBTZ18,1,inverse,USD,3807.65745353594,-2.5548666628443896e-05,1.0,False
2018-12-27,XBTUSD,363,inverse,USD,3585.46053594389,0.00030997564389271664,363.0,False
2018-12-27,XBTZ18,1,inverse,USD,3585.46053594389,-4.182419932811925e-05,1.0,False
2018-12-28,XBTUSD,-500137,inverse,USD,3881.05488486265,-0.7544743202592659,-500137.0,False
2018-12-29,XBTUSD,456,inverse,USD,3823.13832612507,0.0038052217509899474,456.0,False
2018-12-30,XBTUSD,-454933,inverse,USD,3825.4074628872,-0.8599342977824974,-454933.0,False
2018-12-31,XBTUSD,-409,inverse,USD,3687.19994009351,0.0032344603875798174,-409.0,False
2019-01-01,XBTUSD,-186,inverse,USD,3808.11783167738,-0.0009543035440482199,-186.0,False
2019-01-02,XBTH19,-450001,inverse,USD,3898.1974880187,-6.473485120703564,-450001.0,False
2019-01-02,XBTUSD,-423,inverse,USD,3898.1974880187,-0.0005624793275517411,-423.0,False
2019-01-03,XBTH19,-450001,inverse,USD,3784.38863471654,-3.0018828831739617,-450000.99999999994,False
2019-01-03,XBTUSD,-423,inverse,USD,3784.38863471654,0.002700819523950871,-423.0,False
2019-01-04,XBTH19,-450001,inverse,USD,3827.52459438925,-4.341989105908756,-450001.0,False
2019-01-04,XBTUSD,-403,inverse,USD,3827.52459438925,-0.0023795268629208206,-403.0,False
2019-01-05,XBTH19,-450001,inverse,USD,3798.61395499708,-3.4471848806082153,-450001.0,False
2019-01-05,XBTUSD,-403,inverse,USD,3798.61395499708,0.001224188251414746,-403.0,False
2019-01-06,XBTH19,-450001,inverse,USD,4045.99377498539,-10.690333199703828,-450000.99999999994,False
2019-01-06,XBTUSD,-403,inverse,USD,4045.99377498539,-0.0052624390507368555,-403.00000000000006,False
2019-01-07,XBTH19,-450001,inverse,USD,4001.01827819988,-9.440092299217053,-450000.99999999994,False
2019-01-07,XBTUSD,246,inverse,USD,4001.01827819988,-0.0001606279572103359,246.0,False
2019-01-08,XBTUSD,246,inverse,USD,3992.6227893045,0.0003509558097157069,246.0,False
2019-01-09,XBTH19,-450742,inverse,USD,4004.25903565167,-1.9925625435108376,-450742.0,False
2019-01-09,XBTUSD,246,inverse,USD,4004.25903565167,0.0005300030240440555,246.0,False
2019-01-10,XBTH19,-450742,inverse,USD,3627.90345002922,9.684900687123164,-450742.0,False
2019-01-10,XBTUSD,449513,inverse,USD,3627.90345002922,1.7435289527037812,449513.0,False
2019-01-11,XBTH19,-742,inverse,USD,3624.16142109877,0.016154217418788447,-742.0,False
2019-01-11,XBTUSD,-92241,inverse,USD,3624.16142109877,0.19580463451006414,-92241.00000000001,False
2019-01-12,XBTH19,-1,inverse,USD,3617.02207831677,2.2320526954970483e-05,-1.0,False
2019-01-12,XBTUSD,2759,inverse,USD,3617.02207831677,-0.0023190138687635958,2759.0,False
2019-01-13,XBTH19,-1,inverse,USD,3508.6701081239,3.085827070764542e-05,-1.0,False
2019-01-13,XBTUSD,900708,inverse,USD,3508.6701081239,0.8217841474581147,900708.0,False
2019-01-14,XBTH19,-1,inverse,USD,3666.94519374635,1.8556557410623792e-05,-1.0,False
2019-01-14,XBTUSD,-1541820,inverse,USD,3666.94519374635,1.494067746847992,-1541820.0,False
2019-01-15,XBTH19,-1,inverse,USD,3581.29301548802,2.5078757790915006e-05,-0.9999999999999999,False
2019-01-15,XBTUSD,-501934,inverse,USD,3581.29301548802,2.8235821430251313,-501934.0,False
2019-01-16,XBTH19,-1,inverse,USD,3606.98657568673,2.30897343368574e-05,-1.0,False
2019-01-16,XBTUSD,-1172,inverse,USD,3606.98657568673,0.0007188386427968741,-1171.9999999999998,False
2019-01-17,XBTH19,-1,inverse,USD,3640.12913062536,2.0565529069212933e-05,-1.0,False
2019-01-17,XBTUSD,-501172,inverse,USD,3640.12913062536,-2.109113005324402,-501172.0,False
2019-01-18,XBTH19,-1,inverse,USD,3609.42673611923,2.2902305839341207e-05,-1.0000000000000002,False
2019-01-18,XBTUSD,-501172,inverse,USD,3609.42673611923,-0.9379859178857041,-501171.99999999994,False
2019-01-19,XBTH19,-1,inverse,USD,3687.30196113384,1.7051005651433406e-05,-1.0,False
2019-01-19,XBTUSD,-1000749,inverse,USD,3687.30196113384,-3.7001351553336717,-1000749.0,False
2019-01-20,XBTH19,-1,inverse,USD,3538.31372296903,2.8470501825058965e-05,-1.0,False
2019-01-20,XBTUSD,-1000749,inverse,USD,3538.31372296903,1.7362602809259415,-1000749.0000000001,False
2019-01-21,XBTH19,-1,inverse,USD,3535.623393045,2.8685553686832535e-05,-1.0,False
2019-01-21,XBTUSD,-749,inverse,USD,3535.623393045,-0.0021529602885624393,-749.0,False
2019-01-22,XBTH19,-1,inverse,USD,3577.30834979544,2.5389783048666395e-05,-1.0000000000000002,False
2019-01-22,XBTUSD,-749,inverse,USD,3577.30834979544,-0.004621492496548891,-749.0,False
2019-01-23,XBTH19,-1,inverse,USD,3551.89382115722,2.7389947518531482e-05,-1.0,False
2019-01-23,XBTUSD,-811,inverse,USD,3551.89382115722,0.0008677274375290424,-811.0,False
2019-01-24,XBTH19,-1,inverse,USD,3567.58893366452,2.6151351583359137e-05,-1.0,False
2019-01-24,XBTUSD,-811,inverse,USD,3567.58893366452,-0.00013677386589571833,-811.0000000000001,False
2019-01-25,XBTH19,-1,inverse,USD,3561.35049795441,2.664235688101635e-05,-1.0,False
2019-01-25,XBTUSD,-811,inverse,USD,3561.35049795441,0.00026143143050424755,-810.9999999999999,False
2019-01-26,XBTH19,-1,inverse,USD,3557.03991525424,2.6982633826102247e-05,-1.0,False
2019-01-26,XBTUSD,-1000811,inverse,USD,3557.03991525424,-0.5968287778647995,-1000810.9999999999,False
2019-01-27,XBTH19,-1,inverse,USD,3537.61413062536,2.8526392358039776e-05,-1.0,False
2019-01-27,XBTUSD,-608377,inverse,USD,3537.61413062536,0.5273246036071777,-608377.0,False
2019-01-28,XBTH19,-1,inverse,USD,3435.05251402689,3.696636457275188e-05,-1.0,False
2019-01-28,XBTUSD,-1500128,inverse,USD,3435.05251402689,-0.2623187062068939,-1500128.0,False
2019-01-29,XBTH19,-1,inverse,USD,3395.82376329632,4.0329357500373265e-05,-1.0,False
2019-01-29,XBTUSD,-477,inverse,USD,3395.82376329632,0.0004003235276780464,-476.99999999999994,False
2019-01-30,XBTH19,-1,inverse,USD,3437.89586616014,3.672559336604383e-05,-0.9999999999999999,False
2019-01-30,XBTUSD,-500361,inverse,USD,3437.89586616014,-0.19482291777294158,-500360.99999999994,False
2019-01-31,XBTH19,-1,inverse,USD,3410.13161601403,3.909381361234995e-05,-1.0,False
2019-01-31,XBTUSD,-361,inverse,USD,3410.13161601403,0.0007143667140583321,-360.99999999999994,False
2019-02-01,XBTH19,-1,inverse,USD,3445.04989129164,3.6121558193624185e-05,-0.9999999999999999,False
2019-02-01,XBTUSD,500139,inverse,USD,3445.04989129164,0.6196375965989875,500139.00000000006,False
2019-02-02,XBTH19,-1,inverse,USD,3461.93511747516,3.470578905052232e-05,-1.0,False
2019-02-02,XBTUSD,139,inverse,USD,3461.93511747516,0.0003599353219773993,139.0,False
2019-02-03,XBTH19,-1,inverse,USD,3413.02161630625,3.884550733061344e-05,-1.0,False
2019-02-03,XBTUSD,139,inverse,USD,3413.02161630625,-0.000453875518955267,139.0,False
2019-02-04,XBTH19,-1,inverse,USD,3411.38796171829,3.898581780253091e-05,-1.0,False
2019-02-04,XBTUSD,139,inverse,USD,3411.38796171829,-0.00047337867455179804,139.0,False
2019-02-05,XBTH19,-1,inverse,USD,3426.46501139684,3.7695968563483984e-05,-0.9999999999999999,False
2019-02-05,XBTUSD,139,inverse,USD,3426.46501139684,-0.0002940896303242771,139.00000000000003,False
2019-02-06,XBTH19,-1,inverse,USD,3367.50636499123,4.280563767779375e-05,-1.0,False
2019-02-06,XBTUSD,139,inverse,USD,3367.50636499123,-0.0010043336372133344,139.0,False
2019-02-07,XBTH19,-1,inverse,USD,3358.87359906487,4.356885440357321e-05,-1.0,False
2019-02-07,XBTUSD,500139,inverse,USD,3358.87359906487,0.03946237745130539,500139.0,False
2019-02-08,XBTH19,-1,inverse,USD,3612.47961922852,2.2668170731592872e-05,-1.0,False
2019-02-08,XBTUSD,500652,inverse,USD,3612.47961922852,0.34864044688655854,500652.00000000006,False
2019-02-09,XBTH19,-1,inverse,USD,3621.26812098188,2.1996357185188864e-05,-1.0,False
2019-02-09,XBTUSD,1000652,inverse,USD,3621.26812098188,0.4845348699264145,1000652.0,False
2019-02-10,XBTH19,-1,inverse,USD,3642.0223591467,2.0422723994559127e-05,-1.0,False
2019-02-10,XBTUSD,157,inverse,USD,3642.0223591467,0.00026366233285421507,157.0,False
2019-02-11,XBTH19,-1,inverse,USD,3590.6184836353,2.435355156294856e-05,-1.0,False
2019-02-11,XBTUSD,-43,inverse,USD,3590.6184836353,9.732271720678779e-05,-43.0,False
2019-02-12,XBTH19,-1,inverse,USD,3587.90246580947,2.4564376862078135e-05,-0.9999999999999999,False
2019-02-12,XBTUSD,57,inverse,USD,3587.90246580947,9.664051886154571e-05,57.00000000000001,False
2019-02-13,XBTH19,-1,inverse,USD,3576.08537258913,2.548538221571809e-05,-1.0,False
2019-02-13,XBTUSD,-43,inverse,USD,3576.08537258913,7.977143527587642e-05,-43.0,False
2019-02-14,XBTH19,-1,inverse,USD,3561.91638340152,2.659774710040525e-05,-0.9999999999999999,False
2019-02-14,XBTUSD,-500043,inverse,USD,3561.91638340152,0.2190011533279419,-500042.99999999994,False
2019-02-15,XBTH19,-1,inverse,USD,3565.00692372881,2.6354364057181847e-05,-1.0,False
2019-02-15,XBTUSD,-1000043,inverse,USD,3565.00692372881,0.5694811948363113,-1000042.9999999999,False
2019-02-16,XBTH19,-1,inverse,USD,3584.73600263004,2.481057039244246e-05,-1.0,False
2019-02-16,XBTUSD,-1500053,inverse,USD,3584.73600263004,-0.6740853511054993,-1500053.0000000002,False
2019-02-17,XBTH19,-1,inverse,USD,3622.7574289889,2.1882833994932117e-05,-1.0,False
2019-02-17,XBTUSD,-1000506,inverse,USD,3622.7574289889,-1.952612541066475,-1000506.0,False
2019-02-18,XBTH19,-1,inverse,USD,3866.12921712449,4.506641782855295e-06,-0.9999999999999999,False
2019-02-18,XBTUSD,-2000403,inverse,USD,3866.12921712449,-0.8394511576509094,-2000403.0,False
2019-02-19,XBTH19,-1,inverse,USD,3895.43521098773,2.560725717971618e-06,-1.0,False
2019-02-19,XBTUSD,-1000338,inverse,USD,3895.43521098773,1.9304934732642747,-1000338.0,False
2019-02-20,XBTH19,-1,inverse,USD,3931.61382904734,1.9847965277087497e-07,-1.0,False
2019-02-20,XBTUSD,500062,inverse,USD,3931.61382904734,0.915625727876091,500062.0,False
2019-02-21,XBTH19,-1,inverse,USD,3892.26179427236,2.770025644612433e-06,-0.9999999999999999,False
2019-02-21,XBTUSD,-88,inverse,USD,3892.26179427236,4.488225672589615e-05,-88.0,False
2019-02-22,XBTH19,-1,inverse,USD,3948.30051052016,-8.764719755950864e-07,-0.9999999999999999,False
2019-02-22,XBTUSD,-76,inverse,USD,3948.30051052016,-3.5318701452272945e-06,-76.0,False
2019-02-23,XBTH19,-1,inverse,USD,4110.15112127411,-1.084994350718447e-05,-1.0,False
2019-02-23,XBTUSD,-500076,inverse,USD,4110.15112127411,0.14504801070121764,-500076.0,False
2019-02-24,XBTH19,-1,inverse,USD,3754.18378988895,1.2219484278653399e-05,-1.0,False
2019-02-24,XBTUSD,-1200342,inverse,USD,3754.18378988895,1.2019935280073548,-1200342.0,False
2019-02-25,ETHUSD,-1292829,quanto,USD,137.924874926943,0.6460986930752182,-681516.6828653765,False
2019-02-25,XBTH19,-1,inverse,USD,3822.01869666861,7.491838872120388e-06,-1.0,False
2019-02-25,XBTUSD,-1200342,inverse,USD,3822.01869666861,-1.3415957645612717,-1200342.0,False
2019-02-26,XBTH19,-1,inverse,USD,3796.17506838106,9.273046088985065e-06,-1.0,False
2019-02-26,XBTUSD,-600342,inverse,USD,3796.17506838106,0.39834449515346526,-600342.0,False
2019-02-27,XBTH19,-1,inverse,USD,3799.3819924021,9.050700008520507e-06,-1.0,False
2019-02-27,XBTUSD,-600342,inverse,USD,3799.3819924021,0.2648608045152092,-600342.0,False
2019-02-28,XBTH19,-1,inverse,USD,3792.94772296902,9.497187633059766e-06,-1.0,False
2019-02-28,XBTUSD,82,inverse,USD,3792.94772296902,-0.00029250938591090034,82.0,False
2019-02-28,XRPH19,500000,linear_btc,XBT,8.232551268204427e-05,0.3625098710221386,156128.18293480852,False
2019-03-01,XBTH19,-1,inverse,USD,3810.63269257744,8.273613261875107e-06,-1.0,False
2019-03-01,XBTUSD,-748,inverse,USD,3810.63269257744,0.0007245327198825777,-748.0,False
2019-03-01,XRPH19,500000,linear_btc,XBT,8.272235057036608e-05,0.5609288151830435,157612.24674514454,False
2019-03-02,XBTH19,-1,inverse,USD,3809.64339099942,8.34176034759006e-06,-1.0,False
2019-03-02,XBTUSD,-748,inverse,USD,3809.64339099942,0.0007755067399973422,-747.9999999999999,False
2019-03-02,XRPH19,500000,linear_btc,XBT,8.221151935456095e-05,0.3055132072804737,156598.285686562,False
2019-03-03,ETHUSD,500000,quanto,USD,129.645783752192,-0.8128918739040089,245184.93100940707,False
2019-03-03,XBTH19,-1,inverse,USD,3782.38187025132,1.0233669947517774e-05,-1.0,False
2019-03-03,XBTUSD,-748,inverse,USD,3782.38187025132,0.0021906551207432896,-748.0,False
2019-03-03,XRPH19,500000,linear_btc,XBT,8.16396126436986e-05,0.01955985184929848,154396.095378933,False
2019-03-04,ETHUSD,1000000,quanto,USD,125.120439509059,-4.2635464909410095,462715.6366801836,False
2019-03-04,XBTH19,-1,inverse,USD,3698.16185505552,1.625460617832723e-05,-0.9999999999999999,False
2019-03-04,XBTUSD,381,inverse,USD,3698.16185505552,0.00015671504605730996,381.00000000000006,False
2019-03-04,XRPH19,500000,linear_btc,XBT,8.136628959174545e-05,-0.11710167412727833,150452.85422779698,False
2019-03-05,XBTH19,-1,inverse,USD,3840.1280490941,6.257983071268572e-06,-1.0,False
2019-03-05,XBTUSD,-600273,inverse,USD,3840.1280490941,0.24479723213960647,-600273.0,False
2019-03-05,XRPH19,500000,linear_btc,XBT,8.157282398650035e-05,-0.013834476749825478,156625.044717188,False
2019-03-06,XBTH19,-1,inverse,USD,3851.99842548218,5.4555059069301935e-06,-1.0,False
2019-03-06,XBTUSD,-69,inverse,USD,3851.99842548218,1.3369907578183338e-05,-69.0,False
2019-03-06,XRPH19,500000,linear_btc,XBT,8.19175332380807e-05,0.15852014904034614,157773.1045262355,False
2019-03-07,ETHUSD,-1000000,quanto,USD,136.142440677966,0.9812823720340157,-524954.7912021569,False
2019-03-07,XBTH19,-1,inverse,USD,3855.92316832262,5.191267018817162e-06,-1.0,False
2019-03-07,XBTUSD,-2108529,inverse,USD,3855.92316832262,0.8531242859194946,-2108529.0,False
2019-03-08,XBTH19,-1,inverse,USD,3839.23355289304,6.318655064356208e-06,-0.9999999999999999,False
2019-03-08,XBTUSD,-708529,inverse,USD,3839.23355289304,2.1121249240932465,-708529.0,False
2019-03-09,XBTH19,-1,inverse,USD,3910.36116656926,1.5808538529053476e-06,-0.9999999999999999,False
2019-03-09,XBTUSD,-708529,inverse,USD,3910.36116656926,-1.2447446304548264,-708528.9999999999,False
2019-03-10,XBTH19,-1,inverse,USD,3903.9119509059,2.00331815256508e-06,-1.0,False
2019-03-10,XBTUSD,-700129,inverse,USD,3903.9119509059,-0.08884942516277314,-700129.0,False
2019-03-11,XBTH19,-1,inverse,USD,3851.56892168323,5.484455551421234e-06,-1.0000000000000002,False
2019-03-11,XBTUSD,-1400129,inverse,USD,3851.56892168323,2.323514706755829,-1400128.9999999998,False
2019-03-12,XBTH19,-1,inverse,USD,3858.91482378726,4.990210567946306e-06,-1.0,False
2019-03-12,XBTUSD,-68,inverse,USD,3858.91482378726,5.713431862034835e-05,-68.0,False
2019-03-13,XBTH19,-1,inverse,USD,3851.95746639392,5.458266374801933e-06,-1.0,False
2019-03-13,XBTUSD,132,inverse,USD,3851.95746639392,-2.2211161473854444e-05,132.0,False
2019-03-14,XBTH19,-1,inverse,USD,3853.78326504968,5.335272321641278e-06,-1.0,False
2019-03-14,XBTUSD,-2144,inverse,USD,3853.78326504968,-0.0013265561424010992,-2144.0,False
2019-03-15,XBTH19,-1,inverse,USD,3901.91420689655,2.1344662838873774e-06,-1.0,False
2019-03-15,XBTUSD,-2144,inverse,USD,3901.91420689655,-0.008189084287345409,-2144.0,False
2019-03-16,XBTH19,-1,inverse,USD,3989.79607685564,-3.51062376699203e-06,-0.9999999999999999,False
2019-03-16,XBTUSD,-700144,inverse,USD,3989.79607685564,-0.5847972167168427,-700144.0000000001,False
2019-03-17,XBTH19,-1,inverse,USD,3967.14349444769,-2.079460731739673e-06,-1.0,False
2019-03-17,XBTUSD,-700195,inverse,USD,3967.14349444769,-0.06985381706043244,-700195.0000000001,False
2019-03-18,XBTH19,-1,inverse,USD,3969.44014582116,-2.2253045104476406e-06,-1.0,False
2019-03-18,XBTUSD,-700195,inverse,USD,3969.44014582116,0.6277443883071137,-700195.0,False
2019-03-19,XBTH19,-1,inverse,USD,3996.16790356517,-3.910264300243034e-06,-1.0,False
2019-03-19,XBTUSD,-195,inverse,USD,3996.16790356517,-0.0001537415385473892,-195.00000000000003,False
2019-03-20,XBTH19,-1,inverse,USD,4030.65527586207,-6.051382887148138e-06,-1.0,False
2019-03-20,XBTUSD,-195,inverse,USD,4030.65527586207,-0.0005712596629938856,-195.0,False
2019-03-21,XBTH19,-1,inverse,USD,3976.27385008767,-2.6582673624323434e-06,-1.0,False
2019-03-21,XBTUSD,-700195,inverse,USD,3976.27385008767,-0.3908312758383179,-700195.0000000001,False
2019-03-22,XBTH19,-1,inverse,USD,3983.88764582116,-3.138905083973623e-06,-1.0,False
2019-03-22,XBTUSD,-700195,inverse,USD,3983.88764582116,0.35756387472709655,-700195.0000000001,False
2019-03-23,XBTH19,-1,inverse,USD,3981.77603302163,-3.0057890482014047e-06,-1.0,False
2019-03-23,XBTUSD,-700195,inverse,USD,3981.77603302163,0.4477166773945999,-700195.0,False
2019-03-24,XBTH19,-1,inverse,USD,3970.6669880187,-2.30314328362143e-06,-1.0,False
2019-03-24,XBTUSD,-700195,inverse,USD,3970.6669880187,0.939705728524704,-700195.0000000001,False
2019-03-25,XBTH19,-1,inverse,USD,3908.23883869082,1.7197257957191688e-06,-1.0000000000000002,False
2019-03-25,XBTUSD,-700195,inverse,USD,3908.23883869082,3.7564985435335543,-700195.0,False
2019-03-26,XBTH19,-1,inverse,USD,3917.76340210403,1.0976751053805856e-06,-0.9999999999999999,False
2019-03-26,XBTUSD,-187,inverse,USD,3917.76340210403,0.00031234524470617064,-186.99999999999997,False
2019-03-27,XBTH19,-1,inverse,USD,4027.00791788428,-5.826673999344239e-06,-1.0,False
2019-03-27,XBTUSD,-700187,inverse,USD,4027.00791788428,0.02327540242115021,-700187.0,False
2019-03-28,XBTH19,-1,inverse,USD,4010.93746201052,-4.831727284089684e-06,-0.9999999999999999,False
2019-03-28,XBTUSD,1400063,inverse,USD,4010.93746201052,0.8914472865444183,1400063.0000000002,False
2019-03-29,XBTUSD,63,inverse,USD,4089.46104003507,0.00023682696273136884,63.0,False
2019-03-30,XBTUSD,-700137,inverse,USD,4091.89103834015,-0.5699208930284881,-700137.0,False
2019-03-31,XBTUSD,-1400137,inverse,USD,4094.31781472823,-0.852684481257782,-1400137.0,False
2019-04-01,XBTUSD,-1400137,inverse,USD,4138.41780771479,-3.185463838641548,-1400137.0000000002,False
2019-04-02,XBTUSD,-598611,inverse,USD,4903.71946206897,-0.09168498762994766,-598611.0,False
2019-04-03,XBTUSD,1196083,inverse,USD,4960.22760274693,-3.362626544126358,1196083.0,False
2019-04-04,XBTUSD,1401646,inverse,USD,4911.26970245471,-3.300615635789871,1401645.9999999998,False
2019-04-05,XBTUSD,1582,inverse,USD,5033.22548369375,0.002318399463305436,1582.0,False
2019-04-06,XBTUSD,2100154,inverse,USD,5044.35684593805,4.063206434077682,2100154.0,False
2019-04-07,XBTUSD,-704692,inverse,USD,5189.11195558153,-1.4112793788515854,-704692.0,False
2019-04-08,XBTUSD,26,inverse,USD,5283.42302483928,7.276789461971726e-05,26.0,False
2019-04-09,XBTUSD,680,inverse,USD,5195.57790882525,-0.00031347185478108,680.0,False
2019-04-10,XBTUSD,-1600059,inverse,USD,5311.74160327294,-0.24454991627830505,-1600059.0000000002,False
2019-04-11,XBTUSD,2400041,inverse,USD,5050.66600859147,3.444242478043213,2400041.0,False
2019-04-12,XBTUSD,-806267,inverse,USD,5082.86143202805,-0.11942704370868683,-806267.0,False
2019-04-13,XBTUSD,-806267,inverse,USD,5074.79069257744,0.3310021523431206,-806267.0000000001,False
2019-04-14,XBTUSD,-1600267,inverse,USD,5156.80404061952,-4.0772469842299275,-1600267.0,False
2019-04-15,XBTUSD,-414,inverse,USD,5042.89773845704,0.0001981764006531518,-414.0,False
2019-04-16,XBTUSD,2400086,inverse,USD,5205.96295745178,0.5881143065529633,2400086.0,False
2019-04-17,XBTUSD,86,inverse,USD,5226.35221519579,9.519838237113552e-05,85.99999999999999,False
2019-04-18,XBTUSD,-1159029,inverse,USD,5278.5023395675,0.3552838488674545,-1159029.0000000002,False
2019-04-19,XBTUSD,-800114,inverse,USD,5289.95121911163,-0.0827958229801941,-800113.9999999999,False
2019-04-20,XBTUSD,-800114,inverse,USD,5313.97326212741,-0.18162346253307343,-800114.0000000001,False
2019-04-21,XBTUSD,-114,inverse,USD,5295.73382817066,1.9521672495114617e-05,-113.99999999999999,False
2019-04-22,XBTUSD,850146,inverse,USD,5383.79997533606,0.4664715753022766,850146.0,False
2019-04-23,XBTUSD,-2014393,inverse,USD,5544.86271186441,1.1588347426159669,-2014393.0,False
2019-04-24,XBTUSD,-1002726,inverse,USD,5431.94791963764,0.10937715992046357,-1002726.0,False
2019-04-25,XBTUSD,-3007702,inverse,USD,5127.67316738749,-0.30124928348358154,-3007702.0,False
2019-04-26,XBTUSD,42,inverse,USD,5150.16466066628,0.0001248009360683942,42.0,False
2019-04-27,XBTUSD,-3000058,inverse,USD,5181.80776364699,-2.1160124239147184,-3000058.0,False
2019-04-28,XBTUSD,-58,inverse,USD,5148.66961542957,3.113598900368204e-05,-58.00000000000001,False
2019-04-29,XBTUSD,-58,inverse,USD,5148.80049327878,1.913964172877371e-05,-58.0,False
2019-04-30,XBTUSD,-67,inverse,USD,5266.61820251315,-9.043947470386048e-06,-67.0,False
2019-05-01,XBTUSD,-3000067,inverse,USD,5315.17532904734,-0.7307833683016205,-3000067.0,False
2019-05-02,XBTUSD,-67,inverse,USD,5393.12937638808,-0.00011798606907968409,-67.0,False
2019-05-03,XBTUSD,-29,inverse,USD,5658.43038836938,3.4726185615015565e-05,-29.0,False
2019-05-04,XBTUSD,-29,inverse,USD,5774.71242869667,-3.0484908585865634e-05,-29.0,False
2019-05-05,XBTUSD,-4000018,inverse,USD,5728.35170222092,0.09947691080490112,-4000018.0,False
2019-05-06,XBTUSD,-1000186,inverse,USD,5691.68837405026,-0.28514094865711215,-1000186.0000000001,False
2019-05-07,XBTUSD,-1000186,inverse,USD,5825.744893045,1.9422759435424424,-1000186.0,False
2019-05-08,XBTUSD,-1000269,inverse,USD,5931.8005949737,0.18298230228929518,-1000269.0,False
2019-05-09,XBTUSD,-269,inverse,USD,6150.14044476914,-0.0008372114457045868,-269.0,False
2019-05-10,XBTUSD,3000224,inverse,USD,6357.46349357101,0.18358153251594544,3000224.0,False
2019-05-11,XBTUSD,134,inverse,USD,7325.08286031561,0.0002402315753323701,134.0,False
2019-05-12,XBTUSD,-313,inverse,USD,6942.62317451783,0.0009048638129981886,-313.00000000000006,False
2019-05-13,XBTUSD,-922780,inverse,USD,7798.90573600234,0.9273291405953026,-922780.0,False
2019-05-14,XBTUSD,-1200580,inverse,USD,7955.5576823495,1.5377586810809327,-1200580.0,False
2019-05-15,XBTUSD,-580,inverse,USD,8215.2068383986,-0.0016731312966533098,-580.0,False
2019-05-16,XBTUSD,-1313580,inverse,USD,7862.07160233782,-0.041254140764636994,-1313580.0000000002,False
2019-05-17,XBTUSD,-5200436,inverse,USD,7326.92068188194,-4.925787797528382,-5200436.0,False
2019-05-18,XBTUSD,-436,inverse,USD,7277.98756341321,0.0005887301064168848,-436.00000000000006,False
2019-05-19,XBTUSD,1400564,inverse,USD,8219.74278696669,0.2065028559416008,1400563.9999999998,False
2019-05-20,XBTUSD,-1400684,inverse,USD,7981.13937895967,-0.22596271677127838,-1400684.0,False
2019-05-21,XBTUSD,-1400407,inverse,USD,7983.80847738165,-0.12630760358596801,-1400407.0,False
2019-05-22,XBTUSD,549605,inverse,USD,7667.90211484512,0.5017157324986458,549605.0000000001,False
2019-05-23,XBTUSD,-177,inverse,USD,7897.4712936879,0.00018985721084852704,-177.0,False
2019-05-24,XBTUSD,823,inverse,USD,7987.10036762127,-0.0012176291179379075,823.0,False
2019-05-25,XBTUSD,823,inverse,USD,8061.59176072472,-0.0002654996908226982,823.0,False
2019-05-26,XBTUSD,-177,inverse,USD,8731.52495587376,-2.6986912881829776e-05,-177.0,False
2019-05-27,XBTUSD,-177,inverse,USD,8816.78670835769,0.00030045103464434856,-177.0,False
2019-05-28,XBTUSD,-9018,inverse,USD,8719.12584833431,-0.004422145065130889,-9018.0,False
2019-05-29,XBTUSD,-553,inverse,USD,8655.48850613676,-0.0009861930276659969,-553.0,False
2019-05-30,XBTUSD,-1400637,inverse,USD,8271.62196317942,-0.47777543071817397,-1400637.0,False
2019-05-31,XBTUSD,-4200637,inverse,USD,8556.222185564,-9.306049339192887,-4200637.0,False
2019-06-01,XBTUSD,-2800637,inverse,USD,8554.80732963179,-6.150368487308007,-2800637.0,False
2019-06-02,XBTUSD,-637,inverse,USD,8744.35374547049,-0.0030129428292343767,-637.0,False
2019-06-03,XBTUSD,-480,inverse,USD,8173.40127054354,1.3341188328769058e-05,-480.0,False
2019-06-04,XBTUSD,-1400663,inverse,USD,7649.93933196961,5.695137499486542,-1400663.0000000002,False
2019-06-05,XBTUSD,-1400663,inverse,USD,7798.54446639392,2.2061780042469024,-1400663.0,False
2019-06-06,XBTUSD,-1400663,inverse,USD,7776.71332612507,2.7103752093317413,-1400663.0,False
2019-06-07,XBTUSD,-1400663,inverse,USD,8023.950093045,-2.839234017842178,-1400662.9999999998,False
2019-06-08,XBTUSD,-1400663,inverse,USD,7939.80515488019,-0.9892686921417236,-1400663.0,False
2019-06-09,XBTUSD,-1400663,inverse,USD,7634.06575073057,6.075847853543396,-1400663.0,False
2019-06-10,XBTUSD,-1400663,inverse,USD,7993.30253857393,-1.7300198157910538,-1400663.0,False
2019-06-11,XBTUSD,-1400663,inverse,USD,7922.48362711864,-0.1636464054875946,-1400663.0,False
2019-06-12,XBTUSD,-162,inverse,USD,8146.75612507306,-0.0002513946439864812,-162.0,False
2019-06-13,XBTUSD,-1400162,inverse,USD,8232.77734137931,-2.116753782605362,-1400162.0,False
2019-06-14,XBTUSD,-162,inverse,USD,8698.00481502046,-0.0012973890526061203,-161.99999999999997,False
2019-06-15,XBTUSD,2800338,inverse,USD,8850.58481601403,0.9251243039513779,2800338.0,False
2019-06-16,XBTUSD,1600338,inverse,USD,9019.51700672121,0.4322213669816208,1600338.0,False
2019-06-17,XBTUSD,-565222,inverse,USD,9340.57218877849,-0.23531946194550515,-565222.0,False
2019-06-18,XBTUSD,373,inverse,USD,9047.13274447691,0.00034613820602263326,373.00000000000006,False
2019-06-19,XBTUSD,-1600627,inverse,USD,9285.05567656341,-0.6569166072443772,-1600627.0000000002,False
2019-06-20,XBTUSD,-3200627,inverse,USD,9546.71977819988,-4.251103447499352,-3200627.0000000005,False
2019-06-21,XBTUSD,-627,inverse,USD,10083.4863136762,-0.002643315201806249,-627.0,False
2019-06-22,XBTUSD,-1600627,inverse,USD,10685.2952327878,0.49238637471904756,-1600627.0,False
2019-06-23,XBTUSD,-1600627,inverse,USD,10794.4276963764,-1.0220741227291108,-1600627.0,False
2019-06-24,XBTM19,-1800000,inverse,USD,11004.2069094681,-2.170194562802429,-1800000.0,False
2019-06-24,XBTUSD,373,inverse,USD,11004.2069094681,0.0005536025399585022,373.0,False
2019-06-25,XBTM19,-1800000,inverse,USD,11726.2638308007,-12.242422176717206,-1800000.0,False
2019-06-25,XBTUSD,373,inverse,USD,11726.2638308007,0.001082521928841956,373.0,False
2019-06-26,XBTM19,-1800000,inverse,USD,12863.4606849795,-25.81276033742325,-1800000.0000000002,False
2019-06-26,XBTUSD,373,inverse,USD,12863.4606849795,-0.0012015724411895126,373.0,False
2019-06-27,XBTM19,-1800000,inverse,USD,11109.7978418469,-3.724850270740223,-1799999.9999999998,False
2019-06-27,XBTUSD,-627,inverse,USD,11109.7978418469,-0.0008210095109745115,-627.0,False
2019-06-28,XBTUSD,-1800309,inverse,USD,12358.2079582116,-5.297032451098518,-1800309.0,False
2019-06-29,XBTUSD,-309,inverse,USD,11944.3515473407,-0.0007098613562190812,-309.0,False
2019-06-30,XBTUSD,-309,inverse,USD,10842.6167109877,0.0019188256507955584,-309.0,False
2019-07-01,XBTUSD,-446,inverse,USD,10569.5517282291,-0.00026734924495665354,-446.00000000000006,False
2019-07-02,XBTUSD,-446,inverse,USD,10766.0833162186,-0.003944746863312875,-446.0,False
2019-07-03,XBTUSD,-446,inverse,USD,11952.0248935126,-0.0017021973328855866,-446.00000000000006,False
2019-07-04,XBTUSD,-1700446,inverse,USD,11177.0103787551,7.2144799236546895,-1700446.0,False
2019-07-05,XBTUSD,-1700446,inverse,USD,10998.3991004676,3.642248072472725,-1700446.0,False
2019-07-06,XBTUSD,-1700446,inverse,USD,11208.225600526,0.747859448230896,-1700445.9999999998,False
2019-07-07,XBTUSD,-446,inverse,USD,11456.1836039158,-0.0006651096956254961,-446.0,False
2019-07-08,XBTUSD,-2000446,inverse,USD,12319.6228758036,-0.9275386689489364,-2000446.0,False
2019-07-09,TRXU19,25000000,linear_btc,XBT,2.7281804549265736e-06,-0.045488626835660934,857951.888460685,False
2019-07-09,XBTUSD,-874,inverse,USD,12579.107616014,-0.0005357435854579509,-874.0,False
2019-07-10,TRXU19,25000000,linear_btc,XBT,2.645288973281352e-06,-2.1177756679661943,800648.484753735,False
2019-07-10,XBTUSD,-874,inverse,USD,12106.7829313267,0.0021749066805029755,-873.9999999999999,False
2019-07-11,XBTUSD,-4000874,inverse,USD,11294.678028346,9.195307205262985,-4000873.9999999995,False
2019-07-12,XBTUSD,-2000874,inverse,USD,11813.3237158971,-1.7735750571735573,-2000874.0000000002,False
2019-07-13,XBTUSD,-2000874,inverse,USD,11346.837148159,5.189674449898872,-2000873.9999999998,False
2019-07-14,XBTUSD,-874,inverse,USD,10283.0757891292,0.010235054932107683,-874.0000000000001,False
2019-07-15,XBTUSD,-2000874,inverse,USD,10926.3802741087,-16.562369133318672,-2000874.0,False
2019-07-16,XBTUSD,-2000406,inverse,USD,9471.14086475745,4.2285548859692,-2000406.0,False
2019-07-17,XBTUSD,4000761,inverse,USD,9674.88246113384,-0.10228160043685913,4000760.9999999995,False
2019-07-18,XBTUSD,-1384,inverse,USD,10679.8906896552,-0.010907078665207513,-1384.0000000000002,False
2019-07-19,XBTUSD,-2018408,inverse,USD,10532.2027291058,-2.3703742806768417,-2018408.0000000002,False
2019-07-20,XBTUSD,-2018408,inverse,USD,10862.6485479252,-8.20018267644844,-2018407.9999999998,False
2019-07-21,XBTUSD,2000592,inverse,USD,10589.7064907656,4.0987084030492404,2000592.0,False
2019-07-22,XBTUSD,592,inverse,USD,10318.5609251899,-0.00025614138481427917,592.0,False
2019-07-23,XBTUSD,592,inverse,USD,9866.64894038574,-0.0028839077951452506,592.0,False
2019-07-24,XBTUSD,-408,inverse,USD,9792.78753652835,-0.00035661416902666446,-408.00000000000006,False
2019-07-25,XBTUSD,-4000408,inverse,USD,9897.18678603156,4.228994435176163,-4000408.0000000005,False
2019-07-26,XBTUSD,-4000408,inverse,USD,9836.69678813559,-4.243952317687378,-4000408.0,False
2019-07-27,XBTUSD,-408,inverse,USD,9446.67205207481,0.00033539306336228733,-408.00000000000006,False
2019-07-28,XBTUSD,-2000408,inverse,USD,9529.78879193454,-0.8019227691585541,-2000408.0,False
2019-07-29,XBTUSD,-408,inverse,USD,9504.15891595558,0.00021905512252342888,-407.99999999999994,False
2019-07-30,XBTUSD,-408,inverse,USD,9589.10920601987,-0.00016125078810438513,-408.0,False
2019-07-31,XBTUSD,-2000408,inverse,USD,10059.0040189947,-7.795307118870277,-2000408.0,False
2019-08-01,XBTUSD,592,inverse,USD,10400.3070143776,0.002515313431455735,592.0,False
2019-08-02,XBTUSD,1000592,inverse,USD,10529.6944544126,0.6126243226943398,1000591.9999999999,False
2019-08-03,XBTUSD,592,inverse,USD,10810.4216686148,0.0018224388070801646,592.0,False
2019-08-04,XBTUSD,592,inverse,USD,10986.5089291058,0.0027001412281742877,592.0,False
2019-08-05,XBTUSD,-2000408,inverse,USD,11790.0239375804,0.36021892204572675,-2000408.0,False
2019-08-06,XBTUSD,-424,inverse,USD,11423.4970017534,0.0024205601754594035,-424.0,False
2019-08-07,XBTUSD,576,inverse,USD,11967.2735473407,0.0011860262061682344,576.0,False
2019-08-08,XBTUSD,-424,inverse,USD,11938.2346108708,0.0003665390122046275,-424.0,False
2019-08-09,XBTUSD,576,inverse,USD,11858.3410984804,0.0003870054051690921,576.0,False
2019-08-10,XBTUSD,576,inverse,USD,11303.7305618936,-0.0019962185967372266,576.0,False
2019-08-11,XBTUSD,576,inverse,USD,11530.195242256,-0.000995378943544347,576.0,False
2019-08-12,XBTUSD,576,inverse,USD,11384.6962465809,-0.0016338252368853707,576.0,False
2019-08-13,XBTUSD,576,inverse,USD,10867.05475827,-0.004043831978412308,576.0,False
2019-08-14,XBTUSD,-424,inverse,USD,10024.3795917008,0.002258551928835809,-424.0,False
2019-08-15,XBTUSD,-2000424,inverse,USD,10310.0858696669,-5.297896586477737,-2000424.0,False
2019-08-16,XBTUSD,-8000424,inverse,USD,10373.3219028054,-6.875616001314545,-8000423.999999999,False
2019-08-17,XBTUSD,-4000424,inverse,USD,10207.1555616598,2.96852010244133,-4000423.9999999995,False
2019-08-18,XBTUSD,576,inverse,USD,10331.3099760374,-9.397238135175779e-05,576.0,False
2019-08-19,XBTUSD,-424,inverse,USD,10884.6297744009,-0.001956157894123178,-424.0,False
2019-08-20,XBTUSD,-6000424,inverse,USD,10771.3923793688,-2.5177916762631987,-6000424.0,False
2019-08-21,XBTUSD,-424,inverse,USD,10096.8302238457,-1.5162811321662739e-05,-424.0,False
2019-08-22,XBTUSD,-424,inverse,USD,10119.7145248393,0.0002869551143070962,-424.0,False
2019-08-23,XBTUSD,-2000424,inverse,USD,10414.1441725891,-3.636859988081589,-2000424.0000000002,False
2019-08-24,XBTUSD,-424,inverse,USD,10147.0871548802,0.00030068057842613663,-424.00000000000006,False
2019-08-25,XBTUSD,2000576,inverse,USD,10100.3567783752,1.19536699286026,2000576.0000000002,False
2019-08-26,XBTUSD,-524678,inverse,USD,10362.6434723553,0.09464599420126915,-524678.0,False
2019-08-27,XBTUSD,2000576,inverse,USD,10168.221571654,-0.00889093287437439,2000576.0,False
2019-08-28,XBTUSD,-2000424,inverse,USD,9724.79997808299,-1.1604444891754533,-2000424.0000000002,False
2019-08-29,XBTUSD,-2000424,inverse,USD,9482.31173495032,-1.1583057482088088,-2000424.0,False
2019-08-30,XBTUSD,-2000424,inverse,USD,9577.67882349503,-3.258918910497551,-2000423.9999999998,False
2019-08-31,XBTUSD,-2000424,inverse,USD,9605.02446142607,-3.853555146785126,-2000423.9999999998,False
2019-09-01,XBTUSD,-424,inverse,USD,9762.93655689655,-0.0015307839920296426,-423.99999999999994,False
2019-09-02,XBTUSD,-424,inverse,USD,10377.3383845704,-0.004102079019474718,-424.0,False
2019-09-03,XBTUSD,-424,inverse,USD,10618.7815058445,0.0003022317476354074,-424.0,False
2019-09-04,XBTUSD,576,inverse,USD,10577.2410839275,0.000718485478645293,576.0,False
2019-09-05,ETHUSD,1000000,quanto,USD,174.54153974284,0.14153974284000398,1846681.7282302328,False
2019-09-05,XBTUSD,576,inverse,USD,10580.1846995909,0.00036499636135472915,576.0000000000001,False
2019-09-06,XBTUSD,-2000424,inverse,USD,10330.8497312098,9.976490555177726,-2000424.0000000002,False
2019-09-07,XBTUSD,-2000424,inverse,USD,10494.5069649328,-1.7226359334067154,-2000424.0,False
2019-09-08,XBTUSD,4000576,inverse,USD,10407.2656573933,1.059588873827362,4000576.0,False
2019-09-09,XBTUSD,-4000424,inverse,USD,10332.4644424313,-2.5352155875610354,-4000424.0,False
2019-09-10,XBTUSD,-424,inverse,USD,10085.9519243133,0.000734259545697635,-423.99999999999994,False
2019-09-11,XBTUSD,-1862060,inverse,USD,10142.1480603741,-1.150401801238098,-1862060.0,False
2019-09-12,XBTUSD,-424,inverse,USD,10403.3599707773,-0.00131162645985506,-424.0,False
2019-09-13,XBTUSD,-424,inverse,USD,10345.3387469316,-0.0010830484747761627,-424.0,False
2019-09-14,XBTUSD,-424,inverse,USD,10363.4528963179,-0.0011546850158555945,-424.00000000000006,False
2019-09-15,XBTUSD,-424,inverse,USD,10306.1696674459,-0.0009272844292195281,-424.0,False
2019-09-16,XBTUSD,-424,inverse,USD,10257.822761543,-0.0007333825298423506,-424.0,False
2019-09-17,XBTUSD,-424,inverse,USD,10195.6111811806,-0.0004811688522895658,-424.0,False
2019-09-18,XBTUSD,-424,inverse,USD,10161.3188664524,-0.00034082308709992094,-424.0,False
2019-09-19,XBTUSD,2000576,inverse,USD,10268.3926291642,0.1516912748266983,2000575.9999999998,False
2019-09-20,XBTUSD,576,inverse,USD,10170.1251161309,-0.00010218137304169126,576.0,False
2019-09-21,XBTUSD,576,inverse,USD,9986.4061081239,-0.0011441174033827242,576.0,False
2019-09-22,XBTUSD,576,inverse,USD,10047.0134748685,-0.000796179541103011,576.0,False
2019-09-23,XBTUSD,-424,inverse,USD,9692.74104792519,0.0009221758917995263,-423.99999999999994,False
2019-09-25,XBTUSD,-4003457,inverse,USD,8424.15764640561,-1.1377436287237548,-4003456.9999999995,False
2019-09-26,XBTUSD,-2000303,inverse,USD,8091.69529924021,-4.690845020190392,-2000303.0,False
2019-09-27,XBTUSD,-2000303,inverse,USD,8186.77963927528,-7.5619704207634735,-2000302.9999999998,False
2019-09-28,XBTUSD,-2000303,inverse,USD,8201.97901344243,-1.4721096202326585,-2000303.0,False
2019-09-29,XBTUSD,-2000303,inverse,USD,8064.50806236119,-3.2758700559011076,-2000303.0,False
2019-09-30,XBTUSD,-2000503,inverse,USD,8282.3654541204,-2.88525766268425,-2000503.0,False
2019-10-01,XBTUSD,-503,inverse,USD,8314.55139012273,0.0008375986782388296,-503.00000000000006,False
2019-10-02,XBTUSD,-503,inverse,USD,8362.53073232028,0.0004905057816211321,-503.0,False
2019-10-03,XBTUSD,-503,inverse,USD,8254.33991028638,0.001278890740136262,-503.0,False
2019-10-04,XBTUSD,-503,inverse,USD,8165.68615125658,0.0019404825302137155,-503.0,False
2019-10-05,XBTUSD,-503,inverse,USD,8141.63371379311,0.002122462184459362,-502.99999999999994,False
2019-10-06,XBTUSD,-503,inverse,USD,7854.60981297487,0.0014764171316933633,-503.0,False
2019-10-07,XBTUSD,-2000503,inverse,USD,8226.02342928112,2.0294266717556,-2000502.9999999998,False
2019-10-08,XBTUSD,-2000503,inverse,USD,8190.1151207481,-0.14240992485290527,-2000503.0000000002,False
2019-10-09,XBTUSD,-503,inverse,USD,8598.3319207481,0.00041859885665892626,-502.99999999999994,False
2019-10-10,XBTUSD,497,inverse,USD,8578.09037931034,0.00048147694845792835,497.0,False
2019-10-11,XBTUSD,497,inverse,USD,8289.85402893045,-0.0015330247497022803,497.0,False
2019-10-12,XBTUSD,497,inverse,USD,8323.7501440678,-0.00128888393126945,497.0,False
2019-10-13,XBTUSD,1000497,inverse,USD,8291.25065143191,0.7512969171497726,1000497.0,False
2019-10-14,XBTUSD,2000497,inverse,USD,8346.36843658679,2.392705182239227,2000497.0,False
2019-10-15,XBTUSD,2000497,inverse,USD,8160.71262752776,-3.0601104048154832,2000497.0,False
2019-10-16,XBTUSD,497,inverse,USD,8003.85592314436,-0.001953770772432238,497.0,False
2019-10-17,XBTUSD,-1999503,inverse,USD,8072.48938229106,-0.3498204145254135,-1999503.0,False
2019-10-18,XBTUSD,-503,inverse,USD,7959.33199357101,0.0007972582294956595,-503.00000000000006,False
2019-10-19,XBTUSD,-503,inverse,USD,7948.47733722969,0.0008835607546252757,-503.00000000000006,False
2019-10-20,XBTUSD,-503,inverse,USD,8213.70903927528,0.0005265618319492321,-503.0,False
2019-10-21,XBTUSD,-503,inverse,USD,8211.65455873758,0.0005418832876766287,-503.00000000000006,False
2019-10-22,XBTUSD,-2000503,inverse,USD,8029.20537288136,7.340122927944107,-2000503.0,False
2019-10-23,XBTUSD,-503,inverse,USD,7458.03585680889,0.006643310795424646,-503.0,False
2019-10-24,XBTUSD,-2000503,inverse,USD,7454.37113816482,0.6675107817076874,-2000503.0000000002,False
2019-10-25,XBTUSD,497,inverse,USD,8656.65517755699,0.0019392648804516625,497.0,False
2019-10-26,XBTUSD,2000497,inverse,USD,9249.64676095851,1.4011465609846114,2000497.0,False
2019-10-27,XBTUSD,-503,inverse,USD,9558.15604400935,0.0009016932402943167,-503.00000000000006,False
2019-10-28,XBTUSD,2000497,inverse,USD,9319.17814167154,-0.7034110540964127,2000497.0,False
2019-10-29,XBTUSD,2000497,inverse,USD,9431.20712390415,-0.5414728584334946,2000496.9999999998,False
2019-10-30,XBTUSD,497,inverse,USD,9182.85506516657,-0.00013384092019483448,497.0,False
2019-10-31,XBTUSD,497,inverse,USD,9155.27729877265,-0.0002968704381547775,497.0,False
2019-11-01,XBTUSD,497,inverse,USD,9251.38129345412,0.00026705248031795955,497.0,False
2019-11-02,XBTUSD,-503,inverse,USD,9300.19083752192,0.00015322167413794435,-503.0,False
2019-11-03,XBTUSD,-503,inverse,USD,9209.63869608416,0.0006850019896510429,-503.0,False
2019-11-04,XBTUSD,-503,inverse,USD,9418.36013062537,-0.0005253652233107388,-502.99999999999994,False
2019-11-05,XBTUSD,-503,inverse,USD,9330.78722296902,-2.4127006622971968e-05,-502.99999999999994,False
2019-11-06,XBTUSD,-503,inverse,USD,9354.93338229106,-0.00016326862864295952,-503.0,False
2019-11-07,XBTUSD,-3500503,inverse,USD,9210.74822238457,-0.23769563866027832,-3500503.0,False
2019-11-08,XBTUSD,-512,inverse,USD,8791.33393495032,0.0004193709595425893,-512.0,False
2019-11-09,XBTUSD,-512,inverse,USD,8810.78456195208,0.0002908025689230394,-511.99999999999994,False
2019-11-10,XBTUSD,-512,inverse,USD,9042.89072320281,-0.0012007369512473886,-512.0,False
2019-11-11,XBTUSD,-512,inverse,USD,8713.20792957335,0.00014769597890997306,-512.0,False
2019-11-12,XBTUSD,-512,inverse,USD,8788.95814295734,-0.0003587560873345379,-512.0,False
2019-11-13,XBTUSD,488,inverse,USD,8766.72943050848,0.00028598928699231707,487.99999999999994,False
2019-11-14,XBTUSD,-512,inverse,USD,8645.43580362361,0.00011843009690692648,-512.0,False
2019-11-15,XBTUSD,488,inverse,USD,8465.87788854471,-0.0005130054725754075,488.0,False
2019-11-16,XBTUSD,-512,inverse,USD,8477.69024284044,-6.316162366858684e-05,-512.0,False
2019-11-17,XBTUSD,-512,inverse,USD,8505.16122326125,-0.0002582287227973901,-512.0,False
2019-11-18,XBTUSD,488,inverse,USD,8183.53341350088,-0.0020528232379803434,488.0,False
2019-11-19,XBTUSD,-4000703,inverse,USD,8116.82067258913,-0.5890365066059875,-4000703.0000000005,False
2019-11-20,XBTUSD,-703,inverse,USD,8076.55466008182,0.00020052553254209458,-703.0,False
2019-11-21,XBTUSD,-2000703,inverse,USD,7612.2774880187,-0.08323167086170197,-2000703.0,False
2019-11-22,XBTUSD,-4000703,inverse,USD,7277.52427323203,-7.08472784558342,-4000703.0000000005,False
2019-11-23,XBTUSD,-4000703,inverse,USD,7324.83617855056,-2.433937672835083,-4000703.0,False
2019-11-24,XBTUSD,-2000703,inverse,USD,6943.38065604909,6.168969171173058,-2000703.0,False
2019-11-25,XBTUSD,2000565,inverse,USD,7139.04468597312,-0.7860070212787247,2000565.0,False
2019-11-26,XBTUSD,565,inverse,USD,7165.43773027469,6.589414090560749e-06,565.0,False
2019-11-27,XBTUSD,-435,inverse,USD,7526.86381654004,-0.00028842538727676494,-434.99999999999994,False
2019-11-28,XBTUSD,-2000435,inverse,USD,7436.3363817066,3.6461011179683305,-2000435.0000000002,False
2019-11-29,XBTUSD,-435,inverse,USD,7747.73804208066,-0.0001839608289640583,-435.0,False
2019-11-30,XBTUSD,-4000435,inverse,USD,7556.19372121567,-1.589422150542755,-4000435.0,False
2019-12-01,XBTUSD,565,inverse,USD,7417.72720601987,0.0012867064177791308,565.0,False
2019-12-02,XBTUSD,2000565,inverse,USD,7318.31252180012,3.8279840939723204,2000565.0000000002,False
2019-12-03,XBTUSD,565,inverse,USD,7306.44623331385,0.0006624947419772763,565.0,False
2019-12-04,XBTUSD,-847,inverse,USD,7215.02034482759,0.004471476367233172,-847.0,False
2019-12-05,XBTUSD,334,inverse,USD,7404.0867949737,0.00015526786879302003,334.0,False
2019-12-06,XBTUSD,-666,inverse,USD,7534.2083559322,-0.002047097947992906,-666.0000000000001,False
2019-12-07,XBTUSD,-666,inverse,USD,7512.06140263004,-0.0017864877155086398,-665.9999999999999,False
2019-12-08,XBTUSD,-666,inverse,USD,7528.94026943308,-0.001985245677225534,-666.0,False
2019-12-09,XBTUSD,-5000939,inverse,USD,7340.22745908825,10.91418694984787,-5000939.000000001,False
2019-12-10,XBTUSD,-2500939,inverse,USD,7232.09178375219,-0.4289140980480957,-2500939.0,False
2019-12-11,XBTUSD,-939,inverse,USD,7200.46444599649,0.00048484450115107,-939.0,False
2019-12-12,XBTUSD,-939,inverse,USD,7192.84902425482,0.0006229141107414476,-939.0,False
2019-12-13,XBTUSD,-939,inverse,USD,7244.90372004676,-0.000425462355327718,-938.9999999999999,False
2019-12-14,XBTUSD,-939,inverse,USD,7071.10709029807,0.002760105861966964,-938.9999999999999,False
2019-12-15,XBTUSD,-939,inverse,USD,7111.28666995909,0.002009805112116113,-939.0000000000001,False
2019-12-16,XBTUSD,-939,inverse,USD,6882.39579532437,0.0033960778997327947,-939.0,False
2019-12-17,XBTUSD,-554,inverse,USD,6608.96197983635,0.001428599233145751,-554.0,False
2019-12-18,XBTUSD,-969,inverse,USD,7284.6254836353,-0.0088234510540157,-968.9999999999999,False
2019-12-19,XBTUSD,4000478,inverse,USD,7146.16763763881,4.062543347495499,4000478.0,False
2019-12-20,XBTUSD,5000478,inverse,USD,7184.21917206312,6.570191116966858,5000477.999999999,False
2019-12-21,XBTUSD,2500478,inverse,USD,7140.29801127995,1.1444871348308563,2500478.0,False
2019-12-22,XBTUSD,478,inverse,USD,7479.40240789012,0.0032539208791462423,478.0,False
2019-12-23,XBTUSD,2500478,inverse,USD,7321.7487238457,-4.971605908835602,2500478.0,False
2019-12-24,XBTUSD,1335254,inverse,USD,7235.62908381064,0.8549922784801864,1335254.0000000002,False
2019-12-25,XBTUSD,254,inverse,USD,7191.17416569258,-3.720471569454763e-05,254.0,False
2019-12-26,XBTUSD,-746,inverse,USD,7194.63975832846,1.804773902837187e-06,-746.0,False
2019-12-27,XBTUSD,254,inverse,USD,7237.15044728229,0.00032008355549163184,254.00000000000003,False
2019-12-28,XBTUSD,254,inverse,USD,7306.64330829924,0.0006538851454054844,254.0,False
2019-12-29,XBTUSD,254,inverse,USD,7391.578521391,0.001053338797188336,254.0,False
2019-12-30,XBTUSD,2500254,inverse,USD,7229.3971006429,-3.991469856620102,2500254.0,False
2019-12-31,XBTUSD,254,inverse,USD,7167.39505464641,-0.00025930867884027303,254.00000000000003,False
2020-01-01,XBTUSD,254,inverse,USD,7170.63186879018,-0.00018603189375617077,254.0,False
2020-01-02,XBTUSD,-196,inverse,USD,6946.82526914085,3.3497035209904424e-05,-196.0,False
2020-01-03,XBTUSD,5000804,inverse,USD,7315.3093603156,1.2995216622114563,5000804.0,False
2020-01-04,XBTUSD,2500804,inverse,USD,7343.16419438925,1.946639336035614,2500804.0,False
2020-01-05,XBTUSD,-196,inverse,USD,7345.53069181765,0.00039571170969345605,-196.00000000000003,False
2020-01-06,XBTUSD,-1500196,inverse,USD,7765.7977346581,-6.091262517529564,-1500196.0,False
2020-01-07,XBTUSD,-3000196,inverse,USD,8136.08684190532,-1.4992912221549988,-3000196.0,False
2020-01-08,XBTUSD,-5565062,inverse,USD,8059.69952887201,-1.6908035266493224,-5565061.999999999,False
2020-01-09,XBTUSD,355,inverse,USD,7817.13609322034,-0.0006936709903601464,355.0,False
2020-01-10,XBTUSD,1500355,inverse,USD,8129.81791992987,3.3401318976805876,1500355.0,False
2020-01-11,XBTUSD,1500355,inverse,USD,8032.00549503215,-1.5704167891830445,1500355.0,False
2020-01-12,XBTUSD,355,inverse,USD,8164.54999316189,0.0003459427320151683,355.00000000000006,False
2020-01-13,XBTUSD,355,inverse,USD,8121.92566762127,0.00011775378201046959,355.00000000000006,False
2020-01-14,ETHUSD,77171,quanto,USD,166.047976914085,0.2898224264368534,113150.55195087277,False
2020-01-14,XBTUSD,355,inverse,USD,8830.16787346581,0.0006254038200921053,355.0,False
2020-01-15,ETHUSD,1000000,quanto,USD,165.85377936879,1.9855573687899781,1461411.986099137,False
2020-01-15,XBTUSD,355,inverse,USD,8811.44820251315,0.000845273507590387,355.0,False
2020-01-16,XBTUSD,-645,inverse,USD,8718.68699801286,-0.0003701208013366349,-645.0,False
2020-01-17,XBTH20,-3000000,inverse,USD,8912.54190414962,7.959362921230355,-3000000.0,False
2020-01-17,XBTUSD,-4029951,inverse,USD,8912.54190414962,-1.1088786355776215,-4029951.0,False
2020-01-18,XBTH20,-3000000,inverse,USD,8928.1807565751,7.369757351873742,-3000000.0,False
2020-01-18,XBTUSD,-1500645,inverse,USD,8928.1807565751,-1.3877516930445861,-1500645.0,False
2020-01-19,XBTH20,-3000000,inverse,USD,8687.35483664524,16.684566213709868,-3000000.0000000005,False
2020-01-19,XBTUSD,-1500273,inverse,USD,8687.35483664524,0.07305887238082885,-1500273.0,False
2020-01-20,XBTUSD,-1500273,inverse,USD,8636.2587862069,0.2715183928860092,-1500273.0,False
2020-01-21,XBTUSD,-273,inverse,USD,8730.86756019871,4.125031001609284e-05,-273.0,False
2020-01-22,XBTUSD,-6000273,inverse,USD,8647.90047399182,4.090952161284638,-6000273.000000001,False
2020-01-23,XBTUSD,-273,inverse,USD,8366.38461396844,0.0011359720968595799,-273.0,False
2020-01-24,XBTUSD,-273,inverse,USD,8423.39095815313,-7.998941899923142e-05,-273.0,False
2020-01-25,XBTUSD,-273,inverse,USD,8344.77456896552,0.00022534388198952655,-273.0,False
2020-01-26,XBTUSD,-273,inverse,USD,8573.87480958504,-0.0006488272198409587,-273.0,False
2020-01-27,XBTUSD,-273,inverse,USD,8901.95928486265,-0.0009078539533083187,-273.0,False
2020-01-28,XBTUSD,3000727,inverse,USD,9297.3883176505,9.46112220855503,3000727.0,False
2020-01-29,XBTH20,-3000000,inverse,USD,9311.94754354179,9.94176328687233,-3000000.0,False
2020-01-29,XBTUSD,-273,inverse,USD,9311.94754354179,1.3355459105381741e-05,-273.0,False
2020-01-30,XBTH20,-3000000,inverse,USD,9508.92096493279,3.268210119577904,-3000000.0,False
2020-01-30,XBTUSD,-273,inverse,USD,9508.92096493279,-1.0187879118411801e-05,-273.0,False
2020-01-31,XBTH20,-3500000,inverse,USD,9357.28478240795,9.730128241061173,-3500000.0,False
2020-01-31,XBTUSD,-3000273,inverse,USD,9357.28478240795,-1.8791710333733367,-3000273.0,False
2020-02-01,XBTH20,-3500000,inverse,USD,9381.88602863822,8.749317637865676,-3500000.0,False
2020-02-01,XBTUSD,-4571480,inverse,USD,9381.88602863822,-1.7311211342427826,-4571480.0,False
2020-02-02,XBTH20,-3500000,inverse,USD,9339.38706312098,10.446927445556717,-3499999.9999999995,False
2020-02-02,XBTUSD,-4500749,inverse,USD,9339.38706312098,1.058262689617691,-4500749.0,False
2020-02-03,XBTH20,-3500000,inverse,USD,9279.81252051432,12.852792056710358,-3500000.0,False
2020-02-03,XBTUSD,-4500749,inverse,USD,9279.81252051432,4.234355534699173,-4500749.0,False
2020-02-04,XBTH20,-3500000,inverse,USD,9161.62719772063,17.71820573956375,-3500000.0,False
2020-02-04,XBTUSD,-1500749,inverse,USD,9161.62719772063,3.4981401144127275,-1500749.0,False
2020-02-05,XBTH20,-2143814,inverse,USD,9628.13677586207,-0.4855261591000366,-2143814.0,False
2020-02-05,XBTUSD,-749,inverse,USD,9628.13677586207,-0.0014148307708019019,-749.0,False
2020-02-06,XBTH20,-3500000,inverse,USD,9739.2804364699,-0.989314073752594,-3500000.0,False
2020-02-06,XBTUSD,-749,inverse,USD,9739.2804364699,0.00026907551133695056,-749.0,False
2020-02-07,XBTH20,-3500000,inverse,USD,9800.27939982466,-3.226103856207962,-3499999.9999999995,False
2020-02-07,XBTUSD,-1500749,inverse,USD,9800.27939982466,-0.37289898730550763,-1500749.0000000002,False
2020-02-08,XBTH20,-3500000,inverse,USD,9911.29340841613,-7.22626087324501,-3499999.9999999995,False
2020-02-08,XBTUSD,-3000749,inverse,USD,9911.29340841613,-1.6659233253137207,-3000749.0000000005,False
2020-02-09,XBTH20,-3500000,inverse,USD,10151.0832026885,-15.567988765816574,-3500000.0,False
2020-02-09,XBTUSD,-4500749,inverse,USD,10151.0832026885,-1.5438246612083435,-4500749.0,False
2020-02-10,XBTH20,-3500000,inverse,USD,9872.36187305669,-5.833687211955795,-3500000.0000000005,False
2020-02-10,XBTUSD,251,inverse,USD,9872.36187305669,0.0001781062688916875,251.0,False
2020-02-11,XBTH20,-3500000,inverse,USD,10272.2225558738,-19.63407408432682,-3500000.0,False
2020-02-11,XBTUSD,4500439,inverse,USD,10272.2225558738,0.7208037982793426,4500439.0,False
2020-02-12,ETHUSD,-500000,quanto,USD,266.649455289304,3.6752723553479956,-1381262.2069563218,False
2020-02-12,XBTH20,-3500000,inverse,USD,10360.1352229106,-22.525350780721283,-3499999.9999999995,False
2020-02-12,XBTUSD,-561,inverse,USD,10360.1352229106,-1.6647635458465665e-05,-561.0000000000001,False
2020-02-13,XBTH20,-3500000,inverse,USD,10235.4973226184,-18.411544892785567,-3500000.0,False
2020-02-13,XBTUSD,-3000561,inverse,USD,10235.4973226184,2.1765187200063707,-3000561.0,False
2020-02-14,XBTH20,-3500000,inverse,USD,10361.6156901812,-22.57362040859268,-3500000.0,False
2020-02-14,XBTUSD,-4500561,inverse,USD,10361.6156901812,-2.4199316184721376,-4500561.0,False
2020-02-15,XBTH20,-3500000,inverse,USD,9911.72432700175,-7.241613536440811,-3499999.9999999995,False
2020-02-15,XBTUSD,-3000561,inverse,USD,9911.72432700175,0.7007915872993088,-3000561.0,False
2020-02-16,XBTH20,96119,inverse,USD,9952.04661157218,0.01135698928437829,96119.0,False
2020-02-16,XBTUSD,-930405,inverse,USD,9952.04661157218,-1.5315555055265044,-930404.9999999999,False
2020-02-17,XBTUSD,-10500241,inverse,USD,9683.0796277031,-1.5335239862675476,-10500241.0,False
2020-02-18,XBTUSD,-241,inverse,USD,10195.3037904734,-0.00022315563028823586,-241.0,False
2020-02-19,XBTUSD,-1500241,inverse,USD,9636.00229865576,7.738074304465485,-1500241.0,False
2020-02-20,XBTUSD,-10500241,inverse,USD,9614.03012244302,3.730167857835083,-10500240.999999998,False
2020-02-21,XBTUSD,-9000241,inverse,USD,9701.79750268849,-5.271651461395569,-9000241.0,False
2020-02-22,XBTUSD,-9000241,inverse,USD,9675.24905756868,-2.7261176485905456,-9000241.0,False
2020-02-23,XBTUSD,-9000241,inverse,USD,9972.84242308591,-30.48463548812546,-9000241.0,False
2020-02-24,XBTUSD,-6000241,inverse,USD,9648.00788310929,-3.474963535263214,-6000241.0,False
2020-02-25,XBTH20,3000000,inverse,USD,9344.28714009351,-6.576777949749374,2999999.9999999995,False
2020-02-25,XBTUSD,-241,inverse,USD,9344.28714009351,0.0006723394952965341,-241.0,False
2020-02-26,XBTH20,3000000,inverse,USD,8798.88894856809,-26.47713810923397,2999999.9999999995,False
2020-02-26,XBTUSD,-6000374,inverse,USD,8798.88894856809,-9.27473246498108,-6000374.0,False
2020-02-27,XBTUSD,-9000874,inverse,USD,8779.02948188194,-1.7678841118234252,-9000874.0,False
2020-02-28,XBTUSD,-874,inverse,USD,8750.59344599649,0.00025475025631671773,-874.0000000000001,False
2020-02-29,XBTUSD,-4500874,inverse,USD,8582.09029964933,8.458495162862473,-4500874.0,False
2020-03-01,XBTUSD,-4500874,inverse,USD,8541.77389392169,1.1258027356121827,-4500873.999999999,False
2020-03-02,XBTUSD,-4500874,inverse,USD,8906.21475645821,-20.748969283675308,-4500874.0,False
2020-03-03,XBTUSD,-4500874,inverse,USD,8768.81061420222,-12.830106328641891,-4500873.999999999,False
2020-03-04,XBTUSD,-4500874,inverse,USD,8756.36957218001,-7.9492808253379055,-4500874.0,False
2020-03-05,XBTUSD,-6000874,inverse,USD,9062.61580274693,-0.9161770199404907,-6000874.0,False
2020-03-06,XBTUSD,-3000874,inverse,USD,9147.08505897136,-3.320880345159874,-3000874.0,False
2020-03-07,XBTUSD,-3000874,inverse,USD,8898.30695675044,5.851241397261276,-3000874.0,False
2020-03-08,XBTUSD,-874,inverse,USD,8109.61454114553,0.0027555197628265807,-873.9999999999999,False
2020-03-09,XBTUSD,-874,inverse,USD,7896.38531987142,-0.00023578485476657748,-874.0,False
2020-03-10,XBTUSD,-6000874,inverse,USD,7909.92787545295,4.148301394061737,-6000874.0,False
2020-03-11,XBTUSD,1500126,inverse,USD,7939.34133477499,3.382442701802559,1500126.0,False
2020-03-12,XBTUSD,2992115,inverse,USD,4959.31341437756,56.801766381308745,2992115.0000000005,False
2020-03-13,XBTH20,1,inverse,USD,5627.69238836938,7.22072742805423e-05,1.0,False
2020-03-13,XBTUSD,-3000477,inverse,USD,5627.69238836938,-44.99893229145874,-3000477.0,False
2020-03-14,XBTH20,1,inverse,USD,5145.17250642899,-2.0469430860639112e-06,1.0,False
2020-03-14,XBTUSD,-3000477,inverse,USD,5145.17250642899,5.001668640043716,-3000477.0,False
2020-03-15,XBTH20,1,inverse,USD,5358.61066335476,5.694464215963453e-06,1.0,False
2020-03-15,XBTUSD,-3000933,inverse,USD,5358.61066335476,4.2870416969961544,-3000932.9999999995,False
2020-03-16,XBTH20,1,inverse,USD,5012.92738778492,-7.174237979731333e-06,1.0,False
2020-03-16,XBTUSD,-1316381,inverse,USD,5012.92738778492,-1.9224098840032577,-1316381.0,False
2020-03-17,XBTH20,1,inverse,USD,5416.7547106955,7.697616126409011e-06,1.0,False
2020-03-17,XBTUSD,-2000727,inverse,USD,5416.7547106955,-13.195114699741898,-2000727.0,False
2020-03-18,XBTH20,1,inverse,USD,5392.48783594389,6.866837136571485e-06,0.9999999999999999,False
2020-03-18,XBTUSD,-50758,inverse,USD,5392.48783594389,-0.3033114093780947,-50758.0,False
2020-03-19,XBTH20,1,inverse,USD,6203.5516320865,3.1112018697205496e-05,0.9999999999999999,False
2020-03-19,XBTUSD,-3000529,inverse,USD,6203.5516320865,-0.9256786195072937,-3000529.0,False
2020-03-20,XBTH20,1,inverse,USD,6174.14947603741,3.034437155496218e-05,1.0,False
2020-03-20,XBTUSD,-2995393,inverse,USD,6174.14947603741,-10.770805435132829,-2995393.0000000005,False
2020-03-21,XBTH20,1,inverse,USD,6175.83102220924,3.0388471317650057e-05,1.0,False
2020-03-21,XBTUSD,-3009245,inverse,USD,6175.83102220924,2.29939350971817,-3009245.0,False
2020-03-22,XBTH20,1,inverse,USD,5830.56097960257,2.0799916579491256e-05,1.0,False
2020-03-22,XBTUSD,2431,inverse,USD,5830.56097960257,-0.010051092795256749,2431.0,False
2020-03-23,XBTH20,1,inverse,USD,6486.40865733489,3.814148351758707e-05,1.0,False
2020-03-23,XBTUSD,-4000235,inverse,USD,6486.40865733489,-24.053195008974914,-4000234.9999999995,False
2020-03-24,XBTH20,1,inverse,USD,6775.05761893629,4.470977927198739e-05,1.0,False
2020-03-24,XBTUSD,-4006016,inverse,USD,6775.05761893629,-10.06539116004982,-4006016.0000000005,False
2020-03-25,XBTH20,1,inverse,USD,6689.96901285798,4.28324765498882e-05,1.0,False
2020-03-25,XBTUSD,-4006016,inverse,USD,6689.96901285798,-0.2784567684768677,-4006016.0000000005,False
2020-03-26,XBTH20,1,inverse,USD,6754.46033606078,4.425968209951725e-05,1.0,False
2020-03-26,XBTUSD,-6006016,inverse,USD,6754.46033606078,-10.107539334614257,-6006015.999999999,False
2020-03-27,XBTUSD,-7006315,inverse,USD,6490.79541502046,14.277918306160126,-7006314.999999999,False
2020-03-28,XBTUSD,-6006315,inverse,USD,6231.81989023963,25.335463440024263,-6006315.0,False
2020-03-29,XBTUSD,-4006315,inverse,USD,5904.85758679135,52.49660269465477,-4006315.0000000005,False
2020-03-30,XBTUSD,685,inverse,USD,6436.90570017534,0.001326058705887869,685.0,False
2020-03-31,XBTUSD,-315,inverse,USD,6432.3832421391,0.00029135272753273136,-315.0,False
2020-04-01,XBTUSD,-4000315,inverse,USD,6643.11000870836,-23.14596560148628,-4000315.0000000005,False
2020-04-02,XBTUSD,-6000189,inverse,USD,6792.74222209234,6.170548795992737,-6000189.000000001,False
2020-04-03,XBTUSD,-6000189,inverse,USD,6751.90255178258,11.513434188210297,-6000189.000000001,False
2020-04-04,XBTUSD,-6000189,inverse,USD,6859.98916867329,-2.488475059421692,-6000189.0,False
2020-04-05,XBTUSD,-6000189,inverse,USD,6790.81247264758,6.421563396621399,-6000189.0,False
2020-04-06,XBTUSD,-3000189,inverse,USD,7298.17374517826,-5.508976856931686,-3000189.0,False
2020-04-07,XBTUSD,-3520511,inverse,USD,7187.59333664524,-0.8865202003836059,-3520511.0,False
2020-04-08,XBTUSD,-7000830,inverse,USD,7372.19476399766,-13.15344566656311,-7000830.0,False
2020-04-09,XBTUSD,-10000830,inverse,USD,7299.57918790181,-6.87943811568634,-10000830.000000002,False
2020-04-10,XBTUSD,-8218695,inverse,USD,6859.82267475161,42.82786325668747,-8218695.0,False
2020-04-11,XBTUSD,-8218695,inverse,USD,6883.18222895967,38.761883075045624,-8218694.999999999,False
2020-04-12,XBTUSD,-3000695,inverse,USD,6978.66628661601,8.54509718300064,-3000694.9999999995,False
2020-04-13,XBTUSD,-3000695,inverse,USD,6863.57553319696,-4.852789366251831,-3000695.0,False
2020-04-14,XBTUSD,-3000695,inverse,USD,6875.53850344828,-1.9384075003121186,-3000695.0,False
2020-04-15,XBTUSD,-3000695,inverse,USD,6625.47577510228,6.656010271904526,-3000695.0,False
2020-04-16,XBTUSD,768,inverse,USD,7127.79228223261,0.0025622623824751002,767.9999999999999,False
2020-04-17,XBTUSD,768,inverse,USD,7081.39519842197,0.0018563057259125449,768.0,False
2020-04-18,XBTUSD,768,inverse,USD,7262.79234360023,0.004565057499338854,768.0,False
2020-04-19,XBTUSD,768,inverse,USD,7150.2442154588,0.002900591247324813,768.0,False
2020-04-20,XBTUSD,-2790428,inverse,USD,6853.27341478667,9.426335790970764,-2790428.0,False
2020-04-21,XBTUSD,572,inverse,USD,6870.42369865576,-0.00045421845576645804,572.0,False
2020-04-22,XBTUSD,-428,inverse,USD,7123.65691992987,-0.00021104905031452887,-428.0,False
2020-04-23,XBTUSD,-428,inverse,USD,7488.60516528346,-0.0031390493742530605,-428.0,False
2020-04-24,XBTUSD,-428,inverse,USD,7506.44331648159,-0.0032748677295886632,-428.00000000000006,False
2020-04-25,XBTUSD,572,inverse,USD,7537.73820911748,4.816768941092305e-05,572.0000000000001,False
2020-04-26,XBTUSD,6000174,inverse,USD,7684.06852168322,7.77328287910553,6000174.0,False
2020-04-27,XBTUSD,474,inverse,USD,7777.49151858562,0.0005021597877660766,473.99999999999994,False
2020-04-28,XBTUSD,-526,inverse,USD,7769.89969842197,-0.00020945841311077588,-526.0,False
2020-04-29,XBTUSD,-348,inverse,USD,8761.83716954997,-0.000827402299635848,-348.0,False
2020-04-30,XBTUSD,8000588,inverse,USD,8652.4109912332,-2.7483318239376833,8000588.0,False
2020-05-01,XBTUSD,6000644,inverse,USD,8855.53525827002,1.3390587619941712,6000644.0,False
2020-05-02,XBTUSD,644,inverse,USD,8977.28170537697,0.0006619928825221955,644.0000000000001,False
2020-05-03,XBTUSD,644,inverse,USD,8896.7956383986,0.00030257767678400503,644.0,False
2020-05-04,XBTUSD,995018,inverse,USD,8881.95430450029,1.5664658139370538,995018.0,False
2020-05-05,XBTUSD,1534775,inverse,USD,8985.8795993571,4.413519629839135,1534775.0,False
2020-05-06,XBTUSD,-5032244,inverse,USD,9266.8130730567,-3.6967039855265047,-5032243.999999999,False
2020-05-07,XBTUSD,955,inverse,USD,9993.75317685564,0.0031013555489034952,955.0,False
2020-05-08,XBTUSD,955,inverse,USD,9859.32360461718,0.0017984214569255338,955.0,False
2020-05-09,XBTUSD,-2000721,inverse,USD,9577.33892238457,2.5266553732154464,-2000721.0,False
2020-05-10,XBTUSD,931,inverse,USD,8715.03329322034,0.00038985886535372583,931.0,False
2020-05-11,XBTUSD,1370501,inverse,USD,8591.65288433665,0.4905855237375832,1370501.0,False
2020-05-12,XBTUSD,501,inverse,USD,8817.25068112215,0.0016713171781627368,501.0,False
2020-05-13,XBTUSD,501,inverse,USD,9322.99720204559,0.004753666726728836,500.99999999999994,False
2020-05-14,XBTUSD,-4000499,inverse,USD,9801.26948772647,-7.771508324721527,-4000499.0000000005,False
2020-05-15,XBTUSD,-499,inverse,USD,9326.87585891292,0.0016201517808259185,-499.00000000000006,False
2020-05-16,XBTUSD,-499,inverse,USD,9395.4753893045,0.0012295207562711742,-499.00000000000006,False
2020-05-17,XBTUSD,-499,inverse,USD,9682.5324811806,-0.0003450460964108817,-499.0,False
2020-05-18,XBTUSD,-499,inverse,USD,9726.85002209235,-0.0005798552471628692,-499.00000000000006,False
2020-05-19,XBTUSD,-499,inverse,USD,9754.20146201052,-0.00045412754369595086,-499.0,False
2020-05-20,XBTUSD,-8261082,inverse,USD,9515.702550263,6.745240755132752,-8261081.999999999,False
2020-05-21,XBTUSD,-6007589,inverse,USD,9068.80122933957,2.7525533682732393,-6007589.0,False
2020-05-22,XBTUSD,-7507589,inverse,USD,9161.81503389831,-3.55051820822876,-7507589.0,False
2020-05-23,XBTUSD,-9007589,inverse,USD,9183.66212507305,-4.592012925523681,-9007589.0,False
2020-05-24,XBTUSD,-6000085,inverse,USD,8806.23065715956,24.70594267502136,-6000085.000000001,False
2020-05-25,XBTUSD,-4500085,inverse,USD,8909.19258153127,6.135591217633744,-4500085.0,False
2020-05-26,XBTUSD,-4500085,inverse,USD,8835.13725336061,8.209532992747421,-4500085.0,False
2020-05-27,XBTUSD,-85,inverse,USD,9169.05743921683,-0.0001953005310628924,-85.0,False
2020-05-28,XBTUSD,-4506852,inverse,USD,9568.26185300994,-19.265954948105012,-4506852.0,False
2020-05-29,XBTUSD,-48,inverse,USD,9432.41333343074,-0.00013294448111148203,-48.0,False
2020-05-30,XBTUSD,-48,inverse,USD,9691.68049117475,-0.0002690785522264347,-48.0,False
2020-05-31,XBTUSD,-48,inverse,USD,9433.94384663939,-0.00013377006690093666,-48.0,False
2020-06-01,XBTUSD,-48,inverse,USD,10199.1350542373,-0.0005154985609618854,-48.0,False
2020-06-02,XBTUSD,-4500009,inverse,USD,9512.34653302163,-1.0734730113931275,-4500009.0,False
2020-06-03,XBTUSD,-9,inverse,USD,9642.27340035067,-1.4900162736861675e-05,-9.0,False
2020-06-04,XBTUSD,-9,inverse,USD,9813.36067913501,-3.117299041778446e-05,-9.0,False
2020-06-05,XBTUSD,-4500009,inverse,USD,9641.8916225599,9.15834884693962,-4500009.0,False
2020-06-06,XBTUSD,-4500009,inverse,USD,9668.67053857393,-0.5819432703443146,-4500009.0,False
2020-06-07,XBTUSD,-4500009,inverse,USD,9747.58011104617,-4.438221021174011,-4500009.000000001,False
2020-06-08,XBTUSD,-4500009,inverse,USD,9769.34236148451,-5.466604387614975,-4500009.0,False
2020-06-09,XBTUSD,-4500009,inverse,USD,9779.42216566335,-5.941378415804596,-4500009.0,False
2020-06-10,XBTUSD,-4500009,inverse,USD,9888.44417469316,-11.014630034823684,-4500009.0,False
2020-06-11,XBTUSD,-4540180,inverse,USD,9277.45116931619,1.664940015072403,-4540180.000000001,False
2020-06-12,XBTUSD,-7533711,inverse,USD,9456.16153331385,-3.501735082150116,-7533711.0,False
2020-06-13,XBTUSD,-10533711,inverse,USD,9461.33379865576,-5.142240023726806,-10533711.000000002,False
2020-06-14,XBTUSD,-10533711,inverse,USD,9342.955635301,8.96416487004303,-10533710.999999998,False
2020-06-15,XBTUSD,3000260,inverse,USD,9441.38321127995,3.44519593332016,3000260.0,False
2020-06-16,XBTUSD,213,inverse,USD,9520.09194827586,0.00043110651535908223,213.0,False
2020-06-17,XBTUSD,3000213,inverse,USD,9448.69356060783,2.3826301197810746,3000213.0000000005,False
2020-06-18,XBTUSD,213,inverse,USD,9389.99076639392,2.822162378996145e-05,213.0,False
2020-06-19,XBTUSD,6000213,inverse,USD,9285.99158293396,-4.4579596380715945,6000213.0,False
2020-06-20,XBTUSD,6000213,inverse,USD,9357.29246446522,0.46564392750823974,6000213.0,False
2020-06-21,XBTUSD,213,inverse,USD,9284.76937182934,-0.00016127599287165794,213.0,False
2020-06-22,XBTUSD,-4500787,inverse,USD,9684.62018474576,1.234814811913147,-4500787.0,False
2020-06-23,XBTUSD,-7500787,inverse,USD,9611.72599824664,5.838073706251678,-7500787.0,False
2020-06-24,XBTUSD,-10500034,inverse,USD,9292.94354354179,15.572994163708191,-10500034.0,False
2020-06-25,XBTUSD,-7500034,inverse,USD,9247.12143249561,15.122830862614288,-7500033.999999999,False
2020-06-26,XBTUSD,-9000917,inverse,USD,9159.43777206312,15.231313779220429,-9000917.0,False
2020-06-27,XBTUSD,83,inverse,USD,9002.16561718293,4.092633315195679e-05,83.0,False
2020-06-28,XBTUSD,83,inverse,USD,9108.06567457627,-1.9322099317468236e-05,83.00000000000001,False
2020-06-29,XBTUSD,203,inverse,USD,9184.24736627703,0.00038397679795897565,203.00000000000003,False
2020-06-30,XBTUSD,-4500797,inverse,USD,9143.96758530099,0.3940607715912628,-4500797.0,False
2020-07-01,XBTUSD,-9000223,inverse,USD,9241.33961239041,-0.1309824127038574,-9000223.0,False
2020-07-02,XBTUSD,-7500277,inverse,USD,9094.38728679135,10.042548980840149,-7500277.0,False
2020-07-03,XBTUSD,-12000277,inverse,USD,9066.69069661017,12.958221342333221,-12000277.0,False
2020-07-04,XBTUSD,-12000277,inverse,USD,9126.21955493863,4.3248760403828435,-12000277.0,False
2020-07-05,XBTUSD,-10000277,inverse,USD,9079.61401808884,2.889074480546875,-10000277.0,False
2020-07-06,XBTUSD,3000574,inverse,USD,9338.94259117475,2.059552144345741,3000574.0,False
2020-07-07,XBTUSD,3000574,inverse,USD,9252.15873261251,-0.954165194631691,3000574.0,False
2020-07-08,ETHUSD,787645,quanto,USD,246.8441157218,6.729727527697143,1834320.9085377029,False
2020-07-08,XBTUSD,3000574,inverse,USD,9434.56795645821,5.316101961697693,3000574.0,False
2020-07-09,ETHUSD,787645,quanto,USD,241.651818585622,2.6400406498722457,1757085.8151647544,False
2020-07-09,XBTUSD,574,inverse,USD,9231.50234751607,-0.0010903750642060675,574.0,False
2020-07-10,ETHUSD,787645,quanto,USD,241.033700116891,2.153182728568611,1762789.8199005567,False
2020-07-10,XBTUSD,574,inverse,USD,9285.22101542957,-0.0007306485105464421,574.0,False
2020-07-11,ETHUSD,787645,quanto,USD,239.307040619521,0.7931880087626266,1741105.0708191986,False
2020-07-11,XBTUSD,574,inverse,USD,9237.17100818235,-0.001052217470059488,574.0,False
2020-07-12,ETHUSD,787645,quanto,USD,241.309591174752,2.370486940837555,1765544.4172362927,False
2020-07-12,XBTUSD,574,inverse,USD,9289.09797691408,-0.0007048474481144734,574.0,False
2020-07-13,ETHUSD,787645,quanto,USD,239.326373816482,0.8084157046829605,1741142.3357628072,False
2020-07-13,XBTUSD,574,inverse,USD,9236.62250116891,-0.0010559076020384486,574.0,False
2020-07-14,XBTUSD,-426,inverse,USD,9260.3569868498,-0.0003931138125319872,-426.0,False
2020-07-15,XBTUSD,-426,inverse,USD,9196.72555897136,-7.48257782547269e-05,-426.0,False
2020-07-16,XBTUSD,-426,inverse,USD,9132.59231209818,0.00025046033931119366,-426.0,False
2020-07-17,XBTUSD,-426,inverse,USD,9156.46870976037,0.00012882596759838984,-426.0,False
2020-07-18,XBTUSD,-426,inverse,USD,9175.90530859147,3.02768065985851e-05,-426.00000000000006,False
2020-07-19,XBTUSD,-426,inverse,USD,9218.84231081239,-0.00018595322365535423,-426.0,False
2020-07-20,XBTUSD,-426,inverse,USD,9167.19056750439,7.441137716470286e-05,-426.00000000000006,False
2020-07-21,XBTUSD,3000451,inverse,USD,9388.57434979544,0.2930483330672836,3000450.9999999995,False
2020-07-22,XBTUSD,451,inverse,USD,9531.2574301578,0.0008413141002152208,451.0,False
2020-07-23,XBTUSD,451,inverse,USD,9609.16671537113,0.0005982093576528319,451.0,False
2020-07-24,XBTUSD,3000451,inverse,USD,9548.1007270602,1.3416855826588059,3000451.0,False
2020-07-25,XBTUSD,451,inverse,USD,9702.45279047341,0.0009530985859582481,450.99999999999994,False
2020-07-26,XBTUSD,451,inverse,USD,9933.90655423729,0.0020361253288030717,451.0,False
2020-07-27,XBTUSD,-7500549,inverse,USD,11046.5083295149,-13.18026239891304,-7500549.000000001,False
2020-07-28,XBTUSD,-9020004,inverse,USD,10944.6129789012,4.100943330852966,-9020004.0,False
2020-07-29,XBTUSD,-12000529,inverse,USD,11115.7712819988,-5.818880237924194,-12000529.0,False
2020-07-30,XBTUSD,471,inverse,USD,11135.3907261835,-9.597280923259445e-05,471.0,False
2020-07-31,XBTUSD,2934890,inverse,USD,11338.1973407949,6.679357176739044,2934889.9999999995,False
2020-08-01,XBTUSD,-474,inverse,USD,11797.5821265342,6.408412314182613e-05,-474.0,False
2020-08-02,XBTUSD,-788,inverse,USD,11094.0206841321,0.00043460282328750937,-788.0,False
2020-08-03,XBTUSD,9000715,inverse,USD,11236.0956805377,1.9210979508036805,9000715.0,False
2020-08-04,XBTUSD,12000715,inverse,USD,11202.651909059,3.0007610237727356,12000715.0,False
2020-08-05,XBTUSD,-6000285,inverse,USD,11721.4384715956,-1.7184332731422425,-6000285.000000001,False
2020-08-06,XBTUSD,-9000285,inverse,USD,11769.3091081239,0.3540524815776062,-9000285.0,False
2020-08-07,XBTUSD,715,inverse,USD,11598.9690585038,0.00010448045268366113,715.0,False
2020-08-08,XBTUSD,12000715,inverse,USD,11743.0086350088,-2.457940800827637,12000714.999999998,False
2020-08-09,XBTUSD,12000715,inverse,USD,11680.5173661601,-7.925393130767975,12000715.0,False
2020-08-10,XBTUSD,12000715,inverse,USD,11870.3695447107,8.506832443033753,12000715.0,False
2020-08-11,XBTUSD,-285,inverse,USD,11392.6440884278,1.0241800610781647e-05,-285.0,False
2020-08-12,XBTUSD,-17881585,inverse,USD,11575.5124736996,-5.906346460634766,-17881585.0,False
2020-08-13,XBTUSD,-901,inverse,USD,11773.4481155465,0.0001773927235183865,-901.0,False
2020-08-14,XBTUSD,-901,inverse,USD,11774.4082518995,0.00017115228742316366,-901.0,False
2020-08-15,XBTUSD,-901,inverse,USD,11866.9103613092,-0.00042533291698917746,-901.0,False
2020-08-16,XBTUSD,-901,inverse,USD,11899.6427535944,-0.0006341812211371307,-901.0,False
2020-08-17,XBTUSD,-9000901,inverse,USD,12315.7624166569,3.0678240579165648,-9000901.000000002,False
2020-08-18,XBTUSD,-18001230,inverse,USD,11992.6959962595,3.922561515610962,-18001230.0,False
2020-08-19,XBTUSD,7811457,inverse,USD,11736.8490645237,5.761085609993744,7811457.000000001,False
2020-08-20,XBTUSD,4538001,inverse,USD,11867.5203439509,5.134774892685547,4538001.0,False
2020-08-21,XBTUSD,10500147,inverse,USD,11524.6989491525,-15.355453124045258,10500147.000000002,False
2020-08-22,XBTUSD,4500147,inverse,USD,11682.2891503799,-1.3136061961199952,4500147.0,False
2020-08-23,XBTUSD,10502858,inverse,USD,11665.6092735243,2.463379854933624,10502858.0,False
2020-08-24,XBTUSD,858,inverse,USD,11771.4080537405,0.0008622834402769152,858.0,False
2020-08-25,XBTUSD,-3615171,inverse,USD,11358.4543202805,0.024178923496055604,-3615171.0,False
2020-08-26,XBTUSD,-7500549,inverse,USD,11472.0491204559,0.33784813840797423,-7500549.0,False
2020-08-27,XBTUSD,-877,inverse,USD,11314.6737410286,-0.000937361964432653,-877.0000000000001,False
2020-08-28,XBTUSD,-877,inverse,USD,11527.8830322326,2.2973817511806265e-05,-877.0,False
2020-08-29,XBTUSD,837418,inverse,USD,11490.7623477499,0.27384919171053884,837418.0,False
2020-08-30,XBTUSD,-9000582,inverse,USD,11698.9758329632,-5.731825819129791,-9000582.0,False
2020-08-31,XBTUSD,-21000582,inverse,USD,11678.3482268849,-2.50868542382782,-21000582.0,False
2020-09-01,XBTUSD,-24000268,inverse,USD,11970.364856166,-34.23494820652863,-24000268.0,False
2020-09-02,XBTUSD,-18000268,inverse,USD,11414.5209336645,-4.938329430727234,-18000268.0,False
2020-09-03,XBTUSD,6000863,inverse,USD,10261.4944095266,-21.216583904393996,6000863.0,False
2020-09-04,XBTUSD,-9000235,inverse,USD,10471.9664133255,7.599411120225983,-9000235.000000002,False
2020-09-05,XBTUSD,-3000876,inverse,USD,10128.64358609,0.8987018775996017,-3000876.0000000005,False
2020-09-06,XBTUSD,-12000876,inverse,USD,10253.2998980129,-5.686312352977143,-12000876.0,False
2020-09-07,XBTUSD,-405,inverse,USD,10367.8783543542,-0.000638181682215333,-405.0,False
2020-09-08,XBTUSD,-12000820,inverse,USD,10108.6354501461,-8.036474373142548,-12000820.0,False
2020-09-09,XBTUSD,-9000820,inverse,USD,10223.1114091175,-15.998080389371948,-9000820.0,False
2020-09-10,XBTUSD,-820,inverse,USD,10334.6307302162,-0.0023230033995715717,-819.9999999999999,False
2020-09-11,XBTUSD,-820,inverse,USD,10387.0207419638,-0.0027232027561025973,-820.0,False
2020-09-12,XBTUSD,-820,inverse,USD,10436.9778322618,-0.003101075204717843,-820.0,False
2020-09-13,XBTUSD,-18000065,inverse,USD,10322.5236148451,14.8776075937323,-18000065.0,False
2020-09-14,XBTUSD,-24000065,inverse,USD,10662.719912332,-43.63899878925567,-24000065.0,False
2020-09-15,XBTUSD,-24000065,inverse,USD,10779.3810249562,-67.99896643919372,-24000065.0,False
2020-09-16,XBTUSD,-12000065,inverse,USD,10968.3205465809,-53.17621251996323,-12000064.999999998,False
2020-09-17,XBTUSD,-6000065,inverse,USD,10936.2927505552,-24.986212492268525,-6000065.0,False
2020-09-18,XBTUSD,-9000065,inverse,USD,10920.1128439509,-23.23088117843048,-9000065.000000002,False
2020-09-19,XBTUSD,-9000065,inverse,USD,11073.7795478083,-34.66762576002045,-9000065.0,False
2020-09-20,XBTUSD,-12000065,inverse,USD,10921.2180998247,-22.166782553403014,-12000065.0,False
2020-09-21,XBTUSD,-13034291,inverse,USD,10455.3799623027,7.172893160020447,-13034291.0,False
2020-09-22,XBTUSD,-9000995,inverse,USD,10519.8391641146,-1.4104283445597838,-9000995.0,False
2020-09-23,XBTUSD,-12000995,inverse,USD,10233.2995687317,-4.258410625736847,-12000995.0,False
2020-09-24,XBTUSD,155,inverse,USD,10739.0427094097,0.0001750537171448418,154.99999999999997,False
2020-09-25,XBTUSD,-9001177,inverse,USD,10683.6305806546,1.3277277994938659,-9001177.0,False
2020-09-26,XBTUSD,-9001177,inverse,USD,10742.0304202221,-3.252696557105713,-9001177.000000002,False
2020-09-27,XBTUSD,-9001177,inverse,USD,10758.8242899474,-4.560669888092041,-9001177.0,False
2020-09-28,XBTUSD,-9001177,inverse,USD,10727.3750541204,-2.1079321156843567,-9001177.0,False
2020-09-29,XBTUSD,-9001177,inverse,USD,10841.1427444769,-10.913344813233032,-9001177.0,False
2020-09-30,XBTUSD,-9001177,inverse,USD,10772.351766803,-5.611278024531708,-9001177.0,False
2020-10-01,XBTUSD,-429,inverse,USD,10606.6173325541,0.000354838339689062,-429.00000000000006,False
2020-10-02,XBTUSD,-429,inverse,USD,10570.1056777908,0.0004945499758066889,-429.0,False
2020-10-03,XBTUSD,-429,inverse,USD,10555.7054339567,0.0005499181938379816,-429.00000000000006,False
2020-10-04,XBTUSD,-429,inverse,USD,10665.618622443,0.00013109204723820556,-429.0,False
2020-10-05,XBTUSD,-9000429,inverse,USD,10772.6355995909,-3.226246265897827,-9000429.0,False
2020-10-06,XBTUSD,-6000429,inverse,USD,10596.3735493863,7.114469130567475,-6000429.0,False
2020-10-07,XBTUSD,-9000429,inverse,USD,10667.1943941555,1.6910045265196227,-9000429.0,False
2020-10-08,BCHUSD,250001,quanto,USD,233.327330404176,2.299108628374405,635967.0616297013,False
2020-10-08,XBTUSD,571,inverse,USD,10902.5293637054,0.0008897121825517714,570.9999999999999,False
2020-10-09,BCHUSD,250001,quanto,USD,237.485547351676,3.3386670234663485,657487.5233948898,False
2020-10-09,XBTUSD,571,inverse,USD,11074.1036797779,0.001701144936720198,571.0,False
2020-10-10,BCHUSD,250001,quanto,USD,237.189403707276,3.264630816222706,670231.998015043,False
2020-10-10,XBTUSD,571,inverse,USD,11302.8542864407,0.002744667030998748,571.0,False
2020-10-11,BCHUSD,250001,quanto,USD,239.310812214163,3.79498506435297,680738.0347593555,False
2020-10-11,XBTUSD,571,inverse,USD,11378.2625284629,0.0030794711911739875,571.0,False
2020-10-12,BCHUSD,250001,quanto,USD,239.95480252356,3.95598328569252,692776.3748441155,False
2020-10-12,XBTUSD,6591257,inverse,USD,11548.401556692,8.650113956550674,6591257.0,False
2020-10-13,XBTUSD,6000257,inverse,USD,11434.9687849211,1.699554576089325,6000257.000000001,False
2020-10-14,XBTUSD,12000257,inverse,USD,11417.10811391,2.232674802529297,12000257.0,False
2020-10-15,XBTUSD,12000757,inverse,USD,11502.5812390415,11.275031622842407,12000756.999999998,False
2020-10-16,XBTUSD,-15000308,inverse,USD,11338.9871765634,-4.140099442389984,-15000308.0,False
2020-10-17,XBTUSD,-15000308,inverse,USD,11362.8022174167,-6.912728662367706,-15000308.0,False
2020-10-18,XBTUSD,-15000308,inverse,USD,11489.6225650497,-21.484015456643675,-15000308.000000002,False
2020-10-19,XBTUSD,-30000915,inverse,USD,11745.8119675628,-57.5054874730426,-30000915.000000004,False
2020-10-20,XBTUSD,-23265378,inverse,USD,11929.4572507306,-49.13753620245117,-23265378.0,False
2020-10-21,XBTUSD,-2952782,inverse,USD,12848.4906177674,0.11895331593418121,-2952782.0,False
2020-10-22,XBTUSD,10000297,inverse,USD,12997.4993417884,-4.278963999964905,10000297.0,False
2020-10-23,XBTUSD,10000297,inverse,USD,12953.4296969608,-6.896591666808167,10000297.000000002,False
2020-10-24,XBTUSD,10000297,inverse,USD,13113.8669231444,2.54841999684906,10000297.0,False
2020-10-25,XBTUSD,10000297,inverse,USD,13041.6410374635,-1.6747908060987855,10000297.0,False
2020-10-26,XBTUSD,10000297,inverse,USD,13080.6561698422,0.6123042262678527,10000296.999999998,False
2020-10-27,XBTUSD,-898,inverse,USD,13675.5239275278,9.280025042035617e-05,-897.9999999999999,False
2020-10-28,XBTUSD,-20001602,inverse,USD,13290.3288497954,-4.141891191237487,-20001602.0,False
2020-10-29,XBTUSD,692,inverse,USD,13475.2173007013,-2.0971787868514657e-05,692.0,False
2020-10-30,XBTUSD,8027577,inverse,USD,13603.2960908825,18.957688203675,8027577.0,False
2020-10-31,XBTUSD,-9999336,inverse,USD,13807.2336110462,-6.8258661570596315,-9999336.0,False
2020-11-01,XBTUSD,-9999336,inverse,USD,13736.89941128,-3.1178439928918458,-9999336.000000002,False
2020-11-02,XBTUSD,-15000336,inverse,USD,13595.5647603741,-13.58844982125641,-15000336.0,False
2020-11-03,XBTUSD,-10000674,inverse,USD,13996.915398597312,-23.440501662523346,-10000673.999999998,False
2020-11-04,XBTUSD,7359577,inverse,USD,14129.148195499703,16.727891471142655,7359577.0,False
2020-11-05,XBTUSD,-20000453,inverse,USD,15606.46683372297,-21.010498405897675,-20000453.0,False
2020-11-06,ETHUSD,385175,quanto,USD,456.4478808883693,4.4497295711776355,2746007.669394727,False
2020-11-06,XBTUSD,10005804,inverse,USD,15618.972471361778,4.438097911575775,10005804.0,False
2020-11-07,XBTUSD,-7500535,inverse,USD,14866.356304500296,-2.3138534735234835,-7500535.000000001,False
2020-11-08,XBTUSD,-20848900,inverse,USD,15500.000707188785,-21.990478349209443,-20848900.0,False
2020-11-09,XBTUSD,8059261,inverse,USD,15319.819972530682,0.5741753792692565,8059261.0,False
2020-11-15,XBTUSD,-10000000,inverse,USD,15986.7549905903,-3.218178128522339,-9999999.999999998,False
2020-11-16,XBTUSD,-10000000,inverse,USD,16743.05393980129,-31.47338566125992,-10000000.0,False
2020-11-17,XBTUSD,-10000000,inverse,USD,17682.16918702513,-63.19451740482124,-10000000.0,False
2020-11-18,XBTUSD,-10001642,inverse,USD,17804.690023962594,-3.664521162947998,-10001642.0,False
2020-11-20,XBTUSD,10000597,inverse,USD,18663.78185312683,2.0200242777251436,10000597.0,False
2020-11-21,XBTUSD,6172137,inverse,USD,18706.58933541788,-1.7167202920484925,6172137.0,False
2020-11-22,XBTUSD,1917538,inverse,USD,18482.692631735823,-0.07766707145973206,1917538.0000000002,False
2020-11-23,XBTUSD,5000538,inverse,USD,18373.2577597896,-0.6481775578359985,5000538.0,False
2020-11-24,XBTUSD,5000538,inverse,USD,19150.251048509646,5.433866032079086,5000538.0,False
2020-11-25,XBTUSD,-462,inverse,USD,18748.393713033314,0.0001376310560971219,-462.0,False
2020-11-26,XBTUSD,-5000352,inverse,USD,17113.716871420223,0.7408475355348587,-5000352.0,False
2020-11-27,XBTUSD,10000770,inverse,USD,17101.603018059614,9.006760009182358,10000770.0,False
2020-11-28,XBTUSD,5002294,inverse,USD,17745.377312448858,1.2945525335563277,5002294.0,False
2020-11-29,XBTUSD,3390029,inverse,USD,18190.866880420806,4.773702017722244,3390029.0,False
2020-11-30,XBTUSD,-35000956,inverse,USD,19664.407606662764,-12.23076506568634,-35000956.0,False
2020-12-01,XBTUSD,-6796215,inverse,USD,18820.60778959673,13.90428821256485,-6796215.0,False
2020-12-02,XBTUSD,1841,inverse,USD,19214.87222904733,0.002624968236350473,1841.0,False
2020-12-03,XBTUSD,1841,inverse,USD,19470.31120806546,0.003881954593449291,1841.0,False
2020-12-04,XBTUSD,101,inverse,USD,18732.967090999413,-5.234481449777959e-06,101.00000000000001,False
2020-12-05,XBTUSD,-20000899,inverse,USD,19114.633130917588,-11.11956095899475,-20000899.0,False
2020-12-06,XBTUSD,-9940040,inverse,USD,19356.3136767972,-12.019132759131622,-9940040.0,False
2020-12-07,XBTUSD,59960,inverse,USD,19182.176832846293,-0.028884332428697944,59960.00000000001,False
2020-12-08,XBTUSD,59960,inverse,USD,18340.97813769725,-0.17224824043682932,59960.0,False
2020-12-09,XBTUSD,-13378548,inverse,USD,18574.69673524255,-14.4523073277005,-13378548.0,False
2020-12-10,XBTUSD,20000410,inverse,USD,18294.84695149036,7.0290403547653195,20000410.0,False
2020-12-11,XBTUSD,20000410,inverse,USD,18061.760025716,0.11554722842269897,20000410.0,False
2020-12-12,XBTUSD,14952954,inverse,USD,18813.2837685564,33.15721186748459,14952954.0,False
2020-12-13,XBTUSD,410,inverse,USD,19156.0825055523,-5.2235186611581596e-06,410.0,False
2020-12-14,XBTUSD,410,inverse,USD,19286.7512992402,0.00013978381243077105,409.99999999999994,False
2020-12-15,XBTUSD,410,inverse,USD,19432.5884640561,0.0002993211483783973,410.0,False
2020-12-16,XBTUSD,-15000590,inverse,USD,21370.7203186441,-20.027946171983185,-15000589.999999998,False
2020-12-17,XBTUSD,-20047947,inverse,USD,22789.2674160725,10.557187434704131,-20047947.0,False
2020-12-18,XBTUSD,-25047947,inverse,USD,23048.7645610754,0.8842386040890503,-25047947.0,False
2020-12-19,XBTUSD,-20047947,inverse,USD,23856.7735192285,-28.751862214093933,-20047947.0,False
2020-12-20,XBTUSD,-45140069,inverse,USD,23528.5506135593,-6.3858786676184085,-45140069.0,False
2020-12-21,XBTUSD,10000682,inverse,USD,22937.4183435418,1.9790568824876404,10000682.0,False
2020-12-22,XBTUSD,10000682,inverse,USD,23756.8887685564,17.018397737777175,10000682.0,False
2020-12-23,XBTUSD,-34520,inverse,USD,23307.2709018118,-0.04159431623274714,-34520.0,False
2020-12-23,XRPUSD,2484532,quanto,USD,0.265613370336529,14.350566345791416,3076209.7688036603,False
2020-12-24,XBTUSD,-10034520,inverse,USD,23707.6330440678,-16.836607597120818,-10034520.0,False
2020-12-24,XRPUSD,333,quanto,USD,0.349508364119673,0.005028857050370225,551.8486684226173,False
2020-12-25,XBTUSD,-27946004,inverse,USD,24669.1643220339,-46.88162536665649,-27946004.0,False
2020-12-25,XRPUSD,333,quanto,USD,0.312800013534138,0.00258408090137359,513.919894591618,False
2020-12-26,XBTUSD,-27946004,inverse,USD,26478.0681052016,-124.27333688629669,-27946004.0,False
2020-12-26,XRPUSD,333,quanto,USD,0.294531273677594,0.0013673828269277605,519.3880336282373,False
2020-12-27,ETHUSD,500000,quanto,USD,688.480685447107,-3.6096572764464567,9098567.133495366,False
2020-12-27,XBTUSD,178160,inverse,USD,26430.8565971946,0.036600043000200984,178160.0,False
2020-12-28,ETHUSD,500000,quanto,USD,730.518296902396,17.409148451197968,9876369.59771566,False
2020-12-28,XBTUSD,-10001840,inverse,USD,27039.3490199883,-3.0137942359348298,-10001840.0,False
2020-12-29,ETHUSD,500000,quanto,USD,731.936295733489,18.118147866744536,9965753.092714718,False
2020-12-29,XBTUSD,-1840,inverse,USD,27231.2034552893,-0.0010338660016570053,-1840.0000000000002,False
2020-12-29,XRPH21,14500331,linear_btc,XBT,8.013430388776724e-06,25.871109842721175,3164194.852009806,False
2020-12-29,XRPUSD,1482174,quanto,USD,0.218215353291577,1.6486058199179745,1761494.6355886,False
2020-12-30,XBTUSD,-1840,inverse,USD,28844.6136781999,-0.004813337422580467,-1839.9999999999998,False
2020-12-30,XRPH21,5000000,linear_btc,XBT,7.331094393038018e-06,5.509188635190086,1057312.928027995,False
2020-12-30,XRPUSD,1420472,quanto,USD,0.211462585605599,1.0410595000712872,1732849.8694710643,False
2020-12-31,XBTUSD,-20000597,inverse,USD,29022.6714126242,-16.243785543058625,-20000597.000000004,False
2020-12-31,XRPH21,5000000,linear_btc,XBT,7.615365743224626e-06,6.930545386123133,1105091.288262815,False
2020-12-31,XRPUSD,1420472,quanto,USD,0.221018257652563,3.75577241685029,1822334.9687249612,False
2021-01-01,XBTUSD,-20000597,inverse,USD,29380.6937327878,-24.641355507907182,-20000597.0,False
2021-01-01,XRPH21,5000000,linear_btc,XBT,8.059008340375328e-06,9.14875837187664,1183896.27919275,False
2021-01-01,XRPUSD,1420472,quanto,USD,0.23677925583855,8.23338373989936,1976370.534794374,False
2021-01-02,XRPH21,5000000,linear_btc,XBT,6.8970544863084766e-06,3.3389891015423823,1104310.880268725,False
2021-01-02,XRPUSD,1420472,quanto,USD,0.220862176053745,3.711430508683052,2009285.7754576635,False
2021-01-03,XBTUSD,-14900759,inverse,USD,33277.8353050848,1.1498563157305908,-14900759.0,False
2021-01-03,XRPH21,5000000,linear_btc,XBT,6.8211836019777e-06,2.9596346798885014,1134971.122461795,False
2021-01-03,XRPUSD,1420472,quanto,USD,0.226994224492359,5.453511130622034,2146013.9886067025,False
2021-01-04,XBTUSD,241,inverse,USD,31802.1467136178,0.0007301452207775682,241.0,False
2021-01-04,XRPH21,5000000,linear_btc,XBT,7.417917575949968e-06,5.943304549749842,1179528.515299425,False
2021-01-04,XRPUSD,1420472,quanto,USD,0.235905703059885,7.985212287376194,2131363.6271726163,False
2021-01-05,XBTUSD,474,inverse,USD,34013.1741724138,0.00016098330367404735,473.99999999999994,False
2021-01-05,XRPH21,5000000,linear_btc,XBT,6.644509042153548e-06,2.0762618807677367,1130004.2167047348,False
2021-01-06,XBTUSD,-19757076,inverse,USD,36643.2777223846,-18.194733616779708,-19757076.0,False
2021-01-06,XRPH21,5000000,linear_btc,XBT,6.846057393761933e-06,3.0840036388096617,1254309.911915015,False
2021-01-07,XBTUSD,-19757076,inverse,USD,39215.6511490356,-24.601542801270448,-19757076.0,False
2021-01-08,XBTUSD,-25007076,inverse,USD,40775.4045634132,-53.3446795120578,-25007076.0,False
2021-01-09,XBTUSD,-25007076,inverse,USD,40370.6823495032,-47.19637190812607,-25007076.0,False
2021-01-10,XBTUSD,-4008449,inverse,USD,38329.3401665693,-1.3080725447534751,-4008448.9999999995,False
2021-01-11,EOSH21,500000,linear_btc,XBT,7.532307400659259e-05,10.453146003296295,1328304.09596776,False
2021-01-11,XBTUSD,-35377288,inverse,USD,35269.5137177089,2.851982332306366,-35377288.0,False
2021-01-12,XBTUSD,-513,inverse,USD,33712.4685452952,0.0007204718730080966,-513.0,False
2021-01-13,XBTUSD,-10000513,inverse,USD,37296.5475277615,0.8214561568241501,-10000513.0,False
2021-01-14,XBTUSD,-55031517,inverse,USD,39045.518340152,-22.15332196419922,-55031516.99999999,False
2021-01-15,XBTUSD,-52862796,inverse,USD,36710.3174248977,-11.09602759029541,-52862796.0,False
2021-01-16,XBTUSD,13966893,inverse,USD,36177.2610970193,-6.478427256676559,13966893.0,False
2021-01-17,XBTUSD,10041690,inverse,USD,36069.939466803,2.062001829821472,10041690.0,False
2021-01-18,XBTUSD,5041690,inverse,USD,36594.2964018118,3.84378575651083,5041690.0,False
2021-01-19,XBTUSD,41690,inverse,USD,36250.1461893629,0.020968712473692,41690.00000000001,False
2021-01-20,XBTUSD,-14958310,inverse,USD,35515.480012858,4.198063685641098,-14958310.0,False
2021-01-21,XBTUSD,-25387517,inverse,USD,31022.9510280538,36.698887551313476,-25387517.000000004,False
2021-01-22,XBTUSD,-49253013,inverse,USD,32986.4357568673,-66.93584814505738,-49253013.0,False
2021-01-23,XBTUSD,817208,inverse,USD,32036.2822723553,-0.11014195534914016,817208.0,False
2021-01-24,XBTUSD,7000469,inverse,USD,32216.1042904734,-3.243118925550537,7000469.0,False
2021-01-25,XBTUSD,97,inverse,USD,32419.7059462303,-5.3457397009687264e-05,97.0,False
2021-01-26,XBTUSD,-30070082,inverse,USD,32640.6391426067,-11.03731905499237,-30070082.0,False
2021-01-27,XBTUSD,-430,inverse,USD,30358.9347235535,0.0008322798431138065,-430.0,False
2021-01-28,XBTUSD,-10878453,inverse,USD,33511.287595149,-20.004147722438585,-10878453.0,False
2021-01-29,XBTUSD,-1150,inverse,USD,34166.1494259497,0.0004585461413412308,-1150.0,False
2021-01-30,XBTUSD,-20001150,inverse,USD,34349.9170952659,-10.292407578220978,-20001150.0,False
2021-01-31,XBTUSD,-10001150,inverse,USD,33157.8325745178,5.3210531698669055,-10001149.999999998,False
2021-02-01,XBTUSD,-30001150,inverse,USD,33570.2718468732,11.883067250030365,-30001150.000000004,False
2021-02-02,XBTUSD,-50001150,inverse,USD,35596.1489094097,-46.4703628242514,-50001150.0,False
2021-02-03,XBTUSD,-45001150,inverse,USD,37578.3732068966,-100.48186904366104,-45001150.0,False
2021-02-04,XBTUSD,-30003148,inverse,USD,37129.2029376972,-15.31118617554718,-30003148.000000004,False
2021-02-04,XRPUSD,-1200417,quanto,USD,0.452922402752692,-0.8198842090356636,-4037397.98206728,False
2021-02-05,XBTUSD,-40003148,inverse,USD,38045.4136084161,-33.072598907812804,-40003148.0,False
2021-02-05,XRPUSD,-1200417,quanto,USD,0.449882847936903,-0.09013755437465668,-4109262.4386726865,False
2021-02-06,XBTUSD,-45003148,inverse,USD,39341.727081239,-59.950003579390255,-45003147.99999999,False
2021-02-06,XRPUSD,-1200417,quanto,USD,0.443577415632119,1.4236920718277168,-4189719.811923576,False
2021-02-07,XBTUSD,-5003148,inverse,USD,39003.0121817651,-0.0067115134223937984,-5003148.0,False
2021-02-07,XRPUSD,-1200417,quanto,USD,0.421434950070574,6.739730488226357,-3946306.663131584,False
2021-02-08,XBTUSD,-40463541,inverse,USD,46121.9340724722,-48.27046732166275,-40463541.0,False
2021-02-08,XRPUSD,-1200417,quanto,USD,0.450520352928345,-0.2431919202370262,-4988661.761615669,False
2021-02-09,XBTUSD,-20000201,inverse,USD,46548.1619912332,-13.799437756181641,-20000201.0,False
2021-02-10,XBTUSD,-5000201,inverse,USD,45078.128350263,0.9625981156474305,-5000201.0,False
2021-02-11,XBTUSD,-201,inverse,USD,47892.8409181765,-0.00022336056927646977,-201.00000000000003,False
2021-02-12,XBTUSD,-25004740,inverse,USD,47525.2091431911,-1.1067371162573243,-25004740.000000004,False
2021-02-13,XBTUSD,-30004740,inverse,USD,47208.6250270602,1.6844170772979736,-30004740.0,False
2021-02-14,XBTUSD,1019783,inverse,USD,48829.8275096435,-0.13184360435943843,1019783.0,False
2021-02-15,XBTUSD,-44478811,inverse,USD,48110.2417334892,-29.400239435017394,-44478811.0,False
2021-02-16,XBTUSD,3680897,inverse,USD,49140.3826578024,0.36859809175788877,3680897.0,False
2021-02-17,ETHUSD,-92642,quanto,USD,1845.23994155465,0.5588843844941139,-8927681.974038731,False
2021-02-17,XBTUSD,897,inverse,USD,52224.9391139684,0.001167947831300241,897.0,False
2021-02-18,ETHUSD,-142478,quanto,USD,1932.41152659264,-9.224604115866166,-14220613.846613506,False
2021-02-18,XBTUSD,897,inverse,USD,51650.0699485681,0.0009767809736228618,896.9999999999999,False
2021-02-19,ETHUSD,-152478,quanto,USD,1961.02429018118,-12.974454468245964,-16691059.928454233,False
2021-02-19,XBTUSD,-507,inverse,USD,55820.5044038574,-0.00013457603978547268,-506.99999999999994,False
2021-02-20,ETHUSD,-152478,quanto,USD,1912.80253489188,-5.6216976652440644,-16292675.61971967,False
2021-02-20,XBTUSD,-20015724,inverse,USD,55861.8205670953,0.5656345154373932,-20015723.999999996,False
2021-02-21,ETHUSD,-93081,quanto,USD,1933.88384745763,-5.394064625203667,-10350579.84376679,False
2021-02-21,XBTUSD,-20015724,inverse,USD,57500.7161102864,-9.646916503693925,-20015724.0,False
2021-02-22,XBTUSD,-25007674,inverse,USD,53952.1533386324,13.788443232153092,-25007674.000000004,False
2021-02-23,XBTUSD,945,inverse,USD,48560.4890350672,0.0001484846942370571,945.0000000000001,False
2021-02-24,XBTUSD,-40000845,inverse,USD,49567.3456890707,17.70271717973053,-40000845.0,False
2021-02-25,XBTUSD,518330,inverse,USD,47568.131170076,0.1282979804526901,518330.0,False
2021-02-26,ETHUSD,207407,quanto,USD,1442.30312273524,1.0013603771479416,13829944.959500449,False
2021-02-26,XBTUSD,-15544794,inverse,USD,46231.7675784921,-0.3109199227822876,-15544794.0,False
2021-02-27,ETHUSD,207407,quanto,USD,1454.03216890707,3.4340466565086745,13822609.829535991,False
2021-02-27,XBTUSD,9998864,inverse,USD,45834.5133611923,-4.500651327303848,9998864.0,False
2021-02-28,ETHUSD,207407,quanto,USD,1425.38586674459,-2.5073969361048127,13409845.481391372,False
2021-02-28,XBTUSD,9998864,inverse,USD,45359.4641642314,-6.785348842698707,9998864.000000002,False
2021-03-01,ETHUSD,156605,quanto,USD,1563.23598036236,19.69477867464737,12151037.323435605,False
2021-03-01,XBTUSD,-1136,inverse,USD,49634.4471092928,-0.0006619494027923885,-1136.0,False
2021-03-02,ETHUSD,156605,quanto,USD,1489.87889421391,8.20669219836937,11270573.884356996,False
2021-03-02,XBTUSD,-1136,inverse,USD,48304.7054879018,-3.1902375484355726e-05,-1135.9999999999998,False
2021-03-03,XBTUSD,-35000790,inverse,USD,50690.4671835184,8.080618125494384,-35000790.0,False
2021-03-04,XBTUSD,-35000790,inverse,USD,48472.7954751607,39.670699339859006,-35000790.0,False
2021-03-05,XBTUSD,-35000790,inverse,USD,48800.8173594389,34.81719409520248,-35000790.0,False
2021-03-06,XBTUSD,-30000790,inverse,USD,48970.5244868498,27.71297357752487,-30000790.0,False
2021-03-07,XBTUSD,-30000790,inverse,USD,51086.4681794272,2.3385513087477876,-30000789.999999996,False
2021-03-08,XBTUSD,-50000790,inverse,USD,52088.475131502,-22.02169805575241,-50000790.0,False
2021-03-09,XBTUSD,-50000790,inverse,USD,54739.1352542373,-68.50439675723374,-50000790.0,False
2021-03-10,XBTUSD,-60000790,inverse,USD,56116.040912332,-88.26143169362793,-60000790.0,False
2021-03-11,XBTUSD,-50000790,inverse,USD,57847.2549357101,-100.2173851301828,-50000790.0,False
2021-03-12,XBTUSD,-50000790,inverse,USD,57334.641534775,-66.66775769856568,-50000790.0,False
2021-03-13,XBTUSD,-5003371,inverse,USD,61288.7941276447,-12.301289003846092,-5003371.0,False
2021-03-14,XBTUSD,-15003371,inverse,USD,59905.6184704851,-7.037124929722938,-15003371.0,False
2021-03-15,XBTUSD,-30010330,inverse,USD,56121.121924021,13.984348855674286,-30010329.999999996,False
2021-03-16,XBTUSD,-10010330,inverse,USD,56500.4460257159,3.4671446143634794,-10010329.999999998,False
2021-03-17,XBTUSD,-30010330,inverse,USD,58683.0659824664,-17.75446064737297,-30010330.000000004,False
2021-03-18,XBTUSD,-50010330,inverse,USD,57731.4798410871,-4.0106114568992615,-50010330.00000001,False
2021-03-19,XBTUSD,-50010330,inverse,USD,58168.1219222677,-10.513219497437591,-50010330.0,False
2021-03-20,XBTUSD,-50002740,inverse,USD,58247.8847066043,3.2841459473835752,-50002740.0,False
2021-03-21,XBTUSD,-40002740,inverse,USD,57447.9330198714,9.231129431737823,-40002739.99999999,False
2021-03-22,XBTUSD,-40002740,inverse,USD,54453.1373508475,47.52767677493393,-40002740.0,False
2021-03-23,XBTUSD,-30002740,inverse,USD,54563.6119458211,34.53100019337585,-30002740.0,False
2021-03-24,XBTUSD,-10002740,inverse,USD,52595.4113237873,15.425470804643021,-10002739.999999998,False
2021-03-25,XBTUSD,-2740,inverse,USD,51547.1248953828,0.005284863974536946,-2740.0000000000005,False
2021-03-26,XBTUSD,-2740,inverse,USD,54817.8571122151,0.002113332321900381,-2740.0,False
2021-03-27,XBTUSD,-80172646,inverse,USD,56019.8373055523,-13.28232311129303,-80172646.00000001,False
2021-03-28,XBTUSD,-80172646,inverse,USD,55713.0381396844,-5.401316234180908,-80172646.0,False
2021-03-29,XBTUSD,-70002646,inverse,USD,57571.2333477498,-45.2710599919133,-70002646.0,False
2021-03-30,XBTUSD,-60002646,inverse,USD,58684.5483921683,-58.5764006668045,-60002646.0,False
2021-03-31,XBTUSD,-60002646,inverse,USD,58792.1948275862,-60.44849020038605,-60002646.0,False
2021-04-01,XBTUSD,-60002646,inverse,USD,58818.9770985973,-60.91319874891876,-60002646.0,False
2021-04-02,XBTUSD,-60002646,inverse,USD,59031.5340192285,-64.58639485587204,-60002646.0,False
2021-04-03,XBTUSD,-40002646,inverse,USD,57282.3896247808,-22.366225949138947,-40002646.0,False
2021-04-04,XBTUSD,-60002646,inverse,USD,58202.199391993,-27.922727777492675,-60002646.00000001,False
2021-04-05,XBTUSD,-60002646,inverse,USD,58755.8525295149,-37.63716484525848,-60002646.0,False
2021-04-06,XBTUSD,-60002646,inverse,USD,58084.0664231444,-25.825985215582733,-60002646.0,False
2021-04-07,XBTUSD,-60002646,inverse,USD,56266.8346762127,7.53748527425293,-60002646.0,False
2021-04-08,XBTUSD,-39273254,inverse,USD,57963.3445994155,-15.495536976626129,-39273254.0,False
2021-04-09,XBTUSD,-19273254,inverse,USD,58051.7625563998,-8.110835612051277,-19273254.0,False
2021-04-10,XBTUSD,-750170,inverse,USD,59651.5589877265,-0.6622638398980188,-750170.0,False
2021-04-11,XBTUSD,-750170,inverse,USD,59932.9306469901,-0.7213047075118423,-750170.0,False
2021-04-12,XBTUSD,-750170,inverse,USD,59905.9363744594,-0.7156644888018846,-750170.0,False
2021-04-13,XBTUSD,-750170,inverse,USD,63445.638314436,-1.4143065914143633,-750170.0,False
2021-04-14,XBTUSD,-750170,inverse,USD,62869.4955873758,-1.3059518227609324,-750170.0,False
2021-04-15,XBTUSD,-750170,inverse,USD,63231.162987142,-1.374201077040341,-750170.0,False
2021-04-16,XBTUSD,-50000170,inverse,USD,61571.1100905903,-9.609660375253753,-50000170.0,False
2021-04-17,XBTUSD,-50000170,inverse,USD,60280.8761758036,7.7716852112310795,-50000170.0,False
2021-04-18,XBTUSD,-50000170,inverse,USD,56389.5579812975,-0.32276093444259646,-50000170.0,False
2021-04-19,XBTUSD,-45000170,inverse,USD,55798.1370771479,9.482260361890564,-45000170.0,False
2021-04-20,XBTUSD,-6565,inverse,USD,56474.3737586207,-2.5494348084665834e-05,-6565.0,False
2021-04-21,XBTUSD,-40008019,inverse,USD,54025.7995745178,12.035773601045532,-40008019.0,False
2021-04-22,ETHUSD,217975,quanto,USD,2419.70522676797,-14.935669195251693,27364427.020962093,False
2021-04-22,XBTUSD,-10000359,inverse,USD,51882.0598106371,9.746361443320465,-10000359.0,False
2021-04-23,XBTUSD,-57641871,inverse,USD,50954.9100607832,-6.641088196929322,-57641871.00000001,False
2021-04-24,ETHUSD,100000,quanto,USD,2236.58652717709,-4.0133511322909925,11245545.528238943,False
2021-04-24,XBTUSD,20002775,inverse,USD,50279.9484464056,8.727199979349365,20002775.0,False
2021-04-25,ETHUSD,180814,quanto,USD,2300.55654880187,6.48928361506134,20360597.549483325,False
2021-04-25,XBTUSD,20002775,inverse,USD,48946.9407428404,-2.1071418187184907,20002775.0,False
2021-04-26,XBTUSD,-14990708,inverse,USD,53943.3499783752,-14.047194986734313,-14990708.0,False
2021-04-27,XBTUSD,-26830716,inverse,USD,55027.0309848042,-20.932552070144347,-26830716.0,False
2021-04-28,XBTUSD,-26830716,inverse,USD,54787.3787071888,-18.799717260744707,-26830716.0,False
2021-04-29,XBTUSD,-26830716,inverse,USD,53567.0811938048,-7.643435257487411,-26830716.0,False
2021-04-30,BCHUSD,-100000,quanto,USD,993.67171059674,-0.13235885967399597,-5737603.9845709875,False
2021-04-30,ETHUSD,-80000,quanto,USD,2770.29005821157,-1.2195129069255828,-12796843.953113338,False
2021-04-30,LINKUSDT,-36676,quanto,USDT,37.96496273939735,-0.9005782930137253,-8039935.88957413,False
2021-04-30,XBTUSD,-25040825,inverse,USD,57741.44441654,-28.30731225758766,-25040825.0,False
2021-04-30,XRPUSD,-537703,quanto,USD,1.58983267739894,-0.018897547088451386,-9872144.83011326,False
2021-05-01,BCHUSD,-200000,quanto,USD,1006.88006521197,-1.8945963923939895,-11652339.133610731,False
2021-05-01,ETHUSD,-100000,quanto,USD,2949.31864056107,-19.061264856106988,-17065816.575513627,False
2021-05-01,LINKUSDT,-40000,quanto,USDT,41.06798956740659,-13.26173841962637,-9505365.306329042,False
2021-05-01,LTCUSD,-250000,quanto,USD,277.16695992993,-3.251610604965,-8018937.719894999,False
2021-05-01,XBTUSD,-40002600,inverse,USD,57863.5903927528,-28.348788558439484,-40002599.99999999,False
2021-05-01,XRPUSD,-800000,quanto,USD,1.6533901606154,-10.106472278464013,-15307374.562121162,False
2021-05-02,BCHUSD,-200000,quanto,USD,973.120553326467,4.857305984706612,-11010391.348211378,False
2021-05-02,ETHUSD,-100000,quanto,USD,2952.47679661017,-19.377080461016998,-16702927.949711874,False
2021-05-02,LINKUSDT,-40000,quanto,USDT,39.43391939641736,-6.725457735669441,-8923516.895500548,False
2021-05-02,LTCUSD,-250000,quanto,USD,268.962596311921,0.8505712040394974,-7607956.263235317,False
2021-05-02,XBTUSD,-40002600,inverse,USD,56572.5968410286,-10.775235070908051,-40002599.99999999,False
2021-05-02,XRPUSD,-800000,quanto,USD,1.55870153751273,5.043707417963219,-14108766.988351854,False
2021-05-03,BCHUSD,-200000,quanto,USD,1018.0595225704,-4.13048786408001,-11655364.721473332,False
2021-05-03,DOTUSDT,-30063,quanto,USDT,37.32473978540766,-1.1141340268710518,-6423205.361635409,False
2021-05-03,ETHUSD,-100000,quanto,USD,3430.64827410871,-67.194228210871,-19638074.188862074,False
2021-05-03,LINKUSDT,-40000,quanto,USDT,41.986611860176644,-16.936227590706576,-9613765.478343261,False
2021-05-03,LTCUSD,-300468,quanto,USD,295.263731832104,-14.206015752257233,-10156896.530779477,False
2021-05-03,XBTUSD,-50811711,inverse,USD,57243.0416054939,-17.136845276098022,-50811711.0,False
2021-05-03,XRPUSD,-800000,quanto,USD,1.55941578189719,4.929428316449585,-14282512.397344744,False
2021-05-04,BCHUSD,-200000,quanto,USD,966.881060066647,6.105204636670608,-10388964.677744742,False
2021-05-04,DOTUSDT,-30063,quanto,USDT,35.145148360427775,5.438371674045983,-5676320.62932861,False
2021-05-04,ETHUSD,-61047,quanto,USD,3274.89152846289,-31.511578438074075,-10740647.590364747,False
2021-05-04,LINKUSDT,-40000,quanto,USDT,46.17398251974017,-33.68571022896069,-9922624.26560136,False
2021-05-04,LTCUSD,-300468,quanto,USD,310.220897214318,-23.19431488838337,-10015404.459118664,False
2021-05-04,XBTUSD,1902,inverse,USD,53724.10892519,-0.00027315998716788366,1902.0,False
2021-05-04,XRPUSD,-400000,quanto,USD,1.4025578059658,15.013352482735996,-6028093.467326571,False
2021-05-05,BCHUSD,-150492,quanto,USD,1432.38127054566,-65.46013538695748,-12360757.2725618,False
2021-05-05,DOTUSDT,-30063,quanto,USDT,40.38448719706075,-10.31265267052374,-6961773.991850875,False
2021-05-05,LINKUSDT,-40000,quanto,USDT,49.521676561582694,-47.07648639633079,-11358692.9927992,False
2021-05-05,LTCUSD,-300468,quanto,USD,354.487575203619,-49.79575529256199,-12215247.485780332,False
2021-05-05,XBTUSD,-18320540,inverse,USD,57342.0256616014,-8.769718152650375,-18320540.0,False
2021-05-05,XRPUSD,-400000,quanto,USD,1.60790228926321,-1.4142061810568047,-7376029.94658229,False
2021-05-06,BCHUSD,-23199,quanto,USD,1507.12239859164,-11.824885254927453,-1976407.249898508,False
2021-05-06,DOTUSDT,-30063,quanto,USDT,41.77424210965431,-14.49067286425375,-7099038.7276565675,False
2021-05-06,LINKUSDT,-40000,quanto,USDT,47.38007933247849,-38.51009747991394,-10713081.8743925,False
2021-05-06,LTCUSD,-300468,quanto,USD,354.690866389383,-49.91792028457027,-12048608.03439484,False
2021-05-06,XBTUSD,1327,inverse,USD,56527.3529789597,-0.0002661306894334592,1327.0,False
2021-05-06,XRPUSD,-200000,quanto,USD,1.60962106894127,-0.7758538476508046,-3639504.733056544,False
2021-05-07,BCHUSD,-23199,quanto,USD,1332.47922111314,-7.773338180603738,-1772537.7420148258,False
2021-05-07,DOTUSDT,-30063,quanto,USDT,39.76316315049797,-8.44476618934204,-6854551.172832033,False
2021-05-07,LINKUSDT,-40000,quanto,USDT,49.068215087039434,-45.26264049815773,-11254495.521070316,False
2021-05-07,LTCUSD,-300468,quanto,USD,345.99588623435,-44.69279369012535,-11922434.306889245,False
2021-05-07,XBTUSD,1327,inverse,USD,57341.0684549386,6.700339425020851e-05,1327.0000000000002,False
2021-05-07,XRPUSD,-200000,quanto,USD,1.57821831962915,0.48025612483400343,-3619868.9881077297,False
2021-05-08,BCHUSD,-23199,quanto,USD,1389.52655798489,-9.09677934869146,-1893395.8233825949,False
2021-05-08,DOTUSDT,-30063,quanto,USDT,39.58518878191916,-7.909721845083561,-6989889.903608012,False
2021-05-08,LINKUSDT,-25000,quanto,USDT,48.322499193043654,-26.424860482609137,-7095690.990420065,False
2021-05-08,LTCUSD,-300468,quanto,USD,345.5170220342,-44.40502695314404,-12195594.27716011,False
2021-05-08,XBTUSD,13844054,inverse,USD,58736.1258950906,4.09081574599514,13844054.000000002,False
2021-05-08,XRPUSD,-200000,quanto,USD,1.56865643859657,0.8627313661371994,-3685472.0825421037,False
2021-05-09,BCHUSD,-23199,quanto,USD,1415.23792285353,-9.693257302279044,-1913731.685650527,False
2021-05-09,DOTUSDT,-30063,quanto,USDT,40.30432762090078,-10.071668936714019,-7062627.846901056,False
2021-05-09,LINKUSDT,-25000,quanto,USDT,51.69340036371401,-34.85211340928503,-7532817.306706005,False
2021-05-09,LTCUSD,-300468,quanto,USD,385.473617544608,-68.41638363278652,-13502220.829906385,False
2021-05-09,XBTUSD,13844054,inverse,USD,58288.4256303916,2.2804638025516892,13844053.999999998,False
2021-05-09,XRPUSD,-200000,quanto,USD,1.53451464864456,2.228402964217596,-3577777.7190505974,False
2021-05-10,BCHUSD,-62597,quanto,USD,1328.1244636139,-7.198282528839292,-4647579.7363932375,False
2021-05-10,DOTUSDT,-50063,quanto,USDT,36.54681418401693,-0.9271749094439697,-10228240.927915037,False
2021-05-10,LINKUSDT,-40815,quanto,USDT,46.75851466405138,-23.025601991325722,-10668787.402080446,False
2021-05-10,LTCUSD,-220959,quanto,USD,361.784409293739,-25.627620166270543,-8937706.564827587,False
2021-05-10,XBTUSD,27729693,inverse,USD,55902.9277399182,-13.153523431365205,27729692.999999996,False
2021-05-10,XRPUSD,-728336,quanto,USD,1.39886758237258,5.816960655016899,-11391290.60872768,False
2021-05-11,BCHUSD,-37597,quanto,USD,1519.84241898102,-11.531451516429415,-3234901.3368257764,False
2021-05-11,DOTUSDT,-50063,quanto,USDT,38.41935738747953,-10.301687948938751,-10888705.524399694,False
2021-05-11,LINKUSDT,-23932,quanto,USDT,48.544283547280706,-17.774834415352192,-6576977.792702384,False
2021-05-11,LTCUSD,-193911,quanto,USD,375.415735080899,-27.777023740544415,-8242409.715381882,False
2021-05-11,XBTUSD,27729693,inverse,USD,56612.1026487434,-6.93976186960762,27729693.000000004,False
2021-05-11,XRPUSD,-728336,quanto,USD,1.46931601712585,-4.445065579874611,-12116753.441181071,False
2021-05-12,DOTUSDT,-33391,quanto,USDT,36.344151147798485,0.058305512386074065,-6185839.612342538,False
2021-05-12,ETHUSD,-49980,quanto,USD,3975.50227118644,5.672405106101722,-10127982.855391502,False
2021-05-12,LINKUSDT,-17284,quanto,USDT,42.94795127397008,-3.1645147519298837,-3783741.07150724,False
2021-05-12,LTCUSD,-103911,quanto,USD,322.568527158381,-3.9020487111090563,-3417025.4311088766,False
2021-05-12,XBTUSD,26984745,inverse,USD,50972.355081239,-28.969509936360016,26984745.0,False
2021-05-12,XRPUSD,-330926,quanto,USD,1.31198505099279,8.393326813031997,-4426133.124163274,False
2021-05-13,DOTUSDT,-15000,quanto,USDT,39.68921693895417,-4.991406498431253,-2939102.47475078,False
2021-05-13,ETHUSD,-100276,quanto,USD,3687.15909000585,7.7629161305734256,-18253233.8241081,False
2021-05-13,LINKUSDT,-13684,quanto,USDT,42.68137479904031,-2.1406103550067614,-2883383.4700727873,False
2021-05-13,LTCUSD,-70011,quanto,USD,312.043063537105,-1.155245052592516,-2157057.631368,False
2021-05-13,XBTUSD,-10413618,inverse,USD,49368.6144739918,1.2719508402472306,-10413618.0,False
2021-05-13,XRPUSD,-147926,quanto,USD,1.34321180181819,1.007446540848484,-1961868.740703099,False
2021-05-14,DOTUSDT,-15000,quanto,USDT,47.287215511361204,-16.388404357041807,-3546356.452473989,False
2021-05-14,ETHUSD,-100276,quanto,USD,4086.70976446523,-32.30242730151543,-20488878.260193642,False
2021-05-14,LINKUSDT,-13684,quanto,USDT,46.54218438027227,-7.423742185964575,-3184250.4046015465,False
2021-05-14,LTCUSD,-70011,quanto,USD,326.938124350765,-3.240881257842817,-2288807.2905728803,False
2021-05-14,XBTUSD,-10413618,inverse,USD,49997.3959011105,-1.3808400885972596,-10413618.0,False
2021-05-14,XRPUSD,-147926,quanto,USD,1.40514729336555,-0.8249273636784696,-2078469.9287210482,False
2021-05-15,DOTUSDT,-15000,quanto,USDT,43.503783070233446,-10.71325569535017,-3070146.5861117314,False
2021-05-15,ETHUSD,-25276,quanto,USD,3672.60174400935,2.3247054584196665,-4367400.412018577,False
2021-05-15,LINKUSDT,-13684,quanto,USDT,41.56730350351558,-0.61611519421072,-2676120.999240706,False
2021-05-15,LTCUSD,-70011,quanto,USD,301.121245228009,0.3740497906837225,-1983711.4597129873,False
2021-05-15,XBTUSD,-10413618,inverse,USD,47047.9633331385,11.67641537857914,-10413618.0,False
2021-05-15,XRPUSD,-147926,quanto,USD,1.48949797190196,-3.320459058313866,-2073267.088497787,False
2021-05-16,ETHUSD,-9050,quanto,USD,3565.84300116891,0.21862083942136287,-1485186.6558604406,False
2021-05-16,LINKUSDT,2565,quanto,USDT,40.513772676111934,0.4409737414227116,478255.85745913,False
2021-05-16,LTCUSD,-30011,quanto,USD,294.267168797231,0.5717360144526005,-812872.6561055433,False
2021-05-16,XBTUSD,-3618,inverse,USD,46022.5037090006,0.005770205213682074,-3618.0,False
2021-05-17,XBTUSD,-3541,inverse,USD,43492.3954833431,0.0015756218016605265,-3541.0,False
2021-05-18,ETHUSD,-50000,quanto,USD,3368.23962887201,2.220643856399498,-7206316.58532905,False
2021-05-18,XBTUSD,-16611060,inverse,USD,42789.8093921683,6.5187943616707615,-16611060.000000002,False
2021-05-19,ETHUSD,120118,quanto,USD,2535.73623553478,1.7157774399666976,11465443.513066562,False
2021-05-19,XBTUSD,-4981,inverse,USD,37642.5200017534,0.006138605777848642,-4980.999999999999,False
2021-05-20,ETHUSD,-300000,quanto,USD,2777.92518293396,7.973496069812012,-34001306.00231913,False
2021-05-20,XBTUSD,-8341500,inverse,USD,40799.4021475745,0.9569260802032089,-8341500.0,False
2021-05-21,ETHUSD,266343,quanto,USD,2413.98438398597,24.90743623397522,23901155.988584105,False
2021-05-21,XBTUSD,10130409,inverse,USD,37174.3311014027,8.976835752081719,10130409.0,False
2021-05-22,ETHUSD,150000,quanto,USD,2320.84220163647,-2.3298288245294954,13104665.592293976,False
2021-05-22,XBTUSD,10130409,inverse,USD,37643.4197983635,12.372695259201622,10130409.0,False
2021-05-23,ETHUSD,400027,quanto,USD,2105.59847983635,16.573024283495634,29290184.099575393,False
2021-05-23,XBTUSD,-591,inverse,USD,34774.207221917,-0.00046869490165248745,-590.9999999999999,False
2021-05-24,ETHUSD,-283853,quanto,USD,2626.16846405611,-45.47996202771912,-28796876.11495452,False
2021-05-24,ETHUSDM21,-80385,quanto,USD,2626.16846405611,12.286189116849593,-8155055.209917171,False
2021-05-24,XBTUSD,-20000591,inverse,USD,38630.4091186441,7.838196244109879,-20000591.0,False
2021-05-25,ETHUSD,249952,quanto,USD,2696.5863798948,61.399378027464984,25794482.368781578,False
2021-05-25,ETHUSDM21,-80385,quanto,USD,2696.5863798948,6.625644952156525,-8295550.606574491,False
2021-05-25,XBTUSD,20741917,inverse,USD,38269.7710747516,9.275806770323715,20741917.0,False
2021-05-26,ETHUSD,66022,quanto,USD,2868.71953185272,27.582527891980284,7423451.439010022,False
2021-05-26,ETHUSDM21,-80385,quanto,USD,2868.71953185272,-7.211278467980919,-9038413.618563822,False
2021-05-26,XBTUSD,20741917,inverse,USD,39194.8588980129,22.068055256680985,20741917.0,False
2021-05-27,ETHUSD,66022,quanto,USD,2743.10334950321,19.289096300900955,6974515.286016315,False
2021-05-27,ETHUSDM21,-80385,quanto,USD,2743.10334950321,2.8863783501844407,-8491811.990948798,False
2021-05-27,XBTUSD,7506863,inverse,USD,38510.8570417884,4.5850571887527085,7506862.999999999,False
2021-05-28,ETHUSD,84406,quanto,USD,2415.30300233781,-5.376449484674797,7256962.823254751,False
2021-05-28,ETHUSDM21,-80385,quanto,USD,2415.30300233781,29.23660925707512,-6911249.870238291,False
2021-05-28,XBTUSD,44709684,inverse,USD,35596.7179510228,0.6053119877494813,44709684.0,False
2021-05-29,ETHUSD,196659,quanto,USD,2288.85813150205,-14.248137016938324,15611137.930143088,False
2021-05-29,ETHUSDM21,-80385,quanto,USD,2288.85813150205,39.400880199207684,-6381102.937137645,False
2021-05-29,XBTUSD,35005233,inverse,USD,34681.8183670368,-23.076772352702484,35005233.0,False
2021-05-30,ETHUSD,194634,quanto,USD,2391.71209117475,4.2575693437063595,16596387.290624205,False
2021-05-30,ETHUSDM21,-80385,quanto,USD,2391.71209117475,31.132964650917703,-6854406.693367174,False
2021-05-30,XBTUSD,27505233,inverse,USD,35652.1687703098,3.452712451877747,27505233.0,False
2021-05-31,ETHUSDM21,-80385,quanto,USD,2699.21445762712,6.414386923643989,-8096033.256629141,False
2021-05-31,XBTUSD,-9479029,inverse,USD,37312.9748970193,-1.2891104846409225,-9479029.0,False
2021-06-01,ETHUSD,145171,quanto,USD,2626.20154821742,9.037178506271134,13977088.26502712,False
2021-06-01,ETHUSDM21,-80385,quanto,USD,2626.20154821742,12.283529646542664,-7739481.302630726,False
2021-06-01,XBTUSD,-20046050,inverse,USD,36661.3781184687,7.243782601943741,-20046050.0,False
2021-06-02,ETHUSD,399507,quanto,USD,2713.1598679135,21.084867100518647,40798398.15588499,False
2021-06-02,ETHUSDM21,-80385,quanto,USD,2713.1598679135,5.293385117773323,-8209065.762954879,False
2021-06-02,XBTUSD,-10803221,inverse,USD,37639.4556732905,-2.0277544658297346,-10803221.0,False
2021-06-03,BNBUSDT,-273393,quanto,USDT,427.9405826733123,-1.7575897188048744,-4581579.380326093,False
2021-06-03,DOGEUSDT,-300469,quanto,USDT,0.3967625601756568,7.224260516580582,-4668471.445482359,False
2021-06-03,DOTUSDT,-44211,quanto,USDT,27.08121224138112,4.532118759629936,-4688595.758549956,False
2021-06-03,ETHUSD,-133182,quanto,USD,2858.60099824664,-6.349025398483963,-14908825.263938734,False
2021-06-03,ETHUSDM21,-136076,quanto,USD,2858.60099824664,3.8182576625902556,-15232789.01515015,False
2021-06-03,LTCUSD,-355996,quanto,USD,192.991005496351,-0.5599025053579331,-5380919.983732603,False
2021-06-03,XBTUSD,-56363693,inverse,USD,39160.1504132086,-26.70789890194824,-56363693.0,False
2021-06-03,XRPUSD,-706821,quanto,USD,1.04694146657296,-0.6469263889132308,-5795703.939907962,False
2021-06-04,BNBUSDT,-273393,quanto,USDT,391.44793410079484,8.2192449523814,-3947333.385804072,False
2021-06-04,DOGEUSDT,-300469,quanto,USDT,0.37743592502173146,13.031315254645367,-4182975.4732016968,False
2021-06-04,DOTUSDT,-44211,quanto,USDT,25.037104015019633,13.569325639196702,-4082788.131442187,False
2021-06-04,ETHUSD,-408412,quanto,USD,2689.27742548217,-8.96583493602417,-40511331.00025034,False
2021-06-04,ETHUSDM21,-136076,quanto,USD,2689.27742548217,26.859132150088197,-13497693.204876607,False
2021-06-04,LTCUSD,-355996,quanto,USD,179.215842131601,9.24790360903715,-4706455.134436439,False
2021-06-04,XBTUSD,-55766720,inverse,USD,36884.3735551724,-12.739210384151612,-55766720.0,False
2021-06-04,XRPUSD,-706821,quanto,USD,0.969585976029056,10.28837064743332,-5055547.286533149,False
2021-06-05,BNBUSDT,-273393,quanto,USDT,387.718602623509,9.238818072950993,-3753398.261015106,False
2021-06-05,DOGEUSDT,-300469,quanto,USDT,0.37108960361390614,14.938188101733246,-3948199.3983406103,False
2021-06-05,DOTUSDT,-44211,quanto,USDT,23.707046555696653,19.44964267260952,-3711320.0666481825,False
2021-06-05,ETHUSD,-328717,quanto,USD,2604.97053763881,20.106119258983306,-30321145.15438764,False
2021-06-05,ETHUSDM21,-136076,quanto,USD,2604.97053763881,38.33127622026131,-12551769.90550672,False
2021-06-05,LTCUSD,-355996,quanto,USD,172.222187192451,14.227329976472435,-4341950.152822695,False
2021-06-05,XBTUSD,-57973915,inverse,USD,35409.5672366452,40.89105103944428,-57973915.0,False
2021-06-05,XRPUSD,-706821,quanto,USD,0.919351143790411,17.389777518983575,-4601945.589239022,False
2021-06-06,BNBUSDT,-273393,quanto,USDT,392.2919103263716,7.988507760142288,-3831029.8961602873,False
2021-06-06,DOGEUSDT,-300469,quanto,USDT,0.37107803144511664,14.941665179717255,-3982756.1204806655,False
2021-06-06,DOTUSDT,-44211,quanto,USDT,24.076281849753467,17.817216514054948,-3802231.4964962243,False
2021-06-06,ETHUSD,-328717,quanto,USD,2706.09854120397,-13.136374688945313,-31774927.62170597,False
2021-06-06,ETHUSDM21,-136076,quanto,USD,2706.09854120397,24.5701820071286,-13153579.069689924,False
2021-06-06,LTCUSD,-355996,quanto,USD,175.729294702077,11.730297486478786,-4469285.288763777,False
2021-06-06,XBTUSD,-57473915,inverse,USD,35720.6043546464,26.40508317621216,-57473915.0,False
2021-06-06,XRPUSD,-706821,quanto,USD,0.938635569863414,14.663650054714374,-4739747.932206765,False
2021-06-07,BNBUSDT,-273393,quanto,USDT,359.11677364616736,17.058357902553368,-3311111.8510552878,False
2021-06-07,DOGEUSDT,-300469,quanto,USDT,0.33324060847120573,26.310637823265285,-3376823.4945695396,False
2021-06-07,DOTUSDT,-44211,quanto,USDT,21.746045542198353,28.11942425338686,-3242361.2607728904,False
2021-06-07,ETHUSD,-358816,quanto,USD,2600.15911221508,27.117809701433867,-31464620.322367683,False
2021-06-07,ETHUSDM21,-136076,quanto,USD,2600.15911221508,38.98599574622078,-11932521.612710986,False
2021-06-07,LTCUSD,-355996,quanto,USD,162.36749083414,21.243794946019,-3898746.19236288,False
2021-06-07,XBTUSD,-23810000,inverse,USD,33724.9077517826,50.38327157302216,-23810000.0,False
2021-06-07,XRPUSD,-706821,quanto,USD,0.861755502663664,25.53173925035328,-4108414.709264945,False
2021-06-08,BNBUSDT,-273393,quanto,USDT,352.8613431461556,18.768548813243083,-3229331.9838618687,False
2021-06-08,DOGEUSDT,-136100,quanto,USDT,0.32820503939654694,12.60296909812996,-1495287.1140726989,False
2021-06-08,DOTUSDT,-34289,quanto,USDT,21.77276776727139,21.717129022803135,-2499134.790180725,False
2021-06-08,ETHUSD,271802,quanto,USD,2519.05763530099,39.54210687007973,22919860.638121385,False
2021-06-08,ETHUSDM21,-136076,quanto,USD,2519.05763530099,50.02196031878246,-11474687.295137657,False
2021-06-08,LTCUSD,-355996,quanto,USD,161.289871031461,22.011051624568022,-3844177.468936062,False
2021-06-08,XBTUSD,-36549500,inverse,USD,33475.0489234366,-5.975592385465088,-36549500.0,False
2021-06-08,XRPUSD,-706821,quanto,USD,0.875722558265136,23.557297608895663,-4144071.0932271136,False
2021-06-09,BNBUSDT,-273393,quanto,USDT,374.9141181052162,12.739474508860626,-3830690.082979354,False
2021-06-09,DOGEUSDT,-336100,quanto,USDT,0.3438450547682894,6.36665481237793,-4319058.902706782,False
2021-06-09,DOTUSDT,-34289,quanto,USDT,23.148260560743815,17.000701783265534,-2966408.8874991117,False
2021-06-09,ETHUSD,-249221,quanto,USD,2605.63110461718,-25.417349083798218,-24269196.391378917,False
2021-06-09,ETHUSDM21,-136076,quanto,USD,2605.63110461718,38.24138890811264,-13251111.134909486,False
2021-06-09,LTCUSD,-355996,quanto,USD,171.856449870998,14.487732023448391,-4572974.522838107,False
2021-06-09,XBTUSD,-54804700,inverse,USD,37372.9888953828,-151.31859034675597,-54804700.0,False
2021-06-09,XRPUSD,-706821,quanto,USD,0.906537351833979,19.201188967871037,-4789420.563832697,False
2021-06-10,BNBUSDT,-53341,quanto,USDT,353.57243550527244,3.623954147713263,-694534.9874198101,False
2021-06-10,ETHUSDM21,-136076,quanto,USD,2481.38075686733,55.148879228521196,-12434534.152354633,False
2021-06-10,XBTUSD,-17339200,inverse,USD,36826.0022185856,-17.77493619364311,-17339200.0,False
2021-06-11,ETHUSD,50000,quanto,USD,2345.03141963764,-2.242702518118,4360045.761699272,False
2021-06-11,ETHUSDM21,-136076,quanto,USD,2345.03141963764,73.70275164138852,-11865951.741379803,False
2021-06-11,XBTUSD,-27604200,inverse,USD,37185.3931268264,-15.796979301822358,-27604199.999999996,False
2021-06-12,ETHUSD,102707,quanto,USD,2380.84033372297,4.627206855685081,8722145.648484109,False
2021-06-12,ETHUSDM21,-136076,quanto,USD,2380.84033372297,68.8300178483131,-11555927.94320858,False
2021-06-12,XBTUSD,45007500,inverse,USD,35669.1712817066,11.977254494631653,45007500.00000001,False
2021-06-13,ETHUSD,102707,quanto,USD,2504.64639216832,17.342955700431634,10013358.505133353,False
2021-06-13,ETHUSDM21,-136076,quanto,USD,2504.64639216832,51.9829846393037,-13266649.517019542,False
2021-06-13,XBTUSD,-22020000,inverse,USD,38925.4194289889,1.1356622166996766,-22020000.0,False
2021-06-14,ETHUSD,-276667,quanto,USD,2577.04473863238,-1.2395607532046509,-28844161.766961124,False
2021-06-14,ETHUSDM21,-136076,quanto,USD,2577.04473863238,42.13130724586029,-14186723.232626233,False
2021-06-14,XBTUSD,-70002900,inverse,USD,40455.5959833431,-28.449626113750305,-70002900.0,False
2021-06-15,ETHUSD,-283981,quanto,USD,2552.74103641146,5.68384368883728,-29181802.566924278,False
2021-06-15,ETHUSDM21,-136076,quanto,USD,2552.74103641146,45.43845782927421,-13983129.033621222,False
2021-06-15,XBTUSD,-70002900,inverse,USD,40254.6514679135,-19.811938080097658,-70002900.0,False
2021-06-16,ETHUSD,-283981,quanto,USD,2360.99938690824,60.13482905641106,-25656242.256306168,False
2021-06-16,ETHUSDM21,-136076,quanto,USD,2360.99938690824,71.52989452707432,-12293776.066952078,False
2021-06-16,XBTUSD,-49432600,inverse,USD,38265.5437726476,49.843157810788114,-49432600.0,False
2021-06-17,ETHUSD,-180031,quanto,USD,2368.38859555815,36.79245184307068,-16210517.120553209,False
2021-06-17,ETHUSDM21,-136076,quanto,USD,2368.38859555815,70.5244005708292,-12252680.525556143,False
2021-06-17,XBTUSD,-45080200,inverse,USD,38018.6432346581,44.231909210536806,-45080199.99999999,False
2021-06-18,ETHUSDM21,-136076,quanto,USD,2224.57531969608,90.0939358970362,-10811126.238062965,False
2021-06-18,XBTU21,45000000,inverse,USD,35714.3120787259,-21.036838273236693,44999999.99999999,False
2021-06-18,XBTUSD,25122200,inverse,USD,35714.3120787259,-17.472682321515656,25122199.999999996,False
2021-06-19,ETHUSDM21,-136076,quanto,USD,2174.75470251315,96.87332620082061,-10522148.394512022,False
2021-06-19,XBTU21,45000000,inverse,USD,35555.9763966686,-26.64778845198242,45000000.0,False
2021-06-19,XBTUSD,35122200,inverse,USD,35555.9763966686,-20.475691732633667,35122200.0,False
2021-06-20,ETHUSDM21,-136076,quanto,USD,2242.66345575687,87.63257469442814,-10864129.400524646,False
2021-06-20,XBTU21,50000000,inverse,USD,35599.9418784337,-26.761074833444212,50000000.0,False
2021-06-20,XBTUSD,11124900,inverse,USD,35599.9418784337,-2.598150103816223,11124900.0,False
2021-06-21,DOGEUSDT,117818,quanto,USDT,0.17922314089461827,1.4990150139221359,669688.1821303547,False
2021-06-21,ETHUSD,-254065,quanto,USD,1900.39307790766,6.395545221390381,-15312820.280455748,False
2021-06-21,ETHUSDM21,-136076,quanto,USD,1900.39307790766,134.20735863063726,-8201473.372889995,False
2021-06-21,XBTU21,21884900,inverse,USD,31715.1598624196,-87.0132823548761,21884900.0,False
2021-06-21,XBTUSD,-49343600,inverse,USD,31715.1598624196,28.988200573731078,-49343600.00000001,False
2021-06-22,ETHUSD,-302704,quanto,USD,1867.62379953244,10.943004586332322,-18313847.180818923,False
2021-06-22,ETHUSDM21,-136076,quanto,USD,1867.62379953244,138.6664709548237,-8232712.71267349,False
2021-06-22,XBTU21,21358200,inverse,USD,32394.5555949737,-70.79544765987434,21358200.000000004,False
2021-06-22,XBTUSD,-53657400,inverse,USD,32394.5555949737,-17.64457461806061,-53657400.00000001,False
2021-06-22,XRPUSD,-1459962,quanto,USD,0.548590224228202,8.157362371069146,-5189095.200987383,False
2021-06-23,ETHUSD,-90758,quanto,USD,1962.11004383402,-5.294404188288002,-5985262.603727287,False
2021-06-23,ETHUSDM21,-136076,quanto,USD,1962.11004383402,125.80916077524189,-8973871.108495055,False
2021-06-23,XBTU21,30733000,inverse,USD,33610.4968129749,-44.660473704039305,30733000.0,False
2021-06-23,XBTUSD,2023900,inverse,USD,33610.4968129749,0.8826027667360783,2023899.9999999998,False
2021-06-24,ETHUSD,135099,quanto,USD,1986.66540841613,11.794315011610756,9302347.360499844,False
2021-06-24,ETHUSDM21,-136076,quanto,USD,1986.66540841613,122.46776498436668,-9369619.460006192,False
2021-06-24,XBTU21,40000000,inverse,USD,34658.972875979,-13.478792703628997,40000000.0,False
2021-06-24,XBTUSD,12023900,inverse,USD,34658.972875979,9.07290915003662,12023900.0,False
2021-06-25,ETHUSD,135099,quanto,USD,1817.84698246639,-11.012885515773164,7781129.673044129,False
2021-06-25,XBTU21,40000000,inverse,USD,31683.5032004676,-121.86315751303711,39999999.99999999,False
2021-06-25,XBTUSD,30021800,inverse,USD,31683.5032004676,-61.44170595719604,30021800.000000004,False
2021-06-26,ETHUSD,-400000,quanto,USD,1801.97627527762,-6.192098111047974,-22986496.943675335,False
2021-06-26,XBTU21,35000000,inverse,USD,31890.6764465225,-99.45389250415299,35000000.00000001,False
2021-06-26,XBTUSD,-9978200,inverse,USD,31890.6764465225,-4.699300973258438,-9978200.0,False
2021-06-27,ETHUSD,-600000,quanto,USD,1964.52191887785,-96.58845822671005,-40673254.980686,False
2021-06-27,XBTU21,35000000,inverse,USD,34506.4911975453,-16.256350175602112,35000000.0,False
2021-06-27,XBTUSD,-19978200,inverse,USD,34506.4911975453,-46.49833586773628,-19978200.0,False
2021-06-28,ETHUSD,-674807,quanto,USD,2079.27833594389,-164.10391639328859,-48233628.07929367,False
2021-06-28,XBTU21,35000000,inverse,USD,34376.188538983,-20.10105319076599,35000000.0,False
2021-06-28,XBTUSD,21800,inverse,USD,34376.188538983,0.0009460483273515105,21800.0,False
2021-06-29,ETHUSD,-674807,quanto,USD,2169.99023261251,-225.3169392485501,-52618715.37581288,False
2021-06-29,XBTU21,35000000,inverse,USD,35933.7782178843,24.031646956340637,35000000.0,False
2021-06-29,XBTUSD,21800,inverse,USD,35933.7782178843,0.02843441584754929,21800.0,False
2021-06-30,ETHUSD,-471818,quanto,USD,2272.2690578609,-154.3588125118141,-37593596.577541344,False
2021-06-30,XBTU21,40000000,inverse,USD,35065.4661533606,1.6250098015451049,40000000.0,False
2021-06-30,XBTUSD,-19690300,inverse,USD,35065.4661533606,-2.9355366119867705,-19690300.0,False
2021-07-01,ETHUSD,-301542,quanto,USD,2114.55608357686,-34.483951043933565,-21363759.72578438,False
2021-07-01,XBTU21,40000000,inverse,USD,33505.0804935126,-51.500322479193116,40000000.00000001,False
2021-07-01,XBTUSD,334000,inverse,USD,33505.0804935126,0.00894455516023755,334000.0,False
2021-07-02,XBTU21,40000000,inverse,USD,33782.9459464641,-41.680890600065155,39999999.99999999,False
2021-07-02,XBTUSD,334000,inverse,USD,33782.9459464641,0.09093681135095597,334000.0,False
2021-07-03,XBTU21,40000000,inverse,USD,34588.2242916423,-14.11447959346466,40000000.0,False
2021-07-03,XBTUSD,12084800,inverse,USD,34588.2242916423,-1.4265441811947632,12084800.0,False
2021-07-04,ETHUSD,-300000,quanto,USD,2325.91749795441,3.800904263677063,-24670268.111512,False
2021-07-04,XBTU21,40000000,inverse,USD,35355.6078883694,10.986225875458679,40000000.0,False
2021-07-04,XBTUSD,2596000,inverse,USD,35355.6078883694,1.32259225149827,2595999.9999999995,False
2021-07-05,ETHUSD,-600000,quanto,USD,2218.63208416131,47.606486903213955,-45142623.060354024,False
2021-07-05,XBTU21,40000000,inverse,USD,33911.7538404442,-37.183561163981324,40000000.0,False
2021-07-05,XBTUSD,-10004000,inverse,USD,33911.7538404442,0.11731256194274903,-10004000.0,False
2021-07-06,ETHUSD,-600000,quanto,USD,2318.10661835184,-12.078233611104126,-47461816.510501705,False
2021-07-06,XBTU21,40000000,inverse,USD,34123.9815680888,-29.847682059108124,40000000.0,False
2021-07-06,XBTUSD,-10004000,inverse,USD,34123.9815680888,-1.7173908021860504,-10004000.0,False
2021-07-07,ETHUSD,-600000,quanto,USD,2317.0795447107,-11.461989426419983,-47173355.67933092,False
2021-07-07,XBTU21,40000000,inverse,USD,33931.6186382233,-36.4930204152887,40000000.0,False
2021-07-07,XBTUSD,-20004000,inverse,USD,33931.6186382233,5.749745692016907,-20004000.000000004,False
2021-07-08,ETHUSD,-100000,quanto,USD,2118.9243308007,17.90519061993,-6954237.510927554,False
2021-07-08,XBTU21,40000000,inverse,USD,32819.6595312098,-76.43321337879914,40000000.0,False
2021-07-08,XBTUSD,-248000,inverse,USD,32819.6595312098,0.3189117874705541,-248000.0,False
2021-07-09,XBTU21,40000000,inverse,USD,33914.8810742256,-37.07479851149323,40000000.0,False
2021-07-09,XBTUSD,20016700,inverse,USD,33914.8810742256,10.608341633267898,20016700.0,False
2021-07-10,XBTU21,40000000,inverse,USD,33610.9458386908,-47.74002321646561,40000000.0,False
2021-07-10,XBTUSD,32555500,inverse,USD,33610.9458386908,4.208375953316192,32555500.000000004,False
2021-07-11,XBTU21,40000000,inverse,USD,34258.4413898305,-25.246968199894866,40000000.0,False
2021-07-11,XBTUSD,32555500,inverse,USD,34258.4413898305,22.51519226811539,32555500.0,False
2021-07-12,XBTU21,40000000,inverse,USD,33135.2359117475,-64.82566924133529,40000000.0,False
2021-07-12,XBTUSD,-22514700,inverse,USD,33135.2359117475,-2.1410666374862672,-22514700.0,False
2021-07-13,XBTU21,40000000,inverse,USD,32641.9759610169,-83.06753850774399,40000000.0,False
2021-07-13,XBTUSD,-38021200,inverse,USD,32641.9759610169,11.67207340312027,-38021200.0,False
2021-07-14,XBTU21,40000000,inverse,USD,32798.2845189947,-77.22750716039704,40000000.0,False
2021-07-14,XBTUSD,-33021200,inverse,USD,32798.2845189947,5.316009547726898,-33021200.0,False
2021-07-15,XBTU21,40000000,inverse,USD,31707.6900368206,-119.1751493048906,40000000.0,False
2021-07-15,XBTUSD,-23021200,inverse,USD,31707.6900368206,27.848258263547972,-23021199.999999996,False
2021-07-16,XBTU21,40000000,inverse,USD,31455.7175818819,-129.28044107978013,40000000.00000001,False
2021-07-16,XBTUSD,-23021200,inverse,USD,31455.7175818819,33.66415683875015,-23021200.0,False
2021-07-17,XBTU21,40000000,inverse,USD,31547.9511990064,-125.56270569739608,40000000.0,False
2021-07-17,XBTUSD,-23021200,inverse,USD,31547.9511990064,31.52448859412674,-23021200.0,False
2021-07-18,XBTU21,40000000,inverse,USD,31707.7038527177,-119.17459962520904,40000000.0,False
2021-07-18,XBTUSD,-13021200,inverse,USD,31707.7038527177,15.751291002598649,-13021200.000000002,False
2021-07-19,XBTU21,40000000,inverse,USD,30883.4697462303,-152.84278365303862,40000000.0,False
2021-07-19,XBTUSD,-13021200,inverse,USD,30883.4697462303,26.711294949178008,-13021200.0,False
2021-07-20,XBTU21,40000000,inverse,USD,29766.6577182934,-201.4369250559575,40000000.0,False
2021-07-20,XBTUSD,-13021200,inverse,USD,29766.6577182934,42.530145800070116,-13021200.0,False
2021-07-21,XBTU21,40000000,inverse,USD,32119.6572258328,-102.99482904097565,40000000.0,False
2021-07-21,XBTUSD,-21200,inverse,USD,32119.6572258328,0.017069620246017127,-21200.0,False
2021-07-22,XBTU21,40000000,inverse,USD,32306.9614285798,-95.77477416491364,40000000.0,False
2021-07-22,XBTUSD,8800,inverse,USD,32306.9614285798,0.004597865555518978,8800.000000000002,False
2021-07-23,XBTU21,40000000,inverse,USD,33439.5957028638,-53.83823766074173,40000000.0,False
2021-07-23,XBTUSD,11108600,inverse,USD,33439.5957028638,13.91644901276043,11108600.0,False
2021-07-24,XBTU21,40000000,inverse,USD,34166.914654588,-28.374736683698426,40000000.0,False
2021-07-24,XBTUSD,11108600,inverse,USD,34166.914654588,20.988045186600036,11108600.0,False
2021-07-25,XBTU21,40000000,inverse,USD,35119.9374360023,3.3942803280093385,40000000.0,False
2021-07-25,XBTUSD,1108600,inverse,USD,35119.9374360023,2.9750128915041305,1108600.0,False
2021-07-26,ETHUSD,-500379,quanto,USD,2241.15922676797,57.32541911906998,-41991665.482369274,False
2021-07-26,XBTU21,40000000,inverse,USD,37444.7825102279,74.10885971165283,40000000.0,False
2021-07-26,XBTUSD,-2461500,inverse,USD,37444.7825102279,2.326199301808281,-2461500.0,False
2021-07-27,ETHUSD,-300379,quanto,USD,2286.22890005845,20.874636769342803,-26869570.543906994,False
2021-07-27,XBTU21,40000000,inverse,USD,39126.5402881356,120.02450330314346,40000000.0,False
2021-07-27,XBTUSD,-29653600,inverse,USD,39126.5402881356,-29.457488305117035,-29653600.0,False
2021-07-28,ETHUSD,-300379,quanto,USD,2297.03134436002,17.629809352481537,-27557244.23478836,False
2021-07-28,XBTU21,40000000,inverse,USD,39939.1940432495,140.82601002031387,40000000.0,False
2021-07-28,XBTUSD,-63345200,inverse,USD,39939.1940432495,-27.553628030554503,-63345200.0,False
2021-07-29,ETHUSD,-300379,quanto,USD,2384.45420572764,-8.630182322262726,-28711313.1782334,False
2021-07-29,XBTU21,40000000,inverse,USD,40086.1643950906,144.4979529718944,40000000.0,False
2021-07-29,XBTUSD,-63345200,inverse,USD,40086.1643950906,-33.368627046965635,-63345200.00000001,False
2021-07-30,ETHUSD,-300379,quanto,USD,2451.30431092928,-28.71055007262619,-30770581.786457192,False
2021-07-30,XBTU21,40000000,inverse,USD,41789.6670981882,185.1740620849292,40000000.0,False
2021-07-30,XBTUSD,-39915800,inverse,USD,41789.6670981882,-63.83687588055801,-39915800.0,False
2021-07-31,ETHUSD,-300379,quanto,USD,2544.37537592051,-56.66714350362686,-31941665.56954167,False
2021-07-31,XBTU21,40000000,inverse,USD,41793.3137481005,185.2575797500705,40000000.0,False
2021-07-31,XBTUSD,-39915800,inverse,USD,41793.3137481005,-63.9202177410141,-39915800.0,False
2021-08-01,ETHUSD,-400379,quanto,USD,2563.73753068381,-59.67710890765304,-41026814.417912714,False
2021-08-01,XBTU21,40000000,inverse,USD,39968.9689544126,141.5720948744493,40000000.0,False
2021-08-01,XBTUSD,-42496800,inverse,USD,39968.9689544126,-18.46085552250229,-42496800.00000001,False
2021-08-02,ETHUSD,-600538,quanto,USD,2619.04099941555,-94.97817276701538,-61818946.525337555,False
2021-08-02,XBTU21,40000000,inverse,USD,39304.1862835769,124.64517546272094,40000000.0,False
2021-08-02,XBTUSD,-6800,inverse,USD,39304.1862835769,0.0007456006340374425,-6800.0,False
2021-08-02,XRPUSD,-1002743,quanto,USD,0.741731104537143,4.967865288622322,-5846620.912245495,False
2021-08-03,XBTU21,40000000,inverse,USD,38288.8253975453,97.65724591694428,40000000.0,False
2021-08-03,XBTUSD,40261300,inverse,USD,38288.8253975453,-3.841781236000824,40261300.00000001,False
2021-08-04,XBTU21,40000000,inverse,USD,39773.9113489188,136.66412788322464,40000000.0,False
2021-08-04,XBTUSD,29750900,inverse,USD,39773.9113489188,26.17337976106369,29750900.0,False
2021-08-05,XBTU21,40000000,inverse,USD,40941.650434249,165.34828949379698,40000000.0,False
2021-08-05,XBTUSD,-20249100,inverse,USD,40941.650434249,0.044903002816925046,-20249100.0,False
2021-08-06,XBTU21,40000000,inverse,USD,42790.3573284629,207.55842954018172,40000000.0,False
2021-08-06,XBTUSD,13500,inverse,USD,42790.3573284629,0.02212144022768635,13500.0,False
2021-08-07,ETHUSD,-500712,quanto,USD,3143.38030099357,-19.41797725109253,-70016041.16482842,False
2021-08-07,XBTU21,40000000,inverse,USD,44484.9005862069,243.166965137708,40000000.0,False
2021-08-07,XBTUSD,-70174900,inverse,USD,44484.9005862069,-26.360034444005738,-70174900.0,False
2021-08-08,ETHUSD,-208716,quanto,USD,3027.3480818235,9.682162874126435,-27784161.45141424,False
2021-08-08,XBTU21,40000000,inverse,USD,43972.3010181181,232.68491070683717,40000000.0,False
2021-08-08,XBTUSD,-20277300,inverse,USD,43972.3010181181,2.9616595493278504,-20277300.0,False
2021-08-09,ETHUSD,-500589,quanto,USD,3158.26921624781,-59.21192366227508,-73145741.46978618,False
2021-08-09,XBTU21,30000000,inverse,USD,46265.6424564582,208.3320149587297,30000000.0,False
2021-08-09,XBTUSD,-61420800,inverse,USD,46265.6424564582,-24.66566357784088,-61420799.99999999,False
2021-08-10,ETHUSD,-500913,quanto,USD,3141.72382559907,-40.62367953230713,-71587089.42265038,False
2021-08-10,XBTU21,30000000,inverse,USD,45488.7912624196,197.25822968101028,30000000.0,False
2021-08-10,XBTUSD,-85169400,inverse,USD,45488.7912624196,-3.0147667157925415,-85169400.0,False
2021-08-11,ETHUSD,-500913,quanto,USD,3168.56298947984,-54.06776562931488,-72496295.55534491,False
2021-08-11,XBTU21,20000000,inverse,USD,45676.3263611923,133.31065167203332,20000000.0,False
2021-08-11,XBTUSD,-85169400,inverse,USD,45676.3263611923,-10.702009280572204,-85169400.0,False
2021-08-12,ETHUSD,-354230,quanto,USD,3038.06152659264,8.00975063508911,-47788246.74927853,False
2021-08-12,XBTU21,20000000,inverse,USD,44405.7483483343,120.782097055952,20000000.0,False
2021-08-12,XBTUSD,5569900,inverse,USD,44405.7483483343,0.5243234394545937,5569900.0,False
2021-08-13,ETHUSD,-500287,quanto,USD,3316.4789421391,-112.35168322594392,-79172436.58553684,False
2021-08-13,XBTU21,20000000,inverse,USD,47717.4853559322,152.04066621223777,20000000.0,False
2021-08-13,XBTUSD,-54430100,inverse,USD,47717.4853559322,-46.53451895007889,-54430100.0,False
2021-08-14,ETHUSD,-500287,quanto,USD,3268.96369590883,-88.58042323514069,-77067869.3717204,False
2021-08-14,XBTU21,13415200,inverse,USD,47124.2050736411,98.44334973310822,13415200.0,False
2021-08-14,XBTUSD,-65539500,inverse,USD,47124.2050736411,-33.75156852308838,-65539499.99999999,False
2021-08-15,ETHUSD,-500287,quanto,USD,3310.72739333723,-109.47425813050262,-77969933.38431609,False
2021-08-15,XBTU21,13415200,inverse,USD,47074.370710111,98.1419814754171,13415200.0,False
2021-08-15,XBTUSD,-65039500,inverse,USD,47074.370710111,-32.032986282344666,-65039500.0,False
2021-08-16,ETHUSD,-500287,quanto,USD,3157.77383635301,-32.953581967538454,-72646347.77941479,False
2021-08-16,XBTU21,13415200,inverse,USD,45984.7199070719,91.38914199530933,13415200.0,False
2021-08-16,XBTUSD,-65039500,inverse,USD,45984.7199070719,0.7060935201531983,-65039500.0,False
2021-08-17,ETHUSD,-273686,quanto,USD,3020.57140093513,17.79465901366806,-36964611.92372514,False
2021-08-17,XBTU21,13415200,inverse,USD,44714.0967982466,83.0991159861082,13415200.0,False
2021-08-17,XBTUSD,-23479800,inverse,USD,44714.0967982466,8.18507644938095,-23479800.0,False
2021-08-18,ETHUSD,-100000,quanto,USD,3041.32005961426,4.21856153857399,-13672060.823073914,False
2021-08-18,XBTU21,13415200,inverse,USD,44954.3637469316,84.70263777935142,13415199.999999998,False
2021-08-18,XBTUSD,26077900,inverse,USD,44954.3637469316,5.030846553823547,26077900.0,False
2021-08-19,XBTU21,13415200,inverse,USD,46646.8615049679,95.53020701839928,13415200.0,False
2021-08-19,XBTUSD,50003100,inverse,USD,46646.8615049679,51.92472980153244,50003099.99999999,False
2021-08-20,XBTU21,13415200,inverse,USD,49240.8356049094,110.68028764641392,13415199.999999998,False
2021-08-20,XBTUSD,40003100,inverse,USD,49240.8356049094,57.05942385476654,40003100.0,False
2021-08-21,XBTU21,13415200,inverse,USD,49070.2409701929,109.73313731597203,13415200.0,False
2021-08-21,XBTUSD,40003100,inverse,USD,49070.2409701929,54.2350940360759,40003100.0,False
2021-08-22,XBTU21,13415200,inverse,USD,49363.3160952659,111.35626839414505,13415200.0,False
2021-08-22,XBTUSD,50003100,inverse,USD,49363.3160952659,57.222862364023435,50003100.0,False
2021-08-23,XBTU21,13415200,inverse,USD,49590.8763676213,112.60332878869332,13415200.0,False
2021-08-23,XBTUSD,40003100,inverse,USD,49590.8763676213,47.86291917872909,40003100.0,False
2021-08-24,ETHUSD,-1806,quanto,USD,3183.60909175921,0.05681198028286696,-275554.4424716124,False
2021-08-24,XBTU21,13415200,inverse,USD,47925.8622127411,103.20515733638783,13415200.0,False
2021-08-24,XBTUSD,70052600,inverse,USD,47925.8622127411,5.202071911107177,70052600.0,False
2021-08-25,ETHUSD,-250598,quanto,USD,3228.70326125073,0.07086958708953857,-39648096.793557756,False
2021-08-25,XBTU21,13415200,inverse,USD,49002.3166049094,109.35418205740048,13415200.0,False
2021-08-25,XBTUSD,40052600,inverse,USD,49002.3166049094,14.304688545154114,40052600.0,False
2021-08-26,XBTU21,13415200,inverse,USD,47190.3449929866,98.84234121416962,13415200.000000002,False
2021-08-26,XBTUSD,70000000,inverse,USD,47190.3449929866,-1.6575071375369264,69999999.99999999,False
2021-08-27,ETHUSD,-150000,quanto,USD,3270.01309877265,-0.23330141589752199,-24058373.64769246,False
2021-08-27,XBTU21,13415200,inverse,USD,49048.4755891292,109.61182085798995,13415199.999999998,False
2021-08-27,XBTUSD,50000000,inverse,USD,49048.4755891292,38.95516105509812,50000000.0,False
2021-08-28,ETHUSD,-170889,quanto,USD,3242.67174956166,4.555567189157486,-27070957.211039774,False
2021-08-28,XBTU21,13415200,inverse,USD,48852.4687995324,108.51444288934883,13415200.0,False
2021-08-28,XBTUSD,50000000,inverse,USD,48852.4687995324,34.86510660700531,50000000.0,False
2021-08-29,ETHUSD,-100000,quanto,USD,3230.91460140269,3.9240517097309877,-15814793.213178102,False
2021-08-29,XBTU21,13415200,inverse,USD,48948.3479579193,109.05233702600017,13415200.0,False
2021-08-29,XBTUSD,60000000,inverse,USD,48948.3479579193,36.15234942824097,60000000.0,False
2021-08-30,XBTU21,13415200,inverse,USD,47125.7685189947,98.4527941984,13415200.000000002,False
2021-08-30,XBTUSD,60000000,inverse,USD,47125.7685189947,-11.254515147464906,60000000.0,False
2021-08-31,XBTU21,13415200,inverse,USD,47219.2443424898,99.01632670552227,13415200.000000002,False
2021-08-31,XBTUSD,40000000,inverse,USD,47219.2443424898,-5.822729429817962,40000000.00000001,False
2021-09-01,XBTU21,13415200,inverse,USD,48688.5375572764,107.58986046054073,13415199.999999998,False
2021-09-01,XBTUSD,50000000,inverse,USD,48688.5375572764,19.836673195614928,50000000.0,False
2021-09-02,ETHUSD,190290,quanto,USD,3791.89593600234,5.158693111885223,35623112.63258552,False
2021-09-02,XBTU21,13415200,inverse,USD,49369.5862746932,111.3907838255505,13415200.000000002,False
2021-09-02,XBTUSD,70000000,inverse,USD,49369.5862746932,32.41902883239502,69999999.99999999,False
2021-09-03,ETHUSD,100000,quanto,USD,3918.58263822326,15.499971802325973,19538262.350574676,False
2021-09-03,XBTU21,13415200,inverse,USD,49860.5341635301,114.06635269295711,13415200.0,False
2021-09-03,XBTUSD,70593700,inverse,USD,49860.5341635301,38.93558334016541,70593700.0,False
2021-09-04,ETHUSD,100000,quanto,USD,3886.23001350088,12.264709330087967,19399896.058913007,False
2021-09-04,XBTU21,13415200,inverse,USD,49919.577563647,114.38458237322266,13415200.0,False
2021-09-04,XBTUSD,70593700,inverse,USD,49919.577563647,40.610177127791445,70593700.0,False
2021-09-05,ETHUSD,100000,quanto,USD,3954.61792343659,19.10350032365898,20464215.989059426,False
2021-09-05,XBTU21,13415200,inverse,USD,51747.6438565167,123.87810982492294,13415200.000000002,False
2021-09-05,XBTUSD,70593700,inverse,USD,51747.6438565167,90.56718327507919,70593700.0,False
2021-09-06,ETHUSD,100000,quanto,USD,3928.83401098773,16.525109078772964,20681613.39623741,False
2021-09-06,XBTUSD,657700,inverse,USD,52640.5883740503,1.0593830093667556,657700.0,False
2021-09-07,ETHUSD,150000,quanto,USD,3432.84963062537,-0.280748206194458,24126616.770407118,False
2021-09-07,XBTUSD,40863200,inverse,USD,46854.4006028638,-5.421549775687408,40863200.00000001,False
2021-09-08,ETHUSD,152725,quanto,USD,3507.77644915254,11.41775839682167,24744060.605080254,False
2021-09-08,XBTUSD,60012100,inverse,USD,46187.9757306254,-16.574280155196686,60012100.0,False
2021-09-09,ETHUSD,152725,quanto,USD,3432.86342255991,-0.023333589537734987,24352352.537867088,False
2021-09-09,XBTUSD,50012100,inverse,USD,46448.7748290473,-4.913498479338684,50012100.0,False
2021-09-10,ETHUSD,152725,quanto,USD,3204.17646580947,-34.94954905924873,21906239.043821517,False
2021-09-10,XBTUSD,44166300,inverse,USD,44765.2755762712,-35.514527596728975,44166300.0,False
2021-09-11,ETHUSD,152725,quanto,USD,3259.20964196376,-26.544607231084747,22448400.918025415,False
2021-09-11,XBTUSD,44166300,inverse,USD,45098.5916447691,-28.222588603374025,44166300.0,False
2021-09-12,ETHUSD,100000,quanto,USD,3417.71937288136,-1.5296832518640138,15783237.384376384,False
2021-09-12,XBTUSD,54166300,inverse,USD,46180.6124563998,-1.3404391938282776,54166300.00000001,False
2021-09-13,ETHUSD,100000,quanto,USD,3289.54985417884,-14.346635122115975,14800185.50544698,False
2021-09-13,XBTUSD,69196200,inverse,USD,44991.5221277031,-26.960864801983643,69196200.0,False
2021-09-14,ETHUSD,100000,quanto,USD,3419.67508416131,-1.3341121238689804,16080207.434519362,False
2021-09-14,XBTUSD,22326800,inverse,USD,47022.6177597896,12.735621903193511,22326799.999999996,False
2021-09-15,XBTUSD,-65272100,inverse,USD,48167.1893676213,-7.497075661638947,-65272100.00000001,False
2021-09-16,ETHUSD,-154559,quanto,USD,3567.72092518995,14.918240923566513,-26356564.26645012,False
2021-09-16,XBTUSD,-60272100,inverse,USD,47797.3283237873,4.552677345810699,-60272100.0,False
2021-09-17,ETHUSD,-92394,quanto,USD,3396.52101694915,24.73583652000023,-14816546.134412007,False
2021-09-17,XBTUSD,-30272100,inverse,USD,47213.7941294565,10.114354157516022,-30272100.0,False
2021-09-18,DOGEUSDT,-300000,quanto,USDT,0.24119366350988458,0.886357727034626,-3487950.794578865,False
2021-09-18,ETHUSD,-242394,quanto,USD,3425.02434453536,32.960775090695954,-40019230.07205284,False
2021-09-18,LTCUSD,-200000,quanto,USD,181.127938977359,1.1577620890563964,-3492437.4572862447,False
2021-09-18,XBTUSD,-40272100,inverse,USD,48204.0136519579,-1.1312752295675659,-40272100.0,False
2021-09-18,XRPUSD,-800000,quanto,USD,1.07447667204274,1.895793313161583,-8287054.106857367,False
2021-09-19,DOGEUSDT,-427546,quanto,USDT,0.2327206306369899,3.790742203677521,-4698180.308042172,False
2021-09-19,ETHUSD,-242394,quanto,USD,3319.99040093513,58.42037281573013,-37998866.42335297,False
2021-09-19,LTCUSD,-250334,quanto,USD,175.21638075344,3.654205420936699,-4142251.7238620566,False
2021-09-19,XBTUSD,-40272100,inverse,USD,47218.4739964933,16.306185082939606,-40272100.0,False
2021-09-19,XRPUSD,-879058,quanto,USD,1.04703143149722,6.574330418183365,-8691989.499954784,False
2021-09-20,DOGEUSDT,-427546,quanto,USDT,0.20742915672956233,14.604010706902542,-3800662.630237336,False
2021-09-20,LTCUSD,-250334,quanto,USD,156.567568883819,12.991068762076102,-3359373.6690719076,False
2021-09-20,XBTUSD,21561200,inverse,USD,42855.5103448276,-4.2126464155950165,21561200.0,False
2021-09-20,XRPUSD,-879058,quanto,USD,0.917902703083498,29.276658766565284,-6915934.100239478,False
2021-09-21,DOGEUSDT,-308795,quanto,USDT,0.19991463309057741,12.86819072479515,-2501807.1436659703,False
2021-09-21,ETHUSD,200004,quanto,USD,2745.84817299825,-13.429484627658004,22256362.480624374,False
2021-09-21,LTCUSD,-163286,quanto,USD,147.484006509403,11.440155026211242,-1951923.790641967,False
2021-09-21,XBTUSD,30241700,inverse,USD,40526.4893760958,-22.363888952527617,30241700.0,False
2021-09-21,XRPUSD,-479058,quanto,USD,0.870390775004732,20.507019991556614,-3379647.1201806827,False
2021-09-22,DOGEUSDT,-440826,quanto,USDT,0.22399706376328551,3.733091339485893,-4303012.03513394,False
2021-09-22,ETHUSD,-246491,quanto,USD,3063.72133167738,-19.980391076489106,-32908899.628855765,False
2021-09-22,LTCUSD,-400412,quanto,USD,160.851541533419,4.212478103041248,-5613391.612274691,False
2021-09-22,XBTUSD,-62745800,inverse,USD,43577.5724821742,-36.640324775240174,-62745800.0,False
2021-09-22,XRPUSD,-1079058,quanto,USD,0.999223946374544,1.1476702245954513,-9397247.209753137,False
2021-09-23,DOGEUSDT,-440826,quanto,USDT,0.22450038285242985,3.5112151986947633,-4439725.535513477,False
2021-09-23,ETHUSD,-246491,quanto,USD,3147.4950742256,-40.62986465094238,-34804705.33801553,False
2021-09-23,LTCUSD,-400412,quanto,USD,163.714578519346,1.9196893718232726,-5881610.6249936195,False
2021-09-23,XBTUSD,-62745800,inverse,USD,44861.2980329047,-77.84267380840454,-62745800.0,False
2021-09-23,XRPUSD,-1079058,quanto,USD,0.998121318268959,1.3856301602667236,-9663399.883103289,False
2021-09-24,DOGEUSDT,-440826,quanto,USDT,0.20907477680171077,10.311223411609038,-3944992.4317431347,False
2021-09-24,ETHUSD,-366701,quanto,USD,2932.5593233197,-14.51805733065735,-46029497.28934337,False
2021-09-24,LTCUSD,-400412,quanto,USD,152.030286761109,11.276750634821644,-5211281.412186688,False
2021-09-24,XBTUSD,-42111600,inverse,USD,42803.307701052,-14.631218014115143,-42111600.0,False
2021-09-24,XRPUSD,-1079058,quanto,USD,0.944047031689722,13.055488465790367,-8720587.555219283,False
2021-09-25,DOGEUSDT,-440826,quanto,USDT,0.20858856548812535,10.525558000131664,-3929561.665877161,False
2021-09-25,ETHUSD,-358534,quanto,USD,2932.4982798948,-14.172831553802185,-44931872.9440854,False
2021-09-25,LTCUSD,-400412,quanto,USD,151.395016336391,11.785490437426015,-5181256.216825705,False
2021-09-25,XBTUSD,-42111600,inverse,USD,42735.2658240795,-13.064776130188141,-42111600.0,False
2021-09-25,XRPUSD,-1079058,quanto,USD,0.941751984957245,13.550786173201027,-8685558.275745457,False
2021-09-26,ETHUSD,48426,quanto,USD,3048.59561689071,12.638420753549518,6367528.656725364,False
2021-09-26,XBTUSD,10088400,inverse,USD,43131.2941773816,10.902866682268943,10088400.0,False
2021-09-27,XBTUSD,-9911600,inverse,USD,42496.7852250146,5.949528978868523,-9911600.0,False
2021-09-28,XBTUSD,-9911600,inverse,USD,41223.7862743425,13.151773416022262,-9911600.0,False
2021-09-29,ETHUSD,-200000,quanto,USD,2843.27176943308,11.145350063384019,-23572967.454812944,False
2021-09-29,XBTUSD,-30011600,inverse,USD,41453.9470131502,20.934482615876618,-30011600.0,False
2021-09-29,XRPUSD,-464339,quanto,USD,0.925010910534148,2.9499840226968574,-3561048.598581219,False
2021-09-30,ETHUSD,-200000,quanto,USD,3001.52751344243,-20.50579873848602,-26282302.989306606,False
2021-09-30,XBTUSD,-30011600,inverse,USD,43781.546015488,-17.55484555388046,-30011600.000000004,False
2021-09-30,XRPUSD,-464339,quanto,USD,0.95138500938944,0.500679485023365,-3868232.370045559,False
2021-10-01,ETHUSD,-200000,quanto,USD,3299.44177030976,-80.08865011195206,-31726199.097776797,False
2021-10-01,XBTUSD,-30011600,inverse,USD,48078.1315543542,-78.81441457076026,-30011600.0,False
2021-10-01,XRPUSD,-464339,quanto,USD,1.03980872979934,-7.71103689725914,-4642652.713495919,False
2021-10-02,ETHUSD,-200000,quanto,USD,3393.85702828755,-98.97170170751,-32440141.13173699,False
2021-10-02,XBTUSD,-30011600,inverse,USD,47792.4391943308,-75.08293560068032,-30011600.0,False
2021-10-02,XRPUSD,-464339,quanto,USD,1.04135843658919,-7.85495475747757,-4621943.087997581,False
2021-10-03,ETHUSD,-200000,quanto,USD,3420.43901578025,-104.28809920604996,-32974826.418134946,False
2021-10-03,XBTUSD,-30011600,inverse,USD,48202.6229177089,-80.42658191651734,-30011599.999999996,False
2021-10-03,XRPUSD,-464339,quanto,USD,1.05473798916982,-9.097484370625018,-4721504.595524376,False
2021-10-04,ETHUSD,-200000,quanto,USD,3391.62332057276,-98.524960164552,-33433606.096247565,False
2021-10-04,XBTUSD,-30011600,inverse,USD,49288.5013106371,-94.14342142320022,-30011600.0,False
2021-10-04,XRPUSD,-464339,quanto,USD,1.04746121531553,-8.421706391679573,-4794559.599706081,False
2021-10-05,ETHUSD,-200000,quanto,USD,3520.41445382817,-124.283186815634,-36301140.4158492,False
2021-10-05,XBTUSD,-30011600,inverse,USD,51558.0493319112,-120.94660834878846,-30011600.000000004,False
2021-10-05,XRPUSD,-464339,quanto,USD,1.08037444796068,-11.478285898322849,-5172922.110616033,False
2021-10-06,ETHUSD,-350528,quanto,USD,3588.43408123904,-150.6779840785582,-69709608.71851036,False
2021-10-06,XBTUSD,-30011600,inverse,USD,55419.800411163,-161.5079200378888,-30011600.0,False
2021-10-06,XRPUSD,-1039554,quanto,USD,1.08021602007421,-15.138172826445045,-12446654.106782315,False
2021-10-07,ETHUSD,-350528,quanto,USD,3589.30707393337,-150.9839924617163,-67695099.67773774,False
2021-10-07,XBTUSD,-30011600,inverse,USD,53805.1569125658,-145.2570379932995,-30011600.0,False
2021-10-07,XRPUSD,-1039554,quanto,USD,1.06775757641418,-12.547927838333283,-11944655.083193786,False
2021-10-08,ETHUSD,-350528,quanto,USD,3561.09410490941,-141.09455685568557,-67323237.43616217,False
2021-10-08,XBTUSD,-30011600,inverse,USD,53933.5275908825,-146.5846533167604,-30011600.0,False
2021-10-08,XRPUSD,-1039554,quanto,USD,1.06061281555955,-11.062454893238487,-11893036.36357754,False
2021-10-09,ETHUSD,-350528,quanto,USD,3579.87203652835,-147.67674767020935,-69030202.20466211,False
2021-10-09,XBTUSD,-30011600,inverse,USD,55010.9224751607,-157.48289172101371,-30011600.000000004,False
2021-10-09,XRPUSD,-1039554,quanto,USD,1.16481718769216,-32.727669266827164,-13322439.218066093,False
2021-10-10,ETHUSD,-350528,quanto,USD,3432.00171537113,-95.84405973561142,-65806334.039543435,False
2021-10-10,XBTUSD,-30011600,inverse,USD,54701.2797022209,-154.3947040605046,-30011600.0,False
2021-10-10,XRPUSD,-1039554,quanto,USD,1.14160832002505,-27.902295023064156,-12983496.381713789,False
2021-10-11,ETHUSD,-350528,quanto,USD,3519.56701022794,-126.53814741117935,-70678058.03695956,False
2021-10-11,XBTUSD,-30011600,inverse,USD,57289.1864570426,-179.17848901334733,-30011599.999999996,False
2021-10-11,XRPUSD,-1039554,quanto,USD,1.13006428166771,-25.50216477295891,-13460241.525578301,False
2021-10-12,ETHUSD,-320381,quanto,USD,3491.26025043834,-106.58634394568573,-62857308.517954215,False
2021-10-12,XBTUSD,-41418800,inverse,USD,56196.1812597896,-112.21534273198228,-41418800.00000001,False
2021-10-12,XRPUSD,-1039554,quanto,USD,1.10109826561967,-19.47981720359806,-12865004.21109682,False
2021-10-13,ETHUSD,-300528,quanto,USD,3597.56289830509,-131.92844657183213,-62003809.76153698,False
2021-10-13,XBTUSD,-30006500,inverse,USD,57348.8928769725,-69.46966245413567,-30006500.0,False
2021-10-13,XRPUSD,-1039554,quanto,USD,1.12703383494324,-24.872102170116996,-13438136.30960168,False
2021-10-14,ETHUSD,-300528,quanto,USD,3786.54223734658,-188.72202937529298,-65300851.43604593,False
2021-10-14,XBTUSD,-30006500,inverse,USD,57384.0369146698,-69.79010550826042,-30006499.999999996,False
2021-10-14,XRPUSD,-1039554,quanto,USD,1.13250784052242,-26.01020704928875,-13511680.400993815,False
2021-10-15,ETHUSD,-413790,quanto,USD,3861.71246171829,-216.4512321044113,-98187032.55785745,False
2021-10-15,XBTUSD,-40006500,inverse,USD,61446.0840073057,-109.9415801655265,-40006500.0,False
2021-10-15,XRPUSD,-1039554,quanto,USD,1.14111911372359,-27.800583749562605,-14578144.128991565,False
2021-10-16,ETHUSD,-413790,quanto,USD,3836.76805020456,-206.1294840641449,-96736733.79231717,False
2021-10-16,XBTUSD,-40006500,inverse,USD,60932.0632119228,-104.44906640662636,-40006500.0,False
2021-10-16,XRPUSD,-1039554,quanto,USD,1.13785133661262,-27.12117759619911,-14414794.568838723,False
2021-10-17,ETHUSD,-413790,quanto,USD,3836.39770426651,-205.97623861843934,-97569004.28554408,False
2021-10-17,XBTUSD,-40006500,inverse,USD,61462.2223722969,-110.11253745441955,-40006500.0,False
2021-10-17,XRPUSD,-1039554,quanto,USD,1.09155442888905,-17.49555047386547,-13948602.725282867,False
2021-10-18,ETHUSD,-413790,quanto,USD,3746.06606575102,-168.59790991711455,-96069687.25753486,False
2021-10-18,XBTUSD,-40006500,inverse,USD,61977.0575514319,-115.51957717798378,-40006500.0,False
2021-10-18,XRPUSD,-1039554,quanto,USD,1.08249161895144,-15.611294409489059,-13948661.839906078,False
2021-10-19,ETHUSD,-413790,quanto,USD,3875.04413851549,-221.96774664632446,-103087530.22320552,False
2021-10-19,XBTUSD,-40006500,inverse,USD,64290.8977574518,-138.75141021067748,-40006500.0,False
2021-10-19,XRPUSD,-1039554,quanto,USD,1.09106982523372,-17.394796140202942,-14584081.57412575,False
2021-10-20,ETHUSD,-389378,quanto,USD,4153.38661163063,-317.25294878351133,-106837606.26895396,False
2021-10-20,XBTUSD,-30006500,inverse,USD,66061.7965639977,-116.58068881522956,-30006500.0,False
2021-10-20,XRPUSD,-1039554,quanto,USD,1.14121393965564,-27.820299084955824,-15674528.923079997,False
2021-10-21,ETHUSD,-363582,quanto,USD,4065.16743161894,-228.2423056228775,-92189956.78023112,False
2021-10-21,XBTUSD,-21866700,inverse,USD,62373.8856206897,-32.74808807076683,-21866700.0,False
2021-10-21,XRPUSD,-1039554,quanto,USD,1.09146922157689,-17.47783495342846,-14154396.0255756,False
2021-10-22,ETHUSD,-314369,quanto,USD,3975.54315663355,-169.17324952773254,-75925801.2506656,False
2021-10-22,XBTUSD,20015100,inverse,USD,60750.9673718293,-1.1047941135897827,20015099.999999996,False
2021-10-22,XRPUSD,-1039554,quanto,USD,1.08973262971897,-17.116778750974845,-13764175.531691836,False
2021-10-23,ETHUSD,-313582,quanto,USD,4159.57953886616,-226.4602333767282,-79892725.62466113,False
2021-10-23,XBTUSD,20015100,inverse,USD,61250.082628872,1.579924248616867,20015100.0,False
2021-10-23,XRPUSD,-1039554,quanto,USD,1.0924605459824,-17.683942003637544,-13911997.465477608,False
2021-10-24,ETHUSD,-313582,quanto,USD,4076.59357364115,-200.43732842953918,-77807123.05486472,False
2021-10-24,XBTUSD,20015100,inverse,USD,60865.4470523086,-0.4851217056412506,20015100.0,False
2021-10-24,XRPUSD,-1039554,quanto,USD,1.08219184700451,-15.548968584185257,-13694687.403694618,False
2021-10-25,ETHUSD,-313582,quanto,USD,4214.41058854471,-243.65426359702712,-83300345.71844281,False
2021-10-25,XBTUSD,20015100,inverse,USD,63031.6729015196,10.816267928702278,20015100.0,False
2021-10-25,XRPUSD,-1039554,quanto,USD,1.09462970575975,-18.134933748274232,-14345084.571173616,False
2021-10-26,ETHUSD,-313582,quanto,USD,4130.63251782583,-217.38296862485947,-78227839.87156849,False
2021-10-26,XBTUSD,20015100,inverse,USD,60393.9802738165,-3.052231189879036,20015099.999999996,False
2021-10-26,XRPUSD,-1039554,quanto,USD,1.10789048322933,-20.89199260059658,-13911294.161351565,False
2021-10-27,ETHUSD,-313582,quanto,USD,3947.62192840444,-159.99414197292114,-72495739.82721804,False
2021-10-27,XBTUSD,35015100,inverse,USD,58563.3359899766,-12.767763876097641,35015100.00000001,False
2021-10-27,XRPUSD,-1039554,quanto,USD,1.00110959095083,1.3089081377401734,-12189460.360322913,False
2021-10-28,ETHUSD,-313582,quanto,USD,4278.7702685564,-263.836300774453,-81262232.30099672,False
2021-10-28,XBTUSD,35015100,inverse,USD,60564.5721122151,6.98870129433258,35015100.0,False
2021-10-28,XRPUSD,-1039554,quanto,USD,1.05845799133597,-10.614443665054589,-13328133.340618994,False
2021-10-29,ETHUSD,-313582,quanto,USD,4413.18682086499,-305.9869120804855,-86120959.77100053,False
2021-10-29,XBTUSD,15015100,inverse,USD,62230.8055689655,9.634922046994896,15015100.0,False
2021-10-29,XRPUSD,-1039554,quanto,USD,1.07992672764604,-15.078025806270293,-13972585.064957589,False
2021-10-30,ETHUSD,-313582,quanto,USD,4311.34383021625,-274.05078338687224,-83473942.38077116,False
2021-10-30,XBTUSD,15015100,inverse,USD,61742.9165321449,7.728334618398399,15015100.0,False
2021-10-30,XRPUSD,-1039554,quanto,USD,1.07635787558328,-14.336022918820229,-13817226.683215095,False
2021-10-31,ETHUSD,-323246,quanto,USD,4293.96550701344,-268.23576875006654,-85269403.18453878,False
2021-10-31,XBTUSD,-9984900,inverse,USD,61432.9700628287,-0.32437162164813993,-9984900.0,False
2021-10-31,XRPUSD,-1039554,quanto,USD,1.11464817951803,-22.29699064213726,-14236930.762103606,False
2021-11-01,ETHUSD,-323246,quanto,USD,4325.78806049094,-278.52228187145414,-85424690.87141606,False
2021-11-01,XBTUSD,-9984900,inverse,USD,61092.0950592051,0.5825136401397133,-9984899.999999998,False
2021-11-01,XRPUSD,-1039554,quanto,USD,1.09316312790826,-17.83001637390869,-13885037.051466294,False
2021-11-02,ETHUSD,-323246,quanto,USD,4586.37950379895,-362.7574235549954,-93436004.71381041,False
2021-11-02,XBTUSD,-9984900,inverse,USD,63024.7472296902,-4.429373550016842,-9984900.0,False
2021-11-02,XRPUSD,-1039554,quanto,USD,1.13277786807999,-26.066348694805182,-14843383.811989535,False
2021-11-03,ETHUSD,-323246,quanto,USD,4598.85212857978,-366.7891496248996,-93587879.19993311,False
2021-11-03,XBTUSD,-9984900,inverse,USD,62955.9817630041,-4.2563257824375915,-9984900.0,False
2021-11-03,XRPUSD,-1039554,quanto,USD,1.20770744303383,-41.645016567118,-15807958.723033804,False
2021-11-04,ETHUSD,-323246,quanto,USD,4535.60184395091,-346.34374811975584,-90010512.43828775,False
2021-11-04,XBTUSD,-9984900,inverse,USD,61393.8899780246,-0.22091160279758454,-9984900.0,False
2021-11-04,XRPUSD,-1039554,quanto,USD,1.19893752579963,-39.82165605902172,-15303781.43477063,False
2021-11-05,ETHUSD,-300000,quanto,USD,4476.89731385155,-303.8253314454651,-81935065.48732491,False
2021-11-05,XBTUSD,-9984900,inverse,USD,61005.840833723,0.8135964625686837,-9984900.0,False
2021-11-05,XRPUSD,-1039554,quanto,USD,1.15923029285606,-31.566093491937714,-14703414.089175018,False
2021-11-06,ETHUSD,-300000,quanto,USD,4511.6425622443,-314.2489059632901,-83178970.68241797,False
2021-11-06,XBTUSD,-9984900,inverse,USD,61455.0536268849,-0.38277712493270877,-9984900.0,False
2021-11-06,XRPUSD,-1039554,quanto,USD,1.15010149746893,-29.668118339963225,-14695041.61850032,False
2021-11-07,ETHUSD,-300000,quanto,USD,4609.29109146698,-343.543464730094,-87176207.89612596,False
2021-11-07,XBTUSD,-9984900,inverse,USD,63043.8290590298,-4.477325915061455,-9984900.0,False
2021-11-07,XRPUSD,-1039554,quanto,USD,1.21676509737698,-43.52820072772579,-15948739.917090118,False
2021-11-08,ETHUSD,-300000,quanto,USD,4811.1564628872,-404.10307615616,-97486186.05838166,False
2021-11-08,XBTUSD,-9984900,inverse,USD,67541.7555081824,-15.024622104143296,-9984900.0,False
2021-11-08,XRPUSD,-1039554,quanto,USD,1.28515918474664,-57.7480701480217,-18047054.018468417,False
2021-11-09,ETHUSD,-300000,quanto,USD,4735.69674663939,-381.465161281817,-95323304.03232342,False
2021-11-09,XBTUSD,18200,inverse,USD,67095.5856706605,0.0003924651111221686,18200.0,False
2021-11-09,XRPUSD,-1039554,quanto,USD,1.26192632703325,-52.9177081145446,-17603742.148998532,False
2021-11-10,ETHUSD,-300000,quanto,USD,4619.95512857978,-346.74267586393404,-89751052.35574934,False
2021-11-10,XBTUSD,14289000,inverse,USD,64756.0779689071,-0.09965335285293579,14288999.999999998,False
2021-11-10,XRPUSD,-1039554,quanto,USD,1.1850564403638,-36.93562848118996,-15954993.1349821,False
2021-11-11,ETHUSD,-300000,quanto,USD,4727.74631618936,-379.08003214680815,-92138477.73419309,False
2021-11-11,XBTUSD,14289000,inverse,USD,64962.9312939801,0.6029629008364106,14289000.0,False
2021-11-11,XRPUSD,-1039554,quanto,USD,1.21979039074679,-44.157191892477684,-16475092.832791533,False
2021-11-12,ETHUSD,-300000,quanto,USD,4662.76119988311,-359.58449725493284,-89635477.76800859,False
2021-11-12,XBTUSD,34289000,inverse,USD,64078.968037405,2.1469925330615234,34289000.0,False
2021-11-12,XRPUSD,-1039554,quanto,USD,1.1894510180951,-37.84930865296669,-15846710.38787521,False
2021-11-13,ETHUSD,-300000,quanto,USD,4644.9424868498,-354.2388833449399,-89737210.93004444,False
2021-11-13,XBTUSD,34289000,inverse,USD,64397.7912063121,4.7962136796259305,34289000.0,False
2021-11-13,XRPUSD,-1039554,quanto,USD,1.19001087698623,-37.96570936290867,-15933051.21457366,False
2021-11-14,ETHUSD,-300000,quanto,USD,4609.51656691993,-343.611107365979,-89930136.46187277,False
2021-11-14,XBTUSD,34289000,inverse,USD,65032.2256548217,9.990692581944733,34289000.0,False
2021-11-14,XRPUSD,-1039554,quanto,USD,1.18431843654832,-36.78218951751042,-16013053.5904053,False
2021-11-15,ETHUSD,-300000,quanto,USD,4569.40776972531,-331.57846820759295,-87394725.80494386,False
2021-11-15,XBTUSD,34289000,inverse,USD,63753.5031592636,-0.5847476210170746,34289000.0,False
2021-11-15,XRPUSD,-1039554,quanto,USD,1.17497944106876,-34.840511496158754,-15574401.657964034,False
2021-11-16,ETHUSD,-250000,quanto,USD,4234.13146493279,-126.77794773319748,-63853346.55069247,False
2021-11-16,XBTUSD,35942300,inverse,USD,60322.4978530099,-14.061229374812926,35942300.0,False
2021-11-16,XRPUSD,-1039554,quanto,USD,1.09475395389395,-18.160766277254258,-13730074.335196542,False
2021-11-17,ETHUSD,-161398,quanto,USD,4265.59900555231,-80.43914884813171,-41413783.90422976,False
2021-11-17,XBTUSD,35942300,inverse,USD,60154.3083661601,-15.72716668952362,35942300.0,False
2021-11-17,XRPUSD,-1039554,quanto,USD,1.09341125798947,-17.881605297597083,-13674999.793598773,False
2021-11-18,XBTUSD,50942300,inverse,USD,56794.1556271186,-54.06125988370804,50942300.0,False
2021-11-19,XBTUSD,50942300,inverse,USD,58014.0729888954,-35.19994536623123,50942300.00000001,False
2021-11-20,XBTUSD,50942300,inverse,USD,59749.4738229106,-9.695792144997863,50942300.0,False
2021-11-21,XBTUSD,50942300,inverse,USD,59032.6241017534,-20.04913261098236,50942299.99999999,False
2021-11-22,XBTUSD,50942300,inverse,USD,56383.5658760958,-60.59302362858673,50942300.00000001,False
2021-11-23,XBTUSD,50942300,inverse,USD,57642.2657980713,-40.86392826257904,50942299.99999999,False
2021-11-24,XBTUSD,50942300,inverse,USD,57141.8303784337,-48.603757841103665,50942300.00000001,False
2021-11-25,XBTUSD,50942300,inverse,USD,59008.6554792519,-20.39965342893173,50942300.0,False
2021-11-26,ETHUSD,-152856,quanto,USD,4052.00856838106,6.930089641544724,-33322694.282283068,False
2021-11-26,XBTUSD,69451700,inverse,USD,53800.6178389831,-118.60904930818847,69451700.0,False
2021-11-27,ETHUSD,-152856,quanto,USD,4086.92330187025,1.5931631393210601,-34131623.0136337,False
2021-11-27,XBTUSD,69451700,inverse,USD,54635.8824628872,-98.87383969440278,69451700.0,False
2021-11-28,XBTUSD,59451700,inverse,USD,57248.5696963764,-34.97722172431992,59451700.0,False
2021-11-29,XBTUSD,49451700,inverse,USD,57920.7107299825,-19.069873739501038,49451700.0,False
2021-11-30,XBTUSD,50143100,inverse,USD,57097.0127942724,-23.53192061404587,50143100.00000001,False
2021-12-01,XBTUSD,50143100,inverse,USD,57180.6098439509,-22.24799471302933,50143100.00000001,False
2021-12-02,XBTUSD,50143100,inverse,USD,56582.8937691408,-31.51143226923401,50143100.0,False
2021-12-03,XBTUSD,50143100,inverse,USD,53671.6160680888,-79.58042117016906,50143099.99999999,False
2021-12-04,XBTUSD,30143100,inverse,USD,49159.7357983635,-99.3846571183049,30143100.0,False
2021-12-05,XBTUSD,30143100,inverse,USD,49327.0935999416,-97.30429561185761,30143100.0,False
2021-12-06,XBTUSD,143100,inverse,USD,50535.4252232612,-0.39257242447476504,143100.0,False
2021-12-07,XBTUSD,143100,inverse,USD,50574.4728344828,-0.39038613927182614,143100.0,False
2021-12-08,XBTUSD,143100,inverse,USD,50500.6543513735,-0.39452209975266816,143100.0,False
2021-12-09,XBTUSD,143100,inverse,USD,47937.8228458212,-0.5460122430642516,143100.0,False
2021-12-10,XBTUSD,143100,inverse,USD,47437.2289725307,-0.5775134755356902,143100.0,False
2021-12-11,XBTUSD,143100,inverse,USD,49321.7693252484,-0.46225121962656557,143100.00000000003,False
2021-12-12,XBTUSD,143100,inverse,USD,50136.5722568673,-0.4150993486400658,143100.00000000003,False
2021-12-13,XBTUSD,143100,inverse,USD,46785.3278410286,-0.6195466683101094,143100.0,False
2021-12-14,XBTUSD,143100,inverse,USD,48292.6822501461,-0.5240773097022963,143099.99999999997,False
2021-12-15,XBTUSD,143100,inverse,USD,48830.6223860316,-0.4914335633322382,143100.0,False
2021-12-16,XBTUSD,143100,inverse,USD,47663.4691077148,-0.5631947513078409,143100.0,False
2021-12-17,XBTUSD,143100,inverse,USD,46334.4837489772,-0.6493079760845023,143100.0,False
2021-12-18,XBTUSD,143100,inverse,USD,46904.8736753361,-0.6117511241992891,143100.0,False
2021-12-19,XBTUSD,143100,inverse,USD,46876.426924021,-0.6136025224042523,143100.0,False
2021-12-20,XBTUSD,10919900,inverse,USD,46954.7634783168,1.433902324441452,10919900.0,False
2021-12-21,XBTUSD,10919900,inverse,USD,49082.0624666277,11.513535650689965,10919900.0,False
2021-12-22,XBTUSD,6941200,inverse,USD,48692.0987391584,6.185940283866176,6941200.0,False
2021-12-23,XBTUSD,919900,inverse,USD,50712.9707682642,1.5726459243561077,919899.9999999999,False
2021-12-24,XBTUSD,-29080100,inverse,USD,50783.8344210988,3.403743008731079,-29080100.0,False
2021-12-25,XBTUSD,-29080100,inverse,USD,50590.4508976622,5.592619844040909,-29080100.000000004,False
2021-12-26,XBTUSD,-29080100,inverse,USD,50798.3065859147,3.2406051823609925,-29080100.0,False
2021-12-27,XBTUSD,-29080100,inverse,USD,50796.3776735827,3.262343523852234,-29080099.999999996,False
2021-12-28,XBTUSD,-29080100,inverse,USD,47673.0440452367,40.76902546732063,-29080100.000000004,False
2021-12-29,XBTUSD,-29080100,inverse,USD,46470.3215751023,56.55650349203575,-29080099.999999996,False
2021-12-30,XBTUSD,-29080100,inverse,USD,47102.4630037989,48.1582137390599,-29080100.0,False
2021-12-31,XBTUSD,-29080100,inverse,USD,46355.1173302747,58.11172056271759,-29080100.000000004,False
