time,lastqty,execid,source_file,source_row,position,residual_contracts,symbol
2020-10-08 12:00:00,250001,d9e08384-ddc0-1f11-d1f0-77c0489c77ea,aoa-execution-2019-01-01-2020-12-31.csv,453397,250001,0,BCHUSD
2020-10-08 20:00:00,250001,c9667a53-bf29-2643-eb61-ad19e7e6d6fd,aoa-execution-2019-01-01-2020-12-31.csv,453399,250001,0,BCHUSD
2020-10-09 04:00:00,250001,dbb56d56-6ae2-39ef-12ef-215fcfdf7b1b,aoa-execution-2019-01-01-2020-12-31.csv,453644,250001,0,BCHUSD
2020-10-09 12:00:00,250001,683f6a24-0b68-a1df-da96-935db3dc718f,aoa-execution-2019-01-01-2020-12-31.csv,453646,250001,0,BCHUSD
2020-10-09 20:00:00,250001,f862ae53-47c2-e367-5e3b-4f7bbc76013e,aoa-execution-2019-01-01-2020-12-31.csv,453649,250001,0,BCHUSD
2020-10-10 04:00:00,250001,795543a4-6805-5546-fa37-86059cdba3cb,aoa-execution-2019-01-01-2020-12-31.csv,453650,250001,0,BCHUSD
2020-10-10 12:00:00,250001,e8a732bc-5b1c-ae5f-8eec-878829c85825,aoa-execution-2019-01-01-2020-12-31.csv,453652,250001,0,BCHUSD
2020-10-10 20:00:00,250001,d89162dc-2dcc-dff9-1e44-c86874b5fc06,aoa-execution-2019-01-01-2020-12-31.csv,453654,250001,0,BCHUSD
2020-10-11 04:00:00,250001,97a27022-e75b-d87f-d80e-0503becc2b55,aoa-execution-2019-01-01-2020-12-31.csv,453660,250001,0,BCHUSD
2020-10-11 12:00:00,250001,772009d2-52c1-dd92-8ade-2003387cf99a,aoa-execution-2019-01-01-2020-12-31.csv,453656,250001,0,BCHUSD
2020-10-11 20:00:00,250001,efdb5b17-5153-4fc7-b86b-933c6210b9f8,aoa-execution-2019-01-01-2020-12-31.csv,453659,250001,0,BCHUSD
2020-10-12 04:00:00,250001,a26b81db-9732-7415-c036-6788e5a959ee,aoa-execution-2019-01-01-2020-12-31.csv,454533,250001,0,BCHUSD
2020-10-12 12:00:00,250001,6d5e0a2e-2687-9e83-cfb9-c6f5cecf7478,aoa-execution-2019-01-01-2020-12-31.csv,453663,250001,0,BCHUSD
2020-10-12 20:00:00,250001,caf0ded8-a199-055e-724a-63dad299a477,aoa-execution-2019-01-01-2020-12-31.csv,454536,250001,0,BCHUSD
2020-10-13 04:00:00,250001,05949651-b6b3-a94e-8715-57818cd50e29,aoa-execution-2019-01-01-2020-12-31.csv,454744,250001,0,BCHUSD
2020-10-13 12:00:00,250001,ad4f6995-785a-57b7-622b-f7767973bb22,aoa-execution-2019-01-01-2020-12-31.csv,454746,250001,0,BCHUSD
2020-10-13 20:00:00,205548,875d7c1c-b647-3487-9046-65c4b280b1a9,aoa-execution-2019-01-01-2020-12-31.csv,454714,205548,0,BCHUSD
2021-05-01 04:00:00,200000,87e0bf00-5141-9ac0-fbcc-959f60c2c2b0,aoa-execution-2021-01-01-2021-06-30.csv,124975,-200000,0,BCHUSD
2021-05-01 12:00:00,200000,a3b945b7-77d3-2484-2cd2-26dad4ef2024,aoa-execution-2021-01-01-2021-06-30.csv,126028,-200000,0,BCHUSD
2021-05-01 20:00:00,200000,abad37f2-aa4d-fc4f-d3f0-fe1644094d7b,aoa-execution-2021-01-01-2021-06-30.csv,126225,-200000,0,BCHUSD
2021-05-02 04:00:00,200000,d4a11cea-1eb6-ab22-d249-33eca5af79a4,aoa-execution-2021-01-01-2021-06-30.csv,126541,-200000,0,BCHUSD
2021-05-02 12:00:00,200000,38a22953-4543-c775-1e10-886dda4f38af,aoa-execution-2021-01-01-2021-06-30.csv,126236,-200000,0,BCHUSD
2021-05-02 20:00:00,200000,1b40125a-4792-412d-cb31-78529d39bf6c,aoa-execution-2021-01-01-2021-06-30.csv,126233,-200000,0,BCHUSD
2021-05-03 04:00:00,200000,ec2b4a58-c080-e415-10c8-526c5c08fb99,aoa-execution-2021-01-01-2021-06-30.csv,126674,-200000,0,BCHUSD
2021-05-03 12:00:00,200000,51be1d49-90df-9e5f-4571-0c41f780dca3,aoa-execution-2021-01-01-2021-06-30.csv,131595,-200000,0,BCHUSD
2021-05-03 20:00:00,200000,d23f7dde-33a3-7503-7703-7fb803cc0a1e,aoa-execution-2021-01-01-2021-06-30.csv,131599,-200000,0,BCHUSD
2021-05-04 04:00:00,200000,5511b985-fac8-b611-e22e-15efd3a99ae9,aoa-execution-2021-01-01-2021-06-30.csv,133446,-200000,0,BCHUSD
2021-05-04 12:00:00,200000,1ec56643-5e05-b53f-8497-4217b97202ce,aoa-execution-2021-01-01-2021-06-30.csv,133439,-200000,0,BCHUSD
2021-05-04 20:00:00,200000,7b376f9a-12fd-4409-dc10-026442b20c2a,aoa-execution-2021-01-01-2021-06-30.csv,131605,-200000,0,BCHUSD
2021-05-05 04:00:00,200000,bc374ac1-fef1-62f1-ae22-3a8ed7acf47d,aoa-execution-2021-01-01-2021-06-30.csv,136068,-200000,0,BCHUSD
2021-05-05 12:00:00,200000,0379b108-34c6-91a8-7c49-60b8301576fe,aoa-execution-2021-01-01-2021-06-30.csv,136074,-200000,0,BCHUSD
2021-05-05 20:00:00,200000,34128494-c223-c338-a03d-c24bd20b9752,aoa-execution-2021-01-01-2021-06-30.csv,136079,-200000,0,BCHUSD
2021-05-06 04:00:00,100056,e0b54553-0f47-271a-a480-f8d8c41e788c,aoa-execution-2021-01-01-2021-06-30.csv,137719,-100056,0,BCHUSD
2021-05-06 12:00:00,23199,18eb600d-1d12-61ba-a2d7-540999b3977c,aoa-execution-2021-01-01-2021-06-30.csv,137465,-23199,0,BCHUSD
2021-05-06 20:00:00,23199,4dab5569-4c98-d765-cc8e-9af094919c88,aoa-execution-2021-01-01-2021-06-30.csv,137715,-23199,0,BCHUSD
2021-05-07 04:00:00,23199,9857b967-e62b-a211-efb3-f595bea06f5b,aoa-execution-2021-01-01-2021-06-30.csv,140321,-23199,0,BCHUSD
2021-05-07 12:00:00,23199,213b8afb-bbad-4700-ad7c-049bc773ccd4,aoa-execution-2021-01-01-2021-06-30.csv,140318,-23199,0,BCHUSD
2021-05-07 20:00:00,23199,1d711799-bb61-f6f4-81cb-412f27f9d87b,aoa-execution-2021-01-01-2021-06-30.csv,140288,-23199,0,BCHUSD
2021-05-08 04:00:00,23199,b3e7a939-5984-d4c2-73f1-7a49490af130,aoa-execution-2021-01-01-2021-06-30.csv,140327,-23199,0,BCHUSD
2021-05-08 12:00:00,23199,40c3e612-1898-f356-204d-5464c6038097,aoa-execution-2021-01-01-2021-06-30.csv,140337,-23199,0,BCHUSD
2021-05-08 20:00:00,23199,3078ee66-98d0-2742-82e0-0f4ceaed78c7,aoa-execution-2021-01-01-2021-06-30.csv,141313,-23199,0,BCHUSD
2021-05-09 04:00:00,23199,9b56ee9a-4f99-22d8-799a-571deb859b72,aoa-execution-2021-01-01-2021-06-30.csv,141892,-23199,0,BCHUSD
2021-05-09 12:00:00,23199,71a0dd14-7449-f0e1-51d8-34b77cd3c7e3,aoa-execution-2021-01-01-2021-06-30.csv,141913,-23199,0,BCHUSD
2021-05-09 20:00:00,23199,d4d1f4d2-41c9-8b50-f1e3-03b09658aa0e,aoa-execution-2021-01-01-2021-06-30.csv,141891,-23199,0,BCHUSD
2021-05-10 04:00:00,23199,406727ed-b3e6-ae9b-4b26-2540cdb8ff76,aoa-execution-2021-01-01-2021-06-30.csv,149782,-23199,0,BCHUSD
2021-05-10 12:00:00,23199,0062543e-5bbb-98ef-5a89-80e895bba7e3,aoa-execution-2021-01-01-2021-06-30.csv,147889,-23199,0,BCHUSD
2021-05-10 20:00:00,23199,b86c7333-4667-8d08-bc87-dbee1defa52c,aoa-execution-2021-01-01-2021-06-30.csv,148335,-23199,0,BCHUSD
2021-05-11 04:00:00,62597,58f8de67-b4ed-bc92-75c4-b329d9a3311d,aoa-execution-2021-01-01-2021-06-30.csv,155522,-62597,0,BCHUSD
2021-05-11 12:00:00,62597,4fc79b66-8a1c-0db7-dedd-369e361168ab,aoa-execution-2021-01-01-2021-06-30.csv,155950,-62597,0,BCHUSD
2021-05-11 20:00:00,37597,b62fc0ec-71de-1ea6-6a76-db87383a8846,aoa-execution-2021-01-01-2021-06-30.csv,155944,-37597,0,BCHUSD
2021-05-12 04:00:00,37597,85a5a8a2-1c47-8f8e-360e-6844684813df,aoa-execution-2021-01-01-2021-06-30.csv,157503,-37597,0,BCHUSD
2021-06-03 12:00:00,205565,73e4cdaf-ace9-d5cc-7e4c-88368e9b5451,aoa-execution-2021-01-01-2021-06-30.csv,284539,-205565,0,BNBUSDT
2021-06-03 20:00:00,249231,82ab7ec4-795e-6887-ebca-7f7862c57928,aoa-execution-2021-01-01-2021-06-30.csv,299607,-249231,0,BNBUSDT
2021-06-04 04:00:00,273393,d3c731a4-ee62-1d33-4235-84a3cccbf96d,aoa-execution-2021-01-01-2021-06-30.csv,303584,-273393,0,BNBUSDT
2021-06-04 12:00:00,273393,9a0f430d-9afe-278c-68b0-7a736dd6194c,aoa-execution-2021-01-01-2021-06-30.csv,301508,-273393,0,BNBUSDT
2021-06-04 20:00:00,273393,a9805409-3f83-d734-0661-72a1ec199075,aoa-execution-2021-01-01-2021-06-30.csv,303582,-273393,0,BNBUSDT
2021-06-05 04:00:00,273393,4ae3b3dc-7063-c4b9-6df1-e3ed5f5be5aa,aoa-execution-2021-01-01-2021-06-30.csv,314038,-273393,0,BNBUSDT
2021-06-05 12:00:00,273393,2ef0b4e7-06b6-2ccc-d7c7-c0002e6fedc1,aoa-execution-2021-01-01-2021-06-30.csv,311146,-273393,0,BNBUSDT
2021-06-05 20:00:00,273393,26184634-f614-52fe-82d7-1e8d61eac450,aoa-execution-2021-01-01-2021-06-30.csv,311287,-273393,0,BNBUSDT
2021-06-06 04:00:00,273393,b4584a1f-8803-27b0-dd62-a54108540b20,aoa-execution-2021-01-01-2021-06-30.csv,314387,-273393,0,BNBUSDT
2021-06-06 12:00:00,273393,44909b3d-9cc1-988c-5f50-184ddd4c276e,aoa-execution-2021-01-01-2021-06-30.csv,314380,-273393,0,BNBUSDT
2021-06-06 20:00:00,273393,394e04e0-3346-f743-6cf7-ad4e07ed4cbb,aoa-execution-2021-01-01-2021-06-30.csv,314349,-273393,0,BNBUSDT
2021-06-07 04:00:00,273393,fe439e73-80f2-1dc2-acda-1d2f5aa06510,aoa-execution-2021-01-01-2021-06-30.csv,317156,-273393,0,BNBUSDT
2021-06-07 12:00:00,273393,0dbedaec-d227-f2d5-d311-dd65e04e5590,aoa-execution-2021-01-01-2021-06-30.csv,315904,-273393,0,BNBUSDT
2021-06-07 20:00:00,273393,772c0fe5-76b5-6fb7-1605-bd2db7ccff79,aoa-execution-2021-01-01-2021-06-30.csv,315874,-273393,0,BNBUSDT
2021-06-08 04:00:00,273393,06e7afb2-f704-1e48-a456-1ad99dec58d4,aoa-execution-2021-01-01-2021-06-30.csv,320676,-273393,0,BNBUSDT
2021-06-08 12:00:00,273393,6235e3bb-c9a4-25fd-7983-290e12599e6d,aoa-execution-2021-01-01-2021-06-30.csv,323986,-273393,0,BNBUSDT
2021-06-08 20:00:00,273393,5ca39922-b770-2a8f-0e70-be6b55f7b061,aoa-execution-2021-01-01-2021-06-30.csv,317191,-273393,0,BNBUSDT
2021-06-09 04:00:00,273393,61047781-c70d-8d19-64b9-dd13084b0f84,aoa-execution-2021-01-01-2021-06-30.csv,326944,-273393,0,BNBUSDT
2021-06-09 12:00:00,273393,df595842-a11c-5ebc-ff10-fa478d11cc8f,aoa-execution-2021-01-01-2021-06-30.csv,329770,-273393,0,BNBUSDT
2021-06-09 20:00:00,273393,db3a491a-5d4b-141b-3a0b-086ad3728e0c,aoa-execution-2021-01-01-2021-06-30.csv,329771,-273393,0,BNBUSDT
2021-06-10 04:00:00,273393,6312afb2-0ce6-27bc-cc30-ca80ef46fddc,aoa-execution-2021-01-01-2021-06-30.csv,346908,-273393,0,BNBUSDT
2021-06-10 12:00:00,173393,bccf331c-4b79-5dce-7ea2-0d04b05cbe6d,aoa-execution-2021-01-01-2021-06-30.csv,345370,-173393,0,BNBUSDT
2021-06-10 20:00:00,139564,01d7d808-b685-a65c-edc7-1365c96c0e59,aoa-execution-2021-01-01-2021-06-30.csv,346373,-139564,0,BNBUSDT
2021-06-03 12:00:00,300469,628537ba-59a5-6f7e-7226-92b40a5d3477,aoa-execution-2021-01-01-2021-06-30.csv,284540,-300469,0,DOGEUSDT
2021-06-03 20:00:00,300469,5bb29aed-a6d4-fe2a-dc08-3608282767d6,aoa-execution-2021-01-01-2021-06-30.csv,299601,-300469,0,DOGEUSDT
2021-06-04 04:00:00,300469,60865e87-f975-97a3-b818-4b55e7290b88,aoa-execution-2021-01-01-2021-06-30.csv,303585,-300469,0,DOGEUSDT
2021-06-04 12:00:00,300469,83006587-d535-5a83-b410-4acc097f72b4,aoa-execution-2021-01-01-2021-06-30.csv,301507,-300469,0,DOGEUSDT
2021-06-04 20:00:00,300469,66bc2293-feca-43bb-1e17-7ad121a5acf4,aoa-execution-2021-01-01-2021-06-30.csv,303583,-300469,0,DOGEUSDT
2021-06-05 04:00:00,300469,ffc91e6e-c8f2-b56a-fac5-5bd2ce7c84b3,aoa-execution-2021-01-01-2021-06-30.csv,314039,-300469,0,DOGEUSDT
2021-06-05 12:00:00,300469,4389a1da-7955-6da9-83f1-094969624464,aoa-execution-2021-01-01-2021-06-30.csv,311147,-300469,0,DOGEUSDT
2021-06-05 20:00:00,300469,80ffffaf-5f18-26cd-dddd-dde7c1c95edd,aoa-execution-2021-01-01-2021-06-30.csv,311288,-300469,0,DOGEUSDT
2021-06-06 04:00:00,300469,a78d8b79-4405-161c-2864-9629f23d5e7e,aoa-execution-2021-01-01-2021-06-30.csv,314388,-300469,0,DOGEUSDT
2021-06-06 12:00:00,300469,23897c49-0c82-ff21-6a11-0b8bd890b04a,aoa-execution-2021-01-01-2021-06-30.csv,314381,-300469,0,DOGEUSDT
2021-06-06 20:00:00,300469,24408dbe-5a24-7ce1-be09-59a75c09b332,aoa-execution-2021-01-01-2021-06-30.csv,314348,-300469,0,DOGEUSDT
2021-06-07 04:00:00,300469,2ff401a4-ba54-a8dd-3199-6bc6955cec0e,aoa-execution-2021-01-01-2021-06-30.csv,317155,-300469,0,DOGEUSDT
2021-06-07 12:00:00,300469,e5ea533c-391b-76bf-5458-6d09ba99b699,aoa-execution-2021-01-01-2021-06-30.csv,315898,-300469,0,DOGEUSDT
2021-06-07 20:00:00,300469,95046493-ca64-d5f8-62bc-81324ec647d3,aoa-execution-2021-01-01-2021-06-30.csv,315873,-300469,0,DOGEUSDT
2021-06-08 04:00:00,300469,dbf68f12-6c47-7084-8d1d-685caedd5db1,aoa-execution-2021-01-01-2021-06-30.csv,320670,-300469,0,DOGEUSDT
2021-06-08 12:00:00,300469,bce5cbdd-364b-1866-f983-f5dc786814aa,aoa-execution-2021-01-01-2021-06-30.csv,323980,-300469,0,DOGEUSDT
2021-06-08 20:00:00,136100,56a7f74d-ce12-6a21-5662-75800a44d692,aoa-execution-2021-01-01-2021-06-30.csv,317192,-136100,0,DOGEUSDT
2021-06-09 04:00:00,136100,6bd55ba5-0b08-d14c-0ec0-006f95da55b2,aoa-execution-2021-01-01-2021-06-30.csv,326943,-136100,0,DOGEUSDT
2021-06-09 12:00:00,336100,bb0e46e3-42c1-d3e8-ab74-bfae846cad9f,aoa-execution-2021-01-01-2021-06-30.csv,329764,-336100,0,DOGEUSDT
2021-06-09 20:00:00,336100,05970e42-19af-d3fe-4ab7-cd5937b3d4b4,aoa-execution-2021-01-01-2021-06-30.csv,329772,-336100,0,DOGEUSDT
2021-06-10 04:00:00,336100,17926b3c-ab04-8c74-905f-81af483ea7cd,aoa-execution-2021-01-01-2021-06-30.csv,346910,-336100,0,DOGEUSDT
2021-06-10 12:00:00,36100,a14337e5-c541-7631-237e-b32a000f524f,aoa-execution-2021-01-01-2021-06-30.csv,345371,-36100,0,DOGEUSDT
2021-09-18 12:00:00,300000,03344bae-8a15-2e1d-6985-303aba6c26ee,aoa-execution-2021-07-01-2021-12-31.csv,158009,-300000,0,DOGEUSDT
2021-09-18 20:00:00,300000,18efc410-2a8d-1388-cbda-408935080298,aoa-execution-2021-07-01-2021-12-31.csv,161865,-300000,0,DOGEUSDT
2021-09-19 04:00:00,300000,02441226-72ea-7d2f-4d82-bfdf74062050,aoa-execution-2021-07-01-2021-12-31.csv,165428,-300000,0,DOGEUSDT
2021-09-19 12:00:00,300000,ed88d36f-ebd1-dbf7-0b01-e717188f9049,aoa-execution-2021-07-01-2021-12-31.csv,164535,-300000,0,DOGEUSDT
2021-09-19 20:00:00,300000,3487d6cc-be92-77d9-82f4-5b95ed1cffec,aoa-execution-2021-07-01-2021-12-31.csv,165421,-300000,0,DOGEUSDT
2021-09-20 04:00:00,427546,945fa536-1d86-9090-50f1-e369d56da76f,aoa-execution-2021-07-01-2021-12-31.csv,165437,-427546,0,DOGEUSDT
2021-09-20 12:00:00,427546,d9274cee-f1d8-d0bb-41bc-bc8ee5d50eb5,aoa-execution-2021-07-01-2021-12-31.csv,168572,-427546,0,DOGEUSDT
2021-09-20 20:00:00,427546,edb056b6-9447-b24c-d806-ddfb2947e8c8,aoa-execution-2021-07-01-2021-12-31.csv,165430,-427546,0,DOGEUSDT
2021-09-21 04:00:00,427546,eb5e9aab-0100-b713-6260-dc66a0ea5bfb,aoa-execution-2021-07-01-2021-12-31.csv,175121,-427546,0,DOGEUSDT
2021-09-21 12:00:00,427546,b9cf627f-dc9f-d2c8-cd55-fdc5f8090df6,aoa-execution-2021-07-01-2021-12-31.csv,174049,-427546,0,DOGEUSDT
2021-09-21 20:00:00,308795,3160e5e0-dd77-6d94-7bfd-92af5bf99c76,aoa-execution-2021-07-01-2021-12-31.csv,172469,-308795,0,DOGEUSDT
2021-09-22 04:00:00,308795,aa8cfd11-0478-acff-e2bf-b1a796e3d2e7,aoa-execution-2021-07-01-2021-12-31.csv,187483,-308795,0,DOGEUSDT
2021-09-22 12:00:00,308795,79a4a5e4-1fa5-511a-dc40-34dc1a9a2ca0,aoa-execution-2021-07-01-2021-12-31.csv,183788,-308795,0,DOGEUSDT
2021-09-22 20:00:00,440826,7fd4ab39-da58-9563-7d9a-a5c8778dd953,aoa-execution-2021-07-01-2021-12-31.csv,189833,-440826,0,DOGEUSDT
2021-09-23 04:00:00,440826,b1938c7a-d7b2-8041-c0d5-a1221e7dfce8,aoa-execution-2021-07-01-2021-12-31.csv,189846,-440826,0,DOGEUSDT
2021-09-23 12:00:00,440826,aedee3c5-eb60-8a22-99c8-3b3a6ea0af25,aoa-execution-2021-07-01-2021-12-31.csv,189839,-440826,0,DOGEUSDT
2021-09-23 20:00:00,440826,57fb5415-3e8c-7b45-680c-7bbb0577a43c,aoa-execution-2021-07-01-2021-12-31.csv,189834,-440826,0,DOGEUSDT
2021-09-24 04:00:00,440826,4acced0d-001f-8c95-1ce8-471e43397baf,aoa-execution-2021-07-01-2021-12-31.csv,198671,-440826,0,DOGEUSDT
2021-09-24 12:00:00,440826,f00479d3-0339-1d32-4ba4-305518e9f50c,aoa-execution-2021-07-01-2021-12-31.csv,194937,-440826,0,DOGEUSDT
2021-09-24 20:00:00,440826,bfd05a8e-b2b7-011b-f54c-b6f3043de164,aoa-execution-2021-07-01-2021-12-31.csv,195328,-440826,0,DOGEUSDT
2021-09-25 04:00:00,440826,d907282c-6c02-2f1a-e84b-30462a2975d8,aoa-execution-2021-07-01-2021-12-31.csv,200955,-440826,0,DOGEUSDT
2021-09-25 12:00:00,440826,c90df6dd-9b52-b386-3936-a06c809e9cd9,aoa-execution-2021-07-01-2021-12-31.csv,200966,-440826,0,DOGEUSDT
2021-09-25 20:00:00,440826,90a2714e-044d-09eb-e655-f0a207d10559,aoa-execution-2021-07-01-2021-12-31.csv,200960,-440826,0,DOGEUSDT
2021-09-26 04:00:00,440826,38044c5e-74ce-6571-683d-9e8734d9c5bf,aoa-execution-2021-07-01-2021-12-31.csv,200967,-440826,0,DOGEUSDT
2021-05-03 20:00:00,30063,e3932d5a-f880-675d-1e46-1d72cc409552,aoa-execution-2021-01-01-2021-06-30.csv,131600,-30063,0,DOTUSDT
2021-05-04 04:00:00,30063,d0d007f7-a44f-a5c5-9af4-066cffa1f41d,aoa-execution-2021-01-01-2021-06-30.csv,133447,-30063,0,DOTUSDT
2021-05-04 12:00:00,30063,6d99f0ab-92df-a5f9-c3f3-aa9557bc8d8f,aoa-execution-2021-01-01-2021-06-30.csv,133440,-30063,0,DOTUSDT
2021-05-04 20:00:00,30063,41c55637-459b-fe29-bd99-6538b5e31d09,aoa-execution-2021-01-01-2021-06-30.csv,131606,-30063,0,DOTUSDT
2021-05-05 04:00:00,30063,b6d64f39-580c-7438-7926-e887341f005e,aoa-execution-2021-01-01-2021-06-30.csv,136170,-30063,0,DOTUSDT
2021-05-05 12:00:00,30063,2fd36726-81de-ca3f-5008-84df1db61f11,aoa-execution-2021-01-01-2021-06-30.csv,136075,-30063,0,DOTUSDT
2021-05-05 20:00:00,30063,8d2eabfa-4f1d-b92e-79cf-48c7dcf3e356,aoa-execution-2021-01-01-2021-06-30.csv,136452,-30063,0,DOTUSDT
2021-05-06 04:00:00,30063,95589c97-0375-393e-447b-e7ea633dd86b,aoa-execution-2021-01-01-2021-06-30.csv,137720,-30063,0,DOTUSDT
2021-05-06 12:00:00,30063,0931320f-24fa-caa1-b710-6c04e48790eb,aoa-execution-2021-01-01-2021-06-30.csv,137464,-30063,0,DOTUSDT
2021-05-06 20:00:00,30063,781db54f-7c2d-4dce-d826-8b1afe3f6387,aoa-execution-2021-01-01-2021-06-30.csv,137710,-30063,0,DOTUSDT
2021-05-07 04:00:00,30063,cb601e45-96ed-e26c-755d-afefd17332fc,aoa-execution-2021-01-01-2021-06-30.csv,140322,-30063,0,DOTUSDT
2021-05-07 12:00:00,30063,6eba1d5f-2c76-efca-f428-aee1b5a4d7e2,aoa-execution-2021-01-01-2021-06-30.csv,140319,-30063,0,DOTUSDT
2021-05-07 20:00:00,30063,14be4066-ae22-1c36-959e-2a2b1656c072,aoa-execution-2021-01-01-2021-06-30.csv,140289,-30063,0,DOTUSDT
2021-05-08 04:00:00,30063,216f4ccc-23c3-c7a6-75ab-ddca28c8b9e2,aoa-execution-2021-01-01-2021-06-30.csv,140328,-30063,0,DOTUSDT
2021-05-08 12:00:00,30063,0f67185c-b94f-4e9b-1e9c-f1c645137480,aoa-execution-2021-01-01-2021-06-30.csv,140338,-30063,0,DOTUSDT
2021-05-08 20:00:00,30063,c9921f7b-2816-3c60-d104-107e66add9ea,aoa-execution-2021-01-01-2021-06-30.csv,141312,-30063,0,DOTUSDT
2021-05-09 04:00:00,30063,dd452042-d867-c65f-b096-83cd8553c130,aoa-execution-2021-01-01-2021-06-30.csv,141893,-30063,0,DOTUSDT
2021-05-09 12:00:00,30063,293af7c3-e69c-ccd0-d9fb-37d2e734579e,aoa-execution-2021-01-01-2021-06-30.csv,141914,-30063,0,DOTUSDT
2021-05-09 20:00:00,30063,7bf10407-c430-ea28-9317-ef6b559d1bcc,aoa-execution-2021-01-01-2021-06-30.csv,141890,-30063,0,DOTUSDT
2021-05-10 04:00:00,30063,94d8c662-0159-5626-cc51-fe503270ce2d,aoa-execution-2021-01-01-2021-06-30.csv,149783,-30063,0,DOTUSDT
2021-05-10 12:00:00,30063,4982a6d2-55e0-8146-587c-bdf11d294a9e,aoa-execution-2021-01-01-2021-06-30.csv,147890,-30063,0,DOTUSDT
2021-05-10 20:00:00,30063,57cc6aa6-dce6-a9fa-df84-303d18bf16a6,aoa-execution-2021-01-01-2021-06-30.csv,148334,-30063,0,DOTUSDT
2021-05-11 04:00:00,50063,c5bf9fa0-90f8-ae61-ab41-f94ab58b3b07,aoa-execution-2021-01-01-2021-06-30.csv,155527,-50063,0,DOTUSDT
2021-05-11 12:00:00,50063,d061e726-ba75-7045-fdc0-e290659dddb3,aoa-execution-2021-01-01-2021-06-30.csv,155951,-50063,0,DOTUSDT
2021-05-11 20:00:00,50063,06a26bba-dd55-accd-906f-b4849554d921,aoa-execution-2021-01-01-2021-06-30.csv,155945,-50063,0,DOTUSDT
2021-05-12 04:00:00,50063,67146155-139e-9f12-8a9d-61438a224a3d,aoa-execution-2021-01-01-2021-06-30.csv,157504,-50063,0,DOTUSDT
2021-05-12 12:00:00,39908,38a4b46a-35ca-9475-aadb-e5b5a95840ad,aoa-execution-2021-01-01-2021-06-30.csv,158644,-39908,0,DOTUSDT
2021-05-12 20:00:00,39908,0caf60a5-572d-7a3b-4425-5462b44901b6,aoa-execution-2021-01-01-2021-06-30.csv,159683,-39908,0,DOTUSDT
2021-05-13 04:00:00,33391,b85bf01d-6f0c-88bb-e155-ab7bba5fec52,aoa-execution-2021-01-01-2021-06-30.csv,162855,-33391,0,DOTUSDT
2021-05-13 12:00:00,23391,2d577158-bb91-4a2b-61c4-3e93560cd95c,aoa-execution-2021-01-01-2021-06-30.csv,170693,-23391,0,DOTUSDT
2021-05-13 20:00:00,15000,4fb95d4d-21ba-285b-3563-0c0fafb1581f,aoa-execution-2021-01-01-2021-06-30.csv,171162,-15000,0,DOTUSDT
2021-05-14 04:00:00,15000,298776a6-6e73-5af6-7f4b-d00864714828,aoa-execution-2021-01-01-2021-06-30.csv,171168,-15000,0,DOTUSDT
2021-05-14 12:00:00,15000,b6505560-5607-30d8-0be5-07e27397d21e,aoa-execution-2021-01-01-2021-06-30.csv,171171,-15000,0,DOTUSDT
2021-05-14 20:00:00,15000,b8b08da6-b5c5-e927-1977-85cc1d4410c9,aoa-execution-2021-01-01-2021-06-30.csv,171175,-15000,0,DOTUSDT
2021-05-15 04:00:00,15000,0c755abf-79e8-0964-f5db-a28369fae055,aoa-execution-2021-01-01-2021-06-30.csv,171846,-15000,0,DOTUSDT
2021-05-15 12:00:00,15000,9aca9738-5388-562c-9583-32af01028414,aoa-execution-2021-01-01-2021-06-30.csv,171852,-15000,0,DOTUSDT
2021-05-15 20:00:00,15000,8785d30c-56e1-2848-8c13-a41fa4a1f862,aoa-execution-2021-01-01-2021-06-30.csv,171279,-15000,0,DOTUSDT
2021-05-16 04:00:00,15000,6120499d-16e3-e30e-c403-d5239f03c38a,aoa-execution-2021-01-01-2021-06-30.csv,171869,-15000,0,DOTUSDT
2021-05-16 12:00:00,15000,6827b11d-07e2-38f8-0297-b75fb4fa14be,aoa-execution-2021-01-01-2021-06-30.csv,171861,-15000,0,DOTUSDT
2021-06-03 12:00:00,44211,afd9308a-3dfa-eef0-d91c-91ff8b9e61ea,aoa-execution-2021-01-01-2021-06-30.csv,284541,-44211,0,DOTUSDT
2021-06-03 20:00:00,44211,ef2ee0e4-710f-d158-34c6-d57e7d2c7707,aoa-execution-2021-01-01-2021-06-30.csv,299602,-44211,0,DOTUSDT
2021-06-04 04:00:00,44211,fa48a02c-a235-5e9a-ab22-ba492ba65e34,aoa-execution-2021-01-01-2021-06-30.csv,303586,-44211,0,DOTUSDT
2021-06-04 12:00:00,44211,662dff95-c436-615b-b8c1-665f8ae862b4,aoa-execution-2021-01-01-2021-06-30.csv,301509,-44211,0,DOTUSDT
2021-06-04 20:00:00,44211,a9a6b690-2a78-ab44-e636-c5abe12c896a,aoa-execution-2021-01-01-2021-06-30.csv,303577,-44211,0,DOTUSDT
2021-06-05 04:00:00,44211,c08acd57-47fe-59b8-4b06-08de47bf45f9,aoa-execution-2021-01-01-2021-06-30.csv,314040,-44211,0,DOTUSDT
2021-06-05 12:00:00,44211,25b91789-9714-fe62-0aec-83c7c78492bc,aoa-execution-2021-01-01-2021-06-30.csv,311148,-44211,0,DOTUSDT
2021-06-05 20:00:00,44211,3f0f592e-1a35-618f-50b8-ee7895877fca,aoa-execution-2021-01-01-2021-06-30.csv,311289,-44211,0,DOTUSDT
2021-06-06 04:00:00,44211,22a303cc-a357-83a4-be21-d09c72971dae,aoa-execution-2021-01-01-2021-06-30.csv,314389,-44211,0,DOTUSDT
2021-06-06 12:00:00,44211,48589ff0-486e-584b-bf3e-d4eefaf3745f,aoa-execution-2021-01-01-2021-06-30.csv,314382,-44211,0,DOTUSDT
2021-06-06 20:00:00,44211,6d17d2d9-a222-bb93-0f25-924233b838c1,aoa-execution-2021-01-01-2021-06-30.csv,314347,-44211,0,DOTUSDT
2021-06-07 04:00:00,44211,a3d6ba4e-5dbe-b5f2-0326-a58839e79664,aoa-execution-2021-01-01-2021-06-30.csv,317154,-44211,0,DOTUSDT
2021-06-07 12:00:00,44211,62fef770-d874-049c-5ed9-5d7d77c12713,aoa-execution-2021-01-01-2021-06-30.csv,315899,-44211,0,DOTUSDT
2021-06-07 20:00:00,44211,1d809cb4-872d-2a4b-6047-1cda819ae25f,aoa-execution-2021-01-01-2021-06-30.csv,315872,-44211,0,DOTUSDT
2021-06-08 04:00:00,44211,7de24543-f231-5acb-d505-dc2d481ef201,aoa-execution-2021-01-01-2021-06-30.csv,320671,-44211,0,DOTUSDT
2021-06-08 12:00:00,44211,bf99d87e-6162-89e6-8a6e-bee52562f99c,aoa-execution-2021-01-01-2021-06-30.csv,323981,-44211,0,DOTUSDT
2021-06-08 20:00:00,34289,221a3ce2-5089-70dd-2dd0-8e52c6812839,aoa-execution-2021-01-01-2021-06-30.csv,317193,-34289,0,DOTUSDT
2021-06-09 04:00:00,34289,4f417a33-b93e-a321-c041-e5983a1de698,aoa-execution-2021-01-01-2021-06-30.csv,326942,-34289,0,DOTUSDT
2021-06-09 12:00:00,34289,4b218830-3e07-dbc1-8540-33ce8d8945b0,aoa-execution-2021-01-01-2021-06-30.csv,329765,-34289,0,DOTUSDT
2021-06-09 20:00:00,34289,873d9c9d-6955-fdca-b677-adea55447603,aoa-execution-2021-01-01-2021-06-30.csv,329773,-34289,0,DOTUSDT
2021-06-10 04:00:00,34289,bf407fac-cb86-19a4-38b3-8fbf8576385e,aoa-execution-2021-01-01-2021-06-30.csv,346911,-34289,0,DOTUSDT
2021-06-10 12:00:00,14289,a5d2b8c0-aef5-36b8-3a94-dc5a9a71266c,aoa-execution-2021-01-01-2021-06-30.csv,345372,-14289,0,DOTUSDT
2018-08-18 04:00:00,56354,744f9503-d9af-56be-a25f-4b73ec5e21e5,aoa-execution-2018-03-01-2018-12-31.csv,52808,-56354,0,ETHUSD
2018-09-10 20:00:00,1,92f3cbea-0322-c5a9-d6b5-3ff637609bcf,aoa-execution-2018-03-01-2018-12-31.csv,60662,1,0,ETHUSD
2018-09-12 12:00:00,200000,bade75bd-78b6-bfff-ac12-36c0de0f6ac6,aoa-execution-2018-03-01-2018-12-31.csv,60698,200000,0,ETHUSD
2018-09-13 12:00:00,300000,56237a72-4a94-86f7-d49c-8926fa22d269,aoa-execution-2018-03-01-2018-12-31.csv,61414,-300000,0,ETHUSD
2018-09-13 20:00:00,300000,522bbc7b-7f0b-e2e3-965d-7edd08463a39,aoa-execution-2018-03-01-2018-12-31.csv,61182,-300000,0,ETHUSD
2018-09-14 04:00:00,224941,22b01504-1a9c-a9d3-8014-9ee2e092334a,aoa-execution-2018-03-01-2018-12-31.csv,63145,-224941,0,ETHUSD
2018-09-14 20:00:00,1,8abde6e7-dd0e-dc9d-1f47-0c02c5b7f9ef,aoa-execution-2018-03-01-2018-12-31.csv,62556,1,0,ETHUSD
2018-09-15 04:00:00,1,f5f0c409-1c52-814b-ee92-6b8ded147a5b,aoa-execution-2018-03-01-2018-12-31.csv,63641,1,0,ETHUSD
2018-09-15 12:00:00,1,8c6b35a1-a312-eaf1-7a82-e9333e2708e3,aoa-execution-2018-03-01-2018-12-31.csv,63612,1,0,ETHUSD
2018-09-15 20:00:00,1,6e65b5e4-7bde-1bb0-4b44-16ec8b165d98,aoa-execution-2018-03-01-2018-12-31.csv,63643,1,0,ETHUSD
2018-09-16 04:00:00,1,7dda0dda-ff8d-abf7-b255-2340a09a118a,aoa-execution-2018-03-01-2018-12-31.csv,63689,1,0,ETHUSD
2018-09-16 12:00:00,400989,a5684ad6-0105-9dee-0ef3-46a7bfc95082,aoa-execution-2018-03-01-2018-12-31.csv,63988,-400989,0,ETHUSD
2018-09-16 20:00:00,93,b0e6d75b-b86c-1b02-dc88-e2409c0ae2bd,aoa-execution-2018-03-01-2018-12-31.csv,63687,93,0,ETHUSD
2018-09-17 04:00:00,215514,f621a53d-e213-469e-f40b-7c6db6792401,aoa-execution-2018-03-01-2018-12-31.csv,64235,-215514,0,ETHUSD
2018-09-17 12:00:00,514,e6354ab7-95f5-c614-5d8b-9b4c833e4ba7,aoa-execution-2018-03-01-2018-12-31.csv,64396,-514,0,ETHUSD
2018-09-17 20:00:00,399612,bfd72f0a-6ed1-52aa-a1c1-6001d5c174f0,aoa-execution-2018-03-01-2018-12-31.csv,64181,399612,0,ETHUSD
2018-09-18 04:00:00,399612,786f6579-4ead-16bf-fd9a-8004a9cc4b44,aoa-execution-2018-03-01-2018-12-31.csv,64492,399612,0,ETHUSD
2018-09-18 12:00:00,400953,a736ea52-f202-93c1-a326-1044bfa5c257,aoa-execution-2018-03-01-2018-12-31.csv,65802,-400953,0,ETHUSD
2018-09-18 20:00:00,200039,a7b9b0d8-e0ae-8a56-fd18-d698182d9740,aoa-execution-2018-03-01-2018-12-31.csv,65596,200039,0,ETHUSD
2018-09-19 04:00:00,205609,1c5d4d8a-f7c7-8263-c220-563e8c7f6829,aoa-execution-2018-03-01-2018-12-31.csv,67034,205609,0,ETHUSD
2018-09-19 12:00:00,290579,326e506c-ae49-c874-a4b8-21a37c9f69ba,aoa-execution-2018-03-01-2018-12-31.csv,67083,290579,0,ETHUSD
2018-09-19 20:00:00,20,bcab6187-a932-e284-fb39-10ed5ace8586,aoa-execution-2018-03-01-2018-12-31.csv,67192,20,0,ETHUSD
2018-09-20 04:00:00,17,c2f163df-e1ba-beb8-b62e-f123349010b6,aoa-execution-2018-03-01-2018-12-31.csv,67899,17,0,ETHUSD
2018-09-20 12:00:00,17,bcaa370b-c9e6-730d-b443-7f3aa39fad75,aoa-execution-2018-03-01-2018-12-31.csv,67819,17,0,ETHUSD
2018-09-20 20:00:00,17,0a121b50-237b-8c41-e411-9ccf1211f50b,aoa-execution-2018-03-01-2018-12-31.csv,67897,17,0,ETHUSD
2018-09-21 04:00:00,27,ae4c161d-2992-82bc-dff7-ba81d497a03f,aoa-execution-2018-03-01-2018-12-31.csv,68453,27,0,ETHUSD
2018-09-21 12:00:00,299604,5cf80353-dac7-0f31-5654-fbbdc4159f37,aoa-execution-2018-03-01-2018-12-31.csv,69419,-299604,0,ETHUSD
2018-09-21 20:00:00,78835,fd7fb086-8470-a28b-6764-6cb117a910d4,aoa-execution-2018-03-01-2018-12-31.csv,69192,-78835,0,ETHUSD
2018-09-25 04:00:00,100000,397ca133-c992-cdc3-eef6-34bcb066c7df,aoa-execution-2018-03-01-2018-12-31.csv,70657,-100000,0,ETHUSD
2018-09-25 12:00:00,50655,1bd7db07-debc-cdac-74f4-83341f50359b,aoa-execution-2018-03-01-2018-12-31.csv,70501,50655,0,ETHUSD
2018-09-25 20:00:00,1,90c5e012-3f5f-f7d4-f333-f45319c83627,aoa-execution-2018-03-01-2018-12-31.csv,70671,1,0,ETHUSD
2018-09-26 04:00:00,1,e41445c0-e9f2-0826-8ca4-be8577f662d0,aoa-execution-2018-03-01-2018-12-31.csv,71268,1,0,ETHUSD
2018-09-26 12:00:00,150001,6290d613-c321-bcd8-9806-4cb0c6a86e89,aoa-execution-2018-03-01-2018-12-31.csv,71287,-150001,0,ETHUSD
2018-09-26 20:00:00,100001,6a105c15-b440-3008-c274-bd67659a23e1,aoa-execution-2018-03-01-2018-12-31.csv,71140,-100001,0,ETHUSD
2018-09-27 04:00:00,1,7e4cf89e-aa8f-b331-2276-186c155ee1f1,aoa-execution-2018-03-01-2018-12-31.csv,72691,-1,0,ETHUSD
2018-09-27 12:00:00,1,e056725b-927e-afb7-7c91-5cfa838159d7,aoa-execution-2018-03-01-2018-12-31.csv,72457,-1,0,ETHUSD
2018-09-27 20:00:00,1,76983610-6a24-ec82-0087-f17b003ab3af,aoa-execution-2018-03-01-2018-12-31.csv,72398,-1,0,ETHUSD
2018-09-28 04:00:00,1,680e9106-8802-444d-75fe-98f44183edfd,aoa-execution-2018-03-01-2018-12-31.csv,73481,-1,0,ETHUSD
2018-09-28 12:00:00,1,2fa5e4a3-a77c-9693-8ecb-f9449c9262ad,aoa-execution-2018-03-01-2018-12-31.csv,73479,1,0,ETHUSD
2018-09-28 20:00:00,2089,0ba58552-caca-68c5-74c8-34a6f293afda,aoa-execution-2018-03-01-2018-12-31.csv,73127,-2089,0,ETHUSD
2018-09-29 04:00:00,1,7c17d94f-c859-07d0-f3c4-e96f9816ea6b,aoa-execution-2018-03-01-2018-12-31.csv,73981,-1,0,ETHUSD
2018-10-02 20:00:00,100000,673b2934-4bc9-33eb-c079-574549c35ce5,aoa-execution-2018-03-01-2018-12-31.csv,74012,100000,0,ETHUSD
2018-10-03 04:00:00,1,f2188f1d-300d-981e-da45-051dbf734fc8,aoa-execution-2018-03-01-2018-12-31.csv,74409,-1,0,ETHUSD
2018-10-03 12:00:00,1,733a507d-d1c5-fe92-5d07-de7065f1f97d,aoa-execution-2018-03-01-2018-12-31.csv,74577,-1,0,ETHUSD
2018-10-03 20:00:00,1,25a4a465-0285-3e71-b549-c48b18ab45d3,aoa-execution-2018-03-01-2018-12-31.csv,74582,-1,0,ETHUSD
2018-10-04 04:00:00,1,b1fcfa26-cc85-4023-27dd-3d8befeae77f,aoa-execution-2018-03-01-2018-12-31.csv,74586,-1,0,ETHUSD
2018-10-04 12:00:00,1,ae95c4fa-0c5c-f592-dc34-f2a308c628b1,aoa-execution-2018-03-01-2018-12-31.csv,74583,-1,0,ETHUSD
2018-10-04 20:00:00,1,2b308504-0af2-bec8-5a6c-7a389aba473b,aoa-execution-2018-03-01-2018-12-31.csv,74588,-1,0,ETHUSD
2018-10-05 04:00:00,1,950f1492-14c3-27a8-8772-663ac4e9b1b2,aoa-execution-2018-03-01-2018-12-31.csv,74589,-1,0,ETHUSD
2018-10-05 12:00:00,1,886328a7-3069-d54f-561a-a8ecc4dbf0bd,aoa-execution-2018-03-01-2018-12-31.csv,74593,-1,0,ETHUSD
2018-10-05 20:00:00,1,549fcf53-e2e5-46df-62ce-fc22c3894f97,aoa-execution-2018-03-01-2018-12-31.csv,74592,-1,0,ETHUSD
2018-10-06 04:00:00,1,b0894f9d-a556-8032-6157-3d0f1cec82ac,aoa-execution-2018-03-01-2018-12-31.csv,74611,-1,0,ETHUSD
2018-10-06 12:00:00,1,00e1e14f-175b-6e7b-fcfe-2dadc4af159d,aoa-execution-2018-03-01-2018-12-31.csv,74669,-1,0,ETHUSD
2018-10-06 20:00:00,1,48674590-333c-7a33-4ede-6c0ee8dc56c7,aoa-execution-2018-03-01-2018-12-31.csv,74696,-1,0,ETHUSD
2018-10-07 04:00:00,1,31909a41-5b96-50ab-0a06-d1686cc85cee,aoa-execution-2018-03-01-2018-12-31.csv,74922,-1,0,ETHUSD
2018-10-07 12:00:00,1,b304461f-51a9-be5e-9a10-92cda17a53a6,aoa-execution-2018-03-01-2018-12-31.csv,75008,-1,0,ETHUSD
2018-10-07 20:00:00,1,a801f168-e27b-33f4-1483-1d144690a619,aoa-execution-2018-03-01-2018-12-31.csv,75006,-1,0,ETHUSD
2018-10-08 04:00:00,1,3f5d4c5f-769c-7c45-7c42-9e75b9d90045,aoa-execution-2018-03-01-2018-12-31.csv,75016,-1,0,ETHUSD
2018-10-08 12:00:00,1,86461fb6-deea-e162-be2c-0585e22fd496,aoa-execution-2018-03-01-2018-12-31.csv,75079,-1,0,ETHUSD
2018-10-08 20:00:00,1,9ffaadb9-38e2-feea-5546-ebaab276f2ce,aoa-execution-2018-03-01-2018-12-31.csv,75127,-1,0,ETHUSD
2018-10-09 04:00:00,1,dce64f49-8c7b-1dda-2823-3fef6f0ee00b,aoa-execution-2018-03-01-2018-12-31.csv,75366,-1,0,ETHUSD
2018-10-09 12:00:00,1,8e7d5597-4d49-566b-8c18-a4bbe207d072,aoa-execution-2018-03-01-2018-12-31.csv,75169,-1,0,ETHUSD
2018-10-09 20:00:00,1,2969b492-234e-6d89-d219-76001693ecdd,aoa-execution-2018-03-01-2018-12-31.csv,75159,-1,0,ETHUSD
2018-10-10 04:00:00,1,855c4c6f-b65a-8ebd-4936-06deba0563db,aoa-execution-2018-03-01-2018-12-31.csv,75669,-1,0,ETHUSD
2018-10-10 12:00:00,1,b5d86c42-2d5a-0b41-95b7-fb025435a48d,aoa-execution-2018-03-01-2018-12-31.csv,75379,-1,0,ETHUSD
2018-10-10 20:00:00,1,ade6e59c-ea9b-ad44-7bf4-76d342332342,aoa-execution-2018-03-01-2018-12-31.csv,75569,-1,0,ETHUSD
2018-10-11 04:00:00,1,5325ddc6-0f91-5a32-f078-18b7d7923fb5,aoa-execution-2018-03-01-2018-12-31.csv,76650,-1,0,ETHUSD
2018-10-11 12:00:00,1,4ec7bb02-fecc-749c-1dba-1e6d5d4f8ff9,aoa-execution-2018-03-01-2018-12-31.csv,76734,-1,0,ETHUSD
2018-10-11 20:00:00,1,85e88a51-282c-6388-5dfc-9ace305719aa,aoa-execution-2018-03-01-2018-12-31.csv,76504,-1,0,ETHUSD
2018-10-12 04:00:00,1,db5aa9e2-624c-657e-94c3-49273aab3e74,aoa-execution-2018-03-01-2018-12-31.csv,77462,-1,0,ETHUSD
2018-10-12 12:00:00,1,947b2826-f925-0570-c115-93d7be9c7b5a,aoa-execution-2018-03-01-2018-12-31.csv,77453,-1,0,ETHUSD
2018-10-12 20:00:00,1,b7693745-ab15-cbc0-79a4-4e6ac381bfe6,aoa-execution-2018-03-01-2018-12-31.csv,77459,-1,0,ETHUSD
2018-10-13 04:00:00,1,3d8cdb64-f78b-12bb-b46d-4613b1a63db1,aoa-execution-2018-03-01-2018-12-31.csv,77470,-1,0,ETHUSD
2018-10-13 12:00:00,1,aba3ebac-8d02-d3aa-0487-1622f34963bb,aoa-execution-2018-03-01-2018-12-31.csv,77475,-1,0,ETHUSD
2018-10-13 20:00:00,1,492ffb87-44cd-d64e-3cca-7b0220d3ec60,aoa-execution-2018-03-01-2018-12-31.csv,77472,-1,0,ETHUSD
2018-10-14 04:00:00,1,3d9cbaeb-338e-9ecf-d98c-c78cde80bd22,aoa-execution-2018-03-01-2018-12-31.csv,77476,-1,0,ETHUSD
2018-10-14 12:00:00,1,fe024034-389b-5c9e-52d2-35d1415011f8,aoa-execution-2018-03-01-2018-12-31.csv,77482,-1,0,ETHUSD
2018-10-14 20:00:00,1,718faa9d-cdf3-b34d-7565-5be786f52740,aoa-execution-2018-03-01-2018-12-31.csv,77478,-1,0,ETHUSD
2018-10-15 04:00:00,1,89aae0d6-88e3-23b2-5679-91395eadf690,aoa-execution-2018-03-01-2018-12-31.csv,78142,-1,0,ETHUSD
2018-10-15 12:00:00,1,318933d8-0780-0ab2-de11-0f208a6c96fa,aoa-execution-2018-03-01-2018-12-31.csv,78096,-1,0,ETHUSD
2018-10-15 20:00:00,1,f5a1f1d5-fbb8-6779-eb9c-ee333e7e1a71,aoa-execution-2018-03-01-2018-12-31.csv,78282,-1,0,ETHUSD
2018-10-16 04:00:00,1,74edfc56-490e-b5e6-08ae-4ea16c96228b,aoa-execution-2018-03-01-2018-12-31.csv,78349,-1,0,ETHUSD
2018-10-16 12:00:00,1,5729d66b-42ed-9bdf-fa3b-67234a5b62f3,aoa-execution-2018-03-01-2018-12-31.csv,78467,-1,0,ETHUSD
2018-10-16 20:00:00,1,c825e9c4-02a5-f7e9-0027-6255525d2da9,aoa-execution-2018-03-01-2018-12-31.csv,78466,-1,0,ETHUSD
2018-10-17 04:00:00,1,71ef1aeb-1cdf-cb65-83a2-e27437d81e4a,aoa-execution-2018-03-01-2018-12-31.csv,78540,-1,0,ETHUSD
2018-10-17 12:00:00,1,617e3895-6e49-693c-1629-3e2b0bef82be,aoa-execution-2018-03-01-2018-12-31.csv,78535,-1,0,ETHUSD
2018-10-17 20:00:00,1,4f6b7239-db4d-cc38-e953-142c32043e74,aoa-execution-2018-03-01-2018-12-31.csv,78537,-1,0,ETHUSD
2018-10-18 04:00:00,1,1261c867-157b-3c23-394f-276e9e79df31,aoa-execution-2018-03-01-2018-12-31.csv,78615,-1,0,ETHUSD
2018-10-18 12:00:00,1,a49f1436-c0f9-fad1-d8b7-0bde18c8f5b8,aoa-execution-2018-03-01-2018-12-31.csv,78625,-1,0,ETHUSD
2018-10-18 20:00:00,1,6e9d52de-f66f-d992-1d6c-6ac8d0d55026,aoa-execution-2018-03-01-2018-12-31.csv,78628,-1,0,ETHUSD
2018-10-19 04:00:00,1,06932f8c-0ed6-e70f-c1e0-d3c41a3d8373,aoa-execution-2018-03-01-2018-12-31.csv,78633,-1,0,ETHUSD
2018-10-19 12:00:00,1,3be34419-924d-61ce-0968-09441e0e1c6c,aoa-execution-2018-03-01-2018-12-31.csv,78630,-1,0,ETHUSD
2018-10-19 20:00:00,1,fba61f5a-ddfa-57f1-ec00-851fa716b145,aoa-execution-2018-03-01-2018-12-31.csv,78631,-1,0,ETHUSD
2018-10-20 04:00:00,1,26a3e786-d48d-9eac-0f77-e7f8a4751e68,aoa-execution-2018-03-01-2018-12-31.csv,78635,-1,0,ETHUSD
2018-10-20 12:00:00,1,d71d79af-6a25-0597-52b5-0924e61fe22c,aoa-execution-2018-03-01-2018-12-31.csv,78637,-1,0,ETHUSD
2018-10-20 20:00:00,1,b5639b0c-72e6-cbb8-024b-5f02eb3b35d1,aoa-execution-2018-03-01-2018-12-31.csv,78639,-1,0,ETHUSD
2018-10-21 04:00:00,1,8559f324-e270-e45c-362b-5c6ee1632238,aoa-execution-2018-03-01-2018-12-31.csv,78646,-1,0,ETHUSD
2018-10-21 12:00:00,1,41a2b853-adb5-bb51-a040-ede4e6234f63,aoa-execution-2018-03-01-2018-12-31.csv,78643,-1,0,ETHUSD
2018-10-21 20:00:00,1,b99dd413-d6df-a1c2-31a2-386fca52c28b,aoa-execution-2018-03-01-2018-12-31.csv,78641,-1,0,ETHUSD
2018-10-22 04:00:00,1,fe295f4e-39d8-be15-5833-24f7e35607aa,aoa-execution-2018-03-01-2018-12-31.csv,78648,-1,0,ETHUSD
2018-10-22 12:00:00,1,647d3ed7-ca8b-a68d-900d-81f265c3d056,aoa-execution-2018-03-01-2018-12-31.csv,78652,-1,0,ETHUSD
2018-10-22 20:00:00,1,446cba65-c1a0-996e-0c20-23a6e777be12,aoa-execution-2018-03-01-2018-12-31.csv,78649,-1,0,ETHUSD
2018-10-23 04:00:00,1,095d404a-40b3-77b8-8d9d-b1c24bfba7d2,aoa-execution-2018-03-01-2018-12-31.csv,78655,-1,0,ETHUSD
2018-10-23 12:00:00,1,3c1693a2-f872-34e7-9bc3-097003a21d86,aoa-execution-2018-03-01-2018-12-31.csv,78654,-1,0,ETHUSD
2018-10-23 20:00:00,1,e7c1e9a9-d3f7-900c-3159-e9866189a76c,aoa-execution-2018-03-01-2018-12-31.csv,78657,-1,0,ETHUSD
2018-10-24 04:00:00,1,ef95123d-606f-f678-2e37-591ff7f0bd2f,aoa-execution-2018-03-01-2018-12-31.csv,78661,-1,0,ETHUSD
2018-10-24 12:00:00,1,f896d975-f93e-24dd-47ed-3e367ba12d9c,aoa-execution-2018-03-01-2018-12-31.csv,78659,-1,0,ETHUSD
2018-10-24 20:00:00,1,0f9bd273-09aa-312b-66c3-6f889322e47d,aoa-execution-2018-03-01-2018-12-31.csv,78664,-1,0,ETHUSD
2018-10-25 04:00:00,1,c2060a30-715e-708b-2b6b-094c6059598e,aoa-execution-2018-03-01-2018-12-31.csv,78667,-1,0,ETHUSD
2018-10-25 12:00:00,1,10f30d73-ae7b-58b2-227d-fee69888c802,aoa-execution-2018-03-01-2018-12-31.csv,78665,-1,0,ETHUSD
2018-10-25 20:00:00,1,40e07904-5dae-a4fe-a728-c9b3148e155d,aoa-execution-2018-03-01-2018-12-31.csv,78670,-1,0,ETHUSD
2018-10-26 04:00:00,1,75da4dce-f071-f30d-0077-0bdd4b4f61e1,aoa-execution-2018-03-01-2018-12-31.csv,78671,-1,0,ETHUSD
2018-10-26 12:00:00,1,157b8f17-1f5c-aa85-7e65-0480ad440a0d,aoa-execution-2018-03-01-2018-12-31.csv,78676,-1,0,ETHUSD
2018-10-26 20:00:00,1,7805f3f1-e88f-f805-006a-347b8647b2cb,aoa-execution-2018-03-01-2018-12-31.csv,78674,-1,0,ETHUSD
2018-10-27 04:00:00,1,ee6ac90f-109d-acf7-5e92-735e839ce1f8,aoa-execution-2018-03-01-2018-12-31.csv,78681,-1,0,ETHUSD
2018-10-27 12:00:00,1,acf46bd5-fc85-8824-f309-2cf4bdb2a7fa,aoa-execution-2018-03-01-2018-12-31.csv,78678,-1,0,ETHUSD
2018-10-27 20:00:00,1,aef5bf5c-a460-29cf-ba4e-223cab90ce3e,aoa-execution-2018-03-01-2018-12-31.csv,78679,-1,0,ETHUSD
2018-10-28 04:00:00,1,94cae1f0-77d6-8ec4-d3c6-1f06d70e9861,aoa-execution-2018-03-01-2018-12-31.csv,78684,-1,0,ETHUSD
2018-10-28 12:00:00,1,61baf784-18f7-0293-b0fa-d3b6ddba78ff,aoa-execution-2018-03-01-2018-12-31.csv,78687,-1,0,ETHUSD
2018-10-28 20:00:00,1,eb7c3fba-6b75-ab23-bf15-333af0250aa3,aoa-execution-2018-03-01-2018-12-31.csv,78685,-1,0,ETHUSD
2018-10-29 04:00:00,1,81921a22-e83a-05ee-bd00-49833ef9356f,aoa-execution-2018-03-01-2018-12-31.csv,78690,-1,0,ETHUSD
2018-10-29 12:00:00,1,e94e3fcf-8e63-51f7-0c06-217518470c26,aoa-execution-2018-03-01-2018-12-31.csv,78693,-1,0,ETHUSD
2018-10-29 20:00:00,1,ba6846bd-b7a9-5115-f32f-feb88d9c34cc,aoa-execution-2018-03-01-2018-12-31.csv,78691,-1,0,ETHUSD
2018-10-30 04:00:00,1,d05637ae-cf2a-f7f4-8812-95cb42064cda,aoa-execution-2018-03-01-2018-12-31.csv,78729,-1,0,ETHUSD
2018-10-30 12:00:00,1,c02022e3-1cce-a1c7-be19-29f1fc376d6a,aoa-execution-2018-03-01-2018-12-31.csv,78743,-1,0,ETHUSD
2018-10-30 20:00:00,1,2ce8c1f6-fbd1-befc-3480-1f15ec814aa8,aoa-execution-2018-03-01-2018-12-31.csv,78745,-1,0,ETHUSD
2018-10-31 04:00:00,1,45bd122a-4318-1296-ec1a-1dc56af88c7d,aoa-execution-2018-03-01-2018-12-31.csv,78751,-1,0,ETHUSD
2018-10-31 12:00:00,1,04cab0c3-a67a-964e-5cef-e9096f16e64c,aoa-execution-2018-03-01-2018-12-31.csv,78747,-1,0,ETHUSD
2018-10-31 20:00:00,1,f2432c4d-b76f-f1d4-d905-61127f48e891,aoa-execution-2018-03-01-2018-12-31.csv,78750,-1,0,ETHUSD
2018-11-01 04:00:00,1,6c49553d-5099-9401-2add-4d083bc379b8,aoa-execution-2018-03-01-2018-12-31.csv,78753,-1,0,ETHUSD
2018-11-01 12:00:00,1,700a8707-1718-0350-0ed4-7a85fd1e2c8c,aoa-execution-2018-03-01-2018-12-31.csv,78757,-1,0,ETHUSD
2018-11-01 20:00:00,1,64836f80-3a69-047e-36e2-1738c6918538,aoa-execution-2018-03-01-2018-12-31.csv,78755,-1,0,ETHUSD
2018-11-02 04:00:00,1,72352441-8a08-c758-ce75-5e7eb826a2e6,aoa-execution-2018-03-01-2018-12-31.csv,78764,-1,0,ETHUSD
2018-11-02 12:00:00,1,5f0977e0-a2ec-fa1a-3241-292f9e4c0977,aoa-execution-2018-03-01-2018-12-31.csv,78760,-1,0,ETHUSD
2018-11-02 20:00:00,1,9420c698-50af-8865-f2b1-f67ac6f72c08,aoa-execution-2018-03-01-2018-12-31.csv,78761,-1,0,ETHUSD
2018-11-03 04:00:00,1,595fc6e5-472b-b1b5-600a-3697e389a4cb,aoa-execution-2018-03-01-2018-12-31.csv,78770,-1,0,ETHUSD
2018-11-03 12:00:00,1,f8b59d65-65dd-8a47-8aff-ec30eed327f9,aoa-execution-2018-03-01-2018-12-31.csv,78765,-1,0,ETHUSD
2018-11-03 20:00:00,1,cd59f151-2f5d-4334-5a11-b44db8214f3c,aoa-execution-2018-03-01-2018-12-31.csv,78767,-1,0,ETHUSD
2018-11-04 04:00:00,1,d837036c-e9b6-3073-26ee-9e7b1c02c8d4,aoa-execution-2018-03-01-2018-12-31.csv,78857,-1,0,ETHUSD
2018-11-04 12:00:00,1,856bdba4-f037-4442-8838-e3cadde97c0c,aoa-execution-2018-03-01-2018-12-31.csv,78859,-1,0,ETHUSD
2018-11-04 20:00:00,1,dab77a7c-221d-e9c3-1f99-c8b0b05b8b70,aoa-execution-2018-03-01-2018-12-31.csv,78855,-1,0,ETHUSD
2018-11-05 04:00:00,199999,b27a60a3-5b39-8324-23f0-e405b0ac1dbf,aoa-execution-2018-03-01-2018-12-31.csv,78967,199999,0,ETHUSD
2018-11-05 12:00:00,1,7627fb05-94a9-a10c-1681-69c17389306b,aoa-execution-2018-03-01-2018-12-31.csv,78965,-1,0,ETHUSD
2018-11-05 20:00:00,1,84f908e9-a916-3978-588f-d5e2b9e12e1d,aoa-execution-2018-03-01-2018-12-31.csv,78998,-1,0,ETHUSD
2018-11-06 04:00:00,1,28865be7-cef2-4a86-3859-dc363074fd8b,aoa-execution-2018-03-01-2018-12-31.csv,80476,-1,0,ETHUSD
2018-11-06 12:00:00,1,0ec68cb7-45c2-eb63-f5c9-ed92eb4f92cb,aoa-execution-2018-03-01-2018-12-31.csv,79214,-1,0,ETHUSD
2018-11-08 20:00:00,300000,6434bd3d-12e6-97b9-03e0-c231201243f1,aoa-execution-2018-03-01-2018-12-31.csv,81010,300000,0,ETHUSD
2018-11-09 04:00:00,400000,dbbe126d-02ad-0317-0bd1-c25df4848da1,aoa-execution-2018-03-01-2018-12-31.csv,81303,400000,0,ETHUSD
2018-11-09 12:00:00,524411,ab6e37e1-2a60-b89a-85a7-8374f9d102d1,aoa-execution-2018-03-01-2018-12-31.csv,81745,524411,0,ETHUSD
2018-11-09 20:00:00,600001,365f7c1e-7f9b-218c-d66b-bb1a9561bf75,aoa-execution-2018-03-01-2018-12-31.csv,81900,600001,0,ETHUSD
2018-11-10 20:00:00,6400,5624d687-5a02-6e8d-1b62-be2e150bb65b,aoa-execution-2018-03-01-2018-12-31.csv,82258,-6400,0,ETHUSD
2018-11-14 20:00:00,359146,f69095d6-3697-16dc-b02c-111e88402061,aoa-execution-2018-03-01-2018-12-31.csv,83899,359146,0,ETHUSD
2018-11-15 04:00:00,1,a149c5aa-f30c-06fb-2992-cab55ee674bd,aoa-execution-2018-03-01-2018-12-31.csv,86056,-1,0,ETHUSD
2018-11-15 12:00:00,200001,8d546dba-8a3a-ea51-591e-24a2e4e1f9ee,aoa-execution-2018-03-01-2018-12-31.csv,85077,-200001,0,ETHUSD
2018-11-15 20:00:00,1,a3c9955c-e69f-00ef-4113-393b3bf633e1,aoa-execution-2018-03-01-2018-12-31.csv,86102,-1,0,ETHUSD
2018-11-16 04:00:00,100001,365ebae5-b943-cf26-b0d9-7edc99399265,aoa-execution-2018-03-01-2018-12-31.csv,86362,100001,0,ETHUSD
2018-11-16 12:00:00,1,2697e177-49b4-bfc5-5376-f6ce74dd72b2,aoa-execution-2018-03-01-2018-12-31.csv,86143,1,0,ETHUSD
2018-11-16 20:00:00,1,c87e6c77-ab51-a6c7-426a-73860e57ca45,aoa-execution-2018-03-01-2018-12-31.csv,86284,1,0,ETHUSD
2018-11-17 04:00:00,200001,ad6c3df8-c573-3131-6929-21499cc649aa,aoa-execution-2018-03-01-2018-12-31.csv,86602,200001,0,ETHUSD
2018-11-17 12:00:00,200001,edd3d588-970d-6a3f-65c3-aaef4bb17f10,aoa-execution-2018-03-01-2018-12-31.csv,86604,200001,0,ETHUSD
2018-11-17 20:00:00,1,bc2c58bf-6188-7a3b-9930-fa70452b1718,aoa-execution-2018-03-01-2018-12-31.csv,86600,1,0,ETHUSD
2018-11-18 04:00:00,200001,86a13c78-8b3a-ef7b-cd79-da88242e5307,aoa-execution-2018-03-01-2018-12-31.csv,86712,200001,0,ETHUSD
2018-11-18 12:00:00,1,746973f6-75ec-5cca-86ff-c14ad1be50ab,aoa-execution-2018-03-01-2018-12-31.csv,86923,1,0,ETHUSD
2018-11-18 20:00:00,600001,0986b744-8d68-ee85-e05e-61f5b7025580,aoa-execution-2018-03-01-2018-12-31.csv,86926,600001,0,ETHUSD
2018-11-19 04:00:00,1,407e07fb-440d-b75f-eddf-aabfb4cbb872,aoa-execution-2018-03-01-2018-12-31.csv,88880,1,0,ETHUSD
2018-11-19 12:00:00,1,f234ce23-5dfa-22a3-9ab9-241de360ca8f,aoa-execution-2018-03-01-2018-12-31.csv,88879,1,0,ETHUSD
2018-11-19 20:00:00,202541,99c15047-d66c-2e68-0cbc-18c3a4299cbf,aoa-execution-2018-03-01-2018-12-31.csv,88243,202541,0,ETHUSD
2018-11-20 04:00:00,1,d8c1dfdc-4ebb-c990-9d11-09ef82a25d6c,aoa-execution-2018-03-01-2018-12-31.csv,90986,1,0,ETHUSD
2018-11-20 20:00:00,1,53b439bd-a53e-7204-17e3-805d6452025c,aoa-execution-2018-03-01-2018-12-31.csv,90300,-1,0,ETHUSD
2018-11-21 04:00:00,1,0305be13-fc85-7504-20c8-20afcc6ea3d6,aoa-execution-2018-03-01-2018-12-31.csv,91484,1,0,ETHUSD
2018-11-21 12:00:00,1,a5fe2477-95d8-ec46-80b2-011a7c036b62,aoa-execution-2018-03-01-2018-12-31.csv,91482,1,0,ETHUSD
2018-11-21 20:00:00,1,16800201-f52f-72c9-be1d-53c08c4cad03,aoa-execution-2018-03-01-2018-12-31.csv,91653,1,0,ETHUSD
2018-11-22 04:00:00,1,59da11d2-edd4-77c8-0894-4e9ffbac13a8,aoa-execution-2018-03-01-2018-12-31.csv,91947,1,0,ETHUSD
2018-11-22 12:00:00,1,b98e943f-c564-7169-c382-36f39d4aa05c,aoa-execution-2018-03-01-2018-12-31.csv,91877,1,0,ETHUSD
2018-11-22 20:00:00,1,939d7b7b-1c9e-5f22-073c-9fce9dd79a42,aoa-execution-2018-03-01-2018-12-31.csv,92021,1,0,ETHUSD
2018-11-23 04:00:00,200001,0ce72845-d49c-45e7-b539-4fd2a3b1dc34,aoa-execution-2018-03-01-2018-12-31.csv,93436,200001,0,ETHUSD
2018-11-23 12:00:00,1,e2d683cf-a525-7cd6-951c-ea2de7b6f8ed,aoa-execution-2018-03-01-2018-12-31.csv,93500,1,0,ETHUSD
2018-11-23 20:00:00,1,8dd1e52f-962b-dee9-6edc-12e758024e6a,aoa-execution-2018-03-01-2018-12-31.csv,92836,1,0,ETHUSD
2018-11-24 04:00:00,1,33f8beaf-7ac5-6859-4b56-cb8eadafb2f3,aoa-execution-2018-03-01-2018-12-31.csv,93764,1,0,ETHUSD
2018-11-24 12:00:00,1,8ee46c44-6060-64dc-c69c-9ccb583c4ebf,aoa-execution-2018-03-01-2018-12-31.csv,94065,1,0,ETHUSD
2018-11-24 20:00:00,1,a886ba45-1b10-5fb5-6c8f-4cfb2c5e7b38,aoa-execution-2018-03-01-2018-12-31.csv,93547,1,0,ETHUSD
2018-11-25 04:00:00,500001,bd18a235-34a8-453a-0bcf-8ed4a2e31c2f,aoa-execution-2018-03-01-2018-12-31.csv,100090,500001,0,ETHUSD
2018-11-25 12:00:00,1,057e3a08-efe3-2104-4cb7-2d465a4ec91a,aoa-execution-2018-03-01-2018-12-31.csv,98748,-1,0,ETHUSD
2018-11-25 20:00:00,1,0280976a-2fc9-80ec-d8db-a03cc1fa0963,aoa-execution-2018-03-01-2018-12-31.csv,98995,-1,0,ETHUSD
2018-11-26 04:00:00,1,9adedac2-c0e9-6019-23c9-4bd623ad1323,aoa-execution-2018-03-01-2018-12-31.csv,101995,-1,0,ETHUSD
2018-11-26 12:00:00,1,34fcad5b-931c-815f-3565-a0ef69267f7e,aoa-execution-2018-03-01-2018-12-31.csv,101523,-1,0,ETHUSD
2018-11-26 20:00:00,1,eaee0d83-abca-e711-0e59-ac910ae0a589,aoa-execution-2018-03-01-2018-12-31.csv,103693,1,0,ETHUSD
2018-11-27 04:00:00,1,52457620-0930-1421-da8b-84e3515dcca3,aoa-execution-2018-03-01-2018-12-31.csv,105522,1,0,ETHUSD
2018-11-27 12:00:00,1,1d02bef2-05dd-53ad-2470-f94ff41fe73e,aoa-execution-2018-03-01-2018-12-31.csv,105494,1,0,ETHUSD
2018-11-27 20:00:00,1,4c327009-a284-174b-70cc-c2c16da7edc2,aoa-execution-2018-03-01-2018-12-31.csv,103819,1,0,ETHUSD
2018-11-28 04:00:00,1,3e792d78-95fc-319d-dccd-e34c1fc2c791,aoa-execution-2018-03-01-2018-12-31.csv,107224,1,0,ETHUSD
2018-11-28 12:00:00,1,e401e517-242e-170f-c543-ea2d3c187d7d,aoa-execution-2018-03-01-2018-12-31.csv,107967,1,0,ETHUSD
2018-11-28 20:00:00,1,2f84f7b4-612a-1998-9ee8-56d803f11271,aoa-execution-2018-03-01-2018-12-31.csv,106544,1,0,ETHUSD
2018-11-29 04:00:00,1,e5c8d72c-d19f-ebaa-7d4e-ae63f5e0c822,aoa-execution-2018-03-01-2018-12-31.csv,110890,1,0,ETHUSD
2018-11-29 12:00:00,1,1573618c-e5b8-ff29-2b85-c7f838924f11,aoa-execution-2018-03-01-2018-12-31.csv,110671,1,0,ETHUSD
2018-11-29 20:00:00,1,3a8528d8-c1c0-932d-e726-3adb21877fa4,aoa-execution-2018-03-01-2018-12-31.csv,111290,1,0,ETHUSD
2018-11-30 04:00:00,1,e6cf9a8f-b0ea-ceda-19b0-7fef451e8426,aoa-execution-2018-03-01-2018-12-31.csv,111983,1,0,ETHUSD
2018-11-30 12:00:00,1,a9d6d15a-6867-b2f1-75fb-3c75f6aef35d,aoa-execution-2018-03-01-2018-12-31.csv,112019,1,0,ETHUSD
2018-11-30 20:00:00,1,18ba8267-58dd-dfeb-9c6e-da688b757826,aoa-execution-2018-03-01-2018-12-31.csv,113777,1,0,ETHUSD
2018-12-01 04:00:00,1,20fb80ea-2169-f65a-4925-2e33b0b92e11,aoa-execution-2018-03-01-2018-12-31.csv,113887,1,0,ETHUSD
2018-12-01 12:00:00,1,5ab86694-2e51-f48b-0225-cafaec32cccb,aoa-execution-2018-03-01-2018-12-31.csv,113885,1,0,ETHUSD
2018-12-01 20:00:00,1,6a5a1ed1-1e59-5104-3526-30cb0a871f59,aoa-execution-2018-03-01-2018-12-31.csv,114240,1,0,ETHUSD
2018-12-02 04:00:00,1,a50f412d-5315-2251-3c60-79809b8065ef,aoa-execution-2018-03-01-2018-12-31.csv,114512,1,0,ETHUSD
2018-12-02 12:00:00,1,2653eb42-be75-3916-36d6-215336d512b5,aoa-execution-2018-03-01-2018-12-31.csv,114291,1,0,ETHUSD
2018-12-02 20:00:00,1,acdd858c-4887-8fca-6233-ebd3c8ffa68d,aoa-execution-2018-03-01-2018-12-31.csv,115204,1,0,ETHUSD
2018-12-03 04:00:00,1,86c5ecf9-cb95-99b7-b087-bcea24b0ad6e,aoa-execution-2018-03-01-2018-12-31.csv,115410,1,0,ETHUSD
2018-12-03 12:00:00,1,f19f19dd-64e2-47fb-2d43-d77c3e8aeeb1,aoa-execution-2018-03-01-2018-12-31.csv,116840,1,0,ETHUSD
2018-12-03 20:00:00,1,8303fff3-45f3-c0f6-86e4-63beb050cc51,aoa-execution-2018-03-01-2018-12-31.csv,115406,1,0,ETHUSD
2018-12-04 04:00:00,1,d038c043-c1b3-6aec-ea01-b1bd7fc6f5e2,aoa-execution-2018-03-01-2018-12-31.csv,117706,1,0,ETHUSD
2018-12-04 12:00:00,1,7520b95d-2d5c-76e6-fa24-441b7103e5f0,aoa-execution-2018-03-01-2018-12-31.csv,117396,1,0,ETHUSD
2018-12-04 20:00:00,1,faf5b0e3-e542-bab7-1fc9-ba7b0f66eec6,aoa-execution-2018-03-01-2018-12-31.csv,117659,1,0,ETHUSD
2018-12-05 04:00:00,1,3e2eede1-b47d-c701-f38c-112a76a0fad1,aoa-execution-2018-03-01-2018-12-31.csv,118338,1,0,ETHUSD
2018-12-05 12:00:00,1,c051927f-8439-77fc-b427-c5c40cb03713,aoa-execution-2018-03-01-2018-12-31.csv,118158,1,0,ETHUSD
2018-12-05 20:00:00,1,e0d9dadf-e264-71d2-778e-9f5ee52aedb5,aoa-execution-2018-03-01-2018-12-31.csv,118404,1,0,ETHUSD
2018-12-06 04:00:00,1,168e5745-ce97-28ad-66eb-85ac919d3af4,aoa-execution-2018-03-01-2018-12-31.csv,118406,1,0,ETHUSD
2018-12-06 12:00:00,1,6f55ac02-6a39-6adb-9704-fb9ff5c8b849,aoa-execution-2018-03-01-2018-12-31.csv,119260,1,0,ETHUSD
2018-12-06 20:00:00,1,62f5421a-6385-4042-5504-103b33bdef5e,aoa-execution-2018-03-01-2018-12-31.csv,118849,1,0,ETHUSD
2018-12-07 04:00:00,1,d5d0c78d-ec90-8591-1b0b-87cf3e027560,aoa-execution-2018-03-01-2018-12-31.csv,120268,1,0,ETHUSD
2018-12-07 12:00:00,1,20f8e50f-f188-1dcb-76f5-dca77c1ecf0b,aoa-execution-2018-03-01-2018-12-31.csv,121447,1,0,ETHUSD
2018-12-07 20:00:00,1,7adae5f0-c8d6-d5e7-810a-406e4ec907bb,aoa-execution-2018-03-01-2018-12-31.csv,121575,1,0,ETHUSD
2018-12-08 04:00:00,1,65d32a92-5ccb-0bf8-cfee-f63e8a72d2be,aoa-execution-2018-03-01-2018-12-31.csv,121959,1,0,ETHUSD
2018-12-08 12:00:00,1,790e5853-8cdd-32d0-b987-85b3a93cfee6,aoa-execution-2018-03-01-2018-12-31.csv,121955,1,0,ETHUSD
2018-12-08 20:00:00,1,debc6e41-58e3-76d4-5f4f-4ea92106d7c8,aoa-execution-2018-03-01-2018-12-31.csv,121961,1,0,ETHUSD
2018-12-09 04:00:00,1,ed09a9b0-d717-c6a2-ea3f-dd86acfb77fc,aoa-execution-2018-03-01-2018-12-31.csv,122647,1,0,ETHUSD
2018-12-09 12:00:00,1,3b029878-e6f2-e92b-7ccc-985676111d1d,aoa-execution-2018-03-01-2018-12-31.csv,124138,1,0,ETHUSD
2018-12-09 20:00:00,1,6dd267c7-bdc3-9746-db12-6b5433fcb5f7,aoa-execution-2018-03-01-2018-12-31.csv,123247,-1,0,ETHUSD
2018-12-10 04:00:00,1,4b1a6c25-48e4-d254-b80d-3eff33d846c0,aoa-execution-2018-03-01-2018-12-31.csv,125260,-1,0,ETHUSD
2018-12-10 12:00:00,1,2b885cec-6171-1911-b619-969804ec2bff,aoa-execution-2018-03-01-2018-12-31.csv,125585,1,0,ETHUSD
2018-12-10 20:00:00,1,c159dc85-addb-a40d-b60c-c72336f951a4,aoa-execution-2018-03-01-2018-12-31.csv,124971,1,0,ETHUSD
2018-12-11 04:00:00,1,53b3efa9-bec4-f852-a0a0-94e70928816a,aoa-execution-2018-03-01-2018-12-31.csv,125676,1,0,ETHUSD
2018-12-11 12:00:00,1,cb582a71-767d-985c-4391-2eba65d91971,aoa-execution-2018-03-01-2018-12-31.csv,126164,1,0,ETHUSD
2018-12-11 20:00:00,1,b4560f3f-da69-c45d-f0c7-f6d81238ca91,aoa-execution-2018-03-01-2018-12-31.csv,126129,1,0,ETHUSD
2018-12-12 04:00:00,1,f7ee317c-207d-37ac-a21b-9dd8fe108a89,aoa-execution-2018-03-01-2018-12-31.csv,126901,1,0,ETHUSD
2018-12-12 12:00:00,1,b60a09a3-ce49-3656-5167-1e189583f0f4,aoa-execution-2018-03-01-2018-12-31.csv,126618,1,0,ETHUSD
2018-12-12 20:00:00,1,b36877bc-89e8-02c8-913d-22932e23c5e9,aoa-execution-2018-03-01-2018-12-31.csv,126575,1,0,ETHUSD
2018-12-13 04:00:00,1,d2a0bbf4-fcb7-db0d-eb92-e168f85d1a9c,aoa-execution-2018-03-01-2018-12-31.csv,128658,1,0,ETHUSD
2018-12-13 12:00:00,1,c470858e-20f3-b2b3-f8d8-672446e09d43,aoa-execution-2018-03-01-2018-12-31.csv,129020,1,0,ETHUSD
2018-12-13 20:00:00,1,81c8416c-d3ee-f246-018b-5376e8f71060,aoa-execution-2018-03-01-2018-12-31.csv,128316,1,0,ETHUSD
2018-12-14 04:00:00,1,629ce7f6-dbca-77ad-6371-16a1a7b8e0d3,aoa-execution-2018-03-01-2018-12-31.csv,129769,1,0,ETHUSD
2018-12-14 12:00:00,1,a11f9a86-b612-86ed-90a5-e31723221802,aoa-execution-2018-03-01-2018-12-31.csv,129893,1,0,ETHUSD
2018-12-14 20:00:00,1,f5b38a40-f561-7b1d-fdcb-db6bf707747d,aoa-execution-2018-03-01-2018-12-31.csv,130187,1,0,ETHUSD
2018-12-15 04:00:00,1,41e12432-1d47-b82b-ee64-c18ae8b1d291,aoa-execution-2018-03-01-2018-12-31.csv,130595,1,0,ETHUSD
2018-12-15 12:00:00,1,6728b6ef-43f4-a740-08b2-b8fb9615f0e2,aoa-execution-2018-03-01-2018-12-31.csv,130806,1,0,ETHUSD
2018-12-15 20:00:00,1,50407376-b729-dab0-da24-3b6c952bf6f7,aoa-execution-2018-03-01-2018-12-31.csv,130421,1,0,ETHUSD
2018-12-16 04:00:00,1,193a29bf-d209-0f02-958d-fdb342ffee23,aoa-execution-2018-03-01-2018-12-31.csv,130985,1,0,ETHUSD
2018-12-16 12:00:00,1,b753d256-0c66-652b-be42-67cd67ebb947,aoa-execution-2018-03-01-2018-12-31.csv,131974,1,0,ETHUSD
2018-12-16 20:00:00,1,42cff93e-6df4-1d18-fc68-6b57e2f97d18,aoa-execution-2018-03-01-2018-12-31.csv,131286,1,0,ETHUSD
2018-12-17 04:00:00,1,d27af5de-dbf0-1e9b-2b48-13fd97914bd4,aoa-execution-2018-03-01-2018-12-31.csv,136866,1,0,ETHUSD
2018-12-17 12:00:00,1,287f2a86-87bc-88c3-1cf7-76fe8714b22c,aoa-execution-2018-03-01-2018-12-31.csv,137398,1,0,ETHUSD
2019-02-24 20:00:00,1025589,13880ee6-6bc8-fd79-cf08-8bdabc91d317,aoa-execution-2019-01-01-2020-12-31.csv,14825,-1025589,0,ETHUSD
2019-02-25 04:00:00,1000001,117e943f-620e-a79b-406d-5cebf3a789a0,aoa-execution-2019-01-01-2020-12-31.csv,16185,-1000001,0,ETHUSD
2019-02-25 20:00:00,1292829,a0c42674-5051-6c06-017f-d1a3a50c58c4,aoa-execution-2019-01-01-2020-12-31.csv,16520,-1292829,0,ETHUSD
2019-02-26 04:00:00,1292829,e48ed191-fa10-f6a3-5fd1-27f2596c7c9e,aoa-execution-2019-01-01-2020-12-31.csv,16593,-1292829,0,ETHUSD
2019-03-03 20:00:00,500000,dc89c35c-8043-29c1-dd3d-247e9ad5ba69,aoa-execution-2019-01-01-2020-12-31.csv,17195,500000,0,ETHUSD
2019-03-04 04:00:00,500000,877c1be6-7807-b418-b447-a2e34da2618b,aoa-execution-2019-01-01-2020-12-31.csv,17434,500000,0,ETHUSD
2019-03-04 12:00:00,1000000,ccbb5174-578d-b3bf-c428-0892127c6bd1,aoa-execution-2019-01-01-2020-12-31.csv,17629,1000000,0,ETHUSD
2019-03-04 20:00:00,1000000,17017069-37c8-e23f-7c9b-2c8fbdb5159d,aoa-execution-2019-01-01-2020-12-31.csv,17630,1000000,0,ETHUSD
2019-03-05 04:00:00,1000000,e851c415-7049-1498-7fa9-7bacdbc53c44,aoa-execution-2019-01-01-2020-12-31.csv,18090,1000000,0,ETHUSD
2019-03-05 12:00:00,500000,b544d5fa-8a2f-bdbe-ffa9-0319bee6d45d,aoa-execution-2019-01-01-2020-12-31.csv,17633,500000,0,ETHUSD
2019-03-07 20:00:00,1000000,f25d6e83-ddbb-7e50-dd3c-d22da9a68a18,aoa-execution-2019-01-01-2020-12-31.csv,18590,-1000000,0,ETHUSD
2019-09-05 12:00:00,1000000,c1b6f0b8-5804-ad62-b29d-4831d1f432ee,aoa-execution-2019-01-01-2020-12-31.csv,155688,1000000,0,ETHUSD
2019-09-05 20:00:00,1000000,ba4f759d-f8fa-c171-6553-fb907ef21ee7,aoa-execution-2019-01-01-2020-12-31.csv,155453,1000000,0,ETHUSD
2019-09-06 04:00:00,1000000,1f1f5a7a-ff3c-0108-3cd2-6e1d802ba2f6,aoa-execution-2019-01-01-2020-12-31.csv,155773,1000000,0,ETHUSD
2020-01-15 04:00:00,1000000,1a08a259-88ac-eaf9-b91c-895333bf2be0,aoa-execution-2019-01-01-2020-12-31.csv,225059,1000000,0,ETHUSD
2020-01-15 12:00:00,1000000,f701ad50-fe69-8483-ea93-a65e3c52467c,aoa-execution-2019-01-01-2020-12-31.csv,225058,1000000,0,ETHUSD
2020-01-15 20:00:00,1000000,05a99306-0d57-9970-7cf0-7642a826eae1,aoa-execution-2019-01-01-2020-12-31.csv,224953,1000000,0,ETHUSD
2020-01-16 04:00:00,1000000,2dd8ab91-f718-25fe-9092-585fdb33752a,aoa-execution-2019-01-01-2020-12-31.csv,225135,1000000,0,ETHUSD
2020-01-16 12:00:00,1000000,10ceb7b8-32c9-8836-38c4-fb45c2d8b602,aoa-execution-2019-01-01-2020-12-31.csv,225142,1000000,0,ETHUSD
2020-01-16 20:00:00,1000000,d25fc605-b391-64d7-4194-459b5442cdf8,aoa-execution-2019-01-01-2020-12-31.csv,225134,1000000,0,ETHUSD
2020-07-08 04:00:00,787645,426da240-1b76-82c0-7268-c73910f0370f,aoa-execution-2019-01-01-2020-12-31.csv,382892,787645,0,ETHUSD
2020-07-08 12:00:00,787645,7d7b7921-98e9-8b38-6ab1-e57348add278,aoa-execution-2019-01-01-2020-12-31.csv,382894,787645,0,ETHUSD
2020-07-08 20:00:00,787645,8069bc2c-4738-3967-2a1d-9d7f95a89fe1,aoa-execution-2019-01-01-2020-12-31.csv,382855,787645,0,ETHUSD
2020-07-09 04:00:00,787645,ab80353a-5025-edf3-57ac-0a7d6fafb372,aoa-execution-2019-01-01-2020-12-31.csv,382928,787645,0,ETHUSD
2020-07-09 12:00:00,787645,9f834910-919d-063c-7607-a60727c4f2a4,aoa-execution-2019-01-01-2020-12-31.csv,382931,787645,0,ETHUSD
2020-07-09 20:00:00,787645,22d6f3d3-2a7c-f70b-f083-df4f1afd3739,aoa-execution-2019-01-01-2020-12-31.csv,383529,787645,0,ETHUSD
2020-07-10 04:00:00,787645,5189d0ac-b626-6f6a-9702-0379d223458e,aoa-execution-2019-01-01-2020-12-31.csv,384115,787645,0,ETHUSD
2020-07-10 12:00:00,787645,ec69cb1a-9bad-1459-87bf-51d8def3787b,aoa-execution-2019-01-01-2020-12-31.csv,384111,787645,0,ETHUSD
2020-07-10 20:00:00,787645,3067624d-5a7a-5565-77f4-848bca104db2,aoa-execution-2019-01-01-2020-12-31.csv,384114,787645,0,ETHUSD
2020-07-11 04:00:00,787645,21bbb5de-3a82-ba78-85c1-eba154fb7ddd,aoa-execution-2019-01-01-2020-12-31.csv,384120,787645,0,ETHUSD
2020-07-11 12:00:00,787645,983c35ab-93b8-8916-94f0-c5aef1d8838b,aoa-execution-2019-01-01-2020-12-31.csv,384117,787645,0,ETHUSD
2020-07-11 20:00:00,787645,b994e9fd-a224-4c47-79e7-678ddf757717,aoa-execution-2019-01-01-2020-12-31.csv,384121,787645,0,ETHUSD
2020-07-12 04:00:00,787645,3b7df109-5170-3709-b561-2bbd6925d5cb,aoa-execution-2019-01-01-2020-12-31.csv,384127,787645,0,ETHUSD
2020-07-12 12:00:00,787645,9cd1cfc1-7c64-4625-5288-0a1739212128,aoa-execution-2019-01-01-2020-12-31.csv,384124,787645,0,ETHUSD
2020-07-12 20:00:00,787645,9c0414ca-7945-a944-14cd-4fab54a122da,aoa-execution-2019-01-01-2020-12-31.csv,384125,787645,0,ETHUSD
2020-07-13 04:00:00,787645,2479e999-3ce5-285a-052c-3ad1865ea5a3,aoa-execution-2019-01-01-2020-12-31.csv,384134,787645,0,ETHUSD
2020-07-13 12:00:00,787645,62ac39e6-72b1-d102-f8ce-98393caeef20,aoa-execution-2019-01-01-2020-12-31.csv,384131,787645,0,ETHUSD
2020-07-13 20:00:00,787645,2ec78d34-9d0d-ae5f-c565-033c4daf3483,aoa-execution-2019-01-01-2020-12-31.csv,384130,787645,0,ETHUSD
2020-12-27 20:00:00,200000,9b83c73a-c997-9413-f588-dc6840f447cd,aoa-execution-2019-01-01-2020-12-31.csv,524238,200000,0,ETHUSD
2020-12-28 04:00:00,500000,8a7f65c9-8eb7-1a7e-6753-45ca9a6c6f0d,aoa-execution-2019-01-01-2020-12-31.csv,525396,500000,0,ETHUSD
2020-12-28 12:00:00,500000,9c92f797-2e85-0cb0-a45a-a54ad44ffcd0,aoa-execution-2019-01-01-2020-12-31.csv,525175,500000,0,ETHUSD
2020-12-28 20:00:00,500000,9061b691-841e-194e-0cbc-736a21143985,aoa-execution-2019-01-01-2020-12-31.csv,525192,500000,0,ETHUSD
2020-12-29 04:00:00,500000,8cdc979c-915b-d66a-e37f-1b8a16225711,aoa-execution-2019-01-01-2020-12-31.csv,525402,500000,0,ETHUSD
2020-12-29 12:00:00,500000,e3295313-4a3d-5ca6-a16e-a20625a94a36,aoa-execution-2019-01-01-2020-12-31.csv,525802,500000,0,ETHUSD
2020-12-29 20:00:00,500000,7c473c87-8973-8c5d-72a4-b56a5baf02c9,aoa-execution-2019-01-01-2020-12-31.csv,525950,500000,0,ETHUSD
2020-12-30 04:00:00,500000,1a77d2c6-3285-5ff6-566c-1eed758348ac,aoa-execution-2019-01-01-2020-12-31.csv,528133,500000,0,ETHUSD
2021-01-05 20:00:00,156634,682c6c1c-4f96-e4b0-e29e-8cdde89b3402,aoa-execution-2021-01-01-2021-06-30.csv,2639,-156634,0,ETHUSD
2021-01-11 04:00:00,175182,cf808a79-3100-0ca1-b198-7b125d1d4c1f,aoa-execution-2021-01-01-2021-06-30.csv,6985,-175182,0,ETHUSD
2021-02-18 04:00:00,127478,e48cacd3-3da1-d308-c237-f3c5e9a4a5e5,aoa-execution-2021-01-01-2021-06-30.csv,47607,-127478,0,ETHUSD
2021-02-18 12:00:00,137478,5f842837-ea8a-777f-7b89-ec5697beb3ae,aoa-execution-2021-01-01-2021-06-30.csv,47625,-137478,0,ETHUSD
2021-02-18 20:00:00,142478,336a2775-3746-be18-5b18-0448b99199d7,aoa-execution-2021-01-01-2021-06-30.csv,47646,-142478,0,ETHUSD
2021-02-19 04:00:00,142478,18c72b30-eec8-4643-0e15-e212909fa504,aoa-execution-2021-01-01-2021-06-30.csv,47939,-142478,0,ETHUSD
2021-02-19 12:00:00,142478,722c0707-5940-5858-057e-0fc03cd1fc67,aoa-execution-2021-01-01-2021-06-30.csv,49063,-142478,0,ETHUSD
2021-02-19 20:00:00,152478,6b2740a9-73ab-937f-c310-c46207be5b0a,aoa-execution-2021-01-01-2021-06-30.csv,49568,-152478,0,ETHUSD
2021-02-20 04:00:00,152478,8d62d007-8373-8fa2-0106-0f210a46da5a,aoa-execution-2021-01-01-2021-06-30.csv,49570,-152478,0,ETHUSD
2021-02-20 12:00:00,152478,5207afd6-11f1-94dc-52fd-ce31d5d7ecc9,aoa-execution-2021-01-01-2021-06-30.csv,49572,-152478,0,ETHUSD
2021-02-20 20:00:00,152478,0f1d34d0-f368-9c07-eb45-6f544338d215,aoa-execution-2021-01-01-2021-06-30.csv,49818,-152478,0,ETHUSD
2021-02-21 04:00:00,152478,95cca831-e3e3-d6e4-2081-c85797581e02,aoa-execution-2021-01-01-2021-06-30.csv,50460,-152478,0,ETHUSD
2021-02-21 12:00:00,93081,4b1b58cf-670b-ddbd-afc1-9ba4d163ad1e,aoa-execution-2021-01-01-2021-06-30.csv,50565,-93081,0,ETHUSD
2021-02-21 20:00:00,93081,2be8d59b-418e-df45-147a-5f7052c561ae,aoa-execution-2021-01-01-2021-06-30.csv,50567,-93081,0,ETHUSD
2021-02-22 04:00:00,93081,7d9f0f7d-ec37-be0f-8e2d-7a9bbc1feb6d,aoa-execution-2021-01-01-2021-06-30.csv,50569,-93081,0,ETHUSD
2021-02-26 12:00:00,9348,17336679-ec43-61ab-c8cf-441f27b19173,aoa-execution-2021-01-01-2021-06-30.csv,61759,9348,0,ETHUSD
2021-02-26 20:00:00,9348,1311f58b-e89e-cc67-301d-9fa1a56ac4f4,aoa-execution-2021-01-01-2021-06-30.csv,62349,9348,0,ETHUSD
2021-02-27 04:00:00,207407,3b6f31cd-1afc-571a-ac02-6f31fe2263c5,aoa-execution-2021-01-01-2021-06-30.csv,65843,207407,0,ETHUSD
2021-02-27 12:00:00,207407,cfa927da-9abb-74ee-c3ea-a38876e25e41,aoa-execution-2021-01-01-2021-06-30.csv,66313,207407,0,ETHUSD
2021-02-27 20:00:00,207407,fa9f6e71-1379-3b83-e033-2f4341974e48,aoa-execution-2021-01-01-2021-06-30.csv,66556,207407,0,ETHUSD
2021-02-28 04:00:00,207407,a653fb49-8f9f-7b01-a90d-2ff5a3a61c01,aoa-execution-2021-01-01-2021-06-30.csv,66558,207407,0,ETHUSD
2021-02-28 12:00:00,207407,44390f2e-3c94-667c-7aca-d17fd6cae542,aoa-execution-2021-01-01-2021-06-30.csv,66560,207407,0,ETHUSD
2021-02-28 20:00:00,207407,a039123d-1ae4-b685-f373-195a96ecae4f,aoa-execution-2021-01-01-2021-06-30.csv,66562,207407,0,ETHUSD
2021-03-01 04:00:00,207407,01c14e9f-38cb-8f9e-8206-84d271cc95f1,aoa-execution-2021-01-01-2021-06-30.csv,66566,207407,0,ETHUSD
2021-03-01 12:00:00,207407,d8367ea6-a857-d581-9063-486e1395c504,aoa-execution-2021-01-01-2021-06-30.csv,66569,207407,0,ETHUSD
2021-03-01 20:00:00,156605,33832cc6-cf06-ae4d-b9de-282cae313ac8,aoa-execution-2021-01-01-2021-06-30.csv,66565,156605,0,ETHUSD
2021-03-02 04:00:00,156605,8761e49c-0467-5de9-0964-a55f1bd5518e,aoa-execution-2021-01-01-2021-06-30.csv,66943,156605,0,ETHUSD
2021-03-02 12:00:00,156605,83a5b1e3-25a3-dd17-0547-169a5fbc7ca0,aoa-execution-2021-01-01-2021-06-30.csv,66940,156605,0,ETHUSD
2021-03-02 20:00:00,156605,48a85b54-ed47-a925-4876-e7b141bafdfc,aoa-execution-2021-01-01-2021-06-30.csv,66942,156605,0,ETHUSD
2021-03-03 04:00:00,156605,1a465743-a41d-c511-812e-ca3f74d6e0d3,aoa-execution-2021-01-01-2021-06-30.csv,66991,156605,0,ETHUSD
2021-03-03 12:00:00,156605,1798aaef-3009-df45-c628-a99f66e4bbb3,aoa-execution-2021-01-01-2021-06-30.csv,67393,156605,0,ETHUSD
2021-04-23 04:00:00,217975,d86d75fe-2585-d15d-bbd7-439a01b1672a,aoa-execution-2021-01-01-2021-06-30.csv,97072,217975,0,ETHUSD
2021-04-23 12:00:00,95030,02958543-fa38-1607-0d53-1d6eb691e47d,aoa-execution-2021-01-01-2021-06-30.csv,98407,95030,0,ETHUSD
2021-04-23 20:00:00,95030,af708490-5221-b6d9-93f4-2bfd16a97281,aoa-execution-2021-01-01-2021-06-30.csv,97178,95030,0,ETHUSD
2021-04-24 04:00:00,100000,dc4ea23d-97d9-4cc8-d85e-f00943ef6d84,aoa-execution-2021-01-01-2021-06-30.csv,105767,100000,0,ETHUSD
2021-04-24 12:00:00,100000,9d73c16b-d717-151c-f15c-6691dcf7ad12,aoa-execution-2021-01-01-2021-06-30.csv,104957,100000,0,ETHUSD
2021-04-24 20:00:00,100000,c4ee5ae1-a966-9b3e-648c-b25c72535348,aoa-execution-2021-01-01-2021-06-30.csv,105765,100000,0,ETHUSD
2021-04-25 04:00:00,100000,0ccc4631-7323-1df6-fbbd-b05d2c0a05f8,aoa-execution-2021-01-01-2021-06-30.csv,105772,100000,0,ETHUSD
2021-04-25 12:00:00,100000,e7773c96-c4d7-29b0-2e26-90a5a3bd6f4b,aoa-execution-2021-01-01-2021-06-30.csv,105774,100000,0,ETHUSD
2021-04-25 20:00:00,100000,2db2a0c7-70fe-7968-ef53-3d5a92daf48d,aoa-execution-2021-01-01-2021-06-30.csv,105769,100000,0,ETHUSD
2021-05-01 04:00:00,100000,4c3697f9-23f5-a4b2-d93b-0f12244ded3c,aoa-execution-2021-01-01-2021-06-30.csv,124976,-100000,0,ETHUSD
2021-05-01 12:00:00,100000,f9232f4c-af95-a8c3-91aa-e1ea6c1ca754,aoa-execution-2021-01-01-2021-06-30.csv,126026,-100000,0,ETHUSD
2021-05-01 20:00:00,100000,65bf8def-1b70-62d6-019f-53951a15fa67,aoa-execution-2021-01-01-2021-06-30.csv,126226,-100000,0,ETHUSD
2021-05-02 04:00:00,100000,d615de0a-1e87-d6b1-5f73-e756cc2c10f9,aoa-execution-2021-01-01-2021-06-30.csv,126542,-100000,0,ETHUSD
2021-05-02 12:00:00,100000,8d94c19b-fe0f-00d5-2d9c-dcb474206366,aoa-execution-2021-01-01-2021-06-30.csv,126237,-100000,0,ETHUSD
2021-05-02 20:00:00,100000,bdfcdc38-e2b8-944f-0ad8-c703e77183a9,aoa-execution-2021-01-01-2021-06-30.csv,126232,-100000,0,ETHUSD
2021-05-03 04:00:00,100000,b3fb0d95-3b9c-31c9-9139-2d6939cef3e4,aoa-execution-2021-01-01-2021-06-30.csv,126544,-100000,0,ETHUSD
2021-05-03 12:00:00,100000,4cf6ed19-2be3-a44e-1503-e48ff5f2e070,aoa-execution-2021-01-01-2021-06-30.csv,131596,-100000,0,ETHUSD
2021-05-03 20:00:00,100000,021b7cef-6c0e-7128-2b11-71ad662329ca,aoa-execution-2021-01-01-2021-06-30.csv,131601,-100000,0,ETHUSD
2021-05-04 04:00:00,61047,de9c04c6-dee5-8988-75b4-e47fb2a18901,aoa-execution-2021-01-01-2021-06-30.csv,133448,-61047,0,ETHUSD
2021-05-04 12:00:00,61047,23e84285-aa50-0c19-e2f0-1851c728f9d0,aoa-execution-2021-01-01-2021-06-30.csv,133441,-61047,0,ETHUSD
2021-05-04 20:00:00,61047,c9d0b52c-5a73-612b-78e1-01742e65e13c,aoa-execution-2021-01-01-2021-06-30.csv,131607,-61047,0,ETHUSD
2021-05-05 04:00:00,61047,d102aada-e20f-c084-66c3-19ee3cf82303,aoa-execution-2021-01-01-2021-06-30.csv,136069,-61047,0,ETHUSD
2021-05-05 12:00:00,61047,58d9cdf3-842d-bd58-f28c-0c3f2044fbcd,aoa-execution-2021-01-01-2021-06-30.csv,136076,-61047,0,ETHUSD
2021-05-13 04:00:00,94548,b6dd8f08-2a27-6e21-05f6-f29a514a1dc0,aoa-execution-2021-01-01-2021-06-30.csv,162856,-94548,0,ETHUSD
2021-05-13 12:00:00,50048,d0941078-6364-f072-cf99-2a6842c6109a,aoa-execution-2021-01-01-2021-06-30.csv,170692,-50048,0,ETHUSD
2021-05-13 20:00:00,79595,ef7b9563-7d45-cbb9-1a07-6f9c36675502,aoa-execution-2021-01-01-2021-06-30.csv,171161,-79595,0,ETHUSD
2021-05-14 04:00:00,100276,fcdb810a-e4c5-a2f5-ab6b-5ee5ca9d1d7e,aoa-execution-2021-01-01-2021-06-30.csv,171163,-100276,0,ETHUSD
2021-05-14 12:00:00,100276,d804a343-19bd-3e7f-24ef-95362fc7e47a,aoa-execution-2021-01-01-2021-06-30.csv,171170,-100276,0,ETHUSD
2021-05-14 20:00:00,100276,c657eeea-95a4-09ad-ab44-378da4642b3d,aoa-execution-2021-01-01-2021-06-30.csv,171176,-100276,0,ETHUSD
2021-05-15 04:00:00,100276,39332183-97dc-fa88-4147-8218e646977a,aoa-execution-2021-01-01-2021-06-30.csv,171847,-100276,0,ETHUSD
2021-05-15 12:00:00,25276,740af80c-cdfc-4bdd-ee10-13fbcfa39f27,aoa-execution-2021-01-01-2021-06-30.csv,171853,-25276,0,ETHUSD
2021-05-15 20:00:00,25276,9e609129-c591-4dd4-1986-077bd9e5a1dd,aoa-execution-2021-01-01-2021-06-30.csv,171280,-25276,0,ETHUSD
2021-05-16 04:00:00,25276,b99c31ae-ce90-5f50-6bbf-3ac9353b2056,aoa-execution-2021-01-01-2021-06-30.csv,171864,-25276,0,ETHUSD
2021-05-16 12:00:00,25276,b9b9326c-abe4-bbeb-726a-bb1c6eaead7d,aoa-execution-2021-01-01-2021-06-30.csv,171860,-25276,0,ETHUSD
2021-05-17 04:00:00,9050,788c3daa-d4c5-4c7c-d4f0-341b957072ae,aoa-execution-2021-01-01-2021-06-30.csv,178632,-9050,0,ETHUSD
2021-05-18 20:00:00,50000,95b2bae6-c1c8-7b46-5cb3-9a9ae36bec30,aoa-execution-2021-01-01-2021-06-30.csv,181700,-50000,0,ETHUSD
2021-05-19 04:00:00,100808,9fe2cf62-9965-ec22-0ed4-894a4734e4b5,aoa-execution-2021-01-01-2021-06-30.csv,185474,100808,0,ETHUSD
2021-05-19 12:00:00,181667,8a4959c3-eaed-61ae-5269-fb83f89651b4,aoa-execution-2021-01-01-2021-06-30.csv,184870,181667,0,ETHUSD
2021-05-19 20:00:00,50000,373cdf89-97ee-c882-b9e9-ce7157e144d7,aoa-execution-2021-01-01-2021-06-30.csv,191817,50000,0,ETHUSD
2021-05-20 12:00:00,150000,b16bf9ff-6426-3736-d474-f4bccb84a9de,aoa-execution-2021-01-01-2021-06-30.csv,199070,-150000,0,ETHUSD
2021-05-20 20:00:00,200000,af77c85f-8c4c-9ef7-9f54-d5a5b6000b60,aoa-execution-2021-01-01-2021-06-30.csv,204040,-200000,0,ETHUSD
2021-05-21 04:00:00,300000,ca3ff27c-002e-c2c4-8571-0d1a32e4536e,aoa-execution-2021-01-01-2021-06-30.csv,206451,-300000,0,ETHUSD
2021-05-21 12:00:00,300000,882f97b1-f311-1c19-fe1a-aa704ee8e4e3,aoa-execution-2021-01-01-2021-06-30.csv,208641,-300000,0,ETHUSD
2021-05-21 20:00:00,100000,56427c57-0a63-71ab-58c1-b212b396b82b,aoa-execution-2021-01-01-2021-06-30.csv,210014,100000,0,ETHUSD
2021-05-22 04:00:00,250000,c59fbf3e-4cf9-2a93-a1db-9f1fc8ec3bbb,aoa-execution-2021-01-01-2021-06-30.csv,212907,250000,0,ETHUSD
2021-05-22 12:00:00,150000,936c11ec-bd43-2fe7-e2f6-71c73a05c2df,aoa-execution-2021-01-01-2021-06-30.csv,210716,150000,0,ETHUSD
2021-05-22 20:00:00,150000,09899232-6572-9856-3383-df205b11501c,aoa-execution-2021-01-01-2021-06-30.csv,210209,150000,0,ETHUSD
2021-05-23 04:00:00,150000,1190dce3-22da-4a76-319e-e3a43911d593,aoa-execution-2021-01-01-2021-06-30.csv,219444,150000,0,ETHUSD
2021-05-23 12:00:00,100000,b11a4aca-d3fb-b8bc-446b-94596a622968,aoa-execution-2021-01-01-2021-06-30.csv,213433,100000,0,ETHUSD
2021-05-23 20:00:00,355734,6249c55e-dbe8-3f39-97ba-4d2024d9e0af,aoa-execution-2021-01-01-2021-06-30.csv,221829,355734,0,ETHUSD
2021-05-24 04:00:00,400027,4b2712c0-5ecc-5e25-2a9c-e79f4181d39a,aoa-execution-2021-01-01-2021-06-30.csv,228254,400027,0,ETHUSD
2021-05-24 12:00:00,74493,333a2526-7d30-bb90-0c65-37a211e933ca,aoa-execution-2021-01-01-2021-06-30.csv,230368,74493,0,ETHUSD
2021-05-24 20:00:00,217122,a9011c6d-c1f8-4ca5-c482-b8c992b9b699,aoa-execution-2021-01-01-2021-06-30.csv,231216,-217122,0,ETHUSD
2021-05-25 04:00:00,200048,af8512ce-aec3-ecf2-17df-0ad7ee36225c,aoa-execution-2021-01-01-2021-06-30.csv,238547,-200048,0,ETHUSD
2021-05-25 12:00:00,249952,ef64789e-7126-92bb-0905-46685f13858e,aoa-execution-2021-01-01-2021-06-30.csv,234410,249952,0,ETHUSD
2021-05-25 20:00:00,249952,5cf69fb0-f84b-513a-2ad1-dbdefdedb8b8,aoa-execution-2021-01-01-2021-06-30.csv,238549,249952,0,ETHUSD
2021-05-26 04:00:00,249952,826f8b18-686b-277f-201f-d7248097e953,aoa-execution-2021-01-01-2021-06-30.csv,243158,249952,0,ETHUSD
2021-05-26 12:00:00,149952,a1838ee3-a267-4dc3-c7d2-f2eaa6646deb,aoa-execution-2021-01-01-2021-06-30.csv,243135,149952,0,ETHUSD
2021-05-26 20:00:00,66022,8d4db0e2-cdcd-78fa-5c73-17bb466db939,aoa-execution-2021-01-01-2021-06-30.csv,243133,66022,0,ETHUSD
2021-05-27 04:00:00,66022,bd59422a-cfea-7803-5513-0f040e891c1c,aoa-execution-2021-01-01-2021-06-30.csv,243159,66022,0,ETHUSD
2021-05-27 12:00:00,66022,a1568b53-055e-1be6-5bd7-33c04248b806,aoa-execution-2021-01-01-2021-06-30.csv,243712,66022,0,ETHUSD
2021-05-27 20:00:00,66022,7ab9b715-398b-99ee-c14a-00f98d4897a7,aoa-execution-2021-01-01-2021-06-30.csv,243711,66022,0,ETHUSD
2021-05-28 12:00:00,84406,66023d44-7ee4-d75f-08dc-ad654131053a,aoa-execution-2021-01-01-2021-06-30.csv,244758,84406,0,ETHUSD
2021-05-28 20:00:00,84406,3ed400ef-205d-4c50-4b14-fe3504f37a32,aoa-execution-2021-01-01-2021-06-30.csv,248211,84406,0,ETHUSD
2021-05-29 04:00:00,84406,a8bb6515-80cd-88ab-8a6b-d9e6918fc31f,aoa-execution-2021-01-01-2021-06-30.csv,251926,84406,0,ETHUSD
2021-05-29 12:00:00,84406,d885919a-8d0b-48fb-d34e-b8e71c573718,aoa-execution-2021-01-01-2021-06-30.csv,251194,84406,0,ETHUSD
2021-05-29 20:00:00,84406,c3280dc7-364e-a260-1240-bb321b073635,aoa-execution-2021-01-01-2021-06-30.csv,252774,84406,0,ETHUSD
2021-05-30 04:00:00,196659,0d4226ac-7e68-2c5c-842d-28eff36d66cb,aoa-execution-2021-01-01-2021-06-30.csv,255503,196659,0,ETHUSD
2021-05-30 12:00:00,96659,ce9240f2-9d65-8fd6-62d7-4ef98836069a,aoa-execution-2021-01-01-2021-06-30.csv,259649,96659,0,ETHUSD
2021-05-30 20:00:00,96659,29fb8ec3-25c8-f097-8bee-c0bf68c475fb,aoa-execution-2021-01-01-2021-06-30.csv,258368,96659,0,ETHUSD
2021-05-31 04:00:00,196659,5d0cbaba-ea6a-ea99-8568-4f2aed243a21,aoa-execution-2021-01-01-2021-06-30.csv,266168,196659,0,ETHUSD
2021-05-31 12:00:00,86659,40f22fd0-8371-d34f-798d-fbe2fd6afa75,aoa-execution-2021-01-01-2021-06-30.csv,264087,86659,0,ETHUSD
2021-06-01 12:00:00,150000,6f60ca5b-439e-bc86-6ce1-e33637251c7f,aoa-execution-2021-01-01-2021-06-30.csv,274014,150000,0,ETHUSD
2021-06-01 20:00:00,145171,320e5122-c52c-e930-76df-ed322b25cc4e,aoa-execution-2021-01-01-2021-06-30.csv,272258,145171,0,ETHUSD
2021-06-02 04:00:00,145171,57a8fcc4-cfa3-e7d8-ecf8-dd55bd7e0002,aoa-execution-2021-01-01-2021-06-30.csv,276750,145171,0,ETHUSD
2021-06-02 12:00:00,300050,c09be216-aa54-cb0c-e71b-2c7c71f943b5,aoa-execution-2021-01-01-2021-06-30.csv,274015,300050,0,ETHUSD
2021-06-02 20:00:00,399507,1123ad26-f4bc-5066-e1cd-a10c3510c0f7,aoa-execution-2021-01-01-2021-06-30.csv,278208,399507,0,ETHUSD
2021-06-03 04:00:00,399507,3088730b-5ec8-c098-c776-35ad38bfe730,aoa-execution-2021-01-01-2021-06-30.csv,283491,399507,0,ETHUSD
2021-06-03 12:00:00,111540,5c95f341-4b00-e240-76c2-e6e1f408ef2b,aoa-execution-2021-01-01-2021-06-30.csv,284542,111540,0,ETHUSD
2021-06-03 20:00:00,16443,804b5b47-38a4-8978-3cb6-71a8da8757ea,aoa-execution-2021-01-01-2021-06-30.csv,299603,16443,0,ETHUSD
2021-06-04 04:00:00,183182,f5b82584-33f8-b720-bcb4-9aa5eb269e9e,aoa-execution-2021-01-01-2021-06-30.csv,303587,-183182,0,ETHUSD
2021-06-04 12:00:00,183182,549c0252-1e12-9328-5008-8e82fa7d2183,aoa-execution-2021-01-01-2021-06-30.csv,301510,-183182,0,ETHUSD
2021-06-04 20:00:00,408412,649b1623-93f3-1f00-9d7a-8290f6816365,aoa-execution-2021-01-01-2021-06-30.csv,303578,-408412,0,ETHUSD
2021-06-05 04:00:00,408412,ea318c8a-a9c9-0920-8548-d981f33e1364,aoa-execution-2021-01-01-2021-06-30.csv,314041,-408412,0,ETHUSD
2021-06-05 12:00:00,322843,04296de8-b80d-140f-c4a4-51f20419bafb,aoa-execution-2021-01-01-2021-06-30.csv,311149,-322843,0,ETHUSD
2021-06-05 20:00:00,328717,2f4f4ec2-edbd-3804-cf3d-94a8da1e1567,aoa-execution-2021-01-01-2021-06-30.csv,311290,-328717,0,ETHUSD
2021-06-06 04:00:00,328717,e4885a12-d848-2289-19f9-4c69d1c1873d,aoa-execution-2021-01-01-2021-06-30.csv,314390,-328717,0,ETHUSD
2021-06-06 12:00:00,328717,5bab4ded-72b1-6dda-b0ce-916cbce7b092,aoa-execution-2021-01-01-2021-06-30.csv,314383,-328717,0,ETHUSD
2021-06-06 20:00:00,328717,1d8c85e5-a7e9-8b60-abd4-7c4a9c775283,aoa-execution-2021-01-01-2021-06-30.csv,314346,-328717,0,ETHUSD
2021-06-07 04:00:00,328717,40e29bee-8173-5046-749c-695df9bbbb87,aoa-execution-2021-01-01-2021-06-30.csv,317153,-328717,0,ETHUSD
2021-06-07 12:00:00,328717,e33ab711-13ae-dd3e-1ca8-a3228f605108,aoa-execution-2021-01-01-2021-06-30.csv,315900,-328717,0,ETHUSD
2021-06-07 20:00:00,408816,eaa1bbee-8fbf-c950-2823-1cb91d210eda,aoa-execution-2021-01-01-2021-06-30.csv,315871,-408816,0,ETHUSD
2021-06-08 04:00:00,99834,1a282106-71ac-a214-53d4-e7994c3b621b,aoa-execution-2021-01-01-2021-06-30.csv,320672,-99834,0,ETHUSD
2021-06-08 12:00:00,116299,ece7baf3-b41c-d6ef-f36f-4248d2755d4a,aoa-execution-2021-01-01-2021-06-30.csv,323982,-116299,0,ETHUSD
2021-06-08 20:00:00,305337,0debfa1f-b425-c8dd-cf40-11890be51445,aoa-execution-2021-01-01-2021-06-30.csv,317194,305337,0,ETHUSD
2021-06-09 04:00:00,271802,2f10956c-b7f0-5daf-a147-657a6daa5966,aoa-execution-2021-01-01-2021-06-30.csv,326947,271802,0,ETHUSD
2021-06-09 12:00:00,399221,c89b9e90-4784-3d94-f9ea-996e24a860c0,aoa-execution-2021-01-01-2021-06-30.csv,329766,-399221,0,ETHUSD
2021-06-09 20:00:00,249221,71b9c84f-14ec-fc3a-2e71-5d1e37336be5,aoa-execution-2021-01-01-2021-06-30.csv,329774,-249221,0,ETHUSD
2021-06-10 04:00:00,249221,c9980791-5dd5-05a1-0645-dc2c7a701181,aoa-execution-2021-01-01-2021-06-30.csv,346906,-249221,0,ETHUSD
2021-06-10 12:00:00,73595,d6c4d7ee-1326-3023-004e-6bf5756abcec,aoa-execution-2021-01-01-2021-06-30.csv,345373,-73595,0,ETHUSD
2021-06-11 20:00:00,50000,1d69e70f-f3e8-9bc7-ce5a-8b175bf49c48,aoa-execution-2021-01-01-2021-06-30.csv,349077,50000,0,ETHUSD
2021-06-12 04:00:00,102707,9cc4c74b-1051-b452-00eb-93564386f260,aoa-execution-2021-01-01-2021-06-30.csv,351493,102707,0,ETHUSD
2021-06-12 12:00:00,102707,e07bd7b9-9d0c-b1b2-1601-6e43575eebec,aoa-execution-2021-01-01-2021-06-30.csv,350020,102707,0,ETHUSD
2021-06-12 20:00:00,102707,709adbeb-9008-b1f8-6b37-a415ca958eac,aoa-execution-2021-01-01-2021-06-30.csv,351480,102707,0,ETHUSD
2021-06-13 04:00:00,102707,071239ed-7ca2-ac96-b3b3-5d129046242d,aoa-execution-2021-01-01-2021-06-30.csv,355566,102707,0,ETHUSD
2021-06-13 12:00:00,102707,fece9017-0a66-bce8-fad7-664226f61f1f,aoa-execution-2021-01-01-2021-06-30.csv,355592,102707,0,ETHUSD
2021-06-13 20:00:00,102707,4c710565-4456-0898-5eac-441411a9a7e5,aoa-execution-2021-01-01-2021-06-30.csv,354009,102707,0,ETHUSD
2021-06-14 04:00:00,102707,c7a2e918-4071-7c85-b510-e98dabd5dd8f,aoa-execution-2021-01-01-2021-06-30.csv,360629,102707,0,ETHUSD
2021-06-14 12:00:00,102707,02ff1791-4e63-3f9d-6aa2-af4066d87b50,aoa-execution-2021-01-01-2021-06-30.csv,358017,102707,0,ETHUSD
2021-06-14 20:00:00,185283,b43a7788-4cd3-4805-dfdf-83f7b829b537,aoa-execution-2021-01-01-2021-06-30.csv,358790,-185283,0,ETHUSD
2021-06-15 04:00:00,283981,9f616e8f-4e32-2f14-3027-3008d16c1367,aoa-execution-2021-01-01-2021-06-30.csv,361983,-283981,0,ETHUSD
2021-06-15 12:00:00,283981,6735a91d-b0e4-2d82-aaa5-30c5ef7f1e2a,aoa-execution-2021-01-01-2021-06-30.csv,361987,-283981,0,ETHUSD
2021-06-15 20:00:00,283981,5751cb1d-0e4a-c8e3-b70e-d6fd87b743fd,aoa-execution-2021-01-01-2021-06-30.csv,361985,-283981,0,ETHUSD
2021-06-16 04:00:00,283981,8c909d14-c8b5-9b53-33a6-3486dd137d7a,aoa-execution-2021-01-01-2021-06-30.csv,362281,-283981,0,ETHUSD
2021-06-16 12:00:00,283981,ad4b8c3e-db14-2270-397b-3a418a1d0ba0,aoa-execution-2021-01-01-2021-06-30.csv,362412,-283981,0,ETHUSD
2021-06-16 20:00:00,283981,844402f1-2684-4804-b1c2-7cc99b614666,aoa-execution-2021-01-01-2021-06-30.csv,362413,-283981,0,ETHUSD
2021-06-17 04:00:00,283981,0d9d5ab9-5cc4-33c7-e2af-79cc8ef8ff5d,aoa-execution-2021-01-01-2021-06-30.csv,363440,-283981,0,ETHUSD
2021-06-17 12:00:00,283981,89f2f0c2-7074-8067-9d45-77e10bcf31a4,aoa-execution-2021-01-01-2021-06-30.csv,363840,-283981,0,ETHUSD
2021-06-17 20:00:00,180031,da443f56-d434-0ae2-298d-c086526142c4,aoa-execution-2021-01-01-2021-06-30.csv,363438,-180031,0,ETHUSD
2021-06-18 04:00:00,101039,9a10a492-2659-8cd7-6f44-247b2cd55b3b,aoa-execution-2021-01-01-2021-06-30.csv,375558,-101039,0,ETHUSD
2021-06-21 12:00:00,4991,58ddcc35-2f65-0729-7bb5-38e23a741c60,aoa-execution-2021-01-01-2021-06-30.csv,386355,-4991,0,ETHUSD
2021-06-21 20:00:00,4399,5885f3c8-98d2-f425-1f84-6f4287fdf0c4,aoa-execution-2021-01-01-2021-06-30.csv,408885,-4399,0,ETHUSD
2021-06-22 04:00:00,254065,856f8499-bd75-ba3b-b197-e375a6edcc2b,aoa-execution-2021-01-01-2021-06-30.csv,417152,-254065,0,ETHUSD
2021-06-22 20:00:00,302704,db9f353a-6ee2-0ccb-4702-c128615eb3b9,aoa-execution-2021-01-01-2021-06-30.csv,418438,-302704,0,ETHUSD
2021-06-23 04:00:00,215661,b9ca97ed-c901-73c6-7ebc-319bdd5b0ba7,aoa-execution-2021-01-01-2021-06-30.csv,434992,-215661,0,ETHUSD
2021-06-23 12:00:00,215661,3342a0b1-36d1-d62d-0e37-f990d641fc9f,aoa-execution-2021-01-01-2021-06-30.csv,438177,-215661,0,ETHUSD
2021-06-23 20:00:00,115661,26acfe58-0c5a-0de2-089b-88393bbb4c98,aoa-execution-2021-01-01-2021-06-30.csv,436688,-115661,0,ETHUSD
2021-06-24 04:00:00,135099,0df6a6b4-e58a-fabe-2449-715a66d91414,aoa-execution-2021-01-01-2021-06-30.csv,443028,135099,0,ETHUSD
2021-06-24 12:00:00,135099,184ccf41-c46a-328d-260a-a12e33adafff,aoa-execution-2021-01-01-2021-06-30.csv,442811,135099,0,ETHUSD
2021-06-24 20:00:00,135099,304b60b9-74d3-a435-e6e0-d6a8f36508be,aoa-execution-2021-01-01-2021-06-30.csv,439787,135099,0,ETHUSD
2021-06-25 04:00:00,135099,3e4de28e-c71d-aaf6-67cd-531c5d6230d9,aoa-execution-2021-01-01-2021-06-30.csv,443033,135099,0,ETHUSD
2021-06-25 12:00:00,135099,a9cd9185-3494-ea97-bcc0-523a74cb5461,aoa-execution-2021-01-01-2021-06-30.csv,443374,135099,0,ETHUSD
2021-06-25 20:00:00,135099,c5a32b41-ed0d-662e-0b55-998c4399edd4,aoa-execution-2021-01-01-2021-06-30.csv,443031,135099,0,ETHUSD
2021-06-26 04:00:00,135099,2eb5ac17-5d62-b305-d35c-c613f4ce6d7f,aoa-execution-2021-01-01-2021-06-30.csv,443377,135099,0,ETHUSD
2021-06-26 20:00:00,400000,3c8c222c-ba40-fcb6-a43c-41e607dde167,aoa-execution-2021-01-01-2021-06-30.csv,449044,-400000,0,ETHUSD
2021-06-27 04:00:00,600000,111475fe-50f5-08a2-828e-d284005889f5,aoa-execution-2021-01-01-2021-06-30.csv,450557,-600000,0,ETHUSD
2021-06-27 12:00:00,600000,34d940bb-3d42-c915-b89c-1269b15bac44,aoa-execution-2021-01-01-2021-06-30.csv,450559,-600000,0,ETHUSD
2021-06-27 20:00:00,600000,b23056fd-c6e7-d57c-3f9f-4592583db814,aoa-execution-2021-01-01-2021-06-30.csv,449046,-600000,0,ETHUSD
2021-06-28 04:00:00,600000,35031a3a-ffaa-a1c8-912a-cffa472213c0,aoa-execution-2021-01-01-2021-06-30.csv,451672,-600000,0,ETHUSD
2021-06-28 12:00:00,600000,e6171885-ca8c-f460-b041-284fabcd192e,aoa-execution-2021-01-01-2021-06-30.csv,451675,-600000,0,ETHUSD
2021-06-28 20:00:00,604807,a21a5fde-41df-86b6-a091-66ba517fcc3a,aoa-execution-2021-01-01-2021-06-30.csv,451698,-604807,0,ETHUSD
2021-06-29 04:00:00,674807,843f3f4c-6b0e-7815-e2d4-3b7995564ff5,aoa-execution-2021-01-01-2021-06-30.csv,451700,-674807,0,ETHUSD
2021-06-29 12:00:00,674807,10ef1d42-4758-f5a4-d941-c89d0f021594,aoa-execution-2021-01-01-2021-06-30.csv,451702,-674807,0,ETHUSD
2021-06-29 20:00:00,674807,9a1026d2-c151-86ec-df56-81d92436554b,aoa-execution-2021-01-01-2021-06-30.csv,451705,-674807,0,ETHUSD
2021-06-30 04:00:00,674807,f0a3cf4b-d0e1-17a8-069e-320ce543547f,aoa-execution-2021-01-01-2021-06-30.csv,451709,-674807,0,ETHUSD
2021-06-30 12:00:00,549938,778cda64-a393-c067-84db-a4c6ccd9caf3,aoa-execution-2021-01-01-2021-06-30.csv,453600,-549938,0,ETHUSD
2021-06-30 20:00:00,352503,4ca5539b-9b8c-4466-d67f-82897e9d02c0,aoa-execution-2021-01-01-2021-06-30.csv,457603,-352503,0,ETHUSD
2021-07-01 04:00:00,571818,cf731660-8cf4-a3f3-8ed3-0ed48a332d63,aoa-execution-2021-07-01-2021-12-31.csv,2742,-571818,0,ETHUSD
2021-07-01 12:00:00,571818,6de2c63a-899d-83e3-00ef-e22144db0986,aoa-execution-2021-07-01-2021-12-31.csv,3387,-571818,0,ETHUSD
2021-07-01 20:00:00,301542,789464a3-3c4b-41ad-8713-d4fbda18afeb,aoa-execution-2021-07-01-2021-12-31.csv,3389,-301542,0,ETHUSD
2021-07-02 04:00:00,101542,147945e6-588c-3267-c10c-67f5dce875d1,aoa-execution-2021-07-01-2021-12-31.csv,5286,-101542,0,ETHUSD
2021-07-04 20:00:00,200000,0623789b-7cd5-f46b-5ea8-c7de028c848c,aoa-execution-2021-07-01-2021-12-31.csv,8979,-200000,0,ETHUSD
2021-07-05 04:00:00,300000,6294c01b-7940-49b9-9164-981e0525dd74,aoa-execution-2021-07-01-2021-12-31.csv,10199,-300000,0,ETHUSD
2021-07-05 12:00:00,441212,bd233ae3-e3f5-e1ef-c0f2-7673889fb742,aoa-execution-2021-07-01-2021-12-31.csv,10672,-441212,0,ETHUSD
2021-07-05 20:00:00,600000,469f0874-d2f2-e99d-5e79-051611e42131,aoa-execution-2021-07-01-2021-12-31.csv,10200,-600000,0,ETHUSD
2021-07-06 04:00:00,600000,f17d0874-7b4f-a163-079b-7dae04727819,aoa-execution-2021-07-01-2021-12-31.csv,12470,-600000,0,ETHUSD
2021-07-06 12:00:00,600000,cd040d09-82cb-ab3f-f125-3e5235f958bf,aoa-execution-2021-07-01-2021-12-31.csv,12473,-600000,0,ETHUSD
2021-07-06 20:00:00,600000,d7a2756c-25de-63a6-49b6-c92bd3294d63,aoa-execution-2021-07-01-2021-12-31.csv,12471,-600000,0,ETHUSD
2021-07-07 04:00:00,600000,35cd8231-2eca-bca4-bcfa-096d47fa9e25,aoa-execution-2021-07-01-2021-12-31.csv,12476,-600000,0,ETHUSD
2021-07-07 12:00:00,600000,26451d7a-183b-d4ac-7e1a-d6679bcb4458,aoa-execution-2021-07-01-2021-12-31.csv,12543,-600000,0,ETHUSD
2021-07-07 20:00:00,600000,ddc339c0-51ab-8442-1be5-93f47d29d025,aoa-execution-2021-07-01-2021-12-31.csv,12690,-600000,0,ETHUSD
2021-07-08 04:00:00,563166,dee89ec1-4fa0-7eb9-a5f2-e661971df9ef,aoa-execution-2021-07-01-2021-12-31.csv,15519,-563166,0,ETHUSD
2021-07-08 12:00:00,175175,14f3ff04-5aaa-3bf7-e31a-049abaa71af7,aoa-execution-2021-07-01-2021-12-31.csv,17589,-175175,0,ETHUSD
2021-07-08 20:00:00,175175,4bbb9d21-1746-dba8-a164-c984908bb1e5,aoa-execution-2021-07-01-2021-12-31.csv,15197,-175175,0,ETHUSD
2021-07-26 12:00:00,403184,5d41d1b7-9a19-3bf5-142e-e32c48e571a3,aoa-execution-2021-07-01-2021-12-31.csv,26868,-403184,0,ETHUSD
2021-07-26 20:00:00,500379,ab9edfef-8378-6a4e-84a6-ca50594216ef,aoa-execution-2021-07-01-2021-12-31.csv,31599,-500379,0,ETHUSD
2021-07-27 04:00:00,500379,2ba0a3cc-4e0d-adc1-5ea8-6433075545c1,aoa-execution-2021-07-01-2021-12-31.csv,36752,-500379,0,ETHUSD
2021-07-27 12:00:00,500379,64b10694-92e2-af40-58ea-474bba899cf4,aoa-execution-2021-07-01-2021-12-31.csv,34489,-500379,0,ETHUSD
2021-07-27 20:00:00,300379,f663e00e-81af-a292-c439-d64c74d57d36,aoa-execution-2021-07-01-2021-12-31.csv,35620,-300379,0,ETHUSD
2021-07-28 04:00:00,300379,0fc3e51b-ca22-76a4-b350-22e47e33b70e,aoa-execution-2021-07-01-2021-12-31.csv,38414,-300379,0,ETHUSD
2021-07-28 12:00:00,300379,8da4e5a4-a722-35df-62ab-c1b92464123e,aoa-execution-2021-07-01-2021-12-31.csv,38288,-300379,0,ETHUSD
2021-07-28 20:00:00,300379,c6423896-411d-451d-a7fc-0a2638a69d4a,aoa-execution-2021-07-01-2021-12-31.csv,37496,-300379,0,ETHUSD
2021-07-29 04:00:00,300379,5c224097-5c02-f47f-30ee-6610a58f0462,aoa-execution-2021-07-01-2021-12-31.csv,39031,-300379,0,ETHUSD
2021-07-29 12:00:00,300379,eb89960a-d670-ddd2-c1ec-9dd24de15729,aoa-execution-2021-07-01-2021-12-31.csv,39030,-300379,0,ETHUSD
2021-07-29 20:00:00,300379,a6606d8a-89cf-816b-5b6b-fff570a73b92,aoa-execution-2021-07-01-2021-12-31.csv,39033,-300379,0,ETHUSD
2021-07-30 04:00:00,300379,a4c57e5d-219f-7f9d-98f6-d43d34cbccf4,aoa-execution-2021-07-01-2021-12-31.csv,39960,-300379,0,ETHUSD
2021-07-30 12:00:00,300379,212fef60-5fc8-0985-a1a4-5fd758af0211,aoa-execution-2021-07-01-2021-12-31.csv,39709,-300379,0,ETHUSD
2021-07-30 20:00:00,300379,62cc6121-35b6-3483-b2a6-2823abf56b35,aoa-execution-2021-07-01-2021-12-31.csv,39035,-300379,0,ETHUSD
2021-07-31 04:00:00,300379,9769fa19-8275-2155-a061-30894662b574,aoa-execution-2021-07-01-2021-12-31.csv,39966,-300379,0,ETHUSD
2021-07-31 12:00:00,300379,49d76980-9a54-3c21-41c7-0caa8c21ab91,aoa-execution-2021-07-01-2021-12-31.csv,39962,-300379,0,ETHUSD
2021-07-31 20:00:00,300379,2b4f8a05-22b8-0e1d-5eec-decdf2c37160,aoa-execution-2021-07-01-2021-12-31.csv,39964,-300379,0,ETHUSD
2021-08-01 04:00:00,300379,fb973fcd-f450-75ed-fe2d-c4a89ce957fe,aoa-execution-2021-07-01-2021-12-31.csv,40092,-300379,0,ETHUSD
2021-08-01 12:00:00,300379,115fe3d5-036b-b86f-0c5d-1fcb2479bcfe,aoa-execution-2021-07-01-2021-12-31.csv,39969,-300379,0,ETHUSD
2021-08-01 20:00:00,400379,2571c3d1-9f88-3cd3-c34a-efd976d42f4a,aoa-execution-2021-07-01-2021-12-31.csv,40091,-400379,0,ETHUSD
2021-08-02 04:00:00,600538,f68f8e02-5b50-2d31-fa25-e67c325013b6,aoa-execution-2021-07-01-2021-12-31.csv,41364,-600538,0,ETHUSD
2021-08-02 12:00:00,600538,9c0ca5c4-949a-919f-b6c9-667154f7d93c,aoa-execution-2021-07-01-2021-12-31.csv,44579,-600538,0,ETHUSD
2021-08-02 20:00:00,600538,6e96aa5d-7731-e457-8128-5a81e6fb7edf,aoa-execution-2021-07-01-2021-12-31.csv,41542,-600538,0,ETHUSD
2021-08-03 04:00:00,300538,6e7ff832-c00f-9ebc-008f-8e5953b4a405,aoa-execution-2021-07-01-2021-12-31.csv,47025,-300538,0,ETHUSD
2021-08-07 12:00:00,100000,cc377650-a038-0176-5381-cc237d2b3db1,aoa-execution-2021-07-01-2021-12-31.csv,61647,-100000,0,ETHUSD
2021-08-07 20:00:00,341949,7ef6ac74-cd8a-f4a0-c3b1-e4850f054f85,aoa-execution-2021-07-01-2021-12-31.csv,54106,-341949,0,ETHUSD
2021-08-08 04:00:00,500712,d219d68d-14a8-6cb0-5705-4e6c5aa383af,aoa-execution-2021-07-01-2021-12-31.csv,69062,-500712,0,ETHUSD
2021-08-08 12:00:00,500712,287b0c09-a58e-8c95-63d3-861b1d4852fe,aoa-execution-2021-07-01-2021-12-31.csv,64816,-500712,0,ETHUSD
2021-08-08 20:00:00,100527,088dda5a-8b6e-2044-2cb4-60241c74ce11,aoa-execution-2021-07-01-2021-12-31.csv,70309,-100527,0,ETHUSD
2021-08-09 04:00:00,108716,0f2430b4-7b98-a15b-5752-ae8a11af0ef5,aoa-execution-2021-07-01-2021-12-31.csv,80948,-108716,0,ETHUSD
2021-08-09 12:00:00,500199,646f0f5a-ee45-dcc0-f80c-090db5f07cd5,aoa-execution-2021-07-01-2021-12-31.csv,76822,-500199,0,ETHUSD
2021-08-09 20:00:00,500199,6156ff00-0bb7-ea1c-294d-8a7c1685e9c4,aoa-execution-2021-07-01-2021-12-31.csv,81582,-500199,0,ETHUSD
2021-08-10 04:00:00,500589,5865bbe0-ede2-3f7a-e5d3-9c12e313f2a6,aoa-execution-2021-07-01-2021-12-31.csv,85547,-500589,0,ETHUSD
2021-08-10 12:00:00,500589,25fff5c8-46fd-f791-f38f-ab3f80b37a9f,aoa-execution-2021-07-01-2021-12-31.csv,83765,-500589,0,ETHUSD
2021-08-10 20:00:00,500913,f4afbd8c-23db-a76c-433d-e3cf20b36531,aoa-execution-2021-07-01-2021-12-31.csv,87521,-500913,0,ETHUSD
2021-08-11 04:00:00,500913,c68a8e1a-96b8-48f4-fdd8-82c0c22f1e9f,aoa-execution-2021-07-01-2021-12-31.csv,89092,-500913,0,ETHUSD
2021-08-11 12:00:00,500913,3c475562-decf-1e26-f0bc-c6b917e4b6a7,aoa-execution-2021-07-01-2021-12-31.csv,88939,-500913,0,ETHUSD
2021-08-11 20:00:00,500913,a185e9be-a7cb-fb68-e372-a4aadf307c78,aoa-execution-2021-07-01-2021-12-31.csv,89094,-500913,0,ETHUSD
2021-08-12 04:00:00,500913,d9ab7a1a-b83e-2ede-b318-cd0f2abb6a48,aoa-execution-2021-07-01-2021-12-31.csv,92189,-500913,0,ETHUSD
2021-08-12 12:00:00,400913,b71020a9-977a-28ce-c79d-cf6ddbd932ee,aoa-execution-2021-07-01-2021-12-31.csv,89266,-400913,0,ETHUSD
2021-08-12 20:00:00,402997,a9984456-7407-b3ec-2e36-14f66c84b9b3,aoa-execution-2021-07-01-2021-12-31.csv,92367,-402997,0,ETHUSD
2021-08-13 04:00:00,413287,c3133511-c4c1-644d-ad2a-b90748d98966,aoa-execution-2021-07-01-2021-12-31.csv,95484,-413287,0,ETHUSD
2021-08-13 12:00:00,500287,4c47a635-b41f-a3ed-d533-1e4645795b28,aoa-execution-2021-07-01-2021-12-31.csv,96161,-500287,0,ETHUSD
2021-08-13 20:00:00,500287,a1944aea-4280-b4f1-7249-fde6da421d96,aoa-execution-2021-07-01-2021-12-31.csv,93073,-500287,0,ETHUSD
2021-08-14 04:00:00,500287,f458d701-d590-f5c2-fe98-86c7276befa3,aoa-execution-2021-07-01-2021-12-31.csv,97477,-500287,0,ETHUSD
2021-08-14 12:00:00,500287,d634876c-4e09-5197-e34a-71dd7e7bb4b8,aoa-execution-2021-07-01-2021-12-31.csv,97475,-500287,0,ETHUSD
2021-08-14 20:00:00,500287,a2af7962-9b6f-2276-ad72-7ecbb7425199,aoa-execution-2021-07-01-2021-12-31.csv,96937,-500287,0,ETHUSD
2021-08-15 04:00:00,500287,c2953fef-931d-3203-1299-78f6bfc90599,aoa-execution-2021-07-01-2021-12-31.csv,97493,-500287,0,ETHUSD
2021-08-15 12:00:00,500287,db37bd02-7073-c4a2-57c2-ef03e4a4d868,aoa-execution-2021-07-01-2021-12-31.csv,97479,-500287,0,ETHUSD
2021-08-15 20:00:00,500287,cff88f84-418c-d84b-a6de-5fe6651ebf17,aoa-execution-2021-07-01-2021-12-31.csv,97495,-500287,0,ETHUSD
2021-08-16 04:00:00,500287,4e9d5bc6-cd7c-319f-4439-fd4a879f926b,aoa-execution-2021-07-01-2021-12-31.csv,97497,-500287,0,ETHUSD
2021-08-16 12:00:00,500287,2116abd8-6518-0565-a443-46b9f301b296,aoa-execution-2021-07-01-2021-12-31.csv,97499,-500287,0,ETHUSD
2021-08-16 20:00:00,500287,a09fb174-52b0-60de-77b1-33779d2f5c11,aoa-execution-2021-07-01-2021-12-31.csv,97501,-500287,0,ETHUSD
2021-08-17 04:00:00,500287,dd0a02da-1df4-b9ad-0b3a-dbcb7c68d22e,aoa-execution-2021-07-01-2021-12-31.csv,98609,-500287,0,ETHUSD
2021-08-17 12:00:00,500287,39e6367c-36a7-8d95-1b44-e6ec5dd8b2de,aoa-execution-2021-07-01-2021-12-31.csv,97504,-500287,0,ETHUSD
2021-08-17 20:00:00,500287,307c6dd2-271a-e9c5-4cf8-44b3ee668836,aoa-execution-2021-07-01-2021-12-31.csv,97662,-500287,0,ETHUSD
2021-08-18 04:00:00,190714,0c08721a-9009-4c0e-365f-17ac80877f8d,aoa-execution-2021-07-01-2021-12-31.csv,101591,-190714,0,ETHUSD
2021-08-18 12:00:00,315331,4ac330e0-7d6f-f67a-b33a-5d4d8f688250,aoa-execution-2021-07-01-2021-12-31.csv,108593,-315331,0,ETHUSD
2021-08-18 20:00:00,281388,f96d88f8-34ae-5a7e-74c6-1cff18ecc2a9,aoa-execution-2021-07-01-2021-12-31.csv,105325,-281388,0,ETHUSD
2021-08-24 20:00:00,598,6b76ff24-d549-c7fb-1671-7d49276f4c02,aoa-execution-2021-07-01-2021-12-31.csv,117989,-598,0,ETHUSD
2021-08-25 04:00:00,1806,ccd897df-6f9c-deee-3b78-2e5767df9d28,aoa-execution-2021-07-01-2021-12-31.csv,117992,-1806,0,ETHUSD
2021-08-25 12:00:00,2961,8470fc38-f15a-d1a9-3770-de562a34d9e0,aoa-execution-2021-07-01-2021-12-31.csv,119427,-2961,0,ETHUSD
2021-08-25 20:00:00,250598,ede76835-795e-638b-83db-bbf9e28453ec,aoa-execution-2021-07-01-2021-12-31.csv,119889,-250598,0,ETHUSD
2021-08-26 04:00:00,300598,6d18c091-31aa-29e2-059c-08254e4edc2f,aoa-execution-2021-07-01-2021-12-31.csv,124630,-300598,0,ETHUSD
2021-08-28 04:00:00,170889,4867d836-ad08-4d18-6e20-8566c23842ea,aoa-execution-2021-07-01-2021-12-31.csv,128143,-170889,0,ETHUSD
2021-08-28 12:00:00,170889,a18c1844-a300-c872-90eb-71ba2cfd1849,aoa-execution-2021-07-01-2021-12-31.csv,128141,-170889,0,ETHUSD
2021-08-28 20:00:00,170889,05d9f5ef-3e63-95c9-fb32-7905b2ab58c0,aoa-execution-2021-07-01-2021-12-31.csv,128139,-170889,0,ETHUSD
2021-08-29 04:00:00,200000,8c8d277f-e98a-a91c-b045-0b19270dae85,aoa-execution-2021-07-01-2021-12-31.csv,128226,-200000,0,ETHUSD
2021-08-29 12:00:00,166784,d8482a17-52e9-0f40-a169-38c365481ab6,aoa-execution-2021-07-01-2021-12-31.csv,128145,-166784,0,ETHUSD
2021-08-29 20:00:00,150000,304ba71b-10c6-0cc9-a659-8545469ef6c4,aoa-execution-2021-07-01-2021-12-31.csv,129242,-150000,0,ETHUSD
2021-09-02 04:00:00,100000,99837c39-a401-b8a7-657f-e56a036e8906,aoa-execution-2021-07-01-2021-12-31.csv,133568,100000,0,ETHUSD
2021-09-02 12:00:00,140290,9f69c909-9fa8-0b3e-b248-08a8f091478e,aoa-execution-2021-07-01-2021-12-31.csv,133421,140290,0,ETHUSD
2021-09-02 20:00:00,190290,aadd1a2c-5ae8-d412-0175-d5112116fc2a,aoa-execution-2021-07-01-2021-12-31.csv,132270,190290,0,ETHUSD
2021-09-03 04:00:00,200000,ecdea52b-ed69-4f1e-4a25-06f738008ec2,aoa-execution-2021-07-01-2021-12-31.csv,134390,200000,0,ETHUSD
2021-09-03 12:00:00,100000,c5583bd0-2ed3-15b3-c1aa-13b9505cd0fd,aoa-execution-2021-07-01-2021-12-31.csv,135714,100000,0,ETHUSD
2021-09-03 20:00:00,100000,f60efb3f-a814-4ba8-9c68-da5a6c5e5942,aoa-execution-2021-07-01-2021-12-31.csv,136084,100000,0,ETHUSD
2021-09-04 04:00:00,100000,29824216-8ae9-de66-dfda-9c1dd49f031f,aoa-execution-2021-07-01-2021-12-31.csv,136239,100000,0,ETHUSD
2021-09-04 12:00:00,100000,272aa14a-67ff-092d-c305-cab21665410e,aoa-execution-2021-07-01-2021-12-31.csv,136242,100000,0,ETHUSD
2021-09-04 20:00:00,100000,ae3286ff-67a4-3033-1b98-d48e9717d4f1,aoa-execution-2021-07-01-2021-12-31.csv,136244,100000,0,ETHUSD
2021-09-05 04:00:00,100000,c7956c00-da3a-3bef-4329-6f4f1a477a8b,aoa-execution-2021-07-01-2021-12-31.csv,136245,100000,0,ETHUSD
2021-09-05 12:00:00,100000,080e9ea3-01cd-7375-2a5a-77386ee1105b,aoa-execution-2021-07-01-2021-12-31.csv,136249,100000,0,ETHUSD
2021-09-05 20:00:00,100000,6c20041c-9deb-1832-f797-a61be64758d3,aoa-execution-2021-07-01-2021-12-31.csv,136247,100000,0,ETHUSD
2021-09-06 04:00:00,100000,062f37dc-a878-a755-6ab1-b88d438ec9d0,aoa-execution-2021-07-01-2021-12-31.csv,138730,100000,0,ETHUSD
2021-09-06 12:00:00,100000,94e398df-f2c8-6552-2136-8e198127b989,aoa-execution-2021-07-01-2021-12-31.csv,138322,100000,0,ETHUSD
2021-09-06 20:00:00,100000,08809c33-2676-8ef9-0a73-5a5893cfb069,aoa-execution-2021-07-01-2021-12-31.csv,137518,100000,0,ETHUSD
2021-09-07 04:00:00,100000,c7128698-a67f-7a37-084d-14b78f657f76,aoa-execution-2021-07-01-2021-12-31.csv,145390,100000,0,ETHUSD
2021-09-07 12:00:00,100000,da493016-a1ec-ff9f-980c-1b1c7ec05411,aoa-execution-2021-07-01-2021-12-31.csv,143743,100000,0,ETHUSD
2021-09-07 20:00:00,150000,f2671ab7-72cb-3ffc-2cdc-204da00d6b30,aoa-execution-2021-07-01-2021-12-31.csv,143745,150000,0,ETHUSD
2021-09-08 04:00:00,150000,0959bba3-084b-5e7c-f4ba-ea3edb3822b4,aoa-execution-2021-07-01-2021-12-31.csv,145527,150000,0,ETHUSD
2021-09-08 12:00:00,152725,fe2e723c-e82b-2f25-6835-60d28f2c595e,aoa-execution-2021-07-01-2021-12-31.csv,145551,152725,0,ETHUSD
2021-09-08 20:00:00,152725,b24b416c-c283-3b76-6a4d-44eb50519501,aoa-execution-2021-07-01-2021-12-31.csv,145553,152725,0,ETHUSD
2021-09-09 04:00:00,152725,66687af4-9db7-e729-bc6b-a8a92e458b2d,aoa-execution-2021-07-01-2021-12-31.csv,145673,152725,0,ETHUSD
2021-09-09 12:00:00,152725,6c41991b-7039-57ad-f8a4-4018466d0854,aoa-execution-2021-07-01-2021-12-31.csv,145675,152725,0,ETHUSD
2021-09-09 20:00:00,152725,4f146d84-f708-9ad5-c45c-dd86b6972319,aoa-execution-2021-07-01-2021-12-31.csv,145672,152725,0,ETHUSD
2021-09-10 04:00:00,152725,8da982c5-6295-283d-31a9-d204576ea23c,aoa-execution-2021-07-01-2021-12-31.csv,146226,152725,0,ETHUSD
2021-09-10 12:00:00,152725,82bd3d6c-d5f8-7e22-9c34-bd42185dfac2,aoa-execution-2021-07-01-2021-12-31.csv,146221,152725,0,ETHUSD
2021-09-10 20:00:00,152725,d526c120-6d8e-3671-ba5a-a0e13e5d7cca,aoa-execution-2021-07-01-2021-12-31.csv,146223,152725,0,ETHUSD
2021-09-11 04:00:00,152725,5096bae5-beee-0016-a8b8-978712e65899,aoa-execution-2021-07-01-2021-12-31.csv,146819,152725,0,ETHUSD
2021-09-11 12:00:00,152725,3175cf61-8905-43cb-0051-a745855128f4,aoa-execution-2021-07-01-2021-12-31.csv,146816,152725,0,ETHUSD
2021-09-11 20:00:00,152725,c782b42b-937b-d4a1-dbf3-9bb86038dc42,aoa-execution-2021-07-01-2021-12-31.csv,146814,152725,0,ETHUSD
2021-09-12 04:00:00,152725,8fe144ce-d4d7-2d0a-33a8-d0f037bd0dcb,aoa-execution-2021-07-01-2021-12-31.csv,147560,152725,0,ETHUSD
2021-09-12 12:00:00,152725,cad4b3b7-15d2-b986-019f-81b90330e8f1,aoa-execution-2021-07-01-2021-12-31.csv,146820,152725,0,ETHUSD
2021-09-12 20:00:00,100000,17e3965f-c44b-10ba-9f83-7b867fb068c1,aoa-execution-2021-07-01-2021-12-31.csv,146915,100000,0,ETHUSD
2021-09-13 04:00:00,100000,296f206a-b135-11bc-d84b-d6ee3fd2dcbf,aoa-execution-2021-07-01-2021-12-31.csv,147793,100000,0,ETHUSD
2021-09-13 12:00:00,100000,2b694a8d-4bbf-a6a3-5266-c9ce2a9ac13c,aoa-execution-2021-07-01-2021-12-31.csv,147565,100000,0,ETHUSD
2021-09-13 20:00:00,100000,57bd0611-8605-72cd-e191-5c6dd41da00e,aoa-execution-2021-07-01-2021-12-31.csv,147562,100000,0,ETHUSD
2021-09-14 04:00:00,100000,8e091a79-630b-8f63-90a3-f789208078be,aoa-execution-2021-07-01-2021-12-31.csv,147812,100000,0,ETHUSD
2021-09-14 12:00:00,100000,41278d24-8e10-42ab-280b-b0720c71cb6a,aoa-execution-2021-07-01-2021-12-31.csv,148337,100000,0,ETHUSD
2021-09-14 20:00:00,100000,d5bd9e1a-8c9c-fbd2-e367-f6c7efb3e9da,aoa-execution-2021-07-01-2021-12-31.csv,149073,100000,0,ETHUSD
2021-09-15 04:00:00,100000,67c6ceab-3a52-db8c-9ec4-bd56f5bbfa32,aoa-execution-2021-07-01-2021-12-31.csv,151218,100000,0,ETHUSD
2021-09-15 12:00:00,100000,2cb79c27-2c73-8b02-0f38-5b5152bec28f,aoa-execution-2021-07-01-2021-12-31.csv,150420,100000,0,ETHUSD
2021-09-16 12:00:00,154559,3d77f2ee-5b23-8e6c-300f-08edb6e884f5,aoa-execution-2021-07-01-2021-12-31.csv,153564,-154559,0,ETHUSD
2021-09-16 20:00:00,154559,dde215ac-5097-aca6-4f67-9e7d3f0cd3c3,aoa-execution-2021-07-01-2021-12-31.csv,153565,-154559,0,ETHUSD
2021-09-17 04:00:00,154559,89073d29-7edd-f496-71ad-57412556d611,aoa-execution-2021-07-01-2021-12-31.csv,155292,-154559,0,ETHUSD
2021-09-17 12:00:00,154559,c985d6ab-c802-a1dc-3fb3-f76e733ec4ef,aoa-execution-2021-07-01-2021-12-31.csv,154248,-154559,0,ETHUSD
2021-09-17 20:00:00,92394,f34af010-3c0b-bb3f-56ff-415df5519cf3,aoa-execution-2021-07-01-2021-12-31.csv,154825,-92394,0,ETHUSD
2021-09-18 04:00:00,92394,023d8450-e1ce-8cbc-113d-d74222f48bc4,aoa-execution-2021-07-01-2021-12-31.csv,158007,-92394,0,ETHUSD
2021-09-18 12:00:00,242394,c4fa682e-1c13-ff0e-a0e5-c5b03f874259,aoa-execution-2021-07-01-2021-12-31.csv,158010,-242394,0,ETHUSD
2021-09-18 20:00:00,242394,a84a3ec6-c146-2d85-d1f6-495fbe5a1170,aoa-execution-2021-07-01-2021-12-31.csv,161866,-242394,0,ETHUSD
2021-09-19 04:00:00,242394,0ae0575b-e5c0-e293-1823-38fb7bbc63dd,aoa-execution-2021-07-01-2021-12-31.csv,165429,-242394,0,ETHUSD
2021-09-19 12:00:00,242394,c9478c39-1d8c-eb83-c7ca-d96babee6b96,aoa-execution-2021-07-01-2021-12-31.csv,164536,-242394,0,ETHUSD
2021-09-19 20:00:00,242394,381bd7f8-72d9-df85-1927-d6e489494a87,aoa-execution-2021-07-01-2021-12-31.csv,165422,-242394,0,ETHUSD
2021-09-20 04:00:00,242394,d7d23af7-5acb-c545-0862-43f95a0ad613,aoa-execution-2021-07-01-2021-12-31.csv,165438,-242394,0,ETHUSD
2021-09-20 12:00:00,200000,44a94273-ffb7-34cc-2d68-5842990e4929,aoa-execution-2021-07-01-2021-12-31.csv,168573,-200000,0,ETHUSD
2021-09-21 12:00:00,100000,110504ab-0d3e-70ef-74f3-68954addb94e,aoa-execution-2021-07-01-2021-12-31.csv,174048,-100000,0,ETHUSD
2021-09-22 04:00:00,133509,9357ba93-72ce-0fba-adc7-7c13c3ecd126,aoa-execution-2021-07-01-2021-12-31.csv,187482,133509,0,ETHUSD
2021-09-22 12:00:00,75684,f05543ee-53a5-d5c3-8a73-c4a88804dce6,aoa-execution-2021-07-01-2021-12-31.csv,183789,75684,0,ETHUSD
2021-09-22 20:00:00,246491,9ee930e5-3a5c-fc2f-4aee-a5ef74ccbe35,aoa-execution-2021-07-01-2021-12-31.csv,189832,-246491,0,ETHUSD
2021-09-23 04:00:00,246491,1588e462-ed66-f152-701d-a2cc45ef3b3d,aoa-execution-2021-07-01-2021-12-31.csv,189847,-246491,0,ETHUSD
2021-09-23 12:00:00,246491,786da005-9031-e263-11fb-de1aec28661d,aoa-execution-2021-07-01-2021-12-31.csv,189840,-246491,0,ETHUSD
2021-09-23 20:00:00,246491,f8920689-30de-abb5-5db7-6e0016f89973,aoa-execution-2021-07-01-2021-12-31.csv,189835,-246491,0,ETHUSD
2021-09-24 04:00:00,246491,b076873a-ba46-5c54-b916-c07a3dc35688,aoa-execution-2021-07-01-2021-12-31.csv,198672,-246491,0,ETHUSD
2021-09-24 12:00:00,16701,9f948b50-b52b-5240-624f-11afa1a64182,aoa-execution-2021-07-01-2021-12-31.csv,194936,-16701,0,ETHUSD
2021-09-24 20:00:00,366701,633ec379-b2a1-e3d9-c244-ca5209b5c30f,aoa-execution-2021-07-01-2021-12-31.csv,195329,-366701,0,ETHUSD
2021-09-25 04:00:00,366701,f96d94bf-1e7f-ce4d-940b-90352a39f423,aoa-execution-2021-07-01-2021-12-31.csv,200954,-366701,0,ETHUSD
2021-09-25 12:00:00,358534,e496423e-c8aa-d323-f137-aa843890ef1d,aoa-execution-2021-07-01-2021-12-31.csv,200963,-358534,0,ETHUSD
2021-09-25 20:00:00,358534,c753f7ae-99d1-86e5-d26c-a8e631a7619c,aoa-execution-2021-07-01-2021-12-31.csv,200961,-358534,0,ETHUSD
2021-09-26 04:00:00,358534,1d294dc4-b802-c23f-cb34-4eb52f02f560,aoa-execution-2021-07-01-2021-12-31.csv,200968,-358534,0,ETHUSD
2021-09-26 12:00:00,98426,4e959077-be2f-a794-6208-f12bbd77b4e9,aoa-execution-2021-07-01-2021-12-31.csv,215539,98426,0,ETHUSD
2021-09-26 20:00:00,48426,575f5340-c6d5-0381-0f0c-84be6719eaac,aoa-execution-2021-07-01-2021-12-31.csv,207954,48426,0,ETHUSD
2021-09-27 04:00:00,48426,23190155-336f-adec-d7b8-e892baabaa46,aoa-execution-2021-07-01-2021-12-31.csv,215541,48426,0,ETHUSD
2021-09-29 04:00:00,81386,becb3430-01cd-ba69-458e-7b18de8b1776,aoa-execution-2021-07-01-2021-12-31.csv,218322,-81386,0,ETHUSD
2021-09-29 12:00:00,200000,01677683-1c87-be4d-0afd-160d3bf4e1e9,aoa-execution-2021-07-01-2021-12-31.csv,218320,-200000,0,ETHUSD
2021-09-29 20:00:00,200000,854e6043-57ec-1d1b-c0ba-e794e91c0a12,aoa-execution-2021-07-01-2021-12-31.csv,219397,-200000,0,ETHUSD
2021-09-30 04:00:00,200000,4711e168-d2d4-d11b-5ef2-e333d3abcc07,aoa-execution-2021-07-01-2021-12-31.csv,219408,-200000,0,ETHUSD
2021-09-30 12:00:00,200000,de1b8bc2-cba8-2244-1749-b07f8c4f9f85,aoa-execution-2021-07-01-2021-12-31.csv,219400,-200000,0,ETHUSD
2021-09-30 20:00:00,200000,1b3e2462-3ed7-4bb3-6e48-1ff17ef1daba,aoa-execution-2021-07-01-2021-12-31.csv,219403,-200000,0,ETHUSD
2021-10-01 04:00:00,200000,6ede7100-24c2-13ed-57c0-0aed821ad55e,aoa-execution-2021-07-01-2021-12-31.csv,219415,-200000,0,ETHUSD
2021-10-01 12:00:00,200000,792b6c54-85e1-a39e-80e3-7af0f055869b,aoa-execution-2021-07-01-2021-12-31.csv,219409,-200000,0,ETHUSD
2021-10-01 20:00:00,200000,c425ca6f-3b9d-82aa-cf4e-614edf65f815,aoa-execution-2021-07-01-2021-12-31.csv,219412,-200000,0,ETHUSD
2021-10-02 04:00:00,200000,58845d2a-45a1-82c6-e967-37a31b5b8951,aoa-execution-2021-07-01-2021-12-31.csv,219423,-200000,0,ETHUSD
2021-10-02 12:00:00,200000,c41ef578-cb6f-c68f-e379-719ca447730b,aoa-execution-2021-07-01-2021-12-31.csv,219418,-200000,0,ETHUSD
2021-10-02 20:00:00,200000,e541a633-394e-70e0-e919-122b4ce4fd48,aoa-execution-2021-07-01-2021-12-31.csv,219426,-200000,0,ETHUSD
2021-10-03 04:00:00,200000,9cb9721c-57db-42ff-2a88-1de25e45e29d,aoa-execution-2021-07-01-2021-12-31.csv,219427,-200000,0,ETHUSD
2021-10-03 12:00:00,200000,0b544ca9-554e-2f5e-a5cf-c7701317c066,aoa-execution-2021-07-01-2021-12-31.csv,219431,-200000,0,ETHUSD
2021-10-03 20:00:00,200000,dd002aa5-a6e7-f661-1cc8-11eb5f703b31,aoa-execution-2021-07-01-2021-12-31.csv,219433,-200000,0,ETHUSD
2021-10-04 04:00:00,200000,062ae8bc-0ef0-1759-eae3-ffe40e77d88e,aoa-execution-2021-07-01-2021-12-31.csv,219443,-200000,0,ETHUSD
2021-10-04 12:00:00,200000,cb22fe3b-e788-9904-befb-9914f9c45985,aoa-execution-2021-07-01-2021-12-31.csv,219439,-200000,0,ETHUSD
2021-10-04 20:00:00,200000,e4507e09-939f-ab4e-2726-7e7904c20ee1,aoa-execution-2021-07-01-2021-12-31.csv,219438,-200000,0,ETHUSD
2021-10-05 04:00:00,200000,7dd0e71a-7b8e-861d-b361-238b12a102d2,aoa-execution-2021-07-01-2021-12-31.csv,219451,-200000,0,ETHUSD
2021-10-05 12:00:00,200000,e48c9658-fd67-c13a-c2d3-22db2f551622,aoa-execution-2021-07-01-2021-12-31.csv,219447,-200000,0,ETHUSD
2021-10-05 20:00:00,200000,13d32aa5-925c-3466-9913-7f883d0fbea5,aoa-execution-2021-07-01-2021-12-31.csv,219449,-200000,0,ETHUSD
2021-10-06 04:00:00,200000,fd5c9f41-a280-4ec5-2a98-02f2742c1ed2,aoa-execution-2021-07-01-2021-12-31.csv,219454,-200000,0,ETHUSD
2021-10-06 12:00:00,200000,b53594f7-c269-ccdf-6027-54160cabb3e6,aoa-execution-2021-07-01-2021-12-31.csv,223061,-200000,0,ETHUSD
2021-10-06 20:00:00,350528,711b1078-69a9-624c-59ae-ecb75700e25a,aoa-execution-2021-07-01-2021-12-31.csv,221918,-350528,0,ETHUSD
2021-10-07 04:00:00,350528,8f5c885c-3d0b-b0c8-7c4a-6284d63167dd,aoa-execution-2021-07-01-2021-12-31.csv,224530,-350528,0,ETHUSD
2021-10-07 12:00:00,350528,9255ed92-93c2-8c23-7017-4ea771280b93,aoa-execution-2021-07-01-2021-12-31.csv,224533,-350528,0,ETHUSD
2021-10-07 20:00:00,350528,28669445-9f12-cc0b-bf67-ecbdcdaa73ac,aoa-execution-2021-07-01-2021-12-31.csv,224527,-350528,0,ETHUSD
2021-10-08 04:00:00,350528,5a00c085-b8c6-53ea-9869-7d1714c67476,aoa-execution-2021-07-01-2021-12-31.csv,224539,-350528,0,ETHUSD
2021-10-08 12:00:00,350528,4a435dc6-a181-eab1-cb9a-df080a05d477,aoa-execution-2021-07-01-2021-12-31.csv,224543,-350528,0,ETHUSD
2021-10-08 20:00:00,350528,f80f3a45-15dd-780e-f2d8-45965834767a,aoa-execution-2021-07-01-2021-12-31.csv,224537,-350528,0,ETHUSD
2021-10-09 04:00:00,350528,0d49a79e-f7a0-bd19-40eb-043835302948,aoa-execution-2021-07-01-2021-12-31.csv,224551,-350528,0,ETHUSD
2021-10-09 12:00:00,350528,ff9e425c-8998-5657-7b4c-516655b27db8,aoa-execution-2021-07-01-2021-12-31.csv,224545,-350528,0,ETHUSD
2021-10-09 20:00:00,350528,2ee365aa-fdbb-ebdb-752b-81c332c6f73b,aoa-execution-2021-07-01-2021-12-31.csv,224548,-350528,0,ETHUSD
2021-10-10 04:00:00,350528,ef2f7f47-5f60-1ce9-da24-d084983acffc,aoa-execution-2021-07-01-2021-12-31.csv,224558,-350528,0,ETHUSD
2021-10-10 12:00:00,350528,4a214a71-28d0-691e-a405-f9c86cd4488f,aoa-execution-2021-07-01-2021-12-31.csv,224556,-350528,0,ETHUSD
2021-10-10 20:00:00,350528,a15359ec-2233-cb51-985d-96418bddaa74,aoa-execution-2021-07-01-2021-12-31.csv,224562,-350528,0,ETHUSD
2021-10-11 04:00:00,350528,0646e215-4aa4-c074-5ba6-18ef8f0bb3d2,aoa-execution-2021-07-01-2021-12-31.csv,224569,-350528,0,ETHUSD
2021-10-11 12:00:00,350528,650fe93c-159b-8859-ca38-245bb82545d4,aoa-execution-2021-07-01-2021-12-31.csv,224566,-350528,0,ETHUSD
2021-10-11 20:00:00,350528,185ede9e-9412-4f1b-1860-05fd9a9c74a6,aoa-execution-2021-07-01-2021-12-31.csv,224563,-350528,0,ETHUSD
2021-10-12 04:00:00,350528,ae2e5dfb-e049-a4e3-d262-0f2cea619102,aoa-execution-2021-07-01-2021-12-31.csv,225843,-350528,0,ETHUSD
2021-10-12 12:00:00,350528,bc580d38-b830-fdc8-dfa1-63df119dfbc0,aoa-execution-2021-07-01-2021-12-31.csv,224922,-350528,0,ETHUSD
2021-10-12 20:00:00,350528,e2ecc07a-13e1-c2cc-ffc8-d06081c7d128,aoa-execution-2021-07-01-2021-12-31.csv,224573,-350528,0,ETHUSD
2021-10-13 04:00:00,319163,1d1f6015-c9da-c2f1-5b5d-a054874a003e,aoa-execution-2021-07-01-2021-12-31.csv,226649,-319163,0,ETHUSD
2021-10-13 12:00:00,300528,6c03f557-0cde-2e46-b0ac-7cdafc537284,aoa-execution-2021-07-01-2021-12-31.csv,226645,-300528,0,ETHUSD
2021-10-13 20:00:00,300528,9baa9309-d3b3-e3d9-cb12-8113d492d20a,aoa-execution-2021-07-01-2021-12-31.csv,227719,-300528,0,ETHUSD
2021-10-14 04:00:00,300528,8f7224ff-0f0d-db65-274e-c086c619357e,aoa-execution-2021-07-01-2021-12-31.csv,227721,-300528,0,ETHUSD
2021-10-14 12:00:00,300528,03a5b96e-40a5-5709-5251-25030303721f,aoa-execution-2021-07-01-2021-12-31.csv,227725,-300528,0,ETHUSD
2021-10-14 20:00:00,300528,5b6e933e-a37d-d788-3ff3-7b333160a49a,aoa-execution-2021-07-01-2021-12-31.csv,227727,-300528,0,ETHUSD
2021-10-15 04:00:00,309210,9406dfd9-6c9f-f93e-8e5b-085f299cce9d,aoa-execution-2021-07-01-2021-12-31.csv,228005,-309210,0,ETHUSD
2021-10-15 12:00:00,350528,565d22a2-72bd-35d3-4279-32cca824a657,aoa-execution-2021-07-01-2021-12-31.csv,229303,-350528,0,ETHUSD
2021-10-15 20:00:00,413790,3731fd6d-59b0-716e-547f-641aaff25151,aoa-execution-2021-07-01-2021-12-31.csv,227987,-413790,0,ETHUSD
2021-10-16 04:00:00,413790,58f1b4f5-5e99-8153-a9e3-835aef84d6fe,aoa-execution-2021-07-01-2021-12-31.csv,230349,-413790,0,ETHUSD
2021-10-16 12:00:00,413790,739917fb-dca8-4562-e516-f1abf1f3484d,aoa-execution-2021-07-01-2021-12-31.csv,230352,-413790,0,ETHUSD
2021-10-16 20:00:00,413790,0683c7fd-30a5-6056-fce2-88fc1e048144,aoa-execution-2021-07-01-2021-12-31.csv,230355,-413790,0,ETHUSD
2021-10-17 04:00:00,413790,1f7d166c-a0a9-41bf-5de4-a13ea6f9ecab,aoa-execution-2021-07-01-2021-12-31.csv,230358,-413790,0,ETHUSD
2021-10-17 12:00:00,413790,b4cefebd-7ae4-d53f-e5fa-8a6950449c0d,aoa-execution-2021-07-01-2021-12-31.csv,230364,-413790,0,ETHUSD
2021-10-17 20:00:00,413790,aff56057-02c1-3f66-1a20-219123593650,aoa-execution-2021-07-01-2021-12-31.csv,230361,-413790,0,ETHUSD
2021-10-18 04:00:00,413790,750fce0d-f1f1-38c8-8e85-c1a6d3d21a66,aoa-execution-2021-07-01-2021-12-31.csv,230372,-413790,0,ETHUSD
2021-10-18 12:00:00,413790,49bda810-a222-b581-9d52-a20c93c89d97,aoa-execution-2021-07-01-2021-12-31.csv,230367,-413790,0,ETHUSD
2021-10-18 20:00:00,413790,35f32518-3dbe-4600-dc63-558a0091048d,aoa-execution-2021-07-01-2021-12-31.csv,230373,-413790,0,ETHUSD
2021-10-19 04:00:00,413790,6bd5dadc-bc07-acae-5e0d-21e180e31149,aoa-execution-2021-07-01-2021-12-31.csv,230381,-413790,0,ETHUSD
2021-10-19 12:00:00,413790,0568c134-1322-4f59-82f4-292ffbfd329a,aoa-execution-2021-07-01-2021-12-31.csv,230384,-413790,0,ETHUSD
2021-10-19 20:00:00,413790,99ddc4cc-e632-3aa1-bd08-4c340b771f8e,aoa-execution-2021-07-01-2021-12-31.csv,230376,-413790,0,ETHUSD
2021-10-20 04:00:00,413790,5923d7aa-56a1-6d11-95f8-14d6df980818,aoa-execution-2021-07-01-2021-12-31.csv,230388,-413790,0,ETHUSD
2021-10-20 12:00:00,413790,3be267d5-01d6-bee4-7264-4f2a67ca704b,aoa-execution-2021-07-01-2021-12-31.csv,230392,-413790,0,ETHUSD
2021-10-20 20:00:00,389378,062a75b7-d006-4d47-8b0c-12f64fef9a35,aoa-execution-2021-07-01-2021-12-31.csv,230385,-389378,0,ETHUSD
2021-10-21 04:00:00,389378,2312e285-035c-7e64-eb97-3463b5d40429,aoa-execution-2021-07-01-2021-12-31.csv,230897,-389378,0,ETHUSD
2021-10-21 12:00:00,434997,ae61b366-b65b-60d5-b487-4ebe70b95b66,aoa-execution-2021-07-01-2021-12-31.csv,232009,-434997,0,ETHUSD
2021-10-21 20:00:00,363582,aa37dbfa-aafe-2a37-6920-bccdc21c3a41,aoa-execution-2021-07-01-2021-12-31.csv,231727,-363582,0,ETHUSD
2021-10-22 04:00:00,363582,fae35847-7d9a-edc3-adb3-73d47e9eb041,aoa-execution-2021-07-01-2021-12-31.csv,235777,-363582,0,ETHUSD
2021-10-22 12:00:00,363582,79c3fdcd-8434-f115-f0b6-0c046cd94d75,aoa-execution-2021-07-01-2021-12-31.csv,237401,-363582,0,ETHUSD
2021-10-22 20:00:00,363582,80210a6c-0c7c-4c63-f314-1eb702205133,aoa-execution-2021-07-01-2021-12-31.csv,236175,-363582,0,ETHUSD
2021-10-23 04:00:00,313582,835ac235-cb4b-de4b-4c4a-611c9114955e,aoa-execution-2021-07-01-2021-12-31.csv,237579,-313582,0,ETHUSD
2021-10-23 12:00:00,313582,12475eaa-aa3b-9ff6-a534-51f7f3a1578b,aoa-execution-2021-07-01-2021-12-31.csv,237576,-313582,0,ETHUSD
2021-10-23 20:00:00,313582,c6fe849a-77c9-16e4-29c5-2f44250af1e7,aoa-execution-2021-07-01-2021-12-31.csv,237573,-313582,0,ETHUSD
2021-10-24 04:00:00,313582,40fb3db7-7d39-c6a2-126a-938a6a211de2,aoa-execution-2021-07-01-2021-12-31.csv,237585,-313582,0,ETHUSD
2021-10-24 12:00:00,313582,151ecff0-395a-f4c4-13d0-eb8fb7507da6,aoa-execution-2021-07-01-2021-12-31.csv,237582,-313582,0,ETHUSD
2021-10-24 20:00:00,313582,a2e383df-cfa4-579d-3559-c4f6d48b25cf,aoa-execution-2021-07-01-2021-12-31.csv,237588,-313582,0,ETHUSD
2021-10-25 04:00:00,313582,9f36481f-bf8b-a459-b0f4-e91561bd223f,aoa-execution-2021-07-01-2021-12-31.csv,237597,-313582,0,ETHUSD
2021-10-25 12:00:00,313582,6685c64b-b2a7-21bd-4338-474dff14cf0c,aoa-execution-2021-07-01-2021-12-31.csv,237591,-313582,0,ETHUSD
2021-10-25 20:00:00,313582,2fe19bbe-5373-52ac-c9f9-27397c2434c2,aoa-execution-2021-07-01-2021-12-31.csv,237595,-313582,0,ETHUSD
2021-10-26 04:00:00,313582,ddfe09b3-e14e-6bb7-5072-e1cfaaaec03a,aoa-execution-2021-07-01-2021-12-31.csv,237603,-313582,0,ETHUSD
2021-10-26 12:00:00,313582,5deeb232-e228-6c67-18d4-e547bae24487,aoa-execution-2021-07-01-2021-12-31.csv,237600,-313582,0,ETHUSD
2021-10-26 20:00:00,313582,98f08f22-95f3-0420-a41e-237527ae6acd,aoa-execution-2021-07-01-2021-12-31.csv,237606,-313582,0,ETHUSD
2021-10-27 04:00:00,313582,a5c95958-1c2d-daca-22f8-400503e3ae99,aoa-execution-2021-07-01-2021-12-31.csv,237789,-313582,0,ETHUSD
2021-10-27 12:00:00,313582,e0eee37a-d612-8233-7ca8-a485ec93522d,aoa-execution-2021-07-01-2021-12-31.csv,237784,-313582,0,ETHUSD
2021-10-27 20:00:00,313582,740bb18c-7478-78a4-655f-9544a58ee44d,aoa-execution-2021-07-01-2021-12-31.csv,237782,-313582,0,ETHUSD
2021-10-28 04:00:00,313582,a0ac3b00-4bef-4179-d978-ca4b895b40fa,aoa-execution-2021-07-01-2021-12-31.csv,237793,-313582,0,ETHUSD
2021-10-28 12:00:00,313582,caa6f8af-3269-120d-6fb9-a6df94697522,aoa-execution-2021-07-01-2021-12-31.csv,237796,-313582,0,ETHUSD
2021-10-28 20:00:00,313582,927e4625-d87a-df1d-4396-7ec5ad6887f1,aoa-execution-2021-07-01-2021-12-31.csv,237790,-313582,0,ETHUSD
2021-10-29 04:00:00,313582,8f0e4c4c-9fb2-6c85-af4f-56a4bff18912,aoa-execution-2021-07-01-2021-12-31.csv,238269,-313582,0,ETHUSD
2021-10-29 12:00:00,313582,0532fe74-5d17-6723-cdc8-3eb77ad4661c,aoa-execution-2021-07-01-2021-12-31.csv,238270,-313582,0,ETHUSD
2021-10-29 20:00:00,313582,b862112d-6642-a188-fdbe-75b34cef0fb8,aoa-execution-2021-07-01-2021-12-31.csv,238274,-313582,0,ETHUSD
2021-10-30 04:00:00,313582,c9c6f624-3d27-fbbb-a927-cc5e97a5b60b,aoa-execution-2021-07-01-2021-12-31.csv,238279,-313582,0,ETHUSD
2021-10-30 12:00:00,313582,1904e3fb-485e-216a-a027-a0a5e53b7e2a,aoa-execution-2021-07-01-2021-12-31.csv,238282,-313582,0,ETHUSD
2021-10-30 20:00:00,313582,eaa403d0-8eca-9b7c-ab4d-eac0123f4406,aoa-execution-2021-07-01-2021-12-31.csv,238276,-313582,0,ETHUSD
2021-10-31 04:00:00,313582,d766fb58-8203-35b9-dfc0-eef8a6401762,aoa-execution-2021-07-01-2021-12-31.csv,238919,-313582,0,ETHUSD
2021-10-31 12:00:00,323246,65065a66-6ea0-70fd-2138-ac2c60bc83a1,aoa-execution-2021-07-01-2021-12-31.csv,238285,-323246,0,ETHUSD
2021-10-31 20:00:00,323246,2fa82ce3-fe6e-3e6b-9151-945ccc413375,aoa-execution-2021-07-01-2021-12-31.csv,238915,-323246,0,ETHUSD
2021-11-01 04:00:00,323246,2f46cbfe-75f4-d7d7-d675-e906049a535f,aoa-execution-2021-07-01-2021-12-31.csv,239077,-323246,0,ETHUSD
2021-11-01 12:00:00,323246,fcde8545-daaf-d2cf-5ecd-5984ac11bccd,aoa-execution-2021-07-01-2021-12-31.csv,239082,-323246,0,ETHUSD
2021-11-01 20:00:00,323246,b47d9274-8780-907a-b636-d2862d0045b1,aoa-execution-2021-07-01-2021-12-31.csv,239083,-323246,0,ETHUSD
2021-11-02 04:00:00,323246,ad932d96-7ba6-34ff-ffd0-0a41693710dd,aoa-execution-2021-07-01-2021-12-31.csv,239086,-323246,0,ETHUSD
2021-11-02 12:00:00,323246,ec602666-31de-2a4e-eeef-d9e8664b18bd,aoa-execution-2021-07-01-2021-12-31.csv,239092,-323246,0,ETHUSD
2021-11-02 20:00:00,323246,633ca7b5-0f1e-a9f3-468f-c96621f2e4c1,aoa-execution-2021-07-01-2021-12-31.csv,239089,-323246,0,ETHUSD
2021-11-03 04:00:00,323246,45610f47-e050-8795-b7a0-746c6659ed0f,aoa-execution-2021-07-01-2021-12-31.csv,239096,-323246,0,ETHUSD
2021-11-03 12:00:00,323246,c4f25d25-25a0-f2ea-3d6c-55920cad6559,aoa-execution-2021-07-01-2021-12-31.csv,239098,-323246,0,ETHUSD
2021-11-03 20:00:00,323246,7a724903-c251-3aa8-11b8-a4a1c44129eb,aoa-execution-2021-07-01-2021-12-31.csv,239101,-323246,0,ETHUSD
2021-11-04 04:00:00,323246,933c2414-be29-e19f-0310-a52e67dedd4b,aoa-execution-2021-07-01-2021-12-31.csv,239112,-323246,0,ETHUSD
2021-11-04 12:00:00,323246,4d4fd473-75f1-3c0d-5788-f36e81a72239,aoa-execution-2021-07-01-2021-12-31.csv,239108,-323246,0,ETHUSD
2021-11-04 20:00:00,323246,195f0c39-7591-de81-ae8c-3c4453b2de05,aoa-execution-2021-07-01-2021-12-31.csv,239104,-323246,0,ETHUSD
2021-11-05 04:00:00,300000,698beada-0f6a-208b-fa64-9d8b4107e0e1,aoa-execution-2021-07-01-2021-12-31.csv,239121,-300000,0,ETHUSD
2021-11-05 12:00:00,300000,9b0e6b22-a629-df91-e36b-e15760d492ed,aoa-execution-2021-07-01-2021-12-31.csv,239113,-300000,0,ETHUSD
2021-11-05 20:00:00,300000,059908f4-6f4f-46b6-b756-5eac013960f9,aoa-execution-2021-07-01-2021-12-31.csv,239118,-300000,0,ETHUSD
2021-11-06 04:00:00,300000,d28e2fff-4e49-2fa5-9a63-3ac04250f8d4,aoa-execution-2021-07-01-2021-12-31.csv,239463,-300000,0,ETHUSD
2021-11-06 12:00:00,300000,509450ce-1a79-efae-dc1c-68a4034e5651,aoa-execution-2021-07-01-2021-12-31.csv,239457,-300000,0,ETHUSD
2021-11-06 20:00:00,300000,9c30a7f8-19e8-b036-296b-74fa8ff26d18,aoa-execution-2021-07-01-2021-12-31.csv,239458,-300000,0,ETHUSD
2021-11-07 04:00:00,300000,0f292faa-a621-e35f-27f3-1b646daf2a75,aoa-execution-2021-07-01-2021-12-31.csv,239466,-300000,0,ETHUSD
2021-11-07 12:00:00,300000,99cf38f6-dbdd-9adf-746f-0ee12fc9e0ac,aoa-execution-2021-07-01-2021-12-31.csv,239467,-300000,0,ETHUSD
2021-11-07 20:00:00,300000,6086f8c9-ec69-1090-a8c6-7e889721f22c,aoa-execution-2021-07-01-2021-12-31.csv,239470,-300000,0,ETHUSD
2021-11-08 04:00:00,300000,e1e9ce5f-1ada-157b-5c84-a881a7c056f3,aoa-execution-2021-07-01-2021-12-31.csv,239476,-300000,0,ETHUSD
2021-11-08 12:00:00,300000,5a1e6b0b-aa51-6f2e-7609-f8814e4fe9e8,aoa-execution-2021-07-01-2021-12-31.csv,239481,-300000,0,ETHUSD
2021-11-08 20:00:00,300000,8b067f0b-e316-c48c-bc3a-e00209c9487d,aoa-execution-2021-07-01-2021-12-31.csv,239473,-300000,0,ETHUSD
2021-11-09 04:00:00,300000,8e98a453-cea4-34e3-46fe-829f23c77c0c,aoa-execution-2021-07-01-2021-12-31.csv,239813,-300000,0,ETHUSD
2021-11-09 12:00:00,300000,ef1b821b-7b23-bbcf-1cc0-37737ebabda6,aoa-execution-2021-07-01-2021-12-31.csv,239482,-300000,0,ETHUSD
2021-11-09 20:00:00,300000,f87d0594-5f50-d7be-493a-ae89e34205c4,aoa-execution-2021-07-01-2021-12-31.csv,239810,-300000,0,ETHUSD
2021-11-10 04:00:00,300000,e62509e7-e8dc-14e2-e882-877c2c95e782,aoa-execution-2021-07-01-2021-12-31.csv,239820,-300000,0,ETHUSD
2021-11-10 12:00:00,300000,67b9bf4f-c355-997f-dc51-bd924ed47fc7,aoa-execution-2021-07-01-2021-12-31.csv,239814,-300000,0,ETHUSD
2021-11-10 20:00:00,300000,da75ce42-41aa-059c-ae1a-bcf323191e10,aoa-execution-2021-07-01-2021-12-31.csv,239818,-300000,0,ETHUSD
2021-11-11 04:00:00,300000,a074bdba-8664-10ef-e82d-e6761ce431ab,aoa-execution-2021-07-01-2021-12-31.csv,240188,-300000,0,ETHUSD
2021-11-11 12:00:00,300000,38dfaa9e-472a-882b-7fdd-49b44cfd7f1a,aoa-execution-2021-07-01-2021-12-31.csv,240183,-300000,0,ETHUSD
2021-11-11 20:00:00,300000,02589d5a-7a21-fc08-4cea-7aa2f1081b49,aoa-execution-2021-07-01-2021-12-31.csv,240189,-300000,0,ETHUSD
2021-11-12 04:00:00,300000,1372bf32-9110-8ba0-a5f2-a3251cf66b7a,aoa-execution-2021-07-01-2021-12-31.csv,240298,-300000,0,ETHUSD
2021-11-12 12:00:00,300000,568d2cc8-11e4-8e48-2112-2913f4eebf14,aoa-execution-2021-07-01-2021-12-31.csv,240293,-300000,0,ETHUSD
2021-11-12 20:00:00,300000,441689a5-6a93-6a2f-3d13-db6f8dd9922b,aoa-execution-2021-07-01-2021-12-31.csv,240193,-300000,0,ETHUSD
2021-11-13 04:00:00,300000,7eca101c-4f01-0f9c-4e3a-fb81bc8cfbd7,aoa-execution-2021-07-01-2021-12-31.csv,240672,-300000,0,ETHUSD
2021-11-13 12:00:00,300000,53ecc05d-568f-f1f6-c88f-bb0ddec5005d,aoa-execution-2021-07-01-2021-12-31.csv,240665,-300000,0,ETHUSD
2021-11-13 20:00:00,300000,a33886c7-b463-fbbd-ce6f-808cc25fab0b,aoa-execution-2021-07-01-2021-12-31.csv,240667,-300000,0,ETHUSD
2021-11-14 04:00:00,300000,3ea7efa2-3663-2ad2-cff2-232fef95e97b,aoa-execution-2021-07-01-2021-12-31.csv,240677,-300000,0,ETHUSD
2021-11-14 12:00:00,300000,4c62beb2-5b82-84a5-6fb9-f8877d7016a2,aoa-execution-2021-07-01-2021-12-31.csv,240673,-300000,0,ETHUSD
2021-11-14 20:00:00,300000,b2a0b7aa-93ee-97fd-12ec-3b5326f340e2,aoa-execution-2021-07-01-2021-12-31.csv,240679,-300000,0,ETHUSD
2021-11-15 04:00:00,300000,a3a9645b-92d5-214b-37d8-1794d8d5d0d7,aoa-execution-2021-07-01-2021-12-31.csv,240685,-300000,0,ETHUSD
2021-11-15 12:00:00,300000,024c7338-6752-31da-10ff-f02da12b8552,aoa-execution-2021-07-01-2021-12-31.csv,240684,-300000,0,ETHUSD
2021-11-15 20:00:00,300000,5cb01d46-dc5e-0b9e-30fd-102a0d59b799,aoa-execution-2021-07-01-2021-12-31.csv,240688,-300000,0,ETHUSD
2021-11-16 04:00:00,300000,728cc263-2c39-204c-530c-6671a49bc70d,aoa-execution-2021-07-01-2021-12-31.csv,245709,-300000,0,ETHUSD
2021-11-16 12:00:00,300000,9b85f17e-cf67-662c-622f-72dd23b7cd0c,aoa-execution-2021-07-01-2021-12-31.csv,242187,-300000,0,ETHUSD
2021-11-16 20:00:00,300000,4c941f1e-8a46-11cc-dbef-f653cfe90343,aoa-execution-2021-07-01-2021-12-31.csv,245726,-300000,0,ETHUSD
2021-11-17 04:00:00,150000,a7765b52-f9dd-2224-6694-6720d780a14e,aoa-execution-2021-07-01-2021-12-31.csv,251163,-150000,0,ETHUSD
2021-11-17 12:00:00,150000,bb087bf8-8bf0-9438-d52f-df00a17262eb,aoa-execution-2021-07-01-2021-12-31.csv,251165,-150000,0,ETHUSD
2021-11-17 20:00:00,150000,b04ce0de-f919-b4d4-e048-8dfb220dd1f4,aoa-execution-2021-07-01-2021-12-31.csv,249137,-150000,0,ETHUSD
2021-11-18 04:00:00,200000,e9cfab2d-89dd-be09-eae9-b1f8f8511796,aoa-execution-2021-07-01-2021-12-31.csv,268056,-200000,0,ETHUSD
2021-11-18 12:00:00,200000,0921ca1e-54fe-b45c-527b-32577a3bcd17,aoa-execution-2021-07-01-2021-12-31.csv,269819,-200000,0,ETHUSD
2021-11-18 20:00:00,111492,cf4612dd-6fcd-9f09-22a0-ecde0c8f3934,aoa-execution-2021-07-01-2021-12-31.csv,265987,-111492,0,ETHUSD
2021-11-26 12:00:00,66187,bc81579c-6f19-ff6b-5270-c8139c8cf4d9,aoa-execution-2021-07-01-2021-12-31.csv,276202,-66187,0,ETHUSD
2021-11-26 20:00:00,152856,0d55975a-ed53-5829-6c1f-32a8cd70d433,aoa-execution-2021-07-01-2021-12-31.csv,276182,-152856,0,ETHUSD
2021-11-27 04:00:00,152856,20c83b97-e76d-d54e-27b9-ac7a5fa4043d,aoa-execution-2021-07-01-2021-12-31.csv,276768,-152856,0,ETHUSD
2021-11-27 12:00:00,152856,ecf43030-eb52-6829-b56e-d796562d8ae5,aoa-execution-2021-07-01-2021-12-31.csv,276769,-152856,0,ETHUSD
2021-11-27 20:00:00,152856,9703a331-63a0-b14d-ec31-9989cd4d94ab,aoa-execution-2021-07-01-2021-12-31.csv,276765,-152856,0,ETHUSD
2021-05-01 04:00:00,40000,b0036557-305c-cbca-03f0-8f8e41ec0c5b,aoa-execution-2021-01-01-2021-06-30.csv,124974,-40000,0,LINKUSDT
2021-05-01 12:00:00,40000,9998fe2c-9e8d-ef83-499f-68a6b5e3140b,aoa-execution-2021-01-01-2021-06-30.csv,126031,-40000,0,LINKUSDT
2021-05-01 20:00:00,40000,ccdfc699-8bbd-ddac-e77a-638d3fc61e0f,aoa-execution-2021-01-01-2021-06-30.csv,126227,-40000,0,LINKUSDT
2021-05-02 04:00:00,40000,70e79558-4dff-9cb1-a015-f4ca1fc844e2,aoa-execution-2021-01-01-2021-06-30.csv,126537,-40000,0,LINKUSDT
2021-05-02 12:00:00,40000,2507a114-7a62-cb3f-1624-e665ec65524f,aoa-execution-2021-01-01-2021-06-30.csv,126238,-40000,0,LINKUSDT
2021-05-02 20:00:00,40000,86fddc38-28fd-db71-2152-e602d8f590d0,aoa-execution-2021-01-01-2021-06-30.csv,126231,-40000,0,LINKUSDT
2021-05-03 04:00:00,40000,9f17ffd2-5414-bd7b-bd58-8b87a56ed00d,aoa-execution-2021-01-01-2021-06-30.csv,126543,-40000,0,LINKUSDT
2021-05-03 12:00:00,40000,68eb0b9d-3a43-2fd9-c81e-dddcf7602861,aoa-execution-2021-01-01-2021-06-30.csv,131597,-40000,0,LINKUSDT
2021-05-03 20:00:00,40000,97f8a75c-e802-8962-c79c-75aefc689295,aoa-execution-2021-01-01-2021-06-30.csv,131602,-40000,0,LINKUSDT
2021-05-04 04:00:00,40000,306556f9-69eb-23a5-9a62-01f8c82c90a5,aoa-execution-2021-01-01-2021-06-30.csv,133449,-40000,0,LINKUSDT
2021-05-04 12:00:00,40000,596adff3-039d-58ec-2500-a9f9b054a3fb,aoa-execution-2021-01-01-2021-06-30.csv,133442,-40000,0,LINKUSDT
2021-05-04 20:00:00,40000,4d70b9c9-da41-38ef-f84e-c20f968f841d,aoa-execution-2021-01-01-2021-06-30.csv,131608,-40000,0,LINKUSDT
2021-05-05 04:00:00,40000,6a30ab7f-4e61-e88e-acc9-2c657928a98f,aoa-execution-2021-01-01-2021-06-30.csv,136169,-40000,0,LINKUSDT
2021-05-05 12:00:00,40000,b63083cf-960f-ec40-41f0-dbd597de720b,aoa-execution-2021-01-01-2021-06-30.csv,136077,-40000,0,LINKUSDT
2021-05-05 20:00:00,40000,bb9585c3-6a2f-9032-40f6-5b2b0581d914,aoa-execution-2021-01-01-2021-06-30.csv,136080,-40000,0,LINKUSDT
2021-05-06 04:00:00,40000,cb621a40-4c72-8027-e29a-a9570452991a,aoa-execution-2021-01-01-2021-06-30.csv,137721,-40000,0,LINKUSDT
2021-05-06 12:00:00,40000,d7d38ea0-8222-1f3f-cf8e-49ae2a448caf,aoa-execution-2021-01-01-2021-06-30.csv,137463,-40000,0,LINKUSDT
2021-05-06 20:00:00,40000,0b7e9446-0377-137f-8e25-9bf610b1419d,aoa-execution-2021-01-01-2021-06-30.csv,137711,-40000,0,LINKUSDT
2021-05-07 04:00:00,40000,fb70b617-3f10-eaa7-b86c-5a8cf64da28f,aoa-execution-2021-01-01-2021-06-30.csv,140323,-40000,0,LINKUSDT
2021-05-07 12:00:00,40000,cf017d79-ed57-3ba4-8f48-bbd0d6de5729,aoa-execution-2021-01-01-2021-06-30.csv,140320,-40000,0,LINKUSDT
2021-05-07 20:00:00,40000,6e161929-052e-fc2b-b9c5-8be1736cd2ca,aoa-execution-2021-01-01-2021-06-30.csv,140290,-40000,0,LINKUSDT
2021-05-08 04:00:00,40000,97ab5080-2920-b520-f171-9f82258aaa15,aoa-execution-2021-01-01-2021-06-30.csv,140329,-40000,0,LINKUSDT
2021-05-08 12:00:00,25000,710ecd5f-9b6e-8be3-67f6-0dba9048b01f,aoa-execution-2021-01-01-2021-06-30.csv,140333,-25000,0,LINKUSDT
2021-05-08 20:00:00,25000,32151daa-407b-5f9a-d209-ed207a9f4a28,aoa-execution-2021-01-01-2021-06-30.csv,141311,-25000,0,LINKUSDT
2021-05-09 04:00:00,25000,f3a01703-e0d4-f04f-34f2-2ecbb722f562,aoa-execution-2021-01-01-2021-06-30.csv,141894,-25000,0,LINKUSDT
2021-05-09 12:00:00,25000,5cf74458-4783-36cd-20b4-f0bc0e2e32f2,aoa-execution-2021-01-01-2021-06-30.csv,141915,-25000,0,LINKUSDT
2021-05-09 20:00:00,25000,096ff523-0654-a002-5f04-e927c46e0c70,aoa-execution-2021-01-01-2021-06-30.csv,141889,-25000,0,LINKUSDT
2021-05-10 04:00:00,25000,17d22ed7-0010-b43b-b439-3636a544d4bd,aoa-execution-2021-01-01-2021-06-30.csv,149784,-25000,0,LINKUSDT
2021-05-10 12:00:00,25000,37e9b714-7af6-5ac8-2da2-99d8c23fc557,aoa-execution-2021-01-01-2021-06-30.csv,147885,-25000,0,LINKUSDT
2021-05-10 20:00:00,25000,fe6b8aa1-dc67-4a3f-69ba-7af05613bd65,aoa-execution-2021-01-01-2021-06-30.csv,148339,-25000,0,LINKUSDT
2021-05-11 04:00:00,28099,99387e51-2fac-c250-3bb8-8a6dbae328bb,aoa-execution-2021-01-01-2021-06-30.csv,155526,-28099,0,LINKUSDT
2021-05-11 12:00:00,23932,91025f67-8b9e-6d3b-248e-05eacb6e92ed,aoa-execution-2021-01-01-2021-06-30.csv,155952,-23932,0,LINKUSDT
2021-05-11 20:00:00,23932,344bdd3c-7bcf-bd59-178d-da402c9a096c,aoa-execution-2021-01-01-2021-06-30.csv,155946,-23932,0,LINKUSDT
2021-05-12 04:00:00,23932,65b25ce9-0c67-4e99-bfac-a144fd51840c,aoa-execution-2021-01-01-2021-06-30.csv,157505,-23932,0,LINKUSDT
2021-05-12 12:00:00,23932,2527db75-ea71-8ee8-e09f-b98449551003,aoa-execution-2021-01-01-2021-06-30.csv,158645,-23932,0,LINKUSDT
2021-05-12 20:00:00,23932,7c4ae06d-fe42-8b77-d577-fe75f6c29d88,aoa-execution-2021-01-01-2021-06-30.csv,159684,-23932,0,LINKUSDT
2021-05-13 04:00:00,17284,e2a24c73-09c7-8b76-8cd5-0d106a3a3428,aoa-execution-2021-01-01-2021-06-30.csv,162857,-17284,0,LINKUSDT
2021-05-13 12:00:00,17284,de2a526b-d44f-8a7b-06f6-2488cc9b745c,aoa-execution-2021-01-01-2021-06-30.csv,170691,-17284,0,LINKUSDT
2021-05-13 20:00:00,13684,d3061c1d-49f0-cdb1-af0e-804dafb2cc2d,aoa-execution-2021-01-01-2021-06-30.csv,171160,-13684,0,LINKUSDT
2021-05-14 04:00:00,13684,b2a8488b-f68e-ace7-351f-1d14d4659512,aoa-execution-2021-01-01-2021-06-30.csv,171164,-13684,0,LINKUSDT
2021-05-14 12:00:00,13684,5e5a4ec6-1528-507b-625d-ad03a2058517,aoa-execution-2021-01-01-2021-06-30.csv,171172,-13684,0,LINKUSDT
2021-05-14 20:00:00,13684,1c5e4c96-642c-ad87-1951-bd4a013a0e44,aoa-execution-2021-01-01-2021-06-30.csv,171177,-13684,0,LINKUSDT
2021-05-15 04:00:00,13684,721fc245-1913-b901-73d6-3bec2e7b2b15,aoa-execution-2021-01-01-2021-06-30.csv,171848,-13684,0,LINKUSDT
2021-05-15 12:00:00,13684,56cfd93d-dd7b-5b84-025c-369ca56ecfbc,aoa-execution-2021-01-01-2021-06-30.csv,171854,-13684,0,LINKUSDT
2021-05-15 20:00:00,13684,a44e6fbc-61aa-8c36-e9d9-b8899bfd3d1b,aoa-execution-2021-01-01-2021-06-30.csv,171281,-13684,0,LINKUSDT
2021-05-16 04:00:00,13684,2333a3c4-339d-7087-fb1f-dcfb9dcba259,aoa-execution-2021-01-01-2021-06-30.csv,171865,-13684,0,LINKUSDT
2021-05-16 12:00:00,13684,9cb32aec-a8f8-1ec4-d4d5-86d58b0e9762,aoa-execution-2021-01-01-2021-06-30.csv,171859,-13684,0,LINKUSDT
2021-05-16 20:00:00,2565,ba5962c5-c52b-2a4b-35a4-92e395da48a1,aoa-execution-2021-01-01-2021-06-30.csv,171944,2565,0,LINKUSDT
2021-05-17 04:00:00,2565,b52e1abc-7c35-1129-94ab-15d2f024c711,aoa-execution-2021-01-01-2021-06-30.csv,178633,2565,0,LINKUSDT
2021-05-01 04:00:00,250000,3bdc5768-5335-0bef-6d98-5e76b57e66f3,aoa-execution-2021-01-01-2021-06-30.csv,124978,-250000,0,LTCUSD
2021-05-01 12:00:00,250000,4fd21329-3a91-0b8f-e377-aef2d3b00eba,aoa-execution-2021-01-01-2021-06-30.csv,126030,-250000,0,LTCUSD
2021-05-01 20:00:00,250000,714f1063-c3ef-17aa-c154-50eb2a84c2e3,aoa-execution-2021-01-01-2021-06-30.csv,126222,-250000,0,LTCUSD
2021-05-02 04:00:00,250000,a0096080-f7f8-0327-d459-a6f8a14e1772,aoa-execution-2021-01-01-2021-06-30.csv,126538,-250000,0,LTCUSD
2021-05-02 12:00:00,250000,a96b1de2-cef6-a33a-f191-683c19c5bc67,aoa-execution-2021-01-01-2021-06-30.csv,126239,-250000,0,LTCUSD
2021-05-02 20:00:00,250000,0efab28c-e53b-a84a-3e9a-466ed337d3c4,aoa-execution-2021-01-01-2021-06-30.csv,126230,-250000,0,LTCUSD
2021-05-03 04:00:00,250000,efc9c6f6-1393-009f-665f-34c245dc0541,aoa-execution-2021-01-01-2021-06-30.csv,126672,-250000,0,LTCUSD
2021-05-03 12:00:00,250000,a4dfffd5-e1d5-656c-bc99-24be7eade979,aoa-execution-2021-01-01-2021-06-30.csv,131598,-250000,0,LTCUSD
2021-05-03 20:00:00,300468,cfe14bdb-8547-2276-95f5-a60f3490ba0d,aoa-execution-2021-01-01-2021-06-30.csv,131603,-300468,0,LTCUSD
2021-05-04 04:00:00,300468,95c9f673-dcc8-4b4d-1d24-2d253b6e0fbb,aoa-execution-2021-01-01-2021-06-30.csv,133450,-300468,0,LTCUSD
2021-05-04 12:00:00,300468,0a97b072-6206-2398-1cf4-0d5780f2275a,aoa-execution-2021-01-01-2021-06-30.csv,133443,-300468,0,LTCUSD
2021-05-04 20:00:00,300468,90f80864-6f34-ee97-f500-0b69f758379b,aoa-execution-2021-01-01-2021-06-30.csv,131609,-300468,0,LTCUSD
2021-05-05 04:00:00,300468,34f36335-5d43-a5e6-dcbd-ca87408ff5d3,aoa-execution-2021-01-01-2021-06-30.csv,136070,-300468,0,LTCUSD
2021-05-05 12:00:00,300468,2c1b654a-e3c2-e259-6600-a92767390587,aoa-execution-2021-01-01-2021-06-30.csv,136078,-300468,0,LTCUSD
2021-05-05 20:00:00,300468,32f376b5-0fcf-28d9-7b11-c4f74f51e359,aoa-execution-2021-01-01-2021-06-30.csv,136453,-300468,0,LTCUSD
2021-05-06 04:00:00,300468,cae3342a-a681-559e-7026-abd89cc67367,aoa-execution-2021-01-01-2021-06-30.csv,137716,-300468,0,LTCUSD
2021-05-06 12:00:00,300468,59f0bc22-8884-2362-83dc-f30356df0786,aoa-execution-2021-01-01-2021-06-30.csv,137462,-300468,0,LTCUSD
2021-05-06 20:00:00,300468,50bfc59a-a1d9-82a3-db3c-a0873622dcfc,aoa-execution-2021-01-01-2021-06-30.csv,137712,-300468,0,LTCUSD
2021-05-07 04:00:00,300468,bcbe9e58-2918-d489-33f7-f1f992389861,aoa-execution-2021-01-01-2021-06-30.csv,140324,-300468,0,LTCUSD
2021-05-07 12:00:00,300468,cd3a6e5a-44ab-700e-662d-f31eea42d069,aoa-execution-2021-01-01-2021-06-30.csv,140315,-300468,0,LTCUSD
2021-05-07 20:00:00,300468,3e8c5ccf-29e5-253f-54f9-262b30213536,aoa-execution-2021-01-01-2021-06-30.csv,140291,-300468,0,LTCUSD
2021-05-08 04:00:00,300468,db6869cc-61cc-49f3-1c81-3f4ce238143f,aoa-execution-2021-01-01-2021-06-30.csv,140330,-300468,0,LTCUSD
2021-05-08 12:00:00,300468,ad502468-fe97-a408-8809-03063f541b2c,aoa-execution-2021-01-01-2021-06-30.csv,140334,-300468,0,LTCUSD
2021-05-08 20:00:00,300468,d234ed38-6d19-efbf-92ce-23499b80a01b,aoa-execution-2021-01-01-2021-06-30.csv,141310,-300468,0,LTCUSD
2021-05-09 04:00:00,300468,b6251ad9-6996-7ce3-2bc1-5388bf485e1a,aoa-execution-2021-01-01-2021-06-30.csv,141895,-300468,0,LTCUSD
2021-05-09 12:00:00,300468,d96916e1-7676-a53a-f265-a65c29282b81,aoa-execution-2021-01-01-2021-06-30.csv,141916,-300468,0,LTCUSD
2021-05-09 20:00:00,300468,73366fcb-5c94-bb1f-b493-75a6ff88e327,aoa-execution-2021-01-01-2021-06-30.csv,141888,-300468,0,LTCUSD
2021-05-10 04:00:00,300468,69a1883a-aa39-ddec-75ad-a9976642eec9,aoa-execution-2021-01-01-2021-06-30.csv,149785,-300468,0,LTCUSD
2021-05-10 12:00:00,300468,2b25fc49-f370-df49-25c8-33e695c89644,aoa-execution-2021-01-01-2021-06-30.csv,147886,-300468,0,LTCUSD
2021-05-10 20:00:00,234824,13c22c92-3fdd-70ed-fd92-64b5d459f42b,aoa-execution-2021-01-01-2021-06-30.csv,148336,-234824,0,LTCUSD
2021-05-11 04:00:00,200959,b9383281-5c8e-1587-54b4-7e805979e1df,aoa-execution-2021-01-01-2021-06-30.csv,155525,-200959,0,LTCUSD
2021-05-11 12:00:00,193911,7a48e414-8e20-8857-4814-9172710fd9be,aoa-execution-2021-01-01-2021-06-30.csv,155953,-193911,0,LTCUSD
2021-05-11 20:00:00,193911,805c4684-5812-a7dd-e8e4-1c2489fd850c,aoa-execution-2021-01-01-2021-06-30.csv,155947,-193911,0,LTCUSD
2021-05-12 04:00:00,193911,82fcdb88-248b-e258-9a98-e5e157f210a9,aoa-execution-2021-01-01-2021-06-30.csv,157506,-193911,0,LTCUSD
2021-05-12 12:00:00,193911,b9c86f8c-3c67-410b-e1e1-e17caa38a2ce,aoa-execution-2021-01-01-2021-06-30.csv,158646,-193911,0,LTCUSD
2021-05-12 20:00:00,193911,c951f49a-5cba-241b-367b-2db90f78c452,aoa-execution-2021-01-01-2021-06-30.csv,159685,-193911,0,LTCUSD
2021-05-13 04:00:00,103911,c77762c6-3be8-df94-55d5-5fef5828f1f1,aoa-execution-2021-01-01-2021-06-30.csv,162858,-103911,0,LTCUSD
2021-05-13 12:00:00,103911,52bb6078-6a20-8793-9350-46b6d768ee75,aoa-execution-2021-01-01-2021-06-30.csv,170690,-103911,0,LTCUSD
2021-05-13 20:00:00,70011,b8b464b4-93fa-d956-92b1-c31472aef964,aoa-execution-2021-01-01-2021-06-30.csv,171159,-70011,0,LTCUSD
2021-05-14 04:00:00,70011,d2d2767a-9769-e1a4-1783-5d75305e27d0,aoa-execution-2021-01-01-2021-06-30.csv,171165,-70011,0,LTCUSD
2021-05-14 12:00:00,70011,4628a077-6cbb-e41d-cf24-ffc52a4e73b6,aoa-execution-2021-01-01-2021-06-30.csv,171173,-70011,0,LTCUSD
2021-05-14 20:00:00,70011,967ce7f3-ce02-2220-9856-88d745a0e8f8,aoa-execution-2021-01-01-2021-06-30.csv,171178,-70011,0,LTCUSD
2021-05-15 04:00:00,70011,464de563-b56b-ded4-c93b-676765c253d1,aoa-execution-2021-01-01-2021-06-30.csv,171849,-70011,0,LTCUSD
2021-05-15 12:00:00,70011,d5ca0539-f3be-8f9d-a555-d12f02169a85,aoa-execution-2021-01-01-2021-06-30.csv,171855,-70011,0,LTCUSD
2021-05-15 20:00:00,70011,49deb5c9-77b2-9a9a-3d8c-f27a14b278e4,aoa-execution-2021-01-01-2021-06-30.csv,171282,-70011,0,LTCUSD
2021-05-16 04:00:00,70011,d8978571-6cbb-1d92-7443-ee7dbaff0ad9,aoa-execution-2021-01-01-2021-06-30.csv,171866,-70011,0,LTCUSD
2021-05-16 12:00:00,70011,2bc862d8-6e53-cf17-5a5d-f7ad0adfbd57,aoa-execution-2021-01-01-2021-06-30.csv,171858,-70011,0,LTCUSD
2021-05-16 20:00:00,50011,a939e726-d976-ba3f-a689-3cd984888efd,aoa-execution-2021-01-01-2021-06-30.csv,171945,-50011,0,LTCUSD
2021-05-17 04:00:00,30011,205a21b1-25f4-9040-5082-fbde0edc5ec9,aoa-execution-2021-01-01-2021-06-30.csv,178634,-30011,0,LTCUSD
2021-05-17 12:00:00,30011,82a2cc99-0a70-cfe0-c2eb-a8fb65d7b836,aoa-execution-2021-01-01-2021-06-30.csv,175158,-30011,0,LTCUSD
2021-06-03 20:00:00,176419,2d42b36c-6021-9cc9-2dc0-4dae3a654f3f,aoa-execution-2021-01-01-2021-06-30.csv,299604,-176419,0,LTCUSD
2021-06-04 04:00:00,355996,149d384c-f098-721c-2496-c1f541ed346c,aoa-execution-2021-01-01-2021-06-30.csv,303588,-355996,0,LTCUSD
2021-06-04 12:00:00,355996,68bc2ea2-1973-d6ae-8f01-42714db6b2f6,aoa-execution-2021-01-01-2021-06-30.csv,301511,-355996,0,LTCUSD
2021-06-04 20:00:00,355996,8d021f97-c27d-e8a4-5359-67787abe45af,aoa-execution-2021-01-01-2021-06-30.csv,303579,-355996,0,LTCUSD
2021-06-05 04:00:00,355996,db310a05-ba87-8ee9-d153-15ae977c5cba,aoa-execution-2021-01-01-2021-06-30.csv,314042,-355996,0,LTCUSD
2021-06-05 12:00:00,355996,8116fa67-2f55-8ad3-de7e-419ec570fdef,aoa-execution-2021-01-01-2021-06-30.csv,311150,-355996,0,LTCUSD
2021-06-05 20:00:00,355996,1a51b576-997c-63ba-16dc-916518ed9da1,aoa-execution-2021-01-01-2021-06-30.csv,311291,-355996,0,LTCUSD
2021-06-06 04:00:00,355996,bafbc567-5bbb-8282-93b3-dbe16583711c,aoa-execution-2021-01-01-2021-06-30.csv,314391,-355996,0,LTCUSD
2021-06-06 12:00:00,355996,840b6e67-e6f0-dd9e-092f-fdb2fa6a6213,aoa-execution-2021-01-01-2021-06-30.csv,314384,-355996,0,LTCUSD
2021-06-06 20:00:00,355996,2943a626-aa53-2a84-92b3-07eb9a206ca0,aoa-execution-2021-01-01-2021-06-30.csv,314350,-355996,0,LTCUSD
2021-06-07 04:00:00,355996,c8fe6410-2082-9545-faaf-5c63dd7dfca7,aoa-execution-2021-01-01-2021-06-30.csv,317152,-355996,0,LTCUSD
2021-06-07 12:00:00,355996,dc74c30c-45c7-acf0-a843-be7d3b4bb1fa,aoa-execution-2021-01-01-2021-06-30.csv,315901,-355996,0,LTCUSD
2021-06-07 20:00:00,355996,b85029b8-9892-d213-ab75-05a9b3af3b2e,aoa-execution-2021-01-01-2021-06-30.csv,315870,-355996,0,LTCUSD
2021-06-08 04:00:00,355996,118a03b2-99db-adc2-bb9b-5f8dc008c8d9,aoa-execution-2021-01-01-2021-06-30.csv,320673,-355996,0,LTCUSD
2021-06-08 12:00:00,355996,5f5ce8f8-0cf8-1ac1-1ee5-1260801150f4,aoa-execution-2021-01-01-2021-06-30.csv,323983,-355996,0,LTCUSD
2021-06-08 20:00:00,355996,3ca786e2-a8e9-ed6f-6e22-fdb78d16e805,aoa-execution-2021-01-01-2021-06-30.csv,317195,-355996,0,LTCUSD
2021-06-09 04:00:00,355996,bc238c4f-8fc1-289a-80a0-47e7295d1423,aoa-execution-2021-01-01-2021-06-30.csv,326946,-355996,0,LTCUSD
2021-06-09 12:00:00,355996,c9a3c325-fe52-8099-5c90-cd0a8b5bac14,aoa-execution-2021-01-01-2021-06-30.csv,329767,-355996,0,LTCUSD
2021-06-09 20:00:00,355996,462a035a-f167-a51c-ec6c-74c24caebc11,aoa-execution-2021-01-01-2021-06-30.csv,329775,-355996,0,LTCUSD
2021-06-10 04:00:00,355996,15954799-7473-ed16-32f5-ac0d556b7b68,aoa-execution-2021-01-01-2021-06-30.csv,346907,-355996,0,LTCUSD
2021-06-10 12:00:00,229939,fc578c63-fd83-f719-3a85-77ce60a274ad,aoa-execution-2021-01-01-2021-06-30.csv,345374,-229939,0,LTCUSD
2021-09-18 12:00:00,200000,c1bcc91f-75e7-cb4b-6786-3158c269dae6,aoa-execution-2021-07-01-2021-12-31.csv,158011,-200000,0,LTCUSD
2021-09-18 20:00:00,200000,2a93b9bc-0c92-18b7-2b14-4d038d37de11,aoa-execution-2021-07-01-2021-12-31.csv,161867,-200000,0,LTCUSD
2021-09-19 04:00:00,200000,1392510b-b40b-1cb1-5f08-de6ae79af618,aoa-execution-2021-07-01-2021-12-31.csv,165425,-200000,0,LTCUSD
2021-09-19 12:00:00,200000,218fb91e-dd01-bbfe-602a-07bc837e909e,aoa-execution-2021-07-01-2021-12-31.csv,164537,-200000,0,LTCUSD
2021-09-19 20:00:00,200000,8d7b709e-423e-4148-8fa2-098cc9f773a8,aoa-execution-2021-07-01-2021-12-31.csv,165420,-200000,0,LTCUSD
2021-09-20 04:00:00,250334,0df3620f-e784-637a-f1f4-48ebd0959145,aoa-execution-2021-07-01-2021-12-31.csv,165434,-250334,0,LTCUSD
2021-09-20 12:00:00,250334,6d825e24-1294-d8e1-7255-1b364b0879e0,aoa-execution-2021-07-01-2021-12-31.csv,168574,-250334,0,LTCUSD
2021-09-20 20:00:00,250334,b1743b75-dbf0-88b6-7c46-e99fe730880d,aoa-execution-2021-07-01-2021-12-31.csv,165431,-250334,0,LTCUSD
2021-09-21 04:00:00,250334,782c5882-f1f5-e283-86cd-39816c21c65a,aoa-execution-2021-07-01-2021-12-31.csv,175118,-250334,0,LTCUSD
2021-09-21 12:00:00,250334,fda529ae-d749-39ab-c70a-9fac78dccd9d,aoa-execution-2021-07-01-2021-12-31.csv,174047,-250334,0,LTCUSD
2021-09-21 20:00:00,163286,0e1406c9-dd5c-5e16-9278-f47d21b3b2f5,aoa-execution-2021-07-01-2021-12-31.csv,172470,-163286,0,LTCUSD
2021-09-22 04:00:00,163286,c785b786-3779-f446-ee0f-12a6ab2f6865,aoa-execution-2021-07-01-2021-12-31.csv,187481,-163286,0,LTCUSD
2021-09-22 12:00:00,263286,3cba6fcf-fe9b-c106-8666-2dcab8d84440,aoa-execution-2021-07-01-2021-12-31.csv,183785,-263286,0,LTCUSD
2021-09-22 20:00:00,400412,b2dd1d72-c72b-363c-1455-8552461a84ca,aoa-execution-2021-07-01-2021-12-31.csv,189831,-400412,0,LTCUSD
2021-09-23 04:00:00,400412,a5aba2c0-4703-fc44-559f-0678760960c1,aoa-execution-2021-07-01-2021-12-31.csv,189848,-400412,0,LTCUSD
2021-09-23 12:00:00,400412,b596fe7d-cda1-c39d-74c7-0dacb038533a,aoa-execution-2021-07-01-2021-12-31.csv,189841,-400412,0,LTCUSD
2021-09-23 20:00:00,400412,3cbdff79-e3ce-ccba-e9ec-7da2a2f7a45e,aoa-execution-2021-07-01-2021-12-31.csv,189836,-400412,0,LTCUSD
2021-09-24 04:00:00,400412,4db78490-af8b-0cd3-08b3-71a1dd48663e,aoa-execution-2021-07-01-2021-12-31.csv,198673,-400412,0,LTCUSD
2021-09-24 12:00:00,400412,1d2e6a5f-d484-f40b-ea86-e75c9b497d11,aoa-execution-2021-07-01-2021-12-31.csv,194935,-400412,0,LTCUSD
2021-09-24 20:00:00,400412,b21baf55-5985-ab9d-6b09-780b1058298d,aoa-execution-2021-07-01-2021-12-31.csv,195325,-400412,0,LTCUSD
2021-09-25 04:00:00,400412,4e5c4b1d-133c-0b48-4a11-09cda0b35451,aoa-execution-2021-07-01-2021-12-31.csv,200953,-400412,0,LTCUSD
2021-09-25 12:00:00,400412,dd70dd01-acda-8824-bf7c-d57cbf71f817,aoa-execution-2021-07-01-2021-12-31.csv,200964,-400412,0,LTCUSD
2021-09-25 20:00:00,400412,33c3e635-db1f-8dd3-0d0c-3c33d05af23a,aoa-execution-2021-07-01-2021-12-31.csv,200957,-400412,0,LTCUSD
2021-09-26 04:00:00,400412,3097c3fa-995f-acc0-56df-00542169b0e0,aoa-execution-2021-07-01-2021-12-31.csv,200969,-400412,0,LTCUSD
2018-03-05 12:00:00,40000,4a283aa4-6c16-4141-d194-4db078ad64c4,aoa-execution-2018-03-01-2018-12-31.csv,39,-40000,0,XBTUSD
2018-03-05 20:00:00,5000,6822559c-5f6b-0630-2391-a66a6d0a2d39,aoa-execution-2018-03-01-2018-12-31.csv,26,5000,0,XBTUSD
2018-03-06 20:00:00,20000,387e80df-92f4-cffe-4a7c-fa704c564786,aoa-execution-2018-03-01-2018-12-31.csv,41,20000,0,XBTUSD
2018-03-08 04:00:00,10000,c529e981-271d-de93-a9d1-56cfd1c2afbd,aoa-execution-2018-03-01-2018-12-31.csv,129,-10000,0,XBTUSD
2018-03-09 12:00:00,6000,fafb6daa-514c-764e-8544-89ee86dc7312,aoa-execution-2018-03-01-2018-12-31.csv,207,-6000,0,XBTUSD
2018-03-10 04:00:00,30000,c34e2424-ef2d-4a43-52ca-bd4d3db27a58,aoa-execution-2018-03-01-2018-12-31.csv,388,-30000,0,XBTUSD
2018-03-12 12:00:00,45000,b6e0aca7-7a2a-2c07-d8df-a20f2a0f7e8d,aoa-execution-2018-03-01-2018-12-31.csv,677,-45000,0,XBTUSD
2018-03-13 04:00:00,10000,d8c7947b-1e9f-fe53-4324-e498a4d2e524,aoa-execution-2018-03-01-2018-12-31.csv,768,-10000,0,XBTUSD
2018-03-13 12:00:00,70000,d79c5ce6-3700-5644-4446-38e94f8d844e,aoa-execution-2018-03-01-2018-12-31.csv,1248,70000,0,XBTUSD
2018-03-13 20:00:00,130000,7c26b1b0-fa1d-a48f-b2c4-f08ddb2b7788,aoa-execution-2018-03-01-2018-12-31.csv,988,130000,0,XBTUSD
2018-03-14 04:00:00,100000,8d40e477-05f4-f4c6-4ab1-b51d25e6786f,aoa-execution-2018-03-01-2018-12-31.csv,1312,100000,0,XBTUSD
2018-03-14 12:00:00,30000,e3e838a6-eb15-f8b0-675b-7b7335c047f1,aoa-execution-2018-03-01-2018-12-31.csv,1326,30000,0,XBTUSD
2018-03-17 04:00:00,70000,a0bcb05c-08e6-5989-4e46-ca998e8b5401,aoa-execution-2018-03-01-2018-12-31.csv,1925,70000,0,XBTUSD
2018-03-19 12:00:00,210000,ca58ccca-8920-d65e-33b9-2cb8dfda8b7f,aoa-execution-2018-03-01-2018-12-31.csv,2052,-210000,0,XBTUSD
2018-03-20 20:00:00,700000,bf61c02b-e0ec-330a-d860-99f78f9481a3,aoa-execution-2018-03-01-2018-12-31.csv,2485,-700000,0,XBTUSD
2018-03-21 04:00:00,200000,931e6e92-85e6-555c-f56f-7701e039e5bd,aoa-execution-2018-03-01-2018-12-31.csv,2984,-200000,0,XBTUSD
2018-03-21 12:00:00,400000,78899ae3-0fe2-0e17-71e4-22d56687f397,aoa-execution-2018-03-01-2018-12-31.csv,3148,-400000,0,XBTUSD
2018-03-21 20:00:00,500000,9bf37acc-10a9-2fb9-e877-9fd7ef16ad48,aoa-execution-2018-03-01-2018-12-31.csv,3204,-500000,0,XBTUSD
2018-03-22 04:00:00,500000,50094e5a-8acf-2a24-ae99-2ba860d3093e,aoa-execution-2018-03-01-2018-12-31.csv,3524,-500000,0,XBTUSD
2018-03-29 12:00:00,250000,e421afa5-650e-a1ac-df26-7fbba42378b8,aoa-execution-2018-03-01-2018-12-31.csv,3881,250000,0,XBTUSD
2018-03-29 20:00:00,100000,3546a2d7-e076-bd93-4879-286226b7bf15,aoa-execution-2018-03-01-2018-12-31.csv,4023,100000,0,XBTUSD
2018-03-30 04:00:00,200000,38bd7996-aeb0-1fe4-58fe-985506bc071c,aoa-execution-2018-03-01-2018-12-31.csv,4882,-200000,0,XBTUSD
2018-03-30 12:00:00,50000,fe847307-9025-62ce-8741-65ca816ed847,aoa-execution-2018-03-01-2018-12-31.csv,5092,50000,0,XBTUSD
2018-03-30 20:00:00,50000,55adb79a-6c87-00c9-5b09-46c8a2f318f6,aoa-execution-2018-03-01-2018-12-31.csv,5127,-50000,0,XBTUSD
2018-03-31 04:00:00,70000,ca0b5233-4c26-b470-fdc2-c79694273207,aoa-execution-2018-03-01-2018-12-31.csv,5301,70000,0,XBTUSD
2018-04-01 04:00:00,90000,1249c65d-e806-5407-92ac-5a7685db0c2f,aoa-execution-2018-03-01-2018-12-31.csv,6128,90000,0,XBTUSD
2018-04-02 04:00:00,400000,a3080484-5b51-a1a5-cf50-81c908f15793,aoa-execution-2018-03-01-2018-12-31.csv,9017,-400000,0,XBTUSD
2018-04-02 12:00:00,200000,fd48ed4d-bf04-8269-bcc9-47920d74a32a,aoa-execution-2018-03-01-2018-12-31.csv,8676,200000,0,XBTUSD
2018-04-02 20:00:00,100000,3a22f394-a1ce-9f48-b6a1-3d8da085fc66,aoa-execution-2018-03-01-2018-12-31.csv,9411,-100000,0,XBTUSD
2018-04-03 04:00:00,70000,969c960f-ec11-8e23-c24c-097e8c0dbfd5,aoa-execution-2018-03-01-2018-12-31.csv,9545,-70000,0,XBTUSD
2018-04-03 12:00:00,150000,cac00b71-0ba1-40cf-638a-04412b7d8d5f,aoa-execution-2018-03-01-2018-12-31.csv,9950,150000,0,XBTUSD
2018-04-03 20:00:00,150000,88c6ca58-e84c-f492-07af-2ab84fb11f7c,aoa-execution-2018-03-01-2018-12-31.csv,9496,-150000,0,XBTUSD
2018-04-04 04:00:00,50000,10b18d17-71d5-0c68-f1c9-357aef3b6e2a,aoa-execution-2018-03-01-2018-12-31.csv,10327,-50000,0,XBTUSD
2018-04-04 12:00:00,50000,eadff306-d52f-5b90-106e-3e6923d2dc5b,aoa-execution-2018-03-01-2018-12-31.csv,10362,-50000,0,XBTUSD
2018-04-06 04:00:00,30000,21f372e9-c53d-0f44-576e-d7dd27569313,aoa-execution-2018-03-01-2018-12-31.csv,10850,-30000,0,XBTUSD
2018-04-06 12:00:00,20000,cfb75a56-943b-5d1c-bc48-db221d33d38b,aoa-execution-2018-03-01-2018-12-31.csv,10826,-20000,0,XBTUSD
2018-04-06 20:00:00,20000,7d5dada8-8595-4ff6-3d31-8dd5213ac671,aoa-execution-2018-03-01-2018-12-31.csv,10831,-20000,0,XBTUSD
2018-04-08 04:00:00,20000,81b8585e-26fa-fba2-8cc2-2b3e7458930b,aoa-execution-2018-03-01-2018-12-31.csv,10961,20000,0,XBTUSD
2018-04-08 12:00:00,20000,8fda331e-6f8e-c16d-b718-32a54fea6b1f,aoa-execution-2018-03-01-2018-12-31.csv,10940,20000,0,XBTUSD
2018-04-08 20:00:00,30000,61337170-91a0-6a1d-6ce1-e8efd925bff6,aoa-execution-2018-03-01-2018-12-31.csv,10953,30000,0,XBTUSD
2018-04-09 04:00:00,30000,0da791dc-bcdf-256e-a180-9979c375e32d,aoa-execution-2018-03-01-2018-12-31.csv,11000,-30000,0,XBTUSD
2018-04-09 20:00:00,40000,93cb87b1-0ce4-d717-a9c3-541b7299e782,aoa-execution-2018-03-01-2018-12-31.csv,11023,40000,0,XBTUSD
2018-04-12 12:00:00,58400,3c9cbf37-5e53-33a4-49ec-5d28b5e3c53a,aoa-execution-2018-03-01-2018-12-31.csv,11225,58400,0,XBTUSD
2018-04-13 04:00:00,100000,6b5dc50a-2394-04a1-98f6-b7502fc8e365,aoa-execution-2018-03-01-2018-12-31.csv,11833,100000,0,XBTUSD
2018-04-13 12:00:00,50000,1105e517-8f5a-59ef-1468-fb481f17f7a5,aoa-execution-2018-03-01-2018-12-31.csv,11507,-50000,0,XBTUSD
2018-04-13 20:00:00,60000,2e8c28e2-8aa4-1060-a04d-23e6312f8b4a,aoa-execution-2018-03-01-2018-12-31.csv,12006,-60000,0,XBTUSD
2018-04-14 04:00:00,50000,61ab0e80-7a19-23a3-3281-97e19f12f5d2,aoa-execution-2018-03-01-2018-12-31.csv,12210,50000,0,XBTUSD
2018-04-14 12:00:00,50000,210d78fb-2724-41e9-cbf9-83c95d9b4fda,aoa-execution-2018-03-01-2018-12-31.csv,12211,50000,0,XBTUSD
2018-04-14 20:00:00,50000,d25aa3a1-a308-db29-e25d-01b6ff24054e,aoa-execution-2018-03-01-2018-12-31.csv,12212,50000,0,XBTUSD
2018-04-16 12:00:00,400000,bdc2c598-3ec1-727c-dc8c-ef80d3613a98,aoa-execution-2018-03-01-2018-12-31.csv,14956,-400000,0,XBTUSD
2018-04-19 20:00:00,5000,6e6cb1af-952a-551a-582a-f9ff3257fb1b,aoa-execution-2018-03-01-2018-12-31.csv,16631,-5000,0,XBTUSD
2018-04-20 04:00:00,200000,ca906e6f-57ba-eca6-f42c-a7756ef7a88f,aoa-execution-2018-03-01-2018-12-31.csv,16854,-200000,0,XBTUSD
2018-04-21 04:00:00,200000,34ccea14-661a-f3a0-f65b-77bf200899d2,aoa-execution-2018-03-01-2018-12-31.csv,17034,-200000,0,XBTUSD
2018-04-21 12:00:00,300000,9836a8fc-10c4-a46c-feb3-ca5d39e92355,aoa-execution-2018-03-01-2018-12-31.csv,17296,300000,0,XBTUSD
2018-04-24 20:00:00,400000,91d10180-fc42-8a73-4f10-cf4b16c514c9,aoa-execution-2018-03-01-2018-12-31.csv,17910,-400000,0,XBTUSD
2018-05-06 12:00:00,200000,dea95e49-e6da-0073-877a-63544f707a8d,aoa-execution-2018-03-01-2018-12-31.csv,19748,200000,0,XBTUSD
2018-05-16 04:00:00,200000,b3b1306f-7cbc-40ea-8eff-f85224e4dc0b,aoa-execution-2018-03-01-2018-12-31.csv,21180,200000,0,XBTUSD
2018-05-22 20:00:00,200000,37b89623-debc-2976-f8eb-e49a5fc12b0a,aoa-execution-2018-03-01-2018-12-31.csv,21808,200000,0,XBTUSD
2018-05-24 20:00:00,300000,1b514d61-45df-9fa3-d6b9-1ac332d4f601,aoa-execution-2018-03-01-2018-12-31.csv,22855,300000,0,XBTUSD
2018-05-25 12:00:00,200001,ce189d34-ae50-bb18-30d1-61722895bc87,aoa-execution-2018-03-01-2018-12-31.csv,23357,200001,0,XBTUSD
2018-05-25 20:00:00,100001,a07d469a-1647-86f9-615d-fc0ed6c71e72,aoa-execution-2018-03-01-2018-12-31.csv,23366,100001,0,XBTUSD
2018-05-26 04:00:00,1,2270be1a-8991-1b30-9c0f-29fab9b0f3c5,aoa-execution-2018-03-01-2018-12-31.csv,23528,1,0,XBTUSD
2018-05-26 12:00:00,313238,ceb3e738-04bb-da78-a2ba-8351fdd1e762,aoa-execution-2018-03-01-2018-12-31.csv,23611,313238,0,XBTUSD
2018-05-26 20:00:00,1,02fe54d3-1e01-a57d-24d3-e3cf8ed3fb3a,aoa-execution-2018-03-01-2018-12-31.csv,23613,1,0,XBTUSD
2018-05-30 20:00:00,314308,102edea3-8fdb-f93b-56c3-91052dcb4efa,aoa-execution-2018-03-01-2018-12-31.csv,24217,314308,0,XBTUSD
2018-05-31 04:00:00,1,c5e3a9ec-1a48-f347-afe2-2bb87dc439e2,aoa-execution-2018-03-01-2018-12-31.csv,24276,1,0,XBTUSD
2018-05-31 12:00:00,1,4aea281b-048b-18a9-99c9-29eafefb337a,aoa-execution-2018-03-01-2018-12-31.csv,24323,1,0,XBTUSD
2018-05-31 20:00:00,1,6f4e9919-e81a-caf7-0bee-4a50d36c211a,aoa-execution-2018-03-01-2018-12-31.csv,24324,1,0,XBTUSD
2018-06-01 04:00:00,76520,09922019-a953-d3ae-ec82-b772ba88ad5f,aoa-execution-2018-03-01-2018-12-31.csv,24434,-76520,0,XBTUSD
2018-06-01 12:00:00,1,20d4b4ed-a43b-57c6-83b5-c5cf519baf77,aoa-execution-2018-03-01-2018-12-31.csv,24475,-1,0,XBTUSD
2018-06-01 20:00:00,1,c61b6424-ccd9-c658-60df-bdddd1499874,aoa-execution-2018-03-01-2018-12-31.csv,24439,-1,0,XBTUSD
2018-06-02 04:00:00,1,9e7768a2-42d0-4529-7a41-ea18530b42ef,aoa-execution-2018-03-01-2018-12-31.csv,24491,-1,0,XBTUSD
2018-06-02 12:00:00,1,4e8773a8-d1c7-c3d4-79bc-0053b1320583,aoa-execution-2018-03-01-2018-12-31.csv,24492,-1,0,XBTUSD
2018-06-02 20:00:00,328759,3bad09fd-9c4a-c243-5428-4f79bea6a057,aoa-execution-2018-03-01-2018-12-31.csv,24507,-328759,0,XBTUSD
2018-06-03 04:00:00,1,d5d7d809-25bd-8818-d774-569523811cae,aoa-execution-2018-03-01-2018-12-31.csv,24551,-1,0,XBTUSD
2018-06-03 12:00:00,34978,091c36f2-6950-8931-83de-d3e905717cb3,aoa-execution-2018-03-01-2018-12-31.csv,24536,-34978,0,XBTUSD
2018-06-03 20:00:00,1,48051fb5-6d72-2f45-8391-73365d6a322c,aoa-execution-2018-03-01-2018-12-31.csv,24570,-1,0,XBTUSD
2018-06-04 04:00:00,1,fbd3fccf-cf1f-ad6e-e9c4-482a8c47f715,aoa-execution-2018-03-01-2018-12-31.csv,24604,-1,0,XBTUSD
2018-06-04 12:00:00,367,28778300-c665-c64c-9a12-80dd1408ce04,aoa-execution-2018-03-01-2018-12-31.csv,24709,367,0,XBTUSD
2018-06-04 20:00:00,1,b29bfa47-4d6d-945f-d360-4e9cf511e831,aoa-execution-2018-03-01-2018-12-31.csv,24765,-1,0,XBTUSD
2018-06-05 04:00:00,200001,d15ab568-77ca-a8e9-21e8-f890ebc78679,aoa-execution-2018-03-01-2018-12-31.csv,24987,200001,0,XBTUSD
2018-06-05 12:00:00,300001,8b4d9851-a35a-7074-3cfa-f7efa4b3fd9d,aoa-execution-2018-03-01-2018-12-31.csv,25012,300001,0,XBTUSD
2018-06-05 20:00:00,439094,e7116ca6-21d0-6c67-3a15-2d894ab7cccd,aoa-execution-2018-03-01-2018-12-31.csv,25247,-439094,0,XBTUSD
2018-06-06 04:00:00,1,5def0989-a877-8281-3e96-9f8b3d0845fd,aoa-execution-2018-03-01-2018-12-31.csv,25280,-1,0,XBTUSD
2018-06-06 12:00:00,1,10a24445-b022-1620-8323-19b077f45a5c,aoa-execution-2018-03-01-2018-12-31.csv,25417,-1,0,XBTUSD
2018-06-06 20:00:00,1,1da1d7da-0989-911e-1075-ec94a31a0ae6,aoa-execution-2018-03-01-2018-12-31.csv,25381,-1,0,XBTUSD
2018-06-07 04:00:00,1,343e7de7-61c9-877e-6585-f457df84749a,aoa-execution-2018-03-01-2018-12-31.csv,25540,-1,0,XBTUSD
2018-06-07 12:00:00,1,ec55d3a7-1177-e68d-e9f2-01f283bf7422,aoa-execution-2018-03-01-2018-12-31.csv,25541,-1,0,XBTUSD
2018-06-07 20:00:00,1,51fc111b-0d0d-84eb-5de7-68e8a5be8257,aoa-execution-2018-03-01-2018-12-31.csv,25542,-1,0,XBTUSD
2018-06-08 04:00:00,1,af08f62c-68c2-3f09-e232-345405e88bce,aoa-execution-2018-03-01-2018-12-31.csv,25544,-1,0,XBTUSD
2018-06-08 12:00:00,1,a840315a-584b-0cac-42ad-cc835145b92f,aoa-execution-2018-03-01-2018-12-31.csv,25543,-1,0,XBTUSD
2018-06-08 20:00:00,1,a08c4db5-f3df-3738-8f94-d56432c4134b,aoa-execution-2018-03-01-2018-12-31.csv,25545,-1,0,XBTUSD
2018-06-09 04:00:00,1,e0cdcd02-44b5-a58c-cb75-41813983ffe2,aoa-execution-2018-03-01-2018-12-31.csv,25546,-1,0,XBTUSD
2018-06-09 12:00:00,1,92c52608-aaaf-ece4-6397-64a92f91263b,aoa-execution-2018-03-01-2018-12-31.csv,25547,-1,0,XBTUSD
2018-06-09 20:00:00,1,253c160a-5717-a18b-b525-b9daf94ca414,aoa-execution-2018-03-01-2018-12-31.csv,25548,-1,0,XBTUSD
2018-06-10 04:00:00,1,888288a9-b319-ae2d-ca1d-00fc2f92c475,aoa-execution-2018-03-01-2018-12-31.csv,25704,-1,0,XBTUSD
2018-06-10 12:00:00,1,bd70eb85-d720-4c36-272c-b750357fb029,aoa-execution-2018-03-01-2018-12-31.csv,25587,1,0,XBTUSD
2018-06-11 04:00:00,1,924ed182-b27a-4bc6-3419-8ecef3391908,aoa-execution-2018-03-01-2018-12-31.csv,25858,1,0,XBTUSD
2018-06-11 12:00:00,1,c15c3092-f4f3-8b17-b90d-7a2ad1225219,aoa-execution-2018-03-01-2018-12-31.csv,25830,1,0,XBTUSD
2018-06-11 20:00:00,1,a74d8507-4b07-f105-c4de-17044037c9a0,aoa-execution-2018-03-01-2018-12-31.csv,25831,1,0,XBTUSD
2018-06-12 04:00:00,48499,ff1a64f5-9e3f-0739-ca1c-4cde994c570d,aoa-execution-2018-03-01-2018-12-31.csv,25892,48499,0,XBTUSD
2018-06-12 12:00:00,48499,e80562dd-4973-3119-6ffe-fb6159fc296e,aoa-execution-2018-03-01-2018-12-31.csv,25893,48499,0,XBTUSD
2018-06-12 20:00:00,248499,31d8c241-f0f7-162d-6056-1e031982bd40,aoa-execution-2018-03-01-2018-12-31.csv,25938,248499,0,XBTUSD
2018-06-13 04:00:00,300011,2557db0b-fd6c-f46f-ff54-c4319f678be8,aoa-execution-2018-03-01-2018-12-31.csv,26154,300011,0,XBTUSD
2018-06-13 12:00:00,300001,6a0c2b5f-48ea-7b66-e8e9-226ed8c8c185,aoa-execution-2018-03-01-2018-12-31.csv,26023,300001,0,XBTUSD
2018-06-13 20:00:00,400001,adf920b0-8972-73a6-6385-855865e0727c,aoa-execution-2018-03-01-2018-12-31.csv,26337,400001,0,XBTUSD
2018-06-14 04:00:00,199999,92232bc4-fa0a-46cb-e5d3-5e2e93d83957,aoa-execution-2018-03-01-2018-12-31.csv,26592,-199999,0,XBTUSD
2018-06-14 12:00:00,1,2d4b0da3-3ce2-024f-652f-cce3b3ab3d5b,aoa-execution-2018-03-01-2018-12-31.csv,26454,1,0,XBTUSD
2018-06-14 20:00:00,1,4fee2261-5c33-bc75-3476-e7405b3629d1,aoa-execution-2018-03-01-2018-12-31.csv,26671,1,0,XBTUSD
2018-06-15 04:00:00,1,685eee7f-351e-90cd-7e08-3a98ac23bf83,aoa-execution-2018-03-01-2018-12-31.csv,26894,1,0,XBTUSD
2018-06-15 12:00:00,1,93b1d899-27ef-f1b0-f596-a1793f6cd9d6,aoa-execution-2018-03-01-2018-12-31.csv,26816,1,0,XBTUSD
2018-06-15 20:00:00,1,ae334224-d9c6-d845-0188-0c3aedfc52b6,aoa-execution-2018-03-01-2018-12-31.csv,26895,1,0,XBTUSD
2018-06-16 04:00:00,1,e259c165-1bfa-e985-1fa3-f73561b8d95d,aoa-execution-2018-03-01-2018-12-31.csv,27064,1,0,XBTUSD
2018-06-16 12:00:00,1,be8371d0-a25e-8e6d-cf02-d344ae945828,aoa-execution-2018-03-01-2018-12-31.csv,27071,1,0,XBTUSD
2018-06-16 20:00:00,1,7230f4c0-7787-39dc-7eec-39d094809bf3,aoa-execution-2018-03-01-2018-12-31.csv,27159,1,0,XBTUSD
2018-06-17 04:00:00,1,ff3af1a7-e052-f7bd-3436-0b39033fac00,aoa-execution-2018-03-01-2018-12-31.csv,27160,1,0,XBTUSD
2018-06-17 12:00:00,1,ef418705-44fe-2aba-5b1f-58fe46f41b3b,aoa-execution-2018-03-01-2018-12-31.csv,27161,1,0,XBTUSD
2018-06-17 20:00:00,1,9c040db9-353f-a2be-d43f-d5b89cfbe60a,aoa-execution-2018-03-01-2018-12-31.csv,27162,1,0,XBTUSD
2018-06-18 04:00:00,1,bf692b57-3958-617f-db44-f5ffab7e5713,aoa-execution-2018-03-01-2018-12-31.csv,27189,1,0,XBTUSD
2018-06-18 12:00:00,1,a1b33ced-396c-b357-2699-3e2e995de708,aoa-execution-2018-03-01-2018-12-31.csv,27334,1,0,XBTUSD
2018-06-18 20:00:00,1,d5addd62-5ba3-595b-2e1e-46bf3e2f3d07,aoa-execution-2018-03-01-2018-12-31.csv,27413,1,0,XBTUSD
2018-06-19 04:00:00,1,b2aebfbd-f67f-1e5c-db70-57139549a612,aoa-execution-2018-03-01-2018-12-31.csv,27459,1,0,XBTUSD
2018-06-19 12:00:00,1,6a97ce7c-ac58-de78-56e7-75b93ae72b25,aoa-execution-2018-03-01-2018-12-31.csv,27414,1,0,XBTUSD
2018-06-19 20:00:00,1,d6862ee6-a2df-21d2-a853-6141ec5152d7,aoa-execution-2018-03-01-2018-12-31.csv,27506,-1,0,XBTUSD
2018-06-20 04:00:00,1,5ac2fdcf-ab6e-78a3-d18c-8b01b5453a2e,aoa-execution-2018-03-01-2018-12-31.csv,27861,-1,0,XBTUSD
2018-06-20 12:00:00,1,7bb85439-da72-e7d9-cbb2-1570fb808843,aoa-execution-2018-03-01-2018-12-31.csv,27862,-1,0,XBTUSD
2018-06-20 20:00:00,1,bb6b417a-7cfb-c739-569c-96e7f2a31d7d,aoa-execution-2018-03-01-2018-12-31.csv,27731,-1,0,XBTUSD
2018-06-21 04:00:00,1,c365f005-885f-52e9-7326-fbd52d909077,aoa-execution-2018-03-01-2018-12-31.csv,27970,-1,0,XBTUSD
2018-06-21 12:00:00,1,dc2f8fdf-5053-cb42-25f6-5f137120a587,aoa-execution-2018-03-01-2018-12-31.csv,27968,-1,0,XBTUSD
2018-06-21 20:00:00,1,14bdd37d-16ba-abbb-ce5e-1d707c27c2b5,aoa-execution-2018-03-01-2018-12-31.csv,27969,-1,0,XBTUSD
2018-06-22 04:00:00,1,dcd0f2e5-c99f-87bc-2d1e-15c5f3e7f60f,aoa-execution-2018-03-01-2018-12-31.csv,28063,-1,0,XBTUSD
2018-06-22 12:00:00,1,dc96f292-2d7c-44b8-7f45-c826cb93facf,aoa-execution-2018-03-01-2018-12-31.csv,28043,1,0,XBTUSD
2018-06-22 20:00:00,1,ae413b16-e428-60be-4a31-ea215bae5ef4,aoa-execution-2018-03-01-2018-12-31.csv,28153,1,0,XBTUSD
2018-06-23 04:00:00,1,0378ada2-106b-ea31-f6f5-be74473e16de,aoa-execution-2018-03-01-2018-12-31.csv,28167,1,0,XBTUSD
2018-06-23 12:00:00,1,42ebd4e5-3cb7-8f08-5deb-4d74632d6908,aoa-execution-2018-03-01-2018-12-31.csv,28283,1,0,XBTUSD
2018-06-23 20:00:00,1,289faf0d-66dc-1c4d-96ef-3468681fd328,aoa-execution-2018-03-01-2018-12-31.csv,28284,1,0,XBTUSD
2018-06-24 04:00:00,445280,e55ae26b-6546-e2e4-87b6-8d3d8507f20f,aoa-execution-2018-03-01-2018-12-31.csv,28770,445280,0,XBTUSD
2018-06-24 12:00:00,306862,1cc85524-5d59-eb24-0692-e2686b5e8539,aoa-execution-2018-03-01-2018-12-31.csv,29011,-306862,0,XBTUSD
2018-06-24 20:00:00,199999,75e8a153-eae2-9857-f824-859cd39bf633,aoa-execution-2018-03-01-2018-12-31.csv,29925,-199999,0,XBTUSD
2018-06-25 04:00:00,200001,a554b9d3-f5a4-a176-cfa1-78affe5723bb,aoa-execution-2018-03-01-2018-12-31.csv,29955,200001,0,XBTUSD
2018-06-25 12:00:00,199999,d34db6bd-d10d-2d4d-b08c-7962cb1a2a9f,aoa-execution-2018-03-01-2018-12-31.csv,30337,-199999,0,XBTUSD
2018-06-25 20:00:00,1,7900afb2-2749-9204-5186-ae646733f22d,aoa-execution-2018-03-01-2018-12-31.csv,30572,1,0,XBTUSD
2018-06-26 04:00:00,1,fcc504cd-14d4-7960-a0f4-47153f6c8be0,aoa-execution-2018-03-01-2018-12-31.csv,30612,1,0,XBTUSD
2018-06-26 12:00:00,1,dd3ea664-a626-43b7-2489-4113ddbd0add,aoa-execution-2018-03-01-2018-12-31.csv,30577,1,0,XBTUSD
2018-06-26 20:00:00,1,f58eb090-acde-a4b1-03c5-e26d18a0e795,aoa-execution-2018-03-01-2018-12-31.csv,30656,1,0,XBTUSD
2018-06-27 04:00:00,1,13e928b4-cc47-1df4-c477-85d5f81841ed,aoa-execution-2018-03-01-2018-12-31.csv,30657,1,0,XBTUSD
2018-06-27 12:00:00,1,e211fb64-826a-0fd6-89d9-1d75108ea5d1,aoa-execution-2018-03-01-2018-12-31.csv,30748,1,0,XBTUSD
2018-06-27 20:00:00,1,46401259-db5a-27ef-1758-3d3924eaed50,aoa-execution-2018-03-01-2018-12-31.csv,30828,1,0,XBTUSD
2018-06-28 04:00:00,200001,031f8bbb-06a9-0e53-647e-895aac050b61,aoa-execution-2018-03-01-2018-12-31.csv,30854,200001,0,XBTUSD
2018-06-28 12:00:00,200001,42122e86-09df-db30-d32d-84853241b31e,aoa-execution-2018-03-01-2018-12-31.csv,30873,200001,0,XBTUSD
2018-06-28 20:00:00,200001,625ad6f2-b822-b716-5342-0bca7975531b,aoa-execution-2018-03-01-2018-12-31.csv,30874,200001,0,XBTUSD
2018-06-29 04:00:00,200001,d91b396b-8323-b32b-96f2-e7d8a0dc65ff,aoa-execution-2018-03-01-2018-12-31.csv,30927,200001,0,XBTUSD
2018-06-29 12:00:00,1,70c89373-6c5a-ab88-cd00-557fe666f556,aoa-execution-2018-03-01-2018-12-31.csv,30925,1,0,XBTUSD
2018-06-29 20:00:00,1,caf57ccc-1151-36de-d23e-7ff7e4237070,aoa-execution-2018-03-01-2018-12-31.csv,30981,1,0,XBTUSD
2018-06-30 04:00:00,99999,54fbb160-17a2-dc78-3736-c788b527cc4d,aoa-execution-2018-03-01-2018-12-31.csv,31148,-99999,0,XBTUSD
2018-06-30 12:00:00,99999,c5364250-0d29-c028-1b71-06e4b6c572fd,aoa-execution-2018-03-01-2018-12-31.csv,31331,-99999,0,XBTUSD
2018-06-30 20:00:00,1,3c730dab-216f-3bbf-f6df-b0ff655f0f4b,aoa-execution-2018-03-01-2018-12-31.csv,31346,1,0,XBTUSD
2018-07-01 04:00:00,1,db64fe83-7987-f20f-8387-b7f425500d58,aoa-execution-2018-03-01-2018-12-31.csv,31348,1,0,XBTUSD
2018-07-01 12:00:00,1,53182ad3-4458-9b88-ee33-b1ae9e66a883,aoa-execution-2018-03-01-2018-12-31.csv,31349,1,0,XBTUSD
2018-07-01 20:00:00,1,c3e08742-dca7-338b-7bda-72ed8a1647d2,aoa-execution-2018-03-01-2018-12-31.csv,31347,1,0,XBTUSD
2018-07-02 04:00:00,1,cf0c5c20-63a2-f976-74d4-62eed9484e29,aoa-execution-2018-03-01-2018-12-31.csv,31351,1,0,XBTUSD
2018-07-02 12:00:00,1,83ce2c39-158d-8573-480d-cd5140fd3f1e,aoa-execution-2018-03-01-2018-12-31.csv,31382,1,0,XBTUSD
2018-07-02 20:00:00,1,82f0f040-aed5-71f5-6e9c-fa5f1031fe87,aoa-execution-2018-03-01-2018-12-31.csv,31350,1,0,XBTUSD
2018-07-03 04:00:00,1,8f5d33ce-0961-1473-82e2-85e7466f7706,aoa-execution-2018-03-01-2018-12-31.csv,31446,1,0,XBTUSD
2018-07-03 12:00:00,1,350171ce-be20-5097-b52f-44848e6f3fd5,aoa-execution-2018-03-01-2018-12-31.csv,31835,1,0,XBTUSD
2018-07-03 20:00:00,1,5330cd20-51e4-8fd0-958c-270d45eba5ca,aoa-execution-2018-03-01-2018-12-31.csv,31587,1,0,XBTUSD
2018-07-04 04:00:00,200001,f6decaee-9530-b0f8-cd29-e386682b648f,aoa-execution-2018-03-01-2018-12-31.csv,32047,200001,0,XBTUSD
2018-07-04 12:00:00,199999,0bc1b75a-c459-7a80-45da-3685372c9f4b,aoa-execution-2018-03-01-2018-12-31.csv,32114,-199999,0,XBTUSD
2018-07-04 20:00:00,199999,3c05b317-5111-8de7-c090-3356c1c0898d,aoa-execution-2018-03-01-2018-12-31.csv,32120,-199999,0,XBTUSD
2018-07-05 04:00:00,1,684652e6-ab7e-0fd2-c66a-131aaaa44ad8,aoa-execution-2018-03-01-2018-12-31.csv,32478,1,0,XBTUSD
2018-07-05 12:00:00,1,f54edd05-64d6-a2f8-ef6c-c01d929f01c0,aoa-execution-2018-03-01-2018-12-31.csv,32510,1,0,XBTUSD
2018-07-05 20:00:00,1,f8fa83be-2046-8ee8-eeee-b5ada2d16c92,aoa-execution-2018-03-01-2018-12-31.csv,32511,1,0,XBTUSD
2018-07-06 04:00:00,1,63970138-8469-7cfd-d43a-73d73b77289d,aoa-execution-2018-03-01-2018-12-31.csv,32523,1,0,XBTUSD
2018-07-06 12:00:00,1,f80b6cdb-449f-cc3c-8960-732b8ecc77a4,aoa-execution-2018-03-01-2018-12-31.csv,32530,1,0,XBTUSD
2018-07-06 20:00:00,1,4e1c7494-863a-5164-a6f5-f708f237e6d5,aoa-execution-2018-03-01-2018-12-31.csv,32522,1,0,XBTUSD
2018-07-07 04:00:00,1,b533d4f9-03ca-ca25-2301-c8ac6c245973,aoa-execution-2018-03-01-2018-12-31.csv,32533,1,0,XBTUSD
2018-07-07 12:00:00,1,77876a3a-b1ea-e4de-84e2-77ccb5218a4a,aoa-execution-2018-03-01-2018-12-31.csv,32581,1,0,XBTUSD
2018-07-07 20:00:00,1,83cab59e-533d-d956-8f13-88088847c630,aoa-execution-2018-03-01-2018-12-31.csv,32582,1,0,XBTUSD
2018-07-08 04:00:00,400001,6a13604e-bb25-45a9-c5f1-8369ec753756,aoa-execution-2018-03-01-2018-12-31.csv,32743,400001,0,XBTUSD
2018-07-08 12:00:00,200001,4b7a1fef-b9fd-36a8-6601-09e59099945f,aoa-execution-2018-03-01-2018-12-31.csv,32763,200001,0,XBTUSD
2018-07-08 20:00:00,1,c614176f-69c5-8de2-846c-7f7a7837e32d,aoa-execution-2018-03-01-2018-12-31.csv,32695,1,0,XBTUSD
2018-07-09 04:00:00,1,33277004-236b-dfd8-b417-f765adbda53c,aoa-execution-2018-03-01-2018-12-31.csv,32765,1,0,XBTUSD
2018-07-09 12:00:00,1,55bd1f59-b99c-4b24-d0c3-09450b3c2a75,aoa-execution-2018-03-01-2018-12-31.csv,32766,1,0,XBTUSD
2018-07-09 20:00:00,1,bd7c430f-e7dc-9c5d-7254-982d4ccc2668,aoa-execution-2018-03-01-2018-12-31.csv,32799,1,0,XBTUSD
2018-07-10 04:00:00,1,7d1161c3-d4b5-76f8-0dcf-9cb600742432,aoa-execution-2018-03-01-2018-12-31.csv,32949,1,0,XBTUSD
2018-07-10 12:00:00,400001,833f7b55-2bb1-2ccd-e130-4417f9fca13e,aoa-execution-2018-03-01-2018-12-31.csv,32891,400001,0,XBTUSD
2018-07-10 20:00:00,1,7917a7bb-196e-b469-4244-af04dd7e6897,aoa-execution-2018-03-01-2018-12-31.csv,32925,1,0,XBTUSD
2018-07-11 04:00:00,1,98f8e092-f344-5199-3742-13c520ce47db,aoa-execution-2018-03-01-2018-12-31.csv,33087,1,0,XBTUSD
2018-07-11 12:00:00,1,c8cff541-6cc2-3861-d182-2d85b63c4c26,aoa-execution-2018-03-01-2018-12-31.csv,33104,1,0,XBTUSD
2018-07-11 20:00:00,1,b7e3f5a0-625a-9b53-2b49-5fd543b82023,aoa-execution-2018-03-01-2018-12-31.csv,33107,1,0,XBTUSD
2018-07-12 04:00:00,1,fbdf4008-77b9-3dcf-b4bc-ac54306373ef,aoa-execution-2018-03-01-2018-12-31.csv,33174,1,0,XBTUSD
2018-07-12 12:00:00,200001,4cd60b48-74d1-c311-1b67-9f21f7d33c44,aoa-execution-2018-03-01-2018-12-31.csv,33121,200001,0,XBTUSD
2018-07-12 20:00:00,200001,26e321b3-c581-5586-f3a9-e94d94b15850,aoa-execution-2018-03-01-2018-12-31.csv,33221,200001,0,XBTUSD
2018-07-13 04:00:00,45857,33e9047a-f5ea-747d-9caa-68f948396c12,aoa-execution-2018-03-01-2018-12-31.csv,33412,-45857,0,XBTUSD
2018-07-13 12:00:00,1,82d98c52-3cbc-d8a0-7d76-28a7c368236a,aoa-execution-2018-03-01-2018-12-31.csv,33269,1,0,XBTUSD
2018-07-13 20:00:00,200001,0fa6f9ff-a933-eb77-6c88-c8eff037ad1c,aoa-execution-2018-03-01-2018-12-31.csv,33478,200001,0,XBTUSD
2018-07-14 04:00:00,1,9670403b-3971-e67d-bc16-c224d9a1977a,aoa-execution-2018-03-01-2018-12-31.csv,33618,1,0,XBTUSD
2018-07-14 12:00:00,1,0b0466db-836a-95a4-0c1c-e0cc0129b764,aoa-execution-2018-03-01-2018-12-31.csv,33553,1,0,XBTUSD
2018-07-14 20:00:00,199999,fb7ce409-0bc2-7cc6-c3c7-702e3bf4e77b,aoa-execution-2018-03-01-2018-12-31.csv,33610,-199999,0,XBTUSD
2018-07-15 04:00:00,1,bdd4b50a-2756-e8b0-9ed0-3215097d4d35,aoa-execution-2018-03-01-2018-12-31.csv,33679,1,0,XBTUSD
2018-07-15 12:00:00,1,c9561dc2-9344-f253-c6b7-c2fbb5a4ec91,aoa-execution-2018-03-01-2018-12-31.csv,33719,1,0,XBTUSD
2018-07-15 20:00:00,199999,c93bd5c1-9dce-0a64-7b8f-71152fb1c893,aoa-execution-2018-03-01-2018-12-31.csv,33715,-199999,0,XBTUSD
2018-07-16 04:00:00,199999,f184d110-45b4-177f-1358-eb1973e91419,aoa-execution-2018-03-01-2018-12-31.csv,33865,-199999,0,XBTUSD
2018-07-16 12:00:00,1,ce2b2fca-5b17-63bd-783a-a8cfea1bbd16,aoa-execution-2018-03-01-2018-12-31.csv,33762,1,0,XBTUSD
2018-07-16 20:00:00,199999,2748aa09-7060-6c9e-d1d6-bfbfcc61b46e,aoa-execution-2018-03-01-2018-12-31.csv,33839,-199999,0,XBTUSD
2018-07-17 04:00:00,599999,b993e215-87d8-888f-c2bc-206b18441741,aoa-execution-2018-03-01-2018-12-31.csv,34180,-599999,0,XBTUSD
2018-07-17 12:00:00,1,170a28c1-d67a-15f3-a5e9-92f04c430155,aoa-execution-2018-03-01-2018-12-31.csv,34244,1,0,XBTUSD
2018-07-18 04:00:00,8905,015b82ae-5bc1-ff11-6e67-08347b9b6fe1,aoa-execution-2018-03-01-2018-12-31.csv,35167,8905,0,XBTUSD
2018-07-18 12:00:00,251095,6c45e953-d67f-05dc-f189-623d6c244fc9,aoa-execution-2018-03-01-2018-12-31.csv,34545,-251095,0,XBTUSD
2018-07-18 20:00:00,264427,7b0440f1-7309-db1a-2b67-eabb080220c2,aoa-execution-2018-03-01-2018-12-31.csv,34702,264427,0,XBTUSD
2018-07-19 04:00:00,2957,401bc020-d215-48fe-1c45-01debe46d92d,aoa-execution-2018-03-01-2018-12-31.csv,35853,-2957,0,XBTUSD
2018-07-19 12:00:00,1002957,74c8b19c-ba68-c002-2ecd-247923cf51f1,aoa-execution-2018-03-01-2018-12-31.csv,35969,-1002957,0,XBTUSD
2018-07-19 20:00:00,254546,3fa7f3b7-61b4-ff74-3f12-5bd43b1f528b,aoa-execution-2018-03-01-2018-12-31.csv,35762,-254546,0,XBTUSD
2018-07-20 04:00:00,253155,0d949450-310e-8094-fafd-f41505bed994,aoa-execution-2018-03-01-2018-12-31.csv,36243,-253155,0,XBTUSD
2018-07-20 12:00:00,229637,0142a1a9-490c-3227-f1de-3293af949e95,aoa-execution-2018-03-01-2018-12-31.csv,36344,-229637,0,XBTUSD
2018-07-20 20:00:00,204193,2ab3ea1d-9dbe-1e2c-45b0-2e09ea27c1bc,aoa-execution-2018-03-01-2018-12-31.csv,36374,204193,0,XBTUSD
2018-07-21 04:00:00,250001,12f1096e-8381-8b9e-268d-157572a30c2f,aoa-execution-2018-03-01-2018-12-31.csv,36419,250001,0,XBTUSD
2018-07-21 12:00:00,2283,1c79ec4b-f698-f670-2332-badff36602a3,aoa-execution-2018-03-01-2018-12-31.csv,36447,-2283,0,XBTUSD
2018-07-21 20:00:00,2283,d3d52c6f-fda8-29e3-ca37-877a8ad983b1,aoa-execution-2018-03-01-2018-12-31.csv,36513,-2283,0,XBTUSD
2018-07-22 04:00:00,1,a281e65c-30da-8fb5-9a72-0e1c0d2829c8,aoa-execution-2018-03-01-2018-12-31.csv,36684,-1,0,XBTUSD
2018-07-22 12:00:00,1,da89d4da-f3c4-7049-cc23-619ad82d360b,aoa-execution-2018-03-01-2018-12-31.csv,36685,-1,0,XBTUSD
2018-07-22 20:00:00,1,47b7da38-5cbb-a21a-16e7-842c556e2a91,aoa-execution-2018-03-01-2018-12-31.csv,36543,-1,0,XBTUSD
2018-07-23 04:00:00,249999,5a236228-04e4-4e3e-f562-c68430295bf8,aoa-execution-2018-03-01-2018-12-31.csv,36928,-249999,0,XBTUSD
2018-07-23 12:00:00,150570,d83f3b6a-4630-0ce1-694b-d84912548b48,aoa-execution-2018-03-01-2018-12-31.csv,36960,150570,0,XBTUSD
2018-07-23 20:00:00,150570,f69960ce-9580-f9af-d916-8bb1219d4765,aoa-execution-2018-03-01-2018-12-31.csv,36857,150570,0,XBTUSD
2018-07-24 04:00:00,5970,f79648e8-efc8-ae12-264e-660c10076080,aoa-execution-2018-03-01-2018-12-31.csv,37453,-5970,0,XBTUSD
2018-07-24 12:00:00,1325428,4718acfe-853f-6848-3b3e-51c2e2a5116c,aoa-execution-2018-03-01-2018-12-31.csv,37244,-1325428,0,XBTUSD
2018-07-24 20:00:00,469594,7ca7c2c2-8b77-e246-708b-8fa0d553a372,aoa-execution-2018-03-01-2018-12-31.csv,37771,-469594,0,XBTUSD
2018-07-25 04:00:00,269110,043a111d-d77e-42f2-1f7d-778d86b6777e,aoa-execution-2018-03-01-2018-12-31.csv,38288,-269110,0,XBTUSD
2018-07-25 12:00:00,23888,e12e60ca-ef33-b467-90a1-fd3a43eb45bc,aoa-execution-2018-03-01-2018-12-31.csv,38013,23888,0,XBTUSD
2018-07-25 20:00:00,269850,5ae86233-d56a-44c0-61e0-e038a7c155c0,aoa-execution-2018-03-01-2018-12-31.csv,38502,269850,0,XBTUSD
2018-07-26 04:00:00,253650,e4a33a67-589a-d952-8378-3c4554a55854,aoa-execution-2018-03-01-2018-12-31.csv,38577,-253650,0,XBTUSD
2018-07-26 12:00:00,267667,68c71ae6-83f1-c34f-b481-c8e895020627,aoa-execution-2018-03-01-2018-12-31.csv,38653,-267667,0,XBTUSD
2018-07-26 20:00:00,17667,8a8d1b9a-6521-57b7-7034-9d792c0cd198,aoa-execution-2018-03-01-2018-12-31.csv,38994,-17667,0,XBTUSD
2018-07-27 04:00:00,1262959,b5deaad4-8926-d8ed-fbbd-8e85050b692d,aoa-execution-2018-03-01-2018-12-31.csv,39754,1262959,0,XBTUSD
2018-07-27 12:00:00,8925,992242a9-a0e0-a8cb-80fb-6267b1d514fa,aoa-execution-2018-03-01-2018-12-31.csv,39374,-8925,0,XBTUSD
2018-07-27 20:00:00,2716051,d96abfe4-11e0-cf99-a8c8-f0060ae2342f,aoa-execution-2018-03-01-2018-12-31.csv,40086,-2716051,0,XBTUSD
2018-07-28 04:00:00,283949,68541300-b200-ec42-cffa-d732e0faefef,aoa-execution-2018-03-01-2018-12-31.csv,40267,283949,0,XBTUSD
2018-07-28 12:00:00,1,0884ab61-d49b-53bf-83ce-2360bc85488a,aoa-execution-2018-03-01-2018-12-31.csv,40207,1,0,XBTUSD
2018-07-28 20:00:00,1,1adcc324-9cf7-4813-3345-457df2d52d3c,aoa-execution-2018-03-01-2018-12-31.csv,40324,1,0,XBTUSD
2018-07-29 04:00:00,1,086e1076-69d2-f8ab-0895-514b4afc3bd5,aoa-execution-2018-03-01-2018-12-31.csv,40523,1,0,XBTUSD
2018-07-29 12:00:00,250001,ec44da4b-531f-7735-de8e-9908fa61eab4,aoa-execution-2018-03-01-2018-12-31.csv,40525,250001,0,XBTUSD
2018-07-29 20:00:00,250001,a4183c23-6cac-cb57-8470-23469b70e1a5,aoa-execution-2018-03-01-2018-12-31.csv,40450,250001,0,XBTUSD
2018-07-30 04:00:00,250001,e52f46de-ccb0-b88e-e714-da86bfe2ec3f,aoa-execution-2018-03-01-2018-12-31.csv,40699,250001,0,XBTUSD
2018-07-30 12:00:00,250001,db14bb6a-4f8f-9938-6a68-f6827cc4d336,aoa-execution-2018-03-01-2018-12-31.csv,40647,250001,0,XBTUSD
2018-07-30 20:00:00,500001,6500eecd-e2ca-2c59-bb32-36c729347347,aoa-execution-2018-03-01-2018-12-31.csv,40653,500001,0,XBTUSD
2018-07-31 04:00:00,250001,2772a264-755a-c7ba-ea61-63c4f8adf7a5,aoa-execution-2018-03-01-2018-12-31.csv,40759,250001,0,XBTUSD
2018-07-31 12:00:00,750001,dbddb722-9478-9578-2f63-b258cef907c5,aoa-execution-2018-03-01-2018-12-31.csv,41182,750001,0,XBTUSD
2018-07-31 20:00:00,819741,0cdb264f-90ee-4a66-2929-00c15654b362,aoa-execution-2018-03-01-2018-12-31.csv,41084,819741,0,XBTUSD
2018-08-01 04:00:00,1568033,6c7f3172-916a-97d0-4f16-59bef5af2b98,aoa-execution-2018-03-01-2018-12-31.csv,41874,1568033,0,XBTUSD
2018-08-01 12:00:00,699287,ce33d63f-8090-7815-3a36-3b72d0f54f16,aoa-execution-2018-03-01-2018-12-31.csv,41762,699287,0,XBTUSD
2018-08-01 20:00:00,713,c5159673-6ce4-4158-baef-dd03dc046e17,aoa-execution-2018-03-01-2018-12-31.csv,41802,-713,0,XBTUSD
2018-08-02 04:00:00,3630,ddf4a4de-1d1f-3212-51ea-1a14db67eee8,aoa-execution-2018-03-01-2018-12-31.csv,42175,-3630,0,XBTUSD
2018-08-02 12:00:00,246370,5bf8b87d-948b-fc74-765a-470236af1d21,aoa-execution-2018-03-01-2018-12-31.csv,42191,246370,0,XBTUSD
2018-08-02 20:00:00,246370,fe386518-f65c-dce7-8760-fee6b82df820,aoa-execution-2018-03-01-2018-12-31.csv,42299,246370,0,XBTUSD
2018-08-03 04:00:00,246370,4971ecd7-5e87-dd88-7d20-72ec3e7af667,aoa-execution-2018-03-01-2018-12-31.csv,42300,246370,0,XBTUSD
2018-08-03 12:00:00,246370,84b538b8-14e3-9958-1aa0-acce7e6286b6,aoa-execution-2018-03-01-2018-12-31.csv,42416,246370,0,XBTUSD
2018-08-03 20:00:00,250436,64d72e20-dfaf-59a0-d82a-a8e6cea35b75,aoa-execution-2018-03-01-2018-12-31.csv,42379,250436,0,XBTUSD
2018-08-04 04:00:00,250436,f1bd304b-626c-f964-cbde-8ba4343ff8e5,aoa-execution-2018-03-01-2018-12-31.csv,42670,250436,0,XBTUSD
2018-08-04 12:00:00,250436,4d553394-d8c6-67c1-ed4a-d896ad6eb1cb,aoa-execution-2018-03-01-2018-12-31.csv,42672,250436,0,XBTUSD
2018-08-04 20:00:00,1693974,6690ef47-4d26-b00c-b92d-c45c55ea8c53,aoa-execution-2018-03-01-2018-12-31.csv,42860,1693974,0,XBTUSD
2018-08-05 04:00:00,1243982,f3ad9bbe-3ae2-bca5-e6bd-a125027a875c,aoa-execution-2018-03-01-2018-12-31.csv,43202,1243982,0,XBTUSD
2018-08-05 12:00:00,1029550,4474ddcc-72ef-d47d-8e1f-844f24f21f24,aoa-execution-2018-03-01-2018-12-31.csv,42964,1029550,0,XBTUSD
2018-08-05 20:00:00,20450,77d547de-7878-5478-21b0-d717663110fb,aoa-execution-2018-03-01-2018-12-31.csv,43109,-20450,0,XBTUSD
2018-08-06 04:00:00,250001,2519c86c-d504-66a7-78c7-3346d32659d9,aoa-execution-2018-03-01-2018-12-31.csv,43668,-250001,0,XBTUSD
2018-08-06 12:00:00,495774,922f5f68-38f6-be98-904e-cec0a030a74a,aoa-execution-2018-03-01-2018-12-31.csv,43574,495774,0,XBTUSD
2018-08-06 20:00:00,500647,7c80f1d5-b23d-6bba-ea16-921e12360b13,aoa-execution-2018-03-01-2018-12-31.csv,43840,500647,0,XBTUSD
2018-08-07 04:00:00,750647,f8b5d84c-45e1-9469-8a75-0db9ffb4e371,aoa-execution-2018-03-01-2018-12-31.csv,43845,750647,0,XBTUSD
2018-08-07 12:00:00,261,4b2ec06f-651e-8e07-472a-483889a8cb99,aoa-execution-2018-03-01-2018-12-31.csv,44691,-261,0,XBTUSD
2018-08-07 20:00:00,249999,27bd5328-acea-dc58-b391-fb4864ba1351,aoa-execution-2018-03-01-2018-12-31.csv,44784,249999,0,XBTUSD
2018-08-08 04:00:00,1249491,752480e0-6c8a-ad35-c3d3-99d2f4a4088f,aoa-execution-2018-03-01-2018-12-31.csv,45461,1249491,0,XBTUSD
2018-08-08 12:00:00,1008612,de1ad0d9-595c-f77b-3139-2d43ad5e6323,aoa-execution-2018-03-01-2018-12-31.csv,45610,1008612,0,XBTUSD
2018-08-08 20:00:00,240232,e4abc145-9b44-9f8b-a601-90dbb8fad25c,aoa-execution-2018-03-01-2018-12-31.csv,46758,-240232,0,XBTUSD
2018-08-09 04:00:00,612959,666a4701-f65b-3b96-191e-ebce12572163,aoa-execution-2018-03-01-2018-12-31.csv,46818,612959,0,XBTUSD
2018-08-09 12:00:00,250001,1aa604c6-0a2a-edda-bf0c-e88a3c41a7f4,aoa-execution-2018-03-01-2018-12-31.csv,46887,250001,0,XBTUSD
2018-08-09 20:00:00,249999,db270e5f-f658-f91d-d21b-c0900f36a86f,aoa-execution-2018-03-01-2018-12-31.csv,47669,-249999,0,XBTUSD
2018-08-10 04:00:00,249999,0694e5d1-051d-646e-3898-6bfd78e9285f,aoa-execution-2018-03-01-2018-12-31.csv,47763,-249999,0,XBTUSD
2018-08-10 12:00:00,750001,9ee5625b-3f12-60c1-c12c-ec8353c7e148,aoa-execution-2018-03-01-2018-12-31.csv,48166,750001,0,XBTUSD
2018-08-10 20:00:00,1,704dcae2-01db-0112-94cb-587266524070,aoa-execution-2018-03-01-2018-12-31.csv,47987,1,0,XBTUSD
2018-08-11 04:00:00,9581,cc491b42-8ee3-9460-a404-fe01c089a9e7,aoa-execution-2018-03-01-2018-12-31.csv,48426,9581,0,XBTUSD
2018-08-11 12:00:00,259581,6ecd51b7-de5c-25cc-ccf1-95f2417145c2,aoa-execution-2018-03-01-2018-12-31.csv,48319,259581,0,XBTUSD
2018-08-11 20:00:00,1,7c2fa962-08d3-23c9-8a2f-026716d148d1,aoa-execution-2018-03-01-2018-12-31.csv,48443,1,0,XBTUSD
2018-08-12 04:00:00,1,4ce8e299-7e61-9e9a-2d2b-9ca1d7e63460,aoa-execution-2018-03-01-2018-12-31.csv,48825,1,0,XBTUSD
2018-08-12 12:00:00,1,0277594a-52bd-7ab9-4fb6-fadcafc62aab,aoa-execution-2018-03-01-2018-12-31.csv,48597,1,0,XBTUSD
2018-08-12 20:00:00,1,1c8039c2-0ec6-0038-8fdb-906515eda7c7,aoa-execution-2018-03-01-2018-12-31.csv,48748,1,0,XBTUSD
2018-08-13 04:00:00,1,660ede8f-5297-ed28-94b9-5d6acf9f3b07,aoa-execution-2018-03-01-2018-12-31.csv,49063,1,0,XBTUSD
2018-08-13 12:00:00,249999,b57ac449-43e3-a9dc-a378-edba5b83ae77,aoa-execution-2018-03-01-2018-12-31.csv,48998,-249999,0,XBTUSD
2018-08-13 20:00:00,1,2e5dd51c-c7c0-54b7-c7c1-b781222d798b,aoa-execution-2018-03-01-2018-12-31.csv,49109,1,0,XBTUSD
2018-08-14 04:00:00,500001,77b95074-4792-f4b8-2053-b05d2de285d5,aoa-execution-2018-03-01-2018-12-31.csv,49383,500001,0,XBTUSD
2018-08-14 12:00:00,1,415078fd-9ce3-90a8-cade-0bb2a3199995,aoa-execution-2018-03-01-2018-12-31.csv,49304,1,0,XBTUSD
2018-08-14 20:00:00,1,4c340eff-9749-889e-8d57-a81546fe56bb,aoa-execution-2018-03-01-2018-12-31.csv,49498,1,0,XBTUSD
2018-08-15 04:00:00,499999,9cd4093d-b429-5ea5-a57a-fcd5047da4e1,aoa-execution-2018-03-01-2018-12-31.csv,49681,-499999,0,XBTUSD
2018-08-15 12:00:00,1,dfd543de-86fd-0950-9d18-1261b2e4881d,aoa-execution-2018-03-01-2018-12-31.csv,50235,-1,0,XBTUSD
2018-08-15 20:00:00,249999,40c8b92c-922a-f69a-a070-2008b1fd8aac,aoa-execution-2018-03-01-2018-12-31.csv,50406,249999,0,XBTUSD
2018-08-16 04:00:00,1,152db69f-9703-e3f7-9275-32b69caa5766,aoa-execution-2018-03-01-2018-12-31.csv,51006,-1,0,XBTUSD
2018-08-16 12:00:00,1,15518e31-b357-dd5d-3570-99eba6a6b3e6,aoa-execution-2018-03-01-2018-12-31.csv,51029,-1,0,XBTUSD
2018-08-16 20:00:00,249999,10cc7363-6d47-7bc0-1c58-8c5a5e440050,aoa-execution-2018-03-01-2018-12-31.csv,50810,-249999,0,XBTUSD
2018-08-17 04:00:00,500001,9eb0edb5-4d78-2a37-92d6-daa6aa1a882e,aoa-execution-2018-03-01-2018-12-31.csv,51810,-500001,0,XBTUSD
2018-08-17 12:00:00,500001,b7f54fb3-860f-ca88-5dc1-002053df2a6d,aoa-execution-2018-03-01-2018-12-31.csv,51438,-500001,0,XBTUSD
2018-08-17 20:00:00,500001,59184432-2eff-43f1-0f59-d5c0c634756f,aoa-execution-2018-03-01-2018-12-31.csv,51659,-500001,0,XBTUSD
2018-08-18 04:00:00,1,044c92cb-52f3-2220-808a-c8c0d48a28a4,aoa-execution-2018-03-01-2018-12-31.csv,52319,-1,0,XBTUSD
2018-08-18 12:00:00,1,fafd40f7-02f7-f4c5-6102-8dfc28887f55,aoa-execution-2018-03-01-2018-12-31.csv,52385,-1,0,XBTUSD
2018-08-18 20:00:00,1,901df3d0-c5a2-bfca-aec3-350e14e71c16,aoa-execution-2018-03-01-2018-12-31.csv,53078,1,0,XBTUSD
2018-08-19 04:00:00,1,1e253646-4913-b278-0207-9dc8ecc17adc,aoa-execution-2018-03-01-2018-12-31.csv,53079,1,0,XBTUSD
2018-08-19 12:00:00,1,08c63c4a-a755-7661-94a4-4683c6fdb06e,aoa-execution-2018-03-01-2018-12-31.csv,53139,1,0,XBTUSD
2018-08-19 20:00:00,1,ee43e620-b54e-f60d-3829-752c1e47dd13,aoa-execution-2018-03-01-2018-12-31.csv,53080,1,0,XBTUSD
2018-08-20 04:00:00,1,a9e05c4a-07a8-cc99-e4a9-9efe669d8fa5,aoa-execution-2018-03-01-2018-12-31.csv,53227,1,0,XBTUSD
2018-08-20 12:00:00,1,ad316381-d3f8-79da-9481-9df4973aa21f,aoa-execution-2018-03-01-2018-12-31.csv,53198,1,0,XBTUSD
2018-08-20 20:00:00,1,eda94550-77ea-8230-dbfd-9a32d576877c,aoa-execution-2018-03-01-2018-12-31.csv,53199,1,0,XBTUSD
2018-08-21 04:00:00,1,3f6ff9fb-6610-fef0-6e22-5146e1da2bef,aoa-execution-2018-03-01-2018-12-31.csv,53251,1,0,XBTUSD
2018-08-21 12:00:00,1,f73999ea-f3b6-d269-dbad-780baf68ea6f,aoa-execution-2018-03-01-2018-12-31.csv,53253,1,0,XBTUSD
2018-08-21 20:00:00,1,b693bba5-17fc-6e31-c139-9b838d177546,aoa-execution-2018-03-01-2018-12-31.csv,53252,1,0,XBTUSD
2018-08-22 04:00:00,1,d4446502-0fb5-664b-97c1-304eeafa383c,aoa-execution-2018-03-01-2018-12-31.csv,53464,-1,0,XBTUSD
2018-08-22 12:00:00,1,4297f348-b96e-7ab3-5b59-3066d9ecee4e,aoa-execution-2018-03-01-2018-12-31.csv,53331,-1,0,XBTUSD
2018-08-22 20:00:00,1,929f13ed-e8eb-8346-5354-7721bb4c96d1,aoa-execution-2018-03-01-2018-12-31.csv,53394,-1,0,XBTUSD
2018-08-23 04:00:00,1,093cee60-966e-54b7-5da3-21a86f99f3ec,aoa-execution-2018-03-01-2018-12-31.csv,53643,-1,0,XBTUSD
2018-08-23 12:00:00,250001,36267c94-76c9-3de4-5e43-c740b5f85f02,aoa-execution-2018-03-01-2018-12-31.csv,53659,-250001,0,XBTUSD
2018-08-23 20:00:00,1,2b537e27-a8c1-7197-578b-a0c3608a0d92,aoa-execution-2018-03-01-2018-12-31.csv,53618,-1,0,XBTUSD
2018-08-24 04:00:00,250001,985fbb8d-4095-9fbf-413e-2a584e635235,aoa-execution-2018-03-01-2018-12-31.csv,53697,-250001,0,XBTUSD
2018-08-24 12:00:00,250001,9acbeabc-48c0-3d8b-6bfe-96d63ff811b2,aoa-execution-2018-03-01-2018-12-31.csv,53850,-250001,0,XBTUSD
2018-08-24 20:00:00,500001,b51c9706-3891-1ed8-62b9-058882e2f613,aoa-execution-2018-03-01-2018-12-31.csv,53791,-500001,0,XBTUSD
2018-08-25 04:00:00,500001,0bd928d7-0a18-2008-bd7a-7fceaa0fac26,aoa-execution-2018-03-01-2018-12-31.csv,54361,-500001,0,XBTUSD
2018-08-25 12:00:00,1,e2c2c5e4-c9f1-c9ec-56ba-7daf4801d7cf,aoa-execution-2018-03-01-2018-12-31.csv,54463,-1,0,XBTUSD
2018-08-25 20:00:00,1,55bf9aab-e50b-641d-1d8a-d1ae541a4d54,aoa-execution-2018-03-01-2018-12-31.csv,54464,-1,0,XBTUSD
2018-08-26 04:00:00,249999,39377531-be0b-1223-8bae-489ea990507f,aoa-execution-2018-03-01-2018-12-31.csv,54971,249999,0,XBTUSD
2018-08-26 12:00:00,250001,84f266c2-a2f9-9f99-3b91-e0df00c98829,aoa-execution-2018-03-01-2018-12-31.csv,55079,-250001,0,XBTUSD
2018-08-26 20:00:00,1,befe49ce-2bb0-1d30-6715-4380930a9f66,aoa-execution-2018-03-01-2018-12-31.csv,54751,-1,0,XBTUSD
2018-08-27 04:00:00,500001,73064ea7-eab3-f481-e536-74ebfaf6e21b,aoa-execution-2018-03-01-2018-12-31.csv,55130,-500001,0,XBTUSD
2018-08-27 12:00:00,500001,5b52a6fa-cdb9-f661-ae34-4a1b683d9d08,aoa-execution-2018-03-01-2018-12-31.csv,55131,-500001,0,XBTUSD
2018-08-27 20:00:00,750001,9c741b51-9634-b7ce-e792-cfe6a120828f,aoa-execution-2018-03-01-2018-12-31.csv,55367,-750001,0,XBTUSD
2018-08-28 04:00:00,1,604ff290-4538-9ac5-5d89-edfd846aace5,aoa-execution-2018-03-01-2018-12-31.csv,55456,-1,0,XBTUSD
2018-08-28 12:00:00,1,a9595b16-a55a-08d0-308a-e4dfe567dd89,aoa-execution-2018-03-01-2018-12-31.csv,55693,-1,0,XBTUSD
2018-08-28 20:00:00,500001,f22088b6-0e78-f1cf-6c61-d040b91a9d0a,aoa-execution-2018-03-01-2018-12-31.csv,55618,-500001,0,XBTUSD
2018-08-29 04:00:00,500001,69fa8af2-823c-1b47-67b9-e4e2ce2aa077,aoa-execution-2018-03-01-2018-12-31.csv,55939,500001,0,XBTUSD
2018-08-29 12:00:00,1,20a37d65-4ef0-7130-2d99-99a7106e14e9,aoa-execution-2018-03-01-2018-12-31.csv,55930,1,0,XBTUSD
2018-08-29 20:00:00,1,6e6fb3db-c6f4-d6d1-7ac0-b4ec5ac532cc,aoa-execution-2018-03-01-2018-12-31.csv,55931,1,0,XBTUSD
2018-08-30 04:00:00,250001,edafbc0d-46fd-9ea4-317a-8d6ce0dab132,aoa-execution-2018-03-01-2018-12-31.csv,55997,250001,0,XBTUSD
2018-08-30 12:00:00,1500001,f3966d0f-f4d8-a22e-b5ad-26492602e47a,aoa-execution-2018-03-01-2018-12-31.csv,56378,1500001,0,XBTUSD
2018-08-30 20:00:00,1500001,e0846d48-730b-3573-6f2a-9839d59f5560,aoa-execution-2018-03-01-2018-12-31.csv,56460,1500001,0,XBTUSD
2018-08-31 04:00:00,1,55a4565a-75cd-b3a9-b25f-607d0ecc1acc,aoa-execution-2018-03-01-2018-12-31.csv,56597,1,0,XBTUSD
2018-08-31 12:00:00,1,45820252-3daa-4342-d704-be0bf27b4fd6,aoa-execution-2018-03-01-2018-12-31.csv,56598,1,0,XBTUSD
2018-08-31 20:00:00,1,6b28bb4e-77fe-1de3-491a-4ea3b4721b5b,aoa-execution-2018-03-01-2018-12-31.csv,56599,1,0,XBTUSD
2018-09-01 04:00:00,1,f2b3d200-4194-368b-bc4b-9c79783b83ef,aoa-execution-2018-03-01-2018-12-31.csv,56811,1,0,XBTUSD
2018-09-01 12:00:00,1,cef22483-d23b-420c-5060-0c716e09d624,aoa-execution-2018-03-01-2018-12-31.csv,56812,1,0,XBTUSD
2018-09-01 20:00:00,1,7865e7b6-47ba-796b-0ebc-ce8b89cb1e74,aoa-execution-2018-03-01-2018-12-31.csv,56810,1,0,XBTUSD
2018-09-02 04:00:00,1,46391dbd-9322-396b-ab0f-0f75efb0a3af,aoa-execution-2018-03-01-2018-12-31.csv,56885,-1,0,XBTUSD
2018-09-02 12:00:00,1,2c00a21d-3025-d3d0-0cbf-4267f605deef,aoa-execution-2018-03-01-2018-12-31.csv,56868,-1,0,XBTUSD
2018-09-02 20:00:00,249999,9a04ad0d-f993-e721-1355-76df94f0851a,aoa-execution-2018-03-01-2018-12-31.csv,56878,249999,0,XBTUSD
2018-09-03 04:00:00,500001,544142c6-e773-13fe-2174-a15525705c3e,aoa-execution-2018-03-01-2018-12-31.csv,57237,-500001,0,XBTUSD
2018-09-03 12:00:00,500001,9aed167b-24a2-80e7-82c4-ee38282135bc,aoa-execution-2018-03-01-2018-12-31.csv,57227,-500001,0,XBTUSD
2018-09-03 20:00:00,500001,b131aff6-8901-2d05-76fe-9dfa4bc9501d,aoa-execution-2018-03-01-2018-12-31.csv,57306,-500001,0,XBTUSD
2018-09-04 04:00:00,500001,092dfbf1-8ea7-c5c4-be3c-4d0d651d9533,aoa-execution-2018-03-01-2018-12-31.csv,57428,-500001,0,XBTUSD
2018-09-04 12:00:00,750001,e03d6ec8-41d2-9b5e-4e8b-a36e1f163946,aoa-execution-2018-03-01-2018-12-31.csv,57342,-750001,0,XBTUSD
2018-09-04 20:00:00,750001,afefb40a-32d9-2ad2-74cd-43d9e7270843,aoa-execution-2018-03-01-2018-12-31.csv,57341,-750001,0,XBTUSD
2018-09-05 04:00:00,1000001,bc7bbb0d-663a-cdf5-dc45-d328ca0c33f9,aoa-execution-2018-03-01-2018-12-31.csv,58023,-1000001,0,XBTUSD
2018-09-05 12:00:00,249999,6b8f5b69-0850-b16a-e459-078e3b850e6d,aoa-execution-2018-03-01-2018-12-31.csv,57849,249999,0,XBTUSD
2018-09-05 20:00:00,1499999,785e4a04-1e7b-f163-52c7-449070d744a4,aoa-execution-2018-03-01-2018-12-31.csv,58001,1499999,0,XBTUSD
2018-09-06 04:00:00,250001,be631e1d-7f4a-c4f3-151d-d04b06e9d2a1,aoa-execution-2018-03-01-2018-12-31.csv,58985,-250001,0,XBTUSD
2018-09-06 12:00:00,1000001,e6aaee88-346b-ac72-30e7-ca15717c8ad0,aoa-execution-2018-03-01-2018-12-31.csv,58351,-1000001,0,XBTUSD
2018-09-06 20:00:00,499999,b6ae45dc-1673-3b83-dc2a-747f5cac9bd0,aoa-execution-2018-03-01-2018-12-31.csv,59714,499999,0,XBTUSD
2018-09-07 04:00:00,500001,d6241a7b-2410-8b3a-5eed-7478cee59ac8,aoa-execution-2018-03-01-2018-12-31.csv,59976,-500001,0,XBTUSD
2018-09-07 12:00:00,1,5f8c849f-d205-21b7-2e64-8406f9e37253,aoa-execution-2018-03-01-2018-12-31.csv,59977,-1,0,XBTUSD
2018-09-07 20:00:00,1,6f6fd20a-1c36-81a3-5baf-03a64cbd7623,aoa-execution-2018-03-01-2018-12-31.csv,59953,-1,0,XBTUSD
2018-09-08 04:00:00,1,90644201-83cd-11cd-8e26-aeacd2180b27,aoa-execution-2018-03-01-2018-12-31.csv,59978,-1,0,XBTUSD
2018-09-08 12:00:00,1,5b410340-bd5f-dc0c-03ab-582a3b5d59e5,aoa-execution-2018-03-01-2018-12-31.csv,59981,-1,0,XBTUSD
2018-09-08 20:00:00,249999,bb855842-711b-2ac3-0b9e-a6d1f96c2dcb,aoa-execution-2018-03-01-2018-12-31.csv,59980,249999,0,XBTUSD
2018-09-09 04:00:00,249999,feadf80d-ef0b-d3ab-7a44-6c3167c53966,aoa-execution-2018-03-01-2018-12-31.csv,60036,249999,0,XBTUSD
2018-09-09 12:00:00,750001,d20881fc-3737-d3a5-9c4d-fb41eaf77e9d,aoa-execution-2018-03-01-2018-12-31.csv,60231,750001,0,XBTUSD
2018-09-09 20:00:00,1,5f9bc7a4-d2a5-62ad-4c68-259a4b8dfb6a,aoa-execution-2018-03-01-2018-12-31.csv,60035,-1,0,XBTUSD
2018-09-10 04:00:00,1,f2211e85-f7e8-4194-8260-c0a99cf461f3,aoa-execution-2018-03-01-2018-12-31.csv,60660,-1,0,XBTUSD
2018-09-10 12:00:00,1,d8ddfcb5-ac71-05d5-aeca-b595980967af,aoa-execution-2018-03-01-2018-12-31.csv,60661,-1,0,XBTUSD
2018-09-10 20:00:00,1,214d7be1-bd3a-8f20-3f1e-d949d2bd5f6c,aoa-execution-2018-03-01-2018-12-31.csv,60663,-1,0,XBTUSD
2018-09-11 04:00:00,1,40195584-3066-6951-ef15-b7bec150fb56,aoa-execution-2018-03-01-2018-12-31.csv,60676,-1,0,XBTUSD
2018-09-11 12:00:00,1,1375331d-1cd9-0bec-e7a0-fb10d1ad1aac,aoa-execution-2018-03-01-2018-12-31.csv,60677,-1,0,XBTUSD
2018-09-11 20:00:00,1,ca5a24b8-e8c6-31c8-6fb1-f8135103a621,aoa-execution-2018-03-01-2018-12-31.csv,60678,-1,0,XBTUSD
2018-09-12 04:00:00,1,00d2593c-5aba-c2f8-cd11-9c493fd14f7d,aoa-execution-2018-03-01-2018-12-31.csv,60926,-1,0,XBTUSD
2018-09-12 12:00:00,1,81aee76d-abd2-ac73-5dc7-8b6fecf44331,aoa-execution-2018-03-01-2018-12-31.csv,60699,-1,0,XBTUSD
2018-09-12 20:00:00,1,0e16ec44-afea-767b-be36-472ad54fc48c,aoa-execution-2018-03-01-2018-12-31.csv,60920,-1,0,XBTUSD
2018-09-13 04:00:00,107036,2b0774cc-c932-2129-c8d6-dee172dc419b,aoa-execution-2018-03-01-2018-12-31.csv,61369,-107036,0,XBTUSD
2018-09-13 12:00:00,999999,3375df9c-8b9b-2803-a0bd-e623b82c1e1b,aoa-execution-2018-03-01-2018-12-31.csv,61413,-999999,0,XBTUSD
2018-09-13 20:00:00,999999,342cbc95-7c1b-644a-e48a-7b17ccc66afb,aoa-execution-2018-03-01-2018-12-31.csv,61183,-999999,0,XBTUSD
2018-09-14 04:00:00,750001,a12bc19e-a7d0-04d7-2bea-31cabe2863f7,aoa-execution-2018-03-01-2018-12-31.csv,63146,-750001,0,XBTUSD
2018-09-14 12:00:00,1,b8fd411d-dcd6-a3e9-6f92-5b94b3571e8d,aoa-execution-2018-03-01-2018-12-31.csv,62289,-1,0,XBTUSD
2018-09-14 20:00:00,500001,185f487e-f979-e6d2-ee4d-9227e08fdad1,aoa-execution-2018-03-01-2018-12-31.csv,62557,-500001,0,XBTUSD
2018-09-15 04:00:00,1,6b80d074-2f69-ea1c-f5db-dfbd73d7c660,aoa-execution-2018-03-01-2018-12-31.csv,63640,-1,0,XBTUSD
2018-09-15 12:00:00,1,365b90bb-a74f-216e-3da7-5725f006cf7e,aoa-execution-2018-03-01-2018-12-31.csv,63611,-1,0,XBTUSD
2018-09-15 20:00:00,1,32205253-d1c1-95a2-27c0-1dae6beb9b15,aoa-execution-2018-03-01-2018-12-31.csv,63642,-1,0,XBTUSD
2018-09-16 04:00:00,1,89292755-489b-e12a-e841-52562633d29f,aoa-execution-2018-03-01-2018-12-31.csv,63690,-1,0,XBTUSD
2018-09-16 12:00:00,1,71882cd1-b9c0-8ed4-49f5-3c84bed18374,aoa-execution-2018-03-01-2018-12-31.csv,63989,-1,0,XBTUSD
2018-09-16 20:00:00,1,571e4b26-1a48-e04f-75ac-7ad85df61897,aoa-execution-2018-03-01-2018-12-31.csv,63688,-1,0,XBTUSD
2018-09-17 04:00:00,1,28d087f5-ed1d-03a5-3c61-bbe8f8d2c801,aoa-execution-2018-03-01-2018-12-31.csv,64236,-1,0,XBTUSD
2018-09-17 12:00:00,1,3781f9f8-5b7c-7f8c-ede1-899c378a7293,aoa-execution-2018-03-01-2018-12-31.csv,64397,-1,0,XBTUSD
2018-09-17 20:00:00,1,be055ae0-9df4-8d2c-a360-64141f0826b6,aoa-execution-2018-03-01-2018-12-31.csv,64182,-1,0,XBTUSD
2018-09-18 04:00:00,1,61554d35-866c-1b53-53a5-2464be79a581,aoa-execution-2018-03-01-2018-12-31.csv,64493,-1,0,XBTUSD
2018-09-18 12:00:00,1,4c10f744-460d-d06a-5a4e-37f6c51bcf28,aoa-execution-2018-03-01-2018-12-31.csv,65801,-1,0,XBTUSD
2018-09-18 20:00:00,1,5dae26c4-72f7-05f8-83af-b2f8e6eeeaac,aoa-execution-2018-03-01-2018-12-31.csv,65597,-1,0,XBTUSD
2018-09-19 04:00:00,1,bf2cd29e-b858-7d5b-ca15-dc2f7e23d894,aoa-execution-2018-03-01-2018-12-31.csv,67035,-1,0,XBTUSD
2018-09-19 12:00:00,1,76f116e1-ade4-2d1b-6106-6ef41fc37230,aoa-execution-2018-03-01-2018-12-31.csv,67084,-1,0,XBTUSD
2018-09-19 20:00:00,1,0c284782-6d04-01ab-103b-e6fc37d6cc7a,aoa-execution-2018-03-01-2018-12-31.csv,67193,-1,0,XBTUSD
2018-09-20 04:00:00,1,1455d6c0-db35-79de-cecd-68bc2ab32744,aoa-execution-2018-03-01-2018-12-31.csv,67900,-1,0,XBTUSD
2018-09-20 12:00:00,1,8887f4b4-58b6-75ba-b930-10b0e501be9f,aoa-execution-2018-03-01-2018-12-31.csv,67820,-1,0,XBTUSD
2018-09-20 20:00:00,1,8a469a2c-d0cb-e9f1-5fa4-b961aa8f57ad,aoa-execution-2018-03-01-2018-12-31.csv,67898,-1,0,XBTUSD
2018-09-21 04:00:00,1,54aece61-f39b-6221-d15d-5e0825a26361,aoa-execution-2018-03-01-2018-12-31.csv,68454,-1,0,XBTUSD
2018-09-21 12:00:00,1,6a7c62ab-1ae3-928a-4b36-8f56d0b7d23e,aoa-execution-2018-03-01-2018-12-31.csv,69418,-1,0,XBTUSD
2018-09-24 04:00:00,200000,168d29b1-b92b-8b25-9066-f3f90279d849,aoa-execution-2018-03-01-2018-12-31.csv,70116,200000,0,XBTUSD
2018-09-24 12:00:00,1,c0e80684-af5b-dbf0-9dc0-4c443e380a4b,aoa-execution-2018-03-01-2018-12-31.csv,70117,-1,0,XBTUSD
2018-09-24 20:00:00,1,dd34341c-2730-01e6-b5c4-51f6c903f718,aoa-execution-2018-03-01-2018-12-31.csv,70161,-1,0,XBTUSD
2018-09-25 04:00:00,1,d27ac922-d4e9-add2-fb2b-94cca9a08b9f,aoa-execution-2018-03-01-2018-12-31.csv,70656,-1,0,XBTUSD
2018-09-25 12:00:00,1,d4c65c96-4130-49c3-ec10-c27d01dfbb22,aoa-execution-2018-03-01-2018-12-31.csv,70502,1,0,XBTUSD
2018-09-25 20:00:00,1,146c82a4-3575-70af-3f3c-bc51e12d13a9,aoa-execution-2018-03-01-2018-12-31.csv,70670,1,0,XBTUSD
2018-09-26 04:00:00,1,61bca3e3-01a8-6783-0dfa-a85534e008ec,aoa-execution-2018-03-01-2018-12-31.csv,71269,1,0,XBTUSD
2018-09-26 12:00:00,1,afe391a1-0a2f-ff21-a9ad-bbbcbb87e0ab,aoa-execution-2018-03-01-2018-12-31.csv,71288,1,0,XBTUSD
2018-09-26 20:00:00,1,a1fddf41-b772-77f3-d928-f7f05239a54e,aoa-execution-2018-03-01-2018-12-31.csv,71141,1,0,XBTUSD
2018-09-27 04:00:00,1,02454202-7736-8495-24a2-6a943592d1d3,aoa-execution-2018-03-01-2018-12-31.csv,72690,1,0,XBTUSD
2018-09-27 12:00:00,1,e572bbf0-22a9-2d66-2e46-41c0d4b04ca4,aoa-execution-2018-03-01-2018-12-31.csv,72456,1,0,XBTUSD
2018-09-27 20:00:00,1,14455506-2e1e-facb-5915-1c4d1a0a8cd3,aoa-execution-2018-03-01-2018-12-31.csv,72399,1,0,XBTUSD
2018-09-28 04:00:00,1,33102e00-fd25-1c82-8311-961d5f55ebcb,aoa-execution-2018-03-01-2018-12-31.csv,73482,1,0,XBTUSD
2018-09-28 12:00:00,1,a8b01a64-c44c-7810-c5c5-b079a5c07af2,aoa-execution-2018-03-01-2018-12-31.csv,73480,1,0,XBTUSD
2018-09-28 20:00:00,1,ae9e887f-0253-244a-35a8-b5f05c250fb4,aoa-execution-2018-03-01-2018-12-31.csv,73128,1,0,XBTUSD
2018-09-29 04:00:00,1,98d51b22-b455-f369-ea3a-e837aa7ceca9,aoa-execution-2018-03-01-2018-12-31.csv,73982,1,0,XBTUSD
2018-09-29 12:00:00,1,feb9d359-62b3-3717-b50d-3ba8d5f74b3d,aoa-execution-2018-03-01-2018-12-31.csv,73700,1,0,XBTUSD
2018-09-29 20:00:00,1,d72c5616-5110-73fe-a14b-c419cbaced60,aoa-execution-2018-03-01-2018-12-31.csv,73702,1,0,XBTUSD
2018-09-30 04:00:00,1,72bb4bc7-36c5-e223-5b98-1e489ab48c88,aoa-execution-2018-03-01-2018-12-31.csv,73984,1,0,XBTUSD
2018-09-30 12:00:00,1,0098e9ef-c0a0-1f7c-bfe5-0ce0d631f0ea,aoa-execution-2018-03-01-2018-12-31.csv,73985,1,0,XBTUSD
2018-09-30 20:00:00,1,d1f933fd-506a-14d8-9d5d-086f434c2c84,aoa-execution-2018-03-01-2018-12-31.csv,73983,1,0,XBTUSD
2018-10-01 04:00:00,1,8be5b09d-afc7-34c2-bb7f-47404843acba,aoa-execution-2018-03-01-2018-12-31.csv,73986,1,0,XBTUSD
2018-10-01 12:00:00,1,cae49319-54e3-3532-1641-2a7650998c33,aoa-execution-2018-03-01-2018-12-31.csv,73988,1,0,XBTUSD
2018-10-01 20:00:00,1,1ae83c5b-07c5-668d-efbb-4d92cd4a58a1,aoa-execution-2018-03-01-2018-12-31.csv,73987,1,0,XBTUSD
2018-10-02 04:00:00,1,c7c2a77d-dd88-87be-8f68-405c47ecba41,aoa-execution-2018-03-01-2018-12-31.csv,73989,1,0,XBTUSD
2018-10-02 12:00:00,1,f9efbd44-e156-6eae-39ee-e491ac1fe978,aoa-execution-2018-03-01-2018-12-31.csv,74015,1,0,XBTUSD
2018-10-02 20:00:00,1,401ed9f9-a329-620b-3f9d-23581f69c7dc,aoa-execution-2018-03-01-2018-12-31.csv,74013,1,0,XBTUSD
2018-10-03 04:00:00,1,df78c5a8-7adf-cb79-5253-778301b38320,aoa-execution-2018-03-01-2018-12-31.csv,74408,1,0,XBTUSD
2018-10-03 12:00:00,1,950fccfa-ddde-bbe4-5717-2c8e66521391,aoa-execution-2018-03-01-2018-12-31.csv,74576,1,0,XBTUSD
2018-10-03 20:00:00,1,be1b24c6-5ece-f1fb-fe38-9e550e7ced8b,aoa-execution-2018-03-01-2018-12-31.csv,74581,1,0,XBTUSD
2018-10-04 04:00:00,1,6d014ab4-9780-80da-9479-330491992de4,aoa-execution-2018-03-01-2018-12-31.csv,74585,1,0,XBTUSD
2018-10-04 12:00:00,1,0421e385-a49f-0afe-51c4-a01d28abeeb5,aoa-execution-2018-03-01-2018-12-31.csv,74584,1,0,XBTUSD
2018-10-04 20:00:00,1,e289fb5f-e015-63af-df3b-bfd5b2b5467e,aoa-execution-2018-03-01-2018-12-31.csv,74587,1,0,XBTUSD
2018-10-05 04:00:00,1,b4c48afb-74f0-6630-4612-bbc7eb1b0037,aoa-execution-2018-03-01-2018-12-31.csv,74590,1,0,XBTUSD
2018-10-05 12:00:00,1,7b4cef6c-ccc4-2c89-c15c-7f405df87831,aoa-execution-2018-03-01-2018-12-31.csv,74594,1,0,XBTUSD
2018-10-05 20:00:00,1,9f972393-8601-b55e-8547-3dfbfbb77191,aoa-execution-2018-03-01-2018-12-31.csv,74591,1,0,XBTUSD
2018-10-06 04:00:00,1,bf88eae9-8936-49f2-5fa6-e4f3aa0630d1,aoa-execution-2018-03-01-2018-12-31.csv,74612,1,0,XBTUSD
2018-10-06 12:00:00,1,48cb4d9f-c666-31ff-b579-f594caa27178,aoa-execution-2018-03-01-2018-12-31.csv,74668,1,0,XBTUSD
2018-10-06 20:00:00,1,8eb5682a-0ccd-1a55-9d8d-969f61678704,aoa-execution-2018-03-01-2018-12-31.csv,74695,1,0,XBTUSD
2018-10-07 04:00:00,1,682bdcbe-8c37-b18e-acaf-438201fdf96d,aoa-execution-2018-03-01-2018-12-31.csv,74923,1,0,XBTUSD
2018-10-07 12:00:00,1,df5c015c-5e21-3caa-e23a-82c6ca3b59eb,aoa-execution-2018-03-01-2018-12-31.csv,75009,1,0,XBTUSD
2018-10-07 20:00:00,1,e05d6ff0-a0bd-fe1b-c81b-cfe29592b186,aoa-execution-2018-03-01-2018-12-31.csv,75007,1,0,XBTUSD
2018-10-08 04:00:00,1,12b2598f-6ccd-6d02-a8ea-929feb7c4094,aoa-execution-2018-03-01-2018-12-31.csv,75017,1,0,XBTUSD
2018-10-08 12:00:00,1,eacefd67-46b2-da4b-b412-13f737419431,aoa-execution-2018-03-01-2018-12-31.csv,75080,1,0,XBTUSD
2018-10-08 20:00:00,1,f1d6ac61-e931-4944-d989-0a4985779fbb,aoa-execution-2018-03-01-2018-12-31.csv,75128,1,0,XBTUSD
2018-10-09 04:00:00,1,58e6d665-760f-792b-2458-131e7f67511e,aoa-execution-2018-03-01-2018-12-31.csv,75367,1,0,XBTUSD
2018-10-09 12:00:00,1,5e492981-8aa3-954a-46eb-f9afcad63367,aoa-execution-2018-03-01-2018-12-31.csv,75170,1,0,XBTUSD
2018-10-09 20:00:00,1,f7010ec6-964f-ed98-6ae3-ee78fb22e2cf,aoa-execution-2018-03-01-2018-12-31.csv,75160,1,0,XBTUSD
2018-10-10 04:00:00,1,09b5d928-620a-c34c-593c-0643aa34c308,aoa-execution-2018-03-01-2018-12-31.csv,75670,1,0,XBTUSD
2018-10-10 12:00:00,1,acd4f259-658c-2854-f9b7-25375fbaa69d,aoa-execution-2018-03-01-2018-12-31.csv,75378,1,0,XBTUSD
2018-10-10 20:00:00,1,c653a447-f45f-93c7-42cb-b4b3faaa6865,aoa-execution-2018-03-01-2018-12-31.csv,75570,-1,0,XBTUSD
2018-10-11 04:00:00,750001,67ce1f2e-84d2-f5c0-f019-810ed2f4c2ef,aoa-execution-2018-03-01-2018-12-31.csv,76649,-750001,0,XBTUSD
2018-10-11 12:00:00,750001,2e6e3409-2c18-1b93-03b4-448b9319dfb1,aoa-execution-2018-03-01-2018-12-31.csv,76735,-750001,0,XBTUSD
2018-10-11 20:00:00,1000001,50a4cc48-f250-a0fb-c1a4-b05d8b5821fb,aoa-execution-2018-03-01-2018-12-31.csv,76505,1000001,0,XBTUSD
2018-10-12 04:00:00,1,d79397a3-372c-814a-cb03-317b95bd2041,aoa-execution-2018-03-01-2018-12-31.csv,77461,-1,0,XBTUSD
2018-10-12 12:00:00,499999,59f50ec6-dc2c-c84e-2370-c13f42a99ae2,aoa-execution-2018-03-01-2018-12-31.csv,77452,499999,0,XBTUSD
2018-10-12 20:00:00,1,1c0c4e50-6494-2852-93ba-b55fb1a8953f,aoa-execution-2018-03-01-2018-12-31.csv,77460,-1,0,XBTUSD
2018-10-13 04:00:00,1,719be40c-18a7-7fed-31f2-5ce03443b44b,aoa-execution-2018-03-01-2018-12-31.csv,77471,-1,0,XBTUSD
2018-10-13 12:00:00,1,05b3d59e-df63-115f-db60-92e7de418250,aoa-execution-2018-03-01-2018-12-31.csv,77474,-1,0,XBTUSD
2018-10-13 20:00:00,1,8bf13282-6cb7-2ebd-171c-4fc191431e24,aoa-execution-2018-03-01-2018-12-31.csv,77473,-1,0,XBTUSD
2018-10-14 04:00:00,1,0f20efde-1542-9ff3-5e6d-f8d986f32570,aoa-execution-2018-03-01-2018-12-31.csv,77477,-1,0,XBTUSD
2018-10-14 12:00:00,1,1414fcc4-4bd4-4b17-f3de-e22c3e58d695,aoa-execution-2018-03-01-2018-12-31.csv,77481,-1,0,XBTUSD
2018-10-14 20:00:00,1,bd7981c2-7ffc-197b-1fc3-f9fa09b99145,aoa-execution-2018-03-01-2018-12-31.csv,77483,-1,0,XBTUSD
2018-10-15 04:00:00,1,b3025ff5-8ef9-bc65-1dd1-86049a8b5a74,aoa-execution-2018-03-01-2018-12-31.csv,78141,-1,0,XBTUSD
2018-10-15 12:00:00,1,08ac9b39-4f10-ee5d-f0e1-1d877a3fe1ef,aoa-execution-2018-03-01-2018-12-31.csv,78095,1,0,XBTUSD
2018-10-15 20:00:00,250001,7992f520-7cfe-4a94-fa96-f18405d07f6a,aoa-execution-2018-03-01-2018-12-31.csv,78281,-250001,0,XBTUSD
2018-10-16 04:00:00,250001,8cb9f08b-106d-ecb3-f6a7-bcdad4de9adc,aoa-execution-2018-03-01-2018-12-31.csv,78350,-250001,0,XBTUSD
2018-10-16 12:00:00,249999,99d32a07-e20e-8519-beac-984b76f3bd8f,aoa-execution-2018-03-01-2018-12-31.csv,78468,249999,0,XBTUSD
2018-10-16 20:00:00,1,56a09fe3-81b8-a52b-591a-14377dc4d3ef,aoa-execution-2018-03-01-2018-12-31.csv,78465,-1,0,XBTUSD
2018-10-17 04:00:00,1,d2c73d88-0219-d45a-8293-cecd7eabba7c,aoa-execution-2018-03-01-2018-12-31.csv,78539,-1,0,XBTUSD
2018-10-17 12:00:00,1,b8c0b65b-27cb-1d69-1e5b-a1a02ce554ad,aoa-execution-2018-03-01-2018-12-31.csv,78536,-1,0,XBTUSD
2018-10-17 20:00:00,1,ac124ba6-e7de-55a6-50d7-ab663866f7a9,aoa-execution-2018-03-01-2018-12-31.csv,78538,-1,0,XBTUSD
2018-10-18 04:00:00,1,224b9a22-07e8-4ced-d280-b0275aed0ccd,aoa-execution-2018-03-01-2018-12-31.csv,78614,-1,0,XBTUSD
2018-10-18 12:00:00,1,fe49be29-55ca-4467-e28c-70b2320a306a,aoa-execution-2018-03-01-2018-12-31.csv,78626,-1,0,XBTUSD
2018-10-18 20:00:00,1,b1cede27-0938-ab4f-9531-a0f3f44b9019,aoa-execution-2018-03-01-2018-12-31.csv,78627,-1,0,XBTUSD
2018-10-19 04:00:00,1,db71c27f-3887-bbc7-c5b0-c463b3400f9c,aoa-execution-2018-03-01-2018-12-31.csv,78634,-1,0,XBTUSD
2018-10-19 12:00:00,1,f3b9dd3d-d091-a1ec-12a4-eec0ac591987,aoa-execution-2018-03-01-2018-12-31.csv,78629,-1,0,XBTUSD
2018-10-19 20:00:00,1,71be6137-886f-196e-ce3e-7e570213c900,aoa-execution-2018-03-01-2018-12-31.csv,78632,-1,0,XBTUSD
2018-10-20 04:00:00,1,f3bbb620-3f4e-6205-4fe1-a6672d181fe6,aoa-execution-2018-03-01-2018-12-31.csv,78636,-1,0,XBTUSD
2018-10-20 12:00:00,1,ad0d069d-d39c-c7e0-b1b7-327a62f84ebd,aoa-execution-2018-03-01-2018-12-31.csv,78638,-1,0,XBTUSD
2018-10-20 20:00:00,1,0a1013a0-95cf-cecd-f7a0-caa33310f241,aoa-execution-2018-03-01-2018-12-31.csv,78640,-1,0,XBTUSD
2018-10-21 04:00:00,1,2ec83364-ce3d-95e8-5bdb-a26d697fa59a,aoa-execution-2018-03-01-2018-12-31.csv,78645,-1,0,XBTUSD
2018-10-21 12:00:00,1,a02d8aac-dc0b-9f9c-48e9-8b0ec1995d7f,aoa-execution-2018-03-01-2018-12-31.csv,78644,-1,0,XBTUSD
2018-10-21 20:00:00,1,ac474fb1-7d84-3d78-bfa8-0a05131aeef4,aoa-execution-2018-03-01-2018-12-31.csv,78642,-1,0,XBTUSD
2018-10-22 04:00:00,1,0a474838-fd06-72f5-9370-81ebdb615db2,aoa-execution-2018-03-01-2018-12-31.csv,78647,-1,0,XBTUSD
2018-10-22 12:00:00,1,49b11c24-7a92-75c0-d152-5bd48b2fe3b5,aoa-execution-2018-03-01-2018-12-31.csv,78651,-1,0,XBTUSD
2018-10-22 20:00:00,1,fdaaa6ed-febd-a8e3-5602-f6650f7352b2,aoa-execution-2018-03-01-2018-12-31.csv,78650,-1,0,XBTUSD
2018-10-23 04:00:00,1,b53452c4-953b-761c-0a6b-257b7d3f3b62,aoa-execution-2018-03-01-2018-12-31.csv,78656,-1,0,XBTUSD
2018-10-23 12:00:00,1,a9a81891-4f17-7f4e-0311-f0f35729b739,aoa-execution-2018-03-01-2018-12-31.csv,78653,-1,0,XBTUSD
2018-10-23 20:00:00,1,cf8c99cc-6bc0-0b38-1c8a-ed9f9905d207,aoa-execution-2018-03-01-2018-12-31.csv,78658,-1,0,XBTUSD
2018-10-24 04:00:00,1,57e634f6-5e07-4156-a440-8b7b460dab0c,aoa-execution-2018-03-01-2018-12-31.csv,78662,-1,0,XBTUSD
2018-10-24 12:00:00,1,9b590e7d-ca8e-d782-bcf3-bae0f7b91816,aoa-execution-2018-03-01-2018-12-31.csv,78660,-1,0,XBTUSD
2018-10-24 20:00:00,1,9b357a2f-ef2b-0e60-6923-8660e1d2252d,aoa-execution-2018-03-01-2018-12-31.csv,78663,-1,0,XBTUSD
2018-10-25 04:00:00,1,6f4b659d-3c05-b9ae-781f-aa12f0a64aaa,aoa-execution-2018-03-01-2018-12-31.csv,78668,-1,0,XBTUSD
2018-10-25 12:00:00,1,de615626-e46e-d81a-211a-3898c54e1cfe,aoa-execution-2018-03-01-2018-12-31.csv,78666,-1,0,XBTUSD
2018-10-25 20:00:00,1,6ae90863-2514-ca52-aca9-b7cc4813c215,aoa-execution-2018-03-01-2018-12-31.csv,78669,-1,0,XBTUSD
2018-10-26 04:00:00,1,1f6a797d-77b9-c405-559c-2ce4804b4c59,aoa-execution-2018-03-01-2018-12-31.csv,78672,-1,0,XBTUSD
2018-10-26 12:00:00,1,f0df5141-dcad-9461-41ba-8c6a102a77aa,aoa-execution-2018-03-01-2018-12-31.csv,78675,-1,0,XBTUSD
2018-10-26 20:00:00,1,fd1a81f1-b5b0-d010-f9bd-8c6d58a4e8b7,aoa-execution-2018-03-01-2018-12-31.csv,78673,-1,0,XBTUSD
2018-10-27 04:00:00,1,23e390d9-ecb7-74c8-2240-4ef2248911b3,aoa-execution-2018-03-01-2018-12-31.csv,78682,-1,0,XBTUSD
2018-10-27 12:00:00,1,cb8b3b48-8762-985d-95da-170c9f273b1a,aoa-execution-2018-03-01-2018-12-31.csv,78677,-1,0,XBTUSD
2018-10-27 20:00:00,1,0f0d6ac4-6c56-e752-568d-8b5f9cc6c78e,aoa-execution-2018-03-01-2018-12-31.csv,78680,-1,0,XBTUSD
2018-10-28 04:00:00,1,cca3cc8a-d3fb-b9e4-ec90-2c2eea161231,aoa-execution-2018-03-01-2018-12-31.csv,78683,-1,0,XBTUSD
2018-10-28 12:00:00,1,ea1759af-73a8-9d8b-811c-4ff6945c28c5,aoa-execution-2018-03-01-2018-12-31.csv,78688,-1,0,XBTUSD
2018-10-28 20:00:00,1,f980ee9f-3b6e-96d4-dcb7-bdeb06bb7078,aoa-execution-2018-03-01-2018-12-31.csv,78686,-1,0,XBTUSD
2018-10-29 04:00:00,1,93d7ccb6-64d4-67f8-75f2-5c39e5fcdcd2,aoa-execution-2018-03-01-2018-12-31.csv,78689,-1,0,XBTUSD
2018-10-29 12:00:00,1,29c9ff9c-5626-0dea-20b6-e4a787b48ba0,aoa-execution-2018-03-01-2018-12-31.csv,78694,-1,0,XBTUSD
2018-10-29 20:00:00,1,3b87ae69-6f8f-8fab-d451-4409a5b1ab6d,aoa-execution-2018-03-01-2018-12-31.csv,78692,-1,0,XBTUSD
2018-10-30 04:00:00,1,b70503bc-e8d4-5f48-11fa-0689c90549bc,aoa-execution-2018-03-01-2018-12-31.csv,78728,-1,0,XBTUSD
2018-10-30 12:00:00,1,d26dbf7e-00cd-60a8-292e-df561edb7270,aoa-execution-2018-03-01-2018-12-31.csv,78744,-1,0,XBTUSD
2018-10-30 20:00:00,1,f64444b2-8ff4-d2bc-a099-b1f62b051c29,aoa-execution-2018-03-01-2018-12-31.csv,78746,-1,0,XBTUSD
2018-10-31 04:00:00,1,84a49dad-7ac5-37cc-4f3f-7e14ed98e1ba,aoa-execution-2018-03-01-2018-12-31.csv,78752,-1,0,XBTUSD
2018-10-31 12:00:00,1,6e9eedef-899c-95e3-538c-74afeeb6f5b6,aoa-execution-2018-03-01-2018-12-31.csv,78748,-1,0,XBTUSD
2018-10-31 20:00:00,1,4b638662-599d-441b-159d-78a6c7ff99d6,aoa-execution-2018-03-01-2018-12-31.csv,78749,-1,0,XBTUSD
2018-11-01 04:00:00,1,2e614fbe-ff27-76e6-6154-c0514cefc109,aoa-execution-2018-03-01-2018-12-31.csv,78754,-1,0,XBTUSD
2018-11-01 12:00:00,1,4e175789-e3a4-c193-569f-a277297ccb84,aoa-execution-2018-03-01-2018-12-31.csv,78758,-1,0,XBTUSD
2018-11-01 20:00:00,1,01f0311e-596e-fb11-bb13-fba0bf6a1741,aoa-execution-2018-03-01-2018-12-31.csv,78756,-1,0,XBTUSD
2018-11-02 04:00:00,1,db89baff-1201-6305-7d67-dd755b85afaa,aoa-execution-2018-03-01-2018-12-31.csv,78763,-1,0,XBTUSD
2018-11-02 12:00:00,1,48374bfd-8b0b-e856-9fac-0ab4db6e20a9,aoa-execution-2018-03-01-2018-12-31.csv,78759,-1,0,XBTUSD
2018-11-02 20:00:00,1,bfc2695f-bd59-ad36-8dee-c7f2b53276a2,aoa-execution-2018-03-01-2018-12-31.csv,78762,-1,0,XBTUSD
2018-11-03 04:00:00,1,c92b901b-afca-f0c0-b63c-fc318bf432ad,aoa-execution-2018-03-01-2018-12-31.csv,78769,-1,0,XBTUSD
2018-11-03 12:00:00,1,8f94973c-e5c0-7b56-5d0e-a1ca0b20d1dc,aoa-execution-2018-03-01-2018-12-31.csv,78766,-1,0,XBTUSD
2018-11-03 20:00:00,1,44de3c58-8216-a112-acd1-cf65ee93693c,aoa-execution-2018-03-01-2018-12-31.csv,78768,-1,0,XBTUSD
2018-11-04 04:00:00,1,2992c30b-64e3-03fb-648f-ddaab4653df2,aoa-execution-2018-03-01-2018-12-31.csv,78858,-1,0,XBTUSD
2018-11-04 12:00:00,1,96924f51-1b13-72d0-b382-9fcc2fcfccd2,aoa-execution-2018-03-01-2018-12-31.csv,78860,-1,0,XBTUSD
2018-11-04 20:00:00,1,0ef1bcbc-8e41-9868-9592-cfd0919ee74f,aoa-execution-2018-03-01-2018-12-31.csv,78856,-1,0,XBTUSD
2018-11-05 04:00:00,1,f45837b6-aeb3-5d18-ced2-efb4b965c5b3,aoa-execution-2018-03-01-2018-12-31.csv,78966,-1,0,XBTUSD
2018-11-05 12:00:00,1,6489ca63-006d-51ca-bc35-83c3b050db52,aoa-execution-2018-03-01-2018-12-31.csv,78964,-1,0,XBTUSD
2018-11-05 20:00:00,1,2e47d357-5f10-01c6-3d2b-f3f78f355cd2,aoa-execution-2018-03-01-2018-12-31.csv,78999,-1,0,XBTUSD
2018-11-06 04:00:00,1,8187b7d9-39be-068b-072d-46e06f3022ab,aoa-execution-2018-03-01-2018-12-31.csv,80477,-1,0,XBTUSD
2018-11-06 12:00:00,1,e872c3f1-736e-d04b-7f15-b1a006905da3,aoa-execution-2018-03-01-2018-12-31.csv,79215,-1,0,XBTUSD
2018-11-06 20:00:00,1,6581ad41-ce1c-34bd-ea77-60ff097d1a29,aoa-execution-2018-03-01-2018-12-31.csv,80475,-1,0,XBTUSD
2018-11-07 04:00:00,1,98d974ae-9b9f-f73a-337e-b881c68dbbd5,aoa-execution-2018-03-01-2018-12-31.csv,80647,-1,0,XBTUSD
2018-11-07 12:00:00,1,5e829c50-b58a-30d9-5efa-28427817ec1c,aoa-execution-2018-03-01-2018-12-31.csv,80648,-1,0,XBTUSD
2018-11-07 20:00:00,1,5720cd7e-d40d-69a5-2253-982f6c4aa762,aoa-execution-2018-03-01-2018-12-31.csv,80674,-1,0,XBTUSD
2018-11-08 04:00:00,1,f4c79bc2-9d46-3852-fb35-bfa6d593b802,aoa-execution-2018-03-01-2018-12-31.csv,80675,-1,0,XBTUSD
2018-11-08 12:00:00,1,ad136804-51af-ba96-b7f4-c67456b33c9a,aoa-execution-2018-03-01-2018-12-31.csv,81070,-1,0,XBTUSD
2018-11-08 20:00:00,1,87a78cc0-2a49-8441-2387-c28b08e18797,aoa-execution-2018-03-01-2018-12-31.csv,81009,-1,0,XBTUSD
2018-11-09 04:00:00,1,aa7db8c7-a4e5-99c5-c3bd-6a8c02def1a6,aoa-execution-2018-03-01-2018-12-31.csv,81304,-1,0,XBTUSD
2018-11-09 12:00:00,1,d2e18b1b-4b37-eaf1-7607-83e810a83196,aoa-execution-2018-03-01-2018-12-31.csv,81744,1,0,XBTUSD
2018-11-09 20:00:00,1,2e5a6bca-2ddd-4e78-d484-2daaffb65260,aoa-execution-2018-03-01-2018-12-31.csv,81901,1,0,XBTUSD
2018-11-10 04:00:00,1,255cc0fc-8a23-f32a-6ff0-3fdc728611de,aoa-execution-2018-03-01-2018-12-31.csv,82260,1,0,XBTUSD
2018-11-10 12:00:00,1,dc82d78b-dc3c-3969-b150-438707aed665,aoa-execution-2018-03-01-2018-12-31.csv,82068,1,0,XBTUSD
2018-11-10 20:00:00,1,824f0418-ab67-604d-463d-ecc9596671bd,aoa-execution-2018-03-01-2018-12-31.csv,82259,1,0,XBTUSD
2018-11-11 04:00:00,1,599d071b-ffbe-6254-e794-71cba5e6f230,aoa-execution-2018-03-01-2018-12-31.csv,82283,1,0,XBTUSD
2018-11-11 12:00:00,1,f4997baf-3df9-3792-58bb-8c4bf4dfe70e,aoa-execution-2018-03-01-2018-12-31.csv,82282,1,0,XBTUSD
2018-11-11 20:00:00,1,fbd4e151-3055-0e9c-7ff9-ee0f15c9a6c0,aoa-execution-2018-03-01-2018-12-31.csv,82284,1,0,XBTUSD
2018-11-12 04:00:00,1,2c26a60f-fc36-920b-3c21-b6e7dad92c70,aoa-execution-2018-03-01-2018-12-31.csv,82731,1,0,XBTUSD
2018-11-12 12:00:00,1,51ccead5-f40d-9093-5e4c-bbfe3595f0fd,aoa-execution-2018-03-01-2018-12-31.csv,82386,1,0,XBTUSD
2018-11-12 20:00:00,1,f2d298fa-b620-1c88-d036-d820fc096045,aoa-execution-2018-03-01-2018-12-31.csv,82746,1,0,XBTUSD
2018-11-13 04:00:00,1,7aef0dda-e746-3a02-f693-cb0459948528,aoa-execution-2018-03-01-2018-12-31.csv,82792,1,0,XBTUSD
2018-11-13 12:00:00,1,065a3b36-620b-f9c9-5a73-b80540ab674a,aoa-execution-2018-03-01-2018-12-31.csv,82791,1,0,XBTUSD
2018-11-13 20:00:00,1,1091700f-a1d4-4ed2-27a0-b32a96f00daa,aoa-execution-2018-03-01-2018-12-31.csv,83056,1,0,XBTUSD
2018-11-14 04:00:00,1,63ca796e-2c75-b5d1-56dd-8e110ecf8a89,aoa-execution-2018-03-01-2018-12-31.csv,84318,1,0,XBTUSD
2018-11-14 12:00:00,1,b0068301-6445-6c65-1609-265aefedcc92,aoa-execution-2018-03-01-2018-12-31.csv,83774,1,0,XBTUSD
2018-11-14 20:00:00,1,c66616e7-9953-cf5e-0a12-42d516768dcd,aoa-execution-2018-03-01-2018-12-31.csv,83900,1,0,XBTUSD
2018-11-15 04:00:00,1,84d9205b-8550-ffca-4ec3-fee57d72b0a7,aoa-execution-2018-03-01-2018-12-31.csv,86055,1,0,XBTUSD
2018-11-15 12:00:00,1,95f7976f-9a5a-bd3b-20b0-780fe2e2ebf9,aoa-execution-2018-03-01-2018-12-31.csv,85078,1,0,XBTUSD
2018-11-15 20:00:00,1,b919532f-71e3-1498-6000-e6ba789c1f5e,aoa-execution-2018-03-01-2018-12-31.csv,86101,1,0,XBTUSD
2018-11-16 04:00:00,1,9a114345-f2ab-c751-75ec-b1a1c911ba0f,aoa-execution-2018-03-01-2018-12-31.csv,86363,1,0,XBTUSD
2018-11-16 12:00:00,1,bf0c81c5-8372-92f6-709e-4bb17342da72,aoa-execution-2018-03-01-2018-12-31.csv,86144,1,0,XBTUSD
2018-11-16 20:00:00,1,8f25b28b-99ee-6093-2070-2dc1880b97de,aoa-execution-2018-03-01-2018-12-31.csv,86285,1,0,XBTUSD
2018-11-17 04:00:00,1,1fc43111-3cfa-28fd-9dd0-1a5fca637830,aoa-execution-2018-03-01-2018-12-31.csv,86603,1,0,XBTUSD
2018-11-17 12:00:00,1,1a1f49bb-d204-3fea-2bf6-7cedc2b0ffab,aoa-execution-2018-03-01-2018-12-31.csv,86605,1,0,XBTUSD
2018-11-17 20:00:00,199999,e9702a11-b20a-d1b7-a322-67fee067efaf,aoa-execution-2018-03-01-2018-12-31.csv,86601,-199999,0,XBTUSD
2018-11-18 04:00:00,1,b4643efe-ecbc-8f2b-68ad-12dd63d4f4e4,aoa-execution-2018-03-01-2018-12-31.csv,86713,1,0,XBTUSD
2018-11-18 12:00:00,1,7e0dfb6d-c9df-96ac-84e8-9067b6fe6bdb,aoa-execution-2018-03-01-2018-12-31.csv,86924,1,0,XBTUSD
2018-11-18 20:00:00,1,3ffd48fd-6e5e-ecaa-eedb-ac694fe8f777,aoa-execution-2018-03-01-2018-12-31.csv,86925,1,0,XBTUSD
2018-11-19 04:00:00,7607,c01d96f9-f303-3cff-1cb6-66fcd591d075,aoa-execution-2018-03-01-2018-12-31.csv,87861,-7607,0,XBTUSD
2018-11-19 12:00:00,1,ea8b4aaa-bccf-76c9-2d79-75611e65a23a,aoa-execution-2018-03-01-2018-12-31.csv,88608,-1,0,XBTUSD
2018-11-19 20:00:00,399999,e60e09c5-5097-c74c-172d-c5dcbf8a1c88,aoa-execution-2018-03-01-2018-12-31.csv,88242,399999,0,XBTUSD
2018-11-20 04:00:00,1,7659fc48-8265-7dec-325d-707881e757eb,aoa-execution-2018-03-01-2018-12-31.csv,90987,-1,0,XBTUSD
2018-11-20 12:00:00,600001,f2622689-a12d-7618-7d63-c4b5985130db,aoa-execution-2018-03-01-2018-12-31.csv,89851,600001,0,XBTUSD
2018-11-20 20:00:00,1,9f559011-5152-f767-d4f6-379edb30340f,aoa-execution-2018-03-01-2018-12-31.csv,90301,-1,0,XBTUSD
2018-11-21 04:00:00,1,b79ea41b-9ec1-580f-f7e0-b0da5d0cd7ba,aoa-execution-2018-03-01-2018-12-31.csv,91485,1,0,XBTUSD
2018-11-21 12:00:00,1,c72f8e9c-2559-c24d-af06-e25c2c098f64,aoa-execution-2018-03-01-2018-12-31.csv,91483,-1,0,XBTUSD
2018-11-21 20:00:00,1,eb3b733e-7610-3e4f-5579-a883152d9bac,aoa-execution-2018-03-01-2018-12-31.csv,91652,-1,0,XBTUSD
2018-11-22 04:00:00,1,18d9a8f9-0297-b744-40f8-e4ab793d47e7,aoa-execution-2018-03-01-2018-12-31.csv,91948,1,0,XBTUSD
2018-11-22 12:00:00,1,fa62d286-9e5e-62a0-8fe0-3f34ac605038,aoa-execution-2018-03-01-2018-12-31.csv,91878,1,0,XBTUSD
2018-11-22 20:00:00,1,8c5fb865-f85e-0a5e-be97-7b6b75797f7a,aoa-execution-2018-03-01-2018-12-31.csv,92022,-1,0,XBTUSD
2018-11-23 04:00:00,400001,c924dfe4-9aa5-486d-3ae6-a3d39bfb80bb,aoa-execution-2018-03-01-2018-12-31.csv,93437,400001,0,XBTUSD
2018-11-23 12:00:00,1,095a9e34-0ccb-0bfb-7ad4-3145e4f9b67e,aoa-execution-2018-03-01-2018-12-31.csv,93501,1,0,XBTUSD
2018-11-23 20:00:00,1,0b0857fc-1586-a6ab-c5a6-6e556320f24a,aoa-execution-2018-03-01-2018-12-31.csv,92837,1,0,XBTUSD
2018-11-24 04:00:00,1,c34b8e64-302f-b6a7-cff3-5f62a5d79227,aoa-execution-2018-03-01-2018-12-31.csv,93763,-1,0,XBTUSD
2018-11-24 12:00:00,250001,8f16d9c9-4337-eb45-229d-404fcd75b1a8,aoa-execution-2018-03-01-2018-12-31.csv,94066,-250001,0,XBTUSD
2018-11-24 20:00:00,250001,249d35e8-1d0d-992d-3932-be466a4ba7fd,aoa-execution-2018-03-01-2018-12-31.csv,93548,-250001,0,XBTUSD
2018-11-25 04:00:00,1,7da7638a-95c3-2e8d-900a-ee15b8e2422e,aoa-execution-2018-03-01-2018-12-31.csv,100091,1,0,XBTUSD
2018-11-25 12:00:00,381035,784a0734-052b-fb55-04e4-4c911065ac88,aoa-execution-2018-03-01-2018-12-31.csv,98749,-381035,0,XBTUSD
2018-11-25 20:00:00,600001,b15ee4d0-2f42-6125-b2a2-9f5acd954db0,aoa-execution-2018-03-01-2018-12-31.csv,98994,-600001,0,XBTUSD
2018-11-26 04:00:00,300001,2ee4ad8b-ed11-bead-bca6-b871ac877a86,aoa-execution-2018-03-01-2018-12-31.csv,101996,-300001,0,XBTUSD
2018-11-26 12:00:00,300001,9cd243d9-4c83-d613-9809-55fd90b30dc3,aoa-execution-2018-03-01-2018-12-31.csv,101522,-300001,0,XBTUSD
2018-11-26 20:00:00,329999,95d7d996-185a-a63c-b6f2-2e959eb51432,aoa-execution-2018-03-01-2018-12-31.csv,103694,-329999,0,XBTUSD
2018-11-27 04:00:00,659999,b975036f-7179-a194-a5f9-a8c4ea42bf7c,aoa-execution-2018-03-01-2018-12-31.csv,105523,-659999,0,XBTUSD
2018-11-27 12:00:00,330001,0dd3dce9-d68a-b7ce-d720-fa3c52332617,aoa-execution-2018-03-01-2018-12-31.csv,105493,-330001,0,XBTUSD
2018-11-27 20:00:00,1,365881b0-dc82-de62-fa24-9fd0110efc38,aoa-execution-2018-03-01-2018-12-31.csv,103818,-1,0,XBTUSD
2018-11-28 04:00:00,1,3a5cfee5-71e3-6987-a412-ce1bb8e9e193,aoa-execution-2018-03-01-2018-12-31.csv,107225,1,0,XBTUSD
2018-11-28 12:00:00,1,5d0d2be2-b8a1-6c3a-2bdd-e135da0b3eca,aoa-execution-2018-03-01-2018-12-31.csv,107966,1,0,XBTUSD
2018-11-28 20:00:00,1319999,d3626bfa-22d6-ab25-c451-66301060164f,aoa-execution-2018-03-01-2018-12-31.csv,106543,-1319999,0,XBTUSD
2018-11-29 04:00:00,1,1e6043fc-297b-193b-36cd-8edbb306940e,aoa-execution-2018-03-01-2018-12-31.csv,110889,-1,0,XBTUSD
2018-11-29 12:00:00,355740,1326bd15-1940-4944-45e8-341e2a85d9c9,aoa-execution-2018-03-01-2018-12-31.csv,110670,-355740,0,XBTUSD
2018-11-29 20:00:00,618409,ff4ac163-cd4e-f4d6-a9c2-59a27420c21f,aoa-execution-2018-03-01-2018-12-31.csv,111291,-618409,0,XBTUSD
2018-11-30 04:00:00,704882,ee833e93-b056-285a-3c5b-77cd8f02aa68,aoa-execution-2018-03-01-2018-12-31.csv,111984,-704882,0,XBTUSD
2018-11-30 12:00:00,1,f035cd7a-0eab-14e3-3057-79a8fb8db9a9,aoa-execution-2018-03-01-2018-12-31.csv,112018,-1,0,XBTUSD
2018-11-30 20:00:00,1,d1db5e82-98f7-416e-df2b-3312b1f31d65,aoa-execution-2018-03-01-2018-12-31.csv,113778,-1,0,XBTUSD
2018-12-01 04:00:00,1,3d31bd08-1044-36ef-86b2-13829180bb90,aoa-execution-2018-03-01-2018-12-31.csv,113886,-1,0,XBTUSD
2018-12-01 12:00:00,700001,ea7b24e4-1cc3-ba45-c8c2-fcb916c4b12f,aoa-execution-2018-03-01-2018-12-31.csv,113884,-700001,0,XBTUSD
2018-12-01 20:00:00,350001,9ef95570-765a-2315-6fcd-b99a88a5cd91,aoa-execution-2018-03-01-2018-12-31.csv,114241,-350001,0,XBTUSD
2018-12-02 04:00:00,1,deace548-b2dc-f83c-1ad3-d7aabd509324,aoa-execution-2018-03-01-2018-12-31.csv,114513,-1,0,XBTUSD
2018-12-02 12:00:00,600001,b59f4693-1fa1-da2d-8dff-7ec150968b56,aoa-execution-2018-03-01-2018-12-31.csv,114290,-600001,0,XBTUSD
2018-12-02 20:00:00,300001,9caca1f0-00df-f091-68df-2d63bf7dc84f,aoa-execution-2018-03-01-2018-12-31.csv,115205,-300001,0,XBTUSD
2018-12-03 04:00:00,349999,84085f39-a1f1-6636-a68a-33d03dfa9a33,aoa-execution-2018-03-01-2018-12-31.csv,115411,-349999,0,XBTUSD
2018-12-03 12:00:00,1,d3390a21-e8e9-7991-6198-44cd8e64f3c2,aoa-execution-2018-03-01-2018-12-31.csv,116839,-1,0,XBTUSD
2018-12-03 20:00:00,349999,c49512b8-697b-86cd-f26f-cb13854933c2,aoa-execution-2018-03-01-2018-12-31.csv,115407,-349999,0,XBTUSD
2018-12-04 04:00:00,1,36c27e51-64ab-b5cc-971c-35f44368366d,aoa-execution-2018-03-01-2018-12-31.csv,117705,1,0,XBTUSD
2018-12-04 12:00:00,349999,78034ead-72e6-e17c-9330-0c2a3b9f5e45,aoa-execution-2018-03-01-2018-12-31.csv,117395,-349999,0,XBTUSD
2018-12-04 20:00:00,1,ed3569bd-18c4-4830-4fe6-61b88bc8054b,aoa-execution-2018-03-01-2018-12-31.csv,117660,1,0,XBTUSD
2018-12-05 04:00:00,700001,968f44d7-f20e-5601-10ff-b5651a19fe87,aoa-execution-2018-03-01-2018-12-31.csv,118337,700001,0,XBTUSD
2018-12-05 12:00:00,1,a7568f40-8aee-7ef5-ec5e-18b544735351,aoa-execution-2018-03-01-2018-12-31.csv,118159,-1,0,XBTUSD
2018-12-05 20:00:00,1,b12c9523-1869-bdce-c673-972fbd6e8ee9,aoa-execution-2018-03-01-2018-12-31.csv,118405,-1,0,XBTUSD
2018-12-06 04:00:00,4098,f7231b2d-77f2-d839-1059-0a539877bbcf,aoa-execution-2018-03-01-2018-12-31.csv,118407,-4098,0,XBTUSD
2018-12-06 12:00:00,404,d2cbb716-d154-a56a-4bdf-7d9abb606de9,aoa-execution-2018-03-01-2018-12-31.csv,119259,-404,0,XBTUSD
2018-12-06 20:00:00,617,20135881-f7ed-a5c2-70ec-a3ee5bc4a7fe,aoa-execution-2018-03-01-2018-12-31.csv,118850,617,0,XBTUSD
2018-12-07 04:00:00,701398,6daa0ed5-ad10-2779-dfb2-2e1944e43678,aoa-execution-2018-03-01-2018-12-31.csv,120267,-701398,0,XBTUSD
2018-12-07 12:00:00,700176,2bb298a6-cf77-01db-9f3b-62c1983cbcec,aoa-execution-2018-03-01-2018-12-31.csv,121448,-700176,0,XBTUSD
2018-12-07 20:00:00,765,423f10e4-ea07-10f4-8086-369b2c0ad392,aoa-execution-2018-03-01-2018-12-31.csv,121574,-765,0,XBTUSD
2018-12-08 04:00:00,984,b7c8a687-a5e2-ba6e-b028-cf5640155d49,aoa-execution-2018-03-01-2018-12-31.csv,121960,-984,0,XBTUSD
2018-12-08 12:00:00,350475,17507203-d961-100c-cfff-82f48fa51f70,aoa-execution-2018-03-01-2018-12-31.csv,121956,350475,0,XBTUSD
2018-12-08 20:00:00,27,1d06b0af-bfd8-7b80-5df7-8e4597f6b8af,aoa-execution-2018-03-01-2018-12-31.csv,121962,27,0,XBTUSD
2018-12-09 04:00:00,350027,4dbfe2c8-2f1b-1c13-3b8d-ce07e74b461e,aoa-execution-2018-03-01-2018-12-31.csv,122648,350027,0,XBTUSD
2018-12-09 12:00:00,1050027,0af1be71-eb13-5a97-a4bd-13f4b8202b21,aoa-execution-2018-03-01-2018-12-31.csv,124139,1050027,0,XBTUSD
2018-12-09 20:00:00,107,1dc7db98-546c-8e6d-f008-7825c188051c,aoa-execution-2018-03-01-2018-12-31.csv,123248,107,0,XBTUSD
2018-12-10 04:00:00,48,b485b1cc-a13b-0ff1-09cd-9ec23099c93a,aoa-execution-2018-03-01-2018-12-31.csv,125261,48,0,XBTUSD
2018-12-10 12:00:00,32,4fe0b52e-82f3-2e88-3be2-37d5511760b0,aoa-execution-2018-03-01-2018-12-31.csv,125584,32,0,XBTUSD
2018-12-10 20:00:00,77,5da86709-824f-f027-de92-be6636af751a,aoa-execution-2018-03-01-2018-12-31.csv,124972,77,0,XBTUSD
2018-12-11 04:00:00,349923,ee248bc1-5fa9-17ce-d4f1-9ce4c4b83df8,aoa-execution-2018-03-01-2018-12-31.csv,125677,-349923,0,XBTUSD
2018-12-11 12:00:00,356993,75b547dc-45ee-eb88-6685-a5d451d5e954,aoa-execution-2018-03-01-2018-12-31.csv,126165,356993,0,XBTUSD
2018-12-11 20:00:00,375695,8aa83de6-8676-4211-2adc-f3b5ad69675a,aoa-execution-2018-03-01-2018-12-31.csv,126130,-375695,0,XBTUSD
2018-12-12 04:00:00,350930,f7cacb83-dafb-d98b-de87-59b68c6e6429,aoa-execution-2018-03-01-2018-12-31.csv,126902,-350930,0,XBTUSD
2018-12-12 12:00:00,350930,f0f80a84-238f-4552-4f91-c9d8002ad928,aoa-execution-2018-03-01-2018-12-31.csv,126619,-350930,0,XBTUSD
2018-12-12 20:00:00,352771,49a3cc04-7906-8b3b-a948-b89e97ec0ebb,aoa-execution-2018-03-01-2018-12-31.csv,126576,-352771,0,XBTUSD
2018-12-13 04:00:00,2771,da55d3e1-ef89-99a7-448c-244d22934f42,aoa-execution-2018-03-01-2018-12-31.csv,128659,-2771,0,XBTUSD
2018-12-13 12:00:00,352771,7775ee1f-c97c-c21e-1315-95cf36ea7605,aoa-execution-2018-03-01-2018-12-31.csv,129021,-352771,0,XBTUSD
2018-12-13 20:00:00,351668,ad0e4fa9-2728-9717-383a-71fc878ca727,aoa-execution-2018-03-01-2018-12-31.csv,128317,-351668,0,XBTUSD
2018-12-14 04:00:00,701386,547dbe41-f754-734e-9c39-410216c0eaa8,aoa-execution-2018-03-01-2018-12-31.csv,129770,-701386,0,XBTUSD
2018-12-14 12:00:00,1051386,696a5269-3000-d053-3a4c-b99b2dae281e,aoa-execution-2018-03-01-2018-12-31.csv,129892,-1051386,0,XBTUSD
2018-12-14 20:00:00,57,373f6bf1-60cd-a77b-5c7f-ae2f282d1fb4,aoa-execution-2018-03-01-2018-12-31.csv,130186,-57,0,XBTUSD
2018-12-15 04:00:00,349772,3824673d-5dd2-8171-0235-8c4067567379,aoa-execution-2018-03-01-2018-12-31.csv,130596,-349772,0,XBTUSD
2018-12-15 12:00:00,699772,c6f36ea2-cd57-22ff-04c1-92205d81ce0b,aoa-execution-2018-03-01-2018-12-31.csv,130807,-699772,0,XBTUSD
2018-12-15 20:00:00,228,af66f350-a8fc-8b6f-b300-ad1d556fe1ba,aoa-execution-2018-03-01-2018-12-31.csv,130420,228,0,XBTUSD
2018-12-16 04:00:00,349772,82f72602-bb2a-db55-6bc0-09682c6f1fec,aoa-execution-2018-03-01-2018-12-31.csv,130986,-349772,0,XBTUSD
2018-12-16 12:00:00,349545,84ccbfee-e741-cc84-5cfa-59bed9766a6d,aoa-execution-2018-03-01-2018-12-31.csv,131975,-349545,0,XBTUSD
2018-12-16 20:00:00,700087,75ff958c-3117-ed86-7aeb-82f67ef86e87,aoa-execution-2018-03-01-2018-12-31.csv,131287,-700087,0,XBTUSD
2018-12-17 04:00:00,349968,02dd85d1-9cc4-4e37-7355-2f05f05b7aaf,aoa-execution-2018-03-01-2018-12-31.csv,136867,-349968,0,XBTUSD
2018-12-17 12:00:00,349968,0f988d04-53a4-0c47-b335-7de612e75801,aoa-execution-2018-03-01-2018-12-31.csv,137397,-349968,0,XBTUSD
2018-12-17 20:00:00,1318390,61f204e5-d780-ec8a-c24f-fc3b031cbaa8,aoa-execution-2018-03-01-2018-12-31.csv,136587,1318390,0,XBTUSD
2018-12-18 04:00:00,1237,95b67d77-ff03-ca92-d62b-4118f93777d5,aoa-execution-2018-03-01-2018-12-31.csv,141512,1237,0,XBTUSD
2018-12-18 12:00:00,1306,5c759f50-fe07-30ad-9c13-2a36f2caec38,aoa-execution-2018-03-01-2018-12-31.csv,140218,1306,0,XBTUSD
2018-12-18 20:00:00,1055390,d27d1463-bcec-e83c-4e85-0cb3653d4752,aoa-execution-2018-03-01-2018-12-31.csv,139955,1055390,0,XBTUSD
2018-12-19 04:00:00,1747951,ce207b41-adcd-dd95-129d-95ec1d3aa62d,aoa-execution-2018-03-01-2018-12-31.csv,141863,-1747951,0,XBTUSD
2018-12-19 12:00:00,1402073,78aeaf27-3d72-00e1-fb90-625fd00f1ebe,aoa-execution-2018-03-01-2018-12-31.csv,144232,-1402073,0,XBTUSD
2018-12-19 20:00:00,175,19d99692-26cd-2b8c-80bb-530058d01d21,aoa-execution-2018-03-01-2018-12-31.csv,143263,175,0,XBTUSD
2018-12-20 04:00:00,704764,db0091b7-cb4e-d63d-ac21-532464a3edb8,aoa-execution-2018-03-01-2018-12-31.csv,147358,-704764,0,XBTUSD
2018-12-20 12:00:00,181,3a1f29a9-28de-66a8-1365-42d1f4041053,aoa-execution-2018-03-01-2018-12-31.csv,147877,181,0,XBTUSD
2018-12-20 20:00:00,449819,56729759-f268-29e7-0717-5a12033950a9,aoa-execution-2018-03-01-2018-12-31.csv,145961,-449819,0,XBTUSD
2018-12-21 04:00:00,897073,ff6ca54b-fae1-7f36-0f18-c3f4c1dcb832,aoa-execution-2018-03-01-2018-12-31.csv,149900,-897073,0,XBTUSD
2018-12-21 12:00:00,898329,d4cf0fd7-561c-4eda-f597-4ee358822396,aoa-execution-2018-03-01-2018-12-31.csv,152325,-898329,0,XBTUSD
2018-12-21 20:00:00,443078,3934eb32-8011-6a47-5886-33074e1034cc,aoa-execution-2018-03-01-2018-12-31.csv,150053,-443078,0,XBTUSD
2018-12-22 04:00:00,95,28c9030d-f4cd-8986-7f4b-8845418aac50,aoa-execution-2018-03-01-2018-12-31.csv,154677,95,0,XBTUSD
2018-12-22 12:00:00,25,3a4eda3a-1650-00f4-5c20-3235bf5a267b,aoa-execution-2018-03-01-2018-12-31.csv,153851,-25,0,XBTUSD
2018-12-22 20:00:00,898825,01e37031-6752-b451-8928-b7de72372577,aoa-execution-2018-03-01-2018-12-31.csv,154633,-898825,0,XBTUSD
2018-12-23 04:00:00,450473,7355c41e-6a38-ff2a-98b4-f223fe0e83f6,aoa-execution-2018-03-01-2018-12-31.csv,155896,-450473,0,XBTUSD
2018-12-23 12:00:00,450705,4be39cd7-0c9e-d896-2dea-38d878a70f84,aoa-execution-2018-03-01-2018-12-31.csv,156060,-450705,0,XBTUSD
2018-12-23 20:00:00,450051,117fd24e-8186-a2b5-3671-e8cbd1499d88,aoa-execution-2018-03-01-2018-12-31.csv,156528,-450051,0,XBTUSD
2018-12-24 04:00:00,449814,0328d79e-4e84-5622-5db7-e0ce66df3eed,aoa-execution-2018-03-01-2018-12-31.csv,156650,449814,0,XBTUSD
2018-12-24 12:00:00,186,32d36252-5aac-1643-21b2-7f12a6dfef2b,aoa-execution-2018-03-01-2018-12-31.csv,156901,-186,0,XBTUSD
2018-12-24 20:00:00,470022,e3919fda-18bb-f16e-912f-2c8cb3b6a17c,aoa-execution-2018-03-01-2018-12-31.csv,156817,-470022,0,XBTUSD
2018-12-25 04:00:00,542,1a868f5e-8709-d4c4-0509-4b302e32cb6d,aoa-execution-2018-03-01-2018-12-31.csv,159478,-542,0,XBTUSD
2018-12-25 12:00:00,894791,d7d746a7-b741-a000-78ce-fc9f8c67b65e,aoa-execution-2018-03-01-2018-12-31.csv,158966,894791,0,XBTUSD
2018-12-25 20:00:00,451143,763b9278-0a09-dcee-759f-3ffc0bd5946c,aoa-execution-2018-03-01-2018-12-31.csv,159547,451143,0,XBTUSD
2018-12-26 04:00:00,906718,25d1d51a-b99f-460e-41b9-d9492ed60e62,aoa-execution-2018-03-01-2018-12-31.csv,160863,-906718,0,XBTUSD
2018-12-26 12:00:00,453411,051c23a6-1a42-af43-d2cb-7f90c72f45da,aoa-execution-2018-03-01-2018-12-31.csv,160243,-453411,0,XBTUSD
2018-12-26 20:00:00,917,cb48abe6-1544-1754-8e18-8eef1393ad50,aoa-execution-2018-03-01-2018-12-31.csv,161095,-917,0,XBTUSD
2018-12-27 04:00:00,293,327a4fa5-5319-ea89-80bd-3a8ef43e9643,aoa-execution-2018-03-01-2018-12-31.csv,161895,-293,0,XBTUSD
2018-12-27 12:00:00,293,42f75175-cc64-1acf-a98b-d7d37ff60248,aoa-execution-2018-03-01-2018-12-31.csv,161893,-293,0,XBTUSD
2018-12-27 20:00:00,306,a379d6b1-1e98-079e-c8de-30254778d599,aoa-execution-2018-03-01-2018-12-31.csv,161894,-306,0,XBTUSD
2018-12-28 04:00:00,363,11770170-45e8-58bf-4394-463abbe6a6b2,aoa-execution-2018-03-01-2018-12-31.csv,162033,363,0,XBTUSD
2018-12-28 12:00:00,363,79843b4e-36b0-9191-42f9-9a7005214721,aoa-execution-2018-03-01-2018-12-31.csv,162155,363,0,XBTUSD
2018-12-28 20:00:00,500137,3da8a021-2786-ac29-65c4-84ea6822a587,aoa-execution-2018-03-01-2018-12-31.csv,162032,-500137,0,XBTUSD
2018-12-29 04:00:00,500137,7eac6093-f796-d08c-90e6-7214769631d2,aoa-execution-2018-03-01-2018-12-31.csv,162156,-500137,0,XBTUSD
2018-12-29 12:00:00,500137,5811cc03-a4ae-05af-0370-319be702d399,aoa-execution-2018-03-01-2018-12-31.csv,162662,-500137,0,XBTUSD
2018-12-29 20:00:00,243,81a87017-4ff8-0119-f760-a2de631b8c7e,aoa-execution-2018-03-01-2018-12-31.csv,162157,-243,0,XBTUSD
2018-12-30 04:00:00,650664,74a01123-70ee-be0d-114f-b696cd9c6638,aoa-execution-2018-03-01-2018-12-31.csv,163811,-650664,0,XBTUSD
2018-12-30 12:00:00,454933,55f44439-37d8-48ff-4bde-d554d2345e2b,aoa-execution-2018-03-01-2018-12-31.csv,163836,-454933,0,XBTUSD
2018-12-30 20:00:00,454933,031a3f90-d2f8-19db-c434-9f3e9759cf9a,aoa-execution-2018-03-01-2018-12-31.csv,163810,-454933,0,XBTUSD
2018-12-31 04:00:00,454933,20fe9216-ce6f-c579-2c8a-88ce7554787a,aoa-execution-2018-03-01-2018-12-31.csv,164097,-454933,0,XBTUSD
2018-12-31 12:00:00,454933,de7b688b-71aa-f404-554b-b89660f74354,aoa-execution-2018-03-01-2018-12-31.csv,164011,-454933,0,XBTUSD
2018-12-31 20:00:00,454933,03a8c927-f990-c39c-f591-6c1261c2baa6,aoa-execution-2018-03-01-2018-12-31.csv,164010,-454933,0,XBTUSD
2019-01-01 04:00:00,409,d94b9515-f42d-b0c5-1529-5c212fa140de,aoa-execution-2019-01-01-2020-12-31.csv,17,-409,0,XBTUSD
2019-01-01 12:00:00,450409,aacfb877-a56d-93b5-999a-d36ced43f8b8,aoa-execution-2019-01-01-2020-12-31.csv,18,-450409,0,XBTUSD
2019-01-01 20:00:00,186,311fa01a-fb33-5828-01e9-1d1b9624a785,aoa-execution-2019-01-01-2020-12-31.csv,16,-186,0,XBTUSD
2019-01-02 04:00:00,423,fc411f6f-a09d-2f0a-1f14-f6dbfbeea49d,aoa-execution-2019-01-01-2020-12-31.csv,281,-423,0,XBTUSD
2019-01-02 12:00:00,423,bfea0026-0cb1-d5e8-39dc-cc647098039b,aoa-execution-2019-01-01-2020-12-31.csv,173,-423,0,XBTUSD
2019-01-02 20:00:00,423,401cfae9-9885-85be-4257-89785175aaeb,aoa-execution-2019-01-01-2020-12-31.csv,280,-423,0,XBTUSD
2019-01-03 04:00:00,423,cb39ef53-cbae-4ce4-4f31-8492b232ecd8,aoa-execution-2019-01-01-2020-12-31.csv,834,-423,0,XBTUSD
2019-01-03 12:00:00,423,d11fb63a-c330-c28f-ad97-b03774c14828,aoa-execution-2019-01-01-2020-12-31.csv,835,-423,0,XBTUSD
2019-01-03 20:00:00,423,51716dfb-60aa-b18c-1f9d-6dd27bc212ee,aoa-execution-2019-01-01-2020-12-31.csv,833,-423,0,XBTUSD
2019-01-04 04:00:00,423,d66a48d2-ea0e-9243-78c2-814d98990780,aoa-execution-2019-01-01-2020-12-31.csv,893,-423,0,XBTUSD
2019-01-04 12:00:00,423,7bb23a9a-2e95-9b44-6563-93aa89d6fecc,aoa-execution-2019-01-01-2020-12-31.csv,836,-423,0,XBTUSD
2019-01-04 20:00:00,403,0c600c81-3f7a-8af9-1188-6542e34c3198,aoa-execution-2019-01-01-2020-12-31.csv,892,-403,0,XBTUSD
2019-01-05 04:00:00,450403,595ccb6d-8338-1fb3-4d94-a62595752136,aoa-execution-2019-01-01-2020-12-31.csv,1112,-450403,0,XBTUSD
2019-01-05 12:00:00,403,6d2bcc27-8795-0a42-1db0-8dcc2120155b,aoa-execution-2019-01-01-2020-12-31.csv,1311,-403,0,XBTUSD
2019-01-05 20:00:00,403,401b1180-ff23-4685-2c01-f451a36f4228,aoa-execution-2019-01-01-2020-12-31.csv,1110,-403,0,XBTUSD
2019-01-06 04:00:00,403,cbced2cc-8a60-092a-ec1f-3bc1449ce988,aoa-execution-2019-01-01-2020-12-31.csv,1314,-403,0,XBTUSD
2019-01-06 12:00:00,403,be1e9f6b-35c8-cb12-0117-f9214dadbb09,aoa-execution-2019-01-01-2020-12-31.csv,1313,-403,0,XBTUSD
2019-01-06 20:00:00,403,089f9ef2-a0e6-a9db-adfd-2db167d35e77,aoa-execution-2019-01-01-2020-12-31.csv,1312,-403,0,XBTUSD
2019-01-07 04:00:00,403,5ae90c1c-f3cc-69ac-07be-e3d67a845c34,aoa-execution-2019-01-01-2020-12-31.csv,1407,-403,0,XBTUSD
2019-01-07 12:00:00,451965,53906b91-a0d5-07f1-a3a9-e61d9ccf4d2b,aoa-execution-2019-01-01-2020-12-31.csv,1673,451965,0,XBTUSD
2019-01-07 20:00:00,246,482b0f6e-8750-310a-1320-2ffc0e4e06e5,aoa-execution-2019-01-01-2020-12-31.csv,1674,246,0,XBTUSD
2019-01-08 04:00:00,246,de919444-7d82-3a70-201d-79ced7fdeffe,aoa-execution-2019-01-01-2020-12-31.csv,1787,246,0,XBTUSD
2019-01-08 12:00:00,246,e39e73ed-34fd-cc52-e383-9e3b7b8e8382,aoa-execution-2019-01-01-2020-12-31.csv,2044,246,0,XBTUSD
2019-01-08 20:00:00,246,4f2d3b0d-b6e9-9bbb-51d9-092a804f85b7,aoa-execution-2019-01-01-2020-12-31.csv,2042,246,0,XBTUSD
2019-01-09 04:00:00,246,235f712e-f873-30d5-a127-e28a2a88f48e,aoa-execution-2019-01-01-2020-12-31.csv,2157,246,0,XBTUSD
2019-01-09 12:00:00,246,39c0cf39-59d2-e95a-9b46-2d7a36acbd9f,aoa-execution-2019-01-01-2020-12-31.csv,2076,246,0,XBTUSD
2019-01-09 20:00:00,246,b886ecc5-d084-7208-0086-68067a046c25,aoa-execution-2019-01-01-2020-12-31.csv,2045,246,0,XBTUSD
2019-01-10 04:00:00,246,45ab1cde-8f99-a8ef-ba45-32494dd0b3ac,aoa-execution-2019-01-01-2020-12-31.csv,2641,246,0,XBTUSD
2019-01-10 12:00:00,960,248e6a2e-cf59-bc25-bad1-4b54ca7e0cd8,aoa-execution-2019-01-01-2020-12-31.csv,2321,-960,0,XBTUSD
2019-01-10 20:00:00,449513,14b71efd-f1e3-5c07-9853-85531beeb415,aoa-execution-2019-01-01-2020-12-31.csv,2642,449513,0,XBTUSD
2019-01-11 04:00:00,2484,fedffa1e-e58b-8a55-1593-13c7fcda0b87,aoa-execution-2019-01-01-2020-12-31.csv,2668,-2484,0,XBTUSD
2019-01-11 12:00:00,902039,0cbbde32-8abd-1334-7f2a-7d28bf35a508,aoa-execution-2019-01-01-2020-12-31.csv,3136,-902039,0,XBTUSD
2019-01-11 20:00:00,992241,4934ad2a-1168-62df-ac39-44d7552ae608,aoa-execution-2019-01-01-2020-12-31.csv,2669,-992241,0,XBTUSD
2019-01-12 04:00:00,92241,453fba5f-14e1-f91a-a0df-2156d1dfc0f2,aoa-execution-2019-01-01-2020-12-31.csv,3272,-92241,0,XBTUSD
2019-01-12 12:00:00,2759,4d879463-306d-1b6e-2964-3f91cda0f340,aoa-execution-2019-01-01-2020-12-31.csv,3291,2759,0,XBTUSD
2019-01-12 20:00:00,2759,8b1feabd-bbe5-9fb8-19f5-5894e8ac3dc0,aoa-execution-2019-01-01-2020-12-31.csv,3290,2759,0,XBTUSD
2019-01-13 04:00:00,2759,cf793f48-68c8-3328-f431-ac554b8b39fa,aoa-execution-2019-01-01-2020-12-31.csv,3859,2759,0,XBTUSD
2019-01-13 12:00:00,447241,4b804ebd-4ab0-bcd4-5c76-e56b2b55ee88,aoa-execution-2019-01-01-2020-12-31.csv,3858,-447241,0,XBTUSD
2019-01-13 20:00:00,450708,8afd81ec-f01a-88c4-a350-31a156ccf61b,aoa-execution-2019-01-01-2020-12-31.csv,3312,450708,0,XBTUSD
2019-01-14 04:00:00,450708,f730e896-7c05-06a7-33ac-963671c3be21,aoa-execution-2019-01-01-2020-12-31.csv,4183,450708,0,XBTUSD
2019-01-14 12:00:00,900708,8d03b13c-60e2-a39b-f9fe-17a8fc013a39,aoa-execution-2019-01-01-2020-12-31.csv,4341,900708,0,XBTUSD
2019-01-14 20:00:00,1041820,2621b504-ecf0-08e4-dada-ef094b42a903,aoa-execution-2019-01-01-2020-12-31.csv,4123,-1041820,0,XBTUSD
2019-01-15 04:00:00,1501934,f4a398ea-0f0d-ec3b-b85b-22d816fdbfe7,aoa-execution-2019-01-01-2020-12-31.csv,4648,-1501934,0,XBTUSD
2019-01-15 12:00:00,501934,d1587443-7602-d128-4521-c6733d443cf3,aoa-execution-2019-01-01-2020-12-31.csv,4417,-501934,0,XBTUSD
2019-01-15 20:00:00,501934,904d3253-d1d7-06b8-9dac-6409561ad381,aoa-execution-2019-01-01-2020-12-31.csv,4553,-501934,0,XBTUSD
2019-01-16 04:00:00,501934,9d2d2038-fb72-ec8f-f79c-75e7c4b62c10,aoa-execution-2019-01-01-2020-12-31.csv,4941,-501934,0,XBTUSD
2019-01-16 12:00:00,501934,4edff352-7b33-5c2f-c5f5-875bb3b91695,aoa-execution-2019-01-01-2020-12-31.csv,4934,-501934,0,XBTUSD
2019-01-16 20:00:00,501172,66d11ba3-d86f-9a18-033d-2c13a801edaa,aoa-execution-2019-01-01-2020-12-31.csv,5005,-501172,0,XBTUSD
2019-01-17 04:00:00,1172,061c3017-da79-95d8-d2b7-31b217ff4520,aoa-execution-2019-01-01-2020-12-31.csv,5129,-1172,0,XBTUSD
2019-01-17 12:00:00,501172,efeb3881-814b-208c-1d1f-04c2cdbbaf22,aoa-execution-2019-01-01-2020-12-31.csv,5127,-501172,0,XBTUSD
2019-01-17 20:00:00,501172,b419c8a7-9373-1bb3-ff56-b8046e0981d4,aoa-execution-2019-01-01-2020-12-31.csv,5128,-501172,0,XBTUSD
2019-01-18 04:00:00,501172,c1f5a817-1ba1-6b47-effd-3b88efe07c38,aoa-execution-2019-01-01-2020-12-31.csv,5130,-501172,0,XBTUSD
2019-01-18 12:00:00,501172,da8db0ba-cd16-23eb-0655-aa8a233c5e04,aoa-execution-2019-01-01-2020-12-31.csv,5131,-501172,0,XBTUSD
2019-01-18 20:00:00,501172,2518c591-afe0-74d3-5117-ce4c06adc6d7,aoa-execution-2019-01-01-2020-12-31.csv,5132,-501172,0,XBTUSD
2019-01-19 04:00:00,501172,52481853-3b35-c9ac-4dd8-501daeb44867,aoa-execution-2019-01-01-2020-12-31.csv,5135,-501172,0,XBTUSD
2019-01-19 12:00:00,501172,8fe38f6e-eb61-45ce-f019-aaa8e5d51542,aoa-execution-2019-01-01-2020-12-31.csv,5133,-501172,0,XBTUSD
2019-01-19 20:00:00,1000749,634f24c9-ad01-6424-dee9-7b9ed5c9fa44,aoa-execution-2019-01-01-2020-12-31.csv,5134,-1000749,0,XBTUSD
2019-01-20 04:00:00,1000749,1456c0fb-477d-38ae-d4a7-fb82a88c3a4b,aoa-execution-2019-01-01-2020-12-31.csv,5375,-1000749,0,XBTUSD
2019-01-20 12:00:00,1000749,0775ab1e-e18c-5ed6-74ac-daddf1c25617,aoa-execution-2019-01-01-2020-12-31.csv,5294,-1000749,0,XBTUSD
2019-01-20 20:00:00,500749,5e5d8a6b-6b24-c72c-15bd-498a90de33e1,aoa-execution-2019-01-01-2020-12-31.csv,5295,-500749,0,XBTUSD
2019-01-21 04:00:00,1000749,8190b18b-fe87-7501-101b-cab75afaac02,aoa-execution-2019-01-01-2020-12-31.csv,5630,-1000749,0,XBTUSD
2019-01-21 12:00:00,1000749,0e969727-8aef-0f6e-56c0-7caaaae0f1ea,aoa-execution-2019-01-01-2020-12-31.csv,5659,-1000749,0,XBTUSD
2019-01-21 20:00:00,500749,fe8cf49d-5bc4-f47f-2965-2e14be080c6f,aoa-execution-2019-01-01-2020-12-31.csv,5631,-500749,0,XBTUSD
2019-01-22 04:00:00,749,2da2e3a8-de3a-d06e-eb45-95d29b2b9f6d,aoa-execution-2019-01-01-2020-12-31.csv,5660,-749,0,XBTUSD
2019-01-22 12:00:00,749,279de7b0-4e04-6de5-8ad7-7fcd4e18823a,aoa-execution-2019-01-01-2020-12-31.csv,5662,-749,0,XBTUSD
2019-01-22 20:00:00,749,57040780-8764-0282-6155-0abbec4f70a0,aoa-execution-2019-01-01-2020-12-31.csv,5661,-749,0,XBTUSD
2019-01-23 04:00:00,749,f69d581d-6cca-f097-22f5-fd61381e7ad6,aoa-execution-2019-01-01-2020-12-31.csv,5836,-749,0,XBTUSD
2019-01-23 12:00:00,499251,072cdbfd-fdc6-4a7a-2769-8d57d7bcd17d,aoa-execution-2019-01-01-2020-12-31.csv,5834,499251,0,XBTUSD
2019-01-23 20:00:00,811,be2a811c-2b77-acbf-2d0b-a06dcbecbf62,aoa-execution-2019-01-01-2020-12-31.csv,5835,-811,0,XBTUSD
2019-01-24 04:00:00,811,19bef58d-d548-d559-c634-71f8e1b505a9,aoa-execution-2019-01-01-2020-12-31.csv,5837,-811,0,XBTUSD
2019-01-24 12:00:00,811,a1319fc8-b1bf-a9d1-f15a-7c7ff6852180,aoa-execution-2019-01-01-2020-12-31.csv,5839,-811,0,XBTUSD
2019-01-24 20:00:00,811,9196f08d-70ee-a19a-5a4c-1a4c9db9e42d,aoa-execution-2019-01-01-2020-12-31.csv,5838,-811,0,XBTUSD
2019-01-25 04:00:00,811,4d3f2597-7efa-f751-c2cc-92e36c4d1ea5,aoa-execution-2019-01-01-2020-12-31.csv,5841,-811,0,XBTUSD
2019-01-25 12:00:00,811,1c234a4d-3fe5-c5bd-54e7-66d13681e2ad,aoa-execution-2019-01-01-2020-12-31.csv,5840,-811,0,XBTUSD
2019-01-25 20:00:00,811,c1a5e89d-a093-f08a-860f-83556ca61b11,aoa-execution-2019-01-01-2020-12-31.csv,5842,-811,0,XBTUSD
2019-01-26 04:00:00,811,08380c9b-1af0-7985-8333-1726e22cbada,aoa-execution-2019-01-01-2020-12-31.csv,5909,-811,0,XBTUSD
2019-01-26 12:00:00,811,6df48a49-d943-a905-f2cc-cd8b424a46aa,aoa-execution-2019-01-01-2020-12-31.csv,5844,-811,0,XBTUSD
2019-01-26 20:00:00,1000811,d90f7b6a-2163-7047-aa04-01895a0cb5e9,aoa-execution-2019-01-01-2020-12-31.csv,5843,-1000811,0,XBTUSD
2019-01-27 04:00:00,1000816,530aa810-8b12-be8d-46d0-530cf73e000e,aoa-execution-2019-01-01-2020-12-31.csv,6178,-1000816,0,XBTUSD
2019-01-27 12:00:00,1008377,847e2cfb-fadf-314e-df7c-c92f343d8dd5,aoa-execution-2019-01-01-2020-12-31.csv,6179,-1008377,0,XBTUSD
2019-01-27 20:00:00,608377,cb11b894-f549-07a9-731f-c397405a544e,aoa-execution-2019-01-01-2020-12-31.csv,6185,-608377,0,XBTUSD
2019-01-28 04:00:00,916,35df7c4c-4e42-9c88-ae49-21f396ac9895,aoa-execution-2019-01-01-2020-12-31.csv,6312,-916,0,XBTUSD
2019-01-28 12:00:00,598928,a8043cdd-277b-54d0-7727-402f0301c5d6,aoa-execution-2019-01-01-2020-12-31.csv,6340,-598928,0,XBTUSD
2019-01-28 20:00:00,500128,70ca4450-75e6-dcb7-293a-83561ca27293,aoa-execution-2019-01-01-2020-12-31.csv,6344,-500128,0,XBTUSD
2019-01-29 04:00:00,1000128,16168db4-9330-6f8e-0166-6041a733b920,aoa-execution-2019-01-01-2020-12-31.csv,7179,-1000128,0,XBTUSD
2019-01-29 12:00:00,1477,8bd7aa6e-f98a-4d27-03bf-02ad1ba9fd2b,aoa-execution-2019-01-01-2020-12-31.csv,7214,-1477,0,XBTUSD
2019-01-29 20:00:00,500477,cc7438af-3d50-2b8d-24e1-7a794949acc2,aoa-execution-2019-01-01-2020-12-31.csv,7178,-500477,0,XBTUSD
2019-01-30 04:00:00,477,c4872147-3433-6b1d-8a5d-03693005d3d2,aoa-execution-2019-01-01-2020-12-31.csv,7247,-477,0,XBTUSD
2019-01-30 12:00:00,500477,4827c774-82f6-1456-699f-14d084cac2c8,aoa-execution-2019-01-01-2020-12-31.csv,7302,-500477,0,XBTUSD
2019-01-30 20:00:00,500361,13046346-34b2-3399-5ee9-9fad51d2a2fc,aoa-execution-2019-01-01-2020-12-31.csv,7303,-500361,0,XBTUSD
2019-01-31 04:00:00,500361,d1719415-d5e7-7629-d2cf-926d4c9d4528,aoa-execution-2019-01-01-2020-12-31.csv,7304,-500361,0,XBTUSD
2019-01-31 12:00:00,500361,561c4f48-5b61-0a40-3856-e40c3d5ca4ad,aoa-execution-2019-01-01-2020-12-31.csv,7317,-500361,0,XBTUSD
2019-01-31 20:00:00,361,10e40d46-4eb8-ba79-032b-ceb48f75284d,aoa-execution-2019-01-01-2020-12-31.csv,7305,-361,0,XBTUSD
2019-02-01 04:00:00,499639,e3536c5f-0b57-f158-7a4c-ad40085a2109,aoa-execution-2019-01-01-2020-12-31.csv,7566,499639,0,XBTUSD
2019-02-01 12:00:00,499639,d52caba9-c055-afef-5058-7c1e8d9011c8,aoa-execution-2019-01-01-2020-12-31.csv,7606,499639,0,XBTUSD
2019-02-01 20:00:00,1000139,9adb3067-c3ce-f77e-402b-843dca3cc3c2,aoa-execution-2019-01-01-2020-12-31.csv,7565,1000139,0,XBTUSD
2019-02-02 04:00:00,500139,8e062f06-a20b-725e-6df0-3fe041f31d9f,aoa-execution-2019-01-01-2020-12-31.csv,7837,500139,0,XBTUSD
2019-02-02 12:00:00,500139,4916dfbf-3424-e38d-5f8e-574ea181b961,aoa-execution-2019-01-01-2020-12-31.csv,7836,500139,0,XBTUSD
2019-02-02 20:00:00,1000139,59737e66-068f-93f8-8e75-1bdea8b74bd5,aoa-execution-2019-01-01-2020-12-31.csv,7835,1000139,0,XBTUSD
2019-02-03 04:00:00,1000139,cdf8c9b1-9be7-e353-c506-657c2d3bbf04,aoa-execution-2019-01-01-2020-12-31.csv,8086,1000139,0,XBTUSD
2019-02-03 12:00:00,139,f5a756c2-f490-6f3c-6132-27a7206c16a1,aoa-execution-2019-01-01-2020-12-31.csv,8054,139,0,XBTUSD
2019-02-03 20:00:00,139,4dfab3aa-cb63-e52a-2ff6-38c818e42ab7,aoa-execution-2019-01-01-2020-12-31.csv,8055,139,0,XBTUSD
2019-02-04 04:00:00,139,ae930d2a-6bee-9302-ffeb-04d62bbb1709,aoa-execution-2019-01-01-2020-12-31.csv,8213,139,0,XBTUSD
2019-02-04 12:00:00,139,005ee497-7a68-fca1-f11b-0a8602be7af5,aoa-execution-2019-01-01-2020-12-31.csv,8214,139,0,XBTUSD
2019-02-04 20:00:00,139,f32d30ec-dffc-8027-4e0c-bcb8d471649b,aoa-execution-2019-01-01-2020-12-31.csv,8212,139,0,XBTUSD
2019-02-05 04:00:00,139,48431808-2ed3-3b10-daa4-c4dc205a8bd5,aoa-execution-2019-01-01-2020-12-31.csv,8215,139,0,XBTUSD
2019-02-05 12:00:00,139,82927e56-ba84-28a8-5d7e-32a9840f5de4,aoa-execution-2019-01-01-2020-12-31.csv,8216,139,0,XBTUSD
2019-02-05 20:00:00,139,d853b63a-b569-4efb-979d-1c1438a63f8d,aoa-execution-2019-01-01-2020-12-31.csv,8217,139,0,XBTUSD
2019-02-06 04:00:00,139,d953a75a-3098-967c-07c6-a9acfcf59827,aoa-execution-2019-01-01-2020-12-31.csv,8218,139,0,XBTUSD
2019-02-06 12:00:00,139,fe8bd89a-615b-ee56-c33a-f7de09c85894,aoa-execution-2019-01-01-2020-12-31.csv,8220,139,0,XBTUSD
2019-02-06 20:00:00,139,af3b77a0-7e98-cb16-c42b-c8e3226fe3f9,aoa-execution-2019-01-01-2020-12-31.csv,8219,139,0,XBTUSD
2019-02-07 04:00:00,139,2e3fbcbd-f279-261e-fa58-9e289e4bd099,aoa-execution-2019-01-01-2020-12-31.csv,8222,139,0,XBTUSD
2019-02-07 12:00:00,139,6ec7c050-7aa5-3855-e648-85a153d99f3f,aoa-execution-2019-01-01-2020-12-31.csv,8221,139,0,XBTUSD
2019-02-07 20:00:00,139,ab3aff3f-771f-5ef4-4d6f-a73eb4de582c,aoa-execution-2019-01-01-2020-12-31.csv,8223,139,0,XBTUSD
2019-02-08 04:00:00,613241,21966178-dd05-484b-4c6c-70a45ca1679c,aoa-execution-2019-01-01-2020-12-31.csv,8395,613241,0,XBTUSD
2019-02-08 12:00:00,241,8b26ed00-d811-501e-16ae-566fc66f5f1b,aoa-execution-2019-01-01-2020-12-31.csv,8396,241,0,XBTUSD
2019-02-08 20:00:00,241,396bd12a-cc31-eb37-3375-8a379d9f2587,aoa-execution-2019-01-01-2020-12-31.csv,8624,241,0,XBTUSD
2019-02-09 04:00:00,1000652,f862e212-7be9-cc6b-9eb3-53018095da77,aoa-execution-2019-01-01-2020-12-31.csv,8929,1000652,0,XBTUSD
2019-02-09 12:00:00,1000652,2bd01283-ab08-4334-9db0-6b6971215e8a,aoa-execution-2019-01-01-2020-12-31.csv,8931,1000652,0,XBTUSD
2019-02-09 20:00:00,1000652,b227a1a9-7f4c-bc28-97ac-ccd4324ea61e,aoa-execution-2019-01-01-2020-12-31.csv,8930,1000652,0,XBTUSD
2019-02-10 04:00:00,1000652,55470745-aabb-4cb0-b734-1c36bbb6ef54,aoa-execution-2019-01-01-2020-12-31.csv,10037,1000652,0,XBTUSD
2019-02-10 12:00:00,999348,b3313ccc-b19d-43d7-f6ba-b06d2fdc9e76,aoa-execution-2019-01-01-2020-12-31.csv,9872,-999348,0,XBTUSD
2019-02-10 20:00:00,999348,9ebcdd41-8b40-21bf-3e61-b0191a6901f5,aoa-execution-2019-01-01-2020-12-31.csv,8963,-999348,0,XBTUSD
2019-02-11 04:00:00,43,0c9c90d3-f52b-4a1f-6ce5-b2ecd245a846,aoa-execution-2019-01-01-2020-12-31.csv,10232,-43,0,XBTUSD
2019-02-11 12:00:00,43,c6231567-ad6d-c158-e39d-4f310f8778db,aoa-execution-2019-01-01-2020-12-31.csv,10231,-43,0,XBTUSD
2019-02-11 20:00:00,43,b512a2f7-2664-56e9-03b5-f69f717e867f,aoa-execution-2019-01-01-2020-12-31.csv,10192,-43,0,XBTUSD
2019-02-12 04:00:00,499957,a7a37a89-080f-a80d-730f-7567114ab146,aoa-execution-2019-01-01-2020-12-31.csv,10236,499957,0,XBTUSD
2019-02-12 12:00:00,499957,82cbb954-8434-cb5b-25b9-0e06fc07868f,aoa-execution-2019-01-01-2020-12-31.csv,10233,499957,0,XBTUSD
2019-02-12 20:00:00,57,80c5573a-96d7-a01b-1e99-89759648c654,aoa-execution-2019-01-01-2020-12-31.csv,10235,57,0,XBTUSD
2019-02-13 04:00:00,57,24e500f0-c6b3-0df3-cf90-b787100c2a23,aoa-execution-2019-01-01-2020-12-31.csv,10390,57,0,XBTUSD
2019-02-13 12:00:00,43,c3017630-c411-8552-bc25-e3c3a137a736,aoa-execution-2019-01-01-2020-12-31.csv,10574,-43,0,XBTUSD
2019-02-13 20:00:00,43,7f13a5b2-bed5-d633-bac4-8c07d490aaf5,aoa-execution-2019-01-01-2020-12-31.csv,10573,-43,0,XBTUSD
2019-02-14 04:00:00,43,c5910912-978a-2a79-39c1-665ce01d2f8a,aoa-execution-2019-01-01-2020-12-31.csv,10661,-43,0,XBTUSD
2019-02-14 12:00:00,43,0a0f43d9-c18c-9fe1-71c6-c574f80f1334,aoa-execution-2019-01-01-2020-12-31.csv,10663,-43,0,XBTUSD
2019-02-14 20:00:00,500043,ac2d4205-a150-ec7e-db44-c3d1957c9300,aoa-execution-2019-01-01-2020-12-31.csv,10662,-500043,0,XBTUSD
2019-02-15 04:00:00,500043,1c5cb591-45a0-6bae-dc0c-140cc5589896,aoa-execution-2019-01-01-2020-12-31.csv,10664,-500043,0,XBTUSD
2019-02-15 12:00:00,1000043,5897c647-5793-1ce8-c1fe-f81bc78aa77b,aoa-execution-2019-01-01-2020-12-31.csv,10727,-1000043,0,XBTUSD
2019-02-15 20:00:00,1000043,bd01e73f-626a-4a7e-1a0b-669058b113e1,aoa-execution-2019-01-01-2020-12-31.csv,10726,-1000043,0,XBTUSD
2019-02-16 04:00:00,1000043,fbda2d72-9225-9678-c5e5-ee15e1b5a422,aoa-execution-2019-01-01-2020-12-31.csv,10728,-1000043,0,XBTUSD
2019-02-16 12:00:00,1000043,239aaf40-8beb-eb0a-c5c7-e0ce418c08e0,aoa-execution-2019-01-01-2020-12-31.csv,10730,-1000043,0,XBTUSD
2019-02-16 20:00:00,1500053,2f9920d6-a8e0-970c-924e-b99254b7fb44,aoa-execution-2019-01-01-2020-12-31.csv,10729,-1500053,0,XBTUSD
2019-02-17 04:00:00,1500053,a5926789-5515-5c89-d710-3e640c13ea4a,aoa-execution-2019-01-01-2020-12-31.csv,10852,-1500053,0,XBTUSD
2019-02-17 12:00:00,1000053,23f30012-ceab-67ed-2747-66596015c190,aoa-execution-2019-01-01-2020-12-31.csv,10853,-1000053,0,XBTUSD
2019-02-17 20:00:00,500506,8c6bc26f-e727-8436-babf-2fdb15d10775,aoa-execution-2019-01-01-2020-12-31.csv,10826,-500506,0,XBTUSD
2019-02-18 04:00:00,506,bab8892f-65bd-76bd-4c00-3630c5130691,aoa-execution-2019-01-01-2020-12-31.csv,12018,-506,0,XBTUSD
2019-02-18 12:00:00,500094,d4d01757-cb48-29c2-cb7a-f1e36ef55f7b,aoa-execution-2019-01-01-2020-12-31.csv,11819,500094,0,XBTUSD
2019-02-18 20:00:00,2000403,133d0c1a-935f-bc82-b620-cd6d2017d4a2,aoa-execution-2019-01-01-2020-12-31.csv,11646,-2000403,0,XBTUSD
2019-02-19 04:00:00,432,82d05e9d-3ccc-d2ae-0474-e72c58915dbd,aoa-execution-2019-01-01-2020-12-31.csv,12676,-432,0,XBTUSD
2019-02-19 12:00:00,338,768780d4-54c4-9d3a-7477-44d22c42f49e,aoa-execution-2019-01-01-2020-12-31.csv,13043,-338,0,XBTUSD
2019-02-19 20:00:00,1000338,f72fecc4-05bd-9e92-bc7c-e371aa96d0b8,aoa-execution-2019-01-01-2020-12-31.csv,12445,-1000338,0,XBTUSD
2019-02-20 04:00:00,500338,cd5e86a9-51cb-9523-59c9-bec7a77900e1,aoa-execution-2019-01-01-2020-12-31.csv,13311,-500338,0,XBTUSD
2019-02-20 12:00:00,500338,723ac16f-8276-73dc-ada4-355a9ce4184c,aoa-execution-2019-01-01-2020-12-31.csv,13312,-500338,0,XBTUSD
2019-02-20 20:00:00,500062,4dcd928a-9e62-c92b-c33d-9c5306baaf23,aoa-execution-2019-01-01-2020-12-31.csv,13087,500062,0,XBTUSD
2019-02-21 04:00:00,500062,e4e78805-d3ef-a549-a0e3-cc07de23371c,aoa-execution-2019-01-01-2020-12-31.csv,13388,500062,0,XBTUSD
2019-02-21 12:00:00,62,a978a114-aafb-865a-4342-998c0f4cd1ed,aoa-execution-2019-01-01-2020-12-31.csv,13402,62,0,XBTUSD
2019-02-21 20:00:00,88,b8b76449-d7e0-a37f-a53f-4133513fa9dd,aoa-execution-2019-01-01-2020-12-31.csv,13366,-88,0,XBTUSD
2019-02-22 04:00:00,1000076,4ab4a451-bd94-2018-945a-2e131aef7acb,aoa-execution-2019-01-01-2020-12-31.csv,13595,-1000076,0,XBTUSD
2019-02-22 12:00:00,500124,42d51735-a2d1-d040-3209-43b334c50a5b,aoa-execution-2019-01-01-2020-12-31.csv,13597,500124,0,XBTUSD
2019-02-22 20:00:00,76,14dc3e78-d57d-095e-02cd-85e52fbf9828,aoa-execution-2019-01-01-2020-12-31.csv,13596,-76,0,XBTUSD
2019-02-23 04:00:00,76,96ebce64-17d1-7592-e4e1-da1aad2808f6,aoa-execution-2019-01-01-2020-12-31.csv,13646,-76,0,XBTUSD
2019-02-23 12:00:00,124,88de62ea-41d0-3758-6e17-c6a2939ff954,aoa-execution-2019-01-01-2020-12-31.csv,13647,124,0,XBTUSD
2019-02-23 20:00:00,124,57ca85c6-9122-9542-e3aa-198f6e82d0e6,aoa-execution-2019-01-01-2020-12-31.csv,13658,124,0,XBTUSD
2019-02-24 04:00:00,500076,927c7e9e-9b0a-0014-a7d4-688d1921f08a,aoa-execution-2019-01-01-2020-12-31.csv,14758,-500076,0,XBTUSD
2019-02-24 12:00:00,500076,bb2c034e-325f-d3e5-e977-8c1ff5481132,aoa-execution-2019-01-01-2020-12-31.csv,14827,-500076,0,XBTUSD
2019-02-24 20:00:00,1200342,2bf5d3f0-7687-fb83-36dc-ccd914ba1f5f,aoa-execution-2019-01-01-2020-12-31.csv,14826,-1200342,0,XBTUSD
2019-02-25 04:00:00,1200342,f10bf56c-71cf-0cdb-97bc-62d52972c220,aoa-execution-2019-01-01-2020-12-31.csv,16186,-1200342,0,XBTUSD
2019-02-25 12:00:00,600342,c0274934-6b30-d5c4-5b6e-dba8bc6bdbe0,aoa-execution-2019-01-01-2020-12-31.csv,16139,-600342,0,XBTUSD
2019-02-25 20:00:00,1200342,72348064-1993-42a7-37dc-c3f2960354a0,aoa-execution-2019-01-01-2020-12-31.csv,16521,-1200342,0,XBTUSD
2019-02-26 04:00:00,1200342,516b7549-12cd-644a-191f-74ec23c68a65,aoa-execution-2019-01-01-2020-12-31.csv,16592,-1200342,0,XBTUSD
2019-02-26 12:00:00,1200342,5161afb3-ffc5-5f61-6ab4-53c58193f8d5,aoa-execution-2019-01-01-2020-12-31.csv,16595,-1200342,0,XBTUSD
2019-02-26 20:00:00,600342,1da52b8f-d28d-0626-f9ea-3949c3aad42d,aoa-execution-2019-01-01-2020-12-31.csv,16594,-600342,0,XBTUSD
2019-02-27 04:00:00,600342,afae52b6-06a9-c501-daa5-a6f08c9e1515,aoa-execution-2019-01-01-2020-12-31.csv,16670,-600342,0,XBTUSD
2019-02-27 12:00:00,600342,e3ba9a4a-61ac-4d43-a497-aa14986ab13f,aoa-execution-2019-01-01-2020-12-31.csv,16671,-600342,0,XBTUSD
2019-02-27 20:00:00,600342,fb9ef4d5-7956-a40d-7a47-f550e0c92f0c,aoa-execution-2019-01-01-2020-12-31.csv,16669,-600342,0,XBTUSD
2019-02-28 04:00:00,158,0b445c1b-f745-321c-e079-f1bf3769c059,aoa-execution-2019-01-01-2020-12-31.csv,16897,158,0,XBTUSD
2019-02-28 12:00:00,158,b07a7e06-8681-0ab8-923f-c31f33edcc1e,aoa-execution-2019-01-01-2020-12-31.csv,17002,158,0,XBTUSD
2019-02-28 20:00:00,82,c92203d4-27e1-2caf-bd0f-a410e7d61576,aoa-execution-2019-01-01-2020-12-31.csv,16898,82,0,XBTUSD
2019-03-01 04:00:00,82,2b05dc3a-927a-c84c-0b3b-3c1f1a97ecba,aoa-execution-2019-01-01-2020-12-31.csv,17005,82,0,XBTUSD
2019-03-01 12:00:00,82,071f6967-e4b1-bade-c5f7-9f346b7cdb82,aoa-execution-2019-01-01-2020-12-31.csv,17004,82,0,XBTUSD
2019-03-01 20:00:00,82,dd0a1cf4-bcff-731c-bb55-dfe4ad32835f,aoa-execution-2019-01-01-2020-12-31.csv,17003,82,0,XBTUSD
2019-03-02 04:00:00,748,b7a97cac-1d1a-f5f6-ad45-c97b3c1bc060,aoa-execution-2019-01-01-2020-12-31.csv,17177,-748,0,XBTUSD
2019-03-02 12:00:00,748,725f4570-c817-e0fb-b738-348eb8c96921,aoa-execution-2019-01-01-2020-12-31.csv,17175,-748,0,XBTUSD
2019-03-02 20:00:00,748,c44eac31-1a74-989d-c279-5d3f83380ba6,aoa-execution-2019-01-01-2020-12-31.csv,17176,-748,0,XBTUSD
2019-03-03 04:00:00,748,4a6c2e11-ae38-e90f-1e68-42a0f1cc0be4,aoa-execution-2019-01-01-2020-12-31.csv,17193,-748,0,XBTUSD
2019-03-03 12:00:00,748,0897ad74-08a4-77b9-fb9b-a0437d8d3f25,aoa-execution-2019-01-01-2020-12-31.csv,17194,-748,0,XBTUSD
2019-03-03 20:00:00,748,1ded7244-ba41-666e-40a7-72ce0dd6080b,aoa-execution-2019-01-01-2020-12-31.csv,17196,-748,0,XBTUSD
2019-03-04 04:00:00,748,c1d9313b-e3fe-b925-bef4-45aa61b594bb,aoa-execution-2019-01-01-2020-12-31.csv,17433,-748,0,XBTUSD
2019-03-04 12:00:00,598081,d2bc4367-b38f-9d80-cc0d-a54a383f3ab6,aoa-execution-2019-01-01-2020-12-31.csv,17628,598081,0,XBTUSD
2019-03-04 20:00:00,381,c4a3608e-2af7-fcbd-1ae6-acfc0248b7cd,aoa-execution-2019-01-01-2020-12-31.csv,17631,381,0,XBTUSD
2019-03-05 04:00:00,381,fde4e81d-67f3-a6ea-1479-f4ae1a917186,aoa-execution-2019-01-01-2020-12-31.csv,18091,381,0,XBTUSD
2019-03-05 12:00:00,600381,103e10ca-6004-7d15-0caf-4192f3fcc898,aoa-execution-2019-01-01-2020-12-31.csv,17632,600381,0,XBTUSD
2019-03-05 20:00:00,600273,43749f05-a9b8-c0e5-be0a-eb3e1882fd7f,aoa-execution-2019-01-01-2020-12-31.csv,17863,-600273,0,XBTUSD
2019-03-06 04:00:00,273,22756d9c-a11c-abf8-7c18-60869d96a6a9,aoa-execution-2019-01-01-2020-12-31.csv,18122,-273,0,XBTUSD
2019-03-06 12:00:00,1200427,765635bd-8d69-7873-cfa1-f346ad47ce0a,aoa-execution-2019-01-01-2020-12-31.csv,18460,-1200427,0,XBTUSD
2019-03-06 20:00:00,69,1a5d7d2b-9c3d-10a1-5202-18288c36b34c,aoa-execution-2019-01-01-2020-12-31.csv,18174,-69,0,XBTUSD
2019-03-07 04:00:00,700193,3769d6c3-9e01-bc14-46d2-95af51dacfdf,aoa-execution-2019-01-01-2020-12-31.csv,18911,-700193,0,XBTUSD
2019-03-07 12:00:00,700193,809be90f-a8a1-aabd-359f-b373f66a688f,aoa-execution-2019-01-01-2020-12-31.csv,18698,-700193,0,XBTUSD
2019-03-07 20:00:00,2108528,875b73ca-f6b1-02c7-03fa-0532d02350c4,aoa-execution-2019-01-01-2020-12-31.csv,18591,-2108528,0,XBTUSD
2019-03-08 04:00:00,2108529,038aa384-1b16-2b6a-5870-75069231e1b1,aoa-execution-2019-01-01-2020-12-31.csv,19293,-2108529,0,XBTUSD
2019-03-08 12:00:00,708529,fde037c9-e19b-b28e-1b7a-831840b53a0e,aoa-execution-2019-01-01-2020-12-31.csv,18966,-708529,0,XBTUSD
2019-03-08 20:00:00,708529,e8b0df86-6ec6-c717-f646-b4fc60a73df3,aoa-execution-2019-01-01-2020-12-31.csv,19370,-708529,0,XBTUSD
2019-03-09 04:00:00,708529,05fa13d1-0ca7-6500-6bc0-5e6f5191c78d,aoa-execution-2019-01-01-2020-12-31.csv,19372,-708529,0,XBTUSD
2019-03-09 12:00:00,708529,8013221c-9457-faba-9bdb-68607d1a2174,aoa-execution-2019-01-01-2020-12-31.csv,19371,-708529,0,XBTUSD
2019-03-09 20:00:00,708529,7d1f6bef-1332-43d1-96e0-890ba0403d41,aoa-execution-2019-01-01-2020-12-31.csv,19373,-708529,0,XBTUSD
2019-03-10 04:00:00,708529,404f17f2-6789-5875-f42f-a829fdd91ad8,aoa-execution-2019-01-01-2020-12-31.csv,19539,-708529,0,XBTUSD
2019-03-10 12:00:00,708529,4cb1ee3f-cf4a-b36d-622b-7bd22c6f54c2,aoa-execution-2019-01-01-2020-12-31.csv,19374,-708529,0,XBTUSD
2019-03-10 20:00:00,129,62b61e0e-49f4-3a32-e77e-c14148157ea4,aoa-execution-2019-01-01-2020-12-31.csv,19375,-129,0,XBTUSD
2019-03-11 04:00:00,700129,8d2dd6cf-85fb-110a-1204-3726b5763da2,aoa-execution-2019-01-01-2020-12-31.csv,19844,-700129,0,XBTUSD
2019-03-11 12:00:00,700129,62ae1681-af6e-e552-95a0-be18f60ab134,aoa-execution-2019-01-01-2020-12-31.csv,19843,-700129,0,XBTUSD
2019-03-11 20:00:00,700129,62e63a7c-12d5-bfe1-e6c0-6a4d6566d2df,aoa-execution-2019-01-01-2020-12-31.csv,19845,-700129,0,XBTUSD
2019-03-12 04:00:00,700121,0fc4f471-0c77-6484-99b1-4ccd8276da3e,aoa-execution-2019-01-01-2020-12-31.csv,19884,700121,0,XBTUSD
2019-03-12 12:00:00,132,cc235206-9e01-8942-35bf-c25d013f1aba,aoa-execution-2019-01-01-2020-12-31.csv,19883,132,0,XBTUSD
2019-03-12 20:00:00,68,792e1d6b-2add-075d-e3a5-4b54ae253df7,aoa-execution-2019-01-01-2020-12-31.csv,19989,-68,0,XBTUSD
2019-03-13 04:00:00,68,522594e4-982e-1c11-c029-6d45cc985cd3,aoa-execution-2019-01-01-2020-12-31.csv,20001,-68,0,XBTUSD
2019-03-13 12:00:00,68,4539d79b-defc-c004-1ac9-a94a9339ffb1,aoa-execution-2019-01-01-2020-12-31.csv,20003,-68,0,XBTUSD
2019-03-13 20:00:00,132,00b3f763-2f0c-8870-dad9-2ce078b386f1,aoa-execution-2019-01-01-2020-12-31.csv,20002,132,0,XBTUSD
2019-03-14 04:00:00,132,34017ce3-ed98-fe8e-6498-81064021938b,aoa-execution-2019-01-01-2020-12-31.csv,20945,132,0,XBTUSD
2019-03-14 12:00:00,132,94ad249b-06e4-cfe1-8c15-6a656142dbb7,aoa-execution-2019-01-01-2020-12-31.csv,20946,132,0,XBTUSD
2019-03-14 20:00:00,2144,139cda23-6e02-a677-3e01-4f870b58e532,aoa-execution-2019-01-01-2020-12-31.csv,20803,-2144,0,XBTUSD
2019-03-15 04:00:00,2144,3df5ad25-656d-8a09-eb10-db9e7ca9345d,aoa-execution-2019-01-01-2020-12-31.csv,20947,-2144,0,XBTUSD
2019-03-15 12:00:00,2144,ec4926b7-deb2-1bb6-adad-634830c555c7,aoa-execution-2019-01-01-2020-12-31.csv,20949,-2144,0,XBTUSD
2019-03-15 20:00:00,2144,a43573fc-26d6-8fc9-9b5e-0faa412ddaa1,aoa-execution-2019-01-01-2020-12-31.csv,20948,-2144,0,XBTUSD
2019-03-16 04:00:00,2144,0f074913-c376-3f7c-e070-b8709ea68e01,aoa-execution-2019-01-01-2020-12-31.csv,20950,-2144,0,XBTUSD
2019-03-16 12:00:00,144,c22265c1-eb19-e9aa-fc64-a996de7dba3b,aoa-execution-2019-01-01-2020-12-31.csv,21156,-144,0,XBTUSD
2019-03-16 20:00:00,700144,5c32e05a-b810-4a97-5597-9de0278dbcc5,aoa-execution-2019-01-01-2020-12-31.csv,21205,-700144,0,XBTUSD
2019-03-17 04:00:00,700144,bd9ba5e8-8e6f-bb3e-26db-ef6d83fe6aaa,aoa-execution-2019-01-01-2020-12-31.csv,21551,-700144,0,XBTUSD
2019-03-17 12:00:00,144,937b589e-4df8-3187-00c8-6b5c32c42664,aoa-execution-2019-01-01-2020-12-31.csv,21625,-144,0,XBTUSD
2019-03-17 20:00:00,700195,e2669908-8026-10f0-4224-697b336b7c35,aoa-execution-2019-01-01-2020-12-31.csv,21550,-700195,0,XBTUSD
2019-03-18 04:00:00,700195,1f82af2d-5d40-e53a-cdae-b211bdbf3b83,aoa-execution-2019-01-01-2020-12-31.csv,21651,-700195,0,XBTUSD
2019-03-18 12:00:00,700195,54eb158c-f89c-e178-221e-4e73bde12e6f,aoa-execution-2019-01-01-2020-12-31.csv,21650,-700195,0,XBTUSD
2019-03-18 20:00:00,700195,6536aea9-3eba-2e94-5036-9506270cb4d6,aoa-execution-2019-01-01-2020-12-31.csv,21652,-700195,0,XBTUSD
2019-03-19 04:00:00,700195,7e079a4f-a0d1-8054-0e44-67d5f351e9a6,aoa-execution-2019-01-01-2020-12-31.csv,21653,-700195,0,XBTUSD
2019-03-19 12:00:00,195,4039b6f8-80a3-b1e5-b927-e551b82c7fe8,aoa-execution-2019-01-01-2020-12-31.csv,21699,-195,0,XBTUSD
2019-03-19 20:00:00,195,0347006f-3804-b493-01b5-711378d7abdc,aoa-execution-2019-01-01-2020-12-31.csv,21698,-195,0,XBTUSD
2019-03-20 04:00:00,195,b0a5449f-ed1a-94c5-9265-8ba305b177b3,aoa-execution-2019-01-01-2020-12-31.csv,21701,-195,0,XBTUSD
2019-03-20 12:00:00,195,b55a3fc8-adf2-680f-f93c-9e4277667f3b,aoa-execution-2019-01-01-2020-12-31.csv,21702,-195,0,XBTUSD
2019-03-20 20:00:00,195,d2aaa2d3-e8de-186a-6a47-3a7b598aa366,aoa-execution-2019-01-01-2020-12-31.csv,21700,-195,0,XBTUSD
2019-03-21 04:00:00,195,1f9350af-0d80-f429-78ba-f9d7ab38cbbc,aoa-execution-2019-01-01-2020-12-31.csv,21703,-195,0,XBTUSD
2019-03-21 12:00:00,195,95d346ec-3917-827e-ed11-9a88716e87ee,aoa-execution-2019-01-01-2020-12-31.csv,21961,-195,0,XBTUSD
2019-03-21 20:00:00,700195,5f23e511-873c-7e7b-e7dd-c690cf92df06,aoa-execution-2019-01-01-2020-12-31.csv,21704,-700195,0,XBTUSD
2019-03-22 04:00:00,700195,06c00b80-2ce1-6632-7d9a-1154e8b26727,aoa-execution-2019-01-01-2020-12-31.csv,22160,-700195,0,XBTUSD
2019-03-22 12:00:00,195,902f2135-7a64-45c7-30cf-45a998fab5ad,aoa-execution-2019-01-01-2020-12-31.csv,22159,-195,0,XBTUSD
2019-03-22 20:00:00,700195,45689823-08a1-3840-239f-0ceb2a79254c,aoa-execution-2019-01-01-2020-12-31.csv,21965,-700195,0,XBTUSD
2019-03-23 04:00:00,1400195,96cffcea-1102-2b52-5484-3168d152737a,aoa-execution-2019-01-01-2020-12-31.csv,22293,-1400195,0,XBTUSD
2019-03-23 12:00:00,1400195,5ef9391c-a4c2-580a-bdef-04ce85ce79c5,aoa-execution-2019-01-01-2020-12-31.csv,22294,-1400195,0,XBTUSD
2019-03-23 20:00:00,700195,4dd2d2b2-c1c6-0f01-121c-074437e878d7,aoa-execution-2019-01-01-2020-12-31.csv,22295,-700195,0,XBTUSD
2019-03-24 04:00:00,700195,fe8b8aef-2b37-995c-e325-e19117f88599,aoa-execution-2019-01-01-2020-12-31.csv,22336,-700195,0,XBTUSD
2019-03-24 12:00:00,700195,51a296c2-c702-8773-c574-23c0535c86bf,aoa-execution-2019-01-01-2020-12-31.csv,22337,-700195,0,XBTUSD
2019-03-24 20:00:00,700195,3cade94a-18bf-c738-1477-e163bce250a7,aoa-execution-2019-01-01-2020-12-31.csv,22338,-700195,0,XBTUSD
2019-03-25 04:00:00,700195,946428cb-7f11-8539-504d-27dace0d718a,aoa-execution-2019-01-01-2020-12-31.csv,22340,-700195,0,XBTUSD
2019-03-25 12:00:00,700195,be7665e9-4037-c798-9de4-471d3c6e4e48,aoa-execution-2019-01-01-2020-12-31.csv,22341,-700195,0,XBTUSD
2019-03-25 20:00:00,700195,8984702f-ece2-5789-2696-715f338ed202,aoa-execution-2019-01-01-2020-12-31.csv,22339,-700195,0,XBTUSD
2019-03-26 04:00:00,1400195,cdd855ca-e9e8-3b03-5bba-56f5685e1802,aoa-execution-2019-01-01-2020-12-31.csv,22657,-1400195,0,XBTUSD
2019-03-26 12:00:00,187,b2ceeb3f-1e87-c3b7-25a6-0933ac2e5a66,aoa-execution-2019-01-01-2020-12-31.csv,22342,-187,0,XBTUSD
2019-03-26 20:00:00,187,118131f9-220e-47ff-13da-b030d15b3188,aoa-execution-2019-01-01-2020-12-31.csv,22656,-187,0,XBTUSD
2019-03-27 04:00:00,187,21805265-a237-1dce-d1d1-0c1397c63104,aoa-execution-2019-01-01-2020-12-31.csv,22782,-187,0,XBTUSD
2019-03-27 12:00:00,1400187,1603c527-4a16-2d7e-f933-e426ef59b17a,aoa-execution-2019-01-01-2020-12-31.csv,22780,-1400187,0,XBTUSD
2019-03-27 20:00:00,187,203ec217-b649-91e4-f0dd-df5c3e0f6608,aoa-execution-2019-01-01-2020-12-31.csv,22774,-187,0,XBTUSD
2019-03-28 04:00:00,187,3dc9dcfe-f39e-d0ab-3555-1408384a20f1,aoa-execution-2019-01-01-2020-12-31.csv,22825,-187,0,XBTUSD
2019-03-28 12:00:00,1400063,3ecc38c0-03da-fca0-082b-ca3361deaa38,aoa-execution-2019-01-01-2020-12-31.csv,22832,1400063,0,XBTUSD
2019-03-28 20:00:00,1400063,84cd2a79-095c-6ba2-4271-3c12e7893b96,aoa-execution-2019-01-01-2020-12-31.csv,22826,1400063,0,XBTUSD
2019-03-29 04:00:00,63,bda86039-e9a6-e2bf-280d-0ff4583a64f6,aoa-execution-2019-01-01-2020-12-31.csv,22887,63,0,XBTUSD
2019-03-29 12:00:00,63,8f57a463-46bc-511f-ec11-6ea07655c8be,aoa-execution-2019-01-01-2020-12-31.csv,22918,63,0,XBTUSD
2019-03-29 20:00:00,63,1acc59e1-b50a-560b-9f0e-6585a10ed28c,aoa-execution-2019-01-01-2020-12-31.csv,22919,63,0,XBTUSD
2019-03-30 04:00:00,699937,44fbc9eb-0943-18f1-d3ad-d9e7591601b0,aoa-execution-2019-01-01-2020-12-31.csv,23046,-699937,0,XBTUSD
2019-03-30 12:00:00,700137,9b49b76f-ee9c-dfd5-9732-7b674a44181a,aoa-execution-2019-01-01-2020-12-31.csv,22981,-700137,0,XBTUSD
2019-03-30 20:00:00,700137,58461e5d-122e-3c36-f264-233347c4f3c7,aoa-execution-2019-01-01-2020-12-31.csv,22980,-700137,0,XBTUSD
2019-03-31 04:00:00,700137,e2b8a86d-8bb6-799c-3740-7c7b534d20be,aoa-execution-2019-01-01-2020-12-31.csv,23130,-700137,0,XBTUSD
2019-03-31 12:00:00,1400137,b8e30870-aaad-8bf8-abff-356022d7f1d1,aoa-execution-2019-01-01-2020-12-31.csv,23149,-1400137,0,XBTUSD
2019-03-31 20:00:00,1400137,8e98cb61-f9ab-b89e-b6fd-a2d01b3cfa0b,aoa-execution-2019-01-01-2020-12-31.csv,23129,-1400137,0,XBTUSD
2019-04-01 04:00:00,1400137,90f08b7e-dd92-593e-2295-e3e9f60e46c1,aoa-execution-2019-01-01-2020-12-31.csv,23255,-1400137,0,XBTUSD
2019-04-01 12:00:00,1400137,bba67472-097b-024b-9b16-62243b948236,aoa-execution-2019-01-01-2020-12-31.csv,23254,-1400137,0,XBTUSD
2019-04-01 20:00:00,1400137,6c16d0c6-44c3-66a7-68a3-fc7821b6cabd,aoa-execution-2019-01-01-2020-12-31.csv,23253,-1400137,0,XBTUSD
2019-04-02 04:00:00,78,022d6184-989f-2113-dc7b-36b39508f0eb,aoa-execution-2019-01-01-2020-12-31.csv,23380,78,0,XBTUSD
2019-04-02 12:00:00,541840,9d5ca2ba-e117-2eb4-c015-25308f52d1f4,aoa-execution-2019-01-01-2020-12-31.csv,24801,-541840,0,XBTUSD
2019-04-02 20:00:00,1201389,b9323b8f-e878-8c1f-6e46-38019537c411,aoa-execution-2019-01-01-2020-12-31.csv,23272,1201389,0,XBTUSD
2019-04-03 04:00:00,4110,90957027-2534-3535-a492-fcb892b95fbd,aoa-execution-2019-01-01-2020-12-31.csv,25711,4110,0,XBTUSD
2019-04-03 12:00:00,1200378,b5d47b1a-f626-9d1b-4cab-55b2735a7004,aoa-execution-2019-01-01-2020-12-31.csv,27469,1200378,0,XBTUSD
2019-04-03 20:00:00,3917,10034005-fc86-5977-9717-770643ce22da,aoa-execution-2019-01-01-2020-12-31.csv,27533,-3917,0,XBTUSD
2019-04-04 04:00:00,700287,3e560d53-9bf0-d56e-1faa-3674c5e5ab48,aoa-execution-2019-01-01-2020-12-31.csv,27895,700287,0,XBTUSD
2019-04-04 12:00:00,726646,8b14f518-448f-bb5c-e462-c7469966ee2b,aoa-execution-2019-01-01-2020-12-31.csv,28901,726646,0,XBTUSD
2019-04-04 20:00:00,1401646,a3a76a6f-3516-a3bc-9b9c-b44d89583d89,aoa-execution-2019-01-01-2020-12-31.csv,28797,1401646,0,XBTUSD
2019-04-05 04:00:00,1401646,8b3c84c4-eaf5-c460-c0e5-3f5f8a8f6db7,aoa-execution-2019-01-01-2020-12-31.csv,29493,1401646,0,XBTUSD
2019-04-05 12:00:00,122,b6cc567b-13e3-a635-2960-a9a62e819489,aoa-execution-2019-01-01-2020-12-31.csv,29469,122,0,XBTUSD
2019-04-05 20:00:00,701582,e984af94-d57b-4dfa-1115-744d535dc691,aoa-execution-2019-01-01-2020-12-31.csv,29468,701582,0,XBTUSD
2019-04-06 04:00:00,2100153,1fcb832e-c621-bf1a-aae9-9482668acadd,aoa-execution-2019-01-01-2020-12-31.csv,30030,2100153,0,XBTUSD
2019-04-06 12:00:00,2100154,1b9754c0-fbce-fb51-f079-713cd9f39888,aoa-execution-2019-01-01-2020-12-31.csv,29861,2100154,0,XBTUSD
2019-04-06 20:00:00,2100154,140f69f8-3045-48f9-24c3-a84a40e687ab,aoa-execution-2019-01-01-2020-12-31.csv,30018,2100154,0,XBTUSD
2019-04-07 04:00:00,2100154,88662543-4578-ebbe-b98f-43a4d8a02d7b,aoa-execution-2019-01-01-2020-12-31.csv,30036,2100154,0,XBTUSD
2019-04-07 12:00:00,704692,bb1f8cc8-5b18-0502-2787-2e15e0ec0291,aoa-execution-2019-01-01-2020-12-31.csv,30031,-704692,0,XBTUSD
2019-04-07 20:00:00,704692,629b2ea8-b67e-2d65-8d87-542edd0c8779,aoa-execution-2019-01-01-2020-12-31.csv,30534,-704692,0,XBTUSD
2019-04-08 04:00:00,1701474,70aace7b-a11b-9824-20d7-2fc89601eb9f,aoa-execution-2019-01-01-2020-12-31.csv,31049,-1701474,0,XBTUSD
2019-04-08 12:00:00,1701474,c4ae9588-b574-34d8-9026-5f3a0e8dedda,aoa-execution-2019-01-01-2020-12-31.csv,31025,-1701474,0,XBTUSD
2019-04-08 20:00:00,26,8b484648-45c6-3348-7ce7-b0753475ea6d,aoa-execution-2019-01-01-2020-12-31.csv,31296,26,0,XBTUSD
2019-04-09 04:00:00,442,ff731c32-59fd-dacc-aba1-aec1058decc3,aoa-execution-2019-01-01-2020-12-31.csv,31297,-442,0,XBTUSD
2019-04-09 12:00:00,442,4237909d-3b69-6921-9d13-f31cf72b84a2,aoa-execution-2019-01-01-2020-12-31.csv,31298,-442,0,XBTUSD
2019-04-09 20:00:00,680,29bd7a7a-8470-5533-3475-f42227f709b3,aoa-execution-2019-01-01-2020-12-31.csv,31529,680,0,XBTUSD
2019-04-10 04:00:00,680,1da4194d-ca60-6cb1-33a8-c9b0859c86f6,aoa-execution-2019-01-01-2020-12-31.csv,31703,680,0,XBTUSD
2019-04-10 12:00:00,51,9c6db3a8-782b-9e17-9b83-f8ee608e0a91,aoa-execution-2019-01-01-2020-12-31.csv,31543,-51,0,XBTUSD
2019-04-10 20:00:00,141,13b4b55a-2bae-a390-e560-063666150dda,aoa-execution-2019-01-01-2020-12-31.csv,31761,141,0,XBTUSD
2019-04-11 04:00:00,800064,af3f79be-4d01-5446-8e87-e683bb3002a1,aoa-execution-2019-01-01-2020-12-31.csv,32246,800064,0,XBTUSD
2019-04-11 12:00:00,159,b5459a26-0e7c-2097-85ab-e611a219960c,aoa-execution-2019-01-01-2020-12-31.csv,34050,-159,0,XBTUSD
2019-04-11 20:00:00,1561827,e3980fdc-17f8-bacc-2dfb-6c143310c993,aoa-execution-2019-01-01-2020-12-31.csv,33856,1561827,0,XBTUSD
2019-04-12 04:00:00,52,7767ef3c-86f8-6f89-4a6a-e6f062b7dc7b,aoa-execution-2019-01-01-2020-12-31.csv,34145,52,0,XBTUSD
2019-04-12 12:00:00,793733,11ffe500-3487-f96a-4ebe-a2f082f1c90e,aoa-execution-2019-01-01-2020-12-31.csv,34185,793733,0,XBTUSD
2019-04-12 20:00:00,793733,088c28e9-e905-1435-46b5-ba887fcb3bd2,aoa-execution-2019-01-01-2020-12-31.csv,34443,793733,0,XBTUSD
2019-04-13 04:00:00,806267,dbf47a35-7a71-65ba-6015-97612b0d1460,aoa-execution-2019-01-01-2020-12-31.csv,34756,-806267,0,XBTUSD
2019-04-13 12:00:00,806267,c9019b33-7d98-f589-8dd5-9982f17393ee,aoa-execution-2019-01-01-2020-12-31.csv,34757,-806267,0,XBTUSD
2019-04-13 20:00:00,806267,5f9c6c58-cfde-2116-a265-6ad5d24bf534,aoa-execution-2019-01-01-2020-12-31.csv,34755,-806267,0,XBTUSD
2019-04-14 04:00:00,806267,bd572230-042b-0666-59a1-9d53a0cdf2d4,aoa-execution-2019-01-01-2020-12-31.csv,34798,-806267,0,XBTUSD
2019-04-14 12:00:00,1600267,187344e5-7eba-54a1-fcda-c8ecf88909f9,aoa-execution-2019-01-01-2020-12-31.csv,35086,-1600267,0,XBTUSD
2019-04-14 20:00:00,1600267,808b0dcf-f3c5-0d53-4074-21d55e0a6229,aoa-execution-2019-01-01-2020-12-31.csv,34929,-1600267,0,XBTUSD
2019-04-15 04:00:00,581410,139ee5ce-fcaa-6907-2a82-c78e1658cd83,aoa-execution-2019-01-01-2020-12-31.csv,35156,-581410,0,XBTUSD
2019-04-15 12:00:00,414,1e0b8693-d2f0-0871-adb0-802f34c643bb,aoa-execution-2019-01-01-2020-12-31.csv,35375,-414,0,XBTUSD
2019-04-15 20:00:00,414,97ea891a-fdbf-9ff5-7e6d-2e3d1be06c82,aoa-execution-2019-01-01-2020-12-31.csv,35509,-414,0,XBTUSD
2019-04-16 04:00:00,414,73d2128a-a66b-abf0-ad41-0534a1f1d0ad,aoa-execution-2019-01-01-2020-12-31.csv,35510,-414,0,XBTUSD
2019-04-16 12:00:00,414,6d153442-82c3-d1b3-82aa-1176520a6862,aoa-execution-2019-01-01-2020-12-31.csv,35614,-414,0,XBTUSD
2019-04-16 20:00:00,3200086,9a67560e-03b6-7d9f-64cf-5bc23d594a41,aoa-execution-2019-01-01-2020-12-31.csv,35615,3200086,0,XBTUSD
2019-04-17 04:00:00,2400086,8d821645-f576-063e-6b4e-6ff71ce4830f,aoa-execution-2019-01-01-2020-12-31.csv,37074,2400086,0,XBTUSD
2019-04-17 12:00:00,800114,e053e40e-6b8a-b267-799a-68b0d4812615,aoa-execution-2019-01-01-2020-12-31.csv,36591,-800114,0,XBTUSD
2019-04-17 20:00:00,86,d45cb64e-9a22-b919-9f05-48c931450a1d,aoa-execution-2019-01-01-2020-12-31.csv,37073,86,0,XBTUSD
2019-04-18 04:00:00,86,21352da6-29a8-98ce-67d1-159a5fc82777,aoa-execution-2019-01-01-2020-12-31.csv,37591,86,0,XBTUSD
2019-04-18 12:00:00,800114,26567d23-a68a-3d0a-89cf-0a97e476e098,aoa-execution-2019-01-01-2020-12-31.csv,37614,-800114,0,XBTUSD
2019-04-18 20:00:00,2400114,472a62d3-65bd-9fee-2cd9-74c6c4192f2c,aoa-execution-2019-01-01-2020-12-31.csv,38309,-2400114,0,XBTUSD
2019-04-19 04:00:00,800114,9c104daf-9bff-5591-ff46-c0cee42fbb1e,aoa-execution-2019-01-01-2020-12-31.csv,38424,-800114,0,XBTUSD
2019-04-19 12:00:00,800114,405c58c9-ec58-6392-166b-2f2c4c93dbe1,aoa-execution-2019-01-01-2020-12-31.csv,38423,-800114,0,XBTUSD
2019-04-19 20:00:00,800114,abae1198-6462-25fe-3947-f462d6f27165,aoa-execution-2019-01-01-2020-12-31.csv,38543,-800114,0,XBTUSD
2019-04-20 04:00:00,800114,48bb935b-0e5c-03ce-d0cb-e36248aa51b3,aoa-execution-2019-01-01-2020-12-31.csv,38545,-800114,0,XBTUSD
2019-04-20 12:00:00,114,4611d714-7394-d8df-aeda-595b2513c605,aoa-execution-2019-01-01-2020-12-31.csv,38546,-114,0,XBTUSD
2019-04-20 20:00:00,114,7ce01ace-433d-5a5f-98b4-2d3053103f48,aoa-execution-2019-01-01-2020-12-31.csv,38551,-114,0,XBTUSD
2019-04-21 04:00:00,2400114,4cb6a3d9-71f0-7921-613b-66455a56b8e9,aoa-execution-2019-01-01-2020-12-31.csv,38697,-2400114,0,XBTUSD
2019-04-21 12:00:00,449194,fda263de-4d52-56f4-d4f2-b814daf04d89,aoa-execution-2019-01-01-2020-12-31.csv,38944,-449194,0,XBTUSD
2019-04-21 20:00:00,1600086,57711f49-d06d-8b70-2150-4282792e8ecc,aoa-execution-2019-01-01-2020-12-31.csv,39515,1600086,0,XBTUSD
2019-04-22 04:00:00,1600086,29abffe6-e2df-91ae-a2f1-c7ab1d0c18c7,aoa-execution-2019-01-01-2020-12-31.csv,40599,1600086,0,XBTUSD
2019-04-22 12:00:00,1600086,628b8666-939e-56fa-38e6-1b470d6d4ae7,aoa-execution-2019-01-01-2020-12-31.csv,40836,1600086,0,XBTUSD
2019-04-22 20:00:00,54,00e33b38-482a-b089-d924-e8986de5d384,aoa-execution-2019-01-01-2020-12-31.csv,40688,-54,0,XBTUSD
2019-04-23 04:00:00,850146,a648f462-a23c-395d-9452-3384e756811d,aoa-execution-2019-01-01-2020-12-31.csv,41587,850146,0,XBTUSD
2019-04-23 12:00:00,3000054,6f5ab47c-04d5-d3af-16c2-e31361e54a3b,aoa-execution-2019-01-01-2020-12-31.csv,41583,-3000054,0,XBTUSD
2019-04-23 20:00:00,4000054,117b3efd-f539-05da-5d3c-e7cafb5abba3,aoa-execution-2019-01-01-2020-12-31.csv,41586,-4000054,0,XBTUSD
2019-04-24 04:00:00,1000393,1cdf316f-05a5-37ab-d72c-486883fa1da6,aoa-execution-2019-01-01-2020-12-31.csv,43624,-1000393,0,XBTUSD
2019-04-24 12:00:00,153,d3d0c238-a90f-add1-2b54-f96fbd136873,aoa-execution-2019-01-01-2020-12-31.csv,43413,-153,0,XBTUSD
2019-04-24 20:00:00,2004187,310d78bc-b9b9-014a-6fa3-ba54b29f098a,aoa-execution-2019-01-01-2020-12-31.csv,42176,2004187,0,XBTUSD
2019-04-25 04:00:00,1000074,5f7aaf83-1d73-a8b6-ac08-30b55eddb9b7,aoa-execution-2019-01-01-2020-12-31.csv,46410,1000074,0,XBTUSD
2019-04-25 12:00:00,2000074,9338f9d2-9cea-bfc7-4908-59d440cd2e99,aoa-execution-2019-01-01-2020-12-31.csv,47571,2000074,0,XBTUSD
2019-04-25 20:00:00,1000026,db461aae-8d1d-ac53-86dd-c273fde5c5c9,aoa-execution-2019-01-01-2020-12-31.csv,46513,-1000026,0,XBTUSD
2019-04-26 04:00:00,1000058,463d3f95-017e-5ffb-24b7-27dedb35cb9b,aoa-execution-2019-01-01-2020-12-31.csv,48959,-1000058,0,XBTUSD
2019-04-26 12:00:00,1000058,24f64300-41c3-024b-ea0d-f8e3c18a072b,aoa-execution-2019-01-01-2020-12-31.csv,49781,-1000058,0,XBTUSD
2019-04-26 20:00:00,870309,7697c672-d1c3-43ba-e980-3956983473d6,aoa-execution-2019-01-01-2020-12-31.csv,49782,870309,0,XBTUSD
2019-04-27 04:00:00,58,b2c0da86-1808-9c3a-6d4c-0e1649b2ce0c,aoa-execution-2019-01-01-2020-12-31.csv,50469,-58,0,XBTUSD
2019-04-27 12:00:00,42,b553e967-9ac4-472b-1da3-bdea0f1deeaf,aoa-execution-2019-01-01-2020-12-31.csv,50598,42,0,XBTUSD
2019-04-27 20:00:00,3000058,ca89ad5d-4789-1d0d-0876-bde53438ea91,aoa-execution-2019-01-01-2020-12-31.csv,50468,-3000058,0,XBTUSD
2019-04-28 04:00:00,2000058,0a31343a-8718-4d7a-a8a1-6a9a3c7b773a,aoa-execution-2019-01-01-2020-12-31.csv,50829,-2000058,0,XBTUSD
2019-04-28 12:00:00,2000058,377ab3ec-e667-bd03-717d-0b5ed9359fc4,aoa-execution-2019-01-01-2020-12-31.csv,50736,-2000058,0,XBTUSD
2019-04-28 20:00:00,58,da061c17-d1c8-207c-31e9-29f6777cd54c,aoa-execution-2019-01-01-2020-12-31.csv,50830,-58,0,XBTUSD
2019-04-29 04:00:00,58,efbc022e-9974-702c-b479-e453466095c1,aoa-execution-2019-01-01-2020-12-31.csv,50955,-58,0,XBTUSD
2019-04-29 12:00:00,906254,e1925f6c-7aa1-bb05-77fa-d5c689fb9860,aoa-execution-2019-01-01-2020-12-31.csv,50956,906254,0,XBTUSD
2019-04-29 20:00:00,58,34386bf5-15cb-dae8-ff43-daab7731c49f,aoa-execution-2019-01-01-2020-12-31.csv,50917,-58,0,XBTUSD
2019-04-30 04:00:00,2000058,acb7fd93-c1ad-b024-c244-ab5f59b8d581,aoa-execution-2019-01-01-2020-12-31.csv,51282,-2000058,0,XBTUSD
2019-04-30 12:00:00,2000058,ad871336-5bd6-1246-b303-e3fbd054a127,aoa-execution-2019-01-01-2020-12-31.csv,51710,-2000058,0,XBTUSD
2019-04-30 20:00:00,2088,c156db9e-9719-1b7f-0461-afab47707a22,aoa-execution-2019-01-01-2020-12-31.csv,51901,2088,0,XBTUSD
2019-05-01 04:00:00,67,c2c5976a-c3da-ddb0-40e5-c5161560928a,aoa-execution-2019-01-01-2020-12-31.csv,52579,-67,0,XBTUSD
2019-05-01 12:00:00,1000067,e9a9d721-7bfe-7ae0-1a57-20c5059ac058,aoa-execution-2019-01-01-2020-12-31.csv,52580,-1000067,0,XBTUSD
2019-05-01 20:00:00,1000067,4f97fe3d-8004-74bd-8f91-8c17ec974bd3,aoa-execution-2019-01-01-2020-12-31.csv,52704,-1000067,0,XBTUSD
2019-05-02 04:00:00,4000067,8fd4da7a-59a4-6024-31ec-ad3073627a5b,aoa-execution-2019-01-01-2020-12-31.csv,53090,-4000067,0,XBTUSD
2019-05-02 12:00:00,2000067,4bebf593-3541-ef9f-301f-7d5ce9f07d99,aoa-execution-2019-01-01-2020-12-31.csv,53824,-2000067,0,XBTUSD
2019-05-02 20:00:00,3000067,7f68d33a-0784-905d-e348-3f8133fd9ea7,aoa-execution-2019-01-01-2020-12-31.csv,53091,-3000067,0,XBTUSD
2019-05-03 04:00:00,1000067,a1602615-9441-6d55-ca10-a365238d0b90,aoa-execution-2019-01-01-2020-12-31.csv,54843,-1000067,0,XBTUSD
2019-05-03 12:00:00,4000067,fd8ea97f-4cf7-8ec2-0537-41f47cd3682c,aoa-execution-2019-01-01-2020-12-31.csv,54709,-4000067,0,XBTUSD
2019-05-03 20:00:00,29,619bee77-841a-2145-ed8b-302e588faf18,aoa-execution-2019-01-01-2020-12-31.csv,54006,-29,0,XBTUSD
2019-05-04 04:00:00,29,8af108b1-6c70-8861-17ec-a5e41030b1ce,aoa-execution-2019-01-01-2020-12-31.csv,54931,-29,0,XBTUSD
2019-05-04 12:00:00,1000029,e83c4824-2b9b-58b2-2a50-8fbabeb34159,aoa-execution-2019-01-01-2020-12-31.csv,54934,-1000029,0,XBTUSD
2019-05-04 20:00:00,29,cc7c6672-afe9-1e4d-f602-d6c10f71460c,aoa-execution-2019-01-01-2020-12-31.csv,54933,-29,0,XBTUSD
2019-05-05 04:00:00,29,f2087c17-80f8-12b8-74aa-a1ac8040dec5,aoa-execution-2019-01-01-2020-12-31.csv,56552,-29,0,XBTUSD
2019-05-05 12:00:00,29,49c7c479-d962-cb7b-8c70-f33ae68e8023,aoa-execution-2019-01-01-2020-12-31.csv,57392,-29,0,XBTUSD
2019-05-05 20:00:00,18,0e2d9d53-c511-ecc1-f077-f678e11f4a6a,aoa-execution-2019-01-01-2020-12-31.csv,54963,-18,0,XBTUSD
2019-05-06 04:00:00,1000478,2495b4ec-1cac-45cd-b699-d38625fc5670,aoa-execution-2019-01-01-2020-12-31.csv,57432,-1000478,0,XBTUSD
2019-05-06 12:00:00,2000478,e0193189-da89-3938-3bb7-c56c4c8a848c,aoa-execution-2019-01-01-2020-12-31.csv,57502,-2000478,0,XBTUSD
2019-05-06 20:00:00,3000186,1d52aeb9-e1a2-868e-dd82-b43dcc7f3adf,aoa-execution-2019-01-01-2020-12-31.csv,58877,-3000186,0,XBTUSD
2019-05-07 04:00:00,1000186,54c6f2fd-b633-367a-5923-660f0470c7f5,aoa-execution-2019-01-01-2020-12-31.csv,62655,-1000186,0,XBTUSD
2019-05-07 12:00:00,1000186,57e93521-0abb-c7c7-366f-5af33fb89be0,aoa-execution-2019-01-01-2020-12-31.csv,60743,-1000186,0,XBTUSD
2019-05-07 20:00:00,186,c0a583c6-e551-4572-1663-481e5e11fe2b,aoa-execution-2019-01-01-2020-12-31.csv,61417,-186,0,XBTUSD
2019-05-08 04:00:00,314,a7e720d6-c019-7356-a0cb-f59d126941ca,aoa-execution-2019-01-01-2020-12-31.csv,62914,314,0,XBTUSD
2019-05-08 12:00:00,1000186,7a48d0ad-ad0b-61c0-f807-d5d9b550e294,aoa-execution-2019-01-01-2020-12-31.csv,63109,-1000186,0,XBTUSD
2019-05-08 20:00:00,269,a88493af-0d8b-2d1b-7f26-80d8e1e7d4db,aoa-execution-2019-01-01-2020-12-31.csv,63782,-269,0,XBTUSD
2019-05-09 04:00:00,1000269,2e051259-a356-a8c7-5ca6-26968b3c3666,aoa-execution-2019-01-01-2020-12-31.csv,66147,-1000269,0,XBTUSD
2019-05-09 12:00:00,269,f1dcf47f-a925-10e0-7f37-bd2e081ceaf9,aoa-execution-2019-01-01-2020-12-31.csv,66015,-269,0,XBTUSD
2019-05-09 20:00:00,1000269,951dcf5c-0f31-ce85-d076-d8f5790e12a1,aoa-execution-2019-01-01-2020-12-31.csv,65278,-1000269,0,XBTUSD
2019-05-10 04:00:00,269,4152c55a-b280-6290-37fa-668b885e48de,aoa-execution-2019-01-01-2020-12-31.csv,66685,-269,0,XBTUSD
2019-05-10 12:00:00,269,fb9a8d1e-d133-d237-e181-5e168b2a0b2c,aoa-execution-2019-01-01-2020-12-31.csv,66684,-269,0,XBTUSD
2019-05-10 20:00:00,269,3d7a9d93-d705-120e-c3be-a7388af06f34,aoa-execution-2019-01-01-2020-12-31.csv,66282,-269,0,XBTUSD
2019-05-11 04:00:00,276,1c7eb6bf-9c15-5303-638b-3079dfa690b6,aoa-execution-2019-01-01-2020-12-31.csv,69523,-276,0,XBTUSD
2019-05-11 12:00:00,2000234,cf07b19e-374f-22e9-55cd-7618517ee9eb,aoa-execution-2019-01-01-2020-12-31.csv,70164,2000234,0,XBTUSD
2019-05-11 20:00:00,234,6e00f8fb-2f7a-1851-ce08-fb50ef35b294,aoa-execution-2019-01-01-2020-12-31.csv,66699,234,0,XBTUSD
2019-05-12 04:00:00,1200412,45ddc323-4f20-04cf-76ef-d03cbf211766,aoa-execution-2019-01-01-2020-12-31.csv,72939,-1200412,0,XBTUSD
2019-05-12 12:00:00,2400412,f93dcfb0-d3b1-f710-f554-0c4967bb7ebf,aoa-execution-2019-01-01-2020-12-31.csv,76873,-2400412,0,XBTUSD
2019-05-12 20:00:00,1300313,13625474-c50c-d384-80f6-2a6c810b2748,aoa-execution-2019-01-01-2020-12-31.csv,72340,-1300313,0,XBTUSD
2019-05-13 04:00:00,313,edd7010e-5c58-3d98-0e00-ebc8a5f043ee,aoa-execution-2019-01-01-2020-12-31.csv,80291,-313,0,XBTUSD
2019-05-13 12:00:00,1299687,fd6bf169-d9f6-f530-7897-40204c69de55,aoa-execution-2019-01-01-2020-12-31.csv,79757,1299687,0,XBTUSD
2019-05-13 20:00:00,313,84327d68-2d0b-c6b6-f0d9-279211be1949,aoa-execution-2019-01-01-2020-12-31.csv,80517,-313,0,XBTUSD
2019-05-14 04:00:00,1200580,fac34a4d-23b2-088e-c372-e1ecdd5f6708,aoa-execution-2019-01-01-2020-12-31.csv,81170,-1200580,0,XBTUSD
2019-05-14 12:00:00,1200580,1776ea2c-9b31-bb66-df02-096c50eda499,aoa-execution-2019-01-01-2020-12-31.csv,81888,-1200580,0,XBTUSD
2019-05-14 20:00:00,3600420,9cf9b048-4fe2-f32a-3e97-ac768875c684,aoa-execution-2019-01-01-2020-12-31.csv,81039,3600420,0,XBTUSD
2019-05-15 04:00:00,2656733,94b0b272-d5eb-cc86-0f21-5f4a76af013d,aoa-execution-2019-01-01-2020-12-31.csv,83552,-2656733,0,XBTUSD
2019-05-15 12:00:00,580,ff6816f7-33b8-5f47-c69e-594177f4c405,aoa-execution-2019-01-01-2020-12-31.csv,83253,-580,0,XBTUSD
2019-05-15 20:00:00,1250580,e4ba8be7-78d9-7385-d4f8-c8eefaf54fbb,aoa-execution-2019-01-01-2020-12-31.csv,83111,-1250580,0,XBTUSD
2019-05-16 04:00:00,580,8b73a76c-3b2c-51aa-2c14-83a8e661ce2d,aoa-execution-2019-01-01-2020-12-31.csv,83589,-580,0,XBTUSD
2019-05-16 12:00:00,580,84dcba8c-c42e-c17b-d171-8ba128c4d2b7,aoa-execution-2019-01-01-2020-12-31.csv,84960,-580,0,XBTUSD
2019-05-16 20:00:00,420,7d3f88a1-cd3c-6b1b-801f-02cab3e8490a,aoa-execution-2019-01-01-2020-12-31.csv,84383,420,0,XBTUSD
2019-05-17 04:00:00,645,c5df24c1-aa06-ce83-96ce-715cb494b3c4,aoa-execution-2019-01-01-2020-12-31.csv,87135,645,0,XBTUSD
2019-05-17 12:00:00,645,1fa4c10a-9202-7a46-b4e6-1b8ef450d4a0,aoa-execution-2019-01-01-2020-12-31.csv,85069,645,0,XBTUSD
2019-05-17 20:00:00,645,e3796d3c-265d-c166-5aa1-3fd7b521cdf2,aoa-execution-2019-01-01-2020-12-31.csv,85821,645,0,XBTUSD
2019-05-18 04:00:00,436,37178b32-407e-e3f6-60fa-9d0faca0aa42,aoa-execution-2019-01-01-2020-12-31.csv,88346,-436,0,XBTUSD
2019-05-18 12:00:00,436,d5a393a7-2585-8dc2-8fe6-5c7a414b7b5d,aoa-execution-2019-01-01-2020-12-31.csv,88379,-436,0,XBTUSD
2019-05-18 20:00:00,436,2fe56b7e-74a9-7528-32eb-4daf2a5a674d,aoa-execution-2019-01-01-2020-12-31.csv,88298,-436,0,XBTUSD
2019-05-19 04:00:00,89530,bf508a8b-05af-1749-bd25-263922a9d1f9,aoa-execution-2019-01-01-2020-12-31.csv,89398,-89530,0,XBTUSD
2019-05-19 12:00:00,564,c8cd4ad5-910d-cd9e-d51b-66ea4af46add,aoa-execution-2019-01-01-2020-12-31.csv,89397,564,0,XBTUSD
2019-05-19 20:00:00,1300436,1841e4d2-51f4-e3ff-3091-111b1ac2523a,aoa-execution-2019-01-01-2020-12-31.csv,89292,-1300436,0,XBTUSD
2019-05-20 04:00:00,399,9f0921fd-8096-a3de-a40a-a58f96544438,aoa-execution-2019-01-01-2020-12-31.csv,90907,-399,0,XBTUSD
2019-05-20 12:00:00,399,b6f27faf-459f-a3c6-39e6-da8b8eb3776c,aoa-execution-2019-01-01-2020-12-31.csv,89644,-399,0,XBTUSD
2019-05-20 20:00:00,399,0447715e-b36f-67a1-71ed-8558fd379979,aoa-execution-2019-01-01-2020-12-31.csv,89601,-399,0,XBTUSD
2019-05-21 04:00:00,407,2ffac710-5244-0de4-570a-cbe2f417e7b5,aoa-execution-2019-01-01-2020-12-31.csv,92296,-407,0,XBTUSD
2019-05-21 12:00:00,1400407,89dda319-a5e3-60c0-687e-d6f5062f4aa1,aoa-execution-2019-01-01-2020-12-31.csv,92719,-1400407,0,XBTUSD
2019-05-21 20:00:00,1400407,b0e1fc78-7ab1-1eac-1c10-8dbc7fe1ec06,aoa-execution-2019-01-01-2020-12-31.csv,93486,-1400407,0,XBTUSD
2019-05-22 04:00:00,1400534,131b53d1-1ece-22ff-cfa4-063b4c536225,aoa-execution-2019-01-01-2020-12-31.csv,93764,-1400534,0,XBTUSD
2019-05-22 12:00:00,1400534,06121374-a44a-8986-3330-ab7f701607d9,aoa-execution-2019-01-01-2020-12-31.csv,95716,-1400534,0,XBTUSD
2019-05-22 20:00:00,1400534,81a459fe-18cc-f873-ae84-32a06e42ed15,aoa-execution-2019-01-01-2020-12-31.csv,94627,-1400534,0,XBTUSD
2019-05-23 04:00:00,463,f328d6f9-0d63-7956-4f8d-9014e4ddd89f,aoa-execution-2019-01-01-2020-12-31.csv,98486,463,0,XBTUSD
2019-05-23 12:00:00,779,120e3cd8-4196-e7ac-2dbe-b95454e56a31,aoa-execution-2019-01-01-2020-12-31.csv,96684,-779,0,XBTUSD
2019-05-23 20:00:00,1400779,95107561-7a2c-0c4d-ae46-e69097b6ccf9,aoa-execution-2019-01-01-2020-12-31.csv,96248,-1400779,0,XBTUSD
2019-05-24 04:00:00,177,0eb819e0-706a-8020-8d15-ead24c674f34,aoa-execution-2019-01-01-2020-12-31.csv,98543,-177,0,XBTUSD
2019-05-24 12:00:00,177,7ef45cff-5afd-5792-460b-bb8576ef405c,aoa-execution-2019-01-01-2020-12-31.csv,98532,-177,0,XBTUSD
2019-05-24 20:00:00,177,90787e2c-2743-5187-4dc7-52298168f75e,aoa-execution-2019-01-01-2020-12-31.csv,98533,-177,0,XBTUSD
2019-05-25 04:00:00,823,0adbc1ce-8872-fa83-a936-2b36456a16b2,aoa-execution-2019-01-01-2020-12-31.csv,98545,823,0,XBTUSD
2019-05-25 12:00:00,823,6bd865d5-1c06-89da-31cc-912afd36c080,aoa-execution-2019-01-01-2020-12-31.csv,98546,823,0,XBTUSD
2019-05-25 20:00:00,823,fda36416-2598-f988-9ad6-c24ae955d616,aoa-execution-2019-01-01-2020-12-31.csv,98544,823,0,XBTUSD
2019-05-26 04:00:00,823,98cc3ac3-3289-4341-d1c3-9ce2fe7cccd6,aoa-execution-2019-01-01-2020-12-31.csv,98550,823,0,XBTUSD
2019-05-26 12:00:00,823,09972b17-e8e0-a3f0-fbe1-ec6f357e8a2f,aoa-execution-2019-01-01-2020-12-31.csv,98551,823,0,XBTUSD
2019-05-26 20:00:00,823,39d4cacb-c720-cc55-7ae2-a163202b6f9d,aoa-execution-2019-01-01-2020-12-31.csv,98547,823,0,XBTUSD
2019-05-27 04:00:00,177,8e01423c-2189-b817-bde0-765cb90ec759,aoa-execution-2019-01-01-2020-12-31.csv,98719,-177,0,XBTUSD
2019-05-27 12:00:00,177,55f373e1-678b-1e5e-05fd-7bf9d9958ab8,aoa-execution-2019-01-01-2020-12-31.csv,98718,-177,0,XBTUSD
2019-05-27 20:00:00,177,ed9f621e-8aca-32bc-0c33-a5616173d646,aoa-execution-2019-01-01-2020-12-31.csv,98717,-177,0,XBTUSD
2019-05-28 04:00:00,177,9813bfb3-13e4-656b-517d-d241f48db75b,aoa-execution-2019-01-01-2020-12-31.csv,98720,-177,0,XBTUSD
2019-05-28 12:00:00,177,e619250e-9a27-031c-3d83-3635f0bbf342,aoa-execution-2019-01-01-2020-12-31.csv,98730,-177,0,XBTUSD
2019-05-28 20:00:00,9018,f5c73662-2cb8-8bbc-abcc-69bc05ea6cc1,aoa-execution-2019-01-01-2020-12-31.csv,98729,-9018,0,XBTUSD
2019-05-29 04:00:00,553,f4467d76-e50c-bd26-0db9-5c769a659661,aoa-execution-2019-01-01-2020-12-31.csv,98731,-553,0,XBTUSD
2019-05-29 12:00:00,1400553,d0f0f98a-8f25-4229-d418-775a91c41522,aoa-execution-2019-01-01-2020-12-31.csv,98732,-1400553,0,XBTUSD
2019-05-29 20:00:00,1400553,57461f1e-b000-6b00-526a-e16cd0a58538,aoa-execution-2019-01-01-2020-12-31.csv,99010,-1400553,0,XBTUSD
2019-05-30 04:00:00,1673637,61b00311-10e0-7212-7195-5bbadad6baa9,aoa-execution-2019-01-01-2020-12-31.csv,99616,-1673637,0,XBTUSD
2019-05-30 12:00:00,637,c0db222f-aa2e-f8d5-7b4d-4e5d41e5b19d,aoa-execution-2019-01-01-2020-12-31.csv,99279,-637,0,XBTUSD
2019-05-30 20:00:00,637,3b9b0737-6fba-6eb7-52c7-283bd4e8e12a,aoa-execution-2019-01-01-2020-12-31.csv,99596,-637,0,XBTUSD
2019-05-31 04:00:00,1400637,7948bd9e-e0d1-41b2-e7e9-3406d47be22f,aoa-execution-2019-01-01-2020-12-31.csv,99617,-1400637,0,XBTUSD
2019-05-31 12:00:00,1500637,0d9c178d-fc7e-68f9-9cc1-3e1ba04b1f99,aoa-execution-2019-01-01-2020-12-31.csv,100086,-1500637,0,XBTUSD
2019-05-31 20:00:00,2800637,773ddc32-02d7-a1d8-81cd-b9865db914cc,aoa-execution-2019-01-01-2020-12-31.csv,100085,-2800637,0,XBTUSD
2019-06-01 04:00:00,2800637,9bbc6ccb-df7a-fd56-7d93-8570cf669f27,aoa-execution-2019-01-01-2020-12-31.csv,100224,-2800637,0,XBTUSD
2019-06-01 12:00:00,2800637,d314a189-c648-9f77-98e7-dacd7c03e451,aoa-execution-2019-01-01-2020-12-31.csv,100225,-2800637,0,XBTUSD
2019-06-01 20:00:00,2800637,a4797137-5216-1455-0987-7a44f1ae08e6,aoa-execution-2019-01-01-2020-12-31.csv,100226,-2800637,0,XBTUSD
2019-06-02 04:00:00,637,3bb2d9b1-4017-ac7f-f4f4-df81a24a7cfc,aoa-execution-2019-01-01-2020-12-31.csv,100321,-637,0,XBTUSD
2019-06-02 12:00:00,637,52a76179-b5c0-1b6d-84e4-8b342db68ffa,aoa-execution-2019-01-01-2020-12-31.csv,100322,-637,0,XBTUSD
2019-06-02 20:00:00,637,06742f05-faea-d4e0-fde9-e079998db37b,aoa-execution-2019-01-01-2020-12-31.csv,100320,-637,0,XBTUSD
2019-06-03 04:00:00,637,b829f121-706b-c797-753e-c44312a00261,aoa-execution-2019-01-01-2020-12-31.csv,100323,-637,0,XBTUSD
2019-06-03 12:00:00,1400637,d9961f10-688c-b73f-ee79-271bf054f036,aoa-execution-2019-01-01-2020-12-31.csv,101050,-1400637,0,XBTUSD
2019-06-03 20:00:00,1400637,c7536c90-d0a9-56fd-0208-bd99443b6ded,aoa-execution-2019-01-01-2020-12-31.csv,100324,-1400637,0,XBTUSD
2019-06-04 04:00:00,803,025d4945-92a3-e27c-2b23-c77f5dec119f,aoa-execution-2019-01-01-2020-12-31.csv,101404,-803,0,XBTUSD
2019-06-04 12:00:00,1400663,c109ef20-4317-e0f2-9e99-73b0c33b2c98,aoa-execution-2019-01-01-2020-12-31.csv,101580,-1400663,0,XBTUSD
2019-06-04 20:00:00,1400663,be17773f-ac8b-c97f-45b4-3e9dec5983a6,aoa-execution-2019-01-01-2020-12-31.csv,101403,-1400663,0,XBTUSD
2019-06-05 04:00:00,1400663,10c08b86-e18a-497e-1021-d62725db03fe,aoa-execution-2019-01-01-2020-12-31.csv,101710,-1400663,0,XBTUSD
2019-06-05 12:00:00,1400663,2baf0f21-fa87-7560-3c0a-a37219c044eb,aoa-execution-2019-01-01-2020-12-31.csv,101709,-1400663,0,XBTUSD
2019-06-05 20:00:00,1400663,5089f9e9-f0fd-052c-b620-09629f42865e,aoa-execution-2019-01-01-2020-12-31.csv,101708,-1400663,0,XBTUSD
2019-06-06 04:00:00,1400663,235cdd2c-126a-c144-ee2a-78dc829b0014,aoa-execution-2019-01-01-2020-12-31.csv,101711,-1400663,0,XBTUSD
2019-06-06 12:00:00,1400663,ded5c82b-b9ac-5d83-8dca-d74980094983,aoa-execution-2019-01-01-2020-12-31.csv,101712,-1400663,0,XBTUSD
2019-06-06 20:00:00,1400663,c5e8dad6-96e0-97dd-ce72-214c0f728946,aoa-execution-2019-01-01-2020-12-31.csv,101713,-1400663,0,XBTUSD
2019-06-07 04:00:00,1400663,45bf67ba-65e7-8665-1822-1c6d0e77c1b9,aoa-execution-2019-01-01-2020-12-31.csv,101715,-1400663,0,XBTUSD
2019-06-07 12:00:00,1400663,c30200a5-7d56-e9e4-d235-a450615565d4,aoa-execution-2019-01-01-2020-12-31.csv,101716,-1400663,0,XBTUSD
2019-06-07 20:00:00,1400663,4788c8e7-4644-220a-4e9f-b2ca202fb948,aoa-execution-2019-01-01-2020-12-31.csv,101714,-1400663,0,XBTUSD
2019-06-08 04:00:00,1400663,0302235f-0984-bcec-5db9-c60e537fc1f4,aoa-execution-2019-01-01-2020-12-31.csv,101717,-1400663,0,XBTUSD
2019-06-08 12:00:00,1400663,84bbb3ae-1ae7-b469-a087-60fd79610028,aoa-execution-2019-01-01-2020-12-31.csv,101718,-1400663,0,XBTUSD
2019-06-08 20:00:00,1400663,8c30ef7b-118e-ed7d-a518-1e3c95f857cf,aoa-execution-2019-01-01-2020-12-31.csv,101719,-1400663,0,XBTUSD
2019-06-09 04:00:00,1400663,8110d52a-d77e-c8d3-b871-317556fc9018,aoa-execution-2019-01-01-2020-12-31.csv,101722,-1400663,0,XBTUSD
2019-06-09 12:00:00,1400663,81805550-a88b-5e0b-cbb7-dfb6cb17e077,aoa-execution-2019-01-01-2020-12-31.csv,101720,-1400663,0,XBTUSD
2019-06-09 20:00:00,1400663,e10d1a0e-3dee-f9ef-df24-15851fc1fbec,aoa-execution-2019-01-01-2020-12-31.csv,101721,-1400663,0,XBTUSD
2019-06-10 04:00:00,663,f3a14b1c-ca3c-1253-9b67-584222d3f4e4,aoa-execution-2019-01-01-2020-12-31.csv,101723,-663,0,XBTUSD
2019-06-10 12:00:00,663,c6a13b99-f5f5-3d86-fe06-75b5eee6b688,aoa-execution-2019-01-01-2020-12-31.csv,101724,-663,0,XBTUSD
2019-06-10 20:00:00,1400663,dd3ce4d7-5378-18f7-a75c-a0523cbf036f,aoa-execution-2019-01-01-2020-12-31.csv,102004,-1400663,0,XBTUSD
2019-06-11 04:00:00,1400663,142f00c3-5d60-d946-fe97-018dd70d608d,aoa-execution-2019-01-01-2020-12-31.csv,102005,-1400663,0,XBTUSD
2019-06-11 12:00:00,1400663,e9a207b4-e9b3-0016-8e1b-8e6bcaa1a709,aoa-execution-2019-01-01-2020-12-31.csv,102006,-1400663,0,XBTUSD
2019-06-11 20:00:00,1400663,8e292fda-5110-2428-ba4a-d8319b3a3d08,aoa-execution-2019-01-01-2020-12-31.csv,102007,-1400663,0,XBTUSD
2019-06-12 04:00:00,1400162,4f4d8c6a-00d6-a37d-3bf5-f57336ff5ca6,aoa-execution-2019-01-01-2020-12-31.csv,102191,-1400162,0,XBTUSD
2019-06-12 12:00:00,162,0547d6c6-b29a-2947-2117-fbafcd6a1786,aoa-execution-2019-01-01-2020-12-31.csv,102189,-162,0,XBTUSD
2019-06-12 20:00:00,162,3bf7125e-b396-bac6-d74d-5a57944604e4,aoa-execution-2019-01-01-2020-12-31.csv,102190,-162,0,XBTUSD
2019-06-13 04:00:00,162,231b41c4-9c13-9449-34d0-69dca24d92a0,aoa-execution-2019-01-01-2020-12-31.csv,102464,-162,0,XBTUSD
2019-06-13 12:00:00,1400162,119be143-c935-76bb-67ef-b069f508efc2,aoa-execution-2019-01-01-2020-12-31.csv,102463,-1400162,0,XBTUSD
2019-06-13 20:00:00,1400162,463c639e-c32b-0f15-7e0f-806c6557618c,aoa-execution-2019-01-01-2020-12-31.csv,102462,-1400162,0,XBTUSD
2019-06-14 04:00:00,162,eddbb92b-c5be-7b46-f7b7-1d31953ba79c,aoa-execution-2019-01-01-2020-12-31.csv,102809,-162,0,XBTUSD
2019-06-14 12:00:00,162,200ef9d5-c55c-f214-71df-f62fcad2b717,aoa-execution-2019-01-01-2020-12-31.csv,102810,-162,0,XBTUSD
2019-06-14 20:00:00,162,5cad2c74-2a88-41e3-bd38-3107768e4b03,aoa-execution-2019-01-01-2020-12-31.csv,102811,-162,0,XBTUSD
2019-06-15 04:00:00,162,9142207c-f8ad-2639-c83f-9b1648ced095,aoa-execution-2019-01-01-2020-12-31.csv,102944,-162,0,XBTUSD
2019-06-15 12:00:00,1400338,64480e3a-02fe-d1e5-8100-78f314b4dbdd,aoa-execution-2019-01-01-2020-12-31.csv,102864,1400338,0,XBTUSD
2019-06-15 20:00:00,2293480,2d7bfc90-55f3-1cb1-646a-45b615da35f6,aoa-execution-2019-01-01-2020-12-31.csv,102812,2293480,0,XBTUSD
2019-06-16 04:00:00,338,d687139c-b2fb-6cf0-ee78-56b48123e5de,aoa-execution-2019-01-01-2020-12-31.csv,104255,338,0,XBTUSD
2019-06-16 12:00:00,662,f1167fd4-fc15-96ff-0dcd-64ac19a83185,aoa-execution-2019-01-01-2020-12-31.csv,104404,-662,0,XBTUSD
2019-06-16 20:00:00,1600338,b2314254-7e49-e3c0-0679-a2fc0f8a402b,aoa-execution-2019-01-01-2020-12-31.csv,103458,1600338,0,XBTUSD
2019-06-17 04:00:00,338,2b901d63-e1f4-104c-e833-796ac2eb89e6,aoa-execution-2019-01-01-2020-12-31.csv,104531,338,0,XBTUSD
2019-06-17 12:00:00,662,e4abfe9a-ca48-bae4-562a-b8c7ded27eeb,aoa-execution-2019-01-01-2020-12-31.csv,105425,-662,0,XBTUSD
2019-06-17 20:00:00,662,04fc3a74-97db-4c98-672e-bc7880e6059b,aoa-execution-2019-01-01-2020-12-31.csv,104551,-662,0,XBTUSD
2019-06-18 04:00:00,662,30dabca4-657b-9567-7d69-0aa9f446882f,aoa-execution-2019-01-01-2020-12-31.csv,105657,-662,0,XBTUSD
2019-06-18 12:00:00,662,2502c33b-08f0-178a-1633-25b5cd3c126a,aoa-execution-2019-01-01-2020-12-31.csv,105608,-662,0,XBTUSD
2019-06-18 20:00:00,338,14319378-c110-11aa-cb0f-fd940a76b4cb,aoa-execution-2019-01-01-2020-12-31.csv,105906,338,0,XBTUSD
2019-06-19 04:00:00,373,13105efa-125e-62af-0a56-6d9cf6b8a4db,aoa-execution-2019-01-01-2020-12-31.csv,106232,373,0,XBTUSD
2019-06-19 12:00:00,1600627,721918ec-4739-ceb4-2d57-ac8dcb9b8a41,aoa-execution-2019-01-01-2020-12-31.csv,106233,-1600627,0,XBTUSD
2019-06-19 20:00:00,627,3583b835-319b-a7cb-5909-cc95706c8da3,aoa-execution-2019-01-01-2020-12-31.csv,106536,-627,0,XBTUSD
2019-06-20 04:00:00,1600627,26ef0b6d-be4f-0b4b-0f21-06359784cb49,aoa-execution-2019-01-01-2020-12-31.csv,106833,-1600627,0,XBTUSD
2019-06-20 12:00:00,1600627,7dc65a1c-af4a-6d54-3467-b300c38c0b29,aoa-execution-2019-01-01-2020-12-31.csv,106834,-1600627,0,XBTUSD
2019-06-20 20:00:00,3200627,8b8824c3-c2d9-257b-203e-41c0cf6520b0,aoa-execution-2019-01-01-2020-12-31.csv,106540,-3200627,0,XBTUSD
2019-06-21 04:00:00,1532903,c2f84e2c-f1fb-2371-a2e5-5930d2535324,aoa-execution-2019-01-01-2020-12-31.csv,107028,-1532903,0,XBTUSD
2019-06-21 12:00:00,1600627,04ef0f9d-c2d0-c450-458a-fdb8e64c545d,aoa-execution-2019-01-01-2020-12-31.csv,106836,-1600627,0,XBTUSD
2019-06-21 20:00:00,627,8c49e9be-666a-d19a-1338-6a7b29d5cf95,aoa-execution-2019-01-01-2020-12-31.csv,106835,-627,0,XBTUSD
2019-06-22 04:00:00,1600627,476fd38e-0039-d1c5-90ee-4a03a7fcf168,aoa-execution-2019-01-01-2020-12-31.csv,107180,-1600627,0,XBTUSD
2019-06-22 12:00:00,1600627,8f6c55ac-ad3a-d2e6-e1c1-582d6d2c4d9b,aoa-execution-2019-01-01-2020-12-31.csv,107179,-1600627,0,XBTUSD
2019-06-22 20:00:00,1600627,301b9c26-69c3-869f-47ce-bde3db158112,aoa-execution-2019-01-01-2020-12-31.csv,107181,-1600627,0,XBTUSD
2019-06-23 04:00:00,1600627,6820a31c-9098-7392-e615-52d1c7e53e4d,aoa-execution-2019-01-01-2020-12-31.csv,107184,-1600627,0,XBTUSD
2019-06-23 12:00:00,1600627,5bb29d73-9db1-21db-0ca0-c0b1887c5c63,aoa-execution-2019-01-01-2020-12-31.csv,107182,-1600627,0,XBTUSD
2019-06-23 20:00:00,1600627,ebef6e7d-fd50-e6a1-f5be-170ecec0c312,aoa-execution-2019-01-01-2020-12-31.csv,107183,-1600627,0,XBTUSD
2019-06-24 04:00:00,627,065781c0-9419-f9b7-278e-b8f1361d3f0c,aoa-execution-2019-01-01-2020-12-31.csv,107214,-627,0,XBTUSD
2019-06-24 12:00:00,627,178221e5-1718-36e6-ebf4-664d0dd2b3a0,aoa-execution-2019-01-01-2020-12-31.csv,107513,-627,0,XBTUSD
2019-06-24 20:00:00,627,b189cdab-b980-f70d-a1f5-390baaeb42b2,aoa-execution-2019-01-01-2020-12-31.csv,107352,-627,0,XBTUSD
2019-06-25 04:00:00,373,f3654e57-4973-f2fd-d018-8179aac029f5,aoa-execution-2019-01-01-2020-12-31.csv,107595,373,0,XBTUSD
2019-06-25 12:00:00,373,5b937552-9efb-0cd1-d8fd-6fac9ba8739f,aoa-execution-2019-01-01-2020-12-31.csv,107594,373,0,XBTUSD
2019-06-25 20:00:00,373,417016d1-eeef-6d7c-342d-a7ce269aaff8,aoa-execution-2019-01-01-2020-12-31.csv,107587,373,0,XBTUSD
2019-06-26 04:00:00,1800373,7a3f3903-e73b-f5a0-9ff3-4ed623acc920,aoa-execution-2019-01-01-2020-12-31.csv,108394,1800373,0,XBTUSD
2019-06-26 12:00:00,1800373,e24cbbbb-1918-5e6c-ee72-74bcfe04b5c8,aoa-execution-2019-01-01-2020-12-31.csv,108606,1800373,0,XBTUSD
2019-06-26 20:00:00,373,0a838ef9-f9bf-c451-cd37-2a56cab25a25,aoa-execution-2019-01-01-2020-12-31.csv,108329,373,0,XBTUSD
2019-06-27 04:00:00,627,a8213473-607b-35b0-3ed7-b95642594705,aoa-execution-2019-01-01-2020-12-31.csv,108607,-627,0,XBTUSD
2019-06-27 12:00:00,1800373,8c1884bb-b4f5-f061-fd06-37958ca0ce5a,aoa-execution-2019-01-01-2020-12-31.csv,108761,1800373,0,XBTUSD
2019-06-27 20:00:00,627,fc0b4faf-86d6-b1be-2ab1-7d290b14d7bf,aoa-execution-2019-01-01-2020-12-31.csv,110868,-627,0,XBTUSD
2019-06-28 04:00:00,627,e0569b31-de81-c0bd-3c61-bbef6beebcee,aoa-execution-2019-01-01-2020-12-31.csv,111163,-627,0,XBTUSD
2019-06-28 12:00:00,373,144f70c7-4e31-71e9-18d2-d9bf0a45b043,aoa-execution-2019-01-01-2020-12-31.csv,111525,373,0,XBTUSD
2019-06-28 20:00:00,1800309,d666ab1f-40ea-a03f-3ed0-7d2ab64729e1,aoa-execution-2019-01-01-2020-12-31.csv,111656,-1800309,0,XBTUSD
2019-06-29 04:00:00,1800309,4b72aa69-e03c-4f58-6465-02e4f817a2d6,aoa-execution-2019-01-01-2020-12-31.csv,113460,-1800309,0,XBTUSD
2019-06-29 12:00:00,309,92b6b535-cdff-7154-3430-a550828e4f13,aoa-execution-2019-01-01-2020-12-31.csv,113231,-309,0,XBTUSD
2019-06-29 20:00:00,309,07e40823-243e-9765-e181-b2ae612d5000,aoa-execution-2019-01-01-2020-12-31.csv,113232,-309,0,XBTUSD
2019-06-30 04:00:00,309,cb722bed-2f83-2ae4-37f8-03bb37bff0e4,aoa-execution-2019-01-01-2020-12-31.csv,113572,-309,0,XBTUSD
2019-06-30 12:00:00,309,43043325-bee2-1529-8bd0-99beb66bed53,aoa-execution-2019-01-01-2020-12-31.csv,113570,-309,0,XBTUSD
2019-06-30 20:00:00,309,8cd5aeba-7f31-af01-576c-168ac8b2f903,aoa-execution-2019-01-01-2020-12-31.csv,113571,-309,0,XBTUSD
2019-07-01 04:00:00,309,6e0a292b-715d-3f3c-2d1c-303eba35aca3,aoa-execution-2019-01-01-2020-12-31.csv,113681,-309,0,XBTUSD
2019-07-01 12:00:00,1800691,46021ba8-6e1d-e379-0047-ef0c1538c902,aoa-execution-2019-01-01-2020-12-31.csv,113845,1800691,0,XBTUSD
2019-07-01 20:00:00,174062,c38d1465-d1ae-05c0-3fee-11cbb3dd4a46,aoa-execution-2019-01-01-2020-12-31.csv,114381,174062,0,XBTUSD
2019-07-02 04:00:00,446,564536ed-6541-b8c9-9b20-47c266a4e910,aoa-execution-2019-01-01-2020-12-31.csv,115114,-446,0,XBTUSD
2019-07-02 12:00:00,446,73ee97bc-b925-e36e-4ea1-7d95bcc6d2de,aoa-execution-2019-01-01-2020-12-31.csv,115675,-446,0,XBTUSD
2019-07-02 20:00:00,446,3b442923-1eae-b3af-1db0-40d4e2265c71,aoa-execution-2019-01-01-2020-12-31.csv,115628,-446,0,XBTUSD
2019-07-03 04:00:00,446,eb7523b4-d042-559c-63e1-7a5449933a9e,aoa-execution-2019-01-01-2020-12-31.csv,116465,-446,0,XBTUSD
2019-07-03 12:00:00,446,c0785a8e-f16e-203e-7ab2-6dcb9840c0e2,aoa-execution-2019-01-01-2020-12-31.csv,116397,-446,0,XBTUSD
2019-07-03 20:00:00,446,fa2b86e8-9224-2945-b465-fcf04b0a5fbe,aoa-execution-2019-01-01-2020-12-31.csv,116464,-446,0,XBTUSD
2019-07-04 04:00:00,446,1a88e7c7-0fda-5e3d-1164-527c34274040,aoa-execution-2019-01-01-2020-12-31.csv,116906,-446,0,XBTUSD
2019-07-04 12:00:00,1700446,da5b784b-7d69-8cc5-4a3e-fef019d09d27,aoa-execution-2019-01-01-2020-12-31.csv,116907,-1700446,0,XBTUSD
2019-07-04 20:00:00,1700446,70aba6a2-2354-6e77-060c-de37fc7c6d0d,aoa-execution-2019-01-01-2020-12-31.csv,116905,-1700446,0,XBTUSD
2019-07-05 04:00:00,1700446,5468c782-35ca-72a3-37cb-8773b9c292ae,aoa-execution-2019-01-01-2020-12-31.csv,117123,-1700446,0,XBTUSD
2019-07-05 12:00:00,1700446,e9d46f23-8b66-7b1f-ea47-702d4a91b2b4,aoa-execution-2019-01-01-2020-12-31.csv,117122,-1700446,0,XBTUSD
2019-07-05 20:00:00,1700446,2c310769-3ea9-3641-e1e4-655acb3a3608,aoa-execution-2019-01-01-2020-12-31.csv,117124,-1700446,0,XBTUSD
2019-07-06 04:00:00,1700446,bc08d3f1-b959-9808-36a2-c28e848d6bb2,aoa-execution-2019-01-01-2020-12-31.csv,117125,-1700446,0,XBTUSD
2019-07-06 12:00:00,1700446,11dced43-a77c-745f-a1da-e58c8c7ac5cf,aoa-execution-2019-01-01-2020-12-31.csv,117126,-1700446,0,XBTUSD
2019-07-06 20:00:00,1700446,f00f54b1-4aad-9247-8067-eade98875936,aoa-execution-2019-01-01-2020-12-31.csv,117127,-1700446,0,XBTUSD
2019-07-07 04:00:00,1700446,177b6060-caee-4389-eefc-d832f55f06a8,aoa-execution-2019-01-01-2020-12-31.csv,117137,-1700446,0,XBTUSD
2019-07-07 12:00:00,1700446,1e2d6f03-924f-bd39-04d6-75001a0f8f20,aoa-execution-2019-01-01-2020-12-31.csv,117128,-1700446,0,XBTUSD
2019-07-07 20:00:00,446,490bddde-4fc0-7ecf-c9b5-6578a1f979a6,aoa-execution-2019-01-01-2020-12-31.csv,117138,-446,0,XBTUSD
2019-07-08 04:00:00,446,3a3be8d4-eb7f-25fc-b44b-46b36203f275,aoa-execution-2019-01-01-2020-12-31.csv,117139,-446,0,XBTUSD
2019-07-08 12:00:00,446,0cfe71a9-a5c6-b118-5677-2e106f05cc90,aoa-execution-2019-01-01-2020-12-31.csv,117140,-446,0,XBTUSD
2019-07-08 20:00:00,446,bb3c6451-a51f-9de7-3e12-4e7d11b0a5c7,aoa-execution-2019-01-01-2020-12-31.csv,117141,-446,0,XBTUSD
2019-07-09 04:00:00,2000446,6846d4ec-5fab-1cc7-069b-14f0f1448528,aoa-execution-2019-01-01-2020-12-31.csv,117568,-2000446,0,XBTUSD
2019-07-09 12:00:00,2000874,214e8e37-34a9-3fc7-b52d-2d4809f5da5a,aoa-execution-2019-01-01-2020-12-31.csv,118189,-2000874,0,XBTUSD
2019-07-09 20:00:00,2000874,29b3b2ea-f674-9ab8-1502-8edbb0846055,aoa-execution-2019-01-01-2020-12-31.csv,117891,-2000874,0,XBTUSD
2019-07-10 04:00:00,874,8a01cfe0-1366-f0c7-5c18-4080c9e0090b,aoa-execution-2019-01-01-2020-12-31.csv,118268,-874,0,XBTUSD
2019-07-10 12:00:00,874,aba613d4-951c-360c-57da-c8d9090debd9,aoa-execution-2019-01-01-2020-12-31.csv,118269,-874,0,XBTUSD
2019-07-10 20:00:00,874,1bb7f204-cca3-162a-0a2a-d0a51d0c0d1a,aoa-execution-2019-01-01-2020-12-31.csv,118267,-874,0,XBTUSD
2019-07-11 04:00:00,874,c64d6749-f89d-4388-dc42-e3bc2338f875,aoa-execution-2019-01-01-2020-12-31.csv,118485,-874,0,XBTUSD
2019-07-11 12:00:00,2000874,47ce452a-0f22-6470-58f7-dc70da64a249,aoa-execution-2019-01-01-2020-12-31.csv,118486,-2000874,0,XBTUSD
2019-07-11 20:00:00,4000874,38e73091-2a99-71ad-a198-3f0561e2aef8,aoa-execution-2019-01-01-2020-12-31.csv,118487,-4000874,0,XBTUSD
2019-07-12 04:00:00,4000874,d6bd00f8-17f3-1c31-5375-6270b49ee653,aoa-execution-2019-01-01-2020-12-31.csv,118720,-4000874,0,XBTUSD
2019-07-12 12:00:00,2000874,5f64ee14-c980-f693-6150-b41bafc74bf0,aoa-execution-2019-01-01-2020-12-31.csv,118717,-2000874,0,XBTUSD
2019-07-12 20:00:00,2000874,fd3b2107-3eed-d9fd-d927-0632f90aa873,aoa-execution-2019-01-01-2020-12-31.csv,118952,-2000874,0,XBTUSD
2019-07-13 04:00:00,2000874,8e16c4e5-24f0-1a8b-71e9-462f441b2e12,aoa-execution-2019-01-01-2020-12-31.csv,119499,-2000874,0,XBTUSD
2019-07-13 12:00:00,2000874,6d573028-4e64-01d3-63c4-14327c8c3b41,aoa-execution-2019-01-01-2020-12-31.csv,119498,-2000874,0,XBTUSD
2019-07-13 20:00:00,2000874,80daa3ee-227d-c0e5-a3a2-5dc24e87bf89,aoa-execution-2019-01-01-2020-12-31.csv,119500,-2000874,0,XBTUSD
2019-07-14 04:00:00,2000874,50e9a085-e002-5825-1566-791c5aa5b2d2,aoa-execution-2019-01-01-2020-12-31.csv,119551,-2000874,0,XBTUSD
2019-07-14 12:00:00,2000874,21faf1f7-a871-fa41-33b9-673b27f17772,aoa-execution-2019-01-01-2020-12-31.csv,119502,-2000874,0,XBTUSD
2019-07-14 20:00:00,2000874,e847442f-56ed-8cce-9fc2-1592df8c202f,aoa-execution-2019-01-01-2020-12-31.csv,119501,-2000874,0,XBTUSD
2019-07-15 04:00:00,4000874,ebc761b0-3ed5-e101-48ce-c8b81161174b,aoa-execution-2019-01-01-2020-12-31.csv,119894,-4000874,0,XBTUSD
2019-07-15 12:00:00,2000874,f165af87-6bcc-a160-6f3f-937ed564cdd0,aoa-execution-2019-01-01-2020-12-31.csv,119895,-2000874,0,XBTUSD
2019-07-15 20:00:00,2000874,5d1a1320-98b6-f030-bda6-882436fb6397,aoa-execution-2019-01-01-2020-12-31.csv,119552,-2000874,0,XBTUSD
2019-07-16 04:00:00,2000874,af24dfbc-1e83-8441-7337-af89f3e9bc0d,aoa-execution-2019-01-01-2020-12-31.csv,120481,-2000874,0,XBTUSD
2019-07-16 12:00:00,2000104,72467452-3061-5c8b-5992-3f17812c7447,aoa-execution-2019-01-01-2020-12-31.csv,120480,-2000104,0,XBTUSD
2019-07-16 20:00:00,2000406,6142e789-1871-45b7-bbf9-17497f4bd151,aoa-execution-2019-01-01-2020-12-31.csv,120159,-2000406,0,XBTUSD
2019-07-17 04:00:00,350,e0d99efc-8f59-5d8a-8752-a59ec9ccba2f,aoa-execution-2019-01-01-2020-12-31.csv,123131,-350,0,XBTUSD
2019-07-17 12:00:00,650,02739175-a985-e8cc-661a-79cd964837ca,aoa-execution-2019-01-01-2020-12-31.csv,123591,650,0,XBTUSD
2019-07-17 20:00:00,190138,5240839a-e187-8123-fa0d-127772df690a,aoa-execution-2019-01-01-2020-12-31.csv,123967,190138,0,XBTUSD
2019-07-18 04:00:00,2000162,cd8e605c-47ec-ec22-6867-e8466501dba8,aoa-execution-2019-01-01-2020-12-31.csv,124494,-2000162,0,XBTUSD
2019-07-18 12:00:00,1384,77491812-5999-3862-fd55-2dd32e37dc24,aoa-execution-2019-01-01-2020-12-31.csv,126651,-1384,0,XBTUSD
2019-07-18 20:00:00,1384,3dda1605-98f9-69c6-70cb-ef738d77f36c,aoa-execution-2019-01-01-2020-12-31.csv,124673,-1384,0,XBTUSD
2019-07-19 04:00:00,4000616,8795109a-efde-8ca5-c12d-54fd8b4fd684,aoa-execution-2019-01-01-2020-12-31.csv,128774,4000616,0,XBTUSD
2019-07-19 12:00:00,2018408,223a05ef-499d-bc32-c72c-f115639378ac,aoa-execution-2019-01-01-2020-12-31.csv,128923,-2018408,0,XBTUSD
2019-07-19 20:00:00,2018408,bf754247-5526-55cf-e758-0f02b7fc1cbd,aoa-execution-2019-01-01-2020-12-31.csv,128773,-2018408,0,XBTUSD
2019-07-20 04:00:00,2018408,18fdd5a9-f9dd-2db0-53b9-42f2e7d873e0,aoa-execution-2019-01-01-2020-12-31.csv,129286,-2018408,0,XBTUSD
2019-07-20 12:00:00,2018408,58604ca0-ea3a-1c00-967f-e9250ef3a19c,aoa-execution-2019-01-01-2020-12-31.csv,129287,-2018408,0,XBTUSD
2019-07-20 20:00:00,2018408,f680c186-7899-9af2-ebe8-2d6d96354fa0,aoa-execution-2019-01-01-2020-12-31.csv,129285,-2018408,0,XBTUSD
2019-07-21 04:00:00,2018408,18780840-b549-564b-8ca7-656afeb7ec9d,aoa-execution-2019-01-01-2020-12-31.csv,129288,-2018408,0,XBTUSD
2019-07-21 12:00:00,2018408,7087d89f-c4f8-ee8a-727a-c935f3b3d06d,aoa-execution-2019-01-01-2020-12-31.csv,129565,-2018408,0,XBTUSD
2019-07-21 20:00:00,2000592,0a378d2f-d51e-e721-aeef-92f2d78201b1,aoa-execution-2019-01-01-2020-12-31.csv,129564,2000592,0,XBTUSD
2019-07-22 04:00:00,592,30262008-1d32-3fad-8da1-6c83d3170609,aoa-execution-2019-01-01-2020-12-31.csv,129828,592,0,XBTUSD
2019-07-22 12:00:00,592,d38ecf2d-9177-9e3b-8a2a-a56df7274eea,aoa-execution-2019-01-01-2020-12-31.csv,129827,592,0,XBTUSD
2019-07-22 20:00:00,592,3920bba6-99b6-1816-a9ee-e6edf6fcccff,aoa-execution-2019-01-01-2020-12-31.csv,129826,592,0,XBTUSD
2019-07-23 04:00:00,592,35ec5546-3d89-0811-f0d1-f5a3b1601819,aoa-execution-2019-01-01-2020-12-31.csv,129943,592,0,XBTUSD
2019-07-23 12:00:00,592,dbb2f9ec-7fee-f3a6-cf72-58af31bc45c9,aoa-execution-2019-01-01-2020-12-31.csv,129944,592,0,XBTUSD
2019-07-23 20:00:00,592,bebe3e62-6fa9-0d31-1381-c0a579b66b17,aoa-execution-2019-01-01-2020-12-31.csv,129945,592,0,XBTUSD
2019-07-24 04:00:00,592,44e91569-faa9-a05b-31ba-e7cfffc36e69,aoa-execution-2019-01-01-2020-12-31.csv,130269,592,0,XBTUSD
2019-07-24 12:00:00,2000408,a7a25f81-25a3-6ce0-3c46-46158f874f98,aoa-execution-2019-01-01-2020-12-31.csv,130268,-2000408,0,XBTUSD
2019-07-24 20:00:00,408,ba21cb87-e568-58fa-d36e-b17abf70d16f,aoa-execution-2019-01-01-2020-12-31.csv,130270,-408,0,XBTUSD
2019-07-25 04:00:00,408,3773aacb-3640-3a2c-85f4-ad3632d9e8d5,aoa-execution-2019-01-01-2020-12-31.csv,130271,-408,0,XBTUSD
2019-07-25 12:00:00,2000408,950aca9f-4144-c7b0-381d-c2cb3f844a16,aoa-execution-2019-01-01-2020-12-31.csv,130387,-2000408,0,XBTUSD
2019-07-25 20:00:00,2000408,ce025fc9-d874-7050-4594-886fa753286c,aoa-execution-2019-01-01-2020-12-31.csv,130388,-2000408,0,XBTUSD
2019-07-26 04:00:00,408,d4176536-78a8-0285-0b7c-81ccb5f3f0bb,aoa-execution-2019-01-01-2020-12-31.csv,130998,-408,0,XBTUSD
2019-07-26 12:00:00,4000408,16d7d0a5-3356-0a50-031d-a3d19dfa01d9,aoa-execution-2019-01-01-2020-12-31.csv,130492,-4000408,0,XBTUSD
2019-07-26 20:00:00,4000408,db80d274-6144-e55d-b407-d39408b382ef,aoa-execution-2019-01-01-2020-12-31.csv,130493,-4000408,0,XBTUSD
2019-07-27 04:00:00,408,18b0d13b-35bf-2376-ed6e-194694ace512,aoa-execution-2019-01-01-2020-12-31.csv,130999,-408,0,XBTUSD
2019-07-27 12:00:00,408,e4e9cac5-7e88-dce3-9d5b-cea48db407f9,aoa-execution-2019-01-01-2020-12-31.csv,131221,-408,0,XBTUSD
2019-07-27 20:00:00,408,7a004042-62b4-6265-c12a-91dadb53a96e,aoa-execution-2019-01-01-2020-12-31.csv,131176,-408,0,XBTUSD
2019-07-28 04:00:00,408,736421cf-47f3-60c8-c68b-37a4b11497bb,aoa-execution-2019-01-01-2020-12-31.csv,131478,-408,0,XBTUSD
2019-07-28 12:00:00,2000408,951565ec-7a8a-f248-0da8-9c9018382239,aoa-execution-2019-01-01-2020-12-31.csv,131477,-2000408,0,XBTUSD
2019-07-28 20:00:00,2000408,ba1febd5-eae6-4c5c-d62d-d8134c16a9d7,aoa-execution-2019-01-01-2020-12-31.csv,131479,-2000408,0,XBTUSD
2019-07-29 04:00:00,6000408,8603d13e-edd0-309f-0719-1f6e92f583f4,aoa-execution-2019-01-01-2020-12-31.csv,132579,-6000408,0,XBTUSD
2019-07-29 12:00:00,408,d4b14da6-91cd-b8c6-2714-475fa62e3874,aoa-execution-2019-01-01-2020-12-31.csv,132958,-408,0,XBTUSD
2019-07-29 20:00:00,408,e5d63ea8-51f9-9bfd-554a-7a930abd19ac,aoa-execution-2019-01-01-2020-12-31.csv,132957,-408,0,XBTUSD
2019-07-30 04:00:00,408,673b99f4-b4de-2485-90e0-be652aca09e6,aoa-execution-2019-01-01-2020-12-31.csv,132959,-408,0,XBTUSD
2019-07-30 12:00:00,408,ae40c5e6-b8dd-53a8-43ab-383cd513ec91,aoa-execution-2019-01-01-2020-12-31.csv,132961,-408,0,XBTUSD
2019-07-30 20:00:00,408,829c093c-eaac-080d-1c30-26fa3ee0ef00,aoa-execution-2019-01-01-2020-12-31.csv,132960,-408,0,XBTUSD
2019-07-31 04:00:00,2000408,cba1cca2-8211-4b13-1031-9975cfb9a356,aoa-execution-2019-01-01-2020-12-31.csv,132962,-2000408,0,XBTUSD
2019-07-31 12:00:00,2000408,1fcd4781-b9c3-bb0c-26f8-a0b1a125cee1,aoa-execution-2019-01-01-2020-12-31.csv,132981,-2000408,0,XBTUSD
2019-07-31 20:00:00,2000408,9c74720c-c121-e2a8-5772-b76b758e537d,aoa-execution-2019-01-01-2020-12-31.csv,132963,-2000408,0,XBTUSD
2019-08-01 04:00:00,2000592,579c6370-34e2-0142-3013-cfe1215d2233,aoa-execution-2019-01-01-2020-12-31.csv,133295,2000592,0,XBTUSD
2019-08-01 12:00:00,592,1c40b369-7bdc-d297-0b9a-c2a0fe613665,aoa-execution-2019-01-01-2020-12-31.csv,133191,592,0,XBTUSD
2019-08-01 20:00:00,592,4fc26429-6a7e-5b53-7eb2-ac77185e9104,aoa-execution-2019-01-01-2020-12-31.csv,133306,592,0,XBTUSD
2019-08-02 04:00:00,592,271f5a9d-10a3-086c-8e5d-0b28293d74d9,aoa-execution-2019-01-01-2020-12-31.csv,134004,592,0,XBTUSD
2019-08-02 12:00:00,408,4368bcfa-c320-4de2-93ab-05afefd8b518,aoa-execution-2019-01-01-2020-12-31.csv,134057,-408,0,XBTUSD
2019-08-02 20:00:00,1000592,8aee8520-0651-c46f-6437-bc2981bd281d,aoa-execution-2019-01-01-2020-12-31.csv,134056,1000592,0,XBTUSD
2019-08-03 04:00:00,592,529d8e46-8e96-0114-950b-36ecea856e4d,aoa-execution-2019-01-01-2020-12-31.csv,134297,592,0,XBTUSD
2019-08-03 12:00:00,592,e2922fdc-c6e6-51ce-376a-6dab927a1714,aoa-execution-2019-01-01-2020-12-31.csv,134295,592,0,XBTUSD
2019-08-03 20:00:00,592,455eb9a3-1189-ae8d-3495-b958e5fdcdc3,aoa-execution-2019-01-01-2020-12-31.csv,134296,592,0,XBTUSD
2019-08-04 04:00:00,592,b4d92857-5f42-6684-7bf3-00dfaacaafc1,aoa-execution-2019-01-01-2020-12-31.csv,134300,592,0,XBTUSD
2019-08-04 12:00:00,592,10469126-5261-d5d7-dee8-1e6c1a940eb2,aoa-execution-2019-01-01-2020-12-31.csv,134299,592,0,XBTUSD
2019-08-04 20:00:00,592,339cf869-d3cc-f709-d6de-1642215fa580,aoa-execution-2019-01-01-2020-12-31.csv,134298,592,0,XBTUSD
2019-08-05 04:00:00,592,d7c22fb0-6ee6-bae4-e34b-acd33a089212,aoa-execution-2019-01-01-2020-12-31.csv,134860,592,0,XBTUSD
2019-08-05 12:00:00,592,478371a9-ed7d-649c-1e4c-99c4f61ff90a,aoa-execution-2019-01-01-2020-12-31.csv,134861,592,0,XBTUSD
2019-08-05 20:00:00,643165,d5541cf6-65ca-6704-dcf4-144956e4b03b,aoa-execution-2019-01-01-2020-12-31.csv,134858,-643165,0,XBTUSD
2019-08-06 04:00:00,576,fa717ebb-490f-2bd4-1edc-669f92018538,aoa-execution-2019-01-01-2020-12-31.csv,135275,576,0,XBTUSD
2019-08-06 12:00:00,2000424,34608042-2351-81be-5c07-6cd8098bc2ef,aoa-execution-2019-01-01-2020-12-31.csv,135150,-2000424,0,XBTUSD
2019-08-06 20:00:00,424,c7c2e9f2-0589-8de3-0f65-db2d52d4307f,aoa-execution-2019-01-01-2020-12-31.csv,135149,-424,0,XBTUSD
2019-08-07 04:00:00,424,c461bb24-e25b-edb0-7a9d-edf55cab0292,aoa-execution-2019-01-01-2020-12-31.csv,135736,-424,0,XBTUSD
2019-08-07 12:00:00,2000576,eeefb8ad-d32f-952c-d6e5-1c7b0264a257,aoa-execution-2019-01-01-2020-12-31.csv,135889,2000576,0,XBTUSD
2019-08-07 20:00:00,2000576,214e4a0a-b4b4-05e2-b5c5-da893178e9a9,aoa-execution-2019-01-01-2020-12-31.csv,136523,2000576,0,XBTUSD
2019-08-08 04:00:00,2000424,80084aa9-53d2-e259-456e-315d548dcdfb,aoa-execution-2019-01-01-2020-12-31.csv,137779,-2000424,0,XBTUSD
2019-08-08 12:00:00,4000576,847e03b3-1fd8-3595-6f26-b8670c98a35e,aoa-execution-2019-01-01-2020-12-31.csv,137778,4000576,0,XBTUSD
2019-08-08 20:00:00,576,b024d5a8-f1a1-5276-638b-df066acd3684,aoa-execution-2019-01-01-2020-12-31.csv,137203,576,0,XBTUSD
2019-08-09 04:00:00,2000576,b4fc8310-a74e-acab-9883-dc321ac513fd,aoa-execution-2019-01-01-2020-12-31.csv,139086,2000576,0,XBTUSD
2019-08-09 12:00:00,4000576,2c3cd105-bf00-c418-3786-ac6b64fb84f7,aoa-execution-2019-01-01-2020-12-31.csv,138412,4000576,0,XBTUSD
2019-08-09 20:00:00,2000576,40268f32-15b5-de3a-115f-93210c8d8096,aoa-execution-2019-01-01-2020-12-31.csv,139970,2000576,0,XBTUSD
2019-08-10 04:00:00,576,7d3e0858-9ad3-9504-494d-c6e2ee56cb65,aoa-execution-2019-01-01-2020-12-31.csv,139973,576,0,XBTUSD
2019-08-10 12:00:00,576,f42d0959-e622-040c-7fd8-de5f456bd538,aoa-execution-2019-01-01-2020-12-31.csv,139972,576,0,XBTUSD
2019-08-10 20:00:00,576,6a4bbbed-0abf-f0b5-d683-8a2558eb3c6c,aoa-execution-2019-01-01-2020-12-31.csv,139971,576,0,XBTUSD
2019-08-11 04:00:00,576,e81faf00-85a7-2421-53c0-27d8f2f9b0aa,aoa-execution-2019-01-01-2020-12-31.csv,139975,576,0,XBTUSD
2019-08-11 12:00:00,576,20695b76-d2bf-6ac5-7f7a-3ddb5f3661ab,aoa-execution-2019-01-01-2020-12-31.csv,139976,576,0,XBTUSD
2019-08-11 20:00:00,576,df8dd897-6082-e93c-f724-3961ff3abd12,aoa-execution-2019-01-01-2020-12-31.csv,139974,576,0,XBTUSD
2019-08-12 04:00:00,576,86c927cc-85a9-13c6-e98e-f4605f8dd073,aoa-execution-2019-01-01-2020-12-31.csv,139977,576,0,XBTUSD
2019-08-12 12:00:00,576,008367fd-ab2e-5a44-6b7b-dc3741e0cbcf,aoa-execution-2019-01-01-2020-12-31.csv,139978,576,0,XBTUSD
2019-08-12 20:00:00,576,639a47e7-c78e-6451-9732-7b2467405d54,aoa-execution-2019-01-01-2020-12-31.csv,139979,576,0,XBTUSD
2019-08-13 04:00:00,576,07a32b0a-5de2-d8d4-d657-54d20c3584fc,aoa-execution-2019-01-01-2020-12-31.csv,139981,576,0,XBTUSD
2019-08-13 12:00:00,576,997fdd0f-f5f8-21de-9bed-7bb4d0e6c0b3,aoa-execution-2019-01-01-2020-12-31.csv,139980,576,0,XBTUSD
2019-08-13 20:00:00,576,dad346fe-5404-10c4-708c-fff930843068,aoa-execution-2019-01-01-2020-12-31.csv,139982,576,0,XBTUSD
2019-08-14 04:00:00,576,5ae4f9d0-7b39-2f0e-28d7-29b7493cd137,aoa-execution-2019-01-01-2020-12-31.csv,140027,576,0,XBTUSD
2019-08-14 12:00:00,576,d1bc2d2c-5c48-7ac0-9cf8-f5aa9f6c105b,aoa-execution-2019-01-01-2020-12-31.csv,140028,576,0,XBTUSD
2019-08-14 20:00:00,424,239902d7-a383-5e69-ffde-d790d78d9f93,aoa-execution-2019-01-01-2020-12-31.csv,140026,-424,0,XBTUSD
2019-08-15 04:00:00,576,0e2f11f9-1a8b-3e32-0ca1-ee07f4c1f63c,aoa-execution-2019-01-01-2020-12-31.csv,141440,576,0,XBTUSD
2019-08-15 12:00:00,6000424,c71e4410-9a11-9c72-94a4-29cb15eb77a4,aoa-execution-2019-01-01-2020-12-31.csv,141578,-6000424,0,XBTUSD
2019-08-15 20:00:00,2000424,d199bc9a-e73a-899c-6fbc-7a9bdd4c57bd,aoa-execution-2019-01-01-2020-12-31.csv,141323,-2000424,0,XBTUSD
2019-08-16 04:00:00,6000424,85c690e0-12a0-992f-2628-6e14d71bf85b,aoa-execution-2019-01-01-2020-12-31.csv,142122,-6000424,0,XBTUSD
2019-08-16 12:00:00,4000424,bfa997f4-fe7c-0d7b-ffb1-4e52047c68e7,aoa-execution-2019-01-01-2020-12-31.csv,141786,-4000424,0,XBTUSD
2019-08-16 20:00:00,8000424,a3b54b5f-a15c-fea9-332a-efce613bebaf,aoa-execution-2019-01-01-2020-12-31.csv,143125,-8000424,0,XBTUSD
2019-08-17 04:00:00,8000424,a8cd347f-636f-88d6-6c19-89c55898358e,aoa-execution-2019-01-01-2020-12-31.csv,143286,-8000424,0,XBTUSD
2019-08-17 12:00:00,6000424,21507478-9213-70b5-a21f-e2ae00340b41,aoa-execution-2019-01-01-2020-12-31.csv,143518,-6000424,0,XBTUSD
2019-08-17 20:00:00,4000424,9f37deeb-a6ed-e5b7-26b7-fac125e14697,aoa-execution-2019-01-01-2020-12-31.csv,143517,-4000424,0,XBTUSD
2019-08-18 04:00:00,4000424,cc252070-9aba-ad70-8176-35c690814c5b,aoa-execution-2019-01-01-2020-12-31.csv,143590,-4000424,0,XBTUSD
2019-08-18 12:00:00,2000424,a9253c0e-3e3a-c5af-b831-d4ef7fe91a01,aoa-execution-2019-01-01-2020-12-31.csv,143947,-2000424,0,XBTUSD
2019-08-18 20:00:00,424,2dae5025-59cc-4697-a661-c2800020e744,aoa-execution-2019-01-01-2020-12-31.csv,143751,-424,0,XBTUSD
2019-08-19 04:00:00,2000424,3ac416ce-dc70-e35e-a5a2-5c0f8f104342,aoa-execution-2019-01-01-2020-12-31.csv,144771,-2000424,0,XBTUSD
2019-08-19 12:00:00,424,bbfbc594-5cd5-5d3b-e319-11fd8a63757d,aoa-execution-2019-01-01-2020-12-31.csv,144145,-424,0,XBTUSD
2019-08-19 20:00:00,424,28070c4a-ec53-ef78-b7c3-cc333c4ae442,aoa-execution-2019-01-01-2020-12-31.csv,144770,-424,0,XBTUSD
2019-08-20 04:00:00,424,6704a41a-d2cd-9b54-d5be-9af21719e350,aoa-execution-2019-01-01-2020-12-31.csv,144772,-424,0,XBTUSD
2019-08-20 12:00:00,2000424,b9fdea51-0c05-26b7-7021-cbac63149376,aoa-execution-2019-01-01-2020-12-31.csv,145068,-2000424,0,XBTUSD
2019-08-20 20:00:00,6000424,eb362cb5-aa9d-9866-35d0-8bfaddb9e22c,aoa-execution-2019-01-01-2020-12-31.csv,145008,-6000424,0,XBTUSD
2019-08-21 04:00:00,424,17a95bfb-5331-a57e-614a-774fdcd140cf,aoa-execution-2019-01-01-2020-12-31.csv,146872,-424,0,XBTUSD
2019-08-21 12:00:00,424,75046c77-8070-8bc9-3929-601db696117e,aoa-execution-2019-01-01-2020-12-31.csv,147404,-424,0,XBTUSD
2019-08-21 20:00:00,424,e2cf2570-0af9-2825-38c8-abfce62518e7,aoa-execution-2019-01-01-2020-12-31.csv,147071,-424,0,XBTUSD
2019-08-22 04:00:00,424,dcb2c23c-c60f-213a-0043-cf8955f4b116,aoa-execution-2019-01-01-2020-12-31.csv,147769,-424,0,XBTUSD
2019-08-22 12:00:00,424,9e43b8a7-2a83-7ad7-b28b-a65fa677a314,aoa-execution-2019-01-01-2020-12-31.csv,147770,-424,0,XBTUSD
2019-08-22 20:00:00,2000424,b1aca9d8-e887-f367-ee17-e3ccb4b3bef3,aoa-execution-2019-01-01-2020-12-31.csv,147772,-2000424,0,XBTUSD
2019-08-23 04:00:00,2000576,6df72760-314d-72c4-45c9-ffe8c3d8676f,aoa-execution-2019-01-01-2020-12-31.csv,148005,2000576,0,XBTUSD
2019-08-23 12:00:00,2000424,23148fb2-a316-beac-78aa-a71eb71bf1e3,aoa-execution-2019-01-01-2020-12-31.csv,147773,-2000424,0,XBTUSD
2019-08-23 20:00:00,2000424,f9b01e39-a096-0eab-9b02-f628cf5b648d,aoa-execution-2019-01-01-2020-12-31.csv,148004,-2000424,0,XBTUSD
2019-08-24 04:00:00,2000424,bb411545-ead8-f78d-2dd7-4751a3c73496,aoa-execution-2019-01-01-2020-12-31.csv,148094,-2000424,0,XBTUSD
2019-08-24 12:00:00,424,a6dcfce1-538a-43fe-8a28-f5781e8debfb,aoa-execution-2019-01-01-2020-12-31.csv,148095,-424,0,XBTUSD
2019-08-24 20:00:00,424,bc52ecec-335f-04fe-a9c8-49f5f5043b3a,aoa-execution-2019-01-01-2020-12-31.csv,148096,-424,0,XBTUSD
2019-08-25 04:00:00,2000576,944527ec-974e-732a-4cec-629e55b5242e,aoa-execution-2019-01-01-2020-12-31.csv,148112,2000576,0,XBTUSD
2019-08-25 12:00:00,2000576,29b51225-dae0-3494-e111-3d1e125a9f0a,aoa-execution-2019-01-01-2020-12-31.csv,148100,2000576,0,XBTUSD
2019-08-25 20:00:00,2000576,5eb38bc9-b6d0-f163-232e-8aff4336faa7,aoa-execution-2019-01-01-2020-12-31.csv,148099,2000576,0,XBTUSD
2019-08-26 04:00:00,576,8a650e6a-5891-2de6-6397-48f4db885f33,aoa-execution-2019-01-01-2020-12-31.csv,149400,576,0,XBTUSD
2019-08-26 12:00:00,576,abc37c31-2c0e-486a-7eab-7233440fb675,aoa-execution-2019-01-01-2020-12-31.csv,149771,576,0,XBTUSD
2019-08-26 20:00:00,576,23be8de7-8218-dc86-d968-da928b207d27,aoa-execution-2019-01-01-2020-12-31.csv,149399,576,0,XBTUSD
2019-08-27 04:00:00,2000576,250f8cbd-340d-2fbc-695c-330a709a1349,aoa-execution-2019-01-01-2020-12-31.csv,150163,2000576,0,XBTUSD
2019-08-27 12:00:00,4000576,5e5c7f98-88a5-ee3a-de03-a461d716826d,aoa-execution-2019-01-01-2020-12-31.csv,150477,4000576,0,XBTUSD
2019-08-27 20:00:00,2000576,20b2b270-4678-475f-ccea-b143c8485889,aoa-execution-2019-01-01-2020-12-31.csv,150424,2000576,0,XBTUSD
2019-08-28 04:00:00,4000576,2664446b-f4c3-5c48-c10f-3eaa22e83fdc,aoa-execution-2019-01-01-2020-12-31.csv,151133,4000576,0,XBTUSD
2019-08-28 12:00:00,576,a479e90f-6918-32ac-3978-7bc9842e9534,aoa-execution-2019-01-01-2020-12-31.csv,152244,576,0,XBTUSD
2019-08-28 20:00:00,424,adf3c334-70af-a867-edb5-ab213fd89c39,aoa-execution-2019-01-01-2020-12-31.csv,150570,-424,0,XBTUSD
2019-08-29 04:00:00,424,3b1cfcd8-e100-cdbf-11d4-7b758deba5cb,aoa-execution-2019-01-01-2020-12-31.csv,153765,-424,0,XBTUSD
2019-08-29 12:00:00,2000424,6928c185-9766-127a-4964-d57cfd683948,aoa-execution-2019-01-01-2020-12-31.csv,152443,-2000424,0,XBTUSD
2019-08-29 20:00:00,2000424,b805231a-2221-6fb7-32a8-45bbb944c606,aoa-execution-2019-01-01-2020-12-31.csv,153369,-2000424,0,XBTUSD
2019-08-30 04:00:00,2000424,67a41d4d-3a9e-235f-477b-dbe0a51b7d9f,aoa-execution-2019-01-01-2020-12-31.csv,153838,-2000424,0,XBTUSD
2019-08-30 12:00:00,2000424,56e7b07c-bd14-0336-9a68-911dd2d1f1ce,aoa-execution-2019-01-01-2020-12-31.csv,153839,-2000424,0,XBTUSD
2019-08-30 20:00:00,2000424,2ca47527-f386-4539-07cb-8f634081f565,aoa-execution-2019-01-01-2020-12-31.csv,153840,-2000424,0,XBTUSD
2019-08-31 04:00:00,2000424,69708acc-250f-f0b6-70f8-d17b2847ebbf,aoa-execution-2019-01-01-2020-12-31.csv,153843,-2000424,0,XBTUSD
2019-08-31 12:00:00,2000424,bfa26d0d-4c58-3e03-738c-013c306e3d2e,aoa-execution-2019-01-01-2020-12-31.csv,153841,-2000424,0,XBTUSD
2019-08-31 20:00:00,2000424,4d483e81-13dc-4c16-cb0b-142ee26dc832,aoa-execution-2019-01-01-2020-12-31.csv,153842,-2000424,0,XBTUSD
2019-09-01 04:00:00,2000424,03c707fa-2c3e-d2c9-69ac-2c74e3a7e5d7,aoa-execution-2019-01-01-2020-12-31.csv,154568,-2000424,0,XBTUSD
2019-09-01 12:00:00,424,1b519fc2-93c4-57c6-36b6-78b7ddea1a30,aoa-execution-2019-01-01-2020-12-31.csv,154567,-424,0,XBTUSD
2019-09-01 20:00:00,424,a786f3ef-0fd1-4da2-ab93-f068db20fe65,aoa-execution-2019-01-01-2020-12-31.csv,154566,-424,0,XBTUSD
2019-09-02 04:00:00,424,55de9597-d3dc-900a-00f1-92aaa68cd71b,aoa-execution-2019-01-01-2020-12-31.csv,154713,-424,0,XBTUSD
2019-09-02 12:00:00,424,54468cfa-dd20-ab03-61c6-793e568db3b1,aoa-execution-2019-01-01-2020-12-31.csv,154712,-424,0,XBTUSD
2019-09-02 20:00:00,424,04edaaf1-9769-b231-498a-550ad049e628,aoa-execution-2019-01-01-2020-12-31.csv,154714,-424,0,XBTUSD
2019-09-03 04:00:00,424,23ac687c-327b-6890-e75a-d50006b4d378,aoa-execution-2019-01-01-2020-12-31.csv,155148,-424,0,XBTUSD
2019-09-03 12:00:00,424,01ee700b-98e2-b63d-dea0-1ab69c377973,aoa-execution-2019-01-01-2020-12-31.csv,154715,-424,0,XBTUSD
2019-09-03 20:00:00,2000424,70918150-4138-8d21-4282-3f4013d0c4dc,aoa-execution-2019-01-01-2020-12-31.csv,154823,-2000424,0,XBTUSD
2019-09-04 04:00:00,424,51029ae2-c10a-5ba5-f322-2682e460dd1e,aoa-execution-2019-01-01-2020-12-31.csv,155403,-424,0,XBTUSD
2019-09-04 12:00:00,424,8d7c96e9-1e9c-7d90-951f-091771c733d4,aoa-execution-2019-01-01-2020-12-31.csv,155363,-424,0,XBTUSD
2019-09-04 20:00:00,576,19608758-6213-4575-05f5-3d1be2f42cbe,aoa-execution-2019-01-01-2020-12-31.csv,155404,576,0,XBTUSD
2019-09-05 04:00:00,576,0074ae49-ff43-174f-8c19-ff896d563436,aoa-execution-2019-01-01-2020-12-31.csv,155621,576,0,XBTUSD
2019-09-05 12:00:00,424,9fd24eee-ed8e-5b24-e9b1-c19f1176ab2a,aoa-execution-2019-01-01-2020-12-31.csv,155689,-424,0,XBTUSD
2019-09-05 20:00:00,2000576,475216fd-ca62-65b0-b931-31b8f23a9a7f,aoa-execution-2019-01-01-2020-12-31.csv,155636,2000576,0,XBTUSD
2019-09-06 04:00:00,576,bed10b59-528b-a340-3b2f-1665b40a7cfa,aoa-execution-2019-01-01-2020-12-31.csv,155774,576,0,XBTUSD
2019-09-06 12:00:00,424,02baba47-81ec-8798-6661-d5a7d59467fc,aoa-execution-2019-01-01-2020-12-31.csv,155771,-424,0,XBTUSD
2019-09-06 20:00:00,2000424,661c60ed-3dc7-b75c-dcf8-f67c782333d5,aoa-execution-2019-01-01-2020-12-31.csv,155772,-2000424,0,XBTUSD
2019-09-07 04:00:00,2000424,ac70bf1f-7a40-d27d-12a1-0acd55531300,aoa-execution-2019-01-01-2020-12-31.csv,156426,-2000424,0,XBTUSD
2019-09-07 12:00:00,2000424,6aba3680-1e80-596f-9370-d4032083c410,aoa-execution-2019-01-01-2020-12-31.csv,156425,-2000424,0,XBTUSD
2019-09-07 20:00:00,2000424,f763b32c-7cfa-c636-344a-6df00cad9a0b,aoa-execution-2019-01-01-2020-12-31.csv,156500,-2000424,0,XBTUSD
2019-09-08 04:00:00,424,ffc7c56e-c863-7492-6e15-1090c8e12d69,aoa-execution-2019-01-01-2020-12-31.csv,156909,-424,0,XBTUSD
2019-09-08 12:00:00,424,8e50b53a-650d-0d5a-b0e3-7360ad4af771,aoa-execution-2019-01-01-2020-12-31.csv,156910,-424,0,XBTUSD
2019-09-08 20:00:00,4000576,fac9de1c-8ca7-8be2-39db-4b2bd4458e71,aoa-execution-2019-01-01-2020-12-31.csv,156501,4000576,0,XBTUSD
2019-09-09 04:00:00,4000576,b889ec2b-c191-cb1e-2378-0aeaf84478af,aoa-execution-2019-01-01-2020-12-31.csv,157170,4000576,0,XBTUSD
2019-09-09 12:00:00,424,4e115450-93ee-1284-b0c4-b27886d882eb,aoa-execution-2019-01-01-2020-12-31.csv,157810,-424,0,XBTUSD
2019-09-09 20:00:00,4000424,d30d851c-9d18-1d12-dca2-fccd82139346,aoa-execution-2019-01-01-2020-12-31.csv,158791,-4000424,0,XBTUSD
2019-09-10 04:00:00,4000424,f79ff379-808d-7210-ef63-8d238dbb1cee,aoa-execution-2019-01-01-2020-12-31.csv,158952,-4000424,0,XBTUSD
2019-09-10 12:00:00,424,c65b33b9-94e9-bbe0-748f-2bc567cc688d,aoa-execution-2019-01-01-2020-12-31.csv,158950,-424,0,XBTUSD
2019-09-10 20:00:00,424,7a36eeff-b771-662f-26a2-35611b2f7ac9,aoa-execution-2019-01-01-2020-12-31.csv,158951,-424,0,XBTUSD
2019-09-11 04:00:00,424,d0c963e0-3a1b-8cca-8e95-ff51da97d983,aoa-execution-2019-01-01-2020-12-31.csv,159274,-424,0,XBTUSD
2019-09-11 12:00:00,424,691dfc37-030b-5bfc-044b-e7d0468c192d,aoa-execution-2019-01-01-2020-12-31.csv,159225,-424,0,XBTUSD
2019-09-11 20:00:00,2000424,029c2ef4-6b62-8d53-492e-931ed8876d69,aoa-execution-2019-01-01-2020-12-31.csv,159331,-2000424,0,XBTUSD
2019-09-12 04:00:00,424,b23389d6-65e0-6989-c2cb-16e541f689a3,aoa-execution-2019-01-01-2020-12-31.csv,159926,-424,0,XBTUSD
2019-09-12 12:00:00,424,2fc9b0d3-01da-4b53-919d-2dd1301f714a,aoa-execution-2019-01-01-2020-12-31.csv,159927,-424,0,XBTUSD
2019-09-12 20:00:00,424,fd0eb65b-ebff-fb33-8d3f-afb55ab01912,aoa-execution-2019-01-01-2020-12-31.csv,159925,-424,0,XBTUSD
2019-09-13 04:00:00,424,6a46eb71-5f22-4e41-07cb-41e9a0657f60,aoa-execution-2019-01-01-2020-12-31.csv,159930,-424,0,XBTUSD
2019-09-13 12:00:00,424,47b4c5e2-a1c3-b2e8-d359-ed10abf979c4,aoa-execution-2019-01-01-2020-12-31.csv,159928,-424,0,XBTUSD
2019-09-13 20:00:00,424,4c0df041-15f2-3162-3668-4bfb5d972679,aoa-execution-2019-01-01-2020-12-31.csv,159929,-424,0,XBTUSD
2019-09-14 04:00:00,424,38334343-068c-93cb-f173-3c55c5477228,aoa-execution-2019-01-01-2020-12-31.csv,159933,-424,0,XBTUSD
2019-09-14 12:00:00,424,826e60a5-0017-4ad6-5a4e-a3e1711ebcb4,aoa-execution-2019-01-01-2020-12-31.csv,159931,-424,0,XBTUSD
2019-09-14 20:00:00,424,20564a87-31e7-105e-f7bc-e1e0afd65801,aoa-execution-2019-01-01-2020-12-31.csv,159932,-424,0,XBTUSD
2019-09-15 04:00:00,424,194a07af-4940-b0e7-2a21-eb69c8ea1524,aoa-execution-2019-01-01-2020-12-31.csv,159936,-424,0,XBTUSD
2019-09-15 12:00:00,424,bb70cb6b-8a67-2570-1636-fb0b50073659,aoa-execution-2019-01-01-2020-12-31.csv,159935,-424,0,XBTUSD
2019-09-15 20:00:00,424,d1372a65-5dd1-7257-64ea-d336c0d0df5d,aoa-execution-2019-01-01-2020-12-31.csv,159934,-424,0,XBTUSD
2019-09-16 04:00:00,424,abf8e3ff-26ba-e1d3-2cd4-a107e0888f28,aoa-execution-2019-01-01-2020-12-31.csv,159938,-424,0,XBTUSD
2019-09-16 12:00:00,424,78f15b48-574b-5a18-8297-bbc551f96f57,aoa-execution-2019-01-01-2020-12-31.csv,159939,-424,0,XBTUSD
2019-09-16 20:00:00,424,f0381628-7799-104d-d38e-2db2167eed8f,aoa-execution-2019-01-01-2020-12-31.csv,159937,-424,0,XBTUSD
2019-09-17 04:00:00,424,96fd15db-565b-cab5-8654-6fabf6261327,aoa-execution-2019-01-01-2020-12-31.csv,159940,-424,0,XBTUSD
2019-09-17 12:00:00,424,8fb32fd2-636b-50d2-41d2-60b9ce97037f,aoa-execution-2019-01-01-2020-12-31.csv,159941,-424,0,XBTUSD
2019-09-17 20:00:00,424,5a9a4d65-870d-582f-954e-3d244750ba47,aoa-execution-2019-01-01-2020-12-31.csv,159942,-424,0,XBTUSD
2019-09-18 04:00:00,424,32891b99-83c6-9e59-9e00-2cf8e69b99bc,aoa-execution-2019-01-01-2020-12-31.csv,159945,-424,0,XBTUSD
2019-09-18 12:00:00,424,3a2b478d-cc8e-1a1d-9f73-5cdfe8c2266d,aoa-execution-2019-01-01-2020-12-31.csv,159944,-424,0,XBTUSD
2019-09-18 20:00:00,424,19af6330-dccf-7f9b-d74c-62524706e941,aoa-execution-2019-01-01-2020-12-31.csv,159943,-424,0,XBTUSD
2019-09-19 04:00:00,424,c151fe9d-6b57-c2bf-e4a9-b11f4287c5fb,aoa-execution-2019-01-01-2020-12-31.csv,159975,-424,0,XBTUSD
2019-09-19 12:00:00,424,34cdd8a1-107f-92ef-5c4d-2dbea67799d7,aoa-execution-2019-01-01-2020-12-31.csv,160623,-424,0,XBTUSD
2019-09-19 20:00:00,424,ed1dd67a-d744-834f-6855-069268335071,aoa-execution-2019-01-01-2020-12-31.csv,160535,-424,0,XBTUSD
2019-09-20 04:00:00,576,e0ee7a55-2d0a-ad08-acbd-2d0f8b505a8e,aoa-execution-2019-01-01-2020-12-31.csv,161109,576,0,XBTUSD
2019-09-20 12:00:00,2000576,416dafde-9b1a-5eca-72d0-2b5eee56cb41,aoa-execution-2019-01-01-2020-12-31.csv,160624,2000576,0,XBTUSD
2019-09-20 20:00:00,576,038f2ed1-a8b0-8629-c74b-f6ddb5485281,aoa-execution-2019-01-01-2020-12-31.csv,161108,576,0,XBTUSD
2019-09-21 04:00:00,576,73e03f77-d2cb-2b66-455b-e75a8b9b6172,aoa-execution-2019-01-01-2020-12-31.csv,161111,576,0,XBTUSD
2019-09-21 12:00:00,576,ddcfca02-68a2-720d-9769-55a5cb7572a7,aoa-execution-2019-01-01-2020-12-31.csv,161112,576,0,XBTUSD
2019-09-21 20:00:00,576,1818a019-b635-a3c9-7e93-4f72209a25c4,aoa-execution-2019-01-01-2020-12-31.csv,161110,576,0,XBTUSD
2019-09-22 04:00:00,576,0bea6b40-ec35-3ccb-08a2-f23f4fe1e7cc,aoa-execution-2019-01-01-2020-12-31.csv,161113,576,0,XBTUSD
2019-09-22 12:00:00,576,a60f9e61-9b7a-3af3-bcb6-da996ca49e43,aoa-execution-2019-01-01-2020-12-31.csv,161115,576,0,XBTUSD
2019-09-22 20:00:00,576,e77657fc-9e5c-c0ce-0846-185bf02b7951,aoa-execution-2019-01-01-2020-12-31.csv,161114,576,0,XBTUSD
2019-09-23 04:00:00,576,dc89c221-5a6b-aa1c-fd4d-c5748caaf8c4,aoa-execution-2019-01-01-2020-12-31.csv,161660,576,0,XBTUSD
2019-09-23 12:00:00,2000424,da3ca753-4ad3-a044-d653-d054e8f006f0,aoa-execution-2019-01-01-2020-12-31.csv,161281,-2000424,0,XBTUSD
2019-09-23 20:00:00,424,78c75bb8-ec49-683d-89d8-a7171d3523c6,aoa-execution-2019-01-01-2020-12-31.csv,161659,-424,0,XBTUSD
2019-09-24 04:00:00,576,b2a2417e-8d8a-1add-bf06-e296be7b6b7f,aoa-execution-2019-01-01-2020-12-31.csv,161695,576,0,XBTUSD
2019-09-24 12:00:00,576,38dccc02-3a51-f23a-9c7a-d64e0f0f06d7,aoa-execution-2019-01-01-2020-12-31.csv,161702,576,0,XBTUSD
2019-09-25 04:00:00,2000457,dbfd9b6c-dd60-dfe6-c9f8-ba5e6acf86fc,aoa-execution-2019-01-01-2020-12-31.csv,161869,-2000457,0,XBTUSD
2019-09-25 12:00:00,457,eced5df0-98f0-1621-d800-9d7995950f44,aoa-execution-2019-01-01-2020-12-31.csv,161868,-457,0,XBTUSD
2019-09-25 20:00:00,2003457,ba5787c9-ac88-37f3-d8d5-3d230909384d,aoa-execution-2019-01-01-2020-12-31.csv,161856,-2003457,0,XBTUSD
2019-09-26 04:00:00,4003457,d42c3c2e-ff32-1128-00b6-0e1901ee583d,aoa-execution-2019-01-01-2020-12-31.csv,162564,-4003457,0,XBTUSD
2019-09-26 12:00:00,4003457,c1d463b1-064c-faf9-4fa0-9a8b91c72d6f,aoa-execution-2019-01-01-2020-12-31.csv,162887,-4003457,0,XBTUSD
2019-09-26 20:00:00,2000303,32cf6b73-0e8f-7704-48c1-eb05ca3de89f,aoa-execution-2019-01-01-2020-12-31.csv,162886,-2000303,0,XBTUSD
2019-09-27 04:00:00,2000303,139d8503-325d-7c6d-c4f6-d8a9d8ce5a67,aoa-execution-2019-01-01-2020-12-31.csv,162941,-2000303,0,XBTUSD
2019-09-27 12:00:00,2000303,75488456-e4da-7618-26d3-3499fe9b2024,aoa-execution-2019-01-01-2020-12-31.csv,162940,-2000303,0,XBTUSD
2019-09-27 20:00:00,2000303,c2d63573-105a-b65b-fcbf-a33e7cff9794,aoa-execution-2019-01-01-2020-12-31.csv,162939,-2000303,0,XBTUSD
2019-09-28 04:00:00,2000303,149da553-86bb-aba1-0469-52aec11cd4fa,aoa-execution-2019-01-01-2020-12-31.csv,162942,-2000303,0,XBTUSD
2019-09-28 12:00:00,2000303,0f6de223-ed51-000b-0486-3e97c00fa2ee,aoa-execution-2019-01-01-2020-12-31.csv,162944,-2000303,0,XBTUSD
2019-09-28 20:00:00,303,efce1575-7f2a-bd5f-863a-91d68cf97ac7,aoa-execution-2019-01-01-2020-12-31.csv,162943,-303,0,XBTUSD
2019-09-29 04:00:00,303,72dc06e5-9521-af85-1c79-f8c5f98921fe,aoa-execution-2019-01-01-2020-12-31.csv,164351,-303,0,XBTUSD
2019-09-29 12:00:00,2000303,7aa0c0f3-beb1-0925-73ab-31cac136fd92,aoa-execution-2019-01-01-2020-12-31.csv,164465,-2000303,0,XBTUSD
2019-09-29 20:00:00,2000303,9764c3ba-56ef-a178-806a-6373bc89a747,aoa-execution-2019-01-01-2020-12-31.csv,164113,-2000303,0,XBTUSD
2019-09-30 04:00:00,2000303,04221ac7-63c5-6065-47ca-b00466d66025,aoa-execution-2019-01-01-2020-12-31.csv,165155,-2000303,0,XBTUSD
2019-09-30 12:00:00,2000303,70eec75d-7e53-c69b-ddcc-1c79fe895bc4,aoa-execution-2019-01-01-2020-12-31.csv,164906,-2000303,0,XBTUSD
2019-09-30 20:00:00,4000503,2c766b16-7016-d9d0-75c3-a6c5b918e5e6,aoa-execution-2019-01-01-2020-12-31.csv,165885,-4000503,0,XBTUSD
2019-10-01 04:00:00,2000503,c1d569db-9ba0-5255-25cd-679aac656074,aoa-execution-2019-01-01-2020-12-31.csv,166246,-2000503,0,XBTUSD
2019-10-01 12:00:00,503,c8eb3964-547d-693d-0263-9a780c9fce39,aoa-execution-2019-01-01-2020-12-31.csv,166245,-503,0,XBTUSD
2019-10-01 20:00:00,503,422d4e9f-7467-b598-ae18-1accca66ceac,aoa-execution-2019-01-01-2020-12-31.csv,166479,-503,0,XBTUSD
2019-10-02 04:00:00,503,5cda3788-468d-181f-d985-af8d9d50519e,aoa-execution-2019-01-01-2020-12-31.csv,166638,-503,0,XBTUSD
2019-10-02 12:00:00,503,e64485cc-ea81-cbd4-0ca8-a1ea6eef1244,aoa-execution-2019-01-01-2020-12-31.csv,166639,-503,0,XBTUSD
2019-10-02 20:00:00,503,3ddddc9c-7ef1-2b19-2328-1fdb445fe95d,aoa-execution-2019-01-01-2020-12-31.csv,166640,-503,0,XBTUSD
2019-10-03 04:00:00,503,0e37192d-5938-4f1d-ef00-d88e2ab42027,aoa-execution-2019-01-01-2020-12-31.csv,166642,-503,0,XBTUSD
2019-10-03 12:00:00,503,bb93bd81-f666-9aca-7399-59023782cb78,aoa-execution-2019-01-01-2020-12-31.csv,166643,-503,0,XBTUSD
2019-10-03 20:00:00,503,8b327de3-820f-2603-8272-ea2ae258c13b,aoa-execution-2019-01-01-2020-12-31.csv,166641,-503,0,XBTUSD
2019-10-04 04:00:00,503,b72c18ff-7d2d-f2a3-5871-28eefe87e38a,aoa-execution-2019-01-01-2020-12-31.csv,166644,-503,0,XBTUSD
2019-10-04 12:00:00,503,6403789d-8a84-cd3d-0e28-e901c77c6efb,aoa-execution-2019-01-01-2020-12-31.csv,166645,-503,0,XBTUSD
2019-10-04 20:00:00,503,b6a5628c-2aa9-4bc8-a386-f3a566d3a731,aoa-execution-2019-01-01-2020-12-31.csv,166646,-503,0,XBTUSD
2019-10-05 04:00:00,503,cc6865f0-e68e-e3d9-a8a8-b695bfcb8f42,aoa-execution-2019-01-01-2020-12-31.csv,166647,-503,0,XBTUSD
2019-10-05 12:00:00,503,5ee0bd7a-75d7-e8d6-2f90-64eadd233edc,aoa-execution-2019-01-01-2020-12-31.csv,166648,-503,0,XBTUSD
2019-10-05 20:00:00,503,21492801-5c01-5b5e-d6a8-fae33f47c356,aoa-execution-2019-01-01-2020-12-31.csv,166649,-503,0,XBTUSD
2019-10-06 04:00:00,503,223b3277-f9fb-9f8f-0de4-749b44179853,aoa-execution-2019-01-01-2020-12-31.csv,166687,-503,0,XBTUSD
2019-10-06 12:00:00,503,678c48c5-591e-41a6-60f8-f22f55e60b28,aoa-execution-2019-01-01-2020-12-31.csv,166650,-503,0,XBTUSD
2019-10-06 20:00:00,503,8c3719b7-46cc-4d3a-2109-dea06b18f1fb,aoa-execution-2019-01-01-2020-12-31.csv,166652,-503,0,XBTUSD
2019-10-07 04:00:00,503,90369b02-90ac-214a-fc5b-01f925d639db,aoa-execution-2019-01-01-2020-12-31.csv,166688,-503,0,XBTUSD
2019-10-07 12:00:00,503,ff7ef823-a584-da45-71b4-b45abe6d3b9b,aoa-execution-2019-01-01-2020-12-31.csv,166689,-503,0,XBTUSD
2019-10-07 20:00:00,2000503,89356e5e-5f48-86d8-64a6-3a64206bee35,aoa-execution-2019-01-01-2020-12-31.csv,166690,-2000503,0,XBTUSD
2019-10-08 04:00:00,2000503,80ea1f55-9976-5c87-3826-c07413621b2f,aoa-execution-2019-01-01-2020-12-31.csv,166939,-2000503,0,XBTUSD
2019-10-08 12:00:00,2000503,5f1dd2ce-1344-5941-0180-2c520259e998,aoa-execution-2019-01-01-2020-12-31.csv,166780,-2000503,0,XBTUSD
2019-10-08 20:00:00,2000503,78ff8dd6-67b9-0869-5a60-4f0d0ceba720,aoa-execution-2019-01-01-2020-12-31.csv,167039,-2000503,0,XBTUSD
2019-10-09 04:00:00,2000503,ca0d5fbb-809c-19da-c9eb-f3edcbcfb2c3,aoa-execution-2019-01-01-2020-12-31.csv,167040,-2000503,0,XBTUSD
2019-10-09 12:00:00,2000503,ed0a74e5-3d63-537c-10b4-7a2f41c02c5f,aoa-execution-2019-01-01-2020-12-31.csv,167157,-2000503,0,XBTUSD
2019-10-09 20:00:00,503,eabf8f0c-0934-450f-86ed-631a2aec388b,aoa-execution-2019-01-01-2020-12-31.csv,167497,-503,0,XBTUSD
2019-10-10 04:00:00,503,71100dd0-3248-9bc7-2440-ef8314f7a0fd,aoa-execution-2019-01-01-2020-12-31.csv,168033,-503,0,XBTUSD
2019-10-10 12:00:00,1014021,c2a35476-f449-0d39-3a01-15f97052cb19,aoa-execution-2019-01-01-2020-12-31.csv,167575,1014021,0,XBTUSD
2019-10-10 20:00:00,497,505a0dcf-e93f-a86c-9ec7-b485eda61f54,aoa-execution-2019-01-01-2020-12-31.csv,168034,497,0,XBTUSD
2019-10-11 04:00:00,497,dcb02b56-5370-5b14-83fc-efb9c9d982be,aoa-execution-2019-01-01-2020-12-31.csv,168098,497,0,XBTUSD
2019-10-11 12:00:00,497,3e218b44-b18a-9c6d-71c6-a6db670feab4,aoa-execution-2019-01-01-2020-12-31.csv,168096,497,0,XBTUSD
2019-10-11 20:00:00,497,0b6ab4ee-6c3c-5c58-e086-63849876732e,aoa-execution-2019-01-01-2020-12-31.csv,168097,497,0,XBTUSD
2019-10-12 04:00:00,497,d63d6bce-dbfc-36fe-6bf7-9618e2d8ed04,aoa-execution-2019-01-01-2020-12-31.csv,168099,497,0,XBTUSD
2019-10-12 12:00:00,497,28046eb6-ac65-da0a-e4ce-537a2c1b2ae2,aoa-execution-2019-01-01-2020-12-31.csv,168100,497,0,XBTUSD
2019-10-12 20:00:00,497,3238f109-965d-a422-4f52-e07a646c6a79,aoa-execution-2019-01-01-2020-12-31.csv,168101,497,0,XBTUSD
2019-10-13 04:00:00,2000503,0782c30a-bea2-f330-16f3-bdc99227212a,aoa-execution-2019-01-01-2020-12-31.csv,168102,-2000503,0,XBTUSD
2019-10-13 12:00:00,2000503,f8a073e1-7a62-044d-564e-d155ec192bee,aoa-execution-2019-01-01-2020-12-31.csv,168573,-2000503,0,XBTUSD
2019-10-13 20:00:00,2000503,96851f1f-f3c4-549c-a022-027018c80169,aoa-execution-2019-01-01-2020-12-31.csv,168103,-2000503,0,XBTUSD
2019-10-14 04:00:00,1000497,0ef3c574-dbc8-3d34-31e9-e4fe7a7cfbe8,aoa-execution-2019-01-01-2020-12-31.csv,168852,1000497,0,XBTUSD
2019-10-14 12:00:00,2000497,fb3c38f4-d1db-55cb-0fe8-a0bf0fdb530b,aoa-execution-2019-01-01-2020-12-31.csv,168716,2000497,0,XBTUSD
2019-10-14 20:00:00,2000497,1b2ecbbd-64ee-9417-e9e3-c4564930b1e3,aoa-execution-2019-01-01-2020-12-31.csv,168574,2000497,0,XBTUSD
2019-10-15 04:00:00,2000497,e607abb9-e589-74c5-bbb7-50a54fb2323d,aoa-execution-2019-01-01-2020-12-31.csv,168914,2000497,0,XBTUSD
2019-10-15 12:00:00,2000497,8390b3f9-b5fb-5372-404e-e6202239d41e,aoa-execution-2019-01-01-2020-12-31.csv,168915,2000497,0,XBTUSD
2019-10-15 20:00:00,2000497,0341939e-145f-8dda-1b40-484d8d84d1ad,aoa-execution-2019-01-01-2020-12-31.csv,168916,2000497,0,XBTUSD
2019-10-16 04:00:00,497,26184d0f-ef00-1f08-52ab-59cde1f5154e,aoa-execution-2019-01-01-2020-12-31.csv,168918,497,0,XBTUSD
2019-10-16 12:00:00,497,98dbd14a-9543-cb87-e018-770c90186959,aoa-execution-2019-01-01-2020-12-31.csv,168917,497,0,XBTUSD
2019-10-16 20:00:00,497,5c33d64a-2758-0d5a-4b44-8c69a6f1383d,aoa-execution-2019-01-01-2020-12-31.csv,169065,497,0,XBTUSD
2019-10-17 04:00:00,497,e496eff7-729d-a878-1189-c4888ea6749c,aoa-execution-2019-01-01-2020-12-31.csv,169252,497,0,XBTUSD
2019-10-17 12:00:00,497,b7695b7f-e52a-d2ef-9922-f9c498b16961,aoa-execution-2019-01-01-2020-12-31.csv,169066,497,0,XBTUSD
2019-10-17 20:00:00,1999503,f5ab7158-78f0-afe9-ba24-aa7a2c988c73,aoa-execution-2019-01-01-2020-12-31.csv,169067,-1999503,0,XBTUSD
2019-10-18 04:00:00,1999503,4007cd96-2ae6-d377-1d6b-9c2a47a6947d,aoa-execution-2019-01-01-2020-12-31.csv,169445,-1999503,0,XBTUSD
2019-10-18 12:00:00,503,2462aeba-77c7-06a1-24fa-c4d4083a39df,aoa-execution-2019-01-01-2020-12-31.csv,169444,-503,0,XBTUSD
2019-10-18 20:00:00,503,a05a34c8-2c40-b981-a42e-d0b5e07c7ddb,aoa-execution-2019-01-01-2020-12-31.csv,169446,-503,0,XBTUSD
2019-10-19 04:00:00,503,f8805e61-fd51-52ed-7cf0-8ead44251d95,aoa-execution-2019-01-01-2020-12-31.csv,169449,-503,0,XBTUSD
2019-10-19 12:00:00,503,22334766-497a-5d18-db3a-d7870668edb4,aoa-execution-2019-01-01-2020-12-31.csv,169448,-503,0,XBTUSD
2019-10-19 20:00:00,503,c737aeb4-170d-ee08-8270-8aef38b8a3e4,aoa-execution-2019-01-01-2020-12-31.csv,169447,-503,0,XBTUSD
2019-10-20 04:00:00,503,426ee3be-2096-c254-48c8-404fbb6f10b1,aoa-execution-2019-01-01-2020-12-31.csv,169451,-503,0,XBTUSD
2019-10-20 12:00:00,503,08e9261c-9c3b-011c-c188-4a1caf92264a,aoa-execution-2019-01-01-2020-12-31.csv,169450,-503,0,XBTUSD
2019-10-20 20:00:00,503,7b3833ab-b275-9b12-2383-263243ad15fc,aoa-execution-2019-01-01-2020-12-31.csv,169452,-503,0,XBTUSD
2019-10-21 04:00:00,503,b26f7d18-61c6-967f-fda2-56c28c533e5d,aoa-execution-2019-01-01-2020-12-31.csv,169565,-503,0,XBTUSD
2019-10-21 12:00:00,503,c84b00b8-d577-3b92-60c5-fe91e90eab13,aoa-execution-2019-01-01-2020-12-31.csv,169564,-503,0,XBTUSD
2019-10-21 20:00:00,503,2e7e60c8-6138-f4a6-f846-1c2bfc0caacc,aoa-execution-2019-01-01-2020-12-31.csv,169566,-503,0,XBTUSD
2019-10-22 04:00:00,503,71560d7b-e806-0e3f-3eb0-28024509fa85,aoa-execution-2019-01-01-2020-12-31.csv,169860,-503,0,XBTUSD
2019-10-22 12:00:00,2000503,3c527297-834c-dc97-86d1-aa5ee33264c9,aoa-execution-2019-01-01-2020-12-31.csv,169859,-2000503,0,XBTUSD
2019-10-22 20:00:00,2000503,9ccaa332-cd21-03d7-b6d5-cbfc28968c58,aoa-execution-2019-01-01-2020-12-31.csv,169858,-2000503,0,XBTUSD
2019-10-23 04:00:00,2000503,643a9e10-d7ae-2dcb-397d-d4aed5e79067,aoa-execution-2019-01-01-2020-12-31.csv,169861,-2000503,0,XBTUSD
2019-10-23 12:00:00,2000503,4e189712-e91a-c9ef-7d25-ed7374ec7863,aoa-execution-2019-01-01-2020-12-31.csv,169862,-2000503,0,XBTUSD
2019-10-23 20:00:00,503,2a4881ce-fc29-1487-921a-b11b2845cc37,aoa-execution-2019-01-01-2020-12-31.csv,169930,-503,0,XBTUSD
2019-10-24 04:00:00,503,f99eaef3-67f2-dc06-d915-b219646ce1ad,aoa-execution-2019-01-01-2020-12-31.csv,170672,-503,0,XBTUSD
2019-10-24 12:00:00,2000503,d21b33a7-c33e-d06f-94f6-a13a7c971cdb,aoa-execution-2019-01-01-2020-12-31.csv,170671,-2000503,0,XBTUSD
2019-10-24 20:00:00,2000503,ed94845f-4887-a197-671f-eaf6581f823b,aoa-execution-2019-01-01-2020-12-31.csv,170943,-2000503,0,XBTUSD
2019-10-25 04:00:00,2000503,9505c214-a89f-dd1f-08d6-5b6d593e4c1c,aoa-execution-2019-01-01-2020-12-31.csv,171439,-2000503,0,XBTUSD
2019-10-25 12:00:00,2000503,deaeffef-3282-28ee-a78b-c9b5f271c925,aoa-execution-2019-01-01-2020-12-31.csv,170947,-2000503,0,XBTUSD
2019-10-25 20:00:00,497,67ce8d4b-a9dd-cb4f-80b3-e114e1544c4d,aoa-execution-2019-01-01-2020-12-31.csv,171440,497,0,XBTUSD
2019-10-26 04:00:00,497,64e0a96d-d28d-be11-41fb-ca644371dc00,aoa-execution-2019-01-01-2020-12-31.csv,171465,497,0,XBTUSD
2019-10-26 12:00:00,2000497,f810c55c-e93c-621b-79c3-878f8a3cd1dd,aoa-execution-2019-01-01-2020-12-31.csv,171489,2000497,0,XBTUSD
2019-10-26 20:00:00,2000497,26cdda2f-5fc3-a7c7-0840-7dee2968e491,aoa-execution-2019-01-01-2020-12-31.csv,171441,2000497,0,XBTUSD
2019-10-27 04:00:00,2000497,4d6a7bd2-1e59-bfff-922a-12cc1a52a663,aoa-execution-2019-01-01-2020-12-31.csv,172385,2000497,0,XBTUSD
2019-10-27 12:00:00,497,b792b89f-79e5-070f-1bf4-f87376e93219,aoa-execution-2019-01-01-2020-12-31.csv,172504,497,0,XBTUSD
2019-10-27 20:00:00,503,5ef7c87c-5146-cff5-4163-4a88a0dd0311,aoa-execution-2019-01-01-2020-12-31.csv,172358,-503,0,XBTUSD
2019-10-28 04:00:00,503,06339ba7-eec6-a151-634c-95699327294c,aoa-execution-2019-01-01-2020-12-31.csv,173206,-503,0,XBTUSD
2019-10-28 12:00:00,2000497,f535edcf-06f6-63a1-b194-e556e220f7ce,aoa-execution-2019-01-01-2020-12-31.csv,173288,2000497,0,XBTUSD
2019-10-28 20:00:00,2000497,64d30c6f-68a4-3b5f-8f0a-d77dd893e7c2,aoa-execution-2019-01-01-2020-12-31.csv,173205,2000497,0,XBTUSD
2019-10-29 04:00:00,2000497,7ce69314-4803-c140-cef5-c42a4625ebee,aoa-execution-2019-01-01-2020-12-31.csv,173436,2000497,0,XBTUSD
2019-10-29 12:00:00,2000497,2a16ecc9-74a3-f805-56d2-a064c46bfe48,aoa-execution-2019-01-01-2020-12-31.csv,173481,2000497,0,XBTUSD
2019-10-29 20:00:00,2000497,014234d5-cbe9-3ffc-90a3-1b5e36bd5e57,aoa-execution-2019-01-01-2020-12-31.csv,173561,2000497,0,XBTUSD
2019-10-30 04:00:00,2000497,20e19578-7240-50b5-758d-d5a14344a496,aoa-execution-2019-01-01-2020-12-31.csv,173748,2000497,0,XBTUSD
2019-10-30 12:00:00,2000497,d282083c-7866-f034-6ef9-4dd884227125,aoa-execution-2019-01-01-2020-12-31.csv,173747,2000497,0,XBTUSD
2019-10-30 20:00:00,497,82524cf5-0497-6886-e95f-072b4ad8b1e1,aoa-execution-2019-01-01-2020-12-31.csv,173718,497,0,XBTUSD
2019-10-31 04:00:00,497,e2f11999-6e8e-d5df-cfd8-b9f4ce8124ee,aoa-execution-2019-01-01-2020-12-31.csv,173949,497,0,XBTUSD
2019-10-31 12:00:00,497,f1f9eac2-4502-4dd7-36d8-880c7f553c1d,aoa-execution-2019-01-01-2020-12-31.csv,173951,497,0,XBTUSD
2019-10-31 20:00:00,497,241b38f7-9685-705a-54ca-65a3f0567107,aoa-execution-2019-01-01-2020-12-31.csv,173950,497,0,XBTUSD
2019-11-01 04:00:00,497,8379dd11-9510-78aa-f00d-4b758effecab,aoa-execution-2019-01-01-2020-12-31.csv,173953,497,0,XBTUSD
2019-11-01 12:00:00,497,a860d28d-5243-088c-2c90-483f3d2886c3,aoa-execution-2019-01-01-2020-12-31.csv,173952,497,0,XBTUSD
2019-11-01 20:00:00,497,84a7f738-3da0-c689-12ef-5802a2cdd0c3,aoa-execution-2019-01-01-2020-12-31.csv,173954,497,0,XBTUSD
2019-11-02 04:00:00,497,dd663fdf-019a-c005-9082-afd94c5705bc,aoa-execution-2019-01-01-2020-12-31.csv,173991,497,0,XBTUSD
2019-11-02 12:00:00,497,36b9e718-b9dd-b674-ae12-b24c46a7d8d6,aoa-execution-2019-01-01-2020-12-31.csv,173955,497,0,XBTUSD
2019-11-02 20:00:00,503,3007fcd0-4774-c3ed-29c2-deaabf022d7b,aoa-execution-2019-01-01-2020-12-31.csv,173990,-503,0,XBTUSD
2019-11-03 04:00:00,503,3e20048b-3b30-2e85-4b3d-49ceafb611f7,aoa-execution-2019-01-01-2020-12-31.csv,173994,-503,0,XBTUSD
2019-11-03 12:00:00,503,fbc8a413-c97d-3faf-037c-eb5b7cb53e46,aoa-execution-2019-01-01-2020-12-31.csv,173992,-503,0,XBTUSD
2019-11-03 20:00:00,503,2e20341c-6dc7-83da-e628-a35fa6e21e65,aoa-execution-2019-01-01-2020-12-31.csv,173993,-503,0,XBTUSD
2019-11-04 04:00:00,503,5d58fea1-204d-a3a4-45f2-3c92bea87b17,aoa-execution-2019-01-01-2020-12-31.csv,173996,-503,0,XBTUSD
2019-11-04 12:00:00,503,c9bf3676-6924-d92a-7d4b-b0e510cf5b4d,aoa-execution-2019-01-01-2020-12-31.csv,173995,-503,0,XBTUSD
2019-11-04 20:00:00,503,c8514c47-0f4c-8dfe-26f5-0ce0c3148334,aoa-execution-2019-01-01-2020-12-31.csv,173997,-503,0,XBTUSD
2019-11-05 04:00:00,503,01d28e4d-1016-1cea-ae7e-3bf16f3042a5,aoa-execution-2019-01-01-2020-12-31.csv,173998,-503,0,XBTUSD
2019-11-05 12:00:00,503,1b370573-389e-1444-a2d0-166d14aa6d44,aoa-execution-2019-01-01-2020-12-31.csv,173999,-503,0,XBTUSD
2019-11-05 20:00:00,503,208157dc-284c-47ce-f7df-6a071a9cd71e,aoa-execution-2019-01-01-2020-12-31.csv,174000,-503,0,XBTUSD
2019-11-06 04:00:00,503,c850a7c0-1300-8602-204e-a3d5052a4751,aoa-execution-2019-01-01-2020-12-31.csv,174001,-503,0,XBTUSD
2019-11-06 12:00:00,503,baac62e8-1bf0-61e8-e099-df62f2978d80,aoa-execution-2019-01-01-2020-12-31.csv,174002,-503,0,XBTUSD
2019-11-06 20:00:00,503,16549e8f-0782-cedb-48a3-815836dae758,aoa-execution-2019-01-01-2020-12-31.csv,174003,-503,0,XBTUSD
2019-11-07 04:00:00,503,b999939c-afcc-c21a-e8fa-e571b7100596,aoa-execution-2019-01-01-2020-12-31.csv,174236,-503,0,XBTUSD
2019-11-07 12:00:00,3500503,2e9e6d1e-a91e-e90d-42f6-bbd50b098be1,aoa-execution-2019-01-01-2020-12-31.csv,174004,-3500503,0,XBTUSD
2019-11-07 20:00:00,3500503,f198fd0f-8cc4-bafb-c1dd-4ee84b48fdb5,aoa-execution-2019-01-01-2020-12-31.csv,174237,-3500503,0,XBTUSD
2019-11-08 04:00:00,3500503,00081ea8-4dba-291c-4248-a7fbcbd36137,aoa-execution-2019-01-01-2020-12-31.csv,175771,-3500503,0,XBTUSD
2019-11-08 12:00:00,2000512,5ce365f6-7835-79f4-f2c3-9ee04f76b68a,aoa-execution-2019-01-01-2020-12-31.csv,176173,-2000512,0,XBTUSD
2019-11-08 20:00:00,2000512,def1248d-a868-e47d-eee6-22321e5bf6f6,aoa-execution-2019-01-01-2020-12-31.csv,175202,-2000512,0,XBTUSD
2019-11-09 04:00:00,512,a5d458fa-9ec2-4ba7-c73f-fb5aa48d52df,aoa-execution-2019-01-01-2020-12-31.csv,176176,-512,0,XBTUSD
2019-11-09 12:00:00,512,01adde51-0a94-afde-a42e-f5f3e9931a5d,aoa-execution-2019-01-01-2020-12-31.csv,176175,-512,0,XBTUSD
2019-11-09 20:00:00,512,97409f6b-d490-4aeb-fd4b-0f5ed714e188,aoa-execution-2019-01-01-2020-12-31.csv,176174,-512,0,XBTUSD
2019-11-10 04:00:00,512,98e1b0c6-062a-86c2-d603-0a996bc2d5d2,aoa-execution-2019-01-01-2020-12-31.csv,176177,-512,0,XBTUSD
2019-11-10 12:00:00,512,a3ec5f0b-03aa-5233-ee33-0c33127ddfcc,aoa-execution-2019-01-01-2020-12-31.csv,176179,-512,0,XBTUSD
2019-11-10 20:00:00,512,1a503c2f-8c38-98ae-c009-fd36889b4240,aoa-execution-2019-01-01-2020-12-31.csv,176178,-512,0,XBTUSD
2019-11-11 04:00:00,512,b01119ce-f5d1-becf-6b9f-30891a4de0b9,aoa-execution-2019-01-01-2020-12-31.csv,176440,-512,0,XBTUSD
2019-11-11 12:00:00,2000512,880c1330-d642-49f0-516a-0fb9ab71b2de,aoa-execution-2019-01-01-2020-12-31.csv,176441,-2000512,0,XBTUSD
2019-11-11 20:00:00,512,3bb66084-1d5a-6267-1d49-ded1d0df5f2e,aoa-execution-2019-01-01-2020-12-31.csv,176180,-512,0,XBTUSD
2019-11-12 04:00:00,512,5febb131-2890-0f70-253d-2f8228617d14,aoa-execution-2019-01-01-2020-12-31.csv,176667,-512,0,XBTUSD
2019-11-12 12:00:00,512,23f414f8-efe0-2150-bde7-7af9d7563d20,aoa-execution-2019-01-01-2020-12-31.csv,176669,-512,0,XBTUSD
2019-11-12 20:00:00,512,07c8a4b9-8b87-dbd7-6094-8b213ac3c76b,aoa-execution-2019-01-01-2020-12-31.csv,176668,-512,0,XBTUSD
2019-11-13 04:00:00,512,d3d4eade-9348-9011-641a-cfb12fabcf67,aoa-execution-2019-01-01-2020-12-31.csv,176895,-512,0,XBTUSD
2019-11-13 12:00:00,488,65204d9f-f6e2-87e3-c539-3b9ce6298cc4,aoa-execution-2019-01-01-2020-12-31.csv,177198,488,0,XBTUSD
2019-11-13 20:00:00,488,d5a6ce97-ce6c-8e9a-3282-e09982790f74,aoa-execution-2019-01-01-2020-12-31.csv,176670,488,0,XBTUSD
2019-11-14 04:00:00,488,4aa54733-81e3-1344-b58b-b8b80c65de69,aoa-execution-2019-01-01-2020-12-31.csv,177537,488,0,XBTUSD
2019-11-14 12:00:00,512,80616110-e2a2-c057-67cd-fd06ec86455f,aoa-execution-2019-01-01-2020-12-31.csv,177535,-512,0,XBTUSD
2019-11-14 20:00:00,512,ea0aaa41-fc8e-3aff-bf99-d473f56ced51,aoa-execution-2019-01-01-2020-12-31.csv,177536,-512,0,XBTUSD
2019-11-15 04:00:00,1933540,06cdb9a0-bfda-3f39-ffcd-8145c4553432,aoa-execution-2019-01-01-2020-12-31.csv,177539,1933540,0,XBTUSD
2019-11-15 12:00:00,2000488,a0571135-a63d-edbb-f1bf-24823ef2c60a,aoa-execution-2019-01-01-2020-12-31.csv,177609,2000488,0,XBTUSD
2019-11-15 20:00:00,488,a2f96d3f-507e-2daa-909d-3c40b1bf9b78,aoa-execution-2019-01-01-2020-12-31.csv,177551,488,0,XBTUSD
2019-11-16 04:00:00,488,37b14ce5-bb9e-5cd5-1ced-14c458ec8f24,aoa-execution-2019-01-01-2020-12-31.csv,177760,488,0,XBTUSD
2019-11-16 12:00:00,512,86c6737a-2dd5-0c30-9622-ffb96d0db1d4,aoa-execution-2019-01-01-2020-12-31.csv,177759,-512,0,XBTUSD
2019-11-16 20:00:00,512,1396a304-3b4b-a0e0-a8cd-3d242949bbab,aoa-execution-2019-01-01-2020-12-31.csv,177763,-512,0,XBTUSD
2019-11-17 04:00:00,512,fc7224a9-dc0c-6c0c-554c-b637181ca840,aoa-execution-2019-01-01-2020-12-31.csv,178103,-512,0,XBTUSD
2019-11-17 12:00:00,512,2933a063-be6e-aa08-6d9d-ed657a1e1823,aoa-execution-2019-01-01-2020-12-31.csv,178102,-512,0,XBTUSD
2019-11-17 20:00:00,512,297b9195-84ee-9c63-13c3-5bef72698394,aoa-execution-2019-01-01-2020-12-31.csv,178104,-512,0,XBTUSD
2019-11-18 04:00:00,488,f38744cf-b928-4158-2775-94375f517d3d,aoa-execution-2019-01-01-2020-12-31.csv,178105,488,0,XBTUSD
2019-11-18 12:00:00,488,ca7e1f14-79dc-0bd0-a21e-dc8f2e1b9736,aoa-execution-2019-01-01-2020-12-31.csv,178387,488,0,XBTUSD
2019-11-18 20:00:00,488,c465ab16-5271-34a9-93f1-1db30fcf5726,aoa-execution-2019-01-01-2020-12-31.csv,178388,488,0,XBTUSD
2019-11-19 04:00:00,2000512,e9ef29a2-b4be-6a13-2412-f4f1a1b70788,aoa-execution-2019-01-01-2020-12-31.csv,179265,-2000512,0,XBTUSD
2019-11-19 12:00:00,4000703,dc8d54c7-b888-723d-7630-33c46d8e944b,aoa-execution-2019-01-01-2020-12-31.csv,179007,-4000703,0,XBTUSD
2019-11-19 20:00:00,4000703,d4822c48-c6fa-48a6-cea5-3edc40693a93,aoa-execution-2019-01-01-2020-12-31.csv,179184,-4000703,0,XBTUSD
2019-11-20 04:00:00,4000703,0142146c-4e02-c5ef-811e-c464f2cea51b,aoa-execution-2019-01-01-2020-12-31.csv,179385,-4000703,0,XBTUSD
2019-11-20 12:00:00,703,346815bb-a803-4dc2-1f31-1d6bb1d480ac,aoa-execution-2019-01-01-2020-12-31.csv,179383,-703,0,XBTUSD
2019-11-20 20:00:00,703,e95e7925-c463-e9a4-51df-b4c8b60adaee,aoa-execution-2019-01-01-2020-12-31.csv,179384,-703,0,XBTUSD
2019-11-21 04:00:00,703,0b37d9e8-203f-bbf7-1e89-0c4fb61eabb7,aoa-execution-2019-01-01-2020-12-31.csv,180171,-703,0,XBTUSD
2019-11-21 12:00:00,297,e0fb6fa7-8e25-6443-8ed5-7742b09ad358,aoa-execution-2019-01-01-2020-12-31.csv,180172,297,0,XBTUSD
2019-11-21 20:00:00,703,0cb3ebe5-bd41-6c9a-3d6a-fe971ef34a8e,aoa-execution-2019-01-01-2020-12-31.csv,179887,-703,0,XBTUSD
2019-11-22 04:00:00,2000703,c294e0d7-ddc0-bdcb-ebdb-4b5a6830b1ab,aoa-execution-2019-01-01-2020-12-31.csv,181374,-2000703,0,XBTUSD
2019-11-22 12:00:00,297,471e0a4c-f7eb-0923-804f-9699cf184972,aoa-execution-2019-01-01-2020-12-31.csv,181358,297,0,XBTUSD
2019-11-22 20:00:00,4000703,47a18169-25e3-f555-db45-014dd3f4e655,aoa-execution-2019-01-01-2020-12-31.csv,181794,-4000703,0,XBTUSD
2019-11-23 04:00:00,2000703,130a1d36-317f-4494-1428-6a2e2f211dfd,aoa-execution-2019-01-01-2020-12-31.csv,182468,-2000703,0,XBTUSD
2019-11-23 12:00:00,446698,38640a53-0aa2-1328-a67a-a34e61e47607,aoa-execution-2019-01-01-2020-12-31.csv,182860,-446698,0,XBTUSD
2019-11-23 20:00:00,4000703,1289ba5c-5bed-d237-1534-7139c145d63e,aoa-execution-2019-01-01-2020-12-31.csv,182467,-4000703,0,XBTUSD
2019-11-24 04:00:00,2000703,99330fc6-c72d-cdd3-5cc6-ce9e5231f879,aoa-execution-2019-01-01-2020-12-31.csv,183085,-2000703,0,XBTUSD
2019-11-24 12:00:00,2000703,6151d128-b80c-157f-da5f-a3069e938bb0,aoa-execution-2019-01-01-2020-12-31.csv,182910,-2000703,0,XBTUSD
2019-11-24 20:00:00,2000703,1abad4c2-2560-ff4d-ad5c-7edb785ead12,aoa-execution-2019-01-01-2020-12-31.csv,182911,-2000703,0,XBTUSD
2019-11-25 04:00:00,297,8c37b1dd-03e4-f4a3-3122-22fcf0536ee6,aoa-execution-2019-01-01-2020-12-31.csv,184122,297,0,XBTUSD
2019-11-25 12:00:00,297,391a1ee2-770d-1dbc-64c6-72f7f25adf07,aoa-execution-2019-01-01-2020-12-31.csv,183894,297,0,XBTUSD
2019-11-25 20:00:00,436,c38d8817-6bda-d957-5faa-4725ad73ad6b,aoa-execution-2019-01-01-2020-12-31.csv,183138,-436,0,XBTUSD
2019-11-26 04:00:00,2000565,e42b5c69-4d1d-d747-1e42-9ea26ce554bb,aoa-execution-2019-01-01-2020-12-31.csv,184200,2000565,0,XBTUSD
2019-11-26 12:00:00,565,9a915573-88b4-ff38-7dc2-a611a5263dbd,aoa-execution-2019-01-01-2020-12-31.csv,184457,565,0,XBTUSD
2019-11-26 20:00:00,565,18025adc-dd42-c562-a353-1acf4dc761c9,aoa-execution-2019-01-01-2020-12-31.csv,184456,565,0,XBTUSD
2019-11-27 04:00:00,565,41d7dabb-a723-da2d-4f09-62d87b8c0ffa,aoa-execution-2019-01-01-2020-12-31.csv,184921,565,0,XBTUSD
2019-11-27 12:00:00,435,7f1197d5-5867-e1ff-4e60-c5fbc28824a4,aoa-execution-2019-01-01-2020-12-31.csv,184695,-435,0,XBTUSD
2019-11-27 20:00:00,2000435,586bdf5e-e0d2-e7a7-7b43-43035bf23265,aoa-execution-2019-01-01-2020-12-31.csv,185105,-2000435,0,XBTUSD
2019-11-28 04:00:00,2000435,e181cf5c-f943-e795-7c77-19a06b51d00e,aoa-execution-2019-01-01-2020-12-31.csv,185227,-2000435,0,XBTUSD
2019-11-28 12:00:00,2000435,b946adea-16b8-59a9-4c9e-e2094f723a8d,aoa-execution-2019-01-01-2020-12-31.csv,185532,-2000435,0,XBTUSD
2019-11-28 20:00:00,6000435,95f4157c-b153-99d5-7dd0-bff10c6cd40f,aoa-execution-2019-01-01-2020-12-31.csv,185533,-6000435,0,XBTUSD
2019-11-29 04:00:00,4000435,5a1990c9-98ca-60d9-76e6-139a84806a5c,aoa-execution-2019-01-01-2020-12-31.csv,186713,-4000435,0,XBTUSD
2019-11-29 12:00:00,4000435,bd49dd3f-b7cc-4bfc-7017-c9ce3a2bc26e,aoa-execution-2019-01-01-2020-12-31.csv,186427,-4000435,0,XBTUSD
2019-11-29 20:00:00,435,660a88ca-534a-1d0e-cbee-258cd9352353,aoa-execution-2019-01-01-2020-12-31.csv,186426,-435,0,XBTUSD
2019-11-30 04:00:00,2000435,06ae09e1-d642-879b-ac96-50391b308cd9,aoa-execution-2019-01-01-2020-12-31.csv,187109,-2000435,0,XBTUSD
2019-11-30 12:00:00,2000435,c133a9d8-be25-380f-97cd-30388d934614,aoa-execution-2019-01-01-2020-12-31.csv,187691,-2000435,0,XBTUSD
2019-11-30 20:00:00,435,1eb8cb33-c9e0-8070-6167-b7410d128523,aoa-execution-2019-01-01-2020-12-31.csv,187921,-435,0,XBTUSD
2019-12-01 04:00:00,435,c049e5e5-70ad-983e-41e7-07aef2392e74,aoa-execution-2019-01-01-2020-12-31.csv,188855,-435,0,XBTUSD
2019-12-01 12:00:00,435,07de53f9-b37e-de47-ebc6-b3e63c8ef577,aoa-execution-2019-01-01-2020-12-31.csv,189039,-435,0,XBTUSD
2019-12-01 20:00:00,565,6c5a96c5-29ee-279e-a5bb-743df902cbcd,aoa-execution-2019-01-01-2020-12-31.csv,189359,565,0,XBTUSD
2019-12-02 04:00:00,565,f7c44af3-2544-66c1-a99f-133c872de4c0,aoa-execution-2019-01-01-2020-12-31.csv,189361,565,0,XBTUSD
2019-12-02 12:00:00,2000565,6c1d4d94-a4d6-df74-54f3-1fb3333da429,aoa-execution-2019-01-01-2020-12-31.csv,189827,2000565,0,XBTUSD
2019-12-02 20:00:00,2000565,13d4795d-be7c-5e88-9f29-4803f39d7525,aoa-execution-2019-01-01-2020-12-31.csv,189826,2000565,0,XBTUSD
2019-12-03 04:00:00,565,7532f3f8-bcfd-9c3d-9bc0-6b9120d8a4f7,aoa-execution-2019-01-01-2020-12-31.csv,189828,565,0,XBTUSD
2019-12-03 12:00:00,565,b8e707ec-f3c2-bc39-949d-41f3cbeb3a76,aoa-execution-2019-01-01-2020-12-31.csv,189985,565,0,XBTUSD
2019-12-03 20:00:00,565,f1b80b62-8ae5-25ee-eba9-7bb47b9ac9bc,aoa-execution-2019-01-01-2020-12-31.csv,189829,565,0,XBTUSD
2019-12-04 04:00:00,565,da91de0b-806c-9718-0f10-a10c7d3ce8cb,aoa-execution-2019-01-01-2020-12-31.csv,190618,565,0,XBTUSD
2019-12-04 12:00:00,565,52a6f63c-efa3-68cd-5ec2-0be2669e615a,aoa-execution-2019-01-01-2020-12-31.csv,190988,565,0,XBTUSD
2019-12-04 20:00:00,2500847,4d302a48-ac59-f740-041b-04bee1a14954,aoa-execution-2019-01-01-2020-12-31.csv,190447,-2500847,0,XBTUSD
2019-12-05 04:00:00,847,773567c0-1d84-8652-bf45-7fa5f929a47f,aoa-execution-2019-01-01-2020-12-31.csv,192357,-847,0,XBTUSD
2019-12-05 12:00:00,400,4af1a43d-b6d3-bbd5-252f-78fcb613c885,aoa-execution-2019-01-01-2020-12-31.csv,192178,-400,0,XBTUSD
2019-12-05 20:00:00,334,046478a7-bb88-9684-e8f7-fe1f0d0ef949,aoa-execution-2019-01-01-2020-12-31.csv,191997,334,0,XBTUSD
2019-12-06 04:00:00,334,d5c708c0-3de5-417c-f287-fcf296e673af,aoa-execution-2019-01-01-2020-12-31.csv,192725,334,0,XBTUSD
2019-12-06 12:00:00,5000666,237bd62e-2843-2600-520e-028a12f8e7ba,aoa-execution-2019-01-01-2020-12-31.csv,193609,-5000666,0,XBTUSD
2019-12-06 20:00:00,666,e56b1bf4-1157-c997-f2f8-24db890f6377,aoa-execution-2019-01-01-2020-12-31.csv,193608,-666,0,XBTUSD
2019-12-07 04:00:00,666,82d3e5ae-cec5-70f9-775e-98b184450de4,aoa-execution-2019-01-01-2020-12-31.csv,193683,-666,0,XBTUSD
2019-12-07 12:00:00,666,caea64c7-03ce-6d43-6c73-2f6855d25051,aoa-execution-2019-01-01-2020-12-31.csv,193681,-666,0,XBTUSD
2019-12-07 20:00:00,666,e5a72031-a41a-655e-5d59-23a361629ace,aoa-execution-2019-01-01-2020-12-31.csv,193682,-666,0,XBTUSD
2019-12-08 04:00:00,666,3e760c36-412d-20f3-ca0a-9cd68ea7214f,aoa-execution-2019-01-01-2020-12-31.csv,193684,-666,0,XBTUSD
2019-12-08 12:00:00,666,5dd8dac2-ea48-74b5-8d00-7e1a17ce0a24,aoa-execution-2019-01-01-2020-12-31.csv,193685,-666,0,XBTUSD
2019-12-08 20:00:00,666,3b886fba-adfa-c220-7ac9-bdf8f996ff67,aoa-execution-2019-01-01-2020-12-31.csv,193686,-666,0,XBTUSD
2019-12-09 04:00:00,666,362e1e97-4143-ad60-01d7-344cc888ddb7,aoa-execution-2019-01-01-2020-12-31.csv,195593,-666,0,XBTUSD
2019-12-09 12:00:00,2500939,05c4b5eb-25d2-daf7-66ff-60cd97ed30c8,aoa-execution-2019-01-01-2020-12-31.csv,195468,-2500939,0,XBTUSD
2019-12-09 20:00:00,5000939,1f7f4b1d-ab37-9abb-5a4a-b0a26ae70324,aoa-execution-2019-01-01-2020-12-31.csv,196065,-5000939,0,XBTUSD
2019-12-10 04:00:00,7500939,0bd546d8-95c1-eb59-1377-638b1b9d540e,aoa-execution-2019-01-01-2020-12-31.csv,196066,-7500939,0,XBTUSD
2019-12-10 12:00:00,7500939,8b394b53-4204-d177-6e70-b5e38b37d378,aoa-execution-2019-01-01-2020-12-31.csv,196077,-7500939,0,XBTUSD
2019-12-10 20:00:00,939,a5437996-9f83-9438-44ae-96c96631702e,aoa-execution-2019-01-01-2020-12-31.csv,196078,-939,0,XBTUSD
2019-12-11 04:00:00,5000939,7081960d-fa53-554d-adbd-878f20abfef9,aoa-execution-2019-01-01-2020-12-31.csv,198836,-5000939,0,XBTUSD
2019-12-11 12:00:00,2500939,6a740def-396d-d59a-c9d7-36d8cf827d65,aoa-execution-2019-01-01-2020-12-31.csv,198176,-2500939,0,XBTUSD
2019-12-11 20:00:00,939,5eabc1fa-b263-ee87-b102-112eb258a7c1,aoa-execution-2019-01-01-2020-12-31.csv,198175,-939,0,XBTUSD
2019-12-12 04:00:00,939,edd12dec-f9a5-e5a1-782d-27bc16335277,aoa-execution-2019-01-01-2020-12-31.csv,199435,-939,0,XBTUSD
2019-12-12 12:00:00,939,22161d15-876e-792a-447a-8a879beb8f4f,aoa-execution-2019-01-01-2020-12-31.csv,199437,-939,0,XBTUSD
2019-12-12 20:00:00,939,78adf2fa-e83d-9a69-25f8-b97d90ba73dc,aoa-execution-2019-01-01-2020-12-31.csv,199436,-939,0,XBTUSD
2019-12-13 04:00:00,939,b6d797a8-ab4b-a388-afa2-f51978c591c2,aoa-execution-2019-01-01-2020-12-31.csv,199869,-939,0,XBTUSD
2019-12-13 12:00:00,939,cbdb8095-c439-20a1-9ee1-756a3dc5e1d4,aoa-execution-2019-01-01-2020-12-31.csv,199867,-939,0,XBTUSD
2019-12-13 20:00:00,939,0acd63f0-92d6-56a9-f031-e05bef75660e,aoa-execution-2019-01-01-2020-12-31.csv,199868,-939,0,XBTUSD
2019-12-14 04:00:00,939,186b13b0-f424-5f28-aa61-4a62460b2007,aoa-execution-2019-01-01-2020-12-31.csv,199872,-939,0,XBTUSD
2019-12-14 12:00:00,939,3e14829f-986b-9001-0f35-0bfe3dcc6463,aoa-execution-2019-01-01-2020-12-31.csv,199870,-939,0,XBTUSD
2019-12-14 20:00:00,939,0fa0ca7d-db2a-c93b-6672-66dca5af8fe7,aoa-execution-2019-01-01-2020-12-31.csv,199871,-939,0,XBTUSD
2019-12-15 04:00:00,939,75431b98-dd15-6b10-9755-b141310fdc8a,aoa-execution-2019-01-01-2020-12-31.csv,199875,-939,0,XBTUSD
2019-12-15 12:00:00,939,d2f5f5ed-fb59-d5e7-f403-986cf70c1f8d,aoa-execution-2019-01-01-2020-12-31.csv,199874,-939,0,XBTUSD
2019-12-15 20:00:00,939,5ba11324-778a-97d4-81fb-48365704743b,aoa-execution-2019-01-01-2020-12-31.csv,199873,-939,0,XBTUSD
2019-12-16 04:00:00,2500939,917bd7fe-3760-f9ee-203d-e2a36df480de,aoa-execution-2019-01-01-2020-12-31.csv,200672,-2500939,0,XBTUSD
2019-12-16 12:00:00,939,955a2d9b-693e-7bf8-b14f-fb71745e1e7c,aoa-execution-2019-01-01-2020-12-31.csv,200892,-939,0,XBTUSD
2019-12-16 20:00:00,939,206c165a-639f-6563-a2fe-3ec7660a7fd0,aoa-execution-2019-01-01-2020-12-31.csv,200563,-939,0,XBTUSD
2019-12-17 04:00:00,939,6b799ce9-7b59-69bc-c9b9-d8da631de0ac,aoa-execution-2019-01-01-2020-12-31.csv,200893,-939,0,XBTUSD
2019-12-17 12:00:00,939,96cee044-62d3-9d5d-5d13-3fdc1fb5a5fa,aoa-execution-2019-01-01-2020-12-31.csv,202604,-939,0,XBTUSD
2019-12-17 20:00:00,554,4bc152a2-c129-b61d-6707-37eba885517a,aoa-execution-2019-01-01-2020-12-31.csv,202603,-554,0,XBTUSD
2019-12-18 04:00:00,2500554,6ae2b338-7bd1-db36-9f56-cfcf39c5d8ca,aoa-execution-2019-01-01-2020-12-31.csv,203989,-2500554,0,XBTUSD
2019-12-18 12:00:00,3500554,258460af-b5af-e721-db8a-ad3ab2761574,aoa-execution-2019-01-01-2020-12-31.csv,203990,-3500554,0,XBTUSD
2019-12-18 20:00:00,969,46563079-7a4f-4bbf-d249-1fea74939fe2,aoa-execution-2019-01-01-2020-12-31.csv,205660,-969,0,XBTUSD
2019-12-19 04:00:00,31,81304eba-fd6f-b595-623a-55a0622950e7,aoa-execution-2019-01-01-2020-12-31.csv,207137,31,0,XBTUSD
2019-12-19 12:00:00,2500531,7394f7b8-5ee5-75dd-258a-530d8f88f8a3,aoa-execution-2019-01-01-2020-12-31.csv,206416,2500531,0,XBTUSD
2019-12-19 20:00:00,4000478,2009858b-61bf-7e13-d156-622de07b31c8,aoa-execution-2019-01-01-2020-12-31.csv,206488,4000478,0,XBTUSD
2019-12-20 04:00:00,4000478,ae5de3e0-9fec-bd40-6a85-615c1dee4e98,aoa-execution-2019-01-01-2020-12-31.csv,207783,4000478,0,XBTUSD
2019-12-20 12:00:00,5000478,ece9b536-e3e7-abb8-2fc9-ff0c60f8c32c,aoa-execution-2019-01-01-2020-12-31.csv,207660,5000478,0,XBTUSD
2019-12-20 20:00:00,5000478,2672218b-6f4e-d0eb-0afc-cb06aa94497e,aoa-execution-2019-01-01-2020-12-31.csv,207659,5000478,0,XBTUSD
2019-12-21 04:00:00,5000478,8f222f4f-d5f7-2c4b-0dba-b7c121f6768e,aoa-execution-2019-01-01-2020-12-31.csv,209896,5000478,0,XBTUSD
2019-12-21 12:00:00,2500478,40c63e20-9b85-1b81-e358-4336a2fd4f3a,aoa-execution-2019-01-01-2020-12-31.csv,209897,2500478,0,XBTUSD
2019-12-21 20:00:00,2500478,f68d5a01-09d0-494d-cd9f-b4c333376cb0,aoa-execution-2019-01-01-2020-12-31.csv,209491,2500478,0,XBTUSD
2019-12-22 04:00:00,2500478,dfeeef5b-48d6-dc94-1be8-18024a25d1af,aoa-execution-2019-01-01-2020-12-31.csv,210339,2500478,0,XBTUSD
2019-12-22 12:00:00,478,2de27f52-ae09-c47f-7fd8-edd558644756,aoa-execution-2019-01-01-2020-12-31.csv,209898,478,0,XBTUSD
2019-12-22 20:00:00,478,ba53f7b4-5325-ee5e-ef72-b335f04ef8eb,aoa-execution-2019-01-01-2020-12-31.csv,210338,478,0,XBTUSD
2019-12-23 04:00:00,478,4dcb21d6-25ae-dde4-66c1-6fa7b483a19d,aoa-execution-2019-01-01-2020-12-31.csv,210438,478,0,XBTUSD
2019-12-23 12:00:00,478,0befc73a-acd8-4f52-67ff-8f53b23515e4,aoa-execution-2019-01-01-2020-12-31.csv,210437,478,0,XBTUSD
2019-12-23 20:00:00,2500478,644a5162-99c5-aceb-3eaa-01a1a55d5a1e,aoa-execution-2019-01-01-2020-12-31.csv,210439,2500478,0,XBTUSD
2019-12-24 04:00:00,2500478,df3adcfb-6d95-b44d-3b90-e7ac7a5d9406,aoa-execution-2019-01-01-2020-12-31.csv,210440,2500478,0,XBTUSD
2019-12-24 12:00:00,478,1daa56ce-7240-4d02-597e-fab583e3d644,aoa-execution-2019-01-01-2020-12-31.csv,210617,478,0,XBTUSD
2019-12-24 20:00:00,1335254,1589bfb5-add8-9707-b629-75736308452f,aoa-execution-2019-01-01-2020-12-31.csv,210616,1335254,0,XBTUSD
2019-12-25 04:00:00,1335254,dd5bd5a9-0846-46a5-bb2b-8389acdff673,aoa-execution-2019-01-01-2020-12-31.csv,211575,1335254,0,XBTUSD
2019-12-25 12:00:00,2505254,87390af0-0b16-885a-3df5-30291d57c217,aoa-execution-2019-01-01-2020-12-31.csv,211576,2505254,0,XBTUSD
2019-12-25 20:00:00,254,791e7e21-78e0-10ac-defd-74a50647a37d,aoa-execution-2019-01-01-2020-12-31.csv,211574,254,0,XBTUSD
2019-12-26 04:00:00,2500746,9282027a-e2be-3236-7c96-559f2d236f48,aoa-execution-2019-01-01-2020-12-31.csv,211592,-2500746,0,XBTUSD
2019-12-26 12:00:00,746,ee1430c1-82ba-508c-5fda-caf9e96a0063,aoa-execution-2019-01-01-2020-12-31.csv,211687,-746,0,XBTUSD
2019-12-26 20:00:00,746,9c5247e9-309c-10ce-b005-2708e6113dbc,aoa-execution-2019-01-01-2020-12-31.csv,211607,-746,0,XBTUSD
2019-12-27 04:00:00,746,716f3233-2fe9-566d-4bd7-27557b09ac1a,aoa-execution-2019-01-01-2020-12-31.csv,211952,-746,0,XBTUSD
2019-12-27 12:00:00,746,676d0654-1378-8b04-fcd5-693cbae7a1d9,aoa-execution-2019-01-01-2020-12-31.csv,211953,-746,0,XBTUSD
2019-12-27 20:00:00,254,654cc384-afbd-9366-ab35-2f0d89bb2412,aoa-execution-2019-01-01-2020-12-31.csv,211688,254,0,XBTUSD
2019-12-28 04:00:00,254,cc05bb4f-5fb9-6908-47e9-0bb019834169,aoa-execution-2019-01-01-2020-12-31.csv,211955,254,0,XBTUSD
2019-12-28 12:00:00,254,8f65a620-6ef1-273b-44a2-6a458f8fd839,aoa-execution-2019-01-01-2020-12-31.csv,211956,254,0,XBTUSD
2019-12-28 20:00:00,254,a4c3cfaa-ab39-76aa-2cfd-c0aa9635e868,aoa-execution-2019-01-01-2020-12-31.csv,211954,254,0,XBTUSD
2019-12-29 04:00:00,254,93bcfb3c-8c42-329e-8b47-e824b76f65fc,aoa-execution-2019-01-01-2020-12-31.csv,211959,254,0,XBTUSD
2019-12-29 12:00:00,254,8a0e6f97-6368-0aa0-eeb4-86990bbb3db2,aoa-execution-2019-01-01-2020-12-31.csv,211957,254,0,XBTUSD
2019-12-29 20:00:00,254,8f7422ea-40a4-dc29-03f4-4f6f0c40042f,aoa-execution-2019-01-01-2020-12-31.csv,211958,254,0,XBTUSD
2019-12-30 04:00:00,2500254,401c0169-c295-44bb-62e0-1f4ac1135a40,aoa-execution-2019-01-01-2020-12-31.csv,212039,2500254,0,XBTUSD
2019-12-30 12:00:00,2500254,4cf8ab94-5895-7970-b2ff-7e85a4bc20e0,aoa-execution-2019-01-01-2020-12-31.csv,212003,2500254,0,XBTUSD
2019-12-30 20:00:00,2500254,1a25f82b-c8ca-7193-b018-2622b20ec2b4,aoa-execution-2019-01-01-2020-12-31.csv,212048,2500254,0,XBTUSD
2019-12-31 04:00:00,254,bca40b1d-88f1-bf6d-bed7-b983b6a1c954,aoa-execution-2019-01-01-2020-12-31.csv,212673,254,0,XBTUSD
2019-12-31 12:00:00,2500254,1aa9ec72-a5fc-cf6d-0140-bbbab48ba404,aoa-execution-2019-01-01-2020-12-31.csv,212050,2500254,0,XBTUSD
2019-12-31 20:00:00,254,a3514f15-5f4b-138f-1c9e-d06a73250520,aoa-execution-2019-01-01-2020-12-31.csv,212049,254,0,XBTUSD
2020-01-01 04:00:00,2500254,47612c8d-55ef-5f06-4723-9a5cecb1c29e,aoa-execution-2019-01-01-2020-12-31.csv,213135,2500254,0,XBTUSD
2020-01-01 12:00:00,254,784d0c99-a342-9c03-377a-52917d4dabbc,aoa-execution-2019-01-01-2020-12-31.csv,212811,254,0,XBTUSD
2020-01-01 20:00:00,254,d23dff8d-39f8-b7ed-ca38-28c04d3f80d6,aoa-execution-2019-01-01-2020-12-31.csv,213074,254,0,XBTUSD
2020-01-02 04:00:00,746,ba2deb6c-f027-5404-8f27-e543a8815eab,aoa-execution-2019-01-01-2020-12-31.csv,213154,-746,0,XBTUSD
2020-01-02 12:00:00,4018196,379ce99f-da0f-b130-08bb-cee2daa6f501,aoa-execution-2019-01-01-2020-12-31.csv,213153,-4018196,0,XBTUSD
2020-01-02 20:00:00,196,8fd243b6-86f5-5bd2-b497-23deafe30443,aoa-execution-2019-01-01-2020-12-31.csv,213344,-196,0,XBTUSD
2020-01-03 04:00:00,804,7b82d19f-9e77-5a4f-36b9-1186bac5bcb9,aoa-execution-2019-01-01-2020-12-31.csv,215080,804,0,XBTUSD
2020-01-03 12:00:00,804,28754854-13c1-ae11-1da8-e94f17ac8ae0,aoa-execution-2019-01-01-2020-12-31.csv,213729,804,0,XBTUSD
2020-01-03 20:00:00,3522132,6a477b4c-2192-0296-edc3-f6d1323084d2,aoa-execution-2019-01-01-2020-12-31.csv,214496,3522132,0,XBTUSD
2020-01-04 04:00:00,5000804,bc361dcd-95b2-e3be-989b-cf6e8c60954e,aoa-execution-2019-01-01-2020-12-31.csv,215092,5000804,0,XBTUSD
2020-01-04 12:00:00,2500804,fb4841ec-f370-99e1-fbd1-061d755fb9c6,aoa-execution-2019-01-01-2020-12-31.csv,215263,2500804,0,XBTUSD
2020-01-04 20:00:00,2500804,6670b1fc-511f-e668-2f0e-e1f44a51753b,aoa-execution-2019-01-01-2020-12-31.csv,215264,2500804,0,XBTUSD
2020-01-05 04:00:00,2500804,511c7d9c-4327-1cc9-b79e-c294f8ad0495,aoa-execution-2019-01-01-2020-12-31.csv,215765,2500804,0,XBTUSD
2020-01-05 12:00:00,804,1fb3c745-f8a5-90d0-b2de-6cb23571f263,aoa-execution-2019-01-01-2020-12-31.csv,215426,804,0,XBTUSD
2020-01-05 20:00:00,1500196,01e47568-90bf-14ce-9f7b-20014d5060ea,aoa-execution-2019-01-01-2020-12-31.csv,215376,-1500196,0,XBTUSD
2020-01-06 04:00:00,196,9aed0029-0fa1-5ef5-f2af-ae9adc53c7db,aoa-execution-2019-01-01-2020-12-31.csv,216680,-196,0,XBTUSD
2020-01-06 12:00:00,1500196,be248a4e-249e-eb10-574d-b14c9f20240e,aoa-execution-2019-01-01-2020-12-31.csv,217071,-1500196,0,XBTUSD
2020-01-06 20:00:00,1500196,2d2338c8-0c82-ea0f-69f5-ec97878ac618,aoa-execution-2019-01-01-2020-12-31.csv,217072,-1500196,0,XBTUSD
2020-01-07 04:00:00,196,9133f15d-19ff-989a-f99b-561de0197bbf,aoa-execution-2019-01-01-2020-12-31.csv,218256,-196,0,XBTUSD
2020-01-07 12:00:00,196,a1fafe70-4078-faa3-d658-4721e7679ff2,aoa-execution-2019-01-01-2020-12-31.csv,217942,-196,0,XBTUSD
2020-01-07 20:00:00,4500196,ddb707bb-9f09-2a34-30ae-bb6ea49120b8,aoa-execution-2019-01-01-2020-12-31.csv,218342,-4500196,0,XBTUSD
2020-01-08 04:00:00,3000196,940ababa-1c0a-33bd-a8d3-40b34617faef,aoa-execution-2019-01-01-2020-12-31.csv,219367,-3000196,0,XBTUSD
2020-01-08 12:00:00,6000196,a795f9d8-0488-5362-5ac2-707e7b7d6713,aoa-execution-2019-01-01-2020-12-31.csv,218792,-6000196,0,XBTUSD
2020-01-08 20:00:00,1500408,263a35fe-5696-db1d-d88e-39fecadc3866,aoa-execution-2019-01-01-2020-12-31.csv,219460,1500408,0,XBTUSD
2020-01-09 04:00:00,3000592,60105121-7f81-8767-2f36-2a7941eca08c,aoa-execution-2019-01-01-2020-12-31.csv,220556,-3000592,0,XBTUSD
2020-01-09 12:00:00,645,e91bf1db-ab93-931e-1aef-5db6aefc642d,aoa-execution-2019-01-01-2020-12-31.csv,221499,-645,0,XBTUSD
2020-01-09 20:00:00,3000355,8eade9a5-254a-7546-3b79-9413cd18736f,aoa-execution-2019-01-01-2020-12-31.csv,220846,3000355,0,XBTUSD
2020-01-10 04:00:00,355,7106cea0-d3fb-9350-b465-01176a45dd2c,aoa-execution-2019-01-01-2020-12-31.csv,223951,355,0,XBTUSD
2020-01-10 12:00:00,355,10d5dbd7-7900-bf1b-5576-1b4bb138ba0d,aoa-execution-2019-01-01-2020-12-31.csv,223392,355,0,XBTUSD
2020-01-10 20:00:00,1500355,0b3991cb-b8e7-1023-2ac9-65d4c4983401,aoa-execution-2019-01-01-2020-12-31.csv,223053,1500355,0,XBTUSD
2020-01-11 04:00:00,355,3c92a7bc-175f-746e-5a29-fff73ea2e565,aoa-execution-2019-01-01-2020-12-31.csv,224359,355,0,XBTUSD
2020-01-11 12:00:00,1500355,7c8b5f23-a889-0477-cf1a-98247f207bc5,aoa-execution-2019-01-01-2020-12-31.csv,224330,1500355,0,XBTUSD
2020-01-11 20:00:00,1500355,c35c2bb4-435c-9922-6a40-63a677361f02,aoa-execution-2019-01-01-2020-12-31.csv,224411,1500355,0,XBTUSD
2020-01-12 04:00:00,1500355,39e426f1-552a-08c7-3fb7-50aa5089164b,aoa-execution-2019-01-01-2020-12-31.csv,224440,1500355,0,XBTUSD
2020-01-12 12:00:00,355,d9c88b29-1f5b-36b9-da2a-956e27199793,aoa-execution-2019-01-01-2020-12-31.csv,224772,355,0,XBTUSD
2020-01-12 20:00:00,355,2747e53b-2229-baa3-2b3a-13e9bcfa26a5,aoa-execution-2019-01-01-2020-12-31.csv,224773,355,0,XBTUSD
2020-01-13 04:00:00,355,e4b127ea-0e0b-2b1c-3c79-b941c94dc514,aoa-execution-2019-01-01-2020-12-31.csv,224774,355,0,XBTUSD
2020-01-13 12:00:00,355,f63f274c-0e68-c191-f169-1e83e41d86f9,aoa-execution-2019-01-01-2020-12-31.csv,224776,355,0,XBTUSD
2020-01-13 20:00:00,355,f553be1b-9f4b-91c4-bf32-1f3f752a99c2,aoa-execution-2019-01-01-2020-12-31.csv,224775,355,0,XBTUSD
2020-01-14 04:00:00,355,0d06af98-1e8e-6138-099f-ea05d84fc82c,aoa-execution-2019-01-01-2020-12-31.csv,224778,355,0,XBTUSD
2020-01-14 12:00:00,645,5eef630e-afc0-f3e5-6e52-c8084c0bbf9b,aoa-execution-2019-01-01-2020-12-31.csv,224840,-645,0,XBTUSD
2020-01-14 20:00:00,355,f1adaa2a-846d-d133-0681-cae8f4131438,aoa-execution-2019-01-01-2020-12-31.csv,224905,355,0,XBTUSD
2020-01-15 04:00:00,355,d3b9c250-73f8-06be-f948-047e0d28d55a,aoa-execution-2019-01-01-2020-12-31.csv,224965,355,0,XBTUSD
2020-01-15 12:00:00,355,60431a8e-9664-c42e-6185-8dbef04f3692,aoa-execution-2019-01-01-2020-12-31.csv,225020,355,0,XBTUSD
2020-01-15 20:00:00,355,8d46776e-aea4-3fbe-c01d-27b63bf95011,aoa-execution-2019-01-01-2020-12-31.csv,225019,355,0,XBTUSD
2020-01-16 04:00:00,645,b13ec66f-8e0b-2950-9881-de2fac1246af,aoa-execution-2019-01-01-2020-12-31.csv,225125,-645,0,XBTUSD
2020-01-16 12:00:00,645,84fe20a4-c8dc-a752-67f4-1433d3c6d461,aoa-execution-2019-01-01-2020-12-31.csv,225274,-645,0,XBTUSD
2020-01-16 20:00:00,645,f8daabb3-b74f-7c6d-542f-360d25d8e908,aoa-execution-2019-01-01-2020-12-31.csv,225262,-645,0,XBTUSD
2020-01-17 04:00:00,20355,eca91d4e-14c2-e05a-eb4c-f071be80b3ee,aoa-execution-2019-01-01-2020-12-31.csv,225394,20355,0,XBTUSD
2020-01-17 12:00:00,500645,eb39eade-647d-ad1b-2897-b427f04e7198,aoa-execution-2019-01-01-2020-12-31.csv,226680,-500645,0,XBTUSD
2020-01-17 20:00:00,3000645,cd8cca7b-2e42-5cf2-0c69-906ded2dc778,aoa-execution-2019-01-01-2020-12-31.csv,226089,-3000645,0,XBTUSD
2020-01-18 04:00:00,3000645,52453ef6-a132-8336-5aeb-a39607369b97,aoa-execution-2019-01-01-2020-12-31.csv,226749,-3000645,0,XBTUSD
2020-01-18 12:00:00,1500645,6e201a7e-7d6c-7e5e-f81d-d0e84c4b9db2,aoa-execution-2019-01-01-2020-12-31.csv,227427,-1500645,0,XBTUSD
2020-01-18 20:00:00,1500645,1f00664f-b78d-eb17-3853-2d2c6c78f37b,aoa-execution-2019-01-01-2020-12-31.csv,227503,-1500645,0,XBTUSD
2020-01-19 04:00:00,1500273,1c5fd47f-1569-55c6-afae-f8708c8d9945,aoa-execution-2019-01-01-2020-12-31.csv,230825,-1500273,0,XBTUSD
2020-01-19 12:00:00,273,a1ad778b-967a-797e-9082-4d3eab4eed24,aoa-execution-2019-01-01-2020-12-31.csv,227504,-273,0,XBTUSD
2020-01-19 20:00:00,3000273,c60df90f-64a5-66c3-080b-d88dedcfd11b,aoa-execution-2019-01-01-2020-12-31.csv,230316,-3000273,0,XBTUSD
2020-01-20 04:00:00,1500273,1ea7e6fd-d5aa-3f9a-76ce-1043cbf793d8,aoa-execution-2019-01-01-2020-12-31.csv,231217,-1500273,0,XBTUSD
2020-01-20 12:00:00,273,a2c14ad4-90cf-a8c5-2e72-a809627b68e5,aoa-execution-2019-01-01-2020-12-31.csv,231532,-273,0,XBTUSD
2020-01-20 20:00:00,1500273,7398ffab-d059-bd4c-df1a-8b2a5b784dce,aoa-execution-2019-01-01-2020-12-31.csv,231608,-1500273,0,XBTUSD
2020-01-21 04:00:00,1500273,73877715-2001-221e-343f-0e888ff8bdbe,aoa-execution-2019-01-01-2020-12-31.csv,231766,-1500273,0,XBTUSD
2020-01-21 12:00:00,1500273,ee5ceb8b-d520-2b97-169a-907fe43356a7,aoa-execution-2019-01-01-2020-12-31.csv,232116,-1500273,0,XBTUSD
2020-01-21 20:00:00,4391605,e1e19efa-3e61-3adb-6a95-2918d5c77c74,aoa-execution-2019-01-01-2020-12-31.csv,232117,-4391605,0,XBTUSD
2020-01-22 04:00:00,40357,c6c1631f-05e9-9cde-c864-b01f806ec37c,aoa-execution-2019-01-01-2020-12-31.csv,233193,-40357,0,XBTUSD
2020-01-22 12:00:00,4500273,1eba93d3-a572-709f-ae24-49dcdd29e1c3,aoa-execution-2019-01-01-2020-12-31.csv,233360,-4500273,0,XBTUSD
2020-01-22 20:00:00,6000273,3e4d64bc-d12e-8b05-87dc-49e00be11111,aoa-execution-2019-01-01-2020-12-31.csv,233653,-6000273,0,XBTUSD
2020-01-23 04:00:00,6000273,9f3b7ff0-b65b-e17f-407d-f38a30bdcef5,aoa-execution-2019-01-01-2020-12-31.csv,234447,-6000273,0,XBTUSD
2020-01-23 12:00:00,273,074cc664-a4e4-cdd6-2160-eda21c4f609c,aoa-execution-2019-01-01-2020-12-31.csv,234297,-273,0,XBTUSD
2020-01-23 20:00:00,273,27891c93-1988-4a2c-7b83-561dd1dd4281,aoa-execution-2019-01-01-2020-12-31.csv,234231,-273,0,XBTUSD
2020-01-24 04:00:00,273,10a3069b-dc73-ae08-8989-d1c6a2909e20,aoa-execution-2019-01-01-2020-12-31.csv,234921,-273,0,XBTUSD
2020-01-24 12:00:00,727,0b467cfe-051c-7c76-cd32-6ae8c2f55036,aoa-execution-2019-01-01-2020-12-31.csv,234922,727,0,XBTUSD
2020-01-24 20:00:00,273,33964a34-0d11-2893-510b-e7f8ffb3c159,aoa-execution-2019-01-01-2020-12-31.csv,234915,-273,0,XBTUSD
2020-01-25 04:00:00,273,e20dc9c6-4345-cdee-c0fa-37b205ef448f,aoa-execution-2019-01-01-2020-12-31.csv,234946,-273,0,XBTUSD
2020-01-25 12:00:00,273,cc6e16e7-4f94-2188-1e11-e4e71cb64ea9,aoa-execution-2019-01-01-2020-12-31.csv,234945,-273,0,XBTUSD
2020-01-25 20:00:00,273,0bfb6acc-3fb3-fc00-a382-ac9a2b961a31,aoa-execution-2019-01-01-2020-12-31.csv,234944,-273,0,XBTUSD
2020-01-26 04:00:00,273,be5f038b-7425-a5da-8c86-17cc095ec520,aoa-execution-2019-01-01-2020-12-31.csv,234948,-273,0,XBTUSD
2020-01-26 12:00:00,273,e5608bba-7910-63bb-6d56-d5f496d411a5,aoa-execution-2019-01-01-2020-12-31.csv,234949,-273,0,XBTUSD
2020-01-26 20:00:00,273,0abcf511-559e-3f67-35ec-f8d20c7af541,aoa-execution-2019-01-01-2020-12-31.csv,234947,-273,0,XBTUSD
2020-01-27 04:00:00,3000273,42213ffe-9972-8ec9-f2ae-a91a19f70471,aoa-execution-2019-01-01-2020-12-31.csv,235115,-3000273,0,XBTUSD
2020-01-27 12:00:00,3000273,3d53d321-0adc-a4bd-fc95-581b2f031222,aoa-execution-2019-01-01-2020-12-31.csv,235114,-3000273,0,XBTUSD
2020-01-27 20:00:00,273,035733b4-5023-50e6-e600-76dc9335514e,aoa-execution-2019-01-01-2020-12-31.csv,235607,-273,0,XBTUSD
2020-01-28 04:00:00,273,6bf2d730-231e-6d4f-853f-42ffd73fdffe,aoa-execution-2019-01-01-2020-12-31.csv,235784,-273,0,XBTUSD
2020-01-28 12:00:00,1500727,09737f98-3072-8622-98ee-fcdedc3ed548,aoa-execution-2019-01-01-2020-12-31.csv,235922,1500727,0,XBTUSD
2020-01-28 20:00:00,3000727,91b28e47-9783-f6bc-3b9a-4309947813e7,aoa-execution-2019-01-01-2020-12-31.csv,235643,3000727,0,XBTUSD
2020-01-29 04:00:00,727,f893db45-da2b-7afc-c478-71554b61c529,aoa-execution-2019-01-01-2020-12-31.csv,236130,727,0,XBTUSD
2020-01-29 12:00:00,727,08425421-3afc-4c25-42c0-f91ee6652bd9,aoa-execution-2019-01-01-2020-12-31.csv,236301,727,0,XBTUSD
2020-01-29 20:00:00,273,e651f789-0696-cd86-5e9c-e8e794ba32ea,aoa-execution-2019-01-01-2020-12-31.csv,236129,-273,0,XBTUSD
2020-01-30 04:00:00,273,2995737d-9ae3-ca78-1765-9e71b31ff1bd,aoa-execution-2019-01-01-2020-12-31.csv,236514,-273,0,XBTUSD
2020-01-30 12:00:00,541049,ef6b594e-941c-2535-e583-5fc869ddf1bc,aoa-execution-2019-01-01-2020-12-31.csv,236515,-541049,0,XBTUSD
2020-01-30 20:00:00,273,945b271a-d716-0f2b-5706-e82776cb72f6,aoa-execution-2019-01-01-2020-12-31.csv,236413,-273,0,XBTUSD
2020-01-31 04:00:00,273,9a8987b9-dd39-da27-dba8-126154b6dd06,aoa-execution-2019-01-01-2020-12-31.csv,236867,-273,0,XBTUSD
2020-01-31 12:00:00,3000273,ef167a48-bda7-9e98-5c1f-b0a1d22247a7,aoa-execution-2019-01-01-2020-12-31.csv,237039,-3000273,0,XBTUSD
2020-01-31 20:00:00,1500273,11066fc4-72d0-c42f-4a51-334660dcdd95,aoa-execution-2019-01-01-2020-12-31.csv,237292,-1500273,0,XBTUSD
2020-02-01 04:00:00,4500273,4bde4b9a-e11a-36d3-5e29-2f58c2a86c12,aoa-execution-2019-01-01-2020-12-31.csv,237569,-4500273,0,XBTUSD
2020-02-01 12:00:00,1500273,b67ddaa7-5520-6bf8-177b-927211ca04aa,aoa-execution-2019-01-01-2020-12-31.csv,237570,-1500273,0,XBTUSD
2020-02-01 20:00:00,4500273,b97bb765-7361-95c9-eb07-7db734d6fb03,aoa-execution-2019-01-01-2020-12-31.csv,237568,-4500273,0,XBTUSD
2020-02-02 04:00:00,3000273,fcf98604-fe1a-06ac-0928-03f13a0044eb,aoa-execution-2019-01-01-2020-12-31.csv,238201,-3000273,0,XBTUSD
2020-02-02 12:00:00,7500749,3f2ce624-5d2f-209a-3747-f04b3258617c,aoa-execution-2019-01-01-2020-12-31.csv,237872,-7500749,0,XBTUSD
2020-02-02 20:00:00,7500749,0b43d532-9f00-1dd6-1abe-913e4b8441b2,aoa-execution-2019-01-01-2020-12-31.csv,237993,-7500749,0,XBTUSD
2020-02-03 04:00:00,7500749,9d5a2eef-6680-0016-c31c-ec8c34723599,aoa-execution-2019-01-01-2020-12-31.csv,238657,-7500749,0,XBTUSD
2020-02-03 12:00:00,3000749,f3aa0a90-ce00-b7bb-54c3-4f3f78024bd1,aoa-execution-2019-01-01-2020-12-31.csv,238656,-3000749,0,XBTUSD
2020-02-03 20:00:00,4500749,9708a3ed-da13-8284-7cd2-5fff33b4b678,aoa-execution-2019-01-01-2020-12-31.csv,239006,-4500749,0,XBTUSD
2020-02-04 04:00:00,3000749,89c0a979-c1e0-8d0e-3137-768c0be39b04,aoa-execution-2019-01-01-2020-12-31.csv,239575,-3000749,0,XBTUSD
2020-02-04 12:00:00,1500749,968ae93c-2c73-b926-d02b-3d14a2b0ddb2,aoa-execution-2019-01-01-2020-12-31.csv,239373,-1500749,0,XBTUSD
2020-02-04 20:00:00,1500749,69f18822-a25e-fab4-ee20-04ee5e78ba45,aoa-execution-2019-01-01-2020-12-31.csv,239374,-1500749,0,XBTUSD
2020-02-05 04:00:00,749,6775df67-4009-c753-3f84-37873a90d194,aoa-execution-2019-01-01-2020-12-31.csv,239589,-749,0,XBTUSD
2020-02-05 12:00:00,749,883e2b6f-f4c4-22f7-6c55-a7bbd86fe772,aoa-execution-2019-01-01-2020-12-31.csv,239590,-749,0,XBTUSD
2020-02-05 20:00:00,749,a92f4450-302c-6b4b-17fc-2a4c521dc507,aoa-execution-2019-01-01-2020-12-31.csv,240684,-749,0,XBTUSD
2020-02-06 04:00:00,749,7817b21c-9329-ce01-6236-aead0bd6621d,aoa-execution-2019-01-01-2020-12-31.csv,241784,-749,0,XBTUSD
2020-02-06 12:00:00,3000251,27ab49e8-2838-0174-82ab-71a70c34c97e,aoa-execution-2019-01-01-2020-12-31.csv,240998,3000251,0,XBTUSD
2020-02-06 20:00:00,749,05af6f40-381c-e969-9251-eaa46071b87f,aoa-execution-2019-01-01-2020-12-31.csv,241783,-749,0,XBTUSD
2020-02-07 04:00:00,1500749,da5a1914-413c-125c-44b3-b8eeccad679d,aoa-execution-2019-01-01-2020-12-31.csv,242034,-1500749,0,XBTUSD
2020-02-07 12:00:00,749,5980ddcb-e886-cb63-c0bb-43910d51c67c,aoa-execution-2019-01-01-2020-12-31.csv,242067,-749,0,XBTUSD
2020-02-07 20:00:00,1500749,92a1a627-987a-c3f4-e00b-582aac172a68,aoa-execution-2019-01-01-2020-12-31.csv,242035,-1500749,0,XBTUSD
2020-02-08 04:00:00,1500749,2d63515e-438b-c36e-2df2-2f534f22c2cc,aoa-execution-2019-01-01-2020-12-31.csv,242881,-1500749,0,XBTUSD
2020-02-08 12:00:00,7500749,467c373f-0906-f146-f27a-82cc48995629,aoa-execution-2019-01-01-2020-12-31.csv,242745,-7500749,0,XBTUSD
2020-02-08 20:00:00,3000749,ee73064c-3185-e3bd-2725-fdbcc56ae23e,aoa-execution-2019-01-01-2020-12-31.csv,242230,-3000749,0,XBTUSD
2020-02-09 04:00:00,4500749,3b9e84b6-c4bb-5090-b570-c59722ea3561,aoa-execution-2019-01-01-2020-12-31.csv,243774,-4500749,0,XBTUSD
2020-02-09 12:00:00,749,20be3dda-1e63-db09-9861-efb5b92a9614,aoa-execution-2019-01-01-2020-12-31.csv,242964,-749,0,XBTUSD
2020-02-09 20:00:00,4500749,23f31936-cbab-36b2-3774-aa965f8a41d0,aoa-execution-2019-01-01-2020-12-31.csv,243946,-4500749,0,XBTUSD
2020-02-10 04:00:00,4500749,c9e3dec1-333a-6288-8060-8e7dfc372dac,aoa-execution-2019-01-01-2020-12-31.csv,244574,-4500749,0,XBTUSD
2020-02-10 12:00:00,251,9eccfe26-912c-1a20-83cb-a9e02d776c47,aoa-execution-2019-01-01-2020-12-31.csv,244399,251,0,XBTUSD
2020-02-10 20:00:00,251,44041aa4-1c18-1550-ec31-2f055f2874bd,aoa-execution-2019-01-01-2020-12-31.csv,244573,251,0,XBTUSD
2020-02-11 04:00:00,6000251,daaf4d8d-61a0-f89b-9cd4-6dc8cc44b0dc,aoa-execution-2019-01-01-2020-12-31.csv,246795,6000251,0,XBTUSD
2020-02-11 12:00:00,3000439,c881be5d-e26d-6f53-4546-68ddbef1b87e,aoa-execution-2019-01-01-2020-12-31.csv,246796,3000439,0,XBTUSD
2020-02-11 20:00:00,4500439,138b177f-6cdd-2a6c-f2df-eb44706467b1,aoa-execution-2019-01-01-2020-12-31.csv,246454,4500439,0,XBTUSD
2020-02-12 04:00:00,3000439,d48ec7fb-96c6-b99f-1a3a-e820ab7a4259,aoa-execution-2019-01-01-2020-12-31.csv,247815,3000439,0,XBTUSD
2020-02-12 12:00:00,439,8754ed23-7265-bb9b-d7f6-f7230c092808,aoa-execution-2019-01-01-2020-12-31.csv,248453,439,0,XBTUSD
2020-02-12 20:00:00,561,96f88efe-33d7-59b5-3676-1901fbef8ee9,aoa-execution-2019-01-01-2020-12-31.csv,248437,-561,0,XBTUSD
2020-02-13 04:00:00,561,2156006b-1028-8172-a8fc-45c380efe427,aoa-execution-2019-01-01-2020-12-31.csv,249338,-561,0,XBTUSD
2020-02-13 12:00:00,4500561,5d3bcdee-8239-c84c-ee94-bd842baed5ec,aoa-execution-2019-01-01-2020-12-31.csv,248944,-4500561,0,XBTUSD
2020-02-13 20:00:00,3000561,8af0225f-d42a-6e41-519c-c8eb130bf059,aoa-execution-2019-01-01-2020-12-31.csv,250022,-3000561,0,XBTUSD
2020-02-14 04:00:00,4500561,7de14467-1cd7-0cfd-ae1e-2cc47565cac4,aoa-execution-2019-01-01-2020-12-31.csv,250632,-4500561,0,XBTUSD
2020-02-14 12:00:00,3000561,e6f7a886-e964-872d-e682-55e897e78b34,aoa-execution-2019-01-01-2020-12-31.csv,250633,-3000561,0,XBTUSD
2020-02-14 20:00:00,3000561,cb6a892d-7c10-14cb-152c-e3a41789a9c3,aoa-execution-2019-01-01-2020-12-31.csv,250684,-3000561,0,XBTUSD
2020-02-15 04:00:00,3000561,e301292b-0fd0-db1c-341f-2c1e65315330,aoa-execution-2019-01-01-2020-12-31.csv,251617,-3000561,0,XBTUSD
2020-02-15 12:00:00,3000561,2903225a-e24f-475b-7ec3-f79250a1cc6a,aoa-execution-2019-01-01-2020-12-31.csv,251616,-3000561,0,XBTUSD
2020-02-15 20:00:00,3000561,75ea56ce-b861-d758-e519-94d467d0d1a2,aoa-execution-2019-01-01-2020-12-31.csv,251987,-3000561,0,XBTUSD
2020-02-16 04:00:00,7500561,336d1fb1-ad45-2884-0e32-5218838b2f64,aoa-execution-2019-01-01-2020-12-31.csv,254052,-7500561,0,XBTUSD
2020-02-16 12:00:00,7500561,cdb034b4-d564-6c56-1ff1-f39761ef6b33,aoa-execution-2019-01-01-2020-12-31.csv,254053,-7500561,0,XBTUSD
2020-02-16 20:00:00,930405,5dc00dc6-0dad-bc97-e5d6-d46b17f58ccf,aoa-execution-2019-01-01-2020-12-31.csv,252241,-930405,0,XBTUSD
2020-02-17 04:00:00,182,2a8734de-e5f1-79f1-af5a-f997207358ed,aoa-execution-2019-01-01-2020-12-31.csv,259293,-182,0,XBTUSD
2020-02-17 12:00:00,3000241,9b06c558-6396-f776-c012-62ed4e854dc0,aoa-execution-2019-01-01-2020-12-31.csv,256795,-3000241,0,XBTUSD
2020-02-17 20:00:00,6000241,aecccec0-879a-861f-676c-b9baa134a9b7,aoa-execution-2019-01-01-2020-12-31.csv,258893,-6000241,0,XBTUSD
2020-02-18 04:00:00,10500241,85efb2c3-1955-ddbd-99af-099e2fcdcb4c,aoa-execution-2019-01-01-2020-12-31.csv,262465,-10500241,0,XBTUSD
2020-02-18 12:00:00,241,ce874c4f-82e7-2c83-ec09-c7b956e19d6c,aoa-execution-2019-01-01-2020-12-31.csv,262875,-241,0,XBTUSD
2020-02-18 20:00:00,241,381424ae-5be7-48df-fd33-c3769bacefe3,aoa-execution-2019-01-01-2020-12-31.csv,260802,-241,0,XBTUSD
2020-02-19 04:00:00,241,1f6cc309-da61-490a-d24d-734d80d8f879,aoa-execution-2019-01-01-2020-12-31.csv,262918,-241,0,XBTUSD
2020-02-19 12:00:00,1500241,60de2566-d3f3-5ce1-0321-5a68e8650aec,aoa-execution-2019-01-01-2020-12-31.csv,263062,-1500241,0,XBTUSD
2020-02-19 20:00:00,1500241,25ace34f-36fe-8ff4-2764-b7eb023c0328,aoa-execution-2019-01-01-2020-12-31.csv,263063,-1500241,0,XBTUSD
2020-02-20 04:00:00,4500241,f91616e9-f651-8955-2fe7-ada8322f35af,aoa-execution-2019-01-01-2020-12-31.csv,263064,-4500241,0,XBTUSD
2020-02-20 12:00:00,6000241,fb008267-8306-51c2-35db-9c7d590099b2,aoa-execution-2019-01-01-2020-12-31.csv,263399,-6000241,0,XBTUSD
2020-02-20 20:00:00,9000241,cd2f4895-fe20-7ee2-81d0-e3195f77dfcd,aoa-execution-2019-01-01-2020-12-31.csv,263400,-9000241,0,XBTUSD
2020-02-21 04:00:00,10500241,54e86889-cab6-8d1e-ef9a-5825e4f654e2,aoa-execution-2019-01-01-2020-12-31.csv,263726,-10500241,0,XBTUSD
2020-02-21 12:00:00,9000241,26383428-d60e-4710-4c36-cdb3d3c34318,aoa-execution-2019-01-01-2020-12-31.csv,263727,-9000241,0,XBTUSD
2020-02-21 20:00:00,9000241,49f0a895-3d21-25fd-0f53-98f8d1172405,aoa-execution-2019-01-01-2020-12-31.csv,263725,-9000241,0,XBTUSD
2020-02-22 04:00:00,9000241,c15b779c-1cb0-fa80-f3c9-cdde4ebed6fa,aoa-execution-2019-01-01-2020-12-31.csv,263728,-9000241,0,XBTUSD
2020-02-22 12:00:00,9000241,ffcc02ae-19ca-ad81-1d36-1de2920e0b57,aoa-execution-2019-01-01-2020-12-31.csv,263730,-9000241,0,XBTUSD
2020-02-22 20:00:00,9000241,2c432c7d-ce12-f447-d346-b0091ad9c721,aoa-execution-2019-01-01-2020-12-31.csv,263729,-9000241,0,XBTUSD
2020-02-23 04:00:00,9000241,d3a526d0-9f8a-c33b-3bf9-66a8822a8c93,aoa-execution-2019-01-01-2020-12-31.csv,263733,-9000241,0,XBTUSD
2020-02-23 12:00:00,9000241,be17a4e7-c05f-a273-8572-1d10dc41202d,aoa-execution-2019-01-01-2020-12-31.csv,263732,-9000241,0,XBTUSD
2020-02-23 20:00:00,9000241,dd2076c7-a7bb-415a-3657-2d056a385fa2,aoa-execution-2019-01-01-2020-12-31.csv,263731,-9000241,0,XBTUSD
2020-02-24 04:00:00,7500241,c070ad91-69fa-9f7b-c715-6476f77cc014,aoa-execution-2019-01-01-2020-12-31.csv,263906,-7500241,0,XBTUSD
2020-02-24 12:00:00,3500241,6939639f-eeca-8e17-248e-27e3fc7a4828,aoa-execution-2019-01-01-2020-12-31.csv,264150,-3500241,0,XBTUSD
2020-02-24 20:00:00,6000241,d346a5d2-b0f9-2e46-733a-b11f84fa30b7,aoa-execution-2019-01-01-2020-12-31.csv,263748,-6000241,0,XBTUSD
2020-02-25 04:00:00,6000241,d02b7a50-0d97-3917-18ce-c7c3fc20b849,aoa-execution-2019-01-01-2020-12-31.csv,264291,-6000241,0,XBTUSD
2020-02-25 12:00:00,241,9f09e043-29a6-7a05-7425-5405e3998b72,aoa-execution-2019-01-01-2020-12-31.csv,264389,-241,0,XBTUSD
2020-02-25 20:00:00,241,12936058-b321-37b7-55a2-6947d1016bc1,aoa-execution-2019-01-01-2020-12-31.csv,264290,-241,0,XBTUSD
2020-02-26 04:00:00,241,0fa611d9-d714-80aa-cc7a-f268792d708b,aoa-execution-2019-01-01-2020-12-31.csv,265763,-241,0,XBTUSD
2020-02-26 12:00:00,3045130,1e45d736-99f0-aed6-cb18-4d0c8583afd4,aoa-execution-2019-01-01-2020-12-31.csv,265497,-3045130,0,XBTUSD
2020-02-26 20:00:00,6000374,ef25ed03-b066-9c09-6b41-33b3a4cf5635,aoa-execution-2019-01-01-2020-12-31.csv,265176,-6000374,0,XBTUSD
2020-02-27 04:00:00,6000374,141224da-cb20-9422-67c6-c2e931331314,aoa-execution-2019-01-01-2020-12-31.csv,266727,-6000374,0,XBTUSD
2020-02-27 12:00:00,7500874,536e34f1-9758-0f41-7d17-37a7659d42aa,aoa-execution-2019-01-01-2020-12-31.csv,265856,-7500874,0,XBTUSD
2020-02-27 20:00:00,12000874,c51204b3-9ef1-52c0-87ba-9d668c76e2d2,aoa-execution-2019-01-01-2020-12-31.csv,266352,-12000874,0,XBTUSD
2020-02-28 04:00:00,10500874,835bc78b-32a2-755d-c274-d6732cb57e17,aoa-execution-2019-01-01-2020-12-31.csv,267070,-10500874,0,XBTUSD
2020-02-28 12:00:00,7500874,a2f91b7d-746b-7485-d090-2643833ede35,aoa-execution-2019-01-01-2020-12-31.csv,267379,-7500874,0,XBTUSD
2020-02-28 20:00:00,874,add2d8af-e831-5306-5d42-3dabc538968f,aoa-execution-2019-01-01-2020-12-31.csv,267348,-874,0,XBTUSD
2020-02-29 04:00:00,3000874,51c1eb88-41ad-7a90-681f-462f16703615,aoa-execution-2019-01-01-2020-12-31.csv,267943,-3000874,0,XBTUSD
2020-02-29 12:00:00,3000874,199fb308-b397-0a73-a285-02d44a38b655,aoa-execution-2019-01-01-2020-12-31.csv,267923,-3000874,0,XBTUSD
2020-02-29 20:00:00,4500874,b533e767-67e4-fbd9-6398-8fd2abef9d47,aoa-execution-2019-01-01-2020-12-31.csv,268449,-4500874,0,XBTUSD
2020-03-01 04:00:00,4500874,ba295fc9-8a00-2810-96f2-009205d31deb,aoa-execution-2019-01-01-2020-12-31.csv,269089,-4500874,0,XBTUSD
2020-03-01 12:00:00,3000874,f0e6d719-38e6-f59a-ed80-106d4b57f912,aoa-execution-2019-01-01-2020-12-31.csv,268749,-3000874,0,XBTUSD
2020-03-01 20:00:00,3000874,de00d64e-3afb-eef9-5c5e-168fc0e9029d,aoa-execution-2019-01-01-2020-12-31.csv,269088,-3000874,0,XBTUSD
2020-03-02 04:00:00,6000874,53dbab24-0475-55b6-7de5-8cad33054655,aoa-execution-2019-01-01-2020-12-31.csv,269671,-6000874,0,XBTUSD
2020-03-02 12:00:00,4500874,db717563-ee78-a6b7-a5fd-30ebc68248de,aoa-execution-2019-01-01-2020-12-31.csv,269719,-4500874,0,XBTUSD
2020-03-02 20:00:00,4500874,cca71567-f970-8793-e691-85ace79ac5e5,aoa-execution-2019-01-01-2020-12-31.csv,269672,-4500874,0,XBTUSD
2020-03-03 04:00:00,4500874,7b59db65-e7b2-dd21-c32a-1a6d13e0c472,aoa-execution-2019-01-01-2020-12-31.csv,269721,-4500874,0,XBTUSD
2020-03-03 12:00:00,4500874,aeaa30e4-0824-efa8-61a1-bf3a35fea3e7,aoa-execution-2019-01-01-2020-12-31.csv,269720,-4500874,0,XBTUSD
2020-03-03 20:00:00,4500874,97856901-1024-dcbf-b1c9-077237771921,aoa-execution-2019-01-01-2020-12-31.csv,269722,-4500874,0,XBTUSD
2020-03-04 04:00:00,4500874,d29f0b97-a895-e939-65e0-c525aae6786e,aoa-execution-2019-01-01-2020-12-31.csv,269724,-4500874,0,XBTUSD
2020-03-04 12:00:00,6000874,d49996b7-6a37-fe30-6077-be5f389d9140,aoa-execution-2019-01-01-2020-12-31.csv,269723,-6000874,0,XBTUSD
2020-03-04 20:00:00,4500874,a112ed8d-ffff-5f0d-cdbe-073c5ff46a96,aoa-execution-2019-01-01-2020-12-31.csv,269844,-4500874,0,XBTUSD
2020-03-05 04:00:00,6000874,c44b1679-f880-6f6c-4f32-d52d1c7688d9,aoa-execution-2019-01-01-2020-12-31.csv,270622,-6000874,0,XBTUSD
2020-03-05 12:00:00,874,11d5d1dd-5860-eed0-0566-be0e065aca61,aoa-execution-2019-01-01-2020-12-31.csv,270621,-874,0,XBTUSD
2020-03-05 20:00:00,6000874,d8646a1e-3c99-609a-7266-8862b659dd40,aoa-execution-2019-01-01-2020-12-31.csv,270620,-6000874,0,XBTUSD
2020-03-06 04:00:00,6000874,55ece215-5556-7e61-7979-06e98623742a,aoa-execution-2019-01-01-2020-12-31.csv,271122,-6000874,0,XBTUSD
2020-03-06 12:00:00,6000874,54107455-e612-f67f-5cd0-1a0cf049d9de,aoa-execution-2019-01-01-2020-12-31.csv,270741,-6000874,0,XBTUSD
2020-03-06 20:00:00,3000874,04bebe9f-0d8d-1075-40d6-ac5dbd9a956d,aoa-execution-2019-01-01-2020-12-31.csv,271121,-3000874,0,XBTUSD
2020-03-07 04:00:00,3000874,456db79d-ee0d-de15-638c-0631c3f4cc87,aoa-execution-2019-01-01-2020-12-31.csv,271123,-3000874,0,XBTUSD
2020-03-07 12:00:00,3000874,09071455-68b6-2747-6e72-fd4e7908e8dd,aoa-execution-2019-01-01-2020-12-31.csv,271124,-3000874,0,XBTUSD
2020-03-07 20:00:00,3000874,16efa162-f6d9-dd79-8aa2-4883fdc2469d,aoa-execution-2019-01-01-2020-12-31.csv,271125,-3000874,0,XBTUSD
2020-03-08 04:00:00,3000874,1efd3581-9f86-5f05-35d1-daec890371c8,aoa-execution-2019-01-01-2020-12-31.csv,272514,-3000874,0,XBTUSD
2020-03-08 12:00:00,3000874,36d8fd67-6c7c-0d08-22a5-fed7cc08b87b,aoa-execution-2019-01-01-2020-12-31.csv,271126,-3000874,0,XBTUSD
2020-03-08 20:00:00,4500874,859b2cf2-f524-0e1e-47b5-5abc561adef1,aoa-execution-2019-01-01-2020-12-31.csv,272513,-4500874,0,XBTUSD
2020-03-09 04:00:00,874,67d36b86-8772-bfb2-40ee-2a0c74130f02,aoa-execution-2019-01-01-2020-12-31.csv,273024,-874,0,XBTUSD
2020-03-09 12:00:00,874,2c5717a8-2f5e-04f6-a160-75862e52c480,aoa-execution-2019-01-01-2020-12-31.csv,273023,-874,0,XBTUSD
2020-03-09 20:00:00,126,9bc3458d-0997-974a-89de-a0d74b2ab39a,aoa-execution-2019-01-01-2020-12-31.csv,272515,126,0,XBTUSD
2020-03-10 04:00:00,874,53d7e10f-a414-5333-6486-00c6eb5cf352,aoa-execution-2019-01-01-2020-12-31.csv,273777,-874,0,XBTUSD
2020-03-10 12:00:00,874,0919a095-9a7e-53a4-00b3-726ac5127425,aoa-execution-2019-01-01-2020-12-31.csv,274023,-874,0,XBTUSD
2020-03-10 20:00:00,3000874,c4174b38-0e28-4891-e75e-493630dde5a5,aoa-execution-2019-01-01-2020-12-31.csv,273398,-3000874,0,XBTUSD
2020-03-11 04:00:00,3000874,ab381042-e4aa-6724-d0ce-8303efaf4435,aoa-execution-2019-01-01-2020-12-31.csv,274169,-3000874,0,XBTUSD
2020-03-11 12:00:00,3000874,b1a81dcc-8d3a-e64e-6508-7a2fa54d8c45,aoa-execution-2019-01-01-2020-12-31.csv,274492,-3000874,0,XBTUSD
2020-03-11 20:00:00,1500126,62dc8830-70bc-2c95-87bf-6c0af1f7725a,aoa-execution-2019-01-01-2020-12-31.csv,274761,1500126,0,XBTUSD
2020-03-12 04:00:00,126,9fd13ba1-f700-e9ab-c310-84ed348f1d0c,aoa-execution-2019-01-01-2020-12-31.csv,276459,126,0,XBTUSD
2020-03-12 20:00:00,3000573,e4c1f999-d0fa-fb65-4076-ce5ae3b80558,aoa-execution-2019-01-01-2020-12-31.csv,277710,-3000573,0,XBTUSD
2020-03-13 04:00:00,25741,7732352f-e155-b746-2c6a-b00b564d14f3,aoa-execution-2019-01-01-2020-12-31.csv,278022,25741,0,XBTUSD
2020-03-13 12:00:00,4009670,10cdce61-d49e-d687-92d2-f24d3fe5e264,aoa-execution-2019-01-01-2020-12-31.csv,279462,-4009670,0,XBTUSD
2020-03-13 20:00:00,3000477,043534f9-b6ab-e1f8-6f7b-dc30d91ba156,aoa-execution-2019-01-01-2020-12-31.csv,279614,-3000477,0,XBTUSD
2020-03-14 04:00:00,3000477,6a8428c9-1b6a-5d20-ceae-9e0784111012,aoa-execution-2019-01-01-2020-12-31.csv,282268,-3000477,0,XBTUSD
2020-03-14 12:00:00,3000477,b17797f7-34d2-6e8d-1f09-c86d6c8dd0d6,aoa-execution-2019-01-01-2020-12-31.csv,281940,-3000477,0,XBTUSD
2020-03-14 20:00:00,3000477,3b84f73e-697b-7bf9-216b-f7a635a20af8,aoa-execution-2019-01-01-2020-12-31.csv,282144,-3000477,0,XBTUSD
2020-03-15 04:00:00,3000477,2822d892-73b7-400c-51cf-1659b221eff0,aoa-execution-2019-01-01-2020-12-31.csv,283060,-3000477,0,XBTUSD
2020-03-15 12:00:00,3000477,a866bb6f-5b1a-2978-a23a-d897dda5600b,aoa-execution-2019-01-01-2020-12-31.csv,282518,-3000477,0,XBTUSD
2020-03-15 20:00:00,3000477,bfd087e1-24b4-e8b9-955c-603f0ade3f67,aoa-execution-2019-01-01-2020-12-31.csv,283206,-3000477,0,XBTUSD
2020-03-16 04:00:00,3000933,a92e38e3-64de-a717-10e4-ac2314e2e46e,aoa-execution-2019-01-01-2020-12-31.csv,283846,-3000933,0,XBTUSD
2020-03-16 12:00:00,625,488797ac-0dfa-20d8-37d7-7b06dd8f5e52,aoa-execution-2019-01-01-2020-12-31.csv,284140,-625,0,XBTUSD
2020-03-16 20:00:00,395,e2479a41-2c5f-24bb-7ed9-c52683855e20,aoa-execution-2019-01-01-2020-12-31.csv,284585,-395,0,XBTUSD
2020-03-17 04:00:00,2000395,8e92dbb7-4bb2-fbe2-b061-a9b0f8d75b05,aoa-execution-2019-01-01-2020-12-31.csv,286313,-2000395,0,XBTUSD
2020-03-17 12:00:00,2000727,c24c444d-c317-105a-05d4-261c16a6641e,aoa-execution-2019-01-01-2020-12-31.csv,286732,-2000727,0,XBTUSD
2020-03-17 20:00:00,2000727,3e36d003-81f7-a918-35ad-782f8ae22106,aoa-execution-2019-01-01-2020-12-31.csv,286565,-2000727,0,XBTUSD
2020-03-18 04:00:00,2000727,7f4420ed-6c33-77a0-90ac-92461f5b676c,aoa-execution-2019-01-01-2020-12-31.csv,287023,-2000727,0,XBTUSD
2020-03-18 12:00:00,3000727,08110869-279e-deab-dd1a-4d9980fe8891,aoa-execution-2019-01-01-2020-12-31.csv,287655,-3000727,0,XBTUSD
2020-03-18 20:00:00,3050758,a1b6a301-513c-b1ba-7931-8523619cddca,aoa-execution-2019-01-01-2020-12-31.csv,287403,-3050758,0,XBTUSD
2020-03-19 04:00:00,1807529,bbe8401f-f9e2-403a-bb43-e1f5c78a248a,aoa-execution-2019-01-01-2020-12-31.csv,289710,-1807529,0,XBTUSD
2020-03-19 12:00:00,1807529,4d7b56f6-62a1-68a9-7d5c-9d866341f5e5,aoa-execution-2019-01-01-2020-12-31.csv,289204,-1807529,0,XBTUSD
2020-03-19 20:00:00,3000529,9c7ad109-9e2f-0f08-0d37-b1c324cf24d8,aoa-execution-2019-01-01-2020-12-31.csv,290212,-3000529,0,XBTUSD
2020-03-20 04:00:00,6094634,ea0a7a06-f6a2-1ed6-df33-f5b5725c45ea,aoa-execution-2019-01-01-2020-12-31.csv,291857,-6094634,0,XBTUSD
2020-03-20 12:00:00,3024393,c54c88a6-d8e4-d1ce-95a8-a9c16aabfbf2,aoa-execution-2019-01-01-2020-12-31.csv,291406,-3024393,0,XBTUSD
2020-03-20 20:00:00,2005607,9059d5b5-3980-3e86-69c0-005607faba91,aoa-execution-2019-01-01-2020-12-31.csv,292048,2005607,0,XBTUSD
2020-03-21 04:00:00,16462,1c0171d9-270f-bbca-7e66-5bd1897faf80,aoa-execution-2019-01-01-2020-12-31.csv,293119,-16462,0,XBTUSD
2020-03-21 12:00:00,538,478e55d4-0ef7-8123-732f-b097cb89374b,aoa-execution-2019-01-01-2020-12-31.csv,295145,538,0,XBTUSD
2020-03-21 20:00:00,9245,0db7cf29-50ee-17b4-468b-04e554eb3a94,aoa-execution-2019-01-01-2020-12-31.csv,294730,-9245,0,XBTUSD
2020-03-22 04:00:00,6009245,3a6c0124-49d6-97d4-890a-3e36abfb5a97,aoa-execution-2019-01-01-2020-12-31.csv,295344,-6009245,0,XBTUSD
2020-03-22 12:00:00,6009245,30bedce8-e59d-3760-cc29-eae91e0340c7,aoa-execution-2019-01-01-2020-12-31.csv,297309,-6009245,0,XBTUSD
2020-03-22 20:00:00,9245,2c73fa5b-6749-2e7a-d239-c030c991ac43,aoa-execution-2019-01-01-2020-12-31.csv,296766,-9245,0,XBTUSD
2020-03-23 04:00:00,2278785,0681dff3-b1f6-fd8c-bfa0-56ad71b9cec7,aoa-execution-2019-01-01-2020-12-31.csv,298138,2278785,0,XBTUSD
2020-03-23 12:00:00,3000785,49ea0080-e265-45c1-f9e2-815dcb1fef56,aoa-execution-2019-01-01-2020-12-31.csv,298139,3000785,0,XBTUSD
2020-03-23 20:00:00,4000235,5f6dd88a-7534-61ce-9a80-1b84885a7ed3,aoa-execution-2019-01-01-2020-12-31.csv,298870,-4000235,0,XBTUSD
2020-03-24 04:00:00,2000235,cb90041a-72cc-ba63-6437-f79567df90aa,aoa-execution-2019-01-01-2020-12-31.csv,299758,-2000235,0,XBTUSD
2020-03-24 12:00:00,4006016,1722e38d-f6f8-ce4c-3c1a-88b021df1b13,aoa-execution-2019-01-01-2020-12-31.csv,299454,-4006016,0,XBTUSD
2020-03-24 20:00:00,4006016,75e7c3ad-0789-6385-c2fb-a0c742dede2b,aoa-execution-2019-01-01-2020-12-31.csv,299453,-4006016,0,XBTUSD
2020-03-25 04:00:00,3006016,b10b570d-a04a-3a94-3615-50735f796d9f,aoa-execution-2019-01-01-2020-12-31.csv,300031,-3006016,0,XBTUSD
2020-03-25 12:00:00,4006016,9b80960b-a3ca-aa67-4208-432b48d8f5a8,aoa-execution-2019-01-01-2020-12-31.csv,299922,-4006016,0,XBTUSD
2020-03-25 20:00:00,4006016,2bc42407-1e3d-2c40-4183-131619dbfee1,aoa-execution-2019-01-01-2020-12-31.csv,299958,-4006016,0,XBTUSD
2020-03-26 04:00:00,5006016,06cf70ce-de67-acfc-3c62-ffd647371f2d,aoa-execution-2019-01-01-2020-12-31.csv,300138,-5006016,0,XBTUSD
2020-03-26 12:00:00,5006016,0142aa7d-48f2-fba4-a078-d6218bb4d79d,aoa-execution-2019-01-01-2020-12-31.csv,300137,-5006016,0,XBTUSD
2020-03-26 20:00:00,6006016,178009fa-ee51-2fbc-8ed1-522ce066cab7,aoa-execution-2019-01-01-2020-12-31.csv,300139,-6006016,0,XBTUSD
2020-03-27 04:00:00,3006016,03fade4e-bd2a-9e55-bb4d-4b2a2d780fb9,aoa-execution-2019-01-01-2020-12-31.csv,300406,-3006016,0,XBTUSD
2020-03-27 12:00:00,6006315,c3b8c8fc-4642-8754-9f0c-f729e47dfe55,aoa-execution-2019-01-01-2020-12-31.csv,300717,-6006315,0,XBTUSD
2020-03-27 20:00:00,5006315,25da2276-7c5f-a317-aafa-7fa459eb6cf5,aoa-execution-2019-01-01-2020-12-31.csv,300244,-5006315,0,XBTUSD
2020-03-28 04:00:00,4006315,aeaf5551-b1b3-a837-90bd-c9815aced66a,aoa-execution-2019-01-01-2020-12-31.csv,301036,-4006315,0,XBTUSD
2020-03-28 12:00:00,7006315,de38fbe9-09a2-8f3a-6e28-a4f8e1e24c5c,aoa-execution-2019-01-01-2020-12-31.csv,300886,-7006315,0,XBTUSD
2020-03-28 20:00:00,7006315,8a239664-e91b-4bc7-9378-80269ae7ec3a,aoa-execution-2019-01-01-2020-12-31.csv,300887,-7006315,0,XBTUSD
2020-03-29 04:00:00,6006315,bca9f384-c6b4-69bc-7ed0-10a206cdd8e2,aoa-execution-2019-01-01-2020-12-31.csv,301115,-6006315,0,XBTUSD
2020-03-29 12:00:00,6006315,7494573e-c92d-ecfb-966d-f636734f0279,aoa-execution-2019-01-01-2020-12-31.csv,301116,-6006315,0,XBTUSD
2020-03-29 20:00:00,4006315,7062cf18-d77e-e322-3988-1a0da64a5813,aoa-execution-2019-01-01-2020-12-31.csv,301117,-4006315,0,XBTUSD
2020-03-30 04:00:00,315,baebdb4e-519a-1b92-0ea0-8e49c202a95d,aoa-execution-2019-01-01-2020-12-31.csv,302018,-315,0,XBTUSD
2020-03-30 12:00:00,315,01c0049e-7b6c-7c24-2cbd-ff0f8b432c14,aoa-execution-2019-01-01-2020-12-31.csv,302017,-315,0,XBTUSD
2020-03-30 20:00:00,685,aff7405c-4a42-a11a-2737-13b065f8d0f6,aoa-execution-2019-01-01-2020-12-31.csv,302016,685,0,XBTUSD
2020-03-31 04:00:00,2000315,e1678ed5-850f-4fa0-1854-dea8c3db7c7d,aoa-execution-2019-01-01-2020-12-31.csv,302020,-2000315,0,XBTUSD
2020-03-31 12:00:00,3000315,fceee9cf-e69f-7c71-831d-24c1db36c8b7,aoa-execution-2019-01-01-2020-12-31.csv,302356,-3000315,0,XBTUSD
2020-03-31 20:00:00,315,6cfd47a2-6cf6-b9e4-5acf-6b3bceabe90f,aoa-execution-2019-01-01-2020-12-31.csv,302801,-315,0,XBTUSD
2020-04-01 04:00:00,315,9832f27a-2473-72aa-25e1-1c4e2f99a229,aoa-execution-2019-01-01-2020-12-31.csv,303675,-315,0,XBTUSD
2020-04-01 12:00:00,3000315,30a5b384-02fe-7f38-fe19-f2e624d920f9,aoa-execution-2019-01-01-2020-12-31.csv,304178,-3000315,0,XBTUSD
2020-04-01 20:00:00,3000315,b51681e4-8099-c74b-3cfe-8585e8044cbe,aoa-execution-2019-01-01-2020-12-31.csv,304179,-3000315,0,XBTUSD
2020-04-02 04:00:00,4000315,91a54a95-a89c-f104-f911-10ebd7de596c,aoa-execution-2019-01-01-2020-12-31.csv,304188,-4000315,0,XBTUSD
2020-04-02 12:00:00,4000315,f65a35a2-93e3-bdb9-eb68-05daf149d3a4,aoa-execution-2019-01-01-2020-12-31.csv,304189,-4000315,0,XBTUSD
2020-04-02 20:00:00,6000189,398e52ab-5910-0f8d-e098-cbab7d0ad5f5,aoa-execution-2019-01-01-2020-12-31.csv,306808,-6000189,0,XBTUSD
2020-04-03 04:00:00,6000189,c0fc8cda-0780-e7b3-9b31-07359a055b15,aoa-execution-2019-01-01-2020-12-31.csv,306809,-6000189,0,XBTUSD
2020-04-03 12:00:00,6000189,b402cd99-2748-9fea-ee36-f90131527b63,aoa-execution-2019-01-01-2020-12-31.csv,306810,-6000189,0,XBTUSD
2020-04-03 20:00:00,6000189,d1b01212-8195-41ea-e02e-daae100f8edb,aoa-execution-2019-01-01-2020-12-31.csv,306811,-6000189,0,XBTUSD
2020-04-04 04:00:00,6000189,f68448ce-37e2-e631-b4df-b34b615e91d8,aoa-execution-2019-01-01-2020-12-31.csv,306812,-6000189,0,XBTUSD
2020-04-04 12:00:00,6000189,64a92b6f-4352-0648-7635-2c29780fadcb,aoa-execution-2019-01-01-2020-12-31.csv,306813,-6000189,0,XBTUSD
2020-04-04 20:00:00,6000189,4563556e-5403-1027-841d-cd432a521e35,aoa-execution-2019-01-01-2020-12-31.csv,306814,-6000189,0,XBTUSD
2020-04-05 04:00:00,6000189,b9531508-ebca-8d21-6ec2-64171b0ef1ea,aoa-execution-2019-01-01-2020-12-31.csv,306815,-6000189,0,XBTUSD
2020-04-05 12:00:00,6000189,8f5eed18-b9e5-d508-c879-6d7d98fdb0c6,aoa-execution-2019-01-01-2020-12-31.csv,306816,-6000189,0,XBTUSD
2020-04-05 20:00:00,6000189,1fe3ee18-19a8-591c-319c-91be7b6376c9,aoa-execution-2019-01-01-2020-12-31.csv,306817,-6000189,0,XBTUSD
2020-04-06 04:00:00,6000189,0eabd4d5-a871-af2e-7ba3-660ea7d72c62,aoa-execution-2019-01-01-2020-12-31.csv,306818,-6000189,0,XBTUSD
2020-04-06 12:00:00,189,acdb672c-d0be-ef5c-55bd-13a7f89c376b,aoa-execution-2019-01-01-2020-12-31.csv,307659,-189,0,XBTUSD
2020-04-06 20:00:00,3000189,dec60d6b-9be1-f8b8-0e19-1b9a57e66acd,aoa-execution-2019-01-01-2020-12-31.csv,307964,-3000189,0,XBTUSD
2020-04-07 04:00:00,3000189,c1c11cc1-9364-f821-27d5-a7dbcf61a81a,aoa-execution-2019-01-01-2020-12-31.csv,307965,-3000189,0,XBTUSD
2020-04-07 12:00:00,3000189,c32da165-a7df-f641-c19a-3aa7bd5fff5b,aoa-execution-2019-01-01-2020-12-31.csv,307966,-3000189,0,XBTUSD
2020-04-07 20:00:00,3000189,2f1784d0-ab28-6634-ce7d-76538baff5b8,aoa-execution-2019-01-01-2020-12-31.csv,307967,-3000189,0,XBTUSD
2020-04-08 04:00:00,3520511,75c08290-2f31-086b-8c6d-ccb742910c5f,aoa-execution-2019-01-01-2020-12-31.csv,308753,-3520511,0,XBTUSD
2020-04-08 12:00:00,9000189,47321dfe-7843-42a7-4ff3-6a4937b5d41a,aoa-execution-2019-01-01-2020-12-31.csv,309365,-9000189,0,XBTUSD
2020-04-08 20:00:00,7000830,f9453b81-8305-7956-289e-87d0035e26a8,aoa-execution-2019-01-01-2020-12-31.csv,309881,-7000830,0,XBTUSD
2020-04-09 04:00:00,6000830,1e265cdd-e730-80f0-a87c-5e21eef13917,aoa-execution-2019-01-01-2020-12-31.csv,310050,-6000830,0,XBTUSD
2020-04-09 12:00:00,6000830,19d67517-31d4-65d7-1df0-a835573169fb,aoa-execution-2019-01-01-2020-12-31.csv,310051,-6000830,0,XBTUSD
2020-04-09 20:00:00,10000830,79bf1e36-4622-f98b-770e-a8979a18dd02,aoa-execution-2019-01-01-2020-12-31.csv,310216,-10000830,0,XBTUSD
2020-04-10 04:00:00,10000830,7a973d13-c9de-f0bf-6abe-4ac450ba9f8e,aoa-execution-2019-01-01-2020-12-31.csv,310217,-10000830,0,XBTUSD
2020-04-10 12:00:00,7000831,1def9437-02b6-8f28-4cae-0132bd714a29,aoa-execution-2019-01-01-2020-12-31.csv,310324,-7000831,0,XBTUSD
2020-04-10 20:00:00,8361343,0c7a8416-f096-457e-85ec-00a704713ac6,aoa-execution-2019-01-01-2020-12-31.csv,311016,-8361343,0,XBTUSD
2020-04-11 04:00:00,8218695,8619af90-b0ce-70e7-02be-8d3e6425637a,aoa-execution-2019-01-01-2020-12-31.csv,311084,-8218695,0,XBTUSD
2020-04-11 12:00:00,8218695,909a70a6-5ee2-f6c2-d39b-c9b41ca26ba4,aoa-execution-2019-01-01-2020-12-31.csv,311085,-8218695,0,XBTUSD
2020-04-11 20:00:00,8218695,fa706a5a-9cdd-2a17-c707-3b530e154460,aoa-execution-2019-01-01-2020-12-31.csv,311086,-8218695,0,XBTUSD
2020-04-12 04:00:00,8218695,0cd1799b-09bb-6f17-3a22-3b647fc16b59,aoa-execution-2019-01-01-2020-12-31.csv,311087,-8218695,0,XBTUSD
2020-04-12 12:00:00,8218695,ca21be02-ed10-bf85-5821-e34c26808d84,aoa-execution-2019-01-01-2020-12-31.csv,311088,-8218695,0,XBTUSD
2020-04-12 20:00:00,3000695,22253594-85fd-bf16-c2a1-f21741de17ff,aoa-execution-2019-01-01-2020-12-31.csv,312509,-3000695,0,XBTUSD
2020-04-13 04:00:00,10000695,b38492d5-3d7f-bd22-8295-ff07926730cb,aoa-execution-2019-01-01-2020-12-31.csv,312994,-10000695,0,XBTUSD
2020-04-13 12:00:00,10000695,fc6c048e-c01b-8c86-ef49-883f4f7caeda,aoa-execution-2019-01-01-2020-12-31.csv,312995,-10000695,0,XBTUSD
2020-04-13 20:00:00,3000695,9cfa72b5-ab12-c701-45dc-fa10b0b88b97,aoa-execution-2019-01-01-2020-12-31.csv,314099,-3000695,0,XBTUSD
2020-04-14 04:00:00,4229493,7b280fa7-8870-221c-9e65-2f08481426db,aoa-execution-2019-01-01-2020-12-31.csv,314150,-4229493,0,XBTUSD
2020-04-14 12:00:00,3000695,b4944f96-91bc-ce60-27bc-48e9faa92365,aoa-execution-2019-01-01-2020-12-31.csv,314956,-3000695,0,XBTUSD
2020-04-14 20:00:00,3000695,3f5b8b3b-83f2-11cb-ffb3-8ffb4b3c3310,aoa-execution-2019-01-01-2020-12-31.csv,314957,-3000695,0,XBTUSD
2020-04-15 04:00:00,695,5e3ece0f-de4b-11c7-817a-e33e26a366eb,aoa-execution-2019-01-01-2020-12-31.csv,315122,-695,0,XBTUSD
2020-04-15 12:00:00,695,432134c1-69cb-7ac4-f24f-06a37e5f4bac,aoa-execution-2019-01-01-2020-12-31.csv,315123,-695,0,XBTUSD
2020-04-15 20:00:00,3000695,02e207cf-474c-5f5a-437e-c0f5e3dbbafe,aoa-execution-2019-01-01-2020-12-31.csv,315336,-3000695,0,XBTUSD
2020-04-16 04:00:00,3000695,bcbab796-e4fc-a441-8992-49814586f83b,aoa-execution-2019-01-01-2020-12-31.csv,315337,-3000695,0,XBTUSD
2020-04-16 12:00:00,3000768,7aae154e-4427-5a02-2c0d-f6c289303958,aoa-execution-2019-01-01-2020-12-31.csv,316114,3000768,0,XBTUSD
2020-04-16 20:00:00,768,a8a8cfd3-a0ad-b6a0-5230-21c250b5318a,aoa-execution-2019-01-01-2020-12-31.csv,316281,768,0,XBTUSD
2020-04-17 04:00:00,768,5e3890bc-a97f-5eab-4b2a-ec9380dc77cc,aoa-execution-2019-01-01-2020-12-31.csv,316282,768,0,XBTUSD
2020-04-17 12:00:00,768,5c4cda34-3f06-b24d-a942-d21b870cf6b4,aoa-execution-2019-01-01-2020-12-31.csv,316283,768,0,XBTUSD
2020-04-17 20:00:00,768,2a37945d-e4c0-77ad-66ae-984ada98327a,aoa-execution-2019-01-01-2020-12-31.csv,316284,768,0,XBTUSD
2020-04-18 04:00:00,768,643f9741-2b34-f830-d920-b8ba24a81731,aoa-execution-2019-01-01-2020-12-31.csv,316285,768,0,XBTUSD
2020-04-18 12:00:00,768,22b81504-8906-13e9-63b3-184bbb2252d0,aoa-execution-2019-01-01-2020-12-31.csv,316286,768,0,XBTUSD
2020-04-18 20:00:00,768,d8c5fc85-8a29-bebd-77ed-82fe98ca5aee,aoa-execution-2019-01-01-2020-12-31.csv,316287,768,0,XBTUSD
2020-04-19 04:00:00,768,80bbf011-d3bb-998b-6f97-df5b46e0366d,aoa-execution-2019-01-01-2020-12-31.csv,316288,768,0,XBTUSD
2020-04-19 12:00:00,768,44a9a406-9d91-6241-8d9d-f1f40ef2ba2b,aoa-execution-2019-01-01-2020-12-31.csv,316289,768,0,XBTUSD
2020-04-19 20:00:00,768,b10eb6ef-9f38-c810-b92f-41e95d8f2045,aoa-execution-2019-01-01-2020-12-31.csv,316290,768,0,XBTUSD
2020-04-20 04:00:00,768,6b1e09f6-87c9-9a72-8aec-f42b79deba87,aoa-execution-2019-01-01-2020-12-31.csv,316291,768,0,XBTUSD
2020-04-20 12:00:00,232,3c1adeea-c3bc-cdc4-2456-928c18f7e636,aoa-execution-2019-01-01-2020-12-31.csv,316293,-232,0,XBTUSD
2020-04-20 20:00:00,2790428,b345f045-b5f3-9f28-b4b9-ab402f830dcd,aoa-execution-2019-01-01-2020-12-31.csv,317325,-2790428,0,XBTUSD
2020-04-21 04:00:00,2790428,ff899400-38e8-8ffd-6607-fa6fa873921c,aoa-execution-2019-01-01-2020-12-31.csv,317326,-2790428,0,XBTUSD
2020-04-21 12:00:00,2790428,344ce18b-4f40-80f5-9ec7-670009a7bca4,aoa-execution-2019-01-01-2020-12-31.csv,317327,-2790428,0,XBTUSD
2020-04-21 20:00:00,572,77c58eaa-f37f-fe29-2ca4-6479e478b421,aoa-execution-2019-01-01-2020-12-31.csv,317722,572,0,XBTUSD
2020-04-22 04:00:00,572,0e2fd921-5ba3-de0f-5cfb-26759de18975,aoa-execution-2019-01-01-2020-12-31.csv,317723,572,0,XBTUSD
2020-04-22 12:00:00,572,91b3163c-86fe-6c20-315f-312e386b6394,aoa-execution-2019-01-01-2020-12-31.csv,317724,572,0,XBTUSD
2020-04-22 20:00:00,428,1f735afb-c37b-2ce3-8e1e-d57a5e8283b1,aoa-execution-2019-01-01-2020-12-31.csv,319518,-428,0,XBTUSD
2020-04-23 04:00:00,428,72472c3e-de85-2c43-ff9c-1e7074ee3202,aoa-execution-2019-01-01-2020-12-31.csv,319519,-428,0,XBTUSD
2020-04-23 12:00:00,428,c5362cf3-932b-85aa-fbde-b949675c12ad,aoa-execution-2019-01-01-2020-12-31.csv,319520,-428,0,XBTUSD
2020-04-23 20:00:00,428,7f9f0365-6ab4-6c3e-ee88-4793ed0f557b,aoa-execution-2019-01-01-2020-12-31.csv,319521,-428,0,XBTUSD
2020-04-24 04:00:00,428,9d6c5a39-ac14-792d-959b-fbd63d629976,aoa-execution-2019-01-01-2020-12-31.csv,319522,-428,0,XBTUSD
2020-04-24 12:00:00,428,3ad3fe90-91f9-9daa-53dd-2f9c7b2085df,aoa-execution-2019-01-01-2020-12-31.csv,319523,-428,0,XBTUSD
2020-04-24 20:00:00,428,525fa0ba-0b4f-8ec0-9ecf-8443152bc35d,aoa-execution-2019-01-01-2020-12-31.csv,319524,-428,0,XBTUSD
2020-04-25 04:00:00,428,c461c490-8d44-43eb-ea14-2480f4977a53,aoa-execution-2019-01-01-2020-12-31.csv,319525,-428,0,XBTUSD
2020-04-25 12:00:00,428,75e54d52-bddc-2d3f-15e8-e267308155df,aoa-execution-2019-01-01-2020-12-31.csv,319526,-428,0,XBTUSD
2020-04-25 20:00:00,428,303ed342-82c1-375e-b415-41ba6635ce29,aoa-execution-2019-01-01-2020-12-31.csv,323365,-428,0,XBTUSD
2020-04-26 04:00:00,572,9174de2e-7d2c-df5c-1435-e7a1781a228c,aoa-execution-2019-01-01-2020-12-31.csv,323367,572,0,XBTUSD
2020-04-26 12:00:00,6000572,d3a8599c-53a8-3aae-4e7a-fc6d9bbaa43e,aoa-execution-2019-01-01-2020-12-31.csv,323574,6000572,0,XBTUSD
2020-04-26 20:00:00,1000174,8550937a-4bcd-a72a-8dbf-a4b372a25306,aoa-execution-2019-01-01-2020-12-31.csv,328327,1000174,0,XBTUSD
2020-04-27 04:00:00,426,857cfed5-9f69-b1fe-e39d-4f7ff2851337,aoa-execution-2019-01-01-2020-12-31.csv,330363,426,0,XBTUSD
2020-04-27 12:00:00,6000425,c3041385-1cd1-017c-0e02-7ab7cfb1fd26,aoa-execution-2019-01-01-2020-12-31.csv,331018,6000425,0,XBTUSD
2020-04-27 20:00:00,474,dbdbfa60-09bd-7dc0-32c5-f9798b7fb683,aoa-execution-2019-01-01-2020-12-31.csv,332177,474,0,XBTUSD
2020-04-28 04:00:00,474,7b18a1a3-d46e-2d3a-f9a0-c3884082cce8,aoa-execution-2019-01-01-2020-12-31.csv,332178,474,0,XBTUSD
2020-04-28 12:00:00,526,9a065462-0a34-65c0-f000-e4f04bf90b7a,aoa-execution-2019-01-01-2020-12-31.csv,332180,-526,0,XBTUSD
2020-04-28 20:00:00,526,1c070092-cc1c-cf28-b4c9-437f284880f9,aoa-execution-2019-01-01-2020-12-31.csv,332181,-526,0,XBTUSD
2020-04-29 04:00:00,683,2dde5e48-f6bf-849d-e57d-f603492ac158,aoa-execution-2019-01-01-2020-12-31.csv,333243,-683,0,XBTUSD
2020-04-29 12:00:00,652,b3e65ec0-a83e-ed06-ddc3-b99345b4c9aa,aoa-execution-2019-01-01-2020-12-31.csv,334247,652,0,XBTUSD
2020-04-29 20:00:00,4000348,30c8df41-36ef-7ad7-dbbb-322623d80f44,aoa-execution-2019-01-01-2020-12-31.csv,335773,-4000348,0,XBTUSD
2020-04-30 04:00:00,6000348,7691873a-05ed-a22d-8397-76f8096c2362,aoa-execution-2019-01-01-2020-12-31.csv,338081,-6000348,0,XBTUSD
2020-04-30 12:00:00,3993755,932ef045-c8cb-9614-4a6b-faf818fb26ca,aoa-execution-2019-01-01-2020-12-31.csv,338937,-3993755,0,XBTUSD
2020-04-30 20:00:00,5994080,f1a0a63e-d86c-5e39-b43f-e58a253e49e8,aoa-execution-2019-01-01-2020-12-31.csv,340609,-5994080,0,XBTUSD
2020-05-01 04:00:00,8000588,9716a3ab-069a-672e-14cc-11598d682632,aoa-execution-2019-01-01-2020-12-31.csv,343444,8000588,0,XBTUSD
2020-05-01 12:00:00,588,aa3246a3-145c-fe8f-2a4c-484b6a62c2b1,aoa-execution-2019-01-01-2020-12-31.csv,344066,588,0,XBTUSD
2020-05-01 20:00:00,6000644,66b26344-89d8-6728-cf51-d3a829665505,aoa-execution-2019-01-01-2020-12-31.csv,344576,6000644,0,XBTUSD
2020-05-02 04:00:00,6000644,dc9420f8-82c8-0926-825d-a935b2fbc627,aoa-execution-2019-01-01-2020-12-31.csv,344959,6000644,0,XBTUSD
2020-05-02 12:00:00,6000644,e68094a0-7169-3e9a-b7fc-037e25203db6,aoa-execution-2019-01-01-2020-12-31.csv,346654,6000644,0,XBTUSD
2020-05-02 20:00:00,644,84e39776-9239-e7a4-1d28-a4d5e086493d,aoa-execution-2019-01-01-2020-12-31.csv,346653,644,0,XBTUSD
2020-05-03 04:00:00,644,51cb7345-cff0-8385-8712-e89954f678eb,aoa-execution-2019-01-01-2020-12-31.csv,346656,644,0,XBTUSD
2020-05-03 12:00:00,644,79924c2e-7f1b-b3c1-eb79-883cfd620cc1,aoa-execution-2019-01-01-2020-12-31.csv,346657,644,0,XBTUSD
2020-05-03 20:00:00,644,9c58eedd-1599-6c59-e6ac-7deaeb15b6af,aoa-execution-2019-01-01-2020-12-31.csv,346655,644,0,XBTUSD
2020-05-04 04:00:00,4002695,85a6836b-838e-751a-ac88-a3e6e4e4c757,aoa-execution-2019-01-01-2020-12-31.csv,347540,4002695,0,XBTUSD
2020-05-04 12:00:00,6002751,24383ca9-dd88-0a66-7b42-91d9078e0806,aoa-execution-2019-01-01-2020-12-31.csv,348513,6002751,0,XBTUSD
2020-05-04 20:00:00,995018,36a48e32-7d25-38fd-2a12-7c786c33b3b9,aoa-execution-2019-01-01-2020-12-31.csv,350242,995018,0,XBTUSD
2020-05-05 04:00:00,995018,619730fa-42f9-56c2-331a-67a26666dff9,aoa-execution-2019-01-01-2020-12-31.csv,350295,995018,0,XBTUSD
2020-05-05 12:00:00,1534775,5736d863-c7ed-b988-1cc7-335c0e220bce,aoa-execution-2019-01-01-2020-12-31.csv,350294,1534775,0,XBTUSD
2020-05-05 20:00:00,1534775,e08ab311-9eb0-7e1a-848b-aac7c2e1ab93,aoa-execution-2019-01-01-2020-12-31.csv,350293,1534775,0,XBTUSD
2020-05-06 04:00:00,1534775,1f657b98-8235-372c-6660-936892123cad,aoa-execution-2019-01-01-2020-12-31.csv,351039,1534775,0,XBTUSD
2020-05-06 12:00:00,775,8ca9872c-ad4a-56bb-a1d2-644fd2ecb139,aoa-execution-2019-01-01-2020-12-31.csv,351040,775,0,XBTUSD
2020-05-06 20:00:00,60571,c8025fe7-2494-b49a-0324-5836a03b5d21,aoa-execution-2019-01-01-2020-12-31.csv,351697,-60571,0,XBTUSD
2020-05-07 04:00:00,3045,7054e2f3-bd43-e05c-41f0-73a1eaec8f1c,aoa-execution-2019-01-01-2020-12-31.csv,352442,-3045,0,XBTUSD
2020-05-07 12:00:00,3045,8789c065-0717-ae00-f641-c46033e7c6f0,aoa-execution-2019-01-01-2020-12-31.csv,352437,-3045,0,XBTUSD
2020-05-07 20:00:00,955,2a7e11bd-0401-0c95-e78b-934c77e25f6c,aoa-execution-2019-01-01-2020-12-31.csv,352436,955,0,XBTUSD
2020-05-08 04:00:00,955,1c05ea9d-5e7c-64b2-c792-18c4586a7952,aoa-execution-2019-01-01-2020-12-31.csv,352444,955,0,XBTUSD
2020-05-08 12:00:00,955,8b46cfd0-810d-d39c-b091-5578b5aa5483,aoa-execution-2019-01-01-2020-12-31.csv,352445,955,0,XBTUSD
2020-05-08 20:00:00,955,d666eabb-19e7-d4e0-0e2a-f4e0d937e702,aoa-execution-2019-01-01-2020-12-31.csv,352443,955,0,XBTUSD
2020-05-09 04:00:00,955,ee56d902-1376-d5ab-d02f-f84b6ef1a609,aoa-execution-2019-01-01-2020-12-31.csv,352621,955,0,XBTUSD
2020-05-09 12:00:00,2000045,d70d5e46-cc22-b902-8dab-93559e33d4ca,aoa-execution-2019-01-01-2020-12-31.csv,352622,-2000045,0,XBTUSD
2020-05-09 20:00:00,2000721,d4c4b0b3-72a7-58e2-afb5-74bbadce42a2,aoa-execution-2019-01-01-2020-12-31.csv,352446,-2000721,0,XBTUSD
2020-05-10 04:00:00,85645,cad85f34-430c-ad42-7b62-80c6ce6b1c90,aoa-execution-2019-01-01-2020-12-31.csv,353975,85645,0,XBTUSD
2020-05-10 12:00:00,931,022bd4a9-f615-1d13-b02c-b286081dca69,aoa-execution-2019-01-01-2020-12-31.csv,354321,931,0,XBTUSD
2020-05-10 20:00:00,931,459aca36-6c31-b151-1f24-813043d1fea2,aoa-execution-2019-01-01-2020-12-31.csv,353993,931,0,XBTUSD
2020-05-11 04:00:00,2000931,6cacb6cd-3389-2b1c-4b01-ae311f0f4250,aoa-execution-2019-01-01-2020-12-31.csv,354361,2000931,0,XBTUSD
2020-05-11 12:00:00,4000931,146c393a-d37f-ac06-9fc1-649dcb1ec7d1,aoa-execution-2019-01-01-2020-12-31.csv,355370,4000931,0,XBTUSD
2020-05-11 20:00:00,4629667,815c3cc5-a259-fc22-0868-9f881ecbf38c,aoa-execution-2019-01-01-2020-12-31.csv,355554,-4629667,0,XBTUSD
2020-05-12 04:00:00,204422,0bbb1614-e48b-dcc9-9f42-90961c72ee32,aoa-execution-2019-01-01-2020-12-31.csv,355824,204422,0,XBTUSD
2020-05-12 12:00:00,501,75d81225-5da6-9889-83a6-4104a108479c,aoa-execution-2019-01-01-2020-12-31.csv,355859,501,0,XBTUSD
2020-05-12 20:00:00,501,d9cdeed5-01b3-d9f7-d96e-ae30fa2a2e63,aoa-execution-2019-01-01-2020-12-31.csv,356023,501,0,XBTUSD
2020-05-13 04:00:00,501,3c3dd52b-25a0-d6e7-613a-7f8f4cf0decd,aoa-execution-2019-01-01-2020-12-31.csv,356025,501,0,XBTUSD
2020-05-13 12:00:00,501,62be65a8-b97b-034a-1a74-396a1b8621cb,aoa-execution-2019-01-01-2020-12-31.csv,356026,501,0,XBTUSD
2020-05-13 20:00:00,501,753160d9-f67c-3cb0-755e-3b83e2a49d66,aoa-execution-2019-01-01-2020-12-31.csv,356024,501,0,XBTUSD
2020-05-14 04:00:00,6000499,41c266b0-8a92-4f27-7abc-e9f25f6abdc7,aoa-execution-2019-01-01-2020-12-31.csv,357748,-6000499,0,XBTUSD
2020-05-14 12:00:00,8000499,a6ff0ef6-df82-050a-e725-da7622261165,aoa-execution-2019-01-01-2020-12-31.csv,356690,-8000499,0,XBTUSD
2020-05-14 20:00:00,4000499,f66e02e3-69fd-5dc8-4905-33fe6ae2f163,aoa-execution-2019-01-01-2020-12-31.csv,356311,-4000499,0,XBTUSD
2020-05-15 04:00:00,499,b0538950-c54d-3889-8c42-66f51c293d54,aoa-execution-2019-01-01-2020-12-31.csv,357873,-499,0,XBTUSD
2020-05-15 12:00:00,499,1968f2ce-dd6f-107a-a77f-4d85e9ac7041,aoa-execution-2019-01-01-2020-12-31.csv,357872,-499,0,XBTUSD
2020-05-15 20:00:00,499,662d1a80-6422-c3a1-b823-3e51f282ae8d,aoa-execution-2019-01-01-2020-12-31.csv,358000,-499,0,XBTUSD
2020-05-16 04:00:00,499,94955af9-7e46-fc70-75a4-05a4ec75c955,aoa-execution-2019-01-01-2020-12-31.csv,358002,-499,0,XBTUSD
2020-05-16 12:00:00,499,f8805541-525e-5cf2-0c09-964ca8353d52,aoa-execution-2019-01-01-2020-12-31.csv,358003,-499,0,XBTUSD
2020-05-16 20:00:00,499,c284ada8-b08a-938b-769b-714ef7fe150b,aoa-execution-2019-01-01-2020-12-31.csv,358001,-499,0,XBTUSD
2020-05-17 04:00:00,499,1fff51fa-e34a-243c-02bf-f8773151a5d6,aoa-execution-2019-01-01-2020-12-31.csv,358006,-499,0,XBTUSD
2020-05-17 12:00:00,499,2074e390-2022-5e98-e589-49b0efbee4b3,aoa-execution-2019-01-01-2020-12-31.csv,358004,-499,0,XBTUSD
2020-05-17 20:00:00,499,8fbcc1fc-a031-f4bc-ca75-a84ec1187f2d,aoa-execution-2019-01-01-2020-12-31.csv,358005,-499,0,XBTUSD
2020-05-18 04:00:00,499,cf3b0e81-0875-315b-edd2-e63f34d8c7c8,aoa-execution-2019-01-01-2020-12-31.csv,358009,-499,0,XBTUSD
2020-05-18 12:00:00,499,4738e8be-d518-e6e0-0510-060a626654fb,aoa-execution-2019-01-01-2020-12-31.csv,358007,-499,0,XBTUSD
2020-05-18 20:00:00,499,c8578588-9045-181e-1c35-db24db53cd5e,aoa-execution-2019-01-01-2020-12-31.csv,358008,-499,0,XBTUSD
2020-05-19 04:00:00,499,2d0abbc1-1e9e-1cc1-2ba0-c461ddfa53c6,aoa-execution-2019-01-01-2020-12-31.csv,358644,-499,0,XBTUSD
2020-05-19 12:00:00,501,3194f8b5-7db5-a47d-c30d-ea2ec9d0da24,aoa-execution-2019-01-01-2020-12-31.csv,358920,501,0,XBTUSD
2020-05-19 20:00:00,499,a7373100-671c-8c09-7919-88aa9d132a77,aoa-execution-2019-01-01-2020-12-31.csv,358186,-499,0,XBTUSD
2020-05-20 04:00:00,499,772b16bf-262a-584a-d09b-e369939c0b48,aoa-execution-2019-01-01-2020-12-31.csv,359105,-499,0,XBTUSD
2020-05-20 12:00:00,499,ce64cca5-3afb-e1dd-cf79-cfeeb0ef10e0,aoa-execution-2019-01-01-2020-12-31.csv,358921,-499,0,XBTUSD
2020-05-20 20:00:00,8261082,7659169f-d94d-44f9-62c2-a1d601a0a524,aoa-execution-2019-01-01-2020-12-31.csv,359068,-8261082,0,XBTUSD
2020-05-21 04:00:00,8261082,711bd02f-c48d-60e4-c9ec-58c6bf1beb5a,aoa-execution-2019-01-01-2020-12-31.csv,360596,-8261082,0,XBTUSD
2020-05-21 12:00:00,5261082,857cd2aa-067f-2da6-1378-d1d8d3da76db,aoa-execution-2019-01-01-2020-12-31.csv,359621,-5261082,0,XBTUSD
2020-05-21 20:00:00,3007589,aaad2ca4-f3ec-b71d-a2ad-ab7cb4cfe662,aoa-execution-2019-01-01-2020-12-31.csv,360250,-3007589,0,XBTUSD
2020-05-22 04:00:00,3007589,226be9eb-6bc7-e44a-dcb0-987c85a397c4,aoa-execution-2019-01-01-2020-12-31.csv,360973,-3007589,0,XBTUSD
2020-05-22 12:00:00,6007589,dd0bc88b-d63f-5f19-227a-d1262888098a,aoa-execution-2019-01-01-2020-12-31.csv,360610,-6007589,0,XBTUSD
2020-05-22 20:00:00,7507589,edf2ce03-cdeb-1bfb-c800-3830442f9ed4,aoa-execution-2019-01-01-2020-12-31.csv,361173,-7507589,0,XBTUSD
2020-05-23 04:00:00,7507589,2761321a-ac3d-48fb-6f68-4e9fa00dbdc4,aoa-execution-2019-01-01-2020-12-31.csv,361338,-7507589,0,XBTUSD
2020-05-23 12:00:00,7507589,d6f7f2b8-94f8-9a65-516a-7eb496a3fe20,aoa-execution-2019-01-01-2020-12-31.csv,361253,-7507589,0,XBTUSD
2020-05-23 20:00:00,7507589,bd3d8d05-702b-cc19-f543-ce577e460bf2,aoa-execution-2019-01-01-2020-12-31.csv,361337,-7507589,0,XBTUSD
2020-05-24 04:00:00,9007589,94e71437-970d-db63-cbc8-e5432b4541e1,aoa-execution-2019-01-01-2020-12-31.csv,361340,-9007589,0,XBTUSD
2020-05-24 12:00:00,9007589,7b006b5e-79e3-5604-f12b-895ccadfa306,aoa-execution-2019-01-01-2020-12-31.csv,361339,-9007589,0,XBTUSD
2020-05-24 20:00:00,6000085,2e3aab26-03e6-b40e-eac2-a45d4c248fb0,aoa-execution-2019-01-01-2020-12-31.csv,361984,-6000085,0,XBTUSD
2020-05-25 04:00:00,4500085,8e502038-d100-fe68-707d-d70f39d369aa,aoa-execution-2019-01-01-2020-12-31.csv,361985,-4500085,0,XBTUSD
2020-05-25 12:00:00,6000085,28027056-55b9-878c-2729-21c417b9ce50,aoa-execution-2019-01-01-2020-12-31.csv,362148,-6000085,0,XBTUSD
2020-05-25 20:00:00,4500085,f77a3079-092a-9d25-96ba-c2016b5ecaed,aoa-execution-2019-01-01-2020-12-31.csv,362150,-4500085,0,XBTUSD
2020-05-26 04:00:00,4500085,eb996148-c09b-239b-4656-2f7aa744cae4,aoa-execution-2019-01-01-2020-12-31.csv,362410,-4500085,0,XBTUSD
2020-05-26 12:00:00,6000085,76f961cf-7f69-e600-34f6-52333945242d,aoa-execution-2019-01-01-2020-12-31.csv,362409,-6000085,0,XBTUSD
2020-05-26 20:00:00,4500085,104d213b-d1af-7738-7a2c-2a3a6a72149b,aoa-execution-2019-01-01-2020-12-31.csv,362265,-4500085,0,XBTUSD
2020-05-27 04:00:00,4500085,e6a40fc5-9d82-1f48-5aec-e073ff9b8faf,aoa-execution-2019-01-01-2020-12-31.csv,362555,-4500085,0,XBTUSD
2020-05-27 12:00:00,85,3b733513-e226-dfe5-4612-4cc38ee4d75b,aoa-execution-2019-01-01-2020-12-31.csv,362411,-85,0,XBTUSD
2020-05-27 20:00:00,85,fbdf7802-2db5-88da-9429-2c2303a852a8,aoa-execution-2019-01-01-2020-12-31.csv,362554,-85,0,XBTUSD
2020-05-28 04:00:00,85,aff962ef-adfa-25af-a3e8-362dc989f34d,aoa-execution-2019-01-01-2020-12-31.csv,362558,-85,0,XBTUSD
2020-05-28 12:00:00,4506852,4796cca7-5662-3fe1-2668-7e31e20abeab,aoa-execution-2019-01-01-2020-12-31.csv,362557,-4506852,0,XBTUSD
2020-05-28 20:00:00,4506852,dc4e8cdf-b4cf-d8ef-e835-b25d8c814e15,aoa-execution-2019-01-01-2020-12-31.csv,362556,-4506852,0,XBTUSD
2020-05-29 04:00:00,48,b6092579-c2e7-53ea-4a7b-6110c702f8cb,aoa-execution-2019-01-01-2020-12-31.csv,363124,-48,0,XBTUSD
2020-05-29 12:00:00,48,efafd0e2-c394-844d-42ff-168b7bf9c097,aoa-execution-2019-01-01-2020-12-31.csv,363122,-48,0,XBTUSD
2020-05-29 20:00:00,48,0672f662-6160-854f-a1c3-60a5c8423b01,aoa-execution-2019-01-01-2020-12-31.csv,363123,-48,0,XBTUSD
2020-05-30 04:00:00,48,ffbcb8c2-77e2-3f90-1883-ae07b3c5bd57,aoa-execution-2019-01-01-2020-12-31.csv,363233,-48,0,XBTUSD
2020-05-30 12:00:00,48,174b1ed8-a7c7-3c8e-cf22-859086b1c966,aoa-execution-2019-01-01-2020-12-31.csv,363232,-48,0,XBTUSD
2020-05-30 20:00:00,48,8b88dc04-7bf0-bf0e-f0ed-157f0c3deef7,aoa-execution-2019-01-01-2020-12-31.csv,363234,-48,0,XBTUSD
2020-05-31 04:00:00,48,5377556e-5c2b-f282-86d5-7f13c869f5b8,aoa-execution-2019-01-01-2020-12-31.csv,363235,-48,0,XBTUSD
2020-05-31 12:00:00,48,70daed82-f206-d86b-9f93-7305989d0129,aoa-execution-2019-01-01-2020-12-31.csv,363237,-48,0,XBTUSD
2020-05-31 20:00:00,48,e9d529ab-1abc-8681-e01e-83e0aa19cb0e,aoa-execution-2019-01-01-2020-12-31.csv,363236,-48,0,XBTUSD
2020-06-01 04:00:00,48,0d5f8ffe-7f6d-e30a-cb0b-b4b6834ff835,aoa-execution-2019-01-01-2020-12-31.csv,363239,-48,0,XBTUSD
2020-06-01 12:00:00,48,7b9d6b96-8804-2005-c1c5-fa6e8e936e27,aoa-execution-2019-01-01-2020-12-31.csv,363240,-48,0,XBTUSD
2020-06-01 20:00:00,48,830f7900-66c8-188e-2288-1cc8aa0da323,aoa-execution-2019-01-01-2020-12-31.csv,363238,-48,0,XBTUSD
2020-06-02 04:00:00,3000052,38b6551b-ea44-407e-2cb7-abd7ad585aec,aoa-execution-2019-01-01-2020-12-31.csv,363393,3000052,0,XBTUSD
2020-06-02 12:00:00,6000052,c3ef9ced-d453-dba9-1a6c-dc6026fb0dda,aoa-execution-2019-01-01-2020-12-31.csv,363275,6000052,0,XBTUSD
2020-06-02 20:00:00,6885092,ceba2e1e-3ccc-5fb5-0e6e-fde4787014a2,aoa-execution-2019-01-01-2020-12-31.csv,364720,-6885092,0,XBTUSD
2020-06-03 04:00:00,9,4174feb3-f05a-72c9-ee2a-4a255a97fd5c,aoa-execution-2019-01-01-2020-12-31.csv,364721,-9,0,XBTUSD
2020-06-03 12:00:00,9,5bef28d0-bed1-d05d-1dc1-bcefab800749,aoa-execution-2019-01-01-2020-12-31.csv,364723,-9,0,XBTUSD
2020-06-03 20:00:00,9,fcc8e7a2-aef5-63de-9391-7f426af38a33,aoa-execution-2019-01-01-2020-12-31.csv,364722,-9,0,XBTUSD
2020-06-04 04:00:00,9,0d7bd591-a744-fdb7-fc3f-08199bf9122c,aoa-execution-2019-01-01-2020-12-31.csv,364934,-9,0,XBTUSD
2020-06-04 12:00:00,9,bdc5e5c3-8b92-399e-bf03-e263f08df370,aoa-execution-2019-01-01-2020-12-31.csv,364935,-9,0,XBTUSD
2020-06-04 20:00:00,9,19cf60f6-bd91-6d81-f171-b0f057a93201,aoa-execution-2019-01-01-2020-12-31.csv,364936,-9,0,XBTUSD
2020-06-05 04:00:00,9,e6113357-acc0-31aa-aa42-498f0b86f234,aoa-execution-2019-01-01-2020-12-31.csv,364937,-9,0,XBTUSD
2020-06-05 12:00:00,4500009,1dd63cd0-b1de-3f52-1e38-4ea18afa6337,aoa-execution-2019-01-01-2020-12-31.csv,365290,-4500009,0,XBTUSD
2020-06-05 20:00:00,4500009,043eb0f7-978f-c2fb-383a-4aeef0a85eea,aoa-execution-2019-01-01-2020-12-31.csv,365291,-4500009,0,XBTUSD
2020-06-06 04:00:00,4500009,39384cd8-9753-c39b-a178-fe0c45cf0c8c,aoa-execution-2019-01-01-2020-12-31.csv,365877,-4500009,0,XBTUSD
2020-06-06 12:00:00,9,0dd7fb6b-20ce-f8f7-1065-a1719d2deab6,aoa-execution-2019-01-01-2020-12-31.csv,365878,-9,0,XBTUSD
2020-06-06 20:00:00,4500009,91703e11-fa02-1a1c-0b69-643041d6de28,aoa-execution-2019-01-01-2020-12-31.csv,365292,-4500009,0,XBTUSD
2020-06-07 04:00:00,4500009,a730a337-621b-3bbe-fd67-955595b46c55,aoa-execution-2019-01-01-2020-12-31.csv,366633,-4500009,0,XBTUSD
2020-06-07 12:00:00,10500009,1a1ec7c7-b9ab-7426-1448-46766a2d67f8,aoa-execution-2019-01-01-2020-12-31.csv,366632,-10500009,0,XBTUSD
2020-06-07 20:00:00,10500009,e4cae0a2-07ef-fd08-e9d3-a65b763028fc,aoa-execution-2019-01-01-2020-12-31.csv,365879,-10500009,0,XBTUSD
2020-06-08 04:00:00,4500009,b5c90121-64a4-d533-a6ee-fb2406253078,aoa-execution-2019-01-01-2020-12-31.csv,366634,-4500009,0,XBTUSD
2020-06-08 12:00:00,4500009,43a91201-253d-a5bf-0d68-476bdb223a5c,aoa-execution-2019-01-01-2020-12-31.csv,366636,-4500009,0,XBTUSD
2020-06-08 20:00:00,4500009,fcd2a964-f805-0695-73e7-3eb893c77ec5,aoa-execution-2019-01-01-2020-12-31.csv,366635,-4500009,0,XBTUSD
2020-06-09 04:00:00,4500009,3897fd4e-0ab5-8639-a878-852439d600eb,aoa-execution-2019-01-01-2020-12-31.csv,366638,-4500009,0,XBTUSD
2020-06-09 12:00:00,4500009,2a49d58e-527b-55b0-b809-6f735f7bff2b,aoa-execution-2019-01-01-2020-12-31.csv,366639,-4500009,0,XBTUSD
2020-06-09 20:00:00,4500009,72f862e5-81fa-23aa-8cd2-c0f98d58b9cf,aoa-execution-2019-01-01-2020-12-31.csv,366637,-4500009,0,XBTUSD
2020-06-10 04:00:00,4500009,2981e649-73bc-94c1-6979-63cf92dacd2c,aoa-execution-2019-01-01-2020-12-31.csv,366641,-4500009,0,XBTUSD
2020-06-10 12:00:00,4500009,bc8b6bcc-b321-a493-51a0-94419148fd78,aoa-execution-2019-01-01-2020-12-31.csv,366642,-4500009,0,XBTUSD
2020-06-10 20:00:00,4500009,c635050e-3cfb-90de-84f9-f85040564433,aoa-execution-2019-01-01-2020-12-31.csv,366640,-4500009,0,XBTUSD
2020-06-11 04:00:00,9,718a26a1-5558-85f6-96fe-744722aba419,aoa-execution-2019-01-01-2020-12-31.csv,368394,-9,0,XBTUSD
2020-06-11 12:00:00,4441351,d5f33327-4472-be17-3890-0bb3e280e7ac,aoa-execution-2019-01-01-2020-12-31.csv,367980,-4441351,0,XBTUSD
2020-06-11 20:00:00,4540180,3aecb6b9-30d0-25e9-e16f-efd87eb58bed,aoa-execution-2019-01-01-2020-12-31.csv,367979,-4540180,0,XBTUSD
2020-06-12 04:00:00,9040180,3dbdb3bf-03f3-0979-e9f6-d4208e213bfb,aoa-execution-2019-01-01-2020-12-31.csv,369816,-9040180,0,XBTUSD
2020-06-12 12:00:00,11928091,4d25ae2f-f2de-e5df-dee1-d2bf9b866e4b,aoa-execution-2019-01-01-2020-12-31.csv,370166,-11928091,0,XBTUSD
2020-06-12 20:00:00,4533711,bc1154ff-8311-8e49-cf4f-469b7f8f3439,aoa-execution-2019-01-01-2020-12-31.csv,369675,-4533711,0,XBTUSD
2020-06-13 04:00:00,7533711,ba34cdcf-9496-60ac-bb94-9828cbc59587,aoa-execution-2019-01-01-2020-12-31.csv,370520,-7533711,0,XBTUSD
2020-06-13 12:00:00,10533711,de6a4c4e-9b2b-1603-ca1f-31d01a37d6f5,aoa-execution-2019-01-01-2020-12-31.csv,370519,-10533711,0,XBTUSD
2020-06-13 20:00:00,10533711,58dbb36d-bdb0-b32d-4e25-4daceb2c5c15,aoa-execution-2019-01-01-2020-12-31.csv,370726,-10533711,0,XBTUSD
2020-06-14 04:00:00,10533711,533601c5-62c1-9373-8b49-6c868d327e23,aoa-execution-2019-01-01-2020-12-31.csv,370728,-10533711,0,XBTUSD
2020-06-14 12:00:00,10533711,d380a100-6b09-db02-d256-2e5c36907ab0,aoa-execution-2019-01-01-2020-12-31.csv,370727,-10533711,0,XBTUSD
2020-06-14 20:00:00,10533711,033cafb5-5ed6-fb5a-dbc1-70e750b14220,aoa-execution-2019-01-01-2020-12-31.csv,370729,-10533711,0,XBTUSD
2020-06-15 04:00:00,6033711,3d3f8bba-f284-7b09-fec8-ae7ce367b708,aoa-execution-2019-01-01-2020-12-31.csv,371301,-6033711,0,XBTUSD
2020-06-15 12:00:00,740,f2670ac9-c3df-5d4d-7c5b-8d7c35bc7991,aoa-execution-2019-01-01-2020-12-31.csv,371302,-740,0,XBTUSD
2020-06-15 20:00:00,3000260,d7ee44c5-f397-50b3-892f-17fb8c7a9551,aoa-execution-2019-01-01-2020-12-31.csv,371303,3000260,0,XBTUSD
2020-06-16 04:00:00,3000260,22d633f9-823e-ec40-704f-5fed2b8496f0,aoa-execution-2019-01-01-2020-12-31.csv,371542,3000260,0,XBTUSD
2020-06-16 12:00:00,213,2c02a048-20e3-6bfd-98ba-da49e11d5e79,aoa-execution-2019-01-01-2020-12-31.csv,371540,213,0,XBTUSD
2020-06-16 20:00:00,213,d630270b-66cf-19bd-49c1-8ba5c695ae80,aoa-execution-2019-01-01-2020-12-31.csv,371541,213,0,XBTUSD
2020-06-17 04:00:00,213,11e2523c-925f-9139-b707-804e708df952,aoa-execution-2019-01-01-2020-12-31.csv,371870,213,0,XBTUSD
2020-06-17 12:00:00,213,760c9cf4-bf40-8323-1c79-b7ca88921729,aoa-execution-2019-01-01-2020-12-31.csv,371984,213,0,XBTUSD
2020-06-17 20:00:00,3000213,24ec194c-09db-3ec6-ab29-5b5a990327af,aoa-execution-2019-01-01-2020-12-31.csv,371869,3000213,0,XBTUSD
2020-06-18 04:00:00,3000213,80226819-5cf1-5661-399e-9b5a1a4a7b90,aoa-execution-2019-01-01-2020-12-31.csv,372136,3000213,0,XBTUSD
2020-06-18 12:00:00,3000213,101c09e6-3e42-9dd1-15af-28cbc186a649,aoa-execution-2019-01-01-2020-12-31.csv,371986,3000213,0,XBTUSD
2020-06-18 20:00:00,213,47e6cc1b-4e8e-3655-9f0b-d462c64205f9,aoa-execution-2019-01-01-2020-12-31.csv,371985,213,0,XBTUSD
2020-06-19 04:00:00,6000213,aa51e19d-cd33-f2b2-7e54-51de9ae92a24,aoa-execution-2019-01-01-2020-12-31.csv,372619,6000213,0,XBTUSD
2020-06-19 12:00:00,6000213,8f4f5cc0-4e20-b30e-3a82-ee23ff96e9a4,aoa-execution-2019-01-01-2020-12-31.csv,372137,6000213,0,XBTUSD
2020-06-19 20:00:00,6000213,720ee792-1be0-9542-676e-fb71bde78215,aoa-execution-2019-01-01-2020-12-31.csv,372620,6000213,0,XBTUSD
2020-06-20 04:00:00,6000213,e1cfb4e6-70a1-1b3a-184c-3787d7835686,aoa-execution-2019-01-01-2020-12-31.csv,372622,6000213,0,XBTUSD
2020-06-20 12:00:00,6000213,987d4c1f-36f2-0b16-5e97-2b4ce643127a,aoa-execution-2019-01-01-2020-12-31.csv,372623,6000213,0,XBTUSD
2020-06-20 20:00:00,6000213,1fea5dd1-8ddc-71a8-5dba-731ca3e730ba,aoa-execution-2019-01-01-2020-12-31.csv,372621,6000213,0,XBTUSD
2020-06-21 04:00:00,6000213,099a90fc-2aab-469a-6e23-2e356355e506,aoa-execution-2019-01-01-2020-12-31.csv,372645,6000213,0,XBTUSD
2020-06-21 12:00:00,6000213,a8181ee1-0cb3-7687-8542-636ebd580543,aoa-execution-2019-01-01-2020-12-31.csv,372624,6000213,0,XBTUSD
2020-06-21 20:00:00,213,52868f7c-dd81-7bc1-f427-b6d1eb57cad0,aoa-execution-2019-01-01-2020-12-31.csv,373255,213,0,XBTUSD
2020-06-22 04:00:00,213,ddfd7059-2cdc-201d-791b-942449e82251,aoa-execution-2019-01-01-2020-12-31.csv,373652,213,0,XBTUSD
2020-06-22 12:00:00,213,f60f3604-fd73-9d9d-7271-c5f77bbfb5c8,aoa-execution-2019-01-01-2020-12-31.csv,373651,213,0,XBTUSD
2020-06-22 20:00:00,787,891acfb4-1ecb-3b15-a9b4-324b99e27c03,aoa-execution-2019-01-01-2020-12-31.csv,373257,-787,0,XBTUSD
2020-06-23 04:00:00,4500787,4ff4586f-e621-0781-fabe-ae1a6f13271a,aoa-execution-2019-01-01-2020-12-31.csv,373653,-4500787,0,XBTUSD
2020-06-23 12:00:00,4500787,b75eee55-a8d9-fb39-830e-6c28b8960175,aoa-execution-2019-01-01-2020-12-31.csv,373804,-4500787,0,XBTUSD
2020-06-23 20:00:00,4500787,7922156c-2907-a62e-487c-0ebf77880e57,aoa-execution-2019-01-01-2020-12-31.csv,373654,-4500787,0,XBTUSD
2020-06-24 04:00:00,7500787,be46317c-9117-5a01-be16-f973d915e4a1,aoa-execution-2019-01-01-2020-12-31.csv,374609,-7500787,0,XBTUSD
2020-06-24 12:00:00,6726234,56561f65-9ca8-ab25-7670-2edc2f971d44,aoa-execution-2019-01-01-2020-12-31.csv,374237,-6726234,0,XBTUSD
2020-06-24 20:00:00,10500034,0605663a-8a66-efd9-81c8-f8f3790aa70b,aoa-execution-2019-01-01-2020-12-31.csv,374692,-10500034,0,XBTUSD
2020-06-25 04:00:00,7500034,a4632b44-2803-3e84-de07-e2433e2a4b42,aoa-execution-2019-01-01-2020-12-31.csv,374764,-7500034,0,XBTUSD
2020-06-25 12:00:00,7500034,6c980251-ae37-a15b-3d24-bb525b106352,aoa-execution-2019-01-01-2020-12-31.csv,374838,-7500034,0,XBTUSD
2020-06-25 20:00:00,7500034,d95bbb78-ad13-7db5-4a8d-5f04876858a1,aoa-execution-2019-01-01-2020-12-31.csv,374765,-7500034,0,XBTUSD
2020-06-26 04:00:00,9434710,e9d077c0-cf41-e167-1164-db9763fd6cb3,aoa-execution-2019-01-01-2020-12-31.csv,375299,-9434710,0,XBTUSD
2020-06-26 12:00:00,7500917,0552dd7f-811e-c71e-d7e4-c0d790551c8f,aoa-execution-2019-01-01-2020-12-31.csv,375521,-7500917,0,XBTUSD
2020-06-26 20:00:00,9000917,644f8498-1564-e607-5e1a-5ff3dd0c6b46,aoa-execution-2019-01-01-2020-12-31.csv,375398,-9000917,0,XBTUSD
2020-06-27 04:00:00,7500917,4924d3de-ad91-3384-07de-9d663274f8b0,aoa-execution-2019-01-01-2020-12-31.csv,376529,-7500917,0,XBTUSD
2020-06-27 12:00:00,6000917,f503cf28-385c-7433-9622-997134ecc7c4,aoa-execution-2019-01-01-2020-12-31.csv,376530,-6000917,0,XBTUSD
2020-06-27 20:00:00,917,62dd1340-f832-7005-4efa-155f5f9aaed2,aoa-execution-2019-01-01-2020-12-31.csv,376345,-917,0,XBTUSD
2020-06-28 04:00:00,83,16718d9f-168a-e21d-ef49-b3bb9d9a46bd,aoa-execution-2019-01-01-2020-12-31.csv,376930,83,0,XBTUSD
2020-06-28 12:00:00,83,ed9af9e8-a355-30c4-7d7f-1bfb951cbe9c,aoa-execution-2019-01-01-2020-12-31.csv,376934,83,0,XBTUSD
2020-06-28 20:00:00,83,00db1e8a-6899-cac5-a69c-c30d02828ec4,aoa-execution-2019-01-01-2020-12-31.csv,376932,83,0,XBTUSD
2020-06-29 04:00:00,83,fc1f0691-b5f3-da67-58af-398a6f1ef6fb,aoa-execution-2019-01-01-2020-12-31.csv,376935,83,0,XBTUSD
2020-06-29 12:00:00,93553,94d1d8df-8efd-f257-ef49-87b054bafb88,aoa-execution-2019-01-01-2020-12-31.csv,376984,93553,0,XBTUSD
2020-06-29 20:00:00,203,92ac5645-3de7-171a-7520-8cca136223e2,aoa-execution-2019-01-01-2020-12-31.csv,376985,203,0,XBTUSD
2020-06-30 04:00:00,203,2af474f1-65e6-19a4-9fe0-75e6f7ea8eb2,aoa-execution-2019-01-01-2020-12-31.csv,377040,203,0,XBTUSD
2020-06-30 12:00:00,203,93bd0e7f-b97b-7962-e173-4dbb4bde215a,aoa-execution-2019-01-01-2020-12-31.csv,377551,203,0,XBTUSD
2020-06-30 20:00:00,203,35a6fbed-878c-572b-d601-ee3c793d11f6,aoa-execution-2019-01-01-2020-12-31.csv,377552,203,0,XBTUSD
2020-07-01 04:00:00,4500797,67682132-73f9-424e-9c82-595543bda63d,aoa-execution-2019-01-01-2020-12-31.csv,377742,-4500797,0,XBTUSD
2020-07-01 12:00:00,4500797,8e604fb9-9325-c7cf-750a-2791e24c34ee,aoa-execution-2019-01-01-2020-12-31.csv,377554,-4500797,0,XBTUSD
2020-07-01 20:00:00,223,dca5878d-0f2d-6762-3e5c-159cc0d31f0c,aoa-execution-2019-01-01-2020-12-31.csv,379236,-223,0,XBTUSD
2020-07-02 04:00:00,9000223,ecb3e32e-4fd2-8266-1a84-c545e39da0a7,aoa-execution-2019-01-01-2020-12-31.csv,379778,-9000223,0,XBTUSD
2020-07-02 12:00:00,9000223,8a2ccdcc-cbbd-11c4-abdd-806e903b1ac1,aoa-execution-2019-01-01-2020-12-31.csv,379633,-9000223,0,XBTUSD
2020-07-02 20:00:00,10500277,041fbc72-39d7-53f8-54e0-c3ca5c4d0f66,aoa-execution-2019-01-01-2020-12-31.csv,379632,-10500277,0,XBTUSD
2020-07-03 04:00:00,9000277,02772398-e2f1-bd47-4f83-57121fe5279e,aoa-execution-2019-01-01-2020-12-31.csv,380415,-9000277,0,XBTUSD
2020-07-03 12:00:00,9000277,8f086748-f5e5-ebcc-e9dc-3a65f8fd6298,aoa-execution-2019-01-01-2020-12-31.csv,380053,-9000277,0,XBTUSD
2020-07-03 20:00:00,9000277,94c6395f-b595-2549-1a7d-e4053e5dc7d3,aoa-execution-2019-01-01-2020-12-31.csv,379958,-9000277,0,XBTUSD
2020-07-04 04:00:00,12000277,ece1ec56-5c31-f26a-cdd2-4a2e9efbaed8,aoa-execution-2019-01-01-2020-12-31.csv,380417,-12000277,0,XBTUSD
2020-07-04 12:00:00,12000277,468d494a-6b8b-da06-3dfa-52995a077f06,aoa-execution-2019-01-01-2020-12-31.csv,380416,-12000277,0,XBTUSD
2020-07-04 20:00:00,12000277,4d70d7c1-a64c-8b84-b876-5bfa8d7e172a,aoa-execution-2019-01-01-2020-12-31.csv,380418,-12000277,0,XBTUSD
2020-07-05 04:00:00,12000277,d9429cb0-7c48-ea5b-1ca1-9ab6a81403b9,aoa-execution-2019-01-01-2020-12-31.csv,380688,-12000277,0,XBTUSD
2020-07-05 12:00:00,12000277,835b85fc-c48b-9777-625e-618b03713ffe,aoa-execution-2019-01-01-2020-12-31.csv,380419,-12000277,0,XBTUSD
2020-07-05 20:00:00,20000277,efc8b86f-b84d-d6db-b0d0-cbc9586c4570,aoa-execution-2019-01-01-2020-12-31.csv,382003,-20000277,0,XBTUSD
2020-07-06 04:00:00,10000277,2afe0bbf-49ed-c1cc-9e62-edf68c46b50a,aoa-execution-2019-01-01-2020-12-31.csv,382702,-10000277,0,XBTUSD
2020-07-06 12:00:00,574,20a8204e-5373-5f0b-1dea-0946bc361bd0,aoa-execution-2019-01-01-2020-12-31.csv,382699,574,0,XBTUSD
2020-07-06 20:00:00,925661,b5093c7c-eaaf-c10e-caf7-3ee370dbc01c,aoa-execution-2019-01-01-2020-12-31.csv,382700,925661,0,XBTUSD
2020-07-07 04:00:00,3000574,4cf6f716-83c3-f4b3-952e-081c4382cb64,aoa-execution-2019-01-01-2020-12-31.csv,382852,3000574,0,XBTUSD
2020-07-07 12:00:00,3000574,8ca0e8dc-bda8-6623-2895-7361d8ba23bc,aoa-execution-2019-01-01-2020-12-31.csv,382851,3000574,0,XBTUSD
2020-07-07 20:00:00,3000574,e0a5965b-0240-3d6e-2fba-afba441af63f,aoa-execution-2019-01-01-2020-12-31.csv,382853,3000574,0,XBTUSD
2020-07-08 04:00:00,3000574,af81274e-9fa2-9406-4e6f-ca1e0a499044,aoa-execution-2019-01-01-2020-12-31.csv,382893,3000574,0,XBTUSD
2020-07-08 12:00:00,3000574,3a0782ef-b84d-79a0-7c9b-bc681894a20f,aoa-execution-2019-01-01-2020-12-31.csv,382895,3000574,0,XBTUSD
2020-07-08 20:00:00,3000574,92743342-ed87-3156-1468-710f9523f815,aoa-execution-2019-01-01-2020-12-31.csv,382854,3000574,0,XBTUSD
2020-07-09 04:00:00,574,055cf401-bf4f-c84d-f63e-2268c706d201,aoa-execution-2019-01-01-2020-12-31.csv,382929,574,0,XBTUSD
2020-07-09 12:00:00,3000574,3cf892cb-9f30-edfb-deef-0a17bab637a1,aoa-execution-2019-01-01-2020-12-31.csv,382930,3000574,0,XBTUSD
2020-07-09 20:00:00,6000574,5c589d94-440a-ab64-85e5-f8cd611a8133,aoa-execution-2019-01-01-2020-12-31.csv,383530,6000574,0,XBTUSD
2020-07-10 04:00:00,574,569e906e-b608-51a9-5da8-9740740d72cd,aoa-execution-2019-01-01-2020-12-31.csv,384116,574,0,XBTUSD
2020-07-10 12:00:00,574,fa1d3e9e-1bfd-140d-ab82-78f6f4dc989e,aoa-execution-2019-01-01-2020-12-31.csv,384112,574,0,XBTUSD
2020-07-10 20:00:00,574,45be48c0-2c58-1cc2-02ca-f3c9d7c42af2,aoa-execution-2019-01-01-2020-12-31.csv,384113,574,0,XBTUSD
2020-07-11 04:00:00,574,66b79b83-e778-84a7-8f24-613fe5a748ed,aoa-execution-2019-01-01-2020-12-31.csv,384119,574,0,XBTUSD
2020-07-11 12:00:00,574,63f3514b-855c-ecc2-698a-48dd39107cb0,aoa-execution-2019-01-01-2020-12-31.csv,384118,574,0,XBTUSD
2020-07-11 20:00:00,574,430f93df-5037-8770-312d-7d958194bfdf,aoa-execution-2019-01-01-2020-12-31.csv,384122,574,0,XBTUSD
2020-07-12 04:00:00,574,a68112d5-26f2-5df7-7b33-563df2fad013,aoa-execution-2019-01-01-2020-12-31.csv,384128,574,0,XBTUSD
2020-07-12 12:00:00,574,411d8812-70f3-6b30-08bb-57165ce5ff34,aoa-execution-2019-01-01-2020-12-31.csv,384123,574,0,XBTUSD
2020-07-12 20:00:00,574,939a94f8-3fac-c0af-2438-f9a18f9245e2,aoa-execution-2019-01-01-2020-12-31.csv,384126,574,0,XBTUSD
2020-07-13 04:00:00,574,f739b364-26c1-bb59-cbcf-81367ca6871d,aoa-execution-2019-01-01-2020-12-31.csv,384133,574,0,XBTUSD
2020-07-13 12:00:00,574,98138412-5bdf-b8ea-d1b3-e9cfa894f8da,aoa-execution-2019-01-01-2020-12-31.csv,384132,574,0,XBTUSD
2020-07-13 20:00:00,574,03f22e32-15a3-e1be-08f7-97f64a8f9b7f,aoa-execution-2019-01-01-2020-12-31.csv,384129,574,0,XBTUSD
2020-07-14 04:00:00,574,770210c2-2e61-fe00-0df3-a7b5c09c0e72,aoa-execution-2019-01-01-2020-12-31.csv,384137,574,0,XBTUSD
2020-07-14 12:00:00,426,f4309b6e-5638-04c7-522c-081f19558caa,aoa-execution-2019-01-01-2020-12-31.csv,384138,-426,0,XBTUSD
2020-07-14 20:00:00,426,369b762e-e57a-d0a9-3130-85c011975726,aoa-execution-2019-01-01-2020-12-31.csv,384136,-426,0,XBTUSD
2020-07-15 04:00:00,426,756d3159-ba3c-c348-30f4-4bbaad7fcec1,aoa-execution-2019-01-01-2020-12-31.csv,384274,-426,0,XBTUSD
2020-07-15 12:00:00,426,282d0bfa-161e-82d8-4777-5e7a73b8b08a,aoa-execution-2019-01-01-2020-12-31.csv,384272,-426,0,XBTUSD
2020-07-15 20:00:00,426,d7dc9568-6603-4dff-8830-93416f5b4f25,aoa-execution-2019-01-01-2020-12-31.csv,384273,-426,0,XBTUSD
2020-07-16 04:00:00,426,429c0760-c61b-bcce-cbfc-47c11089bdaa,aoa-execution-2019-01-01-2020-12-31.csv,384276,-426,0,XBTUSD
2020-07-16 12:00:00,426,e351cdff-b1bc-c14b-cd73-7532e371b9ac,aoa-execution-2019-01-01-2020-12-31.csv,384277,-426,0,XBTUSD
2020-07-16 20:00:00,426,04006347-c540-c836-911b-4d201a557cae,aoa-execution-2019-01-01-2020-12-31.csv,384275,-426,0,XBTUSD
2020-07-17 04:00:00,426,c8bd8322-2d07-6e14-30c0-9654f8300c1d,aoa-execution-2019-01-01-2020-12-31.csv,384280,-426,0,XBTUSD
2020-07-17 12:00:00,426,2e5582dd-7747-8c7f-95f6-608d30e05344,aoa-execution-2019-01-01-2020-12-31.csv,384278,-426,0,XBTUSD
2020-07-17 20:00:00,426,29b0d7d8-1368-33ef-52e8-3c4635228b15,aoa-execution-2019-01-01-2020-12-31.csv,384279,-426,0,XBTUSD
2020-07-18 04:00:00,426,b4b12c00-42e8-c1fd-6ed1-41a42ac6cd7d,aoa-execution-2019-01-01-2020-12-31.csv,384282,-426,0,XBTUSD
2020-07-18 12:00:00,426,24a7c9f0-8e41-f817-487e-8cdc8138f142,aoa-execution-2019-01-01-2020-12-31.csv,384281,-426,0,XBTUSD
2020-07-18 20:00:00,426,9aa47bb0-1990-090b-050b-3ffa24f7101a,aoa-execution-2019-01-01-2020-12-31.csv,384283,-426,0,XBTUSD
2020-07-19 04:00:00,426,6cec88dc-ad78-6c74-ff44-b3fcd56a1797,aoa-execution-2019-01-01-2020-12-31.csv,384284,-426,0,XBTUSD
2020-07-19 12:00:00,426,c35db1e0-b4a0-d8ca-008a-5731234c1c9f,aoa-execution-2019-01-01-2020-12-31.csv,384285,-426,0,XBTUSD
2020-07-19 20:00:00,426,af63544d-4036-2803-618f-07f73663a643,aoa-execution-2019-01-01-2020-12-31.csv,384286,-426,0,XBTUSD
2020-07-20 04:00:00,426,2bb6dc7b-faf4-1ee0-281c-2c12c9ff79b2,aoa-execution-2019-01-01-2020-12-31.csv,384289,-426,0,XBTUSD
2020-07-20 12:00:00,426,5025b0cb-c2a0-e6ec-df52-3cfdd70b3e23,aoa-execution-2019-01-01-2020-12-31.csv,384287,-426,0,XBTUSD
2020-07-20 20:00:00,426,5211c4ed-b605-63dd-a291-ba0331d02da4,aoa-execution-2019-01-01-2020-12-31.csv,384288,-426,0,XBTUSD
2020-07-21 04:00:00,426,0f0a00e8-3375-8a9d-b394-79c0208a7f5a,aoa-execution-2019-01-01-2020-12-31.csv,384346,-426,0,XBTUSD
2020-07-21 12:00:00,3000451,d11e0498-22ed-9425-166f-75ff01fc2fac,aoa-execution-2019-01-01-2020-12-31.csv,384290,3000451,0,XBTUSD
2020-07-21 20:00:00,3000451,385b6951-3dfd-2477-1dea-b04b9d5c654e,aoa-execution-2019-01-01-2020-12-31.csv,384520,3000451,0,XBTUSD
2020-07-22 04:00:00,3000451,095d9fad-73c6-84cf-7d8f-14bf913b4314,aoa-execution-2019-01-01-2020-12-31.csv,385093,3000451,0,XBTUSD
2020-07-22 12:00:00,451,327c69e9-68a1-2dd8-9c02-1f7e15a5a9a4,aoa-execution-2019-01-01-2020-12-31.csv,385094,451,0,XBTUSD
2020-07-22 20:00:00,451,b94eb4c3-ca3b-6f06-bf00-ed811c86d69d,aoa-execution-2019-01-01-2020-12-31.csv,385021,451,0,XBTUSD
2020-07-23 04:00:00,451,1f430fef-2688-50f8-4f02-aa5f1578cd68,aoa-execution-2019-01-01-2020-12-31.csv,385630,451,0,XBTUSD
2020-07-23 12:00:00,451,a1f759c7-efad-7055-b3f8-647bb5d9360c,aoa-execution-2019-01-01-2020-12-31.csv,385631,451,0,XBTUSD
2020-07-23 20:00:00,451,d1e293c5-700e-680d-4c61-1c6fb7330c5a,aoa-execution-2019-01-01-2020-12-31.csv,385095,451,0,XBTUSD
2020-07-24 04:00:00,451,20706325-5afa-4288-ebf6-291832b0ae45,aoa-execution-2019-01-01-2020-12-31.csv,385714,451,0,XBTUSD
2020-07-24 12:00:00,3000451,29911a58-18c3-5550-5eaf-90f4f5b6607c,aoa-execution-2019-01-01-2020-12-31.csv,385713,3000451,0,XBTUSD
2020-07-24 20:00:00,3000451,fb7f5f5a-c1ca-5fa6-7645-f1df9030b2c7,aoa-execution-2019-01-01-2020-12-31.csv,385715,3000451,0,XBTUSD
2020-07-25 04:00:00,3000451,ede89387-43a9-2b71-e976-1de74d0dbb5a,aoa-execution-2019-01-01-2020-12-31.csv,385720,3000451,0,XBTUSD
2020-07-25 12:00:00,451,f25de270-a997-a789-9db4-2ca5b788b2cc,aoa-execution-2019-01-01-2020-12-31.csv,385719,451,0,XBTUSD
2020-07-25 20:00:00,451,bcd02077-4fb8-2b26-046c-d61adf0b4e77,aoa-execution-2019-01-01-2020-12-31.csv,385716,451,0,XBTUSD
2020-07-26 04:00:00,451,226155f7-fae0-3ea4-cdc4-f3c8dacb5178,aoa-execution-2019-01-01-2020-12-31.csv,385723,451,0,XBTUSD
2020-07-26 12:00:00,451,caff2c73-1352-5c01-311e-b48fdbeb9831,aoa-execution-2019-01-01-2020-12-31.csv,385722,451,0,XBTUSD
2020-07-26 20:00:00,451,3f0f2dee-050d-5c25-c073-179993af82cf,aoa-execution-2019-01-01-2020-12-31.csv,385721,451,0,XBTUSD
2020-07-27 04:00:00,451,b4c8c3c3-e50a-ef65-b03c-75adfe197d2e,aoa-execution-2019-01-01-2020-12-31.csv,385826,451,0,XBTUSD
2020-07-27 12:00:00,451,a15cb189-a722-470a-a197-cb74d4710f1d,aoa-execution-2019-01-01-2020-12-31.csv,385824,451,0,XBTUSD
2020-07-27 20:00:00,7500549,2e3394c9-a6cf-7c4f-ee55-92cb6827b8cb,aoa-execution-2019-01-01-2020-12-31.csv,385825,-7500549,0,XBTUSD
2020-07-28 04:00:00,4500549,f30b64b5-6d3c-65bf-58b3-bfb6182c4ed0,aoa-execution-2019-01-01-2020-12-31.csv,387285,-4500549,0,XBTUSD
2020-07-28 12:00:00,19500854,0b93b9c8-ed08-7abc-73c0-445f639836bd,aoa-execution-2019-01-01-2020-12-31.csv,386034,-19500854,0,XBTUSD
2020-07-28 20:00:00,9020004,6b158ce9-5cf8-1502-a1ca-5c2e869ce9c4,aoa-execution-2019-01-01-2020-12-31.csv,387646,-9020004,0,XBTUSD
2020-07-29 04:00:00,6020004,2d24abb9-02bc-96b6-8f56-42ac535a112e,aoa-execution-2019-01-01-2020-12-31.csv,389588,-6020004,0,XBTUSD
2020-07-29 12:00:00,9020004,8ed30e56-fc25-be9d-db00-79c3df309c95,aoa-execution-2019-01-01-2020-12-31.csv,389589,-9020004,0,XBTUSD
2020-07-29 20:00:00,12020004,9a0c929c-384e-caa6-f6c4-2c615be622f9,aoa-execution-2019-01-01-2020-12-31.csv,389974,-12020004,0,XBTUSD
2020-07-30 04:00:00,12000529,2dd67356-9355-3095-c32a-746171c6bc8c,aoa-execution-2019-01-01-2020-12-31.csv,390677,-12000529,0,XBTUSD
2020-07-30 12:00:00,529,ea89fdd9-f018-260b-e190-8e6d29d388d5,aoa-execution-2019-01-01-2020-12-31.csv,390678,-529,0,XBTUSD
2020-07-30 20:00:00,529,a48e6543-8797-becc-5d6b-f2ffae24c08d,aoa-execution-2019-01-01-2020-12-31.csv,390019,-529,0,XBTUSD
2020-07-31 04:00:00,9000471,e665e3d3-0bc9-2002-6cf1-a756f730b27b,aoa-execution-2019-01-01-2020-12-31.csv,391352,9000471,0,XBTUSD
2020-07-31 12:00:00,9000471,aa15c104-f176-79c0-4317-4f049bb7faa0,aoa-execution-2019-01-01-2020-12-31.csv,391353,9000471,0,XBTUSD
2020-07-31 20:00:00,2934890,40a07f81-2ac3-b2d0-23a5-0e028a62782d,aoa-execution-2019-01-01-2020-12-31.csv,390679,2934890,0,XBTUSD
2020-08-01 04:00:00,2934890,1263d096-0eea-b92f-9513-f4f7d91cff0d,aoa-execution-2019-01-01-2020-12-31.csv,392655,2934890,0,XBTUSD
2020-08-01 12:00:00,110,c96c6fe8-cb0d-e0dc-51ef-fd1a19f35ede,aoa-execution-2019-01-01-2020-12-31.csv,391750,-110,0,XBTUSD
2020-08-01 20:00:00,2380474,f1213844-5597-b486-e291-4fa6308c63f2,aoa-execution-2019-01-01-2020-12-31.csv,391752,-2380474,0,XBTUSD
2020-08-02 04:00:00,474,84b8d752-f4c9-205f-ed06-db32882f7c41,aoa-execution-2019-01-01-2020-12-31.csv,394279,-474,0,XBTUSD
2020-08-02 12:00:00,352,285d6c72-f10f-5ff7-e6fa-82264050dd76,aoa-execution-2019-01-01-2020-12-31.csv,392713,-352,0,XBTUSD
2020-08-02 20:00:00,788,c4b781a1-b610-7d38-592f-60d667263d0d,aoa-execution-2019-01-01-2020-12-31.csv,393864,-788,0,XBTUSD
2020-08-03 04:00:00,788,40f1b5c5-a109-a14c-934a-906d95824a1b,aoa-execution-2019-01-01-2020-12-31.csv,395026,-788,0,XBTUSD
2020-08-03 12:00:00,788,4cc49af0-1336-a79c-da4d-38b8fafe5667,aoa-execution-2019-01-01-2020-12-31.csv,395365,-788,0,XBTUSD
2020-08-03 20:00:00,5715,6d4a64f3-b339-e681-610e-a2302914b95b,aoa-execution-2019-01-01-2020-12-31.csv,394997,5715,0,XBTUSD
2020-08-04 04:00:00,9000715,40624a0f-976b-c12a-2c04-c9214d738f03,aoa-execution-2019-01-01-2020-12-31.csv,395954,9000715,0,XBTUSD
2020-08-04 12:00:00,9000715,3581e0db-b1e3-0f9d-ccb0-2f574946e08a,aoa-execution-2019-01-01-2020-12-31.csv,395953,9000715,0,XBTUSD
2020-08-04 20:00:00,12000715,a3412bf0-fd37-6f06-17bf-029b901073b7,aoa-execution-2019-01-01-2020-12-31.csv,395952,12000715,0,XBTUSD
2020-08-05 04:00:00,12000715,a0e4fdfa-e039-4ccb-cb94-c1af5511d718,aoa-execution-2019-01-01-2020-12-31.csv,396100,12000715,0,XBTUSD
2020-08-05 12:00:00,6000715,08f3cfdf-6f3a-be94-70df-2e600c83c6a6,aoa-execution-2019-01-01-2020-12-31.csv,396508,6000715,0,XBTUSD
2020-08-05 20:00:00,6000285,4505363b-8fb2-cff0-22e8-4d56aa076c3d,aoa-execution-2019-01-01-2020-12-31.csv,396101,-6000285,0,XBTUSD
2020-08-06 04:00:00,6000285,9d375565-c773-4ba6-76a7-ec9dacb89ae3,aoa-execution-2019-01-01-2020-12-31.csv,397333,-6000285,0,XBTUSD
2020-08-06 12:00:00,3000285,35caa4b2-1dc2-0bdc-99ce-48d5209ba876,aoa-execution-2019-01-01-2020-12-31.csv,397627,-3000285,0,XBTUSD
2020-08-06 20:00:00,15000285,21c60a83-a52f-4aa8-fb37-45f0862d3bbb,aoa-execution-2019-01-01-2020-12-31.csv,397970,-15000285,0,XBTUSD
2020-08-07 04:00:00,12000285,915e3f74-2c4f-2c50-b9df-9fe38e9570f9,aoa-execution-2019-01-01-2020-12-31.csv,399615,-12000285,0,XBTUSD
2020-08-07 12:00:00,13425007,5d6a4ba5-1ec0-f273-965a-800ba487e8f8,aoa-execution-2019-01-01-2020-12-31.csv,399736,-13425007,0,XBTUSD
2020-08-07 20:00:00,715,6fd64261-6089-d763-e568-0c1a4b8b3ea7,aoa-execution-2019-01-01-2020-12-31.csv,399616,715,0,XBTUSD
2020-08-08 04:00:00,715,e43519ea-6764-0a9d-fd98-288da318febd,aoa-execution-2019-01-01-2020-12-31.csv,401746,715,0,XBTUSD
2020-08-08 12:00:00,715,1c4e2ea1-253c-bf31-04ff-4332c4d98b69,aoa-execution-2019-01-01-2020-12-31.csv,401747,715,0,XBTUSD
2020-08-08 20:00:00,12000715,86e2b826-0d85-0ed8-4760-9593bba4fdd1,aoa-execution-2019-01-01-2020-12-31.csv,401748,12000715,0,XBTUSD
2020-08-09 04:00:00,12000715,66a79a3f-286c-aac2-7aea-9a9bd4bff9df,aoa-execution-2019-01-01-2020-12-31.csv,401749,12000715,0,XBTUSD
2020-08-09 12:00:00,12000715,fc90f76e-2e4d-16fe-32da-9ed5d2f0220d,aoa-execution-2019-01-01-2020-12-31.csv,401751,12000715,0,XBTUSD
2020-08-09 20:00:00,12000715,f5260c43-8e5c-c97c-13cb-43645bc1df15,aoa-execution-2019-01-01-2020-12-31.csv,401750,12000715,0,XBTUSD
2020-08-10 04:00:00,12000715,18a3edb5-37b5-7e0f-fbd7-4ea13552bb11,aoa-execution-2019-01-01-2020-12-31.csv,401754,12000715,0,XBTUSD
2020-08-10 12:00:00,12000715,e013f7b5-d77c-f4bd-a5d2-b98fd913086e,aoa-execution-2019-01-01-2020-12-31.csv,401752,12000715,0,XBTUSD
2020-08-10 20:00:00,12000715,3cbeda3b-c2dd-6093-df8c-2394983c7dc5,aoa-execution-2019-01-01-2020-12-31.csv,401753,12000715,0,XBTUSD
2020-08-11 04:00:00,12000715,49591b15-f709-3cf6-b6bf-83ca9cafa14a,aoa-execution-2019-01-01-2020-12-31.csv,402978,12000715,0,XBTUSD
2020-08-11 12:00:00,12000715,a78892d2-5da1-fc7e-9800-244cd2eb66c2,aoa-execution-2019-01-01-2020-12-31.csv,402977,12000715,0,XBTUSD
2020-08-11 20:00:00,285,2a51372e-0c17-d934-0b92-13d7c4ab9a04,aoa-execution-2019-01-01-2020-12-31.csv,403309,-285,0,XBTUSD
2020-08-12 04:00:00,6000016,8215a64e-d44a-9cb0-2860-595c0d112154,aoa-execution-2019-01-01-2020-12-31.csv,403539,6000016,0,XBTUSD
2020-08-12 12:00:00,13500639,640d47ad-1a91-e93b-cd77-5004eaa59ce6,aoa-execution-2019-01-01-2020-12-31.csv,405187,-13500639,0,XBTUSD
2020-08-12 20:00:00,17881585,7b52c582-5790-03db-d7fb-ffcdd4a42269,aoa-execution-2019-01-01-2020-12-31.csv,405259,-17881585,0,XBTUSD
2020-08-13 04:00:00,20656901,f9fce2a6-dd30-4000-8bf8-6478dbba28a1,aoa-execution-2019-01-01-2020-12-31.csv,406660,-20656901,0,XBTUSD
2020-08-13 12:00:00,901,05335338-c752-a5d6-3356-72f9acf8d6e8,aoa-execution-2019-01-01-2020-12-31.csv,406472,-901,0,XBTUSD
2020-08-13 20:00:00,901,510f365d-7307-8dba-25ca-69089b4b4dec,aoa-execution-2019-01-01-2020-12-31.csv,406658,-901,0,XBTUSD
2020-08-14 04:00:00,901,7cd214a4-75cd-89e1-5f6c-bfed1e109072,aoa-execution-2019-01-01-2020-12-31.csv,407489,-901,0,XBTUSD
2020-08-14 12:00:00,901,89443635-8be2-c056-42e0-c4b2d85e53c3,aoa-execution-2019-01-01-2020-12-31.csv,407490,-901,0,XBTUSD
2020-08-14 20:00:00,901,28677709-f258-a6d2-f513-6ccbfe521fa6,aoa-execution-2019-01-01-2020-12-31.csv,407488,-901,0,XBTUSD
2020-08-15 04:00:00,901,cb6a88d3-390c-3d68-2585-5888ebbce5a6,aoa-execution-2019-01-01-2020-12-31.csv,407492,-901,0,XBTUSD
2020-08-15 12:00:00,901,21022f01-8db3-451b-a5aa-f8ffe0a2198c,aoa-execution-2019-01-01-2020-12-31.csv,407493,-901,0,XBTUSD
2020-08-15 20:00:00,901,01edc58c-8966-8903-e8c1-9ad2a9242803,aoa-execution-2019-01-01-2020-12-31.csv,407491,-901,0,XBTUSD
2020-08-16 04:00:00,901,2b189b9c-e874-916f-23ff-d0aa0b6d3f4e,aoa-execution-2019-01-01-2020-12-31.csv,407494,-901,0,XBTUSD
2020-08-16 12:00:00,901,88f3e7eb-2a55-a905-035c-64e754aa352b,aoa-execution-2019-01-01-2020-12-31.csv,407495,-901,0,XBTUSD
2020-08-16 20:00:00,901,fd58cf3c-9f27-5d69-21f4-72a9315b31db,aoa-execution-2019-01-01-2020-12-31.csv,407496,-901,0,XBTUSD
2020-08-17 04:00:00,901,c58f79e4-73f9-2cff-6c8d-ede943fe26d2,aoa-execution-2019-01-01-2020-12-31.csv,407497,-901,0,XBTUSD
2020-08-17 12:00:00,901,4123ee38-ff0b-9a5f-5f83-47f6fb0a0c29,aoa-execution-2019-01-01-2020-12-31.csv,407498,-901,0,XBTUSD
2020-08-17 20:00:00,901,d40a042c-4692-bc6e-d9dc-f043fc81e71b,aoa-execution-2019-01-01-2020-12-31.csv,407527,-901,0,XBTUSD
2020-08-18 04:00:00,7500099,74f216fd-30ac-b768-9731-d3717bf89d9a,aoa-execution-2019-01-01-2020-12-31.csv,410145,7500099,0,XBTUSD
2020-08-18 12:00:00,4140846,7c5d4c1f-6d61-5cd7-bd59-6326d2d317e8,aoa-execution-2019-01-01-2020-12-31.csv,411289,4140846,0,XBTUSD
2020-08-18 20:00:00,9001230,cff13db3-7267-02f5-0ac2-ed02897b6b0d,aoa-execution-2019-01-01-2020-12-31.csv,411288,-9001230,0,XBTUSD
2020-08-19 04:00:00,7501230,804d7968-3a58-ee37-6983-8d0b0bdf622c,aoa-execution-2019-01-01-2020-12-31.csv,412586,-7501230,0,XBTUSD
2020-08-19 12:00:00,6000174,3c6aef17-5ddd-d890-3db8-18f6dc7d8cc1,aoa-execution-2019-01-01-2020-12-31.csv,411801,-6000174,0,XBTUSD
2020-08-19 20:00:00,174,96e49991-fcb6-5a52-8855-0cb9c21c60d4,aoa-execution-2019-01-01-2020-12-31.csv,413295,-174,0,XBTUSD
2020-08-20 04:00:00,6000457,6cfeb9a9-0a31-2c34-0155-ca85c8e3489d,aoa-execution-2019-01-01-2020-12-31.csv,414290,6000457,0,XBTUSD
2020-08-20 12:00:00,9038001,619f30fd-4f6b-7cd9-764e-ae8259e60df4,aoa-execution-2019-01-01-2020-12-31.csv,414281,9038001,0,XBTUSD
2020-08-20 20:00:00,9038001,a7bbf97a-f259-d0b1-2a7b-ae33d411ac76,aoa-execution-2019-01-01-2020-12-31.csv,414767,9038001,0,XBTUSD
2020-08-21 04:00:00,4538001,731edfd0-5714-3f36-8d2d-aa25a6cf5431,aoa-execution-2019-01-01-2020-12-31.csv,415078,4538001,0,XBTUSD
2020-08-21 12:00:00,7500147,e9b88f34-1e7f-936a-2920-f183ba65f7e9,aoa-execution-2019-01-01-2020-12-31.csv,415457,7500147,0,XBTUSD
2020-08-21 20:00:00,10500147,c1ab1655-83ae-34b6-1c8a-532bae00d3db,aoa-execution-2019-01-01-2020-12-31.csv,415477,10500147,0,XBTUSD
2020-08-22 04:00:00,10500147,61b9993f-5092-222a-eacb-d28b4fdde690,aoa-execution-2019-01-01-2020-12-31.csv,415884,10500147,0,XBTUSD
2020-08-22 12:00:00,10500147,3d837ba3-e3c0-eecc-fb7c-d6496ae5601c,aoa-execution-2019-01-01-2020-12-31.csv,415606,10500147,0,XBTUSD
2020-08-22 20:00:00,4500147,f455bcca-c5a7-5aeb-2b63-469a84ed792b,aoa-execution-2019-01-01-2020-12-31.csv,415607,4500147,0,XBTUSD
2020-08-23 04:00:00,4500147,d3f498ad-4a5e-a317-5ef6-c8c345cb5dda,aoa-execution-2019-01-01-2020-12-31.csv,416297,4500147,0,XBTUSD
2020-08-23 12:00:00,8382858,b976419c-f9cb-8a33-6bf4-bf1b75db6aee,aoa-execution-2019-01-01-2020-12-31.csv,415908,8382858,0,XBTUSD
2020-08-23 20:00:00,10502858,421dce1a-7b51-2009-7920-3fcd3152fca3,aoa-execution-2019-01-01-2020-12-31.csv,415971,10502858,0,XBTUSD
2020-08-24 04:00:00,10502858,4f29257f-0ba7-ca4f-c840-93a1611c4d22,aoa-execution-2019-01-01-2020-12-31.csv,416473,10502858,0,XBTUSD
2020-08-24 12:00:00,6002858,52266252-6580-0053-16c8-793923ae73d1,aoa-execution-2019-01-01-2020-12-31.csv,416474,6002858,0,XBTUSD
2020-08-24 20:00:00,858,3f73d3da-9140-dec4-f7f2-7e1aeb88bc2c,aoa-execution-2019-01-01-2020-12-31.csv,416472,858,0,XBTUSD
2020-08-25 04:00:00,858,32d4dbbf-d322-7b1c-38ce-ad4a10cb0601,aoa-execution-2019-01-01-2020-12-31.csv,417502,858,0,XBTUSD
2020-08-25 12:00:00,7500142,4507cfb7-c12d-8c37-4f14-1cf041ffd15a,aoa-execution-2019-01-01-2020-12-31.csv,418121,-7500142,0,XBTUSD
2020-08-25 20:00:00,341,642342c2-187d-9d2e-38b1-fadbdbd3d5f3,aoa-execution-2019-01-01-2020-12-31.csv,417111,-341,0,XBTUSD
2020-08-26 04:00:00,13699223,618ad6ae-26e8-f46e-e115-b424139c6b8c,aoa-execution-2019-01-01-2020-12-31.csv,420810,-13699223,0,XBTUSD
2020-08-26 12:00:00,22521210,c4a8c919-3692-0eca-3aa3-49ce4806eb1d,aoa-execution-2019-01-01-2020-12-31.csv,421040,-22521210,0,XBTUSD
2020-08-26 20:00:00,7500549,0ecdc30d-3011-47c7-52b7-e2b358ba1b58,aoa-execution-2019-01-01-2020-12-31.csv,421039,-7500549,0,XBTUSD
2020-08-27 04:00:00,7500549,6eeafb8f-db74-ea47-d3a6-327008f4134d,aoa-execution-2019-01-01-2020-12-31.csv,423095,-7500549,0,XBTUSD
2020-08-27 12:00:00,7500549,4282d936-4bf3-ccdc-36ad-9c6eb227899a,aoa-execution-2019-01-01-2020-12-31.csv,421386,-7500549,0,XBTUSD
2020-08-27 20:00:00,2999877,8f191d78-ac2c-3217-c504-44e7d567f927,aoa-execution-2019-01-01-2020-12-31.csv,421387,-2999877,0,XBTUSD
2020-08-28 04:00:00,877,dad94a41-d8f3-e896-557f-fc89894b7cad,aoa-execution-2019-01-01-2020-12-31.csv,423351,-877,0,XBTUSD
2020-08-28 12:00:00,877,9fe38ff3-2ba6-12a5-f4ed-c65de3415433,aoa-execution-2019-01-01-2020-12-31.csv,423352,-877,0,XBTUSD
2020-08-28 20:00:00,877,34b20fc9-ca1f-4762-125c-8ab05bba0a40,aoa-execution-2019-01-01-2020-12-31.csv,423357,-877,0,XBTUSD
2020-08-29 04:00:00,877,51100b28-324b-dea8-1b30-a439177f8643,aoa-execution-2019-01-01-2020-12-31.csv,423501,-877,0,XBTUSD
2020-08-29 12:00:00,877,96897804-572c-bc74-faca-a1a34dd6e2ee,aoa-execution-2019-01-01-2020-12-31.csv,423358,-877,0,XBTUSD
2020-08-29 20:00:00,837418,5df3239d-b8b2-583e-576c-bc6a46d647aa,aoa-execution-2019-01-01-2020-12-31.csv,423502,837418,0,XBTUSD
2020-08-30 04:00:00,418,09ce3a2b-cc1a-50de-5760-32478cecead0,aoa-execution-2019-01-01-2020-12-31.csv,423984,418,0,XBTUSD
2020-08-30 12:00:00,3000582,fd22fa4c-5453-816c-dc0b-553ca3f312cc,aoa-execution-2019-01-01-2020-12-31.csv,423544,-3000582,0,XBTUSD
2020-08-30 20:00:00,9000582,70dbdb0c-d63d-7ab5-2513-4a168c2ab92a,aoa-execution-2019-01-01-2020-12-31.csv,423985,-9000582,0,XBTUSD
2020-08-31 04:00:00,9000582,12f25fbf-a8c1-61f4-fcb6-bc37f04bf725,aoa-execution-2019-01-01-2020-12-31.csv,424030,-9000582,0,XBTUSD
2020-08-31 12:00:00,18000582,44ac76f5-d279-b01b-f0ac-a7e575cc1d31,aoa-execution-2019-01-01-2020-12-31.csv,424002,-18000582,0,XBTUSD
2020-08-31 20:00:00,21000582,7f6cc231-89e6-65b5-9c9e-7e521178011c,aoa-execution-2019-01-01-2020-12-31.csv,424029,-21000582,0,XBTUSD
2020-09-01 04:00:00,21000582,f05ac25d-4f37-0a23-aafb-fe335030f246,aoa-execution-2019-01-01-2020-12-31.csv,424187,-21000582,0,XBTUSD
2020-09-01 12:00:00,24000582,319d244c-aca8-c77f-ece8-92831380f65e,aoa-execution-2019-01-01-2020-12-31.csv,424488,-24000582,0,XBTUSD
2020-09-01 20:00:00,24000268,63641e0b-68a5-ded7-123c-53700edfd03b,aoa-execution-2019-01-01-2020-12-31.csv,424804,-24000268,0,XBTUSD
2020-09-02 04:00:00,24000268,113bb7ed-731e-8796-2906-77332d2bb960,aoa-execution-2019-01-01-2020-12-31.csv,426481,-24000268,0,XBTUSD
2020-09-02 12:00:00,15000268,71305f1a-4248-c19c-eead-09ea38821d66,aoa-execution-2019-01-01-2020-12-31.csv,426482,-15000268,0,XBTUSD
2020-09-02 20:00:00,12000268,b438509c-0e25-5f81-f377-24d81df8be2f,aoa-execution-2019-01-01-2020-12-31.csv,426501,-12000268,0,XBTUSD
2020-09-03 04:00:00,18000268,94f40efa-3b0f-d59c-9d27-6bb03f535be4,aoa-execution-2019-01-01-2020-12-31.csv,428355,-18000268,0,XBTUSD
2020-09-03 12:00:00,15000279,7b78e83f-c24a-52ba-b789-aeafb8277857,aoa-execution-2019-01-01-2020-12-31.csv,427716,-15000279,0,XBTUSD
2020-09-03 20:00:00,6000863,e15cd62e-04be-cacd-c292-4522d01c6352,aoa-execution-2019-01-01-2020-12-31.csv,430158,6000863,0,XBTUSD
2020-09-04 04:00:00,6000863,eb4203cf-ef2b-eecf-1127-649d61e74f43,aoa-execution-2019-01-01-2020-12-31.csv,433527,6000863,0,XBTUSD
2020-09-04 12:00:00,7724787,678f1b4a-b91f-72d5-33a7-8fd5a63a0e80,aoa-execution-2019-01-01-2020-12-31.csv,431381,-7724787,0,XBTUSD
2020-09-04 20:00:00,2687516,90695b2f-1494-17f8-3edb-25cc0ba01f17,aoa-execution-2019-01-01-2020-12-31.csv,431843,2687516,0,XBTUSD
2020-09-05 04:00:00,21915259,b814979a-7c01-8cd2-7164-a072b849657a,aoa-execution-2019-01-01-2020-12-31.csv,436273,-21915259,0,XBTUSD
2020-09-05 12:00:00,12035005,19258e71-3090-ef82-3039-15649a267926,aoa-execution-2019-01-01-2020-12-31.csv,437613,-12035005,0,XBTUSD
2020-09-05 20:00:00,876,6776f036-4d36-4f93-9526-64fa7adb1c46,aoa-execution-2019-01-01-2020-12-31.csv,434231,-876,0,XBTUSD
2020-09-06 04:00:00,9000876,561150e2-affe-9540-7275-c7cc93250d12,aoa-execution-2019-01-01-2020-12-31.csv,437843,-9000876,0,XBTUSD
2020-09-06 12:00:00,12000876,95f8d14a-82a6-77a2-e6d8-03bd9bd9e091,aoa-execution-2019-01-01-2020-12-31.csv,438071,-12000876,0,XBTUSD
2020-09-06 20:00:00,12000876,f05e3e38-825f-b381-b37e-25022ba457fa,aoa-execution-2019-01-01-2020-12-31.csv,438072,-12000876,0,XBTUSD
2020-09-07 04:00:00,21000876,aeebebd4-7853-4ea0-3b26-19185d2baf4c,aoa-execution-2019-01-01-2020-12-31.csv,439582,-21000876,0,XBTUSD
2020-09-07 12:00:00,21000876,26f1b485-5bf5-66a5-abd0-4282d33a5fea,aoa-execution-2019-01-01-2020-12-31.csv,438406,-21000876,0,XBTUSD
2020-09-07 20:00:00,405,e4e74dbb-e411-2fb0-f12e-ef1c3a966ab1,aoa-execution-2019-01-01-2020-12-31.csv,438687,-405,0,XBTUSD
2020-09-08 04:00:00,405,92a5d85d-3cc7-ab1d-39d8-1390885e87d8,aoa-execution-2019-01-01-2020-12-31.csv,441866,-405,0,XBTUSD
2020-09-08 12:00:00,30000820,61139a1a-33a5-85cf-4297-8efcff7d4deb,aoa-execution-2019-01-01-2020-12-31.csv,442712,-30000820,0,XBTUSD
2020-09-08 20:00:00,30000820,6f6fbb2a-b74b-4213-cbd1-2d1e3b2652bb,aoa-execution-2019-01-01-2020-12-31.csv,441962,-30000820,0,XBTUSD
2020-09-09 04:00:00,9000820,f6bc659c-dd5c-67f8-f6a6-772a618aefe6,aoa-execution-2019-01-01-2020-12-31.csv,443230,-9000820,0,XBTUSD
2020-09-09 12:00:00,9000820,cbcd27f7-0aeb-597b-a567-ec321ec261e8,aoa-execution-2019-01-01-2020-12-31.csv,443486,-9000820,0,XBTUSD
2020-09-09 20:00:00,9000820,f4d76615-2954-f443-20be-262b1d41eb38,aoa-execution-2019-01-01-2020-12-31.csv,443487,-9000820,0,XBTUSD
2020-09-10 04:00:00,9000820,7afb1892-bd2d-b797-223e-787c30c3cde2,aoa-execution-2019-01-01-2020-12-31.csv,444085,-9000820,0,XBTUSD
2020-09-10 12:00:00,820,94177de1-ffe7-9ffa-2940-69ba88827112,aoa-execution-2019-01-01-2020-12-31.csv,444083,-820,0,XBTUSD
2020-09-10 20:00:00,820,a8fedae2-8594-450e-810d-452a1ba75a2e,aoa-execution-2019-01-01-2020-12-31.csv,444084,-820,0,XBTUSD
2020-09-11 04:00:00,820,40408a2c-8fd2-7970-55f8-c14a64129b78,aoa-execution-2019-01-01-2020-12-31.csv,444086,-820,0,XBTUSD
2020-09-11 12:00:00,820,06b9c3bd-c084-04a9-d12e-affdc6eb1edc,aoa-execution-2019-01-01-2020-12-31.csv,444088,-820,0,XBTUSD
2020-09-11 20:00:00,820,88ddcac4-6080-ec82-d89a-cee1c29658c7,aoa-execution-2019-01-01-2020-12-31.csv,444087,-820,0,XBTUSD
2020-09-12 04:00:00,820,e4c22d46-f851-f070-07a3-067ab3f22bac,aoa-execution-2019-01-01-2020-12-31.csv,444089,-820,0,XBTUSD
2020-09-12 12:00:00,820,81006596-3298-97bd-c33b-c507bd28c06a,aoa-execution-2019-01-01-2020-12-31.csv,444090,-820,0,XBTUSD
2020-09-12 20:00:00,820,de974bb4-5061-502b-b672-84299ab7935f,aoa-execution-2019-01-01-2020-12-31.csv,444091,-820,0,XBTUSD
2020-09-13 04:00:00,820,5f4c6fc7-44f2-d2cc-3962-a2925a8afcb7,aoa-execution-2019-01-01-2020-12-31.csv,444092,-820,0,XBTUSD
2020-09-13 12:00:00,8656365,0f791706-211d-d3e5-9041-faf600e52e6e,aoa-execution-2019-01-01-2020-12-31.csv,444480,-8656365,0,XBTUSD
2020-09-13 20:00:00,9000065,1feba760-cf1a-34ad-443b-d9809d24b54a,aoa-execution-2019-01-01-2020-12-31.csv,444479,-9000065,0,XBTUSD
2020-09-14 04:00:00,18000065,eba32e1e-8fa2-6cc5-b513-52ca36d3ff8a,aoa-execution-2019-01-01-2020-12-31.csv,445339,-18000065,0,XBTUSD
2020-09-14 12:00:00,24000065,a307ee30-c52b-b758-a98d-a96ed5865ca5,aoa-execution-2019-01-01-2020-12-31.csv,445250,-24000065,0,XBTUSD
2020-09-14 20:00:00,24000065,dc7c587d-6a5e-a6fb-6b9f-cadd5e2dce25,aoa-execution-2019-01-01-2020-12-31.csv,446293,-24000065,0,XBTUSD
2020-09-15 04:00:00,24000065,89ca4865-edf0-920a-b04f-04af2c499a0e,aoa-execution-2019-01-01-2020-12-31.csv,446296,-24000065,0,XBTUSD
2020-09-15 12:00:00,24000065,a18b2a84-52ac-e432-f96b-126a240317be,aoa-execution-2019-01-01-2020-12-31.csv,446294,-24000065,0,XBTUSD
2020-09-15 20:00:00,24000065,003f4220-f7e2-576c-7d88-e17166136682,aoa-execution-2019-01-01-2020-12-31.csv,446295,-24000065,0,XBTUSD
2020-09-16 04:00:00,24000065,5549653c-fe32-930a-8477-5d28417f1ce4,aoa-execution-2019-01-01-2020-12-31.csv,446726,-24000065,0,XBTUSD
2020-09-16 12:00:00,24000065,aabdcf9a-81f8-38fb-6722-4be1712e7925,aoa-execution-2019-01-01-2020-12-31.csv,446727,-24000065,0,XBTUSD
2020-09-16 20:00:00,12000065,b6a3ec29-6f07-ed13-a7d9-db933ab010e0,aoa-execution-2019-01-01-2020-12-31.csv,446725,-12000065,0,XBTUSD
2020-09-17 04:00:00,12000065,fd7c3c96-b441-97b2-94e2-ae844b581cb0,aoa-execution-2019-01-01-2020-12-31.csv,446728,-12000065,0,XBTUSD
2020-09-17 12:00:00,12000065,3ec71ded-477b-d805-e926-5a6bac0036ab,aoa-execution-2019-01-01-2020-12-31.csv,446905,-12000065,0,XBTUSD
2020-09-17 20:00:00,6000065,cdc2459f-7012-354a-8198-959960f3f9f7,aoa-execution-2019-01-01-2020-12-31.csv,446904,-6000065,0,XBTUSD
2020-09-18 04:00:00,6000065,b045f321-4df3-3c18-3329-c3c3c314a608,aoa-execution-2019-01-01-2020-12-31.csv,447152,-6000065,0,XBTUSD
2020-09-18 12:00:00,9000065,4137389f-e94c-ece3-fdcd-9c952fa28e9d,aoa-execution-2019-01-01-2020-12-31.csv,447154,-9000065,0,XBTUSD
2020-09-18 20:00:00,9000065,f3983630-6560-cf53-92e7-19eb196487ac,aoa-execution-2019-01-01-2020-12-31.csv,447153,-9000065,0,XBTUSD
2020-09-19 04:00:00,9000065,31348a89-d3ea-855e-4522-23e20fd4aca5,aoa-execution-2019-01-01-2020-12-31.csv,447157,-9000065,0,XBTUSD
2020-09-19 12:00:00,9000065,05aa3390-e29b-0aff-52b1-718c700037ba,aoa-execution-2019-01-01-2020-12-31.csv,447156,-9000065,0,XBTUSD
2020-09-19 20:00:00,9000065,7695cef8-78fc-513e-8cde-93ab17197232,aoa-execution-2019-01-01-2020-12-31.csv,447155,-9000065,0,XBTUSD
2020-09-20 04:00:00,9000065,9ca4bfc7-9159-41a9-86d0-566c79e6c02e,aoa-execution-2019-01-01-2020-12-31.csv,447159,-9000065,0,XBTUSD
2020-09-20 12:00:00,12000065,fbed4468-eb32-e268-cd6c-835f0c1ce517,aoa-execution-2019-01-01-2020-12-31.csv,447158,-12000065,0,XBTUSD
2020-09-20 20:00:00,12000065,4925939b-49b8-b9a4-0d97-a3f7adf4c69e,aoa-execution-2019-01-01-2020-12-31.csv,447160,-12000065,0,XBTUSD
2020-09-21 04:00:00,12000065,6ebb3160-8aba-6e7e-9a3a-61f15c9f1ad8,aoa-execution-2019-01-01-2020-12-31.csv,448477,-12000065,0,XBTUSD
2020-09-21 12:00:00,15000065,812c0448-8639-df14-19aa-17289c0d356d,aoa-execution-2019-01-01-2020-12-31.csv,448323,-15000065,0,XBTUSD
2020-09-21 20:00:00,9000065,ca32b360-ee55-2e80-53fc-6aa989a3c864,aoa-execution-2019-01-01-2020-12-31.csv,448476,-9000065,0,XBTUSD
2020-09-22 04:00:00,15000065,c09ec777-d559-8816-2a7c-5901cc6137aa,aoa-execution-2019-01-01-2020-12-31.csv,449628,-15000065,0,XBTUSD
2020-09-22 12:00:00,15000065,cd3598b9-0f0f-b2f0-77dd-b34152c3322a,aoa-execution-2019-01-01-2020-12-31.csv,448781,-15000065,0,XBTUSD
2020-09-22 20:00:00,15000065,7488b617-1ca1-4d67-3a26-f5bb60fac221,aoa-execution-2019-01-01-2020-12-31.csv,449864,-15000065,0,XBTUSD
2020-09-23 04:00:00,9000995,fc6cde2a-a125-b2e6-3fe6-30d70538d2c4,aoa-execution-2019-01-01-2020-12-31.csv,450687,-9000995,0,XBTUSD
2020-09-23 12:00:00,15000995,00349950-6452-ac3b-8825-03672101e411,aoa-execution-2019-01-01-2020-12-31.csv,451301,-15000995,0,XBTUSD
2020-09-23 20:00:00,5,97c1ac22-2c06-402a-ec2a-cf6772f3bc1b,aoa-execution-2019-01-01-2020-12-31.csv,450832,5,0,XBTUSD
2020-09-24 04:00:00,9000995,da8e4843-3163-f981-8c8c-1585fe4eeeae,aoa-execution-2019-01-01-2020-12-31.csv,451854,-9000995,0,XBTUSD
2020-09-24 12:00:00,9000995,b06d322e-249c-ba31-60c1-591fe2d88e07,aoa-execution-2019-01-01-2020-12-31.csv,451340,-9000995,0,XBTUSD
2020-09-24 20:00:00,3280155,69090435-22c8-5c20-35d9-a423879585f0,aoa-execution-2019-01-01-2020-12-31.csv,451855,3280155,0,XBTUSD
2020-09-25 04:00:00,845,ba3c54ba-04f3-432b-ed19-97d7cf2a5675,aoa-execution-2019-01-01-2020-12-31.csv,451988,-845,0,XBTUSD
2020-09-25 12:00:00,3062146,c30b1a81-0e0e-aaef-9b3b-8d354c0607ce,aoa-execution-2019-01-01-2020-12-31.csv,452008,3062146,0,XBTUSD
2020-09-25 20:00:00,9001177,6f05f262-812c-1af8-ce2f-7a9a9950fe87,aoa-execution-2019-01-01-2020-12-31.csv,452007,-9001177,0,XBTUSD
2020-09-26 04:00:00,9001177,698da16b-89ef-5cc7-a677-72c1aa0937e8,aoa-execution-2019-01-01-2020-12-31.csv,452429,-9001177,0,XBTUSD
2020-09-26 12:00:00,9001177,7211fb22-03bf-6adc-ba87-351b967a1375,aoa-execution-2019-01-01-2020-12-31.csv,452428,-9001177,0,XBTUSD
2020-09-26 20:00:00,9001177,29cc5f0a-6710-7019-4382-ca74710b3395,aoa-execution-2019-01-01-2020-12-31.csv,452430,-9001177,0,XBTUSD
2020-09-27 04:00:00,9001177,975e4469-d20c-9db4-9b87-c69ff5c5184e,aoa-execution-2019-01-01-2020-12-31.csv,452431,-9001177,0,XBTUSD
2020-09-27 12:00:00,9001177,c3b1d9bf-e2f5-052b-72d3-46e12883fadd,aoa-execution-2019-01-01-2020-12-31.csv,452432,-9001177,0,XBTUSD
2020-09-27 20:00:00,9001177,2060ede0-73df-a11d-5660-eb353fdc1a5e,aoa-execution-2019-01-01-2020-12-31.csv,452433,-9001177,0,XBTUSD
2020-09-28 04:00:00,9001177,9c283e25-2a66-496f-4774-f3c93fdc71c3,aoa-execution-2019-01-01-2020-12-31.csv,452434,-9001177,0,XBTUSD
2020-09-28 12:00:00,9001177,cb0790be-e20a-7fb1-c434-96a83d18a6e9,aoa-execution-2019-01-01-2020-12-31.csv,452435,-9001177,0,XBTUSD
2020-09-28 20:00:00,9001177,d04f76bf-89da-7d35-bbd6-46ac7578e226,aoa-execution-2019-01-01-2020-12-31.csv,452436,-9001177,0,XBTUSD
2020-09-29 04:00:00,9001177,b53a6f79-09f6-b775-ef68-8f7c43680ec9,aoa-execution-2019-01-01-2020-12-31.csv,452437,-9001177,0,XBTUSD
2020-09-29 12:00:00,9001177,302ea716-5692-a850-8f4b-afa1e1de46ee,aoa-execution-2019-01-01-2020-12-31.csv,452438,-9001177,0,XBTUSD
2020-09-29 20:00:00,9001177,53a278fd-a898-4fe6-15d1-62757d3e1dc7,aoa-execution-2019-01-01-2020-12-31.csv,452439,-9001177,0,XBTUSD
2020-09-30 04:00:00,9001177,8cbf530f-2630-e887-7ca4-cd46f95bbfa6,aoa-execution-2019-01-01-2020-12-31.csv,452440,-9001177,0,XBTUSD
2020-09-30 12:00:00,9001177,3d509d50-24f7-468f-4929-2f51b120190d,aoa-execution-2019-01-01-2020-12-31.csv,452441,-9001177,0,XBTUSD
2020-09-30 20:00:00,9001177,bf649aa7-39e7-75d4-7bf3-8852f1f7a1d1,aoa-execution-2019-01-01-2020-12-31.csv,452442,-9001177,0,XBTUSD
2020-10-01 04:00:00,9001177,bcf7fc72-1df2-2115-1adb-667b9fd6c108,aoa-execution-2019-01-01-2020-12-31.csv,452889,-9001177,0,XBTUSD
2020-10-01 12:00:00,9001177,005efeb6-d779-0c66-01f7-2602c697277b,aoa-execution-2019-01-01-2020-12-31.csv,452890,-9001177,0,XBTUSD
2020-10-01 20:00:00,429,642461bc-a4d9-a51e-3ee5-f1cb26d32247,aoa-execution-2019-01-01-2020-12-31.csv,452443,-429,0,XBTUSD
2020-10-02 04:00:00,429,ad287507-300e-3d2a-2c9a-3aa7a5399d4e,aoa-execution-2019-01-01-2020-12-31.csv,452891,-429,0,XBTUSD
2020-10-02 12:00:00,429,edad397b-0469-531f-0519-8ece684ce9a9,aoa-execution-2019-01-01-2020-12-31.csv,452892,-429,0,XBTUSD
2020-10-02 20:00:00,429,770f34af-1a83-7437-5f18-6961b2bb5923,aoa-execution-2019-01-01-2020-12-31.csv,452893,-429,0,XBTUSD
2020-10-03 04:00:00,429,c5cfaa11-fbd8-f51d-80a9-742398337adb,aoa-execution-2019-01-01-2020-12-31.csv,452894,-429,0,XBTUSD
2020-10-03 12:00:00,429,146a1412-36c3-97c3-02e2-21333d62def6,aoa-execution-2019-01-01-2020-12-31.csv,452896,-429,0,XBTUSD
2020-10-03 20:00:00,429,c15ab368-562a-1418-cdd7-445bb08979bc,aoa-execution-2019-01-01-2020-12-31.csv,452895,-429,0,XBTUSD
2020-10-04 04:00:00,429,0dc4d29e-3901-dab0-a92d-0183267b2caf,aoa-execution-2019-01-01-2020-12-31.csv,452897,-429,0,XBTUSD
2020-10-04 12:00:00,429,77c087fd-00c6-8d4b-dc14-d9db22e39f66,aoa-execution-2019-01-01-2020-12-31.csv,452898,-429,0,XBTUSD
2020-10-04 20:00:00,429,e1b49d93-1022-fff5-ae36-dba8bbb397fc,aoa-execution-2019-01-01-2020-12-31.csv,452899,-429,0,XBTUSD
2020-10-05 04:00:00,429,ef68d36f-a74d-9b90-020b-a7bef4111174,aoa-execution-2019-01-01-2020-12-31.csv,453125,-429,0,XBTUSD
2020-10-05 12:00:00,429,c189f8fc-b9fd-64ad-a505-b7ec4027de68,aoa-execution-2019-01-01-2020-12-31.csv,452900,-429,0,XBTUSD
2020-10-05 20:00:00,9000429,1ec77cc5-a89e-0034-30bb-67c393ca9432,aoa-execution-2019-01-01-2020-12-31.csv,453124,-9000429,0,XBTUSD
2020-10-06 04:00:00,9000429,e13d8ee7-a819-9eff-7f05-6c3abc787e46,aoa-execution-2019-01-01-2020-12-31.csv,453128,-9000429,0,XBTUSD
2020-10-06 12:00:00,9000429,de74f6a3-c13d-24cc-6932-4157c687d1cc,aoa-execution-2019-01-01-2020-12-31.csv,453126,-9000429,0,XBTUSD
2020-10-06 20:00:00,6000429,2ad93999-8b5c-b7f3-1529-7d3cfbadc0a8,aoa-execution-2019-01-01-2020-12-31.csv,453127,-6000429,0,XBTUSD
2020-10-07 04:00:00,6000429,446086b7-fdcf-24d2-8047-4ad82091e4cc,aoa-execution-2019-01-01-2020-12-31.csv,453178,-6000429,0,XBTUSD
2020-10-07 12:00:00,9000429,e032311e-4461-33f2-390b-f2178732e27a,aoa-execution-2019-01-01-2020-12-31.csv,453188,-9000429,0,XBTUSD
2020-10-07 20:00:00,9000429,d2f81520-8661-1f03-3762-d0c9f9d512c8,aoa-execution-2019-01-01-2020-12-31.csv,453189,-9000429,0,XBTUSD
2020-10-08 04:00:00,9000429,a92d9423-519d-c75c-da5b-b111557bef05,aoa-execution-2019-01-01-2020-12-31.csv,453191,-9000429,0,XBTUSD
2020-10-08 12:00:00,429,a4c86087-2cb6-a30a-db2c-3959791861ae,aoa-execution-2019-01-01-2020-12-31.csv,453398,-429,0,XBTUSD
2020-10-08 20:00:00,571,146d418b-abcd-d93c-6525-8f530d86fad7,aoa-execution-2019-01-01-2020-12-31.csv,453400,571,0,XBTUSD
2020-10-09 04:00:00,571,59cc1dab-486f-658e-a0ae-f3979070fe52,aoa-execution-2019-01-01-2020-12-31.csv,453645,571,0,XBTUSD
2020-10-09 12:00:00,571,5e13229a-fefd-dca8-b1d8-2e5912631fd3,aoa-execution-2019-01-01-2020-12-31.csv,453647,571,0,XBTUSD
2020-10-09 20:00:00,571,0e93f843-fce8-b283-23df-594aed8ccbd8,aoa-execution-2019-01-01-2020-12-31.csv,453648,571,0,XBTUSD
2020-10-10 04:00:00,571,1f58f838-0140-9750-845e-121ed4b2d8a2,aoa-execution-2019-01-01-2020-12-31.csv,453651,571,0,XBTUSD
2020-10-10 12:00:00,571,c8031c1e-7a15-8d2e-2a13-d178067ffb37,aoa-execution-2019-01-01-2020-12-31.csv,453653,571,0,XBTUSD
2020-10-10 20:00:00,571,f57e78d8-66dc-284d-bee6-849fe84baad8,aoa-execution-2019-01-01-2020-12-31.csv,453655,571,0,XBTUSD
2020-10-11 04:00:00,571,73f35720-2bbe-ba63-4d72-88994bfa09b1,aoa-execution-2019-01-01-2020-12-31.csv,453661,571,0,XBTUSD
2020-10-11 12:00:00,571,9f5ee4a1-ce2d-effd-5dbe-59f2a4f7bf05,aoa-execution-2019-01-01-2020-12-31.csv,453657,571,0,XBTUSD
2020-10-11 20:00:00,571,36080c36-6059-3a77-4130-47a5dcf260fd,aoa-execution-2019-01-01-2020-12-31.csv,453658,571,0,XBTUSD
2020-10-12 04:00:00,571,99c4721f-7974-368c-cfb1-e3f3ad4a3207,aoa-execution-2019-01-01-2020-12-31.csv,454534,571,0,XBTUSD
2020-10-12 12:00:00,20081,68773832-93f9-eb5c-bb50-b768fca07917,aoa-execution-2019-01-01-2020-12-31.csv,453662,-20081,0,XBTUSD
2020-10-12 20:00:00,6591257,129275cd-dfbb-7a58-ced7-f05df9f759b9,aoa-execution-2019-01-01-2020-12-31.csv,454535,6591257,0,XBTUSD
2020-10-13 04:00:00,6591257,a909b4ff-7775-fc37-d741-9a46737dbfb4,aoa-execution-2019-01-01-2020-12-31.csv,454743,6591257,0,XBTUSD
2020-10-13 12:00:00,8994922,ba37cfb1-d765-7e71-7eac-fbd05877f826,aoa-execution-2019-01-01-2020-12-31.csv,454745,8994922,0,XBTUSD
2020-10-13 20:00:00,6000257,01f76298-a899-ebff-5738-587d648f7579,aoa-execution-2019-01-01-2020-12-31.csv,454715,6000257,0,XBTUSD
2020-10-14 04:00:00,6000257,a1f09989-6a6b-8ee0-37cf-dc47b0e8e8b7,aoa-execution-2019-01-01-2020-12-31.csv,455009,6000257,0,XBTUSD
2020-10-14 12:00:00,6000257,46c1e84a-50c8-dcb2-15ae-7d46945b2a9e,aoa-execution-2019-01-01-2020-12-31.csv,455010,6000257,0,XBTUSD
2020-10-14 20:00:00,12000257,7a415dac-befb-2312-5bb1-96819493c190,aoa-execution-2019-01-01-2020-12-31.csv,455245,12000257,0,XBTUSD
2020-10-15 04:00:00,12000257,b620a9be-3f25-6287-ace6-bf12fa27b66c,aoa-execution-2019-01-01-2020-12-31.csv,456551,12000257,0,XBTUSD
2020-10-15 12:00:00,743,7371b2bd-3118-782b-7914-3abf75824f27,aoa-execution-2019-01-01-2020-12-31.csv,455255,-743,0,XBTUSD
2020-10-15 20:00:00,12000757,143aefdd-aebf-b18e-538a-ca939520588e,aoa-execution-2019-01-01-2020-12-31.csv,456554,12000757,0,XBTUSD
2020-10-16 04:00:00,12000757,f9515f5d-56d0-a743-63b5-2be428facceb,aoa-execution-2019-01-01-2020-12-31.csv,456561,12000757,0,XBTUSD
2020-10-16 12:00:00,15000308,28ba48bc-c859-20c9-a1f1-55e8f8a0518c,aoa-execution-2019-01-01-2020-12-31.csv,457686,-15000308,0,XBTUSD
2020-10-16 20:00:00,15000308,7a7718ea-d3e8-e2db-c094-bfd3f23b60c5,aoa-execution-2019-01-01-2020-12-31.csv,457687,-15000308,0,XBTUSD
2020-10-17 04:00:00,15000308,0aef3a67-2088-9472-a78b-ef789373a94a,aoa-execution-2019-01-01-2020-12-31.csv,457688,-15000308,0,XBTUSD
2020-10-17 12:00:00,15000308,255df9cc-1745-dc4d-c5fa-dc22894e2838,aoa-execution-2019-01-01-2020-12-31.csv,457689,-15000308,0,XBTUSD
2020-10-17 20:00:00,15000308,6cd1c632-ea15-c66a-a50e-da4795b7a554,aoa-execution-2019-01-01-2020-12-31.csv,457690,-15000308,0,XBTUSD
2020-10-18 04:00:00,15000308,0b6cefb6-99c6-73fb-7c03-5c394c3594d4,aoa-execution-2019-01-01-2020-12-31.csv,457692,-15000308,0,XBTUSD
2020-10-18 12:00:00,15000308,83be3a27-a561-4ed1-e3d5-1ecfc1035f49,aoa-execution-2019-01-01-2020-12-31.csv,457691,-15000308,0,XBTUSD
2020-10-18 20:00:00,15000308,5aeff0fb-199d-8263-8d2f-707e36951214,aoa-execution-2019-01-01-2020-12-31.csv,457693,-15000308,0,XBTUSD
2020-10-19 04:00:00,15000308,7a265525-4fa7-af4d-41ed-d661431898ac,aoa-execution-2019-01-01-2020-12-31.csv,458616,-15000308,0,XBTUSD
2020-10-19 12:00:00,15000308,df80a4e2-b67f-63c4-45d0-74bca3165cfa,aoa-execution-2019-01-01-2020-12-31.csv,458615,-15000308,0,XBTUSD
2020-10-19 20:00:00,26697477,896e3e4e-521d-773f-fcb3-f223cd2e0f02,aoa-execution-2019-01-01-2020-12-31.csv,457694,-26697477,0,XBTUSD
2020-10-20 04:00:00,30000915,b84b5877-152d-af97-5ce9-19ea2121d169,aoa-execution-2019-01-01-2020-12-31.csv,458730,-30000915,0,XBTUSD
2020-10-20 12:00:00,30000915,a5f79c09-11ba-4404-540f-50055bf53830,aoa-execution-2019-01-01-2020-12-31.csv,458618,-30000915,0,XBTUSD
2020-10-20 20:00:00,23265378,d3f29adf-8aac-80d2-d1e9-a2d4b36630cd,aoa-execution-2019-01-01-2020-12-31.csv,458617,-23265378,0,XBTUSD
2020-10-21 04:00:00,7087158,29d80383-7703-277e-8fda-e6f7a3677f54,aoa-execution-2019-01-01-2020-12-31.csv,462261,7087158,0,XBTUSD
2020-10-21 12:00:00,8352601,fa8689e2-13ca-b652-027d-70cc20d49808,aoa-execution-2019-01-01-2020-12-31.csv,463781,8352601,0,XBTUSD
2020-10-21 20:00:00,9575385,bd9a2deb-7323-534e-70b0-b554bccc6cba,aoa-execution-2019-01-01-2020-12-31.csv,461574,-9575385,0,XBTUSD
2020-10-22 04:00:00,15000858,6e8aff11-9e60-e259-658b-d9071948b57a,aoa-execution-2019-01-01-2020-12-31.csv,463970,-15000858,0,XBTUSD
2020-10-22 12:00:00,10000858,980d2771-7d11-bdbd-cca8-59628d8c89d1,aoa-execution-2019-01-01-2020-12-31.csv,465150,-10000858,0,XBTUSD
2020-10-22 20:00:00,8812187,0670fb6e-86c9-fc12-a4bc-f7c7990204ff,aoa-execution-2019-01-01-2020-12-31.csv,463971,-8812187,0,XBTUSD
2020-10-23 04:00:00,10000297,006589c1-6890-947f-3dac-e000b9a8d8a3,aoa-execution-2019-01-01-2020-12-31.csv,465273,10000297,0,XBTUSD
2020-10-23 12:00:00,10000297,0d7747af-f805-b50c-33ce-1d6993631074,aoa-execution-2019-01-01-2020-12-31.csv,465275,10000297,0,XBTUSD
2020-10-23 20:00:00,10000297,440a14ea-a6f4-bcc6-b1da-27c781001a0f,aoa-execution-2019-01-01-2020-12-31.csv,465274,10000297,0,XBTUSD
2020-10-24 04:00:00,10000297,5d4a8902-4db2-b12f-7cda-0721b85fc696,aoa-execution-2019-01-01-2020-12-31.csv,465277,10000297,0,XBTUSD
2020-10-24 12:00:00,10000297,075ea041-454f-c41b-63bd-69c8b556ba52,aoa-execution-2019-01-01-2020-12-31.csv,465276,10000297,0,XBTUSD
2020-10-24 20:00:00,10000297,d15fd335-c218-05f2-f1e2-69321cd89745,aoa-execution-2019-01-01-2020-12-31.csv,465278,10000297,0,XBTUSD
2020-10-25 04:00:00,10000297,69fe2941-e645-87dc-c001-2088331f8651,aoa-execution-2019-01-01-2020-12-31.csv,465279,10000297,0,XBTUSD
2020-10-25 12:00:00,10000297,d5a0cabf-f5bd-d77c-bc86-5f90ecb663ed,aoa-execution-2019-01-01-2020-12-31.csv,465280,10000297,0,XBTUSD
2020-10-25 20:00:00,10000297,8fb906c5-2633-7f2f-d792-3b5a3cbbfe4c,aoa-execution-2019-01-01-2020-12-31.csv,465281,10000297,0,XBTUSD
2020-10-26 04:00:00,10000297,887d8ed8-f2a1-1816-1aea-010a9a70e0b6,aoa-execution-2019-01-01-2020-12-31.csv,465283,10000297,0,XBTUSD
2020-10-26 12:00:00,10000297,663ac52a-6145-d15c-5a44-d9b92e0b5c7e,aoa-execution-2019-01-01-2020-12-31.csv,465282,10000297,0,XBTUSD
2020-10-26 20:00:00,10000297,4ab939e8-5733-c482-1408-63655a0c5f8f,aoa-execution-2019-01-01-2020-12-31.csv,465284,10000297,0,XBTUSD
2020-10-27 04:00:00,10000297,d5002a8d-f99d-51e4-0a74-da84832a359e,aoa-execution-2019-01-01-2020-12-31.csv,465522,10000297,0,XBTUSD
2020-10-27 12:00:00,13246499,6b0c12f1-734f-ce4a-5949-7b16a257a692,aoa-execution-2019-01-01-2020-12-31.csv,465523,13246499,0,XBTUSD
2020-10-27 20:00:00,898,590eaaf2-61d5-4e36-4038-e1ae9b4eeb68,aoa-execution-2019-01-01-2020-12-31.csv,465285,-898,0,XBTUSD
2020-10-28 04:00:00,10000898,38590af6-2c69-f9fa-41fe-eb8a3257f6b7,aoa-execution-2019-01-01-2020-12-31.csv,466169,-10000898,0,XBTUSD
2020-10-28 12:00:00,10000898,65253744-0766-70f9-75d6-6a75951e2f55,aoa-execution-2019-01-01-2020-12-31.csv,466733,-10000898,0,XBTUSD
2020-10-28 20:00:00,10001602,4f25c7b3-af4b-3dbf-ef8a-6e2579d9ffa5,aoa-execution-2019-01-01-2020-12-31.csv,466662,-10001602,0,XBTUSD
2020-10-29 04:00:00,20001602,cc8e2ea9-2680-9e58-1897-3d98b2ea02f3,aoa-execution-2019-01-01-2020-12-31.csv,468444,-20001602,0,XBTUSD
2020-10-29 12:00:00,587,b5c4c234-6f32-3a3c-b752-8d710af1ce04,aoa-execution-2019-01-01-2020-12-31.csv,467137,587,0,XBTUSD
2020-10-29 20:00:00,20000554,109dc023-4085-f02c-234f-9b828971ecda,aoa-execution-2019-01-01-2020-12-31.csv,467865,-20000554,0,XBTUSD
2020-10-30 04:00:00,9854320,8de874b5-175e-7fe5-0ff1-72f78788371f,aoa-execution-2019-01-01-2020-12-31.csv,469700,9854320,0,XBTUSD
2020-10-30 12:00:00,10000184,6b1a45d3-93c0-2890-3167-951734da6fcd,aoa-execution-2019-01-01-2020-12-31.csv,469926,10000184,0,XBTUSD
2020-10-30 20:00:00,10000184,f1cbe1a9-00e2-54a4-03d8-480602913b70,aoa-execution-2019-01-01-2020-12-31.csv,470944,10000184,0,XBTUSD
2020-10-31 04:00:00,2197325,8e12fff2-dfe0-f593-c844-9008436c87d6,aoa-execution-2019-01-01-2020-12-31.csv,471695,-2197325,0,XBTUSD
2020-10-31 12:00:00,9999336,d5102a97-8f83-f2ca-4f3b-87b2d246da9b,aoa-execution-2019-01-01-2020-12-31.csv,470945,-9999336,0,XBTUSD
2020-10-31 20:00:00,9999336,dcbe7c4c-f001-9388-6c6f-70df485afaf1,aoa-execution-2019-01-01-2020-12-31.csv,471696,-9999336,0,XBTUSD
2020-11-01 04:00:00,9999336,355e1285-5ef7-94e4-3f1b-c44ba10155d4,aoa-execution-2019-01-01-2020-12-31.csv,471698,-9999336,0,XBTUSD
2020-11-01 12:00:00,9999336,9ebbd01f-7612-a867-683c-da159255e3d0,aoa-execution-2019-01-01-2020-12-31.csv,471699,-9999336,0,XBTUSD
2020-11-01 20:00:00,9999336,adde4c06-3d17-d067-392e-dd97320e34d4,aoa-execution-2019-01-01-2020-12-31.csv,471697,-9999336,0,XBTUSD
2020-11-02 04:00:00,30000336,4bfdc8ee-33ca-23a3-8167-0d20d9d55cd1,aoa-execution-2019-01-01-2020-12-31.csv,472636,-30000336,0,XBTUSD
2020-11-02 12:00:00,20000336,153815d1-996e-851b-3775-7f8f90c99d5a,aoa-execution-2019-01-01-2020-12-31.csv,471700,-20000336,0,XBTUSD
2020-11-02 20:00:00,15000336,e1c126e5-df23-7c96-f064-1ffada349a5b,aoa-execution-2019-01-01-2020-12-31.csv,472637,-15000336,0,XBTUSD
2020-11-03 04:00:00,1854517,44b52de4-4f6b-c05c-7954-778b49992158,aoa-execution-2019-01-01-2020-12-31.csv,474118,1854517,0,XBTUSD
2020-11-03 12:00:00,10000674,13669411-d425-ebf8-49e6-4d5233f7ff9d,aoa-execution-2019-01-01-2020-12-31.csv,474040,-10000674,0,XBTUSD
2020-11-03 20:00:00,10000674,373747ae-6951-47af-fa35-6e367c50fe95,aoa-execution-2019-01-01-2020-12-31.csv,474119,-10000674,0,XBTUSD
2020-11-04 12:00:00,5000386,7b085124-1d7b-c583-6469-49f0106945e8,aoa-execution-2019-01-01-2020-12-31.csv,475021,5000386,0,XBTUSD
2020-11-04 20:00:00,7359577,60363d79-bf59-8084-9f54-e49c560442e4,aoa-execution-2019-01-01-2020-12-31.csv,475419,7359577,0,XBTUSD
2020-11-05 04:00:00,2209311,d77c83ae-fddd-beb0-59af-5fc0c85eaaba,aoa-execution-2019-01-01-2020-12-31.csv,475680,2209311,0,XBTUSD
2020-11-05 12:00:00,10014548,94247676-b215-d500-ac7d-306ab553288e,aoa-execution-2019-01-01-2020-12-31.csv,475863,-10014548,0,XBTUSD
2020-11-05 20:00:00,5000453,42bab525-1877-dfc1-a8fa-bc093565792b,aoa-execution-2019-01-01-2020-12-31.csv,475862,-5000453,0,XBTUSD
2020-11-06 04:00:00,20000453,5bc1bfc1-b68b-0d3f-fba1-a099cf663126,aoa-execution-2019-01-01-2020-12-31.csv,477614,-20000453,0,XBTUSD
2020-11-06 12:00:00,10000453,ca07e857-35ae-19ed-b3f0-d780c859ee4d,aoa-execution-2019-01-01-2020-12-31.csv,477745,-10000453,0,XBTUSD
2020-11-06 20:00:00,10000453,b1d0d3e5-3ad3-5e22-7117-337a54734ee2,aoa-execution-2019-01-01-2020-12-31.csv,477521,-10000453,0,XBTUSD
2020-11-07 04:00:00,982,5c2403c1-77a8-873d-2c39-40990514f5fd,aoa-execution-2019-01-01-2020-12-31.csv,480952,982,0,XBTUSD
2020-11-07 12:00:00,5000982,8a96f946-e2dc-d18f-f8fb-c2b42acab294,aoa-execution-2019-01-01-2020-12-31.csv,481916,5000982,0,XBTUSD
2020-11-08 04:00:00,7500535,48788d8d-ac80-4adf-c95e-338527b8e0cf,aoa-execution-2019-01-01-2020-12-31.csv,485710,-7500535,0,XBTUSD
2020-11-08 12:00:00,25290050,bbded11c-75f5-7887-bcef-79202a960cae,aoa-execution-2019-01-01-2020-12-31.csv,484892,-25290050,0,XBTUSD
2020-11-08 20:00:00,15437005,2ce2c868-3af7-0883-3e5c-6379470b85c3,aoa-execution-2019-01-01-2020-12-31.csv,485711,-15437005,0,XBTUSD
2020-11-09 04:00:00,23901005,401825b6-a51c-8d9c-3918-94ecae2f03a1,aoa-execution-2019-01-01-2020-12-31.csv,486563,-23901005,0,XBTUSD
2020-11-09 20:00:00,11940739,852822b5-f13e-15e7-719c-cafd99da343a,aoa-execution-2019-01-01-2020-12-31.csv,486564,-11940739,0,XBTUSD
2020-11-10 04:00:00,11429638,bbe18556-0fce-bc86-afbc-ea334809fb36,aoa-execution-2019-01-01-2020-12-31.csv,488905,11429638,0,XBTUSD
2020-11-10 12:00:00,11429638,2c4c016e-def3-a3cd-4bfe-e8456a3c28a0,aoa-execution-2019-01-01-2020-12-31.csv,488429,11429638,0,XBTUSD
2020-11-15 20:00:00,10000000,fdcd049f-889a-00a5-13b3-b30661527fcc,aoa-execution-2019-01-01-2020-12-31.csv,488906,-10000000,0,XBTUSD
2020-11-16 04:00:00,10000000,3ed31030-f42d-fbba-454e-0ffc2f60a03b,aoa-execution-2019-01-01-2020-12-31.csv,489240,-10000000,0,XBTUSD
2020-11-16 12:00:00,10000000,1db34e1a-3823-872f-b282-367d4c8df5d5,aoa-execution-2019-01-01-2020-12-31.csv,489241,-10000000,0,XBTUSD
2020-11-16 20:00:00,10000000,e8f073db-40f0-3c11-2ad6-674d1cabf8b8,aoa-execution-2019-01-01-2020-12-31.csv,489242,-10000000,0,XBTUSD
2020-11-17 04:00:00,10000000,91133b9e-9f04-2425-10f1-06d544b669d4,aoa-execution-2019-01-01-2020-12-31.csv,489243,-10000000,0,XBTUSD
2020-11-17 12:00:00,10000000,54e5d771-13c7-83b2-eca6-f2276de8f5e6,aoa-execution-2019-01-01-2020-12-31.csv,489245,-10000000,0,XBTUSD
2020-11-17 20:00:00,10000000,0ec17c83-242f-0ab7-46c8-45fdd2c68d18,aoa-execution-2019-01-01-2020-12-31.csv,489244,-10000000,0,XBTUSD
2020-11-18 04:00:00,10000000,20fc3f9d-00aa-0f40-3f65-db0e610cf66b,aoa-execution-2019-01-01-2020-12-31.csv,489246,-10000000,0,XBTUSD
2020-11-18 12:00:00,10001642,3df06221-2ac8-32ff-1b4b-56de6a113a21,aoa-execution-2019-01-01-2020-12-31.csv,489741,-10001642,0,XBTUSD
2020-11-18 20:00:00,10001642,ffff01ba-4dbc-901f-5f2c-fd5a680b93b3,aoa-execution-2019-01-01-2020-12-31.csv,489405,-10001642,0,XBTUSD
2020-11-19 04:00:00,10001642,30bcb83f-d920-3fc6-80cd-c8e30541dc5c,aoa-execution-2019-01-01-2020-12-31.csv,490205,-10001642,0,XBTUSD
2020-11-19 12:00:00,10001642,259b7157-fad9-d898-bca4-eb619e1e9baf,aoa-execution-2019-01-01-2020-12-31.csv,490411,-10001642,0,XBTUSD
2020-11-20 20:00:00,5000597,c4812155-6864-afd3-24f4-cc72d33e154d,aoa-execution-2019-01-01-2020-12-31.csv,490811,5000597,0,XBTUSD
2020-11-21 04:00:00,10000597,f8a96ac3-0926-b9ca-7f87-1ca4221cd781,aoa-execution-2019-01-01-2020-12-31.csv,490994,10000597,0,XBTUSD
2020-11-21 12:00:00,10000597,589b7338-9cd6-5c5c-6ae3-94c11148cdd9,aoa-execution-2019-01-01-2020-12-31.csv,491200,10000597,0,XBTUSD
2020-11-21 20:00:00,6172137,c58a8a3b-a042-713a-1db8-efa95c89fe43,aoa-execution-2019-01-01-2020-12-31.csv,491387,6172137,0,XBTUSD
2020-11-23 04:00:00,5000538,1dadd7f2-0434-8afd-cc88-962609968cc2,aoa-execution-2019-01-01-2020-12-31.csv,492046,5000538,0,XBTUSD
2020-11-23 12:00:00,5000538,a339c016-d4d6-15b7-142a-72f441d908ca,aoa-execution-2019-01-01-2020-12-31.csv,492045,5000538,0,XBTUSD
2020-11-23 20:00:00,5000538,787f950d-2ec2-6cc0-6265-f5b3f5af080c,aoa-execution-2019-01-01-2020-12-31.csv,492047,5000538,0,XBTUSD
2020-11-24 04:00:00,5000538,e3cd20b5-92a4-8567-2c92-b9abf3e246b9,aoa-execution-2019-01-01-2020-12-31.csv,492053,5000538,0,XBTUSD
2020-11-24 12:00:00,15000538,d1e17d86-e0e6-58df-05a4-f566f9de7a88,aoa-execution-2019-01-01-2020-12-31.csv,492715,15000538,0,XBTUSD
2020-11-24 20:00:00,5000538,b3e33bec-6a5d-60a3-aa6b-a287c83a9b1d,aoa-execution-2019-01-01-2020-12-31.csv,492054,5000538,0,XBTUSD
2020-11-25 04:00:00,5000538,86a41598-5c51-6c82-f0c1-169458519866,aoa-execution-2019-01-01-2020-12-31.csv,492880,5000538,0,XBTUSD
2020-11-25 12:00:00,462,f070d3ab-3b1a-bf79-7573-44c0c4199160,aoa-execution-2019-01-01-2020-12-31.csv,492879,-462,0,XBTUSD
2020-11-25 20:00:00,5000538,2a82763d-723c-0513-6033-b9bf9a5e9bbd,aoa-execution-2019-01-01-2020-12-31.csv,493011,5000538,0,XBTUSD
2020-11-26 04:00:00,427,468e41b8-e7b3-c786-4389-8f9f5968ae2d,aoa-execution-2019-01-01-2020-12-31.csv,496552,427,0,XBTUSD
2020-11-26 12:00:00,346,d3b3e5c4-d5f9-b0f3-f381-41628e522066,aoa-execution-2019-01-01-2020-12-31.csv,497641,346,0,XBTUSD
2020-11-26 20:00:00,15004358,d81aa422-c392-dcbd-4f36-c6b2ffba4f1e,aoa-execution-2019-01-01-2020-12-31.csv,495726,15004358,0,XBTUSD
2020-11-27 04:00:00,15157194,460ddef9-f17e-2cb5-f594-ff9b6dadcad1,aoa-execution-2019-01-01-2020-12-31.csv,499608,-15157194,0,XBTUSD
2020-11-27 12:00:00,807770,c60c1e21-3e3e-c2e7-e26a-4041b843fc45,aoa-execution-2019-01-01-2020-12-31.csv,502400,807770,0,XBTUSD
2020-11-27 20:00:00,10000770,0ac3b83e-18d6-0bb9-11ad-e4381df6e6fd,aoa-execution-2019-01-01-2020-12-31.csv,500266,10000770,0,XBTUSD
2020-11-28 04:00:00,5000770,5cf83ae9-96ff-f5d8-1627-0d501381b89f,aoa-execution-2019-01-01-2020-12-31.csv,503222,5000770,0,XBTUSD
2020-11-28 12:00:00,5002294,f5cc9f33-3850-d400-cb99-13b478a7428c,aoa-execution-2019-01-01-2020-12-31.csv,502725,5002294,0,XBTUSD
2020-11-28 20:00:00,2294,691b9a1a-a26a-34fe-27a6-559279b34264,aoa-execution-2019-01-01-2020-12-31.csv,502724,2294,0,XBTUSD
2020-11-29 04:00:00,5002294,423e8510-2dba-87cb-298d-b073f285ffe5,aoa-execution-2019-01-01-2020-12-31.csv,503635,5002294,0,XBTUSD
2020-11-29 12:00:00,5002294,b39d81d1-735d-60d1-40d1-8e56aafd5ad6,aoa-execution-2019-01-01-2020-12-31.csv,503541,5002294,0,XBTUSD
2020-11-29 20:00:00,5002294,2cf4f4d4-7c82-aef4-d0f1-7eb3d694b408,aoa-execution-2019-01-01-2020-12-31.csv,503542,5002294,0,XBTUSD
2020-11-30 04:00:00,20000927,ac6786e9-1299-7a88-19de-c51dda67ca52,aoa-execution-2019-01-01-2020-12-31.csv,507471,-20000927,0,XBTUSD
2020-11-30 12:00:00,20000324,a60bfbfa-4d37-f4a5-4359-a8de20468530,aoa-execution-2019-01-01-2020-12-31.csv,507643,-20000324,0,XBTUSD
2020-11-30 20:00:00,956,ba80697c-4829-bf5f-dbb9-85fbc6018f2f,aoa-execution-2019-01-01-2020-12-31.csv,504730,-956,0,XBTUSD
2020-12-01 04:00:00,29220644,632a8bed-c272-f60d-44f4-e69fc40c36fd,aoa-execution-2019-01-01-2020-12-31.csv,508835,-29220644,0,XBTUSD
2020-12-01 12:00:00,19220644,5d86f502-75ac-125d-7707-0d4e8e0ed587,aoa-execution-2019-01-01-2020-12-31.csv,508836,-19220644,0,XBTUSD
2020-12-01 20:00:00,19220644,738592f7-495b-9db4-77a1-0cf04218ce9a,aoa-execution-2019-01-01-2020-12-31.csv,508507,-19220644,0,XBTUSD
2020-12-02 04:00:00,1841,fe4a3617-1cef-aa15-5875-d28f2cfd5a29,aoa-execution-2019-01-01-2020-12-31.csv,509150,1841,0,XBTUSD
2020-12-02 12:00:00,1841,79db64f2-ecc9-b8c9-07de-33c5a583b503,aoa-execution-2019-01-01-2020-12-31.csv,509149,1841,0,XBTUSD
2020-12-02 20:00:00,1841,6b6ef15c-7ec4-0ad9-b3f9-87d9e72fcda2,aoa-execution-2019-01-01-2020-12-31.csv,509148,1841,0,XBTUSD
2020-12-03 04:00:00,1841,aa073321-ef17-b565-cbd6-f79902a8ae4f,aoa-execution-2019-01-01-2020-12-31.csv,509323,1841,0,XBTUSD
2020-12-03 12:00:00,1841,d43c6c85-670c-6389-e51a-de54f8088efc,aoa-execution-2019-01-01-2020-12-31.csv,509322,1841,0,XBTUSD
2020-12-03 20:00:00,1841,3254b236-0a1b-7f15-4046-f25f6d7b6286,aoa-execution-2019-01-01-2020-12-31.csv,509324,1841,0,XBTUSD
2020-12-04 04:00:00,1841,be54440f-649d-7edc-869e-4a581a59bb52,aoa-execution-2019-01-01-2020-12-31.csv,509486,1841,0,XBTUSD
2020-12-04 12:00:00,1841,eb064bd7-2fa8-01d3-966a-db941181dab4,aoa-execution-2019-01-01-2020-12-31.csv,509487,1841,0,XBTUSD
2020-12-04 20:00:00,3939899,ee683bf1-460a-189d-b276-ec7672c66adf,aoa-execution-2019-01-01-2020-12-31.csv,509910,-3939899,0,XBTUSD
2020-12-05 04:00:00,5243761,f11ef778-5dc9-2292-8f63-2e54fe6d4db9,aoa-execution-2019-01-01-2020-12-31.csv,510094,-5243761,0,XBTUSD
2020-12-05 12:00:00,20000899,420a841d-107b-45c9-d1d7-f36d1cb9343a,aoa-execution-2019-01-01-2020-12-31.csv,509967,-20000899,0,XBTUSD
2020-12-05 20:00:00,20000899,e5e8d0df-0988-13eb-c738-0b998d4d1e7a,aoa-execution-2019-01-01-2020-12-31.csv,510142,-20000899,0,XBTUSD
2020-12-06 04:00:00,20000899,5e78cec0-008d-7773-0f31-92b86a950415,aoa-execution-2019-01-01-2020-12-31.csv,510162,-20000899,0,XBTUSD
2020-12-06 12:00:00,15000899,f2543229-37e4-775a-8472-0c22ee1ff4e9,aoa-execution-2019-01-01-2020-12-31.csv,510347,-15000899,0,XBTUSD
2020-12-06 20:00:00,9940040,7314bfac-3516-19d6-2e74-b34179e8311b,aoa-execution-2019-01-01-2020-12-31.csv,510448,-9940040,0,XBTUSD
2020-12-07 04:00:00,59960,8c4629c3-6376-384f-5024-0f6c8459d7ee,aoa-execution-2019-01-01-2020-12-31.csv,510684,59960,0,XBTUSD
2020-12-07 12:00:00,59960,7e52949b-7a6d-8219-c8a8-15ee918c0085,aoa-execution-2019-01-01-2020-12-31.csv,510682,59960,0,XBTUSD
2020-12-07 20:00:00,59960,e21b4482-d59a-25cd-38a8-a83d060ca13d,aoa-execution-2019-01-01-2020-12-31.csv,510683,59960,0,XBTUSD
2020-12-08 04:00:00,59960,8999bb6a-958a-f905-bb36-56bf8062a4dd,aoa-execution-2019-01-01-2020-12-31.csv,510687,59960,0,XBTUSD
2020-12-08 12:00:00,59960,ed795528-9708-a9ce-ad1a-11ea6ca68c05,aoa-execution-2019-01-01-2020-12-31.csv,510686,59960,0,XBTUSD
2020-12-08 20:00:00,59960,0bfbd1db-54b6-caea-3337-d96804647395,aoa-execution-2019-01-01-2020-12-31.csv,510685,59960,0,XBTUSD
2020-12-09 04:00:00,59960,eb4b3dc3-d134-53eb-2abc-2da3a15734c2,aoa-execution-2019-01-01-2020-12-31.csv,511243,59960,0,XBTUSD
2020-12-09 12:00:00,15943133,7de029ed-2d85-6062-b829-28df147ee63e,aoa-execution-2019-01-01-2020-12-31.csv,511242,-15943133,0,XBTUSD
2020-12-09 20:00:00,13378548,59314c7f-1ed3-7b7d-ed3a-42ef0c72da88,aoa-execution-2019-01-01-2020-12-31.csv,511027,-13378548,0,XBTUSD
2020-12-10 04:00:00,13378548,c763bd7b-ce9a-9f78-c7cf-042fb482afcc,aoa-execution-2019-01-01-2020-12-31.csv,512006,-13378548,0,XBTUSD
2020-12-10 12:00:00,10005772,4256c1bf-df43-919b-6147-a4caf4e605b5,aoa-execution-2019-01-01-2020-12-31.csv,512008,10005772,0,XBTUSD
2020-12-10 20:00:00,16181410,34d1c894-46ce-20a7-55d3-0de037819b93,aoa-execution-2019-01-01-2020-12-31.csv,512007,16181410,0,XBTUSD
2020-12-11 04:00:00,10000410,48ed3173-e0f6-ed1c-2ba7-306e3e430142,aoa-execution-2019-01-01-2020-12-31.csv,512604,10000410,0,XBTUSD
2020-12-11 12:00:00,10000410,c2b158c0-b9d9-eca7-a2d0-4c0c6cbae629,aoa-execution-2019-01-01-2020-12-31.csv,512603,10000410,0,XBTUSD
2020-12-11 20:00:00,20000410,17157930-6b15-f165-3bf9-317b510a9a50,aoa-execution-2019-01-01-2020-12-31.csv,513108,20000410,0,XBTUSD
2020-12-12 04:00:00,20000410,a3a5e434-6272-294f-1eb8-a7a5cadc260e,aoa-execution-2019-01-01-2020-12-31.csv,513179,20000410,0,XBTUSD
2020-12-12 12:00:00,20000410,28535b4e-c10f-8365-27c9-ee7e838ae128,aoa-execution-2019-01-01-2020-12-31.csv,513178,20000410,0,XBTUSD
2020-12-12 20:00:00,20000410,bef20fdd-9d04-6c28-bca1-ffd004f4643f,aoa-execution-2019-01-01-2020-12-31.csv,513180,20000410,0,XBTUSD
2020-12-13 04:00:00,14952954,aa2f4c8d-dc75-fdd5-d709-79648ffd57be,aoa-execution-2019-01-01-2020-12-31.csv,513530,14952954,0,XBTUSD
2020-12-13 12:00:00,4855285,15e65a44-fdd8-fdd5-413c-533be9d5c17d,aoa-execution-2019-01-01-2020-12-31.csv,513396,-4855285,0,XBTUSD
2020-12-13 20:00:00,4999590,ee67509d-58be-47e4-0ba8-dce9b7b9012c,aoa-execution-2019-01-01-2020-12-31.csv,513365,-4999590,0,XBTUSD
2020-12-14 04:00:00,410,d6f52f6b-d988-a1d2-555d-7f30268ee8ca,aoa-execution-2019-01-01-2020-12-31.csv,513535,410,0,XBTUSD
2020-12-14 12:00:00,410,f36e1a16-b556-21be-09b5-0098a02040c3,aoa-execution-2019-01-01-2020-12-31.csv,513534,410,0,XBTUSD
2020-12-14 20:00:00,410,4044ed9c-e814-1903-3f0b-c7ad6ec35e38,aoa-execution-2019-01-01-2020-12-31.csv,513576,410,0,XBTUSD
2020-12-15 04:00:00,410,2f2b9f36-5066-0928-dce4-819ad9c87e05,aoa-execution-2019-01-01-2020-12-31.csv,513578,410,0,XBTUSD
2020-12-15 12:00:00,410,730a6b17-1ae3-da40-fe16-a046c0e1351c,aoa-execution-2019-01-01-2020-12-31.csv,513577,410,0,XBTUSD
2020-12-15 20:00:00,410,4a6b0edd-6dc9-a993-87dd-031d825b87e9,aoa-execution-2019-01-01-2020-12-31.csv,513579,410,0,XBTUSD
2020-12-16 04:00:00,410,47a0ba6f-6480-f98e-45a3-27f3d306a5fb,aoa-execution-2019-01-01-2020-12-31.csv,514082,410,0,XBTUSD
2020-12-16 12:00:00,410,5a264bb0-b3c8-4f9a-78b4-d91d9f6c0da5,aoa-execution-2019-01-01-2020-12-31.csv,513580,410,0,XBTUSD
2020-12-16 20:00:00,15000590,8d589968-257c-cf2e-e201-e8ddb9848f9e,aoa-execution-2019-01-01-2020-12-31.csv,514083,-15000590,0,XBTUSD
2020-12-17 04:00:00,5000410,1afa1347-5c73-c915-7179-8927fff87b53,aoa-execution-2019-01-01-2020-12-31.csv,515715,5000410,0,XBTUSD
2020-12-17 12:00:00,155882,a2303d76-b5b2-e1fb-eb63-fb2185ac09ae,aoa-execution-2019-01-01-2020-12-31.csv,516854,-155882,0,XBTUSD
2020-12-17 20:00:00,14944269,b3bad631-9762-5ce5-774c-d8ee448af9f7,aoa-execution-2019-01-01-2020-12-31.csv,515056,-14944269,0,XBTUSD
2020-12-18 04:00:00,20047947,d345fd21-6ec0-0650-8d49-a245eabe96dc,aoa-execution-2019-01-01-2020-12-31.csv,517439,-20047947,0,XBTUSD
2020-12-18 12:00:00,25047947,882809b0-71e1-85aa-7164-da233b879bb4,aoa-execution-2019-01-01-2020-12-31.csv,517489,-25047947,0,XBTUSD
2020-12-18 20:00:00,25047947,783c98d2-a2c7-dc0c-3bbf-087d441b89cf,aoa-execution-2019-01-01-2020-12-31.csv,517438,-25047947,0,XBTUSD
2020-12-19 04:00:00,25047947,b2476141-f244-6663-51cb-b7493fc22164,aoa-execution-2019-01-01-2020-12-31.csv,517490,-25047947,0,XBTUSD
2020-12-19 12:00:00,20047947,f67c1bd9-2060-5f8e-52ec-6f4f0660d754,aoa-execution-2019-01-01-2020-12-31.csv,517544,-20047947,0,XBTUSD
2020-12-19 20:00:00,20047947,6f8d051b-7394-265b-c8fc-d4d145d75e83,aoa-execution-2019-01-01-2020-12-31.csv,517545,-20047947,0,XBTUSD
2020-12-20 04:00:00,20047947,cb1b5359-1263-b496-42e9-3742d50b926d,aoa-execution-2019-01-01-2020-12-31.csv,518925,-20047947,0,XBTUSD
2020-12-20 12:00:00,20047947,4f372c66-efff-82c6-e063-f4c44bbc0e78,aoa-execution-2019-01-01-2020-12-31.csv,518926,-20047947,0,XBTUSD
2020-12-20 20:00:00,20047947,491d7f9f-7720-d233-3bb7-1bbb5a6d4e0b,aoa-execution-2019-01-01-2020-12-31.csv,518257,-20047947,0,XBTUSD
2020-12-21 04:00:00,40000069,aa1af8da-eae2-f072-72ec-f59ff24d53ac,aoa-execution-2019-01-01-2020-12-31.csv,520254,-40000069,0,XBTUSD
2020-12-21 12:00:00,30000892,6b8ff90c-d946-ffa2-34a1-e851b5ab1a74,aoa-execution-2019-01-01-2020-12-31.csv,519596,-30000892,0,XBTUSD
2020-12-21 20:00:00,10000682,6ac1cdcd-c57a-0846-af70-60ad6832e143,aoa-execution-2019-01-01-2020-12-31.csv,520470,10000682,0,XBTUSD
2020-12-22 04:00:00,10000682,e9343988-954d-0627-180b-4eaecf1c0174,aoa-execution-2019-01-01-2020-12-31.csv,520833,10000682,0,XBTUSD
2020-12-22 12:00:00,10000682,6759cade-1742-6744-be09-ec7b871162ba,aoa-execution-2019-01-01-2020-12-31.csv,520832,10000682,0,XBTUSD
2020-12-22 20:00:00,10000682,8e72e0b3-33ca-b0ff-6641-a744698bbba8,aoa-execution-2019-01-01-2020-12-31.csv,520831,10000682,0,XBTUSD
2020-12-23 04:00:00,682,aef32747-9c00-60af-ae1b-83168b3aa94e,aoa-execution-2019-01-01-2020-12-31.csv,522314,682,0,XBTUSD
2020-12-23 12:00:00,65480,e14cd4c0-86c3-ff65-fdd2-5db2c352aeb1,aoa-execution-2019-01-01-2020-12-31.csv,522681,65480,0,XBTUSD
2020-12-23 20:00:00,65480,1273d754-ebe8-75bc-0a2b-d84b196fe705,aoa-execution-2019-01-01-2020-12-31.csv,521050,65480,0,XBTUSD
2020-12-24 04:00:00,10034520,bd4be2e1-cf64-764a-7d2f-d269c02023b1,aoa-execution-2019-01-01-2020-12-31.csv,522997,-10034520,0,XBTUSD
2020-12-24 12:00:00,10034520,4e799b21-e34f-9e86-412a-c3294110eb1c,aoa-execution-2019-01-01-2020-12-31.csv,523839,-10034520,0,XBTUSD
2020-12-24 20:00:00,10034520,66419971-a699-3428-d679-69fd13c1be16,aoa-execution-2019-01-01-2020-12-31.csv,522995,-10034520,0,XBTUSD
2020-12-25 04:00:00,10034520,6565123d-1751-8430-09bd-9748159f4dd1,aoa-execution-2019-01-01-2020-12-31.csv,524209,-10034520,0,XBTUSD
2020-12-25 12:00:00,15048307,5eac3d70-d2c9-00be-f7ac-502d9ecefe00,aoa-execution-2019-01-01-2020-12-31.csv,523869,-15048307,0,XBTUSD
2020-12-25 20:00:00,27946004,77c14f28-633c-085a-1326-05848628d628,aoa-execution-2019-01-01-2020-12-31.csv,523840,-27946004,0,XBTUSD
2020-12-26 04:00:00,27946004,25c0cf1b-663e-e412-a698-340f0329fc86,aoa-execution-2019-01-01-2020-12-31.csv,524210,-27946004,0,XBTUSD
2020-12-26 12:00:00,27946004,1eff056c-c516-e61e-a241-4549e1d4bbee,aoa-execution-2019-01-01-2020-12-31.csv,524212,-27946004,0,XBTUSD
2020-12-26 20:00:00,27946004,cf7c570a-7faa-1f7d-f723-8cc704f600df,aoa-execution-2019-01-01-2020-12-31.csv,524215,-27946004,0,XBTUSD
2020-12-27 04:00:00,27946004,db4c7f23-fb10-ae43-8c05-64b66a083135,aoa-execution-2019-01-01-2020-12-31.csv,524807,-27946004,0,XBTUSD
2020-12-27 12:00:00,27946004,2d48383d-c6ef-6bea-b225-6b787bb51f18,aoa-execution-2019-01-01-2020-12-31.csv,524644,-27946004,0,XBTUSD
2020-12-27 20:00:00,11235545,9df9455d-2532-1985-1f0e-dedb76f12259,aoa-execution-2019-01-01-2020-12-31.csv,524982,-11235545,0,XBTUSD
2020-12-28 04:00:00,178160,0823a164-5440-9ddd-df1b-286e5bc16b2b,aoa-execution-2019-01-01-2020-12-31.csv,525395,178160,0,XBTUSD
2020-12-28 12:00:00,178160,250377a1-7d2f-b29f-ed05-17fb1bb58446,aoa-execution-2019-01-01-2020-12-31.csv,525174,178160,0,XBTUSD
2020-12-28 20:00:00,178160,f6836df0-6786-db37-6e4e-73a04abbad9e,aoa-execution-2019-01-01-2020-12-31.csv,525193,178160,0,XBTUSD
2020-12-29 04:00:00,10001840,00ce975a-5c69-b721-544d-29f7303fd582,aoa-execution-2019-01-01-2020-12-31.csv,525403,-10001840,0,XBTUSD
2020-12-29 12:00:00,10001840,f21718e8-15d6-77d0-23ab-bbf3bc474b9d,aoa-execution-2019-01-01-2020-12-31.csv,525803,-10001840,0,XBTUSD
2020-12-29 20:00:00,1840,9adb03ce-49ec-9ea0-2009-0435e6da3f59,aoa-execution-2019-01-01-2020-12-31.csv,525951,-1840,0,XBTUSD
2020-12-30 04:00:00,1840,51304aaf-6b63-89e6-b560-1201ded16e12,aoa-execution-2019-01-01-2020-12-31.csv,528134,-1840,0,XBTUSD
2020-12-30 12:00:00,1840,277f143d-87a5-18a3-1cc7-4c87360e2c9a,aoa-execution-2019-01-01-2020-12-31.csv,526831,-1840,0,XBTUSD
2020-12-30 20:00:00,1840,8b7c5c42-bf16-3028-e577-1fa1cf1b629c,aoa-execution-2019-01-01-2020-12-31.csv,526829,-1840,0,XBTUSD
2020-12-31 04:00:00,15703983,bdd3a06e-4f11-a37f-d83c-42484118120b,aoa-execution-2019-01-01-2020-12-31.csv,528519,-15703983,0,XBTUSD
2020-12-31 12:00:00,597,8d7ac4e6-441e-d872-e92e-c51c206796dd,aoa-execution-2019-01-01-2020-12-31.csv,528618,-597,0,XBTUSD
2020-12-31 20:00:00,20000597,5003424b-2211-132c-89a7-3fee84d5b340,aoa-execution-2019-01-01-2020-12-31.csv,529632,-20000597,0,XBTUSD
2021-01-01 04:00:00,20000597,17409055-775d-6269-cad0-7689cb94d8fc,aoa-execution-2021-01-01-2021-06-30.csv,2,-20000597,0,XBTUSD
2021-01-01 12:00:00,20000597,e8886714-2979-7e7a-6a38-302967bec929,aoa-execution-2021-01-01-2021-06-30.csv,4,-20000597,0,XBTUSD
2021-01-01 20:00:00,20000597,e3fb5a8c-acfd-4db8-ee92-c1360c44206d,aoa-execution-2021-01-01-2021-06-30.csv,6,-20000597,0,XBTUSD
2021-01-02 04:00:00,20000597,73b08008-e6a8-3e83-56dc-39b9438d6952,aoa-execution-2021-01-01-2021-06-30.csv,8,-20000597,0,XBTUSD
2021-01-03 04:00:00,20000593,4736d25c-9491-ca3d-2805-362c7cb401a5,aoa-execution-2021-01-01-2021-06-30.csv,25825,-20000593,0,XBTUSD
2021-01-03 12:00:00,20000593,c2f6f901-803f-40f2-c61b-5c5d51e36393,aoa-execution-2021-01-01-2021-06-30.csv,25827,-20000593,0,XBTUSD
2021-01-03 20:00:00,99241,4e7e216c-5302-e574-a18e-ecfef398bc90,aoa-execution-2021-01-01-2021-06-30.csv,30532,99241,0,XBTUSD
2021-01-04 04:00:00,14900759,b5900b4e-87e3-ab95-ee2b-29bfde0c3ecc,aoa-execution-2021-01-01-2021-06-30.csv,668,-14900759,0,XBTUSD
2021-01-04 12:00:00,241,e2f59620-ecd2-ef37-48b5-69736e909e85,aoa-execution-2021-01-01-2021-06-30.csv,894,241,0,XBTUSD
2021-01-04 20:00:00,241,b63e2a02-7780-7abe-69c0-42c118fa84cf,aoa-execution-2021-01-01-2021-06-30.csv,896,241,0,XBTUSD
2021-01-05 04:00:00,15001262,66eb1a3b-e5a2-84eb-37c6-7afaed27e4e0,aoa-execution-2021-01-01-2021-06-30.csv,1486,-15001262,0,XBTUSD
2021-01-05 12:00:00,526,6c8543a6-455d-d90b-3528-cb492e28f27a,aoa-execution-2021-01-01-2021-06-30.csv,1634,-526,0,XBTUSD
2021-01-05 20:00:00,526,23544ea4-c207-3c45-bc8f-4b82e154d1c7,aoa-execution-2021-01-01-2021-06-30.csv,2640,-526,0,XBTUSD
2021-01-06 04:00:00,474,70ee615a-e935-dce1-4dd0-3796de34f70b,aoa-execution-2021-01-01-2021-06-30.csv,2835,474,0,XBTUSD
2021-01-06 12:00:00,19757076,dd27b185-4416-90ec-3398-7a520d887cf9,aoa-execution-2021-01-01-2021-06-30.csv,3211,-19757076,0,XBTUSD
2021-01-06 20:00:00,19757076,2ae70fe5-e5ba-16b2-0d45-3cec65551109,aoa-execution-2021-01-01-2021-06-30.csv,3212,-19757076,0,XBTUSD
2021-01-07 04:00:00,19757076,b0f71d94-46c9-3e26-e74d-fbe278b9855e,aoa-execution-2021-01-01-2021-06-30.csv,3213,-19757076,0,XBTUSD
2021-01-07 12:00:00,19757076,3009cedb-ba42-0481-a6b8-a2a6332a39c1,aoa-execution-2021-01-01-2021-06-30.csv,4085,-19757076,0,XBTUSD
2021-01-07 20:00:00,9757076,09f4ec70-adc8-3595-1647-7042fe711b94,aoa-execution-2021-01-01-2021-06-30.csv,4156,-9757076,0,XBTUSD
2021-01-08 04:00:00,25007076,4cbf0205-a2d0-a078-2ab3-737c6db236ff,aoa-execution-2021-01-01-2021-06-30.csv,4329,-25007076,0,XBTUSD
2021-01-08 12:00:00,25007076,212330ec-8846-8603-2644-32573fc37fe5,aoa-execution-2021-01-01-2021-06-30.csv,4258,-25007076,0,XBTUSD
2021-01-08 20:00:00,25007076,52f42212-b7e8-7d92-4a06-7f6f0b73b97d,aoa-execution-2021-01-01-2021-06-30.csv,4330,-25007076,0,XBTUSD
2021-01-09 04:00:00,25007076,670c6ed8-022d-39fb-08a0-7794dc3e8662,aoa-execution-2021-01-01-2021-06-30.csv,4331,-25007076,0,XBTUSD
2021-01-09 12:00:00,25007076,df2458aa-2ca3-ed87-e00f-4c70d162d91b,aoa-execution-2021-01-01-2021-06-30.csv,4332,-25007076,0,XBTUSD
2021-01-09 20:00:00,25007076,06f7daf7-87f3-3e5b-0848-3ed863f5e6c4,aoa-execution-2021-01-01-2021-06-30.csv,4333,-25007076,0,XBTUSD
2021-01-10 04:00:00,25007076,848326fb-2a5e-7869-3f0d-e44f8d770340,aoa-execution-2021-01-01-2021-06-30.csv,4334,-25007076,0,XBTUSD
2021-01-10 12:00:00,25007076,3b81f38b-ca91-d447-9eee-e6046aeddb8a,aoa-execution-2021-01-01-2021-06-30.csv,4335,-25007076,0,XBTUSD
2021-01-10 20:00:00,15007076,265b631f-7fee-bc1f-b85a-d1d501eb9f54,aoa-execution-2021-01-01-2021-06-30.csv,4458,-15007076,0,XBTUSD
2021-01-11 04:00:00,7184647,00c599a0-1098-6800-1b1b-400534047b27,aoa-execution-2021-01-01-2021-06-30.csv,6986,-7184647,0,XBTUSD
2021-01-11 12:00:00,10000198,7710ff2d-93e8-eb64-75e4-55ae70a2ca89,aoa-execution-2021-01-01-2021-06-30.csv,9327,10000198,0,XBTUSD
2021-01-11 20:00:00,15000198,b69745bc-633a-cb18-9b7a-77c579c2cbfb,aoa-execution-2021-01-01-2021-06-30.csv,9370,15000198,0,XBTUSD
2021-01-12 04:00:00,35000313,54efd114-37c8-b530-ebdc-fbd56d826c0f,aoa-execution-2021-01-01-2021-06-30.csv,10460,-35000313,0,XBTUSD
2021-01-12 12:00:00,14647396,b227dbff-f03a-e0ac-e715-34786012d9ee,aoa-execution-2021-01-01-2021-06-30.csv,11690,-14647396,0,XBTUSD
2021-01-12 20:00:00,20034513,7268d31e-7712-3e74-e06b-d19e12fb4bf5,aoa-execution-2021-01-01-2021-06-30.csv,11736,-20034513,0,XBTUSD
2021-01-13 04:00:00,513,7569ce93-d82f-5f0a-7720-580454bcf24d,aoa-execution-2021-01-01-2021-06-30.csv,13211,-513,0,XBTUSD
2021-01-13 12:00:00,10000487,2df48f5e-2bc5-1fa2-80a2-0e2427fe3205,aoa-execution-2021-01-01-2021-06-30.csv,10197,10000487,0,XBTUSD
2021-01-13 20:00:00,10000487,cfb30cfc-b6e9-832a-42fe-e9add0c08c7c,aoa-execution-2021-01-01-2021-06-30.csv,13212,10000487,0,XBTUSD
2021-01-14 04:00:00,25000513,4b04ab0c-53e2-c1be-1d6d-4ed43945985f,aoa-execution-2021-01-01-2021-06-30.csv,13717,-25000513,0,XBTUSD
2021-01-14 12:00:00,30000513,11f1899e-bf01-bc21-e607-8aef5b5ca1f2,aoa-execution-2021-01-01-2021-06-30.csv,13793,-30000513,0,XBTUSD
2021-01-14 20:00:00,45000513,9fabd051-0e1e-c09d-8367-e6e131335260,aoa-execution-2021-01-01-2021-06-30.csv,14118,-45000513,0,XBTUSD
2021-01-15 04:00:00,55031517,11714537-7021-ef8f-0e32-34988f8185fe,aoa-execution-2021-01-01-2021-06-30.csv,14485,-55031517,0,XBTUSD
2021-01-15 12:00:00,40000548,a0233419-acf4-de1f-8887-4600b3cdb08e,aoa-execution-2021-01-01-2021-06-30.csv,14854,-40000548,0,XBTUSD
2021-01-15 20:00:00,25373459,696b3118-d95f-8391-5067-606c534375c5,aoa-execution-2021-01-01-2021-06-30.csv,17162,-25373459,0,XBTUSD
2021-01-16 04:00:00,13966893,aefd421e-06f8-450f-8c6b-5f24df279463,aoa-execution-2021-01-01-2021-06-30.csv,18950,13966893,0,XBTUSD
2021-01-16 12:00:00,13966893,c79675d9-97ad-6e15-99b2-c9247dd58832,aoa-execution-2021-01-01-2021-06-30.csv,19008,13966893,0,XBTUSD
2021-01-16 20:00:00,13966893,981438f0-bc20-4088-68a8-c2697d196ecd,aoa-execution-2021-01-01-2021-06-30.csv,19009,13966893,0,XBTUSD
2021-01-17 04:00:00,13966893,0a8744d8-48ff-3bf9-969b-31e3fde8b04b,aoa-execution-2021-01-01-2021-06-30.csv,19010,13966893,0,XBTUSD
2021-01-17 12:00:00,14041690,e2a0f304-5943-920e-008e-ad1c7f722d1b,aoa-execution-2021-01-01-2021-06-30.csv,19172,14041690,0,XBTUSD
2021-01-17 20:00:00,9041690,8668a7f0-4e7f-d5ff-1539-1d4687b736a2,aoa-execution-2021-01-01-2021-06-30.csv,19225,9041690,0,XBTUSD
2021-01-18 04:00:00,15041690,72b4a8bc-9894-7f2c-0f31-831a8097d5a8,aoa-execution-2021-01-01-2021-06-30.csv,19521,15041690,0,XBTUSD
2021-01-18 12:00:00,15041690,43c47319-2db1-fd2b-f7e1-2069d957f036,aoa-execution-2021-01-01-2021-06-30.csv,19522,15041690,0,XBTUSD
2021-01-18 20:00:00,5041690,8acb914a-aa7d-7f4a-07f9-2728b3de0592,aoa-execution-2021-01-01-2021-06-30.csv,19822,5041690,0,XBTUSD
2021-01-19 04:00:00,5041690,7a7190c6-1412-f9c2-6b3d-237867785764,aoa-execution-2021-01-01-2021-06-30.csv,19823,5041690,0,XBTUSD
2021-01-19 12:00:00,5041690,d3605c5b-f72e-363d-c851-afae664b4e38,aoa-execution-2021-01-01-2021-06-30.csv,19824,5041690,0,XBTUSD
2021-01-19 20:00:00,41690,f9131be7-537d-c86f-6ce1-66db2b1ce49b,aoa-execution-2021-01-01-2021-06-30.csv,19887,41690,0,XBTUSD
2021-01-20 04:00:00,14958310,7737a3a3-84e7-2b15-7b80-f23a06083359,aoa-execution-2021-01-01-2021-06-30.csv,21014,-14958310,0,XBTUSD
2021-01-20 12:00:00,14958310,34af64b2-31fa-bcf9-6ec5-bd92170b650c,aoa-execution-2021-01-01-2021-06-30.csv,19888,-14958310,0,XBTUSD
2021-01-20 20:00:00,14958310,d2a48502-b20f-a6dc-e5c0-81e1dfe9608a,aoa-execution-2021-01-01-2021-06-30.csv,19889,-14958310,0,XBTUSD
2021-01-21 04:00:00,9958310,de90de0e-b909-a907-9ac7-b43ccb7e262a,aoa-execution-2021-01-01-2021-06-30.csv,21176,-9958310,0,XBTUSD
2021-01-21 12:00:00,30387517,3ce85e22-ee23-bf62-298e-ba03aeacfe5e,aoa-execution-2021-01-01-2021-06-30.csv,21922,-30387517,0,XBTUSD
2021-01-21 20:00:00,35387517,03d269cd-b677-7258-8e66-a1da4101ed6d,aoa-execution-2021-01-01-2021-06-30.csv,22352,-35387517,0,XBTUSD
2021-01-22 04:00:00,35002547,23378b35-d2f8-c266-c43c-c66397d92d86,aoa-execution-2021-01-01-2021-06-30.csv,20336,-35002547,0,XBTUSD
2021-01-22 12:00:00,40002547,53893e24-45c6-1a3b-47f9-1cf2a486d22e,aoa-execution-2021-01-01-2021-06-30.csv,20639,-40002547,0,XBTUSD
2021-01-22 20:00:00,45002547,72892c6f-8a62-b174-e0ac-4fab10613af5,aoa-execution-2021-01-01-2021-06-30.csv,21025,-45002547,0,XBTUSD
2021-01-23 04:00:00,817208,a887e4a2-f374-c958-3223-54d6bfcb895a,aoa-execution-2021-01-01-2021-06-30.csv,23002,817208,0,XBTUSD
2021-01-23 12:00:00,817208,3f3632e9-2569-a525-7608-39c4c1059da0,aoa-execution-2021-01-01-2021-06-30.csv,23271,817208,0,XBTUSD
2021-01-23 20:00:00,817208,ff3b27dd-f8a7-9319-fa5d-0caa42e8598d,aoa-execution-2021-01-01-2021-06-30.csv,23272,817208,0,XBTUSD
2021-01-24 04:00:00,817208,b22d2cd8-1ff7-3cf8-3cc0-8d0a9fbedd2f,aoa-execution-2021-01-01-2021-06-30.csv,23273,817208,0,XBTUSD
2021-01-24 12:00:00,7000469,7fd7d7b6-fd52-0471-4058-c801cb2ac97a,aoa-execution-2021-01-01-2021-06-30.csv,23517,7000469,0,XBTUSD
2021-01-24 20:00:00,7000469,b3f8eb6e-9fb1-1fdb-fe3f-488e29a42357,aoa-execution-2021-01-01-2021-06-30.csv,23518,7000469,0,XBTUSD
2021-01-25 04:00:00,10000469,13b5e980-eec8-7523-1b10-b5a3a0a13d09,aoa-execution-2021-01-01-2021-06-30.csv,23562,10000469,0,XBTUSD
2021-01-25 12:00:00,20000469,fe1cd6f7-b7a8-8988-26cb-ff9b360e9cb8,aoa-execution-2021-01-01-2021-06-30.csv,23755,20000469,0,XBTUSD
2021-01-25 20:00:00,97,efbc80a9-1086-99e4-e478-5e3212448209,aoa-execution-2021-01-01-2021-06-30.csv,24060,97,0,XBTUSD
2021-01-26 04:00:00,97,1a8b470f-68c0-fcbd-b4b6-fab41885b545,aoa-execution-2021-01-01-2021-06-30.csv,24061,97,0,XBTUSD
2021-01-26 12:00:00,97,9cfaa3eb-4922-ac58-a5f1-78a3faaa3dbe,aoa-execution-2021-01-01-2021-06-30.csv,24062,97,0,XBTUSD
2021-01-26 20:00:00,16026303,54e96b90-eb22-3dcb-866b-7cfd7747812a,aoa-execution-2021-01-01-2021-06-30.csv,24198,-16026303,0,XBTUSD
2021-01-27 04:00:00,30070082,e9e1f972-1e70-e042-6c7b-bbae8b386c00,aoa-execution-2021-01-01-2021-06-30.csv,24353,-30070082,0,XBTUSD
2021-01-27 12:00:00,17988430,5fb33db2-e22e-1b76-e4a3-9e05209c6e70,aoa-execution-2021-01-01-2021-06-30.csv,24431,-17988430,0,XBTUSD
2021-01-27 20:00:00,430,9003cc4d-399c-dbe7-ca68-b57408260731,aoa-execution-2021-01-01-2021-06-30.csv,24772,-430,0,XBTUSD
2021-01-28 04:00:00,430,64018945-fbcc-140f-d1b0-6e969c9f9f9b,aoa-execution-2021-01-01-2021-06-30.csv,24773,-430,0,XBTUSD
2021-01-28 12:00:00,5197691,d3772236-6b3c-9856-5944-e12268c2220f,aoa-execution-2021-01-01-2021-06-30.csv,24885,-5197691,0,XBTUSD
2021-01-28 20:00:00,20878453,7294627c-97a3-f786-f591-79917ec7c306,aoa-execution-2021-01-01-2021-06-30.csv,25126,-20878453,0,XBTUSD
2021-01-29 04:00:00,3107645,20b4ba9f-2c0f-f38e-39f7-c5abfadb7094,aoa-execution-2021-01-01-2021-06-30.csv,26167,-3107645,0,XBTUSD
2021-01-29 12:00:00,10000823,e9622a6e-ebb7-fee2-9ad6-5238a35eaeb9,aoa-execution-2021-01-01-2021-06-30.csv,29041,10000823,0,XBTUSD
2021-01-29 20:00:00,20018850,e85f3c2d-e28e-92a4-f78c-66b96ebeabc7,aoa-execution-2021-01-01-2021-06-30.csv,29650,20018850,0,XBTUSD
2021-01-30 04:00:00,1150,708abac0-25f2-14e7-95ef-eb7311dfbd3d,aoa-execution-2021-01-01-2021-06-30.csv,30220,-1150,0,XBTUSD
2021-01-30 12:00:00,1150,942b45ee-d539-67aa-885c-a75a622a9f7e,aoa-execution-2021-01-01-2021-06-30.csv,30221,-1150,0,XBTUSD
2021-01-30 20:00:00,20001150,1f3c5ef5-2d45-fe84-93fc-97f6ef32f45e,aoa-execution-2021-01-01-2021-06-30.csv,30531,-20001150,0,XBTUSD
2021-01-31 04:00:00,20001150,47ff2e59-1141-ccee-6d41-fae3ef513ea8,aoa-execution-2021-01-01-2021-06-30.csv,30534,-20001150,0,XBTUSD
2021-01-31 12:00:00,20001150,b10fe531-6d84-1ca6-5f34-a1fd0f7cbcf4,aoa-execution-2021-01-01-2021-06-30.csv,23003,-20001150,0,XBTUSD
2021-01-31 20:00:00,10001150,f586c592-2833-cd90-9111-e0065d318f23,aoa-execution-2021-01-01-2021-06-30.csv,25620,-10001150,0,XBTUSD
2021-02-01 04:00:00,10001150,1a27a3e5-c078-7858-bd46-c24a3aea7afb,aoa-execution-2021-01-01-2021-06-30.csv,30955,-10001150,0,XBTUSD
2021-02-01 12:00:00,28403041,435c4545-376b-2a7c-87a4-4db4a2719f89,aoa-execution-2021-01-01-2021-06-30.csv,31773,-28403041,0,XBTUSD
2021-02-01 20:00:00,30001150,1c010535-a83a-49fe-ce44-d9797ce47299,aoa-execution-2021-01-01-2021-06-30.csv,32447,-30001150,0,XBTUSD
2021-02-02 04:00:00,30001150,9b59ab2d-8167-1242-ecb6-25532dce720f,aoa-execution-2021-01-01-2021-06-30.csv,32448,-30001150,0,XBTUSD
2021-02-02 12:00:00,45001150,85e4ffa7-940d-099e-04f5-7540faac2399,aoa-execution-2021-01-01-2021-06-30.csv,32671,-45001150,0,XBTUSD
2021-02-02 20:00:00,50001150,93ce4bbd-5ed5-6441-1c9a-cc7c5a0b8f14,aoa-execution-2021-01-01-2021-06-30.csv,32781,-50001150,0,XBTUSD
2021-02-03 04:00:00,50001150,2bbb19f1-6362-8a19-5804-9ba18686fb86,aoa-execution-2021-01-01-2021-06-30.csv,32782,-50001150,0,XBTUSD
2021-02-03 12:00:00,50001150,f27d7497-018d-8bb3-e778-7229ea180a85,aoa-execution-2021-01-01-2021-06-30.csv,32783,-50001150,0,XBTUSD
2021-02-03 20:00:00,50001150,3114e10c-52c5-14de-2b1b-775da27515c3,aoa-execution-2021-01-01-2021-06-30.csv,33027,-50001150,0,XBTUSD
2021-02-04 04:00:00,39760755,a7a09be1-8bdf-2c39-8f09-50b216541043,aoa-execution-2021-01-01-2021-06-30.csv,32672,-39760755,0,XBTUSD
2021-02-04 12:00:00,45001150,eb443cbe-6e0b-3b49-4eb9-83a4833f0a53,aoa-execution-2021-01-01-2021-06-30.csv,33817,-45001150,0,XBTUSD
2021-02-04 20:00:00,30003148,02599afc-fa91-b9c9-9212-5f5bb8e1c25b,aoa-execution-2021-01-01-2021-06-30.csv,34529,-30003148,0,XBTUSD
2021-02-05 04:00:00,30003148,98e181eb-6241-c595-9678-a6c2d5c4928a,aoa-execution-2021-01-01-2021-06-30.csv,34551,-30003148,0,XBTUSD
2021-02-05 12:00:00,30003148,f81e04c8-44a2-4bb2-c155-97c1e1be82bb,aoa-execution-2021-01-01-2021-06-30.csv,34553,-30003148,0,XBTUSD
2021-02-05 20:00:00,40003148,242c2d46-2eba-5166-7fce-cfaed2749e5c,aoa-execution-2021-01-01-2021-06-30.csv,34555,-40003148,0,XBTUSD
2021-02-06 04:00:00,45003148,4f2f16ce-1e8e-ca6c-5eaa-1bb3681871e3,aoa-execution-2021-01-01-2021-06-30.csv,34689,-45003148,0,XBTUSD
2021-02-06 12:00:00,50003148,4f81366b-0018-36bb-84a3-a065d7373b18,aoa-execution-2021-01-01-2021-06-30.csv,34687,-50003148,0,XBTUSD
2021-02-06 20:00:00,50003148,097a1c5e-54c3-49c0-c423-0723e6fa57ba,aoa-execution-2021-01-01-2021-06-30.csv,34886,-50003148,0,XBTUSD
2021-02-07 04:00:00,35003148,67ccf22b-622b-c65c-c492-00862a81552a,aoa-execution-2021-01-01-2021-06-30.csv,35320,-35003148,0,XBTUSD
2021-02-07 12:00:00,24806749,e96151e0-d650-08d9-c4e1-d102733b2732,aoa-execution-2021-01-01-2021-06-30.csv,35928,-24806749,0,XBTUSD
2021-02-07 20:00:00,3148,321b56a5-903e-f760-78f4-9312ae46fe84,aoa-execution-2021-01-01-2021-06-30.csv,36676,-3148,0,XBTUSD
2021-02-08 04:00:00,5003148,6e7c3883-0d09-11cc-3d84-fe8c8c034b27,aoa-execution-2021-01-01-2021-06-30.csv,36743,-5003148,0,XBTUSD
2021-02-08 12:00:00,30003148,241c8790-8ba8-f88f-2ab5-3fde6a470de9,aoa-execution-2021-01-01-2021-06-30.csv,37281,-30003148,0,XBTUSD
2021-02-08 20:00:00,40463541,38acf234-9a3e-a0db-6ddb-7d3241712981,aoa-execution-2021-01-01-2021-06-30.csv,39325,-40463541,0,XBTUSD
2021-02-09 04:00:00,25463541,fe5bf0cd-4751-48b1-74e9-b3aa92c26c17,aoa-execution-2021-01-01-2021-06-30.csv,40105,-25463541,0,XBTUSD
2021-02-09 12:00:00,40317201,fd03e56b-3982-9793-e848-ccb5445ceda3,aoa-execution-2021-01-01-2021-06-30.csv,40561,-40317201,0,XBTUSD
2021-02-09 20:00:00,20000201,8e135fbe-2f0f-e5bd-0f9e-501edb82efd9,aoa-execution-2021-01-01-2021-06-30.csv,40840,-20000201,0,XBTUSD
2021-02-10 04:00:00,25000201,a5bcfa37-3e23-bca2-302b-af9eaea893e1,aoa-execution-2021-01-01-2021-06-30.csv,40876,-25000201,0,XBTUSD
2021-02-10 12:00:00,25000201,4682844f-f90d-2df2-9897-4fd156f303d2,aoa-execution-2021-01-01-2021-06-30.csv,40877,-25000201,0,XBTUSD
2021-02-10 20:00:00,5000201,cfe36f53-0f0b-4930-42cd-020da9330f91,aoa-execution-2021-01-01-2021-06-30.csv,39394,-5000201,0,XBTUSD
2021-02-11 04:00:00,201,1ec225ae-71fb-ae40-a0ae-9ac90f97a674,aoa-execution-2021-01-01-2021-06-30.csv,41445,-201,0,XBTUSD
2021-02-11 12:00:00,201,f82c3c52-e80a-507f-dae4-33661e23bce2,aoa-execution-2021-01-01-2021-06-30.csv,41446,-201,0,XBTUSD
2021-02-11 20:00:00,201,f44925d7-54f4-a23e-8f66-cf49cb693cd9,aoa-execution-2021-01-01-2021-06-30.csv,41447,-201,0,XBTUSD
2021-02-12 04:00:00,201,fbf5f5b6-6cb8-590d-4f6d-b6f057f52d22,aoa-execution-2021-01-01-2021-06-30.csv,41448,-201,0,XBTUSD
2021-02-12 12:00:00,201,a34e0603-8b41-b2f4-0993-b67ed07aaee2,aoa-execution-2021-01-01-2021-06-30.csv,41449,-201,0,XBTUSD
2021-02-12 20:00:00,25004740,dd4e50f9-a04e-baaf-a967-ed3f68b056eb,aoa-execution-2021-01-01-2021-06-30.csv,41918,-25004740,0,XBTUSD
2021-02-13 04:00:00,25004740,9d238696-532c-5f72-b895-e0adac256491,aoa-execution-2021-01-01-2021-06-30.csv,43667,-25004740,0,XBTUSD
2021-02-13 12:00:00,25004740,dfbe8b67-9ac5-93ee-8c10-b3c406aaffe3,aoa-execution-2021-01-01-2021-06-30.csv,43668,-25004740,0,XBTUSD
2021-02-13 20:00:00,30004740,03a69f6c-d3ea-e778-8841-05c4ffea407a,aoa-execution-2021-01-01-2021-06-30.csv,43718,-30004740,0,XBTUSD
2021-02-14 04:00:00,30004740,c4960158-7db6-44be-785e-887b9f871c96,aoa-execution-2021-01-01-2021-06-30.csv,43719,-30004740,0,XBTUSD
2021-02-14 12:00:00,1019783,9d1b13b7-11d3-0bd6-e5a2-c86188bfc613,aoa-execution-2021-01-01-2021-06-30.csv,44757,1019783,0,XBTUSD
2021-02-14 20:00:00,1019783,1abb71e0-acd2-1fa0-2311-529bcd26f52e,aoa-execution-2021-01-01-2021-06-30.csv,44758,1019783,0,XBTUSD
2021-02-15 04:00:00,44478811,9c774b92-5841-8aa9-5a9c-207c128ac348,aoa-execution-2021-01-01-2021-06-30.csv,45800,-44478811,0,XBTUSD
2021-02-15 12:00:00,44478811,dbf9b7d3-4f10-9249-50f7-50c47a2d50ae,aoa-execution-2021-01-01-2021-06-30.csv,45801,-44478811,0,XBTUSD
2021-02-15 20:00:00,44478811,3e491c36-e706-a15f-4e66-8fe7454e989f,aoa-execution-2021-01-01-2021-06-30.csv,45802,-44478811,0,XBTUSD
2021-02-16 04:00:00,12743658,d44f9919-a429-d3ad-2df1-fb097fb701aa,aoa-execution-2021-01-01-2021-06-30.csv,46445,-12743658,0,XBTUSD
2021-02-16 12:00:00,1277156,9e585c05-c612-f8f6-371a-bdce5840d5a6,aoa-execution-2021-01-01-2021-06-30.csv,46723,-1277156,0,XBTUSD
2021-02-16 20:00:00,3680897,0e02d489-aea1-54ed-f01a-33e56837cb37,aoa-execution-2021-01-01-2021-06-30.csv,46788,3680897,0,XBTUSD
2021-02-17 04:00:00,3680897,d7f02094-8f3f-5a32-d638-799a55580888,aoa-execution-2021-01-01-2021-06-30.csv,46789,3680897,0,XBTUSD
2021-02-17 12:00:00,3680897,576db338-8c22-3c6b-c831-98dbfd47d5cd,aoa-execution-2021-01-01-2021-06-30.csv,46790,3680897,0,XBTUSD
2021-02-17 20:00:00,3680897,cee74fd8-fa08-9eb4-cb69-d36ee7936e8a,aoa-execution-2021-01-01-2021-06-30.csv,46791,3680897,0,XBTUSD
2021-02-18 04:00:00,897,204e5670-4b57-d1f4-e5de-1739895d89e4,aoa-execution-2021-01-01-2021-06-30.csv,47608,897,0,XBTUSD
2021-02-18 12:00:00,897,f2fe7388-f80b-b709-86d3-083929c1c3e9,aoa-execution-2021-01-01-2021-06-30.csv,47626,897,0,XBTUSD
2021-02-18 20:00:00,897,802660a6-0630-feb6-73b0-084c20a38216,aoa-execution-2021-01-01-2021-06-30.csv,47647,897,0,XBTUSD
2021-02-19 04:00:00,23210014,c84254c2-53ba-12f7-47fe-00e45c135f0f,aoa-execution-2021-01-01-2021-06-30.csv,47940,-23210014,0,XBTUSD
2021-02-19 12:00:00,20002993,5cedb3d2-378e-1356-61bc-a6745f8ba468,aoa-execution-2021-01-01-2021-06-30.csv,49064,20002993,0,XBTUSD
2021-02-19 20:00:00,507,ca500aa7-51af-f128-8005-13b927e8e3af,aoa-execution-2021-01-01-2021-06-30.csv,49569,-507,0,XBTUSD
2021-02-20 04:00:00,507,c6a010f6-1c75-cf1f-e86c-b506aa982fa2,aoa-execution-2021-01-01-2021-06-30.csv,49571,-507,0,XBTUSD
2021-02-20 12:00:00,507,23f6e4ad-37b8-6b04-cade-fb61b80d7162,aoa-execution-2021-01-01-2021-06-30.csv,49573,-507,0,XBTUSD
2021-02-20 20:00:00,10015724,24fac342-b312-4a1e-a40e-033263705144,aoa-execution-2021-01-01-2021-06-30.csv,49819,-10015724,0,XBTUSD
2021-02-21 04:00:00,20015724,a71cd3ef-85b6-bc0e-6e6f-65528118bda3,aoa-execution-2021-01-01-2021-06-30.csv,50461,-20015724,0,XBTUSD
2021-02-21 12:00:00,20015724,828cd041-0a90-9e0f-b7e5-ee6cbffa6d96,aoa-execution-2021-01-01-2021-06-30.csv,50566,-20015724,0,XBTUSD
2021-02-21 20:00:00,20015724,27372c55-621c-6a11-c6b9-86f4ab39c8b4,aoa-execution-2021-01-01-2021-06-30.csv,50568,-20015724,0,XBTUSD
2021-02-22 04:00:00,20015724,435f179d-a71f-709c-5aa8-8d82d1401434,aoa-execution-2021-01-01-2021-06-30.csv,50570,-20015724,0,XBTUSD
2021-02-22 12:00:00,50005028,ea98d31e-4ac8-f682-1ffd-4928b2cad1df,aoa-execution-2021-01-01-2021-06-30.csv,50145,-50005028,0,XBTUSD
2021-02-22 20:00:00,25007674,f971762d-78ea-4e2f-cd34-a36076ce8a6d,aoa-execution-2021-01-01-2021-06-30.csv,50946,-25007674,0,XBTUSD
2021-02-23 04:00:00,13999055,e14dc904-adf8-c188-7319-dca93daa60b8,aoa-execution-2021-01-01-2021-06-30.csv,51165,-13999055,0,XBTUSD
2021-02-23 12:00:00,945,7b1ba433-1455-65b7-cc15-8e251eafb2ae,aoa-execution-2021-01-01-2021-06-30.csv,51403,945,0,XBTUSD
2021-02-23 20:00:00,945,b4e66bec-0255-7389-fd5b-889569045122,aoa-execution-2021-01-01-2021-06-30.csv,51404,945,0,XBTUSD
2021-02-24 04:00:00,945,f9cce6a4-1b48-c151-bc22-2e758e56fc1d,aoa-execution-2021-01-01-2021-06-30.csv,51405,945,0,XBTUSD
2021-02-24 12:00:00,49000845,897b3c40-8a2b-288c-0e79-a42055b454f2,aoa-execution-2021-01-01-2021-06-30.csv,52291,-49000845,0,XBTUSD
2021-02-24 20:00:00,50000845,8fe4e3dc-0e9d-91bd-2627-13cd03cbba37,aoa-execution-2021-01-01-2021-06-30.csv,52303,-50000845,0,XBTUSD
2021-02-25 04:00:00,45000845,07fb9f0e-ea6b-0ce5-12fa-2bba432fd70c,aoa-execution-2021-01-01-2021-06-30.csv,52759,-45000845,0,XBTUSD
2021-02-25 12:00:00,35000845,04223954-2bc1-20c6-c728-a2723e5d3594,aoa-execution-2021-01-01-2021-06-30.csv,52925,-35000845,0,XBTUSD
2021-02-25 20:00:00,18460,027cfe19-cb7b-36d2-7f53-cfa6b0f37b51,aoa-execution-2021-01-01-2021-06-30.csv,53949,-18460,0,XBTUSD
2021-02-26 04:00:00,30015700,b91c46d5-c7d3-e649-13a0-a5271a725d3c,aoa-execution-2021-01-01-2021-06-30.csv,58606,-30015700,0,XBTUSD
2021-02-26 12:00:00,20295232,413f1c08-f8ba-ad54-df4e-880f0ad38c0e,aoa-execution-2021-01-01-2021-06-30.csv,61760,-20295232,0,XBTUSD
2021-02-26 20:00:00,50295232,94798fff-8a93-b9cb-84f8-0a2fc5e9065e,aoa-execution-2021-01-01-2021-06-30.csv,62350,-50295232,0,XBTUSD
2021-02-27 04:00:00,7091136,1c647dc1-5cfa-9d1b-3e80-8b10234c9708,aoa-execution-2021-01-01-2021-06-30.csv,65844,-7091136,0,XBTUSD
2021-02-27 12:00:00,19998864,5a49a2fc-53c6-51e3-15c0-bb5a08fbeee6,aoa-execution-2021-01-01-2021-06-30.csv,66314,19998864,0,XBTUSD
2021-02-27 20:00:00,9998864,8f18e4ad-3bf0-4dbb-2e3b-ac845b543494,aoa-execution-2021-01-01-2021-06-30.csv,66557,9998864,0,XBTUSD
2021-02-28 04:00:00,9998864,b0a8cbbe-c404-e371-9543-bbd1dfddf175,aoa-execution-2021-01-01-2021-06-30.csv,66559,9998864,0,XBTUSD
2021-02-28 12:00:00,9998864,7c1e0788-76a6-9be0-3f51-4e9c68cbb17a,aoa-execution-2021-01-01-2021-06-30.csv,66561,9998864,0,XBTUSD
2021-02-28 20:00:00,9998864,b81231c1-7b6a-0bfa-94ed-7d2b7ed352b3,aoa-execution-2021-01-01-2021-06-30.csv,66563,9998864,0,XBTUSD
2021-03-01 04:00:00,9998864,19cbdd5c-f685-ecee-a858-2ef34bc9a424,aoa-execution-2021-01-01-2021-06-30.csv,66567,9998864,0,XBTUSD
2021-03-01 12:00:00,9998864,48e30303-71df-ecee-bcf7-7ec01e10745a,aoa-execution-2021-01-01-2021-06-30.csv,66568,9998864,0,XBTUSD
2021-03-01 20:00:00,1136,8c57b2d8-65b1-f471-9b25-5177295381c0,aoa-execution-2021-01-01-2021-06-30.csv,66564,-1136,0,XBTUSD
2021-03-02 04:00:00,1136,e9152d25-58c9-bddf-8401-7d298dc87bd2,aoa-execution-2021-01-01-2021-06-30.csv,66944,-1136,0,XBTUSD
2021-03-02 12:00:00,1136,31ebc7e9-0c19-262d-595c-7668b138de51,aoa-execution-2021-01-01-2021-06-30.csv,66939,-1136,0,XBTUSD
2021-03-02 20:00:00,1136,cc1a1f78-e85a-6d43-dcdf-783bb735410a,aoa-execution-2021-01-01-2021-06-30.csv,66941,-1136,0,XBTUSD
2021-03-03 04:00:00,1136,05c9db0a-766a-581b-16c0-38bd1d28642b,aoa-execution-2021-01-01-2021-06-30.csv,66990,-1136,0,XBTUSD
2021-03-03 12:00:00,31020560,124fc341-5be0-5e0e-2714-a7e9cf3399cd,aoa-execution-2021-01-01-2021-06-30.csv,67394,-31020560,0,XBTUSD
2021-03-03 20:00:00,35000790,68312dbb-17f8-223c-c1de-883373a6b4c4,aoa-execution-2021-01-01-2021-06-30.csv,68328,-35000790,0,XBTUSD
2021-03-04 04:00:00,35000790,5b7dd6c2-f23c-d44f-0e5a-dc6b1d09442a,aoa-execution-2021-01-01-2021-06-30.csv,70165,-35000790,0,XBTUSD
2021-03-04 12:00:00,35000790,7d35c356-e2f9-9c5e-50f1-edbea18d93d4,aoa-execution-2021-01-01-2021-06-30.csv,70166,-35000790,0,XBTUSD
2021-03-04 20:00:00,35000790,0bea24ae-fb56-83ee-b810-f6e564a17138,aoa-execution-2021-01-01-2021-06-30.csv,70167,-35000790,0,XBTUSD
2021-03-05 04:00:00,35000790,951b2e83-f977-eee4-639b-9d0fe3c18938,aoa-execution-2021-01-01-2021-06-30.csv,70170,-35000790,0,XBTUSD
2021-03-05 12:00:00,35000790,8e24ef24-9471-f918-4a00-f76252726595,aoa-execution-2021-01-01-2021-06-30.csv,70169,-35000790,0,XBTUSD
2021-03-05 20:00:00,35000790,310fd4c5-fa5e-8b69-4c0e-9be9d6591c3c,aoa-execution-2021-01-01-2021-06-30.csv,70168,-35000790,0,XBTUSD
2021-03-06 04:00:00,35000790,be0bb626-e8e0-4fcf-b9bb-3d8d957df6b2,aoa-execution-2021-01-01-2021-06-30.csv,70281,-35000790,0,XBTUSD
2021-03-06 12:00:00,30000790,26dfafd0-672a-b13a-7aa7-5118c5bd55aa,aoa-execution-2021-01-01-2021-06-30.csv,70282,-30000790,0,XBTUSD
2021-03-06 20:00:00,30000790,1a07c82a-8b98-ae7e-63af-80edd50af5b0,aoa-execution-2021-01-01-2021-06-30.csv,70283,-30000790,0,XBTUSD
2021-03-07 04:00:00,30000790,ee40b9df-f68b-7658-b512-9a26017d11a7,aoa-execution-2021-01-01-2021-06-30.csv,70285,-30000790,0,XBTUSD
2021-03-07 12:00:00,30000790,e57222b3-818d-5cb1-de9d-c8e33d301451,aoa-execution-2021-01-01-2021-06-30.csv,70284,-30000790,0,XBTUSD
2021-03-07 20:00:00,30000790,76973f1e-84d6-1f1a-d94a-c737bbf45bdf,aoa-execution-2021-01-01-2021-06-30.csv,70286,-30000790,0,XBTUSD
2021-03-08 04:00:00,30000790,8720da62-e14f-443e-3f85-a701a0f39fc0,aoa-execution-2021-01-01-2021-06-30.csv,70783,-30000790,0,XBTUSD
2021-03-08 12:00:00,50000790,d13d923b-02a1-b0a9-9aed-caba5888929c,aoa-execution-2021-01-01-2021-06-30.csv,70287,-50000790,0,XBTUSD
2021-03-08 20:00:00,50000790,883fbdf1-9e0c-388b-d336-552267d76633,aoa-execution-2021-01-01-2021-06-30.csv,70784,-50000790,0,XBTUSD
2021-03-09 04:00:00,50000790,f178809c-e3d6-93b9-275a-93253511fa81,aoa-execution-2021-01-01-2021-06-30.csv,70785,-50000790,0,XBTUSD
2021-03-09 12:00:00,50000790,67f8ba11-1e00-7f00-9a81-17ae289cb657,aoa-execution-2021-01-01-2021-06-30.csv,70786,-50000790,0,XBTUSD
2021-03-09 20:00:00,50000790,d098e72a-2bd3-589c-68e9-4bb87f9af41e,aoa-execution-2021-01-01-2021-06-30.csv,70787,-50000790,0,XBTUSD
2021-03-10 04:00:00,50000790,ad3f37bd-c13c-b613-cdd3-63e0bf4eb9c3,aoa-execution-2021-01-01-2021-06-30.csv,70790,-50000790,0,XBTUSD
2021-03-10 12:00:00,60000790,3de28087-ba75-80a9-43e4-efd145c7a4ea,aoa-execution-2021-01-01-2021-06-30.csv,70788,-60000790,0,XBTUSD
2021-03-10 20:00:00,60000790,2bff6b49-3791-827d-45b1-bcc3726be84e,aoa-execution-2021-01-01-2021-06-30.csv,70789,-60000790,0,XBTUSD
2021-03-11 04:00:00,60000790,e6184ed6-10c8-b2f4-d6eb-e5f5d26df534,aoa-execution-2021-01-01-2021-06-30.csv,71501,-60000790,0,XBTUSD
2021-03-11 12:00:00,50000790,aa9c4bfb-ac75-0a7b-c7f8-dba481483b13,aoa-execution-2021-01-01-2021-06-30.csv,71502,-50000790,0,XBTUSD
2021-03-11 20:00:00,50000790,79efe474-fceb-053a-85e8-fddd60487f7d,aoa-execution-2021-01-01-2021-06-30.csv,71721,-50000790,0,XBTUSD
2021-03-12 04:00:00,50000790,f649b2c2-0b78-e139-c099-1dbbf8ac8b2f,aoa-execution-2021-01-01-2021-06-30.csv,72318,-50000790,0,XBTUSD
2021-03-12 12:00:00,70000790,654d4c1e-b2d7-5767-e128-c6638e878186,aoa-execution-2021-01-01-2021-06-30.csv,72319,-70000790,0,XBTUSD
2021-03-12 20:00:00,50000790,aab8dc67-bf63-328a-6898-1809e52bcd88,aoa-execution-2021-01-01-2021-06-30.csv,72317,-50000790,0,XBTUSD
2021-03-13 04:00:00,50000790,e8c99922-f3cc-cda7-64b5-99368a3f69d3,aoa-execution-2021-01-01-2021-06-30.csv,72322,-50000790,0,XBTUSD
2021-03-13 12:00:00,5003371,b9bc3987-35ab-d4e5-6532-3bd0968cd819,aoa-execution-2021-01-01-2021-06-30.csv,72321,-5003371,0,XBTUSD
2021-03-13 20:00:00,5003371,a315dc5e-c666-5bff-d147-d5218ab36940,aoa-execution-2021-01-01-2021-06-30.csv,72320,-5003371,0,XBTUSD
2021-03-14 04:00:00,5003371,65e28900-d388-1673-1eb2-5394f402f6c6,aoa-execution-2021-01-01-2021-06-30.csv,74330,-5003371,0,XBTUSD
2021-03-14 12:00:00,15003371,42c12159-a1b2-fe9d-640d-75df50b81cd0,aoa-execution-2021-01-01-2021-06-30.csv,74328,-15003371,0,XBTUSD
2021-03-14 20:00:00,15003371,04070b03-3361-30c0-dd53-67d5c2bda8e3,aoa-execution-2021-01-01-2021-06-30.csv,74329,-15003371,0,XBTUSD
2021-03-15 04:00:00,15003371,5db3c594-bc8d-db41-03e4-bf86dd397dd9,aoa-execution-2021-01-01-2021-06-30.csv,74513,-15003371,0,XBTUSD
2021-03-15 12:00:00,15003371,8ad685ed-2ccc-3ac0-ac10-c6fdd475a5e2,aoa-execution-2021-01-01-2021-06-30.csv,74514,-15003371,0,XBTUSD
2021-03-15 20:00:00,30010330,4737185e-49b9-985a-feeb-6cdd436666c4,aoa-execution-2021-01-01-2021-06-30.csv,74515,-30010330,0,XBTUSD
2021-03-16 04:00:00,30010330,eed14bc5-7bf0-652d-1802-b8dd8d79138a,aoa-execution-2021-01-01-2021-06-30.csv,75145,-30010330,0,XBTUSD
2021-03-16 12:00:00,10010330,f516b48a-8b58-0a26-beb3-5888b1378d81,aoa-execution-2021-01-01-2021-06-30.csv,75143,-10010330,0,XBTUSD
2021-03-16 20:00:00,10010330,8981c571-191a-d97d-6421-2eee6bcedbd7,aoa-execution-2021-01-01-2021-06-30.csv,75144,-10010330,0,XBTUSD
2021-03-17 04:00:00,20010330,a6d78a89-93c9-fb8e-2a6b-89227d30d98a,aoa-execution-2021-01-01-2021-06-30.csv,75437,-20010330,0,XBTUSD
2021-03-17 12:00:00,30010330,14e457d3-81e4-16fa-f4ec-3d6a02031870,aoa-execution-2021-01-01-2021-06-30.csv,75328,-30010330,0,XBTUSD
2021-03-17 20:00:00,30010330,a1408263-0876-e52b-4024-0f096bf4ea3f,aoa-execution-2021-01-01-2021-06-30.csv,75327,-30010330,0,XBTUSD
2021-03-18 04:00:00,30010330,7070c17f-23fe-4b53-d11b-d4a11d1df0ce,aoa-execution-2021-01-01-2021-06-30.csv,75438,-30010330,0,XBTUSD
2021-03-18 12:00:00,45226400,088259cd-3ae0-8959-d611-073d7654612a,aoa-execution-2021-01-01-2021-06-30.csv,75440,-45226400,0,XBTUSD
2021-03-18 20:00:00,50010330,ac57b2fe-1296-cfa4-b4e9-9398776943a1,aoa-execution-2021-01-01-2021-06-30.csv,75439,-50010330,0,XBTUSD
2021-03-19 04:00:00,50010330,934f7697-be4c-0994-3b05-211d84d90bd6,aoa-execution-2021-01-01-2021-06-30.csv,75935,-50010330,0,XBTUSD
2021-03-19 12:00:00,50010330,308d7f01-1569-f266-57bb-1a5a0c72bcce,aoa-execution-2021-01-01-2021-06-30.csv,75934,-50010330,0,XBTUSD
2021-03-19 20:00:00,50010330,7650c982-1569-0c38-a9aa-b306aca7098f,aoa-execution-2021-01-01-2021-06-30.csv,75933,-50010330,0,XBTUSD
2021-03-20 04:00:00,50010330,e8ea8bbe-2c08-1fdb-45d6-33bbced586f3,aoa-execution-2021-01-01-2021-06-30.csv,79905,-50010330,0,XBTUSD
2021-03-20 12:00:00,40574840,05df6e6a-ea1d-9d0b-6192-6f4f874c140b,aoa-execution-2021-01-01-2021-06-30.csv,76567,-40574840,0,XBTUSD
2021-03-20 20:00:00,5010330,c7b286d4-764a-841a-fab9-0798938ed459,aoa-execution-2021-01-01-2021-06-30.csv,77461,-5010330,0,XBTUSD
2021-03-21 04:00:00,50002740,b8c81d80-bf36-8b4b-d18c-48745936255c,aoa-execution-2021-01-01-2021-06-30.csv,80254,-50002740,0,XBTUSD
2021-03-21 12:00:00,30002740,fecd21cc-e1e3-894b-e3f4-577e86d74bec,aoa-execution-2021-01-01-2021-06-30.csv,80253,-30002740,0,XBTUSD
2021-03-21 20:00:00,40002740,d0736506-1a18-cef7-efc3-19874e9b0a05,aoa-execution-2021-01-01-2021-06-30.csv,80303,-40002740,0,XBTUSD
2021-03-22 04:00:00,40002740,00df4f15-9cf0-8473-ff15-29adc6dbfa56,aoa-execution-2021-01-01-2021-06-30.csv,80536,-40002740,0,XBTUSD
2021-03-22 12:00:00,40002740,ed5171dd-4c9b-06bd-4066-6064a79e0196,aoa-execution-2021-01-01-2021-06-30.csv,80534,-40002740,0,XBTUSD
2021-03-22 20:00:00,40002740,836b6e6f-5776-af99-b7e2-a2b7b00323c8,aoa-execution-2021-01-01-2021-06-30.csv,80535,-40002740,0,XBTUSD
2021-03-23 04:00:00,30002740,74f7c2d2-6d42-4dab-07d4-78096e3edac2,aoa-execution-2021-01-01-2021-06-30.csv,80624,-30002740,0,XBTUSD
2021-03-23 12:00:00,30002740,ad04415c-9acc-cf6e-680d-f116b2d85b37,aoa-execution-2021-01-01-2021-06-30.csv,80625,-30002740,0,XBTUSD
2021-03-23 20:00:00,30002740,57d8f883-26a4-b502-4beb-af3685364edf,aoa-execution-2021-01-01-2021-06-30.csv,80626,-30002740,0,XBTUSD
2021-03-24 04:00:00,40002740,85a8ad4b-e91b-0592-199d-bdde7af5e3fd,aoa-execution-2021-01-01-2021-06-30.csv,81114,-40002740,0,XBTUSD
2021-03-24 12:00:00,40002740,6012be30-ab17-fc00-7c2c-db4240d5619c,aoa-execution-2021-01-01-2021-06-30.csv,81115,-40002740,0,XBTUSD
2021-03-24 20:00:00,30002740,faf957e2-44ba-f6d1-e811-93fda93bbb27,aoa-execution-2021-01-01-2021-06-30.csv,81113,-30002740,0,XBTUSD
2021-03-25 04:00:00,10002740,ef3f3160-287b-7e0b-0f7e-f1cc83a054a5,aoa-execution-2021-01-01-2021-06-30.csv,81267,-10002740,0,XBTUSD
2021-03-25 12:00:00,10002740,7a0d3366-9ba8-2afc-2316-e0463fab1fa0,aoa-execution-2021-01-01-2021-06-30.csv,81537,-10002740,0,XBTUSD
2021-03-25 20:00:00,2740,309f98bf-fd1b-2282-c918-06ec80bcde77,aoa-execution-2021-01-01-2021-06-30.csv,81268,-2740,0,XBTUSD
2021-03-26 04:00:00,2740,303badee-6ee3-767b-a136-098ac75656f3,aoa-execution-2021-01-01-2021-06-30.csv,81539,-2740,0,XBTUSD
2021-03-26 12:00:00,2740,b728fb83-9406-9bae-6f91-06187ecef59c,aoa-execution-2021-01-01-2021-06-30.csv,81540,-2740,0,XBTUSD
2021-03-26 20:00:00,2740,7f8b3dbc-6263-00fa-f000-2ff44c064d24,aoa-execution-2021-01-01-2021-06-30.csv,81538,-2740,0,XBTUSD
2021-03-27 04:00:00,2740,b6eecf0f-b96b-8227-6081-3d5d96cb4ea4,aoa-execution-2021-01-01-2021-06-30.csv,83113,-2740,0,XBTUSD
2021-03-27 12:00:00,50172646,0feeaf65-be92-8376-c210-1785ee7049c9,aoa-execution-2021-01-01-2021-06-30.csv,81952,-50172646,0,XBTUSD
2021-03-27 20:00:00,80172646,d664b211-e031-3b74-b2f1-2ee652416e8a,aoa-execution-2021-01-01-2021-06-30.csv,81541,-80172646,0,XBTUSD
2021-03-28 04:00:00,80172646,94b8d3b3-ef57-9ad7-6207-9a73c732c983,aoa-execution-2021-01-01-2021-06-30.csv,84040,-80172646,0,XBTUSD
2021-03-28 12:00:00,80172646,d64805e3-8c78-ba00-c107-5a6c6c535311,aoa-execution-2021-01-01-2021-06-30.csv,84038,-80172646,0,XBTUSD
2021-03-28 20:00:00,80172646,d339b393-27e1-34ba-1116-a5f227c9b6be,aoa-execution-2021-01-01-2021-06-30.csv,84039,-80172646,0,XBTUSD
2021-03-29 04:00:00,80172646,5df6c39b-e478-97f1-ea62-cc5e5406f429,aoa-execution-2021-01-01-2021-06-30.csv,84042,-80172646,0,XBTUSD
2021-03-29 12:00:00,70002646,df9ddc97-0a65-cc55-7c7a-5646804aac69,aoa-execution-2021-01-01-2021-06-30.csv,84338,-70002646,0,XBTUSD
2021-03-29 20:00:00,70002646,f09e26e3-db8f-b214-1702-251db318dacf,aoa-execution-2021-01-01-2021-06-30.csv,84041,-70002646,0,XBTUSD
2021-03-30 04:00:00,60002646,b6c2bc17-92a3-aa8b-1a3f-1df60d01ad90,aoa-execution-2021-01-01-2021-06-30.csv,84588,-60002646,0,XBTUSD
2021-03-30 12:00:00,60002646,ac263975-b43c-0f52-df3a-475a5c706925,aoa-execution-2021-01-01-2021-06-30.csv,84589,-60002646,0,XBTUSD
2021-03-30 20:00:00,60002646,3031222e-a2ab-c383-22fc-01d5c345bc37,aoa-execution-2021-01-01-2021-06-30.csv,84587,-60002646,0,XBTUSD
2021-03-31 04:00:00,60002646,e4654f4f-8866-8a6b-7c56-57e8e90a5878,aoa-execution-2021-01-01-2021-06-30.csv,84590,-60002646,0,XBTUSD
2021-03-31 12:00:00,60002646,219d5ff9-3c52-5dcf-e845-d0e9165f495b,aoa-execution-2021-01-01-2021-06-30.csv,84591,-60002646,0,XBTUSD
2021-03-31 20:00:00,60002646,641e04e1-67da-2618-8872-85c67c362c4a,aoa-execution-2021-01-01-2021-06-30.csv,84592,-60002646,0,XBTUSD
2021-04-01 04:00:00,60002646,80512ec3-148a-9b1e-a2b4-ad2b8ce4394b,aoa-execution-2021-01-01-2021-06-30.csv,84594,-60002646,0,XBTUSD
2021-04-01 12:00:00,60002646,ccf2c8ad-0ed5-8fc9-0fab-ae7d34c911de,aoa-execution-2021-01-01-2021-06-30.csv,84595,-60002646,0,XBTUSD
2021-04-01 20:00:00,60002646,c8f1d4b4-4755-c399-9852-fc26ec761914,aoa-execution-2021-01-01-2021-06-30.csv,84593,-60002646,0,XBTUSD
2021-04-02 04:00:00,60002646,c1828447-75aa-82d9-7966-a97ea14a037e,aoa-execution-2021-01-01-2021-06-30.csv,84598,-60002646,0,XBTUSD
2021-04-02 12:00:00,60002646,282725f0-3350-b674-b10c-1dc65773bbd3,aoa-execution-2021-01-01-2021-06-30.csv,84596,-60002646,0,XBTUSD
2021-04-02 20:00:00,60002646,069c8496-f58b-097a-6ae5-997290d39855,aoa-execution-2021-01-01-2021-06-30.csv,84597,-60002646,0,XBTUSD
2021-04-03 04:00:00,60002646,285ff436-7ecf-baf3-8265-49b69d7d6d5d,aoa-execution-2021-01-01-2021-06-30.csv,84599,-60002646,0,XBTUSD
2021-04-03 12:00:00,60002646,5b4e6e29-3990-ad38-55bd-54a62c906c98,aoa-execution-2021-01-01-2021-06-30.csv,84600,-60002646,0,XBTUSD
2021-04-03 20:00:00,60002646,29613928-c6a6-b3c1-8f5c-1b397e345709,aoa-execution-2021-01-01-2021-06-30.csv,84601,-60002646,0,XBTUSD
2021-04-04 04:00:00,30002646,59fd80a4-24a5-37e0-d5b8-5a43eb2d65be,aoa-execution-2021-01-01-2021-06-30.csv,85250,-30002646,0,XBTUSD
2021-04-04 12:00:00,40002646,e51817f0-9aa5-3a7a-f6e2-39495b5e545d,aoa-execution-2021-01-01-2021-06-30.csv,84857,-40002646,0,XBTUSD
2021-04-04 20:00:00,60002646,41ca79f6-f53d-0a69-1d92-234014a89c39,aoa-execution-2021-01-01-2021-06-30.csv,85776,-60002646,0,XBTUSD
2021-04-05 04:00:00,60002646,3a18633a-b989-3712-77a6-7f8903b55ddf,aoa-execution-2021-01-01-2021-06-30.csv,85779,-60002646,0,XBTUSD
2021-04-05 12:00:00,60002646,32aec151-a422-c78c-18db-bddb0311eebf,aoa-execution-2021-01-01-2021-06-30.csv,85777,-60002646,0,XBTUSD
2021-04-05 20:00:00,60002646,e427e502-32d4-8339-9406-5d4888c0961e,aoa-execution-2021-01-01-2021-06-30.csv,85778,-60002646,0,XBTUSD
2021-04-06 04:00:00,60002646,22dd7cd0-9d83-889f-cc4b-6364e69b9936,aoa-execution-2021-01-01-2021-06-30.csv,85781,-60002646,0,XBTUSD
2021-04-06 12:00:00,60002646,72f82a0d-d4f0-a30a-7c7e-4814e5b088d7,aoa-execution-2021-01-01-2021-06-30.csv,85782,-60002646,0,XBTUSD
2021-04-06 20:00:00,60002646,bad43c9c-f356-c706-5dd8-c10ff122fc09,aoa-execution-2021-01-01-2021-06-30.csv,85780,-60002646,0,XBTUSD
2021-04-07 04:00:00,60002646,b44bc8b0-b502-db08-5b6b-8c352e6f6bbb,aoa-execution-2021-01-01-2021-06-30.csv,85785,-60002646,0,XBTUSD
2021-04-07 12:00:00,60002646,9b2b0565-bf1a-ee55-aaa1-9a577808a3be,aoa-execution-2021-01-01-2021-06-30.csv,85783,-60002646,0,XBTUSD
2021-04-07 20:00:00,60002646,69e10f98-f858-8e05-69db-057d3f5f2f1a,aoa-execution-2021-01-01-2021-06-30.csv,85784,-60002646,0,XBTUSD
2021-04-08 04:00:00,60002646,0532c6a8-af05-3919-6dae-96c79f51c04a,aoa-execution-2021-01-01-2021-06-30.csv,86525,-60002646,0,XBTUSD
2021-04-08 12:00:00,39273254,d5f69f3b-866b-1574-ab81-3f8ef8645209,aoa-execution-2021-01-01-2021-06-30.csv,86029,-39273254,0,XBTUSD
2021-04-08 20:00:00,39273254,696fe433-ff9a-3395-4948-30ff62b7d9fe,aoa-execution-2021-01-01-2021-06-30.csv,85786,-39273254,0,XBTUSD
2021-04-09 04:00:00,39273254,80ad8123-1d7d-9f23-b736-3e208d45862d,aoa-execution-2021-01-01-2021-06-30.csv,87021,-39273254,0,XBTUSD
2021-04-09 12:00:00,39273254,c2651435-4d05-0544-03d2-fed364748cf9,aoa-execution-2021-01-01-2021-06-30.csv,87022,-39273254,0,XBTUSD
2021-04-09 20:00:00,19273254,51c16580-08c1-5eef-98b7-fb558424fafa,aoa-execution-2021-01-01-2021-06-30.csv,86526,-19273254,0,XBTUSD
2021-04-10 04:00:00,19273254,96f65d9c-6f24-2ddb-6a00-a98d2227f4a5,aoa-execution-2021-01-01-2021-06-30.csv,87187,-19273254,0,XBTUSD
2021-04-10 12:00:00,750170,9524cffe-c62f-2c20-ec1b-c981df4e975d,aoa-execution-2021-01-01-2021-06-30.csv,87425,-750170,0,XBTUSD
2021-04-10 20:00:00,750170,9a09040b-763e-e60f-83cb-8deb177cccf5,aoa-execution-2021-01-01-2021-06-30.csv,87424,-750170,0,XBTUSD
2021-04-11 04:00:00,750170,c7dc307e-21a1-684d-f39c-d78631aad969,aoa-execution-2021-01-01-2021-06-30.csv,87427,-750170,0,XBTUSD
2021-04-11 12:00:00,750170,18a32a04-d89f-75ba-4b30-564c57c57418,aoa-execution-2021-01-01-2021-06-30.csv,87428,-750170,0,XBTUSD
2021-04-11 20:00:00,750170,cf9eccfc-f85b-cbb7-1eb9-dd20a2265332,aoa-execution-2021-01-01-2021-06-30.csv,87426,-750170,0,XBTUSD
2021-04-12 04:00:00,750170,9f528d5e-de64-d822-1150-eeff04c745ec,aoa-execution-2021-01-01-2021-06-30.csv,87431,-750170,0,XBTUSD
2021-04-12 12:00:00,750170,874d7e81-ac45-bb62-0be3-bff792080845,aoa-execution-2021-01-01-2021-06-30.csv,87430,-750170,0,XBTUSD
2021-04-12 20:00:00,750170,e5757a57-91b2-38bf-b193-501f5bbeae43,aoa-execution-2021-01-01-2021-06-30.csv,87429,-750170,0,XBTUSD
2021-04-13 04:00:00,750170,266f5af9-7b5b-8e0a-f756-e7c050d0b314,aoa-execution-2021-01-01-2021-06-30.csv,87433,-750170,0,XBTUSD
2021-04-13 12:00:00,750170,bd5a4ab2-8541-6448-7cf0-9755be20c533,aoa-execution-2021-01-01-2021-06-30.csv,87432,-750170,0,XBTUSD
2021-04-13 20:00:00,750170,6d1d4068-bd13-36d5-25e1-f40dfb7e5a71,aoa-execution-2021-01-01-2021-06-30.csv,87434,-750170,0,XBTUSD
2021-04-14 04:00:00,750170,82799717-b787-debf-8f94-5c9ff6abf788,aoa-execution-2021-01-01-2021-06-30.csv,87437,-750170,0,XBTUSD
2021-04-14 12:00:00,750170,99f2ecdb-bbc9-c546-116f-dc52b89228e4,aoa-execution-2021-01-01-2021-06-30.csv,87436,-750170,0,XBTUSD
2021-04-14 20:00:00,750170,f9e0500c-d09a-e556-ca7e-df7aa5057b06,aoa-execution-2021-01-01-2021-06-30.csv,87435,-750170,0,XBTUSD
2021-04-15 04:00:00,750170,d802cb2a-e321-f017-b8a9-94e9ce62341b,aoa-execution-2021-01-01-2021-06-30.csv,87440,-750170,0,XBTUSD
2021-04-15 12:00:00,750170,abe14ef1-775a-7859-2b0d-57ba49f82790,aoa-execution-2021-01-01-2021-06-30.csv,87438,-750170,0,XBTUSD
2021-04-15 20:00:00,750170,b458f1c9-be30-63c2-bd47-85dc732634b0,aoa-execution-2021-01-01-2021-06-30.csv,87439,-750170,0,XBTUSD
2021-04-16 04:00:00,750170,4a0a6a87-4782-ddac-0323-0883b8e6cb9f,aoa-execution-2021-01-01-2021-06-30.csv,88275,-750170,0,XBTUSD
2021-04-16 12:00:00,750170,b5bcae80-e291-a6cc-7496-ac9851e4fdd1,aoa-execution-2021-01-01-2021-06-30.csv,87441,-750170,0,XBTUSD
2021-04-16 20:00:00,50000170,68e45ff9-18d3-9ccb-3bc6-a7cf6a4e5a8e,aoa-execution-2021-01-01-2021-06-30.csv,88268,-50000170,0,XBTUSD
2021-04-17 04:00:00,50000170,69382db5-af96-281d-2e00-9cdbc3cb6ee3,aoa-execution-2021-01-01-2021-06-30.csv,88376,-50000170,0,XBTUSD
2021-04-17 12:00:00,50000170,265fc89e-1c59-7204-e29a-544c194bf690,aoa-execution-2021-01-01-2021-06-30.csv,88377,-50000170,0,XBTUSD
2021-04-17 20:00:00,50000170,e64b60c4-3bd9-15ea-4819-63412ad2a705,aoa-execution-2021-01-01-2021-06-30.csv,88375,-50000170,0,XBTUSD
2021-04-18 04:00:00,5000170,dd9ec77b-7126-34e3-f214-26b62fc2c095,aoa-execution-2021-01-01-2021-06-30.csv,89142,-5000170,0,XBTUSD
2021-04-18 12:00:00,5000170,39866e38-6bc8-c338-4d08-d0171cdd55e4,aoa-execution-2021-01-01-2021-06-30.csv,89143,-5000170,0,XBTUSD
2021-04-18 20:00:00,20000170,f387f56a-9bfe-7533-c617-5327ced712ee,aoa-execution-2021-01-01-2021-06-30.csv,89817,-20000170,0,XBTUSD
2021-04-19 04:00:00,60000170,45190fc6-21dc-fb27-40d7-ad05750083ba,aoa-execution-2021-01-01-2021-06-30.csv,90366,-60000170,0,XBTUSD
2021-04-19 12:00:00,60000170,f5cfafc5-4d06-48b0-2e3f-0b3d1b54f49c,aoa-execution-2021-01-01-2021-06-30.csv,90143,-60000170,0,XBTUSD
2021-04-19 20:00:00,45000170,b19f30e8-5367-5f82-cc27-f16b2154641f,aoa-execution-2021-01-01-2021-06-30.csv,90403,-45000170,0,XBTUSD
2021-04-20 04:00:00,25000170,02e65711-e583-0a80-bc14-e22dfa06ec39,aoa-execution-2021-01-01-2021-06-30.csv,90404,-25000170,0,XBTUSD
2021-04-20 12:00:00,15000170,1b13b86f-3a64-6b98-5f33-e8f237232277,aoa-execution-2021-01-01-2021-06-30.csv,90718,-15000170,0,XBTUSD
2021-04-20 20:00:00,6565,07842a1a-5f35-8788-f3cb-21fe983c8c18,aoa-execution-2021-01-01-2021-06-30.csv,90405,-6565,0,XBTUSD
2021-04-21 04:00:00,6565,efddff31-fcd7-5665-b4a3-7a0c929b34f7,aoa-execution-2021-01-01-2021-06-30.csv,91177,-6565,0,XBTUSD
2021-04-21 12:00:00,11909325,4eba27f1-5ba4-96da-9b71-8e8f940f8c3c,aoa-execution-2021-01-01-2021-06-30.csv,91178,-11909325,0,XBTUSD
2021-04-21 20:00:00,40008019,facaa8c1-e5dc-8a57-4fdd-d8f45bfff91d,aoa-execution-2021-01-01-2021-06-30.csv,92523,-40008019,0,XBTUSD
2021-04-22 04:00:00,50008019,cf3a8ac2-0837-2b98-a772-60074d8d375c,aoa-execution-2021-01-01-2021-06-30.csv,95965,-50008019,0,XBTUSD
2021-04-22 12:00:00,50008019,b7d19b4b-bed6-839b-f948-61a3cb1e82ea,aoa-execution-2021-01-01-2021-06-30.csv,93674,-50008019,0,XBTUSD
2021-04-22 20:00:00,20742347,fea0d8ac-7ffe-92e3-e76d-62d816c89160,aoa-execution-2021-01-01-2021-06-30.csv,95966,-20742347,0,XBTUSD
2021-04-23 04:00:00,4258,90d144ab-9d0d-cf96-9f68-83ab6d2fcd5d,aoa-execution-2021-01-01-2021-06-30.csv,97073,-4258,0,XBTUSD
2021-04-23 12:00:00,30003956,af63a120-b528-0d39-f151-bdc87e8cb3c5,aoa-execution-2021-01-01-2021-06-30.csv,98408,-30003956,0,XBTUSD
2021-04-23 20:00:00,25189225,0c1e92c6-31da-e7da-909d-c228edd80e53,aoa-execution-2021-01-01-2021-06-30.csv,97179,-25189225,0,XBTUSD
2021-04-24 04:00:00,10007225,fc3050a6-7778-8381-a43c-8c2c56ec7b4e,aoa-execution-2021-01-01-2021-06-30.csv,105768,-10007225,0,XBTUSD
2021-04-24 12:00:00,6908538,46b6fa4a-f35d-136b-0000-16c5ce196c72,aoa-execution-2021-01-01-2021-06-30.csv,104958,-6908538,0,XBTUSD
2021-04-24 20:00:00,20002775,2f66558e-9bdf-a959-805e-9b266ac52738,aoa-execution-2021-01-01-2021-06-30.csv,105766,20002775,0,XBTUSD
2021-04-25 04:00:00,20002775,ee69e6be-2b31-3e38-883c-1e5d01280831,aoa-execution-2021-01-01-2021-06-30.csv,105771,20002775,0,XBTUSD
2021-04-25 12:00:00,20002775,6cdfecbd-d58d-59d0-edcd-a3ef044f626f,aoa-execution-2021-01-01-2021-06-30.csv,105773,20002775,0,XBTUSD
2021-04-25 20:00:00,20002775,ad50fbab-18c0-060a-a8ad-7add4269b17c,aoa-execution-2021-01-01-2021-06-30.csv,105770,20002775,0,XBTUSD
2021-04-26 04:00:00,80019777,3b704dd2-be46-8120-332e-8b5b5e7559ce,aoa-execution-2021-01-01-2021-06-30.csv,109869,-80019777,0,XBTUSD
2021-04-26 12:00:00,80019777,4c2f2954-5e96-beed-5dbe-67925c145b82,aoa-execution-2021-01-01-2021-06-30.csv,112242,-80019777,0,XBTUSD
2021-04-26 20:00:00,80019777,76f41ff1-8cc6-5570-e496-e16ac8b5a7a5,aoa-execution-2021-01-01-2021-06-30.csv,109870,-80019777,0,XBTUSD
2021-04-27 04:00:00,14990708,99903a4e-4d2b-a214-c7bd-93c214c4ee89,aoa-execution-2021-01-01-2021-06-30.csv,112411,-14990708,0,XBTUSD
2021-04-27 12:00:00,26830716,61dcdafd-f56b-5a00-17f7-1d54d69e18d0,aoa-execution-2021-01-01-2021-06-30.csv,112592,-26830716,0,XBTUSD
2021-04-27 20:00:00,26830716,65d6f569-eba0-77c6-52c6-9492d291a8ce,aoa-execution-2021-01-01-2021-06-30.csv,112243,-26830716,0,XBTUSD
2021-04-28 04:00:00,26830716,f49550ff-68c7-d62f-afe9-cc8e7417a86c,aoa-execution-2021-01-01-2021-06-30.csv,112593,-26830716,0,XBTUSD
2021-04-28 12:00:00,26830716,4324c63e-c2c2-aa2b-95f2-23ac0dc2fc62,aoa-execution-2021-01-01-2021-06-30.csv,112594,-26830716,0,XBTUSD
2021-04-28 20:00:00,26830716,36dd1734-7ef1-6dbe-2128-1788a4d2da2c,aoa-execution-2021-01-01-2021-06-30.csv,112595,-26830716,0,XBTUSD
2021-04-29 04:00:00,26830716,d57f870a-7e58-eaa7-7c3e-ea840e87b282,aoa-execution-2021-01-01-2021-06-30.csv,112597,-26830716,0,XBTUSD
2021-04-29 12:00:00,26830716,d0aa7cad-4349-c869-da65-e5443f84994d,aoa-execution-2021-01-01-2021-06-30.csv,112598,-26830716,0,XBTUSD
2021-04-29 20:00:00,26830716,a03c6e94-b0e3-83eb-a657-759c6906d780,aoa-execution-2021-01-01-2021-06-30.csv,112596,-26830716,0,XBTUSD
2021-04-30 04:00:00,16830716,9805d3de-e771-3b5e-b9c3-e55318df156e,aoa-execution-2021-01-01-2021-06-30.csv,114107,-16830716,0,XBTUSD
2021-04-30 12:00:00,16830716,f557b8ad-0db8-1a10-382a-a99c0db4665a,aoa-execution-2021-01-01-2021-06-30.csv,112599,-16830716,0,XBTUSD
2021-04-30 20:00:00,16830716,fc2f43e8-9b1b-8c60-9e0f-71dcf51ccf30,aoa-execution-2021-01-01-2021-06-30.csv,119047,-16830716,0,XBTUSD
2021-05-01 04:00:00,25040825,6d409b77-dd12-e0c7-c264-583ece8dd882,aoa-execution-2021-01-01-2021-06-30.csv,124977,-25040825,0,XBTUSD
2021-05-01 12:00:00,31702600,dd14a3b8-a123-cfd3-0b2e-0eb8396f39d5,aoa-execution-2021-01-01-2021-06-30.csv,126029,-31702600,0,XBTUSD
2021-05-01 20:00:00,40002600,67e04f0f-7c6e-e237-62ac-5514f8c86346,aoa-execution-2021-01-01-2021-06-30.csv,126223,-40002600,0,XBTUSD
2021-05-02 04:00:00,40002600,fcb0b247-584c-5ec8-1c1c-ff36b8859e6f,aoa-execution-2021-01-01-2021-06-30.csv,126539,-40002600,0,XBTUSD
2021-05-02 12:00:00,40002600,e5952f6e-b2ab-cbdb-cb7c-6a9498b076fb,aoa-execution-2021-01-01-2021-06-30.csv,126235,-40002600,0,XBTUSD
2021-05-02 20:00:00,40002600,4d4ebfa8-6595-5e15-1163-bf0258c4659c,aoa-execution-2021-01-01-2021-06-30.csv,126229,-40002600,0,XBTUSD
2021-05-03 04:00:00,40002600,c3cd9ae8-6fdb-d72b-3325-656e35ce2830,aoa-execution-2021-01-01-2021-06-30.csv,126673,-40002600,0,XBTUSD
2021-05-03 12:00:00,40002600,99d5d37b-76c5-50be-8a33-a9545c0dac34,aoa-execution-2021-01-01-2021-06-30.csv,131594,-40002600,0,XBTUSD
2021-05-03 20:00:00,50811711,b38b1e4a-8bc1-0c4e-cea3-bbec88b9b974,aoa-execution-2021-01-01-2021-06-30.csv,131604,-50811711,0,XBTUSD
2021-05-04 04:00:00,13402179,5b9e1f3e-b67c-3c54-5ee8-a76fa07303eb,aoa-execution-2021-01-01-2021-06-30.csv,133451,-13402179,0,XBTUSD
2021-05-04 12:00:00,33402179,0b0b1a1b-0bb8-85f0-7888-d6850ca873cc,aoa-execution-2021-01-01-2021-06-30.csv,133444,-33402179,0,XBTUSD
2021-05-04 20:00:00,1902,7357d0d4-5fde-dea0-b48f-1a53535d6910,aoa-execution-2021-01-01-2021-06-30.csv,131610,1902,0,XBTUSD
2021-05-05 04:00:00,1902,2578160c-e8d0-97cc-7fd9-c0e010eb28a2,aoa-execution-2021-01-01-2021-06-30.csv,136168,1902,0,XBTUSD
2021-05-05 12:00:00,10001098,4c1a6c47-840f-7657-79f8-b06712c086b8,aoa-execution-2021-01-01-2021-06-30.csv,136072,-10001098,0,XBTUSD
2021-05-05 20:00:00,26565110,7d07df19-659b-2c3f-9e2f-a4b70e40e6b5,aoa-execution-2021-01-01-2021-06-30.csv,136081,-26565110,0,XBTUSD
2021-05-06 04:00:00,18320540,4ec36498-ec92-5ffb-64a7-eddf9acf01b6,aoa-execution-2021-01-01-2021-06-30.csv,137717,-18320540,0,XBTUSD
2021-05-06 12:00:00,18320540,708b19eb-5770-dbc8-7c0b-71169b9da735,aoa-execution-2021-01-01-2021-06-30.csv,137461,-18320540,0,XBTUSD
2021-05-06 20:00:00,1327,9785bdc2-9512-28be-41b1-42ec6a2f5672,aoa-execution-2021-01-01-2021-06-30.csv,137713,1327,0,XBTUSD
2021-05-07 04:00:00,1327,85dd5614-19a7-54ee-a74a-ec0b152c3d2a,aoa-execution-2021-01-01-2021-06-30.csv,140325,1327,0,XBTUSD
2021-05-07 12:00:00,1327,98f1c577-e021-7d2b-5b18-d569be87e550,aoa-execution-2021-01-01-2021-06-30.csv,140316,1327,0,XBTUSD
2021-05-07 20:00:00,1327,7bc31424-8dc1-c82a-c03f-622029a15480,aoa-execution-2021-01-01-2021-06-30.csv,140292,1327,0,XBTUSD
2021-05-08 04:00:00,10001327,16b6374a-7ffa-2484-b233-a19c6d189318,aoa-execution-2021-01-01-2021-06-30.csv,140331,10001327,0,XBTUSD
2021-05-08 12:00:00,13844054,4e90774a-8383-b093-9212-31bdbfdd687c,aoa-execution-2021-01-01-2021-06-30.csv,140335,13844054,0,XBTUSD
2021-05-08 20:00:00,13844054,2ccbe27d-12a9-47d1-6df9-210d7fee9768,aoa-execution-2021-01-01-2021-06-30.csv,141309,13844054,0,XBTUSD
2021-05-09 04:00:00,13844054,be2a75fd-5b63-dcd3-2dfa-3534599740b1,aoa-execution-2021-01-01-2021-06-30.csv,141896,13844054,0,XBTUSD
2021-05-09 12:00:00,13844054,d0dee65e-078c-3395-62e9-731715e155a2,aoa-execution-2021-01-01-2021-06-30.csv,141917,13844054,0,XBTUSD
2021-05-09 20:00:00,13844054,41b2016a-f09f-e920-f5cb-5dcb7de6b5cb,aoa-execution-2021-01-01-2021-06-30.csv,141887,13844054,0,XBTUSD
2021-05-10 04:00:00,22782485,84d32b08-7c43-8cfb-d838-07f109e6c459,aoa-execution-2021-01-01-2021-06-30.csv,149781,22782485,0,XBTUSD
2021-05-10 12:00:00,32782485,88a36103-9781-7a19-1af6-f214b727a1c5,aoa-execution-2021-01-01-2021-06-30.csv,147887,32782485,0,XBTUSD
2021-05-10 20:00:00,58373822,9f3267ad-5c64-0a28-a792-eb6dc099f95b,aoa-execution-2021-01-01-2021-06-30.csv,148337,58373822,0,XBTUSD
2021-05-11 04:00:00,27729693,5773c4ab-84f6-ae31-ed40-43a1c55b81f0,aoa-execution-2021-01-01-2021-06-30.csv,155524,27729693,0,XBTUSD
2021-05-11 12:00:00,27729693,e2bea197-dd76-b12c-7dc7-223ab5a52811,aoa-execution-2021-01-01-2021-06-30.csv,155954,27729693,0,XBTUSD
2021-05-11 20:00:00,27729693,aeefec06-02c0-dc9d-74ce-2383fc7067d2,aoa-execution-2021-01-01-2021-06-30.csv,155948,27729693,0,XBTUSD
2021-05-12 04:00:00,27729693,19affdd6-5fd0-23dd-c747-a1dc6b11c78a,aoa-execution-2021-01-01-2021-06-30.csv,157507,27729693,0,XBTUSD
2021-05-12 12:00:00,40705167,2a6fe326-b048-ab17-88f5-13fb76fe24b8,aoa-execution-2021-01-01-2021-06-30.csv,158647,40705167,0,XBTUSD
2021-05-12 20:00:00,40705167,87c0d99a-2935-b1c1-b107-f258eadb8508,aoa-execution-2021-01-01-2021-06-30.csv,159681,40705167,0,XBTUSD
2021-05-13 04:00:00,4745,18e6e052-9482-5b86-7285-137a7d03950d,aoa-execution-2021-01-01-2021-06-30.csv,162859,4745,0,XBTUSD
2021-05-13 12:00:00,16841,51a370a5-1b4c-761d-4b57-b9d257de7f8e,aoa-execution-2021-01-01-2021-06-30.csv,170689,16841,0,XBTUSD
2021-05-13 20:00:00,10035488,65e0d785-79ed-240e-7189-4458891ade7b,aoa-execution-2021-01-01-2021-06-30.csv,171158,10035488,0,XBTUSD
2021-05-14 04:00:00,10413618,01b33392-2e50-561c-8ad3-bf5125ed5307,aoa-execution-2021-01-01-2021-06-30.csv,171166,-10413618,0,XBTUSD
2021-05-14 12:00:00,10413618,3cf3dbf4-3780-be04-fe5d-0e5c97f66ba4,aoa-execution-2021-01-01-2021-06-30.csv,171174,-10413618,0,XBTUSD
2021-05-14 20:00:00,10413618,580bbc10-85c7-8529-adba-fee0dcda993f,aoa-execution-2021-01-01-2021-06-30.csv,171179,-10413618,0,XBTUSD
2021-05-15 04:00:00,10413618,fb6d5fc5-d435-0bda-75e8-d90d58b10139,aoa-execution-2021-01-01-2021-06-30.csv,171850,-10413618,0,XBTUSD
2021-05-15 12:00:00,10413618,26842387-ebb5-b868-bb3f-b3bf673e7d8b,aoa-execution-2021-01-01-2021-06-30.csv,171856,-10413618,0,XBTUSD
2021-05-15 20:00:00,10413618,c444927a-2946-c3e6-b335-1f9b35cde391,aoa-execution-2021-01-01-2021-06-30.csv,171283,-10413618,0,XBTUSD
2021-05-16 04:00:00,10413618,a6d823ec-1c5e-c904-414c-a68b29b4c9a9,aoa-execution-2021-01-01-2021-06-30.csv,171867,-10413618,0,XBTUSD
2021-05-16 12:00:00,10413618,c388a7ae-324c-fdc3-30a1-4a15ed93e9c9,aoa-execution-2021-01-01-2021-06-30.csv,171863,-10413618,0,XBTUSD
2021-05-16 20:00:00,3618,0ee7c859-de2d-10e2-d648-35eb795342c8,aoa-execution-2021-01-01-2021-06-30.csv,171946,-3618,0,XBTUSD
2021-05-17 04:00:00,3618,2abc56f5-9085-dd71-ae50-0a8e0fef5522,aoa-execution-2021-01-01-2021-06-30.csv,178631,-3618,0,XBTUSD
2021-05-17 12:00:00,587,502e6e7f-2994-fc42-888f-3e8131333708,aoa-execution-2021-01-01-2021-06-30.csv,175159,587,0,XBTUSD
2021-05-17 20:00:00,2676,e0f380a7-9cba-8ae0-bb3b-1617b1ffb056,aoa-execution-2021-01-01-2021-06-30.csv,175046,-2676,0,XBTUSD
2021-05-18 04:00:00,15189011,496276cf-29c7-3296-ce8d-892f13dbebe3,aoa-execution-2021-01-01-2021-06-30.csv,179653,-15189011,0,XBTUSD
2021-05-18 12:00:00,10189011,43b2155e-b118-eb86-464e-75bba8a018ff,aoa-execution-2021-01-01-2021-06-30.csv,179329,-10189011,0,XBTUSD
2021-05-18 20:00:00,21611060,33fa0228-913f-6ba4-08c8-74b6f5c35372,aoa-execution-2021-01-01-2021-06-30.csv,181699,-21611060,0,XBTUSD
2021-05-19 04:00:00,20007023,6efa8f04-bb64-42b5-38e1-a47a2acd83f3,aoa-execution-2021-01-01-2021-06-30.csv,186452,20007023,0,XBTUSD
2021-05-19 12:00:00,30702992,6d1aaccf-8739-4353-72eb-a14b6ccf01c4,aoa-execution-2021-01-01-2021-06-30.csv,190778,30702992,0,XBTUSD
2021-05-19 20:00:00,10006634,617516cb-3472-7425-7d08-240f6ef4e58a,aoa-execution-2021-01-01-2021-06-30.csv,183967,-10006634,0,XBTUSD
2021-05-20 04:00:00,8957,91151d8a-2c8d-2d20-ac2b-5ed086d4b468,aoa-execution-2021-01-01-2021-06-30.csv,196369,8957,0,XBTUSD
2021-05-20 12:00:00,5001043,8621e7cd-5942-59e1-051b-a7f1c9e19d8c,aoa-execution-2021-01-01-2021-06-30.csv,199071,-5001043,0,XBTUSD
2021-05-20 20:00:00,1658500,1e140ff2-927d-54ee-262f-ff885d420827,aoa-execution-2021-01-01-2021-06-30.csv,204041,1658500,0,XBTUSD
2021-05-21 04:00:00,8341500,cd1abdfe-bdac-c009-6cb0-738f31d9ab8b,aoa-execution-2021-01-01-2021-06-30.csv,209344,-8341500,0,XBTUSD
2021-05-21 12:00:00,8341500,c9f311f8-9d64-86cf-05a2-e509321bfe53,aoa-execution-2021-01-01-2021-06-30.csv,208642,-8341500,0,XBTUSD
2021-05-21 20:00:00,10130409,0a3f0479-8498-4dfb-90d2-d8a6e3565a7c,aoa-execution-2021-01-01-2021-06-30.csv,206093,10130409,0,XBTUSD
2021-05-22 04:00:00,10130409,d2ea090d-a80e-4fd2-ffc4-c1b9b64dcb36,aoa-execution-2021-01-01-2021-06-30.csv,212906,10130409,0,XBTUSD
2021-05-22 12:00:00,10130409,efc11357-1ff6-04e5-f398-c25f8981c2e7,aoa-execution-2021-01-01-2021-06-30.csv,210717,10130409,0,XBTUSD
2021-05-22 20:00:00,10130409,79725baf-94e0-4b2c-b0c5-aebdae245ac5,aoa-execution-2021-01-01-2021-06-30.csv,210210,10130409,0,XBTUSD
2021-05-23 04:00:00,10130409,432360cf-ab5b-c461-1f71-5fceddec1d4c,aoa-execution-2021-01-01-2021-06-30.csv,219443,10130409,0,XBTUSD
2021-05-23 12:00:00,130409,96da59fb-e76d-4262-39be-dbfaff25404b,aoa-execution-2021-01-01-2021-06-30.csv,213432,130409,0,XBTUSD
2021-05-23 20:00:00,130409,7fe61835-53fd-0eaa-3e1b-b1bdf4bc86bd,aoa-execution-2021-01-01-2021-06-30.csv,221830,130409,0,XBTUSD
2021-05-24 04:00:00,591,3455be8a-c0fb-441f-6643-286105390b6b,aoa-execution-2021-01-01-2021-06-30.csv,228253,-591,0,XBTUSD
2021-05-24 12:00:00,591,10976cfa-03d5-5be8-6d8c-960a91ea993a,aoa-execution-2021-01-01-2021-06-30.csv,230369,-591,0,XBTUSD
2021-05-24 20:00:00,20000591,8a0d70dd-182a-a529-38bb-97610fdd6d0e,aoa-execution-2021-01-01-2021-06-30.csv,231217,-20000591,0,XBTUSD
2021-05-25 04:00:00,20000591,a67b4063-f616-39e9-d692-5df02e6db469,aoa-execution-2021-01-01-2021-06-30.csv,238548,-20000591,0,XBTUSD
2021-05-25 12:00:00,591,12095f7f-f2c6-5cfe-1d5a-955bb44d99ef,aoa-execution-2021-01-01-2021-06-30.csv,234411,-591,0,XBTUSD
2021-05-25 20:00:00,591,82c62ec1-fdd5-1184-9543-f2275617c2cc,aoa-execution-2021-01-01-2021-06-30.csv,238550,-591,0,XBTUSD
2021-05-26 04:00:00,20741917,8c60598f-5c9d-d60a-446f-a3227888f8ea,aoa-execution-2021-01-01-2021-06-30.csv,243157,20741917,0,XBTUSD
2021-05-26 12:00:00,20741917,c4113d64-e540-d3f1-71ea-1618223b70c9,aoa-execution-2021-01-01-2021-06-30.csv,243134,20741917,0,XBTUSD
2021-05-26 20:00:00,20741917,8f696b26-b334-7312-ee86-d756d94c9798,aoa-execution-2021-01-01-2021-06-30.csv,243132,20741917,0,XBTUSD
2021-05-27 04:00:00,20741917,afadc649-5446-11b2-f421-96c29167f893,aoa-execution-2021-01-01-2021-06-30.csv,243160,20741917,0,XBTUSD
2021-05-27 12:00:00,20741917,c6dbe4ad-b8e5-4e96-dc55-15e8d83b6655,aoa-execution-2021-01-01-2021-06-30.csv,243713,20741917,0,XBTUSD
2021-05-27 20:00:00,7506863,984e6539-6d33-f7b8-a6f5-afedff351d55,aoa-execution-2021-01-01-2021-06-30.csv,243710,7506863,0,XBTUSD
2021-05-28 04:00:00,6863,cb4d681a-0601-7178-3e0b-3e05a8775f4a,aoa-execution-2021-01-01-2021-06-30.csv,244282,6863,0,XBTUSD
2021-05-28 12:00:00,32747332,bf6668d5-3763-6228-6827-9428c0db7cfb,aoa-execution-2021-01-01-2021-06-30.csv,244757,32747332,0,XBTUSD
2021-05-28 20:00:00,24506332,d20e7f72-5f50-9082-c21b-a6cdb3cebc02,aoa-execution-2021-01-01-2021-06-30.csv,248212,24506332,0,XBTUSD
2021-05-29 04:00:00,14650845,d9a03439-3ec1-3fc8-8d83-1bb223df08ae,aoa-execution-2021-01-01-2021-06-30.csv,251927,14650845,0,XBTUSD
2021-05-29 12:00:00,19295233,66f64661-ccfb-5f53-6cbb-d6d8e85ecd7e,aoa-execution-2021-01-01-2021-06-30.csv,251195,19295233,0,XBTUSD
2021-05-29 20:00:00,43295233,09acc44f-c33a-6815-30de-a774239f92d4,aoa-execution-2021-01-01-2021-06-30.csv,252773,43295233,0,XBTUSD
2021-05-30 04:00:00,35005233,70dabe53-3201-abab-9f47-60c804dc3690,aoa-execution-2021-01-01-2021-06-30.csv,255502,35005233,0,XBTUSD
2021-05-30 12:00:00,27505233,a8751819-7ac3-bb21-7092-db13b098da67,aoa-execution-2021-01-01-2021-06-30.csv,259650,27505233,0,XBTUSD
2021-05-30 20:00:00,27505233,0412275f-32ef-d884-9270-4532525b3db9,aoa-execution-2021-01-01-2021-06-30.csv,258367,27505233,0,XBTUSD
2021-05-31 04:00:00,34885932,c574a858-b465-a6ef-5220-18dd8fa107b6,aoa-execution-2021-01-01-2021-06-30.csv,266169,34885932,0,XBTUSD
2021-05-31 12:00:00,13614245,ebc39483-d298-417a-6f63-e2fea996a8ef,aoa-execution-2021-01-01-2021-06-30.csv,264088,13614245,0,XBTUSD
2021-05-31 20:00:00,9479029,3baff3c2-f01d-57ec-212b-a74d8988d14e,aoa-execution-2021-01-01-2021-06-30.csv,266167,-9479029,0,XBTUSD
2021-06-01 04:00:00,4140391,8bb0405f-ff39-2162-2d0a-4405fe8b3fa0,aoa-execution-2021-01-01-2021-06-30.csv,268358,-4140391,0,XBTUSD
2021-06-01 12:00:00,13276669,1ae97201-58fe-76ff-85cb-36286b3d416e,aoa-execution-2021-01-01-2021-06-30.csv,273142,13276669,0,XBTUSD
2021-06-01 20:00:00,20046050,d09c662e-35eb-4994-a129-1dfcea488a0b,aoa-execution-2021-01-01-2021-06-30.csv,272257,-20046050,0,XBTUSD
2021-06-02 04:00:00,43709364,6e8d7002-2f69-1101-88df-590163271b9e,aoa-execution-2021-01-01-2021-06-30.csv,276749,-43709364,0,XBTUSD
2021-06-02 12:00:00,11155953,f9e0864e-52a8-36fb-6a43-71955b3b0e69,aoa-execution-2021-01-01-2021-06-30.csv,274016,-11155953,0,XBTUSD
2021-06-02 20:00:00,10803221,1cc7dfa4-33e5-389b-9fc8-f986a36ab0c3,aoa-execution-2021-01-01-2021-06-30.csv,278209,-10803221,0,XBTUSD
2021-06-03 04:00:00,10803221,1f327460-3558-2aeb-541c-a24a7aea1a41,aoa-execution-2021-01-01-2021-06-30.csv,283492,-10803221,0,XBTUSD
2021-06-03 12:00:00,50707995,a9b975f4-453d-c52c-8e36-b3b634f1acb8,aoa-execution-2021-01-01-2021-06-30.csv,284543,-50707995,0,XBTUSD
2021-06-03 20:00:00,50707995,e8b2bac9-4d74-0081-3397-cb5ae15108b6,aoa-execution-2021-01-01-2021-06-30.csv,299605,-50707995,0,XBTUSD
2021-06-04 04:00:00,56363693,8c13f52b-eaa4-8714-7e8a-2b74abe837e1,aoa-execution-2021-01-01-2021-06-30.csv,303589,-56363693,0,XBTUSD
2021-06-04 12:00:00,54303601,7d06e58e-2267-16f7-6888-a108d32c6ba5,aoa-execution-2021-01-01-2021-06-30.csv,301512,-54303601,0,XBTUSD
2021-06-04 20:00:00,55766720,a8fa38f7-d078-d648-d8e5-3bcbae0449b4,aoa-execution-2021-01-01-2021-06-30.csv,303580,-55766720,0,XBTUSD
2021-06-05 04:00:00,55766720,3550ef91-c8b0-27b4-8704-5126be84d9ac,aoa-execution-2021-01-01-2021-06-30.csv,314043,-55766720,0,XBTUSD
2021-06-05 12:00:00,58401516,683e0a18-790f-7b03-f4fc-03ab7fc831d6,aoa-execution-2021-01-01-2021-06-30.csv,311151,-58401516,0,XBTUSD
2021-06-05 20:00:00,57973915,f2e3b0d2-bea8-5ac5-fbed-c308c82e4fb7,aoa-execution-2021-01-01-2021-06-30.csv,311292,-57973915,0,XBTUSD
2021-06-06 04:00:00,57973915,e2dec1b9-b696-34d0-171a-1c0e959aeffe,aoa-execution-2021-01-01-2021-06-30.csv,314392,-57973915,0,XBTUSD
2021-06-06 12:00:00,57473915,0bd72a78-d152-29f4-6042-9978bf147c10,aoa-execution-2021-01-01-2021-06-30.csv,314385,-57473915,0,XBTUSD
2021-06-06 20:00:00,57473915,727de010-9468-5f46-b448-7c56f90c8e60,aoa-execution-2021-01-01-2021-06-30.csv,314351,-57473915,0,XBTUSD
2021-06-07 04:00:00,57473915,65f368de-21d0-6a17-2953-f0b7fa6ba57e,aoa-execution-2021-01-01-2021-06-30.csv,317150,-57473915,0,XBTUSD
2021-06-07 12:00:00,57473915,05b787a9-39a4-c905-141a-13cf5bcb0ea2,aoa-execution-2021-01-01-2021-06-30.csv,315902,-57473915,0,XBTUSD
2021-06-07 20:00:00,55073915,41fa8b85-912a-1710-0c38-c4d471d7778d,aoa-execution-2021-01-01-2021-06-30.csv,315869,-55073915,0,XBTUSD
2021-06-08 04:00:00,3810000,c666c722-4744-79ae-6adc-3fb3e0ef4257,aoa-execution-2021-01-01-2021-06-30.csv,320674,-3810000,0,XBTUSD
2021-06-08 12:00:00,18080500,eeb6016b-2e43-3afd-9ec4-26b9d3b76edf,aoa-execution-2021-01-01-2021-06-30.csv,323984,-18080500,0,XBTUSD
2021-06-08 20:00:00,2374300,85a3f253-c17d-9791-393f-49d65a7a1146,aoa-execution-2021-01-01-2021-06-30.csv,317196,2374300,0,XBTUSD
2021-06-09 04:00:00,36549500,e57eab25-265f-edb6-ba42-746c42d0c422,aoa-execution-2021-01-01-2021-06-30.csv,326945,-36549500,0,XBTUSD
2021-06-09 12:00:00,64947200,16c5a440-04b4-edce-618f-ab53c185ddf5,aoa-execution-2021-01-01-2021-06-30.csv,329768,-64947200,0,XBTUSD
2021-06-09 20:00:00,54804700,aa5dcd73-fff0-16d9-6923-58ab01098d41,aoa-execution-2021-01-01-2021-06-30.csv,332392,-54804700,0,XBTUSD
2021-06-10 04:00:00,54804700,e80b2912-fb45-c1bd-b583-676ec8b949a3,aoa-execution-2021-01-01-2021-06-30.csv,346909,-54804700,0,XBTUSD
2021-06-10 12:00:00,25288700,97220bd9-c945-5b97-50ce-c2be2a6cf3b2,aoa-execution-2021-01-01-2021-06-30.csv,345375,-25288700,0,XBTUSD
2021-06-10 20:00:00,17339200,b92bc29f-b15d-ced8-52b9-9c265b6f4910,aoa-execution-2021-01-01-2021-06-30.csv,346374,-17339200,0,XBTUSD
2021-06-11 04:00:00,17339200,12f1d825-6684-0864-1686-a19c3d0f7606,aoa-execution-2021-01-01-2021-06-30.csv,349674,-17339200,0,XBTUSD
2021-06-11 12:00:00,37615600,9dc6c253-fb25-88a9-fdb6-07387e67814a,aoa-execution-2021-01-01-2021-06-30.csv,349079,-37615600,0,XBTUSD
2021-06-11 20:00:00,27604200,60574495-1dd1-d9a1-0f5f-34c61f08a0e6,aoa-execution-2021-01-01-2021-06-30.csv,349076,-27604200,0,XBTUSD
2021-06-12 04:00:00,2775000,7b871814-501d-88f4-362e-1dd7ed3cd514,aoa-execution-2021-01-01-2021-06-30.csv,351494,2775000,0,XBTUSD
2021-06-12 12:00:00,30007500,7c456c82-a9b8-f1c3-e5fd-6b3747286b59,aoa-execution-2021-01-01-2021-06-30.csv,350021,30007500,0,XBTUSD
2021-06-12 20:00:00,45007500,581a73b2-a474-8142-7c52-933bc9cecf44,aoa-execution-2021-01-01-2021-06-30.csv,351481,45007500,0,XBTUSD
2021-06-13 04:00:00,45007500,5b9e20ce-d171-96a4-cee2-cc55a253844d,aoa-execution-2021-01-01-2021-06-30.csv,355567,45007500,0,XBTUSD
2021-06-13 12:00:00,45007100,318b2c59-eb28-9a64-ab31-7715ad528ff6,aoa-execution-2021-01-01-2021-06-30.csv,355591,45007100,0,XBTUSD
2021-06-13 20:00:00,10007100,a7aaed2c-9f2c-c13e-8f9a-8166f1724fbe,aoa-execution-2021-01-01-2021-06-30.csv,354010,10007100,0,XBTUSD
2021-06-14 04:00:00,40002900,068cb2a1-8fa0-29c3-256d-0777a965f62f,aoa-execution-2021-01-01-2021-06-30.csv,360628,-40002900,0,XBTUSD
2021-06-14 12:00:00,40002900,7bb0f056-df03-d6d5-2960-d045e043f01a,aoa-execution-2021-01-01-2021-06-30.csv,358016,-40002900,0,XBTUSD
2021-06-14 20:00:00,70002900,fd96dc34-8568-a98d-0831-2248359fdb05,aoa-execution-2021-01-01-2021-06-30.csv,358789,-70002900,0,XBTUSD
2021-06-15 04:00:00,70002900,133269fb-d3f5-3568-b091-8f1b84ea70f8,aoa-execution-2021-01-01-2021-06-30.csv,361984,-70002900,0,XBTUSD
2021-06-15 12:00:00,70002900,30828a95-23f2-5c0d-b160-178fd1dff8a7,aoa-execution-2021-01-01-2021-06-30.csv,361988,-70002900,0,XBTUSD
2021-06-15 20:00:00,70002900,3a48ab1f-88a0-01bc-566e-46bef72ac3d4,aoa-execution-2021-01-01-2021-06-30.csv,361986,-70002900,0,XBTUSD
2021-06-16 04:00:00,70002900,b6d0f9d8-5402-3953-93eb-c6ac93d0286c,aoa-execution-2021-01-01-2021-06-30.csv,362280,-70002900,0,XBTUSD
2021-06-16 12:00:00,60002900,f8184ef9-9da5-457b-ebb5-efebec48907a,aoa-execution-2021-01-01-2021-06-30.csv,362411,-60002900,0,XBTUSD
2021-06-16 20:00:00,49432600,e9175ec4-9f49-3fa4-4182-9c3c888ea3f8,aoa-execution-2021-01-01-2021-06-30.csv,362414,-49432600,0,XBTUSD
2021-06-17 04:00:00,44426900,aeb0ef70-a40e-0df7-c79b-09e4351c0d23,aoa-execution-2021-01-01-2021-06-30.csv,363441,-44426900,0,XBTUSD
2021-06-17 12:00:00,64449700,8ec84867-3db9-2739-25c8-429b70dc4fee,aoa-execution-2021-01-01-2021-06-30.csv,363841,-64449700,0,XBTUSD
2021-06-17 20:00:00,45080200,65fc15eb-4a98-52aa-7218-3e8074f982d9,aoa-execution-2021-01-01-2021-06-30.csv,363439,-45080200,0,XBTUSD
2021-06-18 04:00:00,24883500,8bb8cacd-fce7-5529-6f99-f337678cfcb9,aoa-execution-2021-01-01-2021-06-30.csv,375559,-24883500,0,XBTUSD
2021-06-18 12:00:00,7107700,8d85e48d-2d4e-929a-bee0-ecd5d844fdd4,aoa-execution-2021-01-01-2021-06-30.csv,376253,-7107700,0,XBTUSD
2021-06-18 20:00:00,35122200,00a0046b-5a33-9b83-12d4-f166ba3f1613,aoa-execution-2021-01-01-2021-06-30.csv,375931,35122200,0,XBTUSD
2021-06-19 04:00:00,25122200,4af6ea88-5a5c-c948-c5bb-ad37eda4044f,aoa-execution-2021-01-01-2021-06-30.csv,380507,25122200,0,XBTUSD
2021-06-19 12:00:00,35122200,97be1b5c-ecdb-fbfd-1876-e78fe7b30485,aoa-execution-2021-01-01-2021-06-30.csv,380508,35122200,0,XBTUSD
2021-06-19 20:00:00,35122200,bba955c3-f734-f143-ce45-09dcec320476,aoa-execution-2021-01-01-2021-06-30.csv,380509,35122200,0,XBTUSD
2021-06-20 04:00:00,35122200,155d2b53-f514-4764-21a4-09401156428c,aoa-execution-2021-01-01-2021-06-30.csv,380510,35122200,0,XBTUSD
2021-06-20 12:00:00,5122200,855c2753-9e6b-2916-c9ee-b9555eb26145,aoa-execution-2021-01-01-2021-06-30.csv,382209,5122200,0,XBTUSD
2021-06-20 20:00:00,5122200,dd5ce7fd-f3b7-d423-7107-2e81d66b14f0,aoa-execution-2021-01-01-2021-06-30.csv,381412,5122200,0,XBTUSD
2021-06-21 04:00:00,21124900,4d942283-2f73-f6f3-6b01-deb913d3aca5,aoa-execution-2021-01-01-2021-06-30.csv,388209,21124900,0,XBTUSD
2021-06-21 12:00:00,7996800,f85f18ab-6ced-0fe3-1bd4-aaf1a5ebcf3e,aoa-execution-2021-01-01-2021-06-30.csv,386356,7996800,0,XBTUSD
2021-06-21 20:00:00,18730000,7948e9eb-7201-a841-88b3-fcf2e54a658e,aoa-execution-2021-01-01-2021-06-30.csv,408884,-18730000,0,XBTUSD
2021-06-22 04:00:00,49343600,89d12cf9-1532-c00b-1d9e-4f5ed1640825,aoa-execution-2021-01-01-2021-06-30.csv,417153,-49343600,0,XBTUSD
2021-06-22 12:00:00,6743300,66f03421-5a29-4825-27ca-43dd8be18285,aoa-execution-2021-01-01-2021-06-30.csv,427608,6743300,0,XBTUSD
2021-06-22 20:00:00,53657400,f00468f1-ec44-68ec-1b13-d5fe5e6db8da,aoa-execution-2021-01-01-2021-06-30.csv,418437,-53657400,0,XBTUSD
2021-06-23 04:00:00,17052700,d5560e0b-cb79-f9c6-49a9-5db243fe62e8,aoa-execution-2021-01-01-2021-06-30.csv,434993,-17052700,0,XBTUSD
2021-06-23 12:00:00,17052700,ff2523b0-c5ab-9a48-ff95-86caddc8ea99,aoa-execution-2021-01-01-2021-06-30.csv,438178,-17052700,0,XBTUSD
2021-06-23 20:00:00,2023900,04cfa057-acfc-8946-9b36-9f2fd6b70120,aoa-execution-2021-01-01-2021-06-30.csv,436687,2023900,0,XBTUSD
2021-06-24 04:00:00,2023900,f6e739af-95fc-b4f9-45ec-ab0deff8ff57,aoa-execution-2021-01-01-2021-06-30.csv,443029,2023900,0,XBTUSD
2021-06-24 12:00:00,2023900,b9141469-623f-6fe9-51a0-cd69b850c338,aoa-execution-2021-01-01-2021-06-30.csv,442812,2023900,0,XBTUSD
2021-06-24 20:00:00,12023900,b58b85d0-9042-bfc1-5f53-f75cf8199a7e,aoa-execution-2021-01-01-2021-06-30.csv,439788,12023900,0,XBTUSD
2021-06-25 04:00:00,12023900,7a63aa24-248d-3e24-920e-1dd264a05692,aoa-execution-2021-01-01-2021-06-30.csv,443034,12023900,0,XBTUSD
2021-06-25 12:00:00,30021800,2f815a4c-9170-d127-cbf6-cb0f5ac0b9c0,aoa-execution-2021-01-01-2021-06-30.csv,443375,30021800,0,XBTUSD
2021-06-25 20:00:00,30021800,4b4e84f4-8823-4002-0160-2f7612508cea,aoa-execution-2021-01-01-2021-06-30.csv,443032,30021800,0,XBTUSD
2021-06-26 04:00:00,30021800,be7ddc9e-3778-1d30-b9bd-8265d40076dd,aoa-execution-2021-01-01-2021-06-30.csv,443378,30021800,0,XBTUSD
2021-06-26 12:00:00,9978200,73e12dd0-9609-48de-cc40-f620620a4a62,aoa-execution-2021-01-01-2021-06-30.csv,443376,-9978200,0,XBTUSD
2021-06-26 20:00:00,9978200,d70c2cad-e509-a501-17b9-5ddee7231285,aoa-execution-2021-01-01-2021-06-30.csv,449043,-9978200,0,XBTUSD
2021-06-27 04:00:00,19978200,24a71d10-6b2b-6776-5801-56896d8710f7,aoa-execution-2021-01-01-2021-06-30.csv,450558,-19978200,0,XBTUSD
2021-06-27 12:00:00,19978200,5b38d125-9f97-7639-2aeb-bb06c4221d13,aoa-execution-2021-01-01-2021-06-30.csv,450560,-19978200,0,XBTUSD
2021-06-27 20:00:00,19978200,3d67fb51-e901-a3db-2b6b-19f4f63f26aa,aoa-execution-2021-01-01-2021-06-30.csv,449045,-19978200,0,XBTUSD
2021-06-28 04:00:00,19978200,e12b4605-ba45-10f6-2db2-89ef360ffed9,aoa-execution-2021-01-01-2021-06-30.csv,451673,-19978200,0,XBTUSD
2021-06-28 12:00:00,21800,7a19e824-9d8a-29bd-0f46-a2bac2242617,aoa-execution-2021-01-01-2021-06-30.csv,451674,21800,0,XBTUSD
2021-06-28 20:00:00,21800,4f17d246-a805-4d4d-e7ba-882cbd9363ef,aoa-execution-2021-01-01-2021-06-30.csv,451699,21800,0,XBTUSD
2021-06-29 04:00:00,21800,0807c951-487a-d225-6ee8-45d1f5d7a2ba,aoa-execution-2021-01-01-2021-06-30.csv,451701,21800,0,XBTUSD
2021-06-29 12:00:00,21800,c6d09ee5-7062-5661-579c-cdcd39c0fdef,aoa-execution-2021-01-01-2021-06-30.csv,451703,21800,0,XBTUSD
2021-06-29 20:00:00,21800,1cdb8f30-9e2f-2685-8e51-fa17745da6c0,aoa-execution-2021-01-01-2021-06-30.csv,451704,21800,0,XBTUSD
2021-06-30 04:00:00,21800,f7005580-d6e9-b0ba-2397-94da290d0350,aoa-execution-2021-01-01-2021-06-30.csv,451710,21800,0,XBTUSD
2021-06-30 12:00:00,21800,0a14e70d-f23a-452d-219d-25698030b609,aoa-execution-2021-01-01-2021-06-30.csv,453601,21800,0,XBTUSD
2021-06-30 20:00:00,21800,7cce632e-019a-eb22-069f-8e9c2c80f029,aoa-execution-2021-01-01-2021-06-30.csv,457604,21800,0,XBTUSD
2021-07-01 04:00:00,19690300,3b111475-9892-267d-3b64-a1f6b39ca1fe,aoa-execution-2021-07-01-2021-12-31.csv,2743,-19690300,0,XBTUSD
2021-07-01 12:00:00,6666000,e45ece1c-793b-1afc-e0c5-e9165526c703,aoa-execution-2021-07-01-2021-12-31.csv,3388,-6666000,0,XBTUSD
2021-07-01 20:00:00,334000,7d65d5a8-e3eb-5094-cfe4-0d34795bfffc,aoa-execution-2021-07-01-2021-12-31.csv,3390,334000,0,XBTUSD
2021-07-02 04:00:00,334000,40f06b43-f4d3-0b4d-3c36-8beff794789b,aoa-execution-2021-07-01-2021-12-31.csv,5287,334000,0,XBTUSD
2021-07-02 12:00:00,334000,ce29b621-7872-045b-fba0-a8a7e00f3f77,aoa-execution-2021-07-01-2021-12-31.csv,5889,334000,0,XBTUSD
2021-07-02 20:00:00,334000,07b7f9f8-6945-3763-1599-012ea0a761a6,aoa-execution-2021-07-01-2021-12-31.csv,5890,334000,0,XBTUSD
2021-07-03 04:00:00,334000,63930979-7143-683b-cb21-ef21f6238a7c,aoa-execution-2021-07-01-2021-12-31.csv,6120,334000,0,XBTUSD
2021-07-03 12:00:00,334000,1efd04d4-ff57-caaf-357f-7331bb56555b,aoa-execution-2021-07-01-2021-12-31.csv,5891,334000,0,XBTUSD
2021-07-03 20:00:00,17155300,b47e1bf6-6916-2e28-9dd9-b2e537f5ac6c,aoa-execution-2021-07-01-2021-12-31.csv,6121,17155300,0,XBTUSD
2021-07-04 04:00:00,12084800,1671e9f5-5c5e-486b-cfc3-400b9ae4c5d9,aoa-execution-2021-07-01-2021-12-31.csv,8978,12084800,0,XBTUSD
2021-07-04 12:00:00,5084800,7ae97d15-a16d-5387-7088-2a3d1c619002,aoa-execution-2021-07-01-2021-12-31.csv,8981,5084800,0,XBTUSD
2021-07-04 20:00:00,2596000,de7acf5f-d43f-2b0b-ff0b-affa388b1348,aoa-execution-2021-07-01-2021-12-31.csv,8980,2596000,0,XBTUSD
2021-07-05 04:00:00,2596000,2f0be74f-db62-abf7-82c9-35f2c69f72b3,aoa-execution-2021-07-01-2021-12-31.csv,10198,2596000,0,XBTUSD
2021-07-05 12:00:00,2477200,2c4d318e-9151-bb07-8238-e9ab074bed96,aoa-execution-2021-07-01-2021-12-31.csv,10671,2477200,0,XBTUSD
2021-07-05 20:00:00,10004000,a50cf5c2-3450-33e2-b94b-e4e4d7551da1,aoa-execution-2021-07-01-2021-12-31.csv,10201,-10004000,0,XBTUSD
2021-07-06 04:00:00,10004000,d4e3a654-9049-7426-939b-543524e42535,aoa-execution-2021-07-01-2021-12-31.csv,12469,-10004000,0,XBTUSD
2021-07-06 12:00:00,10004000,fb687c29-e2b4-cc2f-756f-13723e04c194,aoa-execution-2021-07-01-2021-12-31.csv,12474,-10004000,0,XBTUSD
2021-07-06 20:00:00,10004000,01f64823-cc31-8c30-519b-53bdfdbc6d72,aoa-execution-2021-07-01-2021-12-31.csv,12472,-10004000,0,XBTUSD
2021-07-07 04:00:00,10004000,0de5508b-cd66-0839-f96c-de320c403add,aoa-execution-2021-07-01-2021-12-31.csv,12475,-10004000,0,XBTUSD
2021-07-07 12:00:00,10004000,b60977ae-cc04-99b0-6b4a-2be1c18441ee,aoa-execution-2021-07-01-2021-12-31.csv,12544,-10004000,0,XBTUSD
2021-07-07 20:00:00,20004000,fd63470c-7578-740e-06be-8134f5261021,aoa-execution-2021-07-01-2021-12-31.csv,12689,-20004000,0,XBTUSD
2021-07-08 04:00:00,20004000,d5cb5ab4-b0f8-4820-fb0e-4523be948359,aoa-execution-2021-07-01-2021-12-31.csv,15518,-20004000,0,XBTUSD
2021-07-08 12:00:00,248000,824d8b50-b1f2-67c4-9952-aeab78e828b9,aoa-execution-2021-07-01-2021-12-31.csv,17590,-248000,0,XBTUSD
2021-07-08 20:00:00,248000,a3188010-456b-1246-546a-b1e6b64f1f56,aoa-execution-2021-07-01-2021-12-31.csv,15196,-248000,0,XBTUSD
2021-07-09 04:00:00,52000,e54ed46a-da5e-413d-cb55-eceb7d6b59a6,aoa-execution-2021-07-01-2021-12-31.csv,17825,52000,0,XBTUSD
2021-07-09 12:00:00,10052000,cd87f6ea-4890-6543-cceb-f8f8609fbcc3,aoa-execution-2021-07-01-2021-12-31.csv,18377,10052000,0,XBTUSD
2021-07-09 20:00:00,20016700,3897b533-0bc1-e44f-f87e-af2185b2d86d,aoa-execution-2021-07-01-2021-12-31.csv,19537,20016700,0,XBTUSD
2021-07-10 04:00:00,32555500,4a7e6193-59c4-272b-7fd4-22f69d57492c,aoa-execution-2021-07-01-2021-12-31.csv,20014,32555500,0,XBTUSD
2021-07-10 12:00:00,32555500,2a00f733-b195-9cba-5b2d-4c678d377087,aoa-execution-2021-07-01-2021-12-31.csv,19539,32555500,0,XBTUSD
2021-07-10 20:00:00,32555500,b4d3e60b-bd8c-a084-35e3-566c37a5161a,aoa-execution-2021-07-01-2021-12-31.csv,19538,32555500,0,XBTUSD
2021-07-11 04:00:00,32555500,7a095963-bb5e-3cde-0abf-a61e2489736f,aoa-execution-2021-07-01-2021-12-31.csv,20015,32555500,0,XBTUSD
2021-07-11 12:00:00,32555500,cd34f26e-2cc1-0005-4074-964b0e095863,aoa-execution-2021-07-01-2021-12-31.csv,20016,32555500,0,XBTUSD
2021-07-11 20:00:00,32555500,f5c1c289-81a8-15fe-9523-5254d80af644,aoa-execution-2021-07-01-2021-12-31.csv,20017,32555500,0,XBTUSD
2021-07-12 04:00:00,32555500,e66ba021-faa0-7b3b-c2c7-6ba8d6a47065,aoa-execution-2021-07-01-2021-12-31.csv,21461,32555500,0,XBTUSD
2021-07-12 12:00:00,32555500,3421714b-33d5-e7de-0e9b-4d87ee82524c,aoa-execution-2021-07-01-2021-12-31.csv,21641,32555500,0,XBTUSD
2021-07-12 20:00:00,32555500,713375d1-f2ff-9128-c035-a1a94c92eb39,aoa-execution-2021-07-01-2021-12-31.csv,20523,32555500,0,XBTUSD
2021-07-13 04:00:00,22514700,79fb1fff-dcf1-4814-d101-7261bef93323,aoa-execution-2021-07-01-2021-12-31.csv,22398,-22514700,0,XBTUSD
2021-07-13 12:00:00,42514700,667ca121-a0cc-fe7f-2ad4-26725301c979,aoa-execution-2021-07-01-2021-12-31.csv,22399,-42514700,0,XBTUSD
2021-07-13 20:00:00,42514700,38436c8a-988a-80f3-f6f1-952df006790b,aoa-execution-2021-07-01-2021-12-31.csv,22239,-42514700,0,XBTUSD
2021-07-14 04:00:00,38021200,4e7224c8-ba38-bcb7-85b5-028d2427775d,aoa-execution-2021-07-01-2021-12-31.csv,22489,-38021200,0,XBTUSD
2021-07-14 12:00:00,33021200,2ba0b766-06eb-4f38-dd41-58c29d43db55,aoa-execution-2021-07-01-2021-12-31.csv,22487,-33021200,0,XBTUSD
2021-07-14 20:00:00,33021200,643ed752-4bf2-dff3-924a-31a52c7caada,aoa-execution-2021-07-01-2021-12-31.csv,22488,-33021200,0,XBTUSD
2021-07-15 04:00:00,33021200,7de9c294-5567-c5a7-b1c8-b7f3b139b244,aoa-execution-2021-07-01-2021-12-31.csv,22661,-33021200,0,XBTUSD
2021-07-15 12:00:00,33021200,46410abf-87c5-fa2a-1db6-4eac500d3ca4,aoa-execution-2021-07-01-2021-12-31.csv,22662,-33021200,0,XBTUSD
2021-07-15 20:00:00,23021200,869c851f-5dc6-1ff4-0d96-7ea28ba8630f,aoa-execution-2021-07-01-2021-12-31.csv,22490,-23021200,0,XBTUSD
2021-07-16 04:00:00,23021200,a9be3c73-8604-bb43-3e42-b4389ea809a8,aoa-execution-2021-07-01-2021-12-31.csv,22663,-23021200,0,XBTUSD
2021-07-16 12:00:00,23021200,1e0efb53-c59e-3b21-707f-93009b9e0aff,aoa-execution-2021-07-01-2021-12-31.csv,22665,-23021200,0,XBTUSD
2021-07-16 20:00:00,23021200,3f3558c0-80f8-20e4-9fb6-a0fdf0cf4f87,aoa-execution-2021-07-01-2021-12-31.csv,22664,-23021200,0,XBTUSD
2021-07-17 04:00:00,23021200,0225cde3-754f-bb48-badc-3485f2eb5b0b,aoa-execution-2021-07-01-2021-12-31.csv,22667,-23021200,0,XBTUSD
2021-07-17 12:00:00,23021200,3647e5d9-740d-b483-cfff-bebf618e39cf,aoa-execution-2021-07-01-2021-12-31.csv,22666,-23021200,0,XBTUSD
2021-07-17 20:00:00,23021200,c4552d5d-b489-9f0f-ce57-c70c32ea6f36,aoa-execution-2021-07-01-2021-12-31.csv,22668,-23021200,0,XBTUSD
2021-07-18 04:00:00,13021200,30e4baa3-3394-7a00-9c80-662e74011b68,aoa-execution-2021-07-01-2021-12-31.csv,22669,-13021200,0,XBTUSD
2021-07-18 12:00:00,13021200,0929de43-354e-b5ca-d5f9-851a0a66e622,aoa-execution-2021-07-01-2021-12-31.csv,22671,-13021200,0,XBTUSD
2021-07-18 20:00:00,13021200,f2fc9120-1149-d16d-c9c0-18ade148cabc,aoa-execution-2021-07-01-2021-12-31.csv,22670,-13021200,0,XBTUSD
2021-07-19 04:00:00,13021200,44a6a3c3-249b-cc0c-ea80-086ebc6f80a8,aoa-execution-2021-07-01-2021-12-31.csv,23272,-13021200,0,XBTUSD
2021-07-19 12:00:00,13021200,bcfd082e-beb3-4f96-1065-5e305e26580b,aoa-execution-2021-07-01-2021-12-31.csv,23273,-13021200,0,XBTUSD
2021-07-19 20:00:00,13021200,cf57d388-0014-1f5a-1e58-e6b3dec22c5c,aoa-execution-2021-07-01-2021-12-31.csv,23271,-13021200,0,XBTUSD
2021-07-20 04:00:00,13021200,ec2c62cf-7ac1-dfae-76de-739e03fed00f,aoa-execution-2021-07-01-2021-12-31.csv,23276,-13021200,0,XBTUSD
2021-07-20 12:00:00,13021200,210c4d8b-5ee9-3600-b4a4-bbc458f0d1e0,aoa-execution-2021-07-01-2021-12-31.csv,23275,-13021200,0,XBTUSD
2021-07-20 20:00:00,13021200,d92feb51-f562-e046-b4f7-16406dbb01d1,aoa-execution-2021-07-01-2021-12-31.csv,23274,-13021200,0,XBTUSD
2021-07-21 04:00:00,13021200,0c7efcc3-84ac-8069-de23-0eb4c21841f5,aoa-execution-2021-07-01-2021-12-31.csv,23279,-13021200,0,XBTUSD
2021-07-21 12:00:00,13021200,01fce02b-f03a-b47b-3750-9415602b7c5f,aoa-execution-2021-07-01-2021-12-31.csv,23278,-13021200,0,XBTUSD
2021-07-21 20:00:00,13021200,6cceb341-c215-7306-5211-3b7a9adbd655,aoa-execution-2021-07-01-2021-12-31.csv,23277,-13021200,0,XBTUSD
2021-07-22 04:00:00,21200,a372f4a1-c187-fc38-cc51-b87a097d9df5,aoa-execution-2021-07-01-2021-12-31.csv,24535,-21200,0,XBTUSD
2021-07-22 12:00:00,20008800,b9adebc9-4700-0f38-e7af-0ee043225de5,aoa-execution-2021-07-01-2021-12-31.csv,24534,20008800,0,XBTUSD
2021-07-22 20:00:00,8800,ebec0839-b67f-2870-f2ed-94a0b3aaf85b,aoa-execution-2021-07-01-2021-12-31.csv,24580,8800,0,XBTUSD
2021-07-23 04:00:00,8800,a0ba99e8-5822-e3ad-c2fe-50850eb2e70f,aoa-execution-2021-07-01-2021-12-31.csv,24582,8800,0,XBTUSD
2021-07-23 12:00:00,8800,03c3d8c5-1400-46b7-d0b3-50fb0511327b,aoa-execution-2021-07-01-2021-12-31.csv,24809,8800,0,XBTUSD
2021-07-23 20:00:00,11108600,53d1faad-092a-f989-4ed2-4509eb1722eb,aoa-execution-2021-07-01-2021-12-31.csv,24581,11108600,0,XBTUSD
2021-07-24 04:00:00,11108600,2180600c-ff24-278f-e16c-faad79964a4c,aoa-execution-2021-07-01-2021-12-31.csv,24812,11108600,0,XBTUSD
2021-07-24 12:00:00,11108600,fe05d1cb-106e-f43a-a5c6-0de1ca4f96bf,aoa-execution-2021-07-01-2021-12-31.csv,24810,11108600,0,XBTUSD
2021-07-24 20:00:00,11108600,59207355-199b-fb48-b256-274f39ee2a90,aoa-execution-2021-07-01-2021-12-31.csv,24811,11108600,0,XBTUSD
2021-07-25 04:00:00,11108600,c2d801a5-f7fd-6057-b822-7433416fde8b,aoa-execution-2021-07-01-2021-12-31.csv,24814,11108600,0,XBTUSD
2021-07-25 12:00:00,10534800,ca72993f-8851-647e-07ca-e43a9422d0ae,aoa-execution-2021-07-01-2021-12-31.csv,24815,10534800,0,XBTUSD
2021-07-25 20:00:00,10534800,9bbb4d44-7225-9aaf-2713-b1cc79b0a7e7,aoa-execution-2021-07-01-2021-12-31.csv,24813,10534800,0,XBTUSD
2021-07-26 04:00:00,108600,3fd12dac-9fb6-0760-28c5-ffb3a8bec279,aoa-execution-2021-07-01-2021-12-31.csv,32015,108600,0,XBTUSD
2021-07-26 12:00:00,20001400,2763abb2-29e5-55d4-0bee-a64b60a4ddde,aoa-execution-2021-07-01-2021-12-31.csv,26867,-20001400,0,XBTUSD
2021-07-26 20:00:00,42461500,8c3f989d-f935-36aa-4405-0c89134cf055,aoa-execution-2021-07-01-2021-12-31.csv,31598,-42461500,0,XBTUSD
2021-07-27 04:00:00,2461500,6eaa4a32-ba6d-60ad-ef54-be38d302bb87,aoa-execution-2021-07-01-2021-12-31.csv,36753,-2461500,0,XBTUSD
2021-07-27 12:00:00,71043900,7d26723e-e45a-be46-d2c9-280796965097,aoa-execution-2021-07-01-2021-12-31.csv,34490,-71043900,0,XBTUSD
2021-07-27 20:00:00,29653600,1d7c9dd4-b0f1-21a3-16c9-78f0411d3d7d,aoa-execution-2021-07-01-2021-12-31.csv,35621,-29653600,0,XBTUSD
2021-07-28 04:00:00,82688100,8aa1c079-4445-0df8-9e69-02526648bf4e,aoa-execution-2021-07-01-2021-12-31.csv,38415,-82688100,0,XBTUSD
2021-07-28 12:00:00,72629600,52522bfe-2141-a692-ec76-7615a3c32080,aoa-execution-2021-07-01-2021-12-31.csv,38289,-72629600,0,XBTUSD
2021-07-28 20:00:00,63345200,e486daff-e7ac-80ba-3c57-d30e3ddac02d,aoa-execution-2021-07-01-2021-12-31.csv,37497,-63345200,0,XBTUSD
2021-07-29 04:00:00,63345200,fb42e47c-e4b7-ceb0-a5e1-f1aa11d49510,aoa-execution-2021-07-01-2021-12-31.csv,39032,-63345200,0,XBTUSD
2021-07-29 12:00:00,63345200,16b77e5b-c178-007e-99b4-9ce1fa660f90,aoa-execution-2021-07-01-2021-12-31.csv,39029,-63345200,0,XBTUSD
2021-07-29 20:00:00,63345200,7c10f7b4-bd3c-cc7b-97ad-c1ecde99fef0,aoa-execution-2021-07-01-2021-12-31.csv,39034,-63345200,0,XBTUSD
2021-07-30 04:00:00,63345200,fafb8c4a-ef51-83dd-e539-c8b411ccfc22,aoa-execution-2021-07-01-2021-12-31.csv,39961,-63345200,0,XBTUSD
2021-07-30 12:00:00,43345200,b7085093-59f3-6875-3464-c1fa16cb63ab,aoa-execution-2021-07-01-2021-12-31.csv,39710,-43345200,0,XBTUSD
2021-07-30 20:00:00,43345200,38b5b82c-f934-9af5-96d5-63756cd12660,aoa-execution-2021-07-01-2021-12-31.csv,39036,-43345200,0,XBTUSD
2021-07-31 04:00:00,39915800,b0f4a0fb-fdb1-7576-4410-eef323de702f,aoa-execution-2021-07-01-2021-12-31.csv,39967,-39915800,0,XBTUSD
2021-07-31 12:00:00,39915800,7afa0f4f-56ab-532f-ab53-a4457f16f6ea,aoa-execution-2021-07-01-2021-12-31.csv,39963,-39915800,0,XBTUSD
2021-07-31 20:00:00,39915800,8ba87a92-41e3-71ea-9af8-f90a8a0a6114,aoa-execution-2021-07-01-2021-12-31.csv,39965,-39915800,0,XBTUSD
2021-08-01 04:00:00,39915800,61b5e2a0-7974-2bac-a1ad-64284d682332,aoa-execution-2021-07-01-2021-12-31.csv,40093,-39915800,0,XBTUSD
2021-08-01 12:00:00,39915800,ceccb0ad-a575-e2cc-d019-ac8a50111f14,aoa-execution-2021-07-01-2021-12-31.csv,39968,-39915800,0,XBTUSD
2021-08-01 20:00:00,42496800,68bd3758-dada-6848-2534-6b64aca5bb88,aoa-execution-2021-07-01-2021-12-31.csv,40090,-42496800,0,XBTUSD
2021-08-02 04:00:00,42496800,0ec63fa4-66ce-8c34-459a-13aa404c6f8f,aoa-execution-2021-07-01-2021-12-31.csv,41365,-42496800,0,XBTUSD
2021-08-02 12:00:00,36292900,a679f944-ceab-747c-c925-7c7200f410fb,aoa-execution-2021-07-01-2021-12-31.csv,44108,-36292900,0,XBTUSD
2021-08-02 20:00:00,6800,ffa6a5d3-df2e-bf1c-8ecd-bbb13f1dea25,aoa-execution-2021-07-01-2021-12-31.csv,41543,-6800,0,XBTUSD
2021-08-03 04:00:00,6800,3633c9c2-67f6-9ff7-4038-176ead571ea3,aoa-execution-2021-07-01-2021-12-31.csv,47023,-6800,0,XBTUSD
2021-08-03 12:00:00,34261300,ec162f6b-7dd4-8068-5b9b-f618cca8d9d7,aoa-execution-2021-07-01-2021-12-31.csv,52128,34261300,0,XBTUSD
2021-08-03 20:00:00,40261300,01cf8b6d-210d-c649-2b59-01e00ba3069a,aoa-execution-2021-07-01-2021-12-31.csv,52127,40261300,0,XBTUSD
2021-08-04 04:00:00,40261300,35ccdc2d-007e-2fda-1698-25077bad4139,aoa-execution-2021-07-01-2021-12-31.csv,52333,40261300,0,XBTUSD
2021-08-04 12:00:00,40261300,adb9d4f9-f17e-681f-4fc4-96ee8d153d4d,aoa-execution-2021-07-01-2021-12-31.csv,52151,40261300,0,XBTUSD
2021-08-04 20:00:00,30261300,7c1c714c-58e6-3765-5213-ae9ee4b4762e,aoa-execution-2021-07-01-2021-12-31.csv,52152,30261300,0,XBTUSD
2021-08-05 04:00:00,29750900,c97379f6-882c-6c32-4d3a-55f94b524e30,aoa-execution-2021-07-01-2021-12-31.csv,53028,29750900,0,XBTUSD
2021-08-05 12:00:00,29750900,6a65cf48-02c8-3f5a-7a28-e99c0f39799e,aoa-execution-2021-07-01-2021-12-31.csv,53027,29750900,0,XBTUSD
2021-08-05 20:00:00,20249100,e2c720b2-0b66-802d-561c-fb0de77a9e05,aoa-execution-2021-07-01-2021-12-31.csv,52931,-20249100,0,XBTUSD
2021-08-06 04:00:00,9174100,0fa3f644-2926-762f-994f-4dfe4bc05ab8,aoa-execution-2021-07-01-2021-12-31.csv,53500,-9174100,0,XBTUSD
2021-08-06 12:00:00,10813500,854ba64f-c13c-0b3e-0ed7-71cf0f1958c8,aoa-execution-2021-07-01-2021-12-31.csv,53367,10813500,0,XBTUSD
2021-08-06 20:00:00,13500,d35eb827-8e94-bf0a-6b5a-bfee3dac6662,aoa-execution-2021-07-01-2021-12-31.csv,53366,13500,0,XBTUSD
2021-08-07 04:00:00,13500,9dbd1985-f072-d90e-14bf-1672d14d6633,aoa-execution-2021-07-01-2021-12-31.csv,56741,13500,0,XBTUSD
2021-08-07 12:00:00,37631900,95e83616-8178-21e0-312e-108a69f6fe1e,aoa-execution-2021-07-01-2021-12-31.csv,61648,-37631900,0,XBTUSD
2021-08-07 20:00:00,36349000,83dfee68-53ac-d134-53c9-ea7444cbc5b1,aoa-execution-2021-07-01-2021-12-31.csv,54105,-36349000,0,XBTUSD
2021-08-08 04:00:00,70174900,97a9d3e9-0d76-8cfa-a4a0-5207ac2bf8ad,aoa-execution-2021-07-01-2021-12-31.csv,69063,-70174900,0,XBTUSD
2021-08-08 12:00:00,70174900,1fb1287f-7ee7-de36-05fc-c9a8245f6469,aoa-execution-2021-07-01-2021-12-31.csv,64817,-70174900,0,XBTUSD
2021-08-08 20:00:00,277300,3c220342-a43a-46cd-a734-f2b64b2e0d9d,aoa-execution-2021-07-01-2021-12-31.csv,70310,-277300,0,XBTUSD
2021-08-09 04:00:00,15277300,ed71f8b0-2598-f49f-dac8-e83ee98963a7,aoa-execution-2021-07-01-2021-12-31.csv,80947,-15277300,0,XBTUSD
2021-08-09 12:00:00,54162400,1fba3657-cce5-939d-deca-7d827d58282e,aoa-execution-2021-07-01-2021-12-31.csv,76823,-54162400,0,XBTUSD
2021-08-09 20:00:00,79092400,11b0d119-ddcf-cd95-6b93-a5cf878c2d4f,aoa-execution-2021-07-01-2021-12-31.csv,81583,-79092400,0,XBTUSD
2021-08-10 04:00:00,61420800,2383c1a3-6692-5518-e4c7-3d2775f7bf75,aoa-execution-2021-07-01-2021-12-31.csv,85548,-61420800,0,XBTUSD
2021-08-10 12:00:00,59100200,893ff42c-1d82-0a0a-83a8-76d7ac9e0fc5,aoa-execution-2021-07-01-2021-12-31.csv,83764,-59100200,0,XBTUSD
2021-08-10 20:00:00,85169400,d3cab287-2245-dfe3-551e-02338dcb5d8c,aoa-execution-2021-07-01-2021-12-31.csv,87522,-85169400,0,XBTUSD
2021-08-11 04:00:00,85169400,3934e68f-eef4-18bf-b7ac-04327546702f,aoa-execution-2021-07-01-2021-12-31.csv,89091,-85169400,0,XBTUSD
2021-08-11 12:00:00,85169400,14c57192-e54c-f4fe-b1db-af246e22990b,aoa-execution-2021-07-01-2021-12-31.csv,88940,-85169400,0,XBTUSD
2021-08-11 20:00:00,85169400,3e5f1e8b-ccc4-4533-e861-c7258d3e8b8b,aoa-execution-2021-07-01-2021-12-31.csv,89093,-85169400,0,XBTUSD
2021-08-12 04:00:00,85169400,e8ff645c-e79b-dd4d-7928-c373a2e6e756,aoa-execution-2021-07-01-2021-12-31.csv,92190,-85169400,0,XBTUSD
2021-08-12 12:00:00,52823700,c5217310-66a7-89f5-263d-78cedaadb9b9,aoa-execution-2021-07-01-2021-12-31.csv,89265,-52823700,0,XBTUSD
2021-08-12 20:00:00,5569900,a1f8b151-aedc-fb76-a9ce-082b6c076669,aoa-execution-2021-07-01-2021-12-31.csv,92366,5569900,0,XBTUSD
2021-08-13 04:00:00,17656700,38a28c22-2d3d-4325-9e98-f80b2df6bd7d,aoa-execution-2021-07-01-2021-12-31.csv,95485,-17656700,0,XBTUSD
2021-08-13 12:00:00,44430100,ccd1e1e4-0e79-0c87-ffe1-08a5ef7a767c,aoa-execution-2021-07-01-2021-12-31.csv,96160,-44430100,0,XBTUSD
2021-08-13 20:00:00,54430100,4c943264-1c32-308d-7b79-352133a662be,aoa-execution-2021-07-01-2021-12-31.csv,93074,-54430100,0,XBTUSD
2021-08-14 04:00:00,54430100,3550941d-feab-2ebe-6749-8df16d491cce,aoa-execution-2021-07-01-2021-12-31.csv,97478,-54430100,0,XBTUSD
2021-08-14 12:00:00,55539500,f11fbe7e-3b03-1f44-362d-36a8c3e59384,aoa-execution-2021-07-01-2021-12-31.csv,97476,-55539500,0,XBTUSD
2021-08-14 20:00:00,65539500,af0203e5-03c3-b7f4-acc3-3ed04f6379d3,aoa-execution-2021-07-01-2021-12-31.csv,96938,-65539500,0,XBTUSD
2021-08-15 04:00:00,65539500,ba6f151e-89fd-ef7c-7fcf-ffbe52d7100d,aoa-execution-2021-07-01-2021-12-31.csv,97494,-65539500,0,XBTUSD
2021-08-15 12:00:00,65039500,a014d082-4a5f-74e2-ca08-5e6b4c154c69,aoa-execution-2021-07-01-2021-12-31.csv,97480,-65039500,0,XBTUSD
2021-08-15 20:00:00,65039500,b75a4baf-896b-2823-ba29-4a4ea9032fd0,aoa-execution-2021-07-01-2021-12-31.csv,97496,-65039500,0,XBTUSD
2021-08-16 04:00:00,65039500,ead32f69-f060-f5d0-3425-d2bfe0f20143,aoa-execution-2021-07-01-2021-12-31.csv,97498,-65039500,0,XBTUSD
2021-08-16 12:00:00,65039500,84208557-c941-8f0a-be8d-06f671516a4e,aoa-execution-2021-07-01-2021-12-31.csv,97500,-65039500,0,XBTUSD
2021-08-16 20:00:00,65039500,cefffa21-7351-5599-322c-07c7ff915de8,aoa-execution-2021-07-01-2021-12-31.csv,97502,-65039500,0,XBTUSD
2021-08-17 04:00:00,70039500,b19e21c7-021a-f256-36d8-9639045c922f,aoa-execution-2021-07-01-2021-12-31.csv,98610,-70039500,0,XBTUSD
2021-08-17 12:00:00,70039500,c41da4fc-ad20-e35c-3d8c-9f57098a9d94,aoa-execution-2021-07-01-2021-12-31.csv,97503,-70039500,0,XBTUSD
2021-08-17 20:00:00,60039500,9282e842-e5d5-eb0f-6c99-21dd7fb4834b,aoa-execution-2021-07-01-2021-12-31.csv,97661,-60039500,0,XBTUSD
2021-08-18 04:00:00,15051400,26722ada-1735-0b6b-8a00-9492b5f5169b,aoa-execution-2021-07-01-2021-12-31.csv,101590,-15051400,0,XBTUSD
2021-08-18 12:00:00,34627600,cfd6f650-67d7-50c2-2fb5-7be0d9b30fb0,aoa-execution-2021-07-01-2021-12-31.csv,108594,-34627600,0,XBTUSD
2021-08-18 20:00:00,1200,018e7a50-28e7-cd01-8053-7b3a7d57772d,aoa-execution-2021-07-01-2021-12-31.csv,105326,1200,0,XBTUSD
2021-08-19 04:00:00,34543100,42c2a7d9-bf05-0864-0b3b-0f0204779580,aoa-execution-2021-07-01-2021-12-31.csv,112187,34543100,0,XBTUSD
2021-08-19 12:00:00,50003100,65e67af4-85d2-e405-d766-6d34022708d4,aoa-execution-2021-07-01-2021-12-31.csv,112450,50003100,0,XBTUSD
2021-08-19 20:00:00,50003100,a59fff29-7c2e-a731-999a-30659432b29c,aoa-execution-2021-07-01-2021-12-31.csv,111381,50003100,0,XBTUSD
2021-08-20 04:00:00,30003100,eace7062-baaf-b581-f4fe-c43a83948fa3,aoa-execution-2021-07-01-2021-12-31.csv,112766,30003100,0,XBTUSD
2021-08-20 12:00:00,45003100,186a41f5-7bfd-4560-93f5-a6d68e3564a0,aoa-execution-2021-07-01-2021-12-31.csv,113213,45003100,0,XBTUSD
2021-08-20 20:00:00,40003100,6426ec3b-3f66-a3c9-3b38-a88585d0a6c3,aoa-execution-2021-07-01-2021-12-31.csv,112961,40003100,0,XBTUSD
2021-08-21 04:00:00,40003100,004c218d-67fd-b0f2-0f6f-ccd94914929d,aoa-execution-2021-07-01-2021-12-31.csv,113656,40003100,0,XBTUSD
2021-08-21 12:00:00,40003100,2fd5b5cd-86a8-4837-6d88-92a0599e111b,aoa-execution-2021-07-01-2021-12-31.csv,113654,40003100,0,XBTUSD
2021-08-21 20:00:00,40003100,03abd8cd-7463-bf61-38fb-75fbd0ec202a,aoa-execution-2021-07-01-2021-12-31.csv,113655,40003100,0,XBTUSD
2021-08-22 04:00:00,40003100,75037e4d-dd42-7123-0354-10454d258e67,aoa-execution-2021-07-01-2021-12-31.csv,113657,40003100,0,XBTUSD
2021-08-22 12:00:00,40003100,19f97980-f3c0-2535-5a02-a6e41f8d1046,aoa-execution-2021-07-01-2021-12-31.csv,113814,40003100,0,XBTUSD
2021-08-22 20:00:00,50003100,ed526831-4ef3-9229-2673-c148b3a29c7e,aoa-execution-2021-07-01-2021-12-31.csv,113979,50003100,0,XBTUSD
2021-08-23 04:00:00,50003100,e508c4ac-54a7-9756-b144-64d5450bdcf6,aoa-execution-2021-07-01-2021-12-31.csv,114263,50003100,0,XBTUSD
2021-08-23 12:00:00,50003100,924a7455-795d-faa6-4b60-be4c1cb31fb8,aoa-execution-2021-07-01-2021-12-31.csv,114365,50003100,0,XBTUSD
2021-08-23 20:00:00,40003100,ca96fdb7-3261-eb48-0a35-2d80d269970b,aoa-execution-2021-07-01-2021-12-31.csv,114262,40003100,0,XBTUSD
2021-08-24 04:00:00,40003100,71251827-d9bd-f3d2-18b4-b84ba40b7705,aoa-execution-2021-07-01-2021-12-31.csv,116937,40003100,0,XBTUSD
2021-08-24 12:00:00,60003100,10f05591-ada1-8e6c-ff15-39b818c69ddc,aoa-execution-2021-07-01-2021-12-31.csv,116205,60003100,0,XBTUSD
2021-08-24 20:00:00,70052600,3f85a1da-37fc-543d-c8ff-c8e2c5e3a0a6,aoa-execution-2021-07-01-2021-12-31.csv,117990,70052600,0,XBTUSD
2021-08-25 04:00:00,70052600,351b9329-ec3b-34d4-3949-c76045885319,aoa-execution-2021-07-01-2021-12-31.csv,117991,70052600,0,XBTUSD
2021-08-25 12:00:00,60052600,f2e7017a-f3b5-3f19-a48d-aa0f394df81a,aoa-execution-2021-07-01-2021-12-31.csv,119426,60052600,0,XBTUSD
2021-08-25 20:00:00,40052600,ea8eea2a-9fc9-4abf-f0a2-8f2d60c28f8b,aoa-execution-2021-07-01-2021-12-31.csv,119890,40052600,0,XBTUSD
2021-08-26 04:00:00,26781900,3af72076-a133-1f8e-376c-59fd5ee9ac49,aoa-execution-2021-07-01-2021-12-31.csv,124629,26781900,0,XBTUSD
2021-08-26 12:00:00,70000000,0bd76a3c-2456-6ac6-50fe-8e23a8702be5,aoa-execution-2021-07-01-2021-12-31.csv,121563,70000000,0,XBTUSD
2021-08-26 20:00:00,70000000,ffefe4eb-0ac0-b263-0a01-1389df430821,aoa-execution-2021-07-01-2021-12-31.csv,121564,70000000,0,XBTUSD
2021-08-27 04:00:00,70000000,c2765dea-eb31-3d8b-0efc-39f015a6ece5,aoa-execution-2021-07-01-2021-12-31.csv,125936,70000000,0,XBTUSD
2021-08-27 12:00:00,70000000,ed16b719-a418-fdd6-8c91-468c84cafc61,aoa-execution-2021-07-01-2021-12-31.csv,126779,70000000,0,XBTUSD
2021-08-27 20:00:00,50000000,788cb13f-08cf-a132-1409-f7771d87de40,aoa-execution-2021-07-01-2021-12-31.csv,127119,50000000,0,XBTUSD
2021-08-28 04:00:00,50000000,88d1e66e-16ba-7b60-6c64-0201dc1c3fc0,aoa-execution-2021-07-01-2021-12-31.csv,128144,50000000,0,XBTUSD
2021-08-28 12:00:00,50000000,726604e4-2975-dfee-f3ee-16ea1d3ec5e9,aoa-execution-2021-07-01-2021-12-31.csv,128142,50000000,0,XBTUSD
2021-08-28 20:00:00,50000000,a0612e67-2871-5e9e-5067-c20e1448e886,aoa-execution-2021-07-01-2021-12-31.csv,128140,50000000,0,XBTUSD
2021-08-29 04:00:00,50000000,54d97ec2-dce5-16f1-7038-bcaf22821b5c,aoa-execution-2021-07-01-2021-12-31.csv,128227,50000000,0,XBTUSD
2021-08-29 12:00:00,50000000,935ac9be-d293-2ab7-80b6-d92b99305473,aoa-execution-2021-07-01-2021-12-31.csv,128146,50000000,0,XBTUSD
2021-08-29 20:00:00,50000000,7fb21d50-28ad-009b-863d-31c06f0d88bb,aoa-execution-2021-07-01-2021-12-31.csv,129241,50000000,0,XBTUSD
2021-08-30 04:00:00,60000000,5b0e896e-7470-12e9-31e0-bcf632949576,aoa-execution-2021-07-01-2021-12-31.csv,129244,60000000,0,XBTUSD
2021-08-30 12:00:00,60000000,9c529144-36ba-b23e-900b-b0fd25308d30,aoa-execution-2021-07-01-2021-12-31.csv,130724,60000000,0,XBTUSD
2021-08-30 20:00:00,60000000,eaab5a27-17f9-b738-6750-42499a8e104c,aoa-execution-2021-07-01-2021-12-31.csv,129243,60000000,0,XBTUSD
2021-08-31 04:00:00,60000000,b641e875-7a62-ab1c-2c34-a634cc704208,aoa-execution-2021-07-01-2021-12-31.csv,130779,60000000,0,XBTUSD
2021-08-31 12:00:00,40000000,9edacfc9-9e85-318f-6b31-f0bc23d836cf,aoa-execution-2021-07-01-2021-12-31.csv,130777,40000000,0,XBTUSD
2021-08-31 20:00:00,40000000,42431efa-ac55-d9b7-39e0-180557bf8efe,aoa-execution-2021-07-01-2021-12-31.csv,130778,40000000,0,XBTUSD
2021-09-01 04:00:00,40000000,fd0ce4ce-2e7c-b847-f165-2d5f6be3ea81,aoa-execution-2021-07-01-2021-12-31.csv,131708,40000000,0,XBTUSD
2021-09-01 12:00:00,40000000,e54b6c2b-2265-16a4-78fb-84c54681b39f,aoa-execution-2021-07-01-2021-12-31.csv,131709,40000000,0,XBTUSD
2021-09-01 20:00:00,40000000,37034318-db2b-acc7-5297-3bb3abc1d523,aoa-execution-2021-07-01-2021-12-31.csv,131710,40000000,0,XBTUSD
2021-09-02 04:00:00,50000000,ed557efa-47c6-5da1-c977-720c459bc995,aoa-execution-2021-07-01-2021-12-31.csv,133569,50000000,0,XBTUSD
2021-09-02 12:00:00,50000000,f74ee8a9-455f-6a80-40b9-52ab2a7e12ad,aoa-execution-2021-07-01-2021-12-31.csv,133422,50000000,0,XBTUSD
2021-09-02 20:00:00,60000000,73106b6b-049c-2257-c4dd-8a191910c14a,aoa-execution-2021-07-01-2021-12-31.csv,132271,60000000,0,XBTUSD
2021-09-03 04:00:00,70000000,be6b9637-6f9f-469a-474a-11c6facbff23,aoa-execution-2021-07-01-2021-12-31.csv,134391,70000000,0,XBTUSD
2021-09-03 12:00:00,70000000,e6e7b682-3a75-d38b-d1bd-47538297ff66,aoa-execution-2021-07-01-2021-12-31.csv,135715,70000000,0,XBTUSD
2021-09-03 20:00:00,60593700,7b26c179-5fc2-96a5-41c2-348fb2afbc59,aoa-execution-2021-07-01-2021-12-31.csv,136085,60593700,0,XBTUSD
2021-09-04 04:00:00,70593700,5d26ef78-f696-851b-697b-c55d46705355,aoa-execution-2021-07-01-2021-12-31.csv,136240,70593700,0,XBTUSD
2021-09-04 12:00:00,70593700,759c84cd-53fe-2e93-e856-ccb15adeb2ff,aoa-execution-2021-07-01-2021-12-31.csv,136241,70593700,0,XBTUSD
2021-09-04 20:00:00,70593700,f7d285c0-aa7d-f74e-11fb-e9bfd33d1cf3,aoa-execution-2021-07-01-2021-12-31.csv,136243,70593700,0,XBTUSD
2021-09-05 04:00:00,70593700,755fd901-17e6-af20-674b-d2d862f99120,aoa-execution-2021-07-01-2021-12-31.csv,136246,70593700,0,XBTUSD
2021-09-05 12:00:00,70593700,239f6a79-da8a-d89f-d52b-1554b316c8a6,aoa-execution-2021-07-01-2021-12-31.csv,136250,70593700,0,XBTUSD
2021-09-05 20:00:00,70593700,9d85b03e-cfc2-682d-629f-054321d0aa66,aoa-execution-2021-07-01-2021-12-31.csv,136248,70593700,0,XBTUSD
2021-09-06 04:00:00,70593700,aaf76202-3208-f98f-a67f-791e204ad8e0,aoa-execution-2021-07-01-2021-12-31.csv,138729,70593700,0,XBTUSD
2021-09-06 12:00:00,50593700,2ead4b9b-39bd-732f-60e7-c57df8c19180,aoa-execution-2021-07-01-2021-12-31.csv,138321,50593700,0,XBTUSD
2021-09-06 20:00:00,657700,882f078b-8343-7d31-fef7-b2eaea05ec7e,aoa-execution-2021-07-01-2021-12-31.csv,137519,657700,0,XBTUSD
2021-09-07 04:00:00,657700,d8eb5d71-64df-fd11-0668-b8f03b639d45,aoa-execution-2021-07-01-2021-12-31.csv,145391,657700,0,XBTUSD
2021-09-07 12:00:00,29780200,d59e4f6b-6e15-2d7d-00f2-fde3e2a56119,aoa-execution-2021-07-01-2021-12-31.csv,143742,-29780200,0,XBTUSD
2021-09-07 20:00:00,40863200,793e6537-8e9f-bda3-88c1-c49752d6c1db,aoa-execution-2021-07-01-2021-12-31.csv,143744,40863200,0,XBTUSD
2021-09-08 04:00:00,40863200,c9d96f25-6d14-2430-e16b-e213ec41da62,aoa-execution-2021-07-01-2021-12-31.csv,145528,40863200,0,XBTUSD
2021-09-08 12:00:00,50863200,5b152d39-ad9a-aef8-eda9-9eff8b121544,aoa-execution-2021-07-01-2021-12-31.csv,145552,50863200,0,XBTUSD
2021-09-08 20:00:00,50863200,435ed4fa-45dd-d821-731d-16efb6e21d83,aoa-execution-2021-07-01-2021-12-31.csv,145554,50863200,0,XBTUSD
2021-09-09 04:00:00,70012100,f74fb73d-309a-c059-f664-90f239fbb0af,aoa-execution-2021-07-01-2021-12-31.csv,145674,70012100,0,XBTUSD
2021-09-09 12:00:00,70012100,2f77f604-b336-4d98-ac2a-61cac66cb2e7,aoa-execution-2021-07-01-2021-12-31.csv,145676,70012100,0,XBTUSD
2021-09-09 20:00:00,50012100,5a466f4b-cbc1-b56e-c224-ca62dabd4d63,aoa-execution-2021-07-01-2021-12-31.csv,145671,50012100,0,XBTUSD
2021-09-10 04:00:00,50012100,a8732a01-ce32-6e3c-2454-c6a934314c24,aoa-execution-2021-07-01-2021-12-31.csv,146225,50012100,0,XBTUSD
2021-09-10 12:00:00,50012100,f3b52fbe-8167-43df-49d0-c3ad3d29ec72,aoa-execution-2021-07-01-2021-12-31.csv,146222,50012100,0,XBTUSD
2021-09-10 20:00:00,44166300,4b30224c-0cb3-2bcc-0349-95181dd44958,aoa-execution-2021-07-01-2021-12-31.csv,146224,44166300,0,XBTUSD
2021-09-11 04:00:00,44166300,570494b1-6164-346c-81e5-8005e1198a7e,aoa-execution-2021-07-01-2021-12-31.csv,146818,44166300,0,XBTUSD
2021-09-11 12:00:00,44166300,cfedb2cb-1301-bc35-41c9-043d9baaf464,aoa-execution-2021-07-01-2021-12-31.csv,146817,44166300,0,XBTUSD
2021-09-11 20:00:00,44166300,fa205f94-9cb9-ae70-ceb1-106b5a172029,aoa-execution-2021-07-01-2021-12-31.csv,146815,44166300,0,XBTUSD
2021-09-12 04:00:00,44166300,62592c20-98ee-9764-0c38-1544480d5bf5,aoa-execution-2021-07-01-2021-12-31.csv,147561,44166300,0,XBTUSD
2021-09-12 12:00:00,54166300,9cfecc20-ef45-22bc-9e7a-725c9598e274,aoa-execution-2021-07-01-2021-12-31.csv,146821,54166300,0,XBTUSD
2021-09-12 20:00:00,54166300,d605841f-5a87-3e9a-bae9-35354c0bbff9,aoa-execution-2021-07-01-2021-12-31.csv,146914,54166300,0,XBTUSD
2021-09-13 04:00:00,54166300,8402f6f7-ff1a-2080-612a-0019bacb4789,aoa-execution-2021-07-01-2021-12-31.csv,147794,54166300,0,XBTUSD
2021-09-13 12:00:00,54166300,3ac5cfef-77a8-2cee-5b65-52f7b5bcfc16,aoa-execution-2021-07-01-2021-12-31.csv,147564,54166300,0,XBTUSD
2021-09-13 20:00:00,69196200,5172513d-81e7-79be-b5bd-375225060114,aoa-execution-2021-07-01-2021-12-31.csv,147563,69196200,0,XBTUSD
2021-09-14 04:00:00,69196200,ecf60bed-f0d4-f4d4-d16e-cb1dcc0164e0,aoa-execution-2021-07-01-2021-12-31.csv,147813,69196200,0,XBTUSD
2021-09-14 12:00:00,69196200,d09ef53d-0ca0-bb75-5e77-a69c552d7fe2,aoa-execution-2021-07-01-2021-12-31.csv,148338,69196200,0,XBTUSD
2021-09-14 20:00:00,49196200,38b15d4a-ebe2-a24b-1c5c-654f13af178b,aoa-execution-2021-07-01-2021-12-31.csv,149074,49196200,0,XBTUSD
2021-09-15 04:00:00,9196200,90f078b9-9fc0-f9ae-c2ed-c03c878d744d,aoa-execution-2021-07-01-2021-12-31.csv,151219,9196200,0,XBTUSD
2021-09-15 12:00:00,9196200,05f57644-d523-7ec5-dcb3-4c079766942d,aoa-execution-2021-07-01-2021-12-31.csv,150419,9196200,0,XBTUSD
2021-09-15 20:00:00,65272100,e7a9f98d-ed76-1860-ba26-ee39ca16d3d8,aoa-execution-2021-07-01-2021-12-31.csv,151010,-65272100,0,XBTUSD
2021-09-16 04:00:00,65272100,f0f6bf31-eefd-dde3-32b2-b4e15ea15d53,aoa-execution-2021-07-01-2021-12-31.csv,153601,-65272100,0,XBTUSD
2021-09-16 12:00:00,80272100,0b81d978-5a95-802b-916b-ac1b556c1632,aoa-execution-2021-07-01-2021-12-31.csv,153563,-80272100,0,XBTUSD
2021-09-16 20:00:00,63460500,102a6748-5d88-b610-9d16-7e6384241bb8,aoa-execution-2021-07-01-2021-12-31.csv,153566,-63460500,0,XBTUSD
2021-09-17 04:00:00,60272100,3339a2d5-99e9-81c9-85e5-6baeb8578e2b,aoa-execution-2021-07-01-2021-12-31.csv,155293,-60272100,0,XBTUSD
2021-09-17 12:00:00,60272100,2b27fcd5-9710-9c0b-f283-b2fb2e6c8e62,aoa-execution-2021-07-01-2021-12-31.csv,154249,-60272100,0,XBTUSD
2021-09-17 20:00:00,50272100,b1e096df-d2b3-f19d-56db-f9d54340392c,aoa-execution-2021-07-01-2021-12-31.csv,154824,-50272100,0,XBTUSD
2021-09-18 04:00:00,30272100,65a7b7f2-9d30-edeb-0a4d-1f9d7adccd66,aoa-execution-2021-07-01-2021-12-31.csv,158008,-30272100,0,XBTUSD
2021-09-18 12:00:00,40272100,8a3d2981-2c14-0a8c-a766-f658bac3e52b,aoa-execution-2021-07-01-2021-12-31.csv,158012,-40272100,0,XBTUSD
2021-09-18 20:00:00,40272100,9aefeb35-610b-7757-1f56-39eed066b7f6,aoa-execution-2021-07-01-2021-12-31.csv,161863,-40272100,0,XBTUSD
2021-09-19 04:00:00,40272100,7c942fd9-4b79-5b92-3892-d6b1d02255a3,aoa-execution-2021-07-01-2021-12-31.csv,165426,-40272100,0,XBTUSD
2021-09-19 12:00:00,40272100,93662173-af62-fb21-dccc-e560da4718a1,aoa-execution-2021-07-01-2021-12-31.csv,164538,-40272100,0,XBTUSD
2021-09-19 20:00:00,40272100,75912916-9eb6-d785-536d-afe1180e464c,aoa-execution-2021-07-01-2021-12-31.csv,165424,-40272100,0,XBTUSD
2021-09-20 04:00:00,40272100,46f4329d-05a3-c0c0-a792-6c67f6aa0798,aoa-execution-2021-07-01-2021-12-31.csv,165435,-40272100,0,XBTUSD
2021-09-20 12:00:00,272100,e8302640-c7ba-362e-9ed5-5678ac2857d5,aoa-execution-2021-07-01-2021-12-31.csv,168575,-272100,0,XBTUSD
2021-09-20 20:00:00,21561200,8c85fd66-2e11-6795-0e17-5771180df6c0,aoa-execution-2021-07-01-2021-12-31.csv,165432,21561200,0,XBTUSD
2021-09-21 04:00:00,31561200,33321be4-1eab-47f2-29bb-cbcfcfe1eef2,aoa-execution-2021-07-01-2021-12-31.csv,175119,31561200,0,XBTUSD
2021-09-21 12:00:00,50038800,75b8756a-1ddf-01d3-b9d9-765717dd6db6,aoa-execution-2021-07-01-2021-12-31.csv,174051,-50038800,0,XBTUSD
2021-09-21 20:00:00,19961200,6d210e2d-4371-57e5-1ec0-191a7b5ca045,aoa-execution-2021-07-01-2021-12-31.csv,172471,19961200,0,XBTUSD
2021-09-22 04:00:00,10173700,d0ab5675-179e-7ab9-60e0-3af56b896a9d,aoa-execution-2021-07-01-2021-12-31.csv,187480,10173700,0,XBTUSD
2021-09-22 12:00:00,10001400,a825f00d-06f0-b1db-37b0-75b31c5deae6,aoa-execution-2021-07-01-2021-12-31.csv,183787,-10001400,0,XBTUSD
2021-09-22 20:00:00,62745800,3e71b07e-975e-6d68-4af8-2c6c1aedf458,aoa-execution-2021-07-01-2021-12-31.csv,189830,-62745800,0,XBTUSD
2021-09-23 04:00:00,62745800,a3641494-8907-4969-74ec-7992519e055f,aoa-execution-2021-07-01-2021-12-31.csv,189844,-62745800,0,XBTUSD
2021-09-23 12:00:00,62745800,c80d19fd-120e-2700-6955-c58ead6ae35e,aoa-execution-2021-07-01-2021-12-31.csv,189842,-62745800,0,XBTUSD
2021-09-23 20:00:00,62745800,b1efed6c-5391-9832-c55d-ca7d7a536454,aoa-execution-2021-07-01-2021-12-31.csv,189837,-62745800,0,XBTUSD
2021-09-24 04:00:00,62745800,3c64e852-c3ce-5ba4-770a-17c8fa07255e,aoa-execution-2021-07-01-2021-12-31.csv,198674,-62745800,0,XBTUSD
2021-09-24 12:00:00,11547700,7e87adb0-97df-d2d0-664e-cb2949a10fca,aoa-execution-2021-07-01-2021-12-31.csv,194939,-11547700,0,XBTUSD
2021-09-24 20:00:00,42111600,96e749fc-0f7b-91d9-4bce-c95a3c1b2cc7,aoa-execution-2021-07-01-2021-12-31.csv,195326,-42111600,0,XBTUSD
2021-09-25 04:00:00,42111600,bfe61d0f-0587-c6b0-f0ce-bce91570d301,aoa-execution-2021-07-01-2021-12-31.csv,200952,-42111600,0,XBTUSD
2021-09-25 12:00:00,42111600,f3e7239b-2d0d-e05e-c5ab-63412e8f20b7,aoa-execution-2021-07-01-2021-12-31.csv,200965,-42111600,0,XBTUSD
2021-09-25 20:00:00,42111600,4f44296a-a10b-11bc-13bb-dbee21abe991,aoa-execution-2021-07-01-2021-12-31.csv,200958,-42111600,0,XBTUSD
2021-09-26 04:00:00,42111600,a71d9257-100b-a189-25dd-6f34993c2a3f,aoa-execution-2021-07-01-2021-12-31.csv,200970,-42111600,0,XBTUSD
2021-09-26 12:00:00,10088400,5d1b9d33-f31b-3aff-7435-e76bed73b8c1,aoa-execution-2021-07-01-2021-12-31.csv,215538,10088400,0,XBTUSD
2021-09-26 20:00:00,10088400,801d72f7-fa3e-4cff-3a12-c1016c9f2dd8,aoa-execution-2021-07-01-2021-12-31.csv,207955,10088400,0,XBTUSD
2021-09-27 04:00:00,10088400,e4b899ee-6a4e-9d14-e8af-fd4a097e661d,aoa-execution-2021-07-01-2021-12-31.csv,215542,10088400,0,XBTUSD
2021-09-27 12:00:00,88400,815f91ab-6152-a907-8b5e-199510a4933b,aoa-execution-2021-07-01-2021-12-31.csv,216337,88400,0,XBTUSD
2021-09-27 20:00:00,9911600,dc530f9e-c298-2a5b-a8df-635d74fe0831,aoa-execution-2021-07-01-2021-12-31.csv,215540,-9911600,0,XBTUSD
2021-09-28 04:00:00,9911600,6d832bcd-540f-479c-59e6-db7c0556fbbd,aoa-execution-2021-07-01-2021-12-31.csv,216461,-9911600,0,XBTUSD
2021-09-28 12:00:00,9911600,675f67e9-c607-841e-14ac-ce476240b564,aoa-execution-2021-07-01-2021-12-31.csv,216460,-9911600,0,XBTUSD
2021-09-28 20:00:00,9911600,de72db92-82df-0db5-2c84-2ce523932d25,aoa-execution-2021-07-01-2021-12-31.csv,216459,-9911600,0,XBTUSD
2021-09-29 04:00:00,19911600,73903e6d-5abc-0bf1-cc9f-224b7bebeb78,aoa-execution-2021-07-01-2021-12-31.csv,218323,-19911600,0,XBTUSD
2021-09-29 12:00:00,30011600,efb9aa84-c4b7-a88d-5138-bee4c9f1d601,aoa-execution-2021-07-01-2021-12-31.csv,218321,-30011600,0,XBTUSD
2021-09-29 20:00:00,30011600,1bf2195a-6012-6e0e-7f40-f1fdbce6fcbf,aoa-execution-2021-07-01-2021-12-31.csv,219398,-30011600,0,XBTUSD
2021-09-30 04:00:00,30011600,81a6f10f-817d-3f1e-0bac-d5e0e8e76c18,aoa-execution-2021-07-01-2021-12-31.csv,219407,-30011600,0,XBTUSD
2021-09-30 12:00:00,30011600,d3373e86-c939-ce3a-2514-384a6f792412,aoa-execution-2021-07-01-2021-12-31.csv,219401,-30011600,0,XBTUSD
2021-09-30 20:00:00,30011600,44ff6ecb-939f-85b9-0c56-4e5a9457a552,aoa-execution-2021-07-01-2021-12-31.csv,219404,-30011600,0,XBTUSD
2021-10-01 04:00:00,30011600,7409143b-88b3-b3b0-184d-be4acfd89beb,aoa-execution-2021-07-01-2021-12-31.csv,219416,-30011600,0,XBTUSD
2021-10-01 12:00:00,30011600,7cb99db1-5af6-2081-11cb-515af95e10e4,aoa-execution-2021-07-01-2021-12-31.csv,219410,-30011600,0,XBTUSD
2021-10-01 20:00:00,30011600,55e5efae-8a04-6b3c-1d66-915a4fd88ed7,aoa-execution-2021-07-01-2021-12-31.csv,219413,-30011600,0,XBTUSD
2021-10-02 04:00:00,30011600,faf643dd-25a3-799e-655d-718c5ffabe83,aoa-execution-2021-07-01-2021-12-31.csv,219422,-30011600,0,XBTUSD
2021-10-02 12:00:00,30011600,ba5c6bba-cde9-58ac-8737-40996784783c,aoa-execution-2021-07-01-2021-12-31.csv,219419,-30011600,0,XBTUSD
2021-10-02 20:00:00,30011600,dd261158-c4d1-25d8-ec2f-daa85dbb575b,aoa-execution-2021-07-01-2021-12-31.csv,219424,-30011600,0,XBTUSD
2021-10-03 04:00:00,30011600,c6863f61-ed54-e7ab-147d-9aa893a52228,aoa-execution-2021-07-01-2021-12-31.csv,219428,-30011600,0,XBTUSD
2021-10-03 12:00:00,30011600,f8a05e64-d623-8444-16e3-c292b7043878,aoa-execution-2021-07-01-2021-12-31.csv,219430,-30011600,0,XBTUSD
2021-10-03 20:00:00,30011600,a64ecde5-bd16-daac-aade-0b075e170575,aoa-execution-2021-07-01-2021-12-31.csv,219435,-30011600,0,XBTUSD
2021-10-04 04:00:00,30011600,f946c597-8364-6160-6e4e-666dfbb13475,aoa-execution-2021-07-01-2021-12-31.csv,219444,-30011600,0,XBTUSD
2021-10-04 12:00:00,30011600,f4e81fcd-59ba-efdc-cbd1-bc819e44bd72,aoa-execution-2021-07-01-2021-12-31.csv,219440,-30011600,0,XBTUSD
2021-10-04 20:00:00,30011600,bac34673-693b-aa26-927c-c1bcf1e9f810,aoa-execution-2021-07-01-2021-12-31.csv,219436,-30011600,0,XBTUSD
2021-10-05 04:00:00,30011600,755c4e91-cd0e-75ef-75c7-f458a0562843,aoa-execution-2021-07-01-2021-12-31.csv,219452,-30011600,0,XBTUSD
2021-10-05 12:00:00,30011600,d9b2a3d6-3551-15cc-af0f-b0fdfed64f80,aoa-execution-2021-07-01-2021-12-31.csv,219446,-30011600,0,XBTUSD
2021-10-05 20:00:00,30011600,7276ed27-cf33-b40d-38eb-5af5badfa449,aoa-execution-2021-07-01-2021-12-31.csv,219448,-30011600,0,XBTUSD
2021-10-06 04:00:00,30011600,0bc6d296-a5f1-a972-f4d7-656c9e761b86,aoa-execution-2021-07-01-2021-12-31.csv,219455,-30011600,0,XBTUSD
2021-10-06 12:00:00,30011600,90c6035c-fa9b-5eef-a950-7541a7950430,aoa-execution-2021-07-01-2021-12-31.csv,223060,-30011600,0,XBTUSD
2021-10-06 20:00:00,30011600,131572ce-08c8-0600-49b8-ebd6c0c36656,aoa-execution-2021-07-01-2021-12-31.csv,221917,-30011600,0,XBTUSD
2021-10-07 04:00:00,30011600,552bec09-40d6-b14e-e67f-32dcb816e59c,aoa-execution-2021-07-01-2021-12-31.csv,224531,-30011600,0,XBTUSD
2021-10-07 12:00:00,30011600,c08fe3dd-1b77-0d05-ebc1-80df26fc59ae,aoa-execution-2021-07-01-2021-12-31.csv,224534,-30011600,0,XBTUSD
2021-10-07 20:00:00,30011600,8e8a4dd6-494f-dc96-dee2-1f1926afd112,aoa-execution-2021-07-01-2021-12-31.csv,224528,-30011600,0,XBTUSD
2021-10-08 04:00:00,30011600,407bd4e2-673a-c58b-0a8c-c1a32a8f0109,aoa-execution-2021-07-01-2021-12-31.csv,224540,-30011600,0,XBTUSD
2021-10-08 12:00:00,30011600,a479f56a-a2dc-15f2-0860-f256196fd151,aoa-execution-2021-07-01-2021-12-31.csv,224544,-30011600,0,XBTUSD
2021-10-08 20:00:00,30011600,16a72aef-4049-4efd-e491-e74b5e03a3a0,aoa-execution-2021-07-01-2021-12-31.csv,224538,-30011600,0,XBTUSD
2021-10-09 04:00:00,30011600,2dcf6ac8-4d19-2efc-f72e-ebbf233ea475,aoa-execution-2021-07-01-2021-12-31.csv,224552,-30011600,0,XBTUSD
2021-10-09 12:00:00,30011600,910dfc34-4b14-6ee3-2add-0146b29eb4c6,aoa-execution-2021-07-01-2021-12-31.csv,224546,-30011600,0,XBTUSD
2021-10-09 20:00:00,30011600,8fa798f6-1fad-2bc6-b5c1-bd021c364fdf,aoa-execution-2021-07-01-2021-12-31.csv,224549,-30011600,0,XBTUSD
2021-10-10 04:00:00,30011600,9fe9d26b-c78b-bee7-5a58-c029845e7aa2,aoa-execution-2021-07-01-2021-12-31.csv,224557,-30011600,0,XBTUSD
2021-10-10 12:00:00,30011600,4cebe6b5-178a-294c-d0b1-6db3ed96ab12,aoa-execution-2021-07-01-2021-12-31.csv,224555,-30011600,0,XBTUSD
2021-10-10 20:00:00,30011600,2457b99e-1950-b06b-bff5-b984af1ba0bc,aoa-execution-2021-07-01-2021-12-31.csv,224561,-30011600,0,XBTUSD
2021-10-11 04:00:00,30011600,61e44aa2-7ce7-35a7-797d-49c0648b434c,aoa-execution-2021-07-01-2021-12-31.csv,224570,-30011600,0,XBTUSD
2021-10-11 12:00:00,30011600,1929b613-2cb8-64ed-09a1-22a965fbdb04,aoa-execution-2021-07-01-2021-12-31.csv,224567,-30011600,0,XBTUSD
2021-10-11 20:00:00,30011600,84264e14-434c-e491-8431-f82132a604c1,aoa-execution-2021-07-01-2021-12-31.csv,224564,-30011600,0,XBTUSD
2021-10-12 04:00:00,60092400,44b054b6-24c8-e609-a993-30d6c89145df,aoa-execution-2021-07-01-2021-12-31.csv,225844,-60092400,0,XBTUSD
2021-10-12 12:00:00,60092400,c5e7f6d4-b376-c225-9849-b4141ab021d3,aoa-execution-2021-07-01-2021-12-31.csv,224921,-60092400,0,XBTUSD
2021-10-12 20:00:00,60092400,84d55684-0b08-4cbe-15c0-d217c5c67b50,aoa-execution-2021-07-01-2021-12-31.csv,224572,-60092400,0,XBTUSD
2021-10-13 04:00:00,41418800,d44dbd9d-b85e-7e25-e0fe-a9990300772b,aoa-execution-2021-07-01-2021-12-31.csv,226648,-41418800,0,XBTUSD
2021-10-13 12:00:00,30006500,2e5601ee-7199-1f79-fbf0-f9a3941a7495,aoa-execution-2021-07-01-2021-12-31.csv,226646,-30006500,0,XBTUSD
2021-10-13 20:00:00,30006500,69df239b-23af-7557-4c8a-8006da2fd6db,aoa-execution-2021-07-01-2021-12-31.csv,227720,-30006500,0,XBTUSD
2021-10-14 04:00:00,30006500,5747c0df-441c-f10c-d880-115d435b46c3,aoa-execution-2021-07-01-2021-12-31.csv,227722,-30006500,0,XBTUSD
2021-10-14 12:00:00,30006500,46d98807-b30a-85a8-9d85-ccf200b2bbb4,aoa-execution-2021-07-01-2021-12-31.csv,227726,-30006500,0,XBTUSD
2021-10-14 20:00:00,30006500,1fb84eca-1b1e-3931-02fd-80b2e4a44452,aoa-execution-2021-07-01-2021-12-31.csv,227728,-30006500,0,XBTUSD
2021-10-15 04:00:00,40006500,f51b19cf-74e5-455a-ed73-204b15470c03,aoa-execution-2021-07-01-2021-12-31.csv,228007,-40006500,0,XBTUSD
2021-10-15 12:00:00,40006500,ce8546c6-712e-27e4-108e-d7f3c1d1e273,aoa-execution-2021-07-01-2021-12-31.csv,229305,-40006500,0,XBTUSD
2021-10-15 20:00:00,40006500,a8d31cf9-2757-5a1a-5220-70fb909dcd2f,aoa-execution-2021-07-01-2021-12-31.csv,227986,-40006500,0,XBTUSD
2021-10-16 04:00:00,40006500,3723d418-b32f-b5fe-9ce3-3e56d9d51ccf,aoa-execution-2021-07-01-2021-12-31.csv,230350,-40006500,0,XBTUSD
2021-10-16 12:00:00,40006500,99278693-d078-8e0d-e0ab-76c22e170b2a,aoa-execution-2021-07-01-2021-12-31.csv,230353,-40006500,0,XBTUSD
2021-10-16 20:00:00,40006500,b8bb5d37-a1fa-ca2b-de8b-15b536ae502e,aoa-execution-2021-07-01-2021-12-31.csv,230356,-40006500,0,XBTUSD
2021-10-17 04:00:00,40006500,98a62067-11e4-1bad-1119-3f6af4b97d65,aoa-execution-2021-07-01-2021-12-31.csv,230359,-40006500,0,XBTUSD
2021-10-17 12:00:00,40006500,e97d8590-9321-3a1e-85d2-5057c830dde0,aoa-execution-2021-07-01-2021-12-31.csv,230366,-40006500,0,XBTUSD
2021-10-17 20:00:00,40006500,c1750498-cbaa-e3c6-c701-db9819270452,aoa-execution-2021-07-01-2021-12-31.csv,230362,-40006500,0,XBTUSD
2021-10-18 04:00:00,40006500,9eb8bbde-471f-4bc4-e562-6730278efa38,aoa-execution-2021-07-01-2021-12-31.csv,230371,-40006500,0,XBTUSD
2021-10-18 12:00:00,40006500,a0f68586-1609-1352-9d1e-ada58f814172,aoa-execution-2021-07-01-2021-12-31.csv,230368,-40006500,0,XBTUSD
2021-10-18 20:00:00,40006500,6d6bac64-e387-185a-71a6-a2aca20e4421,aoa-execution-2021-07-01-2021-12-31.csv,230374,-40006500,0,XBTUSD
2021-10-19 04:00:00,40006500,ab1bf806-eca5-f084-5969-5e8a626f8beb,aoa-execution-2021-07-01-2021-12-31.csv,230380,-40006500,0,XBTUSD
2021-10-19 12:00:00,40006500,97431c79-f2ae-77c3-30ea-20600c7f63db,aoa-execution-2021-07-01-2021-12-31.csv,230383,-40006500,0,XBTUSD
2021-10-19 20:00:00,40006500,d63737d8-9217-baee-f658-4104591754d5,aoa-execution-2021-07-01-2021-12-31.csv,230377,-40006500,0,XBTUSD
2021-10-20 04:00:00,40006500,f6030bd4-ddaa-1136-26d4-9634cdde0610,aoa-execution-2021-07-01-2021-12-31.csv,230389,-40006500,0,XBTUSD
2021-10-20 12:00:00,40006500,c685ce08-7729-0ca7-eea3-e348c35956f3,aoa-execution-2021-07-01-2021-12-31.csv,230393,-40006500,0,XBTUSD
2021-10-20 20:00:00,30006500,2166f926-0a32-5e2a-2d7b-8a56ced98036,aoa-execution-2021-07-01-2021-12-31.csv,230386,-30006500,0,XBTUSD
2021-10-21 04:00:00,30006500,49209a4a-3c47-4d50-9eb3-aa69f0680624,aoa-execution-2021-07-01-2021-12-31.csv,230898,-30006500,0,XBTUSD
2021-10-21 12:00:00,40002700,45b8ad96-7ea6-b256-fcad-01047a745165,aoa-execution-2021-07-01-2021-12-31.csv,232010,-40002700,0,XBTUSD
2021-10-21 20:00:00,21866700,8711d8d4-166c-63f1-b0cf-ab29af244ecf,aoa-execution-2021-07-01-2021-12-31.csv,231726,-21866700,0,XBTUSD
2021-10-22 04:00:00,21866700,b92c0869-58bb-56b9-c8a7-859ff45119a6,aoa-execution-2021-07-01-2021-12-31.csv,235776,-21866700,0,XBTUSD
2021-10-22 12:00:00,31866700,feabdd6e-176f-d00a-6d30-daad930e83f4,aoa-execution-2021-07-01-2021-12-31.csv,237400,-31866700,0,XBTUSD
2021-10-22 20:00:00,4982600,61928503-1a4d-805e-545c-7cc46de72a8c,aoa-execution-2021-07-01-2021-12-31.csv,236176,-4982600,0,XBTUSD
2021-10-23 04:00:00,20015100,b8271fab-26bf-11d5-c82a-80540043b120,aoa-execution-2021-07-01-2021-12-31.csv,237580,20015100,0,XBTUSD
2021-10-23 12:00:00,20015100,651c32a2-0baa-1cf5-3c2d-faa374b9ce6b,aoa-execution-2021-07-01-2021-12-31.csv,237577,20015100,0,XBTUSD
2021-10-23 20:00:00,20015100,b77f4fd8-f9f5-3dab-e316-0a067f7cb37a,aoa-execution-2021-07-01-2021-12-31.csv,237574,20015100,0,XBTUSD
2021-10-24 04:00:00,20015100,428a105c-cd49-1d42-0944-d4a115cd3fc5,aoa-execution-2021-07-01-2021-12-31.csv,237586,20015100,0,XBTUSD
2021-10-24 12:00:00,20015100,567c74ea-0b75-7ec7-96b7-ef3605839068,aoa-execution-2021-07-01-2021-12-31.csv,237583,20015100,0,XBTUSD
2021-10-24 20:00:00,20015100,c0c26051-6782-3ad5-ad1f-b142e157e162,aoa-execution-2021-07-01-2021-12-31.csv,237590,20015100,0,XBTUSD
2021-10-25 04:00:00,20015100,84f74e11-43a5-9b1c-eb3a-56f5d4d86810,aoa-execution-2021-07-01-2021-12-31.csv,237599,20015100,0,XBTUSD
2021-10-25 12:00:00,20015100,24597fdc-04b9-50e7-bb01-315c41df95e2,aoa-execution-2021-07-01-2021-12-31.csv,237592,20015100,0,XBTUSD
2021-10-25 20:00:00,20015100,5b939107-75f8-0618-08cb-bb3ebde640f8,aoa-execution-2021-07-01-2021-12-31.csv,237594,20015100,0,XBTUSD
2021-10-26 04:00:00,20015100,8530048e-89b7-c8a0-23de-24c2582f763b,aoa-execution-2021-07-01-2021-12-31.csv,237604,20015100,0,XBTUSD
2021-10-26 12:00:00,20015100,60f072e3-459c-0fb6-95f5-749c7ba747d2,aoa-execution-2021-07-01-2021-12-31.csv,237601,20015100,0,XBTUSD
2021-10-26 20:00:00,20015100,9a1e8d22-f5db-b5ef-f7c2-ba3499b382c7,aoa-execution-2021-07-01-2021-12-31.csv,237607,20015100,0,XBTUSD
2021-10-27 04:00:00,20015100,160754eb-3a79-241c-12c0-844feb1204ed,aoa-execution-2021-07-01-2021-12-31.csv,237788,20015100,0,XBTUSD
2021-10-27 12:00:00,35015100,06f00502-80ce-9ebd-ecc9-f1a677dacf73,aoa-execution-2021-07-01-2021-12-31.csv,237785,35015100,0,XBTUSD
2021-10-27 20:00:00,35015100,c3cb3459-1d26-4402-070f-3660a8a66dd7,aoa-execution-2021-07-01-2021-12-31.csv,237783,35015100,0,XBTUSD
2021-10-28 04:00:00,35015100,013200cf-74ff-2a74-fb99-ffb999061efb,aoa-execution-2021-07-01-2021-12-31.csv,237794,35015100,0,XBTUSD
2021-10-28 12:00:00,35015100,2ea92670-5f8f-0673-27f6-b9cc90bdc348,aoa-execution-2021-07-01-2021-12-31.csv,237797,35015100,0,XBTUSD
2021-10-28 20:00:00,35015100,552dc66f-5085-75c0-7395-0aff8d4aaaa7,aoa-execution-2021-07-01-2021-12-31.csv,237792,35015100,0,XBTUSD
2021-10-29 04:00:00,35015100,92dbe506-05cc-62ae-de5b-15aa69a1fbf4,aoa-execution-2021-07-01-2021-12-31.csv,238268,35015100,0,XBTUSD
2021-10-29 12:00:00,35015100,46f9346d-3b44-591a-e7b8-1b1ced04f0c5,aoa-execution-2021-07-01-2021-12-31.csv,238271,35015100,0,XBTUSD
2021-10-29 20:00:00,15015100,34c46253-f9c9-06bb-b369-7f44693197f1,aoa-execution-2021-07-01-2021-12-31.csv,238275,15015100,0,XBTUSD
2021-10-30 04:00:00,15015100,14142063-bbeb-bbae-f3d1-9d12ae4ef654,aoa-execution-2021-07-01-2021-12-31.csv,238280,15015100,0,XBTUSD
2021-10-30 12:00:00,15015100,72601cab-1360-7406-6d52-1a4673aa4e64,aoa-execution-2021-07-01-2021-12-31.csv,238283,15015100,0,XBTUSD
2021-10-30 20:00:00,15015100,f5b6b73e-e23b-98ac-e0b4-b86d72d6d4e1,aoa-execution-2021-07-01-2021-12-31.csv,238277,15015100,0,XBTUSD
2021-10-31 04:00:00,15015100,d9ccdbb7-916b-28d0-937b-1e487bedbae9,aoa-execution-2021-07-01-2021-12-31.csv,238917,15015100,0,XBTUSD
2021-10-31 12:00:00,9984900,6a2dee07-dd60-ba7b-89bf-c3636a6bc6e0,aoa-execution-2021-07-01-2021-12-31.csv,238286,-9984900,0,XBTUSD
2021-10-31 20:00:00,9984900,276e24f6-4228-e076-e1be-b94c5e37f0ca,aoa-execution-2021-07-01-2021-12-31.csv,238914,-9984900,0,XBTUSD
2021-11-01 04:00:00,9984900,9d59f1cc-5d19-9ed4-ad73-6988077b017b,aoa-execution-2021-07-01-2021-12-31.csv,239078,-9984900,0,XBTUSD
2021-11-01 12:00:00,9984900,28c6c46c-5ae1-7250-8c3e-1d5ca5114645,aoa-execution-2021-07-01-2021-12-31.csv,239081,-9984900,0,XBTUSD
2021-11-01 20:00:00,9984900,176b5ad1-3cc1-e9e1-29e8-a92ee2f7c1b2,aoa-execution-2021-07-01-2021-12-31.csv,239084,-9984900,0,XBTUSD
2021-11-02 04:00:00,9984900,374040d0-682a-f3e6-23c2-24df95480b48,aoa-execution-2021-07-01-2021-12-31.csv,239087,-9984900,0,XBTUSD
2021-11-02 12:00:00,9984900,c6b53192-9506-c4f0-7dfe-db52deb6a4b3,aoa-execution-2021-07-01-2021-12-31.csv,239094,-9984900,0,XBTUSD
2021-11-02 20:00:00,9984900,a9d77f00-50dd-7711-3b44-171a39b149ad,aoa-execution-2021-07-01-2021-12-31.csv,239090,-9984900,0,XBTUSD
2021-11-03 04:00:00,9984900,04006315-ce31-977e-61e4-ffe7fdf1ffde,aoa-execution-2021-07-01-2021-12-31.csv,239095,-9984900,0,XBTUSD
2021-11-03 12:00:00,9984900,7a79f9cc-a781-8e54-8d4f-de01ac8dc1d3,aoa-execution-2021-07-01-2021-12-31.csv,239100,-9984900,0,XBTUSD
2021-11-03 20:00:00,9984900,ce57ffde-70d6-3e6b-1dbb-395af5a1e04d,aoa-execution-2021-07-01-2021-12-31.csv,239102,-9984900,0,XBTUSD
2021-11-04 04:00:00,9984900,95aef587-a589-48be-8351-39d8be70b72a,aoa-execution-2021-07-01-2021-12-31.csv,239110,-9984900,0,XBTUSD
2021-11-04 12:00:00,9984900,c2c388cd-a166-02ed-144e-c2c970fa4466,aoa-execution-2021-07-01-2021-12-31.csv,239109,-9984900,0,XBTUSD
2021-11-04 20:00:00,9984900,93928c6e-ea30-bb1a-626d-0f650f083bf2,aoa-execution-2021-07-01-2021-12-31.csv,239105,-9984900,0,XBTUSD
2021-11-05 04:00:00,9984900,0c26a1f3-be2d-73fc-d349-99c480d02941,aoa-execution-2021-07-01-2021-12-31.csv,239120,-9984900,0,XBTUSD
2021-11-05 12:00:00,9984900,a1bb74c2-a4e2-9787-c8de-a0fabf8c1c18,aoa-execution-2021-07-01-2021-12-31.csv,239114,-9984900,0,XBTUSD
2021-11-05 20:00:00,9984900,212e9ba9-f87f-3f4d-2bda-847e9512b74f,aoa-execution-2021-07-01-2021-12-31.csv,239117,-9984900,0,XBTUSD
2021-11-06 04:00:00,9984900,fb3b2746-7b76-222e-e9b8-85335a9f930b,aoa-execution-2021-07-01-2021-12-31.csv,239462,-9984900,0,XBTUSD
2021-11-06 12:00:00,9984900,dd3a0419-7de8-86b0-3ae5-12d5fabdf5e7,aoa-execution-2021-07-01-2021-12-31.csv,239456,-9984900,0,XBTUSD
2021-11-06 20:00:00,9984900,1e04fde1-ffbf-8c0e-d1ba-e7360bbcf47c,aoa-execution-2021-07-01-2021-12-31.csv,239459,-9984900,0,XBTUSD
2021-11-07 04:00:00,9984900,d8e2b2e6-ae23-1901-aef8-64052c54a376,aoa-execution-2021-07-01-2021-12-31.csv,239464,-9984900,0,XBTUSD
2021-11-07 12:00:00,9984900,4cd7d466-0147-79ce-72b1-a2f920b3eaf7,aoa-execution-2021-07-01-2021-12-31.csv,239468,-9984900,0,XBTUSD
2021-11-07 20:00:00,9984900,c0ff41dc-3975-0300-0e7e-7a2d92580c47,aoa-execution-2021-07-01-2021-12-31.csv,239471,-9984900,0,XBTUSD
2021-11-08 04:00:00,9984900,8a026977-0abc-5593-d27f-398145917d63,aoa-execution-2021-07-01-2021-12-31.csv,239477,-9984900,0,XBTUSD
2021-11-08 12:00:00,9984900,f91ee1e0-98d9-ab4f-0198-fe5b13021fc8,aoa-execution-2021-07-01-2021-12-31.csv,239480,-9984900,0,XBTUSD
2021-11-08 20:00:00,9984900,f15827e4-87e8-aaca-9dac-6d40ed1e082f,aoa-execution-2021-07-01-2021-12-31.csv,239474,-9984900,0,XBTUSD
2021-11-09 04:00:00,9984900,c612d738-9238-3a47-c89e-daf6095e9707,aoa-execution-2021-07-01-2021-12-31.csv,239812,-9984900,0,XBTUSD
2021-11-09 12:00:00,9984900,23f083f4-28d0-c957-743e-5f9b6c757c5b,aoa-execution-2021-07-01-2021-12-31.csv,239483,-9984900,0,XBTUSD
2021-11-09 20:00:00,18200,f208b783-ff09-a264-25dc-bfb04eec1b27,aoa-execution-2021-07-01-2021-12-31.csv,239809,18200,0,XBTUSD
2021-11-10 04:00:00,18200,b4c9fee6-3869-05e8-e668-5a7cc6c8cc23,aoa-execution-2021-07-01-2021-12-31.csv,239821,18200,0,XBTUSD
2021-11-10 12:00:00,18200,dbc2dd95-bf00-2e38-35ab-683fc4fe59a1,aoa-execution-2021-07-01-2021-12-31.csv,239815,18200,0,XBTUSD
2021-11-10 20:00:00,18200,4474cc05-27f4-c429-1e16-a9646f60e070,aoa-execution-2021-07-01-2021-12-31.csv,239817,18200,0,XBTUSD
2021-11-11 04:00:00,14289000,5bfd2b0a-164d-35bc-7660-79070c7ecc8a,aoa-execution-2021-07-01-2021-12-31.csv,240186,14289000,0,XBTUSD
2021-11-11 12:00:00,14289000,952ccab3-22f2-cc6c-de02-17c5e1dbce03,aoa-execution-2021-07-01-2021-12-31.csv,240184,14289000,0,XBTUSD
2021-11-11 20:00:00,14289000,aaf1ba87-9403-8774-a0d8-ef07fb72c3f2,aoa-execution-2021-07-01-2021-12-31.csv,240190,14289000,0,XBTUSD
2021-11-12 04:00:00,14289000,64d31e7b-d8aa-5ca4-8fad-2f6f9c85fe66,aoa-execution-2021-07-01-2021-12-31.csv,240296,14289000,0,XBTUSD
2021-11-12 12:00:00,14289000,3a6926fd-c1ff-4940-36cf-befc1ecb31ae,aoa-execution-2021-07-01-2021-12-31.csv,240294,14289000,0,XBTUSD
2021-11-12 20:00:00,34289000,588ffb3d-4017-87b4-5feb-551e128eb3a6,aoa-execution-2021-07-01-2021-12-31.csv,240663,34289000,0,XBTUSD
2021-11-13 04:00:00,34289000,c372450f-9755-238d-b528-f89b124e55c8,aoa-execution-2021-07-01-2021-12-31.csv,240671,34289000,0,XBTUSD
2021-11-13 12:00:00,34289000,ddb0bf2c-68e9-cdfe-1391-52eb0bc85d34,aoa-execution-2021-07-01-2021-12-31.csv,240664,34289000,0,XBTUSD
2021-11-13 20:00:00,34289000,55176548-dda2-0288-7859-a8113bf2a10a,aoa-execution-2021-07-01-2021-12-31.csv,240668,34289000,0,XBTUSD
2021-11-14 04:00:00,34289000,607728fd-2eb7-4d9b-29f3-63911f6536a9,aoa-execution-2021-07-01-2021-12-31.csv,240678,34289000,0,XBTUSD
2021-11-14 12:00:00,34289000,fe87b927-4512-50b6-eab8-38dd24cacfa2,aoa-execution-2021-07-01-2021-12-31.csv,240674,34289000,0,XBTUSD
2021-11-14 20:00:00,34289000,b6a033fb-a83f-8b37-a400-b785bc1c64e7,aoa-execution-2021-07-01-2021-12-31.csv,240680,34289000,0,XBTUSD
2021-11-15 04:00:00,34289000,e21ed9d7-5cad-be11-3b5d-b1a00d749b82,aoa-execution-2021-07-01-2021-12-31.csv,240686,34289000,0,XBTUSD
2021-11-15 12:00:00,34289000,5eee77c2-5b3d-5be1-e84f-050c5a792d3d,aoa-execution-2021-07-01-2021-12-31.csv,240683,34289000,0,XBTUSD
2021-11-15 20:00:00,34289000,9aa7c913-9594-2784-985a-282f4f08f421,aoa-execution-2021-07-01-2021-12-31.csv,240689,34289000,0,XBTUSD
2021-11-16 04:00:00,34289000,a27e97d6-5f09-b4fb-780a-e0f51318dc66,aoa-execution-2021-07-01-2021-12-31.csv,245710,34289000,0,XBTUSD
2021-11-16 12:00:00,35942300,f3d9000d-3cc0-395c-9cb6-b6ea8cedabd8,aoa-execution-2021-07-01-2021-12-31.csv,242188,35942300,0,XBTUSD
2021-11-16 20:00:00,25942300,90ec985b-378d-2537-296c-d8a19929b300,aoa-execution-2021-07-01-2021-12-31.csv,245727,25942300,0,XBTUSD
2021-11-17 04:00:00,35942300,f23550e2-032b-2aff-c151-e3c7205e0b3c,aoa-execution-2021-07-01-2021-12-31.csv,251168,35942300,0,XBTUSD
2021-11-17 12:00:00,35942300,73e5afab-6b45-8e5f-7532-1772a1d556f1,aoa-execution-2021-07-01-2021-12-31.csv,251167,35942300,0,XBTUSD
2021-11-17 20:00:00,35942300,a47a9f87-db2e-519a-1fa8-ba278e105742,aoa-execution-2021-07-01-2021-12-31.csv,249138,35942300,0,XBTUSD
2021-11-18 04:00:00,35942300,bfadb80b-339c-23a3-a8f1-f79f669f55e8,aoa-execution-2021-07-01-2021-12-31.csv,268055,35942300,0,XBTUSD
2021-11-18 12:00:00,35942300,ff134544-060a-badd-5ecb-ccb72044bf9f,aoa-execution-2021-07-01-2021-12-31.csv,269820,35942300,0,XBTUSD
2021-11-18 20:00:00,35942300,bb2721f9-bab3-fedb-0911-b6a72dfabfa5,aoa-execution-2021-07-01-2021-12-31.csv,265986,35942300,0,XBTUSD
2021-11-19 04:00:00,50942300,5ee24b6d-cf80-fb0a-dc18-9aee21105b83,aoa-execution-2021-07-01-2021-12-31.csv,271777,50942300,0,XBTUSD
2021-11-19 12:00:00,50942300,4a9cd4f9-e029-7b1b-ed80-610290234a99,aoa-execution-2021-07-01-2021-12-31.csv,271778,50942300,0,XBTUSD
2021-11-19 20:00:00,50942300,339908bb-f0e9-cf99-13e5-68ef30086b08,aoa-execution-2021-07-01-2021-12-31.csv,271776,50942300,0,XBTUSD
2021-11-20 04:00:00,50942300,db6f1096-2a16-dcaa-d987-e228e6cf1445,aoa-execution-2021-07-01-2021-12-31.csv,271780,50942300,0,XBTUSD
2021-11-20 12:00:00,50942300,a7e98777-69b3-db4c-fc06-40f907489a66,aoa-execution-2021-07-01-2021-12-31.csv,271781,50942300,0,XBTUSD
2021-11-20 20:00:00,50942300,3f9a3a68-9672-aa6e-3dfd-853e88f0fab2,aoa-execution-2021-07-01-2021-12-31.csv,271779,50942300,0,XBTUSD
2021-11-21 04:00:00,50942300,65da980e-72eb-b2ca-9bfb-3d4b1a435c9e,aoa-execution-2021-07-01-2021-12-31.csv,271783,50942300,0,XBTUSD
2021-11-21 12:00:00,50942300,0284940c-aafe-10ca-6135-a8e7427ae3f5,aoa-execution-2021-07-01-2021-12-31.csv,271784,50942300,0,XBTUSD
2021-11-21 20:00:00,50942300,5cd17f27-1daf-fbca-90e0-3a8718bd4a89,aoa-execution-2021-07-01-2021-12-31.csv,271782,50942300,0,XBTUSD
2021-11-22 04:00:00,50942300,d2297e16-cead-e948-dcaf-41047c4cca77,aoa-execution-2021-07-01-2021-12-31.csv,271787,50942300,0,XBTUSD
2021-11-22 12:00:00,50942300,460ca968-17fa-0f1b-8e74-31c410855c17,aoa-execution-2021-07-01-2021-12-31.csv,271785,50942300,0,XBTUSD
2021-11-22 20:00:00,50942300,cf91866b-2e68-81c1-6c4a-902a5de638e2,aoa-execution-2021-07-01-2021-12-31.csv,271786,50942300,0,XBTUSD
2021-11-23 04:00:00,50942300,dcddadeb-b8a3-7d58-6fb6-3720a7897a58,aoa-execution-2021-07-01-2021-12-31.csv,271789,50942300,0,XBTUSD
2021-11-23 12:00:00,50942300,0f1efd94-f7a7-75a7-710f-08d372e7be6c,aoa-execution-2021-07-01-2021-12-31.csv,271790,50942300,0,XBTUSD
2021-11-23 20:00:00,50942300,c41a7963-da33-e556-7ad7-0aac5dc01e61,aoa-execution-2021-07-01-2021-12-31.csv,271788,50942300,0,XBTUSD
2021-11-24 04:00:00,50942300,b3905b49-8d47-f66d-ce11-47a307f82626,aoa-execution-2021-07-01-2021-12-31.csv,271791,50942300,0,XBTUSD
2021-11-24 12:00:00,50942300,438aaddc-308b-091f-f9c4-2d470acaf792,aoa-execution-2021-07-01-2021-12-31.csv,271793,50942300,0,XBTUSD
2021-11-24 20:00:00,50942300,ece29382-759f-eb90-e310-0beabc844280,aoa-execution-2021-07-01-2021-12-31.csv,271792,50942300,0,XBTUSD
2021-11-25 04:00:00,50942300,0278cc1f-9724-c555-26da-bd0fec99e7f4,aoa-execution-2021-07-01-2021-12-31.csv,271796,50942300,0,XBTUSD
2021-11-25 12:00:00,50942300,76cba0dc-320d-a7d4-8203-f3a440a8a0cf,aoa-execution-2021-07-01-2021-12-31.csv,271794,50942300,0,XBTUSD
2021-11-25 20:00:00,50942300,168e9229-8872-8ab7-8621-0dff553ddd53,aoa-execution-2021-07-01-2021-12-31.csv,271795,50942300,0,XBTUSD
2021-11-26 04:00:00,50942300,4137e8dc-3b4e-e455-9da3-21f78c24fc1c,aoa-execution-2021-07-01-2021-12-31.csv,276764,50942300,0,XBTUSD
2021-11-26 12:00:00,69451700,99b73cb0-6e5c-8e83-cd28-a83873e71e07,aoa-execution-2021-07-01-2021-12-31.csv,276203,69451700,0,XBTUSD
2021-11-26 20:00:00,69451700,b156d5e0-4b9c-9924-3f71-95919dc8c29a,aoa-execution-2021-07-01-2021-12-31.csv,276183,69451700,0,XBTUSD
2021-11-27 04:00:00,69451700,8a8ad78b-4534-9a6d-9d59-0ce36bfdbf1d,aoa-execution-2021-07-01-2021-12-31.csv,276767,69451700,0,XBTUSD
2021-11-27 12:00:00,69451700,48cdb01a-f3e2-ac73-5196-9a40a55d6a60,aoa-execution-2021-07-01-2021-12-31.csv,276770,69451700,0,XBTUSD
2021-11-27 20:00:00,69451700,c66b52ed-3ee7-6bd7-f954-c21053e31779,aoa-execution-2021-07-01-2021-12-31.csv,276766,69451700,0,XBTUSD
2021-11-28 04:00:00,69451700,aaa92f2a-a7c1-c7ed-c95c-6a8e002a9b8f,aoa-execution-2021-07-01-2021-12-31.csv,278763,69451700,0,XBTUSD
2021-11-28 12:00:00,69451700,bf2d3523-2698-9884-70fc-34f6c9ac1f86,aoa-execution-2021-07-01-2021-12-31.csv,280906,69451700,0,XBTUSD
2021-11-28 20:00:00,69451700,01c4e164-f195-286c-25f7-5015be82d3fa,aoa-execution-2021-07-01-2021-12-31.csv,286266,69451700,0,XBTUSD
2021-11-29 04:00:00,59451700,61289031-f42d-cfb4-571f-dcb4cfa13a54,aoa-execution-2021-07-01-2021-12-31.csv,289167,59451700,0,XBTUSD
2021-11-29 12:00:00,49451700,bca02808-8fe1-383a-d5c2-9265835eb9e9,aoa-execution-2021-07-01-2021-12-31.csv,288999,49451700,0,XBTUSD
2021-11-29 20:00:00,49451700,1ba399fa-6194-0e38-1c11-1b6b8129b23d,aoa-execution-2021-07-01-2021-12-31.csv,288977,49451700,0,XBTUSD
2021-11-30 04:00:00,49451700,c1b17f10-a26e-d959-720f-4ff3031e156e,aoa-execution-2021-07-01-2021-12-31.csv,289799,49451700,0,XBTUSD
2021-11-30 12:00:00,49451700,52c49d0e-84e5-2584-2b07-6b0b7a3e6e29,aoa-execution-2021-07-01-2021-12-31.csv,289800,49451700,0,XBTUSD
2021-11-30 20:00:00,50143100,f1bce4dd-5cfa-6475-a498-2fe303d07fe0,aoa-execution-2021-07-01-2021-12-31.csv,289902,50143100,0,XBTUSD
2021-12-01 04:00:00,50143100,1977477f-152f-7e5d-4695-7a80ced6c786,aoa-execution-2021-07-01-2021-12-31.csv,289904,50143100,0,XBTUSD
2021-12-01 12:00:00,50143100,19f3ab35-1fe5-0936-7456-f7572efbca22,aoa-execution-2021-07-01-2021-12-31.csv,289905,50143100,0,XBTUSD
2021-12-01 20:00:00,50143100,2fc9398f-7ace-e1f3-6119-13e806ad5d69,aoa-execution-2021-07-01-2021-12-31.csv,289903,50143100,0,XBTUSD
2021-12-02 04:00:00,50143100,1ddb79e3-767a-db6e-0ec5-2428028a4df5,aoa-execution-2021-07-01-2021-12-31.csv,289907,50143100,0,XBTUSD
2021-12-02 12:00:00,50143100,b36e2f94-87cb-cf9e-97a2-7ee6165143c3,aoa-execution-2021-07-01-2021-12-31.csv,289906,50143100,0,XBTUSD
2021-12-02 20:00:00,50143100,3acc85d6-11cb-1728-6753-72daf6715fcf,aoa-execution-2021-07-01-2021-12-31.csv,289908,50143100,0,XBTUSD
2021-12-03 04:00:00,50143100,a5e4ce4b-51b2-c804-1c1e-cba0ba41f525,aoa-execution-2021-07-01-2021-12-31.csv,289911,50143100,0,XBTUSD
2021-12-03 12:00:00,50143100,893951ae-3b9e-7f60-3da4-6c66852cbbf8,aoa-execution-2021-07-01-2021-12-31.csv,289910,50143100,0,XBTUSD
2021-12-03 20:00:00,50143100,ab6f89c0-35d8-7d2b-3b2d-e192d27fd1e6,aoa-execution-2021-07-01-2021-12-31.csv,289909,50143100,0,XBTUSD
2021-12-04 04:00:00,50143100,8e6d73d2-2b56-1e2d-87cd-05d8da3b8083,aoa-execution-2021-07-01-2021-12-31.csv,289913,50143100,0,XBTUSD
2021-12-04 12:00:00,30143100,451233b7-9fb8-512b-b430-91bbf5a2e896,aoa-execution-2021-07-01-2021-12-31.csv,289912,30143100,0,XBTUSD
2021-12-04 20:00:00,30143100,0e014904-4466-1614-8a8d-719f3613ad00,aoa-execution-2021-07-01-2021-12-31.csv,290218,30143100,0,XBTUSD
2021-12-05 04:00:00,30143100,aa0d8981-2001-0c43-c11d-fe889f120036,aoa-execution-2021-07-01-2021-12-31.csv,290219,30143100,0,XBTUSD
2021-12-05 12:00:00,30143100,626a65a2-192a-8bae-081b-9e2210ae4475,aoa-execution-2021-07-01-2021-12-31.csv,290221,30143100,0,XBTUSD
2021-12-05 20:00:00,30143100,ce228e05-085d-d180-0f4c-db683df87d7a,aoa-execution-2021-07-01-2021-12-31.csv,290220,30143100,0,XBTUSD
2021-12-06 04:00:00,30143100,f3371e95-dd2c-6a26-6e82-98b5b2e20311,aoa-execution-2021-07-01-2021-12-31.csv,290523,30143100,0,XBTUSD
2021-12-06 12:00:00,30143100,9b91b119-74ef-457d-3db4-cb3fd442eda0,aoa-execution-2021-07-01-2021-12-31.csv,290946,30143100,0,XBTUSD
2021-12-06 20:00:00,30143100,fecab26e-2512-5a01-5101-5c6c4c947f32,aoa-execution-2021-07-01-2021-12-31.csv,290522,30143100,0,XBTUSD
2021-12-07 04:00:00,143100,f39d20ca-7706-4d6f-92ba-9a68663bf3c5,aoa-execution-2021-07-01-2021-12-31.csv,290949,143100,0,XBTUSD
2021-12-07 12:00:00,143100,0c8e7bd8-89d3-30fc-d3b7-cde9095e57c3,aoa-execution-2021-07-01-2021-12-31.csv,290947,143100,0,XBTUSD
2021-12-07 20:00:00,143100,09ae2ed7-5f07-9c83-7d77-5e341687cca4,aoa-execution-2021-07-01-2021-12-31.csv,290948,143100,0,XBTUSD
2021-12-08 04:00:00,143100,cd8127af-a1aa-5936-f67b-4fbdbd2f0f34,aoa-execution-2021-07-01-2021-12-31.csv,290952,143100,0,XBTUSD
2021-12-08 12:00:00,143100,7f96d8ce-7bfe-e596-c551-9b2875b1b22c,aoa-execution-2021-07-01-2021-12-31.csv,290950,143100,0,XBTUSD
2021-12-08 20:00:00,143100,da091ab0-f0e1-0166-b43d-c0c94ebe4af9,aoa-execution-2021-07-01-2021-12-31.csv,290951,143100,0,XBTUSD
2021-12-09 04:00:00,143100,dd848cca-5dff-62f1-8d5f-739333b055b2,aoa-execution-2021-07-01-2021-12-31.csv,290953,143100,0,XBTUSD
2021-12-09 12:00:00,143100,86a8b544-7557-6d6c-d980-77efd5b1f864,aoa-execution-2021-07-01-2021-12-31.csv,290954,143100,0,XBTUSD
2021-12-09 20:00:00,143100,76074435-e8b1-1a74-8c0a-b65c9dc424a8,aoa-execution-2021-07-01-2021-12-31.csv,290955,143100,0,XBTUSD
2021-12-10 04:00:00,143100,68e91241-4b72-cee4-8b79-32ddd41c935a,aoa-execution-2021-07-01-2021-12-31.csv,290958,143100,0,XBTUSD
2021-12-10 12:00:00,143100,f1e0fd4f-2d77-ef32-d8c9-26813b445175,aoa-execution-2021-07-01-2021-12-31.csv,290956,143100,0,XBTUSD
2021-12-10 20:00:00,143100,dfc76aec-3977-21c6-b50e-e5584f37b1b5,aoa-execution-2021-07-01-2021-12-31.csv,290957,143100,0,XBTUSD
2021-12-11 04:00:00,143100,ddabcc46-982e-9907-b44e-b1550cdde2b9,aoa-execution-2021-07-01-2021-12-31.csv,290961,143100,0,XBTUSD
2021-12-11 12:00:00,143100,df038412-2630-371e-f070-015f39f87498,aoa-execution-2021-07-01-2021-12-31.csv,290959,143100,0,XBTUSD
2021-12-11 20:00:00,143100,30cfdd04-bce5-7c54-a76b-9a69498dd21f,aoa-execution-2021-07-01-2021-12-31.csv,290960,143100,0,XBTUSD
2021-12-12 04:00:00,143100,ec4260c3-fb94-d380-d142-c1f43b30d43b,aoa-execution-2021-07-01-2021-12-31.csv,290964,143100,0,XBTUSD
2021-12-12 12:00:00,143100,eac9548a-cf2c-ce4e-25d2-8680ded56a43,aoa-execution-2021-07-01-2021-12-31.csv,290962,143100,0,XBTUSD
2021-12-12 20:00:00,143100,91f32918-9905-ce30-b6d8-1ff2697e3eda,aoa-execution-2021-07-01-2021-12-31.csv,290963,143100,0,XBTUSD
2021-12-13 04:00:00,143100,6ef5b5d3-abe3-7d14-d82a-b22e08b29152,aoa-execution-2021-07-01-2021-12-31.csv,290967,143100,0,XBTUSD
2021-12-13 12:00:00,143100,afa60169-6609-9db5-a801-a008157713f0,aoa-execution-2021-07-01-2021-12-31.csv,290965,143100,0,XBTUSD
2021-12-13 20:00:00,143100,b1c975fe-319d-a0bb-b5bc-2a84bca1113f,aoa-execution-2021-07-01-2021-12-31.csv,290966,143100,0,XBTUSD
2021-12-14 04:00:00,143100,986687d4-4cc6-407c-eddb-236e86be7222,aoa-execution-2021-07-01-2021-12-31.csv,290969,143100,0,XBTUSD
2021-12-14 12:00:00,143100,3bf2371f-8cd8-ae1f-4736-faefaa9b681f,aoa-execution-2021-07-01-2021-12-31.csv,290970,143100,0,XBTUSD
2021-12-14 20:00:00,143100,1c9380ee-7fe1-d048-175a-da631faf7dbd,aoa-execution-2021-07-01-2021-12-31.csv,290968,143100,0,XBTUSD
2021-12-15 04:00:00,143100,b705b3bb-0402-65e5-d2ba-4e502dce6551,aoa-execution-2021-07-01-2021-12-31.csv,290972,143100,0,XBTUSD
2021-12-15 12:00:00,143100,c14e0536-5184-4f46-f194-e064a7958987,aoa-execution-2021-07-01-2021-12-31.csv,290971,143100,0,XBTUSD
2021-12-15 20:00:00,143100,42ef82cd-7aee-b6ae-d623-937c60f8d92a,aoa-execution-2021-07-01-2021-12-31.csv,290973,143100,0,XBTUSD
2021-12-16 04:00:00,143100,f27b1fb0-63f2-08c8-faf2-a1eeb28cdfe0,aoa-execution-2021-07-01-2021-12-31.csv,290975,143100,0,XBTUSD
2021-12-16 12:00:00,143100,23be35ff-333e-a98e-2996-4723e53399b8,aoa-execution-2021-07-01-2021-12-31.csv,290976,143100,0,XBTUSD
2021-12-16 20:00:00,143100,96e26667-e4e7-b421-7b0d-284d21186b38,aoa-execution-2021-07-01-2021-12-31.csv,290974,143100,0,XBTUSD
2021-12-17 04:00:00,143100,91e1f6ac-1e64-bbbd-54bb-4463bf9deb61,aoa-execution-2021-07-01-2021-12-31.csv,290979,143100,0,XBTUSD
2021-12-17 12:00:00,143100,821f4f4f-4889-3c02-279f-59d7e48bc364,aoa-execution-2021-07-01-2021-12-31.csv,290977,143100,0,XBTUSD
2021-12-17 20:00:00,143100,d3cd8e62-701f-61bd-88ab-617422d39db6,aoa-execution-2021-07-01-2021-12-31.csv,290978,143100,0,XBTUSD
2021-12-18 04:00:00,143100,e1409c99-9df1-9229-e180-8983ac0ea41a,aoa-execution-2021-07-01-2021-12-31.csv,290982,143100,0,XBTUSD
2021-12-18 12:00:00,143100,41262266-60e1-3a22-81b8-67e3362c8d48,aoa-execution-2021-07-01-2021-12-31.csv,290980,143100,0,XBTUSD
2021-12-18 20:00:00,143100,d41a2d86-9a74-a25b-7e93-220166aba3ca,aoa-execution-2021-07-01-2021-12-31.csv,290981,143100,0,XBTUSD
2021-12-19 04:00:00,143100,6ee28e0e-b814-7b63-b107-a90501d36f9a,aoa-execution-2021-07-01-2021-12-31.csv,290985,143100,0,XBTUSD
2021-12-19 12:00:00,143100,446a1c4e-64fb-bb04-6f04-c34cbc01a62e,aoa-execution-2021-07-01-2021-12-31.csv,290983,143100,0,XBTUSD
2021-12-19 20:00:00,143100,f86c02d3-9ce2-4913-ad96-f96f4da20208,aoa-execution-2021-07-01-2021-12-31.csv,290984,143100,0,XBTUSD
2021-12-20 04:00:00,143100,2db8b1d4-87ed-b7ee-c556-0951cd3c5ad3,aoa-execution-2021-07-01-2021-12-31.csv,291181,143100,0,XBTUSD
2021-12-20 12:00:00,143100,63580b2a-23de-70b0-3615-a775e3a10695,aoa-execution-2021-07-01-2021-12-31.csv,291572,143100,0,XBTUSD
2021-12-20 20:00:00,10919900,8ed57d7f-5db0-6fea-b7c5-71dfa00397b9,aoa-execution-2021-07-01-2021-12-31.csv,291571,10919900,0,XBTUSD
2021-12-21 04:00:00,10919900,7f7a982a-9604-a56e-8594-b449d2c83eb9,aoa-execution-2021-07-01-2021-12-31.csv,291573,10919900,0,XBTUSD
2021-12-21 12:00:00,10919900,8ac1f6c8-0939-c0fd-f87d-1c852a3da0e7,aoa-execution-2021-07-01-2021-12-31.csv,291575,10919900,0,XBTUSD
2021-12-21 20:00:00,10919900,5692aa87-6c5a-a781-f1f1-066a259a9925,aoa-execution-2021-07-01-2021-12-31.csv,291574,10919900,0,XBTUSD
2021-12-22 04:00:00,10919900,7987f1ed-f581-7d31-c5bf-7e2241ef9921,aoa-execution-2021-07-01-2021-12-31.csv,291699,10919900,0,XBTUSD
2021-12-22 12:00:00,10919900,c03ac4cf-0cde-989c-e2bb-8b2f9cbf5908,aoa-execution-2021-07-01-2021-12-31.csv,291697,10919900,0,XBTUSD
2021-12-22 20:00:00,10919900,a9df0f42-7a2a-1eda-8edf-917b0abc83b9,aoa-execution-2021-07-01-2021-12-31.csv,291698,10919900,0,XBTUSD
2021-12-23 04:00:00,6941200,5c3aaa59-0297-22a2-a7cc-86d2a9c76b14,aoa-execution-2021-07-01-2021-12-31.csv,291700,6941200,0,XBTUSD
2021-12-23 12:00:00,6941200,174cc852-f94e-6883-b6d8-5a9490920ac3,aoa-execution-2021-07-01-2021-12-31.csv,291830,6941200,0,XBTUSD
2021-12-23 20:00:00,919900,82573e53-e119-bd47-59b4-7aebebb8815d,aoa-execution-2021-07-01-2021-12-31.csv,291835,919900,0,XBTUSD
2021-12-24 04:00:00,5001100,6207d96b-d44d-b8d4-474c-4efc9055fcd3,aoa-execution-2021-07-01-2021-12-31.csv,293033,-5001100,0,XBTUSD
2021-12-24 12:00:00,29080100,7b647ae3-5e19-206d-f9bc-7242c72a519e,aoa-execution-2021-07-01-2021-12-31.csv,293032,-29080100,0,XBTUSD
2021-12-24 20:00:00,29080100,4748dffa-c629-a5b8-ba45-311999b1424d,aoa-execution-2021-07-01-2021-12-31.csv,292923,-29080100,0,XBTUSD
2021-12-25 04:00:00,29080100,a0856cdc-8389-325c-a3ef-d96cb49a03e9,aoa-execution-2021-07-01-2021-12-31.csv,293233,-29080100,0,XBTUSD
2021-12-25 12:00:00,29080100,294f1aa6-0912-9cc5-8e2e-ae2a5465d7d0,aoa-execution-2021-07-01-2021-12-31.csv,293235,-29080100,0,XBTUSD
2021-12-25 20:00:00,29080100,f9f3aa22-747c-74f4-42df-2197cef26e16,aoa-execution-2021-07-01-2021-12-31.csv,293234,-29080100,0,XBTUSD
2021-12-26 04:00:00,29080100,2755142f-2c8b-38d4-239d-86a529d3acbb,aoa-execution-2021-07-01-2021-12-31.csv,293236,-29080100,0,XBTUSD
2021-12-26 12:00:00,29080100,113bb37b-7331-9ef4-29f6-957a64301aa1,aoa-execution-2021-07-01-2021-12-31.csv,293238,-29080100,0,XBTUSD
2021-12-26 20:00:00,29080100,be643cfa-b998-8fe2-7b6b-cfe96262b4d5,aoa-execution-2021-07-01-2021-12-31.csv,293237,-29080100,0,XBTUSD
2021-12-27 04:00:00,29080100,db2e77a3-08a6-0a45-5e1f-504dfaaec2dc,aoa-execution-2021-07-01-2021-12-31.csv,293239,-29080100,0,XBTUSD
2021-12-27 12:00:00,29080100,7768e4d5-9068-3562-b129-6590088ad340,aoa-execution-2021-07-01-2021-12-31.csv,293241,-29080100,0,XBTUSD
2021-12-27 20:00:00,29080100,e40051bd-95b3-1eb7-cedc-1966b2858d57,aoa-execution-2021-07-01-2021-12-31.csv,293240,-29080100,0,XBTUSD
2021-12-28 04:00:00,29080100,7e53cac5-24bc-5c0e-2eba-4f130cf68163,aoa-execution-2021-07-01-2021-12-31.csv,293244,-29080100,0,XBTUSD
2021-12-28 12:00:00,29080100,f2bfb2c9-aa44-0815-d825-0f925cf60464,aoa-execution-2021-07-01-2021-12-31.csv,293242,-29080100,0,XBTUSD
2021-12-28 20:00:00,29080100,06c3c99d-2dc8-58fb-a011-19f0fb780918,aoa-execution-2021-07-01-2021-12-31.csv,293243,-29080100,0,XBTUSD
2021-12-29 04:00:00,29080100,871bc453-b0be-20d6-8fbe-60020fdb2a72,aoa-execution-2021-07-01-2021-12-31.csv,293245,-29080100,0,XBTUSD
2021-12-29 12:00:00,29080100,f26f8351-565f-4288-9f6d-0d31dfd532bb,aoa-execution-2021-07-01-2021-12-31.csv,293246,-29080100,0,XBTUSD
2021-12-29 20:00:00,29080100,9ec7a486-faae-57d3-f340-a2eaffeda9d3,aoa-execution-2021-07-01-2021-12-31.csv,293247,-29080100,0,XBTUSD
2021-12-30 04:00:00,29080100,6875a83f-dd2b-512b-4f43-2278bcae617e,aoa-execution-2021-07-01-2021-12-31.csv,293249,-29080100,0,XBTUSD
2021-12-30 12:00:00,29080100,65b102ad-724e-c450-59e0-fcc15b87eb7d,aoa-execution-2021-07-01-2021-12-31.csv,293250,-29080100,0,XBTUSD
2021-12-30 20:00:00,29080100,31bb46ff-6a22-064b-8af0-76b593f0b8f7,aoa-execution-2021-07-01-2021-12-31.csv,293248,-29080100,0,XBTUSD
2021-12-31 04:00:00,29080100,8e0eabc8-2e6c-46c3-5f66-e8e866154f75,aoa-execution-2021-07-01-2021-12-31.csv,293252,-29080100,0,XBTUSD
2021-12-31 12:00:00,29080100,6ed70d3a-f793-cc9a-5b02-6b5e14c73541,aoa-execution-2021-07-01-2021-12-31.csv,293253,-29080100,0,XBTUSD
2021-12-31 20:00:00,29080100,4cec1a71-7bce-924f-5669-af0296a7aab6,aoa-execution-2021-07-01-2021-12-31.csv,293251,-29080100,0,XBTUSD
2020-12-24 04:00:00,333,0bc90c93-6ede-d873-97cd-8b5647c65cf0,aoa-execution-2019-01-01-2020-12-31.csv,522998,333,0,XRPUSD
2020-12-24 12:00:00,333,ebe5f223-e61f-92ee-061b-280ea31efcd4,aoa-execution-2019-01-01-2020-12-31.csv,523838,333,0,XRPUSD
2020-12-24 20:00:00,333,66a9e1c2-e708-1d8b-b720-d3cca2450401,aoa-execution-2019-01-01-2020-12-31.csv,522996,333,0,XRPUSD
2020-12-25 04:00:00,333,7ba88751-2174-70d6-967e-ed21c5b22cb3,aoa-execution-2019-01-01-2020-12-31.csv,524208,333,0,XRPUSD
2020-12-25 12:00:00,333,e1f4be61-0f45-7df7-f2f1-670997dadb56,aoa-execution-2019-01-01-2020-12-31.csv,523870,333,0,XRPUSD
2020-12-25 20:00:00,333,55583f6a-b1e3-e01a-92a5-cf4129e8107d,aoa-execution-2019-01-01-2020-12-31.csv,523841,333,0,XRPUSD
2020-12-26 04:00:00,333,ddccef25-537e-2c4b-3464-72aaf2aa2933,aoa-execution-2019-01-01-2020-12-31.csv,524211,333,0,XRPUSD
2020-12-26 12:00:00,333,561e0744-5839-8a5d-d503-fa2350804e96,aoa-execution-2019-01-01-2020-12-31.csv,524213,333,0,XRPUSD
2020-12-26 20:00:00,333,200390e7-92fd-db77-7b2a-73db152ec7f5,aoa-execution-2019-01-01-2020-12-31.csv,524214,333,0,XRPUSD
2020-12-27 04:00:00,333,a69efcc7-2ffa-5de4-4234-f46a57a5e69e,aoa-execution-2019-01-01-2020-12-31.csv,524808,333,0,XRPUSD
2020-12-27 12:00:00,333,ca62a598-f84c-4879-a2f8-a394c31345eb,aoa-execution-2019-01-01-2020-12-31.csv,524809,333,0,XRPUSD
2020-12-29 20:00:00,99324,614ebf28-6f40-af58-3792-c3e6e2cc0188,aoa-execution-2019-01-01-2020-12-31.csv,525952,99324,0,XRPUSD
2020-12-30 04:00:00,2982174,ef63b96f-54ce-46ed-b28d-bbf04b2c8b72,aoa-execution-2019-01-01-2020-12-31.csv,528135,2982174,0,XRPUSD
2020-12-30 12:00:00,1420472,906b5e48-e700-86e5-bb8f-c8acaf0c81df,aoa-execution-2019-01-01-2020-12-31.csv,526832,1420472,0,XRPUSD
2020-12-30 20:00:00,1420472,9e6b159f-03dd-d467-7e00-b12f14d82b5a,aoa-execution-2019-01-01-2020-12-31.csv,526830,1420472,0,XRPUSD
2020-12-31 04:00:00,1420472,066b25d3-891c-6b70-357e-fec266f69819,aoa-execution-2019-01-01-2020-12-31.csv,528520,1420472,0,XRPUSD
2020-12-31 12:00:00,1420472,e206c052-f30e-bf6d-d41f-05a25beef581,aoa-execution-2019-01-01-2020-12-31.csv,528617,1420472,0,XRPUSD
2020-12-31 20:00:00,1420472,43ffd0bf-9451-cfd0-5c3c-1a81281b7409,aoa-execution-2019-01-01-2020-12-31.csv,529633,1420472,0,XRPUSD
2021-01-01 04:00:00,1420472,c83a2282-5e37-930e-8511-b4f3c5e60c3d,aoa-execution-2021-01-01-2021-06-30.csv,3,1420472,0,XRPUSD
2021-01-01 12:00:00,1420472,aeb9ad4a-abce-8708-6f8a-7f9973d5e669,aoa-execution-2021-01-01-2021-06-30.csv,5,1420472,0,XRPUSD
2021-01-01 20:00:00,1420472,1bb403e1-20bd-c937-770b-5f7022536fa6,aoa-execution-2021-01-01-2021-06-30.csv,7,1420472,0,XRPUSD
2021-01-02 04:00:00,1420472,74b38d45-0cf3-5205-096d-de7591cb0e3b,aoa-execution-2021-01-01-2021-06-30.csv,9,1420472,0,XRPUSD
2021-01-02 12:00:00,1420472,b85bac06-bcfd-d3fd-f0cb-4ecfb0a02c76,aoa-execution-2021-01-01-2021-06-30.csv,666,1420472,0,XRPUSD
2021-01-02 20:00:00,1420472,7fd5dbc5-87a1-f087-d39e-0c314d809b2a,aoa-execution-2021-01-01-2021-06-30.csv,667,1420472,0,XRPUSD
2021-01-03 04:00:00,1420472,2a505956-b2ba-95d7-a419-d26c870ebe3b,aoa-execution-2021-01-01-2021-06-30.csv,25826,1420472,0,XRPUSD
2021-01-03 12:00:00,1420472,f0364558-6f09-7157-c75b-249fc71a17b7,aoa-execution-2021-01-01-2021-06-30.csv,25828,1420472,0,XRPUSD
2021-01-03 20:00:00,1420472,1c65e9ac-c26a-364d-6584-b06ce21abebf,aoa-execution-2021-01-01-2021-06-30.csv,30533,1420472,0,XRPUSD
2021-01-04 04:00:00,1420472,71c54311-d89c-b237-ba49-bf013411c246,aoa-execution-2021-01-01-2021-06-30.csv,669,1420472,0,XRPUSD
2021-01-04 12:00:00,1420472,2a68e8ee-cb30-87c8-0cde-23b626b979d5,aoa-execution-2021-01-01-2021-06-30.csv,895,1420472,0,XRPUSD
2021-01-04 20:00:00,1420472,58ec28ca-3030-77df-ea6f-d8095c02a707,aoa-execution-2021-01-01-2021-06-30.csv,897,1420472,0,XRPUSD
2021-02-04 20:00:00,600417,99de1df6-cea3-a775-83c1-54bced77d2c0,aoa-execution-2021-01-01-2021-06-30.csv,34530,-600417,0,XRPUSD
2021-02-05 04:00:00,1200417,aee1af63-6f50-f2a0-acba-7d5bd7730f31,aoa-execution-2021-01-01-2021-06-30.csv,34552,-1200417,0,XRPUSD
2021-02-05 12:00:00,1200417,dd438675-7dd7-bcfd-b397-67141f9561dd,aoa-execution-2021-01-01-2021-06-30.csv,34554,-1200417,0,XRPUSD
2021-02-05 20:00:00,1200417,57266a3f-46e5-b9d6-67d4-a64528c9366a,aoa-execution-2021-01-01-2021-06-30.csv,34556,-1200417,0,XRPUSD
2021-02-06 04:00:00,1200417,4b3f613e-2450-16a6-a2f4-36a2a2d4d645,aoa-execution-2021-01-01-2021-06-30.csv,34690,-1200417,0,XRPUSD
2021-02-06 12:00:00,1200417,196a8759-260d-0ab6-049d-9a7cdc2cda21,aoa-execution-2021-01-01-2021-06-30.csv,34688,-1200417,0,XRPUSD
2021-02-06 20:00:00,1200417,b2557171-89b8-7680-5938-64507f247b81,aoa-execution-2021-01-01-2021-06-30.csv,34887,-1200417,0,XRPUSD
2021-02-07 04:00:00,1200417,6f017478-2af0-75bf-8489-ef9a36530768,aoa-execution-2021-01-01-2021-06-30.csv,35321,-1200417,0,XRPUSD
2021-02-07 12:00:00,1200417,f2439683-f477-d074-e946-8a33c2ff7f05,aoa-execution-2021-01-01-2021-06-30.csv,35929,-1200417,0,XRPUSD
2021-02-07 20:00:00,1200417,85eda876-f9aa-ed75-0cc5-24f1b50a496a,aoa-execution-2021-01-01-2021-06-30.csv,36677,-1200417,0,XRPUSD
2021-02-08 04:00:00,1200417,12884c9d-9972-565a-2fcb-01c629785ef9,aoa-execution-2021-01-01-2021-06-30.csv,36744,-1200417,0,XRPUSD
2021-02-08 12:00:00,1200417,e27eb363-3d86-e217-e9c3-f023ae13e9ca,aoa-execution-2021-01-01-2021-06-30.csv,37282,-1200417,0,XRPUSD
2021-02-08 20:00:00,1200417,94664c26-5ba5-08be-9caa-e2862a26e4dd,aoa-execution-2021-01-01-2021-06-30.csv,39326,-1200417,0,XRPUSD
2021-05-01 04:00:00,800000,0cc0c34d-b272-cade-5fb8-b72c30b7bcc4,aoa-execution-2021-01-01-2021-06-30.csv,124979,-800000,0,XRPUSD
2021-05-01 12:00:00,800000,756434ec-1c81-9b99-571c-d1b5a6c85f79,aoa-execution-2021-01-01-2021-06-30.csv,126027,-800000,0,XRPUSD
2021-05-01 20:00:00,800000,d8cc139a-b24a-7f09-e33b-01ac74ddc421,aoa-execution-2021-01-01-2021-06-30.csv,126224,-800000,0,XRPUSD
2021-05-02 04:00:00,800000,3821d4c6-3ad6-ea0b-3fd7-23f386b81370,aoa-execution-2021-01-01-2021-06-30.csv,126540,-800000,0,XRPUSD
2021-05-02 12:00:00,800000,c6e11ed7-60e2-27a9-023c-58cacd8a83dd,aoa-execution-2021-01-01-2021-06-30.csv,126234,-800000,0,XRPUSD
2021-05-02 20:00:00,800000,b586f9f6-7dcc-59b4-0f3a-d293da76de26,aoa-execution-2021-01-01-2021-06-30.csv,126228,-800000,0,XRPUSD
2021-05-03 04:00:00,800000,c7f8ae7e-d260-88f0-f4f1-3d6fd76eb477,aoa-execution-2021-01-01-2021-06-30.csv,126675,-800000,0,XRPUSD
2021-05-03 12:00:00,800000,e8624e8a-2b5c-b4b7-9aaa-d8e670853896,aoa-execution-2021-01-01-2021-06-30.csv,131593,-800000,0,XRPUSD
2021-05-03 20:00:00,800000,7d576b75-05b8-bb9a-97f7-efe8badb4f51,aoa-execution-2021-01-01-2021-06-30.csv,131592,-800000,0,XRPUSD
2021-05-04 04:00:00,800000,d2213653-621d-b805-ea03-6907323d4b1d,aoa-execution-2021-01-01-2021-06-30.csv,133452,-800000,0,XRPUSD
2021-05-04 12:00:00,800000,3bf1aad6-97b2-0e1f-715b-d6155daa4b66,aoa-execution-2021-01-01-2021-06-30.csv,133445,-800000,0,XRPUSD
2021-05-04 20:00:00,400000,6803f2f9-229a-83ad-8f77-b96705a1c2fc,aoa-execution-2021-01-01-2021-06-30.csv,131611,-400000,0,XRPUSD
2021-05-05 04:00:00,400000,bc103081-50e3-2958-98ed-b181ee0d54f3,aoa-execution-2021-01-01-2021-06-30.csv,136071,-400000,0,XRPUSD
2021-05-05 12:00:00,400000,de357349-21be-4238-1b7f-815ca84ea5a0,aoa-execution-2021-01-01-2021-06-30.csv,136073,-400000,0,XRPUSD
2021-05-05 20:00:00,400000,74e5ed62-d77d-d149-355c-870e2071030f,aoa-execution-2021-01-01-2021-06-30.csv,136451,-400000,0,XRPUSD
2021-05-06 04:00:00,200000,192abab4-d536-f526-206c-70300f99eaf3,aoa-execution-2021-01-01-2021-06-30.csv,137718,-200000,0,XRPUSD
2021-05-06 12:00:00,200000,97a528fe-7934-abdc-4ba9-8141d97764ea,aoa-execution-2021-01-01-2021-06-30.csv,137460,-200000,0,XRPUSD
2021-05-06 20:00:00,200000,cffd8cca-b5f7-eb13-452c-a5cd99f7e933,aoa-execution-2021-01-01-2021-06-30.csv,137714,-200000,0,XRPUSD
2021-05-07 04:00:00,200000,1199bfa9-6b87-2a27-7abd-fb0f51b70bd4,aoa-execution-2021-01-01-2021-06-30.csv,140326,-200000,0,XRPUSD
2021-05-07 12:00:00,200000,1066a039-486a-42d0-8802-93abb117c584,aoa-execution-2021-01-01-2021-06-30.csv,140317,-200000,0,XRPUSD
2021-05-07 20:00:00,200000,52a4b8f4-e3f1-db27-11d6-df12bfcdf343,aoa-execution-2021-01-01-2021-06-30.csv,140293,-200000,0,XRPUSD
2021-05-08 04:00:00,200000,437ea61c-a5cd-f32d-3d84-d4988b39df08,aoa-execution-2021-01-01-2021-06-30.csv,140332,-200000,0,XRPUSD
2021-05-08 12:00:00,200000,c98a61f1-b791-f6d6-4eb9-0f1365646aba,aoa-execution-2021-01-01-2021-06-30.csv,140336,-200000,0,XRPUSD
2021-05-08 20:00:00,200000,318657dd-d196-aef3-2b6c-394fdcb8d717,aoa-execution-2021-01-01-2021-06-30.csv,141308,-200000,0,XRPUSD
2021-05-09 04:00:00,200000,86e6b3d0-71d7-67ad-a078-f9842cadf2fb,aoa-execution-2021-01-01-2021-06-30.csv,141897,-200000,0,XRPUSD
2021-05-09 12:00:00,200000,a9541772-a2e8-0117-e015-c53fe555c704,aoa-execution-2021-01-01-2021-06-30.csv,141918,-200000,0,XRPUSD
2021-05-09 20:00:00,200000,146df4cf-8ecd-fdfd-552e-13f205f11189,aoa-execution-2021-01-01-2021-06-30.csv,141886,-200000,0,XRPUSD
2021-05-10 04:00:00,200000,6c685b99-ee68-f648-0efb-68a33165d0ae,aoa-execution-2021-01-01-2021-06-30.csv,149780,-200000,0,XRPUSD
2021-05-10 12:00:00,200000,c8b6d9aa-68d9-7c92-b392-3c35a6053ee8,aoa-execution-2021-01-01-2021-06-30.csv,147888,-200000,0,XRPUSD
2021-05-10 20:00:00,200000,47b42207-6aea-d440-a36e-fada52651b95,aoa-execution-2021-01-01-2021-06-30.csv,148338,-200000,0,XRPUSD
2021-05-11 04:00:00,728336,659de08f-c4e6-8b8a-7ae0-2c5481c13394,aoa-execution-2021-01-01-2021-06-30.csv,155523,-728336,0,XRPUSD
2021-05-11 12:00:00,728336,5a7d33aa-a3f5-9888-5d77-5ae687fef767,aoa-execution-2021-01-01-2021-06-30.csv,155955,-728336,0,XRPUSD
2021-05-11 20:00:00,728336,746f3886-48ab-a803-1c55-9f4bcb6f4776,aoa-execution-2021-01-01-2021-06-30.csv,155949,-728336,0,XRPUSD
2021-05-12 04:00:00,728336,27c71458-f8ea-7dae-3274-f412293c8268,aoa-execution-2021-01-01-2021-06-30.csv,157508,-728336,0,XRPUSD
2021-05-12 12:00:00,330926,4f0c6554-94b8-4dd5-a129-30fc023b02e8,aoa-execution-2021-01-01-2021-06-30.csv,158648,-330926,0,XRPUSD
2021-05-12 20:00:00,330926,3cb7ba80-26e7-1871-33d2-752b6ce1c9e2,aoa-execution-2021-01-01-2021-06-30.csv,159682,-330926,0,XRPUSD
2021-05-13 04:00:00,230926,b769faa6-2514-3324-9986-1ce758ebe79e,aoa-execution-2021-01-01-2021-06-30.csv,162860,-230926,0,XRPUSD
2021-05-13 12:00:00,230926,295df558-e18f-df9c-e695-a5f964e32a8d,aoa-execution-2021-01-01-2021-06-30.csv,170694,-230926,0,XRPUSD
2021-05-13 20:00:00,147926,90e6d8df-4974-7795-238c-14bce07c84b8,aoa-execution-2021-01-01-2021-06-30.csv,171157,-147926,0,XRPUSD
2021-05-14 04:00:00,147926,a97328df-f29b-890b-6407-134915d24daf,aoa-execution-2021-01-01-2021-06-30.csv,171167,-147926,0,XRPUSD
2021-05-14 12:00:00,147926,0073d0d3-ba33-0f3d-b625-a3f2159b4c57,aoa-execution-2021-01-01-2021-06-30.csv,171169,-147926,0,XRPUSD
2021-05-14 20:00:00,147926,05c0aca4-ac9b-6c6e-7de2-3067d11ffa90,aoa-execution-2021-01-01-2021-06-30.csv,171180,-147926,0,XRPUSD
2021-05-15 04:00:00,147926,58bb39f9-35cc-8868-0482-5eec56f1850d,aoa-execution-2021-01-01-2021-06-30.csv,171851,-147926,0,XRPUSD
2021-05-15 12:00:00,147926,b1bb68f2-731e-573b-7d29-6dcf6d2d2e85,aoa-execution-2021-01-01-2021-06-30.csv,171857,-147926,0,XRPUSD
2021-05-15 20:00:00,147926,4fad9cdd-0cfb-47f7-59eb-21d9c326062a,aoa-execution-2021-01-01-2021-06-30.csv,171284,-147926,0,XRPUSD
2021-05-16 04:00:00,147926,c1973702-cb63-5638-1edb-867cc8c8bd92,aoa-execution-2021-01-01-2021-06-30.csv,171868,-147926,0,XRPUSD
2021-05-16 12:00:00,147926,553493ec-31c1-302a-afd3-24d3bf3590f1,aoa-execution-2021-01-01-2021-06-30.csv,171862,-147926,0,XRPUSD
2021-06-03 20:00:00,565234,d7457f5c-adb3-c6c6-3e87-631bb968bc5b,aoa-execution-2021-01-01-2021-06-30.csv,299606,-565234,0,XRPUSD
2021-06-04 04:00:00,706821,799d1691-b78b-1161-70de-d1b15f497ab5,aoa-execution-2021-01-01-2021-06-30.csv,303590,-706821,0,XRPUSD
2021-06-04 12:00:00,706821,67d9c10d-7f26-7991-66fd-63c2721eaabc,aoa-execution-2021-01-01-2021-06-30.csv,301513,-706821,0,XRPUSD
2021-06-04 20:00:00,706821,81499574-993f-d006-00ca-140d77310ca1,aoa-execution-2021-01-01-2021-06-30.csv,303581,-706821,0,XRPUSD
2021-06-05 04:00:00,706821,9e709e0a-d589-4f9c-7e6f-64923b7130a3,aoa-execution-2021-01-01-2021-06-30.csv,314044,-706821,0,XRPUSD
2021-06-05 12:00:00,706821,29a790ca-e1a9-e38d-39ca-5f5478f6015b,aoa-execution-2021-01-01-2021-06-30.csv,311152,-706821,0,XRPUSD
2021-06-05 20:00:00,706821,dd8f58a4-e96f-7f4f-53d6-cc67acca847f,aoa-execution-2021-01-01-2021-06-30.csv,311293,-706821,0,XRPUSD
2021-06-06 04:00:00,706821,ba13fc07-9530-2b96-fbf1-24ccc74d794f,aoa-execution-2021-01-01-2021-06-30.csv,314393,-706821,0,XRPUSD
2021-06-06 12:00:00,706821,ebc7e4c6-22c1-d0dc-88dd-81018b9f79aa,aoa-execution-2021-01-01-2021-06-30.csv,314386,-706821,0,XRPUSD
2021-06-06 20:00:00,706821,c83707ab-1022-564c-5214-c00ffbced0a0,aoa-execution-2021-01-01-2021-06-30.csv,314352,-706821,0,XRPUSD
2021-06-07 04:00:00,706821,f7306f29-d8f4-f8b5-f2a0-173adfba152a,aoa-execution-2021-01-01-2021-06-30.csv,317151,-706821,0,XRPUSD
2021-06-07 12:00:00,706821,99758dcc-aacd-3f91-6ce1-3a763c32b96f,aoa-execution-2021-01-01-2021-06-30.csv,315903,-706821,0,XRPUSD
2021-06-07 20:00:00,706821,b448d46d-6c2b-c19b-b82d-1db06da5c1e3,aoa-execution-2021-01-01-2021-06-30.csv,315868,-706821,0,XRPUSD
2021-06-08 04:00:00,706821,89722f4f-b282-801b-15a3-2b7475d826e5,aoa-execution-2021-01-01-2021-06-30.csv,320675,-706821,0,XRPUSD
2021-06-08 12:00:00,706821,f0598fec-7ded-b0f4-c37d-a1e12ae010a5,aoa-execution-2021-01-01-2021-06-30.csv,323985,-706821,0,XRPUSD
2021-06-08 20:00:00,706821,7de9dac5-aa46-f0ed-41d1-0b07b83dbc99,aoa-execution-2021-01-01-2021-06-30.csv,317197,-706821,0,XRPUSD
2021-06-09 04:00:00,706821,f33292bf-2397-7ec6-eeda-beb5e2a7e6da,aoa-execution-2021-01-01-2021-06-30.csv,326948,-706821,0,XRPUSD
2021-06-09 12:00:00,706821,b1b9d756-0c92-e018-c01e-dd641d44adbc,aoa-execution-2021-01-01-2021-06-30.csv,329769,-706821,0,XRPUSD
2021-06-09 20:00:00,706821,0a207d93-99c1-3ff3-9c5e-0988ec6de864,aoa-execution-2021-01-01-2021-06-30.csv,332393,-706821,0,XRPUSD
2021-06-10 04:00:00,706821,ace23847-c610-1412-22a0-61d23b5bfbe3,aoa-execution-2021-01-01-2021-06-30.csv,346905,-706821,0,XRPUSD
2021-06-10 12:00:00,492703,ca814681-d5e8-a8ca-3524-d4e7830e45c8,aoa-execution-2021-01-01-2021-06-30.csv,345369,-492703,0,XRPUSD
2021-06-10 20:00:00,138756,56e1b9d3-750d-10f0-7470-feedf2df9904,aoa-execution-2021-01-01-2021-06-30.csv,346375,-138756,0,XRPUSD
2021-06-22 20:00:00,1459962,9fe638c5-b9a9-59df-27df-c11acd942707,aoa-execution-2021-01-01-2021-06-30.csv,418436,-1459962,0,XRPUSD
2021-06-23 04:00:00,915866,6ef5cfd4-350c-fd3b-f991-d1622ab79039,aoa-execution-2021-01-01-2021-06-30.csv,434994,-915866,0,XRPUSD
2021-06-23 12:00:00,915866,425c3833-cb17-cbd8-c70a-2738b9ce4a72,aoa-execution-2021-01-01-2021-06-30.csv,438179,-915866,0,XRPUSD
2021-08-02 12:00:00,1002743,604a243a-04c1-64a6-ad7d-d09f13c92cea,aoa-execution-2021-07-01-2021-12-31.csv,44578,-1002743,0,XRPUSD
2021-08-02 20:00:00,1002743,25963c91-9811-ff66-bd38-8400e56d3eb0,aoa-execution-2021-07-01-2021-12-31.csv,41544,-1002743,0,XRPUSD
2021-08-03 04:00:00,1002743,83c36805-0403-ac13-f33e-99d4c41ed94d,aoa-execution-2021-07-01-2021-12-31.csv,47024,-1002743,0,XRPUSD
2021-09-18 12:00:00,800000,51221c03-1215-3f1f-0d8b-9842d907f8e1,aoa-execution-2021-07-01-2021-12-31.csv,158013,-800000,0,XRPUSD
2021-09-18 20:00:00,800000,a71870a7-6d7a-1c38-d516-f0213082170b,aoa-execution-2021-07-01-2021-12-31.csv,161864,-800000,0,XRPUSD
2021-09-19 04:00:00,800000,29e92e32-5f1c-01d1-ba17-b765eb4df51d,aoa-execution-2021-07-01-2021-12-31.csv,165427,-800000,0,XRPUSD
2021-09-19 12:00:00,800000,644880c9-fc0a-5f00-a26a-a208a4a1a8aa,aoa-execution-2021-07-01-2021-12-31.csv,164539,-800000,0,XRPUSD
2021-09-19 20:00:00,800000,87150528-0fa8-1465-99a4-c7cbf873a3bd,aoa-execution-2021-07-01-2021-12-31.csv,165423,-800000,0,XRPUSD
2021-09-20 04:00:00,879058,27d93685-24b5-e858-e4ae-4d420031bcb3,aoa-execution-2021-07-01-2021-12-31.csv,165436,-879058,0,XRPUSD
2021-09-20 12:00:00,879058,6cf890b4-eb34-6887-ab0f-836ff9b51db9,aoa-execution-2021-07-01-2021-12-31.csv,168576,-879058,0,XRPUSD
2021-09-20 20:00:00,879058,d5add5c4-2894-36f8-3e6c-2e9d11f0e2e3,aoa-execution-2021-07-01-2021-12-31.csv,165433,-879058,0,XRPUSD
2021-09-21 04:00:00,879058,175ed5f8-35ef-6668-6758-34bee30b387e,aoa-execution-2021-07-01-2021-12-31.csv,175120,-879058,0,XRPUSD
2021-09-21 12:00:00,879058,fc9c0b54-7933-6b0f-ee56-4cb2834cdee9,aoa-execution-2021-07-01-2021-12-31.csv,174050,-879058,0,XRPUSD
2021-09-21 20:00:00,479058,34bd599d-a671-c7c0-d71b-615a679c880e,aoa-execution-2021-07-01-2021-12-31.csv,172472,-479058,0,XRPUSD
2021-09-22 04:00:00,479058,1071cfba-beda-b367-6d6e-cca1248c2b57,aoa-execution-2021-07-01-2021-12-31.csv,187484,-479058,0,XRPUSD
2021-09-22 12:00:00,479058,26f135bb-72d9-ff1a-db61-32ec29b2bc0f,aoa-execution-2021-07-01-2021-12-31.csv,183786,-479058,0,XRPUSD
2021-09-22 20:00:00,1079058,517819f9-6f00-6e6d-bc9d-a24edeb22d9e,aoa-execution-2021-07-01-2021-12-31.csv,189829,-1079058,0,XRPUSD
2021-09-23 04:00:00,1079058,41e0ad1b-cb05-8fdf-088f-433117e49762,aoa-execution-2021-07-01-2021-12-31.csv,189845,-1079058,0,XRPUSD
2021-09-23 12:00:00,1079058,85bba4eb-dc14-ca1b-41e0-c78a0ae04ceb,aoa-execution-2021-07-01-2021-12-31.csv,189843,-1079058,0,XRPUSD
2021-09-23 20:00:00,1079058,e18bf923-3d53-bc00-7bd7-67214c0fa9a3,aoa-execution-2021-07-01-2021-12-31.csv,189838,-1079058,0,XRPUSD
2021-09-24 04:00:00,1079058,00dd0cde-3012-0708-b30b-21b8ef9e101a,aoa-execution-2021-07-01-2021-12-31.csv,198675,-1079058,0,XRPUSD
2021-09-24 12:00:00,1079058,5872ba67-ccf7-459d-2757-d08b3f2a07b1,aoa-execution-2021-07-01-2021-12-31.csv,194938,-1079058,0,XRPUSD
2021-09-24 20:00:00,1079058,692342a4-4bce-6cef-2903-f44f796b2392,aoa-execution-2021-07-01-2021-12-31.csv,195327,-1079058,0,XRPUSD
2021-09-25 04:00:00,1079058,66fd65f3-a832-74a5-190a-e0a5ba0b3566,aoa-execution-2021-07-01-2021-12-31.csv,200956,-1079058,0,XRPUSD
2021-09-25 12:00:00,1079058,8d810241-6331-1f31-85a4-63ba20d5503e,aoa-execution-2021-07-01-2021-12-31.csv,200962,-1079058,0,XRPUSD
2021-09-25 20:00:00,1079058,b1b34e6f-50bc-4dd9-5aea-5eafd80b2248,aoa-execution-2021-07-01-2021-12-31.csv,200959,-1079058,0,XRPUSD
2021-09-26 04:00:00,1079058,8d02cea5-b56a-1f05-43d7-3fe73eb4ba4b,aoa-execution-2021-07-01-2021-12-31.csv,200971,-1079058,0,XRPUSD
2021-09-29 20:00:00,464339,76949b0d-3fe8-e030-76f6-8d13a9886770,aoa-execution-2021-07-01-2021-12-31.csv,219399,-464339,0,XRPUSD
2021-09-30 04:00:00,464339,c0172043-b22b-e795-265a-9c91e09b8bcd,aoa-execution-2021-07-01-2021-12-31.csv,219406,-464339,0,XRPUSD
2021-09-30 12:00:00,464339,3852a2da-da22-add6-b596-49d822a00a3f,aoa-execution-2021-07-01-2021-12-31.csv,219402,-464339,0,XRPUSD
2021-09-30 20:00:00,464339,e2ed9ee8-ad3a-6c77-66e5-843efda38227,aoa-execution-2021-07-01-2021-12-31.csv,219405,-464339,0,XRPUSD
2021-10-01 04:00:00,464339,dc6fbcfc-4c58-03ee-797e-ccdd10b4ef3e,aoa-execution-2021-07-01-2021-12-31.csv,219417,-464339,0,XRPUSD
2021-10-01 12:00:00,464339,96fb82bd-f5bc-f85a-a94f-9f3ab64e88ae,aoa-execution-2021-07-01-2021-12-31.csv,219411,-464339,0,XRPUSD
2021-10-01 20:00:00,464339,bb4e547c-d9f7-0cb8-6fdf-0e83c2709008,aoa-execution-2021-07-01-2021-12-31.csv,219414,-464339,0,XRPUSD
2021-10-02 04:00:00,464339,56512738-a433-5042-9711-7d525fd7ad4a,aoa-execution-2021-07-01-2021-12-31.csv,219421,-464339,0,XRPUSD
2021-10-02 12:00:00,464339,7099aba3-5db7-3f73-34e5-2a119c0a3deb,aoa-execution-2021-07-01-2021-12-31.csv,219420,-464339,0,XRPUSD
2021-10-02 20:00:00,464339,3908efc5-465b-8dd2-22ac-7c1bb12fa27c,aoa-execution-2021-07-01-2021-12-31.csv,219425,-464339,0,XRPUSD
2021-10-03 04:00:00,464339,4a120ef5-9a20-6179-2651-05e3d4c88531,aoa-execution-2021-07-01-2021-12-31.csv,219429,-464339,0,XRPUSD
2021-10-03 12:00:00,464339,8fc1c121-fb97-faab-9955-943c8ebfb779,aoa-execution-2021-07-01-2021-12-31.csv,219432,-464339,0,XRPUSD
2021-10-03 20:00:00,464339,883e06d3-ebc0-782f-9c9c-426fbccdd9dc,aoa-execution-2021-07-01-2021-12-31.csv,219434,-464339,0,XRPUSD
2021-10-04 04:00:00,464339,fa550a90-026b-37f6-3d14-cf3d741ecb54,aoa-execution-2021-07-01-2021-12-31.csv,219442,-464339,0,XRPUSD
2021-10-04 12:00:00,464339,ffdeb4a8-887c-8db2-bf57-ffeae4c74f37,aoa-execution-2021-07-01-2021-12-31.csv,219441,-464339,0,XRPUSD
2021-10-04 20:00:00,464339,862332e0-21fe-141e-117a-ac141c11844b,aoa-execution-2021-07-01-2021-12-31.csv,219437,-464339,0,XRPUSD
2021-10-05 04:00:00,464339,c808963d-4b86-68c8-d97b-65d5b22e79c7,aoa-execution-2021-07-01-2021-12-31.csv,219453,-464339,0,XRPUSD
2021-10-05 12:00:00,464339,aea7829f-6c35-b3d4-ce67-65470cd36990,aoa-execution-2021-07-01-2021-12-31.csv,219445,-464339,0,XRPUSD
2021-10-05 20:00:00,464339,ba06abfe-9333-adcd-c951-9d3bfa926b37,aoa-execution-2021-07-01-2021-12-31.csv,219450,-464339,0,XRPUSD
2021-10-06 04:00:00,464339,b080386e-9477-9e00-98f9-fb5e57b04c25,aoa-execution-2021-07-01-2021-12-31.csv,219456,-464339,0,XRPUSD
2021-10-06 12:00:00,464339,57849116-4a4e-8fec-79d7-618350813af8,aoa-execution-2021-07-01-2021-12-31.csv,223059,-464339,0,XRPUSD
2021-10-06 20:00:00,1039554,9dde1249-d3b4-1f49-1471-ef96eaff4681,aoa-execution-2021-07-01-2021-12-31.csv,221916,-1039554,0,XRPUSD
2021-10-07 04:00:00,1039554,a18c23a6-8dfe-dc2c-af40-f4839a566278,aoa-execution-2021-07-01-2021-12-31.csv,224532,-1039554,0,XRPUSD
2021-10-07 12:00:00,1039554,22659410-e12b-0e6f-1758-18763ddd7d2e,aoa-execution-2021-07-01-2021-12-31.csv,224535,-1039554,0,XRPUSD
2021-10-07 20:00:00,1039554,2f5ee555-cb78-8a15-4e5b-0ea68dfde407,aoa-execution-2021-07-01-2021-12-31.csv,224529,-1039554,0,XRPUSD
2021-10-08 04:00:00,1039554,965fc99d-320a-85cc-e1f5-8e0b1c5f9d10,aoa-execution-2021-07-01-2021-12-31.csv,224541,-1039554,0,XRPUSD
2021-10-08 12:00:00,1039554,30a8c54f-83cd-f4b5-2139-130ec2186fdc,aoa-execution-2021-07-01-2021-12-31.csv,224542,-1039554,0,XRPUSD
2021-10-08 20:00:00,1039554,72e9acbd-8c20-29e6-deb3-cfe150f2bc8f,aoa-execution-2021-07-01-2021-12-31.csv,224536,-1039554,0,XRPUSD
2021-10-09 04:00:00,1039554,d60987ec-f1a7-bb35-0364-20bf10416f82,aoa-execution-2021-07-01-2021-12-31.csv,224553,-1039554,0,XRPUSD
2021-10-09 12:00:00,1039554,5e8051e7-f6fc-4fe0-2174-e3f2ca95a3cd,aoa-execution-2021-07-01-2021-12-31.csv,224547,-1039554,0,XRPUSD
2021-10-09 20:00:00,1039554,f4c5f208-1ca3-3a49-1ed7-d6ad2c9a14d6,aoa-execution-2021-07-01-2021-12-31.csv,224550,-1039554,0,XRPUSD
2021-10-10 04:00:00,1039554,84b9975b-352b-96dc-8431-300d1e9d1fe5,aoa-execution-2021-07-01-2021-12-31.csv,224559,-1039554,0,XRPUSD
2021-10-10 12:00:00,1039554,e6285a3d-54d5-72d4-7bad-5d650713fc5a,aoa-execution-2021-07-01-2021-12-31.csv,224554,-1039554,0,XRPUSD
2021-10-10 20:00:00,1039554,2fc47ea8-4a30-1566-0289-a90de369e7e3,aoa-execution-2021-07-01-2021-12-31.csv,224560,-1039554,0,XRPUSD
2021-10-11 04:00:00,1039554,b609f363-29f3-b0d9-7a35-9181e954452f,aoa-execution-2021-07-01-2021-12-31.csv,224571,-1039554,0,XRPUSD
2021-10-11 12:00:00,1039554,ca593c8d-2c90-59b0-692e-2cb4695e8609,aoa-execution-2021-07-01-2021-12-31.csv,224568,-1039554,0,XRPUSD
2021-10-11 20:00:00,1039554,39a9cd7d-75a5-f655-0ae1-dde8913c2203,aoa-execution-2021-07-01-2021-12-31.csv,224565,-1039554,0,XRPUSD
2021-10-12 04:00:00,1039554,0e671fdc-6a30-a936-6e39-7df7ac131af1,aoa-execution-2021-07-01-2021-12-31.csv,225845,-1039554,0,XRPUSD
2021-10-12 12:00:00,1039554,56383634-3e4f-3f41-d9c6-4b50938f9143,aoa-execution-2021-07-01-2021-12-31.csv,224923,-1039554,0,XRPUSD
2021-10-12 20:00:00,1039554,5130e33f-e875-8111-c555-f3e1f2cb8a66,aoa-execution-2021-07-01-2021-12-31.csv,224574,-1039554,0,XRPUSD
2021-10-13 04:00:00,1039554,f1187d1a-51b1-ca45-2996-cb4e8353a1a8,aoa-execution-2021-07-01-2021-12-31.csv,226650,-1039554,0,XRPUSD
2021-10-13 12:00:00,1039554,700813e9-4d4a-199d-6148-bb02b83852a7,aoa-execution-2021-07-01-2021-12-31.csv,226647,-1039554,0,XRPUSD
2021-10-13 20:00:00,1039554,1cb6708e-e49d-f2e7-44e1-9b929d286ad4,aoa-execution-2021-07-01-2021-12-31.csv,227718,-1039554,0,XRPUSD
2021-10-14 04:00:00,1039554,53fa35ac-0005-e4df-c1d4-a875af433440,aoa-execution-2021-07-01-2021-12-31.csv,227723,-1039554,0,XRPUSD
2021-10-14 12:00:00,1039554,b2c4a9d9-8354-44bc-f670-acf216a8bfb2,aoa-execution-2021-07-01-2021-12-31.csv,227724,-1039554,0,XRPUSD
2021-10-14 20:00:00,1039554,bd249562-5a56-856d-37a2-29f3e7d29809,aoa-execution-2021-07-01-2021-12-31.csv,227729,-1039554,0,XRPUSD
2021-10-15 04:00:00,1039554,67144d2a-b69d-4dab-7a12-71aa714dfad8,aoa-execution-2021-07-01-2021-12-31.csv,228006,-1039554,0,XRPUSD
2021-10-15 12:00:00,1039554,54793f31-dc1b-36e4-13fe-ed15969ff1ce,aoa-execution-2021-07-01-2021-12-31.csv,229304,-1039554,0,XRPUSD
2021-10-15 20:00:00,1039554,e0a5eb78-4641-5ae3-6fb7-1f249dbef7c0,aoa-execution-2021-07-01-2021-12-31.csv,227985,-1039554,0,XRPUSD
2021-10-16 04:00:00,1039554,536822e3-ac86-c6bd-673a-56b62d8f5394,aoa-execution-2021-07-01-2021-12-31.csv,230351,-1039554,0,XRPUSD
2021-10-16 12:00:00,1039554,950135dc-ee42-7439-cffe-cc4c114d1560,aoa-execution-2021-07-01-2021-12-31.csv,230354,-1039554,0,XRPUSD
2021-10-16 20:00:00,1039554,4a5bf664-f9f2-06e3-e21c-69b65c152161,aoa-execution-2021-07-01-2021-12-31.csv,230357,-1039554,0,XRPUSD
2021-10-17 04:00:00,1039554,22db342c-b2f9-949a-cfef-a3bf44cf0da1,aoa-execution-2021-07-01-2021-12-31.csv,230360,-1039554,0,XRPUSD
2021-10-17 12:00:00,1039554,5228e5bb-0613-c55f-f3a0-cb8129c349a2,aoa-execution-2021-07-01-2021-12-31.csv,230365,-1039554,0,XRPUSD
2021-10-17 20:00:00,1039554,4d0ede39-cd90-52ca-fd51-463cd5f4d78a,aoa-execution-2021-07-01-2021-12-31.csv,230363,-1039554,0,XRPUSD
2021-10-18 04:00:00,1039554,5931d819-dbe8-bc39-fdb3-b07c04adc144,aoa-execution-2021-07-01-2021-12-31.csv,230370,-1039554,0,XRPUSD
2021-10-18 12:00:00,1039554,189f1eca-156b-c106-4260-2dc7093e4405,aoa-execution-2021-07-01-2021-12-31.csv,230369,-1039554,0,XRPUSD
2021-10-18 20:00:00,1039554,570c4646-35a9-7a45-f361-ae46693c8f04,aoa-execution-2021-07-01-2021-12-31.csv,230375,-1039554,0,XRPUSD
2021-10-19 04:00:00,1039554,8fb7101a-4795-6f35-9a42-3b6920155777,aoa-execution-2021-07-01-2021-12-31.csv,230379,-1039554,0,XRPUSD
2021-10-19 12:00:00,1039554,123cd4e1-85d4-b55b-0fd8-a1ec0ed9c4d1,aoa-execution-2021-07-01-2021-12-31.csv,230382,-1039554,0,XRPUSD
2021-10-19 20:00:00,1039554,3fbadac1-1974-c09a-f750-1ae613f7f557,aoa-execution-2021-07-01-2021-12-31.csv,230378,-1039554,0,XRPUSD
2021-10-20 04:00:00,1039554,54e82010-71cf-2aa6-1ff9-52d0a98c5def,aoa-execution-2021-07-01-2021-12-31.csv,230390,-1039554,0,XRPUSD
2021-10-20 12:00:00,1039554,f68b6357-8719-df10-a10a-c38c535f7f75,aoa-execution-2021-07-01-2021-12-31.csv,230391,-1039554,0,XRPUSD
2021-10-20 20:00:00,1039554,3486518b-1264-f7d2-7c56-e5c53c0aee71,aoa-execution-2021-07-01-2021-12-31.csv,230387,-1039554,0,XRPUSD
2021-10-21 04:00:00,1039554,559c1162-6235-4bdd-90a5-142ba92b0968,aoa-execution-2021-07-01-2021-12-31.csv,230899,-1039554,0,XRPUSD
2021-10-21 12:00:00,1039554,e9f17b20-cd6e-9abb-81f0-7ca4be8cafa0,aoa-execution-2021-07-01-2021-12-31.csv,232011,-1039554,0,XRPUSD
2021-10-21 20:00:00,1039554,bb897ffe-8336-0747-c400-6fa139e498ce,aoa-execution-2021-07-01-2021-12-31.csv,231725,-1039554,0,XRPUSD
2021-10-22 04:00:00,1039554,55823d8a-120f-b760-6cc5-0ae9e33da86b,aoa-execution-2021-07-01-2021-12-31.csv,235775,-1039554,0,XRPUSD
2021-10-22 12:00:00,1039554,3dcdcc5b-10d5-9af0-5e2d-f282e51bfb5c,aoa-execution-2021-07-01-2021-12-31.csv,237402,-1039554,0,XRPUSD
2021-10-22 20:00:00,1039554,6b39108c-0073-a1c1-c5ff-0b4a25ebbdfb,aoa-execution-2021-07-01-2021-12-31.csv,236177,-1039554,0,XRPUSD
2021-10-23 04:00:00,1039554,c0fb4428-663e-55d6-05a9-93cfb340324c,aoa-execution-2021-07-01-2021-12-31.csv,237581,-1039554,0,XRPUSD
2021-10-23 12:00:00,1039554,acb8fe73-aff0-feaf-6843-9c509bc24333,aoa-execution-2021-07-01-2021-12-31.csv,237578,-1039554,0,XRPUSD
2021-10-23 20:00:00,1039554,f9a7d306-01b6-c2c1-7254-6b9c9dc12fc5,aoa-execution-2021-07-01-2021-12-31.csv,237575,-1039554,0,XRPUSD
2021-10-24 04:00:00,1039554,3fe720b2-03b6-647e-73f2-7f7bed67635e,aoa-execution-2021-07-01-2021-12-31.csv,237587,-1039554,0,XRPUSD
2021-10-24 12:00:00,1039554,fc810d02-bcaa-5162-73e6-61e4d4a43e73,aoa-execution-2021-07-01-2021-12-31.csv,237584,-1039554,0,XRPUSD
2021-10-24 20:00:00,1039554,0305e843-137b-ef91-50a9-5571cdea2f9e,aoa-execution-2021-07-01-2021-12-31.csv,237589,-1039554,0,XRPUSD
2021-10-25 04:00:00,1039554,6eca0dc5-ed91-962b-a99f-aeafe442f406,aoa-execution-2021-07-01-2021-12-31.csv,237598,-1039554,0,XRPUSD
2021-10-25 12:00:00,1039554,c98a1ef3-2192-1e17-6ed6-73e4823e3570,aoa-execution-2021-07-01-2021-12-31.csv,237593,-1039554,0,XRPUSD
2021-10-25 20:00:00,1039554,d300a2f5-5033-7b6b-3ae9-03d037ccdc3d,aoa-execution-2021-07-01-2021-12-31.csv,237596,-1039554,0,XRPUSD
2021-10-26 04:00:00,1039554,8318ea30-f187-85d1-0b68-24dbc6aaf497,aoa-execution-2021-07-01-2021-12-31.csv,237605,-1039554,0,XRPUSD
2021-10-26 12:00:00,1039554,e33b6087-f0f6-fefc-72db-8bf07203b967,aoa-execution-2021-07-01-2021-12-31.csv,237602,-1039554,0,XRPUSD
2021-10-26 20:00:00,1039554,5c2b1012-14e6-1bd9-286a-4346b15bf3fb,aoa-execution-2021-07-01-2021-12-31.csv,237608,-1039554,0,XRPUSD
2021-10-27 04:00:00,1039554,31607ea3-827a-6174-0bef-03a815d7e1da,aoa-execution-2021-07-01-2021-12-31.csv,237787,-1039554,0,XRPUSD
2021-10-27 12:00:00,1039554,a506134e-916d-1ff7-23e5-c1f7074b8fb9,aoa-execution-2021-07-01-2021-12-31.csv,237786,-1039554,0,XRPUSD
2021-10-27 20:00:00,1039554,a008fae1-c69f-0fc9-3e14-a06642730b89,aoa-execution-2021-07-01-2021-12-31.csv,237781,-1039554,0,XRPUSD
2021-10-28 04:00:00,1039554,1b103948-406c-093d-6c58-6f417b47f568,aoa-execution-2021-07-01-2021-12-31.csv,237795,-1039554,0,XRPUSD
2021-10-28 12:00:00,1039554,9be077fb-80c6-da3c-b045-4423851d38d9,aoa-execution-2021-07-01-2021-12-31.csv,237798,-1039554,0,XRPUSD
2021-10-28 20:00:00,1039554,1c0398f4-3ab5-ec30-fa7e-c65ae63bcfb6,aoa-execution-2021-07-01-2021-12-31.csv,237791,-1039554,0,XRPUSD
2021-10-29 04:00:00,1039554,0b40e40a-c531-b641-277d-cb59dbd35429,aoa-execution-2021-07-01-2021-12-31.csv,238267,-1039554,0,XRPUSD
2021-10-29 12:00:00,1039554,d98a4a3f-2abb-0205-421f-86510804c9d2,aoa-execution-2021-07-01-2021-12-31.csv,238272,-1039554,0,XRPUSD
2021-10-29 20:00:00,1039554,d843922d-1251-2a59-4254-ef4be47653c7,aoa-execution-2021-07-01-2021-12-31.csv,238273,-1039554,0,XRPUSD
2021-10-30 04:00:00,1039554,0a646643-bc14-c334-3afe-007ad153c327,aoa-execution-2021-07-01-2021-12-31.csv,238281,-1039554,0,XRPUSD
2021-10-30 12:00:00,1039554,93cc892b-c04e-c623-3054-c524a184fbf8,aoa-execution-2021-07-01-2021-12-31.csv,238284,-1039554,0,XRPUSD
2021-10-30 20:00:00,1039554,4d61d81d-f6b0-fc3c-99ab-32d46aa6e84a,aoa-execution-2021-07-01-2021-12-31.csv,238278,-1039554,0,XRPUSD
2021-10-31 04:00:00,1039554,60faf8a5-39bf-9016-949c-b09ec59aea22,aoa-execution-2021-07-01-2021-12-31.csv,238918,-1039554,0,XRPUSD
2021-10-31 12:00:00,1039554,bbc17cc9-f0c9-a7e2-35f0-275806c6da97,aoa-execution-2021-07-01-2021-12-31.csv,238287,-1039554,0,XRPUSD
2021-10-31 20:00:00,1039554,cd35b767-45ed-89ec-5612-b24e0b8070ec,aoa-execution-2021-07-01-2021-12-31.csv,238916,-1039554,0,XRPUSD
2021-11-01 04:00:00,1039554,f57b5c50-5adc-1ffb-2b9a-0b9df52b2b27,aoa-execution-2021-07-01-2021-12-31.csv,239079,-1039554,0,XRPUSD
2021-11-01 12:00:00,1039554,beb2acfd-38d4-9ff2-97d2-4f827953446b,aoa-execution-2021-07-01-2021-12-31.csv,239080,-1039554,0,XRPUSD
2021-11-01 20:00:00,1039554,63827bfb-0515-48ba-6013-6475c65319cf,aoa-execution-2021-07-01-2021-12-31.csv,239085,-1039554,0,XRPUSD
2021-11-02 04:00:00,1039554,e2a1633a-8f76-3fcb-2653-c6ed7080dc58,aoa-execution-2021-07-01-2021-12-31.csv,239088,-1039554,0,XRPUSD
2021-11-02 12:00:00,1039554,451f011d-cad5-bfda-b613-b3389827d06c,aoa-execution-2021-07-01-2021-12-31.csv,239093,-1039554,0,XRPUSD
2021-11-02 20:00:00,1039554,8d0aa831-bd0a-a83f-f60b-ebb7d3034bc3,aoa-execution-2021-07-01-2021-12-31.csv,239091,-1039554,0,XRPUSD
2021-11-03 04:00:00,1039554,c90b7569-47e7-c88e-6cb3-854b45d9181a,aoa-execution-2021-07-01-2021-12-31.csv,239097,-1039554,0,XRPUSD
2021-11-03 12:00:00,1039554,9963366b-b91c-99d0-2bab-3bdb5347de90,aoa-execution-2021-07-01-2021-12-31.csv,239099,-1039554,0,XRPUSD
2021-11-03 20:00:00,1039554,f4cdc523-bb40-bba7-0195-e00f17e87ee1,aoa-execution-2021-07-01-2021-12-31.csv,239103,-1039554,0,XRPUSD
2021-11-04 04:00:00,1039554,c34508ef-e73d-60a2-5995-3620d012bff1,aoa-execution-2021-07-01-2021-12-31.csv,239111,-1039554,0,XRPUSD
2021-11-04 12:00:00,1039554,71f8b4a3-18ce-849e-bc3b-7ca05b4b47ec,aoa-execution-2021-07-01-2021-12-31.csv,239107,-1039554,0,XRPUSD
2021-11-04 20:00:00,1039554,bbbc34c3-a61e-f8d8-b62b-d5eb4b75c104,aoa-execution-2021-07-01-2021-12-31.csv,239106,-1039554,0,XRPUSD
2021-11-05 04:00:00,1039554,463cb838-2433-3ae8-cee3-c8ff6b9207ec,aoa-execution-2021-07-01-2021-12-31.csv,239119,-1039554,0,XRPUSD
2021-11-05 12:00:00,1039554,e072dd30-a84c-3f68-0d04-674d1ee70dea,aoa-execution-2021-07-01-2021-12-31.csv,239115,-1039554,0,XRPUSD
2021-11-05 20:00:00,1039554,7cc86de9-da93-ac3a-3007-39549c877abc,aoa-execution-2021-07-01-2021-12-31.csv,239116,-1039554,0,XRPUSD
2021-11-06 04:00:00,1039554,e99a5b8c-944a-dac7-ccf0-96e73b1c42cd,aoa-execution-2021-07-01-2021-12-31.csv,239461,-1039554,0,XRPUSD
2021-11-06 12:00:00,1039554,15f9ae6b-bdc8-378d-79ad-4d18f2823e97,aoa-execution-2021-07-01-2021-12-31.csv,239455,-1039554,0,XRPUSD
2021-11-06 20:00:00,1039554,bff80c9f-5529-6842-e26c-6016faddd652,aoa-execution-2021-07-01-2021-12-31.csv,239460,-1039554,0,XRPUSD
2021-11-07 04:00:00,1039554,0d9ae55b-2ec9-d9c3-af9c-d797f107a9a5,aoa-execution-2021-07-01-2021-12-31.csv,239465,-1039554,0,XRPUSD
2021-11-07 12:00:00,1039554,bceacbdb-f2f3-1ce2-18a8-78f9805ac451,aoa-execution-2021-07-01-2021-12-31.csv,239469,-1039554,0,XRPUSD
2021-11-07 20:00:00,1039554,3fbc93fd-0326-5ed9-a4e6-9896b0f5f6be,aoa-execution-2021-07-01-2021-12-31.csv,239472,-1039554,0,XRPUSD
2021-11-08 04:00:00,1039554,ab662a67-56ff-5928-126b-b3d6c1a72dd6,aoa-execution-2021-07-01-2021-12-31.csv,239478,-1039554,0,XRPUSD
2021-11-08 12:00:00,1039554,b0019bb8-92a7-7658-164a-8910e658180a,aoa-execution-2021-07-01-2021-12-31.csv,239479,-1039554,0,XRPUSD
2021-11-08 20:00:00,1039554,79a7a0ee-4e74-27fa-5fda-9a10a15747fc,aoa-execution-2021-07-01-2021-12-31.csv,239475,-1039554,0,XRPUSD
2021-11-09 04:00:00,1039554,6c042f98-9403-8fdf-7797-7f772be033f1,aoa-execution-2021-07-01-2021-12-31.csv,239811,-1039554,0,XRPUSD
2021-11-09 12:00:00,1039554,e74a819d-70b2-845d-9277-fdf3a27a8597,aoa-execution-2021-07-01-2021-12-31.csv,239484,-1039554,0,XRPUSD
2021-11-09 20:00:00,1039554,d668c79d-c787-aebc-fbf4-5e9cba55fd6c,aoa-execution-2021-07-01-2021-12-31.csv,239808,-1039554,0,XRPUSD
2021-11-10 04:00:00,1039554,affed2b4-d4a7-535e-33b0-0bc60830b89f,aoa-execution-2021-07-01-2021-12-31.csv,239822,-1039554,0,XRPUSD
2021-11-10 12:00:00,1039554,45644561-8979-5110-5a8c-187881990ccb,aoa-execution-2021-07-01-2021-12-31.csv,239816,-1039554,0,XRPUSD
2021-11-10 20:00:00,1039554,c382a884-6c49-9428-aa9d-892f4ad515a6,aoa-execution-2021-07-01-2021-12-31.csv,239819,-1039554,0,XRPUSD
2021-11-11 04:00:00,1039554,3ec6e3b1-fe09-66f4-d3c9-2e02aec6bc4e,aoa-execution-2021-07-01-2021-12-31.csv,240187,-1039554,0,XRPUSD
2021-11-11 12:00:00,1039554,193dacde-342a-b116-0879-355c170e8aae,aoa-execution-2021-07-01-2021-12-31.csv,240185,-1039554,0,XRPUSD
2021-11-11 20:00:00,1039554,efcb7446-4434-85ae-4325-4b8c4b05351d,aoa-execution-2021-07-01-2021-12-31.csv,240191,-1039554,0,XRPUSD
2021-11-12 04:00:00,1039554,6b98e65c-2208-6fb4-7d00-eea54c576654,aoa-execution-2021-07-01-2021-12-31.csv,240297,-1039554,0,XRPUSD
2021-11-12 12:00:00,1039554,49e6ab90-9924-66e8-1085-71030dff727c,aoa-execution-2021-07-01-2021-12-31.csv,240295,-1039554,0,XRPUSD
2021-11-12 20:00:00,1039554,45928720-95ba-68a5-bc34-016aff15b767,aoa-execution-2021-07-01-2021-12-31.csv,240192,-1039554,0,XRPUSD
2021-11-13 04:00:00,1039554,ce5cd852-d169-9aeb-cd50-e570206bd4a2,aoa-execution-2021-07-01-2021-12-31.csv,240670,-1039554,0,XRPUSD
2021-11-13 12:00:00,1039554,48ade44e-710d-0eb9-e848-3ef3313cd10c,aoa-execution-2021-07-01-2021-12-31.csv,240666,-1039554,0,XRPUSD
2021-11-13 20:00:00,1039554,02edfff5-27df-955b-48a7-e1eaca33f219,aoa-execution-2021-07-01-2021-12-31.csv,240669,-1039554,0,XRPUSD
2021-11-14 04:00:00,1039554,79562919-9637-45c1-a07a-7e234421b4db,aoa-execution-2021-07-01-2021-12-31.csv,240676,-1039554,0,XRPUSD
2021-11-14 12:00:00,1039554,0936b1b3-5590-709f-6767-4dcad4a185a3,aoa-execution-2021-07-01-2021-12-31.csv,240675,-1039554,0,XRPUSD
2021-11-14 20:00:00,1039554,ed627173-f4bf-e06b-6bcf-ff7f2848712c,aoa-execution-2021-07-01-2021-12-31.csv,240681,-1039554,0,XRPUSD
2021-11-15 04:00:00,1039554,abeb381c-4f87-a55c-6a23-98df4a329a69,aoa-execution-2021-07-01-2021-12-31.csv,240687,-1039554,0,XRPUSD
2021-11-15 12:00:00,1039554,129e3d6e-f472-87a9-aacf-8eb6b280df1f,aoa-execution-2021-07-01-2021-12-31.csv,240682,-1039554,0,XRPUSD
2021-11-15 20:00:00,1039554,924bae47-e88b-8559-413d-fcafbd10db20,aoa-execution-2021-07-01-2021-12-31.csv,240690,-1039554,0,XRPUSD
2021-11-16 04:00:00,1039554,d0baef7a-9c47-0d16-0f3c-aea05bf2ced3,aoa-execution-2021-07-01-2021-12-31.csv,245711,-1039554,0,XRPUSD
2021-11-16 12:00:00,1039554,e7b58992-6e43-6aa4-5658-236265311a4d,aoa-execution-2021-07-01-2021-12-31.csv,242189,-1039554,0,XRPUSD
2021-11-16 20:00:00,1039554,85f3b754-fc82-74af-a219-5d669a721eaf,aoa-execution-2021-07-01-2021-12-31.csv,245728,-1039554,0,XRPUSD
2021-11-17 04:00:00,1039554,74404541-1af6-2cb7-d315-dd0588c7f91e,aoa-execution-2021-07-01-2021-12-31.csv,251164,-1039554,0,XRPUSD
2021-11-17 12:00:00,1039554,2bd6a19c-1cea-2c56-920b-6770edc9db3a,aoa-execution-2021-07-01-2021-12-31.csv,251166,-1039554,0,XRPUSD
2021-11-17 20:00:00,1039554,8d2e183c-9c1e-444b-8945-ca4038394f5d,aoa-execution-2021-07-01-2021-12-31.csv,249139,-1039554,0,XRPUSD
2021-11-18 04:00:00,1039554,3ff61975-7759-509a-d2c2-de8c32661afe,aoa-execution-2021-07-01-2021-12-31.csv,268054,-1039554,0,XRPUSD
2021-11-18 12:00:00,1039554,db41055d-2689-2a51-f651-b31e8b063475,aoa-execution-2021-07-01-2021-12-31.csv,269821,-1039554,0,XRPUSD
2021-11-18 20:00:00,852843,bd80f2c9-c62d-c151-3c95-148a52175210,aoa-execution-2021-07-01-2021-12-31.csv,265988,-852843,0,XRPUSD
