start,direction,gross_pnl_btc,fee_btc,entry_qty,exit_qty,peak_contracts,end,duration_seconds,net_ex_funding_btc
2018-03-05 07:28:18.063937,long,-0.01175,0.0054887600000000005,47000,47000,47000,2018-03-05 07:50:39.213592,1341.149655,-0.01723876
2018-03-05 09:16:57.937933,short,-0.00017,0.00066865,17000,17000,17000,2018-03-05 10:09:59.096173,3181.15824,-0.00083865
2018-03-05 10:18:04.332816,short,-0.04226999999999971,0.00335624,40000,40000,40000,2018-03-05 18:44:09.799976,30365.46716,-0.04562623999999971
2018-03-05 18:47:26.817534,short,-0.0114,0.00115628,30000,30000,30000,2018-03-05 18:54:44.152336,437.334802,-0.01255628
2018-03-05 19:19:42.170261,short,-0.00035,0.0005793899999999999,5000,5000,5000,2018-03-05 19:31:57.817882,735.647621,-0.00092939
2018-03-05 19:48:49.921588,long,-0.00095,0.0005802,5000,5000,5000,2018-03-05 20:37:37.834668,2927.91308,-0.0015302
2018-03-05 22:17:28.787751,long,-0.01458,0.0010579,9000,9000,9000,2018-03-06 00:03:12.792359,6344.004608,-0.0156379
2018-03-06 00:09:37.019976,short,0.0045000000000000005,0.0011887500000000001,10000,10000,10000,2018-03-06 00:37:05.296465,1648.276489,0.0033112500000000004
2018-03-06 01:00:29.349048,short,0.0106,0.00239936,20000,20000,20000,2018-03-06 01:07:09.171943,399.822895,0.00820064
2018-03-06 01:14:23.643436,short,-0.0015999999999999999,0.0024008400000000004,20000,20000,20000,2018-03-06 01:18:32.439675,248.796239,-0.00400084
2018-03-06 01:19:47.450973,short,0.0006,0.0024028799999999996,20000,20000,20000,2018-03-06 01:24:47.271616,299.820643,-0.0018028799999999998
2018-03-06 01:27:47.356189,long,0.0023,0.00040055999999999995,10000,10000,10000,2018-03-06 01:38:34.444920,647.088731,0.00189944
2018-03-06 02:10:36.563108,short,0.0015012000000000625,0.00120063,10000,10000,10000,2018-03-06 02:45:21.358774,2084.795666,0.00030057000000006245
2018-03-06 07:16:01.443339,short,-0.0006000000000000001,0.0011976900000000002,10000,10000,10000,2018-03-06 07:32:19.503912,978.060573,-0.0017976900000000002
2018-03-06 14:18:57.009359,long,-0.0274,0.0008441299999999999,20000,20000,20000,2018-03-06 21:27:27.822729,25710.81337,-0.02824413
2018-03-06 22:27:21.943559,short,0.014,0.00042821000000000005,10000,10000,10000,2018-03-06 23:21:02.958930,3221.015371,0.01357179
2018-03-08 01:06:41.759573,long,0.0025,0.0013510000000000002,10000,10000,10000,2018-03-08 01:17:45.155130,663.395557,0.0011489999999999998
2018-03-08 01:35:23.169916,short,0.0063,0.0013635499999999998,10000,10000,10000,2018-03-08 01:36:54.285272,91.115356,0.00493645
2018-03-08 01:39:26.744470,short,0.006,0.0013707699999999999,10000,10000,10000,2018-03-08 01:41:29.398657,122.654187,0.00462923
2018-03-08 01:48:18.932880,short,0.02050008999999991,0.00161108,15000,15000,15000,2018-03-08 02:02:50.439644,871.506764,0.018889009999999908
2018-03-08 02:11:59.035899,long,-0.0107,0.00279455,20000,20000,20000,2018-03-08 02:23:34.758350,695.722451,-0.01349455
2018-03-08 02:24:08.882562,long,0.012746500000000029,0.00210312,15000,15000,15000,2018-03-08 02:29:58.964910,350.082348,0.010643380000000029
2018-03-08 02:31:48.112765,long,0.00345,0.00209778,15000,15000,15000,2018-03-08 03:12:43.040266,2454.927501,0.00135222
2018-03-08 03:20:15.276712,long,0.002158,0.0020939699999999997,15000,15000,15000,2018-03-08 03:22:22.878716,127.602004,6.403000000000051e-05
2018-03-08 03:32:39.133287,short,0.0017000000000000001,0.00139785,10000,10000,10000,2018-03-08 03:34:27.641938,108.508651,0.00030215000000000016
2018-03-08 03:35:44.730075,short,-0.0016,0.0013992499999999999,10000,10000,10000,2018-03-08 03:36:52.000555,67.27048,-0.00299925
2018-03-08 03:42:35.917330,short,-0.0006,0.00139711,10000,10000,10000,2018-03-08 03:44:25.623684,109.706354,-0.00199711
2018-03-08 03:50:28.992007,short,0.00326272,0.0014003499999999999,10000,10000,10000,2018-03-08 03:51:13.951500,44.959493,0.0018623700000000003
2018-03-08 03:58:41.754451,short,-0.005799999999999909,0.0021188,15000,15000,15000,2018-03-08 04:02:23.044689,221.290238,-0.00791879999999991
2018-03-08 04:05:37.192401,long,-0.0017000000000000908,0.0021066599999999998,15000,15000,15000,2018-03-08 04:10:32.294106,295.101705,-0.0038066600000000905
2018-03-08 04:11:28.945187,long,0.02205,0.0027920899999999997,20000,20000,20000,2018-03-08 04:30:37.751276,1148.806089,0.01925791
2018-03-08 04:31:06.462490,long,0.013550000000000001,0.00277283,20000,20000,20000,2018-03-08 05:02:00.899680,1854.43719,0.01077717
2018-03-08 08:03:49.664932,short,-0.0012,0.00135863,10000,10000,10000,2018-03-08 08:19:30.949852,941.28492,-0.00255863
2018-03-08 08:20:51.867539,short,0.0084,0.0013640100000000001,10000,10000,10000,2018-03-08 08:24:05.307229,193.43969,0.007035989999999999
2018-03-09 05:15:24.341111,long,-0.0229,0.00156498,10000,10000,10000,2018-03-09 05:49:16.663947,2032.322836,-0.02446498
2018-03-09 05:50:48.917714,long,0.03830000000000009,0.00237282,15000,15000,15000,2018-03-09 06:30:12.449429,2363.531715,0.03592718000000009
2018-03-09 06:58:50.645272,short,-0.0009083900000000001,0.0015310600000000003,10000,10000,10000,2018-03-09 06:59:11.975194,21.329922,-0.0024394500000000006
2018-03-09 07:08:43.313202,short,-0.0092,0.00153656,10000,10000,10000,2018-03-09 07:14:13.943000,330.629798,-0.01073656
2018-03-09 07:15:59.607689,short,0.0059,0.00153838,10000,10000,10000,2018-03-09 07:41:35.613585,1536.005896,0.00436162
2018-03-09 07:45:25.861115,long,0.0018,0.00232205,15000,15000,15000,2018-03-09 07:57:52.023828,746.162713,-0.00052205
2018-03-09 08:02:38.925286,long,0.00890000000000009,0.0012914099999999998,15000,15000,15000,2018-03-09 09:06:17.057098,3818.131812,0.00760859000000009
2018-03-09 09:07:52.386269,long,-0.00285,0.00233896,15000,15000,15000,2018-03-09 09:30:47.587491,1375.201222,-0.00518896
2018-03-09 09:32:08.258181,long,0.03241974000000009,0.00259765,20000,20000,20000,2018-03-09 11:26:17.719485,6849.461304,0.029822090000000093
2018-03-09 11:26:38.348415,long,0.00395,0.00077458,5000,5000,5000,2018-03-09 11:28:36.919479,118.571064,0.0031754200000000004
2018-03-09 11:28:59.384697,short,-0.00027738000000010287,0.00169779,11000,11000,11000,2018-03-09 11:39:56.727725,657.343028,-0.001975170000000103
2018-03-09 11:43:25.671731,long,0.00102972,0.00015269999999999997,1000,1000,1000,2018-03-09 11:45:15.881772,110.210041,0.0008770200000000001
2018-03-09 11:48:09.295088,short,0.00062,0.00030208,2000,2000,2000,2018-03-09 11:49:44.964994,95.669906,0.00031792
2018-03-09 11:55:43.331313,short,-0.006039999999999964,0.00150767,10000,10000,10000,2018-03-09 12:02:07.214490,383.883177,-0.007547669999999964
2018-03-09 12:02:55.469271,short,0.00606,0.00090099,6000,6000,6000,2018-03-09 12:08:42.852249,347.382978,0.00515901
2018-03-09 12:14:55.660514,short,0.0007899999999996908,0.00302477,20000,20000,15000,2018-03-09 12:25:24.345454,628.68494,-0.0022347700000003093
2018-03-09 12:27:07.811748,short,0.0057,0.0015121599999999998,10000,10000,10000,2018-03-09 12:32:49.580381,341.768633,0.00418784
2018-03-09 12:33:17.631973,short,0.00012902000000000004,0.0012118699999999999,8000,8000,8000,2018-03-09 12:41:44.370519,506.738546,-0.0010828499999999998
2018-03-09 12:42:09.506409,short,-0.00056,0.0006064099999999999,4000,4000,4000,2018-03-09 12:43:42.924143,93.417734,-0.0011664099999999999
2018-03-09 12:47:37.189223,short,-0.01250010000000009,0.00225048,15000,15000,15000,2018-03-09 12:53:15.468987,338.279764,-0.01475058000000009
2018-03-09 12:53:47.642335,short,0.0009,0.00075019,5000,5000,5000,2018-03-09 12:55:02.389413,74.747078,0.00014981
2018-03-09 12:56:24.471875,short,0.0059786,0.0022600500000000004,15000,15000,15000,2018-03-09 13:19:18.241920,1373.770045,0.0037185499999999993
2018-03-09 13:20:05.729565,short,0.0043,0.0015167700000000002,10000,10000,10000,2018-03-09 13:22:11.798874,126.069309,0.00278323
2018-03-09 13:22:58.932480,short,0.002541889999999985,0.00076198,5000,5000,5000,2018-03-09 13:24:04.569588,65.637108,0.001779909999999985
2018-03-09 13:29:02.735802,short,0.003941510000000016,0.00152117,10000,10000,10000,2018-03-09 13:36:30.075358,447.339556,0.002420340000000016
2018-03-09 13:37:19.505478,short,-0.011121590000000105,0.00151162,10000,10000,10000,2018-03-09 13:47:17.728618,598.22314,-0.012633210000000105
2018-03-09 13:51:13.281359,short,0.00145,0.0007569,5000,5000,5000,2018-03-09 13:58:50.423413,457.142054,0.0006930999999999999
2018-03-09 14:02:11.795953,long,-0.0186,0.0015230600000000001,10000,10000,10000,2018-03-09 16:26:58.662496,8686.866543,-0.020123059999999998
2018-03-09 22:39:37.937011,long,0.0012,0.00073324,5000,5000,5000,2018-03-09 22:40:12.001405,34.064394,0.0004667599999999999
2018-03-09 22:41:57.544640,long,-9.250000000000001e-05,0.00073113,5000,5000,5000,2018-03-09 22:42:33.060565,35.515925,-0.00082363
2018-03-09 22:49:12.638352,long,5e-05,0.00073354,5000,5000,5000,2018-03-09 23:01:49.270491,756.632139,-0.00068354
2018-03-09 23:32:18.203763,short,-0.00133806,0.00145879,10000,10000,10000,2018-03-09 23:34:51.963421,153.759658,-0.00279685
2018-03-09 23:45:56.972181,short,0.003,0.00072481,5000,5000,5000,2018-03-09 23:48:19.357954,142.385773,0.00227519
2018-03-10 00:01:42.119420,short,0.0034000000000000913,0.00218148,15000,15000,15000,2018-03-10 00:53:22.724672,3100.605252,0.0012185200000000914
2018-03-10 00:53:53.744962,short,-0.0179,0.0014418500000000002,10000,10000,10000,2018-03-10 01:04:11.711528,617.966566,-0.01934185
2018-03-10 01:04:44.264273,short,0.0041,0.0028969900000000003,20000,20000,20000,2018-03-10 01:09:47.494003,303.22973,0.00120301
2018-03-10 01:10:29.547392,short,0.0003,0.0007268299999999999,5000,5000,5000,2018-03-10 01:10:53.497721,23.950329,-0.00042682999999999995
2018-03-10 01:11:49.720740,short,-0.015349999999999817,0.0043503,30000,30000,30000,2018-03-10 01:33:13.795588,1284.074848,-0.019700299999999817
2018-03-10 01:35:08.252272,short,0.004529199999999947,0.00216503,15000,15000,15000,2018-03-10 01:42:24.451728,436.199456,0.0023641699999999467
2018-03-10 01:45:03.755016,short,0.005299999999999999,0.00289187,20000,20000,20000,2018-03-10 01:52:06.690205,422.935189,0.002408129999999999
2018-03-10 01:55:11.019028,short,0.02560913,0.0058362200000000005,40000,40000,30000,2018-03-10 04:07:12.490930,7921.471902,0.01977291
2018-03-10 04:08:55.281526,short,0.002049999999999909,0.0021882100000000003,15000,15000,15000,2018-03-10 04:20:04.508194,669.226668,-0.00013821000000009123
2018-03-10 04:20:38.698358,short,-0.0033999999999999994,0.00144974,10000,10000,10000,2018-03-10 04:30:38.834974,600.136616,-0.004849739999999999
2018-03-10 04:33:48.835998,short,-5e-05,0.00072503,5000,5000,5000,2018-03-10 04:34:14.700151,25.864153,-0.00077503
2018-03-10 04:44:07.897807,short,-0.000950000000000091,0.00217848,15000,15000,15000,2018-03-10 05:02:10.387030,1082.489223,-0.003128480000000091
2018-03-10 05:11:17.806124,short,0.00145,0.0014552,10000,10000,10000,2018-03-10 05:25:54.090176,876.284052,-5.200000000000126e-06
2018-03-10 08:45:27.033075,short,0.0046,0.0014398600000000003,10000,10000,10000,2018-03-10 10:47:26.843842,7319.810767,0.0031601399999999997
2018-03-10 21:45:29.338553,long,-0.04478457999999991,0.00233269,15000,15000,15000,2018-03-11 01:21:35.766086,12966.427533,-0.047117269999999906
2018-03-11 01:23:07.691743,long,0.006559549999999762,0.00157579,10000,10000,10000,2018-03-11 01:26:27.655271,199.963528,0.004983759999999763
2018-03-11 04:09:34.681029,long,0.004609999999999946,0.00088673,7000,7000,7000,2018-03-11 04:28:16.847359,1122.16633,0.0037232699999999457
2018-03-11 04:41:47.742190,long,-0.0016676,0.0009358400000000001,6000,6000,6000,2018-03-11 04:45:25.043476,217.301286,-0.0026034400000000003
2018-03-11 05:11:17.453644,long,0.00342,0.00046833,3000,3000,3000,2018-03-11 05:23:03.431801,705.978157,0.00295167
2018-03-11 05:30:34.498389,long,0.0030214900000000364,0.0005138800000000001,10000,10000,10000,2018-03-11 06:21:55.753377,3081.254988,0.0025076100000000364
2018-03-11 11:30:25.169634,long,0.000173,1.539e-05,100,100,100,2018-03-11 11:40:53.688729,628.519095,0.00015761
2018-03-11 11:48:29.585899,short,0.00078,0.00045407,3000,3000,3000,2018-03-11 11:49:02.146278,32.560379,0.00032593
2018-03-11 12:21:10.572916,short,0.01283000000000011,0.00077873,10000,10000,10000,2018-03-11 12:23:06.945603,116.372687,0.01205127000000011
2018-03-11 12:30:47.992234,short,0.0082,0.0014618899999999998,10000,10000,10000,2018-03-11 12:34:23.383196,215.390962,0.006738110000000001
2018-03-11 13:13:03.754372,short,0.0012000000000000001,0.0014460900000000001,10000,10000,10000,2018-03-11 13:17:48.475100,284.720728,-0.00024609
2018-03-11 13:20:33.234218,short,0.00211451,0.0014491499999999997,10000,10000,10000,2018-03-11 13:36:22.905591,949.671373,0.0006653600000000003
2018-03-11 13:37:42.936953,short,0.002,0.00144934,10000,10000,10000,2018-03-11 13:39:36.828426,113.891473,0.0005506600000000001
2018-03-11 13:41:09.744267,short,0.0019,0.00145982,10000,10000,10000,2018-03-11 13:45:08.751124,239.006857,0.0004401800000000001
2018-03-11 13:52:18.502560,short,0.0005,0.00145751,10000,10000,10000,2018-03-11 13:56:41.507216,263.004656,-0.00095751
2018-03-11 14:02:15.966430,short,0.00504554,0.0014628500000000001,10000,10000,10000,2018-03-11 14:03:35.524031,79.557601,0.0035826900000000004
2018-03-11 22:32:56.663498,short,0.0015,0.00069745,5000,5000,5000,2018-03-11 22:33:58.020192,61.356694,0.0008025500000000001
2018-03-11 22:38:12.135861,short,0.01338741000000009,0.00141599,10000,10000,10000,2018-03-11 23:02:39.804530,1467.668669,0.01197142000000009
2018-03-12 00:06:43.412591,short,0.047200000000000006,0.00284193,20000,20000,20000,2018-03-12 03:42:54.759180,12971.346589,0.044358070000000006
2018-03-12 05:36:11.921865,short,0.00236607,0.00093873,10000,10000,10000,2018-03-12 06:24:34.548503,2902.626638,0.00142734
2018-03-12 06:28:03.912372,short,0.012161309999999866,0.00280727,20000,20000,20000,2018-03-12 07:41:14.758075,4390.845703,0.009354039999999866
2018-03-12 07:43:59.625570,short,-5.0000000000090953e-05,0.00210904,15000,15000,15000,2018-03-12 07:48:09.437145,249.811575,-0.0021590400000000907
2018-03-12 07:49:28.445360,short,-0.04419999999999982,0.00254576,25000,25000,25000,2018-03-12 09:41:01.278482,6692.833122,-0.046745759999999824
2018-03-12 09:50:47.519366,short,0.07008804999999932,0.0060064099999999985,60000,60000,45000,2018-03-12 14:21:07.591196,16220.07183,0.06408163999999932
2018-03-12 14:27:49.285701,long,-0.20337878999999986,0.007554719999999999,55000,55000,45000,2018-03-12 16:03:15.628659,5726.342958,-0.21093350999999985
2018-03-13 00:39:24.858519,long,0.0014000000000000002,0.0021993904432727985,15000,15000,15000,2018-03-13 01:00:29.548771,1264.690252,-0.0007993904432727983
2018-03-13 01:00:29.548771,short,0.011049999999999999,0.0029414495567272017,20000,20000,20000,2018-03-13 01:46:10.807267,2741.258496,0.008108550443272798
2018-03-13 01:48:07.668362,long,0.00427518,0.00148247,10000,10000,10000,2018-03-13 01:50:59.685624,172.017262,0.00279271
2018-03-13 01:53:51.455287,short,0.0061382400000000005,0.0014830600000000002,10000,10000,10000,2018-03-13 01:58:14.158818,262.703531,0.00465518
2018-03-13 02:02:02.685985,long,0.0055000000000000005,0.00148342,10000,10000,10000,2018-03-13 02:03:14.438484,71.752499,0.0040165800000000005
2018-03-13 02:05:33.518378,short,-0.0002,0.0014782399999999998,10000,10000,10000,2018-03-13 02:07:21.413880,107.895502,-0.00167824
2018-03-13 02:08:32.188565,short,0.0036,0.0014751299999999998,10000,10000,10000,2018-03-13 02:09:33.691460,61.502895,0.00212487
2018-03-13 02:14:35.690404,long,0.00360528000000013,0.00296144,20000,20000,20000,2018-03-13 02:17:25.535009,169.844605,0.0006438400000001298
2018-03-13 02:21:48.389941,long,0.0069,0.00147884,10000,10000,10000,2018-03-13 02:26:54.485909,306.095968,0.0054211599999999995
2018-03-13 02:27:27.405137,long,0.0035700000000000727,0.00147468,10000,10000,10000,2018-03-13 02:30:08.693633,161.288496,0.0020953200000000728
2018-03-13 02:31:06.906106,short,0.0024,0.0014739,10000,10000,10000,2018-03-13 02:31:29.210156,22.30405,0.0009260999999999998
2018-03-13 03:18:08.940091,long,0.0034598900000000587,0.00150309,10000,10000,10000,2018-03-13 03:18:51.631067,42.690976,0.001956800000000059
2018-03-13 03:33:07.102675,short,-0.0027,0.00049686,10000,10000,10000,2018-03-13 04:03:51.191930,1844.089255,-0.00319686
2018-03-13 04:13:47.931707,short,0.0002,0.0014483999999999999,10000,10000,10000,2018-03-13 04:15:39.077772,111.146065,-0.0012483999999999998
2018-03-13 04:15:57.644069,short,0.0059568200000001525,0.004347129999999999,30000,30000,20000,2018-03-13 04:41:17.906436,1520.262367,0.001609690000000153
2018-03-13 04:43:08.656386,short,0.0138,0.0019164499999999999,20000,20000,20000,2018-03-13 04:47:57.624560,288.968174,0.01188355
2018-03-13 04:49:55.868692,long,0.00317724,0.00143585,10000,10000,10000,2018-03-13 04:53:52.928471,237.059779,0.00174139
2018-03-13 04:54:09.640203,short,0.01614922,0.0028777099999999995,20000,20000,20000,2018-03-13 05:05:04.295358,654.655155,0.01327151
2018-03-13 05:05:08.888832,long,0.0024,0.0014448999999999998,10000,10000,10000,2018-03-13 05:05:29.686559,20.797727,0.0009551
2018-03-13 05:07:22.231069,short,0.0054600000000000004,0.00287508,20000,20000,20000,2018-03-13 05:11:17.453624,235.222555,0.0025849200000000005
2018-03-13 06:25:34.948687,short,0.026359999999999856,0.0019177299999999999,20000,20000,20000,2018-03-13 07:13:07.886227,2852.93754,0.024442269999999856
2018-03-13 07:16:25.506245,long,0.0042,0.00048468,10000,10000,10000,2018-03-13 07:18:29.022438,123.516193,0.00371532
2018-03-13 07:21:14.162167,long,0.008352119999999923,0.0029314700000000003,20000,20000,20000,2018-03-13 07:23:05.053120,110.890953,0.005420649999999923
2018-03-13 07:23:58.235287,long,0.0052,0.0029301500000000003,20000,20000,20000,2018-03-13 07:25:27.770250,89.534963,0.0022698499999999995
2018-03-13 07:26:39.437770,short,0.0019599500000000263,0.0014617699999999998,10000,10000,10000,2018-03-13 07:27:48.380271,68.942501,0.0004981800000000264
2018-03-13 07:31:59.745156,long,0.00345,0.00219985,15000,15000,15000,2018-03-13 07:32:58.640908,58.895752,0.0012501499999999998
2018-03-13 07:38:12.009553,long,0.01387469999999994,0.0066478299999999995,45000,45000,30000,2018-03-13 07:42:19.944526,247.934973,0.00722686999999994
2018-03-13 07:44:37.595596,long,0.0033,0.0007379700000000001,15000,15000,15000,2018-03-13 07:45:17.979938,40.384342,0.00256203
2018-03-13 07:45:43.676258,short,0.00435,0.00073369,15000,15000,15000,2018-03-13 07:46:19.801806,36.125548,0.0036163099999999998
2018-03-13 07:47:56.654994,long,0.0078000000000000005,0.00442154,30000,30000,30000,2018-03-13 07:49:39.667042,103.012048,0.0033784600000000007
2018-03-13 07:53:44.168356,short,0.007042169999999896,0.00293715,20000,20000,20000,2018-03-13 07:55:28.466298,104.297942,0.004105019999999897
2018-03-13 08:00:46.913846,short,0.01052783,0.00294062,20000,20000,20000,2018-03-13 08:04:28.529139,221.615293,0.0075872100000000005
2018-03-13 08:05:01.273165,long,0.00944027999999962,0.011827709999999998,80000,80000,60000,2018-03-13 08:31:59.760653,1618.487488,-0.0023874300000003776
2018-03-13 08:32:17.918893,short,-0.0012,0.0029518799999999996,20000,20000,20000,2018-03-13 08:35:37.992162,200.073269,-0.004151879999999999
2018-03-13 08:36:09.311232,short,0.003445510000000286,0.0029546200000000002,20000,20000,20000,2018-03-13 08:37:17.886342,68.57511,0.0004908900000002857
2018-03-13 08:40:27.769926,long,0.016773709999999848,0.00294695,20000,20000,20000,2018-03-13 08:53:29.814282,782.044356,0.013826759999999848
2018-03-13 08:55:59.175073,long,0.00479833,0.0029451100000000003,20000,20000,20000,2018-03-13 08:56:33.034498,33.859425,0.0018532199999999996
2018-03-13 09:05:24.156992,short,0.005,0.0029377200000000004,20000,20000,20000,2018-03-13 09:08:24.395425,180.238433,0.0020622799999999997
2018-03-13 09:11:53.537251,long,0.02,0.0029270499999999996,20000,20000,20000,2018-03-13 09:18:15.508228,381.970977,0.01707295
2018-03-13 09:19:03.399742,long,0.0015222600000000966,0.0029116100000000002,20000,20000,20000,2018-03-13 09:21:49.401753,166.002011,-0.0013893499999999036
2018-03-13 09:23:29.812244,short,-0.0084,0.01160042,80000,80000,80000,2018-03-13 09:47:59.598876,1469.786632,-0.020000419999999998
2018-03-13 09:49:07.815724,long,0.003,0.0029077499999999997,20000,20000,20000,2018-03-13 09:50:28.529057,80.713333,9.225000000000032e-05
2018-03-13 09:52:37.756954,long,0.0031664700000001177,0.0029181,20000,20000,20000,2018-03-13 09:53:22.916352,45.159398,0.0002483700000001179
2018-03-13 10:05:17.365660,long,-0.0017139400000000004,0.002903560000000001,20000,20000,20000,2018-03-13 10:05:57.457285,40.091625,-0.004617500000000002
2018-03-13 10:06:47.899746,long,-0.21757940000000361,0.021661860000000005,160000,160000,100000,2018-03-13 10:41:40.682630,2092.782884,-0.23924126000000362
2018-03-13 11:23:52.920973,long,-0.15388935000000525,0.08718681999999997,680000,680000,130000,2018-03-14 09:40:49.480453,80216.55948,-0.24107617000000522
2018-03-14 10:13:00.601326,long,-0.0496,0.00306558,20000,20000,20000,2018-03-14 10:21:20.335778,499.734452,-0.05266558
2018-03-14 10:28:08.590870,long,-0.0065,0.00154513,10000,10000,10000,2018-03-14 10:45:38.454054,1049.863184,-0.00804513
2018-03-14 11:00:19.682937,short,0.0171395,0.0015587700000000001,10000,10000,10000,2018-03-14 11:10:02.923061,583.240124,0.015580729999999997
2018-03-14 11:15:07.696433,long,0.0031000000000001816,-0.00082605,30000,30000,30000,2018-03-14 12:45:54.483828,5446.787395,0.003926050000000182
2018-03-14 14:54:21.640170,long,0.0144,-0.0031011800000000003,60000,60000,60000,2018-03-14 15:55:55.513713,3693.873543,0.017501179999999998
2018-03-14 17:05:52.394652,long,0.03359591999999976,0.00692797,60000,60000,60000,2018-03-14 17:16:34.152717,641.758065,0.02666794999999976
2018-03-14 18:03:09.961753,long,0.08859999999999964,0.0048877999999999994,90000,90000,60000,2018-03-14 18:34:54.658348,1904.696595,0.08371219999999964
2018-03-14 18:41:42.051671,long,0.01744390000000021,0.0016389400000000002,30000,30000,30000,2018-03-14 19:52:40.745416,4258.693745,0.015804960000000208
2018-03-14 20:01:36.068466,long,0.03549,-0.00110726,60000,60000,60000,2018-03-14 22:17:38.976121,8162.907655,0.03659726
2018-03-15 04:53:10.530848,short,0.0411,0.0016874399999999997,30000,30000,30000,2018-03-15 05:04:37.753592,687.222744,0.03941256
2018-03-15 05:12:57.155320,long,0.010499999999999999,0.0017221200000000002,30000,30000,30000,2018-03-15 05:18:50.639774,353.484454,0.008777879999999998
2018-03-15 05:34:29.806758,long,-0.00024393999999999805,0.010460639999999998,120000,120000,60000,2018-03-15 06:24:08.837887,2979.031129,-0.010704579999999997
2018-03-15 06:31:09.356675,long,0.028200000000000003,-0.0017399800000000001,30000,30000,30000,2018-03-15 06:35:44.565772,275.209097,0.02993998
2018-03-15 06:40:24.800783,long,0.013854600000000118,0.005173029999999999,30000,30000,30000,2018-03-15 06:44:50.923664,266.122881,0.00868157000000012
2018-03-15 07:42:10.866952,short,0.04982486000000026,0.0018787700000000003,30000,30000,30000,2018-03-15 08:02:10.716705,1199.849753,0.04794609000000026
2018-03-15 09:32:50.242749,short,0.014400000000000001,0.0016365400000000001,30000,30000,30000,2018-03-15 09:34:14.559374,84.316625,0.01276346
2018-03-15 12:01:35.611106,long,-0.0129,0.0016538,30000,30000,30000,2018-03-15 12:11:22.627138,587.016032,-0.0145538
2018-03-15 12:16:46.868008,short,0.0123,0.00494847,30000,30000,30000,2018-03-15 12:19:49.251608,182.3836,0.00735153
2018-03-15 12:38:59.666474,short,-0.0201,0.00493589,30000,30000,30000,2018-03-15 13:06:34.585394,1654.91892,-0.025035889999999998
2018-03-15 19:18:37.379402,short,0.015,-0.0016432,30000,30000,30000,2018-03-15 19:20:13.465819,96.086417,0.0166432
2018-03-15 19:41:22.770529,short,0.0192,0.0016124400000000001,30000,30000,30000,2018-03-15 19:42:53.925728,91.155199,0.01758756
2018-03-15 22:46:24.824487,long,0.01126420999999973,0.00653401,40000,40000,40000,2018-03-15 22:46:43.185839,18.361352,0.00473019999999973
2018-03-16 01:50:02.868579,long,0.02299047,0.006819209999999999,40000,40000,40000,2018-03-16 01:51:11.926959,69.05838,0.01617126
2018-03-16 01:52:01.968490,long,0.012,0.006819060000000001,40000,40000,40000,2018-03-16 01:52:52.611568,50.643078,0.005180939999999999
2018-03-16 03:01:09.483928,short,0.0464,-5.219999999999574e-06,80000,80000,80000,2018-03-16 03:46:57.032494,2747.548566,0.04640522
2018-03-16 04:27:27.521528,short,-0.012588000000000448,0.028580820000000003,200000,200000,80000,2018-03-16 05:53:24.735212,5157.213684,-0.04116882000000045
2018-03-16 05:53:44.888266,short,0.012,0.0022078899999999997,40000,40000,40000,2018-03-16 05:57:09.296985,204.408719,0.00979211
2018-03-16 05:59:33.507866,short,0.008632239999999729,0.00929771,120000,120000,120000,2018-03-16 06:15:21.118419,947.610553,-0.000665470000000272
2018-03-16 06:16:08.275894,short,0.02301018000000058,0.010958329999999999,120000,120000,80000,2018-03-16 06:50:12.755156,2044.479262,0.012051850000000582
2018-03-16 06:53:37.290367,long,0.014272050000000307,0.00221156,40000,40000,40000,2018-03-16 06:54:37.306647,60.01628,0.012060490000000307
2018-03-16 06:57:22.743215,short,0.223649280000003,0.012183250000000001,423670,423670,120000,2018-03-16 09:04:29.510770,7626.767555,0.211466030000003
2018-03-16 09:10:05.551674,long,0.01878575,0.00117987,50000,50000,50000,2018-03-16 09:10:35.569248,30.017574,0.01760588
2018-03-16 09:22:04.291333,short,0.15008864999999735,0.04569248,477091,477091,150000,2018-03-16 10:24:28.549098,3744.257765,0.10439616999999735
2018-03-16 10:35:28.991794,long,0.0288837099999997,0.008333559999999999,50000,50000,50000,2018-03-16 10:36:19.374632,50.382838,0.020550149999999705
2018-03-16 11:02:16.184968,long,0.016,0.00278008,50000,50000,50000,2018-03-16 11:04:40.185483,144.000515,0.01321992
2018-03-16 11:16:48.270869,long,0.06956936999999981,0.0023754800000000006,50000,50000,50000,2018-03-16 11:45:43.804555,1735.533686,0.06719388999999981
2018-03-16 11:47:56.897748,long,0.005,0.00822817,50000,50000,50000,2018-03-16 11:53:52.516412,355.618664,-0.00322817
2018-03-16 13:40:47.482400,long,0.114368,0.009519670000000001,60000,60000,60000,2018-03-16 14:10:14.404152,1766.921752,0.10484832999999999
2018-03-16 14:28:56.244305,short,0.03528962999999967,0.00597988,60000,60000,60000,2018-03-16 15:01:39.727683,1963.483378,0.02930974999999967
2018-03-16 15:04:07.809364,short,0.0168,0.0015831400000000002,30000,30000,30000,2018-03-16 17:59:28.408916,10520.599552,0.015216859999999999
2018-03-16 23:39:42.145243,long,0.049,-0.0037837500000000002,70000,70000,70000,2018-03-16 23:40:53.744646,71.599403,0.052783750000000004
2018-03-17 03:20:46.775806,long,0.010396659999997601,0.030905729999999992,280000,280000,140000,2018-03-17 04:49:15.836638,5309.060832,-0.02050907000000239
2018-03-17 04:50:51.564448,long,0.0161,0.00384411,70000,70000,70000,2018-03-17 04:59:32.364154,520.799706,0.01225589
2018-03-17 05:00:39.132921,long,-0.0161,0.0038658300000000002,70000,70000,70000,2018-03-17 05:31:17.473794,1838.340873,-0.01996583
2018-03-17 05:41:20.911183,short,0.00205572,0.0028346199999999995,17131,17131,17131,2018-03-17 05:45:22.814507,241.903324,-0.0007788999999999995
2018-03-17 06:10:24.272594,long,0.0364,0.011604550000000002,70000,70000,70000,2018-03-17 06:22:57.697068,753.424474,0.02479545
2018-03-17 08:59:34.222321,long,0.0175,0.003803180000000001,70000,70000,70000,2018-03-17 09:01:04.190086,89.967765,0.01369682
2018-03-17 09:05:34.168445,long,0.020300000000000002,0.0038028100000000007,70000,70000,70000,2018-03-17 09:19:35.477913,841.309468,0.016497190000000002
2018-03-19 05:17:17.964447,short,0.07007479999999977,0.00651553,70000,70000,70000,2018-03-19 05:18:41.652560,83.688113,0.06355926999999977
2018-03-19 05:20:20.636612,short,0.03793940000000018,0.0028587499999999993,75000,75000,70000,2018-03-19 05:23:20.609662,179.97305,0.03508065000000018
2018-03-19 10:47:11.041949,short,0.09418944999999945,0.02361745,280000,280000,210000,2018-03-19 13:12:34.504461,8723.462512,0.07057199999999945
2018-03-19 13:20:30.740220,long,0.06377590999999999,0.0113583,70000,70000,70000,2018-03-19 13:23:54.037774,203.297554,0.05241760999999999
2018-03-19 13:24:35.378985,long,0.0917,0.01132346,70000,70000,70000,2018-03-19 13:41:25.362136,1009.983151,0.08037654
2018-03-19 13:42:48.838492,short,0.44561575000000003,-0.00737967,560000,560000,280000,2018-03-19 15:14:38.837857,5509.999365,0.45299542000000004
2018-03-19 15:26:02.060363,long,0.029776119999999996,-0.0007687499999999995,70000,70000,70000,2018-03-19 15:26:58.688441,56.628078,0.030544869999999995
2018-03-19 15:40:04.354930,short,0.0742,-0.00368855,70000,70000,70000,2018-03-19 16:58:39.829010,4715.47408,0.07788855
2018-03-19 16:58:47.425603,long,-0.07607371000000002,0.0037784,70000,70000,70000,2018-03-19 17:01:17.981490,150.555887,-0.07985211000000002
2018-03-19 17:01:51.758764,short,0.20883321999999815,-0.0038270100000000005,210000,210000,158793,2018-03-19 17:23:24.223814,1292.46505,0.21266022999999815
2018-03-19 17:28:02.555305,short,0.07028039999999931,-0.00379457,210000,210000,140000,2018-03-19 17:45:55.854054,1073.298749,0.07407496999999931
2018-03-19 19:15:49.566003,short,0.04333706999999963,0.01142636,71500,71500,71500,2018-03-19 19:16:47.898297,58.332294,0.031910709999999634
2018-03-19 19:23:57.218864,long,0.021647639999999774,0.0037652700000000015,70000,70000,70000,2018-03-19 19:24:17.468721,20.249857,0.017882369999999773
2018-03-19 20:08:51.797398,short,0.0427,0.00370491,70000,70000,70000,2018-03-19 20:09:32.528423,40.731025,0.03899509
2018-03-20 04:00:55.480119,short,0.0466317399999989,0.0133736,90000,90000,90000,2018-03-20 04:19:45.626022,1130.145903,0.0332581399999989
2018-03-20 04:38:39.863283,long,-0.03198767000000135,0.0036952300000000003,90000,90000,90000,2018-03-20 04:51:10.835634,750.972351,-0.03568290000000135
2018-03-20 05:05:07.896445,long,0.0342,-0.00481298,90000,90000,90000,2018-03-20 05:06:04.686884,56.790439,0.03901298
2018-03-20 05:19:05.091589,short,0.00507885,0.00128853,24185,24185,24185,2018-03-20 05:21:09.057232,123.965643,0.0037903200000000002
2018-03-20 05:28:13.828230,long,0.0038696,0.0012881400000000001,24185,24185,24185,2018-03-20 05:29:38.657825,84.829595,0.00258146
2018-03-20 06:24:36.841400,short,0.022272610000000328,0.01266739,120304,120304,120304,2018-03-20 06:32:59.251706,502.410306,0.009605220000000327
2018-03-20 06:46:00.883206,short,0.017883,0.002324810000000001,59610,59610,59610,2018-03-20 06:49:44.623863,223.740657,0.01555819
2018-03-20 07:56:53.158108,long,0.036200000000000364,0.0005458299999999998,90000,90000,90000,2018-03-20 07:58:56.348773,123.190665,0.03565417000000037
2018-03-20 13:12:39.157478,short,0.01415875,0.002977579999999999,56635,56635,56635,2018-03-20 13:13:48.781892,69.624414,0.01118117
2018-03-20 16:17:33.604391,short,-2.2798610700000213,0.09706878999999999,1804712,1804712,900000,2018-03-20 20:05:53.705011,13700.10062,-2.376929860000021
2018-03-20 20:07:40.551610,short,0.6651029300000187,0.19024477999999992,2825915,2825915,500000,2018-03-21 16:20:57.797222,72797.245612,0.47485815000001885
2018-03-21 16:24:38.707247,short,-0.5505568400000111,0.06453706999999997,1017000,1017000,500000,2018-03-22 06:24:00.638541,50361.931294,-0.6150939100000111
2018-03-22 07:18:10.372188,short,0.11431467999999947,0.04015710000000001,400000,400000,247540,2018-03-22 07:26:02.488519,472.116331,0.07415757999999947
2018-03-22 07:52:45.886202,short,-0.03358008999999999,0.030077759999999995,200000,200000,200000,2018-03-22 08:26:20.644905,2014.758703,-0.06365784999999999
2018-03-22 08:29:28.347738,long,0.00091792,0.01503154,100000,100000,100000,2018-03-22 08:34:19.441785,291.094047,-0.01411362
2018-03-22 08:39:48.841948,short,-0.00521932,0.01402324,100000,100000,100000,2018-03-22 08:56:13.196298,984.35435,-0.01924256
2018-03-22 08:58:02.645555,long,0.045533450000000815,0.011968310000000001,100000,100000,100000,2018-03-22 09:05:39.268065,456.62251,0.03356514000000081
2018-03-22 09:28:40.751649,long,0.008764299999998912,7.434999999999972e-05,200000,200000,200000,2018-03-22 09:35:57.736006,436.984357,0.008689949999998912
2018-03-22 09:36:24.067478,short,0.29009642999999796,0.0026498300000000006,420307,420307,420307,2018-03-22 09:51:18.933017,894.865539,0.28744659999999794
2018-03-22 10:06:58.521169,short,-0.036823070000003275,0.018061306664,500000,500000,400000,2018-03-22 10:12:59.296277,360.775108,-0.054884376664003275
2018-03-22 10:12:59.296277,long,0.1635488999999983,-0.010929106663999998,613532,613532,613532,2018-03-22 10:39:50.882308,1611.586031,0.1744780066639983
2018-03-22 10:56:09.253809,long,0.0264,0.00306605,120000,120000,120000,2018-03-22 10:58:11.996248,122.742439,0.02333395
2018-03-22 11:19:17.923820,long,0.08934192,-0.00960935,240000,240000,240000,2018-03-22 11:29:48.037688,630.113868,0.09895127000000001
2018-03-29 04:53:18.533042,long,0.04929310000000624,0.07392673000000001,530000,530000,180000,2018-03-29 09:02:42.371475,14963.838433,-0.024633629999993772
2018-03-29 09:04:35.369332,long,0.012499999999999999,0.0029730299999999998,50000,50000,50000,2018-03-29 09:07:56.827669,201.458337,0.00952697
2018-03-29 09:09:22.928880,long,0.0035000000000000005,0.008935919999999998,50000,50000,50000,2018-03-29 09:11:23.954088,121.025208,-0.005435919999999998
2018-03-29 09:17:24.462097,long,0.008,0.00298014,50000,50000,50000,2018-03-29 09:23:52.096243,387.634146,0.00501986
2018-03-29 09:27:20.479849,long,-0.08741269999999207,0.13077041000000006,915000,915000,270000,2018-03-29 15:07:57.553690,20437.073841,-0.21818310999999213
2018-03-29 15:08:58.519622,long,0.031000000000000003,0.00607839,100000,100000,100000,2018-03-29 15:17:40.830695,522.311073,0.024921610000000004
2018-03-29 15:21:33.876191,short,0.025794670000000224,0.00911058,50000,50000,50000,2018-03-29 15:31:16.675246,582.799055,0.016684090000000224
2018-03-29 15:31:55.944918,long,0.5262892699999996,0.032690409999999996,350000,350000,200000,2018-03-29 16:19:43.028587,2867.083669,0.4935988599999996
2018-03-29 16:19:59.494685,short,0.09235300000000043,0.017957680000000004,200000,200000,150000,2018-03-29 16:53:57.120524,2037.625839,0.07439532000000043
2018-03-29 16:54:19.163895,long,-0.3905122800000008,0.01263693,100000,100000,100000,2018-03-29 20:09:56.625202,11737.461307,-0.4031492100000008
2018-03-30 00:40:10.308218,short,0.00056664,0.00041541,6296,6296,6296,2018-03-30 00:41:17.253514,66.945296,0.00015122999999999997
2018-03-30 00:43:13.107560,long,0.022,0.00996029,50000,50000,50000,2018-03-30 00:46:36.377909,203.270349,0.012039709999999999
2018-03-30 01:00:46.764850,short,0.08033773999999995,0.0033027499999999993,50000,50000,50000,2018-03-30 01:11:29.703207,642.938357,0.07703498999999996
2018-03-30 01:16:38.274165,long,0.07264923,0.00332111,50000,50000,50000,2018-03-30 01:23:23.613265,405.3391,0.06932812
2018-03-30 01:27:21.331141,long,0.07190982000000014,0.0061366100000000015,50000,50000,50000,2018-03-30 01:36:23.947060,542.615919,0.06577321000000014
2018-03-30 01:37:06.010553,short,0.12866244000000007,0.0132967,100000,100000,100000,2018-03-30 01:44:51.808737,465.798184,0.11536574000000008
2018-03-30 01:46:01.748824,short,0.23128239000000445,0.04513973000000001,614833,614833,200000,2018-03-30 02:19:17.112280,1995.363456,0.18614266000000443
2018-03-30 02:21:13.986978,short,0.0305,0.00997141,50000,50000,50000,2018-03-30 02:22:53.897390,99.910412,0.02052859
2018-03-30 02:26:22.803740,long,0.008,0.00998323,50000,50000,50000,2018-03-30 02:28:24.202297,121.398557,-0.001983229999999999
2018-03-30 02:28:51.801260,short,0.028,0.01000678,50000,50000,50000,2018-03-30 02:43:16.372303,864.571043,0.01799322
2018-03-30 02:47:51.323757,short,0.08933414999999885,0.046359399999999995,300000,300000,250000,2018-03-30 03:14:23.201664,1591.877907,0.042974749999998854
2018-03-30 03:16:10.521342,short,0.1264915300000025,0.06048484000000001,350000,350000,250000,2018-03-30 04:05:05.452366,2934.931024,0.06600669000000248
2018-03-30 04:09:52.447777,long,-0.22227311999999994,0.04481679000000001,237322,237322,210000,2018-03-30 04:22:55.998479,783.550702,-0.26708990999999993
2018-03-30 04:23:02.283692,short,0.13420818000000065,0.02375934999999999,150000,150000,150000,2018-03-30 04:26:03.980730,181.697038,0.11044883000000066
2018-03-30 04:27:10.674259,long,0.09400000000000092,0.030763730000000003,150000,150000,150000,2018-03-30 04:29:12.108534,121.434275,0.06323627000000091
2018-03-30 04:31:07.058191,long,0.01697386,0.01022475,50000,50000,50000,2018-03-30 04:33:29.840833,142.782642,0.006749110000000001
2018-03-30 04:36:19.657146,short,0.06547361000000002,0.030297,150000,150000,100000,2018-03-30 04:47:08.329593,648.672447,0.03517661000000001
2018-03-30 04:51:54.570647,short,0.02149222000000009,0.010167800000000001,50000,50000,50000,2018-03-30 04:54:49.537823,174.967176,0.011324420000000088
2018-03-30 07:51:12.767645,short,0.09760986000000538,0.039925200000000015,386752,386752,154000,2018-03-30 08:16:06.954560,1494.186915,0.05768466000000536
2018-03-30 08:17:20.300637,short,0.13028754000000117,0.03790291,200000,200000,150000,2018-03-30 08:41:58.184293,1477.883656,0.09238463000000117
2018-03-30 08:44:01.195830,short,0.03601720999999997,0.0126519,100000,100000,100000,2018-03-30 08:51:34.443342,453.247512,0.023365309999999972
2018-03-30 08:59:32.807729,long,0.07098016999999952,0.038316800000000005,201500,201500,101500,2018-03-30 10:10:50.294200,4277.486471,0.03266336999999952
2018-03-30 10:11:54.747271,long,-0.24657688000000053,0.012919299999999998,100000,100000,100000,2018-03-30 15:04:17.231304,17542.484033,-0.2594961800000005
2018-03-30 15:06:17.263068,short,0.042,0.00398439,20000,20000,20000,2018-03-30 15:37:48.846149,1891.583081,0.038015610000000005
2018-03-30 15:58:52.980586,short,0.4895901700000005,0.02668591,180000,180000,180000,2018-03-30 16:49:53.250035,3060.269449,0.4629042600000005
2018-03-30 16:50:43.016282,short,0.10407089000000061,0.020438430000000004,100000,100000,100000,2018-03-30 16:52:29.292561,106.276279,0.0836324600000006
2018-03-30 16:56:46.952160,short,-0.4408551,0.013113959999999997,100000,100000,100000,2018-03-31 01:54:22.633975,32255.681815,-0.45396906
2018-03-31 02:22:29.840500,short,0.025899999999999996,0.013459100000000003,70000,70000,70000,2018-03-31 02:26:44.906686,255.066186,0.012440899999999993
2018-03-31 02:29:53.141991,long,0.020900129999999875,0.013296159999999998,70000,70000,70000,2018-03-31 02:31:37.260831,104.11884,0.007603969999999877
2018-03-31 02:36:13.278321,short,0.21584458000000298,0.04456318000000001,495862,495862,350000,2018-03-31 03:12:17.148509,2163.870188,0.17128140000000297
2018-03-31 03:14:33.309373,short,0.0898696599999972,0.07051616999999999,428168,428168,349517,2018-03-31 03:48:01.720271,2008.410898,0.01935348999999721
2018-03-31 03:50:42.839974,long,-0.0072325699999997535,0.01660019,86032,86032,70000,2018-03-31 03:57:33.801320,410.961346,-0.023832759999999755
2018-03-31 03:59:22.407073,long,0.040227230000000586,0.02469051,140000,140000,140000,2018-03-31 04:02:29.236114,186.829041,0.015536720000000587
2018-03-31 04:09:12.475597,short,0.024500000000000004,0.026757799999999998,140000,140000,140000,2018-03-31 04:18:03.621207,531.14561,-0.002257799999999994
2018-03-31 05:36:04.278277,long,-0.0021,0.02730993,140000,140000,140000,2018-03-31 05:38:38.132474,153.854197,-0.02940993
2018-03-31 05:39:13.468788,short,-0.027235989999999766,0.01364522,70000,70000,70000,2018-03-31 05:41:17.281967,123.813179,-0.040881209999999765
2018-03-31 05:51:47.971904,long,0.1084929899999999,0.054800869999999995,280000,280000,140000,2018-03-31 06:01:07.746024,559.77412,0.053692119999999906
2018-03-31 06:04:33.203761,long,0.01884438000000082,0.027383539999999994,140000,140000,140000,2018-03-31 06:15:46.687329,673.483568,-0.008539159999999175
2018-03-31 06:18:18.226309,long,0.0721,0.013667040000000002,70000,70000,70000,2018-03-31 06:26:57.376696,519.150387,0.05843295999999999
2018-03-31 06:36:05.538453,long,0.0009,0.00032596000000000003,5000,5000,5000,2018-03-31 06:36:18.713140,13.174687,0.0005740399999999999
2018-03-31 06:47:58.331690,long,0.03169879000000037,0.013833419999999999,70000,70000,70000,2018-03-31 06:49:18.603719,80.272029,0.017865370000000373
2018-03-31 06:51:29.126277,long,0.09914700000000011,0.03232153,210000,210000,140000,2018-03-31 07:04:17.254526,768.128249,0.06682547000000011
2018-03-31 09:39:09.348071,short,0.0112,0.01357964,70000,70000,70000,2018-03-31 09:39:37.116587,27.768515999999998,-0.0023796400000000006
2018-03-31 09:48:02.731616,short,-0.05061565,0.004497985017734804,70000,70000,70000,2018-03-31 09:50:27.760533,145.028917,-0.0551136350177348
2018-03-31 09:50:27.760533,long,0.00163618,0.0024294671485152967,12586,12586,12586,2018-03-31 09:51:19.110607,51.350074,-0.0007932871485152966
2018-03-31 09:51:19.110607,short,0.00918624,0.01108374332230644,57414,57414,57414,2018-03-31 09:55:22.846234,243.735627,-0.0018975033223064403
2018-03-31 09:55:22.846234,long,0.036893599999999395,0.006919124511443459,82586,82586,82586,2018-03-31 09:59:20.744272,237.898038,0.029974475488555936
2018-03-31 10:02:10.865559,short,0.015131209999999375,0.004485370000000001,70000,70000,70000,2018-03-31 10:02:37.853700,26.988141,0.010645839999999374
2018-03-31 10:06:21.640885,long,0.1309,0.01343175,70000,70000,70000,2018-03-31 10:26:47.221089,1225.580204,0.11746825
2018-03-31 10:32:48.294291,short,0.039938159999999515,-0.00418305,70000,70000,70000,2018-03-31 10:34:42.890201,114.59591,0.044121209999999515
2018-03-31 12:48:51.827130,short,0.03641456,0.013134490000000002,70000,70000,70000,2018-03-31 12:49:38.493091,46.665961,0.023280069999999996
2018-03-31 22:07:35.947807,short,0.027231850000000304,0.01366135,70000,70000,70000,2018-03-31 22:11:31.736126,235.788319,0.013570500000000305
2018-03-31 22:22:22.865679,short,0.020859180000000005,0.013624810000000001,70000,70000,70000,2018-03-31 22:23:47.474717,84.609038,0.007234370000000004
2018-03-31 22:37:13.356534,short,-0.006409250000000102,0.01346931,70000,70000,70000,2018-03-31 22:37:36.474652,23.118118,-0.0198785600000001
2018-03-31 22:42:32.548003,long,0.0013868600000000002,0.013609760000000005,70000,70000,70000,2018-03-31 22:45:38.101720,185.553717,-0.012222900000000005
2018-03-31 22:47:52.364600,short,0.04255550999999995,0.013646199999999997,70000,70000,70000,2018-03-31 23:10:59.233585,1386.868985,0.028909309999999952
2018-03-31 23:15:21.889576,short,0.0294005,0.004557,70000,70000,70000,2018-03-31 23:16:59.971385,98.081809,0.024843499999999998
2018-03-31 23:17:27.582922,long,0.055999999999999994,0.027405830000000003,140000,140000,140000,2018-03-31 23:22:51.007269,323.424347,0.02859416999999999
2018-04-01 02:31:39.941837,long,0.052215800000000666,0.08624494999999999,490000,490000,280000,2018-04-01 03:03:37.166386,1917.224549,-0.03402914999999932
2018-04-01 03:18:48.851420,long,0.047651620000000006,0.01365519,70000,70000,70000,2018-04-01 03:25:07.417593,378.566173,0.03399643000000001
2018-04-01 03:56:18.919121,long,0.06891589999999924,0.02599123,180000,180000,180000,2018-04-01 04:11:33.427402,914.508281,0.042924669999999235
2018-04-01 04:21:40.219934,short,0.013014880000000811,0.017472469999999993,90000,90000,90000,2018-04-01 04:22:24.380673,44.160739,-0.004457589999999182
2018-04-01 04:46:32.899969,long,0.04459979000000022,0.046550820000000014,270000,270000,180000,2018-04-01 05:01:52.139592,919.239623,-0.0019510299999997913
2018-04-01 06:05:54.403964,long,0.016324619999999634,0.017565219999999996,90000,90000,90000,2018-04-01 06:07:14.329671,79.925707,-0.0012406000000003622
2018-04-01 06:08:45.483273,short,0.06897302999999919,0.03246353,180000,180000,180000,2018-04-01 06:25:37.896204,1012.412931,0.03650949999999919
2018-04-01 06:25:40.640534,long,0.15844360999999646,0.10645744000000001,540000,540000,360000,2018-04-01 06:49:22.773233,1422.132699,0.051986169999996446
2018-04-01 06:53:38.567508,long,0.0153,0.00590955,90000,90000,90000,2018-04-01 07:02:22.886617,524.319109,0.009390449999999998
2018-04-01 07:10:27.163834,long,-0.8866183200000026,0.12110185999999999,720000,720000,540000,2018-04-01 07:35:44.845989,1517.682155,-1.0077201800000026
2018-04-01 07:35:56.913000,long,0.431011650000004,0.13570737999999993,914364,914364,540000,2018-04-01 08:07:23.626815,1886.713815,0.2953042700000041
2018-04-01 08:11:35.141968,long,0.041098889999998285,0.1488379599999999,1250000,1250000,550000,2018-04-01 09:22:29.412754,4254.270786,-0.10773907000000163
2018-04-01 09:25:26.886476,short,0.08131282000000156,0.0395431912288,199084,199084,199084,2018-04-01 09:34:46.008331,559.121855,0.041769628771201564
2018-04-01 09:34:46.008331,long,0.00020152,0.0001853387712,916,916,916,2018-04-01 09:37:33.204838,167.196507,1.618122880000001e-05
2018-04-01 09:43:13.658259,short,0.019024410000000946,0.022296189999999997,139100,139100,139100,2018-04-01 09:44:50.390619,96.73236,-0.0032717799999990513
2018-04-01 09:46:04.826671,short,0.041999999999999996,0.020144549999999994,100000,100000,100000,2018-04-01 09:50:47.894035,283.067364,0.021855450000000002
2018-04-01 09:53:02.493978,short,0.04822359000000072,0.03962387000000002,400000,400000,400000,2018-04-01 10:10:24.976055,1042.482077,0.008599720000000699
2018-04-01 10:11:08.701071,long,0.11139626,0.05938565999999999,500000,500000,400000,2018-04-01 10:42:14.321819,1865.620748,0.052010600000000004
2018-04-01 10:43:47.656398,short,0.04414417999999932,0.020152580000000003,100000,100000,100000,2018-04-01 10:47:23.427026,215.770628,0.023991599999999315
2018-04-01 11:26:22.460748,long,0.07306102999999876,0.04042655999999997,200000,200000,200000,2018-04-01 11:35:53.047057,570.586309,0.03263446999999879
2018-04-01 14:42:38.874369,short,0.10349455999999845,0.041509529999999996,200000,200000,200000,2018-04-01 14:49:02.532958,383.658589,0.06198502999999845
2018-04-01 16:03:09.571107,long,0.05,0.020850749999999998,100000,100000,100000,2018-04-01 16:04:13.353395,63.782288,0.029149250000000005
2018-04-01 16:09:46.465900,short,0.073,-0.00676414,100000,100000,100000,2018-04-01 16:11:15.953182,89.487282,0.07976414
2018-04-01 16:12:32.515293,short,0.22760102999999948,0.0060272,300000,300000,200000,2018-04-01 16:24:59.511158,746.995865,0.22157382999999947
2018-04-01 16:26:12.582940,short,-0.3451816400000027,0.04105530000000001,600000,600000,400000,2018-04-01 16:50:55.598967,1483.016027,-0.3862369400000027
2018-04-01 16:52:16.837663,long,-0.1039051899999995,0.05939180000000001,300000,300000,300000,2018-04-01 16:59:13.303176,416.465513,-0.1632969899999995
2018-04-01 16:59:20.266465,short,0.4668639999999945,0.13226064000000007,1190000,1190000,380000,2018-04-01 18:27:32.013163,5291.746698,0.33460335999999447
2018-04-01 18:32:44.730469,short,0.04455108000000087,0.019937139999999996,100000,100000,100000,2018-04-01 18:35:32.247421,167.516952,0.02461394000000087
2018-04-01 18:39:13.674024,short,0.09931536999999999,0.038490900000000015,200000,200000,200000,2018-04-01 18:48:28.698891,555.024867,0.06082446999999997
2018-04-01 18:49:05.856177,short,0.0184,-0.00265409,40000,40000,40000,2018-04-01 18:49:32.803554,26.947377,0.02105409
2018-04-01 19:04:49.104919,short,-0.10519960999999708,0.06418072999999995,330000,330000,330000,2018-04-01 19:22:34.458526,1065.353607,-0.16938033999999702
2018-04-01 19:23:52.741893,long,0.05076898000000074,0.01946339,100000,100000,100000,2018-04-01 19:24:39.945837,47.203944,0.031305590000000744
2018-04-01 19:32:57.296816,short,0.14537076000000101,0.05050951999999999,300000,300000,300000,2018-04-01 19:49:37.035758,999.738942,0.09486124000000103
2018-04-01 19:56:53.551295,long,0.00865817,0.0036253700000000006,55770,55770,55770,2018-04-01 19:57:47.498314,53.947019,0.005032799999999999
2018-04-01 20:06:59.591602,long,0.03,0.01962347,100000,100000,100000,2018-04-01 20:07:57.304942,57.71334,0.010376529999999998
2018-04-02 02:02:34.119231,short,0.12087256999999732,0.10495763000000002,653435,653435,400000,2018-04-02 03:24:50.486981,4936.36775,0.015914939999997296
2018-04-02 03:26:51.025734,short,0.3410236200000035,0.06463218000000001,400000,400000,400000,2018-04-02 04:58:17.928405,5486.902671,0.2763914400000035
2018-04-02 05:04:57.561199,long,0.02359699000000055,0.019380999999999992,100000,100000,100000,2018-04-02 05:05:55.428347,57.867148,0.004215990000000558
2018-04-02 05:32:47.265622,short,0.0184,0.015650759999999996,80000,80000,80000,2018-04-02 05:36:20.474023,213.208401,0.0027492400000000035
2018-04-02 06:16:50.641806,short,0.1373187199999986,0.02597504000000001,160000,160000,160000,2018-04-02 06:58:39.623197,2508.981391,0.11134367999999858
2018-04-02 07:03:13.528951,long,0.03142915999999968,-0.0033229699999999997,80000,80000,80000,2018-04-02 07:07:21.338572,247.809621,0.03475212999999968
2018-04-02 07:10:23.733082,short,-1.0767638199999958,0.08425903,480000,480000,480000,2018-04-02 07:56:31.598157,2767.865075,-1.1610228499999957
2018-04-02 08:00:57.517002,long,0.01080933,0.007666579999999999,40000,40000,40000,2018-04-02 08:03:15.938764,138.421762,0.0031427500000000014
2018-04-02 08:12:52.447070,long,-0.010048820000000399,0.036447040000000014,200000,200000,200000,2018-04-02 08:31:17.510182,1105.063112,-0.046495860000000416
2018-04-02 10:19:59.195927,short,0.05,0.0384844,200000,200000,200000,2018-04-02 10:20:57.161528,57.965601,0.0115156
2018-04-02 10:43:39.372288,short,0.05301209999999993,0.03573292999999999,200000,200000,200000,2018-04-02 10:45:47.490908,128.11862,0.01727916999999994
2018-04-02 11:02:12.668816,short,-0.12863564,0.03823626000000001,200000,200000,200000,2018-04-02 11:13:10.810100,658.141284,-0.16687190000000002
2018-04-02 11:13:53.288430,short,0.09811439999999857,0.026161049999999988,200000,200000,200000,2018-04-02 11:18:28.454226,275.165796,0.07195334999999858
2018-04-02 11:22:48.820558,short,0.06147126,0.014471399999999999,200000,200000,200000,2018-04-02 11:35:13.926379,745.105821,0.046999860000000004
2018-04-02 11:36:33.879924,long,-0.09874733000000101,0.038355999999999994,200000,200000,200000,2018-04-02 12:07:54.962212,1881.082288,-0.137103330000001
2018-04-02 12:08:55.917081,long,0.0513385300000009,0.012856510000000014,200000,200000,200000,2018-04-02 12:12:34.743556,218.826475,0.03848202000000089
2018-04-02 12:33:38.308237,long,0.05180667999999969,0.006451019999999998,100000,100000,100000,2018-04-02 12:36:18.763432,160.455195,0.04535565999999969
2018-04-02 12:37:51.884387,long,0.025,-0.006421700000000001,100000,100000,100000,2018-04-02 12:47:25.936334,574.051947,0.031421700000000004
2018-04-02 13:32:11.866865,short,0.048,0.01924964,100000,100000,100000,2018-04-02 13:41:10.258843,538.391978,0.028750360000000003
2018-04-02 14:03:38.309016,long,-0.01723857,0.01933396,100000,100000,100000,2018-04-02 14:14:40.344915,662.035899,-0.036572530000000006
2018-04-02 14:15:43.679669,long,-0.07578087999999841,0.0064954900000000005,300000,300000,300000,2018-04-02 14:47:21.723862,1898.044193,-0.08227636999999842
2018-04-02 14:53:36.970914,long,0.078,-0.0005205400000000001,100000,100000,100000,2018-04-02 15:12:46.947378,1149.976464,0.07852054
2018-04-02 18:52:06.504441,short,0.084,0.0064867399999999995,100000,100000,100000,2018-04-02 19:07:27.854732,921.350291,0.07751326
2018-04-02 19:22:31.876390,short,0.26287775000000185,0.030827930000000003,200000,200000,200000,2018-04-02 20:52:32.512244,5400.635854,0.23204982000000185
2018-04-02 20:55:18.188432,short,-0.019,0.038930469999999995,200000,200000,200000,2018-04-02 21:09:23.102882,844.91445,-0.05793047
2018-04-02 21:18:19.989408,short,-0.09915703000000173,0.03793069,200000,200000,200000,2018-04-02 21:27:04.428325,524.438917,-0.13708772000000174
2018-04-02 21:27:39.296539,short,-0.42134454999999826,0.05573121999999999,400000,400000,200000,2018-04-03 02:57:15.180754,19775.884215,-0.47707576999999823
2018-04-03 02:59:59.410895,short,0.09158021000000008,0.018833719999999998,100000,100000,100000,2018-04-03 03:04:57.909622,298.498727,0.07274649000000008
2018-04-03 03:08:47.417389,long,0.037,0.0063109900000000016,100000,100000,100000,2018-04-03 03:13:29.091587,281.674198,0.030689009999999996
2018-04-03 03:25:47.560616,short,-0.04136532,0.00437229,70000,70000,70000,2018-04-03 04:01:25.367313,2137.806697,-0.04573761
2018-04-03 04:04:27.558778,short,-0.07349353000000092,0.021732449999999993,150000,150000,150000,2018-04-03 04:28:21.991714,1434.432936,-0.0952259800000009
2018-04-03 04:32:10.528579,short,0.03309716000000199,0.04605336,250000,250000,250000,2018-04-03 07:12:25.350385,9614.821806,-0.01295619999999801
2018-04-03 07:17:03.467593,short,0.00256344,0.00921274,50000,50000,50000,2018-04-03 07:18:51.790851,108.323258,-0.0066493
2018-04-03 07:40:52.563687,short,0.07365985000000055,0.018327630000000004,200000,200000,150000,2018-04-03 08:32:28.048675,3095.484988,0.05533222000000055
2018-04-03 08:33:33.305080,long,0.021998749999998832,0.00918785,150000,150000,150000,2018-04-03 13:02:12.590059,16119.284979,0.012810899999998833
2018-04-03 13:07:52.739115,short,0.016974049999999997,0.0006276858662499997,50000,50000,50000,2018-04-03 13:10:32.129503,159.390388,0.01634636413375
2018-04-03 13:10:32.129503,long,-0.21192225999999917,0.04892025413375,339855,339855,270000,2018-04-03 13:43:50.027847,1997.898344,-0.26084251413374915
2018-04-03 13:44:27.410129,long,0.02090418000000045,0.0029738800000000004,50000,50000,50000,2018-04-03 13:46:10.899550,103.489421,0.017930300000000447
2018-04-03 13:47:02.887869,short,0.001,0.0030667399999999997,50000,50000,50000,2018-04-03 13:59:27.911943,745.024074,-0.0020667399999999996
2018-04-03 14:00:27.846635,long,0.012,0.0030698800000000014,50000,50000,50000,2018-04-03 14:03:15.610465,167.76383,0.00893012
2018-04-03 14:16:14.791778,long,0.0315,0.006142409999999999,100000,100000,100000,2018-04-03 14:21:57.198028,342.40625,0.02535759
2018-04-03 14:25:23.622641,long,0.0355,-7.469999999999005e-06,100000,100000,100000,2018-04-03 14:31:30.723409,367.100768,0.03550747
2018-04-03 14:34:02.137055,short,0.018,0.00306312,50000,50000,50000,2018-04-03 14:36:43.466501,161.329446,0.01493688
2018-04-03 14:49:25.397793,short,0.0011761399999995774,0.00811282,50000,50000,50000,2018-04-03 14:58:42.764792,557.366999,-0.006936680000000422
2018-04-03 14:59:40.212161,short,-0.07275594000000092,0.04190473999999999,300100,300100,250000,2018-04-03 16:21:51.980073,4931.767912,-0.1146606800000009
2018-04-03 16:25:47.705111,short,0.020999999999999998,0.00304312,50000,50000,50000,2018-04-03 16:28:04.345424,136.640313,0.017956879999999998
2018-04-03 16:28:42.324128,short,0.04518015,0.00609645,100000,100000,100000,2018-04-03 16:39:50.962727,668.638599,0.0390837
2018-04-03 16:40:48.471277,short,0.01604848999999969,0.009125310000000001,50000,50000,50000,2018-04-03 16:42:27.451880,98.980603,0.006923179999999689
2018-04-03 16:44:24.079856,short,0.04281415999999999,0.012200200000000003,100000,100000,100000,2018-04-03 17:34:02.446456,2978.3666,0.03061395999999999
2018-04-03 17:36:10.495719,short,0.0637353700000033,0.03774980999999999,350000,350000,150000,2018-04-03 21:10:59.793773,12889.298054,0.025985560000003315
2018-04-03 23:16:08.341384,short,0.1135,0.0031014600000000003,50000,50000,50000,2018-04-04 04:09:34.438979,17606.097595,0.11039854
2018-04-04 04:19:21.055339,long,0.0775,0.009202559999999999,50000,50000,50000,2018-04-04 05:11:12.949400,3111.894061,0.06829744
2018-04-04 06:01:08.219482,long,-0.003,0.009180540000000003,50000,50000,50000,2018-04-04 06:08:57.797139,469.577657,-0.012180540000000004
2018-04-04 06:45:39.341727,long,0.019000000000000003,0.0030482699999999996,50000,50000,50000,2018-04-04 07:17:31.833500,1912.491773,0.015951730000000004
2018-04-04 11:02:06.283215,long,-0.012475199999999858,0.00217903,50000,50000,50000,2018-04-04 11:08:25.542079,379.258864,-0.014654229999999858
2018-04-04 11:08:27.771500,short,0.00937417000000005,-0.0018371400000000001,50000,50000,50000,2018-04-04 11:09:09.576082,41.804582,0.01121131000000005
2018-04-04 11:52:42.750707,short,0.017,0.009561350000000001,50000,50000,50000,2018-04-04 12:26:54.458675,2051.707968,0.00743865
2018-04-04 12:31:38.275225,long,0.037500000000000006,0.0032065800000000005,50000,50000,50000,2018-04-04 12:47:10.258985,931.98376,0.034293420000000005
2018-04-04 13:43:08.414123,short,0.013,0.0031661700000000003,50000,50000,50000,2018-04-04 13:44:25.151741,76.737618,0.009833829999999998
2018-04-04 13:55:16.961293,long,-0.1110487,0.015976419999999998,100000,100000,100000,2018-04-04 14:04:34.040946,557.079653,-0.12702512
2018-04-04 14:05:49.912538,long,-0.028809710000000197,0.01304669,100000,100000,100000,2018-04-04 14:15:25.658954,575.746416,-0.041856400000000196
2018-04-04 14:16:54.988546,long,0.037477929999999104,0.013075719999999999,100000,100000,100000,2018-04-04 14:28:40.909588,705.921042,0.024402209999999105
2018-04-04 14:29:12.463896,long,0.0295,0.003285599999999999,50000,50000,50000,2018-04-04 14:34:37.623918,325.160022,0.0262144
2018-04-04 14:39:07.935648,long,0.043,0.019643149999999998,100000,100000,100000,2018-04-04 15:05:14.377692,1566.442044,0.02335685
2018-04-04 15:06:50.768828,long,-0.043,0.019670109999999998,100000,100000,100000,2018-04-04 15:55:52.682983,2941.914155,-0.06267011
2018-04-04 15:57:38.389250,long,0.12178541,-1.8920000000000666e-05,100000,100000,100000,2018-04-04 16:02:12.615636,274.226386,0.12180433
2018-04-04 16:08:09.147672,long,0.035952740000000004,0.00221217,50000,50000,50000,2018-04-04 16:12:48.492166,279.344494,0.033740570000000004
2018-04-04 16:14:20.312625,long,0.02975319,0.015810490000000003,80000,80000,80000,2018-04-04 16:26:43.584822,743.272197,0.013942699999999995
2018-04-04 18:15:10.648353,long,0.01548063,0.0018069199999999996,27159,27159,27159,2018-04-04 18:15:40.632531,29.984178,0.01367371
2018-04-04 18:17:50.958639,long,0.018,0.01002103,50000,50000,50000,2018-04-04 18:18:35.054787,44.096148,0.007978969999999998
2018-04-04 18:33:38.608223,long,0.01265817,-0.00172028,25833,25833,25833,2018-04-04 18:36:08.548791,149.940568,0.01437845
2018-04-04 20:55:54.653542,long,-0.0125,0.009868779999999999,50000,50000,50000,2018-04-04 20:59:46.741335,232.087793,-0.022368779999999998
2018-04-04 21:03:49.471225,long,-0.11262559000000082,0.014505840000000006,100000,100000,100000,2018-04-04 21:34:48.963151,1859.491926,-0.12713143000000082
2018-04-04 21:35:32.630682,long,-0.00014018,0.009985299999999999,50000,50000,50000,2018-04-04 21:36:55.240157,82.609475,-0.01012548
2018-04-04 21:37:55.748719,long,0.0235,0.0033463100000000008,50000,50000,50000,2018-04-04 21:39:47.514726,111.766007,0.02015369
2018-04-05 03:50:41.711208,long,0.0535,0.0033701599999999996,50000,50000,50000,2018-04-05 03:53:57.387963,195.676755,0.05012984
2018-04-05 04:04:37.908790,long,0.049014049999999997,0.009939319999999998,50000,50000,50000,2018-04-05 04:05:43.236539,65.327749,0.03907473
2018-04-05 04:06:38.983151,long,0.0014999999999999998,0.0033022000000000004,50000,50000,50000,2018-04-05 04:08:58.203845,139.220694,-0.0018022000000000005
2018-04-05 04:18:19.488120,long,0.035194569999999654,0.00992525,50000,50000,50000,2018-04-05 04:32:58.343336,878.855216,0.025269319999999654
2018-04-05 04:35:18.188077,long,0.007818030000000363,0.009929049999999998,50000,50000,50000,2018-04-05 04:36:23.695598,65.507521,-0.0021110199999996356
2018-04-05 04:48:47.771271,long,0.03702003999999979,0.00464528,90000,90000,90000,2018-04-05 05:05:27.867252,1000.095981,0.03237475999999979
2018-04-05 05:10:43.959500,long,0.02410294,0.00996155,50000,50000,50000,2018-04-05 05:33:39.368040,1375.40854,0.01414139
2018-04-05 06:00:20.354393,long,-0.027251800000000003,0.01980623,100000,100000,100000,2018-04-05 06:04:56.889053,276.53466,-0.04705803
2018-04-05 06:20:56.550017,long,-0.004999999999999999,0.009965610000000001,50000,50000,50000,2018-04-05 06:23:01.882220,125.332203,-0.01496561
2018-04-05 06:24:20.715916,long,0.0065,0.00996331,50000,50000,50000,2018-04-05 06:29:59.956068,339.240152,-0.00346331
2018-04-05 06:30:33.683339,long,6.405000000000341e-05,0.0001319,662,662,662,2018-04-05 06:30:42.648347,8.965008,-6.78499999999966e-05
2018-04-05 06:49:39.261601,short,0.019,0.0033473199999999995,50000,50000,50000,2018-04-05 06:50:40.507501,61.2459,0.01565268
2018-04-05 06:57:29.921552,short,0.0435,0.01003687,50000,50000,50000,2018-04-05 07:04:07.200559,397.279007,0.033463129999999994
2018-04-05 07:40:07.768761,short,0.01230000000000018,0.00344893,50000,50000,50000,2018-04-05 07:56:46.560736,998.791975,0.008851070000000181
2018-04-05 08:27:18.148963,short,-0.027,0.00989076,50000,50000,50000,2018-04-05 08:32:36.978108,318.829145,-0.03689076
2018-04-05 08:44:31.286196,short,0.034,0.009825250000000002,50000,50000,50000,2018-04-05 08:59:12.837294,881.551098,0.024174750000000002
2018-04-05 13:25:23.439079,short,-0.02851559999999955,0.00897603,50000,50000,50000,2018-04-05 13:43:26.677063,1083.237984,-0.037491629999999554
2018-04-05 13:45:17.759081,short,0.0285,-0.0032774500000000003,50000,50000,50000,2018-04-05 13:46:39.706846,81.947765,0.03177745
2018-04-05 14:14:31.945576,short,0.031677830000000184,0.009759799999999999,50000,50000,50000,2018-04-05 14:15:26.865218,54.919642,0.021918030000000185
2018-04-05 15:21:53.340449,long,0.00505,0.00067571,10100,10100,10100,2018-04-05 15:22:35.538238,42.197789,0.004374289999999999
2018-04-05 16:31:44.032283,short,-0.038546739999999996,0.014111099999999998,70000,70000,70000,2018-04-05 16:35:09.309812,205.277529,-0.05265784
2018-04-05 16:36:17.987293,short,0.009099999999999999,0.014025160000000002,70000,70000,70000,2018-04-05 16:48:57.198754,759.211461,-0.004925160000000003
2018-04-05 16:56:17.032347,short,0.043399999999999994,0.014060620000000001,70000,70000,70000,2018-04-05 16:57:35.695158,78.662811,0.02933937999999999
2018-04-05 17:06:23.231596,short,0.031136000000000608,0.01405229,70000,70000,70000,2018-04-05 17:13:55.238038,452.006442,0.017083710000000606
2018-04-05 17:22:58.640854,short,0.0371,0.0046505,70000,70000,70000,2018-04-05 17:23:34.365102,35.724248,0.0324495
2018-04-05 21:32:43.918394,short,-0.03049999999999982,0.0019829,30000,30000,30000,2018-04-05 22:36:34.530820,3830.612426,-0.03248289999999982
2018-04-05 22:37:51.172117,short,0.195,0.00607054,30000,30000,30000,2018-04-06 06:55:39.740845,29868.568728,0.18892946
2018-04-06 08:02:33.775718,short,0.06461935999999999,0.009679039999999996,50000,50000,50000,2018-04-06 09:27:28.336275,5094.560557,0.05494031999999999
2018-04-06 09:53:52.667276,short,-0.001,0.00410084,20000,20000,20000,2018-04-06 15:21:39.800323,19667.133047,-0.00510084
2018-04-06 16:26:42.653760,short,0.0118,0.00136778,20000,20000,20000,2018-04-06 16:47:55.484934,1272.831174,0.010432219999999999
2018-04-06 17:04:07.963564,short,0.0006,0.0013616499999999998,20000,20000,20000,2018-04-06 21:40:22.313080,16574.349516,-0.0007616499999999999
2018-04-06 21:50:02.206579,long,-0.00798864,0.01020187,50000,50000,50000,2018-04-06 21:50:59.036542,56.829963,-0.01819051
2018-04-06 21:54:35.021660,long,-0.018653,0.00341323,50000,50000,50000,2018-04-06 22:12:02.915637,1047.893977,-0.02206623
2018-04-06 23:04:34.243805,long,0.00514377,0.00363296,17630,17630,17630,2018-04-06 23:06:09.407359,95.163554,0.0015108099999999996
2018-04-07 01:04:50.517576,long,0.0265,0.00995185,50000,50000,50000,2018-04-07 01:07:42.756919,172.239343,0.016548149999999998
2018-04-07 01:09:29.493756,long,-0.0125,0.0033262799999999996,50000,50000,50000,2018-04-07 01:27:56.179899,1106.686143,-0.01582628
2018-04-07 01:38:47.586993,short,-0.0015,0.009925529999999998,50000,50000,50000,2018-04-07 01:40:17.631165,90.044172,-0.011425529999999998
2018-04-07 01:41:13.701682,short,0.023090000000000003,0.019678240000000007,100000,100000,100000,2018-04-07 01:56:50.908537,937.206855,0.0034117599999999963
2018-04-07 03:06:21.182800,short,0.0027,-0.00197588,30000,30000,30000,2018-04-07 03:19:28.046706,786.863906,0.00467588
2018-04-07 04:04:46.641325,short,0.0095,0.00985463,50000,50000,50000,2018-04-07 04:18:42.574245,835.93292,-0.0003546299999999999
2018-04-07 21:49:24.429732,long,0.0376,0.00126359,20000,20000,20000,2018-04-08 12:11:32.122586,51727.692854,0.03633641
2018-04-08 16:52:13.178266,long,-0.0172,0.00774547,40000,40000,40000,2018-04-08 17:06:21.922768,848.744502,-0.02494547
2018-04-08 17:07:57.166729,long,0.011,0.0038719299999999996,20000,20000,20000,2018-04-08 17:20:11.916475,734.749746,0.00712807
2018-04-08 18:23:02.968993,long,0.0039448400000001126,0.00385986,20000,20000,20000,2018-04-08 18:23:37.748278,34.779285,8.498000000011245e-05
2018-04-08 18:57:12.811535,long,0.011403400000000181,0.005785870000000002,30000,30000,30000,2018-04-08 23:35:17.706353,16684.894818,0.0056175300000001795
2018-04-09 02:28:55.785118,short,0.00920824,0.0031463299999999997,50000,50000,50000,2018-04-09 02:41:24.301966,748.516848,0.00606191
2018-04-09 03:22:00.960283,long,0.029817049999999998,0.00952567,50000,50000,50000,2018-04-09 03:26:33.609347,272.649064,0.020291379999999998
2018-04-09 03:39:37.883324,short,0.20070000000000035,0.0032898,50000,50000,50000,2018-04-09 10:32:05.049623,24747.166299,0.19741020000000034
2018-04-09 11:03:09.487029,long,0.013400000000000002,0.0013466700000000001,20000,20000,20000,2018-04-09 11:06:03.917191,174.430162,0.012053330000000003
2018-04-09 11:19:53.047553,long,0.0218,0.0013522900000000001,20000,20000,20000,2018-04-09 11:22:35.979004,162.931451,0.02044771
2018-04-09 12:37:27.766030,long,0.0192,0.0020223,30000,30000,30000,2018-04-09 12:38:49.239294,81.473264,0.017177699999999997
2018-04-09 12:45:30.629536,long,0.0129,0.0060322299999999995,30000,30000,30000,2018-04-09 12:51:24.737607,354.108071,0.0068677700000000005
2018-04-09 14:10:13.472928,long,0.00595564,0.004036519999999999,20000,20000,20000,2018-04-09 14:14:45.641568,272.16864,0.0019191200000000007
2018-04-09 19:36:43.769889,long,0.068,0.0026663499999999996,40000,40000,40000,2018-04-09 21:41:45.892846,7502.122957,0.06533365000000001
2018-04-09 23:59:24.465726,short,0.002542,-0.000546,8200,8200,8200,2018-04-10 00:04:51.040895,326.575169,0.003088
2018-04-10 08:31:45.844925,long,0.03397096999999976,0.01015256,50000,50000,50000,2018-04-10 08:32:25.284299,39.439374,0.023818409999999762
2018-04-10 08:33:39.011583,long,0.018000000000000002,0.003388590000000001,50000,50000,50000,2018-04-10 08:35:12.853665,93.842082,0.014611410000000002
2018-04-11 13:42:16.836771,short,0.0063,0.0019444300000000005,30000,30000,30000,2018-04-11 15:13:12.164456,5455.327685,0.00435557
2018-04-12 11:55:22.178849,long,-0.2240434100000021,0.02236507,321811,321811,180000,2018-04-12 16:55:24.116066,18001.937217,-0.2464084800000021
2018-04-12 16:56:15.967070,long,0.12019036999999981,0.0073972099999999995,60000,60000,60000,2018-04-12 17:02:44.000382,388.033312,0.11279315999999981
2018-04-12 17:07:53.899366,long,0.013933820000000194,0.005847619999999998,100000,100000,100000,2018-04-12 17:17:27.809040,573.909674,0.008086200000000196
2018-04-12 21:38:16.015278,short,-0.006199410000000001,0.008613359999999999,50000,50000,50000,2018-04-12 21:39:43.953895,87.938617,-0.01481277
2018-04-12 21:45:59.376934,short,0.0265,0.00288596,50000,50000,50000,2018-04-12 21:53:04.233023,424.856089,0.02361404
2018-04-12 21:53:47.313040,long,0.0065,0.0028854999999999996,50000,50000,50000,2018-04-12 21:54:45.567377,58.254337,0.0036145
2018-04-12 21:57:34.269478,short,-0.001,-0.00287971,50000,50000,50000,2018-04-12 22:03:18.478863,344.209385,0.0018797100000000001
2018-04-12 22:04:07.574259,long,0.007,0.0028900899999999997,50000,50000,50000,2018-04-12 22:04:48.409008,40.834749,0.0041099100000000005
2018-04-12 22:06:28.938813,long,0.0045000000000000005,0.00289815,50000,50000,50000,2018-04-12 22:08:37.517613,128.5788,0.0016018500000000006
2018-04-12 22:11:05.418297,short,0.0195,0.0024092500000000004,50000,50000,50000,2018-04-12 22:11:37.676709,32.258412,0.01709075
2018-04-12 23:03:17.607554,short,0.000341,6.327e-05,1100,1100,1100,2018-04-12 23:04:10.251288,52.643734,0.00027773
2018-04-12 23:21:26.773833,short,-0.028663220000000007,0.0028466000000000003,50000,50000,50000,2018-04-12 23:25:49.677671,262.903838,-0.03150982000000001
2018-04-12 23:26:52.507997,short,0.0020217000000000928,0.00857055,50155,50155,50155,2018-04-12 23:34:09.016693,436.508696,-0.0065488499999999065
2018-04-12 23:35:48.602714,short,0.0755,0.00286391,50000,50000,50000,2018-04-12 23:37:12.807890,84.205176,0.07263609
2018-04-12 23:40:31.765863,short,0.016,0.0028480800000000002,50000,50000,50000,2018-04-12 23:41:35.264372,63.498509,0.013151920000000001
2018-04-12 23:51:52.347781,short,-0.09199199999999999,0.01124327,100000,100000,100000,2018-04-13 00:08:34.657192,1002.309411,-0.10323526999999999
2018-04-13 00:14:24.429421,long,0.0155,0.008509369999999999,50000,50000,50000,2018-04-13 00:15:03.204893,38.775472,0.006990630000000001
2018-04-13 00:17:03.304899,short,0.04216597999999999,0.008503,50000,50000,50000,2018-04-13 00:24:32.135141,448.830242,0.033662979999999995
2018-04-13 00:30:03.654933,short,0.010719550000000168,0.0022221200000000006,19832,19832,19832,2018-04-13 00:30:46.935898,43.280965,0.008497430000000167
2018-04-13 00:34:07.181408,short,0.018,-0.00284666,50000,50000,50000,2018-04-13 00:35:39.853253,92.671845,0.02084666
2018-04-13 00:36:33.645647,long,0.014906620000000726,0.00800709,100000,100000,100000,2018-04-13 00:40:18.965476,225.319829,0.006899530000000726
2018-04-13 00:44:01.871947,long,0.025500000000000002,0.011473009999999999,100000,100000,100000,2018-04-13 00:49:09.871881,307.999934,0.014026990000000003
2018-04-13 00:54:06.512074,short,0.010242049999999834,0.00855608,50000,50000,50000,2018-04-13 00:55:33.407681,86.895607,0.0016859699999998336
2018-04-13 01:30:11.024500,long,0.01105500000000029,0.0028779599999999997,50000,50000,50000,2018-04-13 01:32:30.675849,139.651349,0.008177040000000291
2018-04-13 01:35:44.412592,short,-0.0003272100000003775,0.00859157,50000,50000,50000,2018-04-13 01:36:19.649251,35.236659,-0.008918780000000378
2018-04-13 01:43:49.461160,long,-0.04095202,0.00864061,50000,50000,50000,2018-04-13 01:48:32.860523,283.399363,-0.04959263
2018-04-13 01:49:27.981794,long,0.038,-0.00289191,50000,50000,50000,2018-04-13 01:54:12.140639,284.158845,0.04089191
2018-04-13 01:56:13.407905,long,0.02049999999999909,0.002899079999999999,150000,150000,150000,2018-04-13 02:03:18.385619,424.977714,0.01760091999999909
2018-04-13 02:26:56.854865,long,0.015025,0.005162019999999998,30000,30000,30000,2018-04-13 02:44:53.909231,1077.054366,0.009862980000000002
2018-04-13 02:48:07.124726,long,0.11609122999999584,0.04395604999999999,384691,384691,250000,2018-04-13 06:10:58.985438,12171.860712,0.07213517999999586
2018-04-13 06:17:04.754689,long,0.026,0.00860957,50000,50000,50000,2018-04-13 07:05:48.901001,2924.146312,0.01739043
2018-04-13 07:08:25.524518,long,-0.00031282,0.00860029,50000,50000,50000,2018-04-13 07:13:49.900663,324.376145,-0.00891311
2018-04-13 07:24:54.921141,short,0.011,0.0028399299999999996,50000,50000,50000,2018-04-13 07:26:47.669709,112.748568,0.00816007
2018-04-13 07:29:03.050776,short,-0.0045,0.0028395900000000003,50000,50000,50000,2018-04-13 07:31:35.848763,152.797987,-0.00733959
2018-04-13 09:42:20.155081,short,0.024499999999999997,-0.003900100000000001,70000,70000,70000,2018-04-13 09:50:34.168383,494.013302,0.028400099999999998
2018-04-13 10:34:48.743701,short,0.13026914000000103,0.027926380000000004,528639,528639,190000,2018-04-13 17:18:25.010570,24216.266869,0.10234276000000103
2018-04-13 17:21:33.134556,long,0.015014999999999779,-0.0029321399999999997,60000,60000,60000,2018-04-13 17:22:31.726370,58.591814,0.01794713999999978
2018-04-13 17:27:08.367060,short,-0.004334,0.00999084,60000,60000,60000,2018-04-13 17:27:41.837592,33.470532,-0.014324840000000002
2018-04-13 17:28:00.056174,short,-0.0004682699999999999,0.019990269999999997,120000,120000,120000,2018-04-13 17:28:55.842336,55.786162,-0.020458539999999997
2018-04-13 17:30:48.754116,short,-0.019215450000000002,0.01989913,120000,120000,120000,2018-04-13 17:32:13.269243,84.515127,-0.03911458
2018-04-13 17:32:27.981775,short,0.025046800000000438,0.00995814,60000,60000,60000,2018-04-13 17:33:39.860943,71.87916799999999,0.015088660000000437
2018-04-13 17:34:02.846849,short,0.011399999999999999,0.00267435,60000,60000,60000,2018-04-13 17:39:04.304355,301.457506,0.008725649999999998
2018-04-13 18:30:18.862993,short,0.16961039,0.0036368100000000007,60000,60000,60000,2018-04-13 20:37:09.186647,7610.323654,0.16597358
2018-04-13 20:37:18.011637,long,0.0327,0.00339506,60000,60000,60000,2018-04-13 20:39:22.770842,124.759205,0.02930494
2018-04-13 20:39:57.918512,short,0.04965978000000104,0.013596329999999998,120000,120000,120000,2018-04-13 20:42:49.964512,172.046,0.036063450000001045
2018-04-13 20:43:38.768567,long,0.07440000000000001,0.010287000000000001,180000,180000,120000,2018-04-13 20:57:43.837011,845.068444,0.064113
2018-04-13 21:06:02.740161,long,-0.00658913,0.010267869999999998,60000,60000,60000,2018-04-13 21:07:02.418333,59.678172,-0.016856999999999997
2018-04-13 21:07:58.081611,long,0.061799999999999994,0.013722070000000003,120000,120000,120000,2018-04-13 21:21:10.979477,792.897866,0.04807792999999999
2018-04-13 21:31:53.533984,long,0.025799999999999997,0.01369263,120000,120000,120000,2018-04-13 21:39:37.093402,463.559418,0.012107369999999996
2018-04-13 22:08:36.813751,long,0.16130342999999836,0.026981779999999997,350000,350000,210000,2018-04-13 22:50:57.628159,2540.814408,0.13432164999999835
2018-04-13 22:59:19.834194,short,0.0077,0.0039848999999999996,70000,70000,70000,2018-04-13 23:00:37.242369,77.408175,0.0037151000000000007
2018-04-13 23:11:27.468772,short,-0.0105,0.00395594,70000,70000,70000,2018-04-13 23:13:24.131205,116.662433,-0.01445594
2018-04-13 23:14:32.415782,short,0.0168,0.003951029999999999,70000,70000,70000,2018-04-13 23:16:47.652420,135.236638,0.012848970000000001
2018-04-13 23:22:25.448268,long,0.013211170000000494,-0.00385805,70000,70000,70000,2018-04-13 23:23:47.566465,82.118197,0.017069220000000496
2018-04-13 23:26:38.221301,short,0.002061720000000241,0.0031258400000000004,70000,70000,70000,2018-04-13 23:27:44.174628,65.953327,-0.0010641199999997593
2018-04-13 23:37:02.450512,long,0.05487532999999915,0.032187799999999996,562503,562503,350000,2018-04-14 00:20:48.989748,2626.539236,0.022687529999999158
2018-04-14 00:23:50.960041,long,0.011201500000000487,-0.00398467,70000,70000,70000,2018-04-14 00:24:53.152175,62.192134,0.015186170000000488
2018-04-14 00:26:16.885563,long,0.023105459999999585,4.963000000000103e-05,140182,140182,140000,2018-04-14 00:31:32.015688,315.130125,0.023055829999999583
2018-04-14 00:54:02.345479,short,0.015560000000000001,-0.0001101899999999996,70000,70000,70000,2018-04-14 00:57:03.546382,181.200903,0.01567019
2018-04-14 00:59:41.812246,short,-0.051660899999998906,0.024854599999999998,240000,240000,100000,2018-04-14 01:26:19.149377,1597.337131,-0.0765154999999989
2018-04-14 01:27:21.568573,long,-0.0224,0.023525469999999996,140000,140000,140000,2018-04-14 01:29:24.257468,122.688895,-0.045925469999999996
2018-04-14 01:30:13.975373,long,0.0301,0.01180351,70000,70000,70000,2018-04-14 01:32:22.328309,128.352936,0.01829649
2018-04-14 01:35:22.251966,short,-0.0015,0.005058170000000001,30000,30000,30000,2018-04-14 01:37:19.627206,117.37524,-0.00655817
2018-04-14 01:37:56.718116,short,-0.006419370000000001,0.00505245,30000,30000,30000,2018-04-14 01:42:21.362796,264.64468,-0.01147182
2018-04-14 01:45:34.743049,long,0.0345,0.008386479999999998,50000,50000,50000,2018-04-14 01:47:32.340618,117.597569,0.026113520000000005
2018-04-14 02:06:27.549007,long,-0.003,0.002803980000000001,50000,50000,50000,2018-04-14 20:19:50.266015,65602.717008,-0.005803980000000001
2018-04-14 20:25:20.573860,short,-0.44682370999999954,0.0840106,1500000,1500000,1500000,2018-04-14 20:25:33.703381,13.129521,-0.5308343099999996
2018-04-14 20:38:32.432663,short,0.0342,0.03012586,180000,180000,180000,2018-04-14 20:39:31.474518,59.041855,0.00407414
2018-04-14 20:40:22.545868,short,-0.005399999999999999,0.015059820000000002,90000,90000,90000,2018-04-14 20:42:52.095644,149.549776,-0.02045982
2018-04-14 20:43:06.474664,short,1.876e-05,7.847e-05,469,469,469,2018-04-14 20:43:14.917355,8.442691,-5.9709999999999996e-05
2018-04-14 20:48:35.966623,short,-0.08113502000000002,0.03515989000000002,270000,270000,270000,2018-04-14 21:04:19.712000,943.745377,-0.11629491000000003
2018-04-14 21:12:48.617748,short,0.012791999999999741,-0.00476415,95900,95900,95900,2018-04-14 21:17:16.775396,268.157648,0.017556149999999743
2018-04-14 21:20:17.455858,short,0.0218,0.00503955,90000,90000,90000,2018-04-14 21:28:32.796772,495.340914,0.01676045
2018-04-14 21:39:39.889028,long,0.017275860000000663,0.016851969999999994,121275,121275,121275,2018-04-14 21:59:28.788922,1188.899894,0.0004238900000006693
2018-04-14 23:34:58.893751,long,0.03241724,0.005081919999999999,90000,90000,90000,2018-04-14 23:35:27.088466,28.194715,0.02733532
2018-04-14 23:36:00.912330,short,-0.20930999999999964,0.03988994999999999,351000,351000,351000,2018-04-15 00:01:34.928887,1534.016557,-0.24919994999999961
2018-04-15 00:02:05.783440,short,0.007224380000000299,0.031002060544752543,232926,232926,190224,2018-04-15 00:18:21.920328,976.136888,-0.023777680544752246
2018-04-15 00:18:21.920328,long,0.04143082999999968,0.033434070213528386,259776,259776,259776,2018-04-15 00:28:42.470529,620.550201,0.007996759786471297
2018-04-15 00:28:42.470529,short,0.02766344000000062,0.01675064924171907,100224,100224,100224,2018-04-15 00:43:28.547070,886.076541,0.010912790758281547
2018-04-15 00:47:18.291281,long,0.030000000000000002,0.011186660000000001,200000,200000,200000,2018-04-15 00:48:14.030633,55.739352,0.01881334
2018-04-15 01:20:09.686500,short,-0.0821464,0.009982229999999998,200000,200000,200000,2018-04-15 01:27:28.370807,438.684307,-0.09212862999999999
2018-04-15 01:27:56.512646,short,0.066,0.01109651,200000,200000,200000,2018-04-15 01:39:26.803852,690.291206,0.05490349
2018-04-15 01:50:51.536937,short,0.028000000000000004,0.011107849999999999,200000,200000,200000,2018-04-15 02:04:27.905449,816.368512,0.016892150000000005
2018-04-15 02:35:57.118004,short,0.05771727000000967,0.03476054000000001,244863,244863,244863,2018-04-15 02:50:54.250786,897.132782,0.022956730000009654
2018-04-15 02:59:16.766379,short,0.02768230000000041,0.011150899999999998,200000,200000,200000,2018-04-15 03:11:40.420090,743.653711,0.01653140000000041
2018-04-15 04:27:03.358036,short,0.014868800000000296,0.0019509500000000008,75344,75344,75344,2018-04-15 04:27:35.874358,32.516322,0.012917850000000296
2018-04-15 04:31:45.970171,long,0.04238516999999822,0.031150570000000002,200000,200000,200000,2018-04-15 04:37:34.478809,348.508638,0.011234599999998221
2018-04-15 04:38:42.412015,short,0.03,0.011097449999999993,200000,200000,200000,2018-04-15 04:41:53.436748,191.024733,0.018902550000000004
2018-04-15 05:01:40.965632,short,0.0447176100000008,0.011816539999999999,200000,200000,200000,2018-04-15 05:15:08.174234,807.208602,0.0329010700000008
2018-04-15 08:43:44.612686,short,0.009531139999999999,0.0110593,200000,200000,200000,2018-04-15 08:45:41.743589,117.130903,-0.0015281600000000006
2018-04-15 18:40:29.750193,short,0.04148475,0.031843489999999995,200000,200000,200000,2018-04-15 18:51:30.410271,660.660078,0.009641260000000006
2018-04-15 19:16:34.399013,long,0.0326898000000001,0.010880469999999993,200000,200000,200000,2018-04-15 19:22:14.530147,340.131134,0.02180933000000011
2018-04-15 22:08:32.058487,short,0.06096138999999909,0.021657340000000004,700000,700000,550000,2018-04-15 23:38:03.663354,5371.604867,0.039304049999999084
2018-04-15 23:42:26.899540,short,0.006937900000016071,-0.00902823999999999,1344544,1344544,590000,2018-04-16 01:31:10.763769,6523.864229,0.01596614000001606
2018-04-16 01:32:18.029481,long,-0.018827730000000834,0.03228173,200000,200000,200000,2018-04-16 01:34:42.141585,144.112104,-0.051109460000000835
2018-04-16 01:35:04.287006,long,0.03324675999999852,0.01655737,200000,200000,200000,2018-04-16 01:41:35.302736,391.01573,0.016689389999998524
2018-04-16 01:47:58.420948,long,-0.9473397600000001,0.03665790000000001,532364,532364,400000,2018-04-16 02:12:26.807630,1468.386682,-0.9839976600000001
2018-04-16 02:14:12.854511,short,0.1832,0.010485310000000001,200000,200000,200000,2018-04-16 02:17:18.109487,185.254976,0.17271469
2018-04-16 02:20:40.772588,long,0.041409380000000974,0.022059810000000003,200000,200000,200000,2018-04-16 02:29:53.856142,553.083554,0.01934957000000097
2018-04-16 02:30:29.556072,short,0.0138111,0.033081440000000004,200000,200000,200000,2018-04-16 02:32:13.429459,103.873387,-0.019270340000000004
2018-04-16 02:32:59.208262,short,0.14845769999999997,4.804000000000093e-05,400000,400000,400000,2018-04-16 03:01:28.592407,1709.384145,0.14840965999999997
2018-04-16 03:04:12.625569,long,0.078,0.011074969999999998,200000,200000,200000,2018-04-16 03:07:57.810168,225.184599,0.06692503
2018-04-16 03:20:10.820562,short,0.0523835699999998,-0.011003439999999988,200000,200000,200000,2018-04-16 03:33:42.202444,811.381882,0.06338700999999979
2018-04-16 04:24:37.902038,long,0.032,0.03314516000000001,200000,200000,200000,2018-04-16 04:27:37.948952,180.046914,-0.0011451600000000062
2018-04-16 05:12:04.678944,long,-0.05596329000000001,0.03325295999999999,200000,200000,200000,2018-04-16 05:15:31.020470,206.341526,-0.08921625
2018-04-16 05:18:32.837819,long,0.11963633000000481,0.005694370000000002,200000,200000,200000,2018-04-16 05:20:14.021353,101.183534,0.11394196000000481
2018-04-16 05:21:14.380571,long,0.068,-0.011155360000000003,200000,200000,200000,2018-04-16 05:47:07.317954,1552.937383,0.07915536000000001
2018-04-16 05:55:25.828075,long,0.13529091999999793,-0.018126239999999995,677692,677692,400000,2018-04-16 06:36:29.466442,2463.638367,0.15341715999999792
2018-04-16 06:40:24.565888,short,0.4153773200000023,0.031600730000000014,872957,872957,600000,2018-04-16 09:35:15.218528,10490.65264,0.3837765900000023
2018-04-16 09:51:58.179370,short,0.93076447,0.06599137,1000000,1000000,400000,2018-04-16 12:39:07.257396,10029.078026,0.8647731
2018-04-16 12:51:17.966568,long,0.1620437000000056,0.01822112999999998,478974,478974,400000,2018-04-16 13:02:31.318707,673.352139,0.14382257000000562
2018-04-16 13:08:27.941014,long,0.10203362000000406,-0.014882979999999999,664088,664088,600000,2018-04-16 13:37:34.025652,1746.084638,0.11691660000000406
2018-04-16 22:13:43.938317,long,0.0,-5.6e-07,10,10,10,2018-04-16 22:13:46.912272,2.973955,5.6e-07
2018-04-16 22:14:27.798191,short,-4e-07,-5.6e-07,10,10,10,2018-04-16 22:15:14.756559,46.958368,1.6000000000000006e-07
2018-04-17 07:06:19.059618,short,0.17399999999999996,0.011175669999999999,200000,200000,200000,2018-04-17 10:20:33.186727,11654.127109,0.16282432999999996
2018-04-17 21:56:55.565391,long,0.3157629999999964,-0.033708840000000004,600000,600000,600000,2018-04-18 01:13:02.370409,11766.805018,0.3494718399999964
2018-04-18 02:56:10.211432,long,0.03400000000000001,-0.011377139999999996,200000,200000,200000,2018-04-18 03:04:07.153285,476.941853,0.04537714
2018-04-18 06:42:13.893401,long,0.348,-0.00012420000000000313,400000,400000,400000,2018-04-18 06:49:34.901664,441.008263,0.3481242
2018-04-18 06:54:03.436846,long,0.07171357000000061,0.018302600000000002,200000,200000,200000,2018-04-18 07:01:57.851930,474.415084,0.05341097000000061
2018-04-18 08:08:47.047635,short,0.04273905000000013,-0.01110444,200000,200000,200000,2018-04-18 08:22:48.082135,841.0345,0.05384349000000013
2018-04-18 08:34:22.026779,long,0.018951240000000005,0.002069460000000003,160794,160794,160794,2018-04-18 08:37:33.949296,191.922517,0.016881780000000002
2018-04-18 12:08:26.678886,short,0.028,0.01109069,200000,200000,200000,2018-04-18 12:25:00.909415,994.230529,0.01690931
2018-04-18 15:01:24.846753,long,0.0410666,-0.005761929999999999,200000,200000,200000,2018-04-18 15:08:10.436189,405.589436,0.04682853
2018-04-18 19:35:04.901713,short,0.027744589999999996,-0.00825297,200000,200000,200000,2018-04-18 19:52:49.568121,1064.666408,0.03599756
2018-04-18 21:34:42.252940,short,0.46071608,6.970999999999757e-05,400000,400000,400000,2018-04-18 22:31:03.416544,3381.163604,0.46064636999999997
2018-04-19 00:36:24.652218,short,-0.31774730000000456,0.0770893799999998,600000,600000,600000,2018-04-19 01:37:14.742784,3650.090566,-0.3948366800000044
2018-04-19 01:39:10.620600,short,0.021407820000000008,0.026252229999999988,476670,476670,476670,2018-04-19 01:41:19.243270,128.62267,-0.0048444099999999796
2018-04-19 01:42:32.622776,short,-0.05,0.010965929999999997,200000,200000,200000,2018-04-19 01:45:38.977728,186.354952,-0.06096593
2018-04-19 01:48:02.933321,short,-0.0894355599999998,0.13831442999999996,1300000,1300000,1062098,2018-04-19 02:36:41.583848,2918.650527,-0.22774998999999976
2018-04-19 02:38:19.651220,short,-1.2076033299999944,0.04479946999999999,750000,750000,750000,2018-04-19 02:46:49.057144,509.405924,-1.2524027999999945
2018-04-19 02:47:20.866355,short,0.19124978000000054,0.018673391962239997,250000,250000,250000,2018-04-19 02:50:14.830561,173.964206,0.17257638803776054
2018-04-19 02:50:14.830561,long,-0.040404229999997286,0.020957118037760004,298042,298042,298042,2018-04-19 02:54:20.778946,245.948385,-0.06136134803775729
2018-04-19 02:58:18.141433,short,0.074,-0.021970249999999997,400000,400000,400000,2018-04-19 03:09:19.635300,661.493867,0.09597025
2018-04-19 03:14:42.762085,short,-0.013241059999999876,0.055179109999999996,602272,602272,600000,2018-04-19 03:45:59.952582,1877.190497,-0.06842016999999988
2018-04-19 11:28:21.923710,short,0.047499999999999994,0.011548159999999995,250000,250000,250000,2018-04-19 11:40:27.556484,725.632774,0.03595184
2018-04-19 16:18:56.770919,short,0.12854493000000586,-0.02590456,978828,978828,500000,2018-04-20 02:42:20.876797,37404.105878,0.15444949000000585
2018-04-20 02:45:08.817802,short,0.014,-0.010810300000000002,200000,200000,200000,2018-04-20 04:01:55.706471,4606.888669,0.0248103
2018-04-20 04:37:39.676230,long,-0.01000000000000001,0.010729980000000002,200000,200000,200000,2018-04-20 04:42:14.341978,274.665748,-0.020729980000000012
2018-04-20 05:05:54.730775,long,0.036,-0.010881739999999999,200000,200000,200000,2018-04-20 05:08:39.004122,164.273347,0.04688174
2018-04-20 07:31:34.951608,short,0.019999999999999997,0.010826,200000,200000,200000,2018-04-20 08:01:17.415701,1782.464093,0.009173999999999996
2018-04-20 10:42:47.332747,short,0.14600000000000002,0.010589870000000001,200000,200000,200000,2018-04-20 10:47:14.562821,267.230074,0.13541013000000002
2018-04-20 11:24:01.864760,short,0.022,-0.01056099,200000,200000,200000,2018-04-20 11:28:00.105212,238.240452,0.03256099
2018-04-20 12:16:47.545119,short,0.07370590000000861,-0.00683118,202570,202570,202570,2018-04-20 12:50:24.910044,2017.364925,0.08053708000000862
2018-04-20 22:22:57.935884,short,-0.2261860700000149,0.06384224999999999,1414211,1414211,700000,2018-04-20 23:16:04.834619,3186.898735,-0.2900283200000149
2018-04-20 23:16:49.366658,short,0.04334712000000031,-0.004636549999999998,223454,223454,200000,2018-04-20 23:21:55.712304,306.345646,0.047983670000000304
2018-04-20 23:24:04.960379,long,0.026,-0.0051128400000000004,100000,100000,100000,2018-04-20 23:25:29.803875,84.843496,0.03111284
2018-04-20 23:42:24.331576,short,0.044,-0.020357990000000003,400000,400000,400000,2018-04-21 00:06:56.938786,1472.60721,0.06435799
2018-04-21 02:21:05.309507,short,-0.11333926999999999,-1.7030000000002444e-05,400000,400000,400000,2018-04-21 03:25:49.752836,3884.443329,-0.11332223999999999
2018-04-21 03:49:26.926923,short,0.018,-0.01017303,200000,200000,200000,2018-04-21 04:27:47.879162,2300.952239,0.028173029999999998
2018-04-21 06:22:09.676235,short,0.37050727000001915,0.05432712,1000000,1000000,500000,2018-04-21 07:58:30.961643,5781.285408,0.31618015000001914
2018-04-21 09:44:36.552031,long,0.0991999999999989,-0.005159329999999999,300000,300000,300000,2018-04-21 10:06:40.080562,1323.528531,0.1043593299999989
2018-04-21 10:16:50.387606,long,0.23699999999999632,5.89100000000011e-05,600000,600000,500000,2018-04-21 12:56:18.763395,9568.375789,0.23694108999999633
2018-04-22 00:02:50.013164,short,0.034,-0.010131669999999999,200000,200000,200000,2018-04-22 00:06:33.177833,223.164669,0.04413167
2018-04-22 08:29:45.824222,short,-0.03803425,-0.007256370000000004,200000,200000,200000,2018-04-22 08:47:39.706017,1073.881795,-0.030777879999999994
2018-04-22 09:12:45.780938,long,-0.038298580000000006,0.03026299000000001,200000,200000,200000,2018-04-22 09:22:20.670981,574.890043,-0.06856157000000002
2018-04-22 20:57:53.520853,short,0.039,5.189999999999535e-06,200000,200000,200000,2018-04-22 22:20:42.462058,4968.941205,0.03899481
2018-04-22 23:04:29.781998,long,0.016784999999999852,0.010194779999999995,200000,200000,200000,2018-04-22 23:05:05.582804,35.800806,0.006590219999999857
2018-04-22 23:49:27.852263,long,0.034,-0.010221669999999999,200000,200000,200000,2018-04-22 23:51:34.258855,126.406592,0.044221670000000005
2018-04-24 00:36:47.019397,short,0.1682409099999988,0.05346276,400000,400000,400000,2018-04-24 00:39:45.070646,178.051249,0.1147781499999988
2018-04-24 00:45:49.355912,short,0.37600000000000355,-0.01964859,800000,800000,600000,2018-04-24 01:08:29.440651,1360.084739,0.3956485900000036
2018-04-24 01:12:31.061126,long,0.01565801000000077,-0.0041897,103393,103393,103393,2018-04-24 01:13:23.589491,52.528365,0.01984771000000077
2018-04-24 02:14:27.459662,short,1.5e-05,4.890000000000001e-06,100,100,100,2018-04-24 02:15:43.982622,76.52296,1.011e-05
2018-04-24 02:26:47.092349,short,0.030610400000000013,-0.0038133199999999968,200000,200000,200000,2018-04-24 02:47:19.804136,1232.711787,0.03442372000000001
2018-04-24 05:50:32.168909,short,0.08890239999999819,-0.012596159999999999,259070,259070,259070,2018-04-24 06:33:04.656365,2552.487456,0.10149855999999818
2018-04-24 06:41:38.445471,short,0.098,-0.009759,200000,200000,200000,2018-04-24 07:07:32.365548,1553.920077,0.10775900000000001
2018-04-24 10:33:32.940859,short,0.06,-0.009650639999999999,200000,200000,200000,2018-04-24 10:34:34.243215,61.302356,0.06965064
2018-04-24 13:37:33.694356,short,0.29189318,0.028984310000000003,200000,200000,200000,2018-04-24 14:01:19.689140,1425.994784,0.26290886999999996
2018-04-24 14:02:13.196519,long,0.055424330000001645,0.0097537,200000,200000,200000,2018-04-24 14:03:10.476487,57.279968,0.04567063000000164
2018-04-24 14:09:38.455170,short,-0.7098467400000009,0.00799589,500000,500000,400000,2018-04-24 21:11:16.941761,25298.486591,-0.7178426300000009
2018-04-24 22:21:34.313002,short,0.074,-0.009423400000000004,200000,200000,200000,2018-04-24 22:22:19.580841,45.267839,0.0834234
2018-04-24 22:29:53.243913,short,0.038000000000000006,-0.00136497,200000,200000,200000,2018-04-24 22:32:23.567329,150.323416,0.039364970000000006
2018-04-24 23:51:57.597221,short,0.062,-0.00924254,200000,200000,200000,2018-04-24 23:55:32.943600,215.346379,0.07124254
2018-04-24 23:59:24.271547,short,0.0781561699999984,0.0167482,200000,200000,200000,2018-04-25 00:05:32.411049,368.139502,0.061407969999998396
2018-04-25 03:57:37.978030,long,0.066,-0.00944415,200000,200000,200000,2018-04-25 03:58:27.733279,49.755249,0.07544415
2018-04-25 04:02:43.319709,long,0.038,-0.00945405,200000,200000,200000,2018-04-25 04:05:08.029750,144.710041,0.04745405
2018-04-25 04:40:05.216373,long,0.106,-0.009609680000000002,200000,200000,200000,2018-04-25 04:41:57.334664,112.118291,0.11560967999999999
2018-04-25 04:46:44.694602,long,0.22232273000000177,-0.009638649999999997,800000,800000,700000,2018-04-25 05:00:05.698260,801.003658,0.23196138000000177
2018-04-25 05:03:43.502702,long,0.12000000000000727,-0.019213970000000004,400000,400000,400000,2018-04-25 05:10:50.455102,426.9524,0.13921397000000726
2018-04-25 08:58:09.724463,long,0.05799999999999999,-0.0096214,200000,200000,200000,2018-04-25 09:07:25.446518,555.722055,0.06762139999999998
2018-04-25 10:24:14.103089,long,-0.791906349999986,0.016219909999999994,1025942,1025942,700000,2018-04-25 11:18:34.226477,3260.123388,-0.808126259999986
2018-04-25 11:19:18.304159,long,0.2942714400000054,0.02954478999999999,800058,800058,600000,2018-04-25 11:36:47.230817,1048.926658,0.2647266500000054
2018-04-25 11:38:59.927497,long,-0.03273376999999891,0.013154279999999999,200000,200000,200000,2018-04-25 11:45:40.169615,400.242118,-0.04588804999999891
2018-04-25 12:02:33.973070,short,0.034,-0.0031518399999999986,200000,200000,200000,2018-04-25 12:04:52.854383,138.881313,0.03715184
2018-04-25 13:46:19.279810,long,0.11854699999999865,-0.009956339999999998,200000,200000,200000,2018-04-25 13:56:34.648952,615.369142,0.12850333999999866
2018-04-25 14:13:28.785594,long,0.10358513999999924,-0.0009186400000000001,200000,200000,200000,2018-04-25 14:17:23.396112,234.610518,0.10450377999999924
2018-04-25 14:27:06.714489,long,-0.49615891999999984,0.03065027,600000,600000,600000,2018-04-25 14:47:06.889727,1200.175238,-0.5268091899999998
2018-04-25 14:48:20.810728,long,1.0067094700000037,-0.006487289999999991,850000,850000,580000,2018-04-25 15:21:53.429858,2012.61913,1.0131967600000036
2018-04-25 16:14:05.622400,long,0.095,-0.00502762,100000,100000,100000,2018-04-25 17:27:07.852971,4382.230571,0.10002762
2018-04-25 23:28:21.102507,long,-0.041,-0.00508657,100000,100000,100000,2018-04-25 23:59:06.934501,1845.831994,-0.03591343
2018-04-26 00:05:38.024424,long,0.059054879999999234,0.007535169999999999,141962,141962,141962,2018-04-26 00:11:39.975753,361.951329,0.05151970999999923
2018-04-26 00:27:11.013197,long,0.6897830699999998,-0.007086910000000002,500000,500000,400000,2018-04-26 00:58:49.816470,1898.803273,0.6968699799999998
2018-04-26 01:06:55.478803,long,0.11448003999999928,0.0017479399999999973,200000,200000,200000,2018-04-26 01:13:45.455000,409.976197,0.11273209999999928
2018-04-26 01:59:24.075385,long,0.022787999999999996,0.00487818,94950,94950,94950,2018-04-26 02:03:29.820536,245.745151,0.017909819999999996
2018-04-26 09:31:17.282745,long,-0.008,-0.01035714,200000,200000,200000,2018-04-26 09:42:02.740597,645.457852,0.0023571400000000006
2018-04-26 22:54:26.995766,short,0.002,-0.009753680000000002,200000,200000,200000,2018-04-26 22:57:12.386787,165.391021,0.011753680000000002
2018-04-26 23:01:07.821372,short,0.030000000000000002,0.029131559999999997,200000,200000,200000,2018-04-26 23:02:31.895991,84.074619,0.000868440000000005
2018-04-27 04:06:32.291227,long,0.004208999999999915,-0.00035009,14894,14894,14894,2018-04-27 04:08:18.719996,106.428769,0.004559089999999915
2018-04-27 15:21:46.012114,long,0.16635450000000002,-0.006264539999999999,200000,200000,200000,2018-04-27 16:19:32.612818,3466.600704,0.17261904
2018-04-27 20:37:02.405717,long,0.18,-0.03004465,600000,600000,400000,2018-04-27 20:47:38.754080,636.348363,0.21004465
2018-04-27 21:03:30.603544,long,0.09356767999999999,0.0100948,200000,200000,200000,2018-04-27 21:07:44.553072,253.949528,0.08347287999999999
2018-04-28 09:48:04.886185,short,0.10088121000000928,0.02105901999999999,485902,485902,400000,2018-04-28 10:34:43.245445,2798.35926,0.07982219000000929
2018-04-28 13:11:57.791115,short,-0.026702870000000014,0.02874993999999999,200000,200000,200000,2018-04-28 13:15:01.892372,184.101257,-0.055452810000000005
2018-04-28 13:16:47.341488,short,0.01709697999999964,0.01399492,113825,113825,113825,2018-04-28 13:19:58.523287,191.181799,0.003102059999999641
2018-04-28 14:37:44.082854,long,-0.01595,0.008101009999999999,200000,200000,200000,2018-04-28 14:38:42.739539,58.656685,-0.024051009999999998
2018-04-28 14:39:18.271946,long,0.048404570000006066,0.009654420000000002,200000,200000,200000,2018-04-28 14:39:45.192207,26.920261,0.03875015000000606
2018-04-28 14:56:21.009872,long,0.03,0.009668240000000002,200000,200000,200000,2018-04-28 14:57:50.887366,89.877494,0.020331759999999997
2018-04-29 14:42:36.928684,short,0.029733049999998477,0.02471497,200000,200000,200000,2018-04-29 14:43:14.956602,38.027918,0.005018079999998478
2018-04-29 20:17:23.495954,long,-6.240000000002328e-06,4.559000000000003e-05,320,320,320,2018-04-29 20:19:37.547421,134.051467,-5.1830000000002355e-05
2018-05-01 13:09:05.853858,long,0.002,-0.010154229999999998,200000,200000,200000,2018-05-01 13:13:08.172389,242.318531,0.012154229999999999
2018-05-01 21:11:17.424931,short,0.014669249999999995,0.021702400000000004,200000,200000,200000,2018-05-01 21:12:18.563813,61.138882,-0.007033150000000009
2018-05-01 21:19:40.663046,short,-0.012,0.009906229999999999,200000,200000,200000,2018-05-01 21:21:44.246350,123.583304,-0.02190623
2018-05-02 06:51:58.127239,short,0.01,-0.00985635,200000,200000,200000,2018-05-02 06:55:19.539243,201.412004,0.019856350000000002
2018-05-02 06:59:40.215768,short,0.026,-0.00982035,200000,200000,200000,2018-05-02 07:01:12.721105,92.505337,0.03582035
2018-05-03 16:09:05.958881,short,0.002,0.028569989999999996,200000,200000,200000,2018-05-03 16:09:18.759135,12.800254,-0.026569989999999995
2018-05-03 16:10:02.260761,short,0.022,-0.00952604,200000,200000,200000,2018-05-03 16:25:17.347159,915.086398,0.03152604
2018-05-03 16:52:23.647649,short,-0.3014028999999855,0.07497882000000004,800000,800000,800000,2018-05-03 17:08:21.820714,958.173065,-0.37638171999998554
2018-05-03 17:20:42.278465,short,-0.2589012100000149,-0.05625141999999999,1613000,1613000,1000000,2018-05-03 18:28:25.872921,4063.594456,-0.20264979000001493
2018-05-03 18:32:22.208841,short,0.10200000000000001,-0.01858359,400000,400000,400000,2018-05-03 18:41:52.151978,569.943137,0.12058359
2018-05-03 19:05:24.404118,short,0.158,-0.01857641,400000,400000,400000,2018-05-03 19:38:54.635007,2010.230889,0.17657641000000002
2018-05-04 00:09:30.719425,short,0.039999999999999994,0.00940313,200000,200000,200000,2018-05-04 00:10:44.468723,73.749298,0.03059686999999999
2018-05-04 00:11:52.249668,short,0.04951770999999998,0.009151069999999999,200000,200000,200000,2018-05-04 00:17:37.659974,345.410306,0.04036663999999998
2018-05-05 18:29:32.891876,long,1.7000000000000001e-07,1.000000000000001e-08,4,4,4,2018-05-05 18:32:16.679813,163.787937,1.6e-07
2018-05-06 09:03:39.595565,long,0.02296965,-0.007217116007,153131,153131,153131,2018-05-06 09:06:33.315793,173.720228,0.030186766007
2018-05-06 09:06:33.315793,short,-0.004686899999998295,0.004411236007,93738,93738,93738,2018-05-06 09:08:09.501162,96.185369,-0.009098136006998294
2018-05-06 11:56:55.681804,long,0.142,-0.00949185,200000,200000,200000,2018-05-06 12:01:27.746362,272.064558,0.15149184999999998
2018-05-06 12:17:38.257716,long,0.018489720000001396,0.01137599,200000,200000,200000,2018-05-06 12:18:47.934464,69.676748,0.007113730000001395
2018-05-07 01:02:27.592188,long,0.06425109000000158,-0.007168719999999999,200000,200000,200000,2018-05-07 01:05:35.983874,188.391686,0.07141981000000158
2018-05-07 01:18:49.314526,long,-0.03674230000002186,0.021966109999999994,800000,800000,800000,2018-05-07 02:34:09.338505,4520.023979,-0.05870841000002186
2018-05-07 02:50:56.740144,long,0.03681789999999836,0.007250160000000002,210000,210000,210000,2018-05-07 03:03:19.448059,742.707915,0.02956773999999836
2018-05-11 12:44:56.622666,long,0.226,-0.021031389999999997,400000,400000,400000,2018-05-11 13:15:23.422718,1826.800052,0.24703139000000002
2018-05-11 13:47:55.368952,long,0.06729737,-0.008054360000000003,200000,200000,200000,2018-05-11 14:06:07.733078,1092.364126,0.07535173
2018-05-11 20:38:28.037759,long,0.19307557999999592,-0.004743040000000001,887177,887177,800000,2018-05-11 20:48:09.702961,581.665202,0.19781861999999592
2018-05-11 20:50:42.749669,long,0.08799999999999272,-0.021399039999999994,400000,400000,400000,2018-05-11 20:55:19.321367,276.571698,0.10939903999999272
2018-05-11 21:15:31.977917,long,0.174,-0.021433909999999997,400000,400000,400000,2018-05-11 21:21:58.154355,386.176438,0.19543391
2018-05-11 21:28:34.176878,long,0.03,-0.01071315,200000,200000,200000,2018-05-11 21:31:49.670681,195.493803,0.04071315
2018-05-11 21:46:55.018821,long,0.27676123999999985,7.52100000000009e-05,400000,400000,400000,2018-05-11 21:53:38.769250,403.750429,0.27668602999999986
2018-05-11 21:58:09.854169,long,0.054,-0.0107202,200000,200000,200000,2018-05-11 22:04:37.242357,387.388188,0.0647202
2018-05-11 22:08:23.554243,long,0.019486199999998538,0.004008180000000001,79951,79951,79951,2018-05-11 22:09:14.145799,50.591556,0.015478019999998538
2018-05-11 23:57:30.803160,long,0.07399999999999998,-0.010741740000000001,200000,200000,200000,2018-05-11 23:59:19.004896,108.201736,0.08474173999999998
2018-05-12 05:18:11.885682,long,0.09393886999999805,0.02463336999999999,418512,418512,400000,2018-05-12 05:24:40.072520,388.186838,0.06930549999999806
2018-05-12 05:25:52.995730,long,0.06,-0.01077926,200000,200000,200000,2018-05-12 05:28:08.948145,135.952415,0.07077926
2018-05-12 05:35:42.220113,long,0.24024570000004555,-0.01571247,1912301,1912301,1400000,2018-05-12 06:53:03.938962,4641.718849,0.25595817000004556
2018-05-12 07:14:47.508352,long,0.052000000000000005,-0.010842249999999998,200000,200000,200000,2018-05-12 07:20:47.354468,359.846116,0.06284225
2018-05-12 08:35:24.224640,long,0.044,-0.010844040000000001,200000,200000,200000,2018-05-12 08:41:56.780015,392.555375,0.05484404
2018-05-12 08:53:46.486828,long,0.02211999999999898,-0.032616360000000004,600000,600000,400000,2018-05-12 09:43:38.369149,2991.882321,0.054736359999998985
2018-05-12 09:55:12.059801,short,0.114,-0.010578150000000001,200000,200000,200000,2018-05-12 09:56:09.699883,57.640082,0.12457815
2018-05-12 09:56:14.487582,long,0.01938767,0.026233909999999996,200000,200000,200000,2018-05-12 09:56:41.471139,26.983557,-0.0068462399999999965
2018-05-12 09:58:46.676523,short,0.068,-0.010556929999999999,200000,200000,200000,2018-05-12 09:59:42.796261,56.119738,0.07855693
2018-05-12 10:30:52.305715,short,0.058,-0.010543850000000002,200000,200000,200000,2018-05-12 10:36:43.644693,351.338978,0.06854385
2018-05-12 14:06:38.517963,long,-0.092,-0.010625289999999999,200000,200000,200000,2018-05-12 19:53:51.567139,20833.049176,-0.08137471
2018-05-12 19:54:45.572240,short,0.04,-0.010601030000000003,200000,200000,200000,2018-05-12 19:55:36.780248,51.208008,0.050601030000000005
2018-05-12 20:02:17.323758,short,0.03,-0.01056375,200000,200000,200000,2018-05-12 20:03:47.454323,90.130565,0.040563749999999996
2018-05-12 23:13:31.633348,short,0.07400000000000001,-0.01055019,200000,200000,200000,2018-05-12 23:22:47.390092,555.756744,0.08455019000000001
2018-05-13 14:52:55.996750,short,-0.08376388999999998,0.01042557,200000,200000,200000,2018-05-13 14:54:02.971120,66.97437,-0.09418945999999997
2018-05-13 14:55:35.819028,short,0.10639328,-0.010460239999999999,200000,200000,200000,2018-05-13 15:10:56.796657,920.977629,0.11685352
2018-05-13 16:22:47.273887,short,0.028786560000000003,-0.00679602,130848,130848,130848,2018-05-13 16:23:54.489904,67.216017,0.03558258
2018-05-14 04:36:18.974695,long,0.022000000000000002,-0.01076529,200000,200000,200000,2018-05-14 04:37:14.282113,55.307418,0.03276529
2018-05-14 20:37:52.366049,short,0.03436845999999925,-0.010150139999999998,200166,200166,200166,2018-05-14 20:41:49.149864,236.783815,0.04451859999999924
2018-05-15 22:47:41.941061,long,0.054337019999999535,-0.0037882799999999998,167453,167453,167453,2018-05-15 22:48:49.706912,67.765851,0.05812529999999953
2018-05-15 22:48:55.753727,short,0.0340569,0.00606228,113523,113523,113523,2018-05-15 22:49:34.123187,38.36946,0.02799462
2018-05-16 02:23:23.557752,long,3.656797087359109e-15,-0.055240849999999994,1000000,1000000,800000,2018-05-16 02:44:50.491302,1286.93355,0.05524085000000365
2018-05-16 02:49:09.911952,long,0.32020248,0.00989108,600000,600000,400000,2018-05-16 03:23:19.873671,2049.961719,0.3103114
2018-05-16 03:48:23.234124,long,0.038,-0.01102266,200000,200000,200000,2018-05-16 04:04:44.820473,981.586349,0.049022659999999996
2018-05-16 04:24:24.018078,short,0.13399999999999998,-0.021885680000000005,400000,400000,400000,2018-05-16 04:28:39.316067,255.297989,0.15588567999999997
2018-05-16 05:55:47.596593,short,0.076,-0.01095478,200000,200000,200000,2018-05-16 06:00:07.688857,260.092264,0.08695478
2018-05-16 06:55:18.877797,short,0.05505604,-0.01093022,200000,200000,200000,2018-05-16 07:06:32.436701,673.558904,0.06598626
2018-05-16 10:21:41.965534,long,0.062,-0.010747200000000002,200000,200000,200000,2018-05-16 10:23:24.403736,102.438202,0.0727472
2018-05-16 22:36:25.269513,short,0.084,-0.01075949,200000,200000,200000,2018-05-16 22:37:13.759420,48.489907,0.09475949
2018-05-17 00:19:52.442157,long,0.0287208,-0.00966411,179505,179505,179505,2018-05-17 00:20:35.704504,43.262347,0.03838491
2018-05-19 07:34:57.371306,long,0.05084834999999937,0.01525863,92702,92702,92702,2018-05-19 07:35:23.446170,26.074864,0.03558971999999937
2018-05-19 12:09:39.258219,long,0.018,-0.01078238,200000,200000,200000,2018-05-19 13:06:52.305490,3433.047271,0.028782379999999996
2018-05-20 10:15:42.020893,short,0.05414818000000447,-0.01824895,338442,338442,338442,2018-05-20 10:36:38.290381,1256.269488,0.07239713000000447
2018-05-20 16:04:05.967856,short,-0.14799999999999996,-0.01061893,200000,200000,200000,2018-05-20 16:09:05.864660,299.896804,-0.13738106999999997
2018-05-20 16:13:01.673258,long,0.036,-0.010601929999999999,200000,200000,200000,2018-05-20 16:16:51.447161,229.773903,0.04660193
2018-05-21 02:36:38.107432,short,0.015079499999999994,-0.00687635,200000,200000,200000,2018-05-21 02:39:15.600177,157.492745,0.021955849999999992
2018-05-21 11:20:38.813142,short,0.014,-0.010607660000000003,200000,200000,200000,2018-05-21 11:26:56.255298,377.442156,0.024607660000000003
2018-05-21 11:53:26.833263,short,0.016,-0.010600150000000001,200000,200000,200000,2018-05-21 11:59:30.548266,363.715003,0.026600150000000003
2018-05-22 01:53:07.722621,long,0.046,-0.01084901,200000,200000,200000,2018-05-22 02:17:28.396830,1460.674209,0.05684901
2018-05-22 10:02:34.722745,short,0.017999999999999995,-0.010914560000000002,200000,200000,200000,2018-05-22 10:04:34.236522,119.513777,0.02891456
2018-05-22 12:12:08.563477,long,0.0637177599999997,-0.01339674,243717,243717,200000,2018-05-22 12:18:37.874921,389.311444,0.07711449999999971
2018-05-22 12:27:27.923959,long,0.06637553,-0.022007879999999987,400000,400000,400000,2018-05-22 12:59:37.207260,1929.283301,0.08838341
2018-05-22 13:46:21.711528,short,0.010000000000000002,-0.01092012,200000,200000,200000,2018-05-22 13:48:16.701823,114.990295,0.02092012
2018-05-22 18:02:57.532789,long,-1.466,0.02301707,400000,400000,400000,2018-05-22 22:50:57.695986,17280.163197,-1.48901707
2018-05-22 23:25:09.899373,long,0.048,-0.016864070000000002,300000,300000,300000,2018-05-22 23:31:39.503020,389.603647,0.06486407
2018-05-22 23:59:24.721593,long,0.114,-0.016868029999999996,300000,300000,300000,2018-05-23 00:10:44.890485,680.168892,0.13086803
2018-05-23 00:56:37.028614,long,0.13185017000000931,-0.05368806,943537,943537,900000,2018-05-23 03:18:27.511438,8510.482824,0.18553823000000932
2018-05-23 04:00:37.884952,short,0.027,-0.01699707,300000,300000,300000,2018-05-23 04:05:06.812040,268.927088,0.04399707
2018-05-23 04:25:40.821433,long,0.11454880000000346,-0.04277592999999999,751960,751960,600000,2018-05-23 05:11:59.466051,2778.644618,0.15732473000000347
2018-05-23 11:17:38.953644,long,0.018000000000000002,-0.017227280000000008,300000,300000,300000,2018-05-23 11:20:40.287413,181.333769,0.035227280000000014
2018-05-23 14:18:38.126453,long,0.08968247999999948,-0.017108289999999998,300000,300000,300000,2018-05-23 14:41:11.008041,1352.881588,0.10679076999999948
2018-05-23 14:44:37.485383,long,0.11480311999999808,0.017045269999999998,300000,300000,300000,2018-05-23 15:07:55.551298,1398.065915,0.09775784999999808
2018-05-23 15:21:38.910012,long,-3.124151170000007,-0.18842194,3990342,3990342,1200000,2018-05-23 18:24:14.360567,10955.450555,-2.935729230000007
2018-05-24 01:31:53.355072,long,0.015,-0.01775445,300000,300000,300000,2018-05-24 01:36:12.452542,259.09747,0.032754450000000004
2018-05-24 01:44:17.900405,long,0.016127960000000004,-0.01780673,300000,300000,300000,2018-05-24 01:49:29.932342,312.031937,0.03393469
2018-05-24 02:33:30.893147,long,0.09669834000000002,-0.017835869999999997,300000,300000,300000,2018-05-24 02:45:21.375478,710.482331,0.11453421000000003
2018-05-24 04:31:18.166095,short,0.01425149,-0.00361268,61963,61963,61963,2018-05-24 04:31:55.924602,37.758507,0.01786417
2018-05-24 04:57:33.067896,short,0.063,-0.017514,300000,300000,300000,2018-05-24 05:12:57.901473,924.833577,0.080514
2018-05-24 06:23:16.447721,short,0.03125,-0.0045766,78125,78125,78125,2018-05-24 06:29:37.963173,381.515452,0.0358266
2018-05-24 06:34:27.468457,long,0.028188080000007186,-0.011075839999999998,300000,300000,300000,2018-05-24 06:40:31.414694,363.946237,0.03926392000000718
2018-05-24 06:40:59.505434,long,0.03900000000000001,-0.01767619,300000,300000,300000,2018-05-24 06:48:23.190476,443.685042,0.05667619000000001
2018-05-24 07:54:17.167410,long,0.04199999999999999,-0.01786578,300000,300000,300000,2018-05-24 08:00:34.498903,377.331493,0.05986577999999999
2018-05-24 08:01:19.989244,long,-2.7800000000000242,-0.10898262999999994,1800000,1800000,900000,2018-05-24 09:26:03.549937,5083.560693,-2.6710173700000244
2018-05-24 09:29:09.961632,short,0.07611577,0.015813519999999994,300000,300000,300000,2018-05-24 09:30:25.548735,75.587103,0.06030225
2018-05-24 09:44:58.293395,short,0.03368894,-0.0026084299999999984,135593,135593,135593,2018-05-24 09:48:17.167460,198.874065,0.036297369999999995
2018-05-24 09:49:48.536133,long,0.024,-0.01228136,200000,200000,200000,2018-05-24 09:50:29.638578,41.102445,0.03628136
2018-05-24 09:57:39.988952,short,0.01664718,-0.00922885,151338,151338,151338,2018-05-24 09:59:25.930277,105.941325,0.02587603
2018-05-24 12:57:52.882520,short,0.045,-0.017966419999999997,300000,300000,300000,2018-05-24 12:58:35.947751,43.065231,0.06296642
2018-05-24 13:12:01.935113,long,-0.004823999999999998,-0.0012033852,20100,20100,20100,2018-05-24 13:18:19.490414,377.555301,-0.0036206147999999984
2018-05-24 13:18:19.490414,short,0.01231529000000018,0.0018135952000000002,30129,30129,30129,2018-05-24 13:19:52.485140,92.994726,0.01050169480000018
2018-05-24 14:04:09.295741,long,0.07200000000000001,-0.01804674,300000,300000,300000,2018-05-24 14:14:53.999361,644.70362,0.09004674000000001
2018-05-24 14:42:03.787659,long,-0.018000000000000002,-0.017867140000000004,300000,300000,300000,2018-05-24 14:43:13.453379,69.66572,-0.00013285999999999853
2018-05-24 14:45:17.355119,short,0.033,-0.01796097,300000,300000,300000,2018-05-24 14:47:26.793364,129.438245,0.05096097
2018-05-24 15:06:38.288484,short,0.08563200000000001,-0.01796051,300000,300000,300000,2018-05-24 15:18:57.312962,739.024478,0.10359251000000001
2018-05-24 15:41:40.245469,short,0.002818200000000001,-0.008416179999999999,140910,140910,140910,2018-05-24 15:50:02.294008,502.048539,0.01123438
2018-05-24 18:04:32.963991,long,0.22698684,0.01514345,300000,300000,300000,2018-05-25 01:31:30.933781,26817.96979,0.21184339
2018-05-25 02:59:02.049662,short,0.03900000000000001,-0.017717820000000002,300000,300000,300000,2018-05-25 03:02:51.825910,229.776248,0.05671782000000001
2018-05-25 03:17:46.787972,short,0.06130696,-0.01397114,235796,235796,235796,2018-05-25 03:23:56.289944,369.501972,0.0752781
2018-05-25 06:07:53.005377,short,0.078,0.017634899999999988,300000,300000,300000,2018-05-25 06:09:51.252350,118.246973,0.06036510000000001
2018-05-25 06:56:21.577949,long,-0.37418697000000045,0.016893476968500003,600000,600000,600000,2018-05-25 07:14:28.548810,1086.970861,-0.3910804469685005
2018-05-25 07:14:28.548810,short,-0.00219004,0.003321162029128261,54751,54751,54751,2018-05-25 07:16:42.121476,133.572666,-0.00551120202912826
2018-05-25 07:16:42.121476,long,6.6e-07,1.8154237173885908e-07,1,1,1,2018-05-25 08:55:02.685420,5900.563944,4.78457628261141e-07
2018-05-25 08:55:02.685420,short,0.030532880000000977,-0.008155850327125179,299999,299999,299999,2018-05-25 08:55:46.707619,44.022199,0.03868873032712616
2018-05-25 08:55:46.707619,long,-1.3e-07,-6.045302260316264e-08,1,1,1,2018-05-25 09:03:38.659928,471.952309,-6.954697739683736e-08
2018-05-25 09:03:38.659928,short,0.04377889000000185,-0.018422599488382638,304453,304453,304453,2018-05-25 09:10:28.147310,409.487382,0.062201489488384484
2018-05-25 09:10:28.147310,long,1.1941586599999998,-0.006502310271469595,1313238,1313238,600001,2018-05-26 22:41:53.924393,135085.777083,1.2006609702714695
2018-05-28 11:09:18.270965,long,-0.061837749999996375,0.05605186999999998,300000,300000,300000,2018-05-28 11:39:13.084776,1794.813811,-0.11788961999999636
2018-05-28 12:14:04.890799,long,-0.01410283000001072,0.04352126000000004,600000,600000,600000,2018-05-28 12:14:58.595077,53.704278,-0.05762409000001076
2018-05-28 12:49:17.691685,short,-0.20076052000000008,0.01843364,300000,300000,300000,2018-05-28 12:58:53.501980,575.810295,-0.21919416000000008
2018-05-29 01:49:24.593041,long,0.0228571,-0.005394369999999999,114835,114835,114835,2018-05-29 03:04:46.735204,4522.142163,0.02825147
2018-05-29 11:07:37.211043,short,0.054,0.018490980000000004,300000,300000,300000,2018-05-29 11:09:48.387865,131.176822,0.035509019999999995
2018-05-29 11:27:24.493730,short,0.12300000000000001,-0.01818509,300000,300000,300000,2018-05-29 11:28:57.571783,93.078053,0.14118509
2018-05-29 11:32:33.983791,short,0.08017417999999836,0.01316316,297258,297258,297258,2018-05-29 11:41:06.870441,512.88665,0.06701101999999837
2018-05-29 11:44:27.609250,long,0.01373699,0.0022639,37127,37127,37127,2018-05-29 11:49:46.777711,319.168461,0.011473089999999998
2018-05-29 11:52:32.831759,short,0.036000000000000004,-0.018211290000000005,300000,300000,300000,2018-05-29 11:53:26.740803,53.909044,0.05421129000000001
2018-05-29 12:02:28.881053,short,0.07989067999999988,-0.014615030000000001,240998,240998,240998,2018-05-29 12:12:46.752330,617.871277,0.09450570999999988
2018-05-29 13:23:45.167088,short,0.102,-0.01814399,300000,300000,300000,2018-05-29 13:37:36.898153,831.731065,0.12014398999999999
2018-05-29 14:17:10.383977,long,0.024,-0.01821817,300000,300000,300000,2018-05-29 14:19:11.333911,120.949934,0.04221817
2018-05-29 17:59:33.638926,short,0.09152602,0.05389022,300000,300000,300000,2018-05-29 18:00:22.520750,48.881824,0.0376358
2018-05-29 18:03:03.298024,long,0.02062074,-0.01802997,300000,300000,300000,2018-05-29 18:10:28.423817,445.125793,0.03865071
2018-05-29 18:12:54.827965,short,0.15288895000000127,0.017904770000000014,300000,300000,300000,2018-05-29 18:14:51.899202,117.071237,0.13498418000000126
2018-05-29 18:36:12.860185,short,0.02842316,0.0030233500000000006,50000,50000,50000,2018-05-29 18:52:26.881138,974.020953,0.02539981
2018-05-29 18:53:53.010561,long,0.038,0.012106410000000005,200000,200000,200000,2018-05-29 18:57:47.206559,234.195998,0.025893589999999994
2018-05-30 14:55:47.722458,long,0.156,0.05497874,300000,300000,300000,2018-05-30 14:57:18.566084,90.843626,0.10102126
2018-05-30 16:41:18.808133,long,0.17941008999999744,0.035940479998666744,614307,614307,314308,2018-05-31 04:47:23.433768,43564.625635,0.14346961000133068
2018-05-31 04:47:23.433768,short,0.14756508,0.009386510110758448,299999,299999,299999,2018-05-31 04:47:53.210361,29.776593,0.13817856988924154
2018-05-31 04:47:53.210361,long,2.35e-06,5.863212970043362e-08,1,1,1,2018-05-31 06:29:05.489240,6072.278879,2.2913678702995662e-06
2018-05-31 06:29:05.489240,short,0.05761805000000604,0.004296950895420899,299999,299999,299999,2018-05-31 06:30:27.372078,81.882838,0.05332109910458514
2018-05-31 06:30:27.372078,long,0.01769186999999655,0.00041097040486520384,238274,238274,157889,2018-06-01 00:33:32.743577,64985.371499,0.017280899595131346
2018-06-01 00:33:32.743577,short,0.06598737000000417,-0.019295801457235945,329060,329060,135147,2018-06-01 04:01:11.796628,12459.053051,0.08528317145724011
2018-06-01 04:01:11.796628,long,-5.994e-05,-6.004852460506457e-05,999,999,999,2018-06-01 04:05:10.332566,238.535938,1.0852460506456858e-07
2018-06-01 04:05:10.332566,short,2.58e-06,-6.070273333333333e-08,1,1,1,2018-06-01 11:53:32.049666,28101.7171,2.6407027333333333e-06
2018-06-01 11:53:32.049666,long,0.34199886,-0.01830861897102419,299999,299999,299999,2018-06-01 11:54:36.920039,64.870373,0.3603074789710242
2018-06-01 11:54:36.920039,short,-0.007224260000001384,-0.0018100078272424711,628759,628759,328759,2018-06-03 06:46:02.235636,154285.315597,-0.005414252172758913
2018-06-03 06:46:02.235636,long,-0.01033713,-0.004678652272,80209,80209,80209,2018-06-03 11:28:48.717858,16966.482222,-0.005658477728
2018-06-03 11:28:48.717858,short,0.191251090000002,-0.013422119950832517,897606,897606,362629,2018-06-04 06:39:49.829520,69061.111662,0.20467320995083452
2018-06-04 06:39:49.829520,long,0.06899977,-0.017782650723954425,299999,299999,299999,2018-06-04 06:40:33.788412,43.958892,0.08678242072395442
2018-06-04 06:40:33.788412,short,1.1e-07,-5.92490128930583e-08,1,1,1,2018-06-04 07:06:44.569769,1570.781357,1.692490128930583e-07
2018-06-04 07:06:44.569769,long,0.0135868,-0.004023650771237261,67934,67934,67934,2018-06-04 07:08:09.311875,84.742106,0.01761045077123726
2018-06-04 07:08:09.311875,short,2.3e-07,-5.923523459185969e-08,1,1,1,2018-06-04 08:13:52.096774,3942.784899,2.892352345918597e-07
2018-06-04 08:13:52.096774,long,-0.06287118999999983,-0.017934240372402294,700183,700183,300367,2018-06-04 15:10:10.613263,24978.516489,-0.04493694962759753
2018-06-04 15:10:10.613263,short,2.1e-07,-6.001598590121493e-08,1,1,1,2018-06-04 16:39:06.483389,5335.870126,2.700159859012149e-07
2018-06-04 16:39:06.483389,long,0.14606767999998693,0.0060638600533763735,501128,501128,499999,2018-06-04 18:54:17.524314,8111.040925,0.14000381994661057
2018-06-04 18:54:17.524314,short,0.03778259000000205,-0.01794982889689771,300001,300001,300001,2018-06-05 02:50:27.423979,28569.899665,0.05573241889689976
2018-06-05 02:50:27.423979,long,0.2961549399999986,-0.006741950735614552,1400101,1400101,600001,2018-06-05 15:18:18.996966,44871.572987,0.30289689073561316
2018-06-05 15:18:18.996966,short,0.04495497,0.00405540977878329,264441,264441,264441,2018-06-05 15:22:21.788048,242.791082,0.040899560221216706
2018-06-05 15:22:21.788048,long,2.1e-07,-6.02886946212264e-08,1,1,1,2018-06-05 15:49:45.547455,1643.759407,2.702886946212264e-07
2018-06-05 15:49:45.547455,short,-0.41399841000000054,-0.035789610117538735,599999,599999,599999,2018-06-05 16:28:48.908706,2343.361251,-0.3782087998824618
2018-06-05 16:28:48.908706,long,0.03863276000000008,-0.012106999254754164,203325,203325,203325,2018-06-05 18:09:26.217173,6037.308467,0.05073975925475424
2018-06-05 18:09:26.217173,short,0.5033504200000071,0.0319962889169162,1060906,1060906,600001,2018-06-06 16:29:03.086025,80376.868852,0.4713541310830909
2018-06-06 16:29:03.086025,long,0.10269631999999924,0.047479421476167086,299999,299999,299999,2018-06-06 16:29:47.435309,44.349284,0.05521689852383216
2018-06-06 16:29:47.435309,short,4.5e-07,1.785032780805911e-07,1,1,1,2018-06-06 16:30:49.526316,62.091007,2.714967219194089e-07
2018-06-06 16:30:49.526316,long,-0.03910517999999672,0.05366002111867045,299999,299999,299999,2018-06-06 16:33:27.470740,157.944424,-0.09276520111866718
2018-06-06 16:33:27.470740,short,3e-07,1.7915377867928642e-07,1,1,1,2018-06-06 16:35:56.772738,149.301998,1.2084622132071357e-07
2018-06-06 16:35:56.772738,long,0.05347877999999885,0.01777643018946549,304601,304601,304601,2018-06-06 16:38:58.285665,181.512927,0.03570234981053336
2018-06-06 16:38:58.285665,short,5.5e-07,-5.985537023123035e-08,1,1,1,2018-06-06 18:12:47.148352,5628.862687,6.098553702312304e-07
2018-06-06 18:12:47.148352,long,0.02099993,-0.017989270035453434,299999,299999,299999,2018-06-06 18:15:49.738444,182.590092,0.038989200035453433
2018-06-06 18:15:49.738444,short,-2.2e-06,5.846404770070694e-08,1,1,1,2018-06-06 20:50:33.215280,9283.476836,-2.258464047700707e-06
2018-06-06 20:50:33.215280,long,-0.014670950000000611,0.006237271097247448,125821,125821,125821,2018-06-06 20:53:04.014503,150.799223,-0.020908221097248058
2018-06-06 20:53:04.014503,short,0.1046535399999964,0.01855999322900732,427768,427768,384668,2018-06-10 03:47:23.324692,284059.310189,0.08609354677098907
2018-06-10 03:47:23.324692,long,0.02099979,0.006188988109142175,99999,99999,99999,2018-06-10 03:48:11.601516,48.276824,0.014810801890857827
2018-06-10 03:48:11.601516,short,1.68e-06,-6.212320289531404e-08,1,1,1,2018-06-10 07:58:58.782343,15047.180827,1.7421232028953141e-06
2018-06-10 07:58:58.782343,long,0.3413329499999961,-0.022396658750694062,766531,766531,400001,2018-06-10 17:35:15.961816,34577.179473,0.36372960875069016
2018-06-10 20:37:04.597959,long,0.2633603500000008,-0.05449972811874582,1937902,1937902,448499,2018-06-13 05:00:42.301415,203017.703456,0.3178600781187466
2018-06-13 05:00:42.301415,short,0.11871075000000109,0.03418625582946163,199999,199999,199999,2018-06-13 05:01:04.521964,22.220549,0.08452449417053945
2018-06-13 05:01:04.521964,long,-0.835240010000008,0.015709299248284212,1855882,1855882,850001,2018-06-13 18:06:31.831738,47127.309774,-0.8509493092482923
2018-06-13 18:06:31.831738,short,0.03232476,-0.002945211337061434,41442,41442,41442,2018-06-13 18:11:34.320230,302.488492,0.03526997133706143
2018-06-13 18:11:34.320230,long,0.7797123700000033,0.026275539713565135,1228121,1228121,600001,2018-06-14 02:42:57.103884,30682.783654,0.7534368302864382
2018-06-14 02:42:57.103884,short,0.06999965,-0.013881840592884477,199999,199999,199999,2018-06-14 02:43:37.548392,40.444508,0.08388149059288447
2018-06-14 02:43:37.548392,long,5.5e-07,-6.936332847702472e-08,1,1,1,2018-06-14 03:58:18.101719,4480.553327,6.193633284770247e-07
2018-06-14 03:58:18.101719,short,0.07495295999999999,-0.013864780664139773,199999,199999,199999,2018-06-14 04:32:35.063048,2056.961329,0.08881774066413976
2018-06-14 04:32:35.063048,long,0.12978492999999952,-0.0024904792211509746,236601,236601,100001,2018-06-14 08:14:37.336015,13322.272967,0.1322754092211505
2018-06-14 08:14:37.336015,short,0.06299979,-0.02071751094084129,299999,299999,299999,2018-06-14 08:18:20.040967,222.704952,0.08371730094084129
2018-06-14 08:18:20.040967,long,0.018280000000002374,-0.021178313644067796,305529,305529,305529,2018-06-14 20:46:14.505522,44874.464555,0.03945831364407017
2018-06-14 20:46:14.505522,short,0.06599967000000001,0.013479092907947028,199999,199999,199999,2018-06-14 20:48:28.149070,133.643548,0.05252057709205298
2018-06-14 20:48:28.149070,long,2.2e-07,-6.758291817158122e-08,1,1,1,2018-06-14 20:55:02.569241,394.420171,2.875829181715812e-07
2018-06-14 20:55:02.569241,short,0.01514485,-0.00292570238752152,43271,43271,43271,2018-06-14 20:58:51.243338,228.674097,0.01807055238752152
2018-06-14 20:58:51.243338,long,6.7e-07,6.724136816973405e-08,1,1,1,2018-06-14 21:38:44.997009,2393.753671,6.02758631830266e-07
2018-06-14 21:38:44.997009,short,0.08809446999999893,0.010588402661946824,208608,208608,208608,2018-06-14 21:39:48.376069,63.37906,0.0775060673380521
2018-06-14 21:39:48.376069,long,0.1900175100000034,-0.031804717634820685,466652,466652,400875,2018-06-14 23:38:32.465058,7124.088989,0.22182222763482407
2018-06-14 23:38:32.465058,short,0.1015465499999991,-0.022874392153634043,337186,337186,309403,2018-06-15 00:31:46.043382,3193.578324,0.12442094215363314
2018-06-15 00:31:46.043382,long,0.17401497999999885,0.0459730820785415,224734,224734,224734,2018-06-15 00:56:40.953352,1494.90997,0.12804189792145734
2018-06-15 00:56:40.953352,short,0.0051256,-0.0034836520454523275,51256,51256,51256,2018-06-15 00:57:57.814112,76.86076,0.008609252045452327
2018-06-15 00:57:57.814112,long,0.8176776800000081,-0.012076238716502414,1400516,1400516,600001,2018-06-16 10:15:38.992417,119861.178305,0.8297539187165105
2018-06-16 10:15:38.992417,short,0.008508949999999772,-0.003452910518354049,49999,49999,49999,2018-06-16 10:18:54.844024,195.851607,0.011961860518353821
2018-06-16 10:18:54.844024,long,3.6e-07,-6.943889120942974e-08,1,1,1,2018-06-16 10:35:50.983642,1016.139618,4.2943889120942976e-07
2018-06-16 10:35:50.983642,short,0.01199976,-0.0034705505876,49999,49999,49999,2018-06-16 10:38:11.433102,140.44946,0.015470310587600001
2018-06-16 10:38:11.433102,long,-1.81e-06,-6.987181386138613e-08,1,1,1,2018-06-16 13:13:41.794541,9330.361439,-1.7401281861386138e-06
2018-06-16 13:13:41.794541,short,0.03199984,-0.014063119698595437,199999,199999,199999,2018-06-16 13:15:06.434491,84.63995,0.04606295969859544
2018-06-16 13:15:06.434491,long,0.3223926099999985,0.017162330367474523,628851,628851,428851,2018-06-16 16:48:47.546481,12821.11199,0.305230279632524
2018-06-16 16:48:47.546481,short,0.013527,0.0020814707562854646,30060,30060,30060,2018-06-16 16:49:39.492742,51.946261,0.011445529243714536
2018-06-16 16:49:39.492742,long,4.8e-07,6.925025783035489e-08,1,1,1,2018-06-16 16:58:27.494375,528.001633,4.107497421696451e-07
2018-06-16 16:58:27.494375,short,0.1567190499999989,-0.0069429409726001565,299999,299999,299999,2018-06-16 17:11:48.295207,800.800832,0.16366199097259904
2018-06-16 17:11:48.295207,long,-1.6e-06,-6.948866102210545e-08,1,1,1,2018-06-18 01:28:23.805681,116195.510474,-1.5305113389778945e-06
2018-06-18 01:28:23.805681,short,0.01357,-0.002063590047582179,29500,29500,29500,2018-06-18 01:29:12.015263,48.209582,0.01563359004758218
2018-06-18 01:29:12.015263,long,8.2e-07,-6.987146515372361e-08,1,1,1,2018-06-18 08:43:18.930310,26046.915047,8.898714651537236e-07
2018-06-18 08:43:18.930310,short,0.017883930000001616,0.004846987604801007,291775,291775,291775,2018-06-18 08:47:47.029645,268.099335,0.01303694239520061
2018-06-18 08:47:47.029645,long,0.01191151,-0.007530896011301009,108225,108225,108225,2018-06-18 17:13:58.678458,30371.648813,0.01944240601130101
2018-06-18 17:13:58.678458,short,0.11039997999999894,-4.312349059517229e-05,399999,399999,399999,2018-06-18 17:15:39.334281,100.655823,0.11044310349059411
2018-06-18 17:15:39.334281,long,0.08430912999999718,-0.025520326593104832,582427,582427,382427,2018-06-19 13:05:50.468791,71411.13451,0.109829456593102
2018-06-19 13:05:50.468791,short,-0.005999270000003923,-0.019941249840903178,300001,300001,299999,2018-06-19 13:27:57.349329,1326.880538,0.013941979840899255
2018-06-19 13:27:57.349329,long,0.026999729999999996,-0.006654623584308643,99999,99999,99999,2018-06-19 13:32:18.702768,261.353439,0.03365435358430864
2018-06-19 13:32:18.702768,short,7.2e-07,-6.664534349926151e-08,1,1,1,2018-06-19 14:10:13.116038,2274.41327,7.866453434992615e-07
2018-06-19 14:10:13.116038,long,0.02099979,-0.00667619323768197,99999,99999,99999,2018-06-19 14:22:58.619816,765.503778,0.027675983237681973
2018-06-19 14:22:58.619816,short,2.51e-06,-6.728127684714211e-08,1,1,1,2018-06-20 01:02:19.841736,38361.22192,2.5772812768471424e-06
2018-06-20 01:02:19.841736,long,0.10474662000000165,-0.02724869196020216,399999,399999,226205,2018-06-20 01:10:19.373710,479.531974,0.1319953119602038
2018-06-20 01:10:19.373710,short,0.02800053000000169,-0.013668268351412202,200001,200001,200001,2018-06-20 01:26:48.019080,988.64537,0.04166879835141389
2018-06-20 01:26:48.019080,long,-0.00199999,-0.013694631527008436,199999,199999,199999,2018-06-20 01:30:02.939615,194.920535,0.011694641527008436
2018-06-20 01:30:02.939615,short,0.3421111700000023,-0.08057043060542905,2162973,2162973,500001,2018-06-22 07:09:36.909362,193173.969747,0.42268160060543136
2018-06-22 07:09:36.909362,long,0.004992149999998671,-5.426902550871495e-05,399999,399999,399999,2018-06-22 07:12:06.805397,149.896035,0.005046419025507386
2018-06-22 07:12:06.805397,short,0.09400290999999984,-0.01381976882122541,200001,200001,200001,2018-06-22 08:34:51.441956,4964.636559,0.10782267882122526
2018-06-22 08:34:51.441956,long,0.12599968999999928,4.289406246860139e-06,399999,399999,399999,2018-06-22 08:36:58.926716,127.48476,0.12599540059375242
2018-06-22 08:36:58.926716,short,7e-07,-7.054197363415086e-08,1,1,1,2018-06-22 08:44:23.181040,444.254324,7.705419736341509e-07
2018-06-22 08:44:23.181040,long,0.3063372700000019,-0.01926972119470214,489758,489758,200001,2018-06-23 00:35:02.228291,57039.047251,0.32560699119470404
2018-06-23 00:35:02.228291,short,0.09199953999999999,0.014679916601586619,199999,199999,199999,2018-06-23 00:35:39.160127,36.931836,0.07731962339841338
2018-06-23 00:35:39.160127,long,0.5105914799999134,-0.06992905661287625,1730673,1730673,500001,2018-06-23 11:02:26.185469,37607.025342,0.5805205366127897
2018-06-23 11:02:26.185469,short,0.08189152999999988,-0.00010917690428144996,399999,399999,399999,2018-06-23 11:06:03.952763,217.767294,0.08200070690428132
2018-06-23 11:06:03.952763,long,-3.023853540000047,0.021348925223500046,4336012,4336012,902811,2018-06-24 07:42:47.886190,74203.933427,-3.045202465223547
2018-06-24 07:42:47.886190,short,0.02599987,-0.015300323497843103,199999,199999,199999,2018-06-24 07:48:07.808922,319.922732,0.041300193497843106
2018-06-24 07:48:07.808922,long,0.49504863000004184,0.02599574616670734,800001,800001,600001,2018-06-24 09:39:59.361679,6711.552757,0.4690528838333345
2018-06-24 09:39:59.361679,short,0.04999975,0.015246343768135748,199999,199999,199999,2018-06-24 09:40:48.100062,48.738383,0.03475340623186425
2018-06-24 09:40:48.100062,long,7.2e-07,7.59145e-08,1,1,1,2018-06-24 10:37:21.527431,3393.427369,6.440855e-07
2018-06-24 10:37:21.527431,short,0.06001762999999842,0.004317814020124604,199999,199999,199999,2018-06-24 10:43:31.949959,370.422528,0.055699815979873814
2018-06-24 10:43:31.949959,long,4.1e-07,-7.617812460569805e-08,1,1,1,2018-06-24 10:50:14.670147,402.720188,4.861781246056981e-07
2018-06-24 10:50:14.670147,short,0.19236480999995473,-0.043259033900107234,599999,599999,599999,2018-06-24 11:22:14.592498,1919.922351,0.23562384390006197
2018-06-24 11:22:14.592498,long,3.1e-07,-7.60478595122515e-08,1,1,1,2018-06-24 11:31:23.647841,549.055343,3.860478595122515e-07
2018-06-24 11:31:23.647841,short,0.1180509699999958,-0.023330643927808235,306862,306862,306862,2018-06-24 12:05:59.721032,2076.073191,0.14138161392780405
2018-06-24 12:05:59.721032,long,5.3e-07,-7.60432250422556e-08,1,1,1,2018-06-24 13:02:05.744369,3366.023337,6.060432250422556e-07
2018-06-24 13:02:05.744369,short,0.05199974,-0.015196384017558446,199999,199999,199999,2018-06-24 13:33:11.054899,1865.31053,0.06719612401755845
2018-06-24 13:33:11.054899,long,4.5e-07,-7.593969155457809e-08,1,1,1,2018-06-24 13:56:27.020235,1395.965336,5.259396915545781e-07
2018-06-24 13:56:27.020235,short,0.09194486000000418,-0.03972396414395315,524565,524565,524565,2018-06-24 14:05:29.969002,542.948767,0.13166882414395734
2018-06-24 14:05:29.969002,long,-0.028861949999956206,-0.009390773618958981,1000001,1000001,600001,2018-06-24 16:18:40.272183,7990.303181,-0.019471176380997227
2018-06-24 16:18:40.272183,short,-0.042677880000007995,0.002926693662118135,399999,399999,399999,2018-06-24 16:36:12.979492,1052.707309,-0.04560457366212613
2018-06-24 16:36:12.979492,long,7.5e-07,7.545378587373582e-08,1,1,1,2018-06-24 16:40:14.438395,241.458903,6.745462141262642e-07
2018-06-24 16:40:14.438395,short,-1.358078540000003,0.05042264656625816,226841,226841,226841,2018-06-24 16:43:49.921194,215.482799,-1.408501186566261
2018-06-24 16:44:27.271682,long,0.08724671000000077,0.02662845051659271,200000,200000,200000,2018-06-24 16:44:59.895011,32.623329,0.06061825948340806
2018-06-24 16:44:59.895011,short,1.2320898600000103,-0.04561133385690687,1921928,1921928,803511,2018-06-24 22:18:38.424682,20018.529671,1.2777011938569172
2018-06-24 22:18:38.424682,long,0.2837718399999939,-0.0023757474596858806,400175,400175,200175,2018-06-25 06:26:59.923575,29301.498893,0.2861475874596798
2018-06-25 06:26:59.923575,short,0.07457482999999267,0.007203277290473476,300976,300976,269356,2018-06-25 06:34:49.902683,469.979108,0.0673715527095192
2018-06-25 06:34:49.902683,long,1.21e-06,-7.270840848707363e-08,1,1,1,2018-06-25 11:19:14.227420,17064.324737,1.2827084084870736e-06
2018-06-25 11:19:14.227420,short,-0.009999739999999814,-0.02890891762240529,399999,399999,399999,2018-06-25 12:05:38.329592,2784.102172,0.018909177622405474
2018-06-25 12:05:38.329592,long,0.142418130000032,0.014544893007340303,2200001,2200001,800001,2018-06-25 14:10:59.995495,7521.665903,0.1278732369926917
2018-06-25 14:10:59.995495,short,0.04839972000000033,0.014548227285015853,199999,199999,199999,2018-06-25 14:11:23.482639,23.487144,0.03385149271498448
2018-06-25 14:11:23.482639,long,6.8e-07,7.244555180902044e-08,1,1,1,2018-06-25 14:17:38.563289,375.08065,6.075544481909795e-07
2018-06-25 14:17:38.563289,short,-0.24221683999999769,0.0008164230197953843,664595,664595,599999,2018-06-25 14:37:44.822469,1206.25918,-0.24303326301979308
2018-06-25 14:37:44.822469,long,0.5850290100000016,0.029727449773986146,971716,971716,371716,2018-06-27 14:55:43.731803,173878.909334,0.5553015602260155
2018-06-27 14:55:43.731803,short,0.01300723000000226,0.00259063555712749,199999,199999,199999,2018-06-27 14:56:47.492651,63.760848,0.01041659444287477
2018-06-27 14:56:47.492651,long,-0.7341684600000347,0.07615018343945229,1000001,1000001,400001,2018-06-29 11:33:31.541770,160604.049119,-0.8103186434394869
2018-06-29 11:33:31.541770,short,-0.010236480000000001,-0.00491729227610005,63978,63978,63978,2018-06-29 11:36:51.741804,200.200034,-0.005319187723899951
2018-06-29 11:36:51.741804,long,0.14001193000000228,0.015274725873885352,200001,200001,200001,2018-06-30 01:35:04.386541,50292.644737,0.12473720412611693
2018-06-30 01:35:04.386541,short,-0.2434488799999946,0.019489158842686975,1449999,1449999,849999,2018-06-30 01:49:49.548982,885.162441,-0.2629380388426816
2018-06-30 01:49:49.548982,long,0.3738027599999966,0.004871315383598737,500001,500001,500001,2018-06-30 02:13:02.350177,1392.801195,0.3689314446163979
2018-06-30 02:13:02.350177,short,0.023999760000000002,-0.0069999934840004495,99999,99999,99999,2018-06-30 02:15:56.446593,174.096416,0.030999753484000452
2018-06-30 02:15:56.446593,long,0.044000479999998655,-0.014082970268093506,200001,200001,200001,2018-06-30 03:29:14.987174,4398.540581,0.05808345026809216
2018-06-30 03:29:14.987174,short,0.228629970000001,0.019156349240093958,199999,199999,199999,2018-06-30 03:47:31.235480,1096.248306,0.20947362075990703
2018-06-30 03:47:31.235480,long,5.2e-07,7.078081156407955e-08,1,1,1,2018-06-30 03:54:02.044006,390.808526,4.4921918843592044e-07
2018-06-30 03:54:02.044006,short,0.20106312999999976,0.014163579230857499,199999,199999,199999,2018-06-30 14:22:00.033799,37677.989793,0.18689955076914225
2018-06-30 14:22:00.033799,long,0.11599820999999909,0.014381230256224415,200001,200001,200001,2018-07-02 04:35:31.308632,137611.274833,0.10161697974377468
2018-07-02 04:35:31.308632,short,0.02300000000000019,-0.014287978536568931,199999,199999,199999,2018-07-02 04:41:36.264414,364.955782,0.03728797853656912
2018-07-02 04:41:36.264414,long,0.024008719999999345,-0.007145539501142245,100001,100001,100001,2018-07-02 19:19:24.447723,52668.183309,0.03115425950114159
2018-07-02 19:19:24.447723,short,0.07899921,0.006807331925994191,99999,99999,99999,2018-07-02 19:23:51.151207,266.703484,0.07219187807400582
2018-07-02 19:23:51.151207,long,1.2e-07,6.792282351001385e-08,1,1,1,2018-07-03 04:32:46.628855,32935.477648,5.207717648998614e-08
2018-07-03 04:32:46.628855,short,0.4615401700000033,0.026294211260331612,383649,383649,383649,2018-07-03 10:10:49.529224,20282.900369,0.4352459587396717
2018-07-03 10:10:49.529224,long,0.08643806000000301,0.02743556522689955,400001,400001,200001,2018-07-03 10:21:50.017272,660.488048,0.05900249477310346
2018-07-03 10:21:50.017272,short,0.01199994,0.01367282163320703,199999,199999,199999,2018-07-03 10:25:32.523109,222.505837,-0.0016728816332070295
2018-07-03 10:25:32.523109,long,0.17569107999999956,0.03961549168606183,400001,400001,400001,2018-07-03 11:33:26.892045,4074.368936,0.13607558831393773
2018-07-03 11:33:26.892045,short,0.04199979000000001,-0.013655021723806787,199999,199999,199999,2018-07-03 11:42:18.586673,531.694628,0.0556548117238068
2018-07-03 11:42:18.586673,long,0.6296942300000065,0.07630347953847824,2202671,2202671,600001,2018-07-04 08:09:32.398675,73633.812002,0.5533907504615282
2018-07-04 08:09:32.398675,short,0.12464932999999984,0.027553860862078512,399999,399999,399999,2018-07-04 08:32:31.839213,1379.440538,0.09709546913792133
2018-07-04 08:32:31.839213,long,0.04209553999999915,0.010957130889043919,200001,200001,200001,2018-07-04 08:47:28.392956,896.553743,0.03113840911095523
2018-07-04 08:47:28.392956,short,0.11599941999999999,-0.013845380787952274,199999,199999,199999,2018-07-04 09:07:05.990295,1177.597339,0.12984480078795227
2018-07-04 09:07:05.990295,long,4e-07,-6.92525916458853e-08,1,1,1,2018-07-04 09:45:58.562054,2332.571759,4.6925259164588525e-07
2018-07-04 09:45:58.562054,short,-0.83799581,-0.013647081764249998,199999,199999,199999,2018-07-04 14:44:14.162015,17895.599961,-0.82434872823575
2018-07-04 14:44:14.162015,long,4e-08,-6.72839904455967e-08,1,1,1,2018-07-04 18:32:48.332167,13714.170152,1.072839904455967e-07
2018-07-04 18:32:48.332167,short,0.045999769999999995,-0.013465022673753275,199999,199999,199999,2018-07-04 22:37:05.278501,14656.946334,0.05946479267375327
2018-07-04 22:37:05.278501,long,0.29007770000000077,-0.013252317818885868,600001,600001,400001,2018-07-04 23:01:38.358939,1473.080438,0.30333001781888663
2018-07-04 23:01:38.358939,short,0.12026151,-0.014650401611930382,214231,214231,199999,2018-07-04 23:14:29.555112,771.196173,0.1349119116119304
2018-07-04 23:14:29.555112,long,0.11600005000000181,0.040253271494952524,200001,200001,200001,2018-07-05 00:38:24.365647,5034.810535,0.0757467785050493
2018-07-05 00:38:24.365647,short,0.04399978,-0.01370861145658458,199999,199999,199999,2018-07-05 00:39:27.080892,62.715245,0.05770839145658458
2018-07-05 00:39:27.080892,long,3.37e-06,6.631919201640897e-08,1,1,1,2018-07-05 01:48:22.274721,4135.193829,3.303680807983591e-06
2018-07-05 01:48:22.274721,short,0.21241859,0.020055883154721395,199999,199999,199999,2018-07-05 01:48:39.560449,17.285728,0.1923627068452786
2018-07-05 01:48:39.560449,long,0.09141659999999964,-0.012123346773221383,236418,236418,200001,2018-07-07 23:26:47.758365,250688.197916,0.10353994677322102
2018-07-07 23:26:47.758365,short,0.2159993499999986,-0.005854613848005602,399999,399999,399999,2018-07-07 23:28:23.236852,95.478487,0.22185396384800418
2018-07-07 23:28:23.236852,long,0.266252719999995,-0.0398916536674944,1800001,1800001,400001,2018-07-09 22:10:39.609769,168136.372917,0.3061443736674894
2018-07-09 22:10:39.609769,short,0.23870828000000063,0.052938893773769334,399999,399999,399999,2018-07-09 22:12:53.811524,134.201755,0.1857693862262313
2018-07-09 22:12:53.811524,long,1.6685500200000076,-0.04629996921241423,3210982,3210982,433635,2018-07-13 00:25:58.403489,267184.591965,1.7148499892124218
2018-07-13 00:25:58.403489,short,0.08999955,-0.014403057984355063,199999,199999,199999,2018-07-13 01:26:41.162604,3642.759115,0.10440260798435506
2018-07-13 01:26:41.162604,long,1.6e-07,-7.208062623413257e-08,1,1,1,2018-07-13 02:43:20.355646,4599.193042,2.3208062623413258e-07
2018-07-13 02:43:20.355646,short,0.021552790000000002,-0.0033084678497237357,45857,45857,45857,2018-07-13 06:36:53.676683,14013.321037,0.024861257849723737
2018-07-13 06:36:53.676683,long,2.89e-06,7.030578227142834e-08,1,1,1,2018-07-13 18:21:49.722172,42296.045489,2.8196942177285715e-06
2018-07-13 18:21:49.722172,short,0.1461176700000011,0.003958839234951657,199999,199999,199999,2018-07-13 18:22:43.844371,54.122199,0.14215883076504943
2018-07-13 18:22:43.844371,long,0.5470624699999982,0.012408802526670188,1404930,1404930,600001,2018-07-13 21:49:31.026813,12407.182442,0.534653667473328
2018-07-13 21:49:31.026813,short,0.1069478300000014,0.01583596799341006,199999,199999,199999,2018-07-13 21:49:47.705153,16.67834,0.09111186200659134
2018-07-13 21:49:47.705153,long,1.11e-06,-7.212821207530203e-08,1,1,1,2018-07-14 16:05:15.828815,65728.123662,1.182128212075302e-06
2018-07-14 16:05:15.828815,short,0.047999759999999995,-0.01438625806765496,199999,199999,199999,2018-07-14 18:16:08.593269,7852.764454,0.06238601806765495
2018-07-14 18:16:08.593269,long,0.07399922000000515,0.00010755784296839402,400001,400001,200001,2018-07-14 19:14:23.641252,3495.047983,0.07389166215703676
2018-07-14 19:14:23.641252,short,-0.11199944,-0.01444214779371194,199999,199999,199999,2018-07-14 20:45:16.612532,5452.97128,-0.09755729220628806
2018-07-14 20:45:16.612532,long,2.68e-06,-7.148108141380936e-08,1,1,1,2018-07-15 14:04:12.927324,62336.314792,2.7514810814138096e-06
2018-07-15 14:04:12.927324,short,-0.6036737099999999,0.01376834117835068,199999,199999,199999,2018-07-16 09:21:36.334061,69443.406737,-0.6174420511783506
2018-07-16 09:21:36.334061,long,3.27e-06,7.024272401720068e-08,1,1,1,2018-07-16 12:32:20.777656,11444.443595,3.199757275982799e-06
2018-07-16 12:32:20.777656,short,0.05399972999999999,-0.013619061904047724,199999,199999,199999,2018-07-16 12:48:54.236065,993.458409,0.06761879190404771
2018-07-16 12:48:54.236065,long,6.3e-07,-6.801504919626653e-08,1,1,1,2018-07-16 15:01:05.053097,7930.817032,6.980150491962665e-07
2018-07-16 15:01:05.053097,short,0.1142551900000015,0.023902067745215267,599999,599999,599999,2018-07-16 17:40:56.755976,9591.702879,0.09035312225478624
2018-07-16 17:40:56.755976,long,2e-07,-6.757176514186808e-08,1,1,1,2018-07-16 17:41:53.380092,56.624116,2.6757176514186807e-07
2018-07-16 17:41:53.380092,short,0.10266748999999945,-0.02700757243950714,399999,399999,399999,2018-07-16 19:03:28.379183,4894.999091,0.12967506243950658
2018-07-16 19:03:28.379183,long,3.6e-07,-6.751344298772027e-08,1,1,1,2018-07-16 19:59:30.299058,3361.919875,4.2751344298772024e-07
2018-07-16 19:59:30.299058,short,-0.16721048000000846,-0.02687796274755297,799999,799999,599999,2018-07-17 04:52:39.155073,31988.856015,-0.1403325172524555
2018-07-17 04:52:39.155073,long,1.9e-07,-6.702949444867198e-08,1,1,1,2018-07-17 04:53:24.453611,45.298538,2.5702949444867196e-07
2018-07-17 04:53:24.453611,short,0.07599962,-0.013414382927709523,199999,199999,199999,2018-07-17 05:06:27.906417,783.452806,0.08941400292770953
2018-07-17 05:06:27.906417,long,0.24669234999999667,-0.0273576970319841,406290,406290,200001,2018-07-17 14:30:24.552122,33836.645705,0.27405004703198077
2018-07-17 14:30:24.552122,short,-5.950968609999984,0.022692143452991066,799999,799999,599999,2018-07-17 17:44:13.555348,11629.003226,-5.973660753452975
2018-07-17 21:18:17.064174,short,-0.07749999999999091,-0.06115408000000001,1000000,1000000,750000,2018-07-17 21:58:21.395251,2404.331077,-0.016345919999990896
2018-07-17 22:07:38.571592,short,0.04,-0.01526056,250000,250000,250000,2018-07-17 22:12:06.588111,268.016519,0.05526056
2018-07-17 22:43:44.520452,long,-0.07016449999999436,0.030827753974799966,1000000,1000000,1000000,2018-07-17 22:54:03.103936,618.583484,-0.10099225397479432
2018-07-17 22:54:03.103936,short,0.06659100999999099,-0.021701658944800004,853630,853630,603630,2018-07-18 01:24:44.670673,9041.566737,0.08829266894479099
2018-07-18 01:24:44.670673,long,0.02039245,-0.0005426414916,8905,8905,8905,2018-07-18 02:52:05.612057,5240.941384,0.0209350914916
2018-07-18 02:52:05.612057,short,0.17599935,-0.014606889198477066,241095,241095,241095,2018-07-18 02:53:00.917127,55.30507,0.19060623919847708
2018-07-18 02:53:00.917127,long,0.0069459,0.0005362924481134756,8905,8905,8905,2018-07-18 03:03:35.145767,634.22864,0.006409607551886524
2018-07-18 03:03:35.145767,short,0.3099934000000044,-0.00029360155335064807,991095,991095,991095,2018-07-18 03:40:27.463477,2212.31771,0.3102870015533551
2018-07-18 03:40:27.463477,long,0.007833530000000003,0.014607103410314242,258905,258905,258905,2018-07-18 04:40:13.088729,3585.625252,-0.006773573410314239
2018-07-18 04:40:13.088729,short,0.14936889999999806,-0.0017786736849999985,251095,251095,251095,2018-07-18 08:14:06.446157,12833.357428,0.15114757368499807
2018-07-18 08:14:06.446157,long,0.0789362500000014,0.015255925507800003,248905,248905,248905,2018-07-18 08:16:29.140993,142.694836,0.0636803244922014
2018-07-18 08:16:29.140993,short,0.6185067999999977,-0.04516641673291419,1751095,1751095,751095,2018-07-18 18:37:35.522496,37266.381503,0.6636732167329119
2018-07-18 18:37:35.522496,long,0.0419102200000002,0.010851906458674197,213227,213227,213227,2018-07-18 18:38:13.895517,38.373021,0.031058313541326002
2018-07-18 18:38:13.895517,short,0.028315210000000004,-0.0022222738051710877,36773,36773,36773,2018-07-18 18:47:34.053339,560.157822,0.03053748380517109
2018-07-18 18:47:34.053339,long,0.06080957000000282,-0.028132491588388913,463227,463227,463227,2018-07-18 18:48:43.519011,69.465672,0.08894206158839173
2018-07-18 18:48:43.519011,short,0.02353472,-0.0022354366165200003,36773,36773,36773,2018-07-18 19:08:49.911314,1206.392303,0.025770156616519997
2018-07-18 19:08:49.911314,long,0.1713827500000047,-0.006010037225079996,714427,714427,714427,2018-07-18 19:20:52.892138,722.980824,0.1773927872250847
2018-07-18 19:20:52.892138,short,0.01458493,0.006500702549039301,35573,35573,35573,2018-07-18 19:32:36.841891,703.949753,0.008084227450960699
2018-07-18 19:32:36.841891,long,0.14136812000000093,0.013113177060944815,214427,214427,214427,2018-07-18 19:37:55.490354,318.648463,0.12825494293905612
2018-07-18 19:37:55.490354,short,0.02418964,-0.002165039427539047,35573,35573,35573,2018-07-18 19:44:33.883740,398.393386,0.026354679427539045
2018-07-18 19:44:33.883740,long,0.4519936200000062,0.0018185736805835147,2377112,2377112,1038845,2018-07-18 21:09:47.581280,5113.69754,0.4501750463194227
2018-07-18 21:09:47.581280,short,0.0018772,-0.00017729464935532313,2888,2888,2888,2018-07-18 22:12:25.290570,3757.70929,0.0020544946493553234
2018-07-18 22:12:25.290570,long,0.3332960799999972,-0.030558483404073255,497112,497112,497112,2018-07-18 22:38:23.548595,1558.258025,0.36385456340407046
2018-07-18 22:38:23.548595,short,0.19829783999999667,-0.00026066727797915013,502888,502888,502888,2018-07-18 22:51:32.759651,789.211056,0.19855850727797583
2018-07-18 22:51:32.759651,long,0.0021616000000000005,-0.000377491086020852,6176,6176,6176,2018-07-18 23:02:16.743596,643.983945,0.0025390910860208526
2018-07-18 23:02:16.743596,short,0.21978444000000283,-0.008851959294249999,443824,443824,257234,2018-07-19 00:42:26.406830,6009.663234,0.22863639929425283
2018-07-19 00:42:26.406830,long,0.06001007,-0.007835594750442307,127681,127681,127681,2018-07-19 00:57:20.217522,893.810692,0.0678456647504423
2018-07-19 00:57:20.217522,short,0.00245814,-0.00014262128891934277,2319,2319,2319,2018-07-19 01:22:59.234106,1539.016584,0.002600761288919343
2018-07-19 01:22:59.234106,long,0.07182749,-0.01527560692470835,247681,247681,247681,2018-07-19 01:26:58.653304,239.419198,0.08710309692470834
2018-07-19 01:26:58.653304,short,0.8783896099999932,0.0506387443644655,3854546,3854546,1004546,2018-07-20 06:40:55.649695,105236.996391,0.8277508656355277
2018-07-20 06:40:55.649695,long,0.02715295,-0.015040642089025771,246845,246845,246845,2018-07-20 06:43:10.861051,135.211356,0.04219359208902577
2018-07-20 06:43:10.861051,short,-0.0072002399999954725,-0.04588664180437276,753155,753155,253155,2018-07-20 12:29:13.415165,20762.554114,0.03868640180437729
2018-07-20 12:29:13.415165,long,0.19833664999999887,-0.0011986135848594192,520363,520363,520363,2018-07-20 17:05:15.826496,16562.411331,0.1995352635848583
2018-07-20 17:05:15.826496,short,0.03343911,-0.002780793974287563,45807,45807,45807,2018-07-20 17:06:22.798610,66.972114,0.036219903974287565
2018-07-20 17:06:22.798610,long,0.04696439,-0.012418939169600001,204193,204193,204193,2018-07-20 17:06:49.040372,26.241762,0.0593833291696
2018-07-20 17:06:49.040372,short,0.06138138,-0.00279740967036,45807,45807,45807,2018-07-20 19:30:57.716285,8648.675913,0.06417878967036
2018-07-20 19:30:57.716285,long,0.08167719999999999,0.012470596693216698,204193,204193,204193,2018-07-20 22:38:22.782393,11245.066108,0.0692066033067833
2018-07-20 22:38:22.782393,short,0.007787189999999999,0.002801253722013474,45807,45807,45807,2018-07-20 22:44:09.700233,346.91784,0.004985936277986526
2018-07-20 22:44:09.700233,long,0.10042823000000023,0.008181471994692399,500001,500001,500001,2018-07-21 05:45:58.504221,25308.803988,0.09224675800530784
2018-07-21 05:45:58.504221,short,-0.00278526,0.00014093152967743127,2283,2283,2283,2018-07-22 00:03:04.718074,65826.213853,-0.002926191529677431
2018-07-22 00:03:04.718074,long,0.0247717,-0.015082239636320001,247717,247717,247717,2018-07-22 00:16:46.815924,822.09785,0.03985393963632
2018-07-22 00:16:46.815924,short,0.18037612999999955,-0.01551300454023819,752283,752283,252283,2018-07-22 21:20:25.725523,75818.909599,0.19588913454023774
2018-07-22 21:20:25.725523,long,0.2533166600000014,-0.01032787146639611,2539978,2539978,1049999,2018-07-23 02:20:39.447071,18013.721548,0.26364453146639755
2018-07-23 02:20:39.447071,short,0.14435952999999999,0.04437381256150626,249999,249999,249999,2018-07-23 02:28:08.356335,448.909264,0.09998571743849373
2018-07-23 02:28:08.356335,long,5.8e-07,5.941320802248892e-08,1,1,1,2018-07-23 02:32:42.434983,274.078648,5.20586791977511e-07
2018-07-23 02:32:42.434983,short,0.030103800000008105,0.0032213516395708536,749999,749999,499999,2018-07-23 08:36:12.641963,21810.20698,0.026882448360437253
2018-07-23 08:36:12.641963,long,0.1468408700000019,0.020049407002044765,150570,150570,150570,2018-07-23 20:31:03.473503,42890.83154,0.12679146299795713
2018-07-23 20:31:03.473503,short,0.08053716000000197,-0.0025628847783978103,255970,255970,255970,2018-07-24 04:36:01.917139,29098.443636,0.08310004477839977
2018-07-24 04:36:01.917139,long,0.07663986,0.02481329724307055,144030,144030,144030,2018-07-24 04:36:31.969581,30.052442,0.051826562756929456
2018-07-24 04:36:31.969581,short,-1.2873944200000238,0.0822679484887116,5743312,5743312,1575428,2018-07-24 14:22:24.305349,35152.335768,-1.3696623684887355
2018-07-24 14:22:24.305349,long,0.03131818,-0.001660052177908282,30406,30406,30406,2018-07-24 17:34:35.984553,11531.679204,0.03297823217790828
2018-07-24 17:34:35.984553,short,0.5401090400000034,0.006720583757138595,983805,983805,533805,2018-07-24 22:24:02.152661,17366.168108,0.5333884562428648
2018-07-24 22:24:02.152661,long,0.0389151,0.011790275675371758,216195,216195,216195,2018-07-24 22:24:14.568884,12.416223,0.027124824324628243
2018-07-24 22:24:14.568884,short,2.176426430000026,-0.061001186187242,3952421,3952421,970039,2018-07-25 10:07:59.499612,42224.930728,2.237427616187268
2018-07-25 10:07:59.499612,long,0.07798980000002335,-0.09213240147531265,2469732,2469732,1001105,2018-07-25 16:31:32.263012,23012.7634,0.17012220147533602
2018-07-25 16:31:32.263012,short,0.017815329999997864,-0.013745650396047382,330150,330150,230150,2018-07-25 17:06:40.636808,2108.373796,0.03156098039604525
2018-07-25 17:06:40.636808,long,0.605139999999999,-0.01480114578728664,269850,269850,269850,2018-07-25 21:34:55.807295,16095.170487,0.6199411457872857
2018-07-25 21:34:55.807295,short,0.0690245,-0.009182483211380025,230150,230150,230150,2018-07-25 21:46:22.036150,686.228855,0.07820698321138003
2018-07-25 21:46:22.036150,long,0.03581795000000121,-0.009256360856333336,369850,369850,369850,2018-07-25 21:48:39.781828,137.745678,0.045074310856334544
2018-07-25 21:48:39.781828,short,0.4181860000000047,0.02369337703230108,430150,430150,230150,2018-07-25 23:32:43.006421,6243.224593,0.39449262296770365
2018-07-25 23:32:43.006421,long,0.03593526000000051,0.010452118067698923,189850,189850,189850,2018-07-25 23:33:13.610938,30.604517,0.025483141932301587
2018-07-25 23:33:13.610938,short,0.1582509999999992,-0.013733615524735985,250150,250150,250150,2018-07-25 23:57:31.080590,1457.469652,0.17198461552473518
2018-07-25 23:57:31.080590,long,0.05926507,-0.01254081008870401,227927,227927,227927,2018-07-26 00:02:03.370664,272.290074,0.07180588008870402
2018-07-26 00:02:03.370664,short,0.36996219000000374,-0.06952846602680009,1771333,1771333,753650,2018-07-26 21:50:33.469599,78510.098935,0.4394906560268038
2018-07-26 21:50:33.469599,long,0.07652674999999827,-0.05271257835982208,982333,982333,982333,2018-07-26 21:57:24.422473,410.952874,0.12923932835982035
2018-07-26 21:57:24.422473,short,0.00565344,-0.0009981336149379274,17667,17667,17667,2018-07-26 21:57:50.678326,26.255853,0.006651573614937928
2018-07-26 21:57:50.678326,long,0.05575992,-0.013130282438448194,232333,232333,232333,2018-07-26 22:00:11.180973,140.502647,0.06889020243844819
2018-07-26 22:00:11.180973,short,0.0035334,-0.0009982926860520889,17667,17667,17667,2018-07-26 22:00:53.258430,42.077457,0.004531692686052089
2018-07-26 22:00:53.258430,long,0.01946903,-0.001782680431109793,31601,31601,31601,2018-07-26 22:01:58.269925,65.011495,0.02125171043110979
2018-07-26 22:01:58.269925,short,0.01791152,-0.012602079306389924,223894,223894,223894,2018-07-26 22:03:41.744623,103.474698,0.030513599306389923
2018-07-26 22:03:41.744623,long,0.3978626800000084,-0.029583850022500007,526106,526106,526106,2018-07-26 22:21:46.880568,1085.135945,0.42744653002250843
2018-07-26 22:21:46.880568,short,0.06045138,-0.012541055838060002,223894,223894,223894,2018-07-26 22:22:38.977226,52.096658,0.07299243583806
2018-07-26 22:22:38.977226,long,1.1709052199999468,0.04475799303971687,5780339,5780339,2276106,2018-07-27 08:34:19.800343,36700.823117,1.12614722696023
2018-07-27 08:34:19.800343,short,0.19767650000000314,-0.02773160471489682,508925,508925,508925,2018-07-27 10:12:43.857009,5904.056666,0.22540810471489997
2018-07-27 10:12:43.857009,long,0.04339349999999999,-0.013668575919667489,241075,241075,241075,2018-07-27 10:26:16.360697,812.503688,0.05706207591966748
2018-07-27 10:26:16.360697,short,0.01169175,0.0005135755347434043,8925,8925,8925,2018-07-27 12:49:50.056902,8613.696205,0.011178174465256596
2018-07-27 12:49:50.056902,long,0.40232773000001004,0.008112368875246512,2139739,2139739,1389739,2018-07-27 13:12:04.684217,1334.627315,0.3942153611247635
2018-07-27 13:12:04.684217,short,0.01323132,-0.006315794823502497,110261,110261,110261,2018-07-27 13:14:04.165032,119.480815,0.019547114823502496
2018-07-27 13:14:04.165032,long,0.02235824,-0.008003012951378667,139739,139739,139739,2018-07-27 13:16:41.757562,157.59253,0.03036125295137867
2018-07-27 13:16:41.757562,short,-0.7773724499998611,0.09564415153929878,5000261,5000261,2716051,2018-07-27 23:40:44.644908,37442.887346,-0.8730166015391598
2018-07-27 23:40:44.644908,long,0.0889489999999979,-0.011919420531,283949,283949,283949,2018-07-28 00:02:53.716423,1329.071515,0.1008684205309979
2018-07-28 00:02:53.716423,short,0.07993887000000001,-0.011863507468800003,216051,216051,216051,2018-07-28 00:14:19.183352,685.466929,0.09180237746880002
2018-07-28 00:14:19.183352,long,0.6510700899999914,-0.014185301288089189,1283949,1283949,500001,2018-07-29 00:11:14.865330,86215.681978,0.6652553912880805
2018-07-29 00:11:14.865330,short,0.07999967999999999,0.013561805752563692,249999,249999,249999,2018-07-29 00:12:07.900029,53.034699,0.0664378742474363
2018-07-29 00:12:07.900029,long,2e-07,-5.4418284183713184e-08,1,1,1,2018-07-29 00:15:21.834553,193.934524,2.544182841837132e-07
2018-07-29 00:15:21.834553,short,0.05249979,-0.013604925579390314,249999,249999,249999,2018-07-29 00:59:04.028222,2622.193669,0.06610471557939031
2018-07-29 00:59:04.028222,long,-3.227539789999992,0.33081405747077297,12303726,12303726,1819741,2018-08-01 08:21:17.269086,285733.240864,-3.558353847470765
2018-08-01 08:21:17.269086,short,0.017708760000000698,0.0050163048714258465,138295,138295,138295,2018-08-01 08:21:46.350418,29.081332,0.01269245512857485
2018-08-01 08:21:46.350418,long,6.9e-07,-5.899719887776942e-08,1,1,1,2018-08-01 08:49:04.354440,1638.004022,7.489971988777694e-07
2018-08-01 08:49:04.354440,short,0.04249983,-0.014719951120786027,249999,249999,249999,2018-08-01 08:49:50.840873,46.486433,0.05721978112078603
2018-08-01 08:49:50.840873,long,0.4460359700000098,-0.035892969221735266,1399287,1399287,949287,2018-08-01 13:59:56.111918,18605.271045,0.48192893922174507
2018-08-01 13:59:56.111918,short,0.01008999,0.0029886567480227216,50713,50713,50713,2018-08-01 20:34:23.304665,23667.192747,0.007101333251977279
2018-08-01 20:34:23.304665,long,1.2329132600000021,-0.02979566703408823,499287,499287,499287,2018-08-02 00:16:49.446612,13346.141947,1.2627089270340903
2018-08-02 00:16:49.446612,short,0.26685630000000304,-0.04162000127065322,756378,756378,506378,2018-08-02 01:27:53.912111,4264.465499,0.3084763012706563
2018-08-02 01:27:53.912111,long,0.008016309999999999,-0.0009662267488365927,16483,16483,16483,2018-08-02 02:36:01.391649,4087.479538,0.008982536748836591
2018-08-02 02:36:01.391649,short,0.0378642,-0.0031463084869286203,53630,53630,53630,2018-08-02 09:58:26.295835,26544.904186,0.041010508486928623
2018-08-02 09:58:26.295835,long,-0.561755199999994,-0.04063618777030806,746370,746370,496370,2018-08-03 13:58:41.820760,100815.524925,-0.5211190122296859
2018-08-03 13:58:41.820760,short,0.12391180999999976,-0.023967348821838,503630,503630,253630,2018-08-03 18:49:42.584704,17460.763944,0.14787915882183778
2018-08-03 18:49:42.584704,long,-1.5633993499999972,0.19025215602760304,2500436,2500436,1250436,2018-08-04 13:00:33.248315,65450.663611,-1.7536515060276003
2018-08-04 13:00:33.248315,short,0.17731251999999803,-0.031008464011996837,499564,499564,499564,2018-08-04 13:09:10.657462,517.409147,0.20832098401199486
2018-08-04 13:09:10.657462,long,0.00014824,-2.708489545488488e-05,436,436,436,2018-08-04 13:13:01.413337,230.755875,0.0001753248954548849
2018-08-04 13:13:01.413337,short,0.1427267999999967,-0.030985134480480007,499564,499564,499564,2018-08-04 14:21:10.843183,4089.429846,0.17371193448047673
2018-08-04 14:21:10.843183,long,-2.93115077999999,0.0573178872746698,3411065,3411065,1693974,2018-08-05 16:38:29.202033,94638.35885,-2.9884686672746597
2018-08-05 16:38:29.202033,short,0.0186095,-0.0013118613241898261,20450,20450,20450,2018-08-05 17:05:11.687773,1602.48574,0.019921361324189826
2018-08-05 17:05:11.687773,long,0.2737451700000085,0.030848258234582083,979550,979550,979550,2018-08-05 17:48:39.982446,2608.294673,0.24289691176542638
2018-08-05 17:48:39.982446,short,0.0063395,0.003948834819098082,20450,20450,20450,2018-08-05 17:49:58.743652,78.761206,0.0023906651809019177
2018-08-05 17:49:58.743652,long,0.1170705,0.01481746741921346,229550,229550,229550,2018-08-05 18:47:30.352454,3451.608802,0.10225303258078654
2018-08-05 18:47:30.352454,short,0.15898049000000003,-0.012861146752493594,520450,520450,270450,2018-08-05 20:54:42.039963,7631.687509,0.17184163675249362
2018-08-05 20:54:42.039963,long,0.0870765300000018,0.01525847034905036,229550,229550,229550,2018-08-05 21:00:59.751727,377.711764,0.07181805965095145
2018-08-05 21:00:59.751727,short,0.3480591699999987,-0.014360351551424223,274072,274072,250001,2018-08-06 07:38:35.532400,38255.780673,0.36241952155142293
2018-08-06 07:38:35.532400,long,0.05889069999999988,-0.027011425897546147,749999,749999,749999,2018-08-06 07:55:04.415783,988.883383,0.08590212589754603
2018-08-06 07:55:04.415783,short,6.1e-07,-6.426216582517095e-08,1,1,1,2018-08-06 08:05:22.026271,617.610488,6.742621658251709e-07
2018-08-06 08:05:22.026271,long,0.23029266999999307,-0.054026984809314206,1645774,1645774,746787,2018-08-06 15:28:50.615633,26608.589362,0.28431965480930727
2018-08-06 15:28:50.615633,short,0.02504438999999964,-0.0007767749450229864,111825,111825,111825,2018-08-06 15:30:44.866267,114.250634,0.025821164945022627
2018-08-06 15:30:44.866267,long,2.3161845300000037,0.07510984036404121,2225175,2225175,750647,2018-08-07 11:26:05.713292,71720.847025,2.2410746896359623
2018-08-07 11:26:05.713292,short,0.5083374400000018,0.0019094372508526762,677261,677261,250261,2018-08-07 19:43:35.706981,29849.993689,0.5064280027491491
2018-08-07 19:43:35.706981,long,0.0011991200000000001,0.003823916221614841,59956,59956,59956,2018-08-07 19:44:59.418586,83.711605,-0.002624796221614841
2018-08-07 19:44:59.418586,short,6.8e-07,6.422399750471138e-08,1,1,1,2018-08-07 19:49:08.410508,248.991922,6.157760024952886e-07
2018-08-07 19:49:08.410508,long,0.06800115999999819,0.016032145865593695,249999,249999,249999,2018-08-07 19:50:15.973895,67.563387,0.051969014134404495
2018-08-07 19:50:15.973895,short,4.9e-07,-6.405448373138254e-08,1,1,1,2018-08-07 19:53:01.039331,165.065436,5.540544837313825e-07
2018-08-07 19:53:01.039331,long,0.03499986000000001,-0.016033325866451505,249999,249999,249999,2018-08-07 19:54:54.770653,113.731322,0.051033185866451516
2018-08-07 19:54:54.770653,short,5.6e-07,-6.422838108363676e-08,1,1,1,2018-08-07 19:55:42.980769,48.210116,6.242283810836368e-07
2018-08-07 19:55:42.980769,long,-0.5297305400000107,0.01355563961354903,2249999,2249999,1499999,2018-08-07 20:22:55.287480,1632.306711,-0.5432861796135597
2018-08-07 20:22:55.287480,short,0.27525187999999173,0.0572816636965305,750314,750314,250314,2018-08-07 21:01:12.912923,2297.625443,0.21797021630346122
2018-08-07 21:01:12.912923,long,-0.4113360399999936,-0.10029696080096039,1999997,1999997,1749997,2018-08-07 21:08:38.016160,445.103237,-0.3110390791990332
2018-08-07 21:08:38.016160,short,0.11000083999999949,-0.016709680852879678,250003,250003,250003,2018-08-07 21:10:23.616193,105.600033,0.12671052085287918
2018-08-07 21:10:23.616193,long,0.5169464600000058,0.040493861903841626,1101983,1101983,499997,2018-08-07 21:38:36.332973,1692.71678,0.47645259809616414
2018-08-07 21:38:36.332973,short,1.4533870399999995,-0.0040500364852167695,2664878,2664878,1494878,2018-08-08 00:08:58.133855,9021.800882,1.4574370764852163
2018-08-08 00:08:58.133855,long,-8.180076240000016,-0.23408245852050477,7749491,7749491,2499491,2018-08-08 17:06:35.637547,61057.503692,-7.945993781479511
2018-08-08 17:06:35.637547,short,0.41568994999999925,0.019583773527375687,491388,491388,491388,2018-08-08 17:17:27.610717,651.97317,0.3961061764726236
2018-08-08 17:17:27.610717,long,2.1142590000000117,0.12008508590350436,1508612,1508612,1258612,2018-08-08 18:51:55.736044,5668.125327,1.9941739140965073
2018-08-08 18:51:55.736044,short,0.13714497000000017,0.023658355216999993,276388,276388,276388,2018-08-08 18:54:34.912257,159.176213,0.11348661478300018
2018-08-08 18:54:34.912257,long,0.08476200000000043,0.01620257345837292,223612,223612,223612,2018-08-08 18:54:52.952492,18.040235,0.06855942654162751
2018-08-08 18:54:52.952492,short,0.00844416,-0.0019071476288729213,26388,26388,26388,2018-08-08 18:55:49.660236,56.707744,0.01035130762887292
2018-08-08 18:55:49.660236,long,0.19168124000000147,-0.014325628854499997,248612,248612,248612,2018-08-08 18:59:22.826625,213.166389,0.20600686885450148
2018-08-08 18:59:22.826625,short,0.00044416,-0.00010003573024677577,1388,1388,1388,2018-08-08 18:59:31.431110,8.604485,0.0005441957302467757
2018-08-08 18:59:31.431110,long,0.30082052,-0.017868062329102364,248612,248612,248612,2018-08-08 19:01:37.034551,125.603441,0.31868858232910235
2018-08-08 19:01:37.034551,short,0.34396598000000567,0.026594128862629136,652947,652947,652947,2018-08-08 19:04:58.117593,201.083042,0.31737185113737654
2018-08-08 19:04:58.117593,long,0.02405472000000048,-0.003952698956171284,97053,97053,97053,2018-08-08 19:06:33.675635,95.558042,0.028007418956171766
2018-08-08 19:06:33.675635,short,0.5226682999999941,0.01739405131430994,752947,752947,502947,2018-08-08 20:05:45.630960,3551.955325,0.5052742486856842
2018-08-08 20:05:45.630960,long,0.00478632,-0.0006963691065107929,9768,9768,9768,2018-08-08 20:29:25.715690,1420.08473,0.005482689106510793
2018-08-08 20:29:25.715690,short,0.17777168,0.017219935153476612,240232,240232,240232,2018-08-08 20:41:17.391044,711.675354,0.16055174484652338
2018-08-08 20:41:17.391044,long,5.223615829999989,0.035388057867196954,4214746,4214746,1317937,2018-08-09 13:46:59.727903,61542.336859,5.188227772132793
2018-08-09 13:46:59.727903,short,0.5174990299999986,-0.03497763993297647,499999,499999,499999,2018-08-09 13:49:04.568557,124.840654,0.5524766699329751
2018-08-09 13:49:04.568557,long,0.167500609999999,-0.017567440148084913,250001,250001,250001,2018-08-09 13:50:52.297917,107.72936,0.18506805014808392
2018-08-09 13:50:52.297917,short,0.21249915,-0.0175504797978,249999,249999,249999,2018-08-09 13:52:34.503059,102.205142,0.2300496297978
2018-08-09 13:52:34.503059,long,6.1e-07,-7.025500917486753e-08,1,1,1,2018-08-09 13:57:07.918085,273.415026,6.802550091748675e-07
2018-08-09 13:57:07.918085,short,0.28554719999997724,0.11661523995712318,2249999,2249999,1499999,2018-08-09 15:50:52.024757,6824.106672,0.16893196004285405
2018-08-09 15:50:52.024757,long,3.7e-07,-6.971531384830061e-08,1,1,1,2018-08-09 16:15:28.688973,1476.664216,4.397153138483006e-07
2018-08-09 16:15:28.688973,short,0.19249965000000105,7.580013187110339e-05,499999,499999,499999,2018-08-09 16:27:27.920377,719.231404,0.19242384986812994
2018-08-09 16:27:27.920377,long,1.13e-06,7.004395413312845e-08,1,1,1,2018-08-09 19:07:22.675750,9594.755373,1.0599560458668714e-06
2018-08-09 19:07:22.675750,short,1.5496079499999837,-0.04942763432925017,1671794,1671794,1249999,2018-08-10 04:08:56.646810,32493.97106,1.5990355843292339
2018-08-10 04:08:56.646810,long,1.4846134099999868,-0.015122326170823503,4255923,4255923,1000001,2018-08-10 23:10:52.720598,68516.073788,1.4997357361708104
2018-08-10 23:10:52.720598,short,0.0865771499999967,0.023960420640712684,670426,670426,370426,2018-08-11 00:26:30.043167,4537.322569,0.06261672935928402
2018-08-11 00:26:30.043167,long,2.687719910000016,0.12749095115001574,2759581,2759581,1000001,2018-08-12 14:01:29.185593,135299.142426,2.5602289588500007
2018-08-12 14:01:29.185593,short,0.17259750999999998,0.025325969021249246,249999,249999,249999,2018-08-12 14:01:43.671819,14.486226,0.14727154097875073
2018-08-12 14:01:43.671819,long,-0.8733799199999982,0.09314902879677381,1250001,1250001,1000001,2018-08-12 19:47:37.210756,20753.538937,-0.966528948796772
2018-08-12 19:47:37.210756,short,0.18749925,-0.017807968767375164,249999,249999,249999,2018-08-12 19:48:16.717755,39.506999,0.20530721876737518
2018-08-12 19:48:16.717755,long,8.2e-07,-7.121664788455874e-08,1,1,1,2018-08-12 19:53:21.663608,304.945853,8.912166478845587e-07
2018-08-12 19:53:21.663608,short,0.0176225,-0.003297948882757459,46375,46375,46375,2018-08-12 19:58:49.456261,327.792653,0.02092044888275746
2018-08-12 19:58:49.456261,long,3.43e-06,-7.041686076192682e-08,1,1,1,2018-08-13 08:19:01.628741,44412.17248,3.500416860761927e-06
2018-08-13 08:19:01.628741,short,0.46149675,0.017726499084305083,249999,249999,249999,2018-08-13 13:35:35.836536,18994.207795,0.44377025091569494
2018-08-13 13:35:35.836536,long,-3.5e-06,2.138257716726899e-07,1,1,1,2018-08-13 17:47:59.866139,15144.029603,-3.7138257716726898e-06
2018-08-13 17:47:59.866139,short,0.08542972000000201,-0.007686401950458542,249999,249999,249999,2018-08-13 17:51:08.669538,188.803399,0.09311612195046055
2018-08-13 17:51:08.669538,long,-2.5148810299999966,-0.00032178660499999456,1026755,1026755,500001,2018-08-14 12:50:28.250381,68359.580843,-2.514559243394997
2018-08-14 12:50:28.250381,short,0.26249895,0.018197457210095854,249999,249999,249999,2018-08-14 12:51:04.229553,35.979172,0.24430149278990415
2018-08-14 12:51:04.229553,long,0.08999899000000877,0.018771586274586936,250001,250001,250001,2018-08-14 17:34:39.798157,17015.568604,0.07122740372542183
2018-08-14 17:34:39.798157,short,0.16972233000000003,-0.01815449589423013,249999,249999,249999,2018-08-14 17:41:07.346266,387.548109,0.18787682589423016
2018-08-14 17:41:07.346266,long,2.15e-06,7.280764677094125e-08,1,1,1,2018-08-14 19:03:49.667414,4962.321148,2.0771923532290588e-06
2018-08-14 19:03:49.667414,short,0.07420373999999985,0.014874599525194928,85170,85170,85170,2018-08-14 19:04:47.434720,57.767306,0.05932914047480492
2018-08-14 19:04:47.434720,long,3.57e-06,7.449569389682573e-08,1,1,1,2018-08-15 02:01:28.594080,25001.15936,3.4955043061031745e-06
2018-08-15 02:01:28.594080,short,0.057824799999999996,0.0052494673737821015,72281,72281,72281,2018-08-15 02:02:43.278001,74.683921,0.05257533262621789
2018-08-15 02:02:43.278001,long,1.23e-06,7.27222296431839e-08,1,1,1,2018-08-15 02:22:09.518340,1166.240339,1.1572777703568162e-06
2018-08-15 02:22:09.518340,short,0.379999050000002,2.7142105719990886e-05,499999,499999,499999,2018-08-15 03:14:26.873102,3137.354762,0.37997190789428203
2018-08-15 03:14:26.873102,long,5.8e-07,-7.218851781886342e-08,1,1,1,2018-08-15 03:26:15.559049,708.685947,6.521885178188634e-07
2018-08-15 03:26:15.559049,short,-0.74140141,0.07140250931134995,499999,499999,499999,2018-08-15 04:13:51.675855,2856.116806,-0.81280391931135
2018-08-15 04:13:51.675855,long,6.2e-07,2.1301244347473226e-07,1,1,1,2018-08-15 04:14:37.589718,45.913863,4.0698755652526773e-07
2018-08-15 04:14:37.589718,short,0.50476158,0.0359346265671598,499999,499999,499999,2018-08-15 05:18:44.871011,3847.281293,0.46882695343284025
2018-08-15 05:18:44.871011,long,1.88e-06,7.184691371537069e-08,1,1,1,2018-08-15 09:22:53.100659,14648.229648,1.8081530862846293e-06
2018-08-15 09:22:53.100659,short,0.31299933999999807,-0.020555400423199022,402041,402041,250001,2018-08-15 10:44:49.774927,4916.674268,0.3335547404231971
2018-08-15 10:44:49.774927,long,0.02420748,-0.003924318670798648,55017,55017,55017,2018-08-15 10:48:51.561411,241.786484,0.02813179867079865
2018-08-15 10:48:51.561411,short,-0.1929992099999949,0.18122925931200673,2250001,2250001,750001,2018-08-15 19:53:51.342893,32699.781482,-0.3742284693120016
2018-08-15 19:53:51.342893,long,0.04750061000000341,-3.872055710003441e-05,499999,499999,499999,2018-08-15 19:57:09.616819,198.273926,0.047539330557103444
2018-08-15 19:57:09.616819,short,6.2e-07,7.028040842118448e-08,1,1,1,2018-08-15 19:58:43.415283,93.798464,5.497195915788155e-07
2018-08-15 19:58:43.415283,long,0.48506794,-0.0707973893141465,999999,999999,749999,2018-08-15 20:09:44.843373,661.42809,0.5558653293141465
2018-08-15 20:09:44.843373,short,8e-07,-7.085247651004885e-08,1,1,1,2018-08-15 20:24:46.826976,901.983603,8.708524765100488e-07
2018-08-15 20:24:46.826976,long,0.23999904,-0.0177039691835362,249999,249999,249999,2018-08-15 21:29:57.159665,3910.332689,0.25770300918353617
2018-08-15 21:29:57.159665,short,0.05250261999999791,-0.016962979152367358,250001,250001,250001,2018-08-15 22:56:56.187002,5219.027337,0.06946559915236528
2018-08-15 22:56:56.187002,long,-0.8520075900000024,0.066125865893054,505154,505154,505154,2018-08-16 00:27:46.784037,5450.597035,-0.9181334558930564
2018-08-16 00:27:46.784037,short,0.9490051899999981,0.0397414169356839,1245214,1245214,750001,2018-08-16 12:28:09.584357,43222.80032,0.9092637730643142
2018-08-16 12:28:09.584357,long,0.14203950999999987,0.013843503660068852,254786,254786,254786,2018-08-16 12:33:12.315575,302.731218,0.12819600633993103
2018-08-16 12:33:12.315575,short,0.15040818999999997,0.01849716509333333,250001,250001,250001,2018-08-16 12:55:50.680496,1358.364921,0.13191102490666665
2018-08-16 12:55:50.680496,long,0.1798391900000016,-0.01158420200228,249999,249999,249999,2018-08-16 12:56:15.591814,24.911318,0.1914233920022816
2018-08-16 12:56:15.591814,short,0.19523960000000273,0.0010889598335209975,485138,485138,250001,2018-08-16 14:59:30.815600,7395.223786,0.19415064016648173
2018-08-16 14:59:30.815600,long,9.4e-07,7.048679393802258e-08,1,1,1,2018-08-16 15:06:22.951100,412.1355,8.695132060619774e-07
2018-08-16 15:06:22.951100,short,0.014174279999997444,-0.029139100920543056,749999,749999,499999,2018-08-16 17:42:57.333324,9394.382224,0.043313380920540503
2018-08-16 17:42:57.333324,long,0.10828388999999883,0.004460609756788109,250001,250001,250001,2018-08-16 17:53:18.243154,620.90983,0.10382328024321072
2018-08-16 17:53:18.243154,short,0.5407828199999982,0.008994878431999996,377179,377179,377179,2018-08-16 20:17:33.257032,8655.013878,0.5317879415679982
2018-08-16 20:17:33.257032,long,3.8e-07,7.120809468271063e-08,1,1,1,2018-08-16 20:18:02.360013,29.102981,3.087919053172894e-07
2018-08-16 20:18:02.360013,short,0.4101729699999999,0.018014638049699393,249999,249999,249999,2018-08-16 20:51:32.098386,2009.738373,0.39215833195030053
2018-08-16 20:51:32.098386,long,2.9e-07,7.168255619113653e-08,1,1,1,2018-08-16 20:51:46.242044,14.143658,2.1831744380886345e-07
2018-08-16 20:51:46.242044,short,0.02999988,-0.017878328486150265,249999,249999,249999,2018-08-16 20:54:16.946107,150.704063,0.047878208486150264
2018-08-16 20:54:16.946107,long,0.14165785999999975,0.041703276236290554,321391,321391,321391,2018-08-16 21:03:22.993472,546.047365,0.09995458376370919
2018-08-16 21:03:22.993472,short,-2.107384799999996,0.1139656210859628,4471159,4471159,750001,2018-08-18 01:22:07.733771,101924.740299,-2.221350421085959
2018-08-18 01:22:07.733771,long,0.040105489999999994,0.017190151233067948,249999,249999,249999,2018-08-18 01:24:01.628620,113.894849,0.022915338766932046
2018-08-18 01:24:01.628620,short,1.58e-06,6.971860150661951e-08,1,1,1,2018-08-18 03:01:33.283298,5851.654678,1.5102813984933804e-06
2018-08-18 03:01:33.283298,long,-0.01329395,0.05203066187071865,249999,249999,249999,2018-08-18 03:01:56.638877,23.355579,-0.06532461187071865
2018-08-18 03:01:56.638877,short,-3.2e-07,6.946213996046923e-08,1,1,1,2018-08-18 03:25:49.246406,1432.607529,-3.894621399604692e-07
2018-08-18 03:25:49.246406,long,0.17389846000000003,-0.03460084083131412,499999,499999,499999,2018-08-18 03:54:44.229126,1734.98272,0.20849930083131415
2018-08-18 03:54:44.229126,short,0.2710690699999991,0.05776618655405272,418345,418345,418345,2018-08-18 13:13:12.647012,33508.417886,0.21330288344594636
2018-08-18 13:13:12.647012,long,0.06254684999999997,0.04924448395645439,231655,231655,231655,2018-08-18 13:14:05.744642,53.09763,0.013302366043545587
2018-08-18 13:14:05.744642,short,0.6846989399999943,0.19610275971363653,1730782,1730782,1018345,2018-08-18 13:48:52.495542,2086.7509,0.48859618028635776
2018-08-18 13:48:52.495542,long,0.01595285,0.004091020097084438,19218,19218,19218,2018-08-19 20:45:43.586329,111411.090787,0.011861829902915563
2018-08-19 20:45:43.586329,short,-0.2276713600000057,0.08640359969503882,749999,749999,499999,2018-08-19 21:05:51.133083,1207.546754,-0.3140749596950445
2018-08-19 21:05:51.133083,long,0.23232101000000463,-0.0348017874571742,1000001,1000001,500001,2018-08-22 02:04:15.747397,190704.614314,0.2671227974571788
2018-08-22 02:04:15.747397,short,0.1999992,-0.01649242403004027,249999,249999,249999,2018-08-22 02:05:26.325683,70.578286,0.21649162403004027
2018-08-22 02:05:26.325683,long,-0.21848688000000438,-0.02347450948731965,750001,750001,500001,2018-08-22 02:37:29.277764,1922.952081,-0.19501237051268472
2018-08-22 02:37:29.277764,short,0.09594920000000459,-0.013354388783591768,302106,302106,250001,2018-08-22 16:00:24.717527,48175.439763,0.10930358878359636
2018-08-22 16:00:24.717527,long,0.5449987899999996,-0.03506028987961389,499999,499999,499999,2018-08-22 16:03:04.019211,159.301684,0.5800590798796135
2018-08-22 16:03:04.019211,short,0.11600383000000034,0.0524546424342453,450001,450001,250001,2018-08-22 20:07:22.109114,14658.089903,0.06354918756575503
2018-08-22 20:07:22.109114,long,0.2559633499999987,0.07149940570784584,499999,499999,499999,2018-08-22 20:09:15.026877,112.917763,0.18446394429215285
2018-08-22 20:09:15.026877,short,-0.7668722100000076,0.2977123757174351,4050957,4050957,994044,2018-08-26 00:04:27.663871,273312.636994,-1.0645845857174427
2018-08-26 00:04:27.663871,long,0.01804362,0.0086526147364525,128883,128883,128883,2018-08-26 00:04:39.985849,12.321978,0.009391005263547499
2018-08-26 00:04:39.985849,short,0.18750046999999884,-0.03340844264527316,500001,500001,500001,2018-08-26 02:16:14.420745,7894.434896,0.220908912645272
2018-08-26 02:16:14.420745,long,0.05010589999999851,-0.0062998473006993395,249999,249999,249999,2018-08-26 02:17:44.609906,90.189161,0.05640574730069785
2018-08-26 02:17:44.609906,short,1.33e-06,-6.737448e-08,1,1,1,2018-08-26 02:32:51.211920,906.602014,1.39737448e-06
2018-08-26 02:32:51.211920,long,0.12423652,0.016852962510552273,249999,249999,249999,2018-08-26 02:33:11.072676,19.860756,0.10738355748944772
2018-08-26 02:33:11.072676,short,4.2e-07,6.74314533120176e-08,1,1,1,2018-08-26 02:35:33.874833,142.802157,3.525685466879824e-07
2018-08-26 02:35:33.874833,long,0.05499978,-0.016916542333525582,249999,249999,249999,2018-08-26 02:36:49.294797,75.419964,0.07191632233352557
2018-08-26 02:36:49.294797,short,0.09067696000000179,-0.03576674187004545,529545,529545,250001,2018-08-26 03:04:53.540970,1684.246173,0.12644370187004725
2018-08-26 03:04:53.540970,long,0.07452032000000354,0.001867271980244208,749999,749999,499999,2018-08-26 03:27:46.017011,1372.476041,0.07265304801975933
2018-08-26 03:27:46.017011,short,2.3e-07,-6.788866510380477e-08,1,1,1,2018-08-26 03:44:06.763587,980.746576,2.9788866510380474e-07
2018-08-26 03:44:06.763587,long,-0.10178612000000098,0.03431227804844995,999999,999999,749999,2018-08-26 06:12:39.602501,8912.838914,-0.13609839804845092
2018-08-26 06:12:39.602501,short,-2.514753769999966,-0.03338297795383447,3880488,3880488,1399099,2018-08-28 16:20:11.795493,209252.192992,-2.4813707920461314
2018-08-28 16:20:11.795493,long,0.23954563999999554,0.03214085578029807,499999,499999,499999,2018-08-28 18:28:37.863686,7706.068193,0.20740478421969746
2018-08-28 18:28:37.863686,short,0.30424494000002994,-0.024973953404927137,1067057,1067057,750001,2018-08-28 23:52:50.998960,19453.135274,0.3292188934049571
2018-08-28 23:52:50.998960,long,1.2155871699999754,0.08863171862062261,4571094,4571094,1750001,2018-09-02 00:51:48.555936,349137.556976,1.1269554513793527
2018-09-02 00:51:48.555936,short,0.6079545399999939,-0.020344991805622572,765180,765180,250001,2018-09-02 16:09:55.028109,55086.472173,0.6282995318056165
2018-09-02 16:09:55.028109,long,0.39887423000000044,0.003037411890015995,249999,249999,249999,2018-09-02 21:18:04.632725,18489.604616,0.39583681810998445
2018-09-02 21:18:04.632725,short,5.924781479999958,-0.2324007493183452,5056049,5056049,1306049,2018-09-05 11:45:40.526751,224855.894026,6.157182229318304
2018-09-05 11:45:40.526751,long,0.42499921999999674,8.256788081007545e-05,499999,499999,499999,2018-09-05 12:02:12.923772,992.397021,0.42491665211918667
2018-09-05 12:02:12.923772,short,0.0650002199999994,-0.017818791589956983,250001,250001,250001,2018-09-05 12:51:09.172967,2936.249195,0.08281901158995639
2018-09-05 12:51:09.172967,long,0.07749978000000587,-0.03582666841006997,499999,499999,499999,2018-09-05 12:58:19.633944,430.460977,0.11332644841007584
2018-09-05 12:58:19.633944,short,0.1100007600000001,-0.035654841724822854,500001,500001,500001,2018-09-05 15:48:18.668356,10199.034412,0.14565560172482295
2018-09-05 15:48:18.668356,long,-17.682518219999984,0.027145963340010806,8336723,8336723,2299999,2018-09-06 00:58:29.245320,33010.576964,-17.709664183339996
2018-09-06 00:58:29.245320,short,0.4575027200000001,0.038563614867266074,489978,489978,489978,2018-09-06 01:06:32.935673,483.690353,0.418939105132734
2018-09-06 01:06:32.935673,long,0.00430946,0.0007871044865553656,10022,10022,10022,2018-09-06 01:10:52.948998,260.013325,0.0035223555134446345
2018-09-06 01:10:52.948998,short,2.890866190000001,-0.15864735698741583,2626322,2626322,1329517,2018-09-06 05:42:09.060376,16276.111378,3.049513546987417
2018-09-06 05:42:09.060376,long,0.47999808,-0.01965108068656762,249999,249999,249999,2018-09-06 07:47:25.674898,7516.614522,0.4996491606865676
2018-09-06 07:47:25.674898,short,0.9658716200000067,0.020030770404999995,750001,750001,750001,2018-09-06 09:36:24.541040,6538.866142,0.9458408495950067
2018-09-06 09:36:24.541040,long,0.31988633999999994,0.05949345195762237,249999,249999,249999,2018-09-06 09:37:10.827865,46.286825,0.2603928880423776
2018-09-06 09:37:10.827865,short,-1.1336051800000186,-0.004163760455091089,2577939,2577939,1500001,2018-09-06 17:40:28.447590,28997.619725,-1.1294414195449276
2018-09-06 17:40:28.447590,long,0.5268124200000059,-0.0930169521025423,1303026,1303026,999999,2018-09-06 20:24:34.990459,9846.542869,0.6198293721025483
2018-09-06 20:24:34.990459,short,1.1561770599999939,-0.057934019799948784,750001,750001,750001,2018-09-08 17:49:07.201145,163472.210686,1.2141110797999426
2018-09-08 17:49:07.201145,long,0.44749821,-0.020354248582529183,249999,249999,249999,2018-09-09 05:48:12.650544,43145.449399,0.4678524585825292
2018-09-09 05:48:12.650544,short,-6.49e-06,6.951500918512215e-08,1,1,1,2018-09-09 09:32:01.238134,13428.58759,-6.559515009185122e-06
2018-09-09 09:32:56.768376,short,0.6382989999999998,0.07756124000000002,500000,500000,500000,2018-09-09 09:34:27.566308,90.797932,0.5607377599999999
2018-09-09 09:34:43.054678,long,0.17575902000001242,-0.04425648081008223,1285018,1285018,750001,2018-09-09 14:00:35.957213,15952.902535,0.22001550081009466
2018-09-09 14:00:35.957213,short,0.035003239999998534,-0.019547229189917775,250001,250001,250001,2018-09-09 22:48:44.429714,31688.472501,0.05455046918991631
2018-09-09 22:48:44.429714,long,2.6924970499999983,-0.039347780737511884,999999,999999,999999,2018-09-10 01:44:19.499144,10535.06943,2.73184483073751
2018-09-10 01:44:19.499144,short,3.08e-06,-7.929468621624956e-08,1,1,1,2018-09-10 17:13:11.637664,55732.13852,3.1592946862162496e-06
2018-09-10 17:13:11.637664,long,0.10052908,-0.01385214008030601,173326,173326,173326,2018-09-10 17:18:40.820549,329.182885,0.11438122008030602
2018-09-10 17:18:40.820549,short,5.8e-07,-7.991735473834997e-08,1,1,1,2018-09-10 18:09:37.187551,3056.367002,6.599173547383499e-07
2018-09-10 18:09:37.187551,long,0.21499914000000003,-0.01996216015267874,249999,249999,249999,2018-09-10 19:15:24.989611,3947.80206,0.23496130015267877
2018-09-10 19:15:24.989611,short,-0.05882938000000193,0.006916682552575347,500001,500001,500001,2018-09-13 06:55:29.699306,214804.709695,-0.06574606255257728
2018-09-13 06:55:29.699306,long,5.8e-07,7.85649757533057e-08,1,1,1,2018-09-13 08:52:08.996445,6999.297139,5.014350242466943e-07
2018-09-13 08:52:08.996445,short,-1.1670869599999973,-0.046885285105867806,2249999,2249999,999999,2018-09-14 08:06:09.558571,83640.562126,-1.1202016748941295
2018-09-14 08:06:09.558571,long,0.20258082000000005,0.024146542558334268,312819,312819,312819,2018-09-14 08:08:16.770936,127.212365,0.1784342774416658
2018-09-14 08:08:16.770936,short,1.4144463599999875,0.0898124016125199,2267421,2267421,767421,2018-09-21 15:18:11.243797,630594.472861,1.3246339583874676
2018-09-24 00:03:50.717981,long,-0.04885721000000044,0.044898525565000014,200000,200000,200000,2018-09-24 05:30:07.676989,19576.959008,-0.09375573556500046
2018-09-24 05:30:07.676989,short,-0.003921729999999999,0.001178259435,15714,15714,15714,2018-09-25 07:41:23.085795,94275.408806,-0.005099989434999999
2018-09-25 07:41:23.085795,long,2.64e-06,7.657501855058124e-08,1,1,1,2018-10-10 09:17:26.456324,1301763.370529,2.563424981449419e-06
2018-10-10 09:17:26.456324,short,0.11999976,-0.038454543095965736,499999,499999,499999,2018-10-10 10:28:32.799738,4266.343414,0.15845430309596573
2018-10-10 10:28:32.799738,long,2.2e-07,-7.690776602212425e-08,1,1,1,2018-10-10 12:15:59.608189,6446.808451,2.9690776602212426e-07
2018-10-10 12:15:59.608189,short,0.2199997600000083,-0.07687907308396413,999999,999999,999999,2018-10-10 16:03:12.850809,13633.24262,0.29687883308397245
2018-10-10 16:03:12.850809,long,6.7e-07,7.151267726686721e-08,1,1,1,2018-10-10 18:35:40.273364,9147.422555,5.984873227331329e-07
2018-10-10 18:35:40.273364,short,1.3236304399999974,0.24884069971011927,4000001,4000001,1000001,2018-10-11 13:46:25.357931,69045.084567,1.074789740289878
2018-10-11 13:46:25.357931,long,0.18999962,-0.04024224951513246,499999,499999,499999,2018-10-11 14:06:26.134815,1200.776884,0.23024186951513248
2018-10-11 14:06:26.134815,short,1.9e-07,-8.043736481451128e-08,1,1,1,2018-10-11 15:04:42.361986,3496.227171,2.704373648145113e-07
2018-10-11 15:04:42.361986,long,-0.13215423999999798,0.0334987902423778,1087203,1087203,1087203,2018-10-11 22:36:46.783019,27124.421033,-0.16565303024237577
2018-10-11 22:36:46.783019,short,0.42074666000000155,0.1789013973627748,1239078,1239078,750001,2018-10-11 23:47:37.867408,4251.084389,0.24184526263722675
2018-10-11 23:47:37.867408,long,0.0076454,0.0008876244106651027,10922,10922,10922,2018-10-11 23:48:32.158182,54.290774,0.0067577755893348974
2018-10-11 23:48:32.158182,short,0.18648084000000004,0.01944418546168425,239078,239078,239078,2018-10-11 23:53:12.768527,280.610345,0.1670366545383158
2018-10-11 23:53:12.768527,long,-0.0036042599999999998,0.0026571016648757467,10922,10922,10922,2018-10-11 23:55:42.025948,149.257421,-0.0062613616648757465
2018-10-11 23:55:42.025948,short,0.1534792499999991,0.07167407077502123,599078,599078,499078,2018-10-12 09:55:06.490090,35964.464142,0.08180517922497786
2018-10-12 09:55:06.490090,long,0.1999996,-0.04027489945003815,499999,499999,499999,2018-10-12 12:55:44.045220,10837.55513,0.24027449945003815
2018-10-12 12:55:44.045220,short,-7.5e-07,7.988750511990208e-08,1,1,1,2018-10-15 05:18:24.451101,231760.405881,-8.298875051199021e-07
2018-10-15 05:18:24.451101,long,3.9355056899999976,0.11714906564006164,499999,499999,499999,2018-10-15 06:36:23.963567,4679.512466,3.818356624359936
2018-10-15 06:36:23.963567,short,0.20220660000000068,0.01897584580995009,250001,250001,250001,2018-10-15 07:23:00.001318,2796.037751,0.18323075419005058
2018-10-15 07:23:00.001318,long,0.907358040000007,0.09416287343750003,1749999,1749999,730552,2018-10-15 12:11:40.961321,17320.960003,0.8131951665625069
2018-10-15 12:11:40.961321,short,0.24719903000000287,0.07818804609780539,500001,500001,250001,2018-10-15 22:59:19.056988,38858.095667,0.1690109839021975
2018-10-15 22:59:19.056988,long,0.05499977999999998,0.019409712359832857,249999,249999,249999,2018-10-16 00:00:29.471666,3670.414678,0.03559006764016712
2018-10-16 00:00:29.471666,short,-0.23250084000000162,-0.005114422094628986,250001,250001,250001,2018-10-16 06:18:02.336062,22652.864396,-0.22738641790537265
2018-10-16 06:18:02.336062,long,-0.22460436999999997,0.018554162049701225,249999,249999,249999,2018-10-16 08:05:36.688341,6454.352279,-0.2431585320497012
2018-10-16 08:05:36.688341,short,2.2e-07,2.3333868344916144e-07,1,1,1,2018-10-16 08:09:52.014464,255.326123,-1.3338683449161428e-08
2018-10-16 08:09:52.014464,long,0.20999916000000002,0.05821401712635627,249999,249999,249999,2018-10-16 13:24:49.487943,18897.473479,0.15178514287364375
2018-10-16 13:24:49.487943,short,2.49e-06,2.341121538114834e-07,1,1,1,2018-10-18 22:09:04.971135,204255.483192,2.2558878461885165e-06
2018-10-18 22:09:04.971135,long,0.24950132999999888,0.00012805113978060724,499999,499999,499999,2018-10-18 23:21:37.434072,4352.462937,0.2493732788602183
2018-10-18 23:21:37.434072,short,0.16249926999999847,0.020000605870315415,250001,250001,250001,2018-11-09 08:15:10.473819,1846413.039747,0.14249866412968307
2018-11-09 08:15:10.473819,long,-2.3e-05,7.03025e-08,1,1,1,2018-11-15 01:30:49.245356,494138.771537,-2.30703025e-05
2018-11-15 01:30:49.245356,short,0.20999957999999996,-0.04474978050000392,499999,499999,499999,2018-11-15 02:06:36.765383,2147.520027,0.2547493605000039
2018-11-15 02:06:36.765383,long,-3.51e-06,-9.048163189658737e-08,1,1,1,2018-11-17 18:11:49.299890,230712.534507,-3.4195183681034123e-06
2018-11-17 18:11:49.299890,short,-0.08695541000000008,0.018206348984292214,199999,199999,199999,2018-11-17 18:35:09.487951,1400.188061,-0.1051617589842923
2018-11-17 18:35:09.487951,long,0.0,2.7339706101970414e-07,1,1,1,2018-11-17 18:38:03.687601,174.19965,-2.7339706101970414e-07
2018-11-17 18:38:03.687601,short,-0.27290723000001194,0.05409854693772933,199999,199999,199999,2018-11-18 00:47:14.117358,22150.429757,-0.32700577693774124
2018-11-18 00:47:14.117358,long,-0.00099872,0.0016959613600532623,6248,6248,6248,2018-11-18 23:10:05.753281,80571.635923,-0.0026946813600532624
2018-11-18 23:10:05.753281,short,0.01255155,0.0006944449999999999,7607,7607,7607,2018-11-19 04:26:53.765833,19008.012552,0.011857105
2018-11-19 04:27:03.730479,long,-2e-08,2.6e-07,1,1,1,2018-11-19 04:27:13.080234,9.349755,-2.8e-07
2018-11-19 05:18:23.124957,short,0.1916215400000034,-0.01831435225999999,200001,200001,200001,2018-11-19 14:36:33.530908,33490.405951,0.2099358922600034
2018-11-19 14:36:33.530908,long,0.3080584000000017,0.019771931112477166,199999,199999,199999,2018-11-19 14:55:38.820415,1145.289507,0.2882864688875245
2018-11-19 14:55:38.820415,short,4.29e-06,-9.877590058921362e-08,1,1,1,2018-11-19 16:33:35.973841,5877.153426,4.3887759005892135e-06
2018-11-19 16:33:35.973841,long,0.29812549999999993,-0.01148848053060609,199999,199999,199999,2018-11-19 16:39:43.247909,367.274068,0.309613980530606
2018-11-19 16:39:43.247909,short,0.0,-9.910025796494786e-08,1,1,1,2018-11-19 17:02:18.847489,1355.59958,9.910025796494786e-08
2018-11-19 17:02:18.847489,long,0.19199904,-0.01977372113073785,199999,199999,199999,2018-11-19 17:07:38.608963,319.761474,0.21177276113073787
2018-11-19 17:07:38.608963,short,1.71e-06,9.991252532411684e-08,1,1,1,2018-11-19 17:20:27.886884,769.277921,1.610087474675883e-06
2018-11-19 17:20:27.886884,long,0.27703453999999217,0.05947837262181507,199999,199999,199999,2018-11-19 18:15:07.802673,3279.915789,0.2175561673781771
2018-11-19 18:15:07.802673,short,2.87e-06,2.9848068493150686e-07,1,1,1,2018-11-19 18:32:27.311717,1039.509044,2.5715193150684934e-06
2018-11-19 18:32:27.311717,long,0.3438968699999943,0.0806542588827521,399999,399999,399999,2018-11-19 20:01:04.196745,5316.885028,0.26324261111724223
2018-11-19 20:01:04.196745,short,1.65e-06,3.028120798496436e-07,1,1,1,2018-11-19 20:45:29.073462,2664.876717,1.3471879201503566e-06
2018-11-19 20:45:29.073462,long,-0.5670959200000111,0.3590837559201892,2082254,2082254,800001,2018-11-19 22:37:44.797436,6735.723974,-0.9261796759202003
2018-11-19 22:37:44.797436,short,0.3479962399999862,0.0413355643285133,399999,399999,399999,2018-11-19 22:42:54.598178,309.800742,0.30666067567147287
2018-11-19 22:42:54.598178,long,9.2e-07,-1.0431850633735958e-07,1,1,1,2018-11-19 22:56:29.252267,814.654089,1.0243185063373595e-06
2018-11-19 22:56:29.252267,short,-0.20544508,0.013706613444971705,133161,133161,133161,2018-11-20 11:05:39.990669,43750.738402,-0.2191516934449717
2018-11-20 11:05:39.990669,long,1.6734680200000216,0.08847478416999997,1187640,1187640,600001,2018-11-20 14:36:23.400575,12643.409906,1.5849932358300216
2018-11-20 14:36:23.400575,short,-0.6196580899999986,0.18664672870175167,2699999,2699999,999999,2018-11-20 17:24:18.956788,10075.556213,-0.8063048187017503
2018-11-20 17:24:18.956788,long,-0.699179750000169,0.17522451117822005,1932087,1932087,799999,2018-11-20 18:07:24.765835,2585.809047,-0.874404261178389
2018-11-20 18:07:24.765835,short,0.14747969999999858,-0.013251970045492592,172852,172852,172852,2018-11-20 18:10:53.407630,208.641795,0.16073167004549116
2018-11-20 18:10:53.407630,long,0.01283424,0.0029431765497643595,26738,26738,26738,2018-11-20 18:12:07.653186,74.245556,0.00989106345023564
2018-11-20 18:12:07.653186,short,0.37281796999999783,0.04988868543533074,323262,323262,200001,2018-11-20 18:33:21.963937,1274.310751,0.3229292845646671
2018-11-20 18:33:21.963937,long,0.13440282000000534,0.045797238197857505,179654,179654,179654,2018-11-20 18:34:08.628915,46.664978,0.08860558180214784
2018-11-20 18:34:08.628915,short,0.9129734599999951,0.07248962372506171,632510,632510,232510,2018-11-20 21:04:47.403261,9038.774346,0.8404838362749334
2018-11-20 21:04:47.403261,long,1.09e-05,1.1045000660048579e-07,1,1,1,2018-11-20 21:14:23.233228,575.829967,1.0789549993399515e-05
2018-11-20 21:14:23.233228,short,0.36599817,0.022543387282499994,199999,199999,199999,2018-11-20 21:16:10.882926,107.649698,0.3434547827175
2018-11-20 21:16:10.882926,long,-7.8e-07,-1.1428500000000001e-07,1,1,1,2018-11-20 21:19:43.432698,212.549772,-6.65715e-07
2018-11-20 21:19:43.432698,short,-0.32937299,0.022648666787548934,199999,199999,199999,2018-11-20 21:21:18.508260,95.075562,-0.35202165678754893
2018-11-20 21:21:18.508260,long,8.7e-07,3.4024836943265094e-07,1,1,1,2018-11-20 21:21:39.883168,21.374908,5.297516305673491e-07
2018-11-20 21:21:39.883168,short,0.810315830000003,0.0003903678415816316,199999,199999,199999,2018-11-20 21:27:07.959199,328.076031,0.8099254621584213
2018-11-20 21:27:07.959199,long,0.43752645999999745,0.030761505737512712,200001,200001,200001,2018-11-21 04:10:05.201581,24177.242382,0.4067649542624847
2018-11-21 04:10:05.201581,short,-1.4155149900000064,0.0723495568072244,1343601,1343601,800001,2018-11-21 17:15:39.794581,47134.593,-1.4878645468072307
2018-11-21 17:15:39.794581,long,0.14277142000000229,0.06796362017704433,199999,199999,199999,2018-11-21 17:16:04.927911,25.13333,0.07480779982295796
2018-11-21 17:16:04.927911,short,2.51e-06,3.4116470610181504e-07,1,1,1,2018-11-21 17:22:10.311416,365.383505,2.168835293898185e-06
2018-11-21 17:22:10.311416,long,0.1787028100000027,0.020879595423411862,199999,199999,199999,2018-11-21 17:25:20.948076,190.63666,0.15782321457659085
2018-11-21 17:25:20.948076,short,0.9128156599999644,0.10095640279286035,855799,855799,431987,2018-11-21 21:40:36.961988,15316.013912,0.8118592572071041
2018-11-21 21:40:36.961988,long,0.5576382500000028,0.06745658262726201,199999,199999,199999,2018-11-21 21:41:49.281183,72.319195,0.49018166737274077
2018-11-21 21:41:49.281183,short,9.8e-07,3.359324782377797e-07,1,1,1,2018-11-21 21:42:33.654855,44.373672,6.440675217622203e-07
2018-11-21 21:42:33.654855,long,0.14786320999999153,0.12719164122606638,999999,999999,600001,2018-11-22 19:17:17.793405,77684.13855,0.020671568773925147
2018-11-22 19:17:17.793405,short,1.1488017699999828,0.16760279495393357,909999,909999,399999,2018-11-22 23:25:56.967541,14919.174136,0.9811989750460492
2018-11-22 23:25:56.967541,long,-0.009999949999999999,0.023261473692487298,199999,199999,199999,2018-11-22 23:26:38.886679,41.919138,-0.033261423692487295
2018-11-22 23:26:38.886679,short,1.97e-06,1.1779317793127045e-07,1,1,1,2018-11-22 23:27:55.686705,76.800026,1.8522068220687297e-06
2018-11-22 23:27:55.686705,long,0.2839467400000025,0.02353676234433476,199999,199999,199999,2018-11-22 23:28:29.317812,33.631107,0.2604099776556677
2018-11-22 23:28:29.317812,short,1.0005172799999966,0.11274038285167964,1090498,1090498,395618,2018-11-23 01:20:50.189242,6740.87143,0.887776897148317
2018-11-23 01:20:50.189242,long,0.26380264,0.004605677345820341,199999,199999,199999,2018-11-23 02:18:32.689466,3462.500224,0.25919696265417963
2018-11-23 02:18:32.689466,short,0.08969041999999895,0.06838321262501056,199999,199999,199999,2018-11-23 02:20:38.914110,126.224644,0.021307207374988396
2018-11-23 02:20:38.914110,long,2.6227106899999986,0.40150205660875005,1736680,1736680,600001,2018-11-23 05:46:12.486890,12333.57278,2.2212086333912486
2018-11-23 05:46:12.486890,short,-0.0074984,0.004348031290688201,26780,26780,26780,2018-11-23 05:46:24.333782,11.846892,-0.0118464312906882
2018-11-23 05:46:24.333782,long,0.997282099999994,0.05626871310420098,400001,400001,400001,2018-11-24 00:47:02.125431,68437.791649,0.941013386895793
2018-11-24 00:47:02.125431,short,0.12768668999999414,0.04028932530130943,399999,399999,399999,2018-11-24 00:50:44.691299,222.565868,0.0873973646986847
2018-11-24 00:50:44.691299,long,-7.7e-07,1.1544244229745115e-07,1,1,1,2018-11-24 01:03:24.920347,760.229048,-8.854424422974512e-07
2018-11-24 01:03:24.920347,short,0.47694465000000064,0.07195253712009793,249999,249999,249999,2018-11-24 03:24:00.834708,8435.914361,0.4049921128799027
2018-11-24 03:24:20.904703,short,1.5455743799999964,0.03562239170350088,296473,296473,250001,2018-11-24 16:37:36.205751,47595.301048,1.5099519882964956
2018-11-24 16:37:36.205751,long,2e-07,1.1891534581468654e-07,1,1,1,2018-11-24 16:41:01.790267,205.584516,8.108465418531345e-08
2018-11-24 16:41:01.790267,short,0.18482774999999985,0.009851480852417677,249999,249999,249999,2018-11-24 16:55:14.450220,852.659953,0.17497626914758216
2018-11-24 16:55:14.450220,long,-1.45e-06,3.581457101832755e-07,1,1,1,2018-11-24 19:39:37.291368,9862.841148,-1.8081457101832756e-06
2018-11-24 19:39:37.291368,short,0.34629143,0.0900678997684647,249999,249999,249999,2018-11-24 19:40:34.507704,57.216336,0.2562235302315353
2018-11-24 19:40:34.507704,long,-1.46e-06,3.623242981953755e-07,1,1,1,2018-11-24 19:41:13.720170,39.212466,-1.8223242981953755e-06
2018-11-24 19:41:13.720170,short,-0.13249947,0.09075516697779967,249999,249999,249999,2018-11-24 19:41:33.809137,20.088967,-0.22325463697779968
2018-11-24 19:41:33.809137,long,0.21187875000000198,0.04903047178973558,250001,250001,250001,2018-11-24 19:44:11.907326,158.098189,0.1628482782102664
2018-11-24 19:44:11.907326,short,2.2337476199999977,0.01811604939272731,1256032,1256032,500001,2018-11-24 21:21:10.617521,5818.710195,2.2156315706072705
2018-11-24 21:21:10.617521,long,-0.24552673000000702,0.09471379370231427,499999,499999,499999,2018-11-24 21:22:40.851846,90.234325,-0.3402405237023213
2018-11-24 21:22:40.851846,short,3.87e-06,1.300473533882868e-07,1,1,1,2018-11-24 21:25:09.437842,148.585996,3.7399526466117134e-06
2018-11-24 21:25:09.437842,long,0.43829072000000224,-0.02230746957466767,249999,249999,249999,2018-11-24 21:26:27.858665,78.420823,0.4605981895746699
2018-11-24 21:26:27.858665,short,1.39e-06,1.2913248e-07,1,1,1,2018-11-24 21:28:48.482192,140.623527,1.26086752e-06
2018-11-24 21:28:48.482192,long,0.4148497800000086,0.12319816121205492,499999,499999,499999,2018-11-24 21:30:47.614280,119.132088,0.2916516187879537
2018-11-24 21:30:47.614280,short,6.25e-06,1.3347456452297336e-07,1,1,1,2018-11-24 21:34:28.632096,221.017816,6.116525435477027e-06
2018-11-24 21:34:28.632096,long,0.2816189599999972,-0.01602671228913029,249999,249999,249999,2018-11-24 21:35:55.522508,86.890412,0.29764567228912747
2018-11-24 21:35:55.522508,short,2.18e-06,1.327849513071548e-07,1,1,1,2018-11-24 21:36:42.071330,46.548822,2.047215048692845e-06
2018-11-24 21:36:42.071330,long,2.310559119999968,0.11946783840991779,1249999,1249999,500001,2018-11-24 21:59:35.894328,1373.822998,2.1910912815900505
2018-11-24 21:59:35.894328,short,0.601470030000002,0.03266135945490828,249999,249999,249999,2018-11-24 22:01:43.464471,127.570143,0.5688086705450937
2018-11-24 22:01:43.464471,long,-8.5e-07,1.3308604336909988e-07,1,1,1,2018-11-24 22:19:38.415034,1074.950563,-9.830860433691e-07
2018-11-24 22:19:38.415034,short,0.23437341999999825,0.09554665068921013,249999,249999,249999,2018-11-24 22:22:02.334666,143.919632,0.13882676931078813
2018-11-24 22:22:02.334666,long,-1.54e-06,4.0135714285714287e-07,1,1,1,2018-11-24 22:24:20.476708,138.142042,-1.941357142857143e-06
2018-11-24 22:24:20.476708,short,1.312095339999993,0.16180855667120475,652206,652206,252206,2018-11-24 22:31:08.162750,407.686042,1.1502867833287884
2018-11-24 22:31:08.162750,long,0.18479180000000112,0.047896470592022705,250001,250001,250001,2018-11-24 23:16:20.438189,2712.275439,0.1368953294079784
2018-11-24 23:16:20.438189,short,0.1746031499999211,-0.01276678300292131,749999,749999,749999,2018-11-24 23:23:18.861906,418.423717,0.1873699330028424
2018-11-24 23:23:18.861906,long,8.6e-07,-1.310198601772583e-07,1,1,1,2018-11-24 23:25:56.225260,157.363354,9.910198601772583e-07
2018-11-24 23:25:56.225260,short,0.12112668,0.007181117574763004,54205,54205,54205,2018-11-24 23:30:05.553053,249.327793,0.113945562425237
2018-11-24 23:30:05.553053,long,1.66e-06,1.3229773992079733e-07,1,1,1,2018-11-24 23:46:17.242807,971.689754,1.5277022600792026e-06
2018-11-24 23:46:17.242807,short,0.5299883700000001,0.0035004015798388434,249999,249999,249999,2018-11-24 23:53:14.470415,417.227608,0.5264879684201612
2018-11-24 23:53:14.470415,long,2.08e-06,-1.315792345520064e-07,1,1,1,2018-11-25 00:09:56.938696,1002.468281,2.2115792345520063e-06
2018-11-25 00:09:56.938696,short,0.38999844,0.0330574277693039,249999,249999,249999,2018-11-25 00:25:59.347163,962.408467,0.3569410122306961
2018-11-25 00:25:59.347163,long,7.3e-07,1.3202252e-07,1,1,1,2018-11-25 01:49:22.232268,5002.885105,5.9797748e-07
2018-11-25 01:49:22.232268,short,0.8659162499999997,0.0335179459525516,249999,249999,249999,2018-11-25 02:04:34.966385,912.734117,0.8323983040474481
2018-11-25 02:04:34.966385,long,-2.5e-07,3.9975727013486583e-07,1,1,1,2018-11-25 02:36:58.768438,1943.802053,-6.497572701348658e-07
2018-11-25 02:36:58.768438,short,0.5718621600000017,0.08418142836020223,249999,249999,249999,2018-11-25 02:48:07.907915,669.139477,0.4876807316397994
2018-11-25 02:48:07.907915,long,0.09501455000000093,0.03455396373347763,250001,250001,250001,2018-11-25 04:16:35.463065,5307.55515,0.0604605862665233
2018-11-25 04:16:35.463065,short,0.4659474299999993,-0.026575333666041992,249999,249999,249999,2018-11-25 04:23:02.877135,387.41407,0.49252276366604125
2018-11-25 04:23:02.877135,long,2.3e-06,-1.3622488668188945e-07,1,1,1,2018-11-25 06:10:11.813138,6428.936003,2.4362248866818894e-06
2018-11-25 06:10:11.813138,short,0.63410205,0.013271266272213552,249999,249999,249999,2018-11-25 06:33:32.640488,1400.82735,0.6208307837277864
2018-11-25 06:33:32.640488,long,6e-07,1.3644513943406482e-07,1,1,1,2018-11-25 06:53:17.763804,1185.123316,4.6355486056593516e-07
2018-11-25 06:53:17.763804,short,-0.9688403900000039,0.06314740295255408,249999,249999,249999,2018-11-25 07:33:32.037189,2414.273385,-1.031987792952558
2018-11-25 07:33:32.037189,long,-7.3e-07,4.048574631402854e-07,1,1,1,2018-11-25 07:34:54.796392,82.759203,-1.1348574631402855e-06
2018-11-25 07:34:54.796392,short,0.37100199000000045,0.061663555232476484,249999,249999,249999,2018-11-25 07:43:46.835013,532.038621,0.309338434767524
2018-11-25 07:43:46.835013,long,6.6e-07,1.3537505797502873e-07,1,1,1,2018-11-25 07:51:12.847750,446.012737,5.246249420249712e-07
2018-11-25 07:51:12.847750,short,2.4414818399999296,0.1755765048821273,1908128,1908128,1000001,2018-11-25 09:48:45.903809,7053.056059,2.2659053351178025
2018-11-25 09:48:45.903809,long,-3.0165322599999795,0.4206487682812079,1625680,1625680,749999,2018-11-25 11:03:22.462914,4476.559105,-3.4371810282811874
2018-11-25 11:03:22.462914,short,3.4975458999999987,0.03126970875912004,749999,749999,749999,2018-11-25 11:06:13.469934,171.00702,3.466276191240879
2018-11-25 11:06:13.469934,long,0.48686176000000386,0.033108829322633565,750001,750001,750001,2018-11-25 11:08:24.109099,130.639165,0.4537529306773703
2018-11-25 11:08:24.109099,short,0.14069439999999997,0.010327427793738662,78096,78096,78096,2018-11-25 11:09:04.485284,40.376185,0.1303669722062613
2018-11-25 11:09:04.485284,long,1.24e-06,1.320761744127936e-07,1,1,1,2018-11-25 11:10:32.069613,87.584329,1.1079238255872064e-06
2018-11-25 11:10:32.069613,short,1.6261644700000037,0.05302384184484127,499999,499999,499999,2018-11-25 11:15:35.966610,303.896997,1.5731406281551625
2018-11-25 11:15:35.966610,long,1.78e-06,1.3100288600288604e-07,1,1,1,2018-11-25 11:18:22.826252,166.859642,1.6489971139971139e-06
2018-11-25 11:18:22.826252,short,1.268437900000013,-0.03131641135272728,749999,749999,749999,2018-11-25 11:31:37.860636,795.034384,1.2997543113527403
2018-11-25 11:31:37.860636,long,3.8e-07,1.3155421931735655e-07,1,1,1,2018-11-25 11:32:14.993500,37.132864,2.4844578068264346e-07
2018-11-25 11:32:14.993500,short,0.03268097999999991,0.006544464061034169,25174,25174,25174,2018-11-25 11:33:55.156230,100.16273,0.026136515938965738
2018-11-25 11:33:55.156230,long,-4.6e-07,3.972743325134883e-07,1,1,1,2018-11-25 11:37:57.233758,242.077528,-8.572743325134883e-07
2018-11-25 11:37:57.233758,short,0.06607331,0.012052597722543579,62083,62083,62083,2018-11-25 11:40:34.554975,157.321217,0.05402071227745642
2018-11-25 11:40:34.554975,long,1.58e-06,-1.3266812958045672e-07,1,1,1,2018-11-25 11:45:58.332892,323.777917,1.7126681295804567e-06
2018-11-25 11:45:58.332892,short,0.452935160000002,0.13207781719854933,499999,499999,499999,2018-11-25 11:51:57.742553,359.409661,0.32085734280145267
2018-11-25 11:51:57.742553,long,3.5e-07,1.3271245631317486e-07,1,1,1,2018-11-25 11:55:42.379205,224.636652,2.1728754368682513e-07
2018-11-25 11:55:42.379205,short,0.7597026000000006,-0.028785307152527265,499999,499999,499999,2018-11-25 12:02:36.758684,414.379479,0.7884879071525278
2018-11-25 12:02:36.758684,long,0.23035103000000076,0.03357240697752161,250001,250001,250001,2018-11-25 12:14:29.797247,713.038563,0.19677862302247914
2018-11-25 12:14:29.797247,short,-1.2808722300001132,0.4346309737781296,5348194,5348194,1200001,2018-11-25 20:58:57.365061,31467.567814,-1.7155032037782427
2018-11-25 20:58:57.365061,long,0.843149189999875,0.36773521904956885,1741419,1741419,1247873,2018-11-25 21:16:47.266097,1069.901036,0.47541397095030613
2018-11-25 21:16:47.266097,short,0.6791299699998903,0.22534870622729425,1197559,1197559,900749,2018-11-25 21:35:46.696672,1139.430575,0.45378126377259603
2018-11-25 21:35:46.696672,long,-9.686e-05,0.0009294640556603016,2441,2441,2441,2018-11-25 21:36:37.539416,50.842744,-0.0010263240556603016
2018-11-25 21:36:37.539416,short,-5.87868768999999,0.2450551066093997,2021430,2021430,1912073,2018-11-25 22:04:17.255581,1659.716165,-6.123742796609389
2018-11-25 22:04:17.255581,long,0.43319569999997165,-0.05261680505523778,686040,686040,686040,2018-11-25 22:07:46.929016,209.673435,0.48581250505520945
2018-11-25 22:07:46.929016,short,4.269243740000114,0.40176778160484,2403565,2403565,1200001,2018-11-25 22:54:10.291528,2783.362512,3.867475958395274
2018-11-25 22:54:10.291528,long,0.23699921,-0.029140446777158654,299999,299999,299999,2018-11-25 22:55:35.486674,85.195146,0.2661396567771586
2018-11-25 22:55:35.486674,short,1.6e-06,1.2690750365437714e-07,1,1,1,2018-11-25 22:59:19.674911,224.188237,1.4730924963456227e-06
2018-11-25 22:59:19.674911,long,0.2909990300000001,0.03816800324965131,299999,299999,299999,2018-11-25 23:01:04.008735,104.333824,0.2528310267503488
2018-11-25 23:01:04.008735,short,2.62e-06,1.2846140060579383e-07,1,1,1,2018-11-25 23:22:13.188334,1269.179599,2.491538599394206e-06
2018-11-25 23:22:13.188334,long,0.16243609000000445,0.016508048210474725,162185,162185,162185,2018-11-25 23:34:43.540161,750.351827,0.14592804178952973
2018-11-25 23:34:43.540161,short,3.933753899999991,0.13641326539495627,1224367,1224367,600001,2018-11-26 14:08:10.053826,52406.513665,3.7973406346050345
2018-11-26 14:08:10.053826,long,-1.453744369999992,0.012679175488354085,1800001,1800001,1200001,2018-11-26 14:34:52.916974,1602.863148,-1.466423545488346
2018-11-26 14:34:52.916974,short,0.15601860999998565,0.040124706265162804,299999,299999,299999,2018-11-26 14:35:23.489543,30.572569,0.11589390373482285
2018-11-26 14:35:23.489543,long,2.15e-06,-1.3360249633814607e-07,1,1,1,2018-11-26 14:38:38.706249,195.216706,2.2836024963381463e-06
2018-11-26 14:38:38.706249,short,1.1004419600000073,-0.05425860198814587,614763,614763,599999,2018-11-26 14:47:02.166981,503.460732,1.1547005619881532
2018-11-26 14:47:02.166981,long,0.07398777999999999,0.027149428439601463,77313,77313,77313,2018-11-26 15:01:15.345931,853.17895,0.046838351560398526
2018-11-26 15:01:15.345931,short,0.7123029599999946,0.07414634733086789,299999,299999,299999,2018-11-26 15:05:06.962386,231.616455,0.6381566126691267
2018-11-26 15:05:06.962386,long,2.51e-06,-1.338722992544216e-07,1,1,1,2018-11-26 15:29:45.232907,1478.270521,2.643872299254422e-06
2018-11-26 15:29:45.232907,short,3.6724150399999935,-0.040893953690156984,299999,299999,299999,2018-11-26 16:07:18.939956,2253.707049,3.7133089936901507
2018-11-26 16:07:18.939956,long,1.9e-06,1.378126290845055e-07,1,1,1,2018-11-26 16:08:08.068831,49.128875,1.7621873709154946e-06
2018-11-26 16:08:08.068831,short,-1.2954897900000304,0.2874851499122247,902737,902737,602737,2018-11-26 16:24:18.916103,970.847272,-1.582974939912255
2018-11-26 16:24:18.916103,long,5.621008229999947,0.2887181431523927,2263864,2263864,610234,2018-11-26 17:01:52.734407,2253.818304,5.3322900868475545
2018-11-26 17:01:52.734407,short,0.52301964,0.12369028664028817,329999,329999,329999,2018-11-26 17:07:08.168596,315.434189,0.39932935335971187
2018-11-26 17:07:08.168596,long,1.08e-06,-1.3413990546755237e-07,1,1,1,2018-11-26 17:07:55.986226,47.81763,1.2141399054675524e-06
2018-11-26 17:07:55.986226,short,0.5807198100000001,0.017801148106874998,329999,329999,329999,2018-11-26 17:42:04.876916,2048.89069,0.562918661893125
2018-11-26 17:42:04.876916,long,0.6045490200000018,0.24838367640768275,990001,990001,330001,2018-11-26 19:40:11.539949,7086.663033,0.356165343592319
2018-11-26 19:40:11.539949,short,0.6653627799999972,0.13091243332566344,329999,329999,329999,2018-11-26 19:56:44.286431,992.746482,0.5344503466743338
2018-11-26 19:56:44.286431,long,1.12e-06,3.973497777175368e-07,1,1,1,2018-11-26 19:58:04.830115,80.543684,7.226502222824633e-07
2018-11-26 19:58:04.830115,short,0.41106262000000143,0.10973407254170463,329999,329999,329999,2018-11-26 20:01:22.610537,197.780422,0.3013285474582968
2018-11-26 20:01:22.610537,long,-9.65e-06,4.0566163003663e-07,1,1,1,2018-11-26 20:53:12.896102,3110.285565,-1.0055661630036631e-05
2018-11-26 20:53:12.896102,short,0.5816935999999944,0.10594473284125983,329999,329999,329999,2018-11-26 20:55:47.753134,154.857032,0.47574886715873455
2018-11-26 20:55:47.753134,long,0.5934570399999961,0.06992604403246216,330013,330013,330013,2018-11-26 23:44:33.868350,10126.115216,0.5235309959675339
2018-11-26 23:44:33.868350,short,-1.1096118900000054,0.08319047573626781,329999,329999,329999,2018-11-26 23:50:35.066871,361.198521,-1.1928023657362732
2018-11-26 23:50:35.066871,long,-2.09e-06,4.0343907952603606e-07,1,1,1,2018-11-27 00:02:11.388721,696.32185,-2.493439079526036e-06
2018-11-27 00:02:11.388721,short,1.9748694299999756,0.43844687316788544,1386157,1386157,661513,2018-11-27 01:29:08.523044,5217.134323,1.5364225568320902
2018-11-27 01:29:08.523044,long,8.9e-07,1.3643722647126948e-07,1,1,1,2018-11-27 01:31:22.038580,133.515536,7.535627735287305e-07
2018-11-27 01:31:22.038580,short,0.5510983300000001,-0.044943163808468065,329999,329999,329999,2018-11-27 01:47:05.729836,943.691256,0.5960414938084682
2018-11-27 01:47:05.729836,long,9.3e-07,-1.3637090623544731e-07,1,1,1,2018-11-27 01:50:23.036883,197.307047,1.0663709062354474e-06
2018-11-27 01:50:23.036883,short,0.4949985,-0.04505137348574084,329999,329999,329999,2018-11-27 02:15:15.270451,1492.233568,0.5400498734857409
2018-11-27 02:15:15.270451,long,1.31e-06,-1.365673827915798e-07,1,1,1,2018-11-27 02:17:36.613912,141.343461,1.4465673827915797e-06
2018-11-27 02:17:36.613912,short,0.0858457500000281,0.26462707665331753,2401460,2401460,1319999,2018-11-27 04:47:48.357174,9011.743262,-0.17878132665328944
2018-11-27 04:47:48.357174,long,0.00461016,0.010345976034585593,25612,25612,25612,2018-11-27 04:48:16.864207,28.507033,-0.0057358160345855926
2018-11-27 04:48:16.864207,short,-0.8927336699999183,0.47540445431560346,2184996,2184996,1080389,2018-11-27 21:57:25.530466,61748.666259,-1.3681381243155217
2018-11-27 21:57:25.530466,long,0.4224892200000117,0.049848077297344216,659999,659999,659999,2018-11-27 22:36:00.817344,2315.286878,0.3726411427026675
2018-11-27 22:36:00.817344,short,-9.8e-07,1.3162752642140807e-07,1,1,1,2018-11-27 22:46:36.837011,636.019667,-1.111627526421408e-06
2018-11-27 22:46:36.837011,long,0.5351101799999953,0.0404269977216066,329999,329999,329999,2018-11-27 22:51:47.234504,310.397493,0.4946831822783887
2018-11-27 22:51:47.234504,short,2.05e-06,1.3259737793979721e-07,1,1,1,2018-11-27 22:59:03.235941,436.001437,1.9174026220602025e-06
2018-11-27 22:59:03.235941,long,1.6452828300000144,0.3375386961447192,1847044,1847044,660001,2018-11-28 03:49:13.245406,17410.009465,1.3077441338552953
2018-11-28 03:49:13.245406,short,0.10206635999999841,0.023796620527902948,115706,115706,115706,2018-11-28 03:49:55.335020,42.089614,0.07826973947209546
2018-11-28 03:49:55.335020,long,1.95e-06,1.3060429419826405e-07,1,1,1,2018-11-28 04:28:12.606412,2297.271392,1.8193957058017358e-06
2018-11-28 04:28:12.606412,short,-1.0914698899999653,0.15457663267517624,5215410,5215410,1649999,2018-11-28 06:00:55.514162,5562.90775,-1.2460465226751416
2018-11-28 06:00:55.514162,long,0.32113532000000994,0.02379291285748112,339370,339370,330001,2018-11-28 12:55:12.375213,24856.861051,0.2973424071425288
2018-11-28 12:55:12.375213,short,0.5825511999999924,-0.062071620152184974,659999,659999,659999,2018-11-28 13:01:00.954765,348.579552,0.6446228201521773
2018-11-28 13:01:00.954765,long,1.47e-06,-1.2120726468822013e-07,1,1,1,2018-11-28 13:14:28.920736,807.965971,1.59120726468822e-06
2018-11-28 13:14:28.920736,short,0.7304124000000063,0.027874388382549152,659999,659999,659999,2018-11-28 13:20:55.929845,387.009109,0.7025380116174571
2018-11-28 13:20:55.929845,long,5.9e-07,3.6363164473750784e-07,1,1,1,2018-11-28 13:24:13.157327,197.227482,2.2636835526249212e-07
2018-11-28 13:24:13.157327,short,1.3327835900000475,0.13130340772343857,3175730,3175730,1649999,2018-11-28 22:10:44.815735,31591.658408,1.201480182276609
2018-11-28 22:10:44.815735,long,0.11653087999999999,0.019410810279396545,164128,164128,164128,2018-11-28 22:12:03.166770,78.351035,0.09712006972060344
2018-11-28 22:12:03.166770,short,1.14e-06,-1.194744848395771e-07,1,1,1,2018-11-28 22:40:11.529489,1688.362719,1.259474484839577e-06
2018-11-28 22:40:11.529489,long,2.5753996000000328,0.022857573122489493,1519999,1519999,659999,2018-11-29 00:03:07.145435,4975.615946,2.552542026877543
2018-11-29 00:03:07.145435,short,1.4695005799999623,0.022305778561872328,822297,822297,350405,2018-11-29 01:35:44.949668,5557.804233,1.44719480143809
2018-11-29 01:35:44.949668,long,-0.14953719999999504,0.1061463661611378,349999,349999,349999,2018-11-29 01:40:05.682750,260.733082,-0.25568356616113286
2018-11-29 01:40:05.682750,short,1.6103780400000371,0.04052741447086466,2363999,2363999,1050001,2018-11-29 04:13:01.622558,9175.939808,1.5698506255291724
2018-11-29 04:13:01.622558,long,1.5485214599999801,0.0426487172659455,349999,349999,349999,2018-11-29 05:34:29.576730,4887.954172,1.5058727427340346
2018-11-29 05:34:29.576730,short,-6.898592260000428,0.2685803094014114,4522008,4522008,2505202,2018-11-29 11:30:38.356623,21368.779893,-7.167172569401839
2018-11-29 11:30:38.356623,long,0.39228776000003757,0.023861889194540267,548935,548935,548935,2018-11-29 11:39:50.521067,552.164444,0.3684258708054973
2018-11-29 11:39:50.521067,short,0.7854008299999944,0.15594399093169234,575740,575740,575740,2018-11-29 11:54:22.450367,871.9293,0.6294568390683021
2018-11-29 11:54:22.450367,long,0.12875285000000036,-0.0005774839379818406,344260,344260,344260,2018-11-29 11:55:32.956094,70.505727,0.1293303339379822
2018-11-29 11:55:32.956094,short,6.549666460000012,0.2066946223229815,818409,818409,818409,2018-11-29 21:47:05.999328,35493.043234,6.34297183767703
2018-11-29 21:47:05.999328,long,0.048770919999992,0.02627751339001538,77361,77361,77361,2018-11-29 21:57:33.349159,627.349831,0.022493406609976622
2018-11-29 21:57:33.349159,short,3.6171595299999946,0.0832631709949845,2532328,2532328,1054882,2018-11-30 10:09:53.217243,43939.868084,3.53389635900501
2018-11-30 10:09:53.217243,long,0.8526289299999731,0.14129736639265209,1238916,1238916,350001,2018-11-30 10:33:53.353851,1440.136608,0.711331563607321
2018-11-30 10:33:53.353851,short,0.13068565000000082,-0.006555450392652122,169792,169792,120508,2018-11-30 11:00:29.955938,1596.602087,0.13724110039265294
2018-11-30 11:00:29.955938,long,0.2210191499999954,-0.036742155422600314,349999,349999,349999,2018-11-30 11:01:08.160905,38.204967,0.2577613054225957
2018-11-30 11:01:08.160905,short,1.55e-06,1.2631571970160185e-07,1,1,1,2018-11-30 11:05:08.247838,240.086933,1.423684280298398e-06
2018-11-30 11:05:08.247838,long,-0.10391583000000716,-0.08642563564313374,699999,699999,699999,2018-11-30 11:28:57.832169,1429.584331,-0.01749019435687342
2018-11-30 11:28:57.832169,short,0.45398969999999855,0.046917167636301986,350001,350001,350001,2018-11-30 12:02:09.079588,1991.247419,0.40707253236369656
2018-11-30 12:02:09.079588,long,0.6803162299999945,0.044702592246198096,349999,349999,349999,2018-11-30 12:14:18.078282,728.998694,0.6356136377537964
2018-11-30 12:14:18.078282,short,1.02e-06,1.2702747550723636e-07,1,1,1,2018-11-30 12:50:35.160235,2177.081953,8.929725244927636e-07
2018-11-30 12:50:35.160235,long,0.8235794300000749,0.030037942972456308,699999,699999,699999,2018-11-30 13:16:53.353581,1578.193346,0.7935414870276186
2018-11-30 13:16:53.353581,short,0.08921072000000067,0.005294823455096754,42081,42081,42081,2018-11-30 14:04:52.632357,2879.278776,0.08391589654490392
2018-11-30 14:04:52.632357,long,1.1689966600000001,-0.04409630401111507,349999,349999,349999,2018-11-30 16:58:35.579774,10422.947417,1.2130929640111152
2018-11-30 16:58:35.579774,short,-2.819862050000042,0.22712711941469324,1408501,1408501,1058501,2018-11-30 23:00:22.916649,21707.336875,-3.046989169414735
2018-11-30 23:00:22.916649,long,0.1328267399999988,0.05013940740639313,162384,162384,162384,2018-11-30 23:01:35.370927,72.454278,0.08268733259360567
2018-11-30 23:01:35.370927,short,0.46992850999999997,0.13293011020024584,349999,349999,349999,2018-11-30 23:07:30.559205,355.188278,0.3369983997997541
2018-11-30 23:07:30.559205,long,1.03e-06,1.2719230375985053e-07,1,1,1,2018-11-30 23:20:50.190320,799.631115,9.028076962401495e-07
2018-11-30 23:20:50.190320,short,0.35950092999995903,-0.08165537018427135,655582,655582,350001,2018-12-01 03:05:49.230776,13499.040456,0.44115630018423035
2018-12-01 03:05:49.230776,long,0.25899926000000006,-0.044311213395791235,349999,349999,349999,2018-12-01 03:16:41.621496,652.39072,0.3033104733957913
2018-12-01 03:16:41.621496,short,-7.236386080000008,0.1637561854193106,1818134,1818134,1138134,2018-12-02 05:02:48.907747,92767.286251,-7.400142265419318
2018-12-02 05:02:48.907747,long,0.15749954999999996,-0.04293167737203011,349999,349999,349999,2018-12-02 05:04:10.814807,81.90706,0.20043122737203006
2018-12-02 05:04:10.814807,short,0.9833281100000064,0.012161443017746618,701750,701750,374343,2018-12-02 07:07:44.499199,7413.684392,0.9711666669822598
2018-12-02 07:07:44.499199,long,0.7619984599999999,0.03704549518500001,299999,299999,299999,2018-12-02 07:34:02.855408,1578.356209,0.7249529648149999
2018-12-02 07:34:02.855408,short,0.6467770500000005,0.01580446158989523,299999,299999,299999,2018-12-02 08:00:40.451471,1597.596063,0.6309725884101053
2018-12-02 08:00:40.451471,long,4.5e-07,-1.2188322855177488e-07,1,1,1,2018-12-02 08:07:34.039382,413.587911,5.718832285517749e-07
2018-12-02 08:07:34.039382,short,1.8690181299999251,-0.016054790321229074,1541994,1541994,637641,2018-12-02 15:12:05.783937,25471.744555,1.8850729203211543
2018-12-02 15:12:05.783937,long,0.30599928000000587,-0.0734258278704761,599999,599999,599999,2018-12-02 15:36:20.535252,1454.751315,0.379425107870482
2018-12-02 15:36:20.535252,short,2.8051541400000195,0.007695785933038491,650001,650001,600001,2018-12-03 02:13:07.699756,38207.164504,2.797458354066981
2018-12-03 02:13:07.699756,long,0.33599904,-0.04408052405550025,349999,349999,349999,2018-12-03 02:13:53.074817,45.375061,0.38007956405550025
2018-12-03 02:13:53.074817,short,-0.7902594499999994,0.17285429039310235,1495238,1495238,700001,2018-12-03 02:52:38.914077,2325.83926,-0.9631137403931018
2018-12-03 02:52:38.914077,long,0.595270380000033,0.1317670835444048,700604,700604,700604,2018-12-03 03:47:25.134513,3286.220436,0.46350329645562816
2018-12-03 03:47:25.134513,short,4.663609570000044,0.13338421780750648,3275558,3275558,705560,2018-12-03 15:48:49.768745,43284.634232,4.530225352192537
2018-12-03 15:48:49.768745,long,0.22772219999999657,-0.09153488971946447,699999,699999,361068,2018-12-03 18:00:22.360294,7892.591549,0.31925708971946104
2018-12-03 18:00:22.360294,short,1.2630926299999994,0.04487910963695121,349999,349999,349999,2018-12-04 00:15:22.142608,22499.782314,1.2182135203630482
2018-12-04 00:15:22.142608,long,2.655373290000006,0.07915972678737251,967510,967510,352098,2018-12-04 06:44:04.190645,23322.048037,2.5762135632126335
2018-12-04 06:44:04.190645,short,-1.1901398399999938,-0.016210168162414385,1257561,1257561,1049999,2018-12-04 09:43:43.643704,10779.453059,-1.1739296718375796
2018-12-04 09:43:43.643704,long,2.25e-06,-1.2570856406751028e-07,1,1,1,2018-12-04 10:05:13.119493,1289.475789,2.3757085640675103e-06
2018-12-04 10:05:13.119493,short,2.402323280000051,-0.09428129354045126,957054,957054,699999,2018-12-04 16:38:46.774854,23613.655361,2.4966045735405022
2018-12-04 16:38:46.774854,long,0.6484687700000258,-0.0026771289368142928,2100001,2100001,1050001,2018-12-05 05:30:36.659251,46309.884397,0.65114589893684
2018-12-05 05:30:36.659251,short,-0.662263530000005,0.06406383499228055,350001,350001,350001,2018-12-06 00:04:29.853223,66833.193972,-0.7263273649922856
2018-12-06 00:04:29.853223,long,0.2724978599999991,0.058309727313591,305719,305719,305719,2018-12-06 00:10:39.594685,369.741462,0.2141881326864081
2018-12-06 00:10:39.594685,short,3.0397322100000936,0.13058461405485267,1520685,1520685,1052986,2018-12-06 05:06:21.999266,17742.404581,2.909147595945241
2018-12-06 05:06:21.999266,long,1.314661299999995,0.05095728481152107,349999,349999,349999,2018-12-06 05:07:21.360492,59.361226,1.2637040151884738
2018-12-06 05:07:21.360492,short,1.23e-06,-1.3257137236776358e-07,1,1,1,2018-12-06 05:08:19.510712,58.15022,1.3625713723677637e-06
2018-12-06 05:08:19.510712,long,0.5856431300000029,-0.045354204134335926,357973,357973,357973,2018-12-06 05:13:56.829798,337.319086,0.6309973341343388
2018-12-06 05:13:56.829798,short,0.9171992399999961,-0.07453904677610394,693496,693496,350496,2018-12-06 05:33:33.976536,1177.146738,0.9917382867761
2018-12-06 05:33:33.976536,long,0.59765184,-0.045747407331647096,349504,349504,349504,2018-12-06 06:02:09.769969,1715.793433,0.6433992473316471
2018-12-06 06:02:09.769969,short,1.6849747399999944,0.007694941627085712,1400496,1400496,700404,2018-12-06 14:52:54.228625,31844.458656,1.6772797983729086
2018-12-06 14:52:54.228625,long,0.17487621999999997,5.6407085858230956e-05,347924,347924,347924,2018-12-06 15:28:16.727304,2122.498679,0.17481981291414175
2018-12-06 15:28:16.727304,short,0.24303961000000002,0.010120152374141773,127967,127967,127967,2018-12-06 16:16:38.411192,2901.683888,0.23291945762585825
2018-12-06 16:16:38.411192,long,0.03786267999999971,0.0029581546327452,15617,15617,15617,2018-12-06 23:36:42.924261,26404.513069,0.03490452536725451
2018-12-06 23:36:42.924261,short,0.83852772,0.04976790142949611,349383,349383,349383,2018-12-06 23:38:49.875793,126.951532,0.7887598185705038
2018-12-06 23:38:49.875793,long,1.09454526,0.05164320512262236,350617,350617,350617,2018-12-06 23:54:46.642726,956.766933,1.0429020548773777
2018-12-06 23:54:46.642726,short,3.333788709999986,0.10043191528013624,1056851,1056851,706851,2018-12-07 00:54:12.261320,3565.618594,3.23335679471985
2018-12-07 00:54:12.261320,long,0.43043996,0.1550625243,347129,347129,347129,2018-12-07 00:54:41.629384,29.368064,0.2753774357
2018-12-07 00:54:41.629384,short,0.01050786,0.001287686277682178,2871,2871,2871,2018-12-07 00:56:44.484014,122.85463,0.009220173722317824
2018-12-07 00:56:44.484014,long,0.3148744200000049,-0.03773957625092013,347129,347129,347129,2018-12-07 00:58:05.913079,81.429065,0.352613996250925
2018-12-07 00:58:05.913079,short,0.4379594400000009,0.05282078353972367,352871,352871,352871,2018-12-07 00:59:32.815139,86.90206,0.38513865646027723
2018-12-07 00:59:32.815139,long,-0.3818419000000002,0.1574837920886117,347129,347129,347129,2018-12-07 01:01:43.011134,130.195995,-0.5393256920886119
2018-12-07 01:01:43.011134,short,-0.00325026,0.00046120037990275524,2871,2871,2871,2018-12-07 01:02:05.644971,22.633837,-0.0037114603799027553
2018-12-07 01:02:05.644971,long,0.8489099499999998,0.02649700581880693,347129,347129,347129,2018-12-07 01:02:54.786196,49.141225,0.8224129441811929
2018-12-07 01:02:54.786196,short,6.2346402900000335,0.2412234032509358,5649432,5649432,1400286,2018-12-07 16:21:00.016123,55085.229927,5.993416886749098
2018-12-07 16:21:00.016123,long,0.9104765400000014,0.05460158745046446,345126,345126,345126,2018-12-07 16:23:02.381632,122.365509,0.8558749525495369
2018-12-07 16:23:02.381632,short,0.021396859999999997,0.0007630116708617583,4874,4874,4874,2018-12-07 16:34:21.995498,679.613866,0.020633848329138237
2018-12-07 16:34:21.995498,long,0.9829749999999932,0.04143167177526513,425126,425126,345126,2018-12-07 16:43:53.423986,571.428488,0.9415433282247281
2018-12-07 16:43:53.423986,short,0.5498027499999965,0.05157463752073681,342075,342075,342075,2018-12-07 16:48:49.918959,296.494973,0.49822811247925963
2018-12-07 16:48:49.918959,long,0.00226375,0.0009328652803280495,7925,7925,7925,2018-12-07 17:03:13.490555,863.571596,0.0013308847196719506
2018-12-07 17:03:13.490555,short,0.0162,0.0016686090566009923,10765,10765,10765,2018-12-07 17:42:09.221893,2335.731338,0.014531390943399006
2018-12-07 17:42:09.221893,long,5.821473949999994,0.10667654182757133,699235,699235,699235,2018-12-07 19:12:28.355010,5419.133117,5.714797408172423
2018-12-07 19:12:28.355010,short,0.04863861000000049,-0.004271225747892502,30984,30984,30984,2018-12-08 10:54:56.305905,56547.950895,0.05290983574789299
2018-12-08 10:54:56.305905,long,1.6511870100000297,-0.06580523936084796,2100475,2100475,1050027,2018-12-09 14:06:13.501575,97877.19567,1.7169922493608776
2018-12-09 14:06:13.501575,short,-1.801296820000091,0.15038282501076747,3849973,3849973,1744306,2018-12-09 17:57:47.220651,13893.719076,-1.9516796450108584
2018-12-09 17:57:47.220651,long,0.45338668000000537,0.02011692581549244,355694,355694,355694,2018-12-09 18:10:57.048171,789.82752,0.4332697541845129
2018-12-09 18:10:57.048171,short,0.9416367899999959,0.06563529569479792,544306,544306,353493,2018-12-09 19:58:09.409151,6432.36098,0.8760014943051979
2018-12-09 19:58:09.409151,long,0.2188724100000023,-0.007500297577744578,633339,633339,350048,2018-12-10 06:19:14.720633,37265.311482,0.22637270757774688
2018-12-10 06:19:14.720633,short,0.16067156,0.05034086742445476,349286,349286,349286,2018-12-10 06:22:23.912602,189.191969,0.11033069257554523
2018-12-10 06:22:23.912602,long,-0.00026418,0.00030866466703879627,714,714,714,2018-12-10 07:06:03.571422,2619.65882,-0.0005728446670387962
2018-12-10 07:06:03.571422,short,-1.3638898200000082,0.2347621358768935,899810,899810,737086,2018-12-10 07:46:51.758802,2448.18738,-1.5986519558769017
2018-12-10 07:46:51.758802,long,-0.00045499,3.7500633516542784e-05,263,263,263,2018-12-10 08:20:26.457158,2014.698356,-0.0004924906335165428
2018-12-10 08:20:26.457158,short,1.8253006000000027,-0.007481868824382694,699737,699737,699737,2018-12-10 09:08:35.737264,2889.280106,1.8327824688243854
2018-12-10 09:08:35.737264,long,-3.620995699999911,0.3772066542337285,3078663,3078663,1412595,2018-12-11 01:31:13.375147,58957.637883,-3.99820235423364
2018-12-11 01:31:13.375147,short,-0.18449823999999812,0.08723227638159,599972,599972,349923,2018-12-11 04:04:43.671530,9210.296383,-0.2717305163815881
2018-12-11 04:04:43.671530,long,-1.3871584600000149,-0.008443417428983444,1750737,1750737,706993,2018-12-11 16:39:56.398070,45312.72654,-1.3787150425710315
2018-12-11 16:39:56.398070,short,0.6878706800000141,0.019072873299215594,2155695,2155695,725695,2018-12-12 12:11:45.325545,70308.927475,0.6687978067007985
2018-12-12 12:11:45.325545,long,-0.01462107,0.0034855433443096466,23761,23761,23761,2018-12-12 13:41:02.175240,5356.849695,-0.018106613344309647
2018-12-12 13:41:02.175240,short,-2.8646886000000165,0.19522296517875493,1049239,1049239,1049239,2018-12-12 15:46:52.483376,7550.308136,-3.0599115651787714
2018-12-12 15:46:52.483376,long,-0.20555880999999915,0.09653452993772003,358534,358534,358534,2018-12-12 15:56:17.120634,564.637258,-0.3020933399377192
2018-12-12 15:56:17.120634,short,-0.32190120000001077,-0.016230728361527363,696713,696713,696713,2018-12-12 16:08:04.918742,707.798108,-0.3056704716384834
2018-12-12 16:08:04.918742,long,-0.7818560099999949,0.07104751547629795,1250095,1250095,1050095,2018-12-12 18:34:28.443762,8783.52502,-0.8529035254762929
2018-12-12 18:34:28.443762,short,-1.0528855099999856,0.03586719754425092,702771,702771,352771,2018-12-13 12:56:05.519359,66097.075597,-1.0887527075442365
2018-12-13 12:56:05.519359,long,-0.508725070000004,0.07954907683866227,697229,697229,697229,2018-12-13 13:23:16.248135,1630.728776,-0.5882741468386663
2018-12-13 13:23:16.248135,short,9.72213154000007,0.5359049321323169,4415086,4415086,1051386,2018-12-14 12:07:04.087710,81827.839575,9.186226607867754
2018-12-14 12:07:04.087710,long,6.664e-05,0.00010939190388864724,238,238,238,2018-12-14 12:09:29.742196,145.654486,-4.275190388864724e-05
2018-12-14 12:09:29.742196,short,3.002494959999999,0.06749080636520223,352887,352887,352887,2018-12-14 18:40:51.034170,23481.291974,2.9350041536347966
2018-12-14 18:40:51.034170,long,0.07413892000000062,0.20398028380090907,614524,614524,349913,2018-12-14 18:53:42.591130,771.55696,-0.12984136380090844
2018-12-14 18:53:42.591130,short,0.8641274900000082,0.053497291491963465,363201,363201,350201,2018-12-14 21:17:28.112280,8625.52115,0.8106301985080447
2018-12-14 21:17:28.112280,long,0.0014022,3.645549177851444e-05,228,228,228,2018-12-14 22:24:57.041265,4048.928985,0.0013657445082214854
2018-12-14 22:24:57.041265,short,0.5946124,-0.05446119927374198,349772,349772,349772,2018-12-14 23:08:34.240466,2617.199201,0.649073599273742
2018-12-14 23:08:34.240466,long,0.00016644,-3.555602674285714e-05,228,228,228,2018-12-15 00:46:22.672096,5868.43163,0.00020199602674285714
2018-12-15 00:46:22.672096,short,0.42322412,-0.05458802669819657,349772,349772,349772,2018-12-15 02:04:30.418796,4687.7467,0.47781214669819655
2018-12-15 02:04:30.418796,long,0.000399,-3.5552518193107945e-05,228,228,228,2018-12-15 03:51:05.253916,6394.83512,0.00043455251819310794
2018-12-15 03:51:05.253916,short,2.4204222399999997,-0.05499269271708804,349772,349772,349772,2018-12-15 10:38:22.483496,24437.22958,2.475414932717088
2018-12-15 10:38:22.483496,long,0.0001938,-3.619327965529489e-05,228,228,228,2018-12-15 11:10:44.332136,1941.84864,0.00022999327965529488
2018-12-15 11:10:44.332136,short,-0.6054839500000001,0.05499517716722459,349772,349772,349772,2018-12-15 11:11:53.754007,69.421871,-0.6604791271672247
2018-12-15 11:11:53.754007,long,-0.0001938,0.0001078946596593651,228,228,228,2018-12-15 11:13:19.832665,86.078658,-0.0003016946596593651
2018-12-15 11:13:19.832665,short,1.6364490200000017,0.08905910296742119,699772,699772,699772,2018-12-15 13:54:06.508541,9646.675876,1.5473899170325804
2018-12-15 13:54:06.508541,long,0.00028728,-3.623328160986283e-05,228,228,228,2018-12-15 14:36:16.005585,2529.497044,0.0003235132816098628
2018-12-15 14:36:16.005585,short,0.39500762,0.055771165481356494,349772,349772,349772,2018-12-15 15:58:27.810973,4931.805388,0.3392364545186435
2018-12-15 15:58:27.810973,long,0.00011628,3.6305959262413425e-05,228,228,228,2018-12-15 16:11:26.960288,779.149315,7.997404073758658e-05
2018-12-15 16:11:26.960288,short,0.0699544,-0.05558044966669538,349772,349772,349772,2018-12-15 16:28:08.168843,1001.208555,0.12553484966669537
2018-12-15 16:28:08.168843,long,0.001938,3.478797133460436e-05,228,228,228,2018-12-16 02:26:37.347363,35909.17852,0.0019032120286653956
2018-12-16 02:26:37.347363,short,0.5092670899999983,-0.03898867956417347,349772,349772,349772,2018-12-16 02:44:47.727830,1090.380467,0.5482557695641718
2018-12-16 02:44:47.727830,long,0.0003078,-3.538027390399111e-05,228,228,228,2018-12-16 03:19:13.417905,2065.690075,0.0003431802739039911
2018-12-16 03:19:13.417905,short,-0.16789056,-0.05411824408041154,349772,349772,349772,2018-12-16 07:19:15.312645,14401.89474,-0.11377231591958845
2018-12-16 07:19:15.312645,long,0.7375748500000379,-0.056425004852679206,1050228,1050228,700228,2018-12-16 10:21:10.922809,10915.610164,0.7939998548527171
2018-12-16 10:21:10.922809,short,1.5495093200000087,0.07966570032964167,699545,699545,699545,2018-12-16 14:17:52.962888,14202.040079,1.469843619670367
2018-12-16 14:17:52.962888,long,0.8192229500000047,-0.06911317119483783,1400455,1400455,1050455,2018-12-16 16:01:53.795221,6240.832333,0.8883361211948425
2018-12-16 16:01:53.795221,short,2.0762857199999765,-0.16941426280171112,3222415,3222415,1594229,2018-12-17 02:22:55.082959,37261.287738,2.2456999828016877
2018-12-17 02:22:55.082959,long,2.528e-05,1.5009989756402248e-05,32,32,32,2018-12-17 02:23:27.080744,31.997785,1.027001024359775e-05
2018-12-17 02:23:27.080744,short,-12.79732829,0.6784405096745915,7051184,7051184,2100261,2018-12-17 16:02:15.742852,49128.662108,-13.47576879967459
2018-12-17 16:02:15.742852,long,-0.00369117,0.00200645334375858,4557,4557,4557,2018-12-17 16:04:17.471021,121.728169,-0.0056976233437585795
2018-12-17 16:04:17.471021,short,0.027662129999983333,0.37889332188542585,1045443,1045443,1045443,2018-12-17 16:13:51.721852,574.250831,-0.3512311918854425
2018-12-17 16:13:51.721852,long,0.00011328,2.1072621648976996e-05,48,48,48,2018-12-17 16:26:47.852192,776.13034,9.2207378351023e-05
2018-12-17 16:26:47.852192,short,-24.6845281100001,0.7743006607405579,6057084,6057084,3378837,2018-12-17 19:13:38.066578,10010.214386,-25.45882877074066
2018-12-17 19:13:38.066578,long,0.8087608799999995,-0.05377710263973766,1259686,1259686,909686,2018-12-17 19:30:01.857847,983.791269,0.8625379826397371
2018-12-17 19:30:01.857847,short,0.00817768,-0.0020660856929843206,14603,14603,14603,2018-12-17 19:41:55.906169,714.048322,0.010243765692984321
2018-12-17 19:41:55.906169,long,2.093986360000165,-0.04926034541306976,1745397,1745397,1395397,2018-12-17 20:22:04.109413,2408.203244,2.1432467054132345
2018-12-17 20:22:04.109413,short,3.6930879200000253,0.27543457473005406,1404316,1404316,1404316,2018-12-17 21:13:40.804430,3096.695017,3.4176533452699713
2018-12-17 21:13:40.804430,long,0.3575441299999926,0.10018767058655235,700523,700523,700523,2018-12-17 21:26:05.033345,744.228915,0.2573564594134402
2018-12-17 21:26:05.033345,short,0.8022720400000001,0.1003578015673244,699477,699477,699477,2018-12-17 21:30:51.720609,286.687264,0.7019142384326756
2018-12-17 21:30:51.720609,long,3.1986114900002476,-0.3341828521715245,4203328,4203328,1403328,2018-12-18 06:50:05.767879,33554.04727,3.5327943421717722
2018-12-18 06:50:05.767879,short,0.00286638,0.00013771554564606268,946,946,946,2018-12-18 08:30:29.963628,6024.195749,0.0027286644543539373
2018-12-18 08:30:29.963628,long,0.25998279000000596,0.09780145019582198,349054,349054,349054,2018-12-18 08:31:24.261953,54.298325,0.16218133980418398
2018-12-18 08:31:24.261953,short,0.00131494,-0.0001369724577748209,946,946,946,2018-12-18 08:50:01.835887,1117.573934,0.0014519124577748207
2018-12-18 08:50:01.835887,long,0.12918252,-0.027649077329272367,210702,210702,210702,2018-12-18 09:24:18.276505,2056.440618,0.15683159732927238
2018-12-18 09:24:18.276505,short,0.42835797000003073,-0.25310971378996466,1749298,1749298,1749298,2018-12-18 11:16:39.695914,6741.419409,0.6814676837899953
2018-12-18 11:16:39.695914,long,0.21338279000000232,-0.03535124644994103,254317,254317,253117,2018-12-18 13:50:18.048688,9218.352774,0.24873403644994335
2018-12-18 13:50:18.048688,short,0.33588768000000013,-0.049537924652185795,349883,349883,349883,2018-12-18 13:53:11.339951,173.291263,0.38542560465218595
2018-12-18 13:53:11.339951,long,1.527501879999972,-0.017417520625691962,700117,700117,700117,2018-12-18 14:30:26.854793,2235.514842,1.544919400625664
2018-12-18 14:30:26.854793,short,0.08698493999999998,-0.049116389627158454,349804,349804,349804,2018-12-18 14:50:32.301858,1205.447065,0.13610132962715843
2018-12-18 14:50:32.301858,long,0.13979760000000002,-0.049328872082279866,349494,349494,349494,2018-12-18 14:52:05.309128,93.00727,0.1891264720822799
2018-12-18 14:52:05.309128,short,0.00078936,-7.156605782851739e-05,506,506,506,2018-12-18 15:14:32.890667,1347.581539,0.0008609260578285174
2018-12-18 15:14:32.890667,long,0.12581784,-0.04953549211395318,349494,349494,349494,2018-12-18 15:29:27.022762,894.132095,0.17535333211395315
2018-12-18 15:29:27.022762,short,0.00054648,-7.180560900203871e-05,506,506,506,2018-12-18 15:46:22.569427,1015.546665,0.0006182856090020387
2018-12-18 15:46:22.569427,long,3.8455480300000198,0.0961204831260306,2105390,2105390,2105390,2018-12-18 23:11:52.738171,26730.168744,3.749427546873989
2018-12-18 23:11:52.738171,short,0.39962431999998843,-0.04445137685908573,699839,699839,699839,2018-12-18 23:14:48.384291,175.64612,0.44407569685907416
2018-12-18 23:14:48.384291,long,0.06147072,0.0018436461088161729,13248,13248,13248,2018-12-18 23:17:37.013800,168.629509,0.059627073891183824
2018-12-18 23:17:37.013800,short,1.2470392600000118,-0.09174138135703044,673615,673615,673615,2018-12-18 23:18:14.598424,37.584624,1.3387806413570422
2018-12-18 23:18:14.598424,long,0.7754131499999559,-0.14737959918429844,1076385,1076385,1076385,2018-12-18 23:31:33.787140,799.188716,0.9227927491842544
2018-12-18 23:31:33.787140,short,0.00206055,-0.0004943261632016008,3615,3615,3615,2018-12-18 23:40:07.599722,513.812582,0.002554876163201601
2018-12-18 23:40:07.599722,long,2.1403754600000005,-0.04781679539159855,352246,352246,352246,2018-12-19 01:12:38.144782,5550.54506,2.188192255391599
2018-12-19 01:12:38.144782,short,1.006862819999978,-0.1484651181140642,1747951,1747951,1747951,2018-12-19 04:43:40.859056,12662.714274,1.1553279381140422
2018-12-19 04:43:40.859056,long,0.0005634,-0.0004211252343370568,3130,3130,3130,2018-12-19 04:44:31.822857,50.963801,0.000984525234337057
2018-12-19 04:44:31.822857,short,0.12487319999999999,-0.04668513386992184,346870,346870,346870,2018-12-19 04:57:28.231026,776.408169,0.17155833386992184
2018-12-19 04:57:28.231026,long,0.0031613,-0.00042074984257815855,3130,3130,3130,2018-12-19 05:10:14.393671,766.162645,0.0035820498425781586
2018-12-19 05:10:14.393671,short,0.17343500000000003,-0.0465844190642343,346870,346870,346870,2018-12-19 05:22:33.909276,739.515605,0.22001941906423433
2018-12-19 05:22:33.909276,long,-0.0004962,-0.00042087139794065804,3130,3130,3130,2018-12-19 06:00:48.559119,2294.649843,-7.532860205934199e-05
2018-12-19 06:00:48.559119,short,-0.02449090000000001,-0.04680458894254279,349870,349870,349870,2018-12-19 06:21:59.860934,1271.301815,0.022313688942542778
2018-12-19 06:21:59.860934,long,0.000377,1.710567660016286e-05,130,130,130,2018-12-19 10:40:20.979140,15501.118206,0.00035989432339983716
2018-12-19 10:40:20.979140,short,-3.919807959999883,0.3082958565328371,2802073,2802073,2452073,2018-12-19 14:29:16.495017,13735.515877,-4.2281038165327205
2018-12-19 14:29:16.495017,long,-0.4914242799999956,0.051139410447780934,1047927,1047927,1047927,2018-12-19 14:44:43.221088,926.726071,-0.5425636904477765
2018-12-19 14:44:43.221088,short,0.2619022000000007,0.05924283527331602,352073,352073,352073,2018-12-19 14:48:39.786893,236.565805,0.20265936472668467
2018-12-19 14:48:39.786893,long,0.6624745999999968,0.12208252917417207,697927,697927,697927,2018-12-19 15:01:34.400119,774.613226,0.5403920708258247
2018-12-19 15:01:34.400119,short,1.3727819999998343,0.0027357193075119445,1402073,1402073,1402073,2018-12-19 15:34:32.885945,1978.485826,1.3700462806923224
2018-12-19 15:34:32.885945,long,0.6081088899999939,-0.0008358066533621445,692483,692483,692483,2018-12-19 16:07:52.377628,1999.491683,0.608944696653356
2018-12-19 16:07:52.377628,short,0.30248182000000495,0.04748253211139819,357517,357517,350117,2018-12-19 16:16:09.377447,496.999819,0.25499928788860676
2018-12-19 16:16:09.377447,long,1.1056624599999934,0.03772525134133857,699883,699883,699883,2018-12-19 16:49:35.347100,2005.969653,1.0679372086586547
2018-12-19 16:49:35.347100,short,0.46649478000001077,0.024005389030625473,881825,881825,531825,2018-12-19 17:45:27.772331,3352.425231,0.4424893909693853
2018-12-19 17:45:27.772331,long,-1.5704149399998415,-0.020701119317307653,2800175,2800175,2100175,2018-12-20 00:18:22.950298,23575.177967,-1.5497138206825338
2018-12-20 00:18:22.950298,short,-0.032290529999984316,0.12769513192980775,350151,350151,350151,2018-12-20 00:30:06.740359,703.790061,-0.15998566192979208
2018-12-20 00:30:06.740359,long,0.7671630000000289,0.044297375844100095,1005147,1005147,700147,2018-12-20 01:07:24.627800,2237.887441,0.7228656241559288
2018-12-20 01:07:24.627800,short,-0.00915572,-0.0065009219216,48188,48188,48188,2018-12-20 01:08:24.702366,60.074566,-0.002654798078399999
2018-12-20 01:08:24.702366,long,0.00366024,0.00024162114,1812,1812,1812,2018-12-20 01:20:37.970623,733.268257,0.00341861886
2018-12-20 01:20:37.970623,short,0.2754000800000195,0.05491088346451066,348188,348188,348188,2018-12-20 01:22:31.489730,113.519107,0.2204891965355088
2018-12-20 01:22:31.489730,long,0.793831300000089,-0.19741127592240537,1572955,1572955,749983,2018-12-20 02:05:37.128552,2585.638822,0.9912425759224943
2018-12-20 02:05:37.128552,short,0.6094092600000018,0.18433977873528284,700017,700017,700017,2018-12-20 02:44:35.469124,2338.340572,0.425069481264719
2018-12-20 02:44:35.469124,long,-0.014564650000026064,-0.20207208868572604,1504420,1504420,1423947,2018-12-20 03:31:34.001442,2818.532318,0.18750743868569997
2018-12-20 03:31:34.001442,short,-2.914352409999945,0.392295921527182,3400634,3400634,1400045,2018-12-20 08:10:44.747587,16750.746145,-3.306648331527127
2018-12-20 08:10:44.747587,long,2.850854739999999,0.045535313167767204,1759955,1759955,1409955,2018-12-20 08:36:24.302274,1539.554687,2.8053194268322317
2018-12-20 08:36:24.302274,short,0.9268604399999998,0.04228291627244646,335819,335819,335819,2018-12-20 08:38:42.442828,138.140554,0.8845775237275533
2018-12-20 08:38:42.442828,long,0.06882407999999707,-0.042522299239847794,354181,354181,354181,2018-12-20 09:35:01.468775,3379.025947,0.11134637923984486
2018-12-20 09:35:01.468775,short,0.10844389,-0.0435375233465052,349819,349819,349819,2018-12-20 09:36:32.158961,90.690186,0.1519814133465052
2018-12-20 09:36:32.158961,long,0.00063712,-2.2381264812758383e-05,181,181,181,2018-12-20 09:59:43.730256,1391.571295,0.0006595012648127584
2018-12-20 09:59:43.730256,short,0.7451144699999999,0.04350796843406286,349819,349819,349819,2018-12-20 10:14:49.148202,905.417946,0.701606501565937
2018-12-20 10:14:49.148202,long,0.00038553,6.69559640477052e-05,181,181,181,2018-12-20 11:22:27.736686,4058.588484,0.00031857403595229476
2018-12-20 11:22:27.736686,short,0.31833529,0.04286935890275497,349819,349819,349819,2018-12-20 11:26:23.928503,236.191817,0.27546593109724504
2018-12-20 11:26:23.928503,long,0.00016471,-2.2263431543379085e-05,181,181,181,2018-12-20 16:36:07.312397,18583.383894,0.00018697343154337908
2018-12-20 16:36:07.312397,short,0.1049457,-0.042975144202754355,349819,349819,349819,2018-12-20 16:38:08.008944,120.696547,0.14792084420275436
2018-12-20 16:38:08.008944,long,0.00019005,-2.22018522134469e-05,181,181,181,2018-12-20 16:49:11.454986,663.446042,0.00021225185221344692
2018-12-20 16:49:11.454986,short,1.7370235800000016,0.06787677426209336,549819,549819,449819,2018-12-20 17:51:26.763636,3735.30865,1.6691468057379082
2018-12-20 17:51:26.763636,long,0.00013756,2.2462998160495477e-05,181,181,181,2018-12-20 17:54:24.010865,177.247229,0.00011509700183950453
2018-12-20 17:54:24.010865,short,0.16594569999999864,-0.030861766591481505,449819,449819,449819,2018-12-20 18:04:12.955661,588.944796,0.19680746659148016
2018-12-20 18:04:12.955661,long,8.326e-05,-2.2366162485160606e-05,181,181,181,2018-12-20 18:06:01.865325,108.909664,0.0001056261624851606
2018-12-20 18:06:01.865325,short,0.5600545200000081,-0.027767615794644776,674819,674819,449819,2018-12-20 18:44:40.739202,2318.873877,0.5878221357946529
2018-12-20 18:44:40.739202,long,0.00022263,-2.2387398699687253e-05,181,181,181,2018-12-20 18:56:44.343232,723.60403,0.00024501739869968724
2018-12-20 18:56:44.343232,short,0.17086244,-0.027780743855188864,224819,224819,224819,2018-12-20 19:03:32.079023,407.735791,0.19864318385518887
2018-12-20 19:03:32.079023,long,0.00010498,-2.237427670544631e-05,181,181,181,2018-12-20 19:35:17.588583,1905.50956,0.0001273542767054463
2018-12-20 19:35:17.588583,short,3.1141117300000003,-0.05631754347480886,449819,449819,449819,2018-12-20 20:09:21.713468,2044.124885,3.170429273474809
2018-12-20 20:09:21.713468,long,0.31399831,0.02977797338351428,250181,250181,250181,2018-12-20 20:10:36.036869,74.323401,0.2842203366164857
2018-12-20 20:10:36.036869,short,0.752366789999997,0.1099857436396152,449819,449819,449819,2018-12-20 20:17:05.392659,389.35579,0.6423810463603817
2018-12-20 20:17:05.392659,long,0.00015204,6.90649543565093e-05,181,181,181,2018-12-20 20:17:24.362980,18.970321,8.29750456434907e-05
2018-12-20 20:17:24.362980,short,-0.064229980000003,-0.0023169023756917824,449819,449819,449819,2018-12-20 20:43:14.931465,1550.568485,-0.061913077624311225
2018-12-20 20:43:14.931465,long,-0.00014661,2.309372792900666e-05,181,181,181,2018-12-20 20:44:11.196498,56.265033,-0.00016970372792900667
2018-12-20 20:44:11.196498,short,0.14979264999999387,0.15496406693212486,408761,408761,408761,2018-12-20 20:45:58.953047,107.756549,-0.0051714169321309955
2018-12-20 20:45:58.953047,long,0.7057521800000026,0.11606597415549162,901222,901222,901222,2018-12-20 21:02:18.854105,979.901058,0.589686205844511
2018-12-20 21:02:18.854105,short,0.6150950400000987,1.2129310374221733,8907709,8907709,1368264,2018-12-21 12:46:24.573277,56645.719172,-0.5978359974220746
2018-12-21 12:46:24.573277,long,-0.059287770000001266,0.03916766883199999,105438,105438,105438,2018-12-21 12:50:31.464488,246.891211,-0.09845543883200125
2018-12-21 12:50:31.464488,short,2.1804425300000094,0.09438553495702653,1794562,1794562,894562,2018-12-21 15:44:15.330704,10423.866216,2.086056995042983
2018-12-21 15:44:15.330704,long,0.00332256,-0.0008720663567214625,6922,6922,6922,2018-12-21 15:45:23.789219,68.458515,0.004194626356721462
2018-12-21 15:45:23.789219,short,6.223565830000001,0.07793514284122276,907469,907469,907469,2018-12-21 20:46:48.869340,18085.080121,6.1456306871587785
2018-12-21 20:46:48.869340,long,0.23988863999999616,0.05792902097425871,454849,454849,454849,2018-12-21 21:06:55.819269,1206.949929,0.18195961902573743
2018-12-21 21:06:55.819269,short,-1.8751646900000103,0.4292358892474333,3173486,3173486,1802216,2018-12-21 22:21:14.525480,4458.706211,-2.3044005792474436
2018-12-21 22:21:14.525480,long,0.4900600099999764,0.06325462061309811,816469,816469,768893,2018-12-21 22:50:24.732684,1750.207204,0.4268053893868783
2018-12-21 22:50:24.732684,short,0.9536994199999783,-0.030837391462881683,1434161,1434161,902348,2018-12-22 03:33:38.579951,16993.847267,0.98453681146286
2018-12-22 03:33:38.579951,long,-0.0001653,1.2491576081324868e-05,95,95,95,2018-12-22 04:00:56.477707,1637.897756,-0.00017779157608132487
2018-12-22 04:00:56.477707,short,-1.205640890000122,0.813436678071195,4758640,4758640,1349905,2018-12-22 23:10:39.167602,68982.689895,-2.0190775680713173
2018-12-22 23:10:39.167602,long,0.00206848,0.00030684115789359487,808,808,808,2018-12-22 23:11:28.717422,49.54982,0.0017616388421064053
2018-12-22 23:11:28.717422,short,-0.34814373,-0.030588735818607868,449192,449192,449192,2018-12-22 23:13:22.940333,114.222911,-0.3175549941813921
2018-12-22 23:13:22.940333,long,-0.3238629600000004,0.12322931164413875,444063,444063,444063,2018-12-22 23:41:05.486754,1662.546421,-0.44709227164413917
2018-12-22 23:41:05.486754,short,1.6295014699999384,-0.24331447977235252,2283740,2283740,900473,2018-12-23 15:02:59.718738,55314.231984,1.872815949772291
2018-12-23 15:02:59.718738,long,0.34611022000002034,0.06909513491571347,1799296,1799296,1386018,2018-12-23 16:36:52.951435,5633.232697,0.2770150850843069
2018-12-23 16:36:52.951435,short,0.0294096,0.007867838142058813,62451,62451,62451,2018-12-23 17:13:45.815430,2212.863995,0.02154176185794119
2018-12-23 17:13:45.815430,long,0.29246685,-0.0570274161395588,449949,449949,449949,2018-12-23 17:45:04.305314,1878.489884,0.3494942661395588
2018-12-23 17:45:04.305314,short,0.6841246800000025,-0.05637253892538767,450051,450051,450051,2018-12-24 02:13:35.646666,30511.341352,0.7404972189253901
2018-12-24 02:13:35.646666,long,1.6598136600000004,-0.05361645715032661,449814,449814,449814,2018-12-24 05:43:17.846835,12582.200169,1.713430117150327
2018-12-24 05:43:17.846835,short,0.00084816,-2.2203271800101988e-05,186,186,186,2018-12-24 10:18:17.343910,16499.497075,0.000870363271800102
2018-12-24 10:18:17.343910,long,-0.5892563399999998,-0.054374056429807284,449814,449814,449814,2018-12-24 11:08:15.809312,2998.465402,-0.5348822835701925
2018-12-24 11:08:15.809312,short,0.4755539200000041,0.03915311687215472,450186,450186,450186,2018-12-24 15:02:46.843915,14071.034603,0.4364008031278494
2018-12-24 15:02:46.843915,long,0.01626552,-0.0017005671287520824,14268,14268,14268,2018-12-24 15:32:18.511291,1771.667376,0.01796608712875208
2018-12-24 15:32:18.511291,short,0.99782628,-0.0520601051492245,435732,435732,435732,2018-12-24 15:51:58.898864,1180.387573,1.0498863851492244
2018-12-24 15:51:58.898864,long,-1.5996184999999976,-0.03735665462168064,368077,368077,368077,2018-12-24 15:58:04.409823,365.510959,-1.562261845378317
2018-12-24 15:58:04.409823,short,0.7070767999999992,0.05468770132512884,441923,441923,441923,2018-12-24 16:00:18.238098,133.828275,0.6523890986748704
2018-12-24 16:00:18.238098,long,0.10464149000000089,-0.011636123013000765,109978,109978,109978,2018-12-24 16:01:57.303677,99.065579,0.11627761301300166
2018-12-24 16:01:57.303677,short,10.562739310000048,0.27048073837269654,4256221,4256221,1340022,2018-12-25 03:29:33.442840,41256.139163,10.29225857162735
2018-12-25 03:29:33.442840,long,0.00014178,3.6589812865302234e-05,278,278,278,2018-12-25 03:30:41.338129,67.895289,0.00010519018713469775
2018-12-25 03:30:41.338129,short,0.3206358000000339,0.16851808775757995,450542,450542,450542,2018-12-25 04:28:24.626772,3463.288643,0.15211771224245393
2018-12-25 04:28:24.626772,long,0.31911517999999994,-0.059848448777335334,449458,449458,449458,2018-12-25 04:43:22.548832,897.92206,0.37896362877733525
2018-12-25 04:43:22.548832,short,-0.00068834,-7.190271618469582e-05,542,542,542,2018-12-25 06:19:23.093875,5760.545043,-0.0006164372838153041
2018-12-25 06:19:23.093875,long,0.8297655500000044,0.10970290352504115,899458,899458,899458,2018-12-25 07:56:06.967892,5803.874017,0.7200626464749632
2018-12-25 07:56:06.967892,short,0.0011490399999999998,-7.21210719665272e-05,542,542,542,2018-12-25 08:01:07.146525,300.178633,0.001221161071966527
2018-12-25 08:01:07.146525,long,0.2657781999999998,-0.02388521259814292,364791,364791,364791,2018-12-25 08:02:13.303910,66.157385,0.2896634125981427
2018-12-25 08:02:13.303910,short,-0.00369839,-0.000693146361540039,5209,5209,5209,2018-12-25 08:23:27.535963,1274.232053,-0.0030052436384599614
2018-12-25 08:23:27.535963,long,3.816335110000052,0.5031495675596824,4429079,4429079,1350608,2018-12-25 20:45:43.470972,44535.935009,3.31318554244037
2018-12-25 20:45:43.470972,short,2.430957309999875,0.42774137270583545,3581725,3581725,1350043,2018-12-26 14:44:53.891494,64750.420522,2.0032159372940397
2018-12-26 14:44:53.891494,long,1.5524808399999843,0.1473384806275362,1349589,1349589,1349589,2018-12-26 14:48:28.681640,214.790146,1.4051423593724481
2018-12-26 14:48:28.681640,short,7.398e-05,5.5454097301683246e-05,411,411,411,2018-12-26 14:48:55.903741,27.222101,1.852590269831676e-05
2018-12-26 14:48:55.903741,long,0.17983559999999998,0.060685453504348424,449589,449589,449589,2018-12-26 14:54:27.229995,331.326254,0.11915014649565156
2018-12-26 14:54:27.229995,short,0.059049160000004444,0.11860591407876571,933242,933242,455917,2018-12-26 21:24:49.781322,23422.551327,-0.059556754078761265
2018-12-26 21:24:49.781322,long,0.7417379200000028,0.060729644646083276,448459,448459,448459,2018-12-26 21:45:24.823167,1235.041845,0.6810082753539195
2018-12-26 21:45:24.823167,short,4.921710430000008,0.12311745911468783,910306,910306,456806,2018-12-27 23:29:03.373263,92618.550096,4.79859297088532
2018-12-27 23:29:03.373263,long,0.021034979999999696,0.0034130276507552256,24363,24363,24363,2018-12-28 09:01:27.412017,34344.038754,0.01762195234924447
2018-12-28 09:01:27.412017,short,0.63848454,-0.062186736378416915,449637,449637,449637,2018-12-28 09:14:50.662771,803.250754,0.7006712763784169
2018-12-28 09:14:50.662771,long,0.00570273,-4.89069503626807e-05,363,363,363,2018-12-28 15:36:58.775673,22928.112902,0.00575163695036268
2018-12-28 15:36:58.775673,short,4.412035349999951,0.17264940554346653,3890544,3890544,900137,2018-12-29 23:46:21.569832,115762.794159,4.239385944456485
2018-12-29 23:46:21.569832,long,0.8798723199999884,-0.10108310575724595,750456,750456,750456,2018-12-29 23:53:54.980896,453.411064,0.9809554257572344
2018-12-29 23:53:54.980896,short,0.5230570399999926,0.060275790959619865,449544,449544,449544,2018-12-29 23:59:29.954782,334.973886,0.46278124904037277
2018-12-29 23:59:29.954782,long,0.00082536,-6.133303531825988e-05,456,456,456,2018-12-30 00:03:11.927304,221.972522,0.0008866930353182598
2018-12-30 00:03:11.927304,short,-5.902537989999977,0.281245314427852,2049149,2049149,900664,2018-12-30 09:30:49.821270,34057.893966,-6.183783304427829
2018-12-30 09:30:49.821270,long,-0.00035685,0.00021446678481583034,549,549,549,2018-12-30 09:34:47.818214,237.996944,-0.0005713167848158303
2018-12-30 09:34:47.818214,short,5.681969070000002,0.05006797411461181,1601662,1601662,454933,2019-01-01 13:06:01.033977,185473.215763,5.63190109588539
2019-01-01 13:06:01.033977,long,0.00032279,2.548121341642451e-05,191,191,191,2019-01-01 13:53:46.315336,2865.281359,0.0002973087865835755
2019-01-01 13:53:46.315336,short,1.081076559999967,0.19624760792634052,1083923,1083923,450423,2019-01-04 13:30:52.163310,257825.847974,0.8848289520736264
2019-01-04 13:30:52.163310,long,-0.17533503,0.05945528087847316,449577,449577,449577,2019-01-04 13:51:45.589697,1253.426387,-0.23479031087847316
2019-01-04 13:51:45.589697,short,-0.00017766,-5.601966305920359e-05,423,423,423,2019-01-04 14:07:30.031710,944.442013,-0.00012164033694079641
2019-01-04 14:07:30.031710,long,-0.3548323199999952,0.1205041465854936,899577,899577,899577,2019-01-04 14:48:20.725720,2450.69401,-0.4753364665854888
2019-01-04 14:48:20.725720,short,0.4693913599999929,-0.05851054334460788,450403,450403,450403,2019-01-07 05:14:50.772684,224790.046964,0.5279019033446007
2019-01-07 05:14:50.772684,long,-0.28497271000003443,0.06091807799960778,2838149,2838149,900246,2019-01-10 06:42:29.207373,264458.434689,-0.34589078799964224
2019-01-10 06:42:29.207373,short,0.5176332200000057,0.07549614852522156,600960,600960,450960,2019-01-10 16:10:44.987207,34095.779834,0.4421370714747841
2019-01-10 16:10:44.987207,long,2.1337730600000007,-0.0007060834939312823,899284,899284,899284,2019-01-10 16:36:12.255763,1527.268556,2.134479143493932
2019-01-10 16:36:12.255763,short,0.00054544,6.737177312814442e-05,487,487,487,2019-01-10 17:10:18.091048,2045.835285,0.0004780682268718556
2019-01-10 17:10:18.091048,long,0.380886050000002,-0.05968478363827103,449513,449513,449513,2019-01-10 17:25:37.042729,918.951681,0.440570833638273
2019-01-10 17:25:37.042729,short,0.00097887,-6.781823391590706e-05,487,487,487,2019-01-10 19:17:28.116891,6711.074162,0.001046688233915907
2019-01-10 19:17:28.116891,long,2.0819662300000004,-0.062302861532748416,449513,449513,449513,2019-01-11 01:21:01.227937,21813.111046,2.144269091532749
2019-01-11 01:21:01.227937,short,7.44522809000003,-0.14216180527548314,2418947,2418947,1442241,2019-01-12 06:34:51.439459,105230.211522,7.587389895275513
2019-01-12 06:34:51.439459,long,-0.0040281399999999995,0.0003832412676152019,2759,2759,2759,2019-01-13 09:05:54.501775,95463.062316,-0.0044113812676152015
2019-01-13 09:05:54.501775,short,3.6487886200000075,0.027806229581410248,447241,447241,447241,2019-01-13 16:08:47.131357,25372.629582,3.620982390418597
2019-01-13 16:08:47.131357,long,7.110890429999992,0.04376002489731639,2252759,2252759,900708,2019-01-14 15:35:19.150395,84392.019038,7.067130405102676
2019-01-14 15:35:19.150395,short,19.43081825999999,-0.08922613656247635,6717900,6717900,1541820,2019-01-21 22:25:13.034896,629393.884501,19.52004439656247
2019-01-21 22:25:13.034896,long,0.6140787299999999,-0.07147375166116518,499251,499251,499251,2019-01-21 22:25:59.963077,46.928181,0.6855524816611651
2019-01-21 22:25:59.963077,short,-0.00369257,-0.00010607513678021806,749,749,749,2019-01-23 10:24:02.042610,129482.079533,-0.003586494863219782
2019-01-23 10:24:02.042610,long,0.16198021000000012,-0.07004856877633495,499251,499251,499251,2019-01-23 17:13:05.990718,24543.948108,0.23202877877633507
2019-01-23 17:13:05.990718,short,11.78252071000004,-0.6210774368835873,6524116,6524116,1500128,2019-01-29 17:41:44.943676,520118.952958,12.403598146883628
2019-01-29 17:41:44.943676,long,0.00049685,7.715831613903527e-05,523,523,523,2019-01-29 17:44:02.655476,137.7118,0.0004196916838609647
2019-01-29 17:44:02.655476,short,1.571414079999996,-0.19374705217759433,1326361,1326361,826361,2019-02-01 02:30:15.955759,204373.300283,1.7651611321775904
2019-02-01 02:30:15.955759,long,2.0663339700000005,0.19263018783241323,499639,499639,499639,2019-02-01 12:14:22.010539,35046.05478,1.8737037821675873
2019-02-01 12:14:22.010539,short,0.00012274,5.271054904180866e-05,361,361,361,2019-02-01 12:56:37.996017,2535.985478,7.002945095819135e-05
2019-02-01 12:56:37.996017,long,1.7671983900000556,0.029317752548850932,6082051,6082051,1000652,2019-02-10 10:04:17.038577,767259.04256,1.7378806374512048
2019-02-10 10:04:17.038577,short,-0.9148017599999986,0.13782342225114874,999348,999348,999348,2019-02-10 22:29:39.207730,44722.169153,-1.0526251822511474
2019-02-10 22:29:39.207730,long,2.0676800399999826,0.30229898988184517,1000652,1000652,1000652,2019-02-11 00:07:40.740917,5881.533187,1.7653810501181375
2019-02-11 00:07:40.740917,short,0.6624517099999917,0.06960611341418396,500043,500043,500043,2019-02-12 00:11:12.721091,86611.980174,0.5928455965858077
2019-02-12 00:11:12.721091,long,1.5600542099999846,-0.1397945337987534,1000057,1000057,999957,2019-02-13 06:23:42.498994,108749.777903,1.699848743798738
2019-02-13 06:23:42.498994,short,-0.41995212000000004,-0.06923438655810052,499943,499943,499943,2019-02-13 06:34:02.609858,620.110864,-0.3507177334418995
2019-02-13 06:34:02.609858,long,-7.011e-05,7.931446714312818e-06,57,57,57,2019-02-13 06:46:45.939976,763.330118,-7.804144671431282e-05
2019-02-13 06:46:45.939976,short,-2.688218290000082,0.3473889552199431,5000053,5000053,1500506,2019-02-18 05:22:29.911893,426943.971917,-3.0356072452200253
2019-02-18 05:22:29.911893,long,1.3993571799999929,-0.06776687765404606,500094,500094,500094,2019-02-18 13:19:26.798951,28616.887058,1.467124057654039
2019-02-18 13:19:26.798951,short,-2.612421339999896,-0.6858018667142629,9414529,9414529,2000403,2019-02-20 15:41:35.445292,181328.646341,-1.9266194732856332
2019-02-20 15:41:35.445292,long,0.8747377400000161,-0.11753878729138718,1000062,1000062,500062,2019-02-21 13:17:16.630942,77741.18565,0.9922765272914034
2019-02-21 13:17:16.630942,short,0.8195183100000115,-0.05869795064613909,1500076,1500076,1000076,2019-02-22 08:33:52.164204,69395.533262,0.8782162606461507
2019-02-22 08:33:52.164204,long,0.6662629599999976,-0.06352098119999999,500124,500124,500124,2019-02-22 13:34:19.906255,18027.742051,0.7297839411999976
2019-02-22 13:34:19.906255,short,0.00013756,2.8975e-05,76,76,76,2019-02-23 05:53:50.912715,58771.00646,0.000108585
2019-02-23 05:53:50.912715,long,0.00149916,4.6320200000000004e-05,124,124,124,2019-02-23 22:18:17.200749,59066.288034,0.0014528398
2019-02-23 22:18:17.200749,short,1.4983001200000021,-0.004636557160152525,500076,500076,500076,2019-02-24 14:05:13.754832,56816.554083,1.5029366771601547
2019-02-24 14:05:13.754832,long,-0.5134747299999983,0.18591966775012733,499836,499836,499836,2019-02-24 14:06:53.462119,99.707287,-0.6993943977501257
2019-02-24 14:06:53.462119,short,4.1e-05,6.116461002516779e-05,164,164,164,2019-02-24 14:09:42.383041,168.920922,-2.016461002516779e-05
2019-02-24 14:09:42.383041,long,-1.2517353000000013,0.07580003743874653,2500036,2500036,2500036,2019-02-24 14:22:19.598892,757.215851,-1.3275353374387477
2019-02-24 14:22:19.598892,short,0.7809115000000028,-0.03996414817091895,500083,500083,500083,2019-02-24 14:27:43.434758,323.835866,0.8208756481709217
2019-02-24 14:27:43.434758,long,0.745814250000017,-0.012016534797750824,362903,362903,362903,2019-02-24 14:30:07.740750,144.305992,0.7578307847977678
2019-02-24 14:30:07.740750,short,0.9596568000000049,0.06701651899164443,1263451,1263451,600880,2019-02-24 16:01:40.241209,5492.500459,0.8926402810083605
2019-02-24 16:01:40.241209,long,1.3643058399999997,-0.07963395096735591,599120,599120,599120,2019-02-24 17:19:03.864910,4643.623701,1.4439397909673555
2019-02-24 17:19:03.864910,short,-0.3798587900002343,0.5379124046389688,3600342,3600342,1800342,2019-02-28 02:47:38.248003,293314.383093,-0.9177711946392031
2019-02-28 02:47:38.248003,long,0.5374533900000031,-0.01378307634047767,174483,174483,174483,2019-02-28 15:39:18.437682,46300.189679,0.5512364663404808
2019-02-28 15:39:18.437682,short,1.0271124099999978,0.0772429766387188,599918,599918,599918,2019-02-28 15:40:33.300955,74.863273,0.9498694333612789
2019-02-28 15:40:33.300955,long,-0.00010332,1.0740368425485323e-05,82,82,82,2019-03-01 22:07:16.121638,109602.820683,-0.00011406036842548531
2019-03-01 22:07:16.121638,short,1.7892585500000453,-0.06755558948749996,1586289,1586289,1200118,2019-03-04 05:18:54.537420,198698.415782,1.8568141394875453
2019-03-04 05:18:54.537420,long,0.011195880000001556,0.0821852392421661,598081,598081,598081,2019-03-04 05:23:27.326015,272.788595,-0.07098935924216454
2019-03-04 05:23:27.326015,short,0.00245632,-0.00025923759969331253,1919,1919,1919,2019-03-04 10:03:20.202412,16792.876397,0.0027155575996933128
2019-03-04 10:03:20.202412,long,5.118705249999999,-0.1605293076349729,1200381,1200381,600381,2019-03-05 13:50:42.961023,100042.758611,5.279234557634972
2019-03-05 13:50:42.961023,short,8.213829630000179,-0.1855773036628569,7455449,7455449,2108529,2019-03-12 03:08:01.688413,566238.72739,8.399406933663036
2019-03-12 03:08:01.688413,long,2.856648179999994,-0.09123247445714289,700132,700132,700132,2019-03-12 13:08:05.113295,36003.424882,2.947880654457137
2019-03-12 13:08:05.113295,short,7.752e-05,2.6401e-05,68,68,68,2019-03-13 19:27:18.912482,109153.799187,5.1119e-05
2019-03-13 19:27:18.912482,long,-0.9139356199999942,0.36399403240201705,1400132,1400132,700132,2019-03-14 14:28:35.723624,68476.811142,-1.2779296524020112
2019-03-14 14:28:35.723624,short,7.813476789999863,0.14887789703798213,11113251,11113251,1622913,2019-03-28 10:37:21.704221,1195725.980597,7.664598892961881
2019-03-28 10:37:21.704221,long,2.919472500000022,-0.26113193474665763,2100063,2100063,1400063,2019-03-30 00:49:17.213991,137515.50977,3.1806044347466798
2019-03-30 00:49:17.213991,short,2.058210709999997,-0.08524620524334228,700137,700137,699937,2019-03-30 04:11:41.337103,12144.123112,2.1434569152433394
2019-03-30 04:11:41.337103,long,0.00013671,2.33415e-05,63,63,63,2019-03-30 04:33:26.237336,1304.900233,0.00011336850000000001
2019-03-30 04:33:26.237336,short,-4.348375240000022,0.03340191135000035,3243668,3243668,2100137,2019-04-02 03:13:46.799024,254420.561688,-4.381777151350023
2019-04-02 03:13:46.799024,long,6.708e-05,2.8005900000000002e-05,78,78,78,2019-04-02 04:30:37.715635,4610.916611,3.90741e-05
2019-04-02 04:30:37.715635,short,-66.78506317999987,0.9394001472365318,10140839,10140839,3500122,2019-04-02 05:57:19.353425,5201.63779,-67.72446332723639
2019-04-02 05:57:19.353425,long,-1.9540168300000749,0.07602831339596922,5160595,5160595,2100595,2019-04-02 09:37:09.955198,13190.601773,-2.0300451433960442
2019-04-02 09:37:09.955198,short,3.549052,-0.057094967432500005,541840,541840,541840,2019-04-02 14:10:20.614585,16390.659387,3.6061469674325
2019-04-02 14:10:20.614585,long,14.091182929999974,-0.26774165747457324,2541389,2541389,1201389,2019-04-02 23:54:16.598747,35035.984162,14.358924587474547
2019-04-02 23:54:16.598747,short,-3.6957173400000065,0.11922528144971407,1198611,1198611,1198611,2019-04-03 00:28:45.405439,2068.806692,-3.8149426214497204
2019-04-03 00:28:45.405439,long,-0.00112509,0.0001388950975569717,1389,1389,1389,2019-04-03 00:33:37.010608,291.605169,-0.0012639850975569716
2019-04-03 00:33:37.010608,short,0.0,-0.060222959712195316,598611,598611,598611,2019-04-03 00:34:42.350272,65.339664,0.060222959712195316
2019-04-03 00:34:42.350272,long,0.7605665999999908,-0.05988942524150265,601389,601389,601389,2019-04-03 03:13:36.888049,9534.537777,0.8204560252414934
2019-04-03 03:13:36.888049,short,-0.0296217,0.005525171731000001,55890,55890,55890,2019-04-03 03:47:45.111070,2048.223021,-0.035146871731
2019-04-03 03:47:45.111070,long,14.713462129999966,-0.5885686785646891,11021434,11021434,3049378,2019-04-03 16:25:52.279822,45487.168752,15.302030808564655
2019-04-03 16:25:52.279822,short,0.7586573899998913,-0.06753161551458552,5247864,5247864,2800584,2019-04-03 22:43:43.778758,22671.498936,0.8261890055144768
2019-04-03 22:43:43.778758,long,1.6116768900000131,-0.11848267044822572,1196083,1196083,1196083,2019-04-04 01:19:40.242190,9356.463432,1.730159560448239
2019-04-04 01:19:40.242190,short,1.521894049999973,0.07228144364250001,718707,718707,718707,2019-04-04 02:26:23.350201,4003.108011,1.4496126063574728
2019-04-04 02:26:23.350201,long,0.00108612,0.00012948140976202097,1293,1293,1293,2019-04-04 02:53:11.919788,1608.569587,0.0009566385902379791
2019-04-04 02:53:11.919788,short,1.03834556,-0.053977951536899015,698707,698707,698707,2019-04-04 03:28:35.741774,2123.821986,1.092323511536899
2019-04-04 03:28:35.741774,long,0.5884582999999544,-0.07024526693620729,700287,700287,700287,2019-04-04 04:30:02.406433,3686.664659,0.6587035669361616
2019-04-04 04:30:02.406433,short,-3.631496849999868,-0.1818238036918616,2328888,2328888,2100013,2019-04-04 08:43:58.355830,15235.949397,-3.4496730463080065
2019-04-04 08:43:58.355830,long,2.1275446299998393,-0.13644071226979443,6217967,6217967,2801092,2019-04-04 12:55:18.595672,15080.239842,2.263985342269634
2019-04-04 12:55:18.595672,short,0.5307490399999999,-0.06970271274000003,698354,698354,698354,2019-04-04 13:03:09.122312,470.52664,0.60045175274
2019-04-04 13:03:09.122312,long,-0.5764091000000463,-0.06966984539031199,2101646,2101646,1401646,2019-04-05 05:07:01.739758,57832.617446,-0.5067392546097343
2019-04-05 05:07:01.739758,short,0.31502869999993954,-0.1407203009096881,1400067,1400067,1400067,2019-04-05 05:33:53.846915,1612.107157,0.45574900090962767
2019-04-05 05:33:53.846915,long,0.18748091999999383,-0.020972615166666663,208272,208272,208272,2019-04-05 11:21:38.544671,20864.697756,0.2084535351666605
2019-04-05 11:21:38.544671,short,-0.2940237999999025,-0.1401628448,1400028,1400028,1400028,2019-04-05 11:52:34.740346,1856.195675,-0.15386095519990253
2019-04-05 11:52:34.740346,long,0.0001769,1.225504475563951e-05,122,122,122,2019-04-05 12:39:36.987335,2822.246989,0.00016464495524436048
2019-04-05 12:39:36.987335,short,0.3967470800000587,-0.13882758847808904,1400078,1400078,1400078,2019-04-05 13:35:22.426584,3345.439249,0.5355746684781477
2019-04-05 13:35:22.426584,long,15.590925949999777,-0.10901273163600017,5599518,5599518,2100155,2019-04-07 05:38:47.520807,144205.094223,15.699938681635777
2019-04-07 05:38:47.520807,short,1.5889101400000802,0.37653656360521476,2712051,2712051,2551474,2019-04-08 16:41:28.287626,126160.766819,1.2123735763948655
2019-04-08 16:41:28.287626,long,0.11065361999998555,-0.0813111133692146,850026,850026,850026,2019-04-09 02:01:12.823706,33584.53608,0.19196473336920014
2019-04-09 02:01:12.823706,short,0.2318372600000115,-0.08549488865153014,900174,900174,900174,2019-04-09 12:54:33.489095,39200.665389,0.31733214865154163
2019-04-09 12:54:33.489095,long,1.3689527400000163,-0.08294404652753962,1452680,1452680,900680,2019-04-10 05:40:18.839297,60345.350202,1.451896786527556
2019-04-10 05:40:18.839297,short,0.06300714000000743,-0.08583865144820296,900051,900051,900051,2019-04-10 12:01:36.435914,22877.596617,0.1488457914482104
2019-04-10 12:01:36.435914,long,0.07362050999998697,0.017084105227272727,278623,278623,278623,2019-04-10 12:34:33.079368,1976.643454,0.05653640477271424
2019-04-10 12:34:33.079368,short,0.02728932000002239,0.08978937531559673,945260,945260,800077,2019-04-10 17:02:29.257398,16076.17803,-0.06250005531557434
2019-04-10 17:02:29.257398,long,0.00018612,4.003163440327446e-05,141,141,141,2019-04-10 23:24:41.943694,22932.686296,0.00014608836559672553
2019-04-10 23:24:41.943694,short,0.648877639999966,-0.17290542689592336,2859085,2859085,2442938,2019-04-11 03:22:33.337725,14271.394031,0.8217830668958893
2019-04-11 03:22:33.337725,long,-0.16989685000005594,0.15158056969374228,3708904,3708904,2400910,2019-04-11 03:52:11.784578,1778.446853,-0.3214774196937982
2019-04-11 03:52:11.784578,short,-0.00027846,0.00019046564911702252,1989,1989,1989,2019-04-11 03:52:35.738968,23.95439,-0.00046892564911702253
2019-04-11 03:52:35.738968,long,0.711756489999938,0.09654168260306392,1600064,1600064,1600064,2019-04-11 04:13:39.914981,1264.176013,0.6152148073968741
2019-04-11 04:13:39.914981,short,0.09884825999999851,0.03184910589999999,339152,339152,339152,2019-04-11 05:24:41.697172,4261.782191,0.06699915409999851
2019-04-11 05:24:41.697172,long,1.9251940299995194,0.045897347100000006,5117170,5117170,3202541,2019-04-11 11:52:18.187523,23256.490351,1.8792966828995195
2019-04-11 11:52:18.187523,short,0.00016218,4.734078571428572e-05,159,159,159,2019-04-11 12:22:24.682270,1806.494747,0.00011483921428571427
2019-04-11 12:22:24.682270,long,6.109e-05,1.2194864285714285e-05,41,41,41,2019-04-11 13:00:59.682213,2314.999943,4.8895135714285715e-05
2019-04-11 13:00:59.682213,short,0.6601176599999847,-0.07911155085,800159,800159,800159,2019-04-11 13:49:42.398265,2922.716052,0.7392292108499847
2019-04-11 13:49:42.398265,long,2.892405059999587,0.001782632899999974,2400041,2400041,2400041,2019-04-11 15:30:03.824578,6021.426313,2.8906224270995873
2019-04-11 15:30:03.824578,short,0.6241001700000033,-0.0791607429,800159,800159,800159,2019-04-11 15:56:10.669696,1566.845118,0.7032609129000033
2019-04-11 15:56:10.669696,long,1.2947474099998735,-0.18304852530000026,4435662,4435662,3200041,2019-04-12 04:17:39.633918,44488.964222,1.4777959352998737
2019-04-12 04:17:39.633918,short,0.36013171999999,-0.07955101295170311,800148,800148,800148,2019-04-12 08:44:32.520320,16012.886402,0.43968273295169313
2019-04-12 08:44:32.520320,long,2.307954759999984,0.0774439146011559,793733,793733,793733,2019-04-12 23:04:09.346108,51576.825788,2.230510845398828
2019-04-12 23:04:09.346108,short,-1.9653775599999521,-0.29475873683349574,5300600,5300600,1600267,2019-04-15 17:29:35.607338,239126.26123,-1.6706188231664565
2019-04-15 17:29:35.607338,long,0.8715487400000003,-0.07930468872343106,799586,799586,799586,2019-04-15 17:47:37.952253,1082.344915,0.9508534287234314
2019-04-15 17:47:37.952253,short,-0.0024426,3.911706747330961e-05,414,414,414,2019-04-16 18:10:44.330027,87786.377774,-0.0024817170674733095
2019-04-16 18:10:44.330027,long,2.623707999999686,0.41788790964000005,6112541,6112541,3200086,2019-04-17 11:43:51.913172,63187.583145,2.205820090359686
2019-04-17 11:43:51.913172,short,0.5122257200000045,-0.07622722059999999,800114,800114,800114,2019-04-17 14:32:22.519697,10110.606525,0.5884529406000045
2019-04-17 14:32:22.519697,long,1.2474424900000172,0.00620941619999983,1600086,1600086,1600086,2019-04-18 07:13:34.082425,60071.562728,1.2412330738000172
2019-04-18 07:13:34.082425,short,4.968808689999106,0.25525327042353074,10282719,10282719,3200114,2019-04-21 12:27:30.892117,278036.809692,4.7135554195755756
2019-04-21 12:27:30.892117,long,3.7539541099998615,-0.06386675212352931,4000086,4000086,1600086,2019-04-21 23:48:41.627769,40870.735652,3.8178208621233907
2019-04-21 23:48:41.627769,short,7.182e-05,3.23076e-05,114,114,114,2019-04-22 01:12:15.482274,5013.854505,3.95124e-05
2019-04-22 01:12:15.482274,long,2.8970699900000745,-0.15130281445000004,1600087,1600087,1600087,2019-04-22 15:39:01.779952,52006.297678,3.0483728044500746
2019-04-22 15:39:01.779952,short,0.5034292300000308,-0.07084294472462982,844682,844682,844682,2019-04-22 15:48:56.572245,594.792293,0.5742721747246606
2019-04-22 15:48:56.572245,long,1.3098284899999886,0.16882327602462976,2400087,2400087,2400087,2019-04-22 17:39:55.687045,6659.1148,1.1410052139753588
2019-04-22 17:39:55.687045,short,-0.5588785500000507,0.3736688638499999,2324540,2324540,1700087,2019-04-22 18:10:54.918910,1859.231865,-0.9325474138500507
2019-04-22 18:10:54.918910,long,1.022e-05,4.07267e-05,146,146,146,2019-04-22 18:16:14.258757,319.339847,-3.0506699999999997e-05
2019-04-22 18:16:14.258757,short,5.94e-06,1.5066000000000001e-05,54,54,54,2019-04-22 18:18:17.010881,122.752124,-9.126e-06
2019-04-22 18:18:17.010881,long,1.2345024099998858,0.11936623238564079,1201890,1201890,850146,2019-04-22 19:01:09.657132,2572.646251,1.115136177614245
2019-04-22 19:01:09.657132,short,0.33152283999999804,-0.07854257018564093,850054,850054,850054,2019-04-22 19:09:37.669798,508.012666,0.41006541018563897
2019-04-22 19:09:37.669798,long,-0.8095803200000122,0.048928124499999955,1700146,1700146,1700146,2019-04-22 19:28:50.918711,1153.248913,-0.8585084445000122
2019-04-22 19:28:50.918711,short,-0.12747353999997513,-0.07894766419948586,850054,850054,850054,2019-04-22 20:02:33.586461,2022.66775,-0.04852587580048927
2019-04-22 20:02:33.586461,long,6.989517649999997,-0.060632153216041734,2550146,2550146,2550146,2019-04-23 04:24:20.420829,30106.834368,7.050149803216039
2019-04-23 04:24:20.420829,short,2.5639550199999928,0.15196228569114992,1699854,1699854,1699854,2019-04-23 04:31:05.508047,405.087218,2.4119927343088428
2019-04-23 04:31:05.508047,long,0.500753230000061,0.2318146480243776,850146,850146,850146,2019-04-23 05:06:40.233709,2134.725662,0.26893858197568343
2019-04-23 05:06:40.233709,short,7.665701850000308,0.26650784897428514,14302054,14302054,4402393,2019-04-24 08:13:48.558393,97628.324684,7.399194001026022
2019-04-24 08:13:48.558393,long,0.6440359699999475,-0.03130247987428569,1051407,1051407,1051407,2019-04-24 08:21:10.743340,442.184947,0.6753384498742332
2019-04-24 08:21:10.743340,short,0.3050105499998835,-0.18901087854999996,2069462,2069462,2000153,2019-04-24 09:07:20.762588,2770.019248,0.4940214285498834
2019-04-24 09:07:20.762588,long,1.974e-05,1.2887399999999998e-05,47,47,47,2019-04-24 09:17:28.631560,607.868972,6.852600000000003e-06
2019-04-24 09:17:28.631560,short,0.24007344000008216,-0.09130772975000001,1000153,1000153,1000153,2019-04-24 09:53:52.933990,2184.30243,0.33138116975008214
2019-04-24 09:53:52.933990,long,0.5900242899999233,0.07288575011298692,1561839,1561839,1561839,2019-04-24 10:22:32.754515,1719.820525,0.5171385398869364
2019-04-24 10:22:32.754515,short,0.00017595,4.2062047490836694e-05,153,153,153,2019-04-24 10:52:13.602000,1780.847485,0.0001338879525091633
2019-04-24 10:52:13.602000,long,1.7843389299997525,0.07328260928952213,4592670,4592670,2000047,2019-04-24 11:25:45.898286,2012.296286,1.7110563207102305
2019-04-24 11:25:45.898286,short,1.554539529999617,-0.027830852600000063,4251983,4251983,3000153,2019-04-24 16:22:53.320726,17827.42244,1.582370382599617
2019-04-24 16:22:53.320726,long,1.1484876599999334,-0.17137381734000096,9123050,9123050,5005196,2019-04-24 23:14:50.484793,24717.164067,1.3198614773399344
2019-04-24 23:14:50.484793,short,0.4637652500000281,0.0993287479766667,1002726,1002726,1002726,2019-04-25 03:03:30.456141,13719.971348,0.3644365020233614
2019-04-25 03:03:30.456141,long,0.6701917999999942,0.09262318561333331,1000274,1000274,1000274,2019-04-25 03:27:17.305944,1426.849803,0.577568614386661
2019-04-25 03:27:17.305944,short,1.196e-05,2.3887572565175006e-06,26,26,26,2019-04-25 03:38:28.071014,670.76507,9.571242743482501e-06
2019-04-25 03:38:28.071014,long,8.235903990000388,0.20745172264274334,6000074,6000074,3000074,2019-04-25 19:20:13.278457,56505.207443,8.028452267357645
2019-04-25 19:20:13.278457,short,1.4836201899999468,0.1657197564000001,2167084,2167084,2000026,2019-04-25 21:34:58.140482,8084.862025,1.3179004335999467
2019-04-25 21:34:58.140482,long,3.5544898099996267,0.34162226927920597,6346156,6346156,3800074,2019-04-25 22:31:02.843869,3364.703387,3.2128675407204206
2019-04-25 22:31:02.843869,short,-11.815916189999534,1.6073896159207952,16684636,16684636,5007702,2019-04-26 18:45:56.686255,72893.842386,-13.423305805920329
2019-04-26 18:45:56.686255,long,1.2501404499999917,0.07216931859999993,1000042,1000042,1000042,2019-04-27 03:59:25.583295,33208.89704,1.1779711313999919
2019-04-27 03:59:25.583295,short,7.308e-05,1.6968460271520215e-05,58,58,58,2019-04-27 04:20:31.562102,1265.978807,5.611153972847978e-05
2019-04-27 04:20:31.562102,long,0.7365299099999906,0.11456502733972851,421957,421957,421957,2019-04-27 13:26:41.820665,32770.258563,0.6219648826602621
2019-04-27 13:26:41.820665,short,0.24616611999993124,0.20984756351727168,3000058,3000058,3000058,2019-04-29 10:51:18.306327,163476.485662,0.03631855648265955
2019-04-29 10:51:18.306327,long,0.8331014599999991,0.1782949464827286,2093830,2093830,1000042,2019-04-29 14:03:20.450517,11522.14419,0.6548065135172705
2019-04-29 14:03:20.450517,short,-7.344426730000148,0.19420318101331094,3000058,3000058,2000058,2019-04-30 14:17:19.489678,87239.039161,-7.538629911013459
2019-04-30 14:17:19.489678,long,0.00058464,0.0001979421759137544,2088,2088,2088,2019-04-30 22:24:40.764554,29241.274876,0.0003866978240862456
2019-04-30 22:24:40.764554,short,-3.6561974499993135,0.5406848464051626,11000067,11000067,4000067,2019-05-03 06:42:11.691588,202650.927034,-4.1968822964044765
2019-05-03 06:42:11.691588,long,0.06565728000000035,0.008213967655610364,90531,90531,90531,2019-05-03 07:26:42.698607,2671.007019,0.057443312344389985
2019-05-03 07:26:42.698607,short,9.293548650000364,-0.21034065154999912,15088485,15088485,4000067,2019-05-05 10:12:15.341491,182732.642884,9.503889301550362
2019-05-05 10:12:15.341491,long,0.00011786,1.86446e-05,71,71,71,2019-05-05 10:58:26.919448,2771.577957,9.921539999999999e-05
2019-05-05 10:58:26.919448,short,1.9325063200000268,-0.09385254460000007,3054674,3054674,2000029,2019-05-05 16:05:41.744459,18434.825011,2.026358864600027
2019-05-05 16:05:41.744459,long,-0.3664342899999144,-0.00716766110000016,3746213,3746213,3000082,2019-05-05 18:30:15.878973,8674.134514,-0.35926662889991423
2019-05-05 18:30:15.878973,short,13.722429269999479,0.26074096181357154,6607942,6607942,4546862,2019-05-06 01:26:16.924515,24961.045542,13.461688308185908
2019-05-06 01:26:16.924515,long,1.928364839999832,-0.028211440613571673,1699217,1699217,1385935,2019-05-06 01:48:33.690734,1336.766219,1.9565762806134037
2019-05-06 01:48:33.690734,short,3.6162744000003384,-0.2542531962799999,5384255,5384255,3000478,2019-05-06 07:47:19.718591,21526.027857,3.8705275962803385
2019-05-06 07:47:19.718591,long,0.653973610000017,-0.08930124399999996,1000522,1000522,1000522,2019-05-06 08:15:19.606954,1679.888363,0.7432748540000169
2019-05-06 08:15:19.606954,short,-6.349660549999914,-0.32061572966000007,7632186,7632186,5632186,2019-05-06 17:38:45.821867,33806.214913,-6.029044820339914
2019-05-06 17:38:45.821867,long,0.47562265000001613,-0.08762434031274746,1000814,1000814,1000814,2019-05-06 18:33:49.551785,3303.729918,0.5632469903127636
2019-05-06 18:33:49.551785,short,-1.8004941200004045,0.23874191329274727,7505108,7505108,5000186,2019-05-07 07:20:05.012990,45975.461205,-2.0392360332931516
2019-05-07 07:20:05.012990,long,0.6903391200000153,-0.08498216396000013,1000314,1000314,1000314,2019-05-07 09:41:38.086558,8493.073568,0.7753212839600154
2019-05-07 09:41:38.086558,short,6.5348251600001195,-0.022910642359999674,7000186,7000186,3000186,2019-05-07 14:46:13.572574,18275.486016,6.557735802360119
2019-05-07 14:46:13.572574,long,1.2652025500002115,0.08626184587999922,1000314,1000314,1000314,2019-05-07 16:18:15.691339,5522.118765,1.1789407041202122
2019-05-07 16:18:15.691339,short,4.593044649999854,-0.1527700098800003,3000186,3000186,2000186,2019-05-08 03:27:01.789043,40126.097704,4.745814659879854
2019-05-08 03:27:01.789043,long,0.00012246,8.137623999999999e-05,314,314,314,2019-05-08 04:50:34.315521,5012.526478,4.108376e-05
2019-05-08 04:50:34.315521,short,-4.636833000001252,1.2646411036199994,20008042,20008042,6000269,2019-05-10 20:57:38.178928,230823.863407,-5.901474103621251
2019-05-10 20:57:38.178928,long,3.634412840000003,0.41583938662000053,4469760,4469760,3114020,2019-05-11 02:00:58.964200,18200.785272,3.2185734533800026
2019-05-11 02:00:58.964200,short,0.00016284,6.393343625730994e-05,276,276,276,2019-05-11 02:03:12.992075,134.027875,9.890656374269007e-05
2019-05-11 02:03:12.992075,long,3.048462480000037,0.08740988736374276,2165224,2165224,2105557,2019-05-11 03:09:48.377599,3995.385524,2.9610525926362943
2019-05-11 03:09:48.377599,short,3.0353873999999754,0.12529014525176807,6994717,6994717,2010606,2019-05-11 06:42:15.559913,12747.182314,2.9100972547482074
2019-05-11 06:42:15.559913,long,1.078214749999953,-0.06776372525176838,4806072,4806072,2000224,2019-05-11 06:58:50.880522,995.320609,1.1459784752517215
2019-05-11 06:58:50.880522,short,0.00014076,6.0714479999999995e-05,276,276,276,2019-05-11 07:01:51.831405,180.950883,8.004552e-05
2019-05-11 07:01:51.831405,long,1.388917159999886,0.07157018603999973,9633540,9633540,3000234,2019-05-11 09:41:46.123149,9594.291744,1.3173469739598862
2019-05-11 09:41:46.123149,short,-0.7830206999999951,-0.003613250673403021,2000266,2000266,2000266,2019-05-11 10:26:44.535223,2698.412074,-0.7794074493265921
2019-05-11 10:26:44.535223,long,5.85e-05,5.1346033402993505e-05,234,234,234,2019-05-11 10:33:29.941335,405.406112,7.153966597006494e-06
2019-05-11 10:33:29.941335,short,0.00020216,5.84668e-05,266,266,266,2019-05-11 10:40:11.563325,401.62199,0.0001436932
2019-05-11 10:40:11.563325,long,8.209753859999983,-0.32288582544000005,7008178,7008178,3000234,2019-05-11 20:11:47.215272,34295.651947,8.532639685439984
2019-05-11 20:11:47.215272,short,-23.098812959999876,0.7893795454452324,12499616,12499616,5600266,2019-05-11 23:52:58.321077,13271.105805,-23.888192505445108
2019-05-11 23:52:58.321077,long,-2.5468530099999724,0.15426943303476873,2599934,2599934,1399934,2019-05-12 00:35:12.212038,2533.890961,-2.701122443034741
2019-05-12 00:35:12.212038,short,0.36158984000000166,0.00429063930978936,519755,519755,519755,2019-05-12 00:37:31.547556,139.335518,0.3572992006902123
2019-05-12 00:37:31.547556,long,0.7201866599999869,0.0016040464864826801,2399634,2399634,2399634,2019-05-12 00:41:10.035618,218.488062,0.7185826135135042
2019-05-12 00:41:10.035618,short,0.7016400599999786,0.07392349015736159,2775190,2775190,1575190,2019-05-12 00:52:47.368993,697.333375,0.627716569842617
2019-05-12 00:52:47.368993,long,0.35371352999998584,0.008155796273452797,752589,752589,700707,2019-05-12 01:07:26.511033,879.14204,0.34555773372653303
2019-05-12 01:07:26.511033,short,0.0002884,8.706589291358283e-05,412,412,412,2019-05-12 01:22:20.878604,894.367571,0.0002013341070864172
2019-05-12 01:22:20.878604,long,0.00015312,1.852752e-05,88,88,88,2019-05-12 01:41:27.002128,1146.123524,0.00013459248
2019-05-12 01:41:27.002128,short,10.147477330000003,-0.1776012401599997,10800412,10800412,2400412,2019-05-12 08:36:48.247736,24921.245608,10.325078570160002
2019-05-12 08:36:48.247736,long,0.00028812,0.00011997453229744729,588,588,588,2019-05-12 08:41:39.915865,291.668129,0.0001681454677025527
2019-05-12 08:41:39.915865,short,15.942101749999965,-0.2433806132522975,5426833,5426833,3600412,2019-05-12 12:10:44.071090,12544.155225,16.185482363252262
2019-05-12 12:10:44.071090,long,2.984620999999883,0.008363212320000195,7224729,7224729,2600596,2019-05-12 12:48:16.310435,2252.239345,2.9762577876798826
2019-05-12 12:48:16.310435,short,0.23988173999999166,-0.09000961987565002,1300404,1300404,1300404,2019-05-12 13:42:06.009547,3229.699112,0.32989135987564167
2019-05-12 13:42:06.009547,long,-3.627445220000201,-0.04988125914154316,22580830,22580830,5238949,2019-05-12 17:33:37.155270,13891.145723,-3.577563960858658
2019-05-12 17:33:37.155270,short,1.3967887999998598,-0.06388480437930855,10490480,10490480,2747490,2019-05-13 11:54:26.877616,66049.722346,1.4606736043791684
2019-05-13 11:54:26.877616,long,0.6333236899999923,0.0896398219565014,1299687,1299687,1299687,2019-05-13 12:04:23.382456,596.50484,0.5436838680434909
2019-05-13 12:04:23.382456,short,-21.761697739999917,0.5117636902600007,7800313,7800313,3900313,2019-05-13 20:00:56.404306,28593.02185,-22.273461430259918
2019-05-13 20:00:56.404306,long,-0.20724638999998582,-0.08276816144499995,1300187,1300187,1300187,2019-05-13 21:32:42.405574,5506.001268,-0.12447822855498587
2019-05-13 21:32:42.405574,short,0.8058019699999971,-0.07241331729999996,1300313,1300313,1300313,2019-05-13 22:57:10.811610,5068.406036,0.8782152872999971
2019-05-13 22:57:10.811610,long,-7.8322446499999385,0.4431410430945719,4830148,4830148,2608167,2019-05-13 23:33:46.195109,2195.383499,-8.27538569309451
2019-05-13 23:33:46.195109,short,0.19724863000000314,0.011387199322541466,459580,459580,459580,2019-05-13 23:44:34.332299,648.13719,0.1858614306774617
2019-05-13 23:44:34.332299,long,0.2943536300000005,-0.03841482454542999,1200420,1200420,1200420,2019-05-13 23:51:01.530605,387.198306,0.33276845454543047
2019-05-13 23:51:01.530605,short,6.609052830000084,0.13492671859537259,9692353,9692353,2492353,2019-05-14 16:05:39.871788,58478.341183,6.474126111404711
2019-05-14 16:05:39.871788,long,1.7886493999999948,-0.07691807414205608,1200420,1200420,1200420,2019-05-14 16:32:37.013506,1617.141718,1.865567474142051
2019-05-14 16:32:37.013506,short,0.3883643199999852,0.055554843000000055,2852439,2852439,1200580,2019-05-14 17:51:22.733774,4725.720268,0.33280947699998514
2019-05-14 17:51:22.733774,long,6.637492190000195,-0.43192055519999734,7200420,7200420,3600420,2019-05-14 23:46:42.998712,21320.264938,7.069412745200192
2019-05-14 23:46:42.998712,short,12.826691470000076,0.13429298919999835,16282815,16282815,3750580,2019-05-16 17:43:11.637065,150988.638353,12.692398480800078
2019-05-16 17:43:11.637065,long,1.3712040200000042,-0.04243464139999999,1714290,1714290,1300420,2019-05-16 23:11:11.211177,19679.574112,1.4136386614000043
2019-05-16 23:11:11.211177,short,2.267012660000127,-0.2273380468000001,3910580,3910580,3900580,2019-05-17 02:37:12.560433,12361.349256,2.4943507068001267
2019-05-17 02:37:12.560433,long,-25.349857100000033,0.3656987338458712,2787870,2787870,2600420,2019-05-17 03:03:39.769440,1587.209007,-25.715555833845904
2019-05-17 03:03:39.769440,short,2.6776370200000077,-0.04260721875834355,1055148,1055148,1055148,2019-05-17 03:04:42.648613,62.879173,2.7202442387583514
2019-05-17 03:04:42.648613,long,8.302449399999997,-0.17323724022751189,2600420,2600420,1300420,2019-05-17 03:18:39.319285,836.670672,8.475686640227508
2019-05-17 03:18:39.319285,short,2.97125776999997,-0.062546359371216,5007409,5007409,2653051,2019-05-17 03:38:29.184516,1189.865231,3.033804129371186
2019-05-17 03:38:29.184516,long,1.6174198,-0.06853274528879998,1202355,1202355,1202355,2019-05-17 03:39:49.860929,80.676413,1.6859525452888
2019-05-17 03:39:49.860929,short,0.0003976,7.365805794788422e-05,355,355,355,2019-05-17 03:40:44.035830,54.174901,0.0003239419420521158
2019-05-17 03:40:44.035830,long,2.2274813100000097,0.03433999874205205,1299645,1299645,1299645,2019-05-17 04:06:46.205161,1562.169331,2.193141311257958
2019-05-17 04:06:46.205161,short,0.0011857,2.3644784293193723e-05,355,355,355,2019-05-17 04:49:21.639960,2555.434799,0.0011620552157068063
2019-05-17 04:49:21.639960,long,0.37768395000000005,-0.08963577640095986,1299645,1299645,1299645,2019-05-17 05:21:01.544486,1899.904526,0.4673197264009599
2019-05-17 05:21:01.544486,short,0.0008804,7.345186666666667e-05,355,355,355,2019-05-17 05:58:02.430252,2220.885766,0.0008069481333333333
2019-05-17 05:58:02.430252,long,5.153845170000028,-0.1514531416,2600645,2600645,1300645,2019-05-17 21:14:53.934479,55011.504227,5.305298311600028
2019-05-17 21:14:53.934479,short,1.0169448699999561,-0.24556300972999945,12814101,12814101,6500436,2019-05-19 01:26:41.087021,101507.152542,1.2625078797299556
2019-05-19 01:26:41.087021,long,0.00054708,0.00011173968,564,564,564,2019-05-19 01:30:33.809715,232.722694,0.00043534032
2019-05-19 01:30:33.809715,short,0.3380305200000199,-0.08541459179999997,1300436,1300436,1300436,2019-05-19 01:41:51.411276,677.601561,0.42344511180001987
2019-05-19 01:41:51.411276,long,4.380678179999952,-0.2497382343999999,3996414,3996414,2600564,2019-05-19 02:06:46.258372,1494.847096,4.630416414399952
2019-05-19 02:06:46.258372,short,-3.052e-05,8.425699999999999e-05,436,436,436,2019-05-19 02:18:05.931424,679.673052,-0.00011477699999999999
2019-05-19 02:18:05.931424,long,0.00030456,0.00010873356,564,564,564,2019-05-19 02:31:02.757278,776.825854,0.00019582644
2019-05-19 02:31:02.757278,short,0.00062784,2.7801539999999997e-05,436,436,436,2019-05-19 03:00:12.564817,1749.807539,0.0006000384599999999
2019-05-19 03:00:12.564817,long,0.85774224,-0.08393322734495291,1299564,1299564,1299564,2019-05-19 03:01:54.845666,102.280849,0.9416754673449529
2019-05-19 03:01:54.845666,short,-1.2610518499999808,0.014180241284952879,1301436,1301436,1300436,2019-05-19 04:09:45.883024,4071.037358,-1.2752320912849338
2019-05-19 04:09:45.883024,long,0.6524500399999993,-0.058286765560000016,1300564,1300564,1300564,2019-05-19 04:51:10.708576,2484.825552,0.7107368055599993
2019-05-19 04:51:10.708576,short,1.142271449999997,0.03913250988000007,1300436,1300436,1300436,2019-05-19 06:57:50.659541,7599.950965,1.103138940119997
2019-05-19 06:57:50.659541,long,4.512e-05,0.00010640424000000001,564,564,564,2019-05-19 14:15:54.737267,26284.077726,-6.128424000000001e-05
2019-05-19 14:15:54.737267,short,-0.508656799999992,-0.08165249922061853,1300436,1300436,1300436,2019-05-19 22:41:53.512190,30358.774923,-0.4270043007793735
2019-05-19 22:41:53.512190,long,0.0001128,0.0001030672206185567,564,564,564,2019-05-19 22:42:47.312953,53.800763,9.732779381443302e-06
2019-05-19 22:42:47.312953,short,0.0006751600000000073,0.00014012768036117382,1436,1436,1436,2019-05-19 22:49:13.498676,386.185723,0.0005350323196388335
2019-05-19 22:49:13.498676,long,1.1714225000000058,-0.0748007195497573,1300564,1300564,1300564,2019-05-19 23:06:04.666328,1011.167652,1.2462232195497631
2019-05-19 23:06:04.666328,short,0.00025288,7.91085710354548e-05,436,436,436,2019-05-19 23:07:39.978607,95.312279,0.00017377142896454517
2019-05-19 23:07:39.978607,long,0.00035532,0.00010231517836065574,564,564,564,2019-05-19 23:12:17.185797,277.20719,0.00025300482163934427
2019-05-19 23:12:17.185797,short,0.00012208,7.898140000000001e-05,436,436,436,2019-05-19 23:15:28.406699,191.220902,4.309859999999999e-05
2019-05-19 23:15:28.406699,long,-6.284043780000004,-0.20886747774530548,6634300,6634300,3603904,2019-05-20 00:41:52.467611,5184.060912,-6.0751763022546985
2019-05-20 00:41:52.467611,short,2.4979502400000078,-0.06244952106407152,2800436,2800436,1400436,2019-05-20 00:45:36.642719,224.175108,2.560399761064079
2019-05-20 00:45:36.642719,long,1.9538693799999938,0.08671353854937688,1325601,1325601,1325601,2019-05-20 00:53:36.904311,480.261592,1.8671558414506169
2019-05-20 00:53:36.904311,short,2.3724149599999547,-0.10493405338999992,4200399,4200399,2800399,2019-05-20 08:57:14.953504,29018.049193,2.4773490133899547
2019-05-20 08:57:14.953504,long,0.9249929600001753,0.1726586038366666,6480831,6480831,2800601,2019-05-20 10:36:56.579191,5981.625687,0.7523343561635087
2019-05-20 10:36:56.579191,short,5.657531540000249,-0.097967598339106,8569699,8569699,2800684,2019-05-21 02:39:33.575366,57756.996175,5.755499138339355
2019-05-21 02:39:33.575366,long,0.00041337,0.0008704490044390244,4593,4593,4593,2019-05-21 02:40:19.457425,45.882059,-0.0004570790044390244
2019-05-21 02:40:19.457425,short,0.00015873,7.722173799999999e-05,407,407,407,2019-05-21 05:18:21.444523,9481.987098,8.1508262e-05
2019-05-21 05:18:21.444523,long,0.00055742,0.00011226676,593,593,593,2019-05-21 08:47:49.220079,12567.775556,0.00044515324
2019-05-21 08:47:49.220079,short,-2.347669989999995,0.08508262211500003,1400407,1400407,1400407,2019-05-21 20:35:45.400260,42476.180181,-2.432752612114995
2019-05-21 20:35:45.400260,long,-0.7840312699999978,-0.0864575861516667,1400593,1400593,1400593,2019-05-21 21:07:03.407212,1878.006952,-0.6975736838483312
2019-05-21 21:07:03.407212,short,5.180842880000086,-0.1659899774633336,20802659,20802659,4200534,2019-05-22 22:31:34.964646,91471.557434,5.34683285746342
2019-05-22 22:31:34.964646,long,0.23822328999999928,0.028008946870000044,652638,652638,652638,2019-05-22 22:40:52.447916,557.48327,0.21021434312999923
2019-05-22 22:40:52.447916,short,1.5389873599999901,-0.2416942842899999,3921609,3921609,1400362,2019-05-22 23:59:39.177328,4726.729412,1.78068164428999
2019-05-22 23:59:39.177328,long,3.1174276600000437,-0.3107466899300006,6730774,6730774,1400463,2019-05-23 07:44:22.722650,27883.545322,3.4281743499300443
2019-05-23 07:44:22.722650,short,0.6279189099999889,0.1832306433036596,1400309,1400309,1400309,2019-05-23 09:11:21.777204,5219.054554,0.4446882666963293
2019-05-23 09:11:21.777204,long,0.5469676600000127,0.23190359742634092,2800691,2800691,1400691,2019-05-23 10:02:25.770258,3063.993054,0.3150640625736718
2019-05-23 10:02:25.770258,short,-0.004893890000022657,-0.06829739923999992,1865074,1865074,1400779,2019-05-23 12:25:54.882141,8609.111883,0.06340350923997726
2019-05-23 12:25:54.882141,long,0.5741790100000002,-0.09230532786999995,1400221,1400221,1400221,2019-05-23 12:40:25.195983,870.313842,0.66648433787
2019-05-23 12:40:25.195983,short,-4.154105909999992,-0.35531677332000033,5600177,5600177,2800177,2019-05-24 21:44:27.570604,119042.374621,-3.798789136679992
2019-05-24 21:44:27.570604,long,-0.26922809999999076,0.08668350071999989,1400823,1400823,1400823,2019-05-26 22:02:32.866316,173885.295712,-0.3559116007199906
2019-05-26 22:02:32.866316,short,-9.516713449999925,0.0483864440000003,20046335,20046335,4200637,2019-06-04 00:05:52.014806,698599.14849,-9.565099893999925
2019-06-04 00:05:52.014806,long,1.4364274600000015,0.033611573599999986,2798520,2798520,2798520,2019-06-04 00:14:18.128726,506.11392,1.4028158864000015
2019-06-04 00:14:18.128726,short,3.0957294200000183,-0.24643106483999994,4313803,4313803,1513803,2019-06-04 04:03:21.310154,13743.181428,3.342160484840018
2019-06-04 04:03:21.310154,long,0.5518162300000045,0.00403555595999999,811991,811991,811991,2019-06-04 04:33:12.191905,1790.881751,0.5477806740400045
2019-06-04 04:33:12.191905,short,3.5018166199999663,-0.08874509108214494,1400663,1400663,1400663,2019-06-04 07:21:42.024838,10109.832933,3.590561711082111
2019-06-04 07:21:42.024838,long,1.4145419099999348,0.09052119123214496,1399337,1399337,1399337,2019-06-04 07:38:08.152929,986.128091,1.32402071876779
2019-06-04 07:38:08.152929,short,3.216803859999983,-0.013480745490000052,3659552,3659552,1400663,2019-06-12 03:08:51.504390,675043.351461,3.2302846054899828
2019-06-12 03:08:51.504390,long,4.381e-05,6.282354e-05,337,337,337,2019-06-12 03:09:50.356862,58.852472,-1.901354e-05
2019-06-12 03:09:50.356862,short,0.0001326,0.00012362961,663,663,663,2019-06-12 03:13:30.975986,220.619124,8.970390000000004e-06
2019-06-12 03:13:30.975986,long,0.0769276000000017,0.008076727249474567,248958,248958,248958,2019-06-12 03:30:09.898614,998.922628,0.06885087275052713
2019-06-12 03:30:09.898614,short,0.1335208800000654,0.1298294242133699,4905350,4905350,1400162,2019-06-15 06:57:57.730289,271667.831675,0.0036914557866954967
2019-06-15 06:57:57.730289,long,7.609686190000121,-0.04349974719284437,4200338,4200338,2800338,2019-06-16 04:53:29.916563,78932.186274,7.653185937192966
2019-06-16 04:53:29.916563,short,0.9430016800000988,-0.0579111662482625,6348702,6348702,3200662,2019-06-16 17:38:34.596306,45904.679743,1.0009128462483612
2019-06-16 17:38:34.596306,long,4.286126350000046,-0.13564248217173758,5947230,5947230,3200338,2019-06-17 04:58:02.251649,40767.655343,4.421768832171784
2019-06-17 04:58:02.251649,short,1.849383519999981,0.4173358488399991,8360164,8360164,4800662,2019-06-18 07:24:37.187516,95194.935867,1.432047671159982
2019-06-18 07:24:37.187516,long,0.3056570199999738,-0.027661486649809282,1600338,1600338,1600338,2019-06-18 08:13:02.543435,2905.355919,0.3333185066497831
2019-06-18 08:13:02.543435,short,-0.5206471400000476,0.053784315038504935,4800662,4800662,3200662,2019-06-18 17:29:02.428791,33359.885356,-0.5744314550385525
2019-06-18 17:29:02.428791,long,2.5006780200000582,-0.0012651572386956536,2547236,2547236,1600338,2019-06-19 07:18:57.676241,49795.24745,2.5019431772387537
2019-06-19 07:18:57.676241,short,-12.656372100000253,-0.08855274077999972,12489941,12489941,4800627,2019-06-24 20:45:29.189270,480391.513029,-12.567819359220254
2019-06-24 20:45:29.189270,long,17.283777350000154,-0.0047181457610797626,10254303,10254303,3600373,2019-06-26 16:45:15.650771,158386.461501,17.288495495761232
2019-06-26 16:45:15.650771,short,0.5314399000000056,0.13438235753107935,3600627,3600627,3599627,2019-06-26 17:03:48.561705,1112.910934,0.39705754246892627
2019-06-26 17:03:48.561705,long,-0.9589430700000006,-0.0009063475400000262,1800373,1800373,1800373,2019-06-27 02:26:09.424269,33740.862564,-0.9580367224600005
2019-06-27 02:26:09.424269,short,-0.00010032,7.433712000000001e-05,627,627,627,2019-06-27 02:26:49.996928,40.572659,-0.00017465712
2019-06-27 02:26:49.996928,long,0.00016412,4.405503e-05,373,373,373,2019-06-27 02:35:50.192426,540.195498,0.00012006497
2019-06-27 02:35:50.192426,short,4.895058059999972,0.020997690429468283,3627113,3627113,3600627,2019-06-27 05:13:35.581493,9465.389067,4.874060369570503
2019-06-27 05:13:35.581493,long,0.11586731000049594,0.47969885915822513,25806284,25806284,5400373,2019-06-27 18:13:04.099459,46768.517966,-0.3638315491577292
2019-06-27 18:13:04.099459,short,3.328293449999979,0.12415923236230754,3062749,3062749,1800627,2019-06-28 05:19:46.708225,40002.608766,3.2041342176376713
2019-06-28 05:19:46.708225,long,2.369181710000045,-0.024144059802716042,1993712,1993712,1800373,2019-06-28 06:01:32.958819,2506.250594,2.393325769802761
2019-06-28 06:01:32.958819,short,0.028911470000026217,-0.0034247703972839355,1800627,1800627,1800627,2019-06-28 06:14:03.474830,750.516011,0.03233624039731015
2019-06-28 06:14:03.474830,long,0.34219769000006184,-0.07968590463999999,1800373,1800373,1800373,2019-06-28 06:38:16.703891,1453.229061,0.4218835946400618
2019-06-28 06:38:16.703891,short,2.6774688099999158,0.2572254630899998,10913126,10913126,5400627,2019-06-28 10:24:54.202676,13597.498785,2.420243346909916
2019-06-28 10:24:54.202676,long,0.09979321999995823,0.03229069906999998,1892192,1892192,1666965,2019-06-28 13:43:02.198117,11887.995441,0.06750252092995826
2019-06-28 13:43:02.198117,short,9.39962753999995,0.021525812550000016,3600309,3600309,1800309,2019-07-01 05:13:24.977076,228622.778959,9.37810172744995
2019-07-01 05:13:24.977076,long,-19.400375159999683,0.21625802778999997,7200691,7200691,3600691,2019-07-01 15:20:40.028085,36435.051009,-19.616633187789684
2019-07-01 15:20:40.028085,short,0.9844157099999276,0.06303797884000006,3347633,3347633,1800633,2019-07-01 16:14:47.340273,3247.312188,0.9213777311599275
2019-07-01 16:14:47.340273,long,0.0002569,5.319665e-05,367,367,367,2019-07-01 16:20:52.172308,364.832035,0.00020370335000000002
2019-07-01 16:20:52.172308,short,0.27519544999999346,0.09660982418999997,968995,968995,968995,2019-07-01 16:30:01.984993,549.812685,0.1785856258099935
2019-07-01 16:30:01.984993,long,-5.872e-05,5.3053520000000004e-05,367,367,367,2019-07-01 16:32:02.769817,120.784824,-0.00011177352
2019-07-01 16:32:02.769817,short,0.00047475,9.193691999999999e-05,633,633,633,2019-07-01 16:47:02.231992,899.462175,0.00038281308000000003
2019-07-01 16:47:02.231992,long,-0.5441257199999988,0.08792343944412419,1800367,1800367,1800367,2019-07-01 17:59:04.016903,4321.784911,-0.632049159444123
2019-07-01 17:59:04.016903,short,2.3183864899999955,0.009067378346984498,1800633,1800633,1800633,2019-07-01 19:57:34.884427,7110.867524,2.309319111653011
2019-07-01 19:57:34.884427,long,0.2288861999999993,-0.008477136565504797,174062,174062,174062,2019-07-01 20:02:07.948108,273.063681,0.2373633365655041
2019-07-01 20:02:07.948108,short,0.015115550000001466,0.008451959854396136,173446,173446,173446,2019-07-01 20:02:57.371542,49.423434,0.00666359014560533
2019-07-01 20:02:57.371542,long,0.00115232,7.994219769774208e-05,554,554,554,2019-07-01 20:53:47.639730,3050.268188,0.001072377802302258
2019-07-01 20:53:47.639730,short,0.37920961999990505,0.00255940472230226,1800446,1800446,1800446,2019-07-02 04:27:02.591270,27194.95154,0.3766502152776028
2019-07-02 04:27:02.591270,long,0.9119584500000132,0.09139771546000004,1800554,1800554,1800554,2019-07-02 04:32:41.617193,339.025923,0.8205607345400131
2019-07-02 04:32:41.617193,short,1.361396240000006,-0.05402941705999999,1600446,1600446,1600446,2019-07-02 04:36:33.023313,231.40612,1.415425657060006
2019-07-02 04:36:33.023313,long,0.6986233500000031,-0.008600946459999963,1600554,1600554,1600554,2019-07-02 04:41:01.903279,268.879966,0.7072242964600031
2019-07-02 04:41:01.903279,short,1.6485128999999827,-0.16228794772000002,3200446,3200446,1600446,2019-07-02 04:54:43.922792,822.019513,1.8108008477199828
2019-07-02 04:54:43.922792,long,0.00042658,8.446284e-05,554,554,554,2019-07-02 04:56:26.047503,102.124711,0.00034211716000000003
2019-07-02 04:56:26.047503,short,1.3125039799999947,-0.08081978242,1600446,1600446,1600446,2019-07-02 05:49:54.391979,3208.344476,1.3933237624199948
2019-07-02 05:49:54.391979,long,1.5289389900000077,0.01700823917999998,1600554,1600554,1600554,2019-07-02 07:08:47.730901,4733.338922,1.5119307508200077
2019-07-02 07:08:47.730901,short,-3.4740654299999756,0.14059740966122464,6800304,6800304,5100446,2019-07-03 01:15:05.894379,65178.163478,-3.6146628396612
2019-07-03 01:15:05.894379,long,0.4099575400000132,-0.07334209060122449,1699554,1699554,1699554,2019-07-03 01:34:44.526775,1178.632396,0.4832996306012377
2019-07-03 01:34:44.526775,short,46.70161310000046,1.1899444798360181,37596033,37596033,4000874,2019-07-16 16:19:00.870472,1176256.343697,45.51166862016444
2019-07-16 16:19:00.870472,long,0.5999688,-0.09240140535711402,1999896,1999896,1999896,2019-07-16 16:19:23.612924,22.742452,0.692370205357114
2019-07-16 16:19:23.612924,short,4.644347560000025,-0.07631227844890386,3076095,3076095,2000104,2019-07-16 17:04:09.687858,2686.074934,4.7206598384489284
2019-07-16 17:04:09.687858,long,3.149100659999967,0.06144204593000005,4004870,4004870,4000170,2019-07-16 17:12:33.855359,504.167501,3.0876586140699667
2019-07-16 17:12:33.855359,short,10.881190260000082,-0.06867329453999972,4841771,4841771,2000406,2019-07-17 11:33:01.745356,66027.889997,10.949863554540082
2019-07-17 11:33:01.745356,long,0.9406239999999078,-0.10882912600000001,2000650,2000650,2000650,2019-07-17 12:24:59.529488,3117.784132,1.0494531259999078
2019-07-17 12:24:59.529488,short,-5.373798999999754,1.0888183338949997,18971760,18971760,8000350,2019-07-17 19:42:22.525291,26242.995803,-6.4626173338947535
2019-07-17 19:42:22.525291,long,0.00021308,0.00011596501970054445,761,761,761,2019-07-17 19:46:05.202884,222.677593,9.711498029945556e-05
2019-07-17 19:46:05.202884,short,0.00020554,3.6523945299455536e-05,239,239,239,2019-07-17 19:58:58.588428,773.385544,0.00016901605470054446
2019-07-17 19:58:58.588428,long,4.518340519999719,0.29544940161999955,6000761,6000761,4000761,2019-07-18 02:38:57.004938,23998.41651,4.222891118379719
2019-07-18 02:38:57.004938,short,5.483331159999702,0.3219131935600015,14017882,14017882,10001384,2019-07-19 01:10:02.115428,81065.11049,5.161417966439701
2019-07-19 01:10:02.115428,long,-3.0142640699996766,1.1758023379990674,18142119,18142119,8000616,2019-07-19 09:16:20.672660,29178.557232,-4.190066407998744
2019-07-19 09:16:20.672660,short,0.4423886600000019,0.2613102467609331,2018408,2018408,2018408,2019-07-21 17:01:32.627516,200711.954856,0.18107841323906876
2019-07-21 17:01:32.627516,long,7.060802940000021,0.08815970631999984,4000592,4000592,2000592,2019-07-24 06:07:09.419522,219936.792006,6.972643233680021
2019-07-24 06:07:09.419522,short,-5.635839180000003,0.8366203475799975,10036318,10036318,4000408,2019-07-27 10:27:55.905488,274846.485966,-6.472459527580001
2019-07-27 10:27:55.905488,long,0.6598653600000003,-0.10496307306322042,1999592,1999592,1999592,2019-07-27 10:28:27.217479,31.311991,0.7648284330632207
2019-07-27 10:28:27.217479,short,-8.898481050000395,0.5297676707830895,8631968,8631968,6000408,2019-08-01 01:45:54.125961,400646.908482,-9.428248720783484
2019-08-01 01:45:54.125961,long,-1.634000919999985,0.19808255390013052,4000592,4000592,2000592,2019-08-02 07:07:35.478450,105701.352489,-1.8320834739001155
2019-08-02 07:07:35.478450,short,-0.17972663999998828,-0.09495626682666665,2000408,2000408,2000408,2019-08-02 18:06:33.999058,39538.520608,-0.08477037317332163
2019-08-02 18:06:33.999058,long,2.9261958200000695,0.10471185945635977,1000592,1000592,1000592,2019-08-05 09:00:17.324920,226423.325862,2.8214839605437096
2019-08-05 09:00:17.324920,short,1.6517953099999694,0.23963724137030679,2000408,2000408,2000408,2019-08-05 11:11:01.563862,7844.238942,1.4121580686296626
2019-08-05 11:11:01.563862,long,0.344154609999997,0.04314807424,457453,457453,457453,2019-08-05 17:12:54.551255,21712.987393,0.301006535759997
2019-08-05 17:12:54.551255,short,1.3733293200001577,0.24456127755102883,2644165,2644165,2001408,2019-08-06 01:34:24.731685,30090.18043,1.1287680424491289
2019-08-06 01:34:24.731685,long,0.07467898,-0.014088921614323882,328951,328951,328951,2019-08-06 08:44:30.973054,25806.241369,0.0887679016143239
2019-08-06 08:44:30.973054,short,6.236386399999998,0.25019887446329475,2000424,2000424,2000424,2019-08-07 05:56:13.189098,76302.216044,5.986187525536703
2019-08-07 05:56:13.189098,long,9.420103090000095,0.07197360111999972,8735877,8735877,6000576,2019-08-08 03:13:26.534126,76633.345028,9.348129488880096
2019-08-08 03:13:26.534126,short,0.25831621999999993,0.2318053731200008,2000424,2000424,2000424,2019-08-08 06:12:05.778659,10719.244533,0.026510846879999134
2019-08-08 06:12:05.778659,long,-2.2198478300006217,0.524105872038224,10000576,10000576,6000576,2019-08-08 23:53:08.322738,63662.544079,-2.7439537020388456
2019-08-08 23:53:08.322738,short,0.00037312,5.299398811402998e-05,424,424,424,2019-08-09 00:31:26.578056,2298.255318,0.00032012601188597
2019-08-09 00:31:26.578056,long,1.9734009699996728,0.5970597107736613,8093152,8093152,6000576,2019-08-14 05:23:34.683352,449528.105296,1.3763412592260116
2019-08-14 05:23:34.683352,short,1.1435063799999694,0.15973868936,2000424,2000424,2000424,2019-08-14 08:39:40.446544,11765.763192,0.9837676906399694
2019-08-14 08:39:40.446544,long,1.0776440800001816,0.17963403,4000576,4000576,2000576,2019-08-14 12:48:14.055726,14913.609182,0.8980100500001816
2019-08-14 12:48:14.055726,short,4.1398166300000065,-0.005532723520000035,2276129,2276129,2000424,2019-08-15 02:13:11.594886,48297.53916,4.1453493535200066
2019-08-15 02:13:11.594886,long,-0.00022464,8.646912e-05,576,576,576,2019-08-15 03:02:52.009275,2980.414389,-0.00031110912
2019-08-15 03:02:52.009275,short,5.936e-05,6.382048e-05,424,424,424,2019-08-15 03:08:35.634128,343.624853,-4.460480000000001e-06
2019-08-15 03:08:35.634128,long,-0.00030528,8.69889291390016e-05,576,576,576,2019-08-15 08:09:47.817367,18072.183239,-0.0003922689291390016
2019-08-15 08:09:47.817367,short,0.42508890999964644,1.104595136910866,21762452,21762452,10000424,2019-08-18 20:10:54.594969,302466.777602,-0.6795062269112195
2019-08-18 20:10:54.594969,long,0.00010944,8.340418458583433e-05,576,576,576,2019-08-19 03:18:00.619864,25626.024895,2.6035815414165664e-05
2019-08-19 03:18:00.619864,short,0.4862320799997719,0.6141682065802077,14000424,14000424,6000424,2019-08-21 03:45:40.549386,174459.929522,-0.12793612658043574
2019-08-21 03:45:40.549386,long,0.16850885999999998,-0.021544202204792973,443217,443217,443217,2019-08-21 03:48:45.824916,185.27553,0.19005306220479296
2019-08-21 03:48:45.824916,short,0.010399789999999739,0.008715731324726769,66901,66901,66901,2019-08-21 04:20:44.541006,1918.71609,0.00168405867527297
2019-08-21 04:20:44.541006,long,0.399944,-0.07693218300472678,1999576,1999576,1999576,2019-08-21 04:54:06.643914,2002.102908,0.4768761830047268
2019-08-21 04:54:06.643914,short,4.000111759999966,0.37513974179999987,6000424,6000424,2000424,2019-08-21 10:44:49.187539,21042.543625,3.6249720181999656
2019-08-21 10:44:49.187539,long,0.29029832000000894,-0.049449739511198264,1000576,1000576,1000576,2019-08-21 10:50:10.902219,321.71468,0.3397480595112072
2019-08-21 10:50:10.902219,short,0.00082256,6.340555119825709e-05,424,424,424,2019-08-21 13:57:47.071810,11256.169591,0.0007591544488017429
2019-08-21 13:57:47.071810,long,0.00018432,8.683776000000001e-05,576,576,576,2019-08-21 15:55:59.877903,7092.806093,9.748223999999999e-05
2019-08-21 15:55:59.877903,short,0.0002544,6.401213176079274e-05,424,424,424,2019-08-21 16:06:17.617398,617.739495,0.00019038786823920726
2019-08-21 16:06:17.617398,long,0.9061625599999613,0.0883416409082392,1741717,1741717,1741717,2019-08-21 16:11:03.109476,285.492078,0.817820919091722
2019-08-21 16:11:03.109476,short,2.1153643699999125,0.3291190462000001,6000424,6000424,2000424,2019-08-23 02:33:16.517808,123733.408332,1.7862453237999123
2019-08-23 02:33:16.517808,long,1.84093312,0.09989464604000012,2000576,2000576,2000576,2019-08-23 06:42:41.900976,14965.383168,1.74103847396
2019-08-23 06:42:41.900976,short,4.9178369200000045,0.049285010320000044,2000424,2000424,2000424,2019-08-25 03:28:17.965517,161136.064541,4.868551909680004
2019-08-25 03:28:17.965517,long,13.19205943999974,0.712277664880001,16005562,16005562,4000576,2019-08-26 23:45:18.895460,159420.929943,12.47978177511974
2019-08-26 23:45:18.895460,short,0.6180093900000061,-0.045997402160000034,2000424,2000424,2000424,2019-08-27 02:26:29.263323,9670.367863,0.6640067921600061
2019-08-27 02:26:29.263323,long,-5.104596080000097,0.581943480927386,9227107,9227107,4000576,2019-08-28 18:23:23.425759,143814.162436,-5.686539560927483
2019-08-28 18:23:23.425759,short,6.014085530000039,0.6223464594730919,12000424,12000424,4000424,2019-08-29 07:21:11.372467,46667.946708,5.391739070526947
2019-08-29 07:21:11.372467,long,-1.7880194599999972,0.035716272639524614,4000576,4000576,4000576,2019-08-29 08:27:13.168801,3961.796334,-1.8237357326395218
2019-08-29 08:27:13.168801,short,-1.5455623199999378,-0.015634653680000055,6319928,6319928,2000424,2019-09-04 15:22:45.853114,543332.684313,-1.5299276663199377
2019-09-04 15:22:45.853114,long,1.4611462399999398,-0.09534279179007937,2000576,2000576,2000576,2019-09-05 10:26:07.173597,68601.320483,1.556489031790019
2019-09-05 10:26:07.173597,short,0.04485443999999116,-0.000993475969920675,249704,249704,249704,2019-09-05 17:57:56.606852,27109.433255,0.045847915969911834
2019-09-05 17:57:56.606852,long,0.9628260799999966,-0.013969872959999997,2000576,2000576,2000576,2019-09-06 04:34:52.316976,38215.710124,0.9767959529599965
2019-09-06 04:34:52.316976,short,8.381415039999991,0.6264901597479537,6000424,6000424,2000424,2019-09-08 15:18:35.268741,211422.951765,7.754924880252037
2019-09-08 15:18:35.268741,long,-10.866450279999837,0.4851738360123997,12000576,12000576,8000576,2019-09-09 11:21:37.487753,72182.219012,-11.351624116012237
2019-09-09 11:21:37.487753,short,0.5791445199999823,0.03598690567964541,8000424,8000424,4000424,2019-09-11 06:42:35.814138,156058.326385,0.5431576143203369
2019-09-11 06:42:35.814138,long,0.4001036799999834,-0.10031346987328674,2000576,2000576,2000576,2019-09-11 07:07:01.617942,1465.803804,0.5004171498732701
2019-09-11 07:07:01.617942,short,-2.7309310800001616,-0.17355952828671237,7733212,7733212,3733212,2019-09-19 23:04:43.337948,748661.720006,-2.5573715517134494
2019-09-19 23:04:43.337948,long,-0.48259269000001515,0.14733378466681332,4000576,4000576,2000576,2019-09-23 07:30:24.509975,289541.172027,-0.6299264746668285
2019-09-23 07:30:24.509975,short,2.5844659400000976,0.17824041661890094,4000424,4000424,2000424,2019-09-24 03:20:34.318940,71409.808965,2.4062255233811967
2019-09-24 03:20:34.318940,long,-0.01187712,9.806871428571429e-05,576,576,576,2019-09-24 19:45:00.887980,59066.56904,-0.011975188714285713
2019-09-25 00:11:51.126085,short,20.421090369999778,0.9233509295902956,48560503,48560503,6557503,2019-10-10 10:55:25.803972,1334614.677887,19.497739440409482
2019-10-10 10:55:25.803972,long,0.5582311000000774,-0.04060057690497975,4000497,4000497,4000497,2019-10-13 01:26:45.796533,225079.992561,0.5988316769050571
2019-10-13 01:26:45.796533,short,2.9564580900000035,0.3017137903146859,2000503,2000503,2000503,2019-10-13 21:04:51.627490,70685.830957,2.6547442996853174
2019-10-13 21:04:51.627490,long,-0.027763809999907615,0.45297991876121896,4000497,4000497,4000497,2019-10-17 16:09:29.390981,327877.763491,-0.4807437287611266
2019-10-17 16:09:29.390981,short,-15.483251919999873,0.46079036605168516,14000503,14000503,6000503,2019-10-25 15:59:18.162368,690588.771387,-15.944042286051557
2019-10-25 15:59:18.162368,long,2.0208852600000164,-0.11974403342819598,2000497,2000497,2000497,2019-10-25 16:05:32.412455,374.250087,2.1406292934282125
2019-10-25 16:05:32.412455,short,1.5805419799999934,-0.11900575451599832,2000503,2000503,2000503,2019-10-25 16:23:58.881673,1106.469218,1.6995477345159917
2019-10-25 16:23:58.881673,long,2.4673357200000394,-0.10816213386874089,2000497,2000497,2000497,2019-10-27 15:40:56.011308,170217.129635,2.5754978538687805
2019-10-27 15:40:56.011308,short,7.889215719999888,-0.09432553017759525,9005139,9005139,4000503,2019-10-28 06:35:16.612710,53660.601402,7.983541250177484
2019-10-28 06:35:16.612710,long,-5.280786910000103,-0.38938720708237246,12870499,12870499,6000497,2019-11-02 19:44:34.840505,479358.227795,-4.89139970291773
2019-11-02 19:44:34.840505,short,14.434764199999416,0.10566913869149426,19099053,19099053,4000512,2019-11-13 04:10:44.372264,894369.531759,14.329095061307921
2019-11-13 04:10:44.372264,long,1.0945690699999489,-0.017824396631493093,2000488,2000488,2000488,2019-11-14 04:45:10.834672,88466.462408,1.112393466631442
2019-11-14 04:45:10.834672,short,-0.9924741499999183,0.09704956767999985,2000512,2000512,2000512,2019-11-15 03:56:54.309861,83503.475189,-1.0895237176799182
2019-11-15 03:56:54.309861,long,2.14124782000001,-0.1164471965600002,2000488,2000488,2000488,2019-11-16 06:02:19.896826,93925.586965,2.2576950165600103
2019-11-16 06:02:19.896826,short,0.23991296000000467,-0.11804782040000013,2000512,2000512,2000512,2019-11-18 00:37:23.454074,153303.557248,0.3579607804000048
2019-11-18 00:37:23.454074,long,-1.402127679999991,-0.11825057727999995,2000488,2000488,2000488,2019-11-19 00:37:39.350613,86415.896539,-1.2838771027199911
2019-11-19 00:37:39.350613,short,7.367385919999673,-0.10532993137619362,12467485,12467485,4000703,2019-11-21 08:46:32.377398,202133.026785,7.472715851375867
2019-11-21 08:46:32.377398,long,0.4677316900000785,-0.0698366773686298,1999297,1999297,1999297,2019-11-21 12:59:34.443901,15182.066503,0.5375683673687083
2019-11-21 12:59:34.443901,short,32.0851443000002,-0.26266057966830264,8000703,8000703,4000703,2019-11-22 11:35:25.256742,81350.812841,32.3478048796685
2019-11-22 11:35:25.256742,long,-0.00010395,6.252500312661498e-05,297,297,297,2019-11-22 15:38:17.114839,14571.858097,-0.00016647500312661498
2019-11-22 15:38:17.114839,short,-2.9491548100000715,-0.3190445697116096,4606653,4606653,4000703,2019-11-23 08:46:34.869088,61697.754249,-2.6301102402884617
2019-11-23 08:46:34.869088,long,2.339527980000018,-0.1392954096583909,2001297,2001297,2000297,2019-11-23 10:47:55.025438,7280.15635,2.478823389658409
2019-11-23 10:47:55.025438,short,29.28625677,-0.2758177627900002,8000703,8000703,4000703,2019-11-25 02:06:17.033622,141502.008184,29.562074532790003
2019-11-25 02:06:17.033622,long,1.1614820299999962,-0.15224723542257734,2000297,2000297,2000297,2019-11-25 12:22:05.013114,36947.979492,1.3137292654225736
2019-11-25 12:22:05.013114,short,-8.987112260000012,-0.029684755847422698,5292460,5292460,5292460,2019-11-25 12:44:29.399833,1344.386719,-8.957427504152589
2019-11-25 12:44:29.399833,long,0.0021816,3.877335109881166e-05,540,540,540,2019-11-25 13:10:21.288927,1551.8890940000001,0.0021428266489011884
2019-11-25 13:10:21.288927,short,1.53547356,-0.06135609923109882,887436,887436,887436,2019-11-25 23:14:54.874705,36273.585778,1.5968296592310989
2019-11-25 23:14:54.874705,long,4.702780599999979,-0.31989318826999996,9196728,9196728,2000565,2019-11-27 11:41:05.243634,131170.368929,5.022673788269979
2019-11-27 11:41:05.243634,short,23.321015390000493,0.34519731070000803,23566848,23566848,6000435,2019-12-01 15:20:33.375063,358768.131429,22.975818079300485
2019-12-01 15:20:33.375063,long,7.994332699999984,0.00014151544999804695,9154523,9154523,2086615,2019-12-04 13:28:06.191777,252452.816714,7.994191184549986
2019-12-04 13:28:06.191777,short,1.208343080000233,0.18128747128670641,20346833,20346833,3751038,2019-12-05 14:12:48.617587,89082.42581,1.0270556087135265
2019-12-05 14:12:48.617587,long,-1.741781700000043,-0.1495318394867069,3205709,3205709,2500334,2019-12-06 08:36:44.216019,66235.598432,-1.5922498605133362
2019-12-06 08:36:44.216019,short,49.331036039999624,4.851023755283038,65857828,65857828,7500939,2019-12-18 15:25:54.199645,1061349.983626,44.48001228471659
2019-12-18 15:25:54.199645,long,0.00366,0.005399782905164287,24600,24600,24600,2019-12-18 15:26:28.896431,34.696786,-0.0017397829051642869
2019-12-18 15:26:28.896431,short,-0.16836323999997152,0.6097663021918549,3415452,3415452,2570709,2019-12-19 01:02:54.400134,34585.503703,-0.7781295421918264
2019-12-19 01:02:54.400134,long,3.910515640000441,0.6421304219600009,21500478,21500478,5000531,2019-12-24 14:32:21.443204,480567.04307,3.26838521804044
2019-12-24 14:32:21.443204,short,5.5001414800000035,0.17048711804000005,2500522,2500522,2500522,2019-12-24 19:26:45.154882,17663.711678,5.329654361960003
2019-12-24 19:26:45.154882,long,-0.6686055400000122,-0.06090760017999992,2505254,2505254,2505254,2019-12-26 00:14:50.858042,103685.70316,-0.6076979398200122
2019-12-26 00:14:50.858042,short,-0.1995225599999198,-0.17353129472344125,2500746,2500746,2500746,2019-12-27 16:43:10.173672,145699.31563,-0.025991265276478548
2019-12-27 16:43:10.173672,long,-1.4291301000001242,0.6874210362034443,10000254,10000254,2500254,2020-01-02 03:55:58.175565,472368.001893,-2.1165511362035687
2020-01-02 03:55:58.175565,short,11.4884821399999,-0.09701515079999928,6518196,6518196,4018196,2020-01-03 00:48:32.056067,75153.880502,11.5854972907999
2020-01-03 00:48:32.056067,long,-0.4941135400001686,0.18148308148348474,2500804,2500804,2500804,2020-01-03 08:45:09.549927,28597.49386,-0.6755966214836533
2020-01-03 08:45:09.549927,short,0.13273739999999462,0.1717819731099444,2499196,2499196,2499196,2020-01-03 08:46:25.813622,76.263695,-0.03904457310994977
2020-01-03 08:46:25.813622,long,0.00073968,5.4740557534877845e-05,804,804,804,2020-01-03 09:53:05.180758,3999.367136,0.0006849394424651222
2020-01-03 09:53:05.180758,short,-0.05925359000000958,0.17084669084953252,2500196,2500196,2500196,2020-01-03 10:36:31.368179,2606.187421,-0.2301002808495421
2020-01-03 10:36:31.368179,long,16.859393739999746,-0.4016630554804934,12500804,12500804,5000804,2020-01-05 12:18:45.033956,178933.665777,17.26105679548024
2020-01-05 12:18:45.033956,short,-10.39704515000006,0.37560464313387026,7500196,7500196,3000196,2020-01-07 00:56:44.708031,131879.674075,-10.772649793133931
2020-01-07 00:56:44.708031,long,0.8548882800000001,-0.09519593940797783,1499804,1499804,1499804,2020-01-07 01:08:14.967103,690.259072,0.9500842194079779
2020-01-07 01:08:14.967103,short,3.332e-05,1.2437194108074276e-05,196,196,196,2020-01-07 01:40:26.483757,1931.516654,2.0882805891925724e-05
2020-01-07 01:40:26.483757,long,0.00027336,0.00015274392,804,804,804,2020-01-07 02:14:45.236912,2058.753155,0.00012061607999999999
2020-01-07 02:14:45.236912,short,0.00024696,3.737132e-05,196,196,196,2020-01-07 13:35:19.364124,40834.127212,0.00020958868000000002
2020-01-07 13:35:19.364124,long,3.7382049699999724,0.0983149450070198,4500804,4500804,4500804,2020-01-07 18:50:11.125973,18891.761849,3.6398900249929524
2020-01-07 18:50:11.125973,short,21.932868269999,-0.14784915048702,15792052,15792052,6000196,2020-01-08 19:50:19.348100,90008.222127,22.080717420486017
2020-01-08 19:50:19.348100,long,4.086131690000003,-0.0500651847637443,4500408,4500408,4500408,2020-01-08 20:54:06.230210,3826.88211,4.136196874763747
2020-01-08 20:54:06.230210,short,1.2867508500000062,-0.04505257499625573,1514846,1514846,1514846,2020-01-08 21:14:32.216262,1225.986052,1.331803424996262
2020-01-08 21:14:32.216262,long,0.00033456,7.650408e-05,408,408,408,2020-01-08 21:25:43.883562,671.6673,0.00025805592
2020-01-08 21:25:43.883562,short,5.608662280000083,-0.2833121107000003,7500592,7500592,6000592,2020-01-09 16:11:57.563530,67573.679968,5.891974390700083
2020-01-09 16:11:57.563530,long,3.467122820000169,0.14505648363883056,11841783,11841783,6000355,2020-01-10 12:49:16.488077,74238.924547,3.3220663363613383
2020-01-10 12:49:16.488077,short,2.268216430000325,0.14596486731116948,6000645,6000645,6000645,2020-01-10 14:02:36.394247,4399.90617,2.1222515626891556
2020-01-10 14:02:36.394247,long,0.9381535199999897,0.26791511805,1500355,1500355,1500355,2020-01-10 14:37:24.716603,2088.322356,0.6702384019499897
2020-01-10 14:37:24.716603,short,3.3948861300000046,-0.3273845659499993,9917383,9917383,7960840,2020-01-10 16:58:36.550451,8471.833848,3.722270695950004
2020-01-10 16:58:36.550451,long,6.793056719999999,-0.18287479485000022,6201270,6201270,3000355,2020-01-14 04:03:04.066391,299067.51594,6.975931514849999
2020-01-14 04:03:04.066391,short,0.0008385,3.746647125257172e-05,645,645,645,2020-01-14 12:46:01.095269,31377.028878,0.0008010335287474284
2020-01-14 12:46:01.095269,long,0.838599370000011,-0.07139720142125257,1215038,1215038,1215038,2020-01-14 16:11:08.288444,12307.193175,0.9099965714212636
2020-01-14 16:11:08.288444,short,-0.00165765,0.00011088681566998892,645,645,645,2020-01-14 18:11:36.464213,7228.175769,-0.001768536815669989
2020-01-14 18:11:36.464213,long,5.325e-05,6.0308984330011074e-05,355,355,355,2020-01-14 18:12:14.933212,38.468999,-7.058984330011074e-06
2020-01-14 18:12:14.933212,short,0.000903,0.00011018535,645,645,645,2020-01-14 18:37:14.670642,1499.73743,0.0007928146500000001
2020-01-14 18:37:14.670642,long,0.22280962000001592,-0.12811666227560975,2220332,2220332,1336040,2020-01-16 02:21:18.396520,114243.725878,0.35092628227562567
2020-01-16 02:21:18.396520,short,0.9352261999999929,-0.10634821047439028,1843709,1843709,1500645,2020-01-17 03:32:45.911152,90687.514632,1.0415744104743831
2020-01-17 03:32:45.911152,long,1.254592519999991,0.0869165117,1500355,1500355,1500355,2020-01-17 06:15:50.111073,9784.199921,1.167676008299991
2020-01-17 06:15:50.111073,short,55.635947850000164,0.2535294758761707,49892605,49892605,6000273,2020-01-24 06:51:29.787785,606939.676712,55.38241837412399
2020-01-24 06:51:29.787785,long,-0.8096201499999817,0.17997266034383294,3000727,3000727,3000727,2020-01-24 12:14:18.790522,19369.002737,-0.9895928103438146
2020-01-24 12:14:18.790522,short,-13.514737740000115,0.3154838226199998,6000273,6000273,3000273,2020-01-28 06:37:14.689461,325375.898939,-13.830221562620114
2020-01-28 06:37:14.689461,long,19.470133349999895,0.35707082441000004,7500727,7500727,4500727,2020-01-29 14:43:39.140976,115584.451515,19.113062525589896
2020-01-29 14:43:39.140976,short,10.39054771000003,1.2944553223030872,36071956,36071956,7500749,2020-02-06 11:57:03.601498,681204.460522,9.096092387696944
2020-02-06 11:57:03.601498,long,0.8101129499999565,-0.1544879637430907,3000251,3000251,3000251,2020-02-06 12:07:00.297205,596.695707,0.9646009137430472
2020-02-06 12:07:00.297205,short,1.4959558100003918,1.4605454202300123,33936045,33936045,7500749,2020-02-10 07:14:44.179725,328063.88252,0.03541038977037947
2020-02-10 07:14:44.179725,long,-0.5149145200001879,-0.29446935656999745,16500651,16500651,6000251,2020-02-11 15:16:41.627626,115317.447901,-0.22044516343019044
2020-02-11 15:16:41.627626,short,-0.9908134499999588,-0.07523817731999999,1500561,1500561,1500561,2020-02-11 15:40:04.794878,1403.167252,-0.9155752726799589
2020-02-11 15:40:04.794878,long,8.172705030000012,0.12867121350000002,10500439,10500439,4500439,2020-02-12 13:31:54.286596,78709.491718,8.044033816500011
2020-02-12 13:31:54.286596,short,6.66893192000063,0.5291270657799954,31609256,31609256,6000561,2020-02-15 16:06:26.178933,268471.892337,6.1398048542206345
2020-02-15 16:06:26.178933,long,0.00014487,6.563928e-05,439,439,439,2020-02-15 16:17:34.463184,668.284251,7.923071999999998e-05
2020-02-15 16:17:34.463184,short,0.00042636,8.406585e-05,561,561,561,2020-02-15 16:29:45.188019,730.724835,0.00034229415
2020-02-15 16:29:45.188019,long,-0.00021072,6.619242e-05,439,439,439,2020-02-15 16:31:31.868884,106.680865,-0.00027691242
2020-02-15 16:31:31.868884,short,-3.088091070000685,1.3277740757299903,58360464,58360464,12000241,2020-02-18 05:21:08.909308,218977.040424,-4.415865145730676
2020-02-18 05:21:08.909308,long,-0.00040986,0.00011652927,759,759,759,2020-02-18 09:06:00.262093,13491.352785,-0.00052638927
2020-02-18 09:06:00.262093,short,41.14780317000115,0.24268420313000402,89513175,89513175,12000874,2020-03-09 15:10:59.434891,1749899.172798,40.90511896687114
2020-03-09 15:10:59.434891,long,7.902181510000001,-0.0737716106800002,6000126,6000126,3000126,2020-03-09 20:36:26.109934,19526.675043,7.975953120680002
2020-03-09 20:36:26.109934,short,18.19386363999948,-0.5161760266399997,12503504,12503504,6000874,2020-03-11 19:05:22.319171,167336.209237,18.71003966663948
2020-03-11 19:05:22.319171,long,0.40980429999989576,-0.20530522604000004,3204079,3204079,3000126,2020-03-12 10:48:12.744702,56570.425531,0.6151095260398958
2020-03-12 10:55:54.033785,short,0.15024477000000003,0.002609615925058548,32361,32361,32361,2020-03-12 10:57:46.030114,111.996329,0.1476351540749415
2020-03-12 10:57:46.030114,long,-17.584137089999988,0.2522510484849398,5967639,5967639,5967639,2020-03-12 11:05:47.552268,481.522154,-17.836388138484928
2020-03-12 11:05:47.552268,short,0.5125815499999999,-0.015739614716322348,193427,193427,193427,2020-03-12 11:27:48.139595,1320.587327,0.5283211647163223
2020-03-12 11:27:48.139595,long,-18.727275750000032,-0.08418015275781882,3006573,3006573,3006573,2020-03-12 11:51:14.136881,1405.997286,-18.643095597242212
2020-03-12 11:51:14.136881,short,0.35384642,0.04472732306414241,260866,260866,260866,2020-03-12 11:51:31.873192,17.736311,0.3091190969358576
2020-03-12 12:19:33.454101,short,3.4132828600000082,0.016584540000000043,1500000,1500000,1500000,2020-03-12 12:26:09.260600,395.806499,3.396698320000008
2020-03-12 12:33:52.603063,long,-0.10962716,0.004294039999999999,51956,51956,51956,2020-03-12 12:37:42.147796,229.544733,-0.1139212
2020-03-12 12:51:43.293931,long,4.38,0.13051515000000005,1500000,1500000,1500000,2020-03-12 13:01:47.202062,603.908131,4.24948485
2020-03-12 14:35:03.422929,short,17.49630273999981,-0.5738160234699994,8064476,8064476,4500573,2020-03-12 20:45:57.527596,22254.104667,18.070118763469807
2020-03-12 20:45:57.527596,long,7.337247900000083,0.1558855495190463,3553528,3553528,3000427,2020-03-12 22:05:52.182128,4794.654532,7.181362350481037
2020-03-12 22:05:52.182128,short,31.044670350000278,0.4047448322973086,7500573,7500573,3000573,2020-03-12 23:26:33.608606,4841.426478,30.63992551770297
2020-03-12 23:26:33.608606,long,3.5143008699997194,0.19983558647364488,7195817,7195817,3937383,2020-03-13 00:31:48.180387,3914.571781,3.3144652835260744
2020-03-13 00:31:48.180387,short,9.046616939999998,0.19891150998,1200483,1200483,1200483,2020-03-13 00:48:31.772645,1003.592258,8.847705430019998
2020-03-13 00:48:31.772645,long,0.005544,0.00016179350417227454,480,480,480,2020-03-13 01:02:07.839889,816.067244,0.005382206495827726
2020-03-13 01:02:07.839889,short,61.56058896999957,0.2370099708834133,2399520,2399520,2399520,2020-03-13 02:01:05.275130,3537.435241,61.32357899911616
2020-03-13 02:01:05.275130,long,0.0234768,4.315080635993223e-05,480,480,480,2020-03-13 03:13:43.705932,4358.430802,0.023433649193640067
2020-03-13 03:13:43.705932,short,12.443166889999913,0.2240193429342104,2226259,2226259,2225259,2020-03-13 03:47:56.221922,2052.51599,12.219147547065702
2020-03-13 03:47:56.221922,long,-2.154303689999782,0.051633033825278396,4025952,4025952,2125952,2020-03-13 05:07:58.253506,4802.031584,-2.2059367238250602
2020-03-13 05:07:58.253506,short,-17.498236040000325,0.5168804274431767,3899110,3899110,3029110,2020-03-13 05:31:46.259437,1428.005931,-18.0151164674435
2020-03-13 05:31:46.259437,long,1.1835219000000083,-0.06245580174661144,600890,600890,600890,2020-03-13 05:41:38.569212,592.309775,1.2459777017466198
2020-03-13 05:41:38.569212,short,-60.86243055999939,0.1755769721499998,8014933,8014933,4009670,2020-03-13 15:33:33.768427,35515.199215,-61.038007532149386
2020-03-13 15:33:33.768427,long,1.7783018800000001,-0.049707513736019476,499523,499523,499523,2020-03-13 15:34:31.896811,58.128384,1.8280093937360196
2020-03-13 15:34:31.896811,short,-30.643541399999847,-1.0112261674835126,15489994,15489994,4621994,2020-03-15 22:07:19.363455,196367.466644,-29.632315232516333
2020-03-15 22:07:19.363455,long,1.3798785599999999,-0.08775214712165866,999912,999912,999912,2020-03-15 22:09:34.258943,134.895488,1.4676307071216586
2020-03-15 22:09:34.258943,short,0.00065472,8.183341192714574e-06,88,88,88,2020-03-15 22:17:39.638377,485.379434,0.0006465366588072855
2020-03-15 22:17:39.638377,long,0.1518869699999902,0.14267906427000002,999912,999912,999912,2020-03-15 22:27:51.508781,611.870404,0.009207905729990196
2020-03-15 22:27:51.508781,short,46.321300979999975,-0.5790568526199997,9007202,9007202,3000933,2020-03-16 10:04:36.674235,41805.165454,46.900357832619974
2020-03-16 10:04:36.674235,long,1.4186561400000002,0.10948634783143245,999375,999375,999375,2020-03-16 11:28:14.396182,5017.721947,1.3091697921685677
2020-03-16 11:28:14.396182,short,-19.573046010000624,0.6957656655177308,28728696,28728696,4043450,2020-03-19 14:01:20.193242,268385.79706,-20.268811675518354
2020-03-19 14:01:20.193242,long,3.3487271399997667,-0.061772378459156146,1000471,1000471,1000471,2020-03-19 15:51:10.927172,6590.73393,3.4104995184589226
2020-03-19 15:51:10.927172,short,-1.4725237200000405,-0.3036139083200002,4000529,4000529,3000529,2020-03-19 18:08:44.652009,8253.724837,-1.1689098116800403
2020-03-19 18:08:44.652009,long,0.9105067799999931,-0.08041366840638742,1000471,1000471,1000471,2020-03-19 18:15:06.823063,382.171054,0.9909204484063805
2020-03-19 18:15:06.823063,short,0.7719943299999984,-0.07993372277469674,1000529,1000529,1000529,2020-03-19 19:01:31.683533,2784.86047,0.8519280527746951
2020-03-19 19:01:31.683533,long,1.0754957600000052,-0.034682324966326956,1000471,1000471,1000471,2020-03-19 19:07:53.687419,382.003886,1.1101780849663323
2020-03-19 19:07:53.687419,short,-29.115719509999934,-0.3434260227397491,14075423,14075423,8346450,2020-03-20 18:41:06.476215,84792.788796,-28.772293487260185
2020-03-20 18:41:06.476215,long,-23.481806770000002,0.17507264535418085,3005607,3005607,3005607,2020-03-20 21:04:23.936208,8597.459993,-23.656879415354183
2020-03-20 21:04:23.936208,short,-3.037967070000552,-0.10932898749290143,5214961,5214961,3016462,2020-03-21 08:27:34.975176,40991.038968,-2.928638082507651
2020-03-21 08:27:34.975176,long,1.7240074600000994,-0.049216246514117656,1000538,1000538,1000538,2020-03-21 15:01:19.042938,23624.067762,1.7732237065142171
2020-03-21 15:01:19.042938,short,8.12150612000001,-0.3234552486600009,4000462,4000462,3000462,2020-03-21 17:57:23.210970,10564.168032,8.44496136866001
2020-03-21 17:57:23.210970,long,6.361501709999906,-0.07312590775402064,1638715,1638715,1638715,2020-03-21 19:32:31.122338,5707.911368,6.434627617753926
2020-03-21 19:32:31.122338,short,58.21542694,-0.5918018097188155,13149164,13149164,7149164,2020-03-22 20:02:01.912883,88170.790545,58.80722874971882
2020-03-22 20:02:01.912883,long,2.764990500000094,0.10694498115283474,991755,991755,991755,2020-03-22 21:14:52.522469,4370.609586,2.658045518847259
2020-03-22 21:14:52.522469,short,0.432819089999997,-0.008137722940000007,441022,441022,441022,2020-03-22 21:22:29.329731,456.807262,0.440956812939997
2020-03-22 21:22:29.329731,long,1.2084658600001226,0.23170543235471475,1000734,1000734,1000734,2020-03-22 21:35:04.709593,755.379862,0.9767604276454078
2020-03-22 21:35:04.709593,short,2.3939738599994222,0.008232793605285473,6001333,6001333,6001333,2020-03-22 22:05:46.255897,1841.546304,2.3857410663941367
2020-03-22 22:05:46.255897,long,24.687255219999802,-0.13164907676999973,6722667,6722667,3002431,2020-03-23 13:26:19.409652,55233.153755,24.8189042967698
2020-03-23 13:26:19.409652,short,65.78826502999993,0.2881417258499991,22688695,22688695,8006315,2020-03-30 17:57:19.905126,621060.495474,65.50012330414994
2020-03-30 17:57:19.905126,long,0.0018769,0.00016020095000000002,685,685,685,2020-03-31 00:41:13.940840,24234.035714,0.00171669905
2020-03-31 00:41:13.940840,short,-74.8480362500002,5.780841036350034,60363488,60363488,10000831,2020-04-16 10:37:56.667900,1418202.72706,-80.62887728635025
2020-04-16 10:37:56.667900,long,6.607299279999981,0.41975632521999934,3000768,3000768,3000768,2020-04-20 10:32:09.237136,345252.569236,6.187542954779982
2020-04-20 10:32:09.237136,short,18.09635104000016,1.0229788769674968,6000232,6000232,6000232,2020-04-21 17:55:39.990883,113010.753747,17.073372163032666
2020-04-21 17:55:39.990883,long,0.002601530000001747,0.015245921992499993,209572,209572,209572,2020-04-22 17:51:57.229502,86177.238619,-0.012644391992498245
2020-04-22 17:51:57.229502,short,-3.42026735999941,1.4773892727999989,12000428,12000428,6000428,2020-04-25 21:19:29.975719,271652.746217,-4.897656632799409
2020-04-25 21:19:29.975719,long,0.6885401900001663,0.36616681878000124,6001572,6001572,6001572,2020-04-26 15:10:38.777874,64268.802155,0.3223733712201651
2020-04-26 15:10:38.777874,short,-5.932961289999925,0.5063467484133324,4009826,4009826,4009826,2020-04-26 18:45:51.591455,12912.813581,-6.439308038413257
2020-04-26 18:45:51.591455,long,9.124434159999163,0.5176736838066641,12000174,12000174,6000426,2020-04-28 11:53:12.332217,148040.740762,8.606760476192498
2020-04-28 11:53:12.332217,short,-2.6062693499998675,0.26803454447999914,4007129,4007129,3639889,2020-04-29 06:39:21.859349,67569.527132,-2.8743038944798665
2020-04-29 06:39:21.859349,long,16.62899092,0.5229459125561002,6007795,6007795,6007795,2020-04-29 13:10:09.628119,23447.76877,16.1060450074439
2020-04-29 13:10:09.628119,short,3.4670223100009414,0.3423098529520702,23000348,23000348,8000322,2020-04-30 12:25:24.123511,83714.495392,3.1247124570488714
2020-04-30 12:25:24.123511,long,3.379461479999746,-0.21254416963881287,8005920,8005920,8005920,2020-04-30 19:25:17.828598,25193.705087,3.5920056496385593
2020-04-30 19:25:17.828598,short,2.5662348399998574,-0.058806290389359535,5994080,5994080,5994080,2020-04-30 22:47:12.278870,12114.450272,2.6250411303892167
2020-04-30 22:47:12.278870,long,43.60708659999871,0.5800215001099994,29534943,29534943,8002695,2020-05-06 13:22:36.166948,484523.888078,43.02706509988871
2020-05-06 13:22:36.166948,short,-12.383984489999706,0.8959767159722185,16031898,16031898,7032244,2020-05-07 17:05:31.878632,99775.711684,-13.279961205971926
2020-05-07 17:05:31.878632,long,-0.00052525,0.00014837918257684136,955,955,955,2020-05-09 10:33:48.891228,149297.012596,-0.0006736291825768414
2020-05-09 10:33:48.891228,short,25.345707900000072,-0.11703909108109091,4000045,4000045,2000721,2020-05-10 00:19:23.323442,49534.432214,25.46274699108116
2020-05-10 00:19:23.323442,long,7.324044619999911,-0.1171282405847701,3999279,3999279,3999279,2020-05-10 01:48:11.780128,5328.456686,7.441172860584681
2020-05-10 01:48:11.780128,short,0.00118244,4.2684892931789666e-05,721,721,721,2020-05-10 03:14:22.009900,5170.229772,0.0011397551070682105
2020-05-10 03:14:22.009900,long,8.744456569999977,-0.23981443888186985,6085645,6085645,4085645,2020-05-10 08:05:58.737346,17496.727446,8.984271008881848
2020-05-10 08:05:58.737346,short,5.792448090000018,-0.06653361858000001,6000069,6000069,2000069,2020-05-10 11:42:39.613727,13000.876381,5.858981708580019
2020-05-10 11:42:39.613727,long,-17.38138310000007,0.044080255975393424,14001155,14001155,8001043,2020-05-11 18:04:14.284473,109294.670746,-17.425463355975463
2020-05-11 18:04:14.284473,short,-10.03283835000004,-0.04216090395789404,6131541,6131541,6131541,2020-05-11 21:44:27.477178,13213.192705,-9.990677446042145
2020-05-11 21:44:27.477178,long,2.985828540000002,0.04597768958249999,1370501,1370501,1370501,2020-05-14 00:02:21.103107,181073.625929,2.939850850417502
2020-05-14 00:02:21.103107,short,-27.482296439999235,0.7487533073900039,22500499,22500499,12000499,2020-05-19 08:09:47.346514,461246.243407,-28.23104974738924
2020-05-19 08:09:47.346514,long,-0.0001503,7.760990999999999e-05,501,501,501,2020-05-19 15:49:52.475766,27605.129252,-0.00022790990999999999
2020-05-19 15:49:52.475766,short,43.32565098999991,0.6516363150300029,34597284,34597284,10507589,2020-06-02 00:59:42.012557,1156189.536791,42.674014674969904
2020-06-02 00:59:42.012557,long,-45.2603548899999,0.6946282254977125,6000052,6000052,6000052,2020-06-02 14:50:24.501647,49842.48909,-45.95498311549761
2020-06-02 14:50:24.501647,short,-8.459957959999954,1.4494130874985527,28311916,28311916,10500009,2020-06-11 12:28:43.957385,769099.455738,-9.909371047498507
2020-06-11 12:28:43.957385,long,-0.012485030000000001,-0.0029332975962374254,58649,58649,58649,2020-06-11 12:54:33.685889,1549.728504,-0.009551732403762576
2020-06-11 12:54:33.685889,short,6.081735289999866,0.10935202342000014,4500351,4500351,4500351,2020-06-11 16:42:11.818416,13658.132527,5.9723832665798655
2020-06-11 16:42:11.818416,long,-9.09182026999994,0.41655572644703615,3880563,3880563,3818313,2020-06-11 17:00:48.062738,1116.244322,-9.508375996446977
2020-06-11 17:00:48.062738,short,-0.2488956999999949,0.037274006591598075,681687,681687,681687,2020-06-11 17:02:25.928711,97.865973,-0.28616970659159296
2020-06-11 17:02:25.928711,long,0.15436605,-0.028020561414638843,524885,524885,524885,2020-06-11 17:03:50.803518,84.874807,0.18238661141463886
2020-06-11 17:03:50.803518,short,39.71595146999982,0.42635611008567464,24445711,24445711,11928091,2020-06-15 16:32:15.735473,343704.931955,39.289595359914145
2020-06-15 16:32:15.735473,long,6.5117213800002345,1.2707448229103486,12000260,12000260,6000213,2020-06-22 17:51:41.002125,609565.266652,5.240976557089886
2020-06-22 17:51:41.002125,short,60.69772352000018,1.2764232576700112,21552602,21552602,10500917,2020-06-27 22:55:27.090133,450226.088008,59.42130026233017
2020-06-27 22:55:27.090133,long,0.83274707000006,0.16758885642000024,3000083,3000083,3000083,2020-06-28 14:23:37.562416,55690.472283,0.6651582135800598
2020-06-28 14:23:37.562416,short,7.336e-05,0.00015064476,917,917,917,2020-06-28 19:47:00.717596,19403.15518,-7.728475999999999e-05
2020-06-28 19:47:00.717596,long,0.7072956699999999,-0.026312760129999987,478839,478839,478839,2020-06-30 21:58:50.820039,180710.102443,0.7336084301299999
2020-06-30 21:58:50.820039,short,-7.220781890002611,2.939347512019995,35004588,35004588,20000277,2020-07-06 06:24:08.000854,462317.180815,-10.160129402022605
2020-07-06 06:24:08.000854,long,-7.63455825999987,0.5301532625399993,9000574,9000574,6000574,2020-07-14 05:27:54.455455,687826.454601,-8.16471152253987
2020-07-14 05:27:54.455455,short,-0.00052824,6.919518e-05,426,426,426,2020-07-21 07:38:32.730470,612638.275015,-0.00059743518
2020-07-21 07:38:32.730470,long,16.761196319999886,0.47562049179064525,18000451,18000451,7500451,2020-07-27 17:20:10.265584,553297.535114,16.28557582820924
2020-07-27 17:20:10.265584,short,2.023252360000045,-0.12599005479064498,10500549,10500549,7500549,2020-07-28 08:54:17.674522,56047.408938,2.1492424147906903
2020-07-28 08:54:17.674522,long,1.0408660400001544,0.057510081333567976,10500356,10500356,10500356,2020-07-28 10:43:53.683065,6576.008543,0.9833559586665864
2020-07-28 10:43:53.683065,short,9.595037769998475,-0.07390695903356764,51899855,51899855,19500854,2020-07-30 20:19:46.634011,207352.950946,9.668944729032043
2020-07-30 20:19:46.634011,long,29.08804692999905,0.2777946004899881,9000471,9000471,9000471,2020-08-01 07:59:32.799889,128386.165878,28.810252329509062
2020-08-01 07:59:32.799889,short,-0.6173781399996132,0.435196447983196,7945474,7945474,7880474,2020-08-02 04:38:52.869760,74360.069871,-1.0525745879828092
2020-08-02 04:38:52.869760,long,10.508170720000003,0.5869951876294521,8999526,8999526,8999526,2020-08-02 05:35:52.828460,3419.9587,9.921175532370551
2020-08-02 05:35:52.828460,short,34.88695501000007,0.3207135871373634,20076252,20076252,15414352,2020-08-03 12:13:01.615624,110228.787164,34.56624142286271
2020-08-03 12:13:01.615624,long,36.31847041000164,1.1482071695100011,18387150,18387150,13382150,2020-08-05 15:13:05.627072,183604.011448,35.170263240491636
2020-08-05 15:13:05.627072,short,33.375699520000786,2.5730988593499995,39000285,39000285,15000285,2020-08-07 17:12:52.009620,179986.382548,30.802600660650786
2020-08-07 17:12:52.009620,long,-37.013470979999695,1.2185096203500019,18000715,18000715,12000715,2020-08-11 16:51:55.151937,344343.142317,-38.2319806003497
2020-08-11 16:51:55.151937,short,0.0005643,3.790136932784098e-05,285,285,285,2020-08-11 20:35:05.651959,13390.500022,0.000526398630672159
2020-08-11 20:35:05.651959,long,11.052925620000417,0.7170639443806698,10016924,10016924,9000715,2020-08-11 23:58:09.698155,12184.046196,10.335861675619748
2020-08-11 23:58:09.698155,short,4.2597649999997955,0.2582635996499995,6000285,6000285,6000285,2020-08-12 02:23:18.801491,8709.103336,4.001501400349796
2020-08-12 02:23:18.801491,long,10.239620799999669,0.7905581995525433,7000016,7000016,7000016,2020-08-12 09:46:59.090100,26620.288609,9.449062600447125
2020-08-12 09:46:59.090100,short,11.451682329992853,1.2888291097774691,21008639,21008639,21000639,2020-08-13 21:02:05.688161,126906.598061,10.162853220215384
2020-08-13 21:02:05.688161,long,5.643e-05,1.262547e-05,99,99,99,2020-08-13 22:16:32.889903,4467.201742,4.380453e-05
2020-08-13 22:16:32.889903,short,-0.00328865,0.00011204836000000001,901,901,901,2020-08-17 19:15:46.644569,334753.754666,-0.00340069836
2020-08-17 19:15:46.644569,long,1.584e-05,1.20285e-05,99,99,99,2020-08-17 19:36:50.623522,1263.978953,3.8115000000000007e-06
2020-08-17 19:36:50.623522,short,-0.8844865199999937,0.7753891333799996,9000901,9000901,9000901,2020-08-18 01:48:04.113037,22273.489515,-1.6598756533799932
2020-08-18 01:48:04.113037,long,-10.666341469999987,0.9166752603100004,7500099,7500099,7500099,2020-08-18 17:54:14.492420,57970.379383,-11.583016730309987
2020-08-18 17:54:14.492420,short,22.308633519999148,0.19275382228666826,21001230,21001230,18001230,2020-08-19 06:21:54.136537,44859.644117,22.11587969771248
2020-08-19 06:21:54.136537,long,2.0548325700000123,0.12973827621333345,3000770,3000770,3000770,2020-08-19 07:13:04.096675,3069.960138,1.9250942937866788
2020-08-19 07:13:04.096675,short,5.111883270000927,0.8556188024179108,10500174,10500174,10500174,2020-08-19 20:18:04.707241,47100.610566,4.256264467583017
2020-08-19 20:18:04.707241,long,25.77730412000018,1.3288133896820822,33340712,33340712,10502858,2020-08-25 07:36:11.164586,472686.457345,24.4484907303181
2020-08-25 07:36:11.164586,short,19.500346149998983,0.6919366809301924,10500142,10500142,10500142,2020-08-25 18:10:50.788953,38079.624367,18.80840946906879
2020-08-25 18:10:50.788953,long,3.204772730000139,0.21568003602594985,4806659,4806659,3000812,2020-08-25 18:48:33.445996,2262.657043,2.9890926939741895
2020-08-25 18:48:33.445996,short,-16.96555263999829,0.29993154294540403,23053147,23053147,23000147,2020-08-26 14:08:36.131529,69602.685533,-17.265484182943695
2020-08-26 14:08:36.131529,long,-0.46208799999990624,-0.16250704612154518,3727451,3727451,3727451,2020-08-26 15:10:09.332503,3693.200974,-0.29958095387836103
2020-08-26 15:10:09.332503,short,-1.5926082899999272,0.02234300286500019,10500549,10500549,7500549,2020-08-27 13:18:11.394483,79682.06198,-1.6149512928649274
2020-08-27 13:18:11.394483,long,-17.627203829999655,0.14387462017704145,22716682,22716682,13631682,2020-08-27 17:51:00.847069,16369.452586,-17.771078450176695
2020-08-27 17:51:00.847069,short,-3.090301969999973,-0.13327534023116883,3000877,3000877,3000877,2020-08-28 07:57:00.454341,50759.607272,-2.957026629768804
2020-08-28 07:57:00.454341,long,6.765e-05,1.6152389128630703e-05,123,123,123,2020-08-28 09:16:51.054641,4790.6003,5.14976108713693e-05
2020-08-28 09:16:51.054641,short,0.00021048,0.0001149747,877,877,877,2020-08-28 14:39:37.768894,19366.714253,9.550530000000001e-05
2020-08-28 14:39:37.768894,long,9.963e-05,1.607364e-05,123,123,123,2020-08-28 15:43:57.187626,3859.418732,8.355636000000001e-05
2020-08-28 15:43:57.187626,short,0.00057005,0.00011450112,877,877,877,2020-08-29 14:06:11.285677,80534.098051,0.00045554888
2020-08-29 14:06:11.285677,long,0.9910623400000312,0.03231690339999999,837418,837418,837418,2020-08-30 08:19:41.775996,65610.490319,0.9587454366000312
2020-08-30 08:19:41.775996,short,146.43303591999853,2.038830652199993,86159779,86159779,24010268,2020-09-03 15:09:02.852710,370161.076714,144.39420526779853
2020-09-03 15:09:02.852710,long,3.898794000000016,0.03747689249855994,6458855,6458855,6458855,2020-09-03 15:45:55.969014,2213.116304,3.8613171075014563
2020-09-03 15:45:55.969014,short,2.755e-05,-0.0003192491153676241,7145,7145,7145,2020-09-03 15:48:48.195218,172.226204,0.0003467991153676241
2020-09-03 15:48:48.195218,long,-9.624768960001008,0.2081893662168095,18310430,18310430,12000863,2020-09-04 09:47:53.156189,64744.960971,-9.832958326217817
2020-09-04 09:47:53.156189,short,11.202891640000253,0.29906337185999976,15000246,15000246,12000246,2020-09-04 18:24:43.725908,31010.569719,10.903828268140254
2020-09-04 18:24:43.725908,long,5.559792450000084,0.009410259084999964,5687516,5687516,5687516,2020-09-04 20:00:43.173129,5759.447221,5.550382190915085
2020-09-04 20:00:43.173129,short,91.12165463999811,-0.3821573364218778,53903465,53903465,21915259,2020-09-05 18:19:42.412062,80339.238933,91.50381197642
2020-09-05 18:19:42.412062,long,-16.959892139999596,0.06904235807688049,9095675,9095675,9000675,2020-09-05 19:45:18.694044,5136.281982,-17.028934498076477
2020-09-05 19:45:18.694044,short,-97.72320666999534,2.8402502169600363,123067817,123067817,30284820,2020-09-23 19:49:21.714604,1555443.02056,-100.56345688695536
2020-09-23 19:49:21.714604,long,-6.55e-06,7.333499999999999e-07,5,5,5,2020-09-23 20:53:22.401358,3840.686754,-7.28335e-06
2020-09-23 20:53:22.401358,short,-38.51391052999918,0.03574579910747069,12000995,12000995,12000995,2020-09-24 19:20:27.304540,80824.903182,-38.549656329106654
2020-09-24 19:20:27.304540,long,3.731419180000066,0.009928588342529306,3280155,3280155,3280155,2020-09-25 00:03:25.809007,16978.504467,3.7214905916575365
2020-09-25 00:03:25.809007,short,0.0013351,0.0001188239,845,845,845,2020-09-25 09:48:58.855062,35133.046055,0.0012162761000000001
2020-09-25 09:48:58.855062,long,1.9072382800001555,-0.14427667816,3062146,3062146,3062146,2020-09-25 12:07:45.589402,8326.73434,2.0515149581601557
2020-09-25 12:07:45.589402,short,0.00078568,0.00012064458,854,854,854,2020-09-25 14:10:28.320844,7362.731442,0.00066503542
2020-09-25 14:10:28.320844,long,2.450604340000081,-0.09292358257000005,1976287,1976287,1976287,2020-09-25 19:00:42.264173,17413.943329,2.5435279225700813
2020-09-25 19:00:42.264173,short,21.633678109998954,-0.23480079150999972,21001177,21001177,9001177,2020-10-08 13:26:32.542095,1103150.277922,21.868478901508954
2020-10-08 13:26:32.542095,long,0.00244388,7.806141e-05,571,571,571,2020-10-12 10:45:01.760680,335909.218585,0.00236581859
2020-10-12 10:45:01.760680,short,-1.3452948699994813,-0.14558922558733836,9000429,9000429,9000429,2020-10-12 13:35:05.922253,10204.161573,-1.199705644412143
2020-10-12 13:35:05.922253,long,-5.004373569999447,0.4821803552973356,15000257,15000257,12000257,2020-10-15 10:29:06.970506,248041.048253,-5.486553925296782
2020-10-15 10:29:06.970506,short,-0.00037893,9.820974e-05,743,743,743,2020-10-15 12:24:36.190419,6929.219913,-0.00047713974
2020-10-15 12:24:36.190419,long,-3.5027065999996267,0.010069349837676943,12000757,12000757,12000757,2020-10-16 04:23:19.423484,57523.233065,-3.512775949837304
2020-10-16 04:23:19.423484,short,-145.62914701999478,1.1644993327972948,37745342,37745342,30000915,2020-10-21 03:33:03.319514,428983.89603,-146.79364635279208
2020-10-21 03:33:03.319514,long,5.428787200000004,-0.3406543629949746,8352601,8352601,8352601,2020-10-21 14:21:41.858046,38918.538532,5.769441562994978
2020-10-21 14:21:41.858046,short,-3.639547559999983,-0.0989672549400002,10000399,10000399,10000399,2020-10-21 20:59:24.477060,23862.619014,-3.540580305059983
2020-10-21 20:59:24.477060,long,15.26230874000001,0.09395490075999972,14066604,14066604,9066604,2020-10-21 22:50:28.178279,6663.701219,15.16835383924001
2020-10-21 22:50:28.178279,short,0.0001107,1.4122349433962265e-05,123,123,123,2020-10-21 23:05:17.506177,889.327898,9.657765056603773e-05
2020-10-21 23:05:17.506177,long,1.127277350000005,0.7072264726716196,16803846,16803846,16803846,2020-10-21 23:12:30.277536,432.771359,0.4200508773283854
2020-10-21 23:12:30.277536,short,-13.239280589999943,0.02781702741894554,15000858,15000858,15000858,2020-10-22 20:55:44.025107,78193.747571,-13.267097617418889
2020-10-22 20:55:44.025107,long,31.417749520000037,0.027749198557328787,13246499,13246499,13246499,2020-10-27 17:27:27.621689,419503.596582,31.39000032144271
2020-10-27 17:27:27.621689,short,-0.010728980000000004,-0.009782454037328756,268898,268898,268898,2020-10-27 17:28:20.607948,52.986259,-0.0009465259626712484
2020-10-27 17:28:20.607948,long,2.448e-05,1.11894e-05,102,102,102,2020-10-27 17:42:06.652228,826.04428,1.32906e-05
2020-10-27 17:42:06.652228,short,50.01374266000018,-0.8995609975799981,38248808,38248808,20001602,2020-10-29 10:41:13.112655,147546.460427,50.91330365758018
2020-10-29 10:41:13.112655,long,0.00162012,6.614903e-05,587,587,587,2020-10-29 16:28:44.681578,20851.568923,0.00155397097
2020-10-29 16:28:44.681578,short,15.5266055899994,-0.8497876049598855,22952481,22952481,20000554,2020-10-29 23:10:05.778993,24081.097415,16.376393194959284
2020-10-29 23:10:05.778993,long,-0.009045699999999999,-0.004242098468991474,114005,114005,114005,2020-10-29 23:19:17.021976,551.242983,-0.004803601531008525
2020-10-29 23:19:17.021976,short,0.05300011999999018,-0.11844956950112809,3195157,3195157,3195157,2020-10-29 23:26:13.836200,416.814224,0.17144968950111827
2020-10-29 23:26:13.836200,long,0.00067124,7.648676e-05,692,692,692,2020-10-30 01:12:11.220475,6357.384275,0.0005947532400000001
2020-10-30 01:12:11.220475,short,0.5594302799999964,-0.012793013341239794,2968997,2968997,2968997,2020-10-30 01:27:14.589885,903.36941,0.5722232933412362
2020-10-30 01:27:14.589885,long,-4.864892749999855,-0.7653815582920239,48524751,48524751,20000184,2020-10-31 02:38:26.368076,90671.778191,-4.0995111917078315
2020-10-31 02:38:26.368076,short,34.651480210000024,-0.18877843548674167,47213721,47213721,30000336,2020-11-03 03:01:07.304657,260560.936581,34.84025864548676
2020-11-03 03:01:07.304657,long,4.569151210000052,-0.2961466990800217,12444645,12444645,9577655,2020-11-03 08:52:41.996726,21094.692069,4.865297909080073
2020-11-03 08:52:41.996726,short,0.0,-0.08320226459997823,2250844,2250844,2250844,2020-11-03 08:54:03.896026,81.8993,0.08320226459997823
2020-11-03 08:54:15.064449,long,-1e-05,0.00011100373954599761,1000,1000,1000,2020-11-03 08:54:21.350985,6.286536,-0.00012100373954599761
2020-11-03 08:54:21.350985,short,-13.51383742,0.6134459162604539,10000674,10000674,10000674,2020-11-04 02:26:02.126364,63100.775379,-14.127283336260454
2020-11-04 07:55:43.137473,long,26.120489930000048,0.26840118492000065,7567318,7567318,7359577,2020-11-05 07:38:32.309287,85369.171814,25.852088745080046
2020-11-05 07:38:32.309287,short,-34.8432598400004,-0.9931304249200006,56998807,56998807,20000453,2020-11-06 20:53:20.343310,134088.034023,-33.850129415080396
2020-11-06 20:54:05.706106,long,-8.942887160000543,0.05956705494499864,46636531,46636531,16786894,2020-11-07 18:53:17.572141,79151.866035,-9.002454214945542
2020-11-07 18:53:17.572141,short,-1.8771729700000228,0.3813936189422151,6537093,6537093,6537093,2020-11-07 19:05:52.428980,754.856839,-2.2585665889422377
2020-11-07 19:05:52.428980,long,-0.4047288400000015,0.07553281131190472,1099206,1099206,1099206,2020-11-07 19:14:12.925648,500.496668,-0.4802616513119062
2020-11-07 19:14:12.925648,short,6.252522310000023,0.07944784480087999,5482328,5482328,5482328,2020-11-07 19:33:19.459492,1146.533844,6.173074465199143
2020-11-07 19:37:05.614867,long,-0.969935140000021,-0.1504139099999999,7433643,7433643,7433643,2020-11-07 19:47:05.705176,600.090309,-0.8195212300000211
2020-11-07 20:09:20.011240,long,4.307753349999992,-0.1843991318799999,8885938,8885938,8000000,2020-11-07 20:20:56.496055,696.484815,4.492152481879992
2020-11-07 20:20:56.496055,short,-56.08095703000028,-0.8986265981200063,76543493,76543493,35253136,2020-11-09 11:59:26.744147,142710.248092,-55.182330431880274
2020-11-09 12:00:37.111298,long,-1.8369956199999868,-0.08627066000000003,6547006,6547006,6547006,2020-11-09 12:04:42.428195,245.316897,-1.7507249599999868
2020-11-09 12:11:35.097405,long,-6.480339739999235,-0.1326486899999999,20474003,20474003,12138003,2020-11-09 17:19:16.386819,18461.289414,-6.347691049999235
2020-11-09 17:43:22.792086,short,-2.677386559999994,-0.3547623658750003,11940739,11940739,11940739,2020-11-09 22:37:11.479386,17628.6873,-2.3226241941249937
2020-11-09 22:37:11.479386,long,-1.1940782599998192,-0.2821575341250005,11429638,11429638,11429638,2020-11-10 12:45:06.203766,50874.72438,-0.9119207258748188
2020-11-15 17:47:37.560683,short,-33.075244420000466,0.17357840000000022,37261642,37261642,20000000,2020-11-19 17:13:13.461868,343535.901185,-33.24882282000046
2020-11-20 15:07:51.345045,long,-0.4459352100000839,0.2369217399999999,5000597,5000597,5000597,2020-11-20 22:10:01.142448,25329.797403,-0.6828569500000838
2020-11-20 22:14:07.420281,long,-7.874618190000382,0.18410431000000127,21675004,21675004,10000597,2020-11-22 01:44:27.469137,99020.048856,-8.058722500000384
2020-11-22 23:13:50.345450,long,15.13319229000004,-0.2163820490487801,23083000,23083000,15000538,2020-11-25 04:11:05.123574,190634.778124,15.34957433904882
2020-11-25 04:11:05.123574,short,-0.0001848,3.67196287804878e-05,462,462,462,2020-11-25 16:33:15.799267,44530.675693,-0.0002215196287804878
2020-11-25 16:33:15.799267,long,-1.4030450100000014,-0.11652074445999998,5000538,5000538,5000538,2020-11-25 23:42:19.005678,25743.206411,-1.2865242655400013
2020-11-25 23:42:19.005678,short,6.032721429999927,-0.12552109945458906,5674573,5674573,5674573,2020-11-26 02:49:17.523748,11218.51807,6.158242529454516
2020-11-26 02:49:17.523748,long,0.12587249999997224,-0.04789460032541092,5000427,5000427,5000427,2020-11-26 03:08:14.258634,1136.734886,0.17376710032538317
2020-11-26 03:08:14.258634,short,0.00052143,4.7859825e-05,573,573,573,2020-11-26 03:31:01.385681,1367.127047,0.00047357017500000004
2020-11-26 03:31:01.385681,long,-6.629313540000136,0.5752513048640654,9999427,9999427,9999427,2020-11-26 03:31:48.035545,46.649864,-7.204564844864201
2020-11-26 03:31:48.035545,short,0.00020628,1.6536092552357392e-05,573,573,573,2020-11-26 03:32:58.530071,70.494526,0.0001897439074476426
2020-11-26 03:32:58.530071,long,5.122072480000017,-0.09572970939780924,9999427,9999427,9999427,2020-11-26 03:47:03.265467,844.735396,5.217802189397826
2020-11-26 03:47:03.265467,short,-4.584e-05,1.6058386190833677e-05,573,573,573,2020-11-26 03:48:48.207720,104.942253,-6.189838619083368e-05
2020-11-26 03:48:48.207720,long,4.395798139999518,-0.21944886440999956,40782773,40782773,15381188,2020-11-26 10:18:04.895541,23356.687821,4.615247004409517
2020-11-26 10:18:04.895541,short,3.106705489999799,-0.1219702835900001,11463654,11463654,11463654,2020-11-26 11:50:56.241502,5571.345961,3.228675773589799
2020-11-26 11:50:56.241502,long,0.00016608,3.029749e-05,346,346,346,2020-11-26 12:08:32.331685,1056.090183,0.00013578251
2020-11-26 12:08:32.331685,short,0.00125568,1.8694591731969272e-05,654,654,654,2020-11-26 16:54:04.835186,17132.503501,0.0012369854082680306
2020-11-26 16:54:04.835186,long,32.3174792799995,-0.4837201878072968,34087624,34087624,15004358,2020-11-26 20:52:24.962981,14300.127795,32.8011994678068
2020-11-26 20:52:24.962981,short,35.62596030000013,-0.0005894395081737971,54187210,54187210,20270531,2020-11-27 11:28:38.467490,52573.504509,35.626549739508306
2020-11-27 11:28:38.467490,long,28.86944929999984,0.23896863704374027,35009294,35009294,10007770,2020-11-30 00:30:48.172301,219729.704811,28.6304806629561
2020-11-30 00:30:48.172301,short,-71.83847066999913,-0.20617436988000026,63660077,63660077,33869191,2020-11-30 19:41:22.120342,69033.948041,-71.63229630011912
2020-11-30 19:41:22.120342,long,9.24e-06,3.4333200000000004e-06,44,44,44,2020-11-30 19:44:58.629358,216.509016,5.806679999999999e-06
2020-11-30 19:44:58.629358,short,50.344849960002556,0.1026047020699853,40000956,40000956,35000956,2020-12-02 00:20:53.316887,102954.687529,50.242245257932574
2020-12-02 00:20:53.316887,long,0.00088368,0.00014696670501431296,1841,1841,1841,2020-12-04 12:05:24.553830,215071.236943,0.000736713294985687
2020-12-04 12:05:24.553830,short,0.6736718500000337,-0.367545095787978,18939899,18939899,13939899,2020-12-04 23:35:14.562658,41390.008828,1.0412169457880118
2020-12-04 23:35:14.562658,long,2.525e-05,2.6744629788749106e-06,101,101,101,2020-12-05 02:44:30.911663,11356.349005,2.257553702112509e-05
2020-12-05 02:44:30.911663,short,-14.56675046999997,-0.20024170877936578,20000899,20000899,20000899,2020-12-07 01:21:01.296677,167790.385014,-14.366508761220604
2020-12-07 01:21:01.296677,long,-0.21465679999999998,0.001709447866032174,59960,59960,59960,2020-12-09 10:26:07.824078,205506.527401,-0.21636624786603215
2020-12-09 10:26:07.824078,short,-0.30355183000033625,-0.2782339124670973,25997483,25997483,24187975,2020-12-10 10:43:12.081713,87424.257635,-0.025317917533238976
2020-12-10 10:43:12.081713,long,55.31866469999917,-0.20833496509518426,30000410,30000410,20000410,2020-12-13 10:04:10.136604,256858.054891,55.52699966509435
2020-12-13 10:04:10.136604,short,2.6997785999999997,-0.1072431028609143,4999590,4999590,4999590,2020-12-13 20:10:08.761455,36358.624851,2.807021702860914
2020-12-13 20:10:08.761455,long,0.0016687,9.44742479762914e-06,410,410,410,2020-12-16 16:27:58.423710,245869.662255,0.001659252575202371
2020-12-16 16:27:58.423710,short,-35.67994762000011,-0.14830629524490987,15000590,15000590,15000590,2020-12-17 03:57:01.389859,41342.966149,-35.5316413247552
2020-12-17 03:57:01.389859,long,2.353197399999922,-0.10031414001708884,5000410,5000410,5000410,2020-12-17 05:37:38.707461,6037.317602,2.453511540017011
2020-12-17 05:37:38.707461,short,-30.437394679999624,-0.42914829111598307,25659727,25659727,25659727,2020-12-17 09:39:32.886459,14514.178998,-30.00824638888364
2020-12-17 09:39:32.886459,long,5.075472589999954,0.02217879829307828,14844118,14844118,14844118,2020-12-17 10:03:07.330987,1414.444528,5.053293791706876
2020-12-17 10:03:07.330987,short,28.230249620003164,-1.050098678670625,136784872,136784872,45140069,2020-12-21 17:22:29.292951,371961.961964,29.28034829867379
2020-12-21 17:22:29.292951,long,5.187293930000038,0.11856010619287655,20065480,20065480,10000682,2020-12-23 22:23:31.718349,190862.425398,5.068733823807162
2020-12-23 22:23:31.718349,short,-130.38951827000068,-0.026822343480939002,27946004,27946004,27946004,2020-12-27 20:55:00.955108,340289.236759,-130.36269592651973
2020-12-27 20:55:00.955108,long,0.1318384,-0.00335559074433533,178160,178160,178160,2020-12-28 20:54:13.566439,86352.611331,0.13519399074433533
2020-12-28 20:54:13.566439,short,-39.878380670000126,-0.6684647121103443,56583597,56583597,20000597,2021-01-02 05:37:41.258294,377007.691855,-39.209915957889784
2021-01-03 00:34:08.370328,short,-19.457450230000326,-0.2829177475598077,20000593,20000593,20000593,2021-01-03 15:25:22.316846,53473.946518,-19.17453248244052
2021-01-03 15:25:22.316846,long,-0.00893169,-0.0014868697102399541,99241,99241,99241,2021-01-03 23:20:14.917711,28492.600865,-0.007444820289760047
2021-01-03 23:20:14.917711,short,23.826796809999937,-0.20054089705949465,14900759,14900759,14900759,2021-01-04 09:35:56.916943,36941.999232,24.02733770705943
2021-01-04 09:35:56.916943,long,9.36603331999999,0.0688931397395421,10099241,10099241,10099241,2021-01-05 01:02:19.222409,55582.305466,9.297140180260449
2021-01-05 01:02:19.222409,short,32.85293407000025,-0.18577053578652952,19601262,19601262,19601262,2021-01-05 05:52:22.325208,17403.102799,33.03870460578678
2021-01-05 05:52:22.325208,long,-0.03209606,-0.0038158351834703483,232474,232474,232474,2021-01-05 07:19:54.775174,5252.449966,-0.028280224816529656
2021-01-05 07:19:54.775174,short,-0.00123084,2.4385360000000003e-05,526,526,526,2021-01-05 20:02:31.248749,45756.473575,-0.0012552253599999999
2021-01-05 20:02:31.248749,long,0.00072522,7.227407283998451e-06,474,474,474,2021-01-06 04:34:30.339886,30719.091137,0.0007179925927160016
2021-01-06 04:34:30.339886,short,-19.58203993999945,-0.10424165536246412,35250526,35250526,25007076,2021-01-10 20:37:51.064661,403400.724775,-19.477798284636986
2021-01-10 20:37:51.064661,long,6.507272789999854,-0.20286995169481994,15000597,15000597,14999008,2021-01-10 20:57:27.646864,1176.582203,6.710142741694674
2021-01-10 20:57:27.646864,short,-4.8133904100004115,-0.3047881375422047,25000403,25000403,25000403,2021-01-11 00:01:38.286682,11050.639818,-4.508602272458207
2021-01-11 00:01:38.286682,long,-9.120314920000013,-0.11565897401918265,15001551,15001551,10001551,2021-01-11 03:56:14.691344,14076.404662,-9.00465594598083
2021-01-11 03:56:14.691344,short,34.599865999999906,-0.4020078149944089,32162020,32162020,14847328,2021-01-11 07:49:13.295848,13978.604504,35.00187381499431
2021-01-11 07:49:13.295848,long,0.019782,0.0003069034757961113,21980,21980,21980,2021-01-11 08:08:30.538866,1157.243018,0.01947509652420389
2021-01-11 08:08:30.538866,short,14.76438316999997,-0.38872248361159956,30008020,30008020,23159802,2021-01-11 11:19:06.940263,11436.401397,15.15310565361157
2021-01-11 11:19:06.940263,long,16.91286031999997,-0.2195118150584016,15000198,15000198,15000198,2021-01-11 23:20:40.212807,43293.272544,17.13237213505837
2021-01-11 23:20:40.212807,short,20.862335990000048,-0.5884608941499999,50600313,50600313,40000313,2021-01-13 06:19:59.362391,111559.149584,21.450796884150048
2021-01-13 06:19:59.362391,long,20.301509699999837,-0.14290258321000002,10000487,10000487,10000487,2021-01-13 22:02:57.987539,56578.625148,20.444412283209836
2021-01-13 22:02:57.987539,short,29.926234339999215,-0.19401496641999957,78097423,78097423,60031517,2021-01-15 14:35:20.603528,145942.615989,30.120249306419215
2021-01-15 14:35:20.603528,long,-14.702483250000066,-0.0705539155951862,25000094,25000094,20000094,2021-01-15 16:30:44.515270,6923.911742,-14.63192933440488
2021-01-15 16:30:44.515270,short,0.07723861999999947,-0.004472659045101092,363798,363798,363798,2021-01-15 16:34:32.277906,227.762636,0.08171127904510056
2021-01-15 16:34:32.277906,long,-0.27521678,-0.05583060053192521,4636202,4636202,4636202,2021-01-15 17:16:02.966627,2490.688721,-0.2193861794680748
2021-01-15 17:16:02.966627,short,-13.667085230001213,-0.3849722377984049,52862796,52862796,52862796,2021-01-16 02:38:27.871017,33744.90439,-13.282112992202808
2021-01-16 02:38:27.871017,long,13.2246819299999,-0.2953528935329923,42000893,42000893,20000893,2021-01-20 00:04:34.881876,336367.010859,13.520034823532892
2021-01-20 00:04:34.881876,short,12.719417170000119,-0.09638851039139201,14958310,14958310,14958310,2021-01-21 04:43:23.643797,103128.761921,12.815805680391511
2021-01-21 04:43:23.643797,long,-0.0683716,-0.0006174278574049348,41690,41690,41690,2021-01-21 09:30:50.858692,17247.214895,-0.06775417214259508
2021-01-21 09:30:50.858692,short,47.229731050001234,-0.4059805285613785,111022699,111022699,55002547,2021-01-23 02:46:24.380566,148533.521874,47.63571157856261
2021-01-23 02:46:24.380566,long,22.685860539999886,-0.18556834478621176,25000469,25000469,20000469,2021-01-26 19:11:59.505500,318335.124934,22.8714288847861
2021-01-26 19:11:59.505500,short,21.204037770000003,0.016545211778956126,50948105,50948105,30070082,2021-01-29 06:11:44.871969,212385.366469,21.187492558221045
2021-01-29 06:11:44.871969,long,50.519094489999986,0.03025990830567721,35026613,35026613,30026613,2021-01-29 09:01:01.584422,10156.712453,50.488834581694306
2021-01-29 09:01:01.584422,short,3.2978656400000257,-0.05333061835208087,4973387,4973387,4973387,2021-01-29 09:02:48.263016,106.678594,3.3511962583521067
2021-01-29 09:02:48.263016,long,8.227139939999763,-0.6332159986275532,81892847,81892847,20026613,2021-01-29 21:06:34.256901,43425.993885,8.860355938627317
2021-01-29 21:06:34.256901,short,-196.12221072999785,-2.1011602968152996,350319742,350319742,55001150,2021-02-14 11:07:34.846106,1346460.589205,-194.02105043318255
2021-02-14 11:07:34.846106,long,-1.23329759,-0.010312312655664083,1019783,1019783,1019783,2021-02-15 02:29:50.043289,55335.197183,-1.222985277344336
2021-02-15 02:29:50.043289,short,-27.884731230000437,-0.11428211941991633,44478811,44478811,44478811,2021-02-16 12:00:27.220450,120637.177161,-27.770449110580522
2021-02-16 12:00:27.220450,long,5.005858459999999,-0.03636782908412585,3680897,3680897,3680897,2021-02-19 00:41:56.561943,218489.341493,5.042226289084125
2021-02-19 00:41:56.561943,short,-2.886568069999978,-0.18626425942905642,23210014,23210014,23210014,2021-02-19 09:04:06.815823,30130.25388,-2.7003038105709214
2021-02-19 09:04:06.815823,long,12.954850120000001,-0.17299641432094387,20002993,20002993,20002993,2021-02-19 19:24:17.560081,37210.744258,13.127846534320945
2021-02-19 19:24:17.560081,short,75.07384693999997,-0.16592355581311763,60234429,60234429,50234429,2021-02-23 08:18:02.640782,305625.080701,75.23977049581309
2021-02-23 08:18:02.640782,long,0.0009828,9.067353820624495e-06,945,945,945,2021-02-24 08:29:03.856842,87061.21606,0.0009737326461793756
2021-02-24 08:29:03.856842,short,18.73090354000158,-0.5330640670305439,101098503,101098503,50000845,2021-02-25 23:59:26.991558,142223.134716,19.263967607032125
2021-02-25 23:59:26.991558,long,6.6e-05,-0.00550538775016,518330,518330,518330,2021-02-26 01:24:11.902788,5084.91123,0.00557138775016
2021-02-26 01:24:11.902788,short,26.440650890001535,-0.12179355621794145,108136739,108136739,50295232,2021-02-26 22:11:07.286113,74815.383325,26.562444446219477
2021-02-26 22:11:07.286113,long,2.8363542800001316,-0.03557510924887578,9999162,9999162,9999162,2021-02-26 22:20:57.533148,590.247035,2.8719293892490074
2021-02-26 22:20:57.533148,short,-8.35352070999997,-0.11464494837276996,15544794,15544794,15544794,2021-02-27 07:06:17.262046,31519.728898,-8.238875761627199
2021-02-27 07:06:17.262046,long,5.771129440000336,-0.06450618368700774,19998864,19998864,19998864,2021-03-01 13:04:42.462011,194305.199965,5.8356356236873435
2021-03-01 13:04:42.462011,short,135.0232677899998,0.3262607344291082,704710869,704710869,80172646,2021-04-24 12:04:08.502373,4661966.040362,134.6970070555707
2021-04-24 12:04:08.502373,long,12.574234149999992,-0.00225799256249998,20002775,20002775,20002775,2021-04-26 01:09:53.052902,133544.550529,12.576492142562492
2021-04-26 01:09:53.052902,short,-25.719758199999493,0.38619417422428576,158182057,158182057,80019777,2021-05-04 16:07:56.037301,745082.984399,-26.10595237422378
2021-05-04 16:07:56.037301,long,0.0007608,5.211887571428572e-05,1902,1902,1902,2021-05-05 10:05:36.801631,64660.76433,0.0007086811242857143
2021-05-05 10:05:36.801631,short,-10.86807885999975,0.23651409262306045,26565110,26565110,26565110,2021-05-06 16:07:32.641604,108115.839973,-11.104592952622811
2021-05-06 16:07:32.641604,long,-120.88959496000017,0.4794763034031684,109513923,109513923,66626353,2021-05-13 12:13:56.319753,590783.678149,-121.36907126340334
2021-05-13 12:13:56.319753,short,14.54021516000001,-0.09603254288558641,19998620,19998620,19998620,2021-05-13 17:09:36.820109,17740.500356,14.636247702885596
2021-05-13 17:09:36.820109,long,10.259554939999981,-0.04655467434518727,10035488,10035488,10035488,2021-05-13 21:52:39.374290,16982.554181,10.30610961434517
2021-05-13 21:52:39.374290,short,19.592689200000002,-0.07096857364798924,10413618,10413618,10413618,2021-05-17 04:04:36.235444,281516.861154,19.66365777364799
2021-05-17 04:04:36.235444,long,23.551755850000212,-0.04293272457746532,14996382,14996382,14996382,2021-05-17 12:02:05.893110,28649.657666,23.594688574577678
2021-05-17 12:02:05.893110,short,21.807752070000298,-0.18395819778048128,23702676,23702676,23702676,2021-05-17 17:25:36.943582,19411.050472,21.99171026778078
2021-05-17 17:25:36.943582,long,3.3482803199999993,-0.058210015392375546,4997324,4997324,4997324,2021-05-17 18:08:28.333138,2571.389556,3.406490335392375
2021-05-17 18:08:28.333138,short,24.725005560000678,0.17773498975185786,65861673,65861673,29721673,2021-05-19 01:55:01.316645,114392.983507,24.54727057024882
2021-05-19 01:55:01.316645,long,-172.72858610999992,-0.27565061355076487,40702992,40702992,40702992,2021-05-19 13:33:45.158649,41923.842004,-172.45293549644916
2021-05-19 13:33:45.158649,short,-42.71963840999987,-0.5717344232208984,55466395,55466395,30466395,2021-05-19 16:53:33.526333,11988.367684,-42.14790398677897
2021-05-19 16:53:33.526333,long,-1.6270383099998857,0.06866735604906199,5345653,5345653,5345653,2021-05-19 16:59:02.612348,329.086015,-1.6957056660489478
2021-05-19 16:59:02.612348,short,48.42875354000029,-0.48728900631456745,47362982,47362982,22362982,2021-05-20 00:39:19.561953,27616.949605,48.916042546314856
2021-05-20 00:39:19.561953,long,29.48256437999985,-0.10400311146408975,20005019,20005019,20005019,2021-05-20 04:02:23.985319,12184.423366,29.58656749146394
2021-05-20 04:02:23.985319,short,0.05499697999995953,-0.25149716240274217,25001043,25001043,20001043,2021-05-20 16:15:06.589855,43962.604536,0.3064941424027017
2021-05-20 16:15:06.589855,long,29.540408730000458,-0.3731260296041976,48232105,48232105,39173264,2021-05-20 20:06:52.714196,13906.124341,29.913534759604655
2021-05-20 20:06:52.714196,short,19.44101579000001,-0.09056691392580205,8341500,8341500,8341500,2021-05-21 14:37:44.416684,66651.702488,19.53158270392581
2021-05-21 14:37:44.416684,long,-4.599461909999878,-0.0828575013750001,10130409,10130409,10130409,2021-05-23 22:57:55.363498,202810.946814,-4.516604408624878
2021-05-23 22:57:55.363498,short,23.001289059999827,-0.12475892526000014,20000591,20000591,20000591,2021-05-25 20:32:25.864638,164070.50114,23.126047985259827
2021-05-25 20:32:25.864638,long,62.69176994000573,-0.5370524332129603,141097563,141097563,47773161,2021-05-31 12:15:43.609963,488597.745325,63.22882237321869
2021-05-31 12:15:43.609963,short,25.93314687999895,-0.27077123958209237,54331989,54331989,28419029,2021-06-01 08:18:48.525428,72184.915465,26.203918119581044
2021-06-01 08:18:48.525428,long,13.422219610000381,0.021626500222195578,20378806,20378806,20378806,2021-06-01 13:42:08.850358,19400.32493,13.400593109778185
2021-06-01 13:42:08.850358,short,230.92175801000536,-0.8592107551246948,225684559,225684559,58401516,2021-06-08 14:19:43.859466,607055.009108,231.78096876513007
2021-06-08 14:19:43.859466,long,17.80591933999996,-0.19166321562263866,17374300,17374300,17374300,2021-06-08 20:27:31.268747,22067.409281,17.9975825556226
2021-06-08 20:27:31.268747,short,-148.26585665000172,-0.7558661269528397,102291200,102291200,64947200,2021-06-12 03:39:50.405293,285139.136546,-147.50999052304888
2021-06-12 03:39:50.405293,long,75.81740819000146,0.30119409469302466,58467100,58467100,52467100,2021-06-13 20:13:09.519346,145999.114053,75.51621409530843
2021-06-13 20:13:09.519346,short,105.35554690999992,0.12011183523260056,100656200,100656200,70002900,2021-06-18 14:09:40.954653,410191.435307,105.23543507476731
2021-06-18 14:09:40.954653,long,-91.01580441999857,0.08556223316739656,61124900,61124900,35122200,2021-06-21 04:58:02.225727,226101.271074,-91.10136665316597
2021-06-21 04:58:02.225727,short,39.68225538000033,0.13559406415276412,28027000,28027000,28027000,2021-06-21 10:57:19.914666,21557.688939,39.546661315847565
2021-06-21 10:57:19.914666,long,14.682093329999988,-0.05000750241276283,21626800,21626800,17996800,2021-06-21 14:00:24.966534,10985.051868,14.732100832412751
2021-06-21 14:00:24.966534,short,0.2523010200000009,0.018486606010000003,505700,505700,505700,2021-06-21 14:22:30.987206,1326.020672,0.23381441399000086
2021-06-21 14:22:30.987206,long,2.475411609999939,-0.03047729984374999,9494300,9494300,9494300,2021-06-21 14:43:01.886525,1230.899319,2.505888909843689
2021-06-21 14:43:01.886525,short,2.7308176499999766,0.019744176693750004,5505700,5505700,5505700,2021-06-21 15:46:13.611565,3791.72504,2.7110734733062265
2021-06-21 15:46:13.611565,long,4.256052049999977,-0.14340792185051504,9494300,9494300,9494300,2021-06-21 18:54:31.558977,11297.947412,4.399459971850492
2021-06-21 18:54:31.558977,short,20.17352868000001,-0.23049344882948652,49343600,49343600,49343600,2021-06-22 10:25:46.896331,55875.337354,20.404022128829496
2021-06-22 10:25:46.896331,long,-3.8769893900001464,-0.34300717921778406,33207200,33207200,28207200,2021-06-22 15:29:40.875255,18233.978924,-3.533982210782362
2021-06-22 15:29:40.875255,short,-75.29415406000008,-0.1878695084004834,78897200,78897200,53657400,2021-06-23 19:52:39.647796,102178.772541,-75.1062845515996
2021-06-23 19:52:39.647796,long,-65.96969416999967,-0.0800367066998801,30021800,30021800,30021800,2021-06-26 11:29:54.249993,229034.602197,-65.88965746329978
2021-06-26 11:29:54.249993,short,-43.09341422000015,-0.0650822658080375,19978200,19978200,19978200,2021-06-28 10:13:52.280386,168238.030393,-43.02833195419211
2021-06-28 10:13:52.280386,long,8.76843690000036,-0.07270293812714763,20021800,20021800,20021800,2021-06-30 21:40:03.875300,213971.594914,8.841139838127507
2021-06-30 21:40:03.875300,short,24.496487850000673,0.24513270593402361,19690300,19690300,19690300,2021-07-01 13:59:47.866758,58783.991458,24.25135514406665
2021-07-01 13:59:47.866758,long,0.6127678200000254,0.2954070303345127,22084800,22084800,22084800,2021-07-05 18:00:12.989355,360025.122597,0.3173607896655127
2021-07-05 18:00:12.989355,short,22.762321799999675,0.0012186164475131939,20004000,20004000,20004000,2021-07-09 01:31:06.884108,286253.894753,22.761103183552162
2021-07-09 01:31:06.884108,long,-18.138129660000235,0.7172635089304463,32555500,32555500,32555500,2021-07-12 22:14:30.994395,333804.110287,-18.855393168930682
2021-07-12 22:14:30.994395,short,38.33632544000051,0.3542220456868393,42514700,42514700,42514700,2021-07-22 11:14:23.703218,824392.708823,37.98210339431367
2021-07-22 11:14:23.703218,long,41.24667825000005,0.0037721790569949032,31108600,31108600,20008800,2021-07-26 06:40:00.561049,329136.857831,41.24290607094306
2021-07-26 06:40:00.561049,short,14.281747209999168,-0.07483638947431756,29891400,29891400,29891400,2021-07-26 08:08:13.223723,5292.662674,14.356583599473485
2021-07-26 08:08:13.223723,long,0.036685079999999724,0.001402420576768242,108600,108600,108600,2021-07-26 10:59:09.571905,10256.348182,0.035282659423231486
2021-07-26 10:59:09.571905,short,21.513327439997624,0.5155713025072205,235852800,235852800,83345200,2021-08-03 07:53:17.471519,680047.899614,20.997756137490406
2021-08-03 07:53:17.471519,long,46.53338500999916,0.06746986312883482,40261300,40261300,40261300,2021-08-05 17:58:33.848421,209116.376902,46.46591514687032
2021-08-05 17:58:33.848421,short,10.233087290000176,-0.09175813942187495,20249100,20249100,20249100,2021-08-06 04:36:17.351664,38263.503243,10.324845429422052
2021-08-06 04:36:17.351664,long,17.26071522000011,0.06348392517259205,10813500,10813500,10813500,2021-08-07 04:17:08.684329,85251.332665,17.19723129482752
2021-08-07 04:17:08.684329,short,0.21674233999393902,0.445370802133781,85061800,85061800,70174900,2021-08-08 17:05:50.817517,132522.133188,-0.22862846213984198
2021-08-08 17:05:50.817517,long,0.027697110000000254,0.001763131090949721,308700,308700,308700,2021-08-08 19:30:58.272284,8707.454767,0.025933978909050533
2021-08-08 19:30:58.272284,short,42.99054328000348,0.7270245980640716,169312800,169312800,85169400,2021-08-12 15:54:21.810472,332603.538188,42.26351868193941
2021-08-12 15:54:21.810472,long,2.9200858699999146,0.05877865173707835,5569900,5569900,5569900,2021-08-13 02:53:46.292037,39564.481565,2.8613072182628363
2021-08-13 02:53:46.292037,short,43.45651627000475,0.36240581604329364,108639500,108639500,70039500,2021-08-18 19:59:34.066307,493547.77427,43.094110453961456
2021-08-18 19:59:34.066307,long,180.25147484000368,0.058347254536812276,251170700,251170700,74452600,2021-09-07 08:33:58.154893,1686864.088586,180.19312758546687
2021-09-07 08:33:58.154893,short,12.33017938999997,-0.032682711069437466,29780200,29780200,29780200,2021-09-07 14:29:38.431522,21340.276629,12.362862101069407
2021-09-07 14:29:38.431522,long,-21.722921590000464,-0.10338909749881646,191267400,191267400,80091300,2021-09-15 14:56:26.306164,692807.874642,-21.619532492501648
2021-09-15 14:56:26.306164,short,68.02285452000041,0.038723383961513175,90272100,90272100,80272100,2021-09-20 12:32:23.501293,423357.195129,67.9841311360389
2021-09-20 12:32:23.501293,long,0.009719110000000081,0.0003856209307359308,27900,27900,27900,2021-09-20 13:27:21.818167,3298.316874,0.00933348906926415
2021-09-20 13:27:21.818167,short,1.4702679699991956,0.011172093123809585,30072100,30072100,30072100,2021-09-20 19:10:13.772896,20571.954729,1.459095876875386
2021-09-20 19:10:13.772896,long,5.981335290000257,0.06136670997493856,31561200,31561200,31561200,2021-09-21 06:30:09.421915,40795.649019,5.919968580025318
2021-09-21 06:30:09.421915,short,21.119406739999224,-0.0498964621629782,50038800,50038800,50038800,2021-09-21 18:35:35.286752,43525.864837,21.1693032021622
2021-09-21 18:35:35.286752,long,7.6878793599994015,0.02196862284518272,30241700,30241700,30241700,2021-09-22 07:52:45.361127,47830.074375,7.665910737154219
2021-09-22 07:52:45.361127,short,15.90997531000049,-0.0699480406133815,62745800,62745800,62745800,2021-09-24 13:03:07.636502,191422.275375,15.979923350613872
2021-09-24 13:03:07.636502,long,14.072856319999284,0.0029906600987536533,23354000,23354000,23354000,2021-09-24 14:08:02.856828,3895.220326,14.06986565990053
2021-09-24 14:08:02.856828,short,19.788420780000223,-0.019438032942515008,42111600,42111600,42111600,2021-09-26 07:50:55.387275,150172.530447,19.807858812942737
2021-09-26 07:50:55.387275,long,20.141446299999945,-0.026329321320833356,15088400,15088400,15088400,2021-09-27 13:31:37.857286,106842.470011,20.16777562132078
2021-09-27 13:31:37.857286,short,-195.51974156999907,0.1068467893855673,110088600,110088600,60092400,2021-10-22 20:27:34.539427,2184956.682141,-195.62658835938464
2021-10-22 20:27:34.539427,long,19.150245230000007,-0.02266965501858046,35653400,35653400,35015100,2021-10-31 05:30:51.270200,723796.730773,19.17291488501859
2021-10-31 05:30:51.270200,short,-13.747020790000025,0.008360296603284308,9984900,9984900,9984900,2021-11-09 16:45:44.851671,818093.581471,-13.75538108660331
2021-11-09 16:45:44.851671,long,-186.19926555000077,0.07637213255056191,110869800,110869800,70942300,2021-12-24 03:28:15.683307,3840150.831636,-186.27563768255135
