time,lastqty,position,abs_position_residual
2018-03-05 12:00:00,40000,-40000,0
2018-03-05 20:00:00,5000,5000,0
2018-03-06 20:00:00,20000,20000,0
2018-03-08 04:00:00,10000,-10000,0
2018-03-09 12:00:00,6000,-6000,0
2018-03-10 04:00:00,30000,-30000,0
2018-03-12 12:00:00,45000,-45000,0
2018-03-13 04:00:00,10000,-10000,0
2018-03-13 12:00:00,70000,70000,0
2018-03-13 20:00:00,130000,130000,0
2018-03-14 04:00:00,100000,100000,0
2018-03-14 12:00:00,30000,30000,0
2018-03-17 04:00:00,70000,70000,0
2018-03-19 12:00:00,210000,-210000,0
2018-03-20 20:00:00,700000,-700000,0
2018-03-21 04:00:00,200000,-200000,0
2018-03-21 12:00:00,400000,-400000,0
2018-03-21 20:00:00,500000,-500000,0
2018-03-22 04:00:00,500000,-500000,0
2018-03-29 12:00:00,250000,250000,0
2018-03-29 20:00:00,100000,100000,0
2018-03-30 04:00:00,200000,-200000,0
2018-03-30 12:00:00,50000,50000,0
2018-03-30 20:00:00,50000,-50000,0
2018-03-31 04:00:00,70000,70000,0
2018-04-01 04:00:00,90000,90000,0
2018-04-02 04:00:00,400000,-400000,0
2018-04-02 12:00:00,200000,200000,0
2018-04-02 20:00:00,100000,-100000,0
2018-04-03 04:00:00,70000,-70000,0
2018-04-03 12:00:00,150000,150000,0
2018-04-03 20:00:00,150000,-150000,0
2018-04-04 04:00:00,50000,-50000,0
2018-04-04 12:00:00,50000,-50000,0
2018-04-06 04:00:00,30000,-30000,0
2018-04-06 12:00:00,20000,-20000,0
2018-04-06 20:00:00,20000,-20000,0
2018-04-08 04:00:00,20000,20000,0
2018-04-08 12:00:00,20000,20000,0
2018-04-08 20:00:00,30000,30000,0
2018-04-09 04:00:00,30000,-30000,0
2018-04-09 20:00:00,40000,40000,0
2018-04-12 12:00:00,58400,58400,0
2018-04-13 04:00:00,100000,100000,0
2018-04-13 12:00:00,50000,-50000,0
2018-04-13 20:00:00,60000,-60000,0
2018-04-14 04:00:00,50000,50000,0
2018-04-14 12:00:00,50000,50000,0
2018-04-14 20:00:00,50000,50000,0
2018-04-16 12:00:00,400000,-400000,0
2018-04-19 20:00:00,5000,-5000,0
2018-04-20 04:00:00,200000,-200000,0
2018-04-21 04:00:00,200000,-200000,0
2018-04-21 12:00:00,300000,300000,0
2018-04-24 20:00:00,400000,-400000,0
2018-05-06 12:00:00,200000,200000,0
2018-05-16 04:00:00,200000,200000,0
2018-05-22 20:00:00,200000,200000,0
2018-05-24 20:00:00,300000,300000,0
2018-05-25 12:00:00,200001,200001,0
2018-05-25 20:00:00,100001,100001,0
2018-05-26 04:00:00,1,1,0
2018-05-26 12:00:00,313238,313238,0
2018-05-26 20:00:00,1,1,0
2018-05-30 20:00:00,314308,314308,0
2018-05-31 04:00:00,1,1,0
2018-05-31 12:00:00,1,1,0
2018-05-31 20:00:00,1,1,0
2018-06-01 04:00:00,76520,-76520,0
2018-06-01 12:00:00,1,-1,0
2018-06-01 20:00:00,1,-1,0
2018-06-02 04:00:00,1,-1,0
2018-06-02 12:00:00,1,-1,0
2018-06-02 20:00:00,328759,-328759,0
2018-06-03 04:00:00,1,-1,0
2018-06-03 12:00:00,34978,-34978,0
2018-06-03 20:00:00,1,-1,0
2018-06-04 04:00:00,1,-1,0
2018-06-04 12:00:00,367,367,0
2018-06-04 20:00:00,1,-1,0
2018-06-05 04:00:00,200001,200001,0
2018-06-05 12:00:00,300001,300001,0
2018-06-05 20:00:00,439094,-439094,0
2018-06-06 04:00:00,1,-1,0
2018-06-06 12:00:00,1,-1,0
2018-06-06 20:00:00,1,-1,0
2018-06-07 04:00:00,1,-1,0
2018-06-07 12:00:00,1,-1,0
2018-06-07 20:00:00,1,-1,0
2018-06-08 04:00:00,1,-1,0
2018-06-08 12:00:00,1,-1,0
2018-06-08 20:00:00,1,-1,0
2018-06-09 04:00:00,1,-1,0
2018-06-09 12:00:00,1,-1,0
2018-06-09 20:00:00,1,-1,0
2018-06-10 04:00:00,1,-1,0
2018-06-10 12:00:00,1,1,0
2018-06-11 04:00:00,1,1,0
2018-06-11 12:00:00,1,1,0
2018-06-11 20:00:00,1,1,0
2018-06-12 04:00:00,48499,48499,0
2018-06-12 12:00:00,48499,48499,0
2018-06-12 20:00:00,248499,248499,0
2018-06-13 04:00:00,300011,300011,0
2018-06-13 12:00:00,300001,300001,0
2018-06-13 20:00:00,400001,400001,0
2018-06-14 04:00:00,199999,-199999,0
2018-06-14 12:00:00,1,1,0
2018-06-14 20:00:00,1,1,0
2018-06-15 04:00:00,1,1,0
2018-06-15 12:00:00,1,1,0
2018-06-15 20:00:00,1,1,0
2018-06-16 04:00:00,1,1,0
2018-06-16 12:00:00,1,1,0
2018-06-16 20:00:00,1,1,0
2018-06-17 04:00:00,1,1,0
2018-06-17 12:00:00,1,1,0
2018-06-17 20:00:00,1,1,0
2018-06-18 04:00:00,1,1,0
2018-06-18 12:00:00,1,1,0
2018-06-18 20:00:00,1,1,0
2018-06-19 04:00:00,1,1,0
2018-06-19 12:00:00,1,1,0
2018-06-19 20:00:00,1,-1,0
2018-06-20 04:00:00,1,-1,0
2018-06-20 12:00:00,1,-1,0
2018-06-20 20:00:00,1,-1,0
2018-06-21 04:00:00,1,-1,0
2018-06-21 12:00:00,1,-1,0
2018-06-21 20:00:00,1,-1,0
2018-06-22 04:00:00,1,-1,0
2018-06-22 12:00:00,1,1,0
2018-06-22 20:00:00,1,1,0
2018-06-23 04:00:00,1,1,0
2018-06-23 12:00:00,1,1,0
2018-06-23 20:00:00,1,1,0
2018-06-24 04:00:00,445280,445280,0
2018-06-24 12:00:00,306862,-306862,0
2018-06-24 20:00:00,199999,-199999,0
2018-06-25 04:00:00,200001,200001,0
2018-06-25 12:00:00,199999,-199999,0
2018-06-25 20:00:00,1,1,0
2018-06-26 04:00:00,1,1,0
2018-06-26 12:00:00,1,1,0
2018-06-26 20:00:00,1,1,0
2018-06-27 04:00:00,1,1,0
2018-06-27 12:00:00,1,1,0
2018-06-27 20:00:00,1,1,0
2018-06-28 04:00:00,200001,200001,0
2018-06-28 12:00:00,200001,200001,0
2018-06-28 20:00:00,200001,200001,0
2018-06-29 04:00:00,200001,200001,0
2018-06-29 12:00:00,1,1,0
2018-06-29 20:00:00,1,1,0
2018-06-30 04:00:00,99999,-99999,0
2018-06-30 12:00:00,99999,-99999,0
2018-06-30 20:00:00,1,1,0
2018-07-01 04:00:00,1,1,0
2018-07-01 12:00:00,1,1,0
2018-07-01 20:00:00,1,1,0
2018-07-02 04:00:00,1,1,0
2018-07-02 12:00:00,1,1,0
2018-07-02 20:00:00,1,1,0
2018-07-03 04:00:00,1,1,0
2018-07-03 12:00:00,1,1,0
2018-07-03 20:00:00,1,1,0
2018-07-04 04:00:00,200001,200001,0
2018-07-04 12:00:00,199999,-199999,0
2018-07-04 20:00:00,199999,-199999,0
2018-07-05 04:00:00,1,1,0
2018-07-05 12:00:00,1,1,0
2018-07-05 20:00:00,1,1,0
2018-07-06 04:00:00,1,1,0
2018-07-06 12:00:00,1,1,0
2018-07-06 20:00:00,1,1,0
2018-07-07 04:00:00,1,1,0
2018-07-07 12:00:00,1,1,0
2018-07-07 20:00:00,1,1,0
2018-07-08 04:00:00,400001,400001,0
2018-07-08 12:00:00,200001,200001,0
2018-07-08 20:00:00,1,1,0
2018-07-09 04:00:00,1,1,0
2018-07-09 12:00:00,1,1,0
2018-07-09 20:00:00,1,1,0
2018-07-10 04:00:00,1,1,0
2018-07-10 12:00:00,400001,400001,0
2018-07-10 20:00:00,1,1,0
2018-07-11 04:00:00,1,1,0
2018-07-11 12:00:00,1,1,0
2018-07-11 20:00:00,1,1,0
2018-07-12 04:00:00,1,1,0
2018-07-12 12:00:00,200001,200001,0
2018-07-12 20:00:00,200001,200001,0
2018-07-13 04:00:00,45857,-45857,0
2018-07-13 12:00:00,1,1,0
2018-07-13 20:00:00,200001,200001,0
2018-07-14 04:00:00,1,1,0
2018-07-14 12:00:00,1,1,0
2018-07-14 20:00:00,199999,-199999,0
2018-07-15 04:00:00,1,1,0
2018-07-15 12:00:00,1,1,0
2018-07-15 20:00:00,199999,-199999,0
2018-07-16 04:00:00,199999,-199999,0
2018-07-16 12:00:00,1,1,0
2018-07-16 20:00:00,199999,-199999,0
2018-07-17 04:00:00,599999,-599999,0
2018-07-17 12:00:00,1,1,0
2018-07-18 04:00:00,8905,8905,0
2018-07-18 12:00:00,251095,-251095,0
2018-07-18 20:00:00,264427,264427,0
2018-07-19 04:00:00,2957,-2957,0
2018-07-19 12:00:00,1002957,-1002957,0
2018-07-19 20:00:00,254546,-254546,0
2018-07-20 04:00:00,253155,-253155,0
2018-07-20 12:00:00,229637,-229637,0
2018-07-20 20:00:00,204193,204193,0
2018-07-21 04:00:00,250001,250001,0
2018-07-21 12:00:00,2283,-2283,0
2018-07-21 20:00:00,2283,-2283,0
2018-07-22 04:00:00,1,-1,0
2018-07-22 12:00:00,1,-1,0
2018-07-22 20:00:00,1,-1,0
2018-07-23 04:00:00,249999,-249999,0
2018-07-23 12:00:00,150570,150570,0
2018-07-23 20:00:00,150570,150570,0
2018-07-24 04:00:00,5970,-5970,0
2018-07-24 12:00:00,1325428,-1325428,0
2018-07-24 20:00:00,469594,-469594,0
2018-07-25 04:00:00,269110,-269110,0
2018-07-25 12:00:00,23888,23888,0
2018-07-25 20:00:00,269850,269850,0
2018-07-26 04:00:00,253650,-253650,0
2018-07-26 12:00:00,267667,-267667,0
2018-07-26 20:00:00,17667,-17667,0
2018-07-27 04:00:00,1262959,1262959,0
2018-07-27 12:00:00,8925,-8925,0
2018-07-27 20:00:00,2716051,-2716051,0
2018-07-28 04:00:00,283949,283949,0
2018-07-28 12:00:00,1,1,0
2018-07-28 20:00:00,1,1,0
2018-07-29 04:00:00,1,1,0
2018-07-29 12:00:00,250001,250001,0
2018-07-29 20:00:00,250001,250001,0
2018-07-30 04:00:00,250001,250001,0
2018-07-30 12:00:00,250001,250001,0
2018-07-30 20:00:00,500001,500001,0
2018-07-31 04:00:00,250001,250001,0
2018-07-31 12:00:00,750001,750001,0
2018-07-31 20:00:00,819741,819741,0
2018-08-01 04:00:00,1568033,1568033,0
2018-08-01 12:00:00,699287,699287,0
2018-08-01 20:00:00,713,-713,0
2018-08-02 04:00:00,3630,-3630,0
2018-08-02 12:00:00,246370,246370,0
2018-08-02 20:00:00,246370,246370,0
2018-08-03 04:00:00,246370,246370,0
2018-08-03 12:00:00,246370,246370,0
2018-08-03 20:00:00,250436,250436,0
2018-08-04 04:00:00,250436,250436,0
2018-08-04 12:00:00,250436,250436,0
2018-08-04 20:00:00,1693974,1693974,0
2018-08-05 04:00:00,1243982,1243982,0
2018-08-05 12:00:00,1029550,1029550,0
2018-08-05 20:00:00,20450,-20450,0
2018-08-06 04:00:00,250001,-250001,0
2018-08-06 12:00:00,495774,495774,0
2018-08-06 20:00:00,500647,500647,0
2018-08-07 04:00:00,750647,750647,0
2018-08-07 12:00:00,261,-261,0
2018-08-07 20:00:00,249999,249999,0
2018-08-08 04:00:00,1249491,1249491,0
2018-08-08 12:00:00,1008612,1008612,0
2018-08-08 20:00:00,240232,-240232,0
2018-08-09 04:00:00,612959,612959,0
2018-08-09 12:00:00,250001,250001,0
2018-08-09 20:00:00,249999,-249999,0
2018-08-10 04:00:00,249999,-249999,0
2018-08-10 12:00:00,750001,750001,0
2018-08-10 20:00:00,1,1,0
2018-08-11 04:00:00,9581,9581,0
2018-08-11 12:00:00,259581,259581,0
2018-08-11 20:00:00,1,1,0
2018-08-12 04:00:00,1,1,0
2018-08-12 12:00:00,1,1,0
2018-08-12 20:00:00,1,1,0
2018-08-13 04:00:00,1,1,0
2018-08-13 12:00:00,249999,-249999,0
2018-08-13 20:00:00,1,1,0
2018-08-14 04:00:00,500001,500001,0
2018-08-14 12:00:00,1,1,0
2018-08-14 20:00:00,1,1,0
2018-08-15 04:00:00,499999,-499999,0
2018-08-15 12:00:00,1,-1,0
2018-08-15 20:00:00,249999,249999,0
2018-08-16 04:00:00,1,-1,0
2018-08-16 12:00:00,1,-1,0
2018-08-16 20:00:00,249999,-249999,0
2018-08-17 04:00:00,500001,-500001,0
2018-08-17 12:00:00,500001,-500001,0
2018-08-17 20:00:00,500001,-500001,0
2018-08-18 04:00:00,1,-1,0
2018-08-18 12:00:00,1,-1,0
2018-08-18 20:00:00,1,1,0
2018-08-19 04:00:00,1,1,0
2018-08-19 12:00:00,1,1,0
2018-08-19 20:00:00,1,1,0
2018-08-20 04:00:00,1,1,0
2018-08-20 12:00:00,1,1,0
2018-08-20 20:00:00,1,1,0
2018-08-21 04:00:00,1,1,0
2018-08-21 12:00:00,1,1,0
2018-08-21 20:00:00,1,1,0
2018-08-22 04:00:00,1,-1,0
2018-08-22 12:00:00,1,-1,0
2018-08-22 20:00:00,1,-1,0
2018-08-23 04:00:00,1,-1,0
2018-08-23 12:00:00,250001,-250001,0
2018-08-23 20:00:00,1,-1,0
2018-08-24 04:00:00,250001,-250001,0
2018-08-24 12:00:00,250001,-250001,0
2018-08-24 20:00:00,500001,-500001,0
2018-08-25 04:00:00,500001,-500001,0
2018-08-25 12:00:00,1,-1,0
2018-08-25 20:00:00,1,-1,0
2018-08-26 04:00:00,249999,249999,0
2018-08-26 12:00:00,250001,-250001,0
2018-08-26 20:00:00,1,-1,0
2018-08-27 04:00:00,500001,-500001,0
2018-08-27 12:00:00,500001,-500001,0
2018-08-27 20:00:00,750001,-750001,0
2018-08-28 04:00:00,1,-1,0
2018-08-28 12:00:00,1,-1,0
2018-08-28 20:00:00,500001,-500001,0
2018-08-29 04:00:00,500001,500001,0
2018-08-29 12:00:00,1,1,0
2018-08-29 20:00:00,1,1,0
2018-08-30 04:00:00,250001,250001,0
2018-08-30 12:00:00,1500001,1500001,0
2018-08-30 20:00:00,1500001,1500001,0
2018-08-31 04:00:00,1,1,0
2018-08-31 12:00:00,1,1,0
2018-08-31 20:00:00,1,1,0
2018-09-01 04:00:00,1,1,0
2018-09-01 12:00:00,1,1,0
2018-09-01 20:00:00,1,1,0
2018-09-02 04:00:00,1,-1,0
2018-09-02 12:00:00,1,-1,0
2018-09-02 20:00:00,249999,249999,0
2018-09-03 04:00:00,500001,-500001,0
2018-09-03 12:00:00,500001,-500001,0
2018-09-03 20:00:00,500001,-500001,0
2018-09-04 04:00:00,500001,-500001,0
2018-09-04 12:00:00,750001,-750001,0
2018-09-04 20:00:00,750001,-750001,0
2018-09-05 04:00:00,1000001,-1000001,0
2018-09-05 12:00:00,249999,249999,0
2018-09-05 20:00:00,1499999,1499999,0
2018-09-06 04:00:00,250001,-250001,0
2018-09-06 12:00:00,1000001,-1000001,0
2018-09-06 20:00:00,499999,499999,0
2018-09-07 04:00:00,500001,-500001,0
2018-09-07 12:00:00,1,-1,0
2018-09-07 20:00:00,1,-1,0
2018-09-08 04:00:00,1,-1,0
2018-09-08 12:00:00,1,-1,0
2018-09-08 20:00:00,249999,249999,0
2018-09-09 04:00:00,249999,249999,0
2018-09-09 12:00:00,750001,750001,0
2018-09-09 20:00:00,1,-1,0
2018-09-10 04:00:00,1,-1,0
2018-09-10 12:00:00,1,-1,0
2018-09-10 20:00:00,1,-1,0
2018-09-11 04:00:00,1,-1,0
2018-09-11 12:00:00,1,-1,0
2018-09-11 20:00:00,1,-1,0
2018-09-12 04:00:00,1,-1,0
2018-09-12 12:00:00,1,-1,0
2018-09-12 20:00:00,1,-1,0
2018-09-13 04:00:00,107036,-107036,0
2018-09-13 12:00:00,999999,-999999,0
2018-09-13 20:00:00,999999,-999999,0
2018-09-14 04:00:00,750001,-750001,0
2018-09-14 12:00:00,1,-1,0
2018-09-14 20:00:00,500001,-500001,0
2018-09-15 04:00:00,1,-1,0
2018-09-15 12:00:00,1,-1,0
2018-09-15 20:00:00,1,-1,0
2018-09-16 04:00:00,1,-1,0
2018-09-16 12:00:00,1,-1,0
2018-09-16 20:00:00,1,-1,0
2018-09-17 04:00:00,1,-1,0
2018-09-17 12:00:00,1,-1,0
2018-09-17 20:00:00,1,-1,0
2018-09-18 04:00:00,1,-1,0
2018-09-18 12:00:00,1,-1,0
2018-09-18 20:00:00,1,-1,0
2018-09-19 04:00:00,1,-1,0
2018-09-19 12:00:00,1,-1,0
2018-09-19 20:00:00,1,-1,0
2018-09-20 04:00:00,1,-1,0
2018-09-20 12:00:00,1,-1,0
2018-09-20 20:00:00,1,-1,0
2018-09-21 04:00:00,1,-1,0
2018-09-21 12:00:00,1,-1,0
2018-09-24 04:00:00,200000,200000,0
2018-09-24 12:00:00,1,-1,0
2018-09-24 20:00:00,1,-1,0
2018-09-25 04:00:00,1,-1,0
2018-09-25 12:00:00,1,1,0
2018-09-25 20:00:00,1,1,0
2018-09-26 04:00:00,1,1,0
2018-09-26 12:00:00,1,1,0
2018-09-26 20:00:00,1,1,0
2018-09-27 04:00:00,1,1,0
2018-09-27 12:00:00,1,1,0
2018-09-27 20:00:00,1,1,0
2018-09-28 04:00:00,1,1,0
2018-09-28 12:00:00,1,1,0
2018-09-28 20:00:00,1,1,0
2018-09-29 04:00:00,1,1,0
2018-09-29 12:00:00,1,1,0
2018-09-29 20:00:00,1,1,0
2018-09-30 04:00:00,1,1,0
2018-09-30 12:00:00,1,1,0
2018-09-30 20:00:00,1,1,0
2018-10-01 04:00:00,1,1,0
2018-10-01 12:00:00,1,1,0
2018-10-01 20:00:00,1,1,0
2018-10-02 04:00:00,1,1,0
2018-10-02 12:00:00,1,1,0
2018-10-02 20:00:00,1,1,0
2018-10-03 04:00:00,1,1,0
2018-10-03 12:00:00,1,1,0
2018-10-03 20:00:00,1,1,0
2018-10-04 04:00:00,1,1,0
2018-10-04 12:00:00,1,1,0
2018-10-04 20:00:00,1,1,0
2018-10-05 04:00:00,1,1,0
2018-10-05 12:00:00,1,1,0
2018-10-05 20:00:00,1,1,0
2018-10-06 04:00:00,1,1,0
2018-10-06 12:00:00,1,1,0
2018-10-06 20:00:00,1,1,0
2018-10-07 04:00:00,1,1,0
2018-10-07 12:00:00,1,1,0
2018-10-07 20:00:00,1,1,0
2018-10-08 04:00:00,1,1,0
2018-10-08 12:00:00,1,1,0
2018-10-08 20:00:00,1,1,0
2018-10-09 04:00:00,1,1,0
2018-10-09 12:00:00,1,1,0
2018-10-09 20:00:00,1,1,0
2018-10-10 04:00:00,1,1,0
2018-10-10 12:00:00,1,1,0
2018-10-10 20:00:00,1,-1,0
2018-10-11 04:00:00,750001,-750001,0
2018-10-11 12:00:00,750001,-750001,0
2018-10-11 20:00:00,1000001,1000001,0
2018-10-12 04:00:00,1,-1,0
2018-10-12 12:00:00,499999,499999,0
2018-10-12 20:00:00,1,-1,0
2018-10-13 04:00:00,1,-1,0
2018-10-13 12:00:00,1,-1,0
2018-10-13 20:00:00,1,-1,0
2018-10-14 04:00:00,1,-1,0
2018-10-14 12:00:00,1,-1,0
2018-10-14 20:00:00,1,-1,0
2018-10-15 04:00:00,1,-1,0
2018-10-15 12:00:00,1,1,0
2018-10-15 20:00:00,250001,-250001,0
2018-10-16 04:00:00,250001,-250001,0
2018-10-16 12:00:00,249999,249999,0
2018-10-16 20:00:00,1,-1,0
2018-10-17 04:00:00,1,-1,0
2018-10-17 12:00:00,1,-1,0
2018-10-17 20:00:00,1,-1,0
2018-10-18 04:00:00,1,-1,0
2018-10-18 12:00:00,1,-1,0
2018-10-18 20:00:00,1,-1,0
2018-10-19 04:00:00,1,-1,0
2018-10-19 12:00:00,1,-1,0
2018-10-19 20:00:00,1,-1,0
2018-10-20 04:00:00,1,-1,0
2018-10-20 12:00:00,1,-1,0
2018-10-20 20:00:00,1,-1,0
2018-10-21 04:00:00,1,-1,0
2018-10-21 12:00:00,1,-1,0
2018-10-21 20:00:00,1,-1,0
2018-10-22 04:00:00,1,-1,0
2018-10-22 12:00:00,1,-1,0
2018-10-22 20:00:00,1,-1,0
2018-10-23 04:00:00,1,-1,0
2018-10-23 12:00:00,1,-1,0
2018-10-23 20:00:00,1,-1,0
2018-10-24 04:00:00,1,-1,0
2018-10-24 12:00:00,1,-1,0
2018-10-24 20:00:00,1,-1,0
2018-10-25 04:00:00,1,-1,0
2018-10-25 12:00:00,1,-1,0
2018-10-25 20:00:00,1,-1,0
2018-10-26 04:00:00,1,-1,0
2018-10-26 12:00:00,1,-1,0
2018-10-26 20:00:00,1,-1,0
2018-10-27 04:00:00,1,-1,0
2018-10-27 12:00:00,1,-1,0
2018-10-27 20:00:00,1,-1,0
2018-10-28 04:00:00,1,-1,0
2018-10-28 12:00:00,1,-1,0
2018-10-28 20:00:00,1,-1,0
2018-10-29 04:00:00,1,-1,0
2018-10-29 12:00:00,1,-1,0
2018-10-29 20:00:00,1,-1,0
2018-10-30 04:00:00,1,-1,0
2018-10-30 12:00:00,1,-1,0
2018-10-30 20:00:00,1,-1,0
2018-10-31 04:00:00,1,-1,0
2018-10-31 12:00:00,1,-1,0
2018-10-31 20:00:00,1,-1,0
2018-11-01 04:00:00,1,-1,0
2018-11-01 12:00:00,1,-1,0
2018-11-01 20:00:00,1,-1,0
2018-11-02 04:00:00,1,-1,0
2018-11-02 12:00:00,1,-1,0
2018-11-02 20:00:00,1,-1,0
2018-11-03 04:00:00,1,-1,0
2018-11-03 12:00:00,1,-1,0
2018-11-03 20:00:00,1,-1,0
2018-11-04 04:00:00,1,-1,0
2018-11-04 12:00:00,1,-1,0
2018-11-04 20:00:00,1,-1,0
2018-11-05 04:00:00,1,-1,0
2018-11-05 12:00:00,1,-1,0
2018-11-05 20:00:00,1,-1,0
2018-11-06 04:00:00,1,-1,0
2018-11-06 12:00:00,1,-1,0
2018-11-06 20:00:00,1,-1,0
2018-11-07 04:00:00,1,-1,0
2018-11-07 12:00:00,1,-1,0
2018-11-07 20:00:00,1,-1,0
2018-11-08 04:00:00,1,-1,0
2018-11-08 12:00:00,1,-1,0
2018-11-08 20:00:00,1,-1,0
2018-11-09 04:00:00,1,-1,0
2018-11-09 12:00:00,1,1,0
2018-11-09 20:00:00,1,1,0
2018-11-10 04:00:00,1,1,0
2018-11-10 12:00:00,1,1,0
2018-11-10 20:00:00,1,1,0
2018-11-11 04:00:00,1,1,0
2018-11-11 12:00:00,1,1,0
2018-11-11 20:00:00,1,1,0
2018-11-12 04:00:00,1,1,0
2018-11-12 12:00:00,1,1,0
2018-11-12 20:00:00,1,1,0
2018-11-13 04:00:00,1,1,0
2018-11-13 12:00:00,1,1,0
2018-11-13 20:00:00,1,1,0
2018-11-14 04:00:00,1,1,0
2018-11-14 12:00:00,1,1,0
2018-11-14 20:00:00,1,1,0
2018-11-15 04:00:00,1,1,0
2018-11-15 12:00:00,1,1,0
2018-11-15 20:00:00,1,1,0
2018-11-16 04:00:00,1,1,0
2018-11-16 12:00:00,1,1,0
2018-11-16 20:00:00,1,1,0
2018-11-17 04:00:00,1,1,0
2018-11-17 12:00:00,1,1,0
2018-11-17 20:00:00,199999,-199999,0
2018-11-18 04:00:00,1,1,0
2018-11-18 12:00:00,1,1,0
2018-11-18 20:00:00,1,1,0
2018-11-19 04:00:00,7607,-7607,0
2018-11-19 12:00:00,1,-1,0
2018-11-19 20:00:00,399999,399999,0
2018-11-20 04:00:00,1,-1,0
2018-11-20 12:00:00,600001,600001,0
2018-11-20 20:00:00,1,-1,0
2018-11-21 04:00:00,1,1,0
2018-11-21 12:00:00,1,-1,0
2018-11-21 20:00:00,1,-1,0
2018-11-22 04:00:00,1,1,0
2018-11-22 12:00:00,1,1,0
2018-11-22 20:00:00,1,-1,0
2018-11-23 04:00:00,400001,400001,0
2018-11-23 12:00:00,1,1,0
2018-11-23 20:00:00,1,1,0
2018-11-24 04:00:00,1,-1,0
2018-11-24 12:00:00,250001,-250001,0
2018-11-24 20:00:00,250001,-250001,0
2018-11-25 04:00:00,1,1,0
2018-11-25 12:00:00,381035,-381035,0
2018-11-25 20:00:00,600001,-600001,0
2018-11-26 04:00:00,300001,-300001,0
2018-11-26 12:00:00,300001,-300001,0
2018-11-26 20:00:00,329999,-329999,0
2018-11-27 04:00:00,659999,-659999,0
2018-11-27 12:00:00,330001,-330001,0
2018-11-27 20:00:00,1,-1,0
2018-11-28 04:00:00,1,1,0
2018-11-28 12:00:00,1,1,0
2018-11-28 20:00:00,1319999,-1319999,0
2018-11-29 04:00:00,1,-1,0
2018-11-29 12:00:00,355740,-355740,0
2018-11-29 20:00:00,618409,-618409,0
2018-11-30 04:00:00,704882,-704882,0
2018-11-30 12:00:00,1,-1,0
2018-11-30 20:00:00,1,-1,0
2018-12-01 04:00:00,1,-1,0
2018-12-01 12:00:00,700001,-700001,0
2018-12-01 20:00:00,350001,-350001,0
2018-12-02 04:00:00,1,-1,0
2018-12-02 12:00:00,600001,-600001,0
2018-12-02 20:00:00,300001,-300001,0
2018-12-03 04:00:00,349999,-349999,0
2018-12-03 12:00:00,1,-1,0
2018-12-03 20:00:00,349999,-349999,0
2018-12-04 04:00:00,1,1,0
2018-12-04 12:00:00,349999,-349999,0
2018-12-04 20:00:00,1,1,0
2018-12-05 04:00:00,700001,700001,0
2018-12-05 12:00:00,1,-1,0
2018-12-05 20:00:00,1,-1,0
2018-12-06 04:00:00,4098,-4098,0
2018-12-06 12:00:00,404,-404,0
2018-12-06 20:00:00,617,617,0
2018-12-07 04:00:00,701398,-701398,0
2018-12-07 12:00:00,700176,-700176,0
2018-12-07 20:00:00,765,-765,0
2018-12-08 04:00:00,984,-984,0
2018-12-08 12:00:00,350475,350475,0
2018-12-08 20:00:00,27,27,0
2018-12-09 04:00:00,350027,350027,0
2018-12-09 12:00:00,1050027,1050027,0
2018-12-09 20:00:00,107,107,0
2018-12-10 04:00:00,48,48,0
2018-12-10 12:00:00,32,32,0
2018-12-10 20:00:00,77,77,0
2018-12-11 04:00:00,349923,-349923,0
2018-12-11 12:00:00,356993,356993,0
2018-12-11 20:00:00,375695,-375695,0
2018-12-12 04:00:00,350930,-350930,0
2018-12-12 12:00:00,350930,-350930,0
2018-12-12 20:00:00,352771,-352771,0
2018-12-13 04:00:00,2771,-2771,0
2018-12-13 12:00:00,352771,-352771,0
2018-12-13 20:00:00,351668,-351668,0
2018-12-14 04:00:00,701386,-701386,0
2018-12-14 12:00:00,1051386,-1051386,0
2018-12-14 20:00:00,57,-57,0
2018-12-15 04:00:00,349772,-349772,0
2018-12-15 12:00:00,699772,-699772,0
2018-12-15 20:00:00,228,228,0
2018-12-16 04:00:00,349772,-349772,0
2018-12-16 12:00:00,349545,-349545,0
2018-12-16 20:00:00,700087,-700087,0
2018-12-17 04:00:00,349968,-349968,0
2018-12-17 12:00:00,349968,-349968,0
2018-12-17 20:00:00,1318390,1318390,0
2018-12-18 04:00:00,1237,1237,0
2018-12-18 12:00:00,1306,1306,0
2018-12-18 20:00:00,1055390,1055390,0
2018-12-19 04:00:00,1747951,-1747951,0
2018-12-19 12:00:00,1402073,-1402073,0
2018-12-19 20:00:00,175,175,0
2018-12-20 04:00:00,704764,-704764,0
2018-12-20 12:00:00,181,181,0
2018-12-20 20:00:00,449819,-449819,0
2018-12-21 04:00:00,897073,-897073,0
2018-12-21 12:00:00,898329,-898329,0
2018-12-21 20:00:00,443078,-443078,0
2018-12-22 04:00:00,95,95,0
2018-12-22 12:00:00,25,-25,0
2018-12-22 20:00:00,898825,-898825,0
2018-12-23 04:00:00,450473,-450473,0
2018-12-23 12:00:00,450705,-450705,0
2018-12-23 20:00:00,450051,-450051,0
2018-12-24 04:00:00,449814,449814,0
2018-12-24 12:00:00,186,-186,0
2018-12-24 20:00:00,470022,-470022,0
2018-12-25 04:00:00,542,-542,0
2018-12-25 12:00:00,894791,894791,0
2018-12-25 20:00:00,451143,451143,0
2018-12-26 04:00:00,906718,-906718,0
2018-12-26 12:00:00,453411,-453411,0
2018-12-26 20:00:00,917,-917,0
2018-12-27 04:00:00,293,-293,0
2018-12-27 12:00:00,293,-293,0
2018-12-27 20:00:00,306,-306,0
2018-12-28 04:00:00,363,363,0
2018-12-28 12:00:00,363,363,0
2018-12-28 20:00:00,500137,-500137,0
2018-12-29 04:00:00,500137,-500137,0
2018-12-29 12:00:00,500137,-500137,0
2018-12-29 20:00:00,243,-243,0
2018-12-30 04:00:00,650664,-650664,0
2018-12-30 12:00:00,454933,-454933,0
2018-12-30 20:00:00,454933,-454933,0
2018-12-31 04:00:00,454933,-454933,0
2018-12-31 12:00:00,454933,-454933,0
2018-12-31 20:00:00,454933,-454933,0
2019-01-01 04:00:00,409,-409,0
2019-01-01 12:00:00,450409,-450409,0
2019-01-01 20:00:00,186,-186,0
2019-01-02 04:00:00,423,-423,0
2019-01-02 12:00:00,423,-423,0
2019-01-02 20:00:00,423,-423,0
2019-01-03 04:00:00,423,-423,0
2019-01-03 12:00:00,423,-423,0
2019-01-03 20:00:00,423,-423,0
2019-01-04 04:00:00,423,-423,0
2019-01-04 12:00:00,423,-423,0
2019-01-04 20:00:00,403,-403,0
2019-01-05 04:00:00,450403,-450403,0
2019-01-05 12:00:00,403,-403,0
2019-01-05 20:00:00,403,-403,0
2019-01-06 04:00:00,403,-403,0
2019-01-06 12:00:00,403,-403,0
2019-01-06 20:00:00,403,-403,0
2019-01-07 04:00:00,403,-403,0
2019-01-07 12:00:00,451965,451965,0
2019-01-07 20:00:00,246,246,0
2019-01-08 04:00:00,246,246,0
2019-01-08 12:00:00,246,246,0
2019-01-08 20:00:00,246,246,0
2019-01-09 04:00:00,246,246,0
2019-01-09 12:00:00,246,246,0
2019-01-09 20:00:00,246,246,0
2019-01-10 04:00:00,246,246,0
2019-01-10 12:00:00,960,-960,0
2019-01-10 20:00:00,449513,449513,0
2019-01-11 04:00:00,2484,-2484,0
2019-01-11 12:00:00,902039,-902039,0
2019-01-11 20:00:00,992241,-992241,0
2019-01-12 04:00:00,92241,-92241,0
2019-01-12 12:00:00,2759,2759,0
2019-01-12 20:00:00,2759,2759,0
2019-01-13 04:00:00,2759,2759,0
2019-01-13 12:00:00,447241,-447241,0
2019-01-13 20:00:00,450708,450708,0
2019-01-14 04:00:00,450708,450708,0
2019-01-14 12:00:00,900708,900708,0
2019-01-14 20:00:00,1041820,-1041820,0
2019-01-15 04:00:00,1501934,-1501934,0
2019-01-15 12:00:00,501934,-501934,0
2019-01-15 20:00:00,501934,-501934,0
2019-01-16 04:00:00,501934,-501934,0
2019-01-16 12:00:00,501934,-501934,0
2019-01-16 20:00:00,501172,-501172,0
2019-01-17 04:00:00,1172,-1172,0
2019-01-17 12:00:00,501172,-501172,0
2019-01-17 20:00:00,501172,-501172,0
2019-01-18 04:00:00,501172,-501172,0
2019-01-18 12:00:00,501172,-501172,0
2019-01-18 20:00:00,501172,-501172,0
2019-01-19 04:00:00,501172,-501172,0
2019-01-19 12:00:00,501172,-501172,0
2019-01-19 20:00:00,1000749,-1000749,0
2019-01-20 04:00:00,1000749,-1000749,0
2019-01-20 12:00:00,1000749,-1000749,0
2019-01-20 20:00:00,500749,-500749,0
2019-01-21 04:00:00,1000749,-1000749,0
2019-01-21 12:00:00,1000749,-1000749,0
2019-01-21 20:00:00,500749,-500749,0
2019-01-22 04:00:00,749,-749,0
2019-01-22 12:00:00,749,-749,0
2019-01-22 20:00:00,749,-749,0
2019-01-23 04:00:00,749,-749,0
2019-01-23 12:00:00,499251,499251,0
2019-01-23 20:00:00,811,-811,0
2019-01-24 04:00:00,811,-811,0
2019-01-24 12:00:00,811,-811,0
2019-01-24 20:00:00,811,-811,0
2019-01-25 04:00:00,811,-811,0
2019-01-25 12:00:00,811,-811,0
2019-01-25 20:00:00,811,-811,0
2019-01-26 04:00:00,811,-811,0
2019-01-26 12:00:00,811,-811,0
2019-01-26 20:00:00,1000811,-1000811,0
2019-01-27 04:00:00,1000816,-1000816,0
2019-01-27 12:00:00,1008377,-1008377,0
2019-01-27 20:00:00,608377,-608377,0
2019-01-28 04:00:00,916,-916,0
2019-01-28 12:00:00,598928,-598928,0
2019-01-28 20:00:00,500128,-500128,0
2019-01-29 04:00:00,1000128,-1000128,0
2019-01-29 12:00:00,1477,-1477,0
2019-01-29 20:00:00,500477,-500477,0
2019-01-30 04:00:00,477,-477,0
2019-01-30 12:00:00,500477,-500477,0
2019-01-30 20:00:00,500361,-500361,0
2019-01-31 04:00:00,500361,-500361,0
2019-01-31 12:00:00,500361,-500361,0
2019-01-31 20:00:00,361,-361,0
2019-02-01 04:00:00,499639,499639,0
2019-02-01 12:00:00,499639,499639,0
2019-02-01 20:00:00,1000139,1000139,0
2019-02-02 04:00:00,500139,500139,0
2019-02-02 12:00:00,500139,500139,0
2019-02-02 20:00:00,1000139,1000139,0
2019-02-03 04:00:00,1000139,1000139,0
2019-02-03 12:00:00,139,139,0
2019-02-03 20:00:00,139,139,0
2019-02-04 04:00:00,139,139,0
2019-02-04 12:00:00,139,139,0
2019-02-04 20:00:00,139,139,0
2019-02-05 04:00:00,139,139,0
2019-02-05 12:00:00,139,139,0
2019-02-05 20:00:00,139,139,0
2019-02-06 04:00:00,139,139,0
2019-02-06 12:00:00,139,139,0
2019-02-06 20:00:00,139,139,0
2019-02-07 04:00:00,139,139,0
2019-02-07 12:00:00,139,139,0
2019-02-07 20:00:00,139,139,0
2019-02-08 04:00:00,613241,613241,0
2019-02-08 12:00:00,241,241,0
2019-02-08 20:00:00,241,241,0
2019-02-09 04:00:00,1000652,1000652,0
2019-02-09 12:00:00,1000652,1000652,0
2019-02-09 20:00:00,1000652,1000652,0
2019-02-10 04:00:00,1000652,1000652,0
2019-02-10 12:00:00,999348,-999348,0
2019-02-10 20:00:00,999348,-999348,0
2019-02-11 04:00:00,43,-43,0
2019-02-11 12:00:00,43,-43,0
2019-02-11 20:00:00,43,-43,0
2019-02-12 04:00:00,499957,499957,0
2019-02-12 12:00:00,499957,499957,0
2019-02-12 20:00:00,57,57,0
2019-02-13 04:00:00,57,57,0
2019-02-13 12:00:00,43,-43,0
2019-02-13 20:00:00,43,-43,0
2019-02-14 04:00:00,43,-43,0
2019-02-14 12:00:00,43,-43,0
2019-02-14 20:00:00,500043,-500043,0
2019-02-15 04:00:00,500043,-500043,0
2019-02-15 12:00:00,1000043,-1000043,0
2019-02-15 20:00:00,1000043,-1000043,0
2019-02-16 04:00:00,1000043,-1000043,0
2019-02-16 12:00:00,1000043,-1000043,0
2019-02-16 20:00:00,1500053,-1500053,0
2019-02-17 04:00:00,1500053,-1500053,0
2019-02-17 12:00:00,1000053,-1000053,0
2019-02-17 20:00:00,500506,-500506,0
2019-02-18 04:00:00,506,-506,0
2019-02-18 12:00:00,500094,500094,0
2019-02-18 20:00:00,2000403,-2000403,0
2019-02-19 04:00:00,432,-432,0
2019-02-19 12:00:00,338,-338,0
2019-02-19 20:00:00,1000338,-1000338,0
2019-02-20 04:00:00,500338,-500338,0
2019-02-20 12:00:00,500338,-500338,0
2019-02-20 20:00:00,500062,500062,0
2019-02-21 04:00:00,500062,500062,0
2019-02-21 12:00:00,62,62,0
2019-02-21 20:00:00,88,-88,0
2019-02-22 04:00:00,1000076,-1000076,0
2019-02-22 12:00:00,500124,500124,0
2019-02-22 20:00:00,76,-76,0
2019-02-23 04:00:00,76,-76,0
2019-02-23 12:00:00,124,124,0
2019-02-23 20:00:00,124,124,0
2019-02-24 04:00:00,500076,-500076,0
2019-02-24 12:00:00,500076,-500076,0
2019-02-24 20:00:00,1200342,-1200342,0
2019-02-25 04:00:00,1200342,-1200342,0
2019-02-25 12:00:00,600342,-600342,0
2019-02-25 20:00:00,1200342,-1200342,0
2019-02-26 04:00:00,1200342,-1200342,0
2019-02-26 12:00:00,1200342,-1200342,0
2019-02-26 20:00:00,600342,-600342,0
2019-02-27 04:00:00,600342,-600342,0
2019-02-27 12:00:00,600342,-600342,0
2019-02-27 20:00:00,600342,-600342,0
2019-02-28 04:00:00,158,158,0
2019-02-28 12:00:00,158,158,0
2019-02-28 20:00:00,82,82,0
2019-03-01 04:00:00,82,82,0
2019-03-01 12:00:00,82,82,0
2019-03-01 20:00:00,82,82,0
2019-03-02 04:00:00,748,-748,0
2019-03-02 12:00:00,748,-748,0
2019-03-02 20:00:00,748,-748,0
2019-03-03 04:00:00,748,-748,0
2019-03-03 12:00:00,748,-748,0
2019-03-03 20:00:00,748,-748,0
2019-03-04 04:00:00,748,-748,0
2019-03-04 12:00:00,598081,598081,0
2019-03-04 20:00:00,381,381,0
2019-03-05 04:00:00,381,381,0
2019-03-05 12:00:00,600381,600381,0
2019-03-05 20:00:00,600273,-600273,0
2019-03-06 04:00:00,273,-273,0
2019-03-06 12:00:00,1200427,-1200427,0
2019-03-06 20:00:00,69,-69,0
2019-03-07 04:00:00,700193,-700193,0
2019-03-07 12:00:00,700193,-700193,0
2019-03-07 20:00:00,2108528,-2108528,0
2019-03-08 04:00:00,2108529,-2108529,0
2019-03-08 12:00:00,708529,-708529,0
2019-03-08 20:00:00,708529,-708529,0
2019-03-09 04:00:00,708529,-708529,0
2019-03-09 12:00:00,708529,-708529,0
2019-03-09 20:00:00,708529,-708529,0
2019-03-10 04:00:00,708529,-708529,0
2019-03-10 12:00:00,708529,-708529,0
2019-03-10 20:00:00,129,-129,0
2019-03-11 04:00:00,700129,-700129,0
2019-03-11 12:00:00,700129,-700129,0
2019-03-11 20:00:00,700129,-700129,0
2019-03-12 04:00:00,700121,700121,0
2019-03-12 12:00:00,132,132,0
2019-03-12 20:00:00,68,-68,0
2019-03-13 04:00:00,68,-68,0
2019-03-13 12:00:00,68,-68,0
2019-03-13 20:00:00,132,132,0
2019-03-14 04:00:00,132,132,0
2019-03-14 12:00:00,132,132,0
2019-03-14 20:00:00,2144,-2144,0
2019-03-15 04:00:00,2144,-2144,0
2019-03-15 12:00:00,2144,-2144,0
2019-03-15 20:00:00,2144,-2144,0
2019-03-16 04:00:00,2144,-2144,0
2019-03-16 12:00:00,144,-144,0
2019-03-16 20:00:00,700144,-700144,0
2019-03-17 04:00:00,700144,-700144,0
2019-03-17 12:00:00,144,-144,0
2019-03-17 20:00:00,700195,-700195,0
2019-03-18 04:00:00,700195,-700195,0
2019-03-18 12:00:00,700195,-700195,0
2019-03-18 20:00:00,700195,-700195,0
2019-03-19 04:00:00,700195,-700195,0
2019-03-19 12:00:00,195,-195,0
2019-03-19 20:00:00,195,-195,0
2019-03-20 04:00:00,195,-195,0
2019-03-20 12:00:00,195,-195,0
2019-03-20 20:00:00,195,-195,0
2019-03-21 04:00:00,195,-195,0
2019-03-21 12:00:00,195,-195,0
2019-03-21 20:00:00,700195,-700195,0
2019-03-22 04:00:00,700195,-700195,0
2019-03-22 12:00:00,195,-195,0
2019-03-22 20:00:00,700195,-700195,0
2019-03-23 04:00:00,1400195,-1400195,0
2019-03-23 12:00:00,1400195,-1400195,0
2019-03-23 20:00:00,700195,-700195,0
2019-03-24 04:00:00,700195,-700195,0
2019-03-24 12:00:00,700195,-700195,0
2019-03-24 20:00:00,700195,-700195,0
2019-03-25 04:00:00,700195,-700195,0
2019-03-25 12:00:00,700195,-700195,0
2019-03-25 20:00:00,700195,-700195,0
2019-03-26 04:00:00,1400195,-1400195,0
2019-03-26 12:00:00,187,-187,0
2019-03-26 20:00:00,187,-187,0
2019-03-27 04:00:00,187,-187,0
2019-03-27 12:00:00,1400187,-1400187,0
2019-03-27 20:00:00,187,-187,0
2019-03-28 04:00:00,187,-187,0
2019-03-28 12:00:00,1400063,1400063,0
2019-03-28 20:00:00,1400063,1400063,0
2019-03-29 04:00:00,63,63,0
2019-03-29 12:00:00,63,63,0
2019-03-29 20:00:00,63,63,0
2019-03-30 04:00:00,699937,-699937,0
2019-03-30 12:00:00,700137,-700137,0
2019-03-30 20:00:00,700137,-700137,0
2019-03-31 04:00:00,700137,-700137,0
2019-03-31 12:00:00,1400137,-1400137,0
2019-03-31 20:00:00,1400137,-1400137,0
2019-04-01 04:00:00,1400137,-1400137,0
2019-04-01 12:00:00,1400137,-1400137,0
2019-04-01 20:00:00,1400137,-1400137,0
2019-04-02 04:00:00,78,78,0
2019-04-02 12:00:00,541840,-541840,0
2019-04-02 20:00:00,1201389,1201389,0
2019-04-03 04:00:00,4110,4110,0
2019-04-03 12:00:00,1200378,1200378,0
2019-04-03 20:00:00,3917,-3917,0
2019-04-04 04:00:00,700287,700287,0
2019-04-04 12:00:00,726646,726646,0
2019-04-04 20:00:00,1401646,1401646,0
2019-04-05 04:00:00,1401646,1401646,0
2019-04-05 12:00:00,122,122,0
2019-04-05 20:00:00,701582,701582,0
2019-04-06 04:00:00,2100153,2100153,0
2019-04-06 12:00:00,2100154,2100154,0
2019-04-06 20:00:00,2100154,2100154,0
2019-04-07 04:00:00,2100154,2100154,0
2019-04-07 12:00:00,704692,-704692,0
2019-04-07 20:00:00,704692,-704692,0
2019-04-08 04:00:00,1701474,-1701474,0
2019-04-08 12:00:00,1701474,-1701474,0
2019-04-08 20:00:00,26,26,0
2019-04-09 04:00:00,442,-442,0
2019-04-09 12:00:00,442,-442,0
2019-04-09 20:00:00,680,680,0
2019-04-10 04:00:00,680,680,0
2019-04-10 12:00:00,51,-51,0
2019-04-10 20:00:00,141,141,0
2019-04-11 04:00:00,800064,800064,0
2019-04-11 12:00:00,159,-159,0
2019-04-11 20:00:00,1561827,1561827,0
2019-04-12 04:00:00,52,52,0
2019-04-12 12:00:00,793733,793733,0
2019-04-12 20:00:00,793733,793733,0
2019-04-13 04:00:00,806267,-806267,0
2019-04-13 12:00:00,806267,-806267,0
2019-04-13 20:00:00,806267,-806267,0
2019-04-14 04:00:00,806267,-806267,0
2019-04-14 12:00:00,1600267,-1600267,0
2019-04-14 20:00:00,1600267,-1600267,0
2019-04-15 04:00:00,581410,-581410,0
2019-04-15 12:00:00,414,-414,0
2019-04-15 20:00:00,414,-414,0
2019-04-16 04:00:00,414,-414,0
2019-04-16 12:00:00,414,-414,0
2019-04-16 20:00:00,3200086,3200086,0
2019-04-17 04:00:00,2400086,2400086,0
2019-04-17 12:00:00,800114,-800114,0
2019-04-17 20:00:00,86,86,0
2019-04-18 04:00:00,86,86,0
2019-04-18 12:00:00,800114,-800114,0
2019-04-18 20:00:00,2400114,-2400114,0
2019-04-19 04:00:00,800114,-800114,0
2019-04-19 12:00:00,800114,-800114,0
2019-04-19 20:00:00,800114,-800114,0
2019-04-20 04:00:00,800114,-800114,0
2019-04-20 12:00:00,114,-114,0
2019-04-20 20:00:00,114,-114,0
2019-04-21 04:00:00,2400114,-2400114,0
2019-04-21 12:00:00,449194,-449194,0
2019-04-21 20:00:00,1600086,1600086,0
2019-04-22 04:00:00,1600086,1600086,0
2019-04-22 12:00:00,1600086,1600086,0
2019-04-22 20:00:00,54,-54,0
2019-04-23 04:00:00,850146,850146,0
2019-04-23 12:00:00,3000054,-3000054,0
2019-04-23 20:00:00,4000054,-4000054,0
2019-04-24 04:00:00,1000393,-1000393,0
2019-04-24 12:00:00,153,-153,0
2019-04-24 20:00:00,2004187,2004187,0
2019-04-25 04:00:00,1000074,1000074,0
2019-04-25 12:00:00,2000074,2000074,0
2019-04-25 20:00:00,1000026,-1000026,0
2019-04-26 04:00:00,1000058,-1000058,0
2019-04-26 12:00:00,1000058,-1000058,0
2019-04-26 20:00:00,870309,870309,0
2019-04-27 04:00:00,58,-58,0
2019-04-27 12:00:00,42,42,0
2019-04-27 20:00:00,3000058,-3000058,0
2019-04-28 04:00:00,2000058,-2000058,0
2019-04-28 12:00:00,2000058,-2000058,0
2019-04-28 20:00:00,58,-58,0
2019-04-29 04:00:00,58,-58,0
2019-04-29 12:00:00,906254,906254,0
2019-04-29 20:00:00,58,-58,0
2019-04-30 04:00:00,2000058,-2000058,0
2019-04-30 12:00:00,2000058,-2000058,0
2019-04-30 20:00:00,2088,2088,0
2019-05-01 04:00:00,67,-67,0
2019-05-01 12:00:00,1000067,-1000067,0
2019-05-01 20:00:00,1000067,-1000067,0
2019-05-02 04:00:00,4000067,-4000067,0
2019-05-02 12:00:00,2000067,-2000067,0
2019-05-02 20:00:00,3000067,-3000067,0
2019-05-03 04:00:00,1000067,-1000067,0
2019-05-03 12:00:00,4000067,-4000067,0
2019-05-03 20:00:00,29,-29,0
2019-05-04 04:00:00,29,-29,0
2019-05-04 12:00:00,1000029,-1000029,0
2019-05-04 20:00:00,29,-29,0
2019-05-05 04:00:00,29,-29,0
2019-05-05 12:00:00,29,-29,0
2019-05-05 20:00:00,18,-18,0
2019-05-06 04:00:00,1000478,-1000478,0
2019-05-06 12:00:00,2000478,-2000478,0
2019-05-06 20:00:00,3000186,-3000186,0
2019-05-07 04:00:00,1000186,-1000186,0
2019-05-07 12:00:00,1000186,-1000186,0
2019-05-07 20:00:00,186,-186,0
2019-05-08 04:00:00,314,314,0
2019-05-08 12:00:00,1000186,-1000186,0
2019-05-08 20:00:00,269,-269,0
2019-05-09 04:00:00,1000269,-1000269,0
2019-05-09 12:00:00,269,-269,0
2019-05-09 20:00:00,1000269,-1000269,0
2019-05-10 04:00:00,269,-269,0
2019-05-10 12:00:00,269,-269,0
2019-05-10 20:00:00,269,-269,0
2019-05-11 04:00:00,276,-276,0
2019-05-11 12:00:00,2000234,2000234,0
2019-05-11 20:00:00,234,234,0
2019-05-12 04:00:00,1200412,-1200412,0
2019-05-12 12:00:00,2400412,-2400412,0
2019-05-12 20:00:00,1300313,-1300313,0
2019-05-13 04:00:00,313,-313,0
2019-05-13 12:00:00,1299687,1299687,0
2019-05-13 20:00:00,313,-313,0
2019-05-14 04:00:00,1200580,-1200580,0
2019-05-14 12:00:00,1200580,-1200580,0
2019-05-14 20:00:00,3600420,3600420,0
2019-05-15 04:00:00,2656733,-2656733,0
2019-05-15 12:00:00,580,-580,0
2019-05-15 20:00:00,1250580,-1250580,0
2019-05-16 04:00:00,580,-580,0
2019-05-16 12:00:00,580,-580,0
2019-05-16 20:00:00,420,420,0
2019-05-17 04:00:00,645,645,0
2019-05-17 12:00:00,645,645,0
2019-05-17 20:00:00,645,645,0
2019-05-18 04:00:00,436,-436,0
2019-05-18 12:00:00,436,-436,0
2019-05-18 20:00:00,436,-436,0
2019-05-19 04:00:00,89530,-89530,0
2019-05-19 12:00:00,564,564,0
2019-05-19 20:00:00,1300436,-1300436,0
2019-05-20 04:00:00,399,-399,0
2019-05-20 12:00:00,399,-399,0
2019-05-20 20:00:00,399,-399,0
2019-05-21 04:00:00,407,-407,0
2019-05-21 12:00:00,1400407,-1400407,0
2019-05-21 20:00:00,1400407,-1400407,0
2019-05-22 04:00:00,1400534,-1400534,0
2019-05-22 12:00:00,1400534,-1400534,0
2019-05-22 20:00:00,1400534,-1400534,0
2019-05-23 04:00:00,463,463,0
2019-05-23 12:00:00,779,-779,0
2019-05-23 20:00:00,1400779,-1400779,0
2019-05-24 04:00:00,177,-177,0
2019-05-24 12:00:00,177,-177,0
2019-05-24 20:00:00,177,-177,0
2019-05-25 04:00:00,823,823,0
2019-05-25 12:00:00,823,823,0
2019-05-25 20:00:00,823,823,0
2019-05-26 04:00:00,823,823,0
2019-05-26 12:00:00,823,823,0
2019-05-26 20:00:00,823,823,0
2019-05-27 04:00:00,177,-177,0
2019-05-27 12:00:00,177,-177,0
2019-05-27 20:00:00,177,-177,0
2019-05-28 04:00:00,177,-177,0
2019-05-28 12:00:00,177,-177,0
2019-05-28 20:00:00,9018,-9018,0
2019-05-29 04:00:00,553,-553,0
2019-05-29 12:00:00,1400553,-1400553,0
2019-05-29 20:00:00,1400553,-1400553,0
2019-05-30 04:00:00,1673637,-1673637,0
2019-05-30 12:00:00,637,-637,0
2019-05-30 20:00:00,637,-637,0
2019-05-31 04:00:00,1400637,-1400637,0
2019-05-31 12:00:00,1500637,-1500637,0
2019-05-31 20:00:00,2800637,-2800637,0
2019-06-01 04:00:00,2800637,-2800637,0
2019-06-01 12:00:00,2800637,-2800637,0
2019-06-01 20:00:00,2800637,-2800637,0
2019-06-02 04:00:00,637,-637,0
2019-06-02 12:00:00,637,-637,0
2019-06-02 20:00:00,637,-637,0
2019-06-03 04:00:00,637,-637,0
2019-06-03 12:00:00,1400637,-1400637,0
2019-06-03 20:00:00,1400637,-1400637,0
2019-06-04 04:00:00,803,-803,0
2019-06-04 12:00:00,1400663,-1400663,0
2019-06-04 20:00:00,1400663,-1400663,0
2019-06-05 04:00:00,1400663,-1400663,0
2019-06-05 12:00:00,1400663,-1400663,0
2019-06-05 20:00:00,1400663,-1400663,0
2019-06-06 04:00:00,1400663,-1400663,0
2019-06-06 12:00:00,1400663,-1400663,0
2019-06-06 20:00:00,1400663,-1400663,0
2019-06-07 04:00:00,1400663,-1400663,0
2019-06-07 12:00:00,1400663,-1400663,0
2019-06-07 20:00:00,1400663,-1400663,0
2019-06-08 04:00:00,1400663,-1400663,0
2019-06-08 12:00:00,1400663,-1400663,0
2019-06-08 20:00:00,1400663,-1400663,0
2019-06-09 04:00:00,1400663,-1400663,0
2019-06-09 12:00:00,1400663,-1400663,0
2019-06-09 20:00:00,1400663,-1400663,0
2019-06-10 04:00:00,663,-663,0
2019-06-10 12:00:00,663,-663,0
2019-06-10 20:00:00,1400663,-1400663,0
2019-06-11 04:00:00,1400663,-1400663,0
2019-06-11 12:00:00,1400663,-1400663,0
2019-06-11 20:00:00,1400663,-1400663,0
2019-06-12 04:00:00,1400162,-1400162,0
2019-06-12 12:00:00,162,-162,0
2019-06-12 20:00:00,162,-162,0
2019-06-13 04:00:00,162,-162,0
2019-06-13 12:00:00,1400162,-1400162,0
2019-06-13 20:00:00,1400162,-1400162,0
2019-06-14 04:00:00,162,-162,0
2019-06-14 12:00:00,162,-162,0
2019-06-14 20:00:00,162,-162,0
2019-06-15 04:00:00,162,-162,0
2019-06-15 12:00:00,1400338,1400338,0
2019-06-15 20:00:00,2293480,2293480,0
2019-06-16 04:00:00,338,338,0
2019-06-16 12:00:00,662,-662,0
2019-06-16 20:00:00,1600338,1600338,0
2019-06-17 04:00:00,338,338,0
2019-06-17 12:00:00,662,-662,0
2019-06-17 20:00:00,662,-662,0
2019-06-18 04:00:00,662,-662,0
2019-06-18 12:00:00,662,-662,0
2019-06-18 20:00:00,338,338,0
2019-06-19 04:00:00,373,373,0
2019-06-19 12:00:00,1600627,-1600627,0
2019-06-19 20:00:00,627,-627,0
2019-06-20 04:00:00,1600627,-1600627,0
2019-06-20 12:00:00,1600627,-1600627,0
2019-06-20 20:00:00,3200627,-3200627,0
2019-06-21 04:00:00,1532903,-1532903,0
2019-06-21 12:00:00,1600627,-1600627,0
2019-06-21 20:00:00,627,-627,0
2019-06-22 04:00:00,1600627,-1600627,0
2019-06-22 12:00:00,1600627,-1600627,0
2019-06-22 20:00:00,1600627,-1600627,0
2019-06-23 04:00:00,1600627,-1600627,0
2019-06-23 12:00:00,1600627,-1600627,0
2019-06-23 20:00:00,1600627,-1600627,0
2019-06-24 04:00:00,627,-627,0
2019-06-24 12:00:00,627,-627,0
2019-06-24 20:00:00,627,-627,0
2019-06-25 04:00:00,373,373,0
2019-06-25 12:00:00,373,373,0
2019-06-25 20:00:00,373,373,0
2019-06-26 04:00:00,1800373,1800373,0
2019-06-26 12:00:00,1800373,1800373,0
2019-06-26 20:00:00,373,373,0
2019-06-27 04:00:00,627,-627,0
2019-06-27 12:00:00,1800373,1800373,0
2019-06-27 20:00:00,627,-627,0
2019-06-28 04:00:00,627,-627,0
2019-06-28 12:00:00,373,373,0
2019-06-28 20:00:00,1800309,-1800309,0
2019-06-29 04:00:00,1800309,-1800309,0
2019-06-29 12:00:00,309,-309,0
2019-06-29 20:00:00,309,-309,0
2019-06-30 04:00:00,309,-309,0
2019-06-30 12:00:00,309,-309,0
2019-06-30 20:00:00,309,-309,0
2019-07-01 04:00:00,309,-309,0
2019-07-01 12:00:00,1800691,1800691,0
2019-07-01 20:00:00,174062,174062,0
2019-07-02 04:00:00,446,-446,0
2019-07-02 12:00:00,446,-446,0
2019-07-02 20:00:00,446,-446,0
2019-07-03 04:00:00,446,-446,0
2019-07-03 12:00:00,446,-446,0
2019-07-03 20:00:00,446,-446,0
2019-07-04 04:00:00,446,-446,0
2019-07-04 12:00:00,1700446,-1700446,0
2019-07-04 20:00:00,1700446,-1700446,0
2019-07-05 04:00:00,1700446,-1700446,0
2019-07-05 12:00:00,1700446,-1700446,0
2019-07-05 20:00:00,1700446,-1700446,0
2019-07-06 04:00:00,1700446,-1700446,0
2019-07-06 12:00:00,1700446,-1700446,0
2019-07-06 20:00:00,1700446,-1700446,0
2019-07-07 04:00:00,1700446,-1700446,0
2019-07-07 12:00:00,1700446,-1700446,0
2019-07-07 20:00:00,446,-446,0
2019-07-08 04:00:00,446,-446,0
2019-07-08 12:00:00,446,-446,0
2019-07-08 20:00:00,446,-446,0
2019-07-09 04:00:00,2000446,-2000446,0
2019-07-09 12:00:00,2000874,-2000874,0
2019-07-09 20:00:00,2000874,-2000874,0
2019-07-10 04:00:00,874,-874,0
2019-07-10 12:00:00,874,-874,0
2019-07-10 20:00:00,874,-874,0
2019-07-11 04:00:00,874,-874,0
2019-07-11 12:00:00,2000874,-2000874,0
2019-07-11 20:00:00,4000874,-4000874,0
2019-07-12 04:00:00,4000874,-4000874,0
2019-07-12 12:00:00,2000874,-2000874,0
2019-07-12 20:00:00,2000874,-2000874,0
2019-07-13 04:00:00,2000874,-2000874,0
2019-07-13 12:00:00,2000874,-2000874,0
2019-07-13 20:00:00,2000874,-2000874,0
2019-07-14 04:00:00,2000874,-2000874,0
2019-07-14 12:00:00,2000874,-2000874,0
2019-07-14 20:00:00,2000874,-2000874,0
2019-07-15 04:00:00,4000874,-4000874,0
2019-07-15 12:00:00,2000874,-2000874,0
2019-07-15 20:00:00,2000874,-2000874,0
2019-07-16 04:00:00,2000874,-2000874,0
2019-07-16 12:00:00,2000104,-2000104,0
2019-07-16 20:00:00,2000406,-2000406,0
2019-07-17 04:00:00,350,-350,0
2019-07-17 12:00:00,650,650,0
2019-07-17 20:00:00,190138,190138,0
2019-07-18 04:00:00,2000162,-2000162,0
2019-07-18 12:00:00,1384,-1384,0
2019-07-18 20:00:00,1384,-1384,0
2019-07-19 04:00:00,4000616,4000616,0
2019-07-19 12:00:00,2018408,-2018408,0
2019-07-19 20:00:00,2018408,-2018408,0
2019-07-20 04:00:00,2018408,-2018408,0
2019-07-20 12:00:00,2018408,-2018408,0
2019-07-20 20:00:00,2018408,-2018408,0
2019-07-21 04:00:00,2018408,-2018408,0
2019-07-21 12:00:00,2018408,-2018408,0
2019-07-21 20:00:00,2000592,2000592,0
2019-07-22 04:00:00,592,592,0
2019-07-22 12:00:00,592,592,0
2019-07-22 20:00:00,592,592,0
2019-07-23 04:00:00,592,592,0
2019-07-23 12:00:00,592,592,0
2019-07-23 20:00:00,592,592,0
2019-07-24 04:00:00,592,592,0
2019-07-24 12:00:00,2000408,-2000408,0
2019-07-24 20:00:00,408,-408,0
2019-07-25 04:00:00,408,-408,0
2019-07-25 12:00:00,2000408,-2000408,0
2019-07-25 20:00:00,2000408,-2000408,0
2019-07-26 04:00:00,408,-408,0
2019-07-26 12:00:00,4000408,-4000408,0
2019-07-26 20:00:00,4000408,-4000408,0
2019-07-27 04:00:00,408,-408,0
2019-07-27 12:00:00,408,-408,0
2019-07-27 20:00:00,408,-408,0
2019-07-28 04:00:00,408,-408,0
2019-07-28 12:00:00,2000408,-2000408,0
2019-07-28 20:00:00,2000408,-2000408,0
2019-07-29 04:00:00,6000408,-6000408,0
2019-07-29 12:00:00,408,-408,0
2019-07-29 20:00:00,408,-408,0
2019-07-30 04:00:00,408,-408,0
2019-07-30 12:00:00,408,-408,0
2019-07-30 20:00:00,408,-408,0
2019-07-31 04:00:00,2000408,-2000408,0
2019-07-31 12:00:00,2000408,-2000408,0
2019-07-31 20:00:00,2000408,-2000408,0
2019-08-01 04:00:00,2000592,2000592,0
2019-08-01 12:00:00,592,592,0
2019-08-01 20:00:00,592,592,0
2019-08-02 04:00:00,592,592,0
2019-08-02 12:00:00,408,-408,0
2019-08-02 20:00:00,1000592,1000592,0
2019-08-03 04:00:00,592,592,0
2019-08-03 12:00:00,592,592,0
2019-08-03 20:00:00,592,592,0
2019-08-04 04:00:00,592,592,0
2019-08-04 12:00:00,592,592,0
2019-08-04 20:00:00,592,592,0
2019-08-05 04:00:00,592,592,0
2019-08-05 12:00:00,592,592,0
2019-08-05 20:00:00,643165,-643165,0
2019-08-06 04:00:00,576,576,0
2019-08-06 12:00:00,2000424,-2000424,0
2019-08-06 20:00:00,424,-424,0
2019-08-07 04:00:00,424,-424,0
2019-08-07 12:00:00,2000576,2000576,0
2019-08-07 20:00:00,2000576,2000576,0
2019-08-08 04:00:00,2000424,-2000424,0
2019-08-08 12:00:00,4000576,4000576,0
2019-08-08 20:00:00,576,576,0
2019-08-09 04:00:00,2000576,2000576,0
2019-08-09 12:00:00,4000576,4000576,0
2019-08-09 20:00:00,2000576,2000576,0
2019-08-10 04:00:00,576,576,0
2019-08-10 12:00:00,576,576,0
2019-08-10 20:00:00,576,576,0
2019-08-11 04:00:00,576,576,0
2019-08-11 12:00:00,576,576,0
2019-08-11 20:00:00,576,576,0
2019-08-12 04:00:00,576,576,0
2019-08-12 12:00:00,576,576,0
2019-08-12 20:00:00,576,576,0
2019-08-13 04:00:00,576,576,0
2019-08-13 12:00:00,576,576,0
2019-08-13 20:00:00,576,576,0
2019-08-14 04:00:00,576,576,0
2019-08-14 12:00:00,576,576,0
2019-08-14 20:00:00,424,-424,0
2019-08-15 04:00:00,576,576,0
2019-08-15 12:00:00,6000424,-6000424,0
2019-08-15 20:00:00,2000424,-2000424,0
2019-08-16 04:00:00,6000424,-6000424,0
2019-08-16 12:00:00,4000424,-4000424,0
2019-08-16 20:00:00,8000424,-8000424,0
2019-08-17 04:00:00,8000424,-8000424,0
2019-08-17 12:00:00,6000424,-6000424,0
2019-08-17 20:00:00,4000424,-4000424,0
2019-08-18 04:00:00,4000424,-4000424,0
2019-08-18 12:00:00,2000424,-2000424,0
2019-08-18 20:00:00,424,-424,0
2019-08-19 04:00:00,2000424,-2000424,0
2019-08-19 12:00:00,424,-424,0
2019-08-19 20:00:00,424,-424,0
2019-08-20 04:00:00,424,-424,0
2019-08-20 12:00:00,2000424,-2000424,0
2019-08-20 20:00:00,6000424,-6000424,0
2019-08-21 04:00:00,424,-424,0
2019-08-21 12:00:00,424,-424,0
2019-08-21 20:00:00,424,-424,0
2019-08-22 04:00:00,424,-424,0
2019-08-22 12:00:00,424,-424,0
2019-08-22 20:00:00,2000424,-2000424,0
2019-08-23 04:00:00,2000576,2000576,0
2019-08-23 12:00:00,2000424,-2000424,0
2019-08-23 20:00:00,2000424,-2000424,0
2019-08-24 04:00:00,2000424,-2000424,0
2019-08-24 12:00:00,424,-424,0
2019-08-24 20:00:00,424,-424,0
2019-08-25 04:00:00,2000576,2000576,0
2019-08-25 12:00:00,2000576,2000576,0
2019-08-25 20:00:00,2000576,2000576,0
2019-08-26 04:00:00,576,576,0
2019-08-26 12:00:00,576,576,0
2019-08-26 20:00:00,576,576,0
2019-08-27 04:00:00,2000576,2000576,0
2019-08-27 12:00:00,4000576,4000576,0
2019-08-27 20:00:00,2000576,2000576,0
2019-08-28 04:00:00,4000576,4000576,0
2019-08-28 12:00:00,576,576,0
2019-08-28 20:00:00,424,-424,0
2019-08-29 04:00:00,424,-424,0
2019-08-29 12:00:00,2000424,-2000424,0
2019-08-29 20:00:00,2000424,-2000424,0
2019-08-30 04:00:00,2000424,-2000424,0
2019-08-30 12:00:00,2000424,-2000424,0
2019-08-30 20:00:00,2000424,-2000424,0
2019-08-31 04:00:00,2000424,-2000424,0
2019-08-31 12:00:00,2000424,-2000424,0
2019-08-31 20:00:00,2000424,-2000424,0
2019-09-01 04:00:00,2000424,-2000424,0
2019-09-01 12:00:00,424,-424,0
2019-09-01 20:00:00,424,-424,0
2019-09-02 04:00:00,424,-424,0
2019-09-02 12:00:00,424,-424,0
2019-09-02 20:00:00,424,-424,0
2019-09-03 04:00:00,424,-424,0
2019-09-03 12:00:00,424,-424,0
2019-09-03 20:00:00,2000424,-2000424,0
2019-09-04 04:00:00,424,-424,0
2019-09-04 12:00:00,424,-424,0
2019-09-04 20:00:00,576,576,0
2019-09-05 04:00:00,576,576,0
2019-09-05 12:00:00,424,-424,0
2019-09-05 20:00:00,2000576,2000576,0
2019-09-06 04:00:00,576,576,0
2019-09-06 12:00:00,424,-424,0
2019-09-06 20:00:00,2000424,-2000424,0
2019-09-07 04:00:00,2000424,-2000424,0
2019-09-07 12:00:00,2000424,-2000424,0
2019-09-07 20:00:00,2000424,-2000424,0
2019-09-08 04:00:00,424,-424,0
2019-09-08 12:00:00,424,-424,0
2019-09-08 20:00:00,4000576,4000576,0
2019-09-09 04:00:00,4000576,4000576,0
2019-09-09 12:00:00,424,-424,0
2019-09-09 20:00:00,4000424,-4000424,0
2019-09-10 04:00:00,4000424,-4000424,0
2019-09-10 12:00:00,424,-424,0
2019-09-10 20:00:00,424,-424,0
2019-09-11 04:00:00,424,-424,0
2019-09-11 12:00:00,424,-424,0
2019-09-11 20:00:00,2000424,-2000424,0
2019-09-12 04:00:00,424,-424,0
2019-09-12 12:00:00,424,-424,0
2019-09-12 20:00:00,424,-424,0
2019-09-13 04:00:00,424,-424,0
2019-09-13 12:00:00,424,-424,0
2019-09-13 20:00:00,424,-424,0
2019-09-14 04:00:00,424,-424,0
2019-09-14 12:00:00,424,-424,0
2019-09-14 20:00:00,424,-424,0
2019-09-15 04:00:00,424,-424,0
2019-09-15 12:00:00,424,-424,0
2019-09-15 20:00:00,424,-424,0
2019-09-16 04:00:00,424,-424,0
2019-09-16 12:00:00,424,-424,0
2019-09-16 20:00:00,424,-424,0
2019-09-17 04:00:00,424,-424,0
2019-09-17 12:00:00,424,-424,0
2019-09-17 20:00:00,424,-424,0
2019-09-18 04:00:00,424,-424,0
2019-09-18 12:00:00,424,-424,0
2019-09-18 20:00:00,424,-424,0
2019-09-19 04:00:00,424,-424,0
2019-09-19 12:00:00,424,-424,0
2019-09-19 20:00:00,424,-424,0
2019-09-20 04:00:00,576,576,0
2019-09-20 12:00:00,2000576,2000576,0
2019-09-20 20:00:00,576,576,0
2019-09-21 04:00:00,576,576,0
2019-09-21 12:00:00,576,576,0
2019-09-21 20:00:00,576,576,0
2019-09-22 04:00:00,576,576,0
2019-09-22 12:00:00,576,576,0
2019-09-22 20:00:00,576,576,0
2019-09-23 04:00:00,576,576,0
2019-09-23 12:00:00,2000424,-2000424,0
2019-09-23 20:00:00,424,-424,0
2019-09-24 04:00:00,576,576,0
2019-09-24 12:00:00,576,576,0
2019-09-25 04:00:00,2000457,-2000457,0
2019-09-25 12:00:00,457,-457,0
2019-09-25 20:00:00,2003457,-2003457,0
2019-09-26 04:00:00,4003457,-4003457,0
2019-09-26 12:00:00,4003457,-4003457,0
2019-09-26 20:00:00,2000303,-2000303,0
2019-09-27 04:00:00,2000303,-2000303,0
2019-09-27 12:00:00,2000303,-2000303,0
2019-09-27 20:00:00,2000303,-2000303,0
2019-09-28 04:00:00,2000303,-2000303,0
2019-09-28 12:00:00,2000303,-2000303,0
2019-09-28 20:00:00,303,-303,0
2019-09-29 04:00:00,303,-303,0
2019-09-29 12:00:00,2000303,-2000303,0
2019-09-29 20:00:00,2000303,-2000303,0
2019-09-30 04:00:00,2000303,-2000303,0
2019-09-30 12:00:00,2000303,-2000303,0
2019-09-30 20:00:00,4000503,-4000503,0
2019-10-01 04:00:00,2000503,-2000503,0
2019-10-01 12:00:00,503,-503,0
2019-10-01 20:00:00,503,-503,0
2019-10-02 04:00:00,503,-503,0
2019-10-02 12:00:00,503,-503,0
2019-10-02 20:00:00,503,-503,0
2019-10-03 04:00:00,503,-503,0
2019-10-03 12:00:00,503,-503,0
2019-10-03 20:00:00,503,-503,0
2019-10-04 04:00:00,503,-503,0
2019-10-04 12:00:00,503,-503,0
2019-10-04 20:00:00,503,-503,0
2019-10-05 04:00:00,503,-503,0
2019-10-05 12:00:00,503,-503,0
2019-10-05 20:00:00,503,-503,0
2019-10-06 04:00:00,503,-503,0
2019-10-06 12:00:00,503,-503,0
2019-10-06 20:00:00,503,-503,0
2019-10-07 04:00:00,503,-503,0
2019-10-07 12:00:00,503,-503,0
2019-10-07 20:00:00,2000503,-2000503,0
2019-10-08 04:00:00,2000503,-2000503,0
2019-10-08 12:00:00,2000503,-2000503,0
2019-10-08 20:00:00,2000503,-2000503,0
2019-10-09 04:00:00,2000503,-2000503,0
2019-10-09 12:00:00,2000503,-2000503,0
2019-10-09 20:00:00,503,-503,0
2019-10-10 04:00:00,503,-503,0
2019-10-10 12:00:00,1014021,1014021,0
2019-10-10 20:00:00,497,497,0
2019-10-11 04:00:00,497,497,0
2019-10-11 12:00:00,497,497,0
2019-10-11 20:00:00,497,497,0
2019-10-12 04:00:00,497,497,0
2019-10-12 12:00:00,497,497,0
2019-10-12 20:00:00,497,497,0
2019-10-13 04:00:00,2000503,-2000503,0
2019-10-13 12:00:00,2000503,-2000503,0
2019-10-13 20:00:00,2000503,-2000503,0
2019-10-14 04:00:00,1000497,1000497,0
2019-10-14 12:00:00,2000497,2000497,0
2019-10-14 20:00:00,2000497,2000497,0
2019-10-15 04:00:00,2000497,2000497,0
2019-10-15 12:00:00,2000497,2000497,0
2019-10-15 20:00:00,2000497,2000497,0
2019-10-16 04:00:00,497,497,0
2019-10-16 12:00:00,497,497,0
2019-10-16 20:00:00,497,497,0
2019-10-17 04:00:00,497,497,0
2019-10-17 12:00:00,497,497,0
2019-10-17 20:00:00,1999503,-1999503,0
2019-10-18 04:00:00,1999503,-1999503,0
2019-10-18 12:00:00,503,-503,0
2019-10-18 20:00:00,503,-503,0
2019-10-19 04:00:00,503,-503,0
2019-10-19 12:00:00,503,-503,0
2019-10-19 20:00:00,503,-503,0
2019-10-20 04:00:00,503,-503,0
2019-10-20 12:00:00,503,-503,0
2019-10-20 20:00:00,503,-503,0
2019-10-21 04:00:00,503,-503,0
2019-10-21 12:00:00,503,-503,0
2019-10-21 20:00:00,503,-503,0
2019-10-22 04:00:00,503,-503,0
2019-10-22 12:00:00,2000503,-2000503,0
2019-10-22 20:00:00,2000503,-2000503,0
2019-10-23 04:00:00,2000503,-2000503,0
2019-10-23 12:00:00,2000503,-2000503,0
2019-10-23 20:00:00,503,-503,0
2019-10-24 04:00:00,503,-503,0
2019-10-24 12:00:00,2000503,-2000503,0
2019-10-24 20:00:00,2000503,-2000503,0
2019-10-25 04:00:00,2000503,-2000503,0
2019-10-25 12:00:00,2000503,-2000503,0
2019-10-25 20:00:00,497,497,0
2019-10-26 04:00:00,497,497,0
2019-10-26 12:00:00,2000497,2000497,0
2019-10-26 20:00:00,2000497,2000497,0
2019-10-27 04:00:00,2000497,2000497,0
2019-10-27 12:00:00,497,497,0
2019-10-27 20:00:00,503,-503,0
2019-10-28 04:00:00,503,-503,0
2019-10-28 12:00:00,2000497,2000497,0
2019-10-28 20:00:00,2000497,2000497,0
2019-10-29 04:00:00,2000497,2000497,0
2019-10-29 12:00:00,2000497,2000497,0
2019-10-29 20:00:00,2000497,2000497,0
2019-10-30 04:00:00,2000497,2000497,0
2019-10-30 12:00:00,2000497,2000497,0
2019-10-30 20:00:00,497,497,0
2019-10-31 04:00:00,497,497,0
2019-10-31 12:00:00,497,497,0
2019-10-31 20:00:00,497,497,0
2019-11-01 04:00:00,497,497,0
2019-11-01 12:00:00,497,497,0
2019-11-01 20:00:00,497,497,0
2019-11-02 04:00:00,497,497,0
2019-11-02 12:00:00,497,497,0
2019-11-02 20:00:00,503,-503,0
2019-11-03 04:00:00,503,-503,0
2019-11-03 12:00:00,503,-503,0
2019-11-03 20:00:00,503,-503,0
2019-11-04 04:00:00,503,-503,0
2019-11-04 12:00:00,503,-503,0
2019-11-04 20:00:00,503,-503,0
2019-11-05 04:00:00,503,-503,0
2019-11-05 12:00:00,503,-503,0
2019-11-05 20:00:00,503,-503,0
2019-11-06 04:00:00,503,-503,0
2019-11-06 12:00:00,503,-503,0
2019-11-06 20:00:00,503,-503,0
2019-11-07 04:00:00,503,-503,0
2019-11-07 12:00:00,3500503,-3500503,0
2019-11-07 20:00:00,3500503,-3500503,0
2019-11-08 04:00:00,3500503,-3500503,0
2019-11-08 12:00:00,2000512,-2000512,0
2019-11-08 20:00:00,2000512,-2000512,0
2019-11-09 04:00:00,512,-512,0
2019-11-09 12:00:00,512,-512,0
2019-11-09 20:00:00,512,-512,0
2019-11-10 04:00:00,512,-512,0
2019-11-10 12:00:00,512,-512,0
2019-11-10 20:00:00,512,-512,0
2019-11-11 04:00:00,512,-512,0
2019-11-11 12:00:00,2000512,-2000512,0
2019-11-11 20:00:00,512,-512,0
2019-11-12 04:00:00,512,-512,0
2019-11-12 12:00:00,512,-512,0
2019-11-12 20:00:00,512,-512,0
2019-11-13 04:00:00,512,-512,0
2019-11-13 12:00:00,488,488,0
2019-11-13 20:00:00,488,488,0
2019-11-14 04:00:00,488,488,0
2019-11-14 12:00:00,512,-512,0
2019-11-14 20:00:00,512,-512,0
2019-11-15 04:00:00,1933540,1933540,0
2019-11-15 12:00:00,2000488,2000488,0
2019-11-15 20:00:00,488,488,0
2019-11-16 04:00:00,488,488,0
2019-11-16 12:00:00,512,-512,0
2019-11-16 20:00:00,512,-512,0
2019-11-17 04:00:00,512,-512,0
2019-11-17 12:00:00,512,-512,0
2019-11-17 20:00:00,512,-512,0
2019-11-18 04:00:00,488,488,0
2019-11-18 12:00:00,488,488,0
2019-11-18 20:00:00,488,488,0
2019-11-19 04:00:00,2000512,-2000512,0
2019-11-19 12:00:00,4000703,-4000703,0
2019-11-19 20:00:00,4000703,-4000703,0
2019-11-20 04:00:00,4000703,-4000703,0
2019-11-20 12:00:00,703,-703,0
2019-11-20 20:00:00,703,-703,0
2019-11-21 04:00:00,703,-703,0
2019-11-21 12:00:00,297,297,0
2019-11-21 20:00:00,703,-703,0
2019-11-22 04:00:00,2000703,-2000703,0
2019-11-22 12:00:00,297,297,0
2019-11-22 20:00:00,4000703,-4000703,0
2019-11-23 04:00:00,2000703,-2000703,0
2019-11-23 12:00:00,446698,-446698,0
2019-11-23 20:00:00,4000703,-4000703,0
2019-11-24 04:00:00,2000703,-2000703,0
2019-11-24 12:00:00,2000703,-2000703,0
2019-11-24 20:00:00,2000703,-2000703,0
2019-11-25 04:00:00,297,297,0
2019-11-25 12:00:00,297,297,0
2019-11-25 20:00:00,436,-436,0
2019-11-26 04:00:00,2000565,2000565,0
2019-11-26 12:00:00,565,565,0
2019-11-26 20:00:00,565,565,0
2019-11-27 04:00:00,565,565,0
2019-11-27 12:00:00,435,-435,0
2019-11-27 20:00:00,2000435,-2000435,0
2019-11-28 04:00:00,2000435,-2000435,0
2019-11-28 12:00:00,2000435,-2000435,0
2019-11-28 20:00:00,6000435,-6000435,0
2019-11-29 04:00:00,4000435,-4000435,0
2019-11-29 12:00:00,4000435,-4000435,0
2019-11-29 20:00:00,435,-435,0
2019-11-30 04:00:00,2000435,-2000435,0
2019-11-30 12:00:00,2000435,-2000435,0
2019-11-30 20:00:00,435,-435,0
2019-12-01 04:00:00,435,-435,0
2019-12-01 12:00:00,435,-435,0
2019-12-01 20:00:00,565,565,0
2019-12-02 04:00:00,565,565,0
2019-12-02 12:00:00,2000565,2000565,0
2019-12-02 20:00:00,2000565,2000565,0
2019-12-03 04:00:00,565,565,0
2019-12-03 12:00:00,565,565,0
2019-12-03 20:00:00,565,565,0
2019-12-04 04:00:00,565,565,0
2019-12-04 12:00:00,565,565,0
2019-12-04 20:00:00,2500847,-2500847,0
2019-12-05 04:00:00,847,-847,0
2019-12-05 12:00:00,400,-400,0
2019-12-05 20:00:00,334,334,0
2019-12-06 04:00:00,334,334,0
2019-12-06 12:00:00,5000666,-5000666,0
2019-12-06 20:00:00,666,-666,0
2019-12-07 04:00:00,666,-666,0
2019-12-07 12:00:00,666,-666,0
2019-12-07 20:00:00,666,-666,0
2019-12-08 04:00:00,666,-666,0
2019-12-08 12:00:00,666,-666,0
2019-12-08 20:00:00,666,-666,0
2019-12-09 04:00:00,666,-666,0
2019-12-09 12:00:00,2500939,-2500939,0
2019-12-09 20:00:00,5000939,-5000939,0
2019-12-10 04:00:00,7500939,-7500939,0
2019-12-10 12:00:00,7500939,-7500939,0
2019-12-10 20:00:00,939,-939,0
2019-12-11 04:00:00,5000939,-5000939,0
2019-12-11 12:00:00,2500939,-2500939,0
2019-12-11 20:00:00,939,-939,0
2019-12-12 04:00:00,939,-939,0
2019-12-12 12:00:00,939,-939,0
2019-12-12 20:00:00,939,-939,0
2019-12-13 04:00:00,939,-939,0
2019-12-13 12:00:00,939,-939,0
2019-12-13 20:00:00,939,-939,0
2019-12-14 04:00:00,939,-939,0
2019-12-14 12:00:00,939,-939,0
2019-12-14 20:00:00,939,-939,0
2019-12-15 04:00:00,939,-939,0
2019-12-15 12:00:00,939,-939,0
2019-12-15 20:00:00,939,-939,0
2019-12-16 04:00:00,2500939,-2500939,0
2019-12-16 12:00:00,939,-939,0
2019-12-16 20:00:00,939,-939,0
2019-12-17 04:00:00,939,-939,0
2019-12-17 12:00:00,939,-939,0
2019-12-17 20:00:00,554,-554,0
2019-12-18 04:00:00,2500554,-2500554,0
2019-12-18 12:00:00,3500554,-3500554,0
2019-12-18 20:00:00,969,-969,0
2019-12-19 04:00:00,31,31,0
2019-12-19 12:00:00,2500531,2500531,0
2019-12-19 20:00:00,4000478,4000478,0
2019-12-20 04:00:00,4000478,4000478,0
2019-12-20 12:00:00,5000478,5000478,0
2019-12-20 20:00:00,5000478,5000478,0
2019-12-21 04:00:00,5000478,5000478,0
2019-12-21 12:00:00,2500478,2500478,0
2019-12-21 20:00:00,2500478,2500478,0
2019-12-22 04:00:00,2500478,2500478,0
2019-12-22 12:00:00,478,478,0
2019-12-22 20:00:00,478,478,0
2019-12-23 04:00:00,478,478,0
2019-12-23 12:00:00,478,478,0
2019-12-23 20:00:00,2500478,2500478,0
2019-12-24 04:00:00,2500478,2500478,0
2019-12-24 12:00:00,478,478,0
2019-12-24 20:00:00,1335254,1335254,0
2019-12-25 04:00:00,1335254,1335254,0
2019-12-25 12:00:00,2505254,2505254,0
2019-12-25 20:00:00,254,254,0
2019-12-26 04:00:00,2500746,-2500746,0
2019-12-26 12:00:00,746,-746,0
2019-12-26 20:00:00,746,-746,0
2019-12-27 04:00:00,746,-746,0
2019-12-27 12:00:00,746,-746,0
2019-12-27 20:00:00,254,254,0
2019-12-28 04:00:00,254,254,0
2019-12-28 12:00:00,254,254,0
2019-12-28 20:00:00,254,254,0
2019-12-29 04:00:00,254,254,0
2019-12-29 12:00:00,254,254,0
2019-12-29 20:00:00,254,254,0
2019-12-30 04:00:00,2500254,2500254,0
2019-12-30 12:00:00,2500254,2500254,0
2019-12-30 20:00:00,2500254,2500254,0
2019-12-31 04:00:00,254,254,0
2019-12-31 12:00:00,2500254,2500254,0
2019-12-31 20:00:00,254,254,0
2020-01-01 04:00:00,2500254,2500254,0
2020-01-01 12:00:00,254,254,0
2020-01-01 20:00:00,254,254,0
2020-01-02 04:00:00,746,-746,0
2020-01-02 12:00:00,4018196,-4018196,0
2020-01-02 20:00:00,196,-196,0
2020-01-03 04:00:00,804,804,0
2020-01-03 12:00:00,804,804,0
2020-01-03 20:00:00,3522132,3522132,0
2020-01-04 04:00:00,5000804,5000804,0
2020-01-04 12:00:00,2500804,2500804,0
2020-01-04 20:00:00,2500804,2500804,0
2020-01-05 04:00:00,2500804,2500804,0
2020-01-05 12:00:00,804,804,0
2020-01-05 20:00:00,1500196,-1500196,0
2020-01-06 04:00:00,196,-196,0
2020-01-06 12:00:00,1500196,-1500196,0
2020-01-06 20:00:00,1500196,-1500196,0
2020-01-07 04:00:00,196,-196,0
2020-01-07 12:00:00,196,-196,0
2020-01-07 20:00:00,4500196,-4500196,0
2020-01-08 04:00:00,3000196,-3000196,0
2020-01-08 12:00:00,6000196,-6000196,0
2020-01-08 20:00:00,1500408,1500408,0
2020-01-09 04:00:00,3000592,-3000592,0
2020-01-09 12:00:00,645,-645,0
2020-01-09 20:00:00,3000355,3000355,0
2020-01-10 04:00:00,355,355,0
2020-01-10 12:00:00,355,355,0
2020-01-10 20:00:00,1500355,1500355,0
2020-01-11 04:00:00,355,355,0
2020-01-11 12:00:00,1500355,1500355,0
2020-01-11 20:00:00,1500355,1500355,0
2020-01-12 04:00:00,1500355,1500355,0
2020-01-12 12:00:00,355,355,0
2020-01-12 20:00:00,355,355,0
2020-01-13 04:00:00,355,355,0
2020-01-13 12:00:00,355,355,0
2020-01-13 20:00:00,355,355,0
2020-01-14 04:00:00,355,355,0
2020-01-14 12:00:00,645,-645,0
2020-01-14 20:00:00,355,355,0
2020-01-15 04:00:00,355,355,0
2020-01-15 12:00:00,355,355,0
2020-01-15 20:00:00,355,355,0
2020-01-16 04:00:00,645,-645,0
2020-01-16 12:00:00,645,-645,0
2020-01-16 20:00:00,645,-645,0
2020-01-17 04:00:00,20355,20355,0
2020-01-17 12:00:00,500645,-500645,0
2020-01-17 20:00:00,3000645,-3000645,0
2020-01-18 04:00:00,3000645,-3000645,0
2020-01-18 12:00:00,1500645,-1500645,0
2020-01-18 20:00:00,1500645,-1500645,0
2020-01-19 04:00:00,1500273,-1500273,0
2020-01-19 12:00:00,273,-273,0
2020-01-19 20:00:00,3000273,-3000273,0
2020-01-20 04:00:00,1500273,-1500273,0
2020-01-20 12:00:00,273,-273,0
2020-01-20 20:00:00,1500273,-1500273,0
2020-01-21 04:00:00,1500273,-1500273,0
2020-01-21 12:00:00,1500273,-1500273,0
2020-01-21 20:00:00,4391605,-4391605,0
2020-01-22 04:00:00,40357,-40357,0
2020-01-22 12:00:00,4500273,-4500273,0
2020-01-22 20:00:00,6000273,-6000273,0
2020-01-23 04:00:00,6000273,-6000273,0
2020-01-23 12:00:00,273,-273,0
2020-01-23 20:00:00,273,-273,0
2020-01-24 04:00:00,273,-273,0
2020-01-24 12:00:00,727,727,0
2020-01-24 20:00:00,273,-273,0
2020-01-25 04:00:00,273,-273,0
2020-01-25 12:00:00,273,-273,0
2020-01-25 20:00:00,273,-273,0
2020-01-26 04:00:00,273,-273,0
2020-01-26 12:00:00,273,-273,0
2020-01-26 20:00:00,273,-273,0
2020-01-27 04:00:00,3000273,-3000273,0
2020-01-27 12:00:00,3000273,-3000273,0
2020-01-27 20:00:00,273,-273,0
2020-01-28 04:00:00,273,-273,0
2020-01-28 12:00:00,1500727,1500727,0
2020-01-28 20:00:00,3000727,3000727,0
2020-01-29 04:00:00,727,727,0
2020-01-29 12:00:00,727,727,0
2020-01-29 20:00:00,273,-273,0
2020-01-30 04:00:00,273,-273,0
2020-01-30 12:00:00,541049,-541049,0
2020-01-30 20:00:00,273,-273,0
2020-01-31 04:00:00,273,-273,0
2020-01-31 12:00:00,3000273,-3000273,0
2020-01-31 20:00:00,1500273,-1500273,0
2020-02-01 04:00:00,4500273,-4500273,0
2020-02-01 12:00:00,1500273,-1500273,0
2020-02-01 20:00:00,4500273,-4500273,0
2020-02-02 04:00:00,3000273,-3000273,0
2020-02-02 12:00:00,7500749,-7500749,0
2020-02-02 20:00:00,7500749,-7500749,0
2020-02-03 04:00:00,7500749,-7500749,0
2020-02-03 12:00:00,3000749,-3000749,0
2020-02-03 20:00:00,4500749,-4500749,0
2020-02-04 04:00:00,3000749,-3000749,0
2020-02-04 12:00:00,1500749,-1500749,0
2020-02-04 20:00:00,1500749,-1500749,0
2020-02-05 04:00:00,749,-749,0
2020-02-05 12:00:00,749,-749,0
2020-02-05 20:00:00,749,-749,0
2020-02-06 04:00:00,749,-749,0
2020-02-06 12:00:00,3000251,3000251,0
2020-02-06 20:00:00,749,-749,0
2020-02-07 04:00:00,1500749,-1500749,0
2020-02-07 12:00:00,749,-749,0
2020-02-07 20:00:00,1500749,-1500749,0
2020-02-08 04:00:00,1500749,-1500749,0
2020-02-08 12:00:00,7500749,-7500749,0
2020-02-08 20:00:00,3000749,-3000749,0
2020-02-09 04:00:00,4500749,-4500749,0
2020-02-09 12:00:00,749,-749,0
2020-02-09 20:00:00,4500749,-4500749,0
2020-02-10 04:00:00,4500749,-4500749,0
2020-02-10 12:00:00,251,251,0
2020-02-10 20:00:00,251,251,0
2020-02-11 04:00:00,6000251,6000251,0
2020-02-11 12:00:00,3000439,3000439,0
2020-02-11 20:00:00,4500439,4500439,0
2020-02-12 04:00:00,3000439,3000439,0
2020-02-12 12:00:00,439,439,0
2020-02-12 20:00:00,561,-561,0
2020-02-13 04:00:00,561,-561,0
2020-02-13 12:00:00,4500561,-4500561,0
2020-02-13 20:00:00,3000561,-3000561,0
2020-02-14 04:00:00,4500561,-4500561,0
2020-02-14 12:00:00,3000561,-3000561,0
2020-02-14 20:00:00,3000561,-3000561,0
2020-02-15 04:00:00,3000561,-3000561,0
2020-02-15 12:00:00,3000561,-3000561,0
2020-02-15 20:00:00,3000561,-3000561,0
2020-02-16 04:00:00,7500561,-7500561,0
2020-02-16 12:00:00,7500561,-7500561,0
2020-02-16 20:00:00,930405,-930405,0
2020-02-17 04:00:00,182,-182,0
2020-02-17 12:00:00,3000241,-3000241,0
2020-02-17 20:00:00,6000241,-6000241,0
2020-02-18 04:00:00,10500241,-10500241,0
2020-02-18 12:00:00,241,-241,0
2020-02-18 20:00:00,241,-241,0
2020-02-19 04:00:00,241,-241,0
2020-02-19 12:00:00,1500241,-1500241,0
2020-02-19 20:00:00,1500241,-1500241,0
2020-02-20 04:00:00,4500241,-4500241,0
2020-02-20 12:00:00,6000241,-6000241,0
2020-02-20 20:00:00,9000241,-9000241,0
2020-02-21 04:00:00,10500241,-10500241,0
2020-02-21 12:00:00,9000241,-9000241,0
2020-02-21 20:00:00,9000241,-9000241,0
2020-02-22 04:00:00,9000241,-9000241,0
2020-02-22 12:00:00,9000241,-9000241,0
2020-02-22 20:00:00,9000241,-9000241,0
2020-02-23 04:00:00,9000241,-9000241,0
2020-02-23 12:00:00,9000241,-9000241,0
2020-02-23 20:00:00,9000241,-9000241,0
2020-02-24 04:00:00,7500241,-7500241,0
2020-02-24 12:00:00,3500241,-3500241,0
2020-02-24 20:00:00,6000241,-6000241,0
2020-02-25 04:00:00,6000241,-6000241,0
2020-02-25 12:00:00,241,-241,0
2020-02-25 20:00:00,241,-241,0
2020-02-26 04:00:00,241,-241,0
2020-02-26 12:00:00,3045130,-3045130,0
2020-02-26 20:00:00,6000374,-6000374,0
2020-02-27 04:00:00,6000374,-6000374,0
2020-02-27 12:00:00,7500874,-7500874,0
2020-02-27 20:00:00,12000874,-12000874,0
2020-02-28 04:00:00,10500874,-10500874,0
2020-02-28 12:00:00,7500874,-7500874,0
2020-02-28 20:00:00,874,-874,0
2020-02-29 04:00:00,3000874,-3000874,0
2020-02-29 12:00:00,3000874,-3000874,0
2020-02-29 20:00:00,4500874,-4500874,0
2020-03-01 04:00:00,4500874,-4500874,0
2020-03-01 12:00:00,3000874,-3000874,0
2020-03-01 20:00:00,3000874,-3000874,0
2020-03-02 04:00:00,6000874,-6000874,0
2020-03-02 12:00:00,4500874,-4500874,0
2020-03-02 20:00:00,4500874,-4500874,0
2020-03-03 04:00:00,4500874,-4500874,0
2020-03-03 12:00:00,4500874,-4500874,0
2020-03-03 20:00:00,4500874,-4500874,0
2020-03-04 04:00:00,4500874,-4500874,0
2020-03-04 12:00:00,6000874,-6000874,0
2020-03-04 20:00:00,4500874,-4500874,0
2020-03-05 04:00:00,6000874,-6000874,0
2020-03-05 12:00:00,874,-874,0
2020-03-05 20:00:00,6000874,-6000874,0
2020-03-06 04:00:00,6000874,-6000874,0
2020-03-06 12:00:00,6000874,-6000874,0
2020-03-06 20:00:00,3000874,-3000874,0
2020-03-07 04:00:00,3000874,-3000874,0
2020-03-07 12:00:00,3000874,-3000874,0
2020-03-07 20:00:00,3000874,-3000874,0
2020-03-08 04:00:00,3000874,-3000874,0
2020-03-08 12:00:00,3000874,-3000874,0
2020-03-08 20:00:00,4500874,-4500874,0
2020-03-09 04:00:00,874,-874,0
2020-03-09 12:00:00,874,-874,0
2020-03-09 20:00:00,126,126,0
2020-03-10 04:00:00,874,-874,0
2020-03-10 12:00:00,874,-874,0
2020-03-10 20:00:00,3000874,-3000874,0
2020-03-11 04:00:00,3000874,-3000874,0
2020-03-11 12:00:00,3000874,-3000874,0
2020-03-11 20:00:00,1500126,1500126,0
2020-03-12 04:00:00,126,126,0
2020-03-12 20:00:00,3000573,-3000573,0
2020-03-13 04:00:00,25741,25741,0
2020-03-13 12:00:00,4009670,-4009670,0
2020-03-13 20:00:00,3000477,-3000477,0
2020-03-14 04:00:00,3000477,-3000477,0
2020-03-14 12:00:00,3000477,-3000477,0
2020-03-14 20:00:00,3000477,-3000477,0
2020-03-15 04:00:00,3000477,-3000477,0
2020-03-15 12:00:00,3000477,-3000477,0
2020-03-15 20:00:00,3000477,-3000477,0
2020-03-16 04:00:00,3000933,-3000933,0
2020-03-16 12:00:00,625,-625,0
2020-03-16 20:00:00,395,-395,0
2020-03-17 04:00:00,2000395,-2000395,0
2020-03-17 12:00:00,2000727,-2000727,0
2020-03-17 20:00:00,2000727,-2000727,0
2020-03-18 04:00:00,2000727,-2000727,0
2020-03-18 12:00:00,3000727,-3000727,0
2020-03-18 20:00:00,3050758,-3050758,0
2020-03-19 04:00:00,1807529,-1807529,0
2020-03-19 12:00:00,1807529,-1807529,0
2020-03-19 20:00:00,3000529,-3000529,0
2020-03-20 04:00:00,6094634,-6094634,0
2020-03-20 12:00:00,3024393,-3024393,0
2020-03-20 20:00:00,2005607,2005607,0
2020-03-21 04:00:00,16462,-16462,0
2020-03-21 12:00:00,538,538,0
2020-03-21 20:00:00,9245,-9245,0
2020-03-22 04:00:00,6009245,-6009245,0
2020-03-22 12:00:00,6009245,-6009245,0
2020-03-22 20:00:00,9245,-9245,0
2020-03-23 04:00:00,2278785,2278785,0
2020-03-23 12:00:00,3000785,3000785,0
2020-03-23 20:00:00,4000235,-4000235,0
2020-03-24 04:00:00,2000235,-2000235,0
2020-03-24 12:00:00,4006016,-4006016,0
2020-03-24 20:00:00,4006016,-4006016,0
2020-03-25 04:00:00,3006016,-3006016,0
2020-03-25 12:00:00,4006016,-4006016,0
2020-03-25 20:00:00,4006016,-4006016,0
2020-03-26 04:00:00,5006016,-5006016,0
2020-03-26 12:00:00,5006016,-5006016,0
2020-03-26 20:00:00,6006016,-6006016,0
2020-03-27 04:00:00,3006016,-3006016,0
2020-03-27 12:00:00,6006315,-6006315,0
2020-03-27 20:00:00,5006315,-5006315,0
2020-03-28 04:00:00,4006315,-4006315,0
2020-03-28 12:00:00,7006315,-7006315,0
2020-03-28 20:00:00,7006315,-7006315,0
2020-03-29 04:00:00,6006315,-6006315,0
2020-03-29 12:00:00,6006315,-6006315,0
2020-03-29 20:00:00,4006315,-4006315,0
2020-03-30 04:00:00,315,-315,0
2020-03-30 12:00:00,315,-315,0
2020-03-30 20:00:00,685,685,0
2020-03-31 04:00:00,2000315,-2000315,0
2020-03-31 12:00:00,3000315,-3000315,0
2020-03-31 20:00:00,315,-315,0
2020-04-01 04:00:00,315,-315,0
2020-04-01 12:00:00,3000315,-3000315,0
2020-04-01 20:00:00,3000315,-3000315,0
2020-04-02 04:00:00,4000315,-4000315,0
2020-04-02 12:00:00,4000315,-4000315,0
2020-04-02 20:00:00,6000189,-6000189,0
2020-04-03 04:00:00,6000189,-6000189,0
2020-04-03 12:00:00,6000189,-6000189,0
2020-04-03 20:00:00,6000189,-6000189,0
2020-04-04 04:00:00,6000189,-6000189,0
2020-04-04 12:00:00,6000189,-6000189,0
2020-04-04 20:00:00,6000189,-6000189,0
2020-04-05 04:00:00,6000189,-6000189,0
2020-04-05 12:00:00,6000189,-6000189,0
2020-04-05 20:00:00,6000189,-6000189,0
2020-04-06 04:00:00,6000189,-6000189,0
2020-04-06 12:00:00,189,-189,0
2020-04-06 20:00:00,3000189,-3000189,0
2020-04-07 04:00:00,3000189,-3000189,0
2020-04-07 12:00:00,3000189,-3000189,0
2020-04-07 20:00:00,3000189,-3000189,0
2020-04-08 04:00:00,3520511,-3520511,0
2020-04-08 12:00:00,9000189,-9000189,0
2020-04-08 20:00:00,7000830,-7000830,0
2020-04-09 04:00:00,6000830,-6000830,0
2020-04-09 12:00:00,6000830,-6000830,0
2020-04-09 20:00:00,10000830,-10000830,0
2020-04-10 04:00:00,10000830,-10000830,0
2020-04-10 12:00:00,7000831,-7000831,0
2020-04-10 20:00:00,8361343,-8361343,0
2020-04-11 04:00:00,8218695,-8218695,0
2020-04-11 12:00:00,8218695,-8218695,0
2020-04-11 20:00:00,8218695,-8218695,0
2020-04-12 04:00:00,8218695,-8218695,0
2020-04-12 12:00:00,8218695,-8218695,0
2020-04-12 20:00:00,3000695,-3000695,0
2020-04-13 04:00:00,10000695,-10000695,0
2020-04-13 12:00:00,10000695,-10000695,0
2020-04-13 20:00:00,3000695,-3000695,0
2020-04-14 04:00:00,4229493,-4229493,0
2020-04-14 12:00:00,3000695,-3000695,0
2020-04-14 20:00:00,3000695,-3000695,0
2020-04-15 04:00:00,695,-695,0
2020-04-15 12:00:00,695,-695,0
2020-04-15 20:00:00,3000695,-3000695,0
2020-04-16 04:00:00,3000695,-3000695,0
2020-04-16 12:00:00,3000768,3000768,0
2020-04-16 20:00:00,768,768,0
2020-04-17 04:00:00,768,768,0
2020-04-17 12:00:00,768,768,0
2020-04-17 20:00:00,768,768,0
2020-04-18 04:00:00,768,768,0
2020-04-18 12:00:00,768,768,0
2020-04-18 20:00:00,768,768,0
2020-04-19 04:00:00,768,768,0
2020-04-19 12:00:00,768,768,0
2020-04-19 20:00:00,768,768,0
2020-04-20 04:00:00,768,768,0
2020-04-20 12:00:00,232,-232,0
2020-04-20 20:00:00,2790428,-2790428,0
2020-04-21 04:00:00,2790428,-2790428,0
2020-04-21 12:00:00,2790428,-2790428,0
2020-04-21 20:00:00,572,572,0
2020-04-22 04:00:00,572,572,0
2020-04-22 12:00:00,572,572,0
2020-04-22 20:00:00,428,-428,0
2020-04-23 04:00:00,428,-428,0
2020-04-23 12:00:00,428,-428,0
2020-04-23 20:00:00,428,-428,0
2020-04-24 04:00:00,428,-428,0
2020-04-24 12:00:00,428,-428,0
2020-04-24 20:00:00,428,-428,0
2020-04-25 04:00:00,428,-428,0
2020-04-25 12:00:00,428,-428,0
2020-04-25 20:00:00,428,-428,0
2020-04-26 04:00:00,572,572,0
2020-04-26 12:00:00,6000572,6000572,0
2020-04-26 20:00:00,1000174,1000174,0
2020-04-27 04:00:00,426,426,0
2020-04-27 12:00:00,6000425,6000425,0
2020-04-27 20:00:00,474,474,0
2020-04-28 04:00:00,474,474,0
2020-04-28 12:00:00,526,-526,0
2020-04-28 20:00:00,526,-526,0
2020-04-29 04:00:00,683,-683,0
2020-04-29 12:00:00,652,652,0
2020-04-29 20:00:00,4000348,-4000348,0
2020-04-30 04:00:00,6000348,-6000348,0
2020-04-30 12:00:00,3993755,-3993755,0
2020-04-30 20:00:00,5994080,-5994080,0
2020-05-01 04:00:00,8000588,8000588,0
2020-05-01 12:00:00,588,588,0
2020-05-01 20:00:00,6000644,6000644,0
2020-05-02 04:00:00,6000644,6000644,0
2020-05-02 12:00:00,6000644,6000644,0
2020-05-02 20:00:00,644,644,0
2020-05-03 04:00:00,644,644,0
2020-05-03 12:00:00,644,644,0
2020-05-03 20:00:00,644,644,0
2020-05-04 04:00:00,4002695,4002695,0
2020-05-04 12:00:00,6002751,6002751,0
2020-05-04 20:00:00,995018,995018,0
2020-05-05 04:00:00,995018,995018,0
2020-05-05 12:00:00,1534775,1534775,0
2020-05-05 20:00:00,1534775,1534775,0
2020-05-06 04:00:00,1534775,1534775,0
2020-05-06 12:00:00,775,775,0
2020-05-06 20:00:00,60571,-60571,0
2020-05-07 04:00:00,3045,-3045,0
2020-05-07 12:00:00,3045,-3045,0
2020-05-07 20:00:00,955,955,0
2020-05-08 04:00:00,955,955,0
2020-05-08 12:00:00,955,955,0
2020-05-08 20:00:00,955,955,0
2020-05-09 04:00:00,955,955,0
2020-05-09 12:00:00,2000045,-2000045,0
2020-05-09 20:00:00,2000721,-2000721,0
2020-05-10 04:00:00,85645,85645,0
2020-05-10 12:00:00,931,931,0
2020-05-10 20:00:00,931,931,0
2020-05-11 04:00:00,2000931,2000931,0
2020-05-11 12:00:00,4000931,4000931,0
2020-05-11 20:00:00,4629667,-4629667,0
2020-05-12 04:00:00,204422,204422,0
2020-05-12 12:00:00,501,501,0
2020-05-12 20:00:00,501,501,0
2020-05-13 04:00:00,501,501,0
2020-05-13 12:00:00,501,501,0
2020-05-13 20:00:00,501,501,0
2020-05-14 04:00:00,6000499,-6000499,0
2020-05-14 12:00:00,8000499,-8000499,0
2020-05-14 20:00:00,4000499,-4000499,0
2020-05-15 04:00:00,499,-499,0
2020-05-15 12:00:00,499,-499,0
2020-05-15 20:00:00,499,-499,0
2020-05-16 04:00:00,499,-499,0
2020-05-16 12:00:00,499,-499,0
2020-05-16 20:00:00,499,-499,0
2020-05-17 04:00:00,499,-499,0
2020-05-17 12:00:00,499,-499,0
2020-05-17 20:00:00,499,-499,0
2020-05-18 04:00:00,499,-499,0
2020-05-18 12:00:00,499,-499,0
2020-05-18 20:00:00,499,-499,0
2020-05-19 04:00:00,499,-499,0
2020-05-19 12:00:00,501,501,0
2020-05-19 20:00:00,499,-499,0
2020-05-20 04:00:00,499,-499,0
2020-05-20 12:00:00,499,-499,0
2020-05-20 20:00:00,8261082,-8261082,0
2020-05-21 04:00:00,8261082,-8261082,0
2020-05-21 12:00:00,5261082,-5261082,0
2020-05-21 20:00:00,3007589,-3007589,0
2020-05-22 04:00:00,3007589,-3007589,0
2020-05-22 12:00:00,6007589,-6007589,0
2020-05-22 20:00:00,7507589,-7507589,0
2020-05-23 04:00:00,7507589,-7507589,0
2020-05-23 12:00:00,7507589,-7507589,0
2020-05-23 20:00:00,7507589,-7507589,0
2020-05-24 04:00:00,9007589,-9007589,0
2020-05-24 12:00:00,9007589,-9007589,0
2020-05-24 20:00:00,6000085,-6000085,0
2020-05-25 04:00:00,4500085,-4500085,0
2020-05-25 12:00:00,6000085,-6000085,0
2020-05-25 20:00:00,4500085,-4500085,0
2020-05-26 04:00:00,4500085,-4500085,0
2020-05-26 12:00:00,6000085,-6000085,0
2020-05-26 20:00:00,4500085,-4500085,0
2020-05-27 04:00:00,4500085,-4500085,0
2020-05-27 12:00:00,85,-85,0
2020-05-27 20:00:00,85,-85,0
2020-05-28 04:00:00,85,-85,0
2020-05-28 12:00:00,4506852,-4506852,0
2020-05-28 20:00:00,4506852,-4506852,0
2020-05-29 04:00:00,48,-48,0
2020-05-29 12:00:00,48,-48,0
2020-05-29 20:00:00,48,-48,0
2020-05-30 04:00:00,48,-48,0
2020-05-30 12:00:00,48,-48,0
2020-05-30 20:00:00,48,-48,0
2020-05-31 04:00:00,48,-48,0
2020-05-31 12:00:00,48,-48,0
2020-05-31 20:00:00,48,-48,0
2020-06-01 04:00:00,48,-48,0
2020-06-01 12:00:00,48,-48,0
2020-06-01 20:00:00,48,-48,0
2020-06-02 04:00:00,3000052,3000052,0
2020-06-02 12:00:00,6000052,6000052,0
2020-06-02 20:00:00,6885092,-6885092,0
2020-06-03 04:00:00,9,-9,0
2020-06-03 12:00:00,9,-9,0
2020-06-03 20:00:00,9,-9,0
2020-06-04 04:00:00,9,-9,0
2020-06-04 12:00:00,9,-9,0
2020-06-04 20:00:00,9,-9,0
2020-06-05 04:00:00,9,-9,0
2020-06-05 12:00:00,4500009,-4500009,0
2020-06-05 20:00:00,4500009,-4500009,0
2020-06-06 04:00:00,4500009,-4500009,0
2020-06-06 12:00:00,9,-9,0
2020-06-06 20:00:00,4500009,-4500009,0
2020-06-07 04:00:00,4500009,-4500009,0
2020-06-07 12:00:00,10500009,-10500009,0
2020-06-07 20:00:00,10500009,-10500009,0
2020-06-08 04:00:00,4500009,-4500009,0
2020-06-08 12:00:00,4500009,-4500009,0
2020-06-08 20:00:00,4500009,-4500009,0
2020-06-09 04:00:00,4500009,-4500009,0
2020-06-09 12:00:00,4500009,-4500009,0
2020-06-09 20:00:00,4500009,-4500009,0
2020-06-10 04:00:00,4500009,-4500009,0
2020-06-10 12:00:00,4500009,-4500009,0
2020-06-10 20:00:00,4500009,-4500009,0
2020-06-11 04:00:00,9,-9,0
2020-06-11 12:00:00,4441351,-4441351,0
2020-06-11 20:00:00,4540180,-4540180,0
2020-06-12 04:00:00,9040180,-9040180,0
2020-06-12 12:00:00,11928091,-11928091,0
2020-06-12 20:00:00,4533711,-4533711,0
2020-06-13 04:00:00,7533711,-7533711,0
2020-06-13 12:00:00,10533711,-10533711,0
2020-06-13 20:00:00,10533711,-10533711,0
2020-06-14 04:00:00,10533711,-10533711,0
2020-06-14 12:00:00,10533711,-10533711,0
2020-06-14 20:00:00,10533711,-10533711,0
2020-06-15 04:00:00,6033711,-6033711,0
2020-06-15 12:00:00,740,-740,0
2020-06-15 20:00:00,3000260,3000260,0
2020-06-16 04:00:00,3000260,3000260,0
2020-06-16 12:00:00,213,213,0
2020-06-16 20:00:00,213,213,0
2020-06-17 04:00:00,213,213,0
2020-06-17 12:00:00,213,213,0
2020-06-17 20:00:00,3000213,3000213,0
2020-06-18 04:00:00,3000213,3000213,0
2020-06-18 12:00:00,3000213,3000213,0
2020-06-18 20:00:00,213,213,0
2020-06-19 04:00:00,6000213,6000213,0
2020-06-19 12:00:00,6000213,6000213,0
2020-06-19 20:00:00,6000213,6000213,0
2020-06-20 04:00:00,6000213,6000213,0
2020-06-20 12:00:00,6000213,6000213,0
2020-06-20 20:00:00,6000213,6000213,0
2020-06-21 04:00:00,6000213,6000213,0
2020-06-21 12:00:00,6000213,6000213,0
2020-06-21 20:00:00,213,213,0
2020-06-22 04:00:00,213,213,0
2020-06-22 12:00:00,213,213,0
2020-06-22 20:00:00,787,-787,0
2020-06-23 04:00:00,4500787,-4500787,0
2020-06-23 12:00:00,4500787,-4500787,0
2020-06-23 20:00:00,4500787,-4500787,0
2020-06-24 04:00:00,7500787,-7500787,0
2020-06-24 12:00:00,6726234,-6726234,0
2020-06-24 20:00:00,10500034,-10500034,0
2020-06-25 04:00:00,7500034,-7500034,0
2020-06-25 12:00:00,7500034,-7500034,0
2020-06-25 20:00:00,7500034,-7500034,0
2020-06-26 04:00:00,9434710,-9434710,0
2020-06-26 12:00:00,7500917,-7500917,0
2020-06-26 20:00:00,9000917,-9000917,0
2020-06-27 04:00:00,7500917,-7500917,0
2020-06-27 12:00:00,6000917,-6000917,0
2020-06-27 20:00:00,917,-917,0
2020-06-28 04:00:00,83,83,0
2020-06-28 12:00:00,83,83,0
2020-06-28 20:00:00,83,83,0
2020-06-29 04:00:00,83,83,0
2020-06-29 12:00:00,93553,93553,0
2020-06-29 20:00:00,203,203,0
2020-06-30 04:00:00,203,203,0
2020-06-30 12:00:00,203,203,0
2020-06-30 20:00:00,203,203,0
2020-07-01 04:00:00,4500797,-4500797,0
2020-07-01 12:00:00,4500797,-4500797,0
2020-07-01 20:00:00,223,-223,0
2020-07-02 04:00:00,9000223,-9000223,0
2020-07-02 12:00:00,9000223,-9000223,0
2020-07-02 20:00:00,10500277,-10500277,0
2020-07-03 04:00:00,9000277,-9000277,0
2020-07-03 12:00:00,9000277,-9000277,0
2020-07-03 20:00:00,9000277,-9000277,0
2020-07-04 04:00:00,12000277,-12000277,0
2020-07-04 12:00:00,12000277,-12000277,0
2020-07-04 20:00:00,12000277,-12000277,0
2020-07-05 04:00:00,12000277,-12000277,0
2020-07-05 12:00:00,12000277,-12000277,0
2020-07-05 20:00:00,20000277,-20000277,0
2020-07-06 04:00:00,10000277,-10000277,0
2020-07-06 12:00:00,574,574,0
2020-07-06 20:00:00,925661,925661,0
2020-07-07 04:00:00,3000574,3000574,0
2020-07-07 12:00:00,3000574,3000574,0
2020-07-07 20:00:00,3000574,3000574,0
2020-07-08 04:00:00,3000574,3000574,0
2020-07-08 12:00:00,3000574,3000574,0
2020-07-08 20:00:00,3000574,3000574,0
2020-07-09 04:00:00,574,574,0
2020-07-09 12:00:00,3000574,3000574,0
2020-07-09 20:00:00,6000574,6000574,0
2020-07-10 04:00:00,574,574,0
2020-07-10 12:00:00,574,574,0
2020-07-10 20:00:00,574,574,0
2020-07-11 04:00:00,574,574,0
2020-07-11 12:00:00,574,574,0
2020-07-11 20:00:00,574,574,0
2020-07-12 04:00:00,574,574,0
2020-07-12 12:00:00,574,574,0
2020-07-12 20:00:00,574,574,0
2020-07-13 04:00:00,574,574,0
2020-07-13 12:00:00,574,574,0
2020-07-13 20:00:00,574,574,0
2020-07-14 04:00:00,574,574,0
2020-07-14 12:00:00,426,-426,0
2020-07-14 20:00:00,426,-426,0
2020-07-15 04:00:00,426,-426,0
2020-07-15 12:00:00,426,-426,0
2020-07-15 20:00:00,426,-426,0
2020-07-16 04:00:00,426,-426,0
2020-07-16 12:00:00,426,-426,0
2020-07-16 20:00:00,426,-426,0
2020-07-17 04:00:00,426,-426,0
2020-07-17 12:00:00,426,-426,0
2020-07-17 20:00:00,426,-426,0
2020-07-18 04:00:00,426,-426,0
2020-07-18 12:00:00,426,-426,0
2020-07-18 20:00:00,426,-426,0
2020-07-19 04:00:00,426,-426,0
2020-07-19 12:00:00,426,-426,0
2020-07-19 20:00:00,426,-426,0
2020-07-20 04:00:00,426,-426,0
2020-07-20 12:00:00,426,-426,0
2020-07-20 20:00:00,426,-426,0
2020-07-21 04:00:00,426,-426,0
2020-07-21 12:00:00,3000451,3000451,0
2020-07-21 20:00:00,3000451,3000451,0
2020-07-22 04:00:00,3000451,3000451,0
2020-07-22 12:00:00,451,451,0
2020-07-22 20:00:00,451,451,0
2020-07-23 04:00:00,451,451,0
2020-07-23 12:00:00,451,451,0
2020-07-23 20:00:00,451,451,0
2020-07-24 04:00:00,451,451,0
2020-07-24 12:00:00,3000451,3000451,0
2020-07-24 20:00:00,3000451,3000451,0
2020-07-25 04:00:00,3000451,3000451,0
2020-07-25 12:00:00,451,451,0
2020-07-25 20:00:00,451,451,0
2020-07-26 04:00:00,451,451,0
2020-07-26 12:00:00,451,451,0
2020-07-26 20:00:00,451,451,0
2020-07-27 04:00:00,451,451,0
2020-07-27 12:00:00,451,451,0
2020-07-27 20:00:00,7500549,-7500549,0
2020-07-28 04:00:00,4500549,-4500549,0
2020-07-28 12:00:00,19500854,-19500854,0
2020-07-28 20:00:00,9020004,-9020004,0
2020-07-29 04:00:00,6020004,-6020004,0
2020-07-29 12:00:00,9020004,-9020004,0
2020-07-29 20:00:00,12020004,-12020004,0
2020-07-30 04:00:00,12000529,-12000529,0
2020-07-30 12:00:00,529,-529,0
2020-07-30 20:00:00,529,-529,0
2020-07-31 04:00:00,9000471,9000471,0
2020-07-31 12:00:00,9000471,9000471,0
2020-07-31 20:00:00,2934890,2934890,0
2020-08-01 04:00:00,2934890,2934890,0
2020-08-01 12:00:00,110,-110,0
2020-08-01 20:00:00,2380474,-2380474,0
2020-08-02 04:00:00,474,-474,0
2020-08-02 12:00:00,352,-352,0
2020-08-02 20:00:00,788,-788,0
2020-08-03 04:00:00,788,-788,0
2020-08-03 12:00:00,788,-788,0
2020-08-03 20:00:00,5715,5715,0
2020-08-04 04:00:00,9000715,9000715,0
2020-08-04 12:00:00,9000715,9000715,0
2020-08-04 20:00:00,12000715,12000715,0
2020-08-05 04:00:00,12000715,12000715,0
2020-08-05 12:00:00,6000715,6000715,0
2020-08-05 20:00:00,6000285,-6000285,0
2020-08-06 04:00:00,6000285,-6000285,0
2020-08-06 12:00:00,3000285,-3000285,0
2020-08-06 20:00:00,15000285,-15000285,0
2020-08-07 04:00:00,12000285,-12000285,0
2020-08-07 12:00:00,13425007,-13425007,0
2020-08-07 20:00:00,715,715,0
2020-08-08 04:00:00,715,715,0
2020-08-08 12:00:00,715,715,0
2020-08-08 20:00:00,12000715,12000715,0
2020-08-09 04:00:00,12000715,12000715,0
2020-08-09 12:00:00,12000715,12000715,0
2020-08-09 20:00:00,12000715,12000715,0
2020-08-10 04:00:00,12000715,12000715,0
2020-08-10 12:00:00,12000715,12000715,0
2020-08-10 20:00:00,12000715,12000715,0
2020-08-11 04:00:00,12000715,12000715,0
2020-08-11 12:00:00,12000715,12000715,0
2020-08-11 20:00:00,285,-285,0
2020-08-12 04:00:00,6000016,6000016,0
2020-08-12 12:00:00,13500639,-13500639,0
2020-08-12 20:00:00,17881585,-17881585,0
2020-08-13 04:00:00,20656901,-20656901,0
2020-08-13 12:00:00,901,-901,0
2020-08-13 20:00:00,901,-901,0
2020-08-14 04:00:00,901,-901,0
2020-08-14 12:00:00,901,-901,0
2020-08-14 20:00:00,901,-901,0
2020-08-15 04:00:00,901,-901,0
2020-08-15 12:00:00,901,-901,0
2020-08-15 20:00:00,901,-901,0
2020-08-16 04:00:00,901,-901,0
2020-08-16 12:00:00,901,-901,0
2020-08-16 20:00:00,901,-901,0
2020-08-17 04:00:00,901,-901,0
2020-08-17 12:00:00,901,-901,0
2020-08-17 20:00:00,901,-901,0
2020-08-18 04:00:00,7500099,7500099,0
2020-08-18 12:00:00,4140846,4140846,0
2020-08-18 20:00:00,9001230,-9001230,0
2020-08-19 04:00:00,7501230,-7501230,0
2020-08-19 12:00:00,6000174,-6000174,0
2020-08-19 20:00:00,174,-174,0
2020-08-20 04:00:00,6000457,6000457,0
2020-08-20 12:00:00,9038001,9038001,0
2020-08-20 20:00:00,9038001,9038001,0
2020-08-21 04:00:00,4538001,4538001,0
2020-08-21 12:00:00,7500147,7500147,0
2020-08-21 20:00:00,10500147,10500147,0
2020-08-22 04:00:00,10500147,10500147,0
2020-08-22 12:00:00,10500147,10500147,0
2020-08-22 20:00:00,4500147,4500147,0
2020-08-23 04:00:00,4500147,4500147,0
2020-08-23 12:00:00,8382858,8382858,0
2020-08-23 20:00:00,10502858,10502858,0
2020-08-24 04:00:00,10502858,10502858,0
2020-08-24 12:00:00,6002858,6002858,0
2020-08-24 20:00:00,858,858,0
2020-08-25 04:00:00,858,858,0
2020-08-25 12:00:00,7500142,-7500142,0
2020-08-25 20:00:00,341,-341,0
2020-08-26 04:00:00,13699223,-13699223,0
2020-08-26 12:00:00,22521210,-22521210,0
2020-08-26 20:00:00,7500549,-7500549,0
2020-08-27 04:00:00,7500549,-7500549,0
2020-08-27 12:00:00,7500549,-7500549,0
2020-08-27 20:00:00,2999877,-2999877,0
2020-08-28 04:00:00,877,-877,0
2020-08-28 12:00:00,877,-877,0
2020-08-28 20:00:00,877,-877,0
2020-08-29 04:00:00,877,-877,0
2020-08-29 12:00:00,877,-877,0
2020-08-29 20:00:00,837418,837418,0
2020-08-30 04:00:00,418,418,0
2020-08-30 12:00:00,3000582,-3000582,0
2020-08-30 20:00:00,9000582,-9000582,0
2020-08-31 04:00:00,9000582,-9000582,0
2020-08-31 12:00:00,18000582,-18000582,0
2020-08-31 20:00:00,21000582,-21000582,0
2020-09-01 04:00:00,21000582,-21000582,0
2020-09-01 12:00:00,24000582,-24000582,0
2020-09-01 20:00:00,24000268,-24000268,0
2020-09-02 04:00:00,24000268,-24000268,0
2020-09-02 12:00:00,15000268,-15000268,0
2020-09-02 20:00:00,12000268,-12000268,0
2020-09-03 04:00:00,18000268,-18000268,0
2020-09-03 12:00:00,15000279,-15000279,0
2020-09-03 20:00:00,6000863,6000863,0
2020-09-04 04:00:00,6000863,6000863,0
2020-09-04 12:00:00,7724787,-7724787,0
2020-09-04 20:00:00,2687516,2687516,0
2020-09-05 04:00:00,21915259,-21915259,0
2020-09-05 12:00:00,12035005,-12035005,0
2020-09-05 20:00:00,876,-876,0
2020-09-06 04:00:00,9000876,-9000876,0
2020-09-06 12:00:00,12000876,-12000876,0
2020-09-06 20:00:00,12000876,-12000876,0
2020-09-07 04:00:00,21000876,-21000876,0
2020-09-07 12:00:00,21000876,-21000876,0
2020-09-07 20:00:00,405,-405,0
2020-09-08 04:00:00,405,-405,0
2020-09-08 12:00:00,30000820,-30000820,0
2020-09-08 20:00:00,30000820,-30000820,0
2020-09-09 04:00:00,9000820,-9000820,0
2020-09-09 12:00:00,9000820,-9000820,0
2020-09-09 20:00:00,9000820,-9000820,0
2020-09-10 04:00:00,9000820,-9000820,0
2020-09-10 12:00:00,820,-820,0
2020-09-10 20:00:00,820,-820,0
2020-09-11 04:00:00,820,-820,0
2020-09-11 12:00:00,820,-820,0
2020-09-11 20:00:00,820,-820,0
2020-09-12 04:00:00,820,-820,0
2020-09-12 12:00:00,820,-820,0
2020-09-12 20:00:00,820,-820,0
2020-09-13 04:00:00,820,-820,0
2020-09-13 12:00:00,8656365,-8656365,0
2020-09-13 20:00:00,9000065,-9000065,0
2020-09-14 04:00:00,18000065,-18000065,0
2020-09-14 12:00:00,24000065,-24000065,0
2020-09-14 20:00:00,24000065,-24000065,0
2020-09-15 04:00:00,24000065,-24000065,0
2020-09-15 12:00:00,24000065,-24000065,0
2020-09-15 20:00:00,24000065,-24000065,0
2020-09-16 04:00:00,24000065,-24000065,0
2020-09-16 12:00:00,24000065,-24000065,0
2020-09-16 20:00:00,12000065,-12000065,0
2020-09-17 04:00:00,12000065,-12000065,0
2020-09-17 12:00:00,12000065,-12000065,0
2020-09-17 20:00:00,6000065,-6000065,0
2020-09-18 04:00:00,6000065,-6000065,0
2020-09-18 12:00:00,9000065,-9000065,0
2020-09-18 20:00:00,9000065,-9000065,0
2020-09-19 04:00:00,9000065,-9000065,0
2020-09-19 12:00:00,9000065,-9000065,0
2020-09-19 20:00:00,9000065,-9000065,0
2020-09-20 04:00:00,9000065,-9000065,0
2020-09-20 12:00:00,12000065,-12000065,0
2020-09-20 20:00:00,12000065,-12000065,0
2020-09-21 04:00:00,12000065,-12000065,0
2020-09-21 12:00:00,15000065,-15000065,0
2020-09-21 20:00:00,9000065,-9000065,0
2020-09-22 04:00:00,15000065,-15000065,0
2020-09-22 12:00:00,15000065,-15000065,0
2020-09-22 20:00:00,15000065,-15000065,0
2020-09-23 04:00:00,9000995,-9000995,0
2020-09-23 12:00:00,15000995,-15000995,0
2020-09-23 20:00:00,5,5,0
2020-09-24 04:00:00,9000995,-9000995,0
2020-09-24 12:00:00,9000995,-9000995,0
2020-09-24 20:00:00,3280155,3280155,0
2020-09-25 04:00:00,845,-845,0
2020-09-25 12:00:00,3062146,3062146,0
2020-09-25 20:00:00,9001177,-9001177,0
2020-09-26 04:00:00,9001177,-9001177,0
2020-09-26 12:00:00,9001177,-9001177,0
2020-09-26 20:00:00,9001177,-9001177,0
2020-09-27 04:00:00,9001177,-9001177,0
2020-09-27 12:00:00,9001177,-9001177,0
2020-09-27 20:00:00,9001177,-9001177,0
2020-09-28 04:00:00,9001177,-9001177,0
2020-09-28 12:00:00,9001177,-9001177,0
2020-09-28 20:00:00,9001177,-9001177,0
2020-09-29 04:00:00,9001177,-9001177,0
2020-09-29 12:00:00,9001177,-9001177,0
2020-09-29 20:00:00,9001177,-9001177,0
2020-09-30 04:00:00,9001177,-9001177,0
2020-09-30 12:00:00,9001177,-9001177,0
2020-09-30 20:00:00,9001177,-9001177,0
2020-10-01 04:00:00,9001177,-9001177,0
2020-10-01 12:00:00,9001177,-9001177,0
2020-10-01 20:00:00,429,-429,0
2020-10-02 04:00:00,429,-429,0
2020-10-02 12:00:00,429,-429,0
2020-10-02 20:00:00,429,-429,0
2020-10-03 04:00:00,429,-429,0
2020-10-03 12:00:00,429,-429,0
2020-10-03 20:00:00,429,-429,0
2020-10-04 04:00:00,429,-429,0
2020-10-04 12:00:00,429,-429,0
2020-10-04 20:00:00,429,-429,0
2020-10-05 04:00:00,429,-429,0
2020-10-05 12:00:00,429,-429,0
2020-10-05 20:00:00,9000429,-9000429,0
2020-10-06 04:00:00,9000429,-9000429,0
2020-10-06 12:00:00,9000429,-9000429,0
2020-10-06 20:00:00,6000429,-6000429,0
2020-10-07 04:00:00,6000429,-6000429,0
2020-10-07 12:00:00,9000429,-9000429,0
2020-10-07 20:00:00,9000429,-9000429,0
2020-10-08 04:00:00,9000429,-9000429,0
2020-10-08 12:00:00,429,-429,0
2020-10-08 20:00:00,571,571,0
2020-10-09 04:00:00,571,571,0
2020-10-09 12:00:00,571,571,0
2020-10-09 20:00:00,571,571,0
2020-10-10 04:00:00,571,571,0
2020-10-10 12:00:00,571,571,0
2020-10-10 20:00:00,571,571,0
2020-10-11 04:00:00,571,571,0
2020-10-11 12:00:00,571,571,0
2020-10-11 20:00:00,571,571,0
2020-10-12 04:00:00,571,571,0
2020-10-12 12:00:00,20081,-20081,0
2020-10-12 20:00:00,6591257,6591257,0
2020-10-13 04:00:00,6591257,6591257,0
2020-10-13 12:00:00,8994922,8994922,0
2020-10-13 20:00:00,6000257,6000257,0
2020-10-14 04:00:00,6000257,6000257,0
2020-10-14 12:00:00,6000257,6000257,0
2020-10-14 20:00:00,12000257,12000257,0
2020-10-15 04:00:00,12000257,12000257,0
2020-10-15 12:00:00,743,-743,0
2020-10-15 20:00:00,12000757,12000757,0
2020-10-16 04:00:00,12000757,12000757,0
2020-10-16 12:00:00,15000308,-15000308,0
2020-10-16 20:00:00,15000308,-15000308,0
2020-10-17 04:00:00,15000308,-15000308,0
2020-10-17 12:00:00,15000308,-15000308,0
2020-10-17 20:00:00,15000308,-15000308,0
2020-10-18 04:00:00,15000308,-15000308,0
2020-10-18 12:00:00,15000308,-15000308,0
2020-10-18 20:00:00,15000308,-15000308,0
2020-10-19 04:00:00,15000308,-15000308,0
2020-10-19 12:00:00,15000308,-15000308,0
2020-10-19 20:00:00,26697477,-26697477,0
2020-10-20 04:00:00,30000915,-30000915,0
2020-10-20 12:00:00,30000915,-30000915,0
2020-10-20 20:00:00,23265378,-23265378,0
2020-10-21 04:00:00,7087158,7087158,0
2020-10-21 12:00:00,8352601,8352601,0
2020-10-21 20:00:00,9575385,-9575385,0
2020-10-22 04:00:00,15000858,-15000858,0
2020-10-22 12:00:00,10000858,-10000858,0
2020-10-22 20:00:00,8812187,-8812187,0
2020-10-23 04:00:00,10000297,10000297,0
2020-10-23 12:00:00,10000297,10000297,0
2020-10-23 20:00:00,10000297,10000297,0
2020-10-24 04:00:00,10000297,10000297,0
2020-10-24 12:00:00,10000297,10000297,0
2020-10-24 20:00:00,10000297,10000297,0
2020-10-25 04:00:00,10000297,10000297,0
2020-10-25 12:00:00,10000297,10000297,0
2020-10-25 20:00:00,10000297,10000297,0
2020-10-26 04:00:00,10000297,10000297,0
2020-10-26 12:00:00,10000297,10000297,0
2020-10-26 20:00:00,10000297,10000297,0
2020-10-27 04:00:00,10000297,10000297,0
2020-10-27 12:00:00,13246499,13246499,0
2020-10-27 20:00:00,898,-898,0
2020-10-28 04:00:00,10000898,-10000898,0
2020-10-28 12:00:00,10000898,-10000898,0
2020-10-28 20:00:00,10001602,-10001602,0
2020-10-29 04:00:00,20001602,-20001602,0
2020-10-29 12:00:00,587,587,0
2020-10-29 20:00:00,20000554,-20000554,0
2020-10-30 04:00:00,9854320,9854320,0
2020-10-30 12:00:00,10000184,10000184,0
2020-10-30 20:00:00,10000184,10000184,0
2020-10-31 04:00:00,2197325,-2197325,0
2020-10-31 12:00:00,9999336,-9999336,0
2020-10-31 20:00:00,9999336,-9999336,0
2020-11-01 04:00:00,9999336,-9999336,0
2020-11-01 12:00:00,9999336,-9999336,0
2020-11-01 20:00:00,9999336,-9999336,0
2020-11-02 04:00:00,30000336,-30000336,0
2020-11-02 12:00:00,20000336,-20000336,0
2020-11-02 20:00:00,15000336,-15000336,0
2020-11-03 04:00:00,1854517,1854517,0
2020-11-03 12:00:00,10000674,-10000674,0
2020-11-03 20:00:00,10000674,-10000674,0
2020-11-04 12:00:00,5000386,5000386,0
2020-11-04 20:00:00,7359577,7359577,0
2020-11-05 04:00:00,2209311,2209311,0
2020-11-05 12:00:00,10014548,-10014548,0
2020-11-05 20:00:00,5000453,-5000453,0
2020-11-06 04:00:00,20000453,-20000453,0
2020-11-06 12:00:00,10000453,-10000453,0
2020-11-06 20:00:00,10000453,-10000453,0
2020-11-07 04:00:00,982,982,0
2020-11-07 12:00:00,5000982,5000982,0
2020-11-08 04:00:00,7500535,-7500535,0
2020-11-08 12:00:00,25290050,-25290050,0
2020-11-08 20:00:00,15437005,-15437005,0
2020-11-09 04:00:00,23901005,-23901005,0
2020-11-09 20:00:00,11940739,-11940739,0
2020-11-10 04:00:00,11429638,11429638,0
2020-11-10 12:00:00,11429638,11429638,0
2020-11-15 20:00:00,10000000,-10000000,0
2020-11-16 04:00:00,10000000,-10000000,0
2020-11-16 12:00:00,10000000,-10000000,0
2020-11-16 20:00:00,10000000,-10000000,0
2020-11-17 04:00:00,10000000,-10000000,0
2020-11-17 12:00:00,10000000,-10000000,0
2020-11-17 20:00:00,10000000,-10000000,0
2020-11-18 04:00:00,10000000,-10000000,0
2020-11-18 12:00:00,10001642,-10001642,0
2020-11-18 20:00:00,10001642,-10001642,0
2020-11-19 04:00:00,10001642,-10001642,0
2020-11-19 12:00:00,10001642,-10001642,0
2020-11-20 20:00:00,5000597,5000597,0
2020-11-21 04:00:00,10000597,10000597,0
2020-11-21 12:00:00,10000597,10000597,0
2020-11-21 20:00:00,6172137,6172137,0
2020-11-23 04:00:00,5000538,5000538,0
2020-11-23 12:00:00,5000538,5000538,0
2020-11-23 20:00:00,5000538,5000538,0
2020-11-24 04:00:00,5000538,5000538,0
2020-11-24 12:00:00,15000538,15000538,0
2020-11-24 20:00:00,5000538,5000538,0
2020-11-25 04:00:00,5000538,5000538,0
2020-11-25 12:00:00,462,-462,0
2020-11-25 20:00:00,5000538,5000538,0
2020-11-26 04:00:00,427,427,0
2020-11-26 12:00:00,346,346,0
2020-11-26 20:00:00,15004358,15004358,0
2020-11-27 04:00:00,15157194,-15157194,0
2020-11-27 12:00:00,807770,807770,0
2020-11-27 20:00:00,10000770,10000770,0
2020-11-28 04:00:00,5000770,5000770,0
2020-11-28 12:00:00,5002294,5002294,0
2020-11-28 20:00:00,2294,2294,0
2020-11-29 04:00:00,5002294,5002294,0
2020-11-29 12:00:00,5002294,5002294,0
2020-11-29 20:00:00,5002294,5002294,0
2020-11-30 04:00:00,20000927,-20000927,0
2020-11-30 12:00:00,20000324,-20000324,0
2020-11-30 20:00:00,956,-956,0
2020-12-01 04:00:00,29220644,-29220644,0
2020-12-01 12:00:00,19220644,-19220644,0
2020-12-01 20:00:00,19220644,-19220644,0
2020-12-02 04:00:00,1841,1841,0
2020-12-02 12:00:00,1841,1841,0
2020-12-02 20:00:00,1841,1841,0
2020-12-03 04:00:00,1841,1841,0
2020-12-03 12:00:00,1841,1841,0
2020-12-03 20:00:00,1841,1841,0
2020-12-04 04:00:00,1841,1841,0
2020-12-04 12:00:00,1841,1841,0
2020-12-04 20:00:00,3939899,-3939899,0
2020-12-05 04:00:00,5243761,-5243761,0
2020-12-05 12:00:00,20000899,-20000899,0
2020-12-05 20:00:00,20000899,-20000899,0
2020-12-06 04:00:00,20000899,-20000899,0
2020-12-06 12:00:00,15000899,-15000899,0
2020-12-06 20:00:00,9940040,-9940040,0
2020-12-07 04:00:00,59960,59960,0
2020-12-07 12:00:00,59960,59960,0
2020-12-07 20:00:00,59960,59960,0
2020-12-08 04:00:00,59960,59960,0
2020-12-08 12:00:00,59960,59960,0
2020-12-08 20:00:00,59960,59960,0
2020-12-09 04:00:00,59960,59960,0
2020-12-09 12:00:00,15943133,-15943133,0
2020-12-09 20:00:00,13378548,-13378548,0
2020-12-10 04:00:00,13378548,-13378548,0
2020-12-10 12:00:00,10005772,10005772,0
2020-12-10 20:00:00,16181410,16181410,0
2020-12-11 04:00:00,10000410,10000410,0
2020-12-11 12:00:00,10000410,10000410,0
2020-12-11 20:00:00,20000410,20000410,0
2020-12-12 04:00:00,20000410,20000410,0
2020-12-12 12:00:00,20000410,20000410,0
2020-12-12 20:00:00,20000410,20000410,0
2020-12-13 04:00:00,14952954,14952954,0
2020-12-13 12:00:00,4855285,-4855285,0
2020-12-13 20:00:00,4999590,-4999590,0
2020-12-14 04:00:00,410,410,0
2020-12-14 12:00:00,410,410,0
2020-12-14 20:00:00,410,410,0
2020-12-15 04:00:00,410,410,0
2020-12-15 12:00:00,410,410,0
2020-12-15 20:00:00,410,410,0
2020-12-16 04:00:00,410,410,0
2020-12-16 12:00:00,410,410,0
2020-12-16 20:00:00,15000590,-15000590,0
2020-12-17 04:00:00,5000410,5000410,0
2020-12-17 12:00:00,155882,-155882,0
2020-12-17 20:00:00,14944269,-14944269,0
2020-12-18 04:00:00,20047947,-20047947,0
2020-12-18 12:00:00,25047947,-25047947,0
2020-12-18 20:00:00,25047947,-25047947,0
2020-12-19 04:00:00,25047947,-25047947,0
2020-12-19 12:00:00,20047947,-20047947,0
2020-12-19 20:00:00,20047947,-20047947,0
2020-12-20 04:00:00,20047947,-20047947,0
2020-12-20 12:00:00,20047947,-20047947,0
2020-12-20 20:00:00,20047947,-20047947,0
2020-12-21 04:00:00,40000069,-40000069,0
2020-12-21 12:00:00,30000892,-30000892,0
2020-12-21 20:00:00,10000682,10000682,0
2020-12-22 04:00:00,10000682,10000682,0
2020-12-22 12:00:00,10000682,10000682,0
2020-12-22 20:00:00,10000682,10000682,0
2020-12-23 04:00:00,682,682,0
2020-12-23 12:00:00,65480,65480,0
2020-12-23 20:00:00,65480,65480,0
2020-12-24 04:00:00,10034520,-10034520,0
2020-12-24 12:00:00,10034520,-10034520,0
2020-12-24 20:00:00,10034520,-10034520,0
2020-12-25 04:00:00,10034520,-10034520,0
2020-12-25 12:00:00,15048307,-15048307,0
2020-12-25 20:00:00,27946004,-27946004,0
2020-12-26 04:00:00,27946004,-27946004,0
2020-12-26 12:00:00,27946004,-27946004,0
2020-12-26 20:00:00,27946004,-27946004,0
2020-12-27 04:00:00,27946004,-27946004,0
2020-12-27 12:00:00,27946004,-27946004,0
2020-12-27 20:00:00,11235545,-11235545,0
2020-12-28 04:00:00,178160,178160,0
2020-12-28 12:00:00,178160,178160,0
2020-12-28 20:00:00,178160,178160,0
2020-12-29 04:00:00,10001840,-10001840,0
2020-12-29 12:00:00,10001840,-10001840,0
2020-12-29 20:00:00,1840,-1840,0
2020-12-30 04:00:00,1840,-1840,0
2020-12-30 12:00:00,1840,-1840,0
2020-12-30 20:00:00,1840,-1840,0
2020-12-31 04:00:00,15703983,-15703983,0
2020-12-31 12:00:00,597,-597,0
2020-12-31 20:00:00,20000597,-20000597,0
2021-01-01 04:00:00,20000597,-20000597,0
2021-01-01 12:00:00,20000597,-20000597,0
2021-01-01 20:00:00,20000597,-20000597,0
2021-01-02 04:00:00,20000597,-20000597,0
2021-01-03 04:00:00,20000593,-20000593,0
2021-01-03 12:00:00,20000593,-20000593,0
2021-01-03 20:00:00,99241,99241,0
2021-01-04 04:00:00,14900759,-14900759,0
2021-01-04 12:00:00,241,241,0
2021-01-04 20:00:00,241,241,0
2021-01-05 04:00:00,15001262,-15001262,0
2021-01-05 12:00:00,526,-526,0
2021-01-05 20:00:00,526,-526,0
2021-01-06 04:00:00,474,474,0
2021-01-06 12:00:00,19757076,-19757076,0
2021-01-06 20:00:00,19757076,-19757076,0
2021-01-07 04:00:00,19757076,-19757076,0
2021-01-07 12:00:00,19757076,-19757076,0
2021-01-07 20:00:00,9757076,-9757076,0
2021-01-08 04:00:00,25007076,-25007076,0
2021-01-08 12:00:00,25007076,-25007076,0
2021-01-08 20:00:00,25007076,-25007076,0
2021-01-09 04:00:00,25007076,-25007076,0
2021-01-09 12:00:00,25007076,-25007076,0
2021-01-09 20:00:00,25007076,-25007076,0
2021-01-10 04:00:00,25007076,-25007076,0
2021-01-10 12:00:00,25007076,-25007076,0
2021-01-10 20:00:00,15007076,-15007076,0
2021-01-11 04:00:00,7184647,-7184647,0
2021-01-11 12:00:00,10000198,10000198,0
2021-01-11 20:00:00,15000198,15000198,0
2021-01-12 04:00:00,35000313,-35000313,0
2021-01-12 12:00:00,14647396,-14647396,0
2021-01-12 20:00:00,20034513,-20034513,0
2021-01-13 04:00:00,513,-513,0
2021-01-13 12:00:00,10000487,10000487,0
2021-01-13 20:00:00,10000487,10000487,0
2021-01-14 04:00:00,25000513,-25000513,0
2021-01-14 12:00:00,30000513,-30000513,0
2021-01-14 20:00:00,45000513,-45000513,0
2021-01-15 04:00:00,55031517,-55031517,0
2021-01-15 12:00:00,40000548,-40000548,0
2021-01-15 20:00:00,25373459,-25373459,0
2021-01-16 04:00:00,13966893,13966893,0
2021-01-16 12:00:00,13966893,13966893,0
2021-01-16 20:00:00,13966893,13966893,0
2021-01-17 04:00:00,13966893,13966893,0
2021-01-17 12:00:00,14041690,14041690,0
2021-01-17 20:00:00,9041690,9041690,0
2021-01-18 04:00:00,15041690,15041690,0
2021-01-18 12:00:00,15041690,15041690,0
2021-01-18 20:00:00,5041690,5041690,0
2021-01-19 04:00:00,5041690,5041690,0
2021-01-19 12:00:00,5041690,5041690,0
2021-01-19 20:00:00,41690,41690,0
2021-01-20 04:00:00,14958310,-14958310,0
2021-01-20 12:00:00,14958310,-14958310,0
2021-01-20 20:00:00,14958310,-14958310,0
2021-01-21 04:00:00,9958310,-9958310,0
2021-01-21 12:00:00,30387517,-30387517,0
2021-01-21 20:00:00,35387517,-35387517,0
2021-01-22 04:00:00,35002547,-35002547,0
2021-01-22 12:00:00,40002547,-40002547,0
2021-01-22 20:00:00,45002547,-45002547,0
2021-01-23 04:00:00,817208,817208,0
2021-01-23 12:00:00,817208,817208,0
2021-01-23 20:00:00,817208,817208,0
2021-01-24 04:00:00,817208,817208,0
2021-01-24 12:00:00,7000469,7000469,0
2021-01-24 20:00:00,7000469,7000469,0
2021-01-25 04:00:00,10000469,10000469,0
2021-01-25 12:00:00,20000469,20000469,0
2021-01-25 20:00:00,97,97,0
2021-01-26 04:00:00,97,97,0
2021-01-26 12:00:00,97,97,0
2021-01-26 20:00:00,16026303,-16026303,0
2021-01-27 04:00:00,30070082,-30070082,0
2021-01-27 12:00:00,17988430,-17988430,0
2021-01-27 20:00:00,430,-430,0
2021-01-28 04:00:00,430,-430,0
2021-01-28 12:00:00,5197691,-5197691,0
2021-01-28 20:00:00,20878453,-20878453,0
2021-01-29 04:00:00,3107645,-3107645,0
2021-01-29 12:00:00,10000823,10000823,0
2021-01-29 20:00:00,20018850,20018850,0
2021-01-30 04:00:00,1150,-1150,0
2021-01-30 12:00:00,1150,-1150,0
2021-01-30 20:00:00,20001150,-20001150,0
2021-01-31 04:00:00,20001150,-20001150,0
2021-01-31 12:00:00,20001150,-20001150,0
2021-01-31 20:00:00,10001150,-10001150,0
2021-02-01 04:00:00,10001150,-10001150,0
2021-02-01 12:00:00,28403041,-28403041,0
2021-02-01 20:00:00,30001150,-30001150,0
2021-02-02 04:00:00,30001150,-30001150,0
2021-02-02 12:00:00,45001150,-45001150,0
2021-02-02 20:00:00,50001150,-50001150,0
2021-02-03 04:00:00,50001150,-50001150,0
2021-02-03 12:00:00,50001150,-50001150,0
2021-02-03 20:00:00,50001150,-50001150,0
2021-02-04 04:00:00,39760755,-39760755,0
2021-02-04 12:00:00,45001150,-45001150,0
2021-02-04 20:00:00,30003148,-30003148,0
2021-02-05 04:00:00,30003148,-30003148,0
2021-02-05 12:00:00,30003148,-30003148,0
2021-02-05 20:00:00,40003148,-40003148,0
2021-02-06 04:00:00,45003148,-45003148,0
2021-02-06 12:00:00,50003148,-50003148,0
2021-02-06 20:00:00,50003148,-50003148,0
2021-02-07 04:00:00,35003148,-35003148,0
2021-02-07 12:00:00,24806749,-24806749,0
2021-02-07 20:00:00,3148,-3148,0
2021-02-08 04:00:00,5003148,-5003148,0
2021-02-08 12:00:00,30003148,-30003148,0
2021-02-08 20:00:00,40463541,-40463541,0
2021-02-09 04:00:00,25463541,-25463541,0
2021-02-09 12:00:00,40317201,-40317201,0
2021-02-09 20:00:00,20000201,-20000201,0
2021-02-10 04:00:00,25000201,-25000201,0
2021-02-10 12:00:00,25000201,-25000201,0
2021-02-10 20:00:00,5000201,-5000201,0
2021-02-11 04:00:00,201,-201,0
2021-02-11 12:00:00,201,-201,0
2021-02-11 20:00:00,201,-201,0
2021-02-12 04:00:00,201,-201,0
2021-02-12 12:00:00,201,-201,0
2021-02-12 20:00:00,25004740,-25004740,0
2021-02-13 04:00:00,25004740,-25004740,0
2021-02-13 12:00:00,25004740,-25004740,0
2021-02-13 20:00:00,30004740,-30004740,0
2021-02-14 04:00:00,30004740,-30004740,0
2021-02-14 12:00:00,1019783,1019783,0
2021-02-14 20:00:00,1019783,1019783,0
2021-02-15 04:00:00,44478811,-44478811,0
2021-02-15 12:00:00,44478811,-44478811,0
2021-02-15 20:00:00,44478811,-44478811,0
2021-02-16 04:00:00,12743658,-12743658,0
2021-02-16 12:00:00,1277156,-1277156,0
2021-02-16 20:00:00,3680897,3680897,0
2021-02-17 04:00:00,3680897,3680897,0
2021-02-17 12:00:00,3680897,3680897,0
2021-02-17 20:00:00,3680897,3680897,0
2021-02-18 04:00:00,897,897,0
2021-02-18 12:00:00,897,897,0
2021-02-18 20:00:00,897,897,0
2021-02-19 04:00:00,23210014,-23210014,0
2021-02-19 12:00:00,20002993,20002993,0
2021-02-19 20:00:00,507,-507,0
2021-02-20 04:00:00,507,-507,0
2021-02-20 12:00:00,507,-507,0
2021-02-20 20:00:00,10015724,-10015724,0
2021-02-21 04:00:00,20015724,-20015724,0
2021-02-21 12:00:00,20015724,-20015724,0
2021-02-21 20:00:00,20015724,-20015724,0
2021-02-22 04:00:00,20015724,-20015724,0
2021-02-22 12:00:00,50005028,-50005028,0
2021-02-22 20:00:00,25007674,-25007674,0
2021-02-23 04:00:00,13999055,-13999055,0
2021-02-23 12:00:00,945,945,0
2021-02-23 20:00:00,945,945,0
2021-02-24 04:00:00,945,945,0
2021-02-24 12:00:00,49000845,-49000845,0
2021-02-24 20:00:00,50000845,-50000845,0
2021-02-25 04:00:00,45000845,-45000845,0
2021-02-25 12:00:00,35000845,-35000845,0
2021-02-25 20:00:00,18460,-18460,0
2021-02-26 04:00:00,30015700,-30015700,0
2021-02-26 12:00:00,20295232,-20295232,0
2021-02-26 20:00:00,50295232,-50295232,0
2021-02-27 04:00:00,7091136,-7091136,0
2021-02-27 12:00:00,19998864,19998864,0
2021-02-27 20:00:00,9998864,9998864,0
2021-02-28 04:00:00,9998864,9998864,0
2021-02-28 12:00:00,9998864,9998864,0
2021-02-28 20:00:00,9998864,9998864,0
2021-03-01 04:00:00,9998864,9998864,0
2021-03-01 12:00:00,9998864,9998864,0
2021-03-01 20:00:00,1136,-1136,0
2021-03-02 04:00:00,1136,-1136,0
2021-03-02 12:00:00,1136,-1136,0
2021-03-02 20:00:00,1136,-1136,0
2021-03-03 04:00:00,1136,-1136,0
2021-03-03 12:00:00,31020560,-31020560,0
2021-03-03 20:00:00,35000790,-35000790,0
2021-03-04 04:00:00,35000790,-35000790,0
2021-03-04 12:00:00,35000790,-35000790,0
2021-03-04 20:00:00,35000790,-35000790,0
2021-03-05 04:00:00,35000790,-35000790,0
2021-03-05 12:00:00,35000790,-35000790,0
2021-03-05 20:00:00,35000790,-35000790,0
2021-03-06 04:00:00,35000790,-35000790,0
2021-03-06 12:00:00,30000790,-30000790,0
2021-03-06 20:00:00,30000790,-30000790,0
2021-03-07 04:00:00,30000790,-30000790,0
2021-03-07 12:00:00,30000790,-30000790,0
2021-03-07 20:00:00,30000790,-30000790,0
2021-03-08 04:00:00,30000790,-30000790,0
2021-03-08 12:00:00,50000790,-50000790,0
2021-03-08 20:00:00,50000790,-50000790,0
2021-03-09 04:00:00,50000790,-50000790,0
2021-03-09 12:00:00,50000790,-50000790,0
2021-03-09 20:00:00,50000790,-50000790,0
2021-03-10 04:00:00,50000790,-50000790,0
2021-03-10 12:00:00,60000790,-60000790,0
2021-03-10 20:00:00,60000790,-60000790,0
2021-03-11 04:00:00,60000790,-60000790,0
2021-03-11 12:00:00,50000790,-50000790,0
2021-03-11 20:00:00,50000790,-50000790,0
2021-03-12 04:00:00,50000790,-50000790,0
2021-03-12 12:00:00,70000790,-70000790,0
2021-03-12 20:00:00,50000790,-50000790,0
2021-03-13 04:00:00,50000790,-50000790,0
2021-03-13 12:00:00,5003371,-5003371,0
2021-03-13 20:00:00,5003371,-5003371,0
2021-03-14 04:00:00,5003371,-5003371,0
2021-03-14 12:00:00,15003371,-15003371,0
2021-03-14 20:00:00,15003371,-15003371,0
2021-03-15 04:00:00,15003371,-15003371,0
2021-03-15 12:00:00,15003371,-15003371,0
2021-03-15 20:00:00,30010330,-30010330,0
2021-03-16 04:00:00,30010330,-30010330,0
2021-03-16 12:00:00,10010330,-10010330,0
2021-03-16 20:00:00,10010330,-10010330,0
2021-03-17 04:00:00,20010330,-20010330,0
2021-03-17 12:00:00,30010330,-30010330,0
2021-03-17 20:00:00,30010330,-30010330,0
2021-03-18 04:00:00,30010330,-30010330,0
2021-03-18 12:00:00,45226400,-45226400,0
2021-03-18 20:00:00,50010330,-50010330,0
2021-03-19 04:00:00,50010330,-50010330,0
2021-03-19 12:00:00,50010330,-50010330,0
2021-03-19 20:00:00,50010330,-50010330,0
2021-03-20 04:00:00,50010330,-50010330,0
2021-03-20 12:00:00,40574840,-40574840,0
2021-03-20 20:00:00,5010330,-5010330,0
2021-03-21 04:00:00,50002740,-50002740,0
2021-03-21 12:00:00,30002740,-30002740,0
2021-03-21 20:00:00,40002740,-40002740,0
2021-03-22 04:00:00,40002740,-40002740,0
2021-03-22 12:00:00,40002740,-40002740,0
2021-03-22 20:00:00,40002740,-40002740,0
2021-03-23 04:00:00,30002740,-30002740,0
2021-03-23 12:00:00,30002740,-30002740,0
2021-03-23 20:00:00,30002740,-30002740,0
2021-03-24 04:00:00,40002740,-40002740,0
2021-03-24 12:00:00,40002740,-40002740,0
2021-03-24 20:00:00,30002740,-30002740,0
2021-03-25 04:00:00,10002740,-10002740,0
2021-03-25 12:00:00,10002740,-10002740,0
2021-03-25 20:00:00,2740,-2740,0
2021-03-26 04:00:00,2740,-2740,0
2021-03-26 12:00:00,2740,-2740,0
2021-03-26 20:00:00,2740,-2740,0
2021-03-27 04:00:00,2740,-2740,0
2021-03-27 12:00:00,50172646,-50172646,0
2021-03-27 20:00:00,80172646,-80172646,0
2021-03-28 04:00:00,80172646,-80172646,0
2021-03-28 12:00:00,80172646,-80172646,0
2021-03-28 20:00:00,80172646,-80172646,0
2021-03-29 04:00:00,80172646,-80172646,0
2021-03-29 12:00:00,70002646,-70002646,0
2021-03-29 20:00:00,70002646,-70002646,0
2021-03-30 04:00:00,60002646,-60002646,0
2021-03-30 12:00:00,60002646,-60002646,0
2021-03-30 20:00:00,60002646,-60002646,0
2021-03-31 04:00:00,60002646,-60002646,0
2021-03-31 12:00:00,60002646,-60002646,0
2021-03-31 20:00:00,60002646,-60002646,0
2021-04-01 04:00:00,60002646,-60002646,0
2021-04-01 12:00:00,60002646,-60002646,0
2021-04-01 20:00:00,60002646,-60002646,0
2021-04-02 04:00:00,60002646,-60002646,0
2021-04-02 12:00:00,60002646,-60002646,0
2021-04-02 20:00:00,60002646,-60002646,0
2021-04-03 04:00:00,60002646,-60002646,0
2021-04-03 12:00:00,60002646,-60002646,0
2021-04-03 20:00:00,60002646,-60002646,0
2021-04-04 04:00:00,30002646,-30002646,0
2021-04-04 12:00:00,40002646,-40002646,0
2021-04-04 20:00:00,60002646,-60002646,0
2021-04-05 04:00:00,60002646,-60002646,0
2021-04-05 12:00:00,60002646,-60002646,0
2021-04-05 20:00:00,60002646,-60002646,0
2021-04-06 04:00:00,60002646,-60002646,0
2021-04-06 12:00:00,60002646,-60002646,0
2021-04-06 20:00:00,60002646,-60002646,0
2021-04-07 04:00:00,60002646,-60002646,0
2021-04-07 12:00:00,60002646,-60002646,0
2021-04-07 20:00:00,60002646,-60002646,0
2021-04-08 04:00:00,60002646,-60002646,0
2021-04-08 12:00:00,39273254,-39273254,0
2021-04-08 20:00:00,39273254,-39273254,0
2021-04-09 04:00:00,39273254,-39273254,0
2021-04-09 12:00:00,39273254,-39273254,0
2021-04-09 20:00:00,19273254,-19273254,0
2021-04-10 04:00:00,19273254,-19273254,0
2021-04-10 12:00:00,750170,-750170,0
2021-04-10 20:00:00,750170,-750170,0
2021-04-11 04:00:00,750170,-750170,0
2021-04-11 12:00:00,750170,-750170,0
2021-04-11 20:00:00,750170,-750170,0
2021-04-12 04:00:00,750170,-750170,0
2021-04-12 12:00:00,750170,-750170,0
2021-04-12 20:00:00,750170,-750170,0
2021-04-13 04:00:00,750170,-750170,0
2021-04-13 12:00:00,750170,-750170,0
2021-04-13 20:00:00,750170,-750170,0
2021-04-14 04:00:00,750170,-750170,0
2021-04-14 12:00:00,750170,-750170,0
2021-04-14 20:00:00,750170,-750170,0
2021-04-15 04:00:00,750170,-750170,0
2021-04-15 12:00:00,750170,-750170,0
2021-04-15 20:00:00,750170,-750170,0
2021-04-16 04:00:00,750170,-750170,0
2021-04-16 12:00:00,750170,-750170,0
2021-04-16 20:00:00,50000170,-50000170,0
2021-04-17 04:00:00,50000170,-50000170,0
2021-04-17 12:00:00,50000170,-50000170,0
2021-04-17 20:00:00,50000170,-50000170,0
2021-04-18 04:00:00,5000170,-5000170,0
2021-04-18 12:00:00,5000170,-5000170,0
2021-04-18 20:00:00,20000170,-20000170,0
2021-04-19 04:00:00,60000170,-60000170,0
2021-04-19 12:00:00,60000170,-60000170,0
2021-04-19 20:00:00,45000170,-45000170,0
2021-04-20 04:00:00,25000170,-25000170,0
2021-04-20 12:00:00,15000170,-15000170,0
2021-04-20 20:00:00,6565,-6565,0
2021-04-21 04:00:00,6565,-6565,0
2021-04-21 12:00:00,11909325,-11909325,0
2021-04-21 20:00:00,40008019,-40008019,0
2021-04-22 04:00:00,50008019,-50008019,0
2021-04-22 12:00:00,50008019,-50008019,0
2021-04-22 20:00:00,20742347,-20742347,0
2021-04-23 04:00:00,4258,-4258,0
2021-04-23 12:00:00,30003956,-30003956,0
2021-04-23 20:00:00,25189225,-25189225,0
2021-04-24 04:00:00,10007225,-10007225,0
2021-04-24 12:00:00,6908538,-6908538,0
2021-04-24 20:00:00,20002775,20002775,0
2021-04-25 04:00:00,20002775,20002775,0
2021-04-25 12:00:00,20002775,20002775,0
2021-04-25 20:00:00,20002775,20002775,0
2021-04-26 04:00:00,80019777,-80019777,0
2021-04-26 12:00:00,80019777,-80019777,0
2021-04-26 20:00:00,80019777,-80019777,0
2021-04-27 04:00:00,14990708,-14990708,0
2021-04-27 12:00:00,26830716,-26830716,0
2021-04-27 20:00:00,26830716,-26830716,0
2021-04-28 04:00:00,26830716,-26830716,0
2021-04-28 12:00:00,26830716,-26830716,0
2021-04-28 20:00:00,26830716,-26830716,0
2021-04-29 04:00:00,26830716,-26830716,0
2021-04-29 12:00:00,26830716,-26830716,0
2021-04-29 20:00:00,26830716,-26830716,0
2021-04-30 04:00:00,16830716,-16830716,0
2021-04-30 12:00:00,16830716,-16830716,0
2021-04-30 20:00:00,16830716,-16830716,0
2021-05-01 04:00:00,25040825,-25040825,0
2021-05-01 12:00:00,31702600,-31702600,0
2021-05-01 20:00:00,40002600,-40002600,0
2021-05-02 04:00:00,40002600,-40002600,0
2021-05-02 12:00:00,40002600,-40002600,0
2021-05-02 20:00:00,40002600,-40002600,0
2021-05-03 04:00:00,40002600,-40002600,0
2021-05-03 12:00:00,40002600,-40002600,0
2021-05-03 20:00:00,50811711,-50811711,0
2021-05-04 04:00:00,13402179,-13402179,0
2021-05-04 12:00:00,33402179,-33402179,0
2021-05-04 20:00:00,1902,1902,0
2021-05-05 04:00:00,1902,1902,0
2021-05-05 12:00:00,10001098,-10001098,0
2021-05-05 20:00:00,26565110,-26565110,0
2021-05-06 04:00:00,18320540,-18320540,0
2021-05-06 12:00:00,18320540,-18320540,0
2021-05-06 20:00:00,1327,1327,0
2021-05-07 04:00:00,1327,1327,0
2021-05-07 12:00:00,1327,1327,0
2021-05-07 20:00:00,1327,1327,0
2021-05-08 04:00:00,10001327,10001327,0
2021-05-08 12:00:00,13844054,13844054,0
2021-05-08 20:00:00,13844054,13844054,0
2021-05-09 04:00:00,13844054,13844054,0
2021-05-09 12:00:00,13844054,13844054,0
2021-05-09 20:00:00,13844054,13844054,0
2021-05-10 04:00:00,22782485,22782485,0
2021-05-10 12:00:00,32782485,32782485,0
2021-05-10 20:00:00,58373822,58373822,0
2021-05-11 04:00:00,27729693,27729693,0
2021-05-11 12:00:00,27729693,27729693,0
2021-05-11 20:00:00,27729693,27729693,0
2021-05-12 04:00:00,27729693,27729693,0
2021-05-12 12:00:00,40705167,40705167,0
2021-05-12 20:00:00,40705167,40705167,0
2021-05-13 04:00:00,4745,4745,0
2021-05-13 12:00:00,16841,16841,0
2021-05-13 20:00:00,10035488,10035488,0
2021-05-14 04:00:00,10413618,-10413618,0
2021-05-14 12:00:00,10413618,-10413618,0
2021-05-14 20:00:00,10413618,-10413618,0
2021-05-15 04:00:00,10413618,-10413618,0
2021-05-15 12:00:00,10413618,-10413618,0
2021-05-15 20:00:00,10413618,-10413618,0
2021-05-16 04:00:00,10413618,-10413618,0
2021-05-16 12:00:00,10413618,-10413618,0
2021-05-16 20:00:00,3618,-3618,0
2021-05-17 04:00:00,3618,-3618,0
2021-05-17 12:00:00,587,587,0
2021-05-17 20:00:00,2676,-2676,0
2021-05-18 04:00:00,15189011,-15189011,0
2021-05-18 12:00:00,10189011,-10189011,0
2021-05-18 20:00:00,21611060,-21611060,0
2021-05-19 04:00:00,20007023,20007023,0
2021-05-19 12:00:00,30702992,30702992,0
2021-05-19 20:00:00,10006634,-10006634,0
2021-05-20 04:00:00,8957,8957,0
2021-05-20 12:00:00,5001043,-5001043,0
2021-05-20 20:00:00,1658500,1658500,0
2021-05-21 04:00:00,8341500,-8341500,0
2021-05-21 12:00:00,8341500,-8341500,0
2021-05-21 20:00:00,10130409,10130409,0
2021-05-22 04:00:00,10130409,10130409,0
2021-05-22 12:00:00,10130409,10130409,0
2021-05-22 20:00:00,10130409,10130409,0
2021-05-23 04:00:00,10130409,10130409,0
2021-05-23 12:00:00,130409,130409,0
2021-05-23 20:00:00,130409,130409,0
2021-05-24 04:00:00,591,-591,0
2021-05-24 12:00:00,591,-591,0
2021-05-24 20:00:00,20000591,-20000591,0
2021-05-25 04:00:00,20000591,-20000591,0
2021-05-25 12:00:00,591,-591,0
2021-05-25 20:00:00,591,-591,0
2021-05-26 04:00:00,20741917,20741917,0
2021-05-26 12:00:00,20741917,20741917,0
2021-05-26 20:00:00,20741917,20741917,0
2021-05-27 04:00:00,20741917,20741917,0
2021-05-27 12:00:00,20741917,20741917,0
2021-05-27 20:00:00,7506863,7506863,0
2021-05-28 04:00:00,6863,6863,0
2021-05-28 12:00:00,32747332,32747332,0
2021-05-28 20:00:00,24506332,24506332,0
2021-05-29 04:00:00,14650845,14650845,0
2021-05-29 12:00:00,19295233,19295233,0
2021-05-29 20:00:00,43295233,43295233,0
2021-05-30 04:00:00,35005233,35005233,0
2021-05-30 12:00:00,27505233,27505233,0
2021-05-30 20:00:00,27505233,27505233,0
2021-05-31 04:00:00,34885932,34885932,0
2021-05-31 12:00:00,13614245,13614245,0
2021-05-31 20:00:00,9479029,-9479029,0
2021-06-01 04:00:00,4140391,-4140391,0
2021-06-01 12:00:00,13276669,13276669,0
2021-06-01 20:00:00,20046050,-20046050,0
2021-06-02 04:00:00,43709364,-43709364,0
2021-06-02 12:00:00,11155953,-11155953,0
2021-06-02 20:00:00,10803221,-10803221,0
2021-06-03 04:00:00,10803221,-10803221,0
2021-06-03 12:00:00,50707995,-50707995,0
2021-06-03 20:00:00,50707995,-50707995,0
2021-06-04 04:00:00,56363693,-56363693,0
2021-06-04 12:00:00,54303601,-54303601,0
2021-06-04 20:00:00,55766720,-55766720,0
2021-06-05 04:00:00,55766720,-55766720,0
2021-06-05 12:00:00,58401516,-58401516,0
2021-06-05 20:00:00,57973915,-57973915,0
2021-06-06 04:00:00,57973915,-57973915,0
2021-06-06 12:00:00,57473915,-57473915,0
2021-06-06 20:00:00,57473915,-57473915,0
2021-06-07 04:00:00,57473915,-57473915,0
2021-06-07 12:00:00,57473915,-57473915,0
2021-06-07 20:00:00,55073915,-55073915,0
2021-06-08 04:00:00,3810000,-3810000,0
2021-06-08 12:00:00,18080500,-18080500,0
2021-06-08 20:00:00,2374300,2374300,0
2021-06-09 04:00:00,36549500,-36549500,0
2021-06-09 12:00:00,64947200,-64947200,0
2021-06-09 20:00:00,54804700,-54804700,0
2021-06-10 04:00:00,54804700,-54804700,0
2021-06-10 12:00:00,25288700,-25288700,0
2021-06-10 20:00:00,17339200,-17339200,0
2021-06-11 04:00:00,17339200,-17339200,0
2021-06-11 12:00:00,37615600,-37615600,0
2021-06-11 20:00:00,27604200,-27604200,0
2021-06-12 04:00:00,2775000,2775000,0
2021-06-12 12:00:00,30007500,30007500,0
2021-06-12 20:00:00,45007500,45007500,0
2021-06-13 04:00:00,45007500,45007500,0
2021-06-13 12:00:00,45007100,45007100,0
2021-06-13 20:00:00,10007100,10007100,0
2021-06-14 04:00:00,40002900,-40002900,0
2021-06-14 12:00:00,40002900,-40002900,0
2021-06-14 20:00:00,70002900,-70002900,0
2021-06-15 04:00:00,70002900,-70002900,0
2021-06-15 12:00:00,70002900,-70002900,0
2021-06-15 20:00:00,70002900,-70002900,0
2021-06-16 04:00:00,70002900,-70002900,0
2021-06-16 12:00:00,60002900,-60002900,0
2021-06-16 20:00:00,49432600,-49432600,0
2021-06-17 04:00:00,44426900,-44426900,0
2021-06-17 12:00:00,64449700,-64449700,0
2021-06-17 20:00:00,45080200,-45080200,0
2021-06-18 04:00:00,24883500,-24883500,0
2021-06-18 12:00:00,7107700,-7107700,0
2021-06-18 20:00:00,35122200,35122200,0
2021-06-19 04:00:00,25122200,25122200,0
2021-06-19 12:00:00,35122200,35122200,0
2021-06-19 20:00:00,35122200,35122200,0
2021-06-20 04:00:00,35122200,35122200,0
2021-06-20 12:00:00,5122200,5122200,0
2021-06-20 20:00:00,5122200,5122200,0
2021-06-21 04:00:00,21124900,21124900,0
2021-06-21 12:00:00,7996800,7996800,0
2021-06-21 20:00:00,18730000,-18730000,0
2021-06-22 04:00:00,49343600,-49343600,0
2021-06-22 12:00:00,6743300,6743300,0
2021-06-22 20:00:00,53657400,-53657400,0
2021-06-23 04:00:00,17052700,-17052700,0
2021-06-23 12:00:00,17052700,-17052700,0
2021-06-23 20:00:00,2023900,2023900,0
2021-06-24 04:00:00,2023900,2023900,0
2021-06-24 12:00:00,2023900,2023900,0
2021-06-24 20:00:00,12023900,12023900,0
2021-06-25 04:00:00,12023900,12023900,0
2021-06-25 12:00:00,30021800,30021800,0
2021-06-25 20:00:00,30021800,30021800,0
2021-06-26 04:00:00,30021800,30021800,0
2021-06-26 12:00:00,9978200,-9978200,0
2021-06-26 20:00:00,9978200,-9978200,0
2021-06-27 04:00:00,19978200,-19978200,0
2021-06-27 12:00:00,19978200,-19978200,0
2021-06-27 20:00:00,19978200,-19978200,0
2021-06-28 04:00:00,19978200,-19978200,0
2021-06-28 12:00:00,21800,21800,0
2021-06-28 20:00:00,21800,21800,0
2021-06-29 04:00:00,21800,21800,0
2021-06-29 12:00:00,21800,21800,0
2021-06-29 20:00:00,21800,21800,0
2021-06-30 04:00:00,21800,21800,0
2021-06-30 12:00:00,21800,21800,0
2021-06-30 20:00:00,21800,21800,0
2021-07-01 04:00:00,19690300,-19690300,0
2021-07-01 12:00:00,6666000,-6666000,0
2021-07-01 20:00:00,334000,334000,0
2021-07-02 04:00:00,334000,334000,0
2021-07-02 12:00:00,334000,334000,0
2021-07-02 20:00:00,334000,334000,0
2021-07-03 04:00:00,334000,334000,0
2021-07-03 12:00:00,334000,334000,0
2021-07-03 20:00:00,17155300,17155300,0
2021-07-04 04:00:00,12084800,12084800,0
2021-07-04 12:00:00,5084800,5084800,0
2021-07-04 20:00:00,2596000,2596000,0
2021-07-05 04:00:00,2596000,2596000,0
2021-07-05 12:00:00,2477200,2477200,0
2021-07-05 20:00:00,10004000,-10004000,0
2021-07-06 04:00:00,10004000,-10004000,0
2021-07-06 12:00:00,10004000,-10004000,0
2021-07-06 20:00:00,10004000,-10004000,0
2021-07-07 04:00:00,10004000,-10004000,0
2021-07-07 12:00:00,10004000,-10004000,0
2021-07-07 20:00:00,20004000,-20004000,0
2021-07-08 04:00:00,20004000,-20004000,0
2021-07-08 12:00:00,248000,-248000,0
2021-07-08 20:00:00,248000,-248000,0
2021-07-09 04:00:00,52000,52000,0
2021-07-09 12:00:00,10052000,10052000,0
2021-07-09 20:00:00,20016700,20016700,0
2021-07-10 04:00:00,32555500,32555500,0
2021-07-10 12:00:00,32555500,32555500,0
2021-07-10 20:00:00,32555500,32555500,0
2021-07-11 04:00:00,32555500,32555500,0
2021-07-11 12:00:00,32555500,32555500,0
2021-07-11 20:00:00,32555500,32555500,0
2021-07-12 04:00:00,32555500,32555500,0
2021-07-12 12:00:00,32555500,32555500,0
2021-07-12 20:00:00,32555500,32555500,0
2021-07-13 04:00:00,22514700,-22514700,0
2021-07-13 12:00:00,42514700,-42514700,0
2021-07-13 20:00:00,42514700,-42514700,0
2021-07-14 04:00:00,38021200,-38021200,0
2021-07-14 12:00:00,33021200,-33021200,0
2021-07-14 20:00:00,33021200,-33021200,0
2021-07-15 04:00:00,33021200,-33021200,0
2021-07-15 12:00:00,33021200,-33021200,0
2021-07-15 20:00:00,23021200,-23021200,0
2021-07-16 04:00:00,23021200,-23021200,0
2021-07-16 12:00:00,23021200,-23021200,0
2021-07-16 20:00:00,23021200,-23021200,0
2021-07-17 04:00:00,23021200,-23021200,0
2021-07-17 12:00:00,23021200,-23021200,0
2021-07-17 20:00:00,23021200,-23021200,0
2021-07-18 04:00:00,13021200,-13021200,0
2021-07-18 12:00:00,13021200,-13021200,0
2021-07-18 20:00:00,13021200,-13021200,0
2021-07-19 04:00:00,13021200,-13021200,0
2021-07-19 12:00:00,13021200,-13021200,0
2021-07-19 20:00:00,13021200,-13021200,0
2021-07-20 04:00:00,13021200,-13021200,0
2021-07-20 12:00:00,13021200,-13021200,0
2021-07-20 20:00:00,13021200,-13021200,0
2021-07-21 04:00:00,13021200,-13021200,0
2021-07-21 12:00:00,13021200,-13021200,0
2021-07-21 20:00:00,13021200,-13021200,0
2021-07-22 04:00:00,21200,-21200,0
2021-07-22 12:00:00,20008800,20008800,0
2021-07-22 20:00:00,8800,8800,0
2021-07-23 04:00:00,8800,8800,0
2021-07-23 12:00:00,8800,8800,0
2021-07-23 20:00:00,11108600,11108600,0
2021-07-24 04:00:00,11108600,11108600,0
2021-07-24 12:00:00,11108600,11108600,0
2021-07-24 20:00:00,11108600,11108600,0
2021-07-25 04:00:00,11108600,11108600,0
2021-07-25 12:00:00,10534800,10534800,0
2021-07-25 20:00:00,10534800,10534800,0
2021-07-26 04:00:00,108600,108600,0
2021-07-26 12:00:00,20001400,-20001400,0
2021-07-26 20:00:00,42461500,-42461500,0
2021-07-27 04:00:00,2461500,-2461500,0
2021-07-27 12:00:00,71043900,-71043900,0
2021-07-27 20:00:00,29653600,-29653600,0
2021-07-28 04:00:00,82688100,-82688100,0
2021-07-28 12:00:00,72629600,-72629600,0
2021-07-28 20:00:00,63345200,-63345200,0
2021-07-29 04:00:00,63345200,-63345200,0
2021-07-29 12:00:00,63345200,-63345200,0
2021-07-29 20:00:00,63345200,-63345200,0
2021-07-30 04:00:00,63345200,-63345200,0
2021-07-30 12:00:00,43345200,-43345200,0
2021-07-30 20:00:00,43345200,-43345200,0
2021-07-31 04:00:00,39915800,-39915800,0
2021-07-31 12:00:00,39915800,-39915800,0
2021-07-31 20:00:00,39915800,-39915800,0
2021-08-01 04:00:00,39915800,-39915800,0
2021-08-01 12:00:00,39915800,-39915800,0
2021-08-01 20:00:00,42496800,-42496800,0
2021-08-02 04:00:00,42496800,-42496800,0
2021-08-02 12:00:00,36292900,-36292900,0
2021-08-02 20:00:00,6800,-6800,0
2021-08-03 04:00:00,6800,-6800,0
2021-08-03 12:00:00,34261300,34261300,0
2021-08-03 20:00:00,40261300,40261300,0
2021-08-04 04:00:00,40261300,40261300,0
2021-08-04 12:00:00,40261300,40261300,0
2021-08-04 20:00:00,30261300,30261300,0
2021-08-05 04:00:00,29750900,29750900,0
2021-08-05 12:00:00,29750900,29750900,0
2021-08-05 20:00:00,20249100,-20249100,0
2021-08-06 04:00:00,9174100,-9174100,0
2021-08-06 12:00:00,10813500,10813500,0
2021-08-06 20:00:00,13500,13500,0
2021-08-07 04:00:00,13500,13500,0
2021-08-07 12:00:00,37631900,-37631900,0
2021-08-07 20:00:00,36349000,-36349000,0
2021-08-08 04:00:00,70174900,-70174900,0
2021-08-08 12:00:00,70174900,-70174900,0
2021-08-08 20:00:00,277300,-277300,0
2021-08-09 04:00:00,15277300,-15277300,0
2021-08-09 12:00:00,54162400,-54162400,0
2021-08-09 20:00:00,79092400,-79092400,0
2021-08-10 04:00:00,61420800,-61420800,0
2021-08-10 12:00:00,59100200,-59100200,0
2021-08-10 20:00:00,85169400,-85169400,0
2021-08-11 04:00:00,85169400,-85169400,0
2021-08-11 12:00:00,85169400,-85169400,0
2021-08-11 20:00:00,85169400,-85169400,0
2021-08-12 04:00:00,85169400,-85169400,0
2021-08-12 12:00:00,52823700,-52823700,0
2021-08-12 20:00:00,5569900,5569900,0
2021-08-13 04:00:00,17656700,-17656700,0
2021-08-13 12:00:00,44430100,-44430100,0
2021-08-13 20:00:00,54430100,-54430100,0
2021-08-14 04:00:00,54430100,-54430100,0
2021-08-14 12:00:00,55539500,-55539500,0
2021-08-14 20:00:00,65539500,-65539500,0
2021-08-15 04:00:00,65539500,-65539500,0
2021-08-15 12:00:00,65039500,-65039500,0
2021-08-15 20:00:00,65039500,-65039500,0
2021-08-16 04:00:00,65039500,-65039500,0
2021-08-16 12:00:00,65039500,-65039500,0
2021-08-16 20:00:00,65039500,-65039500,0
2021-08-17 04:00:00,70039500,-70039500,0
2021-08-17 12:00:00,70039500,-70039500,0
2021-08-17 20:00:00,60039500,-60039500,0
2021-08-18 04:00:00,15051400,-15051400,0
2021-08-18 12:00:00,34627600,-34627600,0
2021-08-18 20:00:00,1200,1200,0
2021-08-19 04:00:00,34543100,34543100,0
2021-08-19 12:00:00,50003100,50003100,0
2021-08-19 20:00:00,50003100,50003100,0
2021-08-20 04:00:00,30003100,30003100,0
2021-08-20 12:00:00,45003100,45003100,0
2021-08-20 20:00:00,40003100,40003100,0
2021-08-21 04:00:00,40003100,40003100,0
2021-08-21 12:00:00,40003100,40003100,0
2021-08-21 20:00:00,40003100,40003100,0
2021-08-22 04:00:00,40003100,40003100,0
2021-08-22 12:00:00,40003100,40003100,0
2021-08-22 20:00:00,50003100,50003100,0
2021-08-23 04:00:00,50003100,50003100,0
2021-08-23 12:00:00,50003100,50003100,0
2021-08-23 20:00:00,40003100,40003100,0
2021-08-24 04:00:00,40003100,40003100,0
2021-08-24 12:00:00,60003100,60003100,0
2021-08-24 20:00:00,70052600,70052600,0
2021-08-25 04:00:00,70052600,70052600,0
2021-08-25 12:00:00,60052600,60052600,0
2021-08-25 20:00:00,40052600,40052600,0
2021-08-26 04:00:00,26781900,26781900,0
2021-08-26 12:00:00,70000000,70000000,0
2021-08-26 20:00:00,70000000,70000000,0
2021-08-27 04:00:00,70000000,70000000,0
2021-08-27 12:00:00,70000000,70000000,0
2021-08-27 20:00:00,50000000,50000000,0
2021-08-28 04:00:00,50000000,50000000,0
2021-08-28 12:00:00,50000000,50000000,0
2021-08-28 20:00:00,50000000,50000000,0
2021-08-29 04:00:00,50000000,50000000,0
2021-08-29 12:00:00,50000000,50000000,0
2021-08-29 20:00:00,50000000,50000000,0
2021-08-30 04:00:00,60000000,60000000,0
2021-08-30 12:00:00,60000000,60000000,0
2021-08-30 20:00:00,60000000,60000000,0
2021-08-31 04:00:00,60000000,60000000,0
2021-08-31 12:00:00,40000000,40000000,0
2021-08-31 20:00:00,40000000,40000000,0
2021-09-01 04:00:00,40000000,40000000,0
2021-09-01 12:00:00,40000000,40000000,0
2021-09-01 20:00:00,40000000,40000000,0
2021-09-02 04:00:00,50000000,50000000,0
2021-09-02 12:00:00,50000000,50000000,0
2021-09-02 20:00:00,60000000,60000000,0
2021-09-03 04:00:00,70000000,70000000,0
2021-09-03 12:00:00,70000000,70000000,0
2021-09-03 20:00:00,60593700,60593700,0
2021-09-04 04:00:00,70593700,70593700,0
2021-09-04 12:00:00,70593700,70593700,0
2021-09-04 20:00:00,70593700,70593700,0
2021-09-05 04:00:00,70593700,70593700,0
2021-09-05 12:00:00,70593700,70593700,0
2021-09-05 20:00:00,70593700,70593700,0
2021-09-06 04:00:00,70593700,70593700,0
2021-09-06 12:00:00,50593700,50593700,0
2021-09-06 20:00:00,657700,657700,0
2021-09-07 04:00:00,657700,657700,0
2021-09-07 12:00:00,29780200,-29780200,0
2021-09-07 20:00:00,40863200,40863200,0
2021-09-08 04:00:00,40863200,40863200,0
2021-09-08 12:00:00,50863200,50863200,0
2021-09-08 20:00:00,50863200,50863200,0
2021-09-09 04:00:00,70012100,70012100,0
2021-09-09 12:00:00,70012100,70012100,0
2021-09-09 20:00:00,50012100,50012100,0
2021-09-10 04:00:00,50012100,50012100,0
2021-09-10 12:00:00,50012100,50012100,0
2021-09-10 20:00:00,44166300,44166300,0
2021-09-11 04:00:00,44166300,44166300,0
2021-09-11 12:00:00,44166300,44166300,0
2021-09-11 20:00:00,44166300,44166300,0
2021-09-12 04:00:00,44166300,44166300,0
2021-09-12 12:00:00,54166300,54166300,0
2021-09-12 20:00:00,54166300,54166300,0
2021-09-13 04:00:00,54166300,54166300,0
2021-09-13 12:00:00,54166300,54166300,0
2021-09-13 20:00:00,69196200,69196200,0
2021-09-14 04:00:00,69196200,69196200,0
2021-09-14 12:00:00,69196200,69196200,0
2021-09-14 20:00:00,49196200,49196200,0
2021-09-15 04:00:00,9196200,9196200,0
2021-09-15 12:00:00,9196200,9196200,0
2021-09-15 20:00:00,65272100,-65272100,0
2021-09-16 04:00:00,65272100,-65272100,0
2021-09-16 12:00:00,80272100,-80272100,0
2021-09-16 20:00:00,63460500,-63460500,0
2021-09-17 04:00:00,60272100,-60272100,0
2021-09-17 12:00:00,60272100,-60272100,0
2021-09-17 20:00:00,50272100,-50272100,0
2021-09-18 04:00:00,30272100,-30272100,0
2021-09-18 12:00:00,40272100,-40272100,0
2021-09-18 20:00:00,40272100,-40272100,0
2021-09-19 04:00:00,40272100,-40272100,0
2021-09-19 12:00:00,40272100,-40272100,0
2021-09-19 20:00:00,40272100,-40272100,0
2021-09-20 04:00:00,40272100,-40272100,0
2021-09-20 12:00:00,272100,-272100,0
2021-09-20 20:00:00,21561200,21561200,0
2021-09-21 04:00:00,31561200,31561200,0
2021-09-21 12:00:00,50038800,-50038800,0
2021-09-21 20:00:00,19961200,19961200,0
2021-09-22 04:00:00,10173700,10173700,0
2021-09-22 12:00:00,10001400,-10001400,0
2021-09-22 20:00:00,62745800,-62745800,0
2021-09-23 04:00:00,62745800,-62745800,0
2021-09-23 12:00:00,62745800,-62745800,0
2021-09-23 20:00:00,62745800,-62745800,0
2021-09-24 04:00:00,62745800,-62745800,0
2021-09-24 12:00:00,11547700,-11547700,0
2021-09-24 20:00:00,42111600,-42111600,0
2021-09-25 04:00:00,42111600,-42111600,0
2021-09-25 12:00:00,42111600,-42111600,0
2021-09-25 20:00:00,42111600,-42111600,0
2021-09-26 04:00:00,42111600,-42111600,0
2021-09-26 12:00:00,10088400,10088400,0
2021-09-26 20:00:00,10088400,10088400,0
2021-09-27 04:00:00,10088400,10088400,0
2021-09-27 12:00:00,88400,88400,0
2021-09-27 20:00:00,9911600,-9911600,0
2021-09-28 04:00:00,9911600,-9911600,0
2021-09-28 12:00:00,9911600,-9911600,0
2021-09-28 20:00:00,9911600,-9911600,0
2021-09-29 04:00:00,19911600,-19911600,0
2021-09-29 12:00:00,30011600,-30011600,0
2021-09-29 20:00:00,30011600,-30011600,0
2021-09-30 04:00:00,30011600,-30011600,0
2021-09-30 12:00:00,30011600,-30011600,0
2021-09-30 20:00:00,30011600,-30011600,0
2021-10-01 04:00:00,30011600,-30011600,0
2021-10-01 12:00:00,30011600,-30011600,0
2021-10-01 20:00:00,30011600,-30011600,0
2021-10-02 04:00:00,30011600,-30011600,0
2021-10-02 12:00:00,30011600,-30011600,0
2021-10-02 20:00:00,30011600,-30011600,0
2021-10-03 04:00:00,30011600,-30011600,0
2021-10-03 12:00:00,30011600,-30011600,0
2021-10-03 20:00:00,30011600,-30011600,0
2021-10-04 04:00:00,30011600,-30011600,0
2021-10-04 12:00:00,30011600,-30011600,0
2021-10-04 20:00:00,30011600,-30011600,0
2021-10-05 04:00:00,30011600,-30011600,0
2021-10-05 12:00:00,30011600,-30011600,0
2021-10-05 20:00:00,30011600,-30011600,0
2021-10-06 04:00:00,30011600,-30011600,0
2021-10-06 12:00:00,30011600,-30011600,0
2021-10-06 20:00:00,30011600,-30011600,0
2021-10-07 04:00:00,30011600,-30011600,0
2021-10-07 12:00:00,30011600,-30011600,0
2021-10-07 20:00:00,30011600,-30011600,0
2021-10-08 04:00:00,30011600,-30011600,0
2021-10-08 12:00:00,30011600,-30011600,0
2021-10-08 20:00:00,30011600,-30011600,0
2021-10-09 04:00:00,30011600,-30011600,0
2021-10-09 12:00:00,30011600,-30011600,0
2021-10-09 20:00:00,30011600,-30011600,0
2021-10-10 04:00:00,30011600,-30011600,0
2021-10-10 12:00:00,30011600,-30011600,0
2021-10-10 20:00:00,30011600,-30011600,0
2021-10-11 04:00:00,30011600,-30011600,0
2021-10-11 12:00:00,30011600,-30011600,0
2021-10-11 20:00:00,30011600,-30011600,0
2021-10-12 04:00:00,60092400,-60092400,0
2021-10-12 12:00:00,60092400,-60092400,0
2021-10-12 20:00:00,60092400,-60092400,0
2021-10-13 04:00:00,41418800,-41418800,0
2021-10-13 12:00:00,30006500,-30006500,0
2021-10-13 20:00:00,30006500,-30006500,0
2021-10-14 04:00:00,30006500,-30006500,0
2021-10-14 12:00:00,30006500,-30006500,0
2021-10-14 20:00:00,30006500,-30006500,0
2021-10-15 04:00:00,40006500,-40006500,0
2021-10-15 12:00:00,40006500,-40006500,0
2021-10-15 20:00:00,40006500,-40006500,0
2021-10-16 04:00:00,40006500,-40006500,0
2021-10-16 12:00:00,40006500,-40006500,0
2021-10-16 20:00:00,40006500,-40006500,0
2021-10-17 04:00:00,40006500,-40006500,0
2021-10-17 12:00:00,40006500,-40006500,0
2021-10-17 20:00:00,40006500,-40006500,0
2021-10-18 04:00:00,40006500,-40006500,0
2021-10-18 12:00:00,40006500,-40006500,0
2021-10-18 20:00:00,40006500,-40006500,0
2021-10-19 04:00:00,40006500,-40006500,0
2021-10-19 12:00:00,40006500,-40006500,0
2021-10-19 20:00:00,40006500,-40006500,0
2021-10-20 04:00:00,40006500,-40006500,0
2021-10-20 12:00:00,40006500,-40006500,0
2021-10-20 20:00:00,30006500,-30006500,0
2021-10-21 04:00:00,30006500,-30006500,0
2021-10-21 12:00:00,40002700,-40002700,0
2021-10-21 20:00:00,21866700,-21866700,0
2021-10-22 04:00:00,21866700,-21866700,0
2021-10-22 12:00:00,31866700,-31866700,0
2021-10-22 20:00:00,4982600,-4982600,0
2021-10-23 04:00:00,20015100,20015100,0
2021-10-23 12:00:00,20015100,20015100,0
2021-10-23 20:00:00,20015100,20015100,0
2021-10-24 04:00:00,20015100,20015100,0
2021-10-24 12:00:00,20015100,20015100,0
2021-10-24 20:00:00,20015100,20015100,0
2021-10-25 04:00:00,20015100,20015100,0
2021-10-25 12:00:00,20015100,20015100,0
2021-10-25 20:00:00,20015100,20015100,0
2021-10-26 04:00:00,20015100,20015100,0
2021-10-26 12:00:00,20015100,20015100,0
2021-10-26 20:00:00,20015100,20015100,0
2021-10-27 04:00:00,20015100,20015100,0
2021-10-27 12:00:00,35015100,35015100,0
2021-10-27 20:00:00,35015100,35015100,0
2021-10-28 04:00:00,35015100,35015100,0
2021-10-28 12:00:00,35015100,35015100,0
2021-10-28 20:00:00,35015100,35015100,0
2021-10-29 04:00:00,35015100,35015100,0
2021-10-29 12:00:00,35015100,35015100,0
2021-10-29 20:00:00,15015100,15015100,0
2021-10-30 04:00:00,15015100,15015100,0
2021-10-30 12:00:00,15015100,15015100,0
2021-10-30 20:00:00,15015100,15015100,0
2021-10-31 04:00:00,15015100,15015100,0
2021-10-31 12:00:00,9984900,-9984900,0
2021-10-31 20:00:00,9984900,-9984900,0
2021-11-01 04:00:00,9984900,-9984900,0
2021-11-01 12:00:00,9984900,-9984900,0
2021-11-01 20:00:00,9984900,-9984900,0
2021-11-02 04:00:00,9984900,-9984900,0
2021-11-02 12:00:00,9984900,-9984900,0
2021-11-02 20:00:00,9984900,-9984900,0
2021-11-03 04:00:00,9984900,-9984900,0
2021-11-03 12:00:00,9984900,-9984900,0
2021-11-03 20:00:00,9984900,-9984900,0
2021-11-04 04:00:00,9984900,-9984900,0
2021-11-04 12:00:00,9984900,-9984900,0
2021-11-04 20:00:00,9984900,-9984900,0
2021-11-05 04:00:00,9984900,-9984900,0
2021-11-05 12:00:00,9984900,-9984900,0
2021-11-05 20:00:00,9984900,-9984900,0
2021-11-06 04:00:00,9984900,-9984900,0
2021-11-06 12:00:00,9984900,-9984900,0
2021-11-06 20:00:00,9984900,-9984900,0
2021-11-07 04:00:00,9984900,-9984900,0
2021-11-07 12:00:00,9984900,-9984900,0
2021-11-07 20:00:00,9984900,-9984900,0
2021-11-08 04:00:00,9984900,-9984900,0
2021-11-08 12:00:00,9984900,-9984900,0
2021-11-08 20:00:00,9984900,-9984900,0
2021-11-09 04:00:00,9984900,-9984900,0
2021-11-09 12:00:00,9984900,-9984900,0
2021-11-09 20:00:00,18200,18200,0
2021-11-10 04:00:00,18200,18200,0
2021-11-10 12:00:00,18200,18200,0
2021-11-10 20:00:00,18200,18200,0
2021-11-11 04:00:00,14289000,14289000,0
2021-11-11 12:00:00,14289000,14289000,0
2021-11-11 20:00:00,14289000,14289000,0
2021-11-12 04:00:00,14289000,14289000,0
2021-11-12 12:00:00,14289000,14289000,0
2021-11-12 20:00:00,34289000,34289000,0
2021-11-13 04:00:00,34289000,34289000,0
2021-11-13 12:00:00,34289000,34289000,0
2021-11-13 20:00:00,34289000,34289000,0
2021-11-14 04:00:00,34289000,34289000,0
2021-11-14 12:00:00,34289000,34289000,0
2021-11-14 20:00:00,34289000,34289000,0
2021-11-15 04:00:00,34289000,34289000,0
2021-11-15 12:00:00,34289000,34289000,0
2021-11-15 20:00:00,34289000,34289000,0
2021-11-16 04:00:00,34289000,34289000,0
2021-11-16 12:00:00,35942300,35942300,0
2021-11-16 20:00:00,25942300,25942300,0
2021-11-17 04:00:00,35942300,35942300,0
2021-11-17 12:00:00,35942300,35942300,0
2021-11-17 20:00:00,35942300,35942300,0
2021-11-18 04:00:00,35942300,35942300,0
2021-11-18 12:00:00,35942300,35942300,0
2021-11-18 20:00:00,35942300,35942300,0
2021-11-19 04:00:00,50942300,50942300,0
2021-11-19 12:00:00,50942300,50942300,0
2021-11-19 20:00:00,50942300,50942300,0
2021-11-20 04:00:00,50942300,50942300,0
2021-11-20 12:00:00,50942300,50942300,0
2021-11-20 20:00:00,50942300,50942300,0
2021-11-21 04:00:00,50942300,50942300,0
2021-11-21 12:00:00,50942300,50942300,0
2021-11-21 20:00:00,50942300,50942300,0
2021-11-22 04:00:00,50942300,50942300,0
2021-11-22 12:00:00,50942300,50942300,0
2021-11-22 20:00:00,50942300,50942300,0
2021-11-23 04:00:00,50942300,50942300,0
2021-11-23 12:00:00,50942300,50942300,0
2021-11-23 20:00:00,50942300,50942300,0
2021-11-24 04:00:00,50942300,50942300,0
2021-11-24 12:00:00,50942300,50942300,0
2021-11-24 20:00:00,50942300,50942300,0
2021-11-25 04:00:00,50942300,50942300,0
2021-11-25 12:00:00,50942300,50942300,0
2021-11-25 20:00:00,50942300,50942300,0
2021-11-26 04:00:00,50942300,50942300,0
2021-11-26 12:00:00,69451700,69451700,0
2021-11-26 20:00:00,69451700,69451700,0
2021-11-27 04:00:00,69451700,69451700,0
2021-11-27 12:00:00,69451700,69451700,0
2021-11-27 20:00:00,69451700,69451700,0
2021-11-28 04:00:00,69451700,69451700,0
2021-11-28 12:00:00,69451700,69451700,0
2021-11-28 20:00:00,69451700,69451700,0
2021-11-29 04:00:00,59451700,59451700,0
2021-11-29 12:00:00,49451700,49451700,0
2021-11-29 20:00:00,49451700,49451700,0
2021-11-30 04:00:00,49451700,49451700,0
2021-11-30 12:00:00,49451700,49451700,0
2021-11-30 20:00:00,50143100,50143100,0
2021-12-01 04:00:00,50143100,50143100,0
2021-12-01 12:00:00,50143100,50143100,0
2021-12-01 20:00:00,50143100,50143100,0
2021-12-02 04:00:00,50143100,50143100,0
2021-12-02 12:00:00,50143100,50143100,0
2021-12-02 20:00:00,50143100,50143100,0
2021-12-03 04:00:00,50143100,50143100,0
2021-12-03 12:00:00,50143100,50143100,0
2021-12-03 20:00:00,50143100,50143100,0
2021-12-04 04:00:00,50143100,50143100,0
2021-12-04 12:00:00,30143100,30143100,0
2021-12-04 20:00:00,30143100,30143100,0
2021-12-05 04:00:00,30143100,30143100,0
2021-12-05 12:00:00,30143100,30143100,0
2021-12-05 20:00:00,30143100,30143100,0
2021-12-06 04:00:00,30143100,30143100,0
2021-12-06 12:00:00,30143100,30143100,0
2021-12-06 20:00:00,30143100,30143100,0
2021-12-07 04:00:00,143100,143100,0
2021-12-07 12:00:00,143100,143100,0
2021-12-07 20:00:00,143100,143100,0
2021-12-08 04:00:00,143100,143100,0
2021-12-08 12:00:00,143100,143100,0
2021-12-08 20:00:00,143100,143100,0
2021-12-09 04:00:00,143100,143100,0
2021-12-09 12:00:00,143100,143100,0
2021-12-09 20:00:00,143100,143100,0
2021-12-10 04:00:00,143100,143100,0
2021-12-10 12:00:00,143100,143100,0
2021-12-10 20:00:00,143100,143100,0
2021-12-11 04:00:00,143100,143100,0
2021-12-11 12:00:00,143100,143100,0
2021-12-11 20:00:00,143100,143100,0
2021-12-12 04:00:00,143100,143100,0
2021-12-12 12:00:00,143100,143100,0
2021-12-12 20:00:00,143100,143100,0
2021-12-13 04:00:00,143100,143100,0
2021-12-13 12:00:00,143100,143100,0
2021-12-13 20:00:00,143100,143100,0
2021-12-14 04:00:00,143100,143100,0
2021-12-14 12:00:00,143100,143100,0
2021-12-14 20:00:00,143100,143100,0
2021-12-15 04:00:00,143100,143100,0
2021-12-15 12:00:00,143100,143100,0
2021-12-15 20:00:00,143100,143100,0
2021-12-16 04:00:00,143100,143100,0
2021-12-16 12:00:00,143100,143100,0
2021-12-16 20:00:00,143100,143100,0
2021-12-17 04:00:00,143100,143100,0
2021-12-17 12:00:00,143100,143100,0
2021-12-17 20:00:00,143100,143100,0
2021-12-18 04:00:00,143100,143100,0
2021-12-18 12:00:00,143100,143100,0
2021-12-18 20:00:00,143100,143100,0
2021-12-19 04:00:00,143100,143100,0
2021-12-19 12:00:00,143100,143100,0
2021-12-19 20:00:00,143100,143100,0
2021-12-20 04:00:00,143100,143100,0
2021-12-20 12:00:00,143100,143100,0
2021-12-20 20:00:00,10919900,10919900,0
2021-12-21 04:00:00,10919900,10919900,0
2021-12-21 12:00:00,10919900,10919900,0
2021-12-21 20:00:00,10919900,10919900,0
2021-12-22 04:00:00,10919900,10919900,0
2021-12-22 12:00:00,10919900,10919900,0
2021-12-22 20:00:00,10919900,10919900,0
2021-12-23 04:00:00,6941200,6941200,0
2021-12-23 12:00:00,6941200,6941200,0
2021-12-23 20:00:00,919900,919900,0
2021-12-24 04:00:00,5001100,-5001100,0
2021-12-24 12:00:00,29080100,-29080100,0
2021-12-24 20:00:00,29080100,-29080100,0
2021-12-25 04:00:00,29080100,-29080100,0
2021-12-25 12:00:00,29080100,-29080100,0
2021-12-25 20:00:00,29080100,-29080100,0
2021-12-26 04:00:00,29080100,-29080100,0
2021-12-26 12:00:00,29080100,-29080100,0
2021-12-26 20:00:00,29080100,-29080100,0
2021-12-27 04:00:00,29080100,-29080100,0
2021-12-27 12:00:00,29080100,-29080100,0
2021-12-27 20:00:00,29080100,-29080100,0
2021-12-28 04:00:00,29080100,-29080100,0
2021-12-28 12:00:00,29080100,-29080100,0
2021-12-28 20:00:00,29080100,-29080100,0
2021-12-29 04:00:00,29080100,-29080100,0
2021-12-29 12:00:00,29080100,-29080100,0
2021-12-29 20:00:00,29080100,-29080100,0
2021-12-30 04:00:00,29080100,-29080100,0
2021-12-30 12:00:00,29080100,-29080100,0
2021-12-30 20:00:00,29080100,-29080100,0
2021-12-31 04:00:00,29080100,-29080100,0
2021-12-31 12:00:00,29080100,-29080100,0
2021-12-31 20:00:00,29080100,-29080100,0
